title,slug,kind,country_iso2,country,chart_places,peak_rank,first_week,last_week
(Girl)Friend,girl-friend,Films,FR,France,2,2,2023-08-13,2023-08-20
(Girl)Friend,girl-friend,Films,GP,Guadeloupe,1,7,2023-08-13,2023-08-13
(Girl)Friend,girl-friend,Films,MQ,Martinique,1,10,2023-08-13,2023-08-13
(Girl)Friend,girl-friend,Films,NC,New Caledonia,2,5,2023-08-13,2023-08-20
(Girl)Friend,girl-friend,Films,RE,Réunion,2,4,2023-08-13,2023-08-20
12.12: The Day,12-12-the-day,Films,KR,South Korea,12,1,2024-05-12,2024-12-22
18 Again,18-again,TV,HK,Hong Kong,3,9,2022-11-13,2022-11-27
18 Again,18-again,TV,KR,South Korea,3,4,2022-01-30,2022-02-13
18 Again,18-again,TV,TH,Thailand,1,5,2023-04-09,2023-04-09
1987: When the Day Comes,1987-when-the-day-comes,Films,KR,South Korea,1,9,2023-12-10,2023-12-10
200 Pounds Beauty,200-pounds-beauty,Films,KR,South Korea,1,4,2024-03-31,2024-03-31
200 Pounds Beauty,200-pounds-beauty,Films,TW,Taiwan,1,6,2021-11-21,2021-11-21
20th Century Girl,20th-century-girl,Films,AR,Argentina,1,9,2022-10-30,2022-10-30
20th Century Girl,20th-century-girl,Films,BH,Bahrain,1,6,2022-10-30,2022-10-30
20th Century Girl,20th-century-girl,Films,BD,Bangladesh,3,3,2022-10-23,2022-11-06
20th Century Girl,20th-century-girl,Films,BO,Bolivia,3,2,2022-10-23,2022-11-06
20th Century Girl,20th-century-girl,Films,BR,Brazil,2,8,2022-10-23,2022-10-30
20th Century Girl,20th-century-girl,Films,BG,Bulgaria,1,9,2022-10-30,2022-10-30
20th Century Girl,20th-century-girl,Films,CL,Chile,3,4,2022-10-23,2022-11-06
20th Century Girl,20th-century-girl,Films,CO,Colombia,3,3,2022-10-23,2022-11-06
20th Century Girl,20th-century-girl,Films,CR,Costa Rica,3,3,2022-10-23,2022-11-06
20th Century Girl,20th-century-girl,Films,DO,Dominican Republic,3,3,2022-10-23,2022-11-06
20th Century Girl,20th-century-girl,Films,EC,Ecuador,3,2,2022-10-23,2022-11-06
20th Century Girl,20th-century-girl,Films,EG,Egypt,1,9,2022-10-30,2022-10-30
20th Century Girl,20th-century-girl,Films,SV,El Salvador,3,2,2022-10-23,2022-11-06
20th Century Girl,20th-century-girl,Films,GT,Guatemala,3,2,2022-10-23,2022-11-06
20th Century Girl,20th-century-girl,Films,HN,Honduras,3,2,2022-10-23,2022-11-06
20th Century Girl,20th-century-girl,Films,HK,Hong Kong,3,2,2022-10-23,2022-11-06
20th Century Girl,20th-century-girl,Films,HU,Hungary,1,9,2022-10-30,2022-10-30
20th Century Girl,20th-century-girl,Films,IN,India,1,5,2022-10-30,2022-10-30
20th Century Girl,20th-century-girl,Films,ID,Indonesia,4,1,2022-10-23,2022-11-13
20th Century Girl,20th-century-girl,Films,JP,Japan,3,1,2022-10-23,2022-11-06
20th Century Girl,20th-century-girl,Films,JO,Jordan,1,7,2022-10-30,2022-10-30
20th Century Girl,20th-century-girl,Films,KW,Kuwait,1,7,2022-10-30,2022-10-30
20th Century Girl,20th-century-girl,Films,LB,Lebanon,1,9,2022-10-30,2022-10-30
20th Century Girl,20th-century-girl,Films,MY,Malaysia,3,2,2022-10-23,2022-11-06
20th Century Girl,20th-century-girl,Films,MV,Maldives,3,3,2022-10-23,2022-11-06
20th Century Girl,20th-century-girl,Films,MX,Mexico,3,4,2022-10-23,2022-11-06
20th Century Girl,20th-century-girl,Films,MA,Morocco,2,5,2022-10-23,2022-10-30
20th Century Girl,20th-century-girl,Films,NI,Nicaragua,3,2,2022-10-23,2022-11-06
20th Century Girl,20th-century-girl,Films,NG,Nigeria,1,5,2022-10-30,2022-10-30
20th Century Girl,20th-century-girl,Films,OM,Oman,2,6,2022-10-30,2022-11-06
20th Century Girl,20th-century-girl,Films,PK,Pakistan,1,5,2022-10-30,2022-10-30
20th Century Girl,20th-century-girl,Films,PA,Panama,3,4,2022-10-23,2022-11-06
20th Century Girl,20th-century-girl,Films,PY,Paraguay,3,4,2022-10-23,2022-11-06
20th Century Girl,20th-century-girl,Films,PE,Peru,3,2,2022-10-23,2022-11-06
20th Century Girl,20th-century-girl,Films,PH,Philippines,3,2,2022-10-23,2022-11-06
20th Century Girl,20th-century-girl,Films,PT,Portugal,1,10,2022-10-30,2022-10-30
20th Century Girl,20th-century-girl,Films,QA,Qatar,2,5,2022-10-23,2022-10-30
20th Century Girl,20th-century-girl,Films,SA,Saudi Arabia,3,5,2022-10-23,2022-11-06
20th Century Girl,20th-century-girl,Films,SG,Singapore,3,3,2022-10-23,2022-11-06
20th Century Girl,20th-century-girl,Films,KR,South Korea,6,1,2022-10-23,2022-11-27
20th Century Girl,20th-century-girl,Films,LK,Sri Lanka,2,3,2022-10-23,2022-10-30
20th Century Girl,20th-century-girl,Films,TW,Taiwan,4,1,2022-10-23,2022-11-13
20th Century Girl,20th-century-girl,Films,TH,Thailand,3,2,2022-10-23,2022-11-06
20th Century Girl,20th-century-girl,Films,AE,United Arab Emirates,2,5,2022-10-23,2022-10-30
20th Century Girl,20th-century-girl,Films,VE,Venezuela,3,5,2022-10-23,2022-11-06
20th Century Girl,20th-century-girl,Films,VN,Vietnam,4,1,2022-10-23,2022-11-20
6/45,6-45,Films,KR,South Korea,2,5,2025-07-06,2025-07-13
6/45,6-45,Films,VN,Vietnam,5,1,2023-08-06,2023-09-03
8MM,8mm,Films,BG,Bulgaria,2,10,2023-07-02,2023-07-09
8MM,8mm,Films,CY,Cyprus,1,8,2023-04-23,2023-04-23
8MM,8mm,Films,FI,Finland,1,9,2021-09-12,2021-09-12
8MM,8mm,Films,GR,Greece,1,4,2023-04-23,2023-04-23
8MM,8mm,Films,HK,Hong Kong,1,10,2025-06-08,2025-06-08
8MM,8mm,Films,IS,Iceland,1,8,2025-05-11,2025-05-11
8MM,8mm,Films,NO,Norway,2,9,2021-09-05,2021-09-12
8MM,8mm,Films,RE,Réunion,1,10,2022-09-25,2022-09-25
8MM,8mm,Films,SE,Sweden,2,9,2021-09-05,2021-09-12
8MM,8mm,Films,TW,Taiwan,1,9,2025-06-08,2025-06-08
8MM,8mm,Films,VN,Vietnam,1,8,2025-06-08,2025-06-08
A Business Proposal,a-business-proposal,Films,ID,Indonesia,4,1,2025-06-15,2025-07-06
A Business Proposal,a-business-proposal,Films,MY,Malaysia,2,8,2025-06-15,2025-06-22
A Company Man,a-company-man,Films,KR,South Korea,4,4,2025-06-15,2026-07-12
A Confession,a-confession,TV,IE,Ireland,4,3,2024-10-06,2024-10-27
A Confession,a-confession,TV,GB,United Kingdom,2,4,2024-10-06,2024-10-13
A Family,a-family,Films,JP,Japan,2,6,2022-04-03,2022-10-23
A Family,a-family,Films,KR,South Korea,2,3,2021-07-11,2021-07-18
A Girl at My Door,a-girl-at-my-door,Films,TW,Taiwan,1,5,2025-10-05,2025-10-05
A Good Day to Be a Dog,a-good-day-to-be-a-dog,TV,KR,South Korea,6,3,2023-10-15,2023-11-26
A Hard Day,a-hard-day,Films,JP,Japan,1,8,2023-04-30,2023-04-30
A Hard Day,a-hard-day,Films,PH,Philippines,2,2,2022-05-01,2022-05-08
A Journey,a-journey,Films,AR,Argentina,1,10,2024-04-21,2024-04-21
A Journey,a-journey,Films,CL,Chile,1,7,2024-04-21,2024-04-21
A Journey,a-journey,Films,CO,Colombia,1,7,2024-04-21,2024-04-21
A Journey,a-journey,Films,CR,Costa Rica,1,6,2024-04-21,2024-04-21
A Journey,a-journey,Films,EC,Ecuador,1,7,2024-04-21,2024-04-21
A Journey,a-journey,Films,SV,El Salvador,1,10,2024-04-21,2024-04-21
A Journey,a-journey,Films,GT,Guatemala,1,6,2024-04-21,2024-04-21
A Journey,a-journey,Films,HN,Honduras,1,7,2024-04-21,2024-04-21
A Journey,a-journey,Films,MX,Mexico,1,9,2024-04-21,2024-04-21
A Journey,a-journey,Films,NI,Nicaragua,1,9,2024-04-21,2024-04-21
A Journey,a-journey,Films,PA,Panama,1,8,2024-04-21,2024-04-21
A Journey,a-journey,Films,PY,Paraguay,1,9,2024-04-21,2024-04-21
A Journey,a-journey,Films,PE,Peru,1,6,2024-04-21,2024-04-21
A Journey,a-journey,Films,PH,Philippines,4,1,2024-04-14,2024-05-05
A Journey,a-journey,Films,QA,Qatar,2,3,2024-04-14,2024-04-21
A Journey,a-journey,Films,AE,United Arab Emirates,2,5,2024-04-14,2024-04-21
A Journey,a-journey,Films,UY,Uruguay,1,10,2024-04-21,2024-04-21
A Journey,a-journey,Films,VE,Venezuela,2,6,2024-04-21,2024-04-28
A Killer Paradox,a-killer-paradox,TV,AU,Australia,1,9,2024-02-18,2024-02-18
A Killer Paradox,a-killer-paradox,TV,BH,Bahrain,2,6,2024-02-11,2024-02-18
A Killer Paradox,a-killer-paradox,TV,BD,Bangladesh,4,1,2024-02-11,2024-03-03
A Killer Paradox,a-killer-paradox,TV,BO,Bolivia,2,4,2024-02-11,2024-02-18
A Killer Paradox,a-killer-paradox,TV,CA,Canada,1,10,2024-02-18,2024-02-18
A Killer Paradox,a-killer-paradox,TV,CL,Chile,1,9,2024-02-18,2024-02-18
A Killer Paradox,a-killer-paradox,TV,CO,Colombia,1,7,2024-02-18,2024-02-18
A Killer Paradox,a-killer-paradox,TV,DO,Dominican Republic,1,9,2024-02-11,2024-02-11
A Killer Paradox,a-killer-paradox,TV,EC,Ecuador,1,9,2024-02-18,2024-02-18
A Killer Paradox,a-killer-paradox,TV,FR,France,1,7,2024-02-18,2024-02-18
A Killer Paradox,a-killer-paradox,TV,GP,Guadeloupe,1,10,2024-02-18,2024-02-18
A Killer Paradox,a-killer-paradox,TV,HN,Honduras,1,8,2024-02-18,2024-02-18
A Killer Paradox,a-killer-paradox,TV,HK,Hong Kong,4,2,2024-02-11,2024-03-03
A Killer Paradox,a-killer-paradox,TV,IN,India,3,1,2024-02-11,2024-02-25
A Killer Paradox,a-killer-paradox,TV,ID,Indonesia,4,1,2024-02-11,2024-03-03
A Killer Paradox,a-killer-paradox,TV,JP,Japan,1,3,2024-02-18,2024-02-18
A Killer Paradox,a-killer-paradox,TV,JO,Jordan,1,6,2024-02-18,2024-02-18
A Killer Paradox,a-killer-paradox,TV,KW,Kuwait,1,3,2024-02-18,2024-02-18
A Killer Paradox,a-killer-paradox,TV,LU,Luxembourg,1,10,2024-02-18,2024-02-18
A Killer Paradox,a-killer-paradox,TV,MY,Malaysia,4,1,2024-02-11,2024-03-03
A Killer Paradox,a-killer-paradox,TV,MV,Maldives,2,4,2024-02-18,2024-02-25
A Killer Paradox,a-killer-paradox,TV,MQ,Martinique,1,10,2024-02-18,2024-02-18
A Killer Paradox,a-killer-paradox,TV,MU,Mauritius,1,8,2024-02-18,2024-02-18
A Killer Paradox,a-killer-paradox,TV,MA,Morocco,1,5,2024-02-18,2024-02-18
A Killer Paradox,a-killer-paradox,TV,NC,New Caledonia,1,9,2024-02-18,2024-02-18
A Killer Paradox,a-killer-paradox,TV,NI,Nicaragua,1,10,2024-02-18,2024-02-18
A Killer Paradox,a-killer-paradox,TV,NG,Nigeria,1,7,2024-02-18,2024-02-18
A Killer Paradox,a-killer-paradox,TV,OM,Oman,2,4,2024-02-11,2024-02-18
A Killer Paradox,a-killer-paradox,TV,PK,Pakistan,4,1,2024-02-11,2024-03-03
A Killer Paradox,a-killer-paradox,TV,PA,Panama,1,10,2024-02-18,2024-02-18
A Killer Paradox,a-killer-paradox,TV,PY,Paraguay,1,9,2024-02-18,2024-02-18
A Killer Paradox,a-killer-paradox,TV,PE,Peru,1,3,2024-02-18,2024-02-18
A Killer Paradox,a-killer-paradox,TV,PH,Philippines,4,1,2024-02-11,2024-03-03
A Killer Paradox,a-killer-paradox,TV,QA,Qatar,2,3,2024-02-11,2024-02-18
A Killer Paradox,a-killer-paradox,TV,RE,Réunion,1,5,2024-02-18,2024-02-18
A Killer Paradox,a-killer-paradox,TV,SA,Saudi Arabia,3,3,2024-02-11,2024-02-25
A Killer Paradox,a-killer-paradox,TV,SG,Singapore,4,1,2024-02-11,2024-03-03
A Killer Paradox,a-killer-paradox,TV,KR,South Korea,10,1,2024-02-11,2024-04-14
A Killer Paradox,a-killer-paradox,TV,LK,Sri Lanka,1,6,2024-02-18,2024-02-18
A Killer Paradox,a-killer-paradox,TV,TW,Taiwan,4,2,2024-02-11,2024-03-03
A Killer Paradox,a-killer-paradox,TV,TH,Thailand,4,1,2024-02-11,2024-03-03
A Killer Paradox,a-killer-paradox,TV,TR,Turkey,1,7,2024-02-18,2024-02-18
A Killer Paradox,a-killer-paradox,TV,AE,United Arab Emirates,2,5,2024-02-11,2024-02-18
A Killer Paradox,a-killer-paradox,TV,VN,Vietnam,8,1,2024-02-11,2024-03-31
A Korean Odyssey,a-korean-odyssey,TV,HK,Hong Kong,6,2,2023-03-19,2023-04-23
A Korean Odyssey,a-korean-odyssey,TV,MY,Malaysia,2,7,2021-07-04,2023-04-09
A Man of Reason,a-man-of-reason,Films,KR,South Korea,3,1,2024-05-05,2024-05-19
A Model Family,a-model-family,TV,BS,Bahamas,1,7,2022-08-21,2022-08-21
A Model Family,a-model-family,TV,GP,Guadeloupe,1,7,2022-08-21,2022-08-21
A Model Family,a-model-family,TV,HK,Hong Kong,2,4,2022-08-21,2022-08-28
A Model Family,a-model-family,TV,ID,Indonesia,2,5,2022-08-21,2022-08-28
A Model Family,a-model-family,TV,JM,Jamaica,1,8,2022-08-21,2022-08-21
A Model Family,a-model-family,TV,JP,Japan,2,4,2022-08-21,2022-08-28
A Model Family,a-model-family,TV,KE,Kenya,1,4,2022-08-21,2022-08-21
A Model Family,a-model-family,TV,MY,Malaysia,1,6,2022-08-21,2022-08-21
A Model Family,a-model-family,TV,MQ,Martinique,1,7,2022-08-21,2022-08-21
A Model Family,a-model-family,TV,MA,Morocco,1,7,2022-08-21,2022-08-21
A Model Family,a-model-family,TV,NG,Nigeria,1,9,2022-08-21,2022-08-21
A Model Family,a-model-family,TV,PH,Philippines,1,6,2022-08-21,2022-08-21
A Model Family,a-model-family,TV,QA,Qatar,1,10,2022-08-21,2022-08-21
A Model Family,a-model-family,TV,RE,Réunion,1,7,2022-08-21,2022-08-21
A Model Family,a-model-family,TV,SA,Saudi Arabia,1,8,2022-08-21,2022-08-21
A Model Family,a-model-family,TV,SG,Singapore,1,8,2022-08-21,2022-08-21
A Model Family,a-model-family,TV,KR,South Korea,4,2,2022-08-14,2022-09-04
A Model Family,a-model-family,TV,TW,Taiwan,1,7,2022-08-21,2022-08-21
A Model Family,a-model-family,TV,TH,Thailand,1,7,2022-08-21,2022-08-21
A Model Family,a-model-family,TV,VN,Vietnam,2,4,2022-08-21,2022-08-28
A Normal Family,a-normal-family,Films,TW,Taiwan,2,10,2025-12-14,2025-12-21
A Special Lady,a-special-lady,Films,KR,South Korea,2,7,2022-10-16,2022-10-23
A Time Called You,a-time-called-you,TV,BH,Bahrain,1,9,2023-09-17,2023-09-17
A Time Called You,a-time-called-you,TV,BD,Bangladesh,4,3,2023-09-10,2023-10-01
A Time Called You,a-time-called-you,TV,BO,Bolivia,1,3,2023-09-17,2023-09-17
A Time Called You,a-time-called-you,TV,BR,Brazil,1,7,2023-09-17,2023-09-17
A Time Called You,a-time-called-you,TV,CL,Chile,1,6,2023-09-17,2023-09-17
A Time Called You,a-time-called-you,TV,CO,Colombia,1,6,2023-09-17,2023-09-17
A Time Called You,a-time-called-you,TV,CR,Costa Rica,1,8,2023-09-17,2023-09-17
A Time Called You,a-time-called-you,TV,DO,Dominican Republic,1,8,2023-09-17,2023-09-17
A Time Called You,a-time-called-you,TV,EC,Ecuador,1,6,2023-09-17,2023-09-17
A Time Called You,a-time-called-you,TV,SV,El Salvador,2,6,2023-09-17,2023-09-24
A Time Called You,a-time-called-you,TV,GT,Guatemala,2,6,2023-09-17,2023-09-24
A Time Called You,a-time-called-you,TV,HN,Honduras,2,5,2023-09-17,2023-09-24
A Time Called You,a-time-called-you,TV,HK,Hong Kong,3,3,2023-09-10,2023-09-24
A Time Called You,a-time-called-you,TV,IN,India,2,4,2023-09-17,2023-09-24
A Time Called You,a-time-called-you,TV,ID,Indonesia,5,2,2023-09-10,2023-10-08
A Time Called You,a-time-called-you,TV,JP,Japan,3,3,2023-09-17,2023-10-01
A Time Called You,a-time-called-you,TV,JO,Jordan,1,9,2023-09-17,2023-09-17
A Time Called You,a-time-called-you,TV,KW,Kuwait,1,7,2023-09-17,2023-09-17
A Time Called You,a-time-called-you,TV,MY,Malaysia,4,2,2023-09-10,2023-10-01
A Time Called You,a-time-called-you,TV,MV,Maldives,1,5,2023-09-17,2023-09-17
A Time Called You,a-time-called-you,TV,MX,Mexico,2,6,2023-09-17,2023-09-24
A Time Called You,a-time-called-you,TV,NI,Nicaragua,3,4,2023-09-10,2023-09-24
A Time Called You,a-time-called-you,TV,NG,Nigeria,1,9,2023-09-17,2023-09-17
A Time Called You,a-time-called-you,TV,OM,Oman,1,6,2023-09-17,2023-09-17
A Time Called You,a-time-called-you,TV,PK,Pakistan,2,5,2023-09-17,2023-09-24
A Time Called You,a-time-called-you,TV,PY,Paraguay,1,7,2023-09-17,2023-09-17
A Time Called You,a-time-called-you,TV,PE,Peru,2,3,2023-09-17,2023-09-24
A Time Called You,a-time-called-you,TV,PH,Philippines,4,2,2023-09-10,2023-10-01
A Time Called You,a-time-called-you,TV,QA,Qatar,1,5,2023-09-17,2023-09-17
A Time Called You,a-time-called-you,TV,SA,Saudi Arabia,1,7,2023-09-17,2023-09-17
A Time Called You,a-time-called-you,TV,SG,Singapore,3,2,2023-09-10,2023-09-24
A Time Called You,a-time-called-you,TV,KR,South Korea,5,1,2023-09-10,2023-10-08
A Time Called You,a-time-called-you,TV,LK,Sri Lanka,1,6,2023-09-17,2023-09-17
A Time Called You,a-time-called-you,TV,TW,Taiwan,3,3,2023-09-10,2023-09-24
A Time Called You,a-time-called-you,TV,TH,Thailand,3,3,2023-09-10,2023-09-24
A Time Called You,a-time-called-you,TV,AE,United Arab Emirates,1,8,2023-09-17,2023-09-17
A Time Called You,a-time-called-you,TV,VE,Venezuela,1,7,2023-09-17,2023-09-17
A Time Called You,a-time-called-you,TV,VN,Vietnam,3,3,2023-09-10,2023-09-24
A Violent Prosecutor,a-violent-prosecutor,Films,KR,South Korea,1,7,2021-09-19,2021-09-19
A Virtuous Business,a-virtuous-business,TV,BO,Bolivia,6,6,2024-11-17,2024-12-22
A Virtuous Business,a-virtuous-business,TV,CL,Chile,1,10,2024-11-17,2024-11-17
A Virtuous Business,a-virtuous-business,TV,SV,El Salvador,5,8,2024-11-17,2024-12-22
A Virtuous Business,a-virtuous-business,TV,GT,Guatemala,2,10,2024-11-24,2024-12-15
A Virtuous Business,a-virtuous-business,TV,HN,Honduras,3,9,2024-11-17,2024-12-01
A Virtuous Business,a-virtuous-business,TV,HK,Hong Kong,6,4,2024-10-20,2024-11-24
A Virtuous Business,a-virtuous-business,TV,ID,Indonesia,6,1,2024-10-20,2024-11-24
A Virtuous Business,a-virtuous-business,TV,MY,Malaysia,6,4,2024-10-20,2024-11-24
A Virtuous Business,a-virtuous-business,TV,NI,Nicaragua,4,9,2024-11-17,2024-12-15
A Virtuous Business,a-virtuous-business,TV,PE,Peru,6,6,2024-11-17,2024-12-22
A Virtuous Business,a-virtuous-business,TV,PH,Philippines,1,9,2024-11-10,2024-11-10
A Virtuous Business,a-virtuous-business,TV,SA,Saudi Arabia,1,8,2024-11-03,2024-11-03
A Virtuous Business,a-virtuous-business,TV,SG,Singapore,6,3,2024-10-20,2024-11-24
A Virtuous Business,a-virtuous-business,TV,KR,South Korea,7,1,2024-10-13,2024-11-24
A Virtuous Business,a-virtuous-business,TV,TW,Taiwan,6,1,2024-10-20,2024-11-24
A Virtuous Business,a-virtuous-business,TV,VE,Venezuela,1,9,2024-11-17,2024-11-17
A Virtuous Business,a-virtuous-business,TV,VN,Vietnam,6,2,2024-10-20,2024-11-24
A Wedding Invitation,a-wedding-invitation,Films,TW,Taiwan,2,5,2025-02-09,2025-02-16
A Werewolf Boy,a-werewolf-boy,Films,HK,Hong Kong,1,7,2021-09-05,2021-09-05
A Werewolf Boy,a-werewolf-boy,Films,TW,Taiwan,1,4,2021-09-05,2021-09-05
A Werewolf Boy,a-werewolf-boy,Films,TH,Thailand,1,10,2021-09-05,2021-09-05
A Woman's Life,a-woman-s-life,Films,SA,Saudi Arabia,3,5,2023-01-15,2023-01-29
A Wonderful World,a-wonderful-world,Films,MX,Mexico,2,1,2025-02-16,2025-02-23
A Year-End Medley,a-year-end-medley,TV,JP,Japan,1,8,2024-06-16,2024-06-16
About Family,about-family,Films,KR,South Korea,9,1,2025-04-13,2025-06-08
Abyss,abyss,TV,ID,Indonesia,3,8,2022-03-20,2022-04-03
Addicted,addicted,Films,BG,Bulgaria,1,5,2023-06-18,2023-06-18
Addicted,addicted,Films,HR,Croatia,2,2,2023-06-18,2023-06-25
Addicted,addicted,Films,CZ,Czech Republic,2,2,2023-06-18,2023-06-25
Addicted,addicted,Films,DK,Denmark,1,10,2021-12-05,2021-12-05
Addicted,addicted,Films,DO,Dominican Republic,1,8,2023-07-23,2023-07-23
Addicted,addicted,Films,FI,Finland,2,9,2021-12-05,2021-12-12
Addicted,addicted,Films,HU,Hungary,2,4,2023-06-18,2023-06-25
Addicted,addicted,Films,IL,Israel,3,2,2022-11-06,2022-11-20
Addicted,addicted,Films,JM,Jamaica,2,5,2023-07-23,2023-07-30
Addicted,addicted,Films,KE,Kenya,2,5,2023-01-08,2023-01-15
Addicted,addicted,Films,MU,Mauritius,2,6,2023-01-08,2023-01-15
Addicted,addicted,Films,NG,Nigeria,3,3,2023-01-08,2023-01-22
Addicted,addicted,Films,RO,Romania,2,2,2023-06-18,2023-06-25
Addicted,addicted,Films,RS,Serbia,2,2,2023-06-18,2023-06-25
Addicted,addicted,Films,SK,Slovakia,2,4,2023-06-18,2023-06-25
Addicted,addicted,Films,SI,Slovenia,2,3,2023-06-18,2023-06-25
Addicted,addicted,Films,ZA,South Africa,1,4,2023-01-08,2023-01-08
Addicted,addicted,Films,SE,Sweden,1,10,2021-12-05,2021-12-05
Addicted,addicted,Films,TT,Trinidad and Tobago,1,10,2023-07-23,2023-07-23
Aema,aema,TV,ID,Indonesia,1,8,2025-08-31,2025-08-31
Aema,aema,TV,SG,Singapore,1,8,2025-08-31,2025-08-31
Aema,aema,TV,KR,South Korea,5,2,2025-08-24,2025-09-21
Aema,aema,TV,TH,Thailand,1,8,2025-08-31,2025-08-31
Aema,aema,TV,VN,Vietnam,1,6,2025-08-31,2025-08-31
Agency,agency,TV,HK,Hong Kong,2,5,2023-06-04,2023-06-11
Agency,agency,TV,ID,Indonesia,4,3,2023-06-04,2023-06-25
Agency,agency,TV,MY,Malaysia,2,6,2023-06-04,2023-06-11
Agency,agency,TV,NG,Nigeria,1,10,2023-06-11,2023-06-11
Agency,agency,TV,PE,Peru,1,10,2023-06-11,2023-06-11
Agency,agency,TV,PH,Philippines,1,5,2023-06-11,2023-06-11
Agency,agency,TV,SG,Singapore,3,5,2023-06-04,2023-06-18
Agency,agency,TV,KR,South Korea,4,2,2023-03-26,2023-04-16
Agency,agency,TV,TW,Taiwan,2,4,2023-06-04,2023-06-11
Agency,agency,TV,TH,Thailand,4,6,2023-06-04,2023-06-25
Agency,agency,TV,VN,Vietnam,5,3,2023-06-04,2023-07-02
Agent Kim Reactivated,agent-kim-reactivated,TV,AR,Argentina,6,6,2026-06-28,2026-08-02
Agent Kim Reactivated,agent-kim-reactivated,TV,AU,Australia,4,6,2026-07-05,2026-07-26
Agent Kim Reactivated,agent-kim-reactivated,TV,AT,Austria,2,8,2026-06-28,2026-07-05
Agent Kim Reactivated,agent-kim-reactivated,TV,BS,Bahamas,5,4,2026-06-28,2026-07-26
Agent Kim Reactivated,agent-kim-reactivated,TV,BH,Bahrain,8,1,2026-06-28,2026-08-16
Agent Kim Reactivated,agent-kim-reactivated,TV,BD,Bangladesh,8,2,2026-06-28,2026-08-16
Agent Kim Reactivated,agent-kim-reactivated,TV,BE,Belgium,4,8,2026-07-05,2026-07-26
Agent Kim Reactivated,agent-kim-reactivated,TV,BO,Bolivia,8,1,2026-06-28,2026-08-16
Agent Kim Reactivated,agent-kim-reactivated,TV,BR,Brazil,5,3,2026-06-28,2026-07-26
Agent Kim Reactivated,agent-kim-reactivated,TV,BG,Bulgaria,2,7,2026-07-05,2026-07-19
Agent Kim Reactivated,agent-kim-reactivated,TV,CA,Canada,4,7,2026-06-28,2026-07-19
Agent Kim Reactivated,agent-kim-reactivated,TV,CL,Chile,7,3,2026-06-28,2026-08-09
Agent Kim Reactivated,agent-kim-reactivated,TV,CO,Colombia,6,4,2026-06-28,2026-08-02
Agent Kim Reactivated,agent-kim-reactivated,TV,CR,Costa Rica,6,4,2026-06-28,2026-08-02
Agent Kim Reactivated,agent-kim-reactivated,TV,HR,Croatia,1,10,2026-07-05,2026-07-05
Agent Kim Reactivated,agent-kim-reactivated,TV,CY,Cyprus,5,7,2026-06-28,2026-07-26
Agent Kim Reactivated,agent-kim-reactivated,TV,DO,Dominican Republic,6,2,2026-06-28,2026-08-02
Agent Kim Reactivated,agent-kim-reactivated,TV,EC,Ecuador,6,2,2026-06-28,2026-08-02
Agent Kim Reactivated,agent-kim-reactivated,TV,EG,Egypt,8,2,2026-06-28,2026-08-16
Agent Kim Reactivated,agent-kim-reactivated,TV,SV,El Salvador,7,2,2026-06-28,2026-08-09
Agent Kim Reactivated,agent-kim-reactivated,TV,FI,Finland,2,7,2026-07-05,2026-07-19
Agent Kim Reactivated,agent-kim-reactivated,TV,FR,France,7,5,2026-06-28,2026-08-09
Agent Kim Reactivated,agent-kim-reactivated,TV,DE,Germany,4,5,2026-06-28,2026-07-19
Agent Kim Reactivated,agent-kim-reactivated,TV,GR,Greece,6,6,2026-06-28,2026-08-02
Agent Kim Reactivated,agent-kim-reactivated,TV,GP,Guadeloupe,7,1,2026-06-28,2026-08-09
Agent Kim Reactivated,agent-kim-reactivated,TV,GT,Guatemala,6,4,2026-06-28,2026-08-02
Agent Kim Reactivated,agent-kim-reactivated,TV,HN,Honduras,6,2,2026-06-28,2026-08-02
Agent Kim Reactivated,agent-kim-reactivated,TV,HK,Hong Kong,8,1,2026-06-28,2026-08-16
Agent Kim Reactivated,agent-kim-reactivated,TV,IS,Iceland,1,9,2026-07-05,2026-07-05
Agent Kim Reactivated,agent-kim-reactivated,TV,IN,India,6,4,2026-06-28,2026-08-02
Agent Kim Reactivated,agent-kim-reactivated,TV,ID,Indonesia,8,1,2026-06-28,2026-08-16
Agent Kim Reactivated,agent-kim-reactivated,TV,IL,Israel,5,4,2026-06-28,2026-07-26
Agent Kim Reactivated,agent-kim-reactivated,TV,IT,Italy,5,5,2026-06-28,2026-07-26
Agent Kim Reactivated,agent-kim-reactivated,TV,JM,Jamaica,6,3,2026-06-28,2026-08-02
Agent Kim Reactivated,agent-kim-reactivated,TV,JP,Japan,6,2,2026-06-28,2026-08-02
Agent Kim Reactivated,agent-kim-reactivated,TV,JO,Jordan,8,2,2026-06-28,2026-08-16
Agent Kim Reactivated,agent-kim-reactivated,TV,KE,Kenya,7,2,2026-06-28,2026-08-09
Agent Kim Reactivated,agent-kim-reactivated,TV,KW,Kuwait,8,1,2026-06-28,2026-08-16
Agent Kim Reactivated,agent-kim-reactivated,TV,LB,Lebanon,6,3,2026-06-28,2026-08-02
Agent Kim Reactivated,agent-kim-reactivated,TV,LU,Luxembourg,6,4,2026-06-28,2026-08-02
Agent Kim Reactivated,agent-kim-reactivated,TV,MY,Malaysia,8,1,2026-06-28,2026-08-16
Agent Kim Reactivated,agent-kim-reactivated,TV,MV,Maldives,7,2,2026-06-28,2026-08-09
Agent Kim Reactivated,agent-kim-reactivated,TV,MT,Malta,3,6,2026-07-05,2026-07-19
Agent Kim Reactivated,agent-kim-reactivated,TV,MQ,Martinique,7,1,2026-06-28,2026-08-09
Agent Kim Reactivated,agent-kim-reactivated,TV,MU,Mauritius,7,1,2026-06-28,2026-08-09
Agent Kim Reactivated,agent-kim-reactivated,TV,MX,Mexico,6,4,2026-06-28,2026-08-02
Agent Kim Reactivated,agent-kim-reactivated,TV,MA,Morocco,8,1,2026-06-28,2026-08-16
Agent Kim Reactivated,agent-kim-reactivated,TV,NL,Netherlands,2,10,2026-07-05,2026-07-12
Agent Kim Reactivated,agent-kim-reactivated,TV,NC,New Caledonia,7,1,2026-06-28,2026-08-09
Agent Kim Reactivated,agent-kim-reactivated,TV,NZ,New Zealand,4,6,2026-07-05,2026-07-26
Agent Kim Reactivated,agent-kim-reactivated,TV,NI,Nicaragua,6,2,2026-06-28,2026-08-02
Agent Kim Reactivated,agent-kim-reactivated,TV,NG,Nigeria,8,1,2026-06-28,2026-08-16
Agent Kim Reactivated,agent-kim-reactivated,TV,NO,Norway,1,10,2026-07-05,2026-07-05
Agent Kim Reactivated,agent-kim-reactivated,TV,OM,Oman,8,1,2026-06-28,2026-08-16
Agent Kim Reactivated,agent-kim-reactivated,TV,PK,Pakistan,5,4,2026-07-05,2026-08-02
Agent Kim Reactivated,agent-kim-reactivated,TV,PA,Panama,6,3,2026-06-28,2026-08-02
Agent Kim Reactivated,agent-kim-reactivated,TV,PY,Paraguay,6,2,2026-06-28,2026-08-02
Agent Kim Reactivated,agent-kim-reactivated,TV,PE,Peru,8,1,2026-06-28,2026-08-16
Agent Kim Reactivated,agent-kim-reactivated,TV,PH,Philippines,8,1,2026-06-28,2026-08-16
Agent Kim Reactivated,agent-kim-reactivated,TV,PT,Portugal,5,5,2026-06-28,2026-07-26
Agent Kim Reactivated,agent-kim-reactivated,TV,QA,Qatar,8,1,2026-06-28,2026-08-16
Agent Kim Reactivated,agent-kim-reactivated,TV,RE,Réunion,7,1,2026-06-28,2026-08-09
Agent Kim Reactivated,agent-kim-reactivated,TV,RO,Romania,6,3,2026-06-28,2026-08-02
Agent Kim Reactivated,agent-kim-reactivated,TV,SA,Saudi Arabia,8,1,2026-06-28,2026-08-16
Agent Kim Reactivated,agent-kim-reactivated,TV,RS,Serbia,5,7,2026-06-28,2026-07-26
Agent Kim Reactivated,agent-kim-reactivated,TV,SG,Singapore,8,1,2026-06-28,2026-08-16
Agent Kim Reactivated,agent-kim-reactivated,TV,SI,Slovenia,1,9,2026-07-05,2026-07-05
Agent Kim Reactivated,agent-kim-reactivated,TV,ZA,South Africa,4,8,2026-06-28,2026-07-26
Agent Kim Reactivated,agent-kim-reactivated,TV,KR,South Korea,8,1,2026-06-28,2026-08-16
Agent Kim Reactivated,agent-kim-reactivated,TV,ES,Spain,2,9,2026-07-19,2026-07-26
Agent Kim Reactivated,agent-kim-reactivated,TV,LK,Sri Lanka,8,1,2026-06-28,2026-08-16
Agent Kim Reactivated,agent-kim-reactivated,TV,SE,Sweden,3,6,2026-07-05,2026-07-19
Agent Kim Reactivated,agent-kim-reactivated,TV,CH,Switzerland,4,6,2026-06-28,2026-07-19
Agent Kim Reactivated,agent-kim-reactivated,TV,TW,Taiwan,8,1,2026-06-28,2026-08-16
Agent Kim Reactivated,agent-kim-reactivated,TV,TH,Thailand,7,1,2026-06-28,2026-08-09
Agent Kim Reactivated,agent-kim-reactivated,TV,TT,Trinidad and Tobago,5,5,2026-06-28,2026-07-26
Agent Kim Reactivated,agent-kim-reactivated,TV,TR,Turkey,5,4,2026-06-28,2026-07-26
Agent Kim Reactivated,agent-kim-reactivated,TV,AE,United Arab Emirates,8,1,2026-06-28,2026-08-16
Agent Kim Reactivated,agent-kim-reactivated,TV,UY,Uruguay,1,8,2026-06-28,2026-06-28
Agent Kim Reactivated,agent-kim-reactivated,TV,VE,Venezuela,6,3,2026-06-28,2026-08-02
Agent Kim Reactivated,agent-kim-reactivated,TV,VN,Vietnam,8,1,2026-06-28,2026-08-16
Agents of Mystery,agents-of-mystery,TV,HK,Hong Kong,2,6,2024-06-23,2024-06-30
Agents of Mystery,agents-of-mystery,TV,ID,Indonesia,1,9,2024-06-23,2024-06-23
Agents of Mystery,agents-of-mystery,TV,SG,Singapore,1,7,2024-06-23,2024-06-23
Agents of Mystery,agents-of-mystery,TV,KR,South Korea,7,2,2024-06-23,2026-03-15
Alchemy of Souls,alchemy-of-souls,TV,BS,Bahamas,1,8,2022-12-18,2022-12-18
Alchemy of Souls,alchemy-of-souls,TV,BH,Bahrain,15,4,2022-07-10,2023-01-15
Alchemy of Souls,alchemy-of-souls,TV,BD,Bangladesh,18,3,2022-07-10,2023-01-22
Alchemy of Souls,alchemy-of-souls,TV,BO,Bolivia,8,5,2022-08-28,2023-02-19
Alchemy of Souls,alchemy-of-souls,TV,BR,Brazil,13,3,2022-08-28,2023-02-19
Alchemy of Souls,alchemy-of-souls,TV,CO,Colombia,4,8,2022-10-09,2023-02-19
Alchemy of Souls,alchemy-of-souls,TV,DO,Dominican Republic,9,6,2022-08-28,2023-02-19
Alchemy of Souls,alchemy-of-souls,TV,EC,Ecuador,2,9,2022-09-04,2023-01-29
Alchemy of Souls,alchemy-of-souls,TV,EG,Egypt,3,8,2022-09-04,2023-01-08
Alchemy of Souls,alchemy-of-souls,TV,SV,El Salvador,4,7,2022-09-04,2023-02-19
Alchemy of Souls,alchemy-of-souls,TV,GR,Greece,8,4,2022-08-28,2023-02-19
Alchemy of Souls,alchemy-of-souls,TV,HN,Honduras,3,8,2022-09-04,2023-02-12
Alchemy of Souls,alchemy-of-souls,TV,HK,Hong Kong,29,2,2022-06-26,2023-02-05
Alchemy of Souls,alchemy-of-souls,TV,IN,India,4,9,2022-08-28,2023-01-01
Alchemy of Souls,alchemy-of-souls,TV,ID,Indonesia,35,1,2022-06-26,2023-02-12
Alchemy of Souls,alchemy-of-souls,TV,JM,Jamaica,4,6,2022-12-11,2023-01-01
Alchemy of Souls,alchemy-of-souls,TV,JP,Japan,21,2,2022-06-26,2023-01-22
Alchemy of Souls,alchemy-of-souls,TV,JO,Jordan,1,9,2022-09-04,2022-09-04
Alchemy of Souls,alchemy-of-souls,TV,KE,Kenya,6,7,2022-08-07,2023-01-01
Alchemy of Souls,alchemy-of-souls,TV,KW,Kuwait,14,5,2022-07-17,2023-01-15
Alchemy of Souls,alchemy-of-souls,TV,MY,Malaysia,32,1,2022-06-26,2023-02-05
Alchemy of Souls,alchemy-of-souls,TV,MV,Maldives,25,2,2022-07-10,2023-01-29
Alchemy of Souls,alchemy-of-souls,TV,MU,Mauritius,4,8,2022-08-28,2023-01-01
Alchemy of Souls,alchemy-of-souls,TV,MX,Mexico,1,10,2022-10-02,2022-10-02
Alchemy of Souls,alchemy-of-souls,TV,MA,Morocco,5,7,2022-08-28,2022-10-09
Alchemy of Souls,alchemy-of-souls,TV,NZ,New Zealand,1,9,2022-09-04,2022-09-04
Alchemy of Souls,alchemy-of-souls,TV,NI,Nicaragua,3,8,2022-09-04,2023-02-19
Alchemy of Souls,alchemy-of-souls,TV,NG,Nigeria,48,1,2022-06-26,2023-03-12
Alchemy of Souls,alchemy-of-souls,TV,OM,Oman,16,4,2022-07-10,2023-01-15
Alchemy of Souls,alchemy-of-souls,TV,PA,Panama,4,8,2022-10-02,2023-02-19
Alchemy of Souls,alchemy-of-souls,TV,PE,Peru,10,4,2022-08-28,2023-02-19
Alchemy of Souls,alchemy-of-souls,TV,PH,Philippines,33,2,2022-06-26,2023-02-05
Alchemy of Souls,alchemy-of-souls,TV,PT,Portugal,1,8,2023-02-12,2023-02-12
Alchemy of Souls,alchemy-of-souls,TV,QA,Qatar,18,1,2022-07-03,2023-01-15
Alchemy of Souls,alchemy-of-souls,TV,RO,Romania,8,6,2022-09-04,2023-02-19
Alchemy of Souls,alchemy-of-souls,TV,SA,Saudi Arabia,12,5,2022-07-24,2023-01-08
Alchemy of Souls,alchemy-of-souls,TV,SG,Singapore,26,2,2022-06-26,2023-01-29
Alchemy of Souls,alchemy-of-souls,TV,KR,South Korea,25,1,2022-06-26,2023-01-22
Alchemy of Souls,alchemy-of-souls,TV,LK,Sri Lanka,19,1,2022-07-10,2023-01-15
Alchemy of Souls,alchemy-of-souls,TV,TW,Taiwan,25,2,2022-06-26,2023-01-29
Alchemy of Souls,alchemy-of-souls,TV,TH,Thailand,54,1,2022-06-26,2023-04-30
Alchemy of Souls,alchemy-of-souls,TV,TT,Trinidad and Tobago,2,7,2022-12-18,2023-01-01
Alchemy of Souls,alchemy-of-souls,TV,TR,Turkey,1,9,2022-10-02,2022-10-02
Alchemy of Souls,alchemy-of-souls,TV,AE,United Arab Emirates,18,2,2022-07-03,2023-01-15
Alchemy of Souls,alchemy-of-souls,TV,VN,Vietnam,30,1,2022-06-26,2023-01-29
Alice,alice,Films,FR,France,2,4,2023-08-27,2023-09-03
Alice,alice,Films,GP,Guadeloupe,3,1,2023-08-27,2023-09-10
Alice,alice,Films,KE,Kenya,3,2,2025-01-19,2025-02-02
Alice,alice,Films,MQ,Martinique,3,1,2023-08-27,2023-09-10
Alice,alice,Films,MU,Mauritius,1,10,2025-02-02,2025-02-02
Alice,alice,Films,MA,Morocco,1,8,2024-01-21,2024-01-21
Alice,alice,Films,NC,New Caledonia,2,6,2023-08-27,2023-09-03
Alice,alice,Films,NZ,New Zealand,1,4,2024-01-14,2024-01-14
Alice,alice,Films,NG,Nigeria,2,2,2025-01-26,2025-02-02
Alice,alice,Films,RE,Réunion,2,2,2023-08-27,2023-09-03
Alice,alice,Films,ZA,South Africa,3,3,2025-01-19,2025-02-02
Alice,alice,Films,US,United States,1,7,2025-10-05,2025-10-05
Alienoid: Return to the Future,alienoid-return-to-the-future,Films,KR,South Korea,3,2,2025-01-12,2025-01-26
Alive,alive,Films,IE,Ireland,1,9,2022-03-06,2022-03-06
Alive,alive,Films,MT,Malta,1,5,2022-03-06,2022-03-06
Alive,alive,Films,PH,Philippines,1,10,2022-11-06,2022-11-06
Alive,alive,Films,RO,Romania,1,9,2025-01-26,2025-01-26
Alive,alive,Films,SG,Singapore,1,9,2022-11-06,2022-11-06
Alive,alive,Films,GB,United Kingdom,1,9,2022-03-06,2022-03-06
All For Love,all-for-love,TV,EC,Ecuador,7,7,2021-08-29,2022-01-23
All For Love,all-for-love,TV,PA,Panama,1,9,2021-07-18,2021-07-18
All In,all-in,Films,ID,Indonesia,1,5,2024-06-16,2024-06-16
All In,all-in,Films,SG,Singapore,2,6,2024-06-09,2024-06-16
All In,all-in,Films,VN,Vietnam,1,7,2024-06-16,2024-06-16
All of Us Are Dead,all-of-us-are-dead,TV,AR,Argentina,6,2,2022-01-30,2022-03-06
All of Us Are Dead,all-of-us-are-dead,TV,AU,Australia,5,1,2022-01-30,2022-02-27
All of Us Are Dead,all-of-us-are-dead,TV,AT,Austria,5,1,2022-01-30,2022-02-27
All of Us Are Dead,all-of-us-are-dead,TV,BS,Bahamas,5,2,2022-01-30,2022-02-27
All of Us Are Dead,all-of-us-are-dead,TV,BH,Bahrain,6,1,2022-01-30,2022-03-06
All of Us Are Dead,all-of-us-are-dead,TV,BD,Bangladesh,22,1,2022-01-30,2022-10-09
All of Us Are Dead,all-of-us-are-dead,TV,BE,Belgium,6,1,2022-01-30,2022-03-06
All of Us Are Dead,all-of-us-are-dead,TV,BO,Bolivia,16,1,2022-01-30,2024-02-04
All of Us Are Dead,all-of-us-are-dead,TV,BR,Brazil,5,1,2022-01-30,2022-02-27
All of Us Are Dead,all-of-us-are-dead,TV,BG,Bulgaria,6,1,2022-01-30,2022-03-06
All of Us Are Dead,all-of-us-are-dead,TV,CA,Canada,5,1,2022-01-30,2022-02-27
All of Us Are Dead,all-of-us-are-dead,TV,CL,Chile,7,2,2022-01-30,2022-03-13
All of Us Are Dead,all-of-us-are-dead,TV,CO,Colombia,9,1,2022-01-30,2022-03-27
All of Us Are Dead,all-of-us-are-dead,TV,CR,Costa Rica,5,2,2022-01-30,2022-02-27
All of Us Are Dead,all-of-us-are-dead,TV,HR,Croatia,5,2,2022-01-30,2022-02-27
All of Us Are Dead,all-of-us-are-dead,TV,CY,Cyprus,4,4,2022-01-30,2022-02-20
All of Us Are Dead,all-of-us-are-dead,TV,CZ,Czech Republic,6,1,2022-01-30,2022-03-06
All of Us Are Dead,all-of-us-are-dead,TV,DK,Denmark,4,1,2022-01-30,2022-02-20
All of Us Are Dead,all-of-us-are-dead,TV,DO,Dominican Republic,6,2,2022-01-30,2022-03-06
All of Us Are Dead,all-of-us-are-dead,TV,EC,Ecuador,9,2,2022-01-30,2022-03-27
All of Us Are Dead,all-of-us-are-dead,TV,EG,Egypt,6,2,2022-01-30,2022-03-06
All of Us Are Dead,all-of-us-are-dead,TV,SV,El Salvador,8,2,2022-01-30,2022-03-20
All of Us Are Dead,all-of-us-are-dead,TV,EE,Estonia,5,1,2022-01-30,2022-02-27
All of Us Are Dead,all-of-us-are-dead,TV,FI,Finland,5,1,2022-01-30,2022-02-27
All of Us Are Dead,all-of-us-are-dead,TV,FR,France,6,1,2022-01-30,2022-03-06
All of Us Are Dead,all-of-us-are-dead,TV,DE,Germany,5,1,2022-01-30,2022-02-27
All of Us Are Dead,all-of-us-are-dead,TV,GR,Greece,5,1,2022-01-30,2022-02-27
All of Us Are Dead,all-of-us-are-dead,TV,GP,Guadeloupe,6,1,2022-01-30,2022-03-06
All of Us Are Dead,all-of-us-are-dead,TV,GT,Guatemala,9,2,2022-01-30,2022-03-27
All of Us Are Dead,all-of-us-are-dead,TV,HN,Honduras,9,2,2022-01-30,2022-03-27
All of Us Are Dead,all-of-us-are-dead,TV,HK,Hong Kong,7,1,2022-01-30,2022-03-13
All of Us Are Dead,all-of-us-are-dead,TV,HU,Hungary,5,1,2022-01-30,2022-02-27
All of Us Are Dead,all-of-us-are-dead,TV,IS,Iceland,3,3,2022-01-30,2022-02-13
All of Us Are Dead,all-of-us-are-dead,TV,IN,India,28,1,2022-01-30,2023-05-28
All of Us Are Dead,all-of-us-are-dead,TV,ID,Indonesia,7,1,2022-01-30,2022-03-13
All of Us Are Dead,all-of-us-are-dead,TV,IE,Ireland,4,4,2022-01-30,2022-02-20
All of Us Are Dead,all-of-us-are-dead,TV,IL,Israel,2,6,2022-02-06,2022-02-13
All of Us Are Dead,all-of-us-are-dead,TV,IT,Italy,4,1,2022-01-30,2022-02-20
All of Us Are Dead,all-of-us-are-dead,TV,JM,Jamaica,5,1,2022-01-30,2022-02-27
All of Us Are Dead,all-of-us-are-dead,TV,JP,Japan,7,1,2022-01-30,2022-03-13
All of Us Are Dead,all-of-us-are-dead,TV,JO,Jordan,5,1,2022-01-30,2022-02-27
All of Us Are Dead,all-of-us-are-dead,TV,KE,Kenya,7,1,2022-01-30,2022-03-13
All of Us Are Dead,all-of-us-are-dead,TV,KW,Kuwait,8,1,2022-01-30,2022-03-20
All of Us Are Dead,all-of-us-are-dead,TV,LV,Latvia,5,1,2022-01-30,2022-02-27
All of Us Are Dead,all-of-us-are-dead,TV,LB,Lebanon,5,1,2022-01-30,2022-02-27
All of Us Are Dead,all-of-us-are-dead,TV,LT,Lithuania,5,1,2022-01-30,2022-02-27
All of Us Are Dead,all-of-us-are-dead,TV,LU,Luxembourg,5,1,2022-01-30,2022-02-27
All of Us Are Dead,all-of-us-are-dead,TV,MY,Malaysia,10,1,2022-01-30,2022-04-03
All of Us Are Dead,all-of-us-are-dead,TV,MV,Maldives,6,1,2022-01-30,2022-03-06
All of Us Are Dead,all-of-us-are-dead,TV,MT,Malta,3,1,2022-01-30,2022-02-13
All of Us Are Dead,all-of-us-are-dead,TV,MQ,Martinique,5,1,2022-01-30,2022-02-27
All of Us Are Dead,all-of-us-are-dead,TV,MU,Mauritius,6,1,2022-01-30,2022-03-06
All of Us Are Dead,all-of-us-are-dead,TV,MX,Mexico,12,1,2022-01-30,2022-04-17
All of Us Are Dead,all-of-us-are-dead,TV,MA,Morocco,8,1,2022-01-30,2022-03-20
All of Us Are Dead,all-of-us-are-dead,TV,NL,Netherlands,2,4,2022-02-06,2022-02-13
All of Us Are Dead,all-of-us-are-dead,TV,NC,New Caledonia,6,1,2022-01-30,2022-03-06
All of Us Are Dead,all-of-us-are-dead,TV,NZ,New Zealand,5,1,2022-01-30,2022-02-27
All of Us Are Dead,all-of-us-are-dead,TV,NI,Nicaragua,8,2,2022-01-30,2022-03-27
All of Us Are Dead,all-of-us-are-dead,TV,NG,Nigeria,10,1,2022-01-30,2022-04-03
All of Us Are Dead,all-of-us-are-dead,TV,NO,Norway,5,1,2022-01-30,2022-02-27
All of Us Are Dead,all-of-us-are-dead,TV,OM,Oman,6,1,2022-01-30,2022-03-06
All of Us Are Dead,all-of-us-are-dead,TV,PK,Pakistan,24,1,2022-01-30,2023-05-21
All of Us Are Dead,all-of-us-are-dead,TV,PA,Panama,6,2,2022-01-30,2022-03-06
All of Us Are Dead,all-of-us-are-dead,TV,PY,Paraguay,6,2,2022-01-30,2022-03-06
All of Us Are Dead,all-of-us-are-dead,TV,PE,Peru,11,1,2022-01-30,2024-02-04
All of Us Are Dead,all-of-us-are-dead,TV,PH,Philippines,11,1,2022-01-30,2025-01-05
All of Us Are Dead,all-of-us-are-dead,TV,PL,Poland,4,1,2022-01-30,2022-02-20
All of Us Are Dead,all-of-us-are-dead,TV,PT,Portugal,5,2,2022-01-30,2022-02-27
All of Us Are Dead,all-of-us-are-dead,TV,QA,Qatar,6,1,2022-01-30,2022-03-06
All of Us Are Dead,all-of-us-are-dead,TV,RE,Réunion,6,1,2022-01-30,2022-03-06
All of Us Are Dead,all-of-us-are-dead,TV,RO,Romania,4,3,2022-01-30,2022-02-20
All of Us Are Dead,all-of-us-are-dead,TV,SA,Saudi Arabia,9,1,2022-01-30,2022-03-27
All of Us Are Dead,all-of-us-are-dead,TV,RS,Serbia,5,1,2022-01-30,2022-02-27
All of Us Are Dead,all-of-us-are-dead,TV,SG,Singapore,6,1,2022-01-30,2022-03-06
All of Us Are Dead,all-of-us-are-dead,TV,SK,Slovakia,6,1,2022-01-30,2022-03-06
All of Us Are Dead,all-of-us-are-dead,TV,SI,Slovenia,4,1,2022-01-30,2022-02-20
All of Us Are Dead,all-of-us-are-dead,TV,ZA,South Africa,5,2,2022-01-30,2022-02-27
All of Us Are Dead,all-of-us-are-dead,TV,KR,South Korea,6,1,2022-01-30,2022-03-06
All of Us Are Dead,all-of-us-are-dead,TV,ES,Spain,4,2,2022-01-30,2022-02-20
All of Us Are Dead,all-of-us-are-dead,TV,LK,Sri Lanka,8,1,2022-01-30,2022-04-10
All of Us Are Dead,all-of-us-are-dead,TV,SE,Sweden,5,1,2022-01-30,2022-02-27
All of Us Are Dead,all-of-us-are-dead,TV,CH,Switzerland,5,1,2022-01-30,2022-02-27
All of Us Are Dead,all-of-us-are-dead,TV,TW,Taiwan,6,1,2022-01-30,2022-03-06
All of Us Are Dead,all-of-us-are-dead,TV,TH,Thailand,9,1,2022-01-30,2022-03-27
All of Us Are Dead,all-of-us-are-dead,TV,TT,Trinidad and Tobago,5,2,2022-01-30,2022-02-27
All of Us Are Dead,all-of-us-are-dead,TV,TR,Turkey,7,1,2022-01-30,2022-03-13
All of Us Are Dead,all-of-us-are-dead,TV,UA,Ukraine,2,3,2022-02-06,2022-02-13
All of Us Are Dead,all-of-us-are-dead,TV,AE,United Arab Emirates,6,1,2022-01-30,2022-03-06
All of Us Are Dead,all-of-us-are-dead,TV,GB,United Kingdom,5,1,2022-01-30,2022-02-27
All of Us Are Dead,all-of-us-are-dead,TV,US,United States,5,1,2022-01-30,2022-02-27
All of Us Are Dead,all-of-us-are-dead,TV,UY,Uruguay,4,2,2022-01-30,2022-02-20
All of Us Are Dead,all-of-us-are-dead,TV,VE,Venezuela,6,2,2022-01-30,2022-03-06
All of Us Are Dead,all-of-us-are-dead,TV,VN,Vietnam,8,1,2022-01-30,2022-03-20
Aloners,aloners,Films,KR,South Korea,3,3,2021-08-22,2021-09-05
Along with the Gods: The Last 49 Days,along-with-the-gods-the-last-49-days,Films,HK,Hong Kong,1,10,2022-01-30,2022-01-30
Along with the Gods: The Last 49 Days,along-with-the-gods-the-last-49-days,Films,JP,Japan,1,8,2022-01-02,2022-01-02
Along with the Gods: The Last 49 Days,along-with-the-gods-the-last-49-days,Films,VN,Vietnam,1,9,2022-08-14,2022-08-14
Along with the Gods: The Two Worlds,along-with-the-gods-the-two-worlds,Films,JP,Japan,2,5,2021-12-26,2022-01-02
Along with the Gods: The Two Worlds,along-with-the-gods-the-two-worlds,Films,VN,Vietnam,1,8,2022-08-14,2022-08-14
Amazon Bullseye,amazon-bullseye,Films,KR,South Korea,6,1,2025-01-26,2025-03-02
Anarchist from Colony,anarchist-from-colony,Films,KR,South Korea,1,6,2022-03-20,2022-03-20
Anchor,anchor,Films,TH,Thailand,1,9,2023-04-02,2023-04-02
Angel Eyes,angel-eyes,Films,AU,Australia,1,4,2022-06-05,2022-06-05
Angel Eyes,angel-eyes,Films,BS,Bahamas,1,8,2022-08-14,2022-08-14
Angel Eyes,angel-eyes,Films,CA,Canada,2,6,2022-07-03,2022-07-10
Angel Eyes,angel-eyes,Films,CY,Cyprus,2,8,2026-05-10,2026-05-17
Angel Eyes,angel-eyes,Films,FR,France,1,5,2026-07-05,2026-07-05
Angel Eyes,angel-eyes,Films,GR,Greece,2,5,2026-05-10,2026-05-17
Angel Eyes,angel-eyes,Films,GP,Guadeloupe,2,6,2026-07-05,2026-07-12
Angel Eyes,angel-eyes,Films,IS,Iceland,1,5,2021-11-07,2021-11-07
Angel Eyes,angel-eyes,Films,IE,Ireland,2,3,2022-08-07,2022-08-14
Angel Eyes,angel-eyes,Films,IL,Israel,1,7,2026-05-17,2026-05-17
Angel Eyes,angel-eyes,Films,IT,Italy,1,7,2026-07-05,2026-07-05
Angel Eyes,angel-eyes,Films,JM,Jamaica,2,4,2022-08-14,2023-05-21
Angel Eyes,angel-eyes,Films,LB,Lebanon,1,7,2026-05-17,2026-05-17
Angel Eyes,angel-eyes,Films,MT,Malta,2,8,2026-05-10,2026-05-17
Angel Eyes,angel-eyes,Films,MQ,Martinique,2,6,2026-07-05,2026-07-12
Angel Eyes,angel-eyes,Films,MA,Morocco,1,7,2026-05-17,2026-05-17
Angel Eyes,angel-eyes,Films,NL,Netherlands,1,7,2022-04-10,2022-04-10
Angel Eyes,angel-eyes,Films,NC,New Caledonia,2,6,2026-07-05,2026-07-12
Angel Eyes,angel-eyes,Films,NZ,New Zealand,1,3,2022-07-03,2022-07-03
Angel Eyes,angel-eyes,Films,PL,Poland,1,9,2022-05-22,2022-05-22
Angel Eyes,angel-eyes,Films,PT,Portugal,1,10,2026-05-17,2026-05-17
Angel Eyes,angel-eyes,Films,RE,Réunion,1,8,2026-07-05,2026-07-05
Angel Eyes,angel-eyes,Films,RO,Romania,3,5,2022-05-22,2026-05-17
Angel Eyes,angel-eyes,Films,ZA,South Africa,1,10,2021-11-14,2021-11-14
Angel Eyes,angel-eyes,Films,KR,South Korea,1,10,2026-05-17,2026-05-17
Angel Eyes,angel-eyes,Films,ES,Spain,2,6,2026-05-10,2026-05-17
Angel Eyes,angel-eyes,Films,TT,Trinidad and Tobago,1,7,2022-08-14,2022-08-14
Angel Eyes,angel-eyes,Films,GB,United Kingdom,1,4,2022-08-07,2022-08-07
Another Miss Oh,another-miss-oh,TV,JP,Japan,1,8,2022-11-27,2022-11-27
Arthdal Chronicles,arthdal-chronicles,TV,PH,Philippines,1,7,2022-05-01,2022-05-01
Artificial City,artificial-city,TV,KR,South Korea,2,6,2022-02-20,2022-02-27
As You Stood By,as-you-stood-by,TV,AR,Argentina,1,2,2025-11-16,2025-11-16
As You Stood By,as-you-stood-by,TV,AT,Austria,1,4,2025-11-16,2025-11-16
As You Stood By,as-you-stood-by,TV,BS,Bahamas,1,4,2025-11-16,2025-11-16
As You Stood By,as-you-stood-by,TV,BH,Bahrain,2,2,2025-11-16,2025-11-23
As You Stood By,as-you-stood-by,TV,BD,Bangladesh,2,2,2025-11-16,2025-11-23
As You Stood By,as-you-stood-by,TV,BE,Belgium,1,3,2025-11-16,2025-11-16
As You Stood By,as-you-stood-by,TV,BO,Bolivia,4,1,2025-11-09,2025-11-30
As You Stood By,as-you-stood-by,TV,BR,Brazil,2,3,2025-11-09,2025-11-16
As You Stood By,as-you-stood-by,TV,CL,Chile,2,1,2025-11-16,2025-11-23
As You Stood By,as-you-stood-by,TV,CO,Colombia,3,2,2025-11-16,2025-11-30
As You Stood By,as-you-stood-by,TV,CR,Costa Rica,1,2,2025-11-16,2025-11-16
As You Stood By,as-you-stood-by,TV,CY,Cyprus,1,8,2025-11-16,2025-11-16
As You Stood By,as-you-stood-by,TV,DO,Dominican Republic,2,2,2025-11-16,2025-11-23
As You Stood By,as-you-stood-by,TV,EC,Ecuador,4,1,2025-11-16,2025-12-07
As You Stood By,as-you-stood-by,TV,EG,Egypt,2,1,2025-11-16,2025-11-23
As You Stood By,as-you-stood-by,TV,SV,El Salvador,4,1,2025-11-09,2025-11-30
As You Stood By,as-you-stood-by,TV,FR,France,1,2,2025-11-16,2025-11-16
As You Stood By,as-you-stood-by,TV,DE,Germany,1,5,2025-11-16,2025-11-16
As You Stood By,as-you-stood-by,TV,GR,Greece,1,8,2025-11-16,2025-11-16
As You Stood By,as-you-stood-by,TV,GP,Guadeloupe,3,1,2025-11-09,2025-11-23
As You Stood By,as-you-stood-by,TV,GT,Guatemala,4,1,2025-11-16,2025-12-07
As You Stood By,as-you-stood-by,TV,HN,Honduras,4,1,2025-11-09,2025-11-30
As You Stood By,as-you-stood-by,TV,HK,Hong Kong,3,3,2025-11-09,2025-11-23
As You Stood By,as-you-stood-by,TV,HU,Hungary,1,7,2025-11-16,2025-11-16
As You Stood By,as-you-stood-by,TV,IN,India,1,2,2025-11-16,2025-11-16
As You Stood By,as-you-stood-by,TV,ID,Indonesia,5,2,2025-11-09,2025-12-07
As You Stood By,as-you-stood-by,TV,IT,Italy,1,4,2025-11-16,2025-11-16
As You Stood By,as-you-stood-by,TV,JM,Jamaica,1,4,2025-11-16,2025-11-16
As You Stood By,as-you-stood-by,TV,JP,Japan,1,3,2025-11-16,2025-11-16
As You Stood By,as-you-stood-by,TV,JO,Jordan,2,1,2025-11-16,2025-11-23
As You Stood By,as-you-stood-by,TV,KE,Kenya,2,3,2025-11-16,2025-11-23
As You Stood By,as-you-stood-by,TV,KW,Kuwait,2,2,2025-11-16,2025-11-23
As You Stood By,as-you-stood-by,TV,LB,Lebanon,1,2,2025-11-16,2025-11-16
As You Stood By,as-you-stood-by,TV,LU,Luxembourg,1,2,2025-11-16,2025-11-16
As You Stood By,as-you-stood-by,TV,MY,Malaysia,4,2,2025-11-09,2025-11-30
As You Stood By,as-you-stood-by,TV,MV,Maldives,3,2,2025-11-09,2025-11-23
As You Stood By,as-you-stood-by,TV,MT,Malta,1,6,2025-11-16,2025-11-16
As You Stood By,as-you-stood-by,TV,MQ,Martinique,3,1,2025-11-09,2025-11-23
As You Stood By,as-you-stood-by,TV,MU,Mauritius,2,2,2025-11-16,2025-11-23
As You Stood By,as-you-stood-by,TV,MX,Mexico,4,1,2025-11-09,2025-11-30
As You Stood By,as-you-stood-by,TV,MA,Morocco,2,1,2025-11-16,2025-11-23
As You Stood By,as-you-stood-by,TV,NC,New Caledonia,2,2,2025-11-16,2025-11-23
As You Stood By,as-you-stood-by,TV,NZ,New Zealand,1,4,2025-11-16,2025-11-16
As You Stood By,as-you-stood-by,TV,NI,Nicaragua,4,1,2025-11-09,2025-11-30
As You Stood By,as-you-stood-by,TV,NG,Nigeria,2,3,2025-11-16,2025-11-23
As You Stood By,as-you-stood-by,TV,OM,Oman,2,3,2025-11-16,2025-11-23
As You Stood By,as-you-stood-by,TV,PK,Pakistan,2,2,2025-11-16,2025-11-23
As You Stood By,as-you-stood-by,TV,PA,Panama,1,3,2025-11-16,2025-11-16
As You Stood By,as-you-stood-by,TV,PY,Paraguay,1,3,2025-11-16,2025-11-16
As You Stood By,as-you-stood-by,TV,PE,Peru,5,1,2025-11-09,2025-12-07
As You Stood By,as-you-stood-by,TV,PH,Philippines,4,1,2025-11-09,2025-11-30
As You Stood By,as-you-stood-by,TV,PL,Poland,1,5,2025-11-16,2025-11-16
As You Stood By,as-you-stood-by,TV,PT,Portugal,1,7,2025-11-16,2025-11-16
As You Stood By,as-you-stood-by,TV,QA,Qatar,3,2,2025-11-09,2025-11-23
As You Stood By,as-you-stood-by,TV,RE,Réunion,3,1,2025-11-09,2025-11-23
As You Stood By,as-you-stood-by,TV,RO,Romania,1,7,2025-11-16,2025-11-16
As You Stood By,as-you-stood-by,TV,SA,Saudi Arabia,2,1,2025-11-16,2025-11-23
As You Stood By,as-you-stood-by,TV,SG,Singapore,4,2,2025-11-09,2025-11-30
As You Stood By,as-you-stood-by,TV,ZA,South Africa,2,3,2025-11-16,2025-11-23
As You Stood By,as-you-stood-by,TV,KR,South Korea,4,1,2025-11-09,2025-11-30
As You Stood By,as-you-stood-by,TV,ES,Spain,1,7,2025-11-16,2025-11-16
As You Stood By,as-you-stood-by,TV,LK,Sri Lanka,2,2,2025-11-16,2025-11-23
As You Stood By,as-you-stood-by,TV,CH,Switzerland,1,4,2025-11-16,2025-11-16
As You Stood By,as-you-stood-by,TV,TW,Taiwan,3,1,2025-11-16,2025-11-30
As You Stood By,as-you-stood-by,TV,TH,Thailand,4,2,2025-11-09,2025-11-30
As You Stood By,as-you-stood-by,TV,TT,Trinidad and Tobago,1,4,2025-11-16,2025-11-16
As You Stood By,as-you-stood-by,TV,TR,Turkey,1,4,2025-11-16,2025-11-16
As You Stood By,as-you-stood-by,TV,AE,United Arab Emirates,3,2,2025-11-09,2025-11-23
As You Stood By,as-you-stood-by,TV,UY,Uruguay,1,8,2025-11-16,2025-11-16
As You Stood By,as-you-stood-by,TV,VE,Venezuela,3,2,2025-11-09,2025-11-23
As You Stood By,as-you-stood-by,TV,VN,Vietnam,4,1,2025-11-09,2025-11-30
Ashfall,ashfall,Films,CL,Chile,1,10,2021-12-19,2021-12-19
Ashfall,ashfall,Films,DO,Dominican Republic,1,7,2021-12-19,2021-12-19
Ashfall,ashfall,Films,EC,Ecuador,1,7,2021-12-19,2021-12-19
Ashfall,ashfall,Films,SV,El Salvador,1,8,2021-12-19,2021-12-19
Ashfall,ashfall,Films,HK,Hong Kong,4,3,2022-01-09,2022-01-30
Ashfall,ashfall,Films,PA,Panama,1,8,2021-12-19,2021-12-19
Ashfall,ashfall,Films,PE,Peru,1,7,2021-12-19,2021-12-19
Ashfall,ashfall,Films,KR,South Korea,1,9,2023-01-08,2023-01-08
Asura,asura,TV,JP,Japan,2,4,2025-01-12,2025-01-19
Asura: The City of Madness,asura-the-city-of-madness,Films,KR,South Korea,5,3,2021-09-26,2021-10-24
Awake,awake,Films,AU,Australia,1,3,2026-02-01,2026-02-01
Awake,awake,Films,AT,Austria,2,2,2026-02-01,2026-02-08
Awake,awake,Films,BG,Bulgaria,2,2,2023-09-03,2023-09-10
Awake,awake,Films,HR,Croatia,5,1,2023-09-03,2026-02-08
Awake,awake,Films,CZ,Czech Republic,2,2,2023-09-03,2023-09-10
Awake,awake,Films,DK,Denmark,1,4,2026-02-01,2026-02-01
Awake,awake,Films,EE,Estonia,2,2,2023-09-03,2023-09-10
Awake,awake,Films,FR,France,1,7,2026-02-01,2026-02-01
Awake,awake,Films,DE,Germany,1,3,2026-02-01,2026-02-01
Awake,awake,Films,GR,Greece,4,1,2023-09-03,2026-02-01
Awake,awake,Films,GP,Guadeloupe,2,7,2026-02-01,2026-02-08
Awake,awake,Films,GT,Guatemala,1,9,2026-03-29,2026-03-29
Awake,awake,Films,HU,Hungary,2,3,2023-09-03,2023-09-10
Awake,awake,Films,IS,Iceland,1,9,2026-02-08,2026-02-08
Awake,awake,Films,IE,Ireland,1,4,2024-12-01,2024-12-01
Awake,awake,Films,KE,Kenya,2,1,2026-02-01,2026-02-08
Awake,awake,Films,LV,Latvia,2,3,2023-09-03,2023-09-10
Awake,awake,Films,LT,Lithuania,2,2,2023-09-03,2023-09-10
Awake,awake,Films,LU,Luxembourg,1,9,2026-02-08,2026-02-08
Awake,awake,Films,MT,Malta,1,4,2024-11-24,2024-11-24
Awake,awake,Films,MQ,Martinique,2,8,2026-02-01,2026-02-08
Awake,awake,Films,NC,New Caledonia,2,2,2026-02-01,2026-02-08
Awake,awake,Films,NZ,New Zealand,2,1,2026-02-01,2026-02-08
Awake,awake,Films,NI,Nicaragua,1,10,2026-03-29,2026-03-29
Awake,awake,Films,NG,Nigeria,2,4,2026-02-01,2026-02-08
Awake,awake,Films,NO,Norway,1,6,2026-02-01,2026-02-01
Awake,awake,Films,PL,Poland,5,1,2023-09-03,2026-02-08
Awake,awake,Films,PT,Portugal,1,3,2026-02-01,2026-02-01
Awake,awake,Films,RE,Réunion,1,1,2026-02-01,2026-02-01
Awake,awake,Films,RO,Romania,5,1,2023-09-03,2026-02-08
Awake,awake,Films,RS,Serbia,6,1,2023-09-03,2026-02-08
Awake,awake,Films,SK,Slovakia,2,2,2023-09-03,2023-09-10
Awake,awake,Films,SI,Slovenia,5,1,2023-09-03,2026-02-08
Awake,awake,Films,ZA,South Africa,2,1,2026-02-01,2026-02-08
Awake,awake,Films,ES,Spain,2,1,2026-02-01,2026-02-08
Awake,awake,Films,SE,Sweden,1,5,2026-02-01,2026-02-01
Awake,awake,Films,CH,Switzerland,2,5,2026-02-01,2026-02-08
Awake,awake,Films,GB,United Kingdom,1,10,2024-12-01,2024-12-01
Awaken,awaken,TV,JP,Japan,3,1,2023-01-29,2023-02-12
Awaken,awaken,TV,KR,South Korea,4,2,2023-01-22,2023-02-12
Awaken,awaken,TV,TW,Taiwan,3,2,2023-01-29,2023-02-12
B Cut,b-cut,Films,KR,South Korea,2,4,2023-06-04,2023-06-11
Babel,babel,Films,HR,Croatia,2,8,2023-08-06,2023-08-13
Babel,babel,Films,GR,Greece,2,7,2023-08-06,2023-08-13
Babel,babel,Films,HU,Hungary,1,10,2023-08-06,2023-08-06
Babel,babel,Films,MY,Malaysia,1,10,2023-03-05,2023-03-05
Babel,babel,Films,PH,Philippines,1,4,2023-03-05,2023-03-05
Babel,babel,Films,PL,Poland,1,7,2023-08-06,2023-08-06
Babel,babel,Films,RO,Romania,1,8,2023-08-06,2023-08-06
Babel,babel,Films,RS,Serbia,2,8,2023-08-06,2023-08-13
Babel,babel,Films,VN,Vietnam,2,3,2023-03-05,2023-03-12
Backstreet Rookie,backstreet-rookie,TV,BH,Bahrain,2,6,2022-07-24,2022-07-31
Backstreet Rookie,backstreet-rookie,TV,ID,Indonesia,3,7,2022-07-24,2022-08-07
Backstreet Rookie,backstreet-rookie,TV,KW,Kuwait,2,5,2022-07-24,2022-07-31
Backstreet Rookie,backstreet-rookie,TV,MY,Malaysia,2,4,2022-07-24,2022-07-31
Backstreet Rookie,backstreet-rookie,TV,MV,Maldives,2,8,2022-07-24,2022-07-31
Backstreet Rookie,backstreet-rookie,TV,NG,Nigeria,1,8,2022-07-24,2022-07-24
Backstreet Rookie,backstreet-rookie,TV,OM,Oman,2,5,2022-07-24,2022-07-31
Backstreet Rookie,backstreet-rookie,TV,PH,Philippines,4,4,2022-07-24,2022-08-14
Backstreet Rookie,backstreet-rookie,TV,QA,Qatar,2,5,2022-07-24,2022-07-31
Backstreet Rookie,backstreet-rookie,TV,SA,Saudi Arabia,3,5,2022-07-24,2022-08-07
Backstreet Rookie,backstreet-rookie,TV,SG,Singapore,2,6,2022-07-24,2022-07-31
Backstreet Rookie,backstreet-rookie,TV,KR,South Korea,1,10,2025-04-06,2025-04-06
Backstreet Rookie,backstreet-rookie,TV,LK,Sri Lanka,2,7,2022-07-24,2022-07-31
Backstreet Rookie,backstreet-rookie,TV,TW,Taiwan,3,7,2022-07-24,2022-08-07
Backstreet Rookie,backstreet-rookie,TV,TH,Thailand,2,6,2022-07-24,2022-07-31
Backstreet Rookie,backstreet-rookie,TV,AE,United Arab Emirates,2,6,2022-07-24,2022-07-31
Bad And Crazy,bad-and-crazy,TV,ID,Indonesia,3,6,2022-04-03,2022-04-17
Bad And Crazy,bad-and-crazy,TV,MY,Malaysia,5,3,2022-04-03,2022-05-01
Bad And Crazy,bad-and-crazy,TV,PH,Philippines,2,6,2022-04-03,2022-04-10
Bad And Crazy,bad-and-crazy,TV,SG,Singapore,3,6,2022-04-03,2022-04-17
Bad And Crazy,bad-and-crazy,TV,TH,Thailand,3,4,2022-04-03,2022-04-17
Bad And Crazy,bad-and-crazy,TV,VN,Vietnam,3,5,2022-04-03,2022-04-17
Bad Guys,bad-guys,TV,TH,Thailand,7,1,2022-09-11,2022-10-23
Bad Memory Eraser,bad-memory-eraser,TV,KR,South Korea,3,4,2024-08-04,2024-08-18
Badland Hunters,badland-hunters,Films,AR,Argentina,2,1,2024-01-28,2024-02-04
Badland Hunters,badland-hunters,Films,AU,Australia,1,4,2024-02-04,2024-02-04
Badland Hunters,badland-hunters,Films,AT,Austria,2,3,2024-01-28,2024-02-04
Badland Hunters,badland-hunters,Films,BS,Bahamas,2,2,2024-01-28,2024-02-04
Badland Hunters,badland-hunters,Films,BH,Bahrain,3,2,2024-01-28,2024-02-11
Badland Hunters,badland-hunters,Films,BD,Bangladesh,3,2,2024-01-28,2024-02-11
Badland Hunters,badland-hunters,Films,BE,Belgium,2,4,2024-01-28,2024-02-04
Badland Hunters,badland-hunters,Films,BO,Bolivia,3,1,2024-01-28,2024-02-11
Badland Hunters,badland-hunters,Films,BR,Brazil,3,1,2024-01-28,2024-02-11
Badland Hunters,badland-hunters,Films,BG,Bulgaria,2,3,2024-01-28,2024-02-04
Badland Hunters,badland-hunters,Films,CA,Canada,2,8,2024-01-28,2024-02-04
Badland Hunters,badland-hunters,Films,CL,Chile,3,1,2024-01-28,2024-02-11
Badland Hunters,badland-hunters,Films,CO,Colombia,2,1,2024-01-28,2024-02-04
Badland Hunters,badland-hunters,Films,CR,Costa Rica,2,4,2024-01-28,2024-02-04
Badland Hunters,badland-hunters,Films,HR,Croatia,2,5,2024-01-28,2024-02-04
Badland Hunters,badland-hunters,Films,CY,Cyprus,2,2,2024-01-28,2024-02-04
Badland Hunters,badland-hunters,Films,CZ,Czech Republic,2,3,2024-01-28,2024-02-04
Badland Hunters,badland-hunters,Films,DK,Denmark,2,9,2024-01-28,2024-02-04
Badland Hunters,badland-hunters,Films,DO,Dominican Republic,3,1,2024-01-28,2024-02-11
Badland Hunters,badland-hunters,Films,EC,Ecuador,2,2,2024-01-28,2024-02-04
Badland Hunters,badland-hunters,Films,EG,Egypt,1,4,2024-02-04,2024-02-04
Badland Hunters,badland-hunters,Films,SV,El Salvador,2,2,2024-01-28,2024-02-04
Badland Hunters,badland-hunters,Films,EE,Estonia,2,5,2024-01-28,2024-02-04
Badland Hunters,badland-hunters,Films,FI,Finland,2,7,2024-01-28,2024-02-04
Badland Hunters,badland-hunters,Films,FR,France,2,2,2024-01-28,2024-02-04
Badland Hunters,badland-hunters,Films,DE,Germany,2,2,2024-01-28,2024-02-04
Badland Hunters,badland-hunters,Films,GR,Greece,2,1,2024-01-28,2024-02-04
Badland Hunters,badland-hunters,Films,GP,Guadeloupe,2,2,2024-01-28,2024-02-04
Badland Hunters,badland-hunters,Films,GT,Guatemala,3,2,2024-01-28,2024-02-11
Badland Hunters,badland-hunters,Films,HN,Honduras,3,1,2024-01-28,2024-02-11
Badland Hunters,badland-hunters,Films,HK,Hong Kong,4,1,2024-01-28,2024-02-18
Badland Hunters,badland-hunters,Films,HU,Hungary,2,1,2024-01-28,2024-02-04
Badland Hunters,badland-hunters,Films,IS,Iceland,2,7,2024-01-28,2024-02-04
Badland Hunters,badland-hunters,Films,IN,India,3,2,2024-01-28,2024-02-11
Badland Hunters,badland-hunters,Films,ID,Indonesia,4,1,2024-01-28,2024-02-18
Badland Hunters,badland-hunters,Films,IL,Israel,2,6,2024-01-28,2024-02-04
Badland Hunters,badland-hunters,Films,IT,Italy,2,2,2024-01-28,2024-02-04
Badland Hunters,badland-hunters,Films,JM,Jamaica,3,1,2024-01-28,2024-02-11
Badland Hunters,badland-hunters,Films,JP,Japan,4,1,2024-01-28,2024-02-18
Badland Hunters,badland-hunters,Films,JO,Jordan,3,3,2024-01-28,2024-02-11
Badland Hunters,badland-hunters,Films,KE,Kenya,3,2,2024-01-28,2024-02-11
Badland Hunters,badland-hunters,Films,KW,Kuwait,3,1,2024-01-28,2024-02-11
Badland Hunters,badland-hunters,Films,LB,Lebanon,2,3,2024-01-28,2024-02-04
Badland Hunters,badland-hunters,Films,LT,Lithuania,1,8,2024-02-04,2024-02-04
Badland Hunters,badland-hunters,Films,LU,Luxembourg,2,3,2024-01-28,2024-02-04
Badland Hunters,badland-hunters,Films,MY,Malaysia,4,1,2024-01-28,2024-02-18
Badland Hunters,badland-hunters,Films,MV,Maldives,2,2,2024-01-28,2024-02-04
Badland Hunters,badland-hunters,Films,MT,Malta,2,5,2024-01-28,2024-02-04
Badland Hunters,badland-hunters,Films,MQ,Martinique,3,2,2024-01-28,2024-02-11
Badland Hunters,badland-hunters,Films,MU,Mauritius,2,4,2024-01-28,2024-02-04
Badland Hunters,badland-hunters,Films,MX,Mexico,2,2,2024-01-28,2024-02-04
Badland Hunters,badland-hunters,Films,MA,Morocco,3,1,2024-01-28,2024-02-11
Badland Hunters,badland-hunters,Films,NL,Netherlands,1,9,2024-02-04,2024-02-04
Badland Hunters,badland-hunters,Films,NC,New Caledonia,3,2,2024-01-28,2024-02-11
Badland Hunters,badland-hunters,Films,NZ,New Zealand,2,4,2024-01-28,2024-02-04
Badland Hunters,badland-hunters,Films,NI,Nicaragua,2,2,2024-01-28,2024-02-04
Badland Hunters,badland-hunters,Films,NG,Nigeria,4,1,2024-01-28,2024-02-18
Badland Hunters,badland-hunters,Films,NO,Norway,2,9,2024-01-28,2024-02-04
Badland Hunters,badland-hunters,Films,OM,Oman,4,1,2024-01-28,2024-02-18
Badland Hunters,badland-hunters,Films,PK,Pakistan,4,2,2024-01-28,2024-02-18
Badland Hunters,badland-hunters,Films,PA,Panama,3,1,2024-01-28,2024-02-11
Badland Hunters,badland-hunters,Films,PY,Paraguay,2,1,2024-01-28,2024-02-04
Badland Hunters,badland-hunters,Films,PE,Peru,3,1,2024-01-28,2024-02-11
Badland Hunters,badland-hunters,Films,PH,Philippines,3,1,2024-01-28,2024-02-11
Badland Hunters,badland-hunters,Films,PL,Poland,2,3,2024-01-28,2024-02-04
Badland Hunters,badland-hunters,Films,PT,Portugal,2,3,2024-01-28,2024-02-04
Badland Hunters,badland-hunters,Films,QA,Qatar,3,1,2024-01-28,2024-02-11
Badland Hunters,badland-hunters,Films,RE,Réunion,2,2,2024-01-28,2024-02-04
Badland Hunters,badland-hunters,Films,RO,Romania,2,2,2024-01-28,2024-02-04
Badland Hunters,badland-hunters,Films,SA,Saudi Arabia,5,3,2024-01-28,2024-02-25
Badland Hunters,badland-hunters,Films,RS,Serbia,2,5,2024-01-28,2024-02-04
Badland Hunters,badland-hunters,Films,SG,Singapore,3,1,2024-01-28,2024-02-11
Badland Hunters,badland-hunters,Films,SK,Slovakia,2,1,2024-01-28,2024-02-04
Badland Hunters,badland-hunters,Films,SI,Slovenia,1,6,2024-02-04,2024-02-04
Badland Hunters,badland-hunters,Films,ZA,South Africa,2,5,2024-01-28,2024-02-04
Badland Hunters,badland-hunters,Films,KR,South Korea,5,1,2024-01-28,2024-02-25
Badland Hunters,badland-hunters,Films,ES,Spain,2,3,2024-01-28,2024-02-04
Badland Hunters,badland-hunters,Films,LK,Sri Lanka,1,2,2024-02-04,2024-02-04
Badland Hunters,badland-hunters,Films,SE,Sweden,2,7,2024-01-28,2024-02-04
Badland Hunters,badland-hunters,Films,CH,Switzerland,2,4,2024-01-28,2024-02-04
Badland Hunters,badland-hunters,Films,TW,Taiwan,5,1,2024-01-28,2024-02-25
Badland Hunters,badland-hunters,Films,TH,Thailand,4,1,2024-01-28,2024-02-18
Badland Hunters,badland-hunters,Films,TT,Trinidad and Tobago,2,2,2024-01-28,2024-02-04
Badland Hunters,badland-hunters,Films,TR,Turkey,3,2,2024-01-28,2024-02-11
Badland Hunters,badland-hunters,Films,AE,United Arab Emirates,3,2,2024-01-28,2024-02-11
Badland Hunters,badland-hunters,Films,GB,United Kingdom,1,9,2024-02-04,2024-02-04
Badland Hunters,badland-hunters,Films,UY,Uruguay,2,3,2024-01-28,2024-02-04
Badland Hunters,badland-hunters,Films,VE,Venezuela,2,1,2024-01-28,2024-02-04
Badland Hunters,badland-hunters,Films,VN,Vietnam,9,1,2024-01-28,2024-06-02
Bait,bait,Films,AU,Australia,1,6,2025-02-02,2025-02-02
Bait,bait,Films,CA,Canada,1,8,2023-05-07,2023-05-07
Ballerina,ballerina,Films,AR,Argentina,3,5,2023-10-08,2024-03-03
Ballerina,ballerina,Films,AT,Austria,2,4,2023-10-08,2023-10-15
Ballerina,ballerina,Films,BS,Bahamas,3,1,2023-10-08,2023-10-22
Ballerina,ballerina,Films,BH,Bahrain,3,3,2023-10-08,2023-10-22
Ballerina,ballerina,Films,BD,Bangladesh,2,6,2023-10-15,2023-10-22
Ballerina,ballerina,Films,BE,Belgium,2,5,2023-10-08,2023-10-15
Ballerina,ballerina,Films,BO,Bolivia,3,3,2023-10-08,2024-03-03
Ballerina,ballerina,Films,BR,Brazil,6,1,2023-10-08,2026-07-05
Ballerina,ballerina,Films,BG,Bulgaria,1,4,2023-10-15,2023-10-15
Ballerina,ballerina,Films,CA,Canada,1,5,2023-10-15,2023-10-15
Ballerina,ballerina,Films,CL,Chile,4,1,2023-10-08,2024-03-03
Ballerina,ballerina,Films,CO,Colombia,3,2,2023-10-08,2024-03-03
Ballerina,ballerina,Films,CR,Costa Rica,3,2,2023-10-15,2024-03-03
Ballerina,ballerina,Films,HR,Croatia,1,4,2023-10-15,2023-10-15
Ballerina,ballerina,Films,CY,Cyprus,2,4,2023-10-08,2023-10-15
Ballerina,ballerina,Films,CZ,Czech Republic,2,5,2023-10-08,2023-10-15
Ballerina,ballerina,Films,DK,Denmark,1,9,2023-10-15,2023-10-15
Ballerina,ballerina,Films,DO,Dominican Republic,2,1,2023-10-08,2023-10-15
Ballerina,ballerina,Films,EC,Ecuador,3,2,2023-10-08,2024-03-03
Ballerina,ballerina,Films,EG,Egypt,1,6,2023-10-15,2023-10-15
Ballerina,ballerina,Films,SV,El Salvador,4,2,2023-10-08,2024-03-03
Ballerina,ballerina,Films,EE,Estonia,1,9,2023-10-15,2023-10-15
Ballerina,ballerina,Films,FI,Finland,2,6,2023-10-08,2023-10-15
Ballerina,ballerina,Films,FR,France,4,2,2023-10-08,2025-03-23
Ballerina,ballerina,Films,DE,Germany,2,4,2023-10-08,2023-10-15
Ballerina,ballerina,Films,GR,Greece,3,4,2023-10-08,2023-10-22
Ballerina,ballerina,Films,GP,Guadeloupe,4,2,2023-10-08,2025-03-23
Ballerina,ballerina,Films,GT,Guatemala,5,2,2023-10-08,2024-03-10
Ballerina,ballerina,Films,HN,Honduras,3,1,2023-10-08,2024-03-03
Ballerina,ballerina,Films,HK,Hong Kong,5,1,2023-10-08,2023-11-05
Ballerina,ballerina,Films,HU,Hungary,2,4,2023-10-08,2023-10-15
Ballerina,ballerina,Films,IS,Iceland,1,7,2023-10-15,2023-10-15
Ballerina,ballerina,Films,IN,India,1,10,2023-10-15,2023-10-15
Ballerina,ballerina,Films,ID,Indonesia,5,2,2023-10-08,2023-11-05
Ballerina,ballerina,Films,IL,Israel,2,3,2023-10-15,2023-10-22
Ballerina,ballerina,Films,IT,Italy,2,5,2023-10-08,2023-10-15
Ballerina,ballerina,Films,JM,Jamaica,3,1,2023-10-08,2023-10-22
Ballerina,ballerina,Films,JP,Japan,4,1,2023-10-08,2023-10-29
Ballerina,ballerina,Films,JO,Jordan,3,4,2023-10-08,2023-10-22
Ballerina,ballerina,Films,KE,Kenya,3,3,2023-10-08,2023-10-22
Ballerina,ballerina,Films,KW,Kuwait,3,2,2023-10-08,2023-10-22
Ballerina,ballerina,Films,LV,Latvia,1,10,2023-10-15,2023-10-15
Ballerina,ballerina,Films,LB,Lebanon,3,3,2023-10-08,2023-10-22
Ballerina,ballerina,Films,LT,Lithuania,1,7,2023-10-15,2023-10-15
Ballerina,ballerina,Films,LU,Luxembourg,3,3,2023-10-08,2023-10-22
Ballerina,ballerina,Films,MY,Malaysia,4,1,2023-10-08,2023-10-29
Ballerina,ballerina,Films,MV,Maldives,2,4,2023-10-15,2023-10-22
Ballerina,ballerina,Films,MT,Malta,2,6,2023-10-08,2023-10-15
Ballerina,ballerina,Films,MQ,Martinique,5,2,2023-10-08,2025-03-23
Ballerina,ballerina,Films,MU,Mauritius,1,3,2023-10-15,2023-10-15
Ballerina,ballerina,Films,MX,Mexico,4,3,2023-10-15,2024-03-10
Ballerina,ballerina,Films,MA,Morocco,5,1,2023-10-08,2023-11-05
Ballerina,ballerina,Films,NL,Netherlands,1,10,2023-10-15,2023-10-15
Ballerina,ballerina,Films,NC,New Caledonia,4,3,2023-10-08,2025-03-23
Ballerina,ballerina,Films,NZ,New Zealand,2,5,2021-10-24,2023-10-15
Ballerina,ballerina,Films,NI,Nicaragua,3,2,2023-10-08,2024-03-03
Ballerina,ballerina,Films,NG,Nigeria,4,2,2023-10-08,2023-10-29
Ballerina,ballerina,Films,NO,Norway,1,9,2023-10-15,2023-10-15
Ballerina,ballerina,Films,OM,Oman,3,1,2023-10-08,2023-10-22
Ballerina,ballerina,Films,PK,Pakistan,2,5,2023-10-15,2023-10-22
Ballerina,ballerina,Films,PA,Panama,3,2,2023-10-08,2024-03-03
Ballerina,ballerina,Films,PY,Paraguay,3,2,2023-10-08,2024-03-03
Ballerina,ballerina,Films,PE,Peru,3,2,2023-10-08,2024-03-03
Ballerina,ballerina,Films,PH,Philippines,4,1,2023-10-08,2023-10-29
Ballerina,ballerina,Films,PL,Poland,1,7,2023-10-15,2023-10-15
Ballerina,ballerina,Films,PT,Portugal,2,3,2023-10-08,2023-10-15
Ballerina,ballerina,Films,QA,Qatar,3,1,2023-10-08,2023-10-22
Ballerina,ballerina,Films,RE,Réunion,4,3,2023-10-08,2025-03-23
Ballerina,ballerina,Films,RO,Romania,2,2,2023-10-08,2023-10-15
Ballerina,ballerina,Films,SA,Saudi Arabia,4,2,2023-10-08,2023-10-29
Ballerina,ballerina,Films,RS,Serbia,2,4,2023-10-08,2023-10-15
Ballerina,ballerina,Films,SG,Singapore,3,1,2023-10-08,2023-10-22
Ballerina,ballerina,Films,SK,Slovakia,2,3,2023-10-08,2023-10-15
Ballerina,ballerina,Films,SI,Slovenia,1,6,2023-10-15,2023-10-15
Ballerina,ballerina,Films,ZA,South Africa,1,4,2023-10-15,2023-10-15
Ballerina,ballerina,Films,KR,South Korea,11,1,2023-10-08,2026-03-22
Ballerina,ballerina,Films,ES,Spain,2,6,2023-10-08,2023-10-15
Ballerina,ballerina,Films,LK,Sri Lanka,1,5,2023-10-15,2023-10-15
Ballerina,ballerina,Films,SE,Sweden,1,6,2023-10-15,2023-10-15
Ballerina,ballerina,Films,CH,Switzerland,2,3,2023-10-08,2023-10-15
Ballerina,ballerina,Films,TW,Taiwan,5,1,2023-10-08,2023-11-05
Ballerina,ballerina,Films,TH,Thailand,3,2,2023-10-08,2023-10-22
Ballerina,ballerina,Films,TT,Trinidad and Tobago,2,3,2023-10-08,2023-10-15
Ballerina,ballerina,Films,TR,Turkey,3,4,2023-10-08,2023-10-22
Ballerina,ballerina,Films,AE,United Arab Emirates,2,2,2023-10-08,2023-10-15
Ballerina,ballerina,Films,GB,United Kingdom,1,8,2023-10-15,2023-10-15
Ballerina,ballerina,Films,UY,Uruguay,2,5,2023-10-15,2024-03-03
Ballerina,ballerina,Films,VE,Venezuela,3,2,2023-10-08,2024-03-03
Ballerina,ballerina,Films,VN,Vietnam,4,1,2023-10-08,2023-10-29
Band of Brothers,band-of-brothers,TV,AR,Argentina,2,7,2023-09-17,2023-09-24
Band of Brothers,band-of-brothers,TV,BO,Bolivia,1,9,2023-09-24,2023-09-24
Band of Brothers,band-of-brothers,TV,CL,Chile,1,7,2023-09-24,2023-09-24
Band of Brothers,band-of-brothers,TV,CZ,Czech Republic,1,6,2023-09-24,2023-09-24
Band of Brothers,band-of-brothers,TV,DK,Denmark,3,7,2023-09-24,2023-10-08
Band of Brothers,band-of-brothers,TV,FI,Finland,4,4,2023-09-17,2023-10-08
Band of Brothers,band-of-brothers,TV,HK,Hong Kong,2,4,2023-09-17,2023-09-24
Band of Brothers,band-of-brothers,TV,ID,Indonesia,1,10,2023-09-24,2023-09-24
Band of Brothers,band-of-brothers,TV,NL,Netherlands,4,5,2023-09-17,2023-10-08
Band of Brothers,band-of-brothers,TV,NO,Norway,2,7,2023-09-24,2023-10-01
Band of Brothers,band-of-brothers,TV,PY,Paraguay,1,9,2023-09-24,2023-09-24
Band of Brothers,band-of-brothers,TV,PE,Peru,1,10,2023-09-24,2023-09-24
Band of Brothers,band-of-brothers,TV,PH,Philippines,2,7,2023-09-17,2023-09-24
Band of Brothers,band-of-brothers,TV,PL,Poland,1,6,2023-09-24,2023-09-24
Band of Brothers,band-of-brothers,TV,RO,Romania,1,9,2023-09-24,2023-09-24
Band of Brothers,band-of-brothers,TV,SG,Singapore,3,3,2023-09-17,2023-10-01
Band of Brothers,band-of-brothers,TV,SI,Slovenia,1,9,2023-09-24,2023-09-24
Band of Brothers,band-of-brothers,TV,LK,Sri Lanka,1,6,2023-09-24,2023-09-24
Band of Brothers,band-of-brothers,TV,SE,Sweden,3,7,2023-09-24,2023-10-08
Band of Brothers,band-of-brothers,TV,TW,Taiwan,1,6,2023-09-24,2023-09-24
Band of Brothers,band-of-brothers,TV,UY,Uruguay,2,9,2023-09-17,2023-09-24
Barbie,barbie,Films,AU,Australia,2,1,2024-05-12,2024-05-19
Barbie,barbie,Films,AT,Austria,2,1,2025-08-17,2025-08-24
Barbie,barbie,Films,BH,Bahrain,1,5,2025-05-25,2025-05-25
Barbie,barbie,Films,BD,Bangladesh,1,8,2024-12-29,2024-12-29
Barbie,barbie,Films,BG,Bulgaria,1,8,2024-12-22,2024-12-22
Barbie,barbie,Films,CA,Canada,2,3,2025-03-16,2025-03-23
Barbie,barbie,Films,CY,Cyprus,2,5,2025-06-29,2025-07-06
Barbie,barbie,Films,EG,Egypt,1,5,2025-05-25,2025-05-25
Barbie,barbie,Films,FI,Finland,1,7,2024-12-22,2024-12-22
Barbie,barbie,Films,FR,France,1,5,2026-07-26,2026-07-26
Barbie,barbie,Films,DE,Germany,2,2,2025-08-17,2025-08-24
Barbie,barbie,Films,GR,Greece,2,3,2025-06-29,2025-07-06
Barbie,barbie,Films,GP,Guadeloupe,1,9,2026-07-26,2026-07-26
Barbie,barbie,Films,IE,Ireland,2,6,2026-04-12,2026-04-19
Barbie,barbie,Films,IT,Italy,3,2,2025-05-18,2025-06-01
Barbie,barbie,Films,JP,Japan,1,5,2024-05-05,2024-05-05
Barbie,barbie,Films,JO,Jordan,1,5,2025-05-25,2025-05-25
Barbie,barbie,Films,KW,Kuwait,1,6,2025-05-25,2025-05-25
Barbie,barbie,Films,LB,Lebanon,1,6,2025-05-25,2025-05-25
Barbie,barbie,Films,LU,Luxembourg,1,4,2025-08-17,2025-08-17
Barbie,barbie,Films,MV,Maldives,2,4,2024-12-22,2024-12-29
Barbie,barbie,Films,MQ,Martinique,1,9,2026-07-26,2026-07-26
Barbie,barbie,Films,NL,Netherlands,1,9,2024-12-22,2024-12-22
Barbie,barbie,Films,NZ,New Zealand,2,6,2025-07-13,2025-07-20
Barbie,barbie,Films,OM,Oman,1,9,2025-05-25,2025-05-25
Barbie,barbie,Films,PK,Pakistan,1,8,2024-12-29,2024-12-29
Barbie,barbie,Films,PL,Poland,1,8,2024-12-22,2024-12-22
Barbie,barbie,Films,PT,Portugal,1,7,2024-12-22,2024-12-22
Barbie,barbie,Films,QA,Qatar,1,9,2025-05-25,2025-05-25
Barbie,barbie,Films,RE,Réunion,1,5,2026-07-26,2026-07-26
Barbie,barbie,Films,SI,Slovenia,1,9,2024-12-22,2024-12-22
Barbie,barbie,Films,ES,Spain,1,7,2024-12-22,2024-12-22
Barbie,barbie,Films,CH,Switzerland,1,10,2025-08-17,2025-08-17
Barbie,barbie,Films,TR,Turkey,1,2,2025-07-06,2025-07-06
Barbie,barbie,Films,AE,United Arab Emirates,1,8,2025-05-25,2025-05-25
Barbie,barbie,Films,GB,United Kingdom,2,4,2026-04-12,2026-04-19
Barbie,barbie,Films,US,United States,2,6,2024-12-22,2024-12-29
Battle for Happiness,battle-for-happiness,TV,KR,South Korea,2,8,2023-09-03,2023-09-10
Beastie Boys,beastie-boys,Films,KR,South Korea,2,5,2021-11-21,2021-11-28
Beasts Clawing at Straws,beasts-clawing-at-straws,Films,KR,South Korea,2,5,2026-01-04,2026-01-11
Beautiful Gong Shim,beautiful-gong-shim,TV,JP,Japan,3,7,2022-01-16,2022-01-30
Beauty and Mr. Romantic,beauty-and-mr-romantic,TV,KR,South Korea,4,7,2024-03-31,2024-04-21
Beauty and the Beast,beauty-and-the-beast,Films,BR,Brazil,1,10,2021-10-17,2021-10-17
Beauty and the Beast,beauty-and-the-beast,Films,CL,Chile,1,10,2021-10-03,2021-10-03
Beauty and the Beast,beauty-and-the-beast,Films,CO,Colombia,1,10,2021-10-03,2021-10-03
Beauty and the Beast,beauty-and-the-beast,Films,CR,Costa Rica,1,9,2021-10-03,2021-10-03
Beauty and the Beast,beauty-and-the-beast,Films,DO,Dominican Republic,1,2,2021-10-03,2021-10-03
Beauty and the Beast,beauty-and-the-beast,Films,EC,Ecuador,1,3,2021-10-03,2021-10-03
Beauty and the Beast,beauty-and-the-beast,Films,SV,El Salvador,1,6,2021-10-03,2021-10-03
Beauty and the Beast,beauty-and-the-beast,Films,GT,Guatemala,1,8,2021-10-03,2021-10-03
Beauty and the Beast,beauty-and-the-beast,Films,HN,Honduras,1,7,2021-10-03,2021-10-03
Beauty and the Beast,beauty-and-the-beast,Films,MX,Mexico,1,5,2021-10-03,2021-10-03
Beauty and the Beast,beauty-and-the-beast,Films,NI,Nicaragua,1,5,2021-10-03,2021-10-03
Beauty and the Beast,beauty-and-the-beast,Films,PA,Panama,1,10,2021-10-03,2021-10-03
Beauty and the Beast,beauty-and-the-beast,Films,PE,Peru,1,9,2021-10-03,2021-10-03
Beauty Inside,beauty-inside,TV,HK,Hong Kong,4,2,2022-11-06,2022-11-27
Beauty Inside,beauty-inside,TV,TW,Taiwan,2,7,2021-12-12,2021-12-19
Beauty Inside,beauty-inside,TV,VN,Vietnam,3,4,2021-11-28,2021-12-12
Because I Hate Korea,because-i-hate-korea,Films,KR,South Korea,2,3,2024-12-01,2024-12-08
Begin Again,begin-again,Films,AT,Austria,1,10,2026-05-17,2026-05-17
Behind Every Star,behind-every-star,TV,KR,South Korea,6,2,2022-11-13,2022-12-18
Behind Your Touch,behind-your-touch,TV,BH,Bahrain,1,7,2023-08-20,2023-08-20
Behind Your Touch,behind-your-touch,TV,BD,Bangladesh,1,8,2023-08-20,2023-08-20
Behind Your Touch,behind-your-touch,TV,BO,Bolivia,7,5,2023-08-20,2023-10-01
Behind Your Touch,behind-your-touch,TV,CL,Chile,1,10,2023-08-20,2023-08-20
Behind Your Touch,behind-your-touch,TV,EC,Ecuador,1,9,2023-08-20,2023-08-20
Behind Your Touch,behind-your-touch,TV,SV,El Salvador,1,9,2023-08-20,2023-08-20
Behind Your Touch,behind-your-touch,TV,GT,Guatemala,1,10,2023-08-20,2023-08-20
Behind Your Touch,behind-your-touch,TV,HN,Honduras,1,9,2023-08-20,2023-08-20
Behind Your Touch,behind-your-touch,TV,HK,Hong Kong,7,4,2023-08-20,2023-10-08
Behind Your Touch,behind-your-touch,TV,IN,India,1,8,2023-08-20,2023-08-20
Behind Your Touch,behind-your-touch,TV,ID,Indonesia,8,2,2023-08-20,2023-10-08
Behind Your Touch,behind-your-touch,TV,JP,Japan,3,2,2023-08-20,2023-09-03
Behind Your Touch,behind-your-touch,TV,KW,Kuwait,1,8,2023-08-20,2023-08-20
Behind Your Touch,behind-your-touch,TV,MY,Malaysia,8,3,2023-08-20,2023-10-08
Behind Your Touch,behind-your-touch,TV,MV,Maldives,1,10,2023-08-20,2023-08-20
Behind Your Touch,behind-your-touch,TV,NI,Nicaragua,1,10,2023-08-20,2023-08-20
Behind Your Touch,behind-your-touch,TV,OM,Oman,1,6,2023-08-20,2023-08-20
Behind Your Touch,behind-your-touch,TV,PE,Peru,5,5,2023-08-20,2023-10-01
Behind Your Touch,behind-your-touch,TV,PH,Philippines,5,4,2023-08-20,2023-09-17
Behind Your Touch,behind-your-touch,TV,QA,Qatar,1,5,2023-08-20,2023-08-20
Behind Your Touch,behind-your-touch,TV,SA,Saudi Arabia,1,8,2023-08-20,2023-08-20
Behind Your Touch,behind-your-touch,TV,SG,Singapore,8,3,2023-08-20,2023-10-08
Behind Your Touch,behind-your-touch,TV,KR,South Korea,9,2,2023-08-13,2023-10-08
Behind Your Touch,behind-your-touch,TV,TW,Taiwan,8,2,2023-08-20,2023-10-08
Behind Your Touch,behind-your-touch,TV,TH,Thailand,5,4,2023-08-20,2023-10-01
Behind Your Touch,behind-your-touch,TV,AE,United Arab Emirates,1,6,2023-08-20,2023-08-20
Behind Your Touch,behind-your-touch,TV,VN,Vietnam,8,5,2023-08-20,2023-10-08
Believer,believer,Films,ID,Indonesia,1,4,2023-11-26,2023-11-26
Believer,believer,Films,JP,Japan,1,5,2023-11-26,2023-11-26
Believer,believer,Films,MY,Malaysia,2,8,2023-07-23,2023-11-26
Believer,believer,Films,PH,Philippines,1,7,2023-11-26,2023-11-26
Believer,believer,Films,SG,Singapore,1,7,2023-11-26,2023-11-26
Believer,believer,Films,KR,South Korea,5,4,2023-03-26,2023-12-03
Believer,believer,Films,TH,Thailand,2,4,2023-11-19,2023-11-26
Believer,believer,Films,VN,Vietnam,4,3,2023-06-25,2023-12-03
Believer 2,believer-2,Films,BS,Bahamas,2,4,2023-11-19,2023-11-26
Believer 2,believer-2,Films,BD,Bangladesh,1,6,2023-11-26,2023-11-26
Believer 2,believer-2,Films,BR,Brazil,1,7,2023-11-26,2023-11-26
Believer 2,believer-2,Films,DO,Dominican Republic,2,5,2023-11-19,2023-11-26
Believer 2,believer-2,Films,GP,Guadeloupe,2,7,2023-11-19,2023-11-26
Believer 2,believer-2,Films,HN,Honduras,1,10,2023-11-26,2023-11-26
Believer 2,believer-2,Films,HK,Hong Kong,3,2,2023-11-19,2023-12-03
Believer 2,believer-2,Films,ID,Indonesia,2,1,2023-11-19,2023-11-26
Believer 2,believer-2,Films,JM,Jamaica,2,4,2023-11-19,2023-11-26
Believer 2,believer-2,Films,JP,Japan,3,3,2023-11-19,2023-12-03
Believer 2,believer-2,Films,KW,Kuwait,2,6,2023-11-19,2023-11-26
Believer 2,believer-2,Films,LU,Luxembourg,2,9,2023-11-19,2023-11-26
Believer 2,believer-2,Films,MY,Malaysia,2,2,2023-11-19,2023-11-26
Believer 2,believer-2,Films,MV,Maldives,1,6,2023-11-26,2023-11-26
Believer 2,believer-2,Films,MQ,Martinique,2,6,2023-11-19,2023-11-26
Believer 2,believer-2,Films,MA,Morocco,2,6,2023-11-19,2023-11-26
Believer 2,believer-2,Films,NI,Nicaragua,1,10,2023-11-26,2023-11-26
Believer 2,believer-2,Films,NG,Nigeria,1,4,2023-11-26,2023-11-26
Believer 2,believer-2,Films,OM,Oman,2,7,2023-11-19,2023-11-26
Believer 2,believer-2,Films,PK,Pakistan,1,6,2023-11-26,2023-11-26
Believer 2,believer-2,Films,PA,Panama,1,9,2023-11-26,2023-11-26
Believer 2,believer-2,Films,PY,Paraguay,1,9,2023-11-26,2023-11-26
Believer 2,believer-2,Films,PE,Peru,1,6,2023-11-26,2023-11-26
Believer 2,believer-2,Films,PH,Philippines,2,2,2023-11-19,2023-11-26
Believer 2,believer-2,Films,PT,Portugal,1,10,2023-11-26,2023-11-26
Believer 2,believer-2,Films,QA,Qatar,2,6,2023-11-19,2023-11-26
Believer 2,believer-2,Films,RE,Réunion,1,10,2023-11-26,2023-11-26
Believer 2,believer-2,Films,RO,Romania,1,10,2023-11-19,2023-11-19
Believer 2,believer-2,Films,SA,Saudi Arabia,2,8,2023-11-19,2023-11-26
Believer 2,believer-2,Films,SG,Singapore,3,2,2023-11-19,2023-12-03
Believer 2,believer-2,Films,KR,South Korea,6,1,2023-11-19,2023-12-24
Believer 2,believer-2,Films,TW,Taiwan,3,1,2023-11-19,2023-12-03
Believer 2,believer-2,Films,TH,Thailand,3,1,2023-11-19,2023-12-03
Believer 2,believer-2,Films,TT,Trinidad and Tobago,1,8,2023-11-26,2023-11-26
Believer 2,believer-2,Films,AE,United Arab Emirates,1,9,2023-11-19,2023-11-19
Believer 2,believer-2,Films,VE,Venezuela,1,9,2023-11-26,2023-11-26
Believer 2,believer-2,Films,VN,Vietnam,3,1,2023-11-19,2023-12-03
Betrayal,betrayal,Films,NL,Netherlands,1,4,2023-09-24,2023-09-24
Between Him and Her,between-him-and-her,TV,KR,South Korea,1,10,2023-12-31,2023-12-31
Between Walls,between-walls,Films,IL,Israel,2,4,2024-12-22,2024-12-29
Beyond Evil,beyond-evil,TV,JP,Japan,4,4,2023-04-09,2023-04-30
Beyond the Bar,beyond-the-bar,TV,AR,Argentina,2,10,2025-08-10,2025-08-17
Beyond the Bar,beyond-the-bar,TV,BH,Bahrain,5,5,2025-08-10,2025-09-07
Beyond the Bar,beyond-the-bar,TV,BD,Bangladesh,7,3,2025-08-10,2025-09-21
Beyond the Bar,beyond-the-bar,TV,BO,Bolivia,6,4,2025-08-10,2025-09-14
Beyond the Bar,beyond-the-bar,TV,BR,Brazil,7,2,2025-08-03,2025-09-14
Beyond the Bar,beyond-the-bar,TV,CL,Chile,6,4,2025-08-10,2025-09-14
Beyond the Bar,beyond-the-bar,TV,CO,Colombia,6,5,2025-08-10,2025-09-14
Beyond the Bar,beyond-the-bar,TV,CR,Costa Rica,6,5,2025-08-10,2025-09-14
Beyond the Bar,beyond-the-bar,TV,CY,Cyprus,1,10,2025-08-10,2025-08-10
Beyond the Bar,beyond-the-bar,TV,DO,Dominican Republic,7,3,2025-08-03,2025-09-14
Beyond the Bar,beyond-the-bar,TV,EC,Ecuador,6,4,2025-08-10,2025-09-14
Beyond the Bar,beyond-the-bar,TV,EG,Egypt,3,6,2025-08-17,2025-08-31
Beyond the Bar,beyond-the-bar,TV,SV,El Salvador,6,2,2025-08-10,2025-09-14
Beyond the Bar,beyond-the-bar,TV,GR,Greece,2,7,2025-08-10,2025-08-17
Beyond the Bar,beyond-the-bar,TV,GT,Guatemala,6,4,2025-08-10,2025-09-14
Beyond the Bar,beyond-the-bar,TV,HN,Honduras,8,2,2025-08-03,2025-09-21
Beyond the Bar,beyond-the-bar,TV,HK,Hong Kong,7,2,2025-08-10,2025-09-21
Beyond the Bar,beyond-the-bar,TV,IN,India,6,6,2025-08-10,2025-09-14
Beyond the Bar,beyond-the-bar,TV,ID,Indonesia,7,1,2025-08-10,2025-09-21
Beyond the Bar,beyond-the-bar,TV,IL,Israel,3,8,2025-08-10,2025-08-24
Beyond the Bar,beyond-the-bar,TV,JP,Japan,6,5,2025-08-10,2025-09-14
Beyond the Bar,beyond-the-bar,TV,JO,Jordan,6,5,2025-08-10,2025-09-14
Beyond the Bar,beyond-the-bar,TV,KE,Kenya,1,9,2025-08-10,2025-08-10
Beyond the Bar,beyond-the-bar,TV,KW,Kuwait,6,5,2025-08-10,2025-09-14
Beyond the Bar,beyond-the-bar,TV,LB,Lebanon,1,10,2025-08-17,2025-08-17
Beyond the Bar,beyond-the-bar,TV,MY,Malaysia,7,1,2025-08-10,2025-09-21
Beyond the Bar,beyond-the-bar,TV,MV,Maldives,6,4,2025-08-10,2025-09-14
Beyond the Bar,beyond-the-bar,TV,MU,Mauritius,1,10,2025-08-10,2025-08-10
Beyond the Bar,beyond-the-bar,TV,MX,Mexico,5,5,2025-08-10,2025-09-07
Beyond the Bar,beyond-the-bar,TV,MA,Morocco,6,5,2025-08-10,2025-09-14
Beyond the Bar,beyond-the-bar,TV,NC,New Caledonia,1,9,2025-08-10,2025-08-10
Beyond the Bar,beyond-the-bar,TV,NZ,New Zealand,1,9,2025-08-10,2025-08-10
Beyond the Bar,beyond-the-bar,TV,NI,Nicaragua,6,3,2025-08-10,2025-09-14
Beyond the Bar,beyond-the-bar,TV,NG,Nigeria,4,8,2025-08-10,2025-09-07
Beyond the Bar,beyond-the-bar,TV,OM,Oman,6,4,2025-08-10,2025-09-14
Beyond the Bar,beyond-the-bar,TV,PK,Pakistan,6,5,2025-08-10,2025-09-14
Beyond the Bar,beyond-the-bar,TV,PA,Panama,6,4,2025-08-10,2025-09-14
Beyond the Bar,beyond-the-bar,TV,PY,Paraguay,6,5,2025-08-10,2025-09-14
Beyond the Bar,beyond-the-bar,TV,PE,Peru,7,2,2025-08-10,2025-09-21
Beyond the Bar,beyond-the-bar,TV,PH,Philippines,7,2,2025-08-10,2025-09-21
Beyond the Bar,beyond-the-bar,TV,PT,Portugal,4,6,2025-08-10,2025-09-07
Beyond the Bar,beyond-the-bar,TV,QA,Qatar,6,4,2025-08-10,2025-09-14
Beyond the Bar,beyond-the-bar,TV,RO,Romania,5,4,2025-08-10,2025-09-07
Beyond the Bar,beyond-the-bar,TV,SA,Saudi Arabia,6,5,2025-08-10,2025-09-14
Beyond the Bar,beyond-the-bar,TV,SG,Singapore,8,1,2025-08-03,2025-09-21
Beyond the Bar,beyond-the-bar,TV,KR,South Korea,8,1,2025-08-03,2025-09-21
Beyond the Bar,beyond-the-bar,TV,ES,Spain,1,10,2025-08-10,2025-08-10
Beyond the Bar,beyond-the-bar,TV,LK,Sri Lanka,6,4,2025-08-10,2025-09-14
Beyond the Bar,beyond-the-bar,TV,TW,Taiwan,8,1,2025-08-10,2025-09-28
Beyond the Bar,beyond-the-bar,TV,TH,Thailand,6,6,2025-08-10,2025-09-14
Beyond the Bar,beyond-the-bar,TV,AE,United Arab Emirates,6,5,2025-08-10,2025-09-14
Beyond the Bar,beyond-the-bar,TV,VE,Venezuela,8,4,2025-08-03,2025-09-21
Beyond the Bar,beyond-the-bar,TV,VN,Vietnam,7,2,2025-08-10,2025-09-21
Big,big,Films,BO,Bolivia,1,7,2025-12-14,2025-12-14
Big,big,Films,CR,Costa Rica,1,9,2025-12-14,2025-12-14
Big,big,Films,DO,Dominican Republic,1,10,2025-12-14,2025-12-14
Big,big,Films,EC,Ecuador,1,4,2025-12-14,2025-12-14
Big,big,Films,SV,El Salvador,1,4,2025-12-14,2025-12-14
Big,big,Films,GT,Guatemala,1,4,2025-12-14,2025-12-14
Big,big,Films,HN,Honduras,1,5,2025-12-14,2025-12-14
Big,big,Films,MX,Mexico,1,4,2025-12-14,2025-12-14
Big,big,Films,NI,Nicaragua,1,9,2025-12-14,2025-12-14
Big,big,Films,PE,Peru,1,7,2025-12-14,2025-12-14
Big,big,Films,PH,Philippines,1,10,2025-12-28,2025-12-28
Big,big,Films,SG,Singapore,1,10,2025-12-28,2025-12-28
Birth of a Beauty,birth-of-a-beauty,TV,MY,Malaysia,2,7,2021-07-18,2021-08-01
Birth of a Beauty,birth-of-a-beauty,TV,SA,Saudi Arabia,3,9,2022-06-05,2022-06-19
Birth of a Beauty,birth-of-a-beauty,TV,KR,South Korea,1,7,2025-06-22,2025-06-22
Birthcare Center,birthcare-center,TV,ID,Indonesia,2,5,2022-12-04,2022-12-11
Birthcare Center,birthcare-center,TV,MY,Malaysia,3,4,2022-12-04,2022-12-18
Birthcare Center,birthcare-center,TV,SG,Singapore,2,5,2022-12-04,2022-12-11
Birthcare Center,birthcare-center,TV,KR,South Korea,1,9,2022-12-04,2022-12-04
Bitch and Rich,bitch-and-rich,TV,ID,Indonesia,9,6,2024-01-07,2026-08-16
Bitch and Rich,bitch-and-rich,TV,KW,Kuwait,1,9,2024-01-14,2024-01-14
Bitch and Rich,bitch-and-rich,TV,MY,Malaysia,5,7,2024-01-07,2026-08-16
Bitch and Rich,bitch-and-rich,TV,MV,Maldives,1,10,2024-01-14,2024-01-14
Bitch and Rich,bitch-and-rich,TV,NG,Nigeria,2,6,2024-01-14,2024-01-21
Bitch and Rich,bitch-and-rich,TV,OM,Oman,1,7,2024-01-14,2024-01-14
Bitch and Rich,bitch-and-rich,TV,PH,Philippines,5,6,2024-01-07,2026-08-16
Bitch and Rich,bitch-and-rich,TV,QA,Qatar,1,9,2024-01-14,2024-01-14
Bitch and Rich,bitch-and-rich,TV,SA,Saudi Arabia,1,7,2024-01-14,2024-01-14
Bitch and Rich,bitch-and-rich,TV,SG,Singapore,2,9,2024-01-14,2024-01-21
Bitch and Rich,bitch-and-rich,TV,KR,South Korea,10,2,2023-06-11,2025-08-03
Bitch and Rich,bitch-and-rich,TV,TH,Thailand,3,7,2024-01-07,2024-01-21
Bitch and Rich,bitch-and-rich,TV,VN,Vietnam,6,7,2024-01-07,2026-08-16
Black Dog,black-dog,TV,KR,South Korea,2,4,2022-04-10,2022-04-17
Black Dog,black-dog,TV,TW,Taiwan,2,8,2022-04-17,2022-04-24
Black Knight,black-knight,TV,AR,Argentina,1,10,2023-05-21,2023-05-21
Black Knight,black-knight,TV,AT,Austria,2,8,2023-05-14,2023-05-21
Black Knight,black-knight,TV,BS,Bahamas,2,2,2023-05-14,2023-05-21
Black Knight,black-knight,TV,BH,Bahrain,3,4,2021-08-01,2023-05-21
Black Knight,black-knight,TV,BD,Bangladesh,2,3,2023-05-14,2023-05-21
Black Knight,black-knight,TV,BE,Belgium,4,5,2023-01-22,2023-05-21
Black Knight,black-knight,TV,BO,Bolivia,2,4,2023-05-14,2023-05-21
Black Knight,black-knight,TV,BR,Brazil,3,4,2023-05-14,2023-05-28
Black Knight,black-knight,TV,BG,Bulgaria,2,4,2023-05-14,2023-05-21
Black Knight,black-knight,TV,CL,Chile,2,7,2023-05-14,2023-05-21
Black Knight,black-knight,TV,CO,Colombia,2,6,2023-05-14,2023-05-21
Black Knight,black-knight,TV,HR,Croatia,2,6,2023-05-14,2023-05-21
Black Knight,black-knight,TV,CY,Cyprus,2,7,2023-05-14,2023-05-21
Black Knight,black-knight,TV,CZ,Czech Republic,3,2,2023-05-14,2023-05-28
Black Knight,black-knight,TV,DO,Dominican Republic,2,3,2023-05-14,2023-05-21
Black Knight,black-knight,TV,EG,Egypt,2,4,2023-05-14,2023-05-21
Black Knight,black-knight,TV,SV,El Salvador,2,7,2023-05-14,2023-05-21
Black Knight,black-knight,TV,EE,Estonia,1,6,2023-05-21,2023-05-21
Black Knight,black-knight,TV,FI,Finland,2,5,2023-05-14,2023-05-21
Black Knight,black-knight,TV,FR,France,4,4,2023-01-22,2023-05-28
Black Knight,black-knight,TV,DE,Germany,2,6,2023-05-14,2023-05-21
Black Knight,black-knight,TV,GR,Greece,2,4,2023-05-14,2023-05-21
Black Knight,black-knight,TV,GP,Guadeloupe,5,1,2023-01-22,2023-05-28
Black Knight,black-knight,TV,GT,Guatemala,2,9,2023-05-14,2023-05-21
Black Knight,black-knight,TV,HN,Honduras,2,6,2023-05-14,2023-05-21
Black Knight,black-knight,TV,HK,Hong Kong,3,3,2023-05-14,2023-05-28
Black Knight,black-knight,TV,HU,Hungary,3,2,2023-05-14,2023-05-28
Black Knight,black-knight,TV,IN,India,2,3,2023-05-14,2023-05-21
Black Knight,black-knight,TV,ID,Indonesia,3,4,2023-05-14,2023-05-28
Black Knight,black-knight,TV,IT,Italy,1,7,2023-05-21,2023-05-21
Black Knight,black-knight,TV,JM,Jamaica,2,2,2023-05-14,2023-05-21
Black Knight,black-knight,TV,JP,Japan,1,9,2023-05-21,2023-05-21
Black Knight,black-knight,TV,JO,Jordan,2,4,2023-05-14,2023-05-21
Black Knight,black-knight,TV,KE,Kenya,4,2,2023-01-22,2023-05-21
Black Knight,black-knight,TV,KW,Kuwait,3,4,2023-05-14,2023-05-28
Black Knight,black-knight,TV,LV,Latvia,1,8,2023-05-21,2023-05-21
Black Knight,black-knight,TV,LB,Lebanon,1,6,2023-05-21,2023-05-21
Black Knight,black-knight,TV,LT,Lithuania,1,8,2023-05-21,2023-05-21
Black Knight,black-knight,TV,LU,Luxembourg,2,6,2023-01-22,2023-05-21
Black Knight,black-knight,TV,MY,Malaysia,3,3,2023-05-14,2023-05-28
Black Knight,black-knight,TV,MV,Maldives,2,4,2023-05-14,2023-05-21
Black Knight,black-knight,TV,MQ,Martinique,5,1,2023-01-22,2023-05-28
Black Knight,black-knight,TV,MU,Mauritius,5,2,2023-01-22,2023-05-28
Black Knight,black-knight,TV,MX,Mexico,2,5,2023-05-14,2023-05-21
Black Knight,black-knight,TV,MA,Morocco,3,3,2023-05-14,2023-05-28
Black Knight,black-knight,TV,NL,Netherlands,1,9,2023-01-22,2023-01-22
Black Knight,black-knight,TV,NC,New Caledonia,5,2,2023-01-22,2023-05-28
Black Knight,black-knight,TV,NZ,New Zealand,2,7,2023-05-14,2023-05-21
Black Knight,black-knight,TV,NI,Nicaragua,2,8,2023-05-14,2023-05-21
Black Knight,black-knight,TV,NG,Nigeria,4,3,2023-01-22,2023-05-28
Black Knight,black-knight,TV,OM,Oman,3,5,2023-05-14,2023-05-28
Black Knight,black-knight,TV,PK,Pakistan,3,3,2023-05-14,2023-05-28
Black Knight,black-knight,TV,PA,Panama,2,5,2023-05-14,2023-05-21
Black Knight,black-knight,TV,PY,Paraguay,2,5,2023-05-14,2023-05-21
Black Knight,black-knight,TV,PE,Peru,2,5,2023-05-14,2023-05-21
Black Knight,black-knight,TV,PH,Philippines,3,5,2023-05-14,2023-05-28
Black Knight,black-knight,TV,PL,Poland,2,4,2023-05-14,2023-05-21
Black Knight,black-knight,TV,PT,Portugal,3,4,2023-01-22,2023-05-21
Black Knight,black-knight,TV,QA,Qatar,3,3,2023-05-14,2023-05-28
Black Knight,black-knight,TV,RE,Réunion,5,2,2023-01-22,2023-05-28
Black Knight,black-knight,TV,RO,Romania,3,4,2023-05-14,2023-05-28
Black Knight,black-knight,TV,SA,Saudi Arabia,3,3,2023-05-14,2023-05-28
Black Knight,black-knight,TV,RS,Serbia,2,7,2023-05-14,2023-05-21
Black Knight,black-knight,TV,SG,Singapore,3,4,2023-05-14,2023-05-28
Black Knight,black-knight,TV,SK,Slovakia,3,2,2023-05-14,2023-05-28
Black Knight,black-knight,TV,SI,Slovenia,2,9,2023-05-14,2023-05-21
Black Knight,black-knight,TV,ZA,South Africa,2,4,2023-01-22,2023-01-29
Black Knight,black-knight,TV,KR,South Korea,4,1,2023-05-14,2023-06-04
Black Knight,black-knight,TV,ES,Spain,2,5,2023-01-22,2023-05-21
Black Knight,black-knight,TV,LK,Sri Lanka,2,4,2023-05-14,2023-05-21
Black Knight,black-knight,TV,CH,Switzerland,2,7,2023-05-14,2023-05-21
Black Knight,black-knight,TV,TW,Taiwan,1,7,2023-05-21,2023-05-21
Black Knight,black-knight,TV,TH,Thailand,4,2,2023-05-14,2024-09-29
Black Knight,black-knight,TV,TT,Trinidad and Tobago,2,4,2023-05-14,2023-05-21
Black Knight,black-knight,TV,TR,Turkey,4,3,2023-05-14,2023-06-04
Black Knight,black-knight,TV,AE,United Arab Emirates,3,4,2023-05-14,2023-05-28
Black Knight,black-knight,TV,UY,Uruguay,1,8,2023-05-21,2023-05-21
Black Knight,black-knight,TV,VE,Venezuela,1,10,2023-05-21,2023-05-21
Black Knight,black-knight,TV,VN,Vietnam,4,3,2023-05-14,2024-09-29
Black Money,black-money,Films,KR,South Korea,4,3,2022-01-16,2026-04-12
Black Night,black-night,Films,TR,Turkey,2,1,2023-10-22,2023-10-29
Black Out,black-out,TV,ID,Indonesia,2,6,2025-05-25,2025-06-01
Black Out,black-out,TV,MY,Malaysia,3,6,2025-05-25,2025-06-08
Black Out,black-out,TV,TH,Thailand,1,5,2025-08-24,2025-08-24
Black Out,black-out,TV,VN,Vietnam,1,10,2025-06-01,2025-06-01
Black Rain,black-rain,Films,GR,Greece,1,7,2026-02-08,2026-02-08
Black Rain,black-rain,Films,HK,Hong Kong,1,9,2026-02-08,2026-02-08
Blade of the Immortal,blade-of-the-immortal,Films,JP,Japan,1,9,2026-08-09,2026-08-09
Blade of the Immortal,blade-of-the-immortal,Films,KR,South Korea,3,3,2023-08-20,2023-09-03
Blind,blind,Films,KR,South Korea,2,6,2026-05-03,2026-05-10
Blood,blood,Films,DK,Denmark,1,9,2023-09-24,2023-09-24
Blood,blood,Films,FI,Finland,2,3,2023-09-24,2023-10-01
Blood,blood,Films,IE,Ireland,1,5,2025-10-26,2025-10-26
Blood,blood,Films,SE,Sweden,1,10,2023-09-24,2023-09-24
Blood,blood,Films,GB,United Kingdom,1,7,2025-10-26,2025-10-26
Bloodhounds,bloodhounds,TV,AR,Argentina,7,1,2023-06-18,2026-04-19
Bloodhounds,bloodhounds,TV,AU,Australia,2,8,2023-06-18,2026-04-12
Bloodhounds,bloodhounds,TV,AT,Austria,4,5,2023-06-18,2026-04-12
Bloodhounds,bloodhounds,TV,BS,Bahamas,4,3,2023-06-11,2026-04-12
Bloodhounds,bloodhounds,TV,BH,Bahrain,7,2,2023-06-18,2026-04-19
Bloodhounds,bloodhounds,TV,BD,Bangladesh,8,2,2023-06-18,2026-04-26
Bloodhounds,bloodhounds,TV,BE,Belgium,4,5,2023-06-18,2026-04-12
Bloodhounds,bloodhounds,TV,BO,Bolivia,12,1,2023-06-11,2026-05-03
Bloodhounds,bloodhounds,TV,BR,Brazil,7,3,2023-06-11,2026-04-19
Bloodhounds,bloodhounds,TV,BG,Bulgaria,5,2,2023-06-18,2026-04-19
Bloodhounds,bloodhounds,TV,CA,Canada,1,9,2023-06-18,2023-06-18
Bloodhounds,bloodhounds,TV,CL,Chile,9,2,2023-06-11,2026-04-19
Bloodhounds,bloodhounds,TV,CO,Colombia,7,3,2023-06-18,2026-04-19
Bloodhounds,bloodhounds,TV,CR,Costa Rica,3,4,2023-06-18,2026-04-12
Bloodhounds,bloodhounds,TV,HR,Croatia,1,6,2026-04-12,2026-04-12
Bloodhounds,bloodhounds,TV,CY,Cyprus,5,4,2023-06-11,2026-04-12
Bloodhounds,bloodhounds,TV,CZ,Czech Republic,5,4,2023-06-18,2026-04-19
Bloodhounds,bloodhounds,TV,DO,Dominican Republic,10,1,2023-06-11,2026-04-26
Bloodhounds,bloodhounds,TV,EC,Ecuador,7,2,2023-06-18,2026-04-19
Bloodhounds,bloodhounds,TV,EG,Egypt,10,3,2023-06-18,2026-05-03
Bloodhounds,bloodhounds,TV,SV,El Salvador,7,2,2023-06-18,2026-04-19
Bloodhounds,bloodhounds,TV,EE,Estonia,1,10,2026-04-12,2026-04-12
Bloodhounds,bloodhounds,TV,FI,Finland,2,9,2023-06-18,2026-04-12
Bloodhounds,bloodhounds,TV,FR,France,6,3,2023-06-11,2026-04-12
Bloodhounds,bloodhounds,TV,DE,Germany,4,4,2023-06-18,2026-04-12
Bloodhounds,bloodhounds,TV,GR,Greece,3,4,2023-06-18,2026-04-12
Bloodhounds,bloodhounds,TV,GP,Guadeloupe,6,3,2023-06-11,2026-04-12
Bloodhounds,bloodhounds,TV,GT,Guatemala,7,2,2023-06-18,2026-04-19
Bloodhounds,bloodhounds,TV,HN,Honduras,6,2,2023-06-18,2026-04-19
Bloodhounds,bloodhounds,TV,HK,Hong Kong,10,1,2023-06-11,2026-04-26
Bloodhounds,bloodhounds,TV,HU,Hungary,6,2,2023-06-11,2026-04-19
Bloodhounds,bloodhounds,TV,IN,India,10,2,2023-06-11,2026-04-26
Bloodhounds,bloodhounds,TV,ID,Indonesia,12,1,2023-06-11,2026-05-03
Bloodhounds,bloodhounds,TV,IL,Israel,3,4,2023-06-18,2026-04-12
Bloodhounds,bloodhounds,TV,IT,Italy,5,3,2023-06-18,2026-04-12
Bloodhounds,bloodhounds,TV,JM,Jamaica,5,3,2023-06-11,2026-04-12
Bloodhounds,bloodhounds,TV,JP,Japan,2,3,2023-06-18,2023-06-25
Bloodhounds,bloodhounds,TV,JO,Jordan,11,1,2023-06-18,2026-05-03
Bloodhounds,bloodhounds,TV,KE,Kenya,5,3,2023-06-11,2026-04-12
Bloodhounds,bloodhounds,TV,KW,Kuwait,10,2,2023-06-11,2026-04-19
Bloodhounds,bloodhounds,TV,LB,Lebanon,6,3,2023-06-18,2026-04-19
Bloodhounds,bloodhounds,TV,LT,Lithuania,2,5,2026-04-05,2026-04-12
Bloodhounds,bloodhounds,TV,LU,Luxembourg,4,4,2023-06-18,2026-04-12
Bloodhounds,bloodhounds,TV,MY,Malaysia,15,1,2023-06-11,2026-05-10
Bloodhounds,bloodhounds,TV,MV,Maldives,6,3,2023-06-18,2026-04-19
Bloodhounds,bloodhounds,TV,MT,Malta,1,10,2023-06-18,2023-06-18
Bloodhounds,bloodhounds,TV,MQ,Martinique,7,2,2023-06-11,2026-04-19
Bloodhounds,bloodhounds,TV,MU,Mauritius,10,1,2023-06-11,2026-04-26
Bloodhounds,bloodhounds,TV,MX,Mexico,7,2,2023-06-11,2026-04-19
Bloodhounds,bloodhounds,TV,MA,Morocco,16,1,2023-06-11,2026-05-03
Bloodhounds,bloodhounds,TV,NL,Netherlands,1,9,2023-06-18,2023-06-18
Bloodhounds,bloodhounds,TV,NC,New Caledonia,9,1,2023-06-11,2026-04-19
Bloodhounds,bloodhounds,TV,NZ,New Zealand,3,6,2023-06-11,2026-04-12
Bloodhounds,bloodhounds,TV,NI,Nicaragua,9,2,2023-06-18,2026-04-26
Bloodhounds,bloodhounds,TV,NG,Nigeria,11,1,2023-06-11,2026-05-03
Bloodhounds,bloodhounds,TV,NO,Norway,2,10,2023-06-18,2026-04-12
Bloodhounds,bloodhounds,TV,OM,Oman,10,2,2023-06-18,2026-04-26
Bloodhounds,bloodhounds,TV,PK,Pakistan,15,2,2023-06-11,2026-05-10
Bloodhounds,bloodhounds,TV,PA,Panama,5,4,2023-06-11,2026-04-12
Bloodhounds,bloodhounds,TV,PY,Paraguay,8,2,2023-06-11,2026-04-19
Bloodhounds,bloodhounds,TV,PE,Peru,12,2,2023-06-11,2026-04-26
Bloodhounds,bloodhounds,TV,PH,Philippines,12,1,2023-06-11,2026-05-03
Bloodhounds,bloodhounds,TV,PL,Poland,3,6,2023-06-18,2026-04-12
Bloodhounds,bloodhounds,TV,PT,Portugal,4,4,2023-06-18,2026-04-12
Bloodhounds,bloodhounds,TV,QA,Qatar,9,2,2023-06-11,2026-04-19
Bloodhounds,bloodhounds,TV,RE,Réunion,9,1,2023-06-11,2026-04-19
Bloodhounds,bloodhounds,TV,RO,Romania,5,4,2023-06-18,2026-04-12
Bloodhounds,bloodhounds,TV,SA,Saudi Arabia,10,1,2023-06-11,2026-04-19
Bloodhounds,bloodhounds,TV,RS,Serbia,3,6,2023-06-18,2026-04-12
Bloodhounds,bloodhounds,TV,SG,Singapore,11,1,2023-06-11,2026-04-26
Bloodhounds,bloodhounds,TV,SK,Slovakia,6,4,2023-06-11,2026-04-12
Bloodhounds,bloodhounds,TV,SI,Slovenia,1,5,2026-04-12,2026-04-12
Bloodhounds,bloodhounds,TV,ZA,South Africa,1,8,2023-06-18,2023-06-18
Bloodhounds,bloodhounds,TV,KR,South Korea,21,1,2023-06-11,2026-05-24
Bloodhounds,bloodhounds,TV,ES,Spain,3,6,2023-06-18,2026-04-12
Bloodhounds,bloodhounds,TV,LK,Sri Lanka,5,3,2023-06-18,2026-04-19
Bloodhounds,bloodhounds,TV,SE,Sweden,1,9,2023-06-18,2023-06-18
Bloodhounds,bloodhounds,TV,CH,Switzerland,4,4,2023-06-18,2026-04-12
Bloodhounds,bloodhounds,TV,TW,Taiwan,12,1,2023-06-11,2026-05-03
Bloodhounds,bloodhounds,TV,TH,Thailand,11,1,2023-06-11,2026-04-26
Bloodhounds,bloodhounds,TV,TT,Trinidad and Tobago,4,5,2023-06-11,2026-04-12
Bloodhounds,bloodhounds,TV,TR,Turkey,10,1,2023-06-11,2026-04-26
Bloodhounds,bloodhounds,TV,AE,United Arab Emirates,8,2,2023-06-11,2026-04-19
Bloodhounds,bloodhounds,TV,US,United States,1,8,2023-06-18,2023-06-18
Bloodhounds,bloodhounds,TV,UY,Uruguay,5,4,2023-06-18,2026-04-12
Bloodhounds,bloodhounds,TV,VE,Venezuela,7,2,2023-06-18,2026-04-19
Bloodhounds,bloodhounds,TV,VN,Vietnam,19,1,2023-06-11,2026-05-31
Blossom,blossom,TV,HK,Hong Kong,1,7,2025-01-12,2025-01-12
Blossom,blossom,TV,TW,Taiwan,4,3,2025-01-05,2025-01-26
Bodyguard,bodyguard,TV,BR,Brazil,1,10,2023-04-16,2023-04-16
Bodyguard,bodyguard,TV,EC,Ecuador,2,10,2023-09-24,2023-10-01
Bodyguard,bodyguard,TV,GP,Guadeloupe,1,8,2023-04-16,2023-04-16
Bodyguard,bodyguard,TV,GT,Guatemala,1,9,2023-10-01,2023-10-01
Bodyguard,bodyguard,TV,HN,Honduras,1,10,2023-10-01,2023-10-01
Bodyguard,bodyguard,TV,MQ,Martinique,1,9,2023-04-16,2023-04-16
Bodyguard,bodyguard,TV,MU,Mauritius,1,8,2023-04-16,2023-04-16
Bodyguard,bodyguard,TV,NC,New Caledonia,1,9,2023-04-16,2023-04-16
Bodyguard,bodyguard,TV,PY,Paraguay,1,9,2023-10-01,2023-10-01
Bodyguard,bodyguard,TV,RE,Réunion,1,10,2023-04-16,2023-04-16
Bodyguard,bodyguard,TV,RO,Romania,2,7,2023-04-09,2023-04-16
Bodyguard,bodyguard,TV,VE,Venezuela,2,4,2023-09-24,2023-10-01
Bogotá: City of the Lost,bogota-city-of-the-lost,Films,AR,Argentina,1,4,2025-02-09,2025-02-09
Bogotá: City of the Lost,bogota-city-of-the-lost,Films,AT,Austria,1,6,2025-02-09,2025-02-09
Bogotá: City of the Lost,bogota-city-of-the-lost,Films,BS,Bahamas,1,8,2025-02-09,2025-02-09
Bogotá: City of the Lost,bogota-city-of-the-lost,Films,BH,Bahrain,1,2,2025-02-09,2025-02-09
Bogotá: City of the Lost,bogota-city-of-the-lost,Films,BD,Bangladesh,2,2,2025-02-09,2025-02-16
Bogotá: City of the Lost,bogota-city-of-the-lost,Films,BE,Belgium,1,7,2025-02-09,2025-02-09
Bogotá: City of the Lost,bogota-city-of-the-lost,Films,BO,Bolivia,1,4,2025-02-09,2025-02-09
Bogotá: City of the Lost,bogota-city-of-the-lost,Films,BR,Brazil,1,4,2025-02-09,2025-02-09
Bogotá: City of the Lost,bogota-city-of-the-lost,Films,BG,Bulgaria,1,9,2025-02-09,2025-02-09
Bogotá: City of the Lost,bogota-city-of-the-lost,Films,CA,Canada,1,9,2025-02-09,2025-02-09
Bogotá: City of the Lost,bogota-city-of-the-lost,Films,CL,Chile,1,4,2025-02-09,2025-02-09
Bogotá: City of the Lost,bogota-city-of-the-lost,Films,CO,Colombia,2,1,2025-02-09,2025-02-16
Bogotá: City of the Lost,bogota-city-of-the-lost,Films,CR,Costa Rica,1,4,2025-02-09,2025-02-09
Bogotá: City of the Lost,bogota-city-of-the-lost,Films,CY,Cyprus,1,5,2025-02-09,2025-02-09
Bogotá: City of the Lost,bogota-city-of-the-lost,Films,CZ,Czech Republic,1,10,2025-02-09,2025-02-09
Bogotá: City of the Lost,bogota-city-of-the-lost,Films,DO,Dominican Republic,1,2,2025-02-09,2025-02-09
Bogotá: City of the Lost,bogota-city-of-the-lost,Films,EC,Ecuador,1,3,2025-02-09,2025-02-09
Bogotá: City of the Lost,bogota-city-of-the-lost,Films,SV,El Salvador,1,6,2025-02-09,2025-02-09
Bogotá: City of the Lost,bogota-city-of-the-lost,Films,DE,Germany,1,7,2025-02-09,2025-02-09
Bogotá: City of the Lost,bogota-city-of-the-lost,Films,GR,Greece,1,8,2025-02-09,2025-02-09
Bogotá: City of the Lost,bogota-city-of-the-lost,Films,GP,Guadeloupe,1,2,2025-02-09,2025-02-09
Bogotá: City of the Lost,bogota-city-of-the-lost,Films,GT,Guatemala,1,6,2025-02-09,2025-02-09
Bogotá: City of the Lost,bogota-city-of-the-lost,Films,HN,Honduras,1,3,2025-02-09,2025-02-09
Bogotá: City of the Lost,bogota-city-of-the-lost,Films,HK,Hong Kong,3,1,2025-02-09,2025-02-23
Bogotá: City of the Lost,bogota-city-of-the-lost,Films,HU,Hungary,1,6,2025-02-09,2025-02-09
Bogotá: City of the Lost,bogota-city-of-the-lost,Films,IN,India,1,3,2025-02-09,2025-02-09
Bogotá: City of the Lost,bogota-city-of-the-lost,Films,ID,Indonesia,2,3,2025-02-09,2025-02-16
Bogotá: City of the Lost,bogota-city-of-the-lost,Films,IL,Israel,1,8,2025-02-09,2025-02-09
Bogotá: City of the Lost,bogota-city-of-the-lost,Films,IT,Italy,1,5,2025-02-09,2025-02-09
Bogotá: City of the Lost,bogota-city-of-the-lost,Films,JM,Jamaica,1,9,2025-02-09,2025-02-09
Bogotá: City of the Lost,bogota-city-of-the-lost,Films,JP,Japan,2,2,2025-02-09,2025-02-16
Bogotá: City of the Lost,bogota-city-of-the-lost,Films,JO,Jordan,1,6,2025-02-09,2025-02-09
Bogotá: City of the Lost,bogota-city-of-the-lost,Films,KE,Kenya,1,5,2025-02-09,2025-02-09
Bogotá: City of the Lost,bogota-city-of-the-lost,Films,KW,Kuwait,1,2,2025-02-09,2025-02-09
Bogotá: City of the Lost,bogota-city-of-the-lost,Films,LB,Lebanon,1,7,2025-02-09,2025-02-09
Bogotá: City of the Lost,bogota-city-of-the-lost,Films,LU,Luxembourg,1,5,2025-02-09,2025-02-09
Bogotá: City of the Lost,bogota-city-of-the-lost,Films,MY,Malaysia,2,2,2025-02-09,2025-02-16
Bogotá: City of the Lost,bogota-city-of-the-lost,Films,MV,Maldives,1,3,2025-02-09,2025-02-09
Bogotá: City of the Lost,bogota-city-of-the-lost,Films,MT,Malta,1,7,2025-02-09,2025-02-09
Bogotá: City of the Lost,bogota-city-of-the-lost,Films,MQ,Martinique,1,3,2025-02-09,2025-02-09
Bogotá: City of the Lost,bogota-city-of-the-lost,Films,MU,Mauritius,1,4,2025-02-09,2025-02-09
Bogotá: City of the Lost,bogota-city-of-the-lost,Films,MX,Mexico,1,7,2025-02-09,2025-02-09
Bogotá: City of the Lost,bogota-city-of-the-lost,Films,MA,Morocco,2,1,2025-02-09,2025-02-16
Bogotá: City of the Lost,bogota-city-of-the-lost,Films,NC,New Caledonia,1,6,2025-02-09,2025-02-09
Bogotá: City of the Lost,bogota-city-of-the-lost,Films,NI,Nicaragua,1,3,2025-02-09,2025-02-09
Bogotá: City of the Lost,bogota-city-of-the-lost,Films,NG,Nigeria,2,1,2025-02-09,2025-02-16
Bogotá: City of the Lost,bogota-city-of-the-lost,Films,OM,Oman,1,1,2025-02-09,2025-02-09
Bogotá: City of the Lost,bogota-city-of-the-lost,Films,PK,Pakistan,2,2,2025-02-09,2025-02-16
Bogotá: City of the Lost,bogota-city-of-the-lost,Films,PA,Panama,2,2,2025-02-09,2025-02-16
Bogotá: City of the Lost,bogota-city-of-the-lost,Films,PY,Paraguay,1,3,2025-02-09,2025-02-09
Bogotá: City of the Lost,bogota-city-of-the-lost,Films,PE,Peru,2,2,2025-02-09,2025-02-16
Bogotá: City of the Lost,bogota-city-of-the-lost,Films,PH,Philippines,2,2,2025-02-09,2025-02-16
Bogotá: City of the Lost,bogota-city-of-the-lost,Films,PT,Portugal,1,5,2025-02-09,2025-02-09
Bogotá: City of the Lost,bogota-city-of-the-lost,Films,QA,Qatar,1,2,2025-02-09,2025-02-09
Bogotá: City of the Lost,bogota-city-of-the-lost,Films,RE,Réunion,1,4,2025-02-09,2025-02-09
Bogotá: City of the Lost,bogota-city-of-the-lost,Films,RO,Romania,1,2,2025-02-09,2025-02-09
Bogotá: City of the Lost,bogota-city-of-the-lost,Films,SA,Saudi Arabia,2,3,2025-02-09,2025-02-16
Bogotá: City of the Lost,bogota-city-of-the-lost,Films,SG,Singapore,2,1,2025-02-09,2025-02-16
Bogotá: City of the Lost,bogota-city-of-the-lost,Films,SK,Slovakia,1,8,2025-02-09,2025-02-09
Bogotá: City of the Lost,bogota-city-of-the-lost,Films,ZA,South Africa,1,10,2025-02-09,2025-02-09
Bogotá: City of the Lost,bogota-city-of-the-lost,Films,KR,South Korea,4,1,2025-02-09,2025-03-02
Bogotá: City of the Lost,bogota-city-of-the-lost,Films,ES,Spain,1,2,2025-02-09,2025-02-09
Bogotá: City of the Lost,bogota-city-of-the-lost,Films,LK,Sri Lanka,1,5,2025-02-09,2025-02-09
Bogotá: City of the Lost,bogota-city-of-the-lost,Films,CH,Switzerland,1,4,2025-02-09,2025-02-09
Bogotá: City of the Lost,bogota-city-of-the-lost,Films,TW,Taiwan,4,1,2025-02-09,2025-03-02
Bogotá: City of the Lost,bogota-city-of-the-lost,Films,TH,Thailand,2,2,2025-02-09,2025-02-16
Bogotá: City of the Lost,bogota-city-of-the-lost,Films,TT,Trinidad and Tobago,1,9,2025-02-09,2025-02-09
Bogotá: City of the Lost,bogota-city-of-the-lost,Films,TR,Turkey,1,4,2025-02-09,2025-02-09
Bogotá: City of the Lost,bogota-city-of-the-lost,Films,AE,United Arab Emirates,1,2,2025-02-09,2025-02-09
Bogotá: City of the Lost,bogota-city-of-the-lost,Films,US,United States,1,10,2025-02-09,2025-02-09
Bogotá: City of the Lost,bogota-city-of-the-lost,Films,UY,Uruguay,1,3,2025-02-09,2025-02-09
Bogotá: City of the Lost,bogota-city-of-the-lost,Films,VE,Venezuela,2,1,2025-02-09,2025-02-16
Bogotá: City of the Lost,bogota-city-of-the-lost,Films,VN,Vietnam,3,1,2025-02-09,2025-02-23
"Bon Appétit, Your Majesty",bon-appetit-your-majesty,TV,AR,Argentina,6,7,2025-08-31,2025-10-05
"Bon Appétit, Your Majesty",bon-appetit-your-majesty,TV,AU,Australia,5,6,2025-08-31,2025-10-05
"Bon Appétit, Your Majesty",bon-appetit-your-majesty,TV,BS,Bahamas,1,10,2025-08-31,2025-08-31
"Bon Appétit, Your Majesty",bon-appetit-your-majesty,TV,BH,Bahrain,7,1,2025-08-24,2025-10-05
"Bon Appétit, Your Majesty",bon-appetit-your-majesty,TV,BD,Bangladesh,12,1,2025-08-24,2025-11-09
"Bon Appétit, Your Majesty",bon-appetit-your-majesty,TV,BO,Bolivia,9,1,2025-08-24,2025-10-19
"Bon Appétit, Your Majesty",bon-appetit-your-majesty,TV,BR,Brazil,7,2,2025-08-24,2025-10-05
"Bon Appétit, Your Majesty",bon-appetit-your-majesty,TV,BG,Bulgaria,5,5,2025-08-31,2025-09-28
"Bon Appétit, Your Majesty",bon-appetit-your-majesty,TV,CL,Chile,7,1,2025-08-24,2025-10-05
"Bon Appétit, Your Majesty",bon-appetit-your-majesty,TV,CO,Colombia,9,1,2025-08-24,2025-10-19
"Bon Appétit, Your Majesty",bon-appetit-your-majesty,TV,CR,Costa Rica,7,2,2025-08-24,2025-10-05
"Bon Appétit, Your Majesty",bon-appetit-your-majesty,TV,HR,Croatia,1,9,2025-08-31,2025-08-31
"Bon Appétit, Your Majesty",bon-appetit-your-majesty,TV,CY,Cyprus,6,4,2025-08-31,2025-10-05
"Bon Appétit, Your Majesty",bon-appetit-your-majesty,TV,CZ,Czech Republic,3,8,2025-08-31,2025-09-21
"Bon Appétit, Your Majesty",bon-appetit-your-majesty,TV,DO,Dominican Republic,8,1,2025-08-24,2025-10-12
"Bon Appétit, Your Majesty",bon-appetit-your-majesty,TV,EC,Ecuador,9,1,2025-08-24,2025-10-19
"Bon Appétit, Your Majesty",bon-appetit-your-majesty,TV,EG,Egypt,7,2,2025-08-24,2025-10-05
"Bon Appétit, Your Majesty",bon-appetit-your-majesty,TV,SV,El Salvador,9,1,2025-08-24,2025-10-19
"Bon Appétit, Your Majesty",bon-appetit-your-majesty,TV,EE,Estonia,1,10,2025-09-14,2025-09-14
"Bon Appétit, Your Majesty",bon-appetit-your-majesty,TV,FI,Finland,5,8,2025-08-24,2025-09-21
"Bon Appétit, Your Majesty",bon-appetit-your-majesty,TV,FR,France,2,9,2025-08-31,2025-09-07
"Bon Appétit, Your Majesty",bon-appetit-your-majesty,TV,GR,Greece,6,3,2025-08-31,2025-10-05
"Bon Appétit, Your Majesty",bon-appetit-your-majesty,TV,GT,Guatemala,9,1,2025-08-24,2025-10-19
"Bon Appétit, Your Majesty",bon-appetit-your-majesty,TV,HN,Honduras,9,1,2025-08-24,2025-10-19
"Bon Appétit, Your Majesty",bon-appetit-your-majesty,TV,HK,Hong Kong,10,1,2025-08-24,2025-10-26
"Bon Appétit, Your Majesty",bon-appetit-your-majesty,TV,HU,Hungary,2,8,2025-08-31,2025-09-07
"Bon Appétit, Your Majesty",bon-appetit-your-majesty,TV,IN,India,8,2,2025-08-24,2025-10-12
"Bon Appétit, Your Majesty",bon-appetit-your-majesty,TV,ID,Indonesia,11,1,2025-08-24,2025-11-02
"Bon Appétit, Your Majesty",bon-appetit-your-majesty,TV,IL,Israel,6,4,2025-08-31,2025-10-05
"Bon Appétit, Your Majesty",bon-appetit-your-majesty,TV,IT,Italy,1,8,2025-09-07,2025-09-07
"Bon Appétit, Your Majesty",bon-appetit-your-majesty,TV,JM,Jamaica,6,5,2025-08-24,2025-09-28
"Bon Appétit, Your Majesty",bon-appetit-your-majesty,TV,JP,Japan,7,1,2025-08-31,2025-10-12
"Bon Appétit, Your Majesty",bon-appetit-your-majesty,TV,JO,Jordan,8,1,2025-08-24,2025-10-12
"Bon Appétit, Your Majesty",bon-appetit-your-majesty,TV,KE,Kenya,7,5,2025-08-24,2025-10-05
"Bon Appétit, Your Majesty",bon-appetit-your-majesty,TV,KW,Kuwait,8,1,2025-08-24,2025-10-12
"Bon Appétit, Your Majesty",bon-appetit-your-majesty,TV,LB,Lebanon,6,2,2025-08-31,2025-10-05
"Bon Appétit, Your Majesty",bon-appetit-your-majesty,TV,LT,Lithuania,1,9,2025-09-14,2025-09-14
"Bon Appétit, Your Majesty",bon-appetit-your-majesty,TV,LU,Luxembourg,2,7,2025-08-31,2025-09-07
"Bon Appétit, Your Majesty",bon-appetit-your-majesty,TV,MY,Malaysia,11,1,2025-08-24,2025-11-02
"Bon Appétit, Your Majesty",bon-appetit-your-majesty,TV,MV,Maldives,8,1,2025-08-24,2025-10-12
"Bon Appétit, Your Majesty",bon-appetit-your-majesty,TV,MT,Malta,3,7,2025-08-31,2025-09-14
"Bon Appétit, Your Majesty",bon-appetit-your-majesty,TV,MQ,Martinique,1,10,2025-08-31,2025-08-31
"Bon Appétit, Your Majesty",bon-appetit-your-majesty,TV,MU,Mauritius,7,4,2025-08-24,2025-10-05
"Bon Appétit, Your Majesty",bon-appetit-your-majesty,TV,MX,Mexico,8,2,2025-08-24,2025-10-19
"Bon Appétit, Your Majesty",bon-appetit-your-majesty,TV,MA,Morocco,8,1,2025-08-24,2025-10-12
"Bon Appétit, Your Majesty",bon-appetit-your-majesty,TV,NL,Netherlands,2,10,2025-08-31,2025-09-07
"Bon Appétit, Your Majesty",bon-appetit-your-majesty,TV,NC,New Caledonia,7,6,2025-08-24,2025-10-05
"Bon Appétit, Your Majesty",bon-appetit-your-majesty,TV,NZ,New Zealand,6,5,2025-08-24,2025-10-05
"Bon Appétit, Your Majesty",bon-appetit-your-majesty,TV,NI,Nicaragua,9,1,2025-08-24,2025-10-19
"Bon Appétit, Your Majesty",bon-appetit-your-majesty,TV,NG,Nigeria,8,2,2025-08-24,2025-10-12
"Bon Appétit, Your Majesty",bon-appetit-your-majesty,TV,OM,Oman,8,1,2025-08-24,2025-10-12
"Bon Appétit, Your Majesty",bon-appetit-your-majesty,TV,PK,Pakistan,8,1,2025-08-24,2025-10-12
"Bon Appétit, Your Majesty",bon-appetit-your-majesty,TV,PA,Panama,7,2,2025-08-24,2025-10-05
"Bon Appétit, Your Majesty",bon-appetit-your-majesty,TV,PY,Paraguay,8,1,2025-08-24,2025-10-12
"Bon Appétit, Your Majesty",bon-appetit-your-majesty,TV,PE,Peru,10,1,2025-08-24,2025-10-26
"Bon Appétit, Your Majesty",bon-appetit-your-majesty,TV,PH,Philippines,10,1,2025-08-24,2025-10-26
"Bon Appétit, Your Majesty",bon-appetit-your-majesty,TV,PT,Portugal,7,5,2025-08-24,2025-10-05
"Bon Appétit, Your Majesty",bon-appetit-your-majesty,TV,QA,Qatar,9,1,2025-08-24,2025-10-19
"Bon Appétit, Your Majesty",bon-appetit-your-majesty,TV,RE,Réunion,2,7,2025-08-31,2025-09-07
"Bon Appétit, Your Majesty",bon-appetit-your-majesty,TV,RO,Romania,7,3,2025-08-24,2025-10-05
"Bon Appétit, Your Majesty",bon-appetit-your-majesty,TV,SA,Saudi Arabia,8,1,2025-08-24,2025-10-12
"Bon Appétit, Your Majesty",bon-appetit-your-majesty,TV,RS,Serbia,3,6,2025-08-31,2025-09-14
"Bon Appétit, Your Majesty",bon-appetit-your-majesty,TV,SG,Singapore,10,1,2025-08-24,2025-10-26
"Bon Appétit, Your Majesty",bon-appetit-your-majesty,TV,SK,Slovakia,1,10,2025-09-07,2025-09-07
"Bon Appétit, Your Majesty",bon-appetit-your-majesty,TV,SI,Slovenia,1,9,2025-09-07,2025-09-07
"Bon Appétit, Your Majesty",bon-appetit-your-majesty,TV,ZA,South Africa,4,9,2025-08-31,2025-09-21
"Bon Appétit, Your Majesty",bon-appetit-your-majesty,TV,KR,South Korea,9,1,2025-08-24,2025-10-19
"Bon Appétit, Your Majesty",bon-appetit-your-majesty,TV,ES,Spain,4,8,2025-08-31,2025-09-28
"Bon Appétit, Your Majesty",bon-appetit-your-majesty,TV,LK,Sri Lanka,12,1,2025-08-24,2025-11-09
"Bon Appétit, Your Majesty",bon-appetit-your-majesty,TV,SE,Sweden,2,10,2025-08-31,2025-09-07
"Bon Appétit, Your Majesty",bon-appetit-your-majesty,TV,CH,Switzerland,1,10,2025-09-07,2025-09-07
"Bon Appétit, Your Majesty",bon-appetit-your-majesty,TV,TW,Taiwan,9,1,2025-08-24,2025-10-19
"Bon Appétit, Your Majesty",bon-appetit-your-majesty,TV,TH,Thailand,8,1,2025-08-24,2025-10-12
"Bon Appétit, Your Majesty",bon-appetit-your-majesty,TV,TT,Trinidad and Tobago,6,6,2025-08-24,2025-09-28
"Bon Appétit, Your Majesty",bon-appetit-your-majesty,TV,TR,Turkey,6,2,2025-08-24,2025-09-28
"Bon Appétit, Your Majesty",bon-appetit-your-majesty,TV,AE,United Arab Emirates,8,1,2025-08-24,2025-10-12
"Bon Appétit, Your Majesty",bon-appetit-your-majesty,TV,UY,Uruguay,5,8,2025-08-31,2025-09-28
"Bon Appétit, Your Majesty",bon-appetit-your-majesty,TV,VE,Venezuela,8,1,2025-08-24,2025-10-12
"Bon Appétit, Your Majesty",bon-appetit-your-majesty,TV,VN,Vietnam,10,1,2025-08-24,2025-10-26
Boomerang Family,boomerang-family,Films,KR,South Korea,5,2,2023-02-19,2023-09-17
Boy,boy,Films,NZ,New Zealand,1,1,2021-07-18,2021-07-18
Boyfriend on Demand,boyfriend-on-demand,TV,BH,Bahrain,1,4,2026-03-15,2026-03-15
Boyfriend on Demand,boyfriend-on-demand,TV,BD,Bangladesh,4,3,2026-03-08,2026-03-29
Boyfriend on Demand,boyfriend-on-demand,TV,BO,Bolivia,4,3,2026-03-08,2026-03-29
Boyfriend on Demand,boyfriend-on-demand,TV,BR,Brazil,3,3,2026-03-08,2026-03-22
Boyfriend on Demand,boyfriend-on-demand,TV,BG,Bulgaria,1,10,2026-03-15,2026-03-15
Boyfriend on Demand,boyfriend-on-demand,TV,CL,Chile,4,3,2026-03-08,2026-03-29
Boyfriend on Demand,boyfriend-on-demand,TV,CO,Colombia,4,3,2026-03-08,2026-03-29
Boyfriend on Demand,boyfriend-on-demand,TV,CR,Costa Rica,2,6,2026-03-08,2026-03-15
Boyfriend on Demand,boyfriend-on-demand,TV,DO,Dominican Republic,2,3,2026-03-08,2026-03-15
Boyfriend on Demand,boyfriend-on-demand,TV,EC,Ecuador,4,3,2026-03-08,2026-03-29
Boyfriend on Demand,boyfriend-on-demand,TV,EG,Egypt,1,5,2026-03-15,2026-03-15
Boyfriend on Demand,boyfriend-on-demand,TV,SV,El Salvador,4,2,2026-03-08,2026-03-29
Boyfriend on Demand,boyfriend-on-demand,TV,GR,Greece,1,9,2026-03-15,2026-03-15
Boyfriend on Demand,boyfriend-on-demand,TV,GT,Guatemala,4,3,2026-03-08,2026-03-29
Boyfriend on Demand,boyfriend-on-demand,TV,HN,Honduras,4,2,2026-03-08,2026-03-29
Boyfriend on Demand,boyfriend-on-demand,TV,HK,Hong Kong,5,2,2026-03-08,2026-04-05
Boyfriend on Demand,boyfriend-on-demand,TV,IN,India,4,4,2026-03-08,2026-03-29
Boyfriend on Demand,boyfriend-on-demand,TV,ID,Indonesia,5,2,2026-03-08,2026-04-05
Boyfriend on Demand,boyfriend-on-demand,TV,JP,Japan,1,4,2026-03-15,2026-03-15
Boyfriend on Demand,boyfriend-on-demand,TV,JO,Jordan,1,7,2026-03-15,2026-03-15
Boyfriend on Demand,boyfriend-on-demand,TV,KW,Kuwait,1,3,2026-03-15,2026-03-15
Boyfriend on Demand,boyfriend-on-demand,TV,LB,Lebanon,1,9,2026-03-15,2026-03-15
Boyfriend on Demand,boyfriend-on-demand,TV,MY,Malaysia,5,2,2026-03-08,2026-04-05
Boyfriend on Demand,boyfriend-on-demand,TV,MV,Maldives,3,3,2026-03-08,2026-03-22
Boyfriend on Demand,boyfriend-on-demand,TV,MX,Mexico,4,4,2026-03-08,2026-03-29
Boyfriend on Demand,boyfriend-on-demand,TV,MA,Morocco,1,3,2026-03-15,2026-03-15
Boyfriend on Demand,boyfriend-on-demand,TV,NI,Nicaragua,4,2,2026-03-08,2026-03-29
Boyfriend on Demand,boyfriend-on-demand,TV,NG,Nigeria,2,3,2026-03-08,2026-03-15
Boyfriend on Demand,boyfriend-on-demand,TV,OM,Oman,2,4,2026-03-08,2026-03-15
Boyfriend on Demand,boyfriend-on-demand,TV,PK,Pakistan,3,3,2026-03-08,2026-03-22
Boyfriend on Demand,boyfriend-on-demand,TV,PA,Panama,3,4,2026-03-08,2026-03-22
Boyfriend on Demand,boyfriend-on-demand,TV,PY,Paraguay,4,4,2026-03-08,2026-03-29
Boyfriend on Demand,boyfriend-on-demand,TV,PE,Peru,5,2,2026-03-08,2026-04-05
Boyfriend on Demand,boyfriend-on-demand,TV,PH,Philippines,4,2,2026-03-08,2026-03-29
Boyfriend on Demand,boyfriend-on-demand,TV,QA,Qatar,3,3,2026-03-08,2026-03-22
Boyfriend on Demand,boyfriend-on-demand,TV,RE,Réunion,1,9,2026-03-15,2026-03-15
Boyfriend on Demand,boyfriend-on-demand,TV,RO,Romania,1,10,2026-03-15,2026-03-15
Boyfriend on Demand,boyfriend-on-demand,TV,SA,Saudi Arabia,1,5,2026-03-15,2026-03-15
Boyfriend on Demand,boyfriend-on-demand,TV,SG,Singapore,4,3,2026-03-08,2026-03-29
Boyfriend on Demand,boyfriend-on-demand,TV,KR,South Korea,5,2,2026-03-08,2026-04-05
Boyfriend on Demand,boyfriend-on-demand,TV,LK,Sri Lanka,2,5,2026-03-08,2026-03-15
Boyfriend on Demand,boyfriend-on-demand,TV,TW,Taiwan,5,2,2026-03-08,2026-04-05
Boyfriend on Demand,boyfriend-on-demand,TV,TH,Thailand,3,3,2026-03-08,2026-03-22
Boyfriend on Demand,boyfriend-on-demand,TV,TR,Turkey,1,5,2026-03-15,2026-03-15
Boyfriend on Demand,boyfriend-on-demand,TV,AE,United Arab Emirates,2,4,2026-03-08,2026-03-15
Boyfriend on Demand,boyfriend-on-demand,TV,VE,Venezuela,4,3,2026-03-08,2026-03-29
Boyfriend on Demand,boyfriend-on-demand,TV,VN,Vietnam,4,2,2026-03-08,2026-03-29
Boys Over Flowers,boys-over-flowers,TV,BO,Bolivia,49,1,2022-06-19,2023-06-04
Boys Over Flowers,boys-over-flowers,TV,CL,Chile,4,4,2022-06-26,2022-07-17
Boys Over Flowers,boys-over-flowers,TV,DO,Dominican Republic,2,9,2022-06-26,2022-07-03
Boys Over Flowers,boys-over-flowers,TV,EC,Ecuador,5,3,2022-06-19,2022-07-17
Boys Over Flowers,boys-over-flowers,TV,SV,El Salvador,2,8,2022-06-26,2022-07-03
Boys Over Flowers,boys-over-flowers,TV,HN,Honduras,2,9,2022-06-26,2022-07-03
Boys Over Flowers,boys-over-flowers,TV,PE,Peru,12,3,2022-06-19,2023-05-21
Brewing Love,brewing-love,TV,KR,South Korea,5,4,2024-11-10,2024-12-08
Broker,broker,Films,KR,South Korea,5,6,2023-01-01,2023-01-29
Bros,bros,TV,IL,Israel,6,1,2024-04-21,2024-05-26
Bros,bros,TV,LB,Lebanon,1,7,2024-04-21,2024-04-21
Brother,brother,Films,BS,Bahamas,1,8,2023-10-08,2023-10-08
Brother,brother,Films,FR,France,1,4,2022-08-07,2022-08-07
Brother,brother,Films,GP,Guadeloupe,1,8,2022-08-07,2022-08-07
Brother,brother,Films,MQ,Martinique,1,8,2022-08-07,2022-08-07
Brother,brother,Films,NC,New Caledonia,1,10,2022-08-07,2022-08-07
Brother,brother,Films,RE,Réunion,1,7,2022-08-07,2022-08-07
Bugonia,bugonia,Films,KR,South Korea,1,7,2026-02-01,2026-02-01
Bugonia,bugonia,Films,US,United States,1,7,2026-05-03,2026-05-03
Bulgasal: Immortal Souls,bulgasal-immortal-souls,TV,HK,Hong Kong,8,4,2021-12-26,2022-02-13
Bulgasal: Immortal Souls,bulgasal-immortal-souls,TV,ID,Indonesia,8,6,2021-12-26,2022-02-13
Bulgasal: Immortal Souls,bulgasal-immortal-souls,TV,MY,Malaysia,9,2,2021-12-26,2022-02-20
Bulgasal: Immortal Souls,bulgasal-immortal-souls,TV,PH,Philippines,1,8,2022-02-13,2022-02-13
Bulgasal: Immortal Souls,bulgasal-immortal-souls,TV,QA,Qatar,2,6,2022-01-23,2022-02-13
Bulgasal: Immortal Souls,bulgasal-immortal-souls,TV,SA,Saudi Arabia,1,8,2022-02-13,2022-02-13
Bulgasal: Immortal Souls,bulgasal-immortal-souls,TV,SG,Singapore,8,4,2021-12-26,2022-02-20
Bulgasal: Immortal Souls,bulgasal-immortal-souls,TV,KR,South Korea,8,2,2021-12-26,2022-02-13
Bulgasal: Immortal Souls,bulgasal-immortal-souls,TV,TW,Taiwan,7,5,2022-01-02,2022-02-13
Bulgasal: Immortal Souls,bulgasal-immortal-souls,TV,TH,Thailand,5,2,2021-12-26,2022-02-13
Bulgasal: Immortal Souls,bulgasal-immortal-souls,TV,AE,United Arab Emirates,1,10,2022-02-13,2022-02-13
Bulgasal: Immortal Souls,bulgasal-immortal-souls,TV,VN,Vietnam,6,5,2022-01-02,2022-02-13
Business Proposal,business-proposal,TV,AU,Australia,2,7,2022-04-03,2022-04-10
Business Proposal,business-proposal,TV,BH,Bahrain,9,1,2022-03-13,2022-05-08
Business Proposal,business-proposal,TV,BD,Bangladesh,29,1,2022-03-06,2023-04-09
Business Proposal,business-proposal,TV,BO,Bolivia,15,3,2022-04-17,2022-12-18
Business Proposal,business-proposal,TV,BR,Brazil,3,3,2022-05-01,2022-05-15
Business Proposal,business-proposal,TV,BG,Bulgaria,2,7,2022-04-03,2022-04-10
Business Proposal,business-proposal,TV,CA,Canada,1,9,2022-04-03,2022-04-03
Business Proposal,business-proposal,TV,CL,Chile,5,6,2022-04-24,2022-05-22
Business Proposal,business-proposal,TV,CO,Colombia,5,5,2022-04-24,2022-05-22
Business Proposal,business-proposal,TV,CR,Costa Rica,3,5,2022-05-01,2022-05-15
Business Proposal,business-proposal,TV,DO,Dominican Republic,6,2,2022-04-17,2022-05-22
Business Proposal,business-proposal,TV,EC,Ecuador,6,4,2022-04-17,2022-05-22
Business Proposal,business-proposal,TV,EG,Egypt,5,3,2022-03-20,2022-04-17
Business Proposal,business-proposal,TV,SV,El Salvador,7,4,2022-04-17,2022-05-29
Business Proposal,business-proposal,TV,GR,Greece,1,8,2022-05-15,2022-05-15
Business Proposal,business-proposal,TV,GT,Guatemala,6,5,2022-04-17,2022-05-22
Business Proposal,business-proposal,TV,HN,Honduras,8,3,2022-04-17,2022-07-17
Business Proposal,business-proposal,TV,HK,Hong Kong,12,1,2022-03-06,2022-05-22
Business Proposal,business-proposal,TV,IN,India,19,2,2022-03-13,2022-12-18
Business Proposal,business-proposal,TV,ID,Indonesia,21,1,2022-03-06,2025-07-06
Business Proposal,business-proposal,TV,JM,Jamaica,2,9,2022-04-03,2022-04-10
Business Proposal,business-proposal,TV,JP,Japan,12,1,2022-03-06,2022-05-22
Business Proposal,business-proposal,TV,JO,Jordan,6,1,2022-03-13,2022-04-17
Business Proposal,business-proposal,TV,KE,Kenya,6,4,2022-03-20,2022-04-24
Business Proposal,business-proposal,TV,KW,Kuwait,9,1,2022-03-13,2022-05-08
Business Proposal,business-proposal,TV,LB,Lebanon,5,4,2022-03-20,2022-04-17
Business Proposal,business-proposal,TV,MY,Malaysia,14,1,2022-03-06,2022-06-05
Business Proposal,business-proposal,TV,MV,Maldives,12,1,2022-03-06,2022-05-22
Business Proposal,business-proposal,TV,MQ,Martinique,1,9,2022-05-15,2022-05-15
Business Proposal,business-proposal,TV,MU,Mauritius,5,3,2022-03-20,2022-04-17
Business Proposal,business-proposal,TV,MX,Mexico,7,3,2022-04-17,2022-05-29
Business Proposal,business-proposal,TV,MA,Morocco,7,2,2022-04-10,2022-05-22
Business Proposal,business-proposal,TV,NC,New Caledonia,2,4,2022-05-08,2022-05-15
Business Proposal,business-proposal,TV,NZ,New Zealand,2,7,2022-04-03,2022-04-10
Business Proposal,business-proposal,TV,NI,Nicaragua,8,4,2022-04-17,2022-07-17
Business Proposal,business-proposal,TV,NG,Nigeria,12,1,2022-03-13,2022-05-29
Business Proposal,business-proposal,TV,OM,Oman,9,1,2022-03-13,2022-05-08
Business Proposal,business-proposal,TV,PK,Pakistan,18,2,2022-03-13,2022-12-18
Business Proposal,business-proposal,TV,PA,Panama,6,4,2022-04-17,2022-05-22
Business Proposal,business-proposal,TV,PY,Paraguay,4,4,2022-04-24,2022-05-15
Business Proposal,business-proposal,TV,PE,Peru,12,1,2022-04-17,2022-07-17
Business Proposal,business-proposal,TV,PH,Philippines,13,1,2022-03-06,2022-05-29
Business Proposal,business-proposal,TV,PT,Portugal,1,10,2022-05-01,2022-05-01
Business Proposal,business-proposal,TV,QA,Qatar,11,1,2022-03-13,2022-05-22
Business Proposal,business-proposal,TV,RE,Réunion,2,7,2022-05-08,2022-05-15
Business Proposal,business-proposal,TV,SA,Saudi Arabia,12,1,2022-03-06,2022-05-22
Business Proposal,business-proposal,TV,RS,Serbia,1,8,2022-04-10,2022-04-10
Business Proposal,business-proposal,TV,SG,Singapore,13,1,2022-03-06,2022-05-29
Business Proposal,business-proposal,TV,ZA,South Africa,2,7,2022-04-03,2022-04-10
Business Proposal,business-proposal,TV,KR,South Korea,10,2,2022-03-06,2022-05-08
Business Proposal,business-proposal,TV,LK,Sri Lanka,13,1,2022-03-13,2022-06-12
Business Proposal,business-proposal,TV,TW,Taiwan,12,1,2022-03-06,2022-05-22
Business Proposal,business-proposal,TV,TH,Thailand,18,1,2022-03-06,2022-10-30
Business Proposal,business-proposal,TV,TT,Trinidad and Tobago,2,6,2022-04-03,2022-04-10
Business Proposal,business-proposal,TV,TR,Turkey,3,7,2022-04-24,2022-05-15
Business Proposal,business-proposal,TV,AE,United Arab Emirates,11,1,2022-03-13,2022-05-22
Business Proposal,business-proposal,TV,VE,Venezuela,3,7,2022-05-01,2022-05-15
Business Proposal,business-proposal,TV,VN,Vietnam,13,1,2022-03-06,2022-05-29
Butterfly,butterfly,TV,IE,Ireland,2,4,2024-09-22,2024-09-29
Butterfly,butterfly,TV,GB,United Kingdom,1,9,2024-09-22,2024-09-22
By Quantum Physics: A Nightlife Venture,by-quantum-physics-a-nightlife-venture,Films,KR,South Korea,2,4,2024-06-02,2024-06-09
By Quantum Physics: A Nightlife Venture,by-quantum-physics-a-nightlife-venture,Films,TW,Taiwan,2,3,2021-12-19,2021-12-26
Cabriolet,cabriolet,Films,KR,South Korea,2,4,2025-02-16,2025-02-23
Café Minamdang,cafe-minamdang,TV,HK,Hong Kong,5,4,2022-08-14,2022-09-11
Café Minamdang,cafe-minamdang,TV,ID,Indonesia,12,3,2022-07-03,2022-09-18
Café Minamdang,cafe-minamdang,TV,JP,Japan,7,4,2022-07-24,2022-09-04
Café Minamdang,cafe-minamdang,TV,MY,Malaysia,10,4,2022-07-10,2022-09-11
Café Minamdang,cafe-minamdang,TV,PH,Philippines,3,6,2022-08-21,2022-09-04
Café Minamdang,cafe-minamdang,TV,SG,Singapore,9,4,2022-07-10,2022-09-11
Café Minamdang,cafe-minamdang,TV,KR,South Korea,9,4,2022-07-03,2022-08-28
Café Minamdang,cafe-minamdang,TV,TW,Taiwan,4,4,2022-08-14,2022-09-04
Café Minamdang,cafe-minamdang,TV,TH,Thailand,3,8,2022-08-14,2022-08-28
Café Minamdang,cafe-minamdang,TV,VN,Vietnam,9,4,2022-07-17,2022-09-11
Camping,camping,Films,FR,France,2,8,2025-07-20,2025-07-27
Can This Love Be Translated?,can-this-love-be-translated,TV,AR,Argentina,1,10,2026-01-25,2026-01-25
Can This Love Be Translated?,can-this-love-be-translated,TV,BH,Bahrain,3,3,2026-01-18,2026-02-01
Can This Love Be Translated?,can-this-love-be-translated,TV,BD,Bangladesh,6,2,2026-01-18,2026-02-22
Can This Love Be Translated?,can-this-love-be-translated,TV,BO,Bolivia,5,1,2026-01-18,2026-02-15
Can This Love Be Translated?,can-this-love-be-translated,TV,BR,Brazil,3,2,2026-01-18,2026-02-01
Can This Love Be Translated?,can-this-love-be-translated,TV,CL,Chile,4,3,2026-01-18,2026-02-08
Can This Love Be Translated?,can-this-love-be-translated,TV,CO,Colombia,4,1,2026-01-18,2026-02-08
Can This Love Be Translated?,can-this-love-be-translated,TV,CR,Costa Rica,3,3,2026-01-18,2026-02-01
Can This Love Be Translated?,can-this-love-be-translated,TV,CY,Cyprus,1,7,2026-01-25,2026-01-25
Can This Love Be Translated?,can-this-love-be-translated,TV,DO,Dominican Republic,3,4,2026-01-18,2026-02-01
Can This Love Be Translated?,can-this-love-be-translated,TV,EC,Ecuador,5,2,2026-01-18,2026-02-15
Can This Love Be Translated?,can-this-love-be-translated,TV,EG,Egypt,2,3,2026-01-25,2026-02-01
Can This Love Be Translated?,can-this-love-be-translated,TV,SV,El Salvador,5,1,2026-01-18,2026-02-15
Can This Love Be Translated?,can-this-love-be-translated,TV,FR,France,1,6,2026-01-25,2026-01-25
Can This Love Be Translated?,can-this-love-be-translated,TV,GR,Greece,1,5,2026-01-25,2026-01-25
Can This Love Be Translated?,can-this-love-be-translated,TV,GP,Guadeloupe,1,8,2026-01-25,2026-01-25
Can This Love Be Translated?,can-this-love-be-translated,TV,GT,Guatemala,5,1,2026-01-18,2026-02-15
Can This Love Be Translated?,can-this-love-be-translated,TV,HN,Honduras,5,1,2026-01-18,2026-02-15
Can This Love Be Translated?,can-this-love-be-translated,TV,HK,Hong Kong,6,2,2026-01-18,2026-02-22
Can This Love Be Translated?,can-this-love-be-translated,TV,HU,Hungary,1,9,2026-01-25,2026-01-25
Can This Love Be Translated?,can-this-love-be-translated,TV,IN,India,4,3,2026-01-18,2026-02-08
Can This Love Be Translated?,can-this-love-be-translated,TV,ID,Indonesia,7,1,2026-01-18,2026-03-01
Can This Love Be Translated?,can-this-love-be-translated,TV,IL,Israel,1,7,2026-01-25,2026-01-25
Can This Love Be Translated?,can-this-love-be-translated,TV,IT,Italy,1,9,2026-01-25,2026-01-25
Can This Love Be Translated?,can-this-love-be-translated,TV,JP,Japan,2,8,2026-01-25,2026-02-01
Can This Love Be Translated?,can-this-love-be-translated,TV,JO,Jordan,2,3,2026-01-25,2026-02-01
Can This Love Be Translated?,can-this-love-be-translated,TV,KW,Kuwait,2,4,2026-01-25,2026-02-01
Can This Love Be Translated?,can-this-love-be-translated,TV,LB,Lebanon,1,5,2026-01-25,2026-01-25
Can This Love Be Translated?,can-this-love-be-translated,TV,LU,Luxembourg,1,7,2026-01-25,2026-01-25
Can This Love Be Translated?,can-this-love-be-translated,TV,MY,Malaysia,7,1,2026-01-18,2026-03-01
Can This Love Be Translated?,can-this-love-be-translated,TV,MV,Maldives,3,4,2026-01-18,2026-02-01
Can This Love Be Translated?,can-this-love-be-translated,TV,MQ,Martinique,1,7,2026-01-25,2026-01-25
Can This Love Be Translated?,can-this-love-be-translated,TV,MU,Mauritius,1,5,2026-01-25,2026-01-25
Can This Love Be Translated?,can-this-love-be-translated,TV,MX,Mexico,5,1,2026-01-18,2026-02-15
Can This Love Be Translated?,can-this-love-be-translated,TV,MA,Morocco,3,2,2026-01-18,2026-02-01
Can This Love Be Translated?,can-this-love-be-translated,TV,NC,New Caledonia,1,5,2026-01-25,2026-01-25
Can This Love Be Translated?,can-this-love-be-translated,TV,NI,Nicaragua,5,1,2026-01-18,2026-02-15
Can This Love Be Translated?,can-this-love-be-translated,TV,NG,Nigeria,2,3,2026-01-25,2026-02-01
Can This Love Be Translated?,can-this-love-be-translated,TV,OM,Oman,4,3,2026-01-18,2026-02-08
Can This Love Be Translated?,can-this-love-be-translated,TV,PK,Pakistan,3,2,2026-01-25,2026-02-08
Can This Love Be Translated?,can-this-love-be-translated,TV,PA,Panama,3,2,2026-01-18,2026-02-01
Can This Love Be Translated?,can-this-love-be-translated,TV,PY,Paraguay,4,1,2026-01-18,2026-02-08
Can This Love Be Translated?,can-this-love-be-translated,TV,PE,Peru,5,1,2026-01-18,2026-02-15
Can This Love Be Translated?,can-this-love-be-translated,TV,PH,Philippines,7,1,2026-01-18,2026-03-01
Can This Love Be Translated?,can-this-love-be-translated,TV,PL,Poland,1,10,2026-01-25,2026-01-25
Can This Love Be Translated?,can-this-love-be-translated,TV,PT,Portugal,2,6,2026-01-18,2026-01-25
Can This Love Be Translated?,can-this-love-be-translated,TV,QA,Qatar,4,3,2026-01-18,2026-02-08
Can This Love Be Translated?,can-this-love-be-translated,TV,RE,Réunion,2,4,2026-01-25,2026-02-01
Can This Love Be Translated?,can-this-love-be-translated,TV,RO,Romania,2,6,2026-01-18,2026-01-25
Can This Love Be Translated?,can-this-love-be-translated,TV,SA,Saudi Arabia,4,2,2026-01-18,2026-02-08
Can This Love Be Translated?,can-this-love-be-translated,TV,SG,Singapore,4,2,2026-01-18,2026-02-08
Can This Love Be Translated?,can-this-love-be-translated,TV,KR,South Korea,7,1,2026-01-18,2026-03-01
Can This Love Be Translated?,can-this-love-be-translated,TV,ES,Spain,1,9,2026-01-25,2026-01-25
Can This Love Be Translated?,can-this-love-be-translated,TV,LK,Sri Lanka,2,4,2026-01-25,2026-02-01
Can This Love Be Translated?,can-this-love-be-translated,TV,TW,Taiwan,7,2,2026-01-18,2026-03-01
Can This Love Be Translated?,can-this-love-be-translated,TV,TH,Thailand,7,1,2026-01-18,2026-03-01
Can This Love Be Translated?,can-this-love-be-translated,TV,TR,Turkey,2,6,2026-01-25,2026-02-01
Can This Love Be Translated?,can-this-love-be-translated,TV,AE,United Arab Emirates,3,3,2026-01-18,2026-02-01
Can This Love Be Translated?,can-this-love-be-translated,TV,VE,Venezuela,4,2,2026-01-18,2026-02-08
Can This Love Be Translated?,can-this-love-be-translated,TV,VN,Vietnam,21,1,2026-01-18,2026-08-16
Canola,canola,Films,KR,South Korea,2,7,2025-12-14,2025-12-21
Canola,canola,Films,TW,Taiwan,1,8,2025-12-07,2025-12-07
Captivating the King,captivating-the-king,TV,BH,Bahrain,1,10,2024-01-28,2024-01-28
Captivating the King,captivating-the-king,TV,BR,Brazil,1,9,2024-02-11,2024-02-11
Captivating the King,captivating-the-king,TV,DO,Dominican Republic,1,8,2024-02-11,2024-02-11
Captivating the King,captivating-the-king,TV,SV,El Salvador,2,10,2024-02-11,2024-02-18
Captivating the King,captivating-the-king,TV,GR,Greece,1,9,2024-01-28,2024-01-28
Captivating the King,captivating-the-king,TV,HK,Hong Kong,2,8,2024-01-28,2024-02-18
Captivating the King,captivating-the-king,TV,ID,Indonesia,6,4,2024-01-28,2024-03-03
Captivating the King,captivating-the-king,TV,KW,Kuwait,1,9,2024-01-28,2024-01-28
Captivating the King,captivating-the-king,TV,MY,Malaysia,4,6,2024-01-28,2024-02-18
Captivating the King,captivating-the-king,TV,NG,Nigeria,4,8,2024-01-28,2024-02-25
Captivating the King,captivating-the-king,TV,PH,Philippines,4,6,2024-01-28,2024-02-18
Captivating the King,captivating-the-king,TV,PT,Portugal,1,9,2024-01-28,2024-01-28
Captivating the King,captivating-the-king,TV,QA,Qatar,2,7,2024-01-28,2024-02-04
Captivating the King,captivating-the-king,TV,RO,Romania,1,7,2024-01-28,2024-01-28
Captivating the King,captivating-the-king,TV,SG,Singapore,5,3,2024-01-28,2024-03-03
Captivating the King,captivating-the-king,TV,KR,South Korea,7,2,2024-01-28,2024-03-10
Captivating the King,captivating-the-king,TV,LK,Sri Lanka,1,9,2024-01-28,2024-01-28
Captivating the King,captivating-the-king,TV,TW,Taiwan,2,6,2024-01-28,2024-02-04
Captivating the King,captivating-the-king,TV,TH,Thailand,6,3,2024-01-28,2024-03-03
Captivating the King,captivating-the-king,TV,AE,United Arab Emirates,1,9,2024-01-28,2024-01-28
Captivating the King,captivating-the-king,TV,VN,Vietnam,4,6,2024-01-28,2024-03-03
Carter,carter,Films,AR,Argentina,2,4,2022-08-07,2022-08-14
Carter,carter,Films,AU,Australia,2,9,2022-08-07,2022-08-14
Carter,carter,Films,AT,Austria,2,5,2022-08-07,2022-08-14
Carter,carter,Films,BS,Bahamas,2,2,2022-08-07,2022-08-14
Carter,carter,Films,BH,Bahrain,2,4,2022-08-07,2022-08-14
Carter,carter,Films,BD,Bangladesh,2,4,2022-08-07,2022-08-14
Carter,carter,Films,BE,Belgium,2,5,2022-08-07,2022-08-14
Carter,carter,Films,BO,Bolivia,2,4,2022-08-07,2022-08-14
Carter,carter,Films,BR,Brazil,2,3,2022-08-07,2022-08-14
Carter,carter,Films,BG,Bulgaria,2,6,2022-08-07,2022-08-14
Carter,carter,Films,CA,Canada,2,5,2022-08-07,2022-08-14
Carter,carter,Films,CL,Chile,2,2,2022-08-07,2022-08-14
Carter,carter,Films,CO,Colombia,2,3,2022-08-07,2022-08-14
Carter,carter,Films,CR,Costa Rica,2,5,2022-08-07,2022-08-14
Carter,carter,Films,HR,Croatia,2,7,2022-08-07,2022-08-14
Carter,carter,Films,CY,Cyprus,2,4,2022-08-07,2022-08-14
Carter,carter,Films,CZ,Czech Republic,2,8,2022-08-07,2022-08-14
Carter,carter,Films,DK,Denmark,2,6,2022-08-07,2022-08-14
Carter,carter,Films,DO,Dominican Republic,2,2,2022-08-07,2022-08-14
Carter,carter,Films,EC,Ecuador,2,4,2022-08-07,2022-08-14
Carter,carter,Films,EG,Egypt,2,5,2022-08-07,2022-08-14
Carter,carter,Films,SV,El Salvador,2,4,2022-08-07,2022-08-14
Carter,carter,Films,EE,Estonia,2,5,2022-08-07,2022-08-14
Carter,carter,Films,FI,Finland,2,4,2022-08-07,2022-08-14
Carter,carter,Films,FR,France,2,4,2022-08-07,2022-08-14
Carter,carter,Films,DE,Germany,2,4,2022-08-07,2022-08-14
Carter,carter,Films,GR,Greece,2,5,2022-08-07,2022-08-14
Carter,carter,Films,GP,Guadeloupe,2,2,2022-08-07,2022-08-14
Carter,carter,Films,GT,Guatemala,2,5,2022-08-07,2022-08-14
Carter,carter,Films,HN,Honduras,2,3,2022-08-07,2022-08-14
Carter,carter,Films,HK,Hong Kong,3,1,2022-08-07,2022-08-21
Carter,carter,Films,HU,Hungary,2,9,2022-08-07,2022-08-14
Carter,carter,Films,IS,Iceland,2,6,2022-08-07,2022-08-14
Carter,carter,Films,IN,India,2,5,2022-08-07,2022-08-14
Carter,carter,Films,ID,Indonesia,3,2,2022-08-07,2022-08-21
Carter,carter,Films,IE,Ireland,1,9,2022-08-14,2022-08-14
Carter,carter,Films,IL,Israel,2,4,2022-08-07,2022-08-14
Carter,carter,Films,IT,Italy,1,8,2022-08-14,2022-08-14
Carter,carter,Films,JM,Jamaica,2,2,2022-08-07,2022-08-14
Carter,carter,Films,JP,Japan,2,1,2022-08-07,2022-08-14
Carter,carter,Films,JO,Jordan,3,3,2022-08-07,2022-08-21
Carter,carter,Films,KE,Kenya,3,2,2022-08-07,2022-08-21
Carter,carter,Films,KW,Kuwait,3,3,2022-08-07,2022-08-21
Carter,carter,Films,LV,Latvia,2,7,2022-08-07,2022-08-14
Carter,carter,Films,LB,Lebanon,3,2,2022-08-07,2022-08-21
Carter,carter,Films,LT,Lithuania,2,7,2022-08-07,2022-08-14
Carter,carter,Films,LU,Luxembourg,2,4,2022-08-07,2022-08-14
Carter,carter,Films,MY,Malaysia,2,2,2022-08-07,2022-08-14
Carter,carter,Films,MV,Maldives,2,3,2022-08-07,2022-08-14
Carter,carter,Films,MT,Malta,2,7,2022-08-07,2022-08-14
Carter,carter,Films,MQ,Martinique,3,2,2022-08-07,2022-08-21
Carter,carter,Films,MU,Mauritius,2,5,2022-08-07,2022-08-14
Carter,carter,Films,MX,Mexico,2,5,2022-08-07,2022-08-14
Carter,carter,Films,MA,Morocco,3,2,2022-08-07,2022-08-21
Carter,carter,Films,NL,Netherlands,2,6,2022-08-07,2022-08-14
Carter,carter,Films,NC,New Caledonia,2,3,2022-08-07,2022-08-14
Carter,carter,Films,NZ,New Zealand,2,7,2022-08-07,2022-08-14
Carter,carter,Films,NI,Nicaragua,2,4,2022-08-07,2022-08-14
Carter,carter,Films,NG,Nigeria,3,3,2022-08-07,2022-08-21
Carter,carter,Films,NO,Norway,2,5,2022-08-07,2022-08-14
Carter,carter,Films,OM,Oman,3,2,2022-08-07,2022-08-21
Carter,carter,Films,PK,Pakistan,2,2,2022-08-07,2022-08-14
Carter,carter,Films,PA,Panama,2,3,2022-08-07,2022-08-14
Carter,carter,Films,PY,Paraguay,2,2,2022-08-07,2022-08-14
Carter,carter,Films,PE,Peru,2,3,2022-08-07,2022-08-14
Carter,carter,Films,PH,Philippines,2,2,2022-08-07,2022-08-14
Carter,carter,Films,PL,Poland,2,5,2022-08-07,2022-08-14
Carter,carter,Films,PT,Portugal,2,4,2022-08-07,2022-08-14
Carter,carter,Films,QA,Qatar,2,3,2022-08-07,2022-08-14
Carter,carter,Films,RE,Réunion,3,3,2022-08-07,2022-08-21
Carter,carter,Films,RO,Romania,2,3,2022-08-07,2022-08-14
Carter,carter,Films,SA,Saudi Arabia,4,3,2022-08-07,2022-08-28
Carter,carter,Films,RS,Serbia,2,6,2022-08-07,2022-08-14
Carter,carter,Films,SG,Singapore,2,2,2022-08-07,2022-08-14
Carter,carter,Films,SK,Slovakia,2,10,2022-08-07,2022-08-14
Carter,carter,Films,SI,Slovenia,2,7,2022-08-07,2022-08-14
Carter,carter,Films,ZA,South Africa,2,4,2022-08-07,2022-08-14
Carter,carter,Films,KR,South Korea,5,1,2022-08-07,2022-09-04
Carter,carter,Films,ES,Spain,2,4,2022-08-07,2022-08-14
Carter,carter,Films,LK,Sri Lanka,2,7,2022-08-07,2022-08-14
Carter,carter,Films,SE,Sweden,2,5,2022-08-07,2022-08-14
Carter,carter,Films,CH,Switzerland,2,4,2022-08-07,2022-08-14
Carter,carter,Films,TW,Taiwan,3,1,2022-08-07,2022-08-21
Carter,carter,Films,TH,Thailand,3,2,2022-08-07,2022-08-21
Carter,carter,Films,TT,Trinidad and Tobago,2,3,2022-08-07,2022-08-14
Carter,carter,Films,TR,Turkey,2,3,2022-08-07,2022-08-14
Carter,carter,Films,AE,United Arab Emirates,2,3,2022-08-07,2022-08-14
Carter,carter,Films,GB,United Kingdom,2,6,2022-08-07,2022-08-14
Carter,carter,Films,US,United States,2,10,2022-08-07,2022-08-14
Carter,carter,Films,UY,Uruguay,2,5,2022-08-07,2022-08-14
Carter,carter,Films,VE,Venezuela,2,3,2022-08-07,2022-08-14
Carter,carter,Films,VN,Vietnam,3,1,2022-08-07,2022-08-21
Cashero,cashero,TV,BS,Bahamas,1,9,2026-01-04,2026-01-04
Cashero,cashero,TV,BH,Bahrain,3,4,2025-12-28,2026-01-11
Cashero,cashero,TV,BD,Bangladesh,3,2,2025-12-28,2026-01-11
Cashero,cashero,TV,BO,Bolivia,2,3,2025-12-28,2026-01-04
Cashero,cashero,TV,BR,Brazil,2,5,2025-12-28,2026-01-04
Cashero,cashero,TV,CL,Chile,1,9,2026-01-04,2026-01-04
Cashero,cashero,TV,CO,Colombia,1,8,2026-01-04,2026-01-04
Cashero,cashero,TV,DO,Dominican Republic,3,3,2025-12-28,2026-01-11
Cashero,cashero,TV,EC,Ecuador,2,5,2025-12-28,2026-01-04
Cashero,cashero,TV,EG,Egypt,1,5,2026-01-04,2026-01-04
Cashero,cashero,TV,SV,El Salvador,2,3,2025-12-28,2026-01-04
Cashero,cashero,TV,FR,France,1,10,2026-01-04,2026-01-04
Cashero,cashero,TV,GP,Guadeloupe,3,3,2025-12-28,2026-01-11
Cashero,cashero,TV,GT,Guatemala,2,8,2025-12-28,2026-01-04
Cashero,cashero,TV,HN,Honduras,2,4,2025-12-28,2026-01-04
Cashero,cashero,TV,HK,Hong Kong,4,3,2025-12-28,2026-01-18
Cashero,cashero,TV,HU,Hungary,2,10,2025-12-28,2026-01-04
Cashero,cashero,TV,IN,India,1,4,2026-01-04,2026-01-04
Cashero,cashero,TV,ID,Indonesia,4,2,2025-12-28,2026-01-18
Cashero,cashero,TV,JM,Jamaica,1,5,2026-01-04,2026-01-04
Cashero,cashero,TV,JP,Japan,1,3,2026-01-04,2026-01-04
Cashero,cashero,TV,JO,Jordan,1,5,2026-01-04,2026-01-04
Cashero,cashero,TV,KE,Kenya,1,6,2026-01-04,2026-01-04
Cashero,cashero,TV,KW,Kuwait,3,3,2025-12-28,2026-01-11
Cashero,cashero,TV,MY,Malaysia,4,1,2025-12-28,2026-01-18
Cashero,cashero,TV,MV,Maldives,1,2,2026-01-04,2026-01-04
Cashero,cashero,TV,MQ,Martinique,3,3,2025-12-28,2026-01-11
Cashero,cashero,TV,MU,Mauritius,2,4,2025-12-28,2026-01-04
Cashero,cashero,TV,MX,Mexico,1,8,2026-01-04,2026-01-04
Cashero,cashero,TV,MA,Morocco,3,3,2025-12-28,2026-01-11
Cashero,cashero,TV,NC,New Caledonia,3,4,2025-12-28,2026-01-11
Cashero,cashero,TV,NI,Nicaragua,2,3,2025-12-28,2026-01-04
Cashero,cashero,TV,NG,Nigeria,4,2,2025-12-28,2026-01-18
Cashero,cashero,TV,OM,Oman,4,3,2025-12-28,2026-01-18
Cashero,cashero,TV,PK,Pakistan,5,2,2025-12-28,2026-01-25
Cashero,cashero,TV,PA,Panama,1,6,2026-01-04,2026-01-04
Cashero,cashero,TV,PY,Paraguay,1,8,2026-01-04,2026-01-04
Cashero,cashero,TV,PE,Peru,3,2,2025-12-28,2026-01-11
Cashero,cashero,TV,PH,Philippines,4,2,2025-12-28,2026-01-18
Cashero,cashero,TV,QA,Qatar,4,3,2025-12-28,2026-01-18
Cashero,cashero,TV,RE,Réunion,3,3,2025-12-28,2026-01-11
Cashero,cashero,TV,RO,Romania,1,8,2025-12-28,2025-12-28
Cashero,cashero,TV,SA,Saudi Arabia,3,3,2025-12-28,2026-01-11
Cashero,cashero,TV,SG,Singapore,3,4,2025-12-28,2026-01-11
Cashero,cashero,TV,KR,South Korea,3,2,2025-12-28,2026-01-11
Cashero,cashero,TV,LK,Sri Lanka,1,6,2026-01-04,2026-01-04
Cashero,cashero,TV,TW,Taiwan,3,2,2025-12-28,2026-01-11
Cashero,cashero,TV,TH,Thailand,4,1,2025-12-28,2026-01-18
Cashero,cashero,TV,TR,Turkey,2,6,2025-12-28,2026-01-04
Cashero,cashero,TV,AE,United Arab Emirates,3,4,2025-12-28,2026-01-11
Cashero,cashero,TV,VE,Venezuela,2,7,2025-12-28,2026-01-04
Cashero,cashero,TV,VN,Vietnam,4,2,2025-12-28,2026-01-18
Casino,casino,Films,IL,Israel,1,10,2022-09-18,2022-09-18
Cassiopeia,cassiopeia,Films,TW,Taiwan,2,6,2023-12-17,2023-12-24
Castaway Diva,castaway-diva,TV,BH,Bahrain,1,6,2023-11-05,2023-11-05
Castaway Diva,castaway-diva,TV,BO,Bolivia,3,3,2023-11-12,2023-11-26
Castaway Diva,castaway-diva,TV,BR,Brazil,4,3,2023-11-12,2023-12-03
Castaway Diva,castaway-diva,TV,CL,Chile,3,4,2023-11-12,2023-11-26
Castaway Diva,castaway-diva,TV,CO,Colombia,3,7,2023-11-12,2023-11-26
Castaway Diva,castaway-diva,TV,CR,Costa Rica,2,8,2023-11-19,2023-11-26
Castaway Diva,castaway-diva,TV,DO,Dominican Republic,3,5,2023-11-12,2023-11-26
Castaway Diva,castaway-diva,TV,EC,Ecuador,3,5,2023-11-12,2023-11-26
Castaway Diva,castaway-diva,TV,SV,El Salvador,3,5,2023-11-12,2023-11-26
Castaway Diva,castaway-diva,TV,GT,Guatemala,3,6,2023-11-12,2023-11-26
Castaway Diva,castaway-diva,TV,HN,Honduras,4,4,2023-11-12,2023-12-03
Castaway Diva,castaway-diva,TV,HK,Hong Kong,6,3,2023-11-05,2023-12-10
Castaway Diva,castaway-diva,TV,ID,Indonesia,7,4,2023-10-29,2023-12-10
Castaway Diva,castaway-diva,TV,JP,Japan,2,9,2023-11-19,2023-12-03
Castaway Diva,castaway-diva,TV,KW,Kuwait,1,5,2023-11-05,2023-11-05
Castaway Diva,castaway-diva,TV,MY,Malaysia,6,2,2023-11-05,2023-12-10
Castaway Diva,castaway-diva,TV,MX,Mexico,2,8,2023-11-12,2023-11-19
Castaway Diva,castaway-diva,TV,NI,Nicaragua,3,6,2023-11-12,2023-11-26
Castaway Diva,castaway-diva,TV,OM,Oman,4,3,2023-11-05,2023-11-26
Castaway Diva,castaway-diva,TV,PA,Panama,2,5,2023-11-19,2023-11-26
Castaway Diva,castaway-diva,TV,PY,Paraguay,3,6,2023-11-12,2023-11-26
Castaway Diva,castaway-diva,TV,PE,Peru,4,2,2023-11-12,2023-12-03
Castaway Diva,castaway-diva,TV,PH,Philippines,6,3,2023-11-05,2023-12-10
Castaway Diva,castaway-diva,TV,QA,Qatar,3,5,2023-11-05,2023-11-26
Castaway Diva,castaway-diva,TV,SA,Saudi Arabia,4,4,2023-11-05,2023-11-26
Castaway Diva,castaway-diva,TV,SG,Singapore,6,2,2023-11-05,2023-12-10
Castaway Diva,castaway-diva,TV,KR,South Korea,7,1,2023-10-29,2023-12-10
Castaway Diva,castaway-diva,TV,TW,Taiwan,6,2,2023-11-05,2023-12-10
Castaway Diva,castaway-diva,TV,TH,Thailand,5,4,2023-11-05,2023-12-03
Castaway Diva,castaway-diva,TV,VE,Venezuela,3,7,2023-11-12,2023-11-26
Castaway Diva,castaway-diva,TV,VN,Vietnam,6,4,2023-11-05,2023-12-10
CAT,cat,TV,BH,Bahrain,2,6,2022-12-11,2022-12-18
CAT,cat,TV,BD,Bangladesh,3,2,2022-12-11,2022-12-25
CAT,cat,TV,IN,India,7,2,2022-12-11,2023-08-06
CAT,cat,TV,KW,Kuwait,1,10,2022-12-18,2022-12-18
CAT,cat,TV,MV,Maldives,2,5,2022-12-11,2022-12-18
CAT,cat,TV,MU,Mauritius,1,7,2022-12-18,2022-12-18
CAT,cat,TV,OM,Oman,2,2,2022-12-11,2022-12-18
CAT,cat,TV,PK,Pakistan,4,2,2022-12-11,2023-01-01
CAT,cat,TV,QA,Qatar,2,7,2022-12-11,2022-12-18
CAT,cat,TV,LK,Sri Lanka,1,9,2022-12-18,2022-12-18
CAT,cat,TV,AE,United Arab Emirates,2,4,2022-12-11,2022-12-18
Celeb Five: Behind the Curtain,celeb-five-behind-the-curtain,Films,KR,South Korea,2,3,2022-04-03,2022-04-10
Celebrity,celebrity,TV,BH,Bahrain,2,2,2023-07-09,2023-07-16
Celebrity,celebrity,TV,BD,Bangladesh,5,2,2023-07-02,2023-07-30
Celebrity,celebrity,TV,BO,Bolivia,3,1,2023-07-02,2023-07-16
Celebrity,celebrity,TV,BR,Brazil,1,7,2023-07-09,2023-07-09
Celebrity,celebrity,TV,CL,Chile,2,4,2023-07-09,2023-07-16
Celebrity,celebrity,TV,CO,Colombia,2,5,2023-07-09,2023-07-16
Celebrity,celebrity,TV,CR,Costa Rica,1,6,2023-07-09,2023-07-09
Celebrity,celebrity,TV,DO,Dominican Republic,3,3,2023-07-02,2023-07-16
Celebrity,celebrity,TV,EC,Ecuador,2,4,2023-07-09,2023-07-16
Celebrity,celebrity,TV,EG,Egypt,1,5,2023-07-09,2023-07-09
Celebrity,celebrity,TV,SV,El Salvador,2,3,2023-07-09,2023-07-16
Celebrity,celebrity,TV,FR,France,1,7,2023-07-09,2023-07-09
Celebrity,celebrity,TV,GP,Guadeloupe,3,5,2023-07-02,2023-07-16
Celebrity,celebrity,TV,GT,Guatemala,2,4,2023-07-09,2023-07-16
Celebrity,celebrity,TV,HN,Honduras,3,3,2023-07-02,2023-07-16
Celebrity,celebrity,TV,HK,Hong Kong,5,1,2023-07-02,2023-07-30
Celebrity,celebrity,TV,IN,India,3,2,2023-07-09,2023-07-23
Celebrity,celebrity,TV,ID,Indonesia,8,1,2023-07-02,2023-08-27
Celebrity,celebrity,TV,JM,Jamaica,1,6,2023-07-09,2023-07-09
Celebrity,celebrity,TV,JP,Japan,4,2,2023-07-02,2023-07-23
Celebrity,celebrity,TV,JO,Jordan,2,2,2023-07-09,2023-07-16
Celebrity,celebrity,TV,KE,Kenya,1,5,2023-07-09,2023-07-09
Celebrity,celebrity,TV,KW,Kuwait,2,2,2023-07-09,2023-07-16
Celebrity,celebrity,TV,LB,Lebanon,1,7,2023-07-09,2023-07-09
Celebrity,celebrity,TV,MY,Malaysia,5,1,2023-07-02,2023-07-30
Celebrity,celebrity,TV,MV,Maldives,4,2,2023-07-02,2023-07-23
Celebrity,celebrity,TV,MQ,Martinique,3,4,2023-07-02,2023-07-16
Celebrity,celebrity,TV,MU,Mauritius,1,5,2023-07-09,2023-07-09
Celebrity,celebrity,TV,MX,Mexico,1,4,2023-07-09,2023-07-09
Celebrity,celebrity,TV,MA,Morocco,5,1,2023-07-02,2023-07-30
Celebrity,celebrity,TV,NC,New Caledonia,1,5,2023-07-09,2023-07-09
Celebrity,celebrity,TV,NI,Nicaragua,3,3,2023-07-02,2023-07-16
Celebrity,celebrity,TV,NG,Nigeria,3,3,2023-07-02,2023-07-16
Celebrity,celebrity,TV,OM,Oman,4,2,2023-07-02,2023-07-23
Celebrity,celebrity,TV,PK,Pakistan,4,2,2023-07-09,2023-07-30
Celebrity,celebrity,TV,PA,Panama,1,4,2023-07-09,2023-07-09
Celebrity,celebrity,TV,PY,Paraguay,2,3,2023-07-09,2023-07-16
Celebrity,celebrity,TV,PE,Peru,2,1,2023-07-09,2023-07-16
Celebrity,celebrity,TV,PH,Philippines,4,2,2023-07-02,2023-07-23
Celebrity,celebrity,TV,PT,Portugal,1,10,2023-07-09,2023-07-09
Celebrity,celebrity,TV,QA,Qatar,3,2,2023-07-02,2023-07-16
Celebrity,celebrity,TV,RE,Réunion,2,4,2023-07-09,2023-07-16
Celebrity,celebrity,TV,SA,Saudi Arabia,4,2,2023-07-02,2023-07-23
Celebrity,celebrity,TV,SG,Singapore,4,1,2023-07-02,2023-07-23
Celebrity,celebrity,TV,KR,South Korea,5,1,2023-07-02,2023-07-30
Celebrity,celebrity,TV,LK,Sri Lanka,2,4,2023-07-09,2023-07-16
Celebrity,celebrity,TV,TW,Taiwan,5,1,2023-07-02,2023-07-30
Celebrity,celebrity,TV,TH,Thailand,4,1,2023-07-02,2023-07-23
Celebrity,celebrity,TV,TR,Turkey,2,5,2023-07-09,2023-07-16
Celebrity,celebrity,TV,AE,United Arab Emirates,3,2,2023-07-02,2023-07-16
Celebrity,celebrity,TV,VE,Venezuela,2,4,2023-07-09,2023-07-16
Celebrity,celebrity,TV,VN,Vietnam,5,1,2023-07-02,2023-07-30
Chabak - Night of Murder and Romance,chabak-night-of-murder-and-romance,Films,KR,South Korea,3,1,2024-02-11,2024-02-25
Champion,champion,TV,BS,Bahamas,4,3,2024-01-14,2024-02-04
Champion,champion,TV,FR,France,1,9,2024-01-21,2024-01-21
Champion,champion,TV,GP,Guadeloupe,5,1,2024-01-14,2024-02-11
Champion,champion,TV,IN,India,2,3,2026-02-01,2026-02-08
Champion,champion,TV,JM,Jamaica,5,1,2024-01-14,2024-02-11
Champion,champion,TV,KE,Kenya,3,7,2024-01-21,2024-02-04
Champion,champion,TV,LU,Luxembourg,1,9,2024-01-21,2024-01-21
Champion,champion,TV,MQ,Martinique,4,1,2024-01-14,2024-02-04
Champion,champion,TV,MU,Mauritius,2,6,2024-01-21,2024-01-28
Champion,champion,TV,NC,New Caledonia,3,5,2024-01-21,2024-02-04
Champion,champion,TV,NG,Nigeria,4,5,2024-01-21,2026-02-08
Champion,champion,TV,RE,Réunion,4,3,2024-01-14,2024-02-04
Champion,champion,TV,KR,South Korea,1,10,2024-01-14,2024-01-14
Champion,champion,TV,LK,Sri Lanka,1,8,2026-02-01,2026-02-01
Champion,champion,TV,TT,Trinidad and Tobago,2,9,2024-01-21,2024-01-28
Character,character,Films,JP,Japan,4,3,2023-07-30,2023-08-20
Check in Hanyang,check-in-hanyang,TV,HK,Hong Kong,2,6,2024-12-29,2025-01-05
Check in Hanyang,check-in-hanyang,TV,ID,Indonesia,3,7,2024-12-29,2025-01-12
Check in Hanyang,check-in-hanyang,TV,MY,Malaysia,1,8,2024-12-29,2024-12-29
Check in Hanyang,check-in-hanyang,TV,PH,Philippines,1,8,2024-12-29,2024-12-29
Check in Hanyang,check-in-hanyang,TV,SG,Singapore,2,7,2024-12-29,2025-01-05
Check in Hanyang,check-in-hanyang,TV,KR,South Korea,4,6,2024-12-29,2025-01-19
Check in Hanyang,check-in-hanyang,TV,TW,Taiwan,1,9,2024-12-29,2024-12-29
Check in Hanyang,check-in-hanyang,TV,TH,Thailand,1,9,2024-12-29,2024-12-29
Check in Hanyang,check-in-hanyang,TV,VN,Vietnam,2,6,2024-12-29,2025-01-05
Chef & My Fridge,chef-my-fridge,TV,SG,Singapore,2,9,2025-01-19,2025-01-26
Chef & My Fridge,chef-my-fridge,TV,KR,South Korea,9,2,2024-12-22,2026-02-22
Chicken Nugget,chicken-nugget,TV,HK,Hong Kong,2,6,2024-03-17,2024-03-24
Chicken Nugget,chicken-nugget,TV,ID,Indonesia,2,7,2024-03-17,2024-03-24
Chicken Nugget,chicken-nugget,TV,MY,Malaysia,2,8,2024-03-17,2024-03-24
Chicken Nugget,chicken-nugget,TV,SG,Singapore,1,8,2024-03-17,2024-03-17
Chicken Nugget,chicken-nugget,TV,KR,South Korea,6,2,2024-03-17,2024-04-21
Chicken Nugget,chicken-nugget,TV,TW,Taiwan,2,6,2024-03-17,2024-03-24
Chicken Nugget,chicken-nugget,TV,TH,Thailand,2,4,2024-03-17,2024-03-24
Chicken Nugget,chicken-nugget,TV,VN,Vietnam,2,7,2024-03-17,2024-03-24
Chocolate,chocolate,TV,TW,Taiwan,3,4,2023-03-05,2023-03-19
Christmas Carol,christmas-carol,Films,KR,South Korea,4,3,2023-04-16,2026-08-16
Christmas Carol,christmas-carol,Films,TH,Thailand,1,6,2026-08-09,2026-08-09
Citizen of a Kind,citizen-of-a-kind,Films,KR,South Korea,9,1,2024-05-26,2024-07-21
City Hunter,city-hunter,Films,AT,Austria,1,10,2024-05-05,2024-05-05
City Hunter,city-hunter,Films,BS,Bahamas,2,4,2024-04-28,2024-05-05
City Hunter,city-hunter,Films,BH,Bahrain,1,6,2024-05-05,2024-05-05
City Hunter,city-hunter,Films,BE,Belgium,2,4,2024-04-28,2024-05-05
City Hunter,city-hunter,Films,BR,Brazil,1,8,2024-04-28,2024-04-28
City Hunter,city-hunter,Films,CO,Colombia,1,10,2024-05-05,2024-05-05
City Hunter,city-hunter,Films,CY,Cyprus,1,7,2024-04-28,2024-04-28
City Hunter,city-hunter,Films,DO,Dominican Republic,2,2,2024-04-28,2024-05-05
City Hunter,city-hunter,Films,FR,France,2,2,2024-04-28,2024-05-05
City Hunter,city-hunter,Films,GR,Greece,1,8,2024-05-05,2024-05-05
City Hunter,city-hunter,Films,GP,Guadeloupe,2,1,2024-04-28,2024-05-05
City Hunter,city-hunter,Films,HN,Honduras,1,10,2024-05-05,2024-05-05
City Hunter,city-hunter,Films,HK,Hong Kong,5,1,2024-04-28,2024-05-26
City Hunter,city-hunter,Films,HU,Hungary,1,8,2024-05-05,2024-05-05
City Hunter,city-hunter,Films,ID,Indonesia,2,3,2024-04-28,2024-05-05
City Hunter,city-hunter,Films,IT,Italy,1,9,2024-05-05,2024-05-05
City Hunter,city-hunter,Films,JM,Jamaica,2,2,2024-04-28,2024-05-05
City Hunter,city-hunter,Films,JP,Japan,8,1,2024-04-28,2025-09-14
City Hunter,city-hunter,Films,JO,Jordan,1,8,2024-05-05,2024-05-05
City Hunter,city-hunter,Films,KE,Kenya,2,2,2024-04-28,2024-05-05
City Hunter,city-hunter,Films,KW,Kuwait,1,8,2024-05-05,2024-05-05
City Hunter,city-hunter,Films,LB,Lebanon,1,9,2024-05-05,2024-05-05
City Hunter,city-hunter,Films,LU,Luxembourg,2,5,2024-04-28,2024-05-05
City Hunter,city-hunter,Films,MY,Malaysia,2,3,2024-04-28,2024-05-05
City Hunter,city-hunter,Films,MV,Maldives,1,6,2024-05-05,2024-05-05
City Hunter,city-hunter,Films,MQ,Martinique,2,1,2024-04-28,2024-05-05
City Hunter,city-hunter,Films,MU,Mauritius,3,3,2024-04-28,2024-05-12
City Hunter,city-hunter,Films,MA,Morocco,2,2,2024-04-28,2024-05-05
City Hunter,city-hunter,Films,NC,New Caledonia,2,2,2024-04-28,2024-05-05
City Hunter,city-hunter,Films,NG,Nigeria,3,2,2024-04-28,2024-05-12
City Hunter,city-hunter,Films,OM,Oman,1,5,2024-05-05,2024-05-05
City Hunter,city-hunter,Films,PK,Pakistan,1,7,2024-05-05,2024-05-05
City Hunter,city-hunter,Films,PA,Panama,1,10,2024-05-05,2024-05-05
City Hunter,city-hunter,Films,PY,Paraguay,1,10,2024-05-05,2024-05-05
City Hunter,city-hunter,Films,PE,Peru,2,8,2024-04-28,2024-05-05
City Hunter,city-hunter,Films,PH,Philippines,2,1,2024-04-28,2024-05-05
City Hunter,city-hunter,Films,QA,Qatar,2,4,2024-04-28,2024-05-05
City Hunter,city-hunter,Films,RE,Réunion,3,1,2024-04-28,2024-05-12
City Hunter,city-hunter,Films,RO,Romania,2,3,2024-04-28,2024-05-05
City Hunter,city-hunter,Films,SA,Saudi Arabia,1,7,2024-05-05,2024-05-05
City Hunter,city-hunter,Films,SG,Singapore,2,1,2024-04-28,2024-05-05
City Hunter,city-hunter,Films,SK,Slovakia,1,9,2024-05-05,2024-05-05
City Hunter,city-hunter,Films,ZA,South Africa,1,10,2024-05-05,2024-05-05
City Hunter,city-hunter,Films,KR,South Korea,2,3,2024-04-28,2024-05-05
City Hunter,city-hunter,Films,ES,Spain,1,10,2024-05-05,2024-05-05
City Hunter,city-hunter,Films,CH,Switzerland,2,7,2024-04-28,2024-05-05
City Hunter,city-hunter,Films,TW,Taiwan,4,1,2024-04-28,2024-05-19
City Hunter,city-hunter,Films,TH,Thailand,2,4,2024-04-28,2024-05-05
City Hunter,city-hunter,Films,TT,Trinidad and Tobago,2,8,2024-04-28,2024-05-05
City Hunter,city-hunter,Films,TR,Turkey,1,10,2024-05-05,2024-05-05
City Hunter,city-hunter,Films,AE,United Arab Emirates,2,5,2024-04-28,2024-05-05
City Hunter,city-hunter,Films,VN,Vietnam,2,1,2024-04-28,2024-05-05
City of Fathers,city-of-fathers,Films,KR,South Korea,1,4,2024-09-29,2024-09-29
Clean With Passion For Now,clean-with-passion-for-now,TV,HK,Hong Kong,1,8,2022-12-11,2022-12-11
Cleaning Up,cleaning-up,TV,ID,Indonesia,4,5,2022-10-30,2022-11-20
Cleaning Up,cleaning-up,TV,IE,Ireland,5,1,2024-04-07,2024-05-05
Cleaning Up,cleaning-up,TV,MY,Malaysia,3,3,2022-10-30,2022-11-13
Cleaning Up,cleaning-up,TV,SG,Singapore,2,6,2022-10-30,2022-11-06
Cleaning Up,cleaning-up,TV,KR,South Korea,2,6,2022-08-07,2022-08-14
Cleaning Up,cleaning-up,TV,GB,United Kingdom,4,2,2024-04-07,2024-04-28
Cloud,cloud,Films,JP,Japan,3,5,2025-12-28,2026-01-11
Cobweb,cobweb,Films,CA,Canada,1,9,2025-07-06,2025-07-06
Cobweb,cobweb,Films,IT,Italy,1,4,2024-09-08,2024-09-08
Cobweb,cobweb,Films,MT,Malta,1,9,2024-09-08,2024-09-08
Cobweb,cobweb,Films,KR,South Korea,2,2,2023-12-31,2024-01-07
Cobweb,cobweb,Films,TH,Thailand,1,2,2025-11-30,2025-11-30
Cobweb,cobweb,Films,GB,United Kingdom,1,9,2024-09-15,2024-09-15
Cobweb,cobweb,Films,US,United States,1,10,2025-09-28,2025-09-28
Coin Locker Girl,coin-locker-girl,Films,KR,South Korea,2,6,2022-03-27,2022-04-03
Collectors,collectors,Films,HK,Hong Kong,1,8,2021-12-12,2021-12-12
Collectors,collectors,Films,PH,Philippines,1,8,2021-12-12,2021-12-12
Collectors,collectors,Films,TH,Thailand,2,1,2021-10-17,2021-10-24
Come Back Home,come-back-home,Films,TH,Thailand,1,5,2023-07-30,2023-07-30
Commitment,commitment,Films,PH,Philippines,1,8,2021-08-29,2021-08-29
Commitment,commitment,Films,VN,Vietnam,2,6,2021-08-22,2021-08-29
Concerning My Daughter,concerning-my-daughter,Films,KR,South Korea,2,5,2025-03-16,2025-03-23
Concrete Market,concrete-market,Films,KR,South Korea,2,2,2026-03-08,2026-03-15
Concrete Utopia,concrete-utopia,Films,KR,South Korea,7,1,2023-12-10,2024-02-11
Concrete Utopia,concrete-utopia,Films,TH,Thailand,2,1,2024-03-31,2024-04-07
Confession,confession,Films,JP,Japan,2,1,2024-10-06,2024-10-13
Confession,confession,Films,KR,South Korea,4,1,2023-02-12,2023-03-05
Confidential Assignment 2: International,confidential-assignment-2-international,Films,JP,Japan,2,2,2026-05-24,2026-05-31
Confidential Assignment 2: International,confidential-assignment-2-international,Films,PH,Philippines,2,5,2023-04-09,2023-04-16
Confidential Assignment 2: International,confidential-assignment-2-international,Films,KR,South Korea,7,1,2023-01-08,2023-02-26
Connection,connection,TV,ID,Indonesia,3,5,2025-03-09,2025-03-23
Connection,connection,TV,MY,Malaysia,3,3,2025-03-09,2025-03-23
Connection,connection,TV,PH,Philippines,2,9,2025-03-09,2025-03-16
Connection,connection,TV,SG,Singapore,2,8,2025-03-09,2025-03-16
Contact,contact,Films,EE,Estonia,2,5,2022-12-11,2022-12-18
Contact,contact,Films,LT,Lithuania,1,10,2022-12-18,2022-12-18
Contorted,contorted,Films,KR,South Korea,2,8,2022-09-11,2022-09-18
Count,count,Films,KR,South Korea,5,1,2023-06-11,2023-07-09
Countdown,countdown,Films,AT,Austria,1,5,2022-04-03,2022-04-03
Countdown,countdown,Films,DE,Germany,2,4,2022-04-03,2022-04-10
Countdown,countdown,Films,TH,Thailand,2,3,2023-07-16,2023-07-23
Countdown,countdown,Films,US,United States,1,10,2022-02-06,2022-02-06
Crash Course in Romance,crash-course-in-romance,TV,BH,Bahrain,3,7,2023-02-12,2023-03-05
Crash Course in Romance,crash-course-in-romance,TV,BD,Bangladesh,8,4,2023-02-05,2023-03-26
Crash Course in Romance,crash-course-in-romance,TV,BO,Bolivia,7,2,2023-03-05,2023-04-16
Crash Course in Romance,crash-course-in-romance,TV,BR,Brazil,2,9,2023-03-19,2023-03-26
Crash Course in Romance,crash-course-in-romance,TV,CL,Chile,1,10,2023-04-02,2023-04-02
Crash Course in Romance,crash-course-in-romance,TV,CR,Costa Rica,2,10,2023-03-26,2023-04-02
Crash Course in Romance,crash-course-in-romance,TV,EC,Ecuador,3,10,2023-03-19,2023-04-09
Crash Course in Romance,crash-course-in-romance,TV,EG,Egypt,1,10,2023-03-05,2023-03-05
Crash Course in Romance,crash-course-in-romance,TV,SV,El Salvador,5,6,2023-03-19,2023-04-16
Crash Course in Romance,crash-course-in-romance,TV,GT,Guatemala,4,8,2023-03-19,2023-04-09
Crash Course in Romance,crash-course-in-romance,TV,HN,Honduras,4,7,2023-03-19,2023-04-09
Crash Course in Romance,crash-course-in-romance,TV,HK,Hong Kong,11,1,2023-01-29,2023-04-09
Crash Course in Romance,crash-course-in-romance,TV,IN,India,6,6,2023-02-05,2023-03-12
Crash Course in Romance,crash-course-in-romance,TV,ID,Indonesia,11,1,2023-01-22,2023-04-02
Crash Course in Romance,crash-course-in-romance,TV,JP,Japan,9,1,2023-02-05,2023-04-02
Crash Course in Romance,crash-course-in-romance,TV,JO,Jordan,1,8,2023-03-05,2023-03-05
Crash Course in Romance,crash-course-in-romance,TV,KW,Kuwait,3,7,2023-02-12,2023-03-05
Crash Course in Romance,crash-course-in-romance,TV,MY,Malaysia,11,2,2023-01-22,2023-04-02
Crash Course in Romance,crash-course-in-romance,TV,MV,Maldives,7,6,2023-02-05,2023-03-19
Crash Course in Romance,crash-course-in-romance,TV,MX,Mexico,5,4,2023-03-19,2023-04-16
Crash Course in Romance,crash-course-in-romance,TV,NI,Nicaragua,5,7,2023-03-19,2023-04-16
Crash Course in Romance,crash-course-in-romance,TV,NG,Nigeria,2,6,2023-03-05,2023-03-12
Crash Course in Romance,crash-course-in-romance,TV,OM,Oman,5,4,2023-02-05,2023-03-05
Crash Course in Romance,crash-course-in-romance,TV,PE,Peru,8,2,2023-02-26,2023-04-16
Crash Course in Romance,crash-course-in-romance,TV,PH,Philippines,10,2,2023-01-29,2023-04-02
Crash Course in Romance,crash-course-in-romance,TV,QA,Qatar,6,6,2023-02-05,2023-03-12
Crash Course in Romance,crash-course-in-romance,TV,SA,Saudi Arabia,7,4,2023-02-05,2023-03-19
Crash Course in Romance,crash-course-in-romance,TV,SG,Singapore,11,1,2023-01-29,2023-04-09
Crash Course in Romance,crash-course-in-romance,TV,KR,South Korea,12,1,2023-01-22,2023-04-09
Crash Course in Romance,crash-course-in-romance,TV,LK,Sri Lanka,6,5,2023-02-05,2023-03-12
Crash Course in Romance,crash-course-in-romance,TV,TW,Taiwan,12,1,2023-01-22,2023-04-09
Crash Course in Romance,crash-course-in-romance,TV,TH,Thailand,9,1,2023-01-29,2023-03-26
Crash Course in Romance,crash-course-in-romance,TV,AE,United Arab Emirates,4,7,2023-02-12,2023-03-05
Crash Course in Romance,crash-course-in-romance,TV,VN,Vietnam,10,1,2023-01-29,2023-04-02
Crash Landing on You,crash-landing-on-you,TV,BD,Bangladesh,2,8,2021-07-11,2022-04-17
Crash Landing on You,crash-landing-on-you,TV,HK,Hong Kong,8,4,2022-02-13,2022-04-24
Crash Landing on You,crash-landing-on-you,TV,ID,Indonesia,6,8,2021-07-04,2022-04-10
Crash Landing on You,crash-landing-on-you,TV,JP,Japan,72,2,2021-07-04,2023-04-30
Crash Landing on You,crash-landing-on-you,TV,MY,Malaysia,14,6,2021-07-04,2022-04-10
Crash Landing on You,crash-landing-on-you,TV,PH,Philippines,5,8,2022-02-20,2023-04-02
Crash Landing on You,crash-landing-on-you,TV,KR,South Korea,7,8,2022-01-30,2022-09-25
Crash Landing on You,crash-landing-on-you,TV,TW,Taiwan,6,7,2022-02-13,2022-04-24
Crash Landing on You,crash-landing-on-you,TV,TH,Thailand,35,4,2021-07-04,2023-04-30
Crash Landing on You,crash-landing-on-you,TV,VN,Vietnam,32,3,2021-07-04,2022-05-01
Crime Solving Special Squad,crime-solving-special-squad,Films,KR,South Korea,1,7,2022-01-02,2022-01-02
Crush,crush,Films,BE,Belgium,2,1,2022-04-03,2022-04-10
Crush,crush,Films,NL,Netherlands,2,1,2022-04-03,2022-04-10
Cyber Hell: Exposing an Internet Horror,cyber-hell-exposing-an-internet-horror,Films,HK,Hong Kong,3,2,2022-05-22,2022-06-05
Cyber Hell: Exposing an Internet Horror,cyber-hell-exposing-an-internet-horror,Films,ID,Indonesia,2,5,2022-05-22,2022-05-29
Cyber Hell: Exposing an Internet Horror,cyber-hell-exposing-an-internet-horror,Films,JP,Japan,1,9,2022-05-22,2022-05-22
Cyber Hell: Exposing an Internet Horror,cyber-hell-exposing-an-internet-horror,Films,SG,Singapore,2,3,2022-05-22,2022-05-29
Cyber Hell: Exposing an Internet Horror,cyber-hell-exposing-an-internet-horror,Films,KR,South Korea,2,1,2022-05-22,2022-05-29
Cyber Hell: Exposing an Internet Horror,cyber-hell-exposing-an-internet-horror,Films,TW,Taiwan,2,3,2022-05-22,2022-05-29
Cyber Hell: Exposing an Internet Horror,cyber-hell-exposing-an-internet-horror,Films,VN,Vietnam,2,2,2022-05-22,2022-05-29
D.P.,d-p,TV,HK,Hong Kong,5,4,2021-08-29,2023-08-13
D.P.,d-p,TV,ID,Indonesia,9,3,2021-08-29,2023-08-20
D.P.,d-p,TV,JP,Japan,3,6,2021-08-29,2023-08-06
D.P.,d-p,TV,MY,Malaysia,6,3,2021-08-29,2023-08-13
D.P.,d-p,TV,PH,Philippines,2,10,2021-08-29,2021-09-05
D.P.,d-p,TV,SG,Singapore,5,3,2021-08-29,2023-08-13
D.P.,d-p,TV,KR,South Korea,17,1,2021-08-29,2023-08-27
D.P.,d-p,TV,TW,Taiwan,7,3,2021-08-29,2023-08-13
D.P.,d-p,TV,TH,Thailand,5,4,2021-08-29,2023-08-13
D.P.,d-p,TV,VN,Vietnam,9,2,2021-08-29,2023-08-20
Daemuga,daemuga,Films,KR,South Korea,2,4,2023-01-08,2023-01-15
Daily Dose of Sunshine,daily-dose-of-sunshine,TV,BO,Bolivia,2,7,2023-11-12,2023-11-19
Daily Dose of Sunshine,daily-dose-of-sunshine,TV,BR,Brazil,1,8,2023-11-12,2023-11-12
Daily Dose of Sunshine,daily-dose-of-sunshine,TV,CL,Chile,1,8,2023-11-12,2023-11-12
Daily Dose of Sunshine,daily-dose-of-sunshine,TV,CR,Costa Rica,1,8,2023-11-12,2023-11-12
Daily Dose of Sunshine,daily-dose-of-sunshine,TV,DO,Dominican Republic,1,10,2023-11-12,2023-11-12
Daily Dose of Sunshine,daily-dose-of-sunshine,TV,EC,Ecuador,1,9,2023-11-12,2023-11-12
Daily Dose of Sunshine,daily-dose-of-sunshine,TV,SV,El Salvador,1,7,2023-11-12,2023-11-12
Daily Dose of Sunshine,daily-dose-of-sunshine,TV,GT,Guatemala,1,8,2023-11-12,2023-11-12
Daily Dose of Sunshine,daily-dose-of-sunshine,TV,HN,Honduras,2,8,2023-11-12,2023-11-19
Daily Dose of Sunshine,daily-dose-of-sunshine,TV,HK,Hong Kong,3,3,2023-11-12,2023-11-26
Daily Dose of Sunshine,daily-dose-of-sunshine,TV,IN,India,1,9,2023-11-12,2023-11-12
Daily Dose of Sunshine,daily-dose-of-sunshine,TV,ID,Indonesia,6,2,2023-11-05,2023-12-10
Daily Dose of Sunshine,daily-dose-of-sunshine,TV,JP,Japan,2,4,2023-11-12,2023-11-19
Daily Dose of Sunshine,daily-dose-of-sunshine,TV,KW,Kuwait,1,9,2023-11-12,2023-11-12
Daily Dose of Sunshine,daily-dose-of-sunshine,TV,MY,Malaysia,4,2,2023-11-05,2023-11-26
Daily Dose of Sunshine,daily-dose-of-sunshine,TV,MX,Mexico,1,10,2023-11-12,2023-11-12
Daily Dose of Sunshine,daily-dose-of-sunshine,TV,NI,Nicaragua,1,6,2023-11-12,2023-11-12
Daily Dose of Sunshine,daily-dose-of-sunshine,TV,OM,Oman,1,7,2023-11-12,2023-11-12
Daily Dose of Sunshine,daily-dose-of-sunshine,TV,PA,Panama,1,10,2023-11-12,2023-11-12
Daily Dose of Sunshine,daily-dose-of-sunshine,TV,PE,Peru,3,5,2023-11-12,2023-11-26
Daily Dose of Sunshine,daily-dose-of-sunshine,TV,PH,Philippines,3,5,2023-11-12,2023-11-26
Daily Dose of Sunshine,daily-dose-of-sunshine,TV,QA,Qatar,1,7,2023-11-12,2023-11-12
Daily Dose of Sunshine,daily-dose-of-sunshine,TV,SA,Saudi Arabia,2,4,2023-11-12,2023-11-19
Daily Dose of Sunshine,daily-dose-of-sunshine,TV,SG,Singapore,3,3,2023-11-12,2023-11-26
Daily Dose of Sunshine,daily-dose-of-sunshine,TV,KR,South Korea,5,1,2023-11-05,2023-12-03
Daily Dose of Sunshine,daily-dose-of-sunshine,TV,TW,Taiwan,4,2,2023-11-12,2023-12-03
Daily Dose of Sunshine,daily-dose-of-sunshine,TV,TH,Thailand,4,3,2023-11-05,2023-11-26
Daily Dose of Sunshine,daily-dose-of-sunshine,TV,VN,Vietnam,2,5,2023-11-12,2023-11-19
Dali & Cocky Prince,dali-cocky-prince,TV,ID,Indonesia,3,7,2022-07-31,2022-08-21
Dali & Cocky Prince,dali-cocky-prince,TV,MY,Malaysia,2,6,2022-07-31,2022-08-07
Dali & Cocky Prince,dali-cocky-prince,TV,MV,Maldives,3,7,2022-07-31,2022-08-14
Dali & Cocky Prince,dali-cocky-prince,TV,NG,Nigeria,3,4,2022-07-31,2022-08-14
Dali & Cocky Prince,dali-cocky-prince,TV,PH,Philippines,3,8,2022-07-31,2022-08-14
Dali & Cocky Prince,dali-cocky-prince,TV,QA,Qatar,2,8,2022-07-31,2022-08-07
Dali & Cocky Prince,dali-cocky-prince,TV,TH,Thailand,2,10,2022-08-07,2022-08-14
Dali & Cocky Prince,dali-cocky-prince,TV,VN,Vietnam,1,8,2022-07-31,2022-07-31
Dare to Love Me,dare-to-love-me,TV,HK,Hong Kong,1,9,2024-05-19,2024-05-19
Dare to Love Me,dare-to-love-me,TV,ID,Indonesia,1,6,2024-05-19,2024-05-19
Dare to Love Me,dare-to-love-me,TV,MY,Malaysia,1,6,2024-05-19,2024-05-19
Dare to Love Me,dare-to-love-me,TV,PH,Philippines,1,8,2024-05-19,2024-05-19
Dare to Love Me,dare-to-love-me,TV,KR,South Korea,2,7,2024-05-19,2024-05-26
Dare to Love Me,dare-to-love-me,TV,TW,Taiwan,1,9,2024-05-19,2024-05-19
Dare to Love Me,dare-to-love-me,TV,TH,Thailand,1,8,2024-05-19,2024-05-19
Dare to Love Me,dare-to-love-me,TV,VN,Vietnam,1,10,2024-05-19,2024-05-19
Dark Figure of Crime,dark-figure-of-crime,Films,JP,Japan,1,9,2023-04-16,2023-04-16
Dark Figure of Crime,dark-figure-of-crime,Films,KR,South Korea,1,9,2021-12-12,2021-12-12
Dazzling,dazzling,TV,HK,Hong Kong,2,8,2026-06-07,2026-06-14
Dazzling,dazzling,TV,TW,Taiwan,5,5,2026-05-31,2026-06-28
Dead End,dead-end,TV,PL,Poland,2,5,2022-12-04,2022-12-11
Dear Hongrang,dear-hongrang,TV,BS,Bahamas,1,9,2025-05-25,2025-05-25
Dear Hongrang,dear-hongrang,TV,BH,Bahrain,1,8,2025-05-25,2025-05-25
Dear Hongrang,dear-hongrang,TV,BD,Bangladesh,1,9,2025-05-25,2025-05-25
Dear Hongrang,dear-hongrang,TV,BR,Brazil,2,5,2025-05-18,2025-05-25
Dear Hongrang,dear-hongrang,TV,CR,Costa Rica,1,10,2025-05-25,2025-05-25
Dear Hongrang,dear-hongrang,TV,DO,Dominican Republic,1,8,2025-05-25,2025-05-25
Dear Hongrang,dear-hongrang,TV,SV,El Salvador,1,6,2025-05-25,2025-05-25
Dear Hongrang,dear-hongrang,TV,GR,Greece,1,8,2025-05-25,2025-05-25
Dear Hongrang,dear-hongrang,TV,GP,Guadeloupe,1,9,2025-05-25,2025-05-25
Dear Hongrang,dear-hongrang,TV,HN,Honduras,1,7,2025-05-25,2025-05-25
Dear Hongrang,dear-hongrang,TV,HK,Hong Kong,2,8,2025-05-18,2025-05-25
Dear Hongrang,dear-hongrang,TV,IN,India,1,10,2025-05-25,2025-05-25
Dear Hongrang,dear-hongrang,TV,ID,Indonesia,3,4,2025-05-18,2025-06-01
Dear Hongrang,dear-hongrang,TV,JM,Jamaica,1,9,2025-05-25,2025-05-25
Dear Hongrang,dear-hongrang,TV,JP,Japan,3,2,2025-05-18,2025-06-01
Dear Hongrang,dear-hongrang,TV,KW,Kuwait,1,7,2025-05-25,2025-05-25
Dear Hongrang,dear-hongrang,TV,MY,Malaysia,3,3,2025-05-18,2025-06-01
Dear Hongrang,dear-hongrang,TV,MV,Maldives,1,9,2025-05-25,2025-05-25
Dear Hongrang,dear-hongrang,TV,MQ,Martinique,1,9,2025-05-25,2025-05-25
Dear Hongrang,dear-hongrang,TV,MA,Morocco,1,9,2025-05-25,2025-05-25
Dear Hongrang,dear-hongrang,TV,NC,New Caledonia,2,8,2025-05-25,2025-06-01
Dear Hongrang,dear-hongrang,TV,NI,Nicaragua,1,6,2025-05-25,2025-05-25
Dear Hongrang,dear-hongrang,TV,NG,Nigeria,4,1,2025-05-18,2025-06-08
Dear Hongrang,dear-hongrang,TV,OM,Oman,2,7,2025-05-25,2025-06-01
Dear Hongrang,dear-hongrang,TV,PK,Pakistan,1,8,2025-05-25,2025-05-25
Dear Hongrang,dear-hongrang,TV,PA,Panama,1,10,2025-05-25,2025-05-25
Dear Hongrang,dear-hongrang,TV,PE,Peru,1,9,2025-05-25,2025-05-25
Dear Hongrang,dear-hongrang,TV,PH,Philippines,2,3,2025-05-18,2025-05-25
Dear Hongrang,dear-hongrang,TV,QA,Qatar,3,7,2025-05-18,2025-06-01
Dear Hongrang,dear-hongrang,TV,RE,Réunion,1,9,2025-05-25,2025-05-25
Dear Hongrang,dear-hongrang,TV,RO,Romania,1,7,2025-05-25,2025-05-25
Dear Hongrang,dear-hongrang,TV,SA,Saudi Arabia,1,8,2025-05-25,2025-05-25
Dear Hongrang,dear-hongrang,TV,SG,Singapore,1,5,2025-05-25,2025-05-25
Dear Hongrang,dear-hongrang,TV,KR,South Korea,6,2,2025-05-18,2025-06-22
Dear Hongrang,dear-hongrang,TV,LK,Sri Lanka,2,8,2025-05-18,2025-05-25
Dear Hongrang,dear-hongrang,TV,TW,Taiwan,2,8,2025-05-18,2025-05-25
Dear Hongrang,dear-hongrang,TV,TH,Thailand,3,1,2025-05-18,2025-06-01
Dear Hongrang,dear-hongrang,TV,AE,United Arab Emirates,1,8,2025-05-25,2025-05-25
Dear Hongrang,dear-hongrang,TV,VE,Venezuela,1,8,2025-05-25,2025-05-25
Dear Hongrang,dear-hongrang,TV,VN,Vietnam,2,6,2025-05-25,2025-06-01
Dear Mother,dear-mother,Films,RO,Romania,1,8,2022-01-16,2022-01-16
Decibel,decibel,Films,KR,South Korea,4,2,2023-03-12,2023-04-09
Decision to Leave,decision-to-leave,Films,KR,South Korea,6,2,2023-01-01,2023-02-05
Deep,deep,Films,ID,Indonesia,2,6,2021-07-18,2021-07-25
Deep,deep,Films,MY,Malaysia,1,3,2021-07-25,2021-07-25
Deep,deep,Films,PH,Philippines,1,6,2021-07-25,2021-07-25
Deep,deep,Films,TW,Taiwan,1,7,2021-07-25,2021-07-25
Deep,deep,Films,TH,Thailand,3,1,2021-07-18,2021-08-01
Delightfully Deceitful,delightfully-deceitful,TV,MY,Malaysia,1,9,2025-07-27,2025-07-27
Delightfully Deceitful,delightfully-deceitful,TV,SG,Singapore,1,10,2025-07-27,2025-07-27
Delightfully Deceitful,delightfully-deceitful,TV,KR,South Korea,2,7,2025-07-27,2025-08-03
Deliver Us from Evil,deliver-us-from-evil,Films,FR,France,2,4,2021-12-05,2021-12-12
Deliver Us from Evil,deliver-us-from-evil,Films,NC,New Caledonia,1,7,2021-12-12,2021-12-12
Deliver Us from Evil,deliver-us-from-evil,Films,ZA,South Africa,1,9,2022-06-12,2022-06-12
Deliver Us from Evil,deliver-us-from-evil,Films,ES,Spain,2,5,2022-04-10,2022-04-17
Deliver Us from Evil,deliver-us-from-evil,Films,US,United States,1,8,2023-10-15,2023-10-15
Deranged,deranged,Films,NG,Nigeria,2,6,2021-07-04,2021-07-11
Descendants of the Sun,descendants-of-the-sun,TV,HK,Hong Kong,1,10,2023-07-09,2023-07-09
Descendants of the Sun,descendants-of-the-sun,TV,VN,Vietnam,3,2,2021-08-08,2021-08-22
Desire,desire,Films,AR,Argentina,3,2,2026-07-19,2026-08-09
Desire,desire,Films,AU,Australia,1,9,2026-07-26,2026-07-26
Desire,desire,Films,AT,Austria,3,2,2026-07-19,2026-08-02
Desire,desire,Films,BS,Bahamas,2,2,2026-07-19,2026-07-26
Desire,desire,Films,BH,Bahrain,3,3,2026-07-19,2026-08-02
Desire,desire,Films,BD,Bangladesh,2,4,2026-07-19,2026-07-26
Desire,desire,Films,BE,Belgium,3,1,2026-07-19,2026-08-02
Desire,desire,Films,BO,Bolivia,4,1,2026-07-19,2026-08-09
Desire,desire,Films,BR,Brazil,3,1,2026-07-19,2026-08-02
Desire,desire,Films,BG,Bulgaria,2,1,2026-07-19,2026-07-26
Desire,desire,Films,CA,Canada,2,4,2026-07-19,2026-07-26
Desire,desire,Films,CL,Chile,2,2,2026-07-19,2026-07-26
Desire,desire,Films,CO,Colombia,4,1,2026-07-19,2026-08-09
Desire,desire,Films,CR,Costa Rica,4,1,2026-07-19,2026-08-09
Desire,desire,Films,HR,Croatia,4,1,2026-07-19,2026-08-09
Desire,desire,Films,CY,Cyprus,2,2,2026-07-19,2026-07-26
Desire,desire,Films,CZ,Czech Republic,3,3,2026-07-19,2026-08-02
Desire,desire,Films,DK,Denmark,2,6,2026-07-19,2026-07-26
Desire,desire,Films,DO,Dominican Republic,4,1,2026-07-19,2026-08-09
Desire,desire,Films,EC,Ecuador,4,1,2026-07-19,2026-08-09
Desire,desire,Films,EG,Egypt,5,1,2026-07-19,2026-08-16
Desire,desire,Films,SV,El Salvador,3,1,2026-07-19,2026-08-02
Desire,desire,Films,EE,Estonia,2,4,2026-07-19,2026-07-26
Desire,desire,Films,FI,Finland,2,3,2026-07-19,2026-07-26
Desire,desire,Films,FR,France,3,1,2026-07-19,2026-08-02
Desire,desire,Films,DE,Germany,3,3,2026-07-19,2026-08-02
Desire,desire,Films,GR,Greece,3,1,2026-07-19,2026-08-02
Desire,desire,Films,GP,Guadeloupe,3,1,2026-07-19,2026-08-02
Desire,desire,Films,GT,Guatemala,4,1,2026-07-19,2026-08-09
Desire,desire,Films,HN,Honduras,3,2,2026-07-19,2026-08-02
Desire,desire,Films,HK,Hong Kong,2,3,2026-07-19,2026-07-26
Desire,desire,Films,HU,Hungary,4,1,2026-07-19,2026-08-09
Desire,desire,Films,IS,Iceland,2,6,2026-07-19,2026-07-26
Desire,desire,Films,IN,India,2,4,2026-07-19,2026-07-26
Desire,desire,Films,ID,Indonesia,2,3,2026-07-19,2026-07-26
Desire,desire,Films,IE,Ireland,2,10,2026-07-19,2026-07-26
Desire,desire,Films,IL,Israel,2,1,2026-07-19,2026-07-26
Desire,desire,Films,IT,Italy,3,1,2026-07-19,2026-08-02
Desire,desire,Films,JM,Jamaica,2,2,2026-07-19,2026-07-26
Desire,desire,Films,JO,Jordan,4,2,2026-07-19,2026-08-09
Desire,desire,Films,KE,Kenya,3,2,2026-07-19,2026-08-02
Desire,desire,Films,KW,Kuwait,2,3,2026-07-19,2026-07-26
Desire,desire,Films,LV,Latvia,2,3,2026-07-19,2026-07-26
Desire,desire,Films,LB,Lebanon,4,1,2026-07-19,2026-08-09
Desire,desire,Films,LT,Lithuania,2,2,2026-07-19,2026-07-26
Desire,desire,Films,LU,Luxembourg,4,1,2026-07-19,2026-08-09
Desire,desire,Films,MY,Malaysia,1,7,2026-07-26,2026-07-26
Desire,desire,Films,MV,Maldives,2,1,2026-07-19,2026-07-26
Desire,desire,Films,MT,Malta,3,2,2026-07-19,2026-08-02
Desire,desire,Films,MQ,Martinique,3,1,2026-07-19,2026-08-02
Desire,desire,Films,MU,Mauritius,3,2,2026-07-19,2026-08-02
Desire,desire,Films,MX,Mexico,4,1,2026-07-19,2026-08-09
Desire,desire,Films,MA,Morocco,4,1,2026-07-19,2026-08-09
Desire,desire,Films,NL,Netherlands,2,3,2026-07-19,2026-07-26
Desire,desire,Films,NC,New Caledonia,2,3,2026-07-19,2026-07-26
Desire,desire,Films,NZ,New Zealand,1,8,2026-07-26,2026-07-26
Desire,desire,Films,NI,Nicaragua,3,1,2026-07-19,2026-08-02
Desire,desire,Films,NG,Nigeria,3,3,2026-07-19,2026-08-02
Desire,desire,Films,NO,Norway,2,6,2026-07-19,2026-07-26
Desire,desire,Films,OM,Oman,2,2,2026-07-19,2026-07-26
Desire,desire,Films,PK,Pakistan,2,2,2026-07-19,2026-07-26
Desire,desire,Films,PA,Panama,4,2,2026-07-19,2026-08-09
Desire,desire,Films,PY,Paraguay,4,1,2026-07-19,2026-08-09
Desire,desire,Films,PE,Peru,4,1,2026-07-19,2026-08-09
Desire,desire,Films,PH,Philippines,1,6,2026-07-26,2026-07-26
Desire,desire,Films,PL,Poland,3,1,2026-07-19,2026-08-02
Desire,desire,Films,PT,Portugal,4,1,2026-07-19,2026-08-09
Desire,desire,Films,QA,Qatar,2,3,2026-07-19,2026-07-26
Desire,desire,Films,RE,Réunion,3,1,2026-07-19,2026-08-02
Desire,desire,Films,RO,Romania,3,1,2026-07-19,2026-08-02
Desire,desire,Films,SA,Saudi Arabia,4,3,2026-07-19,2026-08-09
Desire,desire,Films,RS,Serbia,4,1,2026-07-19,2026-08-09
Desire,desire,Films,SG,Singapore,2,6,2026-07-19,2026-07-26
Desire,desire,Films,SK,Slovakia,4,1,2026-07-19,2026-08-09
Desire,desire,Films,SI,Slovenia,3,1,2026-07-19,2026-08-02
Desire,desire,Films,ZA,South Africa,2,3,2026-07-19,2026-07-26
Desire,desire,Films,KR,South Korea,1,6,2026-07-26,2026-07-26
Desire,desire,Films,ES,Spain,4,1,2026-07-19,2026-08-09
Desire,desire,Films,LK,Sri Lanka,2,2,2026-07-19,2026-07-26
Desire,desire,Films,SE,Sweden,2,3,2026-07-19,2026-07-26
Desire,desire,Films,CH,Switzerland,3,2,2026-07-19,2026-08-02
Desire,desire,Films,TW,Taiwan,2,2,2026-07-19,2026-07-26
Desire,desire,Films,TH,Thailand,2,4,2026-07-19,2026-07-26
Desire,desire,Films,TT,Trinidad and Tobago,2,2,2026-07-19,2026-07-26
Desire,desire,Films,TR,Turkey,2,2,2026-07-19,2026-07-26
Desire,desire,Films,AE,United Arab Emirates,2,3,2026-07-19,2026-07-26
Desire,desire,Films,US,United States,2,3,2026-07-19,2026-07-26
Desire,desire,Films,UY,Uruguay,3,1,2026-07-19,2026-08-09
Desire,desire,Films,VE,Venezuela,4,1,2026-07-19,2026-08-09
Desire,desire,Films,VN,Vietnam,2,4,2026-07-19,2026-07-26
Destined with You,destined-with-you,TV,AR,Argentina,1,9,2023-08-27,2023-08-27
Destined with You,destined-with-you,TV,BH,Bahrain,4,7,2023-08-27,2023-09-17
Destined with You,destined-with-you,TV,BD,Bangladesh,7,3,2023-08-27,2023-10-08
Destined with You,destined-with-you,TV,BO,Bolivia,8,4,2023-08-27,2023-10-15
Destined with You,destined-with-you,TV,BR,Brazil,5,4,2023-08-27,2023-10-01
Destined with You,destined-with-you,TV,CL,Chile,4,5,2023-08-27,2023-09-17
Destined with You,destined-with-you,TV,CO,Colombia,8,5,2023-08-27,2023-10-15
Destined with You,destined-with-you,TV,CR,Costa Rica,6,5,2023-08-27,2023-10-15
Destined with You,destined-with-you,TV,DO,Dominican Republic,7,6,2023-08-27,2023-10-15
Destined with You,destined-with-you,TV,EC,Ecuador,7,6,2023-08-27,2023-10-08
Destined with You,destined-with-you,TV,SV,El Salvador,8,2,2023-08-27,2023-10-15
Destined with You,destined-with-you,TV,GR,Greece,2,6,2023-08-27,2023-09-03
Destined with You,destined-with-you,TV,GT,Guatemala,8,3,2023-08-27,2023-10-15
Destined with You,destined-with-you,TV,HN,Honduras,8,2,2023-08-27,2023-10-15
Destined with You,destined-with-you,TV,HK,Hong Kong,8,4,2023-08-27,2023-10-15
Destined with You,destined-with-you,TV,IN,India,9,3,2023-08-27,2023-10-22
Destined with You,destined-with-you,TV,ID,Indonesia,10,1,2023-08-27,2023-10-29
Destined with You,destined-with-you,TV,JP,Japan,8,2,2023-08-27,2023-10-15
Destined with You,destined-with-you,TV,JO,Jordan,4,7,2023-08-27,2023-09-17
Destined with You,destined-with-you,TV,KW,Kuwait,5,7,2023-08-27,2023-09-24
Destined with You,destined-with-you,TV,MY,Malaysia,9,1,2023-08-27,2023-10-22
Destined with You,destined-with-you,TV,MV,Maldives,6,4,2023-08-27,2023-10-01
Destined with You,destined-with-you,TV,MX,Mexico,6,5,2023-08-27,2023-10-01
Destined with You,destined-with-you,TV,MA,Morocco,2,9,2023-09-03,2023-09-10
Destined with You,destined-with-you,TV,NI,Nicaragua,9,2,2023-08-27,2023-10-22
Destined with You,destined-with-you,TV,NG,Nigeria,9,4,2023-08-27,2023-10-22
Destined with You,destined-with-you,TV,OM,Oman,6,6,2023-08-27,2023-10-15
Destined with You,destined-with-you,TV,PK,Pakistan,7,5,2023-08-27,2023-10-08
Destined with You,destined-with-you,TV,PA,Panama,4,5,2023-08-27,2023-10-15
Destined with You,destined-with-you,TV,PY,Paraguay,8,5,2023-08-27,2023-10-15
Destined with You,destined-with-you,TV,PE,Peru,8,3,2023-08-27,2023-10-15
Destined with You,destined-with-you,TV,PH,Philippines,8,3,2023-08-27,2023-10-15
Destined with You,destined-with-you,TV,PT,Portugal,2,7,2023-08-27,2023-09-03
Destined with You,destined-with-you,TV,QA,Qatar,6,5,2023-08-27,2023-10-15
Destined with You,destined-with-you,TV,RO,Romania,3,5,2023-08-27,2023-09-10
Destined with You,destined-with-you,TV,SA,Saudi Arabia,6,6,2023-08-27,2023-10-15
Destined with You,destined-with-you,TV,SG,Singapore,7,2,2023-08-27,2023-10-08
Destined with You,destined-with-you,TV,KR,South Korea,8,5,2023-08-27,2023-10-15
Destined with You,destined-with-you,TV,LK,Sri Lanka,7,4,2023-08-27,2023-10-08
Destined with You,destined-with-you,TV,TW,Taiwan,9,3,2023-08-27,2023-10-22
Destined with You,destined-with-you,TV,TH,Thailand,8,2,2023-08-27,2023-10-15
Destined with You,destined-with-you,TV,AE,United Arab Emirates,4,6,2023-08-27,2023-09-24
Destined with You,destined-with-you,TV,VE,Venezuela,8,3,2023-08-27,2023-10-15
Destined with You,destined-with-you,TV,VN,Vietnam,8,3,2023-08-27,2023-10-15
Destiny,destiny,TV,HK,Hong Kong,4,4,2024-04-14,2024-05-05
Destiny,destiny,TV,JP,Japan,9,1,2024-04-14,2024-06-09
Destiny,destiny,TV,TW,Taiwan,4,4,2024-04-14,2024-05-05
Detour,detour,Films,KR,South Korea,1,10,2023-03-19,2023-03-19
Devil's Game,devil-s-game,Films,EG,Egypt,1,3,2024-02-18,2024-02-18
Devils,devils,Films,KR,South Korea,4,1,2023-10-22,2023-11-12
Devils Stay,devils-stay,Films,KR,South Korea,2,2,2026-02-22,2026-03-01
Diary of a Prosecutor,diary-of-a-prosecutor,TV,SG,Singapore,1,7,2023-02-12,2023-02-12
Diary of a Prosecutor,diary-of-a-prosecutor,TV,KR,South Korea,2,6,2023-01-08,2023-01-15
Diary of a Prosecutor,diary-of-a-prosecutor,TV,TW,Taiwan,3,7,2023-03-12,2023-03-26
Dirty Money,dirty-money,Films,KR,South Korea,6,1,2025-06-22,2025-07-27
Ditto,ditto,Films,KR,South Korea,3,2,2023-02-19,2023-03-05
Diva,diva,Films,KR,South Korea,2,8,2021-10-17,2021-10-24
Divorce Attorney Shin,divorce-attorney-shin,TV,HK,Hong Kong,6,4,2023-03-19,2023-04-23
Divorce Attorney Shin,divorce-attorney-shin,TV,ID,Indonesia,5,1,2023-03-26,2023-04-23
Divorce Attorney Shin,divorce-attorney-shin,TV,JP,Japan,7,2,2023-03-12,2023-04-23
Divorce Attorney Shin,divorce-attorney-shin,TV,MY,Malaysia,4,3,2023-03-26,2023-04-16
Divorce Attorney Shin,divorce-attorney-shin,TV,PH,Philippines,3,7,2023-04-02,2023-04-16
Divorce Attorney Shin,divorce-attorney-shin,TV,SG,Singapore,6,3,2023-03-19,2023-04-23
Divorce Attorney Shin,divorce-attorney-shin,TV,KR,South Korea,7,1,2023-03-12,2023-04-23
Divorce Attorney Shin,divorce-attorney-shin,TV,TW,Taiwan,6,3,2023-03-19,2023-04-23
Divorce Attorney Shin,divorce-attorney-shin,TV,TH,Thailand,1,10,2023-04-16,2023-04-16
Divorce Attorney Shin,divorce-attorney-shin,TV,VN,Vietnam,4,5,2023-03-26,2023-04-16
Doctor Cha,doctor-cha,TV,BH,Bahrain,7,3,2023-04-30,2023-06-11
Doctor Cha,doctor-cha,TV,BD,Bangladesh,6,2,2023-05-07,2023-06-11
Doctor Cha,doctor-cha,TV,BO,Bolivia,7,5,2023-05-28,2023-07-09
Doctor Cha,doctor-cha,TV,BR,Brazil,3,7,2023-05-28,2023-06-11
Doctor Cha,doctor-cha,TV,CL,Chile,5,8,2023-05-28,2023-06-25
Doctor Cha,doctor-cha,TV,CO,Colombia,1,10,2023-06-25,2023-06-25
Doctor Cha,doctor-cha,TV,CR,Costa Rica,1,10,2023-06-18,2023-06-18
Doctor Cha,doctor-cha,TV,DO,Dominican Republic,4,6,2023-06-04,2023-06-25
Doctor Cha,doctor-cha,TV,EC,Ecuador,6,7,2023-06-04,2023-07-09
Doctor Cha,doctor-cha,TV,EG,Egypt,3,7,2023-05-21,2023-06-04
Doctor Cha,doctor-cha,TV,SV,El Salvador,7,5,2023-05-28,2023-07-09
Doctor Cha,doctor-cha,TV,GT,Guatemala,7,4,2023-05-28,2023-07-09
Doctor Cha,doctor-cha,TV,HN,Honduras,6,5,2023-06-04,2023-07-09
Doctor Cha,doctor-cha,TV,HK,Hong Kong,7,1,2023-04-30,2023-06-11
Doctor Cha,doctor-cha,TV,IN,India,4,5,2023-05-14,2023-06-04
Doctor Cha,doctor-cha,TV,ID,Indonesia,11,1,2023-04-23,2023-07-02
Doctor Cha,doctor-cha,TV,JP,Japan,7,3,2023-04-30,2023-06-11
Doctor Cha,doctor-cha,TV,JO,Jordan,5,5,2023-05-14,2023-06-11
Doctor Cha,doctor-cha,TV,KW,Kuwait,7,3,2023-04-30,2023-06-11
Doctor Cha,doctor-cha,TV,MY,Malaysia,10,1,2023-04-23,2023-06-25
Doctor Cha,doctor-cha,TV,MV,Maldives,7,2,2023-04-30,2023-06-11
Doctor Cha,doctor-cha,TV,MX,Mexico,5,5,2023-05-28,2023-06-25
Doctor Cha,doctor-cha,TV,NI,Nicaragua,6,5,2023-05-28,2023-07-02
Doctor Cha,doctor-cha,TV,NG,Nigeria,5,6,2023-05-14,2023-06-11
Doctor Cha,doctor-cha,TV,OM,Oman,7,3,2023-04-30,2023-06-11
Doctor Cha,doctor-cha,TV,PA,Panama,5,6,2023-05-28,2023-06-25
Doctor Cha,doctor-cha,TV,PY,Paraguay,3,8,2023-06-04,2023-06-25
Doctor Cha,doctor-cha,TV,PE,Peru,7,4,2023-05-28,2023-07-09
Doctor Cha,doctor-cha,TV,PH,Philippines,9,1,2023-04-23,2023-06-18
Doctor Cha,doctor-cha,TV,QA,Qatar,7,2,2023-04-30,2023-06-11
Doctor Cha,doctor-cha,TV,SA,Saudi Arabia,8,1,2023-04-23,2023-06-11
Doctor Cha,doctor-cha,TV,SG,Singapore,7,1,2023-04-30,2023-06-11
Doctor Cha,doctor-cha,TV,KR,South Korea,9,1,2023-04-23,2023-06-18
Doctor Cha,doctor-cha,TV,LK,Sri Lanka,6,2,2023-05-07,2023-06-11
Doctor Cha,doctor-cha,TV,TW,Taiwan,8,1,2023-04-30,2023-06-18
Doctor Cha,doctor-cha,TV,TH,Thailand,8,2,2023-04-23,2023-06-11
Doctor Cha,doctor-cha,TV,AE,United Arab Emirates,7,2,2023-04-30,2023-06-11
Doctor Cha,doctor-cha,TV,VE,Venezuela,3,8,2023-06-18,2023-07-02
Doctor Cha,doctor-cha,TV,VN,Vietnam,8,1,2023-04-30,2023-06-18
Doctor John,doctor-john,TV,HK,Hong Kong,3,1,2022-10-23,2022-11-06
Doctor John,doctor-john,TV,JP,Japan,5,1,2022-06-05,2022-07-03
Doctor John,doctor-john,TV,KR,South Korea,2,4,2025-02-23,2025-03-02
Doctor John,doctor-john,TV,TW,Taiwan,2,6,2021-09-05,2021-09-12
Doctor Prisoner,doctor-prisoner,TV,HK,Hong Kong,3,6,2024-06-23,2024-07-07
Doctor Prisoner,doctor-prisoner,TV,TW,Taiwan,5,6,2022-07-24,2022-08-21
Doctor Slump,doctor-slump,TV,BH,Bahrain,3,3,2024-02-04,2024-02-18
Doctor Slump,doctor-slump,TV,BD,Bangladesh,9,1,2024-01-28,2024-03-24
Doctor Slump,doctor-slump,TV,BO,Bolivia,10,2,2024-02-25,2024-04-28
Doctor Slump,doctor-slump,TV,BR,Brazil,4,4,2024-03-03,2024-03-24
Doctor Slump,doctor-slump,TV,CL,Chile,4,4,2024-03-03,2024-03-24
Doctor Slump,doctor-slump,TV,CO,Colombia,5,2,2024-03-03,2024-04-14
Doctor Slump,doctor-slump,TV,CR,Costa Rica,4,3,2024-03-03,2024-03-24
Doctor Slump,doctor-slump,TV,DO,Dominican Republic,4,5,2024-03-03,2024-03-24
Doctor Slump,doctor-slump,TV,EC,Ecuador,9,2,2024-03-03,2024-04-28
Doctor Slump,doctor-slump,TV,EG,Egypt,4,6,2024-02-04,2024-03-10
Doctor Slump,doctor-slump,TV,SV,El Salvador,8,2,2024-03-03,2024-04-21
Doctor Slump,doctor-slump,TV,GR,Greece,1,10,2024-02-04,2024-02-04
Doctor Slump,doctor-slump,TV,GT,Guatemala,6,2,2024-03-03,2024-04-14
Doctor Slump,doctor-slump,TV,HN,Honduras,9,2,2024-02-25,2024-04-21
Doctor Slump,doctor-slump,TV,HK,Hong Kong,10,1,2024-02-04,2024-04-07
Doctor Slump,doctor-slump,TV,IN,India,5,5,2024-02-04,2024-03-03
Doctor Slump,doctor-slump,TV,ID,Indonesia,11,1,2024-01-28,2024-04-07
Doctor Slump,doctor-slump,TV,JP,Japan,8,4,2024-02-04,2024-03-24
Doctor Slump,doctor-slump,TV,JO,Jordan,5,6,2024-02-04,2024-03-10
Doctor Slump,doctor-slump,TV,KW,Kuwait,6,3,2024-02-04,2024-03-17
Doctor Slump,doctor-slump,TV,LB,Lebanon,1,10,2024-02-04,2024-02-04
Doctor Slump,doctor-slump,TV,MY,Malaysia,10,1,2024-01-28,2024-03-31
Doctor Slump,doctor-slump,TV,MV,Maldives,6,2,2024-02-04,2024-03-24
Doctor Slump,doctor-slump,TV,MU,Mauritius,1,9,2024-02-04,2024-02-04
Doctor Slump,doctor-slump,TV,MX,Mexico,4,2,2024-03-03,2024-03-24
Doctor Slump,doctor-slump,TV,MA,Morocco,4,6,2024-02-04,2024-02-25
Doctor Slump,doctor-slump,TV,NI,Nicaragua,9,2,2024-03-03,2024-04-28
Doctor Slump,doctor-slump,TV,NG,Nigeria,5,6,2024-02-04,2024-03-24
Doctor Slump,doctor-slump,TV,OM,Oman,6,2,2024-02-04,2024-03-10
Doctor Slump,doctor-slump,TV,PK,Pakistan,3,7,2024-02-04,2024-02-18
Doctor Slump,doctor-slump,TV,PA,Panama,4,3,2024-03-03,2024-03-24
Doctor Slump,doctor-slump,TV,PY,Paraguay,5,3,2024-03-03,2024-03-31
Doctor Slump,doctor-slump,TV,PE,Peru,10,2,2024-02-25,2024-04-28
Doctor Slump,doctor-slump,TV,PH,Philippines,11,1,2024-01-28,2024-04-07
Doctor Slump,doctor-slump,TV,PT,Portugal,1,8,2024-02-04,2024-02-04
Doctor Slump,doctor-slump,TV,QA,Qatar,8,2,2024-01-28,2024-03-17
Doctor Slump,doctor-slump,TV,RO,Romania,1,9,2024-02-04,2024-02-04
Doctor Slump,doctor-slump,TV,SA,Saudi Arabia,8,2,2024-01-28,2024-03-17
Doctor Slump,doctor-slump,TV,SG,Singapore,10,1,2024-01-28,2024-03-31
Doctor Slump,doctor-slump,TV,KR,South Korea,9,1,2024-01-28,2024-03-24
Doctor Slump,doctor-slump,TV,LK,Sri Lanka,8,3,2024-01-28,2024-03-24
Doctor Slump,doctor-slump,TV,TW,Taiwan,10,1,2024-02-04,2024-04-07
Doctor Slump,doctor-slump,TV,TH,Thailand,9,1,2024-01-28,2024-03-24
Doctor Slump,doctor-slump,TV,TR,Turkey,1,7,2024-02-04,2024-02-04
Doctor Slump,doctor-slump,TV,AE,United Arab Emirates,4,4,2024-02-04,2024-02-25
Doctor Slump,doctor-slump,TV,VE,Venezuela,4,3,2024-03-03,2024-03-24
Doctor Slump,doctor-slump,TV,VN,Vietnam,10,1,2024-01-28,2024-03-31
Doctors,doctors,TV,KR,South Korea,1,8,2025-03-09,2025-03-09
Dog Days,dog-days,Films,KR,South Korea,3,1,2025-01-19,2025-02-02
Dog Days,dog-days,Films,TH,Thailand,1,10,2024-10-13,2024-10-13
Dog Days Out,dog-days-out,TV,AU,Australia,2,6,2025-02-16,2025-02-23
Dog Days Out,dog-days-out,TV,BR,Brazil,2,5,2025-02-16,2025-02-23
Dog Days Out,dog-days-out,TV,CO,Colombia,1,9,2025-02-16,2025-02-16
Dog Days Out,dog-days-out,TV,CR,Costa Rica,1,10,2025-02-23,2025-02-23
Dog Days Out,dog-days-out,TV,HR,Croatia,2,5,2025-02-16,2025-02-23
Dog Days Out,dog-days-out,TV,CY,Cyprus,1,10,2025-02-16,2025-02-16
Dog Days Out,dog-days-out,TV,CZ,Czech Republic,2,6,2025-02-16,2025-02-23
Dog Days Out,dog-days-out,TV,DK,Denmark,1,9,2025-02-23,2025-02-23
Dog Days Out,dog-days-out,TV,DO,Dominican Republic,2,7,2025-02-16,2025-02-23
Dog Days Out,dog-days-out,TV,EC,Ecuador,1,10,2025-02-16,2025-02-16
Dog Days Out,dog-days-out,TV,EG,Egypt,1,7,2025-02-23,2025-02-23
Dog Days Out,dog-days-out,TV,SV,El Salvador,1,9,2025-02-16,2025-02-16
Dog Days Out,dog-days-out,TV,GT,Guatemala,2,5,2025-02-16,2025-02-23
Dog Days Out,dog-days-out,TV,HN,Honduras,2,8,2025-02-16,2025-02-23
Dog Days Out,dog-days-out,TV,HU,Hungary,1,10,2025-02-16,2025-02-16
Dog Days Out,dog-days-out,TV,IE,Ireland,1,10,2025-02-23,2025-02-23
Dog Days Out,dog-days-out,TV,LV,Latvia,2,9,2025-02-16,2025-02-23
Dog Days Out,dog-days-out,TV,MX,Mexico,2,8,2025-02-16,2025-02-23
Dog Days Out,dog-days-out,TV,NC,New Caledonia,1,9,2025-02-23,2025-02-23
Dog Days Out,dog-days-out,TV,NZ,New Zealand,2,5,2025-02-16,2025-02-23
Dog Days Out,dog-days-out,TV,PL,Poland,2,8,2025-02-16,2025-02-23
Dog Days Out,dog-days-out,TV,SK,Slovakia,2,6,2025-02-16,2025-02-23
Dog Days Out,dog-days-out,TV,ZA,South Africa,1,9,2025-02-23,2025-02-23
Dog Days Out,dog-days-out,TV,SE,Sweden,1,10,2025-02-23,2025-02-23
Dog Days Out,dog-days-out,TV,UA,Ukraine,2,6,2025-02-16,2025-02-23
Don't Buy the Seller,don-t-buy-the-seller,Films,KR,South Korea,5,1,2023-12-17,2024-02-18
Doom at Your Service,doom-at-your-service,TV,BO,Bolivia,1,9,2023-07-09,2023-07-09
Doom at Your Service,doom-at-your-service,TV,BR,Brazil,2,4,2023-07-09,2023-07-16
Doom at Your Service,doom-at-your-service,TV,CL,Chile,1,7,2023-07-09,2023-07-09
Doom at Your Service,doom-at-your-service,TV,CO,Colombia,2,8,2023-07-09,2023-07-16
Doom at Your Service,doom-at-your-service,TV,CR,Costa Rica,1,8,2023-07-09,2023-07-09
Doom at Your Service,doom-at-your-service,TV,DO,Dominican Republic,2,6,2023-07-09,2023-07-16
Doom at Your Service,doom-at-your-service,TV,EC,Ecuador,2,6,2023-07-09,2023-07-16
Doom at Your Service,doom-at-your-service,TV,SV,El Salvador,2,5,2023-07-09,2023-07-16
Doom at Your Service,doom-at-your-service,TV,GT,Guatemala,1,9,2023-07-09,2023-07-09
Doom at Your Service,doom-at-your-service,TV,HN,Honduras,2,5,2023-07-09,2023-07-16
Doom at Your Service,doom-at-your-service,TV,MV,Maldives,1,10,2023-07-09,2023-07-09
Doom at Your Service,doom-at-your-service,TV,MX,Mexico,1,9,2023-07-09,2023-07-09
Doom at Your Service,doom-at-your-service,TV,NI,Nicaragua,2,5,2023-07-09,2023-07-16
Doom at Your Service,doom-at-your-service,TV,PA,Panama,1,9,2023-07-09,2023-07-09
Doom at Your Service,doom-at-your-service,TV,PY,Paraguay,1,8,2023-07-09,2023-07-09
Doom at Your Service,doom-at-your-service,TV,PE,Peru,2,8,2023-07-09,2023-07-16
Doom at Your Service,doom-at-your-service,TV,KR,South Korea,1,9,2023-07-09,2023-07-09
Doom at Your Service,doom-at-your-service,TV,VE,Venezuela,1,9,2023-07-09,2023-07-09
Doona!,doona,TV,BH,Bahrain,2,5,2023-10-22,2023-10-29
Doona!,doona,TV,BD,Bangladesh,1,2,2023-10-29,2023-10-29
Doona!,doona,TV,BO,Bolivia,3,4,2023-10-22,2023-11-05
Doona!,doona,TV,BR,Brazil,1,7,2023-10-29,2023-10-29
Doona!,doona,TV,CL,Chile,1,6,2023-10-29,2023-10-29
Doona!,doona,TV,CO,Colombia,1,6,2023-10-29,2023-10-29
Doona!,doona,TV,CR,Costa Rica,1,6,2023-10-29,2023-10-29
Doona!,doona,TV,DO,Dominican Republic,1,5,2023-10-29,2023-10-29
Doona!,doona,TV,EC,Ecuador,3,4,2023-10-22,2023-11-05
Doona!,doona,TV,SV,El Salvador,3,3,2023-10-22,2023-11-05
Doona!,doona,TV,GT,Guatemala,2,3,2023-10-22,2023-10-29
Doona!,doona,TV,HN,Honduras,3,3,2023-10-22,2023-11-05
Doona!,doona,TV,HK,Hong Kong,4,1,2023-10-22,2023-11-12
Doona!,doona,TV,IN,India,2,2,2023-10-29,2023-11-05
Doona!,doona,TV,ID,Indonesia,6,1,2023-10-22,2023-11-26
Doona!,doona,TV,JP,Japan,2,3,2023-10-29,2023-11-05
Doona!,doona,TV,JO,Jordan,1,5,2023-10-29,2023-10-29
Doona!,doona,TV,KW,Kuwait,2,4,2023-10-22,2023-10-29
Doona!,doona,TV,MY,Malaysia,3,1,2023-10-22,2023-11-05
Doona!,doona,TV,MV,Maldives,1,3,2023-10-29,2023-10-29
Doona!,doona,TV,MX,Mexico,1,6,2023-10-29,2023-10-29
Doona!,doona,TV,MA,Morocco,1,7,2023-10-29,2023-10-29
Doona!,doona,TV,NC,New Caledonia,1,8,2023-10-29,2023-10-29
Doona!,doona,TV,NI,Nicaragua,3,3,2023-10-22,2023-11-05
Doona!,doona,TV,NG,Nigeria,1,4,2023-10-29,2023-10-29
Doona!,doona,TV,OM,Oman,1,4,2023-10-29,2023-10-29
Doona!,doona,TV,PK,Pakistan,1,4,2023-10-29,2023-10-29
Doona!,doona,TV,PA,Panama,1,7,2023-10-29,2023-10-29
Doona!,doona,TV,PY,Paraguay,1,5,2023-10-29,2023-10-29
Doona!,doona,TV,PE,Peru,4,4,2023-10-22,2023-11-12
Doona!,doona,TV,PH,Philippines,4,2,2023-10-22,2023-11-12
Doona!,doona,TV,QA,Qatar,2,2,2023-10-22,2023-10-29
Doona!,doona,TV,RE,Réunion,1,8,2023-10-29,2023-10-29
Doona!,doona,TV,RO,Romania,1,10,2023-10-29,2023-10-29
Doona!,doona,TV,SA,Saudi Arabia,3,3,2023-10-22,2023-11-05
Doona!,doona,TV,SG,Singapore,4,1,2023-10-22,2023-11-12
Doona!,doona,TV,KR,South Korea,5,1,2023-10-22,2023-11-19
Doona!,doona,TV,LK,Sri Lanka,1,8,2023-10-29,2023-10-29
Doona!,doona,TV,TW,Taiwan,4,1,2023-10-22,2023-11-12
Doona!,doona,TV,TH,Thailand,5,2,2023-10-22,2023-11-19
Doona!,doona,TV,AE,United Arab Emirates,2,5,2023-10-22,2023-10-29
Doona!,doona,TV,VE,Venezuela,1,6,2023-10-29,2023-10-29
Doona!,doona,TV,VN,Vietnam,6,2,2023-10-22,2023-11-26
Doubt,doubt,Films,HR,Croatia,1,8,2026-02-01,2026-02-01
Doubt,doubt,Films,ID,Indonesia,5,7,2024-10-20,2024-11-17
Doubt,doubt,Films,KW,Kuwait,1,9,2024-10-20,2024-10-20
Doubt,doubt,Films,MY,Malaysia,3,4,2024-10-20,2024-11-10
Doubt,doubt,Films,SG,Singapore,3,4,2024-10-13,2024-10-27
Doubt,doubt,Films,KR,South Korea,7,2,2024-10-13,2024-11-24
Doubt,doubt,Films,VN,Vietnam,7,2,2024-10-20,2024-12-01
Dr. Romantic,dr-romantic,TV,HK,Hong Kong,9,4,2023-05-14,2023-06-11
Dr. Romantic,dr-romantic,TV,ID,Indonesia,13,5,2023-05-07,2023-06-25
Dr. Romantic,dr-romantic,TV,JP,Japan,4,2,2022-01-16,2022-02-06
Dr. Romantic,dr-romantic,TV,MY,Malaysia,8,5,2023-05-07,2023-06-04
Dr. Romantic,dr-romantic,TV,PH,Philippines,8,6,2023-05-07,2023-06-11
Dr. Romantic,dr-romantic,TV,SG,Singapore,3,8,2023-05-14,2023-05-28
Dr. Romantic,dr-romantic,TV,TH,Thailand,6,7,2023-05-07,2023-06-11
Dr. Romantic,dr-romantic,TV,VN,Vietnam,2,8,2023-05-07,2023-05-14
Dragon Inn Part 1: The City of Sadness,dragon-inn-part-1-the-city-of-sadness,Films,KR,South Korea,1,6,2022-07-24,2022-07-24
Dream,dream,Films,BH,Bahrain,1,7,2023-07-30,2023-07-30
Dream,dream,Films,BD,Bangladesh,2,2,2023-07-30,2023-08-06
Dream,dream,Films,HK,Hong Kong,3,3,2023-07-30,2023-08-13
Dream,dream,Films,IN,India,1,8,2023-07-30,2023-07-30
Dream,dream,Films,ID,Indonesia,3,1,2023-07-30,2023-08-13
Dream,dream,Films,JP,Japan,2,1,2023-07-30,2023-08-06
Dream,dream,Films,KW,Kuwait,1,10,2023-07-30,2023-07-30
Dream,dream,Films,MY,Malaysia,2,2,2023-07-30,2023-08-06
Dream,dream,Films,MV,Maldives,2,6,2023-07-30,2023-08-06
Dream,dream,Films,NC,New Caledonia,1,9,2023-08-06,2023-08-06
Dream,dream,Films,PE,Peru,1,8,2023-07-30,2023-07-30
Dream,dream,Films,PH,Philippines,2,3,2023-07-30,2023-08-06
Dream,dream,Films,QA,Qatar,1,2,2023-07-30,2023-07-30
Dream,dream,Films,RE,Réunion,2,9,2023-07-30,2023-08-06
Dream,dream,Films,SG,Singapore,2,2,2023-07-30,2023-08-06
Dream,dream,Films,KR,South Korea,6,1,2023-07-30,2023-09-03
Dream,dream,Films,LK,Sri Lanka,1,6,2023-07-30,2023-07-30
Dream,dream,Films,TW,Taiwan,4,1,2023-07-30,2023-08-20
Dream,dream,Films,TH,Thailand,2,2,2023-07-30,2023-08-06
Dream,dream,Films,AE,United Arab Emirates,1,4,2023-07-30,2023-07-30
Dream,dream,Films,VN,Vietnam,3,2,2023-07-30,2023-08-13
Dream High,dream-high,TV,BO,Bolivia,1,9,2022-07-31,2022-07-31
Drive,drive,Films,IE,Ireland,1,4,2023-01-15,2023-01-15
Drive,drive,Films,KR,South Korea,3,2,2024-09-15,2024-09-29
Dual,dual,Films,BS,Bahamas,1,10,2024-09-29,2024-09-29
Dual,dual,Films,DO,Dominican Republic,1,9,2024-09-29,2024-09-29
Dynamite Kiss,dynamite-kiss,TV,AR,Argentina,2,8,2025-11-16,2025-11-23
Dynamite Kiss,dynamite-kiss,TV,BH,Bahrain,6,4,2025-11-16,2025-12-28
Dynamite Kiss,dynamite-kiss,TV,BD,Bangladesh,7,2,2025-11-16,2025-12-28
Dynamite Kiss,dynamite-kiss,TV,BO,Bolivia,8,1,2025-11-16,2026-01-04
Dynamite Kiss,dynamite-kiss,TV,BR,Brazil,7,2,2025-11-16,2025-12-28
Dynamite Kiss,dynamite-kiss,TV,CL,Chile,7,2,2025-11-16,2025-12-28
Dynamite Kiss,dynamite-kiss,TV,CO,Colombia,7,2,2025-11-16,2025-12-28
Dynamite Kiss,dynamite-kiss,TV,CR,Costa Rica,7,1,2025-11-16,2025-12-28
Dynamite Kiss,dynamite-kiss,TV,CY,Cyprus,2,7,2025-11-16,2025-11-23
Dynamite Kiss,dynamite-kiss,TV,DO,Dominican Republic,8,1,2025-11-16,2026-01-04
Dynamite Kiss,dynamite-kiss,TV,EC,Ecuador,8,2,2025-11-16,2026-01-04
Dynamite Kiss,dynamite-kiss,TV,EG,Egypt,5,4,2025-11-16,2025-12-28
Dynamite Kiss,dynamite-kiss,TV,SV,El Salvador,8,1,2025-11-16,2026-01-04
Dynamite Kiss,dynamite-kiss,TV,GR,Greece,3,4,2025-11-16,2025-11-30
Dynamite Kiss,dynamite-kiss,TV,GT,Guatemala,7,1,2025-11-16,2025-12-28
Dynamite Kiss,dynamite-kiss,TV,HN,Honduras,8,1,2025-11-16,2026-01-04
Dynamite Kiss,dynamite-kiss,TV,HK,Hong Kong,8,1,2025-11-16,2026-01-04
Dynamite Kiss,dynamite-kiss,TV,IN,India,6,2,2025-11-16,2025-12-21
Dynamite Kiss,dynamite-kiss,TV,ID,Indonesia,8,1,2025-11-16,2026-01-04
Dynamite Kiss,dynamite-kiss,TV,IL,Israel,3,6,2025-11-16,2025-11-30
Dynamite Kiss,dynamite-kiss,TV,JP,Japan,7,4,2025-11-16,2025-12-28
Dynamite Kiss,dynamite-kiss,TV,JO,Jordan,4,3,2025-11-16,2025-12-07
Dynamite Kiss,dynamite-kiss,TV,KE,Kenya,2,6,2025-11-16,2025-11-23
Dynamite Kiss,dynamite-kiss,TV,KW,Kuwait,4,5,2025-11-16,2025-12-07
Dynamite Kiss,dynamite-kiss,TV,LB,Lebanon,2,6,2025-11-16,2025-11-23
Dynamite Kiss,dynamite-kiss,TV,MY,Malaysia,8,1,2025-11-16,2026-01-04
Dynamite Kiss,dynamite-kiss,TV,MV,Maldives,7,3,2025-11-16,2025-12-28
Dynamite Kiss,dynamite-kiss,TV,MU,Mauritius,4,6,2025-11-16,2025-12-07
Dynamite Kiss,dynamite-kiss,TV,MX,Mexico,7,2,2025-11-16,2025-12-28
Dynamite Kiss,dynamite-kiss,TV,MA,Morocco,6,3,2025-11-16,2025-12-28
Dynamite Kiss,dynamite-kiss,TV,NI,Nicaragua,8,1,2025-11-16,2026-01-04
Dynamite Kiss,dynamite-kiss,TV,NG,Nigeria,7,5,2025-11-16,2025-12-28
Dynamite Kiss,dynamite-kiss,TV,OM,Oman,7,4,2025-11-16,2025-12-28
Dynamite Kiss,dynamite-kiss,TV,PK,Pakistan,6,3,2025-11-16,2025-12-21
Dynamite Kiss,dynamite-kiss,TV,PA,Panama,7,2,2025-11-16,2025-12-28
Dynamite Kiss,dynamite-kiss,TV,PY,Paraguay,7,2,2025-11-16,2025-12-28
Dynamite Kiss,dynamite-kiss,TV,PE,Peru,9,1,2025-11-16,2026-01-18
Dynamite Kiss,dynamite-kiss,TV,PH,Philippines,8,2,2025-11-16,2026-01-04
Dynamite Kiss,dynamite-kiss,TV,PT,Portugal,4,4,2025-11-16,2025-12-14
Dynamite Kiss,dynamite-kiss,TV,QA,Qatar,7,3,2025-11-16,2025-12-28
Dynamite Kiss,dynamite-kiss,TV,RE,Réunion,1,9,2025-11-16,2025-11-16
Dynamite Kiss,dynamite-kiss,TV,RO,Romania,3,4,2025-11-16,2025-11-30
Dynamite Kiss,dynamite-kiss,TV,SA,Saudi Arabia,7,3,2025-11-16,2025-12-28
Dynamite Kiss,dynamite-kiss,TV,SG,Singapore,8,2,2025-11-16,2026-01-04
Dynamite Kiss,dynamite-kiss,TV,KR,South Korea,7,2,2025-11-16,2025-12-28
Dynamite Kiss,dynamite-kiss,TV,LK,Sri Lanka,5,3,2025-11-16,2025-12-14
Dynamite Kiss,dynamite-kiss,TV,TW,Taiwan,8,1,2025-11-16,2026-01-04
Dynamite Kiss,dynamite-kiss,TV,TH,Thailand,7,3,2025-11-16,2025-12-28
Dynamite Kiss,dynamite-kiss,TV,TR,Turkey,4,5,2025-11-16,2025-12-07
Dynamite Kiss,dynamite-kiss,TV,AE,United Arab Emirates,6,4,2025-11-16,2025-12-28
Dynamite Kiss,dynamite-kiss,TV,VE,Venezuela,7,1,2025-11-16,2025-12-28
Dynamite Kiss,dynamite-kiss,TV,VN,Vietnam,9,1,2025-11-16,2026-01-18
Eden,eden,Films,CA,Canada,2,5,2023-11-05,2023-11-12
Eden,eden,Films,US,United States,1,9,2025-12-28,2025-12-28
Emergency,emergency,Films,BH,Bahrain,1,5,2025-03-23,2025-03-23
Emergency,emergency,Films,BD,Bangladesh,3,2,2025-03-16,2025-03-30
Emergency,emergency,Films,IN,India,4,3,2025-03-16,2025-04-06
Emergency,emergency,Films,MV,Maldives,1,4,2025-03-23,2025-03-23
Emergency,emergency,Films,MU,Mauritius,2,4,2025-03-16,2025-03-23
Emergency,emergency,Films,OM,Oman,2,5,2025-03-16,2025-03-23
Emergency,emergency,Films,PK,Pakistan,2,4,2025-03-16,2025-03-23
Emergency,emergency,Films,QA,Qatar,1,7,2025-03-23,2025-03-23
Emergency,emergency,Films,LK,Sri Lanka,1,5,2025-03-23,2025-03-23
Emergency,emergency,Films,AE,United Arab Emirates,2,5,2025-03-16,2025-03-23
Encounter,encounter,TV,BH,Bahrain,1,7,2021-08-08,2021-08-08
Encounter,encounter,TV,BD,Bangladesh,1,8,2021-08-08,2021-08-08
Encounter,encounter,TV,HK,Hong Kong,4,3,2021-08-08,2021-08-29
Encounter,encounter,TV,ID,Indonesia,2,4,2021-08-22,2021-08-29
Encounter,encounter,TV,JP,Japan,4,2,2021-08-22,2021-09-12
Encounter,encounter,TV,MY,Malaysia,1,5,2021-08-08,2021-08-08
Encounter,encounter,TV,MV,Maldives,1,10,2021-08-08,2021-08-08
Encounter,encounter,TV,NG,Nigeria,1,9,2021-08-08,2021-08-08
Encounter,encounter,TV,PH,Philippines,5,2,2021-08-01,2021-08-29
Encounter,encounter,TV,QA,Qatar,3,3,2021-08-08,2021-08-22
Encounter,encounter,TV,SG,Singapore,2,5,2021-08-08,2021-08-15
Encounter,encounter,TV,KR,South Korea,1,7,2021-08-08,2021-08-08
Encounter,encounter,TV,LK,Sri Lanka,2,8,2021-08-08,2021-08-15
Encounter,encounter,TV,TW,Taiwan,3,4,2022-01-30,2022-02-13
Encounter,encounter,TV,TH,Thailand,2,3,2021-08-08,2021-08-15
Encounter,encounter,TV,AE,United Arab Emirates,2,4,2021-08-08,2021-08-15
Endless Love,endless-love,Films,IL,Israel,1,3,2021-11-21,2021-11-21
Endless Love,endless-love,Films,US,United States,1,10,2022-08-21,2022-08-21
Escape,escape,Films,KR,South Korea,10,1,2024-11-10,2025-01-12
Escape,escape,Films,ES,Spain,3,5,2022-11-13,2026-06-14
Escape,escape,Films,TH,Thailand,3,1,2025-01-19,2025-02-02
Escape From Mogadishu,escape-from-mogadishu,Films,PH,Philippines,2,5,2022-05-29,2022-06-05
Escape From Mogadishu,escape-from-mogadishu,Films,KR,South Korea,8,1,2021-12-19,2022-02-06
Eve,eve,TV,BD,Bangladesh,2,7,2024-07-28,2024-08-04
Eve,eve,TV,HN,Honduras,1,8,2024-07-28,2024-07-28
Eve,eve,TV,HK,Hong Kong,3,4,2024-07-28,2024-08-11
Eve,eve,TV,ID,Indonesia,4,5,2024-07-28,2024-08-18
Eve,eve,TV,KE,Kenya,1,10,2024-07-28,2024-07-28
Eve,eve,TV,MY,Malaysia,3,6,2024-07-28,2024-08-11
Eve,eve,TV,MV,Maldives,3,5,2024-07-28,2024-08-11
Eve,eve,TV,NI,Nicaragua,1,7,2024-07-28,2024-07-28
Eve,eve,TV,NG,Nigeria,2,8,2024-07-28,2024-08-04
Eve,eve,TV,PH,Philippines,3,6,2024-07-28,2024-08-11
Eve,eve,TV,QA,Qatar,2,8,2024-07-28,2024-08-04
Eve,eve,TV,SG,Singapore,3,3,2024-07-28,2024-08-11
Eve,eve,TV,KR,South Korea,3,4,2024-07-28,2024-08-11
Eve,eve,TV,LK,Sri Lanka,2,6,2024-07-28,2024-08-04
Eve,eve,TV,TW,Taiwan,3,5,2024-07-28,2024-08-11
Eve,eve,TV,TH,Thailand,1,8,2024-07-28,2024-07-28
Eve,eve,TV,AE,United Arab Emirates,1,9,2024-07-28,2024-07-28
Eve,eve,TV,VN,Vietnam,3,7,2024-07-28,2024-08-11
Exhuma,exhuma,Films,KR,South Korea,13,1,2024-07-21,2025-02-02
Exit,exit,Films,JP,Japan,1,4,2021-08-08,2021-08-08
Exit,exit,Films,TW,Taiwan,1,10,2022-10-30,2022-10-30
Extraordinary Attorney Woo,extraordinary-attorney-woo,TV,AR,Argentina,5,4,2022-08-14,2022-09-11
Extraordinary Attorney Woo,extraordinary-attorney-woo,TV,AU,Australia,5,4,2022-07-24,2022-08-21
Extraordinary Attorney Woo,extraordinary-attorney-woo,TV,BH,Bahrain,8,1,2022-07-17,2022-09-04
Extraordinary Attorney Woo,extraordinary-attorney-woo,TV,BD,Bangladesh,8,1,2022-07-17,2022-09-04
Extraordinary Attorney Woo,extraordinary-attorney-woo,TV,BO,Bolivia,14,1,2022-07-24,2022-10-23
Extraordinary Attorney Woo,extraordinary-attorney-woo,TV,BR,Brazil,13,1,2022-07-31,2022-10-23
Extraordinary Attorney Woo,extraordinary-attorney-woo,TV,CA,Canada,1,7,2022-08-21,2022-08-21
Extraordinary Attorney Woo,extraordinary-attorney-woo,TV,CL,Chile,14,1,2022-07-24,2022-10-23
Extraordinary Attorney Woo,extraordinary-attorney-woo,TV,CO,Colombia,9,2,2022-08-07,2022-10-16
Extraordinary Attorney Woo,extraordinary-attorney-woo,TV,CR,Costa Rica,8,2,2022-07-31,2022-09-18
Extraordinary Attorney Woo,extraordinary-attorney-woo,TV,DO,Dominican Republic,9,3,2022-07-31,2022-09-25
Extraordinary Attorney Woo,extraordinary-attorney-woo,TV,EC,Ecuador,9,2,2022-07-24,2022-09-25
Extraordinary Attorney Woo,extraordinary-attorney-woo,TV,EG,Egypt,7,3,2022-07-17,2022-08-28
Extraordinary Attorney Woo,extraordinary-attorney-woo,TV,SV,El Salvador,10,1,2022-07-24,2022-09-25
Extraordinary Attorney Woo,extraordinary-attorney-woo,TV,FI,Finland,1,9,2022-09-04,2022-09-04
Extraordinary Attorney Woo,extraordinary-attorney-woo,TV,GR,Greece,3,9,2022-08-14,2022-09-04
Extraordinary Attorney Woo,extraordinary-attorney-woo,TV,GT,Guatemala,8,2,2022-07-24,2022-09-11
Extraordinary Attorney Woo,extraordinary-attorney-woo,TV,HN,Honduras,9,2,2022-07-24,2022-09-25
Extraordinary Attorney Woo,extraordinary-attorney-woo,TV,HK,Hong Kong,18,1,2022-07-03,2022-10-30
Extraordinary Attorney Woo,extraordinary-attorney-woo,TV,IN,India,7,3,2022-07-24,2022-09-04
Extraordinary Attorney Woo,extraordinary-attorney-woo,TV,ID,Indonesia,15,1,2022-07-10,2022-10-16
Extraordinary Attorney Woo,extraordinary-attorney-woo,TV,IL,Israel,7,3,2022-07-31,2022-09-11
Extraordinary Attorney Woo,extraordinary-attorney-woo,TV,JP,Japan,25,1,2022-07-10,2023-04-02
Extraordinary Attorney Woo,extraordinary-attorney-woo,TV,JO,Jordan,8,3,2022-07-17,2022-09-04
Extraordinary Attorney Woo,extraordinary-attorney-woo,TV,KE,Kenya,4,7,2022-07-24,2022-08-21
Extraordinary Attorney Woo,extraordinary-attorney-woo,TV,KW,Kuwait,8,1,2022-07-17,2022-09-04
Extraordinary Attorney Woo,extraordinary-attorney-woo,TV,LB,Lebanon,3,9,2022-07-31,2022-08-14
Extraordinary Attorney Woo,extraordinary-attorney-woo,TV,MY,Malaysia,15,1,2022-07-03,2022-10-09
Extraordinary Attorney Woo,extraordinary-attorney-woo,TV,MV,Maldives,9,1,2022-07-17,2022-09-11
Extraordinary Attorney Woo,extraordinary-attorney-woo,TV,MU,Mauritius,4,7,2022-07-31,2022-08-21
Extraordinary Attorney Woo,extraordinary-attorney-woo,TV,MX,Mexico,14,1,2022-07-24,2022-10-23
Extraordinary Attorney Woo,extraordinary-attorney-woo,TV,MA,Morocco,8,3,2022-07-24,2022-09-11
Extraordinary Attorney Woo,extraordinary-attorney-woo,TV,NZ,New Zealand,7,4,2022-07-24,2022-09-04
Extraordinary Attorney Woo,extraordinary-attorney-woo,TV,NI,Nicaragua,7,1,2022-07-31,2022-09-11
Extraordinary Attorney Woo,extraordinary-attorney-woo,TV,NG,Nigeria,7,3,2022-07-24,2022-09-04
Extraordinary Attorney Woo,extraordinary-attorney-woo,TV,OM,Oman,9,1,2022-07-17,2022-09-11
Extraordinary Attorney Woo,extraordinary-attorney-woo,TV,PK,Pakistan,4,5,2022-07-31,2022-08-21
Extraordinary Attorney Woo,extraordinary-attorney-woo,TV,PA,Panama,9,1,2022-07-31,2022-09-25
Extraordinary Attorney Woo,extraordinary-attorney-woo,TV,PY,Paraguay,7,2,2022-07-31,2022-09-11
Extraordinary Attorney Woo,extraordinary-attorney-woo,TV,PE,Peru,16,1,2022-07-17,2022-10-30
Extraordinary Attorney Woo,extraordinary-attorney-woo,TV,PH,Philippines,13,1,2022-07-10,2022-10-02
Extraordinary Attorney Woo,extraordinary-attorney-woo,TV,PT,Portugal,3,5,2022-08-21,2022-09-04
Extraordinary Attorney Woo,extraordinary-attorney-woo,TV,QA,Qatar,10,1,2022-07-10,2022-09-11
Extraordinary Attorney Woo,extraordinary-attorney-woo,TV,RO,Romania,2,10,2022-08-07,2022-09-04
Extraordinary Attorney Woo,extraordinary-attorney-woo,TV,SA,Saudi Arabia,9,1,2022-07-17,2022-09-11
Extraordinary Attorney Woo,extraordinary-attorney-woo,TV,SG,Singapore,17,1,2022-07-03,2022-10-23
Extraordinary Attorney Woo,extraordinary-attorney-woo,TV,KR,South Korea,16,1,2022-07-03,2022-10-16
Extraordinary Attorney Woo,extraordinary-attorney-woo,TV,ES,Spain,2,5,2022-08-21,2022-09-04
Extraordinary Attorney Woo,extraordinary-attorney-woo,TV,LK,Sri Lanka,10,1,2022-07-10,2022-09-11
Extraordinary Attorney Woo,extraordinary-attorney-woo,TV,TW,Taiwan,17,1,2022-07-03,2022-10-23
Extraordinary Attorney Woo,extraordinary-attorney-woo,TV,TH,Thailand,24,1,2022-07-03,2023-05-28
Extraordinary Attorney Woo,extraordinary-attorney-woo,TV,TR,Turkey,4,7,2022-08-14,2022-09-04
Extraordinary Attorney Woo,extraordinary-attorney-woo,TV,AE,United Arab Emirates,8,1,2022-07-17,2022-09-04
Extraordinary Attorney Woo,extraordinary-attorney-woo,TV,US,United States,2,9,2022-08-07,2022-08-21
Extraordinary Attorney Woo,extraordinary-attorney-woo,TV,UY,Uruguay,5,4,2022-08-14,2022-09-11
Extraordinary Attorney Woo,extraordinary-attorney-woo,TV,VE,Venezuela,11,1,2022-08-07,2022-10-16
Extraordinary Attorney Woo,extraordinary-attorney-woo,TV,VN,Vietnam,13,1,2022-07-10,2022-10-02
Extraordinary You,extraordinary-you,TV,JP,Japan,3,5,2022-04-10,2022-04-24
Extreme Job,extreme-job,Films,HK,Hong Kong,4,7,2022-01-09,2022-01-30
Extreme Job,extreme-job,Films,ID,Indonesia,3,2,2021-12-05,2021-12-19
Extreme Job,extreme-job,Films,JP,Japan,1,3,2021-08-22,2021-08-22
Extreme Job,extreme-job,Films,KR,South Korea,3,9,2023-04-23,2023-05-07
Extreme Job,extreme-job,Films,TH,Thailand,2,5,2021-12-05,2021-12-12
Extreme Job,extreme-job,Films,VN,Vietnam,4,4,2021-12-05,2022-05-15
Fabricated City,fabricated-city,Films,KR,South Korea,4,2,2025-11-09,2025-11-30
Fallen,fallen,Films,US,United States,1,5,2025-02-09,2025-02-09
Family Business,family-business,Films,BH,Bahrain,3,5,2026-06-21,2026-07-05
Family Business,family-business,Films,BE,Belgium,1,9,2021-10-17,2021-10-17
Family Business,family-business,Films,EG,Egypt,9,1,2026-06-21,2026-08-16
Family Business,family-business,Films,FR,France,4,4,2021-10-10,2025-04-06
Family Business,family-business,Films,JO,Jordan,9,1,2026-06-21,2026-08-16
Family Business,family-business,Films,KW,Kuwait,6,2,2026-06-21,2026-08-09
Family Business,family-business,Films,LB,Lebanon,4,4,2026-06-21,2026-07-12
Family Business,family-business,Films,LU,Luxembourg,1,6,2021-10-17,2021-10-17
Family Business,family-business,Films,MA,Morocco,1,7,2026-06-28,2026-06-28
Family Business,family-business,Films,NC,New Caledonia,2,6,2021-10-10,2021-10-17
Family Business,family-business,Films,OM,Oman,2,4,2026-06-21,2026-06-28
Family Business,family-business,Films,QA,Qatar,3,7,2026-06-21,2026-07-05
Family Business,family-business,Films,RE,Réunion,1,8,2021-10-17,2021-10-17
Family Business,family-business,Films,SA,Saudi Arabia,8,1,2026-06-21,2026-08-09
Family Business,family-business,Films,AE,United Arab Emirates,1,8,2026-06-28,2026-06-28
Family by Choice,family-by-choice,TV,KR,South Korea,9,4,2024-10-13,2024-12-08
Fatal Intuition,fatal-intuition,Films,KR,South Korea,4,2,2024-06-09,2024-06-30
Father,father,Films,CZ,Czech Republic,2,7,2025-12-14,2025-12-21
Father,father,Films,SK,Slovakia,6,1,2025-12-14,2026-01-18
Fearless Love,fearless-love,Films,TH,Thailand,3,2,2022-11-06,2022-11-20
FENGSHUI,fengshui,Films,KR,South Korea,2,4,2024-12-22,2024-12-29
Fire,fire,Films,ES,Spain,3,1,2026-02-08,2026-02-22
Firefighters,firefighters,Films,KR,South Korea,3,1,2025-04-06,2025-04-20
Fireworks,fireworks,Films,EG,Egypt,4,1,2024-06-23,2024-07-14
Fireworks,fireworks,Films,ID,Indonesia,3,4,2023-07-02,2023-07-16
Fireworks,fireworks,Films,JO,Jordan,1,5,2024-06-23,2024-06-23
Fireworks,fireworks,Films,KW,Kuwait,1,8,2024-06-23,2024-06-23
Fireworks,fireworks,Films,SA,Saudi Arabia,1,9,2024-06-23,2024-06-23
First Lady,first-lady,TV,ID,Indonesia,3,5,2025-09-28,2025-10-12
First Lady,first-lady,TV,MY,Malaysia,2,6,2025-09-28,2025-10-05
First Lady,first-lady,TV,PH,Philippines,2,6,2022-12-18,2025-09-28
First Lady,first-lady,TV,SG,Singapore,2,4,2025-09-28,2025-10-05
First Lady,first-lady,TV,KR,South Korea,5,5,2025-09-28,2025-11-02
First Lady,first-lady,TV,VN,Vietnam,2,4,2025-09-28,2025-10-05
First Love,first-love,TV,HK,Hong Kong,9,2,2022-11-27,2023-01-22
First Love,first-love,TV,ID,Indonesia,4,3,2022-11-27,2022-12-18
First Love,first-love,TV,JP,Japan,17,1,2022-06-19,2024-06-16
First Love,first-love,TV,MY,Malaysia,2,8,2022-11-27,2022-12-04
First Love,first-love,TV,PH,Philippines,3,3,2022-11-27,2022-12-11
First Love,first-love,TV,SG,Singapore,2,4,2022-12-04,2022-12-11
First Love,first-love,TV,TW,Taiwan,7,1,2022-11-27,2023-01-08
First Love,first-love,TV,TH,Thailand,1,10,2022-12-04,2022-12-04
First Love,first-love,TV,TR,Turkey,2,7,2022-03-20,2022-03-27
First Man,first-man,Films,BE,Belgium,1,5,2022-06-26,2022-06-26
First Man,first-man,Films,NL,Netherlands,1,8,2022-03-06,2022-03-06
Five,five,Films,FR,France,2,7,2023-02-12,2023-02-19
Flower of Evil,flower-of-evil,TV,HK,Hong Kong,5,4,2022-10-02,2022-10-30
Flower of Evil,flower-of-evil,TV,JP,Japan,9,2,2023-01-01,2023-02-26
Flower of Evil,flower-of-evil,TV,KR,South Korea,5,3,2022-10-02,2022-10-30
Flower of Evil,flower-of-evil,TV,TW,Taiwan,5,3,2022-10-02,2022-10-30
Flu,flu,Films,PH,Philippines,2,1,2021-09-05,2021-09-12
Flu,flu,Films,SG,Singapore,3,3,2021-09-05,2021-09-19
Flu,flu,Films,TH,Thailand,2,2,2021-09-05,2021-09-12
Flu,flu,Films,VN,Vietnam,3,2,2021-09-05,2021-09-19
Following,following,Films,KR,South Korea,4,1,2024-12-15,2025-01-05
Forbidden Fairytale,forbidden-fairytale,Films,KR,South Korea,2,4,2026-04-12,2026-04-19
Forecasting Love and Weather,forecasting-love-and-weather,TV,BH,Bahrain,2,9,2022-04-03,2022-04-10
Forecasting Love and Weather,forecasting-love-and-weather,TV,BD,Bangladesh,7,6,2022-02-27,2022-04-10
Forecasting Love and Weather,forecasting-love-and-weather,TV,SV,El Salvador,3,8,2022-05-01,2022-05-15
Forecasting Love and Weather,forecasting-love-and-weather,TV,HN,Honduras,4,8,2022-04-17,2022-05-15
Forecasting Love and Weather,forecasting-love-and-weather,TV,HK,Hong Kong,10,3,2022-02-20,2022-04-24
Forecasting Love and Weather,forecasting-love-and-weather,TV,IN,India,5,7,2022-03-13,2022-04-10
Forecasting Love and Weather,forecasting-love-and-weather,TV,ID,Indonesia,11,2,2022-02-20,2022-05-01
Forecasting Love and Weather,forecasting-love-and-weather,TV,JP,Japan,11,2,2022-02-20,2022-05-01
Forecasting Love and Weather,forecasting-love-and-weather,TV,MY,Malaysia,9,3,2022-02-20,2022-04-17
Forecasting Love and Weather,forecasting-love-and-weather,TV,MV,Maldives,8,5,2022-02-27,2022-04-17
Forecasting Love and Weather,forecasting-love-and-weather,TV,MX,Mexico,2,8,2022-05-08,2022-05-15
Forecasting Love and Weather,forecasting-love-and-weather,TV,NI,Nicaragua,2,9,2022-05-08,2022-05-15
Forecasting Love and Weather,forecasting-love-and-weather,TV,NG,Nigeria,7,7,2022-02-27,2022-04-10
Forecasting Love and Weather,forecasting-love-and-weather,TV,PA,Panama,1,10,2022-05-08,2022-05-08
Forecasting Love and Weather,forecasting-love-and-weather,TV,PE,Peru,2,8,2022-05-08,2022-05-15
Forecasting Love and Weather,forecasting-love-and-weather,TV,PH,Philippines,10,3,2022-02-20,2022-04-24
Forecasting Love and Weather,forecasting-love-and-weather,TV,QA,Qatar,5,5,2022-03-13,2022-04-10
Forecasting Love and Weather,forecasting-love-and-weather,TV,SG,Singapore,8,3,2022-02-20,2022-04-10
Forecasting Love and Weather,forecasting-love-and-weather,TV,KR,South Korea,8,3,2022-02-20,2022-04-10
Forecasting Love and Weather,forecasting-love-and-weather,TV,LK,Sri Lanka,5,5,2022-03-13,2022-04-10
Forecasting Love and Weather,forecasting-love-and-weather,TV,TW,Taiwan,11,3,2022-02-20,2022-05-01
Forecasting Love and Weather,forecasting-love-and-weather,TV,TH,Thailand,13,1,2022-02-20,2022-06-26
Forecasting Love and Weather,forecasting-love-and-weather,TV,AE,United Arab Emirates,5,7,2022-02-27,2022-04-10
Forecasting Love and Weather,forecasting-love-and-weather,TV,VN,Vietnam,9,3,2022-02-20,2022-04-17
Frankly Speaking,frankly-speaking,TV,BR,Brazil,1,8,2024-05-05,2024-05-05
Frankly Speaking,frankly-speaking,TV,HK,Hong Kong,2,7,2024-05-05,2024-05-12
Frankly Speaking,frankly-speaking,TV,ID,Indonesia,5,3,2024-05-05,2024-06-02
Frankly Speaking,frankly-speaking,TV,MY,Malaysia,2,6,2024-05-05,2024-05-12
Frankly Speaking,frankly-speaking,TV,SG,Singapore,2,6,2024-05-05,2024-05-12
Frankly Speaking,frankly-speaking,TV,KR,South Korea,6,2,2024-05-05,2024-06-09
Frankly Speaking,frankly-speaking,TV,TW,Taiwan,2,5,2024-05-05,2024-05-12
Frankly Speaking,frankly-speaking,TV,TH,Thailand,2,4,2024-05-05,2024-05-12
Frankly Speaking,frankly-speaking,TV,VN,Vietnam,4,5,2024-05-05,2024-05-26
Friend,friend,Films,KR,South Korea,1,5,2023-10-01,2023-10-01
Friendly Rivalry,friendly-rivalry,TV,HK,Hong Kong,2,5,2025-04-13,2025-04-20
Friendly Rivalry,friendly-rivalry,TV,NG,Nigeria,2,7,2025-04-13,2025-04-20
Friendly Rivalry,friendly-rivalry,TV,PH,Philippines,2,3,2025-04-13,2025-04-20
Friendly Rivalry,friendly-rivalry,TV,SG,Singapore,1,7,2025-04-13,2025-04-13
Friendly Rivalry,friendly-rivalry,TV,KR,South Korea,3,4,2025-04-13,2025-04-27
Friendly Rivalry,friendly-rivalry,TV,TW,Taiwan,4,3,2025-04-13,2025-05-04
Friendly Rivalry,friendly-rivalry,TV,VN,Vietnam,2,3,2025-04-13,2025-04-20
Gangnam Zombie,gangnam-zombie,Films,TH,Thailand,2,4,2023-09-24,2023-10-01
Gate,gate,Films,KR,South Korea,3,3,2022-10-16,2022-10-30
"Genie, Make a Wish",genie-make-a-wish,TV,AR,Argentina,1,9,2025-10-12,2025-10-12
"Genie, Make a Wish",genie-make-a-wish,TV,BH,Bahrain,4,2,2025-10-05,2025-10-26
"Genie, Make a Wish",genie-make-a-wish,TV,BD,Bangladesh,6,2,2025-10-05,2025-11-09
"Genie, Make a Wish",genie-make-a-wish,TV,BO,Bolivia,5,2,2025-10-05,2025-11-02
"Genie, Make a Wish",genie-make-a-wish,TV,BR,Brazil,3,3,2025-10-05,2025-10-19
"Genie, Make a Wish",genie-make-a-wish,TV,CL,Chile,3,3,2025-10-05,2025-10-19
"Genie, Make a Wish",genie-make-a-wish,TV,CO,Colombia,4,3,2025-10-05,2025-10-26
"Genie, Make a Wish",genie-make-a-wish,TV,CR,Costa Rica,3,3,2025-10-05,2025-10-19
"Genie, Make a Wish",genie-make-a-wish,TV,CZ,Czech Republic,1,10,2025-10-05,2025-10-05
"Genie, Make a Wish",genie-make-a-wish,TV,DO,Dominican Republic,5,1,2025-10-05,2025-11-02
"Genie, Make a Wish",genie-make-a-wish,TV,EC,Ecuador,4,2,2025-10-05,2025-10-26
"Genie, Make a Wish",genie-make-a-wish,TV,EG,Egypt,2,4,2025-10-05,2025-10-12
"Genie, Make a Wish",genie-make-a-wish,TV,SV,El Salvador,4,2,2025-10-05,2025-10-26
"Genie, Make a Wish",genie-make-a-wish,TV,GR,Greece,2,10,2025-10-05,2025-10-12
"Genie, Make a Wish",genie-make-a-wish,TV,GP,Guadeloupe,1,9,2025-10-12,2025-10-12
"Genie, Make a Wish",genie-make-a-wish,TV,GT,Guatemala,3,2,2025-10-05,2025-10-19
"Genie, Make a Wish",genie-make-a-wish,TV,HN,Honduras,4,2,2025-10-05,2025-10-26
"Genie, Make a Wish",genie-make-a-wish,TV,HK,Hong Kong,4,1,2025-10-05,2025-10-26
"Genie, Make a Wish",genie-make-a-wish,TV,IN,India,6,3,2025-10-05,2025-11-09
"Genie, Make a Wish",genie-make-a-wish,TV,ID,Indonesia,6,1,2025-10-05,2025-11-09
"Genie, Make a Wish",genie-make-a-wish,TV,JP,Japan,1,7,2025-10-12,2025-10-12
"Genie, Make a Wish",genie-make-a-wish,TV,JO,Jordan,3,2,2025-10-05,2025-10-19
"Genie, Make a Wish",genie-make-a-wish,TV,KW,Kuwait,3,2,2025-10-05,2025-10-19
"Genie, Make a Wish",genie-make-a-wish,TV,LB,Lebanon,1,7,2025-10-12,2025-10-12
"Genie, Make a Wish",genie-make-a-wish,TV,MY,Malaysia,4,1,2025-10-05,2025-10-26
"Genie, Make a Wish",genie-make-a-wish,TV,MV,Maldives,5,2,2025-10-05,2025-11-02
"Genie, Make a Wish",genie-make-a-wish,TV,MU,Mauritius,4,2,2025-10-05,2025-10-26
"Genie, Make a Wish",genie-make-a-wish,TV,MX,Mexico,4,2,2025-10-05,2025-10-26
"Genie, Make a Wish",genie-make-a-wish,TV,MA,Morocco,3,4,2025-10-05,2025-10-19
"Genie, Make a Wish",genie-make-a-wish,TV,NC,New Caledonia,1,8,2025-10-12,2025-10-12
"Genie, Make a Wish",genie-make-a-wish,TV,NI,Nicaragua,5,2,2025-10-05,2025-11-02
"Genie, Make a Wish",genie-make-a-wish,TV,NG,Nigeria,3,3,2025-10-05,2025-10-19
"Genie, Make a Wish",genie-make-a-wish,TV,OM,Oman,4,2,2025-10-05,2025-10-26
"Genie, Make a Wish",genie-make-a-wish,TV,PK,Pakistan,6,2,2025-10-05,2025-11-09
"Genie, Make a Wish",genie-make-a-wish,TV,PA,Panama,3,3,2025-10-05,2025-10-19
"Genie, Make a Wish",genie-make-a-wish,TV,PY,Paraguay,3,2,2025-10-05,2025-10-19
"Genie, Make a Wish",genie-make-a-wish,TV,PE,Peru,5,1,2025-10-05,2025-11-02
"Genie, Make a Wish",genie-make-a-wish,TV,PH,Philippines,5,1,2025-10-05,2025-11-02
"Genie, Make a Wish",genie-make-a-wish,TV,QA,Qatar,5,2,2025-10-05,2025-11-02
"Genie, Make a Wish",genie-make-a-wish,TV,RE,Réunion,2,6,2025-10-05,2025-10-12
"Genie, Make a Wish",genie-make-a-wish,TV,RO,Romania,2,9,2025-10-05,2025-10-12
"Genie, Make a Wish",genie-make-a-wish,TV,SA,Saudi Arabia,3,3,2025-10-05,2025-10-19
"Genie, Make a Wish",genie-make-a-wish,TV,SG,Singapore,4,1,2025-10-05,2025-10-26
"Genie, Make a Wish",genie-make-a-wish,TV,KR,South Korea,6,1,2025-10-05,2025-11-09
"Genie, Make a Wish",genie-make-a-wish,TV,LK,Sri Lanka,5,2,2025-10-05,2025-11-02
"Genie, Make a Wish",genie-make-a-wish,TV,TW,Taiwan,4,3,2025-10-05,2025-10-26
"Genie, Make a Wish",genie-make-a-wish,TV,TH,Thailand,5,1,2025-10-05,2025-11-02
"Genie, Make a Wish",genie-make-a-wish,TV,TR,Turkey,3,5,2025-10-05,2025-10-19
"Genie, Make a Wish",genie-make-a-wish,TV,AE,United Arab Emirates,4,2,2025-10-05,2025-10-26
"Genie, Make a Wish",genie-make-a-wish,TV,VE,Venezuela,3,5,2025-10-05,2025-10-19
"Genie, Make a Wish",genie-make-a-wish,TV,VN,Vietnam,9,1,2025-10-05,2025-11-30
Ghost,ghost,Films,CL,Chile,1,10,2025-01-05,2025-01-05
Ghost,ghost,Films,SV,El Salvador,1,8,2025-01-05,2025-01-05
Ghost,ghost,Films,GT,Guatemala,1,10,2025-01-05,2025-01-05
Ghost,ghost,Films,NI,Nicaragua,1,10,2025-01-05,2025-01-05
Ghost,ghost,Films,PE,Peru,1,9,2025-01-05,2025-01-05
Ghost Doctor,ghost-doctor,TV,BH,Bahrain,4,2,2022-07-03,2022-07-24
Ghost Doctor,ghost-doctor,TV,BD,Bangladesh,3,6,2022-07-03,2022-07-17
Ghost Doctor,ghost-doctor,TV,EG,Egypt,3,6,2022-07-03,2022-07-17
Ghost Doctor,ghost-doctor,TV,IN,India,2,9,2022-07-03,2022-07-10
Ghost Doctor,ghost-doctor,TV,ID,Indonesia,8,1,2022-06-26,2022-08-14
Ghost Doctor,ghost-doctor,TV,JO,Jordan,4,6,2022-07-03,2022-07-24
Ghost Doctor,ghost-doctor,TV,KE,Kenya,1,6,2022-07-03,2022-07-03
Ghost Doctor,ghost-doctor,TV,KW,Kuwait,4,2,2022-07-03,2022-07-24
Ghost Doctor,ghost-doctor,TV,MY,Malaysia,11,1,2022-06-26,2022-09-04
Ghost Doctor,ghost-doctor,TV,MV,Maldives,3,2,2022-07-03,2022-07-17
Ghost Doctor,ghost-doctor,TV,MU,Mauritius,1,9,2022-07-03,2022-07-03
Ghost Doctor,ghost-doctor,TV,MA,Morocco,3,6,2022-07-03,2022-07-17
Ghost Doctor,ghost-doctor,TV,NG,Nigeria,8,2,2022-06-26,2022-08-14
Ghost Doctor,ghost-doctor,TV,OM,Oman,5,2,2022-07-03,2022-07-31
Ghost Doctor,ghost-doctor,TV,PH,Philippines,9,2,2022-06-26,2022-08-21
Ghost Doctor,ghost-doctor,TV,QA,Qatar,5,2,2022-06-26,2022-07-24
Ghost Doctor,ghost-doctor,TV,SA,Saudi Arabia,5,2,2022-07-03,2022-07-31
Ghost Doctor,ghost-doctor,TV,SG,Singapore,8,1,2022-06-26,2022-08-14
Ghost Doctor,ghost-doctor,TV,KR,South Korea,2,6,2024-03-03,2024-03-10
Ghost Doctor,ghost-doctor,TV,LK,Sri Lanka,4,4,2022-06-26,2022-07-17
Ghost Doctor,ghost-doctor,TV,TH,Thailand,5,1,2022-06-26,2022-07-24
Ghost Doctor,ghost-doctor,TV,AE,United Arab Emirates,5,2,2022-06-26,2022-07-24
Ghost Doctor,ghost-doctor,TV,VN,Vietnam,11,3,2022-06-26,2022-09-04
Ghost House,ghost-house,Films,TH,Thailand,2,3,2024-11-03,2024-11-10
Ghost Ship,ghost-ship,Films,AT,Austria,1,8,2026-07-05,2026-07-05
Ghost Ship,ghost-ship,Films,BS,Bahamas,1,10,2021-09-19,2021-09-19
Ghost Ship,ghost-ship,Films,EC,Ecuador,1,9,2021-09-19,2021-09-19
Ghost Ship,ghost-ship,Films,SV,El Salvador,1,7,2021-09-19,2021-09-19
Ghost Ship,ghost-ship,Films,DE,Germany,2,7,2026-07-05,2026-07-12
Ghost Ship,ghost-ship,Films,GT,Guatemala,1,10,2021-09-19,2021-09-19
Ghost Ship,ghost-ship,Films,HK,Hong Kong,1,2,2024-05-19,2024-05-19
Ghost Ship,ghost-ship,Films,ID,Indonesia,1,4,2024-05-19,2024-05-19
Ghost Ship,ghost-ship,Films,JM,Jamaica,1,8,2021-09-19,2021-09-19
Ghost Ship,ghost-ship,Films,MY,Malaysia,1,3,2024-05-19,2024-05-19
Ghost Ship,ghost-ship,Films,MV,Maldives,1,4,2024-05-19,2024-05-19
Ghost Ship,ghost-ship,Films,MX,Mexico,1,7,2021-09-19,2021-09-19
Ghost Ship,ghost-ship,Films,NI,Nicaragua,1,7,2021-09-19,2021-09-19
Ghost Ship,ghost-ship,Films,PE,Peru,1,7,2021-09-19,2021-09-19
Ghost Ship,ghost-ship,Films,PH,Philippines,2,2,2024-05-12,2024-05-19
Ghost Ship,ghost-ship,Films,SG,Singapore,1,4,2024-05-19,2024-05-19
Ghost Ship,ghost-ship,Films,LK,Sri Lanka,1,5,2024-05-19,2024-05-19
Ghost Ship,ghost-ship,Films,TW,Taiwan,1,3,2024-05-19,2024-05-19
Ghost Ship,ghost-ship,Films,TH,Thailand,1,3,2024-05-19,2024-05-19
Ghost Ship,ghost-ship,Films,TT,Trinidad and Tobago,1,10,2021-09-19,2021-09-19
Ghost Ship,ghost-ship,Films,GB,United Kingdom,1,8,2024-10-27,2024-10-27
Glitch,glitch,TV,JP,Japan,1,7,2022-10-16,2022-10-16
Glitch,glitch,TV,KR,South Korea,3,2,2022-10-09,2022-10-23
Glitch,glitch,TV,VN,Vietnam,1,8,2021-07-04,2021-07-04
Godsend,godsend,Films,FR,France,2,6,2024-05-05,2024-05-12
Godsend,godsend,Films,GP,Guadeloupe,2,6,2024-05-05,2024-05-12
Godsend,godsend,Films,MQ,Martinique,2,7,2024-05-05,2024-05-12
Godsend,godsend,Films,NC,New Caledonia,2,8,2024-05-05,2024-05-12
Godsend,godsend,Films,RE,Réunion,2,5,2024-05-05,2024-05-12
Golden Slumber,golden-slumber,Films,KR,South Korea,1,5,2022-01-23,2022-01-23
GOOD BOY,good-boy,TV,KR,South Korea,9,2,2025-06-01,2025-07-27
Good Doctor,good-doctor,TV,HK,Hong Kong,1,9,2022-07-31,2022-07-31
Good Job,good-job,TV,KR,South Korea,2,4,2022-12-04,2022-12-11
Good Morning,good-morning,Films,KR,South Korea,1,10,2022-11-13,2022-11-13
Good News,good-news,Films,HK,Hong Kong,3,6,2025-10-19,2025-11-02
Good News,good-news,Films,ID,Indonesia,1,8,2025-10-26,2025-10-26
Good News,good-news,Films,JP,Japan,3,4,2025-10-19,2025-11-02
Good News,good-news,Films,MY,Malaysia,1,10,2025-10-26,2025-10-26
Good News,good-news,Films,PH,Philippines,1,10,2025-10-26,2025-10-26
Good News,good-news,Films,SG,Singapore,1,7,2025-10-26,2025-10-26
Good News,good-news,Films,KR,South Korea,7,1,2025-10-19,2025-11-30
Good News,good-news,Films,TW,Taiwan,3,3,2025-10-19,2025-11-02
Good News,good-news,Films,TH,Thailand,2,7,2025-10-19,2025-10-26
Good News,good-news,Films,VN,Vietnam,2,3,2025-10-19,2025-10-26
Good Partner,good-partner,TV,KR,South Korea,12,1,2024-07-14,2024-09-29
Goodbye Earth,goodbye-earth,TV,AR,Argentina,1,10,2024-05-05,2024-05-05
Goodbye Earth,goodbye-earth,TV,BO,Bolivia,2,4,2024-04-28,2024-05-05
Goodbye Earth,goodbye-earth,TV,CL,Chile,2,6,2024-04-28,2024-05-05
Goodbye Earth,goodbye-earth,TV,CO,Colombia,2,7,2024-04-28,2024-05-05
Goodbye Earth,goodbye-earth,TV,CR,Costa Rica,1,10,2024-05-05,2024-05-05
Goodbye Earth,goodbye-earth,TV,DO,Dominican Republic,2,8,2024-04-28,2024-05-05
Goodbye Earth,goodbye-earth,TV,EC,Ecuador,2,5,2024-04-28,2024-05-05
Goodbye Earth,goodbye-earth,TV,SV,El Salvador,2,6,2024-04-28,2024-05-05
Goodbye Earth,goodbye-earth,TV,GT,Guatemala,2,7,2024-04-28,2024-05-05
Goodbye Earth,goodbye-earth,TV,HN,Honduras,2,6,2024-04-28,2024-05-05
Goodbye Earth,goodbye-earth,TV,HK,Hong Kong,2,6,2024-04-28,2024-05-05
Goodbye Earth,goodbye-earth,TV,ID,Indonesia,2,5,2024-04-28,2024-05-05
Goodbye Earth,goodbye-earth,TV,KW,Kuwait,1,9,2024-04-28,2024-04-28
Goodbye Earth,goodbye-earth,TV,MY,Malaysia,2,5,2024-04-28,2024-05-05
Goodbye Earth,goodbye-earth,TV,MX,Mexico,2,6,2024-04-28,2024-05-05
Goodbye Earth,goodbye-earth,TV,NI,Nicaragua,2,8,2024-04-28,2024-05-05
Goodbye Earth,goodbye-earth,TV,PA,Panama,1,9,2024-05-05,2024-05-05
Goodbye Earth,goodbye-earth,TV,PY,Paraguay,1,8,2024-05-05,2024-05-05
Goodbye Earth,goodbye-earth,TV,PE,Peru,2,4,2024-04-28,2024-05-05
Goodbye Earth,goodbye-earth,TV,PH,Philippines,2,4,2024-04-28,2024-05-05
Goodbye Earth,goodbye-earth,TV,QA,Qatar,2,9,2024-04-28,2024-05-05
Goodbye Earth,goodbye-earth,TV,SG,Singapore,2,6,2024-04-28,2024-05-05
Goodbye Earth,goodbye-earth,TV,KR,South Korea,3,2,2024-04-28,2024-05-12
Goodbye Earth,goodbye-earth,TV,TW,Taiwan,1,7,2024-05-05,2024-05-05
Goodbye Earth,goodbye-earth,TV,TH,Thailand,2,8,2024-04-28,2024-05-05
Goodbye Earth,goodbye-earth,TV,AE,United Arab Emirates,1,10,2024-05-05,2024-05-05
Goodbye Earth,goodbye-earth,TV,VE,Venezuela,2,9,2024-04-28,2024-05-05
Goodbye Earth,goodbye-earth,TV,VN,Vietnam,2,6,2024-04-28,2024-05-05
Gossip Girl,gossip-girl,TV,AR,Argentina,1,8,2023-07-16,2023-07-16
Gossip Girl,gossip-girl,TV,AT,Austria,1,9,2023-07-16,2023-07-16
Gossip Girl,gossip-girl,TV,BH,Bahrain,1,9,2023-07-16,2023-07-16
Gossip Girl,gossip-girl,TV,BD,Bangladesh,2,10,2023-07-16,2023-07-23
Gossip Girl,gossip-girl,TV,BE,Belgium,5,5,2023-07-16,2023-07-30
Gossip Girl,gossip-girl,TV,BR,Brazil,1,8,2023-07-16,2023-07-16
Gossip Girl,gossip-girl,TV,BG,Bulgaria,11,3,2023-07-16,2023-08-20
Gossip Girl,gossip-girl,TV,CA,Canada,3,4,2024-06-16,2024-06-30
Gossip Girl,gossip-girl,TV,HR,Croatia,1,8,2023-07-16,2023-07-16
Gossip Girl,gossip-girl,TV,CY,Cyprus,2,5,2023-07-16,2023-07-23
Gossip Girl,gossip-girl,TV,DK,Denmark,2,9,2023-07-16,2023-07-23
Gossip Girl,gossip-girl,TV,EC,Ecuador,1,10,2023-07-16,2023-07-16
Gossip Girl,gossip-girl,TV,EG,Egypt,3,6,2023-07-16,2023-07-30
Gossip Girl,gossip-girl,TV,EE,Estonia,2,8,2023-07-16,2023-07-23
Gossip Girl,gossip-girl,TV,FI,Finland,3,7,2023-07-16,2023-07-30
Gossip Girl,gossip-girl,TV,DE,Germany,2,8,2023-07-16,2023-07-23
Gossip Girl,gossip-girl,TV,GR,Greece,4,4,2023-07-16,2023-07-30
Gossip Girl,gossip-girl,TV,IS,Iceland,1,8,2023-07-16,2023-07-16
Gossip Girl,gossip-girl,TV,IE,Ireland,3,3,2023-07-16,2023-07-30
Gossip Girl,gossip-girl,TV,IL,Israel,2,5,2023-07-16,2023-07-23
Gossip Girl,gossip-girl,TV,IT,Italy,4,5,2023-07-16,2023-07-30
Gossip Girl,gossip-girl,TV,JM,Jamaica,2,4,2023-07-16,2023-07-23
Gossip Girl,gossip-girl,TV,JO,Jordan,4,5,2023-07-16,2023-07-30
Gossip Girl,gossip-girl,TV,KW,Kuwait,1,9,2023-07-16,2023-07-16
Gossip Girl,gossip-girl,TV,LV,Latvia,4,6,2023-07-16,2023-08-20
Gossip Girl,gossip-girl,TV,LB,Lebanon,13,2,2023-07-16,2023-09-03
Gossip Girl,gossip-girl,TV,LT,Lithuania,7,4,2023-07-16,2023-08-20
Gossip Girl,gossip-girl,TV,MV,Maldives,3,7,2023-07-16,2023-07-30
Gossip Girl,gossip-girl,TV,NL,Netherlands,1,9,2023-07-16,2023-07-16
Gossip Girl,gossip-girl,TV,NO,Norway,3,7,2023-07-16,2023-07-30
Gossip Girl,gossip-girl,TV,PK,Pakistan,1,10,2023-07-16,2023-07-16
Gossip Girl,gossip-girl,TV,PY,Paraguay,2,7,2023-07-16,2023-07-23
Gossip Girl,gossip-girl,TV,PL,Poland,2,6,2023-07-16,2023-07-23
Gossip Girl,gossip-girl,TV,PT,Portugal,2,9,2023-07-16,2023-07-23
Gossip Girl,gossip-girl,TV,RO,Romania,2,8,2023-07-16,2023-07-23
Gossip Girl,gossip-girl,TV,SA,Saudi Arabia,1,9,2023-07-16,2023-07-16
Gossip Girl,gossip-girl,TV,RS,Serbia,9,4,2023-07-16,2023-08-20
Gossip Girl,gossip-girl,TV,SI,Slovenia,9,4,2023-07-16,2023-08-20
Gossip Girl,gossip-girl,TV,ES,Spain,3,6,2023-07-16,2023-07-30
Gossip Girl,gossip-girl,TV,LK,Sri Lanka,3,6,2023-07-16,2023-07-30
Gossip Girl,gossip-girl,TV,SE,Sweden,3,6,2023-07-16,2023-07-30
Gossip Girl,gossip-girl,TV,TT,Trinidad and Tobago,2,7,2023-07-16,2023-07-23
Gossip Girl,gossip-girl,TV,TR,Turkey,2,3,2023-07-16,2023-07-23
Gossip Girl,gossip-girl,TV,GB,United Kingdom,2,9,2023-07-16,2023-07-23
Gossip Girl,gossip-girl,TV,UY,Uruguay,1,10,2023-07-16,2023-07-16
Graceful Family,graceful-family,TV,JP,Japan,4,3,2023-05-07,2023-05-28
Grand Prix,grand-prix,Films,CZ,Czech Republic,3,1,2024-04-21,2024-05-05
Grand Prix,grand-prix,Films,SK,Slovakia,2,7,2024-04-21,2024-04-28
Granny's Got Talent,granny-s-got-talent,Films,KR,South Korea,2,2,2024-05-19,2024-05-26
Green Mothers' Club,green-mothers-club,TV,ID,Indonesia,5,6,2022-05-01,2022-05-29
Green Mothers' Club,green-mothers-club,TV,JP,Japan,6,2,2022-05-08,2022-06-12
Green Mothers' Club,green-mothers-club,TV,KR,South Korea,8,3,2022-04-17,2022-06-05
Greenhouse,greenhouse,Films,KR,South Korea,2,4,2023-10-15,2023-10-22
Grudge,grudge,Films,AR,Argentina,1,9,2021-10-17,2021-10-17
Grudge,grudge,Films,BS,Bahamas,1,8,2021-10-17,2021-10-17
Grudge,grudge,Films,BR,Brazil,1,5,2021-10-17,2021-10-17
Grudge,grudge,Films,IT,Italy,1,8,2021-10-17,2021-10-17
Grudge,grudge,Films,LU,Luxembourg,1,7,2021-10-17,2021-10-17
Grudge,grudge,Films,MA,Morocco,1,6,2021-10-17,2021-10-17
Grudge,grudge,Films,OM,Oman,1,8,2021-10-17,2021-10-17
Grudge,grudge,Films,SA,Saudi Arabia,1,10,2021-10-17,2021-10-17
Grudge,grudge,Films,CH,Switzerland,1,9,2021-10-17,2021-10-17
Grudge,grudge,Films,TR,Turkey,4,1,2021-10-10,2021-10-31
Grudge,grudge,Films,UY,Uruguay,1,8,2021-10-17,2021-10-17
Guardian: The Lonely and Great God,guardian-the-lonely-and-great-god,TV,HK,Hong Kong,1,10,2021-11-07,2021-11-07
Guardian: The Lonely and Great God,guardian-the-lonely-and-great-god,TV,KR,South Korea,14,6,2021-10-10,2022-11-13
Guardian: The Lonely and Great God,guardian-the-lonely-and-great-god,TV,VN,Vietnam,9,5,2021-10-24,2021-12-19
Guest House,guest-house,Films,KE,Kenya,1,9,2022-02-06,2022-02-06
Guimoon: The Lightless Door,guimoon-the-lightless-door,Films,KR,South Korea,2,1,2021-10-31,2021-11-07
Gyeongseong Creature,gyeongseong-creature,TV,AR,Argentina,1,9,2023-12-31,2023-12-31
Gyeongseong Creature,gyeongseong-creature,TV,AU,Australia,1,9,2023-12-31,2023-12-31
Gyeongseong Creature,gyeongseong-creature,TV,AT,Austria,1,9,2023-12-31,2023-12-31
Gyeongseong Creature,gyeongseong-creature,TV,BS,Bahamas,2,8,2023-12-24,2023-12-31
Gyeongseong Creature,gyeongseong-creature,TV,BH,Bahrain,5,2,2023-12-31,2024-10-06
Gyeongseong Creature,gyeongseong-creature,TV,BD,Bangladesh,10,2,2023-12-24,2024-10-20
Gyeongseong Creature,gyeongseong-creature,TV,BO,Bolivia,1,5,2023-12-31,2023-12-31
Gyeongseong Creature,gyeongseong-creature,TV,BR,Brazil,1,8,2023-12-31,2023-12-31
Gyeongseong Creature,gyeongseong-creature,TV,BG,Bulgaria,1,7,2023-12-31,2023-12-31
Gyeongseong Creature,gyeongseong-creature,TV,CL,Chile,1,6,2023-12-31,2023-12-31
Gyeongseong Creature,gyeongseong-creature,TV,CO,Colombia,1,6,2023-12-31,2023-12-31
Gyeongseong Creature,gyeongseong-creature,TV,CR,Costa Rica,1,9,2023-12-31,2023-12-31
Gyeongseong Creature,gyeongseong-creature,TV,CY,Cyprus,1,8,2023-12-31,2023-12-31
Gyeongseong Creature,gyeongseong-creature,TV,CZ,Czech Republic,2,4,2023-12-31,2024-10-06
Gyeongseong Creature,gyeongseong-creature,TV,DO,Dominican Republic,1,5,2023-12-31,2023-12-31
Gyeongseong Creature,gyeongseong-creature,TV,EC,Ecuador,1,8,2023-12-31,2023-12-31
Gyeongseong Creature,gyeongseong-creature,TV,EG,Egypt,1,6,2023-12-31,2023-12-31
Gyeongseong Creature,gyeongseong-creature,TV,SV,El Salvador,1,6,2023-12-31,2023-12-31
Gyeongseong Creature,gyeongseong-creature,TV,FR,France,2,5,2023-12-31,2024-10-06
Gyeongseong Creature,gyeongseong-creature,TV,GR,Greece,1,9,2023-12-31,2023-12-31
Gyeongseong Creature,gyeongseong-creature,TV,GP,Guadeloupe,1,6,2023-12-31,2023-12-31
Gyeongseong Creature,gyeongseong-creature,TV,GT,Guatemala,1,8,2023-12-31,2023-12-31
Gyeongseong Creature,gyeongseong-creature,TV,HN,Honduras,1,7,2023-12-31,2023-12-31
Gyeongseong Creature,gyeongseong-creature,TV,HK,Hong Kong,11,1,2023-12-24,2024-10-20
Gyeongseong Creature,gyeongseong-creature,TV,HU,Hungary,2,4,2023-12-31,2024-10-06
Gyeongseong Creature,gyeongseong-creature,TV,IN,India,8,3,2023-12-24,2024-10-13
Gyeongseong Creature,gyeongseong-creature,TV,ID,Indonesia,14,1,2023-12-24,2024-10-27
Gyeongseong Creature,gyeongseong-creature,TV,IT,Italy,1,9,2023-12-31,2023-12-31
Gyeongseong Creature,gyeongseong-creature,TV,JM,Jamaica,1,8,2023-12-31,2023-12-31
Gyeongseong Creature,gyeongseong-creature,TV,JP,Japan,5,4,2023-12-31,2024-10-06
Gyeongseong Creature,gyeongseong-creature,TV,JO,Jordan,1,4,2023-12-31,2023-12-31
Gyeongseong Creature,gyeongseong-creature,TV,KW,Kuwait,6,2,2023-12-24,2024-10-06
Gyeongseong Creature,gyeongseong-creature,TV,LT,Lithuania,1,10,2023-12-31,2023-12-31
Gyeongseong Creature,gyeongseong-creature,TV,LU,Luxembourg,1,9,2023-12-31,2023-12-31
Gyeongseong Creature,gyeongseong-creature,TV,MY,Malaysia,9,1,2023-12-24,2024-10-13
Gyeongseong Creature,gyeongseong-creature,TV,MV,Maldives,5,2,2023-12-24,2024-10-06
Gyeongseong Creature,gyeongseong-creature,TV,MQ,Martinique,1,6,2023-12-31,2023-12-31
Gyeongseong Creature,gyeongseong-creature,TV,MU,Mauritius,1,4,2023-12-31,2023-12-31
Gyeongseong Creature,gyeongseong-creature,TV,MX,Mexico,1,8,2023-12-31,2023-12-31
Gyeongseong Creature,gyeongseong-creature,TV,MA,Morocco,2,5,2023-12-31,2024-10-06
Gyeongseong Creature,gyeongseong-creature,TV,NC,New Caledonia,2,4,2023-12-31,2024-10-06
Gyeongseong Creature,gyeongseong-creature,TV,NZ,New Zealand,1,5,2023-12-31,2023-12-31
Gyeongseong Creature,gyeongseong-creature,TV,NI,Nicaragua,1,6,2023-12-31,2023-12-31
Gyeongseong Creature,gyeongseong-creature,TV,NG,Nigeria,6,2,2023-12-31,2024-10-06
Gyeongseong Creature,gyeongseong-creature,TV,OM,Oman,6,2,2023-12-24,2024-10-06
Gyeongseong Creature,gyeongseong-creature,TV,PK,Pakistan,11,2,2023-12-24,2024-10-20
Gyeongseong Creature,gyeongseong-creature,TV,PA,Panama,1,6,2023-12-31,2023-12-31
Gyeongseong Creature,gyeongseong-creature,TV,PY,Paraguay,1,7,2023-12-31,2023-12-31
Gyeongseong Creature,gyeongseong-creature,TV,PE,Peru,2,5,2023-12-24,2023-12-31
Gyeongseong Creature,gyeongseong-creature,TV,PH,Philippines,13,1,2023-12-24,2024-10-20
Gyeongseong Creature,gyeongseong-creature,TV,PT,Portugal,1,9,2023-12-31,2023-12-31
Gyeongseong Creature,gyeongseong-creature,TV,QA,Qatar,8,2,2023-12-24,2024-10-13
Gyeongseong Creature,gyeongseong-creature,TV,RE,Réunion,3,3,2023-12-24,2024-10-06
Gyeongseong Creature,gyeongseong-creature,TV,RO,Romania,1,5,2023-12-31,2023-12-31
Gyeongseong Creature,gyeongseong-creature,TV,SA,Saudi Arabia,4,2,2023-12-31,2024-10-06
Gyeongseong Creature,gyeongseong-creature,TV,RS,Serbia,1,8,2023-12-31,2023-12-31
Gyeongseong Creature,gyeongseong-creature,TV,SG,Singapore,10,1,2023-12-24,2024-10-20
Gyeongseong Creature,gyeongseong-creature,TV,SK,Slovakia,2,5,2023-12-31,2024-10-06
Gyeongseong Creature,gyeongseong-creature,TV,KR,South Korea,12,1,2023-12-24,2024-10-20
Gyeongseong Creature,gyeongseong-creature,TV,ES,Spain,1,9,2023-12-31,2023-12-31
Gyeongseong Creature,gyeongseong-creature,TV,LK,Sri Lanka,5,5,2023-12-31,2024-10-06
Gyeongseong Creature,gyeongseong-creature,TV,TW,Taiwan,11,1,2023-12-24,2024-10-20
Gyeongseong Creature,gyeongseong-creature,TV,TH,Thailand,12,1,2023-12-24,2024-10-20
Gyeongseong Creature,gyeongseong-creature,TV,TT,Trinidad and Tobago,1,9,2023-12-31,2023-12-31
Gyeongseong Creature,gyeongseong-creature,TV,TR,Turkey,2,5,2023-12-31,2024-10-06
Gyeongseong Creature,gyeongseong-creature,TV,AE,United Arab Emirates,8,3,2023-12-24,2024-10-13
Gyeongseong Creature,gyeongseong-creature,TV,UY,Uruguay,1,7,2023-12-31,2023-12-31
Gyeongseong Creature,gyeongseong-creature,TV,VE,Venezuela,1,6,2023-12-31,2023-12-31
Gyeongseong Creature,gyeongseong-creature,TV,VN,Vietnam,19,1,2023-12-24,2024-10-27
Hail to Hell,hail-to-hell,Films,KR,South Korea,2,6,2023-11-19,2023-11-26
Han Gong-ju,han-gong-ju,Films,KR,South Korea,2,5,2024-06-09,2024-06-16
Happiness,happiness,TV,AU,Australia,1,10,2022-04-24,2022-04-24
Happiness,happiness,TV,BH,Bahrain,5,1,2022-04-17,2022-05-15
Happiness,happiness,TV,BD,Bangladesh,5,2,2022-04-17,2022-05-15
Happiness,happiness,TV,EG,Egypt,3,3,2022-04-24,2022-05-08
Happiness,happiness,TV,HK,Hong Kong,3,5,2023-12-17,2023-12-31
Happiness,happiness,TV,IN,India,3,4,2022-04-17,2022-05-01
Happiness,happiness,TV,ID,Indonesia,5,1,2022-04-17,2022-05-15
Happiness,happiness,TV,JP,Japan,2,6,2024-02-25,2024-03-03
Happiness,happiness,TV,JO,Jordan,4,1,2022-04-17,2022-05-08
Happiness,happiness,TV,KE,Kenya,1,9,2022-04-24,2022-04-24
Happiness,happiness,TV,KW,Kuwait,6,1,2022-04-17,2022-05-22
Happiness,happiness,TV,LB,Lebanon,1,8,2022-04-24,2022-04-24
Happiness,happiness,TV,MY,Malaysia,7,1,2022-04-17,2022-05-29
Happiness,happiness,TV,MV,Maldives,5,1,2022-04-17,2022-05-15
Happiness,happiness,TV,MU,Mauritius,2,9,2022-04-17,2022-04-24
Happiness,happiness,TV,MA,Morocco,4,2,2022-04-17,2022-05-08
Happiness,happiness,TV,NC,New Caledonia,1,10,2022-04-17,2022-04-17
Happiness,happiness,TV,NZ,New Zealand,2,9,2022-04-17,2022-04-24
Happiness,happiness,TV,NG,Nigeria,4,2,2022-04-17,2022-05-08
Happiness,happiness,TV,OM,Oman,5,1,2022-04-17,2022-05-15
Happiness,happiness,TV,PK,Pakistan,3,3,2022-04-17,2022-05-01
Happiness,happiness,TV,PH,Philippines,6,1,2022-04-17,2022-05-22
Happiness,happiness,TV,QA,Qatar,5,1,2022-04-17,2022-05-15
Happiness,happiness,TV,SA,Saudi Arabia,7,1,2022-04-17,2022-05-29
Happiness,happiness,TV,SG,Singapore,6,1,2022-04-17,2022-05-22
Happiness,happiness,TV,KR,South Korea,3,6,2023-12-17,2023-12-31
Happiness,happiness,TV,LK,Sri Lanka,3,4,2022-04-17,2022-05-01
Happiness,happiness,TV,TW,Taiwan,4,5,2023-12-17,2024-01-07
Happiness,happiness,TV,TH,Thailand,5,1,2022-04-17,2022-05-15
Happiness,happiness,TV,AE,United Arab Emirates,5,1,2022-04-17,2022-05-15
Happiness,happiness,TV,VN,Vietnam,7,1,2022-04-17,2022-05-29
Happy Ending,happy-ending,Films,AR,Argentina,1,10,2023-09-10,2023-09-10
Happy Ending,happy-ending,Films,AT,Austria,1,7,2023-09-10,2023-09-10
Happy Ending,happy-ending,Films,BE,Belgium,1,7,2023-09-10,2023-09-10
Happy Ending,happy-ending,Films,BR,Brazil,1,8,2023-09-10,2023-09-10
Happy Ending,happy-ending,Films,CO,Colombia,1,7,2023-09-10,2023-09-10
Happy Ending,happy-ending,Films,CR,Costa Rica,1,10,2023-09-10,2023-09-10
Happy Ending,happy-ending,Films,HR,Croatia,1,6,2023-09-10,2023-09-10
Happy Ending,happy-ending,Films,CY,Cyprus,1,7,2023-09-10,2023-09-10
Happy Ending,happy-ending,Films,CZ,Czech Republic,1,8,2023-09-10,2023-09-10
Happy Ending,happy-ending,Films,DO,Dominican Republic,1,8,2023-09-10,2023-09-10
Happy Ending,happy-ending,Films,EG,Egypt,1,5,2023-09-10,2023-09-10
Happy Ending,happy-ending,Films,GR,Greece,1,6,2023-09-10,2023-09-10
Happy Ending,happy-ending,Films,GP,Guadeloupe,1,4,2023-09-10,2023-09-10
Happy Ending,happy-ending,Films,HU,Hungary,2,5,2023-09-03,2023-09-10
Happy Ending,happy-ending,Films,ID,Indonesia,1,5,2023-09-10,2023-09-10
Happy Ending,happy-ending,Films,IL,Israel,2,5,2023-09-03,2023-09-10
Happy Ending,happy-ending,Films,IT,Italy,2,2,2023-09-03,2023-09-10
Happy Ending,happy-ending,Films,JM,Jamaica,1,10,2023-09-10,2023-09-10
Happy Ending,happy-ending,Films,JO,Jordan,1,6,2023-09-10,2023-09-10
Happy Ending,happy-ending,Films,KE,Kenya,1,5,2023-09-10,2023-09-10
Happy Ending,happy-ending,Films,LV,Latvia,1,10,2023-09-10,2023-09-10
Happy Ending,happy-ending,Films,LB,Lebanon,2,6,2023-09-03,2023-09-10
Happy Ending,happy-ending,Films,LT,Lithuania,1,8,2023-09-10,2023-09-10
Happy Ending,happy-ending,Films,LU,Luxembourg,2,5,2023-09-03,2023-09-10
Happy Ending,happy-ending,Films,MV,Maldives,1,2,2023-09-10,2023-09-10
Happy Ending,happy-ending,Films,MT,Malta,2,8,2023-09-03,2023-09-10
Happy Ending,happy-ending,Films,MQ,Martinique,1,3,2023-09-10,2023-09-10
Happy Ending,happy-ending,Films,MU,Mauritius,1,10,2023-09-10,2023-09-10
Happy Ending,happy-ending,Films,MA,Morocco,1,6,2023-09-10,2023-09-10
Happy Ending,happy-ending,Films,NL,Netherlands,3,1,2023-09-03,2023-09-17
Happy Ending,happy-ending,Films,NG,Nigeria,1,6,2023-09-10,2023-09-10
Happy Ending,happy-ending,Films,PA,Panama,1,10,2023-09-10,2023-09-10
Happy Ending,happy-ending,Films,PY,Paraguay,1,9,2023-09-10,2023-09-10
Happy Ending,happy-ending,Films,PT,Portugal,2,7,2023-09-03,2023-09-10
Happy Ending,happy-ending,Films,RE,Réunion,1,9,2023-09-10,2023-09-10
Happy Ending,happy-ending,Films,RO,Romania,1,7,2023-09-10,2023-09-10
Happy Ending,happy-ending,Films,SA,Saudi Arabia,1,10,2023-09-10,2023-09-10
Happy Ending,happy-ending,Films,RS,Serbia,1,7,2023-09-10,2023-09-10
Happy Ending,happy-ending,Films,SK,Slovakia,1,4,2023-09-10,2023-09-10
Happy Ending,happy-ending,Films,SI,Slovenia,1,6,2023-09-10,2023-09-10
Happy Ending,happy-ending,Films,ES,Spain,2,6,2023-09-03,2023-09-10
Happy Ending,happy-ending,Films,CH,Switzerland,2,5,2023-09-03,2023-09-10
Happy Ending,happy-ending,Films,TH,Thailand,2,3,2022-11-27,2022-12-04
Happy Ending,happy-ending,Films,TT,Trinidad and Tobago,1,10,2023-09-10,2023-09-10
Happy Ending,happy-ending,Films,TR,Turkey,1,4,2023-09-10,2023-09-10
Happy Ending,happy-ending,Films,UY,Uruguay,2,7,2023-09-03,2023-09-10
Happy Ending,happy-ending,Films,VE,Venezuela,1,8,2023-09-10,2023-09-10
Happy Together,happy-together,Films,TR,Turkey,6,1,2024-06-02,2024-07-07
Harbin,harbin,Films,KR,South Korea,5,1,2025-04-27,2025-05-25
Havana,havana,Films,KR,South Korea,2,2,2023-12-24,2023-12-31
Hear Me : Our Summer,hear-me-our-summer,Films,KR,South Korea,1,8,2026-03-08,2026-03-08
Heartman: Rock and Love,heartman-rock-and-love,Films,KR,South Korea,2,2,2026-04-19,2026-04-26
Heartsping: Teenieping of Love,heartsping-teenieping-of-love,Films,KR,South Korea,2,2,2025-01-05,2025-01-12
Heaven,heaven,Films,RO,Romania,1,5,2026-02-22,2026-02-22
Heaven's Soldiers,heaven-s-soldiers,Films,KR,South Korea,2,7,2024-09-08,2024-09-15
Heavenly Ever After,heavenly-ever-after,TV,BO,Bolivia,6,2,2025-04-27,2025-06-01
Heavenly Ever After,heavenly-ever-after,TV,CL,Chile,2,7,2025-05-11,2025-05-18
Heavenly Ever After,heavenly-ever-after,TV,EC,Ecuador,6,5,2025-04-27,2025-06-01
Heavenly Ever After,heavenly-ever-after,TV,SV,El Salvador,6,4,2025-04-27,2025-06-01
Heavenly Ever After,heavenly-ever-after,TV,GT,Guatemala,5,6,2025-04-27,2025-05-25
Heavenly Ever After,heavenly-ever-after,TV,HN,Honduras,3,6,2025-04-27,2025-05-18
Heavenly Ever After,heavenly-ever-after,TV,HK,Hong Kong,7,1,2025-04-27,2025-06-08
Heavenly Ever After,heavenly-ever-after,TV,ID,Indonesia,5,5,2025-04-27,2025-05-25
Heavenly Ever After,heavenly-ever-after,TV,JP,Japan,1,8,2025-04-27,2025-04-27
Heavenly Ever After,heavenly-ever-after,TV,MY,Malaysia,4,4,2025-04-27,2025-05-18
Heavenly Ever After,heavenly-ever-after,TV,MX,Mexico,2,6,2025-05-11,2025-05-18
Heavenly Ever After,heavenly-ever-after,TV,NI,Nicaragua,4,5,2025-04-27,2025-05-18
Heavenly Ever After,heavenly-ever-after,TV,PE,Peru,6,2,2025-04-27,2025-06-01
Heavenly Ever After,heavenly-ever-after,TV,PH,Philippines,4,8,2025-04-27,2025-05-18
Heavenly Ever After,heavenly-ever-after,TV,SG,Singapore,5,5,2025-04-27,2025-06-01
Heavenly Ever After,heavenly-ever-after,TV,KR,South Korea,8,2,2025-04-20,2025-06-08
Heavenly Ever After,heavenly-ever-after,TV,TW,Taiwan,7,1,2025-04-27,2025-06-08
Heavenly Ever After,heavenly-ever-after,TV,TH,Thailand,4,6,2025-04-27,2025-05-18
Heavenly Ever After,heavenly-ever-after,TV,VE,Venezuela,1,10,2025-04-27,2025-04-27
Heavenly Ever After,heavenly-ever-after,TV,VN,Vietnam,4,4,2025-04-27,2025-05-18
Hellbound,hellbound,TV,AR,Argentina,3,3,2021-11-21,2021-12-05
Hellbound,hellbound,TV,AU,Australia,1,4,2021-11-28,2021-11-28
Hellbound,hellbound,TV,AT,Austria,2,3,2021-11-21,2021-11-28
Hellbound,hellbound,TV,BS,Bahamas,2,1,2021-11-21,2021-11-28
Hellbound,hellbound,TV,BH,Bahrain,4,1,2021-11-21,2024-11-03
Hellbound,hellbound,TV,BD,Bangladesh,8,1,2021-11-21,2024-11-10
Hellbound,hellbound,TV,BE,Belgium,3,1,2021-11-21,2021-12-05
Hellbound,hellbound,TV,BO,Bolivia,3,3,2021-11-21,2021-12-05
Hellbound,hellbound,TV,BR,Brazil,2,2,2021-11-21,2021-11-28
Hellbound,hellbound,TV,BG,Bulgaria,3,2,2021-11-21,2021-12-05
Hellbound,hellbound,TV,CA,Canada,2,4,2021-11-21,2021-11-28
Hellbound,hellbound,TV,CL,Chile,2,4,2021-11-21,2021-11-28
Hellbound,hellbound,TV,CO,Colombia,2,3,2021-11-21,2021-11-28
Hellbound,hellbound,TV,CR,Costa Rica,2,5,2021-11-21,2021-11-28
Hellbound,hellbound,TV,HR,Croatia,1,1,2021-11-28,2021-11-28
Hellbound,hellbound,TV,CY,Cyprus,2,3,2021-11-21,2021-11-28
Hellbound,hellbound,TV,CZ,Czech Republic,2,2,2021-11-21,2021-11-28
Hellbound,hellbound,TV,DK,Denmark,1,6,2021-11-28,2021-11-28
Hellbound,hellbound,TV,DO,Dominican Republic,3,3,2021-11-21,2021-12-05
Hellbound,hellbound,TV,EC,Ecuador,2,5,2021-11-21,2021-11-28
Hellbound,hellbound,TV,EG,Egypt,4,1,2021-11-21,2021-12-12
Hellbound,hellbound,TV,SV,El Salvador,2,6,2021-11-21,2021-11-28
Hellbound,hellbound,TV,EE,Estonia,1,6,2021-11-28,2021-11-28
Hellbound,hellbound,TV,FI,Finland,2,2,2021-11-28,2021-12-05
Hellbound,hellbound,TV,FR,France,3,1,2021-11-21,2021-12-05
Hellbound,hellbound,TV,DE,Germany,2,4,2021-11-21,2021-11-28
Hellbound,hellbound,TV,GR,Greece,3,2,2021-11-21,2021-12-05
Hellbound,hellbound,TV,GP,Guadeloupe,2,3,2021-11-21,2021-11-28
Hellbound,hellbound,TV,GT,Guatemala,2,6,2021-11-21,2021-11-28
Hellbound,hellbound,TV,HN,Honduras,2,7,2021-11-21,2021-11-28
Hellbound,hellbound,TV,HK,Hong Kong,9,1,2021-11-21,2024-11-10
Hellbound,hellbound,TV,HU,Hungary,2,4,2021-11-21,2021-11-28
Hellbound,hellbound,TV,IS,Iceland,1,7,2021-11-28,2021-11-28
Hellbound,hellbound,TV,IN,India,5,1,2021-11-21,2024-11-03
Hellbound,hellbound,TV,ID,Indonesia,6,1,2021-11-21,2024-11-03
Hellbound,hellbound,TV,IL,Israel,1,4,2021-11-28,2021-11-28
Hellbound,hellbound,TV,IT,Italy,1,10,2021-11-28,2021-11-28
Hellbound,hellbound,TV,JM,Jamaica,2,1,2021-11-21,2021-11-28
Hellbound,hellbound,TV,JP,Japan,3,1,2021-11-21,2021-12-05
Hellbound,hellbound,TV,JO,Jordan,3,1,2021-11-21,2021-12-05
Hellbound,hellbound,TV,KE,Kenya,3,2,2021-11-21,2021-12-05
Hellbound,hellbound,TV,KW,Kuwait,4,1,2021-11-21,2024-11-03
Hellbound,hellbound,TV,LV,Latvia,1,6,2021-11-28,2021-11-28
Hellbound,hellbound,TV,LB,Lebanon,3,1,2021-11-21,2021-12-05
Hellbound,hellbound,TV,LT,Lithuania,2,4,2021-11-28,2021-12-05
Hellbound,hellbound,TV,LU,Luxembourg,2,2,2021-11-21,2021-11-28
Hellbound,hellbound,TV,MY,Malaysia,6,1,2021-11-21,2024-11-03
Hellbound,hellbound,TV,MV,Maldives,3,1,2021-11-21,2021-12-05
Hellbound,hellbound,TV,MT,Malta,1,4,2021-11-28,2021-11-28
Hellbound,hellbound,TV,MQ,Martinique,2,1,2021-11-21,2021-11-28
Hellbound,hellbound,TV,MU,Mauritius,3,1,2021-11-21,2021-12-05
Hellbound,hellbound,TV,MX,Mexico,2,3,2021-11-21,2021-11-28
Hellbound,hellbound,TV,MA,Morocco,3,1,2021-11-21,2021-12-05
Hellbound,hellbound,TV,NL,Netherlands,1,8,2021-11-28,2021-11-28
Hellbound,hellbound,TV,NC,New Caledonia,2,1,2021-11-21,2021-11-28
Hellbound,hellbound,TV,NZ,New Zealand,2,2,2021-11-21,2021-11-28
Hellbound,hellbound,TV,NI,Nicaragua,2,7,2021-11-21,2021-11-28
Hellbound,hellbound,TV,NG,Nigeria,3,1,2021-11-21,2021-12-05
Hellbound,hellbound,TV,NO,Norway,1,7,2021-11-28,2021-11-28
Hellbound,hellbound,TV,OM,Oman,4,1,2021-11-21,2024-11-03
Hellbound,hellbound,TV,PK,Pakistan,5,1,2021-11-21,2024-11-03
Hellbound,hellbound,TV,PA,Panama,3,3,2021-11-21,2021-12-05
Hellbound,hellbound,TV,PY,Paraguay,2,3,2021-11-21,2021-11-28
Hellbound,hellbound,TV,PE,Peru,2,2,2021-11-21,2021-11-28
Hellbound,hellbound,TV,PH,Philippines,5,1,2021-11-21,2024-11-03
Hellbound,hellbound,TV,PL,Poland,2,1,2021-11-21,2021-11-28
Hellbound,hellbound,TV,PT,Portugal,1,5,2021-11-28,2021-11-28
Hellbound,hellbound,TV,QA,Qatar,4,1,2021-11-21,2024-11-03
Hellbound,hellbound,TV,RE,Réunion,3,1,2021-11-21,2021-12-05
Hellbound,hellbound,TV,RO,Romania,2,3,2021-11-21,2021-11-28
Hellbound,hellbound,TV,SA,Saudi Arabia,3,1,2021-11-21,2021-12-05
Hellbound,hellbound,TV,RS,Serbia,1,2,2021-11-28,2021-11-28
Hellbound,hellbound,TV,SG,Singapore,8,1,2021-11-21,2024-11-10
Hellbound,hellbound,TV,SK,Slovakia,2,4,2021-11-21,2021-11-28
Hellbound,hellbound,TV,SI,Slovenia,1,10,2021-11-28,2021-11-28
Hellbound,hellbound,TV,ZA,South Africa,2,3,2021-11-21,2021-11-28
Hellbound,hellbound,TV,KR,South Korea,12,1,2021-11-21,2024-11-17
Hellbound,hellbound,TV,ES,Spain,1,4,2021-11-28,2021-11-28
Hellbound,hellbound,TV,LK,Sri Lanka,3,1,2021-11-21,2021-12-05
Hellbound,hellbound,TV,SE,Sweden,1,7,2021-11-28,2021-11-28
Hellbound,hellbound,TV,CH,Switzerland,1,3,2021-11-28,2021-11-28
Hellbound,hellbound,TV,TW,Taiwan,8,1,2021-11-21,2024-11-10
Hellbound,hellbound,TV,TH,Thailand,6,1,2021-11-21,2024-11-03
Hellbound,hellbound,TV,TT,Trinidad and Tobago,2,2,2021-11-21,2021-11-28
Hellbound,hellbound,TV,TR,Turkey,5,1,2021-11-21,2024-11-03
Hellbound,hellbound,TV,UA,Ukraine,1,4,2021-11-28,2021-11-28
Hellbound,hellbound,TV,AE,United Arab Emirates,4,1,2021-11-21,2024-11-03
Hellbound,hellbound,TV,GB,United Kingdom,1,5,2021-11-28,2021-11-28
Hellbound,hellbound,TV,US,United States,2,6,2021-11-21,2021-11-28
Hellbound,hellbound,TV,UY,Uruguay,2,3,2021-11-21,2021-11-28
Hellbound,hellbound,TV,VE,Venezuela,2,3,2021-11-21,2021-11-28
Hellbound,hellbound,TV,VN,Vietnam,8,1,2021-11-21,2024-11-10
Hello Carbot the Movie: The Secret of Omphalos Island,hello-carbot-the-movie-the-secret-of-omphalos-island,Films,KR,South Korea,1,10,2024-04-21,2024-04-21
Hello Ghost,hello-ghost,Films,HK,Hong Kong,4,2,2023-12-24,2024-01-14
Hello Ghost,hello-ghost,Films,ID,Indonesia,4,1,2023-09-10,2023-10-01
Hello Ghost,hello-ghost,Films,MY,Malaysia,2,2,2023-09-10,2023-09-17
Hello Ghost,hello-ghost,Films,SG,Singapore,1,10,2023-12-24,2023-12-24
Hello Ghost,hello-ghost,Films,TW,Taiwan,4,1,2023-12-24,2024-01-14
Heo's Diner,heo-s-diner,TV,KR,South Korea,2,4,2025-03-30,2025-04-06
Her Private Life,her-private-life,TV,JP,Japan,5,3,2021-10-03,2021-10-31
Her Private Life,her-private-life,TV,KR,South Korea,1,7,2021-07-25,2021-07-25
Hero,hero,Films,JP,Japan,1,4,2022-04-24,2022-04-24
Hero,hero,Films,MV,Maldives,1,7,2025-01-05,2025-01-05
Hero,hero,Films,KR,South Korea,2,2,2023-05-14,2023-05-21
Heroes,heroes,TV,BS,Bahamas,1,10,2026-07-19,2026-07-19
Heroes,heroes,TV,BG,Bulgaria,4,5,2026-07-05,2026-07-26
Heroes,heroes,TV,EE,Estonia,2,8,2026-07-05,2026-07-12
Heroes,heroes,TV,IS,Iceland,1,10,2026-07-12,2026-07-12
Heroes,heroes,TV,JM,Jamaica,3,6,2026-07-12,2026-07-26
Heroes,heroes,TV,KE,Kenya,1,10,2026-07-12,2026-07-12
Heroes,heroes,TV,NC,New Caledonia,1,10,2026-07-12,2026-07-12
Heroes,heroes,TV,SI,Slovenia,1,10,2026-07-12,2026-07-12
Heroes,heroes,TV,ZA,South Africa,1,10,2026-07-05,2026-07-05
Hidden,hidden,Films,KR,South Korea,1,5,2023-06-04,2023-06-04
Hierarchy,hierarchy,Films,AR,Argentina,4,3,2024-06-16,2026-03-15
Hierarchy,hierarchy,Films,AT,Austria,1,10,2024-06-16,2024-06-16
Hierarchy,hierarchy,Films,BS,Bahamas,1,4,2024-06-16,2024-06-16
Hierarchy,hierarchy,Films,BH,Bahrain,4,2,2024-06-09,2024-06-30
Hierarchy,hierarchy,Films,BD,Bangladesh,7,2,2024-06-09,2024-07-21
Hierarchy,hierarchy,Films,BE,Belgium,1,9,2024-06-16,2024-06-16
Hierarchy,hierarchy,Films,BO,Bolivia,7,2,2024-06-09,2026-03-08
Hierarchy,hierarchy,Films,BR,Brazil,6,2,2024-06-09,2026-03-15
Hierarchy,hierarchy,Films,BG,Bulgaria,1,7,2024-06-16,2024-06-16
Hierarchy,hierarchy,Films,CA,Canada,1,9,2024-06-16,2024-06-16
Hierarchy,hierarchy,Films,CL,Chile,6,2,2024-06-09,2026-03-15
Hierarchy,hierarchy,Films,CO,Colombia,8,2,2024-06-09,2026-03-15
Hierarchy,hierarchy,Films,CR,Costa Rica,6,3,2024-06-09,2026-03-15
Hierarchy,hierarchy,Films,CY,Cyprus,1,10,2024-06-16,2024-06-16
Hierarchy,hierarchy,Films,DO,Dominican Republic,7,1,2024-06-09,2026-03-15
Hierarchy,hierarchy,Films,EC,Ecuador,6,2,2024-06-09,2026-03-08
Hierarchy,hierarchy,Films,EG,Egypt,1,7,2024-06-16,2024-06-16
Hierarchy,hierarchy,Films,SV,El Salvador,8,1,2024-06-09,2026-03-08
Hierarchy,hierarchy,Films,FR,France,2,5,2024-06-09,2024-06-16
Hierarchy,hierarchy,Films,DE,Germany,1,9,2024-06-16,2024-06-16
Hierarchy,hierarchy,Films,GR,Greece,1,6,2024-06-16,2024-06-16
Hierarchy,hierarchy,Films,GP,Guadeloupe,3,2,2024-06-09,2024-06-23
Hierarchy,hierarchy,Films,GT,Guatemala,6,2,2024-06-09,2026-03-08
Hierarchy,hierarchy,Films,HN,Honduras,9,1,2024-06-09,2026-03-15
Hierarchy,hierarchy,Films,HK,Hong Kong,5,1,2024-06-09,2024-07-07
Hierarchy,hierarchy,Films,HU,Hungary,1,6,2024-06-16,2024-06-16
Hierarchy,hierarchy,Films,IN,India,5,2,2024-06-09,2024-07-07
Hierarchy,hierarchy,Films,ID,Indonesia,7,1,2024-06-09,2024-07-21
Hierarchy,hierarchy,Films,JM,Jamaica,5,1,2024-06-09,2026-03-15
Hierarchy,hierarchy,Films,JP,Japan,3,4,2024-06-09,2024-06-23
Hierarchy,hierarchy,Films,JO,Jordan,3,4,2024-06-09,2024-06-23
Hierarchy,hierarchy,Films,KE,Kenya,3,4,2024-06-09,2024-06-23
Hierarchy,hierarchy,Films,KW,Kuwait,3,2,2024-06-09,2024-06-23
Hierarchy,hierarchy,Films,LB,Lebanon,1,6,2024-06-16,2024-06-16
Hierarchy,hierarchy,Films,LU,Luxembourg,1,9,2024-06-16,2024-06-16
Hierarchy,hierarchy,Films,MY,Malaysia,5,2,2024-06-09,2024-07-07
Hierarchy,hierarchy,Films,MV,Maldives,5,2,2024-06-09,2024-07-07
Hierarchy,hierarchy,Films,MT,Malta,1,10,2024-06-16,2024-06-16
Hierarchy,hierarchy,Films,MQ,Martinique,3,2,2024-06-09,2024-06-23
Hierarchy,hierarchy,Films,MU,Mauritius,3,2,2024-06-09,2024-06-23
Hierarchy,hierarchy,Films,MX,Mexico,6,2,2024-06-09,2026-03-08
Hierarchy,hierarchy,Films,MA,Morocco,4,2,2024-06-09,2024-06-30
Hierarchy,hierarchy,Films,NC,New Caledonia,3,2,2024-06-09,2024-06-23
Hierarchy,hierarchy,Films,NZ,New Zealand,1,8,2024-06-16,2024-06-16
Hierarchy,hierarchy,Films,NI,Nicaragua,8,2,2024-06-09,2026-03-08
Hierarchy,hierarchy,Films,NG,Nigeria,5,2,2024-06-09,2024-07-07
Hierarchy,hierarchy,Films,OM,Oman,4,2,2024-06-09,2024-06-30
Hierarchy,hierarchy,Films,PK,Pakistan,6,1,2024-06-09,2024-07-14
Hierarchy,hierarchy,Films,PA,Panama,8,1,2024-06-09,2026-03-22
Hierarchy,hierarchy,Films,PY,Paraguay,7,1,2024-06-09,2026-03-15
Hierarchy,hierarchy,Films,PE,Peru,9,2,2024-06-09,2026-03-15
Hierarchy,hierarchy,Films,PH,Philippines,5,1,2024-06-09,2024-07-07
Hierarchy,hierarchy,Films,PT,Portugal,2,7,2024-06-09,2024-06-16
Hierarchy,hierarchy,Films,QA,Qatar,4,2,2024-06-09,2024-06-30
Hierarchy,hierarchy,Films,RE,Réunion,3,2,2024-06-09,2024-06-23
Hierarchy,hierarchy,Films,RO,Romania,2,5,2024-06-09,2024-06-16
Hierarchy,hierarchy,Films,SA,Saudi Arabia,4,3,2024-06-09,2024-06-30
Hierarchy,hierarchy,Films,RS,Serbia,1,9,2024-06-16,2024-06-16
Hierarchy,hierarchy,Films,SG,Singapore,4,1,2024-06-09,2024-06-30
Hierarchy,hierarchy,Films,ZA,South Africa,1,5,2024-06-16,2024-06-16
Hierarchy,hierarchy,Films,KR,South Korea,7,1,2024-06-09,2024-07-21
Hierarchy,hierarchy,Films,ES,Spain,1,8,2024-06-16,2024-06-16
Hierarchy,hierarchy,Films,LK,Sri Lanka,5,2,2024-06-09,2024-07-07
Hierarchy,hierarchy,Films,CH,Switzerland,1,9,2024-06-16,2024-06-16
Hierarchy,hierarchy,Films,TW,Taiwan,3,1,2024-06-09,2024-06-23
Hierarchy,hierarchy,Films,TH,Thailand,3,1,2024-06-09,2024-06-23
Hierarchy,hierarchy,Films,TT,Trinidad and Tobago,4,1,2024-06-16,2026-03-15
Hierarchy,hierarchy,Films,TR,Turkey,3,6,2024-06-09,2024-06-23
Hierarchy,hierarchy,Films,AE,United Arab Emirates,4,2,2024-06-09,2024-06-30
Hierarchy,hierarchy,Films,UY,Uruguay,4,3,2024-06-16,2026-03-15
Hierarchy,hierarchy,Films,VE,Venezuela,8,1,2024-06-09,2026-03-22
Hierarchy,hierarchy,Films,VN,Vietnam,6,1,2024-06-09,2024-07-14
High Cookie,high-cookie,TV,KR,South Korea,5,3,2023-10-29,2023-11-26
High Society,high-society,Films,AT,Austria,1,10,2024-10-27,2024-10-27
High Society,high-society,Films,DE,Germany,1,10,2024-10-27,2024-10-27
High Society,high-society,Films,ID,Indonesia,2,10,2023-05-21,2023-05-28
Highway Family,highway-family,Films,KR,South Korea,2,2,2024-02-25,2024-03-03
Highway Family,highway-family,Films,TW,Taiwan,2,4,2023-12-17,2023-12-24
Hindsight,hindsight,Films,KR,South Korea,2,5,2026-08-02,2026-08-09
Hitman 2,hitman-2,Films,KR,South Korea,2,3,2026-05-03,2026-05-10
Hitman: Agent Jun,hitman-agent-jun,Films,PH,Philippines,2,8,2022-08-14,2022-08-21
Hitman: Agent Jun,hitman-agent-jun,Films,KR,South Korea,4,3,2025-01-19,2025-02-09
Hitman: Agent Jun,hitman-agent-jun,Films,VN,Vietnam,3,3,2023-10-08,2025-03-30
Holi-Day,holi-day,TV,TW,Taiwan,8,1,2025-06-15,2025-08-10
Holy Night: Demon Hunters,holy-night-demon-hunters,Films,KR,South Korea,5,1,2025-08-03,2025-08-31
Holy Punch,holy-punch,Films,KR,South Korea,12,2,2024-05-26,2024-09-01
Home Sweet Home,home-sweet-home,Films,JP,Japan,3,3,2025-02-23,2025-03-09
Home Sweet Home,home-sweet-home,Films,TW,Taiwan,2,4,2022-12-18,2022-12-25
Homemade Love Story,homemade-love-story,TV,ID,Indonesia,1,10,2022-08-28,2022-08-28
Homemade Love Story,homemade-love-story,TV,PH,Philippines,2,8,2022-08-28,2022-09-04
Homemade Love Story,homemade-love-story,TV,SG,Singapore,2,9,2022-08-28,2022-09-04
Hometown,hometown,TV,KR,South Korea,1,9,2023-11-05,2023-11-05
Hometown Cha-Cha-Cha,hometown-cha-cha-cha,TV,BH,Bahrain,8,4,2021-09-19,2021-11-07
Hometown Cha-Cha-Cha,hometown-cha-cha-cha,TV,BD,Bangladesh,14,2,2021-09-05,2021-12-05
Hometown Cha-Cha-Cha,hometown-cha-cha-cha,TV,BO,Bolivia,6,6,2021-11-07,2021-12-12
Hometown Cha-Cha-Cha,hometown-cha-cha-cha,TV,BR,Brazil,3,8,2021-11-21,2021-12-05
Hometown Cha-Cha-Cha,hometown-cha-cha-cha,TV,CL,Chile,6,6,2021-11-07,2021-12-12
Hometown Cha-Cha-Cha,hometown-cha-cha-cha,TV,CO,Colombia,1,9,2021-11-28,2021-11-28
Hometown Cha-Cha-Cha,hometown-cha-cha-cha,TV,CR,Costa Rica,5,6,2021-11-14,2021-12-12
Hometown Cha-Cha-Cha,hometown-cha-cha-cha,TV,DO,Dominican Republic,6,5,2021-11-07,2021-12-12
Hometown Cha-Cha-Cha,hometown-cha-cha-cha,TV,EC,Ecuador,6,5,2021-11-07,2021-12-12
Hometown Cha-Cha-Cha,hometown-cha-cha-cha,TV,EG,Egypt,3,7,2021-10-10,2021-10-24
Hometown Cha-Cha-Cha,hometown-cha-cha-cha,TV,SV,El Salvador,7,3,2021-11-07,2021-12-19
Hometown Cha-Cha-Cha,hometown-cha-cha-cha,TV,GT,Guatemala,6,5,2021-11-14,2021-12-19
Hometown Cha-Cha-Cha,hometown-cha-cha-cha,TV,HN,Honduras,7,5,2021-11-07,2021-12-19
Hometown Cha-Cha-Cha,hometown-cha-cha-cha,TV,HK,Hong Kong,16,2,2021-09-05,2021-12-19
Hometown Cha-Cha-Cha,hometown-cha-cha-cha,TV,IN,India,8,5,2021-09-19,2021-11-14
Hometown Cha-Cha-Cha,hometown-cha-cha-cha,TV,ID,Indonesia,20,1,2021-08-29,2022-01-09
Hometown Cha-Cha-Cha,hometown-cha-cha-cha,TV,JP,Japan,13,1,2021-09-05,2021-11-28
Hometown Cha-Cha-Cha,hometown-cha-cha-cha,TV,JO,Jordan,4,5,2021-10-03,2021-10-24
Hometown Cha-Cha-Cha,hometown-cha-cha-cha,TV,KW,Kuwait,6,4,2021-09-19,2021-10-24
Hometown Cha-Cha-Cha,hometown-cha-cha-cha,TV,MY,Malaysia,17,1,2021-09-05,2021-12-26
Hometown Cha-Cha-Cha,hometown-cha-cha-cha,TV,MV,Maldives,13,2,2021-09-05,2021-11-28
Hometown Cha-Cha-Cha,hometown-cha-cha-cha,TV,MX,Mexico,4,6,2021-11-21,2021-12-12
Hometown Cha-Cha-Cha,hometown-cha-cha-cha,TV,MA,Morocco,4,6,2021-11-14,2021-12-05
Hometown Cha-Cha-Cha,hometown-cha-cha-cha,TV,NI,Nicaragua,7,5,2021-11-07,2021-12-19
Hometown Cha-Cha-Cha,hometown-cha-cha-cha,TV,OM,Oman,6,2,2021-09-26,2021-10-31
Hometown Cha-Cha-Cha,hometown-cha-cha-cha,TV,PA,Panama,4,7,2021-11-14,2021-12-05
Hometown Cha-Cha-Cha,hometown-cha-cha-cha,TV,PY,Paraguay,5,7,2021-11-14,2021-12-12
Hometown Cha-Cha-Cha,hometown-cha-cha-cha,TV,PE,Peru,7,4,2021-11-07,2021-12-19
Hometown Cha-Cha-Cha,hometown-cha-cha-cha,TV,PH,Philippines,17,1,2021-09-05,2021-12-26
Hometown Cha-Cha-Cha,hometown-cha-cha-cha,TV,QA,Qatar,12,2,2021-09-05,2021-11-21
Hometown Cha-Cha-Cha,hometown-cha-cha-cha,TV,SA,Saudi Arabia,11,3,2021-09-05,2021-11-14
Hometown Cha-Cha-Cha,hometown-cha-cha-cha,TV,SG,Singapore,15,1,2021-09-05,2021-12-12
Hometown Cha-Cha-Cha,hometown-cha-cha-cha,TV,KR,South Korea,12,1,2021-09-05,2021-11-21
Hometown Cha-Cha-Cha,hometown-cha-cha-cha,TV,LK,Sri Lanka,9,3,2021-09-19,2021-11-14
Hometown Cha-Cha-Cha,hometown-cha-cha-cha,TV,TW,Taiwan,17,1,2021-09-05,2021-12-26
Hometown Cha-Cha-Cha,hometown-cha-cha-cha,TV,TH,Thailand,31,1,2021-09-05,2022-05-01
Hometown Cha-Cha-Cha,hometown-cha-cha-cha,TV,TR,Turkey,2,7,2021-11-21,2021-11-28
Hometown Cha-Cha-Cha,hometown-cha-cha-cha,TV,AE,United Arab Emirates,11,2,2021-09-12,2021-11-21
Hometown Cha-Cha-Cha,hometown-cha-cha-cha,TV,VE,Venezuela,4,8,2021-11-21,2021-12-12
Hometown Cha-Cha-Cha,hometown-cha-cha-cha,TV,VN,Vietnam,18,1,2021-09-05,2026-02-01
Homme Fatale,homme-fatale,Films,JP,Japan,1,4,2021-10-31,2021-10-31
Honest Candidate,honest-candidate,Films,KR,South Korea,4,3,2022-09-25,2022-10-16
Honeymoon,honeymoon,Films,IN,India,1,5,2022-12-25,2022-12-25
Honeymoon,honeymoon,Films,PK,Pakistan,11,1,2022-12-25,2023-03-12
Honeymoon,honeymoon,Films,AE,United Arab Emirates,1,9,2022-12-25,2022-12-25
Honour,honour,TV,IE,Ireland,4,1,2024-07-14,2024-08-04
Honour,honour,TV,GB,United Kingdom,3,1,2024-07-14,2024-07-28
Hope,hope,Films,JP,Japan,2,3,2022-02-27,2022-03-06
Hopeless,hopeless,Films,KR,South Korea,3,1,2025-01-05,2025-01-19
Hopeless,hopeless,Films,TH,Thailand,3,3,2024-06-23,2024-07-07
Hospital Playlist,hospital-playlist,TV,BD,Bangladesh,2,8,2021-08-22,2021-08-29
Hospital Playlist,hospital-playlist,TV,HK,Hong Kong,16,1,2021-07-04,2021-10-10
Hospital Playlist,hospital-playlist,TV,ID,Indonesia,27,1,2021-07-04,2021-10-10
Hospital Playlist,hospital-playlist,TV,JP,Japan,10,4,2021-07-18,2021-10-03
Hospital Playlist,hospital-playlist,TV,MY,Malaysia,15,1,2021-07-04,2021-10-03
Hospital Playlist,hospital-playlist,TV,PH,Philippines,11,4,2021-07-04,2021-09-26
Hospital Playlist,hospital-playlist,TV,SG,Singapore,18,1,2021-07-04,2021-10-10
Hospital Playlist,hospital-playlist,TV,KR,South Korea,44,1,2021-07-04,2022-12-11
Hospital Playlist,hospital-playlist,TV,TW,Taiwan,34,1,2021-07-04,2021-11-07
Hospital Playlist,hospital-playlist,TV,TH,Thailand,9,5,2021-07-04,2021-09-19
Hospital Playlist,hospital-playlist,TV,VN,Vietnam,33,1,2021-07-04,2021-11-07
Hostage: Missing Celebrity,hostage-missing-celebrity,Films,KR,South Korea,3,1,2021-12-05,2021-12-19
Hot Blooded,hot-blooded,Films,KR,South Korea,3,2,2024-09-22,2024-10-06
Hot Blooded,hot-blooded,Films,TW,Taiwan,2,9,2024-06-23,2024-06-30
Hot Stove League,hot-stove-league,TV,HK,Hong Kong,2,7,2023-05-07,2023-05-14
Hot Stove League,hot-stove-league,TV,KR,South Korea,1,10,2025-01-12,2025-01-12
Hot Stove League,hot-stove-league,TV,TW,Taiwan,6,2,2023-01-08,2023-02-12
Hotel Del Luna,hotel-del-luna,TV,HK,Hong Kong,8,1,2021-09-05,2021-10-24
Hotel Del Luna,hotel-del-luna,TV,NI,Nicaragua,1,10,2021-09-12,2021-09-12
Hotel Del Luna,hotel-del-luna,TV,KR,South Korea,9,4,2021-09-05,2022-01-23
Hotel Del Luna,hotel-del-luna,TV,TW,Taiwan,8,3,2021-09-05,2021-10-24
Hotel Del Luna,hotel-del-luna,TV,TH,Thailand,1,9,2021-07-04,2021-07-04
Hotel Lake,hotel-lake,Films,TH,Thailand,2,1,2022-03-27,2022-04-03
House of Lies,house-of-lies,Films,EG,Egypt,1,10,2026-01-11,2026-01-11
House of Lies,house-of-lies,Films,JO,Jordan,1,8,2026-01-11,2026-01-11
House of Lies,house-of-lies,Films,LB,Lebanon,1,5,2026-01-11,2026-01-11
House of the Seasons,house-of-the-seasons,Films,KR,South Korea,1,3,2026-02-22,2026-02-22
Human Vapor,human-vapor,TV,BH,Bahrain,1,8,2026-07-12,2026-07-12
Human Vapor,human-vapor,TV,BD,Bangladesh,2,3,2026-07-12,2026-07-19
Human Vapor,human-vapor,TV,GP,Guadeloupe,1,8,2026-07-12,2026-07-12
Human Vapor,human-vapor,TV,HK,Hong Kong,3,4,2026-07-05,2026-07-19
Human Vapor,human-vapor,TV,IN,India,1,8,2026-07-12,2026-07-12
Human Vapor,human-vapor,TV,ID,Indonesia,1,7,2026-07-12,2026-07-12
Human Vapor,human-vapor,TV,JM,Jamaica,1,8,2026-07-12,2026-07-12
Human Vapor,human-vapor,TV,JP,Japan,7,1,2026-07-05,2026-08-16
Human Vapor,human-vapor,TV,KE,Kenya,1,9,2026-07-12,2026-07-12
Human Vapor,human-vapor,TV,KW,Kuwait,1,8,2026-07-12,2026-07-12
Human Vapor,human-vapor,TV,MY,Malaysia,1,5,2026-07-12,2026-07-12
Human Vapor,human-vapor,TV,MV,Maldives,1,8,2026-07-12,2026-07-12
Human Vapor,human-vapor,TV,MQ,Martinique,1,7,2026-07-12,2026-07-12
Human Vapor,human-vapor,TV,MU,Mauritius,1,7,2026-07-12,2026-07-12
Human Vapor,human-vapor,TV,MA,Morocco,1,10,2026-07-12,2026-07-12
Human Vapor,human-vapor,TV,NC,New Caledonia,1,8,2026-07-12,2026-07-12
Human Vapor,human-vapor,TV,NG,Nigeria,1,6,2026-07-12,2026-07-12
Human Vapor,human-vapor,TV,OM,Oman,1,8,2026-07-12,2026-07-12
Human Vapor,human-vapor,TV,PK,Pakistan,2,5,2026-07-12,2026-07-19
Human Vapor,human-vapor,TV,PH,Philippines,2,4,2026-07-05,2026-07-12
Human Vapor,human-vapor,TV,QA,Qatar,1,6,2026-07-12,2026-07-12
Human Vapor,human-vapor,TV,RE,Réunion,1,9,2026-07-12,2026-07-12
Human Vapor,human-vapor,TV,SG,Singapore,1,5,2026-07-12,2026-07-12
Human Vapor,human-vapor,TV,KR,South Korea,3,5,2026-07-05,2026-07-19
Human Vapor,human-vapor,TV,TW,Taiwan,2,6,2026-07-05,2026-07-12
Human Vapor,human-vapor,TV,TH,Thailand,2,6,2026-07-05,2026-07-12
Human Vapor,human-vapor,TV,AE,United Arab Emirates,1,7,2026-07-12,2026-07-12
Human Vapor,human-vapor,TV,VN,Vietnam,1,5,2026-07-12,2026-07-12
Humint,humint,Films,AR,Argentina,1,10,2026-04-05,2026-04-05
Humint,humint,Films,BS,Bahamas,2,2,2026-04-05,2026-04-12
Humint,humint,Films,BH,Bahrain,2,2,2026-04-05,2026-04-12
Humint,humint,Films,BD,Bangladesh,1,7,2026-04-05,2026-04-05
Humint,humint,Films,BO,Bolivia,1,7,2026-04-05,2026-04-05
Humint,humint,Films,BR,Brazil,1,6,2026-04-05,2026-04-05
Humint,humint,Films,BG,Bulgaria,1,5,2026-04-05,2026-04-05
Humint,humint,Films,CL,Chile,1,7,2026-04-05,2026-04-05
Humint,humint,Films,CO,Colombia,1,6,2026-04-05,2026-04-05
Humint,humint,Films,HR,Croatia,1,8,2026-04-05,2026-04-05
Humint,humint,Films,CY,Cyprus,1,4,2026-04-05,2026-04-05
Humint,humint,Films,CZ,Czech Republic,1,4,2026-04-05,2026-04-05
Humint,humint,Films,DO,Dominican Republic,2,2,2026-04-05,2026-04-12
Humint,humint,Films,EC,Ecuador,1,7,2026-04-05,2026-04-05
Humint,humint,Films,EG,Egypt,2,7,2026-04-05,2026-04-12
Humint,humint,Films,SV,El Salvador,1,8,2026-04-05,2026-04-05
Humint,humint,Films,GR,Greece,1,3,2026-04-05,2026-04-05
Humint,humint,Films,GP,Guadeloupe,2,1,2026-04-05,2026-04-12
Humint,humint,Films,HN,Honduras,1,5,2026-04-05,2026-04-05
Humint,humint,Films,HK,Hong Kong,5,1,2026-04-05,2026-05-03
Humint,humint,Films,HU,Hungary,2,2,2026-04-05,2026-04-12
Humint,humint,Films,ID,Indonesia,2,6,2026-04-05,2026-04-12
Humint,humint,Films,IL,Israel,1,6,2026-04-05,2026-04-05
Humint,humint,Films,IT,Italy,1,8,2026-04-05,2026-04-05
Humint,humint,Films,JM,Jamaica,2,2,2026-04-05,2026-04-12
Humint,humint,Films,JP,Japan,1,4,2026-04-05,2026-04-05
Humint,humint,Films,JO,Jordan,2,2,2026-04-05,2026-04-12
Humint,humint,Films,KE,Kenya,2,1,2026-04-05,2026-04-12
Humint,humint,Films,KW,Kuwait,2,1,2026-04-05,2026-04-12
Humint,humint,Films,LB,Lebanon,2,3,2026-04-05,2026-04-12
Humint,humint,Films,LU,Luxembourg,1,5,2026-04-05,2026-04-05
Humint,humint,Films,MY,Malaysia,2,2,2026-04-05,2026-04-12
Humint,humint,Films,MV,Maldives,2,7,2026-04-05,2026-04-12
Humint,humint,Films,MT,Malta,1,10,2026-04-05,2026-04-05
Humint,humint,Films,MQ,Martinique,2,1,2026-04-05,2026-04-12
Humint,humint,Films,MU,Mauritius,2,5,2026-04-05,2026-04-12
Humint,humint,Films,MX,Mexico,1,10,2026-04-05,2026-04-05
Humint,humint,Films,MA,Morocco,4,1,2026-04-05,2026-04-26
Humint,humint,Films,NC,New Caledonia,1,6,2026-04-05,2026-04-05
Humint,humint,Films,NI,Nicaragua,1,6,2026-04-05,2026-04-05
Humint,humint,Films,NG,Nigeria,2,2,2026-04-05,2026-04-12
Humint,humint,Films,OM,Oman,2,2,2026-04-05,2026-04-12
Humint,humint,Films,PK,Pakistan,2,4,2026-04-05,2026-04-12
Humint,humint,Films,PA,Panama,1,7,2026-04-05,2026-04-05
Humint,humint,Films,PY,Paraguay,1,6,2026-04-05,2026-04-05
Humint,humint,Films,PE,Peru,2,5,2026-04-05,2026-04-12
Humint,humint,Films,PH,Philippines,2,1,2026-04-05,2026-04-12
Humint,humint,Films,PL,Poland,1,7,2026-04-05,2026-04-05
Humint,humint,Films,PT,Portugal,1,6,2026-04-05,2026-04-05
Humint,humint,Films,QA,Qatar,2,1,2026-04-05,2026-04-12
Humint,humint,Films,RE,Réunion,1,2,2026-04-05,2026-04-05
Humint,humint,Films,RO,Romania,2,1,2026-04-05,2026-04-12
Humint,humint,Films,SA,Saudi Arabia,2,1,2026-04-05,2026-04-12
Humint,humint,Films,RS,Serbia,2,3,2026-04-05,2026-04-12
Humint,humint,Films,SG,Singapore,2,1,2026-04-05,2026-04-12
Humint,humint,Films,SK,Slovakia,2,3,2026-04-05,2026-04-12
Humint,humint,Films,SI,Slovenia,1,10,2026-04-05,2026-04-05
Humint,humint,Films,ZA,South Africa,2,3,2026-04-05,2026-04-12
Humint,humint,Films,KR,South Korea,11,1,2026-04-05,2026-06-28
Humint,humint,Films,CH,Switzerland,1,6,2026-04-05,2026-04-05
Humint,humint,Films,TW,Taiwan,5,1,2026-04-05,2026-05-03
Humint,humint,Films,TH,Thailand,2,2,2026-04-05,2026-04-12
Humint,humint,Films,TT,Trinidad and Tobago,1,3,2026-04-05,2026-04-05
Humint,humint,Films,TR,Turkey,2,3,2026-04-05,2026-04-12
Humint,humint,Films,AE,United Arab Emirates,2,2,2026-04-05,2026-04-12
Humint,humint,Films,VE,Venezuela,2,4,2026-04-05,2026-04-12
Humint,humint,Films,VN,Vietnam,6,1,2026-04-05,2026-05-10
Hunt,hunt,Films,PH,Philippines,2,4,2023-01-22,2023-01-29
Hunt,hunt,Films,KR,South Korea,3,1,2022-12-11,2022-12-25
Hunt,hunt,Films,TH,Thailand,1,4,2026-07-12,2026-07-12
Hunt,hunt,Films,VN,Vietnam,4,1,2023-02-05,2023-02-26
Husbands in Action,husbands-in-action,Films,BH,Bahrain,1,6,2026-06-28,2026-06-28
Husbands in Action,husbands-in-action,Films,BD,Bangladesh,1,5,2026-06-28,2026-06-28
Husbands in Action,husbands-in-action,Films,BO,Bolivia,2,3,2026-06-21,2026-06-28
Husbands in Action,husbands-in-action,Films,CL,Chile,1,10,2026-06-21,2026-06-21
Husbands in Action,husbands-in-action,Films,DO,Dominican Republic,2,6,2026-06-21,2026-06-28
Husbands in Action,husbands-in-action,Films,EC,Ecuador,2,8,2026-06-21,2026-06-28
Husbands in Action,husbands-in-action,Films,SV,El Salvador,1,9,2026-06-21,2026-06-21
Husbands in Action,husbands-in-action,Films,GP,Guadeloupe,2,4,2026-06-21,2026-06-28
Husbands in Action,husbands-in-action,Films,HN,Honduras,2,8,2026-06-21,2026-06-28
Husbands in Action,husbands-in-action,Films,HK,Hong Kong,3,1,2026-06-21,2026-07-05
Husbands in Action,husbands-in-action,Films,IN,India,2,8,2026-06-21,2026-06-28
Husbands in Action,husbands-in-action,Films,ID,Indonesia,3,3,2026-06-21,2026-07-05
Husbands in Action,husbands-in-action,Films,JM,Jamaica,1,10,2026-06-28,2026-06-28
Husbands in Action,husbands-in-action,Films,JP,Japan,3,2,2026-06-21,2026-07-05
Husbands in Action,husbands-in-action,Films,JO,Jordan,1,6,2026-06-28,2026-06-28
Husbands in Action,husbands-in-action,Films,KW,Kuwait,1,6,2026-06-28,2026-06-28
Husbands in Action,husbands-in-action,Films,MY,Malaysia,3,1,2026-06-21,2026-07-05
Husbands in Action,husbands-in-action,Films,MV,Maldives,1,4,2026-06-28,2026-06-28
Husbands in Action,husbands-in-action,Films,MQ,Martinique,2,4,2026-06-21,2026-06-28
Husbands in Action,husbands-in-action,Films,MU,Mauritius,2,5,2026-06-21,2026-06-28
Husbands in Action,husbands-in-action,Films,MA,Morocco,1,4,2026-06-28,2026-06-28
Husbands in Action,husbands-in-action,Films,NC,New Caledonia,1,3,2026-06-28,2026-06-28
Husbands in Action,husbands-in-action,Films,NI,Nicaragua,1,8,2026-06-21,2026-06-21
Husbands in Action,husbands-in-action,Films,NG,Nigeria,2,4,2026-06-21,2026-06-28
Husbands in Action,husbands-in-action,Films,OM,Oman,1,4,2026-06-28,2026-06-28
Husbands in Action,husbands-in-action,Films,PK,Pakistan,1,5,2026-06-28,2026-06-28
Husbands in Action,husbands-in-action,Films,PA,Panama,1,9,2026-06-21,2026-06-21
Husbands in Action,husbands-in-action,Films,PY,Paraguay,2,7,2026-06-21,2026-06-28
Husbands in Action,husbands-in-action,Films,PE,Peru,2,4,2026-06-21,2026-06-28
Husbands in Action,husbands-in-action,Films,PH,Philippines,3,4,2026-06-21,2026-07-05
Husbands in Action,husbands-in-action,Films,QA,Qatar,2,4,2026-06-21,2026-06-28
Husbands in Action,husbands-in-action,Films,RE,Réunion,2,4,2026-06-21,2026-06-28
Husbands in Action,husbands-in-action,Films,SA,Saudi Arabia,2,4,2026-06-21,2026-06-28
Husbands in Action,husbands-in-action,Films,SG,Singapore,3,2,2026-06-21,2026-07-05
Husbands in Action,husbands-in-action,Films,KR,South Korea,9,1,2026-06-21,2026-08-16
Husbands in Action,husbands-in-action,Films,LK,Sri Lanka,1,6,2026-06-28,2026-06-28
Husbands in Action,husbands-in-action,Films,TW,Taiwan,4,1,2026-06-21,2026-07-12
Husbands in Action,husbands-in-action,Films,TH,Thailand,3,1,2026-06-21,2026-07-05
Husbands in Action,husbands-in-action,Films,AE,United Arab Emirates,2,4,2026-06-21,2026-06-28
Husbands in Action,husbands-in-action,Films,VE,Venezuela,2,7,2026-06-21,2026-06-28
Husbands in Action,husbands-in-action,Films,VN,Vietnam,4,1,2026-06-21,2026-07-12
I,i,Films,ID,Indonesia,1,3,2023-10-29,2023-10-29
I,i,Films,KR,South Korea,2,5,2025-03-23,2025-03-30
I Am Sam,i-am-sam,Films,NZ,New Zealand,1,7,2023-11-12,2023-11-12
I am Solo,i-am-solo,TV,KR,South Korea,112,1,2021-11-21,2026-08-16
I Can't Live Without You,i-can-t-live-without-you,Films,AR,Argentina,4,1,2024-08-18,2024-09-08
I Can't Live Without You,i-can-t-live-without-you,Films,BO,Bolivia,1,3,2024-08-25,2024-08-25
I Can't Live Without You,i-can-t-live-without-you,Films,BR,Brazil,1,3,2024-08-25,2024-08-25
I Can't Live Without You,i-can-t-live-without-you,Films,CL,Chile,1,3,2024-08-25,2024-08-25
I Can't Live Without You,i-can-t-live-without-you,Films,CO,Colombia,2,2,2024-08-25,2024-09-01
I Can't Live Without You,i-can-t-live-without-you,Films,CR,Costa Rica,3,2,2024-08-18,2024-09-01
I Can't Live Without You,i-can-t-live-without-you,Films,DO,Dominican Republic,1,5,2024-08-25,2024-08-25
I Can't Live Without You,i-can-t-live-without-you,Films,EC,Ecuador,2,2,2024-08-25,2024-09-01
I Can't Live Without You,i-can-t-live-without-you,Films,SV,El Salvador,1,2,2024-08-25,2024-08-25
I Can't Live Without You,i-can-t-live-without-you,Films,GT,Guatemala,1,2,2024-08-25,2024-08-25
I Can't Live Without You,i-can-t-live-without-you,Films,HN,Honduras,1,2,2024-08-25,2024-08-25
I Can't Live Without You,i-can-t-live-without-you,Films,MX,Mexico,1,4,2024-08-25,2024-08-25
I Can't Live Without You,i-can-t-live-without-you,Films,NI,Nicaragua,1,2,2024-08-25,2024-08-25
I Can't Live Without You,i-can-t-live-without-you,Films,PA,Panama,2,2,2024-08-25,2024-09-01
I Can't Live Without You,i-can-t-live-without-you,Films,PY,Paraguay,3,2,2024-08-18,2024-09-01
I Can't Live Without You,i-can-t-live-without-you,Films,PE,Peru,1,2,2024-08-25,2024-08-25
I Can't Live Without You,i-can-t-live-without-you,Films,ES,Spain,2,3,2024-08-25,2024-09-01
I Can't Live Without You,i-can-t-live-without-you,Films,TT,Trinidad and Tobago,1,7,2024-08-25,2024-08-25
I Can't Live Without You,i-can-t-live-without-you,Films,UY,Uruguay,4,1,2024-08-18,2024-09-08
I Can't Live Without You,i-can-t-live-without-you,Films,VE,Venezuela,3,2,2024-08-18,2024-09-01
I Need Romance,i-need-romance,TV,TH,Thailand,6,7,2021-07-11,2021-08-15
I Saw the Devil,i-saw-the-devil,Films,KR,South Korea,2,3,2021-11-21,2021-11-28
"I, the Executioner",i-the-executioner,Films,KR,South Korea,9,1,2025-02-02,2025-04-06
"I, the Executioner",i-the-executioner,Films,TH,Thailand,2,3,2025-08-03,2025-08-10
Idol I,idol-i,TV,HK,Hong Kong,3,8,2025-12-28,2026-01-11
Idol I,idol-i,TV,ID,Indonesia,5,4,2025-12-28,2026-01-25
Idol I,idol-i,TV,JP,Japan,3,3,2025-12-28,2026-01-11
Idol I,idol-i,TV,KW,Kuwait,1,9,2025-12-28,2025-12-28
Idol I,idol-i,TV,MY,Malaysia,6,4,2025-12-28,2026-02-01
Idol I,idol-i,TV,MV,Maldives,1,7,2025-12-28,2025-12-28
Idol I,idol-i,TV,NG,Nigeria,1,8,2026-01-18,2026-01-18
Idol I,idol-i,TV,OM,Oman,1,8,2025-12-28,2025-12-28
Idol I,idol-i,TV,PH,Philippines,1,7,2025-12-28,2025-12-28
Idol I,idol-i,TV,SA,Saudi Arabia,2,6,2025-12-28,2026-01-04
Idol I,idol-i,TV,SG,Singapore,3,7,2025-12-28,2026-01-18
Idol I,idol-i,TV,KR,South Korea,3,8,2025-12-28,2026-01-11
Idol I,idol-i,TV,LK,Sri Lanka,1,7,2025-12-28,2025-12-28
Idol I,idol-i,TV,TW,Taiwan,4,8,2025-12-28,2026-01-18
Idol I,idol-i,TV,TH,Thailand,3,5,2025-12-28,2026-01-11
Idol I,idol-i,TV,VE,Venezuela,1,10,2025-12-28,2025-12-28
Idol I,idol-i,TV,VN,Vietnam,1,10,2025-12-28,2025-12-28
If Wishes Could Kill,if-wishes-could-kill,TV,AR,Argentina,1,9,2026-05-03,2026-05-03
If Wishes Could Kill,if-wishes-could-kill,TV,BS,Bahamas,1,9,2026-05-03,2026-05-03
If Wishes Could Kill,if-wishes-could-kill,TV,BH,Bahrain,3,1,2026-04-26,2026-05-10
If Wishes Could Kill,if-wishes-could-kill,TV,BD,Bangladesh,9,1,2026-04-26,2026-06-21
If Wishes Could Kill,if-wishes-could-kill,TV,BE,Belgium,1,8,2026-05-03,2026-05-03
If Wishes Could Kill,if-wishes-could-kill,TV,BO,Bolivia,4,1,2026-04-26,2026-05-17
If Wishes Could Kill,if-wishes-could-kill,TV,BR,Brazil,1,8,2026-05-03,2026-05-03
If Wishes Could Kill,if-wishes-could-kill,TV,BG,Bulgaria,2,5,2026-05-03,2026-05-10
If Wishes Could Kill,if-wishes-could-kill,TV,CL,Chile,2,6,2026-05-03,2026-05-10
If Wishes Could Kill,if-wishes-could-kill,TV,CO,Colombia,2,4,2026-05-03,2026-05-10
If Wishes Could Kill,if-wishes-could-kill,TV,CR,Costa Rica,1,9,2026-05-03,2026-05-03
If Wishes Could Kill,if-wishes-could-kill,TV,CZ,Czech Republic,3,5,2026-04-26,2026-05-10
If Wishes Could Kill,if-wishes-could-kill,TV,DO,Dominican Republic,3,2,2026-04-26,2026-05-10
If Wishes Could Kill,if-wishes-could-kill,TV,EC,Ecuador,3,1,2026-04-26,2026-05-10
If Wishes Could Kill,if-wishes-could-kill,TV,EG,Egypt,4,1,2026-04-26,2026-05-17
If Wishes Could Kill,if-wishes-could-kill,TV,SV,El Salvador,3,3,2026-04-26,2026-05-10
If Wishes Could Kill,if-wishes-could-kill,TV,EE,Estonia,1,9,2026-05-03,2026-05-03
If Wishes Could Kill,if-wishes-could-kill,TV,FR,France,1,5,2026-05-03,2026-05-03
If Wishes Could Kill,if-wishes-could-kill,TV,DE,Germany,1,7,2026-05-03,2026-05-03
If Wishes Could Kill,if-wishes-could-kill,TV,GP,Guadeloupe,1,6,2026-05-03,2026-05-03
If Wishes Could Kill,if-wishes-could-kill,TV,GT,Guatemala,3,3,2026-04-26,2026-05-10
If Wishes Could Kill,if-wishes-could-kill,TV,HN,Honduras,3,3,2026-04-26,2026-05-10
If Wishes Could Kill,if-wishes-could-kill,TV,HK,Hong Kong,4,1,2026-04-26,2026-05-17
If Wishes Could Kill,if-wishes-could-kill,TV,HU,Hungary,1,6,2026-05-03,2026-05-03
If Wishes Could Kill,if-wishes-could-kill,TV,IN,India,8,1,2026-04-26,2026-06-14
If Wishes Could Kill,if-wishes-could-kill,TV,ID,Indonesia,6,1,2026-04-26,2026-05-31
If Wishes Could Kill,if-wishes-could-kill,TV,IT,Italy,1,8,2026-05-03,2026-05-03
If Wishes Could Kill,if-wishes-could-kill,TV,JM,Jamaica,1,5,2026-05-03,2026-05-03
If Wishes Could Kill,if-wishes-could-kill,TV,JP,Japan,1,8,2026-05-03,2026-05-03
If Wishes Could Kill,if-wishes-could-kill,TV,JO,Jordan,2,1,2026-05-03,2026-05-10
If Wishes Could Kill,if-wishes-could-kill,TV,KE,Kenya,1,7,2026-05-03,2026-05-03
If Wishes Could Kill,if-wishes-could-kill,TV,KW,Kuwait,3,1,2026-04-26,2026-05-10
If Wishes Could Kill,if-wishes-could-kill,TV,LB,Lebanon,2,5,2026-05-03,2026-05-10
If Wishes Could Kill,if-wishes-could-kill,TV,LT,Lithuania,1,8,2026-05-03,2026-05-03
If Wishes Could Kill,if-wishes-could-kill,TV,MY,Malaysia,4,1,2026-04-26,2026-05-17
If Wishes Could Kill,if-wishes-could-kill,TV,MV,Maldives,4,1,2026-04-26,2026-05-17
If Wishes Could Kill,if-wishes-could-kill,TV,MQ,Martinique,2,5,2026-04-26,2026-05-03
If Wishes Could Kill,if-wishes-could-kill,TV,MU,Mauritius,3,2,2026-04-26,2026-05-10
If Wishes Could Kill,if-wishes-could-kill,TV,MX,Mexico,3,4,2026-04-26,2026-05-10
If Wishes Could Kill,if-wishes-could-kill,TV,MA,Morocco,4,1,2026-04-26,2026-05-17
If Wishes Could Kill,if-wishes-could-kill,TV,NC,New Caledonia,1,4,2026-05-03,2026-05-03
If Wishes Could Kill,if-wishes-could-kill,TV,NZ,New Zealand,1,10,2026-05-03,2026-05-03
If Wishes Could Kill,if-wishes-could-kill,TV,NI,Nicaragua,3,3,2026-04-26,2026-05-10
If Wishes Could Kill,if-wishes-could-kill,TV,NG,Nigeria,3,2,2026-04-26,2026-05-10
If Wishes Could Kill,if-wishes-could-kill,TV,OM,Oman,4,1,2026-04-26,2026-05-17
If Wishes Could Kill,if-wishes-could-kill,TV,PK,Pakistan,10,1,2026-04-26,2026-06-28
If Wishes Could Kill,if-wishes-could-kill,TV,PA,Panama,1,8,2026-05-03,2026-05-03
If Wishes Could Kill,if-wishes-could-kill,TV,PY,Paraguay,2,6,2026-05-03,2026-05-10
If Wishes Could Kill,if-wishes-could-kill,TV,PE,Peru,4,2,2026-04-26,2026-05-17
If Wishes Could Kill,if-wishes-could-kill,TV,PH,Philippines,6,1,2026-04-26,2026-05-31
If Wishes Could Kill,if-wishes-could-kill,TV,PL,Poland,1,6,2026-05-03,2026-05-03
If Wishes Could Kill,if-wishes-could-kill,TV,QA,Qatar,3,1,2026-04-26,2026-05-10
If Wishes Could Kill,if-wishes-could-kill,TV,RE,Réunion,3,5,2026-04-26,2026-05-10
If Wishes Could Kill,if-wishes-could-kill,TV,SA,Saudi Arabia,3,1,2026-04-26,2026-05-10
If Wishes Could Kill,if-wishes-could-kill,TV,SG,Singapore,4,1,2026-04-26,2026-05-17
If Wishes Could Kill,if-wishes-could-kill,TV,SK,Slovakia,2,6,2026-04-26,2026-05-03
If Wishes Could Kill,if-wishes-could-kill,TV,KR,South Korea,6,1,2026-04-26,2026-05-31
If Wishes Could Kill,if-wishes-could-kill,TV,ES,Spain,1,10,2026-05-03,2026-05-03
If Wishes Could Kill,if-wishes-could-kill,TV,LK,Sri Lanka,4,1,2026-04-26,2026-05-17
If Wishes Could Kill,if-wishes-could-kill,TV,TW,Taiwan,4,1,2026-04-26,2026-05-17
If Wishes Could Kill,if-wishes-could-kill,TV,TH,Thailand,3,1,2026-04-26,2026-05-10
If Wishes Could Kill,if-wishes-could-kill,TV,TR,Turkey,3,3,2026-04-26,2026-05-10
If Wishes Could Kill,if-wishes-could-kill,TV,AE,United Arab Emirates,3,1,2026-04-26,2026-05-10
If Wishes Could Kill,if-wishes-could-kill,TV,VE,Venezuela,2,7,2026-05-03,2026-05-10
If Wishes Could Kill,if-wishes-could-kill,TV,VN,Vietnam,6,1,2026-05-10,2026-06-14
Illusion,illusion,Films,PL,Poland,2,5,2023-01-15,2023-01-22
Impetigore,impetigore,Films,ID,Indonesia,5,2,2021-10-03,2021-10-31
In Between,in-between,Films,PH,Philippines,2,5,2025-09-21,2025-09-28
In Between,in-between,Films,TW,Taiwan,1,8,2024-10-06,2024-10-06
In Her Place,in-her-place,Films,CL,Chile,3,3,2024-10-13,2024-10-27
In Her Place,in-her-place,Films,UY,Uruguay,2,9,2024-10-13,2024-10-20
In Our Prime,in-our-prime,Films,KR,South Korea,6,1,2022-06-26,2022-07-31
In the Name of God: A Holy Betrayal,in-the-name-of-god-a-holy-betrayal,TV,HK,Hong Kong,5,2,2023-03-05,2023-04-02
In the Name of God: A Holy Betrayal,in-the-name-of-god-a-holy-betrayal,TV,ID,Indonesia,2,3,2023-03-12,2023-03-19
In the Name of God: A Holy Betrayal,in-the-name-of-god-a-holy-betrayal,TV,MY,Malaysia,2,8,2023-03-12,2023-03-19
In the Name of God: A Holy Betrayal,in-the-name-of-god-a-holy-betrayal,TV,SG,Singapore,3,7,2023-03-05,2023-03-19
In the Name of God: A Holy Betrayal,in-the-name-of-god-a-holy-betrayal,TV,KR,South Korea,5,2,2023-03-05,2023-04-02
In the Name of God: A Holy Betrayal,in-the-name-of-god-a-holy-betrayal,TV,TW,Taiwan,2,4,2023-03-12,2023-03-19
In the Name of God: A Holy Betrayal,in-the-name-of-god-a-holy-betrayal,TV,VN,Vietnam,5,4,2023-03-12,2023-04-09
Innocence,innocence,Films,KR,South Korea,1,9,2022-10-23,2022-10-23
Innocent Witness,innocent-witness,Films,JP,Japan,1,8,2023-04-02,2023-04-02
Inside Men,inside-men,Films,MY,Malaysia,1,5,2022-08-07,2022-08-07
Inside Men,inside-men,Films,SG,Singapore,1,6,2022-08-07,2022-08-07
Inside Men,inside-men,Films,KR,South Korea,4,1,2021-09-12,2021-10-03
Insider,insider,TV,KR,South Korea,7,2,2022-07-31,2022-09-11
Inspector Koo,inspector-koo,TV,HK,Hong Kong,6,5,2021-11-07,2021-12-19
Inspector Koo,inspector-koo,TV,ID,Indonesia,5,8,2021-11-07,2021-12-19
Inspector Koo,inspector-koo,TV,MY,Malaysia,1,10,2021-11-21,2021-11-21
Inspector Koo,inspector-koo,TV,SG,Singapore,3,10,2021-11-07,2021-11-21
Inspector Koo,inspector-koo,TV,KR,South Korea,7,3,2021-11-07,2021-12-19
Inspector Koo,inspector-koo,TV,TW,Taiwan,6,7,2021-11-07,2021-12-19
Inspector Koo,inspector-koo,TV,TH,Thailand,1,10,2021-11-07,2021-11-07
Iris,iris,TV,HK,Hong Kong,2,9,2022-07-24,2022-07-31
Iron Family,iron-family,TV,KR,South Korea,1,6,2024-10-06,2024-10-06
Iron Man,iron-man,Films,JP,Japan,1,10,2022-01-09,2022-01-09
Island,island,Films,CZ,Czech Republic,7,1,2023-07-23,2023-09-24
Island,island,Films,SK,Slovakia,5,1,2023-07-23,2023-08-20
It's Okay to Not Be Okay,it-s-okay-to-not-be-okay,TV,PH,Philippines,13,1,2025-07-20,2025-10-12
It’s Okay!,it-s-okay,Films,KR,South Korea,2,3,2026-06-07,2026-06-14
Itaewon Class,itaewon-class,TV,ID,Indonesia,1,9,2021-11-14,2021-11-14
Itaewon Class,itaewon-class,TV,JP,Japan,64,1,2021-07-04,2022-11-06
Itaewon Class,itaewon-class,TV,KR,South Korea,8,4,2022-01-09,2022-02-27
Itaewon Class,itaewon-class,TV,TH,Thailand,1,5,2022-05-01,2022-05-01
Jackpot,jackpot,Films,CZ,Czech Republic,12,1,2022-08-14,2022-10-30
Jackpot,jackpot,Films,SK,Slovakia,3,5,2022-08-14,2022-08-28
Jeong-Sun,jeong-sun,Films,KR,South Korea,1,3,2024-12-22,2024-12-22
Jirisan,jirisan,TV,HK,Hong Kong,5,1,2023-04-30,2023-05-28
Jirisan,jirisan,TV,ID,Indonesia,3,4,2022-10-30,2022-11-13
Jirisan,jirisan,TV,MY,Malaysia,4,1,2022-10-30,2022-11-20
Jirisan,jirisan,TV,PH,Philippines,2,2,2022-10-30,2022-11-06
Jirisan,jirisan,TV,SG,Singapore,4,1,2022-10-30,2022-11-20
Jirisan,jirisan,TV,TW,Taiwan,4,3,2022-10-30,2022-11-20
Jirisan,jirisan,TV,TH,Thailand,2,3,2022-10-30,2022-11-06
Jirisan,jirisan,TV,VN,Vietnam,2,2,2022-10-30,2022-11-06
Jo Pil-ho: The Dawning Rage,jo-pil-ho-the-dawning-rage,Films,KR,South Korea,3,7,2022-01-23,2022-02-06
Judge vs. Judge,judge-vs-judge,TV,KR,South Korea,1,10,2025-04-13,2025-04-13
JUNG_E,jung-e,Films,AR,Argentina,2,4,2023-01-22,2023-01-29
JUNG_E,jung-e,Films,AT,Austria,2,6,2023-01-22,2023-01-29
JUNG_E,jung-e,Films,BS,Bahamas,2,1,2023-01-22,2023-01-29
JUNG_E,jung-e,Films,BH,Bahrain,2,6,2023-01-22,2023-01-29
JUNG_E,jung-e,Films,BD,Bangladesh,2,3,2023-01-22,2023-01-29
JUNG_E,jung-e,Films,BE,Belgium,2,3,2023-01-22,2023-01-29
JUNG_E,jung-e,Films,BO,Bolivia,2,4,2023-01-22,2023-01-29
JUNG_E,jung-e,Films,BR,Brazil,2,2,2023-01-22,2023-01-29
JUNG_E,jung-e,Films,BG,Bulgaria,2,4,2023-01-22,2023-01-29
JUNG_E,jung-e,Films,CA,Canada,2,8,2023-01-22,2023-01-29
JUNG_E,jung-e,Films,CL,Chile,2,3,2023-01-22,2023-01-29
JUNG_E,jung-e,Films,CO,Colombia,2,2,2023-01-22,2023-01-29
JUNG_E,jung-e,Films,CR,Costa Rica,2,3,2023-01-22,2023-01-29
JUNG_E,jung-e,Films,HR,Croatia,2,5,2023-01-22,2023-01-29
JUNG_E,jung-e,Films,CY,Cyprus,2,5,2023-01-22,2023-01-29
JUNG_E,jung-e,Films,CZ,Czech Republic,2,1,2023-01-22,2023-01-29
JUNG_E,jung-e,Films,DK,Denmark,2,10,2023-01-22,2023-01-29
JUNG_E,jung-e,Films,DO,Dominican Republic,2,1,2023-01-22,2023-01-29
JUNG_E,jung-e,Films,EC,Ecuador,2,3,2023-01-22,2023-01-29
JUNG_E,jung-e,Films,EG,Egypt,1,6,2023-01-29,2023-01-29
JUNG_E,jung-e,Films,SV,El Salvador,2,4,2023-01-22,2023-01-29
JUNG_E,jung-e,Films,EE,Estonia,2,3,2023-01-22,2023-01-29
JUNG_E,jung-e,Films,FI,Finland,2,6,2023-01-22,2023-01-29
JUNG_E,jung-e,Films,FR,France,2,2,2023-01-22,2023-01-29
JUNG_E,jung-e,Films,DE,Germany,2,6,2023-01-22,2023-01-29
JUNG_E,jung-e,Films,GR,Greece,2,8,2023-01-22,2023-01-29
JUNG_E,jung-e,Films,GP,Guadeloupe,2,2,2023-01-22,2023-01-29
JUNG_E,jung-e,Films,GT,Guatemala,2,4,2023-01-22,2023-01-29
JUNG_E,jung-e,Films,HN,Honduras,2,3,2023-01-22,2023-01-29
JUNG_E,jung-e,Films,HK,Hong Kong,3,1,2023-01-22,2023-02-05
JUNG_E,jung-e,Films,HU,Hungary,2,1,2023-01-22,2023-01-29
JUNG_E,jung-e,Films,IS,Iceland,1,8,2023-01-29,2023-01-29
JUNG_E,jung-e,Films,IN,India,1,8,2023-01-29,2023-01-29
JUNG_E,jung-e,Films,ID,Indonesia,2,4,2023-01-22,2023-01-29
JUNG_E,jung-e,Films,IT,Italy,2,5,2023-01-22,2023-01-29
JUNG_E,jung-e,Films,JM,Jamaica,2,1,2023-01-22,2023-01-29
JUNG_E,jung-e,Films,KE,Kenya,2,4,2023-01-22,2023-01-29
JUNG_E,jung-e,Films,KW,Kuwait,2,5,2023-01-22,2023-01-29
JUNG_E,jung-e,Films,LV,Latvia,2,4,2023-01-22,2023-01-29
JUNG_E,jung-e,Films,LB,Lebanon,2,7,2023-01-22,2023-01-29
JUNG_E,jung-e,Films,LT,Lithuania,2,3,2023-01-22,2023-01-29
JUNG_E,jung-e,Films,LU,Luxembourg,2,5,2023-01-22,2023-01-29
JUNG_E,jung-e,Films,MY,Malaysia,2,3,2023-01-22,2023-01-29
JUNG_E,jung-e,Films,MV,Maldives,2,5,2023-01-22,2023-01-29
JUNG_E,jung-e,Films,MT,Malta,2,7,2023-01-22,2023-01-29
JUNG_E,jung-e,Films,MQ,Martinique,2,2,2023-01-22,2023-01-29
JUNG_E,jung-e,Films,MU,Mauritius,2,5,2023-01-22,2023-01-29
JUNG_E,jung-e,Films,MX,Mexico,2,4,2023-01-22,2023-01-29
JUNG_E,jung-e,Films,MA,Morocco,2,4,2023-01-22,2023-01-29
JUNG_E,jung-e,Films,NL,Netherlands,2,6,2023-01-22,2023-01-29
JUNG_E,jung-e,Films,NC,New Caledonia,2,2,2023-01-22,2023-01-29
JUNG_E,jung-e,Films,NZ,New Zealand,1,7,2023-01-29,2023-01-29
JUNG_E,jung-e,Films,NI,Nicaragua,2,2,2023-01-22,2023-01-29
JUNG_E,jung-e,Films,NG,Nigeria,2,3,2023-01-22,2023-01-29
JUNG_E,jung-e,Films,NO,Norway,1,9,2023-01-29,2023-01-29
JUNG_E,jung-e,Films,OM,Oman,2,8,2023-01-22,2023-01-29
JUNG_E,jung-e,Films,PK,Pakistan,2,5,2023-01-22,2023-01-29
JUNG_E,jung-e,Films,PA,Panama,2,2,2023-01-22,2023-01-29
JUNG_E,jung-e,Films,PY,Paraguay,2,2,2023-01-22,2023-01-29
JUNG_E,jung-e,Films,PE,Peru,2,3,2023-01-22,2023-01-29
JUNG_E,jung-e,Films,PH,Philippines,2,1,2023-01-22,2023-01-29
JUNG_E,jung-e,Films,PL,Poland,2,5,2023-01-22,2023-01-29
JUNG_E,jung-e,Films,PT,Portugal,2,3,2023-01-22,2023-01-29
JUNG_E,jung-e,Films,QA,Qatar,2,3,2023-01-22,2023-01-29
JUNG_E,jung-e,Films,RE,Réunion,2,4,2023-01-22,2023-01-29
JUNG_E,jung-e,Films,RO,Romania,2,7,2023-01-22,2023-01-29
JUNG_E,jung-e,Films,SA,Saudi Arabia,1,8,2023-01-29,2023-01-29
JUNG_E,jung-e,Films,RS,Serbia,2,7,2023-01-22,2023-01-29
JUNG_E,jung-e,Films,SG,Singapore,2,2,2023-01-22,2023-01-29
JUNG_E,jung-e,Films,SK,Slovakia,2,1,2023-01-22,2023-01-29
JUNG_E,jung-e,Films,SI,Slovenia,2,6,2023-01-22,2023-01-29
JUNG_E,jung-e,Films,ZA,South Africa,2,4,2023-01-22,2023-01-29
JUNG_E,jung-e,Films,KR,South Korea,4,1,2023-01-22,2023-02-12
JUNG_E,jung-e,Films,ES,Spain,2,6,2023-01-22,2023-01-29
JUNG_E,jung-e,Films,LK,Sri Lanka,1,7,2023-01-29,2023-01-29
JUNG_E,jung-e,Films,SE,Sweden,2,8,2023-01-22,2023-01-29
JUNG_E,jung-e,Films,CH,Switzerland,2,5,2023-01-22,2023-01-29
JUNG_E,jung-e,Films,TW,Taiwan,3,1,2023-01-22,2023-02-05
JUNG_E,jung-e,Films,TH,Thailand,2,1,2023-01-22,2023-01-29
JUNG_E,jung-e,Films,TT,Trinidad and Tobago,2,1,2023-01-22,2023-01-29
JUNG_E,jung-e,Films,TR,Turkey,2,3,2023-01-22,2023-01-29
JUNG_E,jung-e,Films,AE,United Arab Emirates,2,4,2023-01-22,2023-01-29
JUNG_E,jung-e,Films,GB,United Kingdom,2,10,2023-01-22,2023-01-29
JUNG_E,jung-e,Films,US,United States,2,4,2023-01-22,2023-01-29
JUNG_E,jung-e,Films,UY,Uruguay,2,3,2023-01-22,2023-01-29
JUNG_E,jung-e,Films,VE,Venezuela,2,2,2023-01-22,2023-01-29
JUNG_E,jung-e,Films,VN,Vietnam,3,1,2023-01-22,2023-02-05
Juror 8,juror-8,Films,JP,Japan,2,6,2024-05-12,2024-05-19
Juvenile Justice,juvenile-justice,TV,AR,Argentina,2,6,2022-03-27,2022-04-03
Juvenile Justice,juvenile-justice,TV,BS,Bahamas,1,8,2022-03-06,2022-03-06
Juvenile Justice,juvenile-justice,TV,BH,Bahrain,2,6,2022-03-06,2022-03-13
Juvenile Justice,juvenile-justice,TV,BD,Bangladesh,2,7,2022-03-06,2026-06-21
Juvenile Justice,juvenile-justice,TV,BO,Bolivia,8,4,2022-03-06,2026-07-05
Juvenile Justice,juvenile-justice,TV,CL,Chile,1,10,2022-03-20,2022-03-20
Juvenile Justice,juvenile-justice,TV,GT,Guatemala,1,10,2022-03-20,2022-03-20
Juvenile Justice,juvenile-justice,TV,HK,Hong Kong,8,1,2022-02-27,2026-06-28
Juvenile Justice,juvenile-justice,TV,ID,Indonesia,8,2,2022-02-27,2026-07-05
Juvenile Justice,juvenile-justice,TV,JP,Japan,4,1,2022-02-27,2022-03-20
Juvenile Justice,juvenile-justice,TV,KW,Kuwait,3,3,2022-03-06,2022-03-20
Juvenile Justice,juvenile-justice,TV,MY,Malaysia,8,1,2022-02-27,2026-06-28
Juvenile Justice,juvenile-justice,TV,MQ,Martinique,2,9,2022-03-06,2022-03-13
Juvenile Justice,juvenile-justice,TV,MU,Mauritius,1,10,2026-06-21,2026-06-21
Juvenile Justice,juvenile-justice,TV,MX,Mexico,6,6,2022-03-06,2022-04-10
Juvenile Justice,juvenile-justice,TV,MA,Morocco,2,6,2022-03-06,2022-03-13
Juvenile Justice,juvenile-justice,TV,NC,New Caledonia,1,7,2022-03-06,2022-03-06
Juvenile Justice,juvenile-justice,TV,OM,Oman,1,5,2022-03-06,2022-03-06
Juvenile Justice,juvenile-justice,TV,PK,Pakistan,1,10,2026-06-21,2026-06-21
Juvenile Justice,juvenile-justice,TV,PA,Panama,3,6,2022-03-20,2022-04-03
Juvenile Justice,juvenile-justice,TV,PE,Peru,7,6,2022-03-06,2026-07-12
Juvenile Justice,juvenile-justice,TV,PH,Philippines,8,4,2022-03-06,2026-07-12
Juvenile Justice,juvenile-justice,TV,QA,Qatar,3,5,2022-03-06,2026-06-21
Juvenile Justice,juvenile-justice,TV,RE,Réunion,1,6,2022-03-06,2022-03-06
Juvenile Justice,juvenile-justice,TV,SA,Saudi Arabia,4,3,2022-03-06,2022-03-27
Juvenile Justice,juvenile-justice,TV,SG,Singapore,7,1,2022-02-27,2026-06-28
Juvenile Justice,juvenile-justice,TV,KR,South Korea,9,1,2022-02-27,2026-06-28
Juvenile Justice,juvenile-justice,TV,TW,Taiwan,9,1,2022-02-27,2026-06-28
Juvenile Justice,juvenile-justice,TV,TH,Thailand,9,1,2022-02-27,2026-06-21
Juvenile Justice,juvenile-justice,TV,AE,United Arab Emirates,2,6,2022-03-06,2026-06-21
Juvenile Justice,juvenile-justice,TV,VN,Vietnam,10,1,2022-02-27,2026-07-05
Karma,karma,TV,AR,Argentina,2,9,2025-04-06,2025-04-13
Karma,karma,TV,BH,Bahrain,2,7,2025-04-06,2025-04-13
Karma,karma,TV,BD,Bangladesh,3,1,2025-04-06,2025-04-20
Karma,karma,TV,BO,Bolivia,2,7,2025-04-06,2025-04-13
Karma,karma,TV,CL,Chile,1,9,2025-04-06,2025-04-06
Karma,karma,TV,CO,Colombia,2,9,2025-04-06,2025-04-13
Karma,karma,TV,CZ,Czech Republic,1,8,2025-04-06,2025-04-06
Karma,karma,TV,DO,Dominican Republic,2,9,2025-04-06,2025-04-13
Karma,karma,TV,EG,Egypt,1,7,2025-04-13,2025-04-13
Karma,karma,TV,GR,Greece,1,9,2025-04-06,2025-04-06
Karma,karma,TV,GP,Guadeloupe,1,10,2025-04-06,2025-04-06
Karma,karma,TV,HN,Honduras,1,9,2025-04-06,2025-04-06
Karma,karma,TV,HK,Hong Kong,4,1,2025-04-06,2025-04-27
Karma,karma,TV,IN,India,2,5,2025-04-06,2025-04-13
Karma,karma,TV,ID,Indonesia,4,1,2025-04-06,2025-04-27
Karma,karma,TV,JP,Japan,2,5,2025-04-06,2025-04-13
Karma,karma,TV,JO,Jordan,2,8,2025-04-06,2025-04-13
Karma,karma,TV,KW,Kuwait,2,5,2025-04-06,2025-04-13
Karma,karma,TV,MY,Malaysia,3,1,2025-04-06,2025-04-20
Karma,karma,TV,MV,Maldives,1,6,2025-04-13,2025-04-13
Karma,karma,TV,MU,Mauritius,1,6,2025-04-13,2025-04-13
Karma,karma,TV,MA,Morocco,2,5,2025-04-06,2025-04-13
Karma,karma,TV,NG,Nigeria,2,5,2025-04-06,2025-04-13
Karma,karma,TV,OM,Oman,2,5,2025-04-06,2025-04-13
Karma,karma,TV,PK,Pakistan,2,2,2025-04-06,2025-04-13
Karma,karma,TV,PY,Paraguay,1,9,2025-04-06,2025-04-06
Karma,karma,TV,PE,Peru,2,7,2025-04-06,2025-04-13
Karma,karma,TV,PH,Philippines,3,1,2025-04-06,2025-04-20
Karma,karma,TV,QA,Qatar,2,3,2025-04-06,2025-04-13
Karma,karma,TV,RE,Réunion,2,9,2025-04-06,2025-04-13
Karma,karma,TV,RO,Romania,1,10,2025-04-06,2025-04-06
Karma,karma,TV,SA,Saudi Arabia,2,5,2025-04-06,2025-04-13
Karma,karma,TV,SG,Singapore,3,2,2025-04-06,2025-04-20
Karma,karma,TV,SK,Slovakia,2,8,2025-04-06,2025-04-13
Karma,karma,TV,KR,South Korea,6,1,2025-04-06,2025-05-11
Karma,karma,TV,LK,Sri Lanka,1,8,2025-04-13,2025-04-13
Karma,karma,TV,TW,Taiwan,5,2,2025-04-06,2025-05-04
Karma,karma,TV,TH,Thailand,4,1,2025-04-06,2025-04-27
Karma,karma,TV,TR,Turkey,1,7,2025-04-13,2025-04-13
Karma,karma,TV,AE,United Arab Emirates,2,5,2025-04-06,2025-04-13
Karma,karma,TV,VE,Venezuela,2,6,2025-04-06,2025-04-13
Karma,karma,TV,VN,Vietnam,6,1,2025-04-06,2025-05-11
KATURI the Movie The Big City Adventure,katuri-the-movie-the-big-city-adventure,Films,KR,South Korea,2,9,2023-09-03,2023-09-10
Keys to the Heart,keys-to-the-heart,Films,PH,Philippines,3,3,2023-10-08,2023-10-22
Keys To The Heart,keys-to-the-heart,Films,KR,South Korea,1,9,2024-11-17,2024-11-17
Kill Boksoon,kill-boksoon,Films,AR,Argentina,2,8,2023-04-02,2023-04-09
Kill Boksoon,kill-boksoon,Films,AU,Australia,2,8,2023-04-02,2023-04-09
Kill Boksoon,kill-boksoon,Films,AT,Austria,2,5,2023-04-02,2023-04-09
Kill Boksoon,kill-boksoon,Films,BS,Bahamas,2,3,2023-04-02,2023-04-09
Kill Boksoon,kill-boksoon,Films,BH,Bahrain,3,2,2023-04-02,2023-04-16
Kill Boksoon,kill-boksoon,Films,BD,Bangladesh,3,3,2023-04-02,2023-04-16
Kill Boksoon,kill-boksoon,Films,BE,Belgium,2,8,2023-04-02,2023-04-09
Kill Boksoon,kill-boksoon,Films,BO,Bolivia,2,6,2023-04-02,2023-04-09
Kill Boksoon,kill-boksoon,Films,BR,Brazil,2,6,2023-04-02,2023-04-09
Kill Boksoon,kill-boksoon,Films,BG,Bulgaria,2,3,2023-04-02,2023-04-09
Kill Boksoon,kill-boksoon,Films,CA,Canada,1,6,2023-04-02,2023-04-02
Kill Boksoon,kill-boksoon,Films,CL,Chile,2,5,2023-04-02,2023-04-09
Kill Boksoon,kill-boksoon,Films,CO,Colombia,2,6,2023-04-02,2023-04-09
Kill Boksoon,kill-boksoon,Films,CR,Costa Rica,2,8,2023-04-02,2023-04-09
Kill Boksoon,kill-boksoon,Films,HR,Croatia,2,9,2023-04-02,2023-04-09
Kill Boksoon,kill-boksoon,Films,CY,Cyprus,2,5,2023-04-02,2023-04-09
Kill Boksoon,kill-boksoon,Films,CZ,Czech Republic,1,8,2023-04-09,2023-04-09
Kill Boksoon,kill-boksoon,Films,DK,Denmark,1,8,2023-04-02,2023-04-02
Kill Boksoon,kill-boksoon,Films,DO,Dominican Republic,3,4,2023-04-02,2023-04-16
Kill Boksoon,kill-boksoon,Films,EC,Ecuador,1,5,2023-04-02,2023-04-02
Kill Boksoon,kill-boksoon,Films,EG,Egypt,2,4,2023-04-02,2023-04-09
Kill Boksoon,kill-boksoon,Films,SV,El Salvador,2,5,2023-04-02,2023-04-09
Kill Boksoon,kill-boksoon,Films,FI,Finland,2,5,2023-04-02,2023-04-09
Kill Boksoon,kill-boksoon,Films,FR,France,2,7,2023-04-02,2023-04-09
Kill Boksoon,kill-boksoon,Films,DE,Germany,2,5,2023-04-02,2023-04-09
Kill Boksoon,kill-boksoon,Films,GR,Greece,2,2,2023-04-02,2023-04-09
Kill Boksoon,kill-boksoon,Films,GP,Guadeloupe,3,3,2023-04-02,2023-04-16
Kill Boksoon,kill-boksoon,Films,HN,Honduras,2,5,2023-04-02,2023-04-09
Kill Boksoon,kill-boksoon,Films,HK,Hong Kong,6,1,2023-04-02,2023-05-07
Kill Boksoon,kill-boksoon,Films,HU,Hungary,3,3,2023-04-02,2023-04-16
Kill Boksoon,kill-boksoon,Films,IS,Iceland,1,5,2023-04-02,2023-04-02
Kill Boksoon,kill-boksoon,Films,IN,India,1,7,2023-04-09,2023-04-09
Kill Boksoon,kill-boksoon,Films,ID,Indonesia,5,1,2023-04-02,2023-04-30
Kill Boksoon,kill-boksoon,Films,IL,Israel,2,5,2023-04-02,2023-04-09
Kill Boksoon,kill-boksoon,Films,IT,Italy,2,6,2023-04-02,2023-04-09
Kill Boksoon,kill-boksoon,Films,JM,Jamaica,3,3,2023-04-02,2023-04-16
Kill Boksoon,kill-boksoon,Films,JP,Japan,5,1,2023-04-02,2023-04-30
Kill Boksoon,kill-boksoon,Films,JO,Jordan,2,5,2023-04-02,2023-04-09
Kill Boksoon,kill-boksoon,Films,KE,Kenya,2,5,2023-04-02,2023-04-09
Kill Boksoon,kill-boksoon,Films,KW,Kuwait,3,2,2023-04-02,2023-04-16
Kill Boksoon,kill-boksoon,Films,LB,Lebanon,2,7,2023-04-02,2023-04-09
Kill Boksoon,kill-boksoon,Films,LU,Luxembourg,3,4,2023-04-02,2023-04-16
Kill Boksoon,kill-boksoon,Films,MY,Malaysia,3,1,2023-04-02,2023-04-16
Kill Boksoon,kill-boksoon,Films,MV,Maldives,4,3,2023-04-02,2023-04-23
Kill Boksoon,kill-boksoon,Films,MT,Malta,2,8,2023-04-02,2023-04-09
Kill Boksoon,kill-boksoon,Films,MQ,Martinique,3,3,2023-04-02,2023-04-16
Kill Boksoon,kill-boksoon,Films,MU,Mauritius,2,7,2023-04-02,2023-04-09
Kill Boksoon,kill-boksoon,Films,MX,Mexico,2,9,2023-04-02,2023-04-09
Kill Boksoon,kill-boksoon,Films,MA,Morocco,4,2,2023-04-02,2023-04-23
Kill Boksoon,kill-boksoon,Films,NL,Netherlands,2,9,2023-04-02,2023-04-09
Kill Boksoon,kill-boksoon,Films,NC,New Caledonia,2,3,2023-04-02,2023-04-09
Kill Boksoon,kill-boksoon,Films,NZ,New Zealand,2,6,2023-04-02,2023-04-09
Kill Boksoon,kill-boksoon,Films,NI,Nicaragua,2,5,2023-04-02,2023-04-09
Kill Boksoon,kill-boksoon,Films,NG,Nigeria,5,2,2023-04-02,2025-10-05
Kill Boksoon,kill-boksoon,Films,NO,Norway,2,8,2023-04-02,2023-04-09
Kill Boksoon,kill-boksoon,Films,OM,Oman,4,2,2023-04-02,2023-04-23
Kill Boksoon,kill-boksoon,Films,PK,Pakistan,2,5,2023-04-02,2023-04-09
Kill Boksoon,kill-boksoon,Films,PA,Panama,2,6,2023-04-02,2023-04-09
Kill Boksoon,kill-boksoon,Films,PY,Paraguay,2,8,2023-04-02,2023-04-09
Kill Boksoon,kill-boksoon,Films,PE,Peru,2,5,2023-04-02,2023-04-09
Kill Boksoon,kill-boksoon,Films,PH,Philippines,5,1,2023-04-02,2023-04-30
Kill Boksoon,kill-boksoon,Films,PL,Poland,2,9,2023-04-02,2023-04-09
Kill Boksoon,kill-boksoon,Films,PT,Portugal,2,5,2023-04-02,2023-04-09
Kill Boksoon,kill-boksoon,Films,QA,Qatar,4,2,2023-04-02,2023-04-23
Kill Boksoon,kill-boksoon,Films,RE,Réunion,2,4,2023-04-02,2023-04-09
Kill Boksoon,kill-boksoon,Films,RO,Romania,3,2,2023-04-02,2023-04-16
Kill Boksoon,kill-boksoon,Films,SA,Saudi Arabia,4,2,2023-04-02,2023-04-23
Kill Boksoon,kill-boksoon,Films,RS,Serbia,2,4,2023-04-02,2023-04-09
Kill Boksoon,kill-boksoon,Films,SG,Singapore,5,2,2023-04-02,2023-04-30
Kill Boksoon,kill-boksoon,Films,SK,Slovakia,2,6,2023-04-02,2023-04-09
Kill Boksoon,kill-boksoon,Films,SI,Slovenia,2,7,2023-04-02,2023-04-09
Kill Boksoon,kill-boksoon,Films,KR,South Korea,11,1,2023-04-02,2025-10-12
Kill Boksoon,kill-boksoon,Films,ES,Spain,2,6,2023-04-02,2023-04-09
Kill Boksoon,kill-boksoon,Films,LK,Sri Lanka,2,8,2023-04-02,2023-04-09
Kill Boksoon,kill-boksoon,Films,SE,Sweden,2,8,2023-04-02,2023-04-09
Kill Boksoon,kill-boksoon,Films,CH,Switzerland,2,3,2023-04-02,2023-04-09
Kill Boksoon,kill-boksoon,Films,TW,Taiwan,8,1,2023-04-02,2023-05-21
Kill Boksoon,kill-boksoon,Films,TH,Thailand,3,1,2023-04-02,2023-04-16
Kill Boksoon,kill-boksoon,Films,TT,Trinidad and Tobago,2,4,2023-04-02,2023-04-09
Kill Boksoon,kill-boksoon,Films,TR,Turkey,3,3,2023-04-02,2023-04-16
Kill Boksoon,kill-boksoon,Films,AE,United Arab Emirates,4,2,2023-04-02,2023-04-23
Kill Boksoon,kill-boksoon,Films,UY,Uruguay,2,6,2023-04-02,2023-04-09
Kill Boksoon,kill-boksoon,Films,VE,Venezuela,2,6,2023-04-02,2023-04-09
Kill Boksoon,kill-boksoon,Films,VN,Vietnam,6,1,2023-04-02,2025-10-05
King of Prison 2: The Prison War,king-of-prison-2-the-prison-war,Films,KR,South Korea,2,3,2022-07-03,2022-07-10
King the Land,king-the-land,TV,AR,Argentina,5,4,2023-07-16,2023-08-13
King the Land,king-the-land,TV,AU,Australia,1,8,2023-06-25,2023-06-25
King the Land,king-the-land,TV,BH,Bahrain,8,2,2023-06-25,2023-08-13
King the Land,king-the-land,TV,BD,Bangladesh,10,2,2023-06-25,2023-08-27
King the Land,king-the-land,TV,BO,Bolivia,10,1,2023-07-16,2023-09-17
King the Land,king-the-land,TV,BR,Brazil,6,1,2023-07-16,2023-08-20
King the Land,king-the-land,TV,CL,Chile,8,1,2023-07-16,2023-09-03
King the Land,king-the-land,TV,CO,Colombia,10,1,2023-07-16,2023-09-17
King the Land,king-the-land,TV,CR,Costa Rica,7,1,2023-07-16,2023-09-03
King the Land,king-the-land,TV,DO,Dominican Republic,8,1,2023-07-16,2023-09-03
King the Land,king-the-land,TV,EC,Ecuador,10,1,2023-07-16,2023-09-17
King the Land,king-the-land,TV,EG,Egypt,8,3,2023-06-25,2023-08-13
King the Land,king-the-land,TV,SV,El Salvador,11,1,2023-07-16,2023-10-01
King the Land,king-the-land,TV,GR,Greece,5,5,2023-06-25,2023-08-06
King the Land,king-the-land,TV,GT,Guatemala,12,1,2023-07-16,2023-10-29
King the Land,king-the-land,TV,HN,Honduras,12,1,2023-07-16,2023-10-01
King the Land,king-the-land,TV,HK,Hong Kong,11,1,2023-06-18,2023-08-27
King the Land,king-the-land,TV,IN,India,8,2,2023-07-16,2023-09-03
King the Land,king-the-land,TV,ID,Indonesia,14,1,2023-06-18,2023-09-17
King the Land,king-the-land,TV,JP,Japan,9,2,2023-06-18,2023-08-13
King the Land,king-the-land,TV,JO,Jordan,8,3,2023-06-25,2023-08-13
King the Land,king-the-land,TV,KE,Kenya,3,8,2023-06-25,2023-07-09
King the Land,king-the-land,TV,KW,Kuwait,8,2,2023-06-25,2023-08-13
King the Land,king-the-land,TV,LB,Lebanon,4,4,2023-06-25,2023-07-16
King the Land,king-the-land,TV,MY,Malaysia,12,1,2023-06-18,2023-09-03
King the Land,king-the-land,TV,MV,Maldives,11,1,2023-06-18,2023-08-27
King the Land,king-the-land,TV,MQ,Martinique,1,10,2023-06-25,2023-06-25
King the Land,king-the-land,TV,MU,Mauritius,3,6,2023-06-25,2023-07-09
King the Land,king-the-land,TV,MX,Mexico,9,2,2023-07-16,2023-09-10
King the Land,king-the-land,TV,MA,Morocco,9,2,2023-06-25,2023-08-20
King the Land,king-the-land,TV,NC,New Caledonia,1,9,2023-06-25,2023-06-25
King the Land,king-the-land,TV,NZ,New Zealand,2,7,2023-06-25,2023-07-02
King the Land,king-the-land,TV,NI,Nicaragua,17,1,2023-07-16,2024-08-04
King the Land,king-the-land,TV,NG,Nigeria,12,1,2023-06-18,2023-09-03
King the Land,king-the-land,TV,OM,Oman,8,1,2023-06-25,2023-08-13
King the Land,king-the-land,TV,PK,Pakistan,12,3,2023-06-25,2023-09-10
King the Land,king-the-land,TV,PA,Panama,7,1,2023-07-16,2023-09-03
King the Land,king-the-land,TV,PY,Paraguay,9,1,2023-07-16,2023-09-10
King the Land,king-the-land,TV,PE,Peru,12,1,2023-07-16,2023-11-05
King the Land,king-the-land,TV,PH,Philippines,12,1,2023-06-18,2023-09-03
King the Land,king-the-land,TV,PT,Portugal,2,8,2023-06-25,2023-07-23
King the Land,king-the-land,TV,QA,Qatar,10,1,2023-06-18,2023-08-20
King the Land,king-the-land,TV,RE,Réunion,1,10,2023-06-25,2023-06-25
King the Land,king-the-land,TV,RO,Romania,8,3,2023-06-25,2023-08-13
King the Land,king-the-land,TV,SA,Saudi Arabia,7,1,2023-06-25,2023-08-13
King the Land,king-the-land,TV,SG,Singapore,11,1,2023-06-18,2023-08-27
King the Land,king-the-land,TV,KR,South Korea,10,1,2023-06-18,2023-08-20
King the Land,king-the-land,TV,LK,Sri Lanka,10,2,2023-06-18,2023-08-20
King the Land,king-the-land,TV,TW,Taiwan,11,1,2023-06-18,2023-08-27
King the Land,king-the-land,TV,TH,Thailand,11,1,2023-06-18,2023-08-27
King the Land,king-the-land,TV,TR,Turkey,6,6,2023-06-25,2023-07-30
King the Land,king-the-land,TV,AE,United Arab Emirates,9,2,2023-06-25,2023-08-20
King the Land,king-the-land,TV,UY,Uruguay,2,7,2023-07-23,2023-07-30
King the Land,king-the-land,TV,VE,Venezuela,9,1,2023-07-16,2023-09-10
King the Land,king-the-land,TV,VN,Vietnam,12,1,2023-06-18,2023-09-03
Kingdom,kingdom,Films,BS,Bahamas,1,10,2023-07-23,2023-07-23
Kingdom,kingdom,Films,BH,Bahrain,4,4,2023-07-23,2025-09-21
Kingdom,kingdom,Films,BD,Bangladesh,4,4,2025-08-31,2025-09-21
Kingdom,kingdom,Films,IN,India,6,1,2025-08-31,2025-10-05
Kingdom,kingdom,Films,ID,Indonesia,2,2,2023-07-23,2023-07-30
Kingdom,kingdom,Films,JM,Jamaica,1,6,2023-07-23,2023-07-23
Kingdom,kingdom,Films,JP,Japan,27,1,2022-07-17,2026-07-19
Kingdom,kingdom,Films,KE,Kenya,1,10,2023-07-23,2023-07-23
Kingdom,kingdom,Films,KW,Kuwait,3,4,2023-07-23,2025-09-07
Kingdom,kingdom,Films,LB,Lebanon,1,7,2023-07-23,2023-07-23
Kingdom,kingdom,Films,MY,Malaysia,7,6,2021-08-01,2025-09-21
Kingdom,kingdom,Films,MV,Maldives,5,3,2023-07-30,2025-09-21
Kingdom,kingdom,Films,MU,Mauritius,4,5,2025-08-31,2025-09-21
Kingdom,kingdom,Films,MA,Morocco,3,5,2023-07-23,2025-09-21
Kingdom,kingdom,Films,NC,New Caledonia,1,10,2023-07-23,2023-07-23
Kingdom,kingdom,Films,NG,Nigeria,6,5,2023-07-23,2025-09-07
Kingdom,kingdom,Films,OM,Oman,6,3,2023-07-23,2025-09-21
Kingdom,kingdom,Films,PK,Pakistan,4,3,2025-08-31,2025-09-21
Kingdom,kingdom,Films,PE,Peru,1,6,2023-07-23,2023-07-23
Kingdom,kingdom,Films,PH,Philippines,3,2,2021-08-01,2023-07-30
Kingdom,kingdom,Films,QA,Qatar,5,2,2023-07-23,2025-09-21
Kingdom,kingdom,Films,RO,Romania,2,5,2023-07-23,2023-07-30
Kingdom,kingdom,Films,SA,Saudi Arabia,3,6,2023-07-23,2025-09-21
Kingdom,kingdom,Films,SG,Singapore,2,9,2023-07-23,2025-08-31
Kingdom,kingdom,Films,KR,South Korea,2,8,2021-08-01,2021-08-01
Kingdom,kingdom,Films,LK,Sri Lanka,5,1,2025-08-31,2025-09-28
Kingdom,kingdom,Films,TW,Taiwan,1,10,2023-07-23,2023-07-23
Kingdom,kingdom,Films,TH,Thailand,4,5,2021-07-25,2023-07-23
Kingdom,kingdom,Films,TT,Trinidad and Tobago,1,5,2023-07-23,2023-07-23
Kingdom,kingdom,Films,AE,United Arab Emirates,5,3,2023-07-23,2025-09-21
Kingdom,kingdom,Films,VN,Vietnam,1,10,2023-07-23,2023-07-23
Kingdom: Ashin of the North,kingdom-ashin-of-the-north,Films,AR,Argentina,1,8,2021-08-01,2021-08-01
Kingdom: Ashin of the North,kingdom-ashin-of-the-north,Films,AT,Austria,1,7,2021-08-01,2021-08-01
Kingdom: Ashin of the North,kingdom-ashin-of-the-north,Films,BS,Bahamas,2,5,2021-07-25,2021-08-01
Kingdom: Ashin of the North,kingdom-ashin-of-the-north,Films,BH,Bahrain,2,4,2021-07-25,2021-08-01
Kingdom: Ashin of the North,kingdom-ashin-of-the-north,Films,BD,Bangladesh,2,4,2021-07-25,2021-08-01
Kingdom: Ashin of the North,kingdom-ashin-of-the-north,Films,BO,Bolivia,2,4,2021-07-25,2021-08-01
Kingdom: Ashin of the North,kingdom-ashin-of-the-north,Films,BR,Brazil,2,5,2021-07-25,2021-08-01
Kingdom: Ashin of the North,kingdom-ashin-of-the-north,Films,BG,Bulgaria,1,9,2021-08-01,2021-08-01
Kingdom: Ashin of the North,kingdom-ashin-of-the-north,Films,CA,Canada,1,10,2021-08-01,2021-08-01
Kingdom: Ashin of the North,kingdom-ashin-of-the-north,Films,CL,Chile,2,6,2021-07-25,2021-08-01
Kingdom: Ashin of the North,kingdom-ashin-of-the-north,Films,CO,Colombia,1,5,2021-08-01,2021-08-01
Kingdom: Ashin of the North,kingdom-ashin-of-the-north,Films,CR,Costa Rica,1,6,2021-08-01,2021-08-01
Kingdom: Ashin of the North,kingdom-ashin-of-the-north,Films,HR,Croatia,1,8,2021-08-01,2021-08-01
Kingdom: Ashin of the North,kingdom-ashin-of-the-north,Films,CY,Cyprus,2,8,2021-07-25,2021-08-01
Kingdom: Ashin of the North,kingdom-ashin-of-the-north,Films,DK,Denmark,1,10,2021-08-01,2021-08-01
Kingdom: Ashin of the North,kingdom-ashin-of-the-north,Films,DO,Dominican Republic,2,5,2021-07-25,2021-08-01
Kingdom: Ashin of the North,kingdom-ashin-of-the-north,Films,EC,Ecuador,1,6,2021-08-01,2021-08-01
Kingdom: Ashin of the North,kingdom-ashin-of-the-north,Films,SV,El Salvador,1,6,2021-08-01,2021-08-01
Kingdom: Ashin of the North,kingdom-ashin-of-the-north,Films,FI,Finland,1,10,2021-08-01,2021-08-01
Kingdom: Ashin of the North,kingdom-ashin-of-the-north,Films,FR,France,1,5,2021-08-01,2021-08-01
Kingdom: Ashin of the North,kingdom-ashin-of-the-north,Films,DE,Germany,1,8,2021-08-01,2021-08-01
Kingdom: Ashin of the North,kingdom-ashin-of-the-north,Films,GR,Greece,1,8,2021-08-01,2021-08-01
Kingdom: Ashin of the North,kingdom-ashin-of-the-north,Films,GP,Guadeloupe,2,7,2021-07-25,2021-08-01
Kingdom: Ashin of the North,kingdom-ashin-of-the-north,Films,HN,Honduras,1,6,2021-08-01,2021-08-01
Kingdom: Ashin of the North,kingdom-ashin-of-the-north,Films,HK,Hong Kong,4,1,2021-07-25,2021-08-15
Kingdom: Ashin of the North,kingdom-ashin-of-the-north,Films,IS,Iceland,1,7,2021-08-01,2021-08-01
Kingdom: Ashin of the North,kingdom-ashin-of-the-north,Films,IN,India,2,4,2021-07-25,2021-08-01
Kingdom: Ashin of the North,kingdom-ashin-of-the-north,Films,ID,Indonesia,3,1,2021-07-25,2021-08-08
Kingdom: Ashin of the North,kingdom-ashin-of-the-north,Films,JM,Jamaica,2,4,2021-07-25,2021-08-01
Kingdom: Ashin of the North,kingdom-ashin-of-the-north,Films,JP,Japan,2,5,2021-07-25,2021-08-01
Kingdom: Ashin of the North,kingdom-ashin-of-the-north,Films,JO,Jordan,1,7,2021-08-01,2021-08-01
Kingdom: Ashin of the North,kingdom-ashin-of-the-north,Films,KE,Kenya,1,5,2021-08-01,2021-08-01
Kingdom: Ashin of the North,kingdom-ashin-of-the-north,Films,KW,Kuwait,2,3,2021-07-25,2021-08-01
Kingdom: Ashin of the North,kingdom-ashin-of-the-north,Films,LB,Lebanon,1,7,2021-08-01,2021-08-01
Kingdom: Ashin of the North,kingdom-ashin-of-the-north,Films,LU,Luxembourg,1,7,2021-08-01,2021-08-01
Kingdom: Ashin of the North,kingdom-ashin-of-the-north,Films,MY,Malaysia,2,2,2021-07-25,2021-08-01
Kingdom: Ashin of the North,kingdom-ashin-of-the-north,Films,MV,Maldives,2,4,2021-07-25,2021-08-01
Kingdom: Ashin of the North,kingdom-ashin-of-the-north,Films,MT,Malta,1,8,2021-08-01,2021-08-01
Kingdom: Ashin of the North,kingdom-ashin-of-the-north,Films,MQ,Martinique,2,7,2021-07-25,2021-08-01
Kingdom: Ashin of the North,kingdom-ashin-of-the-north,Films,MU,Mauritius,2,6,2021-07-25,2021-08-01
Kingdom: Ashin of the North,kingdom-ashin-of-the-north,Films,MX,Mexico,1,7,2021-08-01,2021-08-01
Kingdom: Ashin of the North,kingdom-ashin-of-the-north,Films,MA,Morocco,2,5,2021-07-25,2021-08-01
Kingdom: Ashin of the North,kingdom-ashin-of-the-north,Films,NC,New Caledonia,2,3,2021-07-25,2021-08-01
Kingdom: Ashin of the North,kingdom-ashin-of-the-north,Films,NZ,New Zealand,1,5,2021-08-01,2021-08-01
Kingdom: Ashin of the North,kingdom-ashin-of-the-north,Films,NI,Nicaragua,2,6,2021-07-25,2021-08-01
Kingdom: Ashin of the North,kingdom-ashin-of-the-north,Films,NG,Nigeria,2,4,2021-07-25,2021-08-01
Kingdom: Ashin of the North,kingdom-ashin-of-the-north,Films,NO,Norway,1,10,2021-08-01,2021-08-01
Kingdom: Ashin of the North,kingdom-ashin-of-the-north,Films,OM,Oman,2,4,2021-07-25,2021-08-01
Kingdom: Ashin of the North,kingdom-ashin-of-the-north,Films,PK,Pakistan,1,7,2021-08-01,2021-08-01
Kingdom: Ashin of the North,kingdom-ashin-of-the-north,Films,PA,Panama,2,6,2021-07-25,2021-08-01
Kingdom: Ashin of the North,kingdom-ashin-of-the-north,Films,PY,Paraguay,1,5,2021-08-01,2021-08-01
Kingdom: Ashin of the North,kingdom-ashin-of-the-north,Films,PE,Peru,2,5,2021-07-25,2021-08-01
Kingdom: Ashin of the North,kingdom-ashin-of-the-north,Films,PH,Philippines,2,1,2021-07-25,2021-08-01
Kingdom: Ashin of the North,kingdom-ashin-of-the-north,Films,PL,Poland,1,9,2021-08-01,2021-08-01
Kingdom: Ashin of the North,kingdom-ashin-of-the-north,Films,PT,Portugal,1,8,2021-08-01,2021-08-01
Kingdom: Ashin of the North,kingdom-ashin-of-the-north,Films,QA,Qatar,2,3,2021-07-25,2021-08-01
Kingdom: Ashin of the North,kingdom-ashin-of-the-north,Films,RE,Réunion,2,6,2021-07-25,2021-08-01
Kingdom: Ashin of the North,kingdom-ashin-of-the-north,Films,RO,Romania,1,8,2021-08-01,2021-08-01
Kingdom: Ashin of the North,kingdom-ashin-of-the-north,Films,SA,Saudi Arabia,2,5,2021-07-25,2021-08-01
Kingdom: Ashin of the North,kingdom-ashin-of-the-north,Films,RS,Serbia,1,6,2021-08-01,2021-08-01
Kingdom: Ashin of the North,kingdom-ashin-of-the-north,Films,SG,Singapore,2,1,2021-07-25,2021-08-01
Kingdom: Ashin of the North,kingdom-ashin-of-the-north,Films,SI,Slovenia,1,9,2021-08-01,2021-08-01
Kingdom: Ashin of the North,kingdom-ashin-of-the-north,Films,ZA,South Africa,1,6,2021-08-01,2021-08-01
Kingdom: Ashin of the North,kingdom-ashin-of-the-north,Films,KR,South Korea,12,1,2021-07-25,2021-10-31
Kingdom: Ashin of the North,kingdom-ashin-of-the-north,Films,ES,Spain,2,5,2021-07-25,2021-08-01
Kingdom: Ashin of the North,kingdom-ashin-of-the-north,Films,LK,Sri Lanka,2,5,2021-07-25,2021-08-01
Kingdom: Ashin of the North,kingdom-ashin-of-the-north,Films,SE,Sweden,1,9,2021-08-01,2021-08-01
Kingdom: Ashin of the North,kingdom-ashin-of-the-north,Films,CH,Switzerland,1,6,2021-08-01,2021-08-01
Kingdom: Ashin of the North,kingdom-ashin-of-the-north,Films,TW,Taiwan,5,1,2021-07-25,2021-08-22
Kingdom: Ashin of the North,kingdom-ashin-of-the-north,Films,TH,Thailand,3,1,2021-07-25,2021-08-08
Kingdom: Ashin of the North,kingdom-ashin-of-the-north,Films,TT,Trinidad and Tobago,2,5,2021-07-25,2021-08-01
Kingdom: Ashin of the North,kingdom-ashin-of-the-north,Films,TR,Turkey,2,6,2021-07-25,2021-08-01
Kingdom: Ashin of the North,kingdom-ashin-of-the-north,Films,AE,United Arab Emirates,2,3,2021-07-25,2021-08-01
Kingdom: Ashin of the North,kingdom-ashin-of-the-north,Films,UY,Uruguay,2,8,2021-07-25,2021-08-01
Kingdom: Ashin of the North,kingdom-ashin-of-the-north,Films,VE,Venezuela,1,8,2021-08-01,2021-08-01
Kingdom: Ashin of the North,kingdom-ashin-of-the-north,Films,VN,Vietnam,3,1,2021-07-25,2021-08-08
Kingmaker,kingmaker,Films,KR,South Korea,2,7,2025-10-19,2025-10-26
Knight Flower,knight-flower,TV,MY,Malaysia,1,8,2024-11-03,2024-11-03
Knock Knock,knock-knock,Films,BR,Brazil,1,9,2024-02-11,2024-02-11
Knock Knock,knock-knock,Films,CA,Canada,1,7,2021-10-10,2021-10-10
Knock Knock,knock-knock,Films,CO,Colombia,1,10,2024-02-11,2024-02-11
Knock Knock,knock-knock,Films,HN,Honduras,1,9,2024-02-11,2024-02-11
Land,land,Films,AR,Argentina,1,6,2023-11-05,2023-11-05
Land,land,Films,BS,Bahamas,1,7,2023-11-05,2023-11-05
Land,land,Films,BR,Brazil,1,6,2023-11-05,2023-11-05
Land,land,Films,BG,Bulgaria,1,9,2023-06-18,2023-06-18
Land,land,Films,CA,Canada,1,6,2023-05-07,2023-05-07
Land,land,Films,CL,Chile,1,6,2023-11-05,2023-11-05
Land,land,Films,CR,Costa Rica,1,6,2023-11-05,2023-11-05
Land,land,Films,HR,Croatia,2,3,2023-06-18,2023-06-25
Land,land,Films,CZ,Czech Republic,1,4,2023-06-18,2023-06-18
Land,land,Films,DK,Denmark,1,7,2023-08-06,2023-08-06
Land,land,Films,SV,El Salvador,1,10,2023-11-05,2023-11-05
Land,land,Films,EE,Estonia,1,3,2023-06-18,2023-06-18
Land,land,Films,FI,Finland,1,5,2023-08-06,2023-08-06
Land,land,Films,GR,Greece,2,3,2023-02-19,2023-02-26
Land,land,Films,GT,Guatemala,1,9,2023-11-05,2023-11-05
Land,land,Films,HN,Honduras,1,10,2023-11-05,2023-11-05
Land,land,Films,HU,Hungary,1,6,2023-06-18,2023-06-18
Land,land,Films,IS,Iceland,1,7,2023-08-06,2023-08-06
Land,land,Films,IL,Israel,1,7,2023-03-05,2023-03-05
Land,land,Films,IT,Italy,2,6,2024-08-18,2024-08-25
Land,land,Films,JM,Jamaica,1,8,2023-11-05,2023-11-05
Land,land,Films,LV,Latvia,1,3,2023-06-18,2023-06-18
Land,land,Films,LT,Lithuania,1,4,2023-06-18,2023-06-18
Land,land,Films,MT,Malta,1,4,2023-06-18,2023-06-18
Land,land,Films,MX,Mexico,1,6,2023-11-05,2023-11-05
Land,land,Films,MA,Morocco,1,10,2023-01-08,2023-01-08
Land,land,Films,NL,Netherlands,2,3,2025-02-23,2025-03-02
Land,land,Films,NO,Norway,3,4,2023-07-30,2023-08-13
Land,land,Films,PA,Panama,1,7,2023-11-05,2023-11-05
Land,land,Films,PY,Paraguay,1,7,2023-11-05,2023-11-05
Land,land,Films,PL,Poland,2,4,2023-09-10,2023-09-17
Land,land,Films,PT,Portugal,1,3,2023-11-19,2023-11-19
Land,land,Films,RO,Romania,2,4,2023-06-18,2023-06-25
Land,land,Films,RS,Serbia,1,5,2023-06-18,2023-06-18
Land,land,Films,SK,Slovakia,1,5,2023-06-18,2023-06-18
Land,land,Films,SI,Slovenia,1,4,2023-06-18,2023-06-18
Land,land,Films,ZA,South Africa,1,6,2023-08-20,2023-08-20
Land,land,Films,ES,Spain,2,6,2025-01-05,2025-01-12
Land,land,Films,SE,Sweden,1,6,2023-08-06,2023-08-06
Land,land,Films,TT,Trinidad and Tobago,1,7,2023-11-05,2023-11-05
Land,land,Films,TR,Turkey,1,9,2023-01-01,2023-01-01
Land,land,Films,UY,Uruguay,2,6,2023-11-05,2023-11-12
Land,land,Films,VE,Venezuela,1,6,2023-11-05,2023-11-05
Land Of Happiness,land-of-happiness,Films,KR,South Korea,2,4,2026-03-22,2026-03-29
Last Holiday,last-holiday,Films,AU,Australia,1,10,2022-11-13,2022-11-13
Last Holiday,last-holiday,Films,BH,Bahrain,1,3,2024-12-22,2024-12-22
Last Holiday,last-holiday,Films,BG,Bulgaria,1,6,2024-12-22,2024-12-22
Last Holiday,last-holiday,Films,CA,Canada,1,5,2024-12-22,2024-12-22
Last Holiday,last-holiday,Films,HR,Croatia,1,5,2024-12-22,2024-12-22
Last Holiday,last-holiday,Films,EG,Egypt,1,8,2024-12-22,2024-12-22
Last Holiday,last-holiday,Films,GR,Greece,1,8,2024-12-22,2024-12-22
Last Holiday,last-holiday,Films,GP,Guadeloupe,2,3,2022-11-06,2022-11-13
Last Holiday,last-holiday,Films,IS,Iceland,1,4,2024-12-22,2024-12-22
Last Holiday,last-holiday,Films,IE,Ireland,1,10,2022-11-13,2022-11-13
Last Holiday,last-holiday,Films,IL,Israel,1,5,2024-12-22,2024-12-22
Last Holiday,last-holiday,Films,JM,Jamaica,1,10,2024-12-22,2024-12-22
Last Holiday,last-holiday,Films,JO,Jordan,1,5,2024-12-22,2024-12-22
Last Holiday,last-holiday,Films,KE,Kenya,1,9,2024-12-22,2024-12-22
Last Holiday,last-holiday,Films,KW,Kuwait,2,3,2024-12-22,2024-12-29
Last Holiday,last-holiday,Films,LV,Latvia,2,4,2024-12-22,2024-12-29
Last Holiday,last-holiday,Films,LB,Lebanon,1,6,2024-12-22,2024-12-22
Last Holiday,last-holiday,Films,LT,Lithuania,2,3,2024-12-22,2024-12-29
Last Holiday,last-holiday,Films,MT,Malta,1,7,2024-12-22,2024-12-22
Last Holiday,last-holiday,Films,MQ,Martinique,2,3,2022-11-06,2022-11-13
Last Holiday,last-holiday,Films,MA,Morocco,1,5,2024-12-22,2024-12-22
Last Holiday,last-holiday,Films,NZ,New Zealand,1,10,2022-11-13,2022-11-13
Last Holiday,last-holiday,Films,OM,Oman,1,7,2024-12-22,2024-12-22
Last Holiday,last-holiday,Films,QA,Qatar,1,4,2024-12-22,2024-12-22
Last Holiday,last-holiday,Films,RE,Réunion,1,9,2022-11-06,2022-11-06
Last Holiday,last-holiday,Films,RO,Romania,1,9,2024-12-22,2024-12-22
Last Holiday,last-holiday,Films,SA,Saudi Arabia,1,6,2024-12-22,2024-12-22
Last Holiday,last-holiday,Films,RS,Serbia,1,6,2024-12-22,2024-12-22
Last Holiday,last-holiday,Films,SI,Slovenia,1,5,2024-12-22,2024-12-22
Last Holiday,last-holiday,Films,ZA,South Africa,2,9,2024-12-22,2024-12-29
Last Holiday,last-holiday,Films,CH,Switzerland,2,8,2022-11-06,2022-11-13
Last Holiday,last-holiday,Films,TT,Trinidad and Tobago,2,9,2022-08-14,2024-12-22
Last Holiday,last-holiday,Films,TR,Turkey,1,6,2024-12-22,2024-12-22
Last Holiday,last-holiday,Films,UA,Ukraine,1,7,2024-12-22,2024-12-22
Last Holiday,last-holiday,Films,AE,United Arab Emirates,1,4,2024-12-22,2024-12-22
Last Holiday,last-holiday,Films,GB,United Kingdom,1,7,2022-11-13,2022-11-13
Last Knights,last-knights,Films,AR,Argentina,2,4,2022-07-03,2022-07-10
Last Knights,last-knights,Films,BS,Bahamas,2,3,2022-07-03,2022-07-10
Last Knights,last-knights,Films,BO,Bolivia,1,7,2022-07-03,2022-07-03
Last Knights,last-knights,Films,CL,Chile,1,6,2022-07-03,2022-07-03
Last Knights,last-knights,Films,CO,Colombia,2,7,2022-07-03,2022-07-10
Last Knights,last-knights,Films,CR,Costa Rica,1,8,2022-07-03,2022-07-03
Last Knights,last-knights,Films,DO,Dominican Republic,2,4,2022-07-03,2022-07-10
Last Knights,last-knights,Films,EC,Ecuador,1,7,2022-07-03,2022-07-03
Last Knights,last-knights,Films,SV,El Salvador,1,7,2022-07-03,2022-07-03
Last Knights,last-knights,Films,GT,Guatemala,1,9,2022-07-03,2022-07-03
Last Knights,last-knights,Films,HN,Honduras,1,7,2022-07-03,2022-07-03
Last Knights,last-knights,Films,JM,Jamaica,2,4,2022-07-03,2022-07-10
Last Knights,last-knights,Films,MX,Mexico,1,7,2022-07-03,2022-07-03
Last Knights,last-knights,Films,NI,Nicaragua,1,6,2022-07-03,2022-07-03
Last Knights,last-knights,Films,PA,Panama,1,6,2022-07-03,2022-07-03
Last Knights,last-knights,Films,PY,Paraguay,1,6,2022-07-03,2022-07-03
Last Knights,last-knights,Films,PE,Peru,2,6,2022-07-03,2022-07-10
Last Knights,last-knights,Films,TT,Trinidad and Tobago,3,2,2022-07-03,2022-07-17
Last Knights,last-knights,Films,UY,Uruguay,1,5,2022-07-03,2022-07-03
Last Knights,last-knights,Films,VE,Venezuela,1,6,2022-07-03,2022-07-03
Last Summer,last-summer,TV,ID,Indonesia,3,4,2025-11-09,2025-11-23
Last Summer,last-summer,TV,MY,Malaysia,1,6,2025-11-09,2025-11-09
Last Summer,last-summer,TV,PH,Philippines,1,8,2025-11-09,2025-11-09
Last Summer,last-summer,TV,KR,South Korea,3,6,2024-07-28,2025-11-16
Last Summer,last-summer,TV,TR,Turkey,3,1,2021-07-11,2021-07-25
Last Summer,last-summer,TV,VN,Vietnam,1,7,2025-11-09,2025-11-09
Law School,law-school,TV,ID,Indonesia,2,9,2021-07-04,2021-07-11
Law School,law-school,TV,PH,Philippines,1,8,2021-07-04,2021-07-04
Lawless Lawyer,lawless-lawyer,TV,HK,Hong Kong,2,6,2021-08-01,2021-08-08
Lawless Lawyer,lawless-lawyer,TV,ID,Indonesia,2,4,2021-08-08,2021-08-15
Lawless Lawyer,lawless-lawyer,TV,JP,Japan,1,6,2021-08-29,2021-08-29
Lawless Lawyer,lawless-lawyer,TV,MY,Malaysia,5,1,2021-08-01,2021-08-29
Lawless Lawyer,lawless-lawyer,TV,NG,Nigeria,1,10,2021-08-08,2021-08-08
Lawless Lawyer,lawless-lawyer,TV,PH,Philippines,3,6,2021-08-01,2021-08-15
Lawless Lawyer,lawless-lawyer,TV,SG,Singapore,5,4,2021-08-01,2021-08-29
Lawless Lawyer,lawless-lawyer,TV,KR,South Korea,2,6,2021-08-01,2021-08-08
Lawless Lawyer,lawless-lawyer,TV,TW,Taiwan,2,6,2021-08-01,2021-08-08
Lawless Lawyer,lawless-lawyer,TV,TH,Thailand,4,4,2021-08-01,2021-08-22
Lawless Lawyer,lawless-lawyer,TV,VN,Vietnam,1,10,2021-08-15,2021-08-15
Liar,liar,TV,IE,Ireland,3,5,2022-05-01,2022-05-15
Liar,liar,TV,GB,United Kingdom,1,7,2022-05-08,2022-05-08
Lies Hidden in my Garden,lies-hidden-in-my-garden,TV,KR,South Korea,5,1,2023-06-25,2023-07-23
Life,life,Films,BS,Bahamas,2,4,2025-05-11,2025-05-18
Life,life,Films,HR,Croatia,1,10,2025-05-11,2025-05-11
Life,life,Films,CY,Cyprus,1,8,2025-05-11,2025-05-11
Life,life,Films,DK,Denmark,1,10,2025-05-11,2025-05-11
Life,life,Films,EE,Estonia,2,10,2025-05-11,2025-05-18
Life,life,Films,HK,Hong Kong,1,9,2023-04-09,2023-04-09
Life,life,Films,JM,Jamaica,1,8,2025-05-11,2025-05-11
Life,life,Films,LV,Latvia,1,10,2025-05-11,2025-05-11
Life,life,Films,NC,New Caledonia,1,10,2022-06-12,2022-06-12
Life,life,Films,TT,Trinidad and Tobago,1,9,2025-05-11,2025-05-11
Life,life,Films,US,United States,3,5,2021-12-05,2023-01-15
Life is Beautiful,life-is-beautiful,Films,KR,South Korea,3,2,2023-01-15,2023-01-29
Life Is Beautiful,life-is-beautiful,Films,IT,Italy,2,5,2023-01-29,2025-02-02
"Like Father, Like Son",like-father-like-son,Films,TW,Taiwan,1,7,2022-05-29,2022-05-29
Like Flowers in Sand,like-flowers-in-sand,TV,ID,Indonesia,1,9,2023-12-24,2023-12-24
Like Flowers in Sand,like-flowers-in-sand,TV,KR,South Korea,3,6,2023-12-24,2024-01-07
Little Women,little-women,Films,AR,Argentina,2,9,2023-02-26,2023-03-05
Little Women,little-women,Films,AU,Australia,2,8,2022-04-10,2022-04-17
Little Women,little-women,Films,AT,Austria,1,3,2022-01-02,2022-01-02
Little Women,little-women,Films,BH,Bahrain,4,4,2022-10-02,2022-10-23
Little Women,little-women,Films,BD,Bangladesh,9,2,2022-05-01,2022-10-30
Little Women,little-women,Films,BE,Belgium,2,7,2021-11-07,2021-12-19
Little Women,little-women,Films,BO,Bolivia,5,5,2022-10-23,2022-11-20
Little Women,little-women,Films,BR,Brazil,2,9,2022-10-23,2022-10-30
Little Women,little-women,Films,BG,Bulgaria,2,7,2021-10-10,2021-10-17
Little Women,little-women,Films,CL,Chile,2,7,2022-11-13,2023-03-05
Little Women,little-women,Films,CR,Costa Rica,2,6,2023-02-26,2023-03-05
Little Women,little-women,Films,HR,Croatia,2,5,2021-10-10,2021-10-17
Little Women,little-women,Films,CZ,Czech Republic,2,8,2021-10-10,2021-10-17
Little Women,little-women,Films,DK,Denmark,2,5,2022-03-13,2022-03-20
Little Women,little-women,Films,DO,Dominican Republic,4,8,2022-10-23,2022-11-13
Little Women,little-women,Films,EC,Ecuador,2,9,2022-10-30,2022-11-13
Little Women,little-women,Films,EG,Egypt,2,8,2022-10-09,2022-10-16
Little Women,little-women,Films,SV,El Salvador,6,5,2022-10-23,2023-03-05
Little Women,little-women,Films,EE,Estonia,1,6,2021-08-29,2021-08-29
Little Women,little-women,Films,FI,Finland,3,4,2022-03-13,2022-03-27
Little Women,little-women,Films,FR,France,2,4,2023-05-28,2023-06-04
Little Women,little-women,Films,DE,Germany,1,4,2022-01-02,2022-01-02
Little Women,little-women,Films,GR,Greece,1,9,2022-01-09,2022-01-09
Little Women,little-women,Films,GT,Guatemala,2,8,2022-11-13,2022-11-20
Little Women,little-women,Films,HN,Honduras,5,7,2022-10-23,2022-11-20
Little Women,little-women,Films,HK,Hong Kong,9,1,2022-09-11,2022-11-06
Little Women,little-women,Films,HU,Hungary,1,8,2022-04-03,2022-04-03
Little Women,little-women,Films,IS,Iceland,2,7,2022-05-22,2022-05-29
Little Women,little-women,Films,IN,India,3,5,2022-10-02,2022-10-16
Little Women,little-women,Films,ID,Indonesia,14,1,2022-09-04,2023-04-02
Little Women,little-women,Films,IE,Ireland,2,4,2021-11-28,2021-12-05
Little Women,little-women,Films,IT,Italy,1,7,2021-11-28,2021-11-28
Little Women,little-women,Films,JP,Japan,11,1,2022-09-11,2022-11-20
Little Women,little-women,Films,JO,Jordan,4,3,2022-10-02,2022-10-23
Little Women,little-women,Films,KW,Kuwait,5,4,2022-09-25,2022-10-23
Little Women,little-women,Films,LV,Latvia,1,4,2021-08-29,2021-08-29
Little Women,little-women,Films,LT,Lithuania,2,4,2021-08-29,2021-09-05
Little Women,little-women,Films,MY,Malaysia,12,1,2022-09-11,2023-04-02
Little Women,little-women,Films,MV,Maldives,7,2,2022-09-18,2022-10-30
Little Women,little-women,Films,MX,Mexico,5,7,2022-10-23,2022-11-20
Little Women,little-women,Films,MA,Morocco,8,6,2022-10-16,2022-12-04
Little Women,little-women,Films,NZ,New Zealand,1,9,2022-04-17,2022-04-17
Little Women,little-women,Films,NI,Nicaragua,5,7,2022-10-30,2023-03-05
Little Women,little-women,Films,NG,Nigeria,6,2,2022-09-25,2022-10-30
Little Women,little-women,Films,NO,Norway,2,4,2022-03-13,2022-03-20
Little Women,little-women,Films,OM,Oman,6,3,2022-09-18,2022-10-23
Little Women,little-women,Films,PK,Pakistan,3,7,2022-05-01,2022-10-16
Little Women,little-women,Films,PA,Panama,4,8,2022-10-23,2023-03-05
Little Women,little-women,Films,PY,Paraguay,3,10,2022-10-30,2023-02-26
Little Women,little-women,Films,PE,Peru,6,4,2022-10-23,2022-11-27
Little Women,little-women,Films,PH,Philippines,9,2,2022-09-11,2022-11-06
Little Women,little-women,Films,PL,Poland,2,8,2021-10-10,2021-10-17
Little Women,little-women,Films,PT,Portugal,2,5,2021-10-10,2021-10-17
Little Women,little-women,Films,QA,Qatar,6,3,2022-09-18,2022-10-23
Little Women,little-women,Films,RE,Réunion,1,7,2023-05-28,2023-05-28
Little Women,little-women,Films,RO,Romania,1,2,2022-04-03,2022-04-03
Little Women,little-women,Films,SA,Saudi Arabia,9,2,2022-09-11,2022-11-06
Little Women,little-women,Films,RS,Serbia,2,6,2021-10-10,2021-10-17
Little Women,little-women,Films,SG,Singapore,9,1,2022-09-11,2022-11-06
Little Women,little-women,Films,SK,Slovakia,2,6,2021-10-10,2021-10-17
Little Women,little-women,Films,SI,Slovenia,2,3,2021-10-10,2021-10-17
Little Women,little-women,Films,KR,South Korea,10,1,2022-09-11,2022-11-13
Little Women,little-women,Films,ES,Spain,3,4,2021-10-17,2021-10-31
Little Women,little-women,Films,LK,Sri Lanka,7,3,2022-09-18,2022-10-30
Little Women,little-women,Films,SE,Sweden,1,5,2022-03-20,2022-03-20
Little Women,little-women,Films,TW,Taiwan,10,1,2022-09-11,2022-11-13
Little Women,little-women,Films,TH,Thailand,7,2,2022-09-11,2022-10-23
Little Women,little-women,Films,AE,United Arab Emirates,5,3,2022-09-25,2022-10-23
Little Women,little-women,Films,GB,United Kingdom,1,7,2021-11-28,2021-11-28
Little Women,little-women,Films,UY,Uruguay,2,9,2023-02-26,2023-03-05
Little Women,little-women,Films,VE,Venezuela,1,10,2022-11-13,2022-11-13
Little Women,little-women,Films,VN,Vietnam,5,1,2022-09-11,2022-10-09
Live,live,Films,VN,Vietnam,5,3,2024-01-07,2024-02-04
Live Stream,live-stream,Films,KR,South Korea,2,2,2023-10-08,2023-10-15
Lobby,lobby,Films,KR,South Korea,3,2,2026-07-12,2026-07-26
Long Distance,long-distance,Films,CA,Canada,2,7,2026-06-14,2026-06-21
Lookism,lookism,TV,GP,Guadeloupe,1,10,2022-12-18,2022-12-18
Lookism,lookism,TV,ID,Indonesia,2,7,2022-12-11,2022-12-18
Lookism,lookism,TV,JM,Jamaica,2,9,2022-12-11,2022-12-18
Lookism,lookism,TV,MY,Malaysia,2,7,2022-12-11,2022-12-18
Lookism,lookism,TV,MQ,Martinique,2,10,2022-12-11,2022-12-18
Lookism,lookism,TV,MU,Mauritius,1,9,2022-12-18,2022-12-18
Lookism,lookism,TV,NC,New Caledonia,1,5,2022-12-18,2022-12-18
Lookism,lookism,TV,PH,Philippines,1,6,2022-12-18,2022-12-18
Lookism,lookism,TV,TH,Thailand,2,8,2022-12-11,2022-12-18
Lookism,lookism,TV,VN,Vietnam,1,8,2022-12-18,2022-12-18
Lost in Starlight,lost-in-starlight,Films,KR,South Korea,2,5,2025-06-01,2025-06-08
Lost in Starlight,lost-in-starlight,Films,TW,Taiwan,2,9,2025-06-01,2025-06-08
Love (ft. Marriage and Divorce),love-ft-marriage-and-divorce,TV,SV,El Salvador,1,10,2021-11-07,2021-11-07
Love (ft. Marriage and Divorce),love-ft-marriage-and-divorce,TV,HN,Honduras,1,10,2021-11-07,2021-11-07
Love (ft. Marriage and Divorce),love-ft-marriage-and-divorce,TV,HK,Hong Kong,6,6,2021-07-11,2022-05-01
Love (ft. Marriage and Divorce),love-ft-marriage-and-divorce,TV,ID,Indonesia,23,2,2021-07-04,2022-05-08
Love (ft. Marriage and Divorce),love-ft-marriage-and-divorce,TV,JP,Japan,15,3,2021-07-04,2022-05-08
Love (ft. Marriage and Divorce),love-ft-marriage-and-divorce,TV,MY,Malaysia,8,7,2021-07-11,2022-05-08
Love (ft. Marriage and Divorce),love-ft-marriage-and-divorce,TV,SG,Singapore,13,4,2021-07-04,2022-05-08
Love (ft. Marriage and Divorce),love-ft-marriage-and-divorce,TV,KR,South Korea,17,2,2021-07-04,2022-05-08
Love (ft. Marriage and Divorce),love-ft-marriage-and-divorce,TV,TW,Taiwan,4,4,2021-07-18,2021-08-15
Love (ft. Marriage and Divorce),love-ft-marriage-and-divorce,TV,VN,Vietnam,1,8,2022-05-01,2022-05-01
Love and Leashes,love-and-leashes,Films,BD,Bangladesh,2,8,2022-02-13,2022-02-20
Love and Leashes,love-and-leashes,Films,GP,Guadeloupe,1,9,2022-02-20,2022-02-20
Love and Leashes,love-and-leashes,Films,HK,Hong Kong,3,2,2022-02-13,2022-02-27
Love and Leashes,love-and-leashes,Films,ID,Indonesia,3,1,2022-02-13,2022-02-27
Love and Leashes,love-and-leashes,Films,JP,Japan,2,1,2022-02-13,2022-02-20
Love and Leashes,love-and-leashes,Films,MY,Malaysia,2,4,2022-02-13,2022-02-20
Love and Leashes,love-and-leashes,Films,MV,Maldives,2,6,2022-02-13,2022-02-20
Love and Leashes,love-and-leashes,Films,MQ,Martinique,1,9,2022-02-20,2022-02-20
Love and Leashes,love-and-leashes,Films,MU,Mauritius,1,10,2022-02-20,2022-02-20
Love and Leashes,love-and-leashes,Films,MA,Morocco,1,8,2022-02-20,2022-02-20
Love and Leashes,love-and-leashes,Films,NI,Nicaragua,1,10,2022-02-13,2022-02-13
Love and Leashes,love-and-leashes,Films,NG,Nigeria,1,8,2022-02-20,2022-02-20
Love and Leashes,love-and-leashes,Films,PH,Philippines,2,6,2022-02-13,2022-02-20
Love and Leashes,love-and-leashes,Films,SG,Singapore,2,3,2022-02-13,2022-02-20
Love and Leashes,love-and-leashes,Films,KR,South Korea,4,1,2022-02-13,2022-03-06
Love and Leashes,love-and-leashes,Films,TW,Taiwan,3,1,2022-02-13,2022-02-27
Love and Leashes,love-and-leashes,Films,TH,Thailand,2,2,2022-02-13,2022-02-20
Love and Leashes,love-and-leashes,Films,VN,Vietnam,2,2,2022-02-13,2022-02-20
Love Child,love-child,Films,PH,Philippines,2,5,2025-01-05,2025-01-12
Love in Contract,love-in-contract,TV,KR,South Korea,1,9,2024-11-17,2024-11-17
Love in the Big City,love-in-the-big-city,Films,KR,South Korea,9,1,2025-02-16,2025-09-21
Love in the Big City,love-in-the-big-city,Films,TH,Thailand,2,3,2025-08-31,2025-09-07
Love in the Moonlight,love-in-the-moonlight,TV,HK,Hong Kong,2,6,2022-07-24,2022-07-31
Love is for Suckers,love-is-for-suckers,TV,KR,South Korea,1,6,2022-12-11,2022-12-11
Love Letter,love-letter,Films,JP,Japan,1,5,2024-12-15,2024-12-15
Love Letter,love-letter,Films,TW,Taiwan,1,4,2024-12-15,2024-12-15
Love me,love-me,TV,NO,Norway,3,4,2024-02-11,2024-02-18
Love me,love-me,TV,SE,Sweden,8,2,2024-02-11,2024-03-03
Love Me,love-me,TV,KR,South Korea,5,7,2025-12-21,2026-01-18
Love Next Door,love-next-door,TV,AR,Argentina,2,6,2024-09-08,2024-09-15
Love Next Door,love-next-door,TV,BH,Bahrain,5,4,2024-08-25,2024-09-22
Love Next Door,love-next-door,TV,BD,Bangladesh,10,2,2024-08-18,2024-10-20
Love Next Door,love-next-door,TV,BO,Bolivia,10,1,2024-09-01,2024-11-03
Love Next Door,love-next-door,TV,BR,Brazil,9,3,2024-09-01,2024-10-27
Love Next Door,love-next-door,TV,CL,Chile,8,4,2024-09-01,2024-10-20
Love Next Door,love-next-door,TV,CO,Colombia,9,4,2024-09-01,2024-10-27
Love Next Door,love-next-door,TV,CR,Costa Rica,8,4,2024-09-01,2024-10-20
Love Next Door,love-next-door,TV,DO,Dominican Republic,7,4,2024-09-01,2024-10-20
Love Next Door,love-next-door,TV,EC,Ecuador,9,3,2024-09-01,2024-10-27
Love Next Door,love-next-door,TV,EG,Egypt,5,3,2024-08-25,2024-09-22
Love Next Door,love-next-door,TV,SV,El Salvador,9,2,2024-09-01,2024-10-27
Love Next Door,love-next-door,TV,GR,Greece,2,8,2024-08-25,2024-09-01
Love Next Door,love-next-door,TV,GT,Guatemala,9,3,2024-09-01,2024-10-27
Love Next Door,love-next-door,TV,HN,Honduras,10,2,2024-09-01,2024-11-03
Love Next Door,love-next-door,TV,HK,Hong Kong,10,1,2024-08-18,2024-10-20
Love Next Door,love-next-door,TV,IN,India,9,3,2024-08-18,2024-10-13
Love Next Door,love-next-door,TV,ID,Indonesia,12,1,2024-08-18,2024-11-10
Love Next Door,love-next-door,TV,IL,Israel,1,10,2024-08-25,2024-08-25
Love Next Door,love-next-door,TV,JP,Japan,7,2,2024-08-25,2024-10-06
Love Next Door,love-next-door,TV,JO,Jordan,5,3,2024-08-25,2024-09-22
Love Next Door,love-next-door,TV,KE,Kenya,1,10,2024-08-25,2024-08-25
Love Next Door,love-next-door,TV,KW,Kuwait,6,3,2024-08-18,2024-09-22
Love Next Door,love-next-door,TV,LB,Lebanon,2,6,2024-08-25,2024-09-01
Love Next Door,love-next-door,TV,MY,Malaysia,9,1,2024-08-18,2024-10-13
Love Next Door,love-next-door,TV,MV,Maldives,9,2,2024-08-18,2024-10-13
Love Next Door,love-next-door,TV,MU,Mauritius,1,8,2024-08-25,2024-08-25
Love Next Door,love-next-door,TV,MX,Mexico,8,5,2024-09-01,2024-10-20
Love Next Door,love-next-door,TV,MA,Morocco,7,2,2024-08-25,2024-10-06
Love Next Door,love-next-door,TV,NC,New Caledonia,1,8,2024-08-25,2024-08-25
Love Next Door,love-next-door,TV,NZ,New Zealand,1,8,2024-08-25,2024-08-25
Love Next Door,love-next-door,TV,NI,Nicaragua,10,2,2024-09-01,2024-11-03
Love Next Door,love-next-door,TV,NG,Nigeria,8,2,2024-08-18,2024-10-06
Love Next Door,love-next-door,TV,OM,Oman,8,2,2024-08-25,2024-10-13
Love Next Door,love-next-door,TV,PK,Pakistan,8,3,2024-08-25,2024-10-13
Love Next Door,love-next-door,TV,PA,Panama,8,4,2024-09-01,2024-10-20
Love Next Door,love-next-door,TV,PY,Paraguay,8,4,2024-09-01,2024-10-20
Love Next Door,love-next-door,TV,PE,Peru,9,1,2024-09-01,2024-10-27
Love Next Door,love-next-door,TV,PH,Philippines,11,1,2024-08-18,2024-10-27
Love Next Door,love-next-door,TV,PT,Portugal,2,7,2024-08-25,2024-09-08
Love Next Door,love-next-door,TV,QA,Qatar,8,2,2024-08-18,2024-10-06
Love Next Door,love-next-door,TV,RE,Réunion,1,9,2024-08-25,2024-08-25
Love Next Door,love-next-door,TV,RO,Romania,2,7,2024-08-25,2024-09-01
Love Next Door,love-next-door,TV,SA,Saudi Arabia,8,1,2024-08-18,2024-10-06
Love Next Door,love-next-door,TV,SG,Singapore,10,1,2024-08-18,2024-10-20
Love Next Door,love-next-door,TV,KR,South Korea,9,2,2024-08-18,2024-10-13
Love Next Door,love-next-door,TV,LK,Sri Lanka,9,2,2024-08-18,2024-10-13
Love Next Door,love-next-door,TV,TW,Taiwan,10,2,2024-08-18,2024-10-20
Love Next Door,love-next-door,TV,TH,Thailand,9,2,2024-08-18,2024-10-13
Love Next Door,love-next-door,TV,TR,Turkey,1,9,2024-08-25,2024-08-25
Love Next Door,love-next-door,TV,AE,United Arab Emirates,7,3,2024-08-18,2024-10-06
Love Next Door,love-next-door,TV,VE,Venezuela,9,4,2024-09-01,2024-10-27
Love Next Door,love-next-door,TV,VN,Vietnam,12,1,2024-08-18,2024-11-03
Love Reset,love-reset,Films,TH,Thailand,3,1,2024-07-07,2024-07-21
Love Scout,love-scout,TV,HK,Hong Kong,6,2,2025-01-12,2025-02-16
Love Scout,love-scout,TV,ID,Indonesia,8,3,2025-01-05,2025-02-23
Love Scout,love-scout,TV,JP,Japan,2,4,2026-03-08,2026-03-15
Love Scout,love-scout,TV,MY,Malaysia,6,4,2025-01-12,2025-02-16
Love Scout,love-scout,TV,PH,Philippines,5,6,2025-01-12,2025-02-16
Love Scout,love-scout,TV,SG,Singapore,7,2,2025-01-05,2025-02-16
Love Scout,love-scout,TV,KR,South Korea,8,2,2025-01-05,2025-02-23
Love Scout,love-scout,TV,TH,Thailand,5,4,2025-01-05,2025-02-02
Love Scout,love-scout,TV,VN,Vietnam,7,3,2025-01-05,2025-02-16
Love Song,love-song,Films,DK,Denmark,1,8,2021-10-31,2021-10-31
Love Song,love-song,Films,NO,Norway,1,10,2021-10-31,2021-10-31
Love to Hate You,love-to-hate-you,TV,BH,Bahrain,1,6,2023-02-19,2023-02-19
Love to Hate You,love-to-hate-you,TV,BD,Bangladesh,2,6,2023-02-19,2023-02-26
Love to Hate You,love-to-hate-you,TV,BO,Bolivia,1,6,2023-02-19,2023-02-19
Love to Hate You,love-to-hate-you,TV,BR,Brazil,2,5,2023-02-12,2023-02-19
Love to Hate You,love-to-hate-you,TV,CL,Chile,1,10,2023-02-19,2023-02-19
Love to Hate You,love-to-hate-you,TV,CO,Colombia,1,9,2023-02-19,2023-02-19
Love to Hate You,love-to-hate-you,TV,DO,Dominican Republic,1,5,2023-02-19,2023-02-19
Love to Hate You,love-to-hate-you,TV,EG,Egypt,1,9,2023-02-19,2023-02-19
Love to Hate You,love-to-hate-you,TV,SV,El Salvador,1,9,2023-02-19,2023-02-19
Love to Hate You,love-to-hate-you,TV,GR,Greece,1,6,2023-02-19,2023-02-19
Love to Hate You,love-to-hate-you,TV,GP,Guadeloupe,1,5,2023-02-19,2023-02-19
Love to Hate You,love-to-hate-you,TV,HN,Honduras,1,8,2023-02-19,2023-02-19
Love to Hate You,love-to-hate-you,TV,HK,Hong Kong,3,5,2023-02-19,2023-03-05
Love to Hate You,love-to-hate-you,TV,HU,Hungary,1,10,2023-02-19,2023-02-19
Love to Hate You,love-to-hate-you,TV,IN,India,1,6,2023-02-19,2023-02-19
Love to Hate You,love-to-hate-you,TV,ID,Indonesia,4,3,2023-02-12,2023-03-05
Love to Hate You,love-to-hate-you,TV,IL,Israel,1,10,2023-02-19,2023-02-19
Love to Hate You,love-to-hate-you,TV,JM,Jamaica,2,5,2023-02-12,2023-02-19
Love to Hate You,love-to-hate-you,TV,JP,Japan,4,1,2023-02-12,2023-03-05
Love to Hate You,love-to-hate-you,TV,JO,Jordan,1,7,2023-02-19,2023-02-19
Love to Hate You,love-to-hate-you,TV,KE,Kenya,1,4,2023-02-19,2023-02-19
Love to Hate You,love-to-hate-you,TV,KW,Kuwait,1,6,2023-02-19,2023-02-19
Love to Hate You,love-to-hate-you,TV,MY,Malaysia,4,4,2023-02-12,2023-03-05
Love to Hate You,love-to-hate-you,TV,MV,Maldives,2,3,2023-02-19,2023-02-26
Love to Hate You,love-to-hate-you,TV,MQ,Martinique,2,4,2023-02-12,2023-02-19
Love to Hate You,love-to-hate-you,TV,MU,Mauritius,1,6,2023-02-19,2023-02-19
Love to Hate You,love-to-hate-you,TV,MX,Mexico,1,9,2023-02-19,2023-02-19
Love to Hate You,love-to-hate-you,TV,MA,Morocco,1,4,2023-02-19,2023-02-19
Love to Hate You,love-to-hate-you,TV,NC,New Caledonia,1,6,2023-02-19,2023-02-19
Love to Hate You,love-to-hate-you,TV,NI,Nicaragua,1,8,2023-02-19,2023-02-19
Love to Hate You,love-to-hate-you,TV,NG,Nigeria,3,2,2023-02-19,2023-03-05
Love to Hate You,love-to-hate-you,TV,OM,Oman,1,6,2023-02-19,2023-02-19
Love to Hate You,love-to-hate-you,TV,PK,Pakistan,1,8,2023-02-19,2023-02-19
Love to Hate You,love-to-hate-you,TV,PA,Panama,1,8,2023-02-19,2023-02-19
Love to Hate You,love-to-hate-you,TV,PY,Paraguay,1,8,2023-02-19,2023-02-19
Love to Hate You,love-to-hate-you,TV,PE,Peru,1,6,2023-02-19,2023-02-19
Love to Hate You,love-to-hate-you,TV,PH,Philippines,4,3,2023-02-12,2023-03-05
Love to Hate You,love-to-hate-you,TV,PT,Portugal,1,8,2023-02-19,2023-02-19
Love to Hate You,love-to-hate-you,TV,QA,Qatar,2,6,2023-02-19,2023-02-26
Love to Hate You,love-to-hate-you,TV,RE,Réunion,1,5,2023-02-19,2023-02-19
Love to Hate You,love-to-hate-you,TV,RO,Romania,2,4,2023-02-12,2023-02-19
Love to Hate You,love-to-hate-you,TV,SA,Saudi Arabia,1,5,2023-02-19,2023-02-19
Love to Hate You,love-to-hate-you,TV,SG,Singapore,4,5,2023-02-12,2023-03-05
Love to Hate You,love-to-hate-you,TV,KR,South Korea,5,4,2023-02-19,2023-03-19
Love to Hate You,love-to-hate-you,TV,LK,Sri Lanka,1,4,2023-02-19,2023-02-19
Love to Hate You,love-to-hate-you,TV,TW,Taiwan,3,6,2023-02-19,2023-03-05
Love to Hate You,love-to-hate-you,TV,TH,Thailand,4,1,2023-02-12,2023-03-05
Love to Hate You,love-to-hate-you,TV,TT,Trinidad and Tobago,1,5,2023-02-19,2023-02-19
Love to Hate You,love-to-hate-you,TV,TR,Turkey,1,5,2023-02-19,2023-02-19
Love to Hate You,love-to-hate-you,TV,AE,United Arab Emirates,1,7,2023-02-19,2023-02-19
Love to Hate You,love-to-hate-you,TV,VN,Vietnam,3,5,2023-02-19,2023-03-05
Love Untangled,love-untangled,Films,AR,Argentina,2,8,2025-08-31,2025-09-07
Love Untangled,love-untangled,Films,BH,Bahrain,1,6,2025-09-07,2025-09-07
Love Untangled,love-untangled,Films,BD,Bangladesh,1,7,2025-09-07,2025-09-07
Love Untangled,love-untangled,Films,BO,Bolivia,3,2,2025-08-31,2025-09-14
Love Untangled,love-untangled,Films,BR,Brazil,2,4,2025-08-31,2025-09-07
Love Untangled,love-untangled,Films,CL,Chile,3,3,2025-08-31,2025-09-14
Love Untangled,love-untangled,Films,CO,Colombia,3,5,2025-08-31,2025-09-14
Love Untangled,love-untangled,Films,CR,Costa Rica,2,5,2025-08-31,2025-09-07
Love Untangled,love-untangled,Films,CZ,Czech Republic,1,10,2025-09-07,2025-09-07
Love Untangled,love-untangled,Films,DO,Dominican Republic,3,3,2025-08-31,2025-09-14
Love Untangled,love-untangled,Films,EC,Ecuador,3,2,2025-08-31,2025-09-14
Love Untangled,love-untangled,Films,EG,Egypt,1,7,2025-09-07,2025-09-07
Love Untangled,love-untangled,Films,SV,El Salvador,3,2,2025-08-31,2025-09-14
Love Untangled,love-untangled,Films,DE,Germany,1,10,2025-09-07,2025-09-07
Love Untangled,love-untangled,Films,GP,Guadeloupe,1,10,2025-09-07,2025-09-07
Love Untangled,love-untangled,Films,GT,Guatemala,3,2,2025-08-31,2025-09-14
Love Untangled,love-untangled,Films,HN,Honduras,4,1,2025-08-31,2025-09-21
Love Untangled,love-untangled,Films,HK,Hong Kong,4,4,2025-08-31,2025-09-21
Love Untangled,love-untangled,Films,HU,Hungary,1,6,2025-09-07,2025-09-07
Love Untangled,love-untangled,Films,IN,India,1,8,2025-09-07,2025-09-07
Love Untangled,love-untangled,Films,ID,Indonesia,4,2,2025-08-31,2025-09-21
Love Untangled,love-untangled,Films,IL,Israel,1,9,2025-09-07,2025-09-07
Love Untangled,love-untangled,Films,IT,Italy,1,10,2025-09-07,2025-09-07
Love Untangled,love-untangled,Films,JM,Jamaica,1,7,2025-09-07,2025-09-07
Love Untangled,love-untangled,Films,JP,Japan,3,3,2025-08-31,2025-09-14
Love Untangled,love-untangled,Films,JO,Jordan,1,6,2025-09-07,2025-09-07
Love Untangled,love-untangled,Films,KE,Kenya,1,8,2025-09-07,2025-09-07
Love Untangled,love-untangled,Films,KW,Kuwait,1,5,2025-09-07,2025-09-07
Love Untangled,love-untangled,Films,LB,Lebanon,1,9,2025-09-07,2025-09-07
Love Untangled,love-untangled,Films,LT,Lithuania,1,10,2025-09-07,2025-09-07
Love Untangled,love-untangled,Films,MY,Malaysia,3,2,2025-08-31,2025-09-14
Love Untangled,love-untangled,Films,MV,Maldives,1,8,2025-09-07,2025-09-07
Love Untangled,love-untangled,Films,MQ,Martinique,1,10,2025-09-07,2025-09-07
Love Untangled,love-untangled,Films,MX,Mexico,2,5,2025-08-31,2025-09-07
Love Untangled,love-untangled,Films,MA,Morocco,3,6,2025-08-31,2025-09-14
Love Untangled,love-untangled,Films,NC,New Caledonia,1,9,2025-09-07,2025-09-07
Love Untangled,love-untangled,Films,NI,Nicaragua,4,1,2025-08-31,2025-09-21
Love Untangled,love-untangled,Films,NG,Nigeria,1,6,2025-09-07,2025-09-07
Love Untangled,love-untangled,Films,OM,Oman,1,5,2025-09-07,2025-09-07
Love Untangled,love-untangled,Films,PK,Pakistan,1,7,2025-09-07,2025-09-07
Love Untangled,love-untangled,Films,PA,Panama,3,5,2025-08-31,2025-09-14
Love Untangled,love-untangled,Films,PY,Paraguay,3,5,2025-08-31,2025-09-14
Love Untangled,love-untangled,Films,PE,Peru,4,2,2025-08-31,2025-09-21
Love Untangled,love-untangled,Films,PH,Philippines,3,1,2025-08-31,2025-09-14
Love Untangled,love-untangled,Films,PT,Portugal,1,6,2025-09-07,2025-09-07
Love Untangled,love-untangled,Films,QA,Qatar,1,6,2025-09-07,2025-09-07
Love Untangled,love-untangled,Films,RE,Réunion,1,9,2025-09-07,2025-09-07
Love Untangled,love-untangled,Films,RO,Romania,1,10,2025-09-07,2025-09-07
Love Untangled,love-untangled,Films,SA,Saudi Arabia,3,3,2025-08-31,2025-09-14
Love Untangled,love-untangled,Films,SG,Singapore,2,4,2025-08-31,2025-09-07
Love Untangled,love-untangled,Films,SK,Slovakia,1,10,2025-09-07,2025-09-07
Love Untangled,love-untangled,Films,KR,South Korea,7,1,2025-08-31,2025-10-12
Love Untangled,love-untangled,Films,ES,Spain,1,8,2025-09-07,2025-09-07
Love Untangled,love-untangled,Films,LK,Sri Lanka,2,9,2025-08-31,2025-09-07
Love Untangled,love-untangled,Films,TW,Taiwan,3,2,2025-08-31,2025-09-14
Love Untangled,love-untangled,Films,TH,Thailand,5,2,2025-08-31,2025-10-05
Love Untangled,love-untangled,Films,TR,Turkey,3,5,2025-08-31,2025-09-14
Love Untangled,love-untangled,Films,AE,United Arab Emirates,1,9,2025-09-07,2025-09-07
Love Untangled,love-untangled,Films,UY,Uruguay,1,8,2025-09-07,2025-09-07
Love Untangled,love-untangled,Films,VE,Venezuela,3,4,2025-08-31,2025-09-14
Love Untangled,love-untangled,Films,VN,Vietnam,4,2,2025-08-31,2025-09-21
Lovely Runner,lovely-runner,TV,BD,Bangladesh,3,4,2024-08-04,2024-08-18
Lovely Runner,lovely-runner,TV,IN,India,3,4,2024-08-04,2024-08-18
Lovely Runner,lovely-runner,TV,ID,Indonesia,7,1,2024-08-04,2024-09-15
Lovely Runner,lovely-runner,TV,MY,Malaysia,6,1,2024-08-04,2024-09-08
Lovely Runner,lovely-runner,TV,MV,Maldives,4,3,2024-08-04,2024-08-25
Lovely Runner,lovely-runner,TV,PK,Pakistan,1,7,2024-08-11,2024-08-11
Lovely Runner,lovely-runner,TV,PH,Philippines,4,3,2024-08-04,2024-08-25
Lovely Runner,lovely-runner,TV,SG,Singapore,4,5,2024-08-04,2024-08-25
Lovely Runner,lovely-runner,TV,KR,South Korea,3,5,2026-06-07,2026-06-21
Lovely Runner,lovely-runner,TV,LK,Sri Lanka,4,3,2024-08-04,2024-08-25
Lovely Runner,lovely-runner,TV,TW,Taiwan,2,7,2026-06-07,2026-06-14
Lovely Runner,lovely-runner,TV,TH,Thailand,3,5,2024-08-11,2024-08-25
Lovely Runner,lovely-runner,TV,VN,Vietnam,7,1,2024-08-04,2024-09-15
Lucid Dream,lucid-dream,Films,KR,South Korea,2,6,2022-04-17,2022-04-24
Luck-Key,luck-key,Films,MY,Malaysia,1,9,2021-08-29,2021-08-29
Mad for Each Other,mad-for-each-other,TV,KR,South Korea,3,5,2021-07-04,2022-01-30
Madam,madam,TV,AU,Australia,2,5,2025-10-05,2025-10-12
Madam,madam,TV,NZ,New Zealand,2,4,2025-10-05,2025-10-12
Made in Korea,made-in-korea,Films,AR,Argentina,1,6,2026-03-22,2026-03-22
Made in Korea,made-in-korea,Films,BH,Bahrain,3,1,2026-03-15,2026-03-29
Made in Korea,made-in-korea,Films,BD,Bangladesh,3,1,2026-03-15,2026-03-29
Made in Korea,made-in-korea,Films,BO,Bolivia,1,4,2026-03-22,2026-03-22
Made in Korea,made-in-korea,Films,BR,Brazil,1,7,2026-03-22,2026-03-22
Made in Korea,made-in-korea,Films,CL,Chile,1,4,2026-03-22,2026-03-22
Made in Korea,made-in-korea,Films,CO,Colombia,1,6,2026-03-22,2026-03-22
Made in Korea,made-in-korea,Films,CR,Costa Rica,1,4,2026-03-22,2026-03-22
Made in Korea,made-in-korea,Films,DO,Dominican Republic,2,5,2026-03-22,2026-03-29
Made in Korea,made-in-korea,Films,EC,Ecuador,1,4,2026-03-22,2026-03-22
Made in Korea,made-in-korea,Films,SV,El Salvador,1,6,2026-03-22,2026-03-22
Made in Korea,made-in-korea,Films,GP,Guadeloupe,1,6,2026-03-22,2026-03-22
Made in Korea,made-in-korea,Films,GT,Guatemala,2,4,2026-03-22,2026-03-29
Made in Korea,made-in-korea,Films,HN,Honduras,2,3,2026-03-22,2026-03-29
Made in Korea,made-in-korea,Films,HK,Hong Kong,3,4,2026-03-15,2026-03-29
Made in Korea,made-in-korea,Films,IN,India,5,1,2026-03-15,2026-05-24
Made in Korea,made-in-korea,Films,ID,Indonesia,1,9,2026-03-22,2026-03-22
Made in Korea,made-in-korea,Films,JO,Jordan,1,9,2026-03-22,2026-03-22
Made in Korea,made-in-korea,Films,KE,Kenya,3,5,2026-03-15,2026-03-29
Made in Korea,made-in-korea,Films,KW,Kuwait,3,2,2026-03-15,2026-03-29
Made in Korea,made-in-korea,Films,MY,Malaysia,2,4,2026-03-15,2026-03-22
Made in Korea,made-in-korea,Films,MV,Maldives,3,1,2026-03-15,2026-03-29
Made in Korea,made-in-korea,Films,MQ,Martinique,1,6,2026-03-22,2026-03-22
Made in Korea,made-in-korea,Films,MU,Mauritius,3,2,2026-03-15,2026-03-29
Made in Korea,made-in-korea,Films,MX,Mexico,1,8,2026-03-22,2026-03-22
Made in Korea,made-in-korea,Films,MA,Morocco,2,3,2026-03-22,2026-03-29
Made in Korea,made-in-korea,Films,NC,New Caledonia,1,6,2026-03-22,2026-03-22
Made in Korea,made-in-korea,Films,NZ,New Zealand,1,8,2026-03-22,2026-03-22
Made in Korea,made-in-korea,Films,NI,Nicaragua,1,4,2026-03-22,2026-03-22
Made in Korea,made-in-korea,Films,NG,Nigeria,3,3,2026-03-15,2026-03-29
Made in Korea,made-in-korea,Films,OM,Oman,4,1,2026-03-15,2026-04-05
Made in Korea,made-in-korea,Films,PK,Pakistan,3,5,2026-03-15,2026-03-29
Made in Korea,made-in-korea,Films,PA,Panama,3,3,2026-03-15,2026-03-29
Made in Korea,made-in-korea,Films,PY,Paraguay,1,4,2026-03-22,2026-03-22
Made in Korea,made-in-korea,Films,PE,Peru,3,2,2026-03-15,2026-03-29
Made in Korea,made-in-korea,Films,PH,Philippines,1,4,2026-03-22,2026-03-22
Made in Korea,made-in-korea,Films,PL,Poland,1,8,2026-03-22,2026-03-22
Made in Korea,made-in-korea,Films,PT,Portugal,1,6,2026-03-22,2026-03-22
Made in Korea,made-in-korea,Films,QA,Qatar,3,2,2026-03-15,2026-03-29
Made in Korea,made-in-korea,Films,RE,Réunion,3,5,2026-03-15,2026-03-29
Made in Korea,made-in-korea,Films,RO,Romania,2,7,2026-03-15,2026-03-22
Made in Korea,made-in-korea,Films,SA,Saudi Arabia,3,4,2026-03-15,2026-03-29
Made in Korea,made-in-korea,Films,SG,Singapore,3,2,2026-03-15,2026-03-29
Made in Korea,made-in-korea,Films,ZA,South Africa,2,6,2026-03-22,2026-03-29
Made in Korea,made-in-korea,Films,KR,South Korea,1,8,2026-03-22,2026-03-22
Made in Korea,made-in-korea,Films,ES,Spain,1,7,2026-03-22,2026-03-22
Made in Korea,made-in-korea,Films,LK,Sri Lanka,4,1,2026-03-15,2026-04-05
Made in Korea,made-in-korea,Films,TW,Taiwan,3,3,2026-03-15,2026-03-29
Made in Korea,made-in-korea,Films,TH,Thailand,2,6,2026-03-15,2026-03-22
Made in Korea,made-in-korea,Films,TT,Trinidad and Tobago,1,7,2026-03-22,2026-03-22
Made in Korea,made-in-korea,Films,AE,United Arab Emirates,3,1,2026-03-15,2026-03-29
Made in Korea,made-in-korea,Films,UY,Uruguay,1,7,2026-03-22,2026-03-22
Made in Korea,made-in-korea,Films,VE,Venezuela,2,3,2026-03-15,2026-03-22
Made in Korea,made-in-korea,Films,VN,Vietnam,1,9,2026-03-22,2026-03-22
Mama,mama,Films,FI,Finland,1,10,2026-02-08,2026-02-08
Mama,mama,Films,HK,Hong Kong,1,8,2024-06-09,2024-06-09
Mama,mama,Films,ID,Indonesia,1,6,2024-06-09,2024-06-09
Mama,mama,Films,MY,Malaysia,1,7,2024-06-09,2024-06-09
Mama,mama,Films,NZ,New Zealand,1,10,2026-02-08,2026-02-08
Mama,mama,Films,PH,Philippines,1,5,2024-06-09,2024-06-09
Mama,mama,Films,SG,Singapore,2,8,2024-06-02,2024-06-09
Mama,mama,Films,LK,Sri Lanka,1,8,2024-06-09,2024-06-09
Mama,mama,Films,TW,Taiwan,1,10,2024-06-09,2024-06-09
Mama,mama,Films,TH,Thailand,1,6,2024-06-09,2024-06-09
Mama,mama,Films,TR,Turkey,2,4,2026-02-01,2026-02-08
Mama,mama,Films,GB,United Kingdom,1,8,2026-02-01,2026-02-01
Mama,mama,Films,VN,Vietnam,1,10,2024-06-09,2024-06-09
Man in Love,man-in-love,Films,HK,Hong Kong,1,5,2022-09-25,2022-09-25
Man in Love,man-in-love,Films,ID,Indonesia,3,5,2021-08-29,2023-10-08
Man in Love,man-in-love,Films,MY,Malaysia,1,6,2023-09-17,2023-09-17
Man in Love,man-in-love,Films,PH,Philippines,1,10,2024-04-07,2024-04-07
Man in Love,man-in-love,Films,SG,Singapore,1,9,2021-08-29,2021-08-29
Man in Love,man-in-love,Films,KR,South Korea,1,8,2023-04-23,2023-04-23
Man in Love,man-in-love,Films,TW,Taiwan,22,1,2021-08-22,2025-12-07
Man of Men,man-of-men,Films,KR,South Korea,1,10,2022-04-24,2022-04-24
Mantis,mantis,Films,BS,Bahamas,2,8,2025-09-28,2025-10-05
Mantis,mantis,Films,BH,Bahrain,2,5,2025-09-28,2025-10-05
Mantis,mantis,Films,BD,Bangladesh,2,5,2025-09-28,2025-10-05
Mantis,mantis,Films,BO,Bolivia,1,10,2025-10-05,2025-10-05
Mantis,mantis,Films,BR,Brazil,1,8,2025-10-05,2025-10-05
Mantis,mantis,Films,BG,Bulgaria,1,7,2025-10-05,2025-10-05
Mantis,mantis,Films,CL,Chile,1,10,2025-10-05,2025-10-05
Mantis,mantis,Films,CO,Colombia,2,8,2025-09-28,2025-10-05
Mantis,mantis,Films,CZ,Czech Republic,2,8,2025-09-28,2025-10-05
Mantis,mantis,Films,DO,Dominican Republic,2,3,2025-09-28,2025-10-05
Mantis,mantis,Films,EG,Egypt,1,7,2025-10-05,2025-10-05
Mantis,mantis,Films,FR,France,1,8,2025-10-05,2025-10-05
Mantis,mantis,Films,DE,Germany,1,10,2025-09-28,2025-09-28
Mantis,mantis,Films,GR,Greece,1,7,2025-10-05,2025-10-05
Mantis,mantis,Films,GP,Guadeloupe,2,4,2025-09-28,2025-10-05
Mantis,mantis,Films,HN,Honduras,1,9,2025-10-05,2025-10-05
Mantis,mantis,Films,HK,Hong Kong,3,2,2025-09-28,2025-10-12
Mantis,mantis,Films,HU,Hungary,2,7,2025-09-28,2025-10-05
Mantis,mantis,Films,IN,India,1,8,2025-10-05,2025-10-05
Mantis,mantis,Films,ID,Indonesia,2,3,2025-09-28,2025-10-05
Mantis,mantis,Films,JM,Jamaica,2,6,2025-09-28,2025-10-05
Mantis,mantis,Films,JP,Japan,4,1,2025-09-28,2025-10-19
Mantis,mantis,Films,JO,Jordan,1,4,2025-10-05,2025-10-05
Mantis,mantis,Films,KE,Kenya,2,4,2025-09-28,2025-10-05
Mantis,mantis,Films,KW,Kuwait,2,4,2025-09-28,2025-10-05
Mantis,mantis,Films,LB,Lebanon,1,10,2025-10-05,2025-10-05
Mantis,mantis,Films,LU,Luxembourg,1,7,2025-10-05,2025-10-05
Mantis,mantis,Films,MY,Malaysia,2,4,2025-09-28,2025-10-05
Mantis,mantis,Films,MV,Maldives,2,5,2025-09-28,2025-10-05
Mantis,mantis,Films,MQ,Martinique,2,3,2025-09-28,2025-10-05
Mantis,mantis,Films,MU,Mauritius,1,6,2025-10-05,2025-10-05
Mantis,mantis,Films,MA,Morocco,3,2,2025-09-28,2025-10-12
Mantis,mantis,Films,NC,New Caledonia,2,5,2025-09-28,2025-10-05
Mantis,mantis,Films,NI,Nicaragua,2,10,2025-09-28,2025-10-05
Mantis,mantis,Films,NG,Nigeria,3,2,2025-09-28,2025-10-12
Mantis,mantis,Films,OM,Oman,2,3,2025-09-28,2025-10-05
Mantis,mantis,Films,PK,Pakistan,3,4,2025-09-28,2025-10-12
Mantis,mantis,Films,PA,Panama,1,9,2025-10-05,2025-10-05
Mantis,mantis,Films,PY,Paraguay,1,9,2025-10-05,2025-10-05
Mantis,mantis,Films,PE,Peru,2,8,2025-09-28,2025-10-05
Mantis,mantis,Films,PH,Philippines,2,2,2025-09-28,2025-10-05
Mantis,mantis,Films,PT,Portugal,2,9,2025-09-28,2025-10-05
Mantis,mantis,Films,QA,Qatar,2,1,2025-09-28,2025-10-05
Mantis,mantis,Films,RE,Réunion,2,5,2025-09-28,2025-10-05
Mantis,mantis,Films,RO,Romania,2,5,2025-09-28,2025-10-05
Mantis,mantis,Films,SA,Saudi Arabia,2,2,2025-09-28,2025-10-05
Mantis,mantis,Films,SG,Singapore,2,2,2025-09-28,2025-10-05
Mantis,mantis,Films,SK,Slovakia,2,9,2025-09-28,2025-10-05
Mantis,mantis,Films,ZA,South Africa,2,9,2025-09-28,2025-10-05
Mantis,mantis,Films,KR,South Korea,8,1,2025-09-28,2025-11-16
Mantis,mantis,Films,ES,Spain,2,7,2025-09-28,2025-10-05
Mantis,mantis,Films,CH,Switzerland,2,8,2025-09-28,2025-10-05
Mantis,mantis,Films,TW,Taiwan,4,1,2025-09-28,2025-10-19
Mantis,mantis,Films,TH,Thailand,2,1,2025-09-28,2025-10-05
Mantis,mantis,Films,TT,Trinidad and Tobago,1,10,2025-09-28,2025-09-28
Mantis,mantis,Films,TR,Turkey,2,5,2025-09-28,2025-10-05
Mantis,mantis,Films,AE,United Arab Emirates,2,5,2025-09-28,2025-10-05
Mantis,mantis,Films,VE,Venezuela,2,9,2025-09-28,2025-10-05
Mantis,mantis,Films,VN,Vietnam,4,1,2025-09-28,2025-10-19
Marry YOU,marry-you,TV,ID,Indonesia,2,3,2024-11-24,2024-12-01
Marry YOU,marry-you,TV,MY,Malaysia,1,8,2024-11-24,2024-11-24
Marry YOU,marry-you,TV,KR,South Korea,2,9,2024-11-24,2024-12-01
Mask Girl,mask-girl,TV,AR,Argentina,1,7,2023-08-27,2023-08-27
Mask Girl,mask-girl,TV,AU,Australia,1,8,2023-08-27,2023-08-27
Mask Girl,mask-girl,TV,AT,Austria,1,9,2023-08-27,2023-08-27
Mask Girl,mask-girl,TV,BH,Bahrain,2,4,2023-08-27,2023-09-03
Mask Girl,mask-girl,TV,BD,Bangladesh,3,3,2023-08-27,2023-09-10
Mask Girl,mask-girl,TV,BE,Belgium,1,7,2023-08-27,2023-08-27
Mask Girl,mask-girl,TV,BO,Bolivia,4,1,2023-08-20,2023-09-10
Mask Girl,mask-girl,TV,BG,Bulgaria,1,8,2023-08-27,2023-08-27
Mask Girl,mask-girl,TV,CA,Canada,1,10,2023-08-27,2023-08-27
Mask Girl,mask-girl,TV,CL,Chile,2,3,2023-08-27,2023-09-03
Mask Girl,mask-girl,TV,CO,Colombia,2,3,2023-08-27,2023-09-03
Mask Girl,mask-girl,TV,CR,Costa Rica,1,6,2023-08-27,2023-08-27
Mask Girl,mask-girl,TV,CZ,Czech Republic,1,6,2023-08-27,2023-08-27
Mask Girl,mask-girl,TV,DO,Dominican Republic,1,3,2023-08-27,2023-08-27
Mask Girl,mask-girl,TV,EC,Ecuador,2,2,2023-08-27,2023-09-03
Mask Girl,mask-girl,TV,EG,Egypt,2,4,2023-08-27,2023-09-03
Mask Girl,mask-girl,TV,SV,El Salvador,2,3,2023-08-27,2023-09-03
Mask Girl,mask-girl,TV,FR,France,2,6,2023-08-27,2023-09-03
Mask Girl,mask-girl,TV,DE,Germany,1,8,2023-08-27,2023-08-27
Mask Girl,mask-girl,TV,GR,Greece,1,9,2023-08-27,2023-08-27
Mask Girl,mask-girl,TV,GP,Guadeloupe,2,4,2023-08-27,2023-09-03
Mask Girl,mask-girl,TV,GT,Guatemala,2,4,2023-08-27,2023-09-03
Mask Girl,mask-girl,TV,HN,Honduras,2,3,2023-08-27,2023-09-03
Mask Girl,mask-girl,TV,HK,Hong Kong,6,1,2023-08-20,2023-09-24
Mask Girl,mask-girl,TV,HU,Hungary,2,4,2023-08-27,2023-09-03
Mask Girl,mask-girl,TV,IN,India,1,7,2023-08-27,2023-08-27
Mask Girl,mask-girl,TV,ID,Indonesia,5,1,2023-08-20,2023-09-17
Mask Girl,mask-girl,TV,IT,Italy,1,6,2023-08-27,2023-08-27
Mask Girl,mask-girl,TV,JM,Jamaica,1,10,2023-08-27,2023-08-27
Mask Girl,mask-girl,TV,JP,Japan,5,1,2023-08-20,2023-09-17
Mask Girl,mask-girl,TV,JO,Jordan,2,4,2023-08-27,2023-09-03
Mask Girl,mask-girl,TV,KE,Kenya,1,9,2023-08-27,2023-08-27
Mask Girl,mask-girl,TV,KW,Kuwait,3,2,2023-08-27,2023-09-10
Mask Girl,mask-girl,TV,LB,Lebanon,1,6,2023-08-27,2023-08-27
Mask Girl,mask-girl,TV,LT,Lithuania,1,6,2023-08-27,2023-08-27
Mask Girl,mask-girl,TV,LU,Luxembourg,1,9,2023-08-27,2023-08-27
Mask Girl,mask-girl,TV,MY,Malaysia,5,1,2023-08-20,2023-09-17
Mask Girl,mask-girl,TV,MV,Maldives,2,4,2023-08-27,2023-09-03
Mask Girl,mask-girl,TV,MQ,Martinique,2,3,2023-08-27,2023-09-03
Mask Girl,mask-girl,TV,MU,Mauritius,2,7,2023-08-27,2023-09-03
Mask Girl,mask-girl,TV,MX,Mexico,2,5,2023-08-27,2023-09-03
Mask Girl,mask-girl,TV,MA,Morocco,4,2,2023-08-20,2023-09-10
Mask Girl,mask-girl,TV,NC,New Caledonia,1,7,2023-08-27,2023-08-27
Mask Girl,mask-girl,TV,NZ,New Zealand,1,9,2023-08-27,2023-08-27
Mask Girl,mask-girl,TV,NI,Nicaragua,2,3,2023-08-27,2023-09-03
Mask Girl,mask-girl,TV,NG,Nigeria,1,2,2023-08-27,2023-08-27
Mask Girl,mask-girl,TV,OM,Oman,2,3,2023-08-27,2023-09-03
Mask Girl,mask-girl,TV,PK,Pakistan,2,5,2023-08-27,2023-09-03
Mask Girl,mask-girl,TV,PA,Panama,1,5,2023-08-27,2023-08-27
Mask Girl,mask-girl,TV,PY,Paraguay,1,4,2023-08-27,2023-08-27
Mask Girl,mask-girl,TV,PE,Peru,3,2,2023-08-20,2023-09-03
Mask Girl,mask-girl,TV,PH,Philippines,4,1,2023-08-20,2023-09-10
Mask Girl,mask-girl,TV,PL,Poland,1,8,2023-08-27,2023-08-27
Mask Girl,mask-girl,TV,PT,Portugal,1,10,2023-08-27,2023-08-27
Mask Girl,mask-girl,TV,QA,Qatar,3,3,2023-08-20,2023-09-03
Mask Girl,mask-girl,TV,RE,Réunion,2,5,2023-08-27,2023-09-03
Mask Girl,mask-girl,TV,RO,Romania,1,10,2023-08-27,2023-08-27
Mask Girl,mask-girl,TV,SA,Saudi Arabia,3,1,2023-08-27,2023-09-10
Mask Girl,mask-girl,TV,RS,Serbia,1,7,2023-08-27,2023-08-27
Mask Girl,mask-girl,TV,SG,Singapore,4,1,2023-08-20,2023-09-10
Mask Girl,mask-girl,TV,SK,Slovakia,1,7,2023-08-27,2023-08-27
Mask Girl,mask-girl,TV,KR,South Korea,8,1,2023-08-20,2023-10-08
Mask Girl,mask-girl,TV,ES,Spain,1,6,2023-08-27,2023-08-27
Mask Girl,mask-girl,TV,LK,Sri Lanka,1,6,2023-08-27,2023-08-27
Mask Girl,mask-girl,TV,CH,Switzerland,1,8,2023-08-27,2023-08-27
Mask Girl,mask-girl,TV,TW,Taiwan,5,1,2023-08-20,2023-09-17
Mask Girl,mask-girl,TV,TH,Thailand,5,1,2023-08-20,2023-09-17
Mask Girl,mask-girl,TV,TR,Turkey,2,5,2023-08-27,2023-09-03
Mask Girl,mask-girl,TV,AE,United Arab Emirates,2,4,2023-08-27,2023-09-03
Mask Girl,mask-girl,TV,UY,Uruguay,1,8,2023-08-27,2023-08-27
Mask Girl,mask-girl,TV,VE,Venezuela,2,4,2023-08-27,2023-09-03
Mask Girl,mask-girl,TV,VN,Vietnam,7,1,2023-08-20,2023-10-01
Master,master,Films,KR,South Korea,1,6,2023-01-15,2023-01-15
Melo Movie,melo-movie,TV,BD,Bangladesh,2,3,2025-02-23,2025-03-02
Melo Movie,melo-movie,TV,BR,Brazil,1,7,2025-02-23,2025-02-23
Melo Movie,melo-movie,TV,CO,Colombia,1,7,2025-02-23,2025-02-23
Melo Movie,melo-movie,TV,DO,Dominican Republic,1,9,2025-02-23,2025-02-23
Melo Movie,melo-movie,TV,EC,Ecuador,1,7,2025-02-23,2025-02-23
Melo Movie,melo-movie,TV,SV,El Salvador,1,7,2025-02-23,2025-02-23
Melo Movie,melo-movie,TV,GT,Guatemala,1,7,2025-02-23,2025-02-23
Melo Movie,melo-movie,TV,HN,Honduras,1,4,2025-02-23,2025-02-23
Melo Movie,melo-movie,TV,HK,Hong Kong,2,8,2025-02-23,2025-03-02
Melo Movie,melo-movie,TV,IN,India,1,7,2025-02-23,2025-02-23
Melo Movie,melo-movie,TV,ID,Indonesia,4,1,2025-02-16,2025-03-09
Melo Movie,melo-movie,TV,JP,Japan,1,6,2025-02-23,2025-02-23
Melo Movie,melo-movie,TV,MY,Malaysia,2,3,2025-02-16,2025-02-23
Melo Movie,melo-movie,TV,MV,Maldives,1,7,2025-02-23,2025-02-23
Melo Movie,melo-movie,TV,NI,Nicaragua,1,5,2025-02-23,2025-02-23
Melo Movie,melo-movie,TV,PK,Pakistan,1,5,2025-02-23,2025-02-23
Melo Movie,melo-movie,TV,PY,Paraguay,1,10,2025-02-23,2025-02-23
Melo Movie,melo-movie,TV,PE,Peru,1,7,2025-02-23,2025-02-23
Melo Movie,melo-movie,TV,PH,Philippines,2,7,2025-02-16,2025-02-23
Melo Movie,melo-movie,TV,QA,Qatar,1,7,2025-02-23,2025-02-23
Melo Movie,melo-movie,TV,SG,Singapore,1,7,2025-02-23,2025-02-23
Melo Movie,melo-movie,TV,KR,South Korea,5,1,2025-02-16,2025-03-16
Melo Movie,melo-movie,TV,TW,Taiwan,2,5,2025-02-23,2025-03-02
Melo Movie,melo-movie,TV,TH,Thailand,3,5,2025-02-16,2025-03-02
Melo Movie,melo-movie,TV,AE,United Arab Emirates,1,9,2025-02-23,2025-02-23
Melo Movie,melo-movie,TV,VE,Venezuela,1,5,2025-02-23,2025-02-23
Melo Movie,melo-movie,TV,VN,Vietnam,4,3,2025-02-16,2025-03-09
Memoir of a Murderer,memoir-of-a-murderer,Films,VN,Vietnam,1,9,2022-03-13,2022-03-13
Memory,memory,Films,BH,Bahrain,2,3,2026-02-08,2026-02-15
Memory,memory,Films,DK,Denmark,5,1,2022-12-04,2023-01-01
Memory,memory,Films,EG,Egypt,2,2,2026-02-08,2026-02-15
Memory,memory,Films,FI,Finland,5,1,2022-12-04,2023-01-01
Memory,memory,Films,IE,Ireland,2,1,2024-09-22,2024-09-29
Memory,memory,Films,JO,Jordan,3,1,2026-02-08,2026-02-22
Memory,memory,Films,KW,Kuwait,2,3,2026-02-08,2026-02-15
Memory,memory,Films,LB,Lebanon,4,1,2026-02-08,2026-03-01
Memory,memory,Films,MT,Malta,3,2,2024-09-22,2024-10-06
Memory,memory,Films,MA,Morocco,2,6,2026-02-08,2026-02-15
Memory,memory,Films,NO,Norway,5,2,2022-12-04,2023-01-01
Memory,memory,Films,OM,Oman,2,3,2026-02-08,2026-02-15
Memory,memory,Films,PH,Philippines,3,2,2025-03-30,2025-04-13
Memory,memory,Films,QA,Qatar,2,3,2026-02-08,2026-02-15
Memory,memory,Films,SA,Saudi Arabia,2,3,2026-02-08,2026-02-15
Memory,memory,Films,ZA,South Africa,3,2,2024-05-05,2024-05-19
Memory,memory,Films,KR,South Korea,2,2,2026-05-03,2026-05-10
Memory,memory,Films,SE,Sweden,5,1,2022-12-04,2023-01-01
Memory,memory,Films,AE,United Arab Emirates,2,3,2026-02-08,2026-02-15
Memory,memory,Films,GB,United Kingdom,2,1,2024-09-22,2024-09-29
Men of Plastic,men-of-plastic,Films,KR,South Korea,5,1,2023-03-12,2023-04-09
Men on a Mission,men-on-a-mission,TV,KR,South Korea,5,7,2021-07-18,2021-12-05
Mercy For None,mercy-for-none,TV,AR,Argentina,1,7,2025-06-15,2025-06-15
Mercy For None,mercy-for-none,TV,AT,Austria,1,10,2025-06-15,2025-06-15
Mercy For None,mercy-for-none,TV,BS,Bahamas,2,4,2025-06-08,2025-06-15
Mercy For None,mercy-for-none,TV,BH,Bahrain,3,2,2025-06-08,2025-06-22
Mercy For None,mercy-for-none,TV,BD,Bangladesh,3,2,2025-06-08,2025-06-22
Mercy For None,mercy-for-none,TV,BE,Belgium,1,9,2025-06-15,2025-06-15
Mercy For None,mercy-for-none,TV,BO,Bolivia,1,7,2025-06-15,2025-06-15
Mercy For None,mercy-for-none,TV,BR,Brazil,1,6,2025-06-15,2025-06-15
Mercy For None,mercy-for-none,TV,BG,Bulgaria,1,8,2025-06-15,2025-06-15
Mercy For None,mercy-for-none,TV,CL,Chile,2,4,2025-06-08,2025-06-15
Mercy For None,mercy-for-none,TV,CO,Colombia,1,6,2025-06-15,2025-06-15
Mercy For None,mercy-for-none,TV,CR,Costa Rica,1,7,2025-06-15,2025-06-15
Mercy For None,mercy-for-none,TV,CY,Cyprus,1,8,2025-06-15,2025-06-15
Mercy For None,mercy-for-none,TV,CZ,Czech Republic,2,7,2025-06-08,2025-06-15
Mercy For None,mercy-for-none,TV,DO,Dominican Republic,2,3,2025-06-08,2025-06-15
Mercy For None,mercy-for-none,TV,EC,Ecuador,1,8,2025-06-15,2025-06-15
Mercy For None,mercy-for-none,TV,EG,Egypt,1,3,2025-06-15,2025-06-15
Mercy For None,mercy-for-none,TV,SV,El Salvador,1,4,2025-06-15,2025-06-15
Mercy For None,mercy-for-none,TV,FR,France,1,5,2025-06-15,2025-06-15
Mercy For None,mercy-for-none,TV,DE,Germany,1,8,2025-06-15,2025-06-15
Mercy For None,mercy-for-none,TV,GR,Greece,2,5,2025-06-08,2025-06-15
Mercy For None,mercy-for-none,TV,GP,Guadeloupe,2,4,2025-06-08,2025-06-15
Mercy For None,mercy-for-none,TV,GT,Guatemala,1,5,2025-06-15,2025-06-15
Mercy For None,mercy-for-none,TV,HN,Honduras,2,4,2025-06-08,2025-06-15
Mercy For None,mercy-for-none,TV,HK,Hong Kong,6,1,2025-06-08,2026-07-12
Mercy For None,mercy-for-none,TV,HU,Hungary,2,9,2025-06-08,2025-06-15
Mercy For None,mercy-for-none,TV,IN,India,3,3,2025-06-08,2025-06-22
Mercy For None,mercy-for-none,TV,ID,Indonesia,12,1,2025-06-08,2026-08-09
Mercy For None,mercy-for-none,TV,IL,Israel,1,8,2025-06-15,2025-06-15
Mercy For None,mercy-for-none,TV,IT,Italy,1,9,2025-06-15,2025-06-15
Mercy For None,mercy-for-none,TV,JM,Jamaica,2,2,2025-06-08,2025-06-15
Mercy For None,mercy-for-none,TV,JP,Japan,3,3,2025-06-08,2025-06-22
Mercy For None,mercy-for-none,TV,JO,Jordan,3,2,2025-06-08,2025-06-22
Mercy For None,mercy-for-none,TV,KE,Kenya,2,3,2025-06-08,2025-06-15
Mercy For None,mercy-for-none,TV,KW,Kuwait,5,2,2025-06-08,2025-07-06
Mercy For None,mercy-for-none,TV,LB,Lebanon,1,6,2025-06-15,2025-06-15
Mercy For None,mercy-for-none,TV,LU,Luxembourg,1,8,2025-06-15,2025-06-15
Mercy For None,mercy-for-none,TV,MY,Malaysia,10,1,2025-06-08,2026-08-02
Mercy For None,mercy-for-none,TV,MV,Maldives,3,2,2025-06-08,2025-06-22
Mercy For None,mercy-for-none,TV,MQ,Martinique,2,3,2025-06-08,2025-06-15
Mercy For None,mercy-for-none,TV,MU,Mauritius,2,3,2025-06-08,2025-06-15
Mercy For None,mercy-for-none,TV,MX,Mexico,1,5,2025-06-15,2025-06-15
Mercy For None,mercy-for-none,TV,MA,Morocco,4,2,2025-06-08,2025-06-29
Mercy For None,mercy-for-none,TV,NC,New Caledonia,4,3,2025-06-08,2025-06-29
Mercy For None,mercy-for-none,TV,NZ,New Zealand,1,6,2025-06-15,2025-06-15
Mercy For None,mercy-for-none,TV,NI,Nicaragua,2,3,2025-06-08,2025-06-15
Mercy For None,mercy-for-none,TV,NG,Nigeria,4,3,2025-06-08,2025-06-29
Mercy For None,mercy-for-none,TV,OM,Oman,4,2,2025-06-08,2025-06-29
Mercy For None,mercy-for-none,TV,PK,Pakistan,5,1,2025-06-08,2025-07-06
Mercy For None,mercy-for-none,TV,PA,Panama,2,5,2025-06-08,2025-06-15
Mercy For None,mercy-for-none,TV,PY,Paraguay,1,7,2025-06-15,2025-06-15
Mercy For None,mercy-for-none,TV,PE,Peru,2,3,2025-06-08,2025-06-15
Mercy For None,mercy-for-none,TV,PH,Philippines,11,1,2025-06-08,2026-08-09
Mercy For None,mercy-for-none,TV,PL,Poland,1,8,2025-06-15,2025-06-15
Mercy For None,mercy-for-none,TV,PT,Portugal,1,8,2025-06-15,2025-06-15
Mercy For None,mercy-for-none,TV,QA,Qatar,6,2,2025-06-08,2026-07-19
Mercy For None,mercy-for-none,TV,RE,Réunion,3,3,2025-06-08,2025-06-22
Mercy For None,mercy-for-none,TV,RO,Romania,2,3,2025-06-08,2025-06-15
Mercy For None,mercy-for-none,TV,SA,Saudi Arabia,4,2,2025-06-08,2025-06-29
Mercy For None,mercy-for-none,TV,RS,Serbia,1,9,2025-06-15,2025-06-15
Mercy For None,mercy-for-none,TV,SG,Singapore,6,1,2025-06-08,2026-07-19
Mercy For None,mercy-for-none,TV,SK,Slovakia,2,5,2025-06-08,2025-06-15
Mercy For None,mercy-for-none,TV,SI,Slovenia,1,10,2025-06-15,2025-06-15
Mercy For None,mercy-for-none,TV,ZA,South Africa,1,9,2025-06-15,2025-06-15
Mercy For None,mercy-for-none,TV,KR,South Korea,8,1,2025-06-08,2026-07-12
Mercy For None,mercy-for-none,TV,LK,Sri Lanka,3,3,2025-06-15,2025-06-29
Mercy For None,mercy-for-none,TV,CH,Switzerland,1,10,2025-06-15,2025-06-15
Mercy For None,mercy-for-none,TV,TW,Taiwan,6,1,2025-06-08,2026-07-12
Mercy For None,mercy-for-none,TV,TH,Thailand,6,2,2025-06-08,2025-07-13
Mercy For None,mercy-for-none,TV,TT,Trinidad and Tobago,2,3,2025-06-08,2025-06-15
Mercy For None,mercy-for-none,TV,TR,Turkey,2,4,2025-06-15,2025-06-22
Mercy For None,mercy-for-none,TV,AE,United Arab Emirates,4,2,2025-06-08,2025-06-29
Mercy For None,mercy-for-none,TV,UY,Uruguay,1,8,2025-06-15,2025-06-15
Mercy For None,mercy-for-none,TV,VE,Venezuela,2,5,2025-06-08,2025-06-15
Mercy For None,mercy-for-none,TV,VN,Vietnam,12,1,2025-06-08,2026-08-09
Metamorphosis,metamorphosis,Films,TH,Thailand,2,9,2021-09-19,2021-09-26
Mickey 17,mickey-17,Films,AU,Australia,1,6,2026-05-31,2026-05-31
Mickey 17,mickey-17,Films,BE,Belgium,2,4,2026-05-24,2026-05-31
Mickey 17,mickey-17,Films,BG,Bulgaria,1,3,2026-05-31,2026-05-31
Mickey 17,mickey-17,Films,CZ,Czech Republic,1,9,2026-05-31,2026-05-31
Mickey 17,mickey-17,Films,DK,Denmark,1,9,2026-05-31,2026-05-31
Mickey 17,mickey-17,Films,FI,Finland,2,5,2026-05-24,2026-05-31
Mickey 17,mickey-17,Films,GR,Greece,1,5,2026-05-31,2026-05-31
Mickey 17,mickey-17,Films,NL,Netherlands,1,5,2026-05-31,2026-05-31
Mickey 17,mickey-17,Films,NO,Norway,1,9,2026-05-31,2026-05-31
Mickey 17,mickey-17,Films,PL,Poland,1,9,2026-05-31,2026-05-31
Mickey 17,mickey-17,Films,PT,Portugal,1,9,2026-05-31,2026-05-31
Mickey 17,mickey-17,Films,RO,Romania,1,6,2026-05-31,2026-05-31
Mickey 17,mickey-17,Films,SI,Slovenia,1,3,2026-05-31,2026-05-31
Mickey 17,mickey-17,Films,SE,Sweden,1,10,2026-05-31,2026-05-31
Midnight,midnight,Films,JP,Japan,2,5,2023-05-07,2023-05-14
Midnight,midnight,Films,TH,Thailand,3,2,2022-10-16,2022-10-30
Midnight Runners,midnight-runners,Films,PH,Philippines,2,4,2022-09-11,2022-09-18
Midnight Runners,midnight-runners,Films,VN,Vietnam,4,2,2023-10-08,2023-10-29
Midnight Sun,midnight-sun,Films,AU,Australia,1,8,2024-03-24,2024-03-24
Midnight Sun,midnight-sun,Films,AT,Austria,1,9,2024-02-04,2024-02-04
Midnight Sun,midnight-sun,Films,DE,Germany,1,10,2024-02-04,2024-02-04
Midnight Sun,midnight-sun,Films,KE,Kenya,1,2,2023-05-07,2023-05-07
Midnight Sun,midnight-sun,Films,MU,Mauritius,1,9,2023-05-07,2023-05-07
Midnight Sun,midnight-sun,Films,NG,Nigeria,1,5,2023-05-07,2023-05-07
Midnight Sun,midnight-sun,Films,ZA,South Africa,1,4,2023-05-07,2023-05-07
Midnight Sun,midnight-sun,Films,KR,South Korea,2,7,2025-08-31,2025-09-07
Military Prosecutor Doberman,military-prosecutor-doberman,TV,BD,Bangladesh,1,9,2022-09-04,2022-09-04
Military Prosecutor Doberman,military-prosecutor-doberman,TV,ID,Indonesia,5,4,2022-09-04,2022-10-02
Military Prosecutor Doberman,military-prosecutor-doberman,TV,JP,Japan,1,10,2024-07-21,2024-07-21
Military Prosecutor Doberman,military-prosecutor-doberman,TV,MY,Malaysia,5,1,2022-09-04,2022-10-02
Military Prosecutor Doberman,military-prosecutor-doberman,TV,MV,Maldives,2,6,2022-09-04,2022-09-11
Military Prosecutor Doberman,military-prosecutor-doberman,TV,NG,Nigeria,1,7,2022-09-11,2022-09-11
Military Prosecutor Doberman,military-prosecutor-doberman,TV,PH,Philippines,2,5,2022-09-04,2022-09-11
Military Prosecutor Doberman,military-prosecutor-doberman,TV,QA,Qatar,2,8,2022-09-04,2022-09-11
Military Prosecutor Doberman,military-prosecutor-doberman,TV,SG,Singapore,5,2,2022-09-04,2022-10-02
Military Prosecutor Doberman,military-prosecutor-doberman,TV,KR,South Korea,2,7,2024-05-05,2024-05-12
Military Prosecutor Doberman,military-prosecutor-doberman,TV,TW,Taiwan,2,6,2024-05-05,2024-05-12
Military Prosecutor Doberman,military-prosecutor-doberman,TV,TH,Thailand,3,4,2022-09-04,2022-09-18
Military Prosecutor Doberman,military-prosecutor-doberman,TV,VN,Vietnam,7,1,2022-09-04,2022-10-16
Mimi,mimi,Films,BH,Bahrain,6,1,2021-08-01,2021-09-05
Mimi,mimi,Films,BD,Bangladesh,13,1,2021-08-01,2021-10-31
Mimi,mimi,Films,CA,Canada,1,8,2021-08-01,2021-08-01
Mimi,mimi,Films,IN,India,14,1,2021-08-01,2021-10-31
Mimi,mimi,Films,ID,Indonesia,4,4,2021-08-08,2021-08-29
Mimi,mimi,Films,KE,Kenya,1,4,2021-08-01,2021-08-01
Mimi,mimi,Films,KW,Kuwait,6,2,2021-08-01,2021-09-05
Mimi,mimi,Films,MY,Malaysia,2,2,2021-08-01,2021-08-08
Mimi,mimi,Films,MV,Maldives,11,1,2021-08-01,2021-10-31
Mimi,mimi,Films,MU,Mauritius,3,2,2021-08-01,2021-08-15
Mimi,mimi,Films,MA,Morocco,2,9,2021-08-08,2021-08-15
Mimi,mimi,Films,NZ,New Zealand,1,8,2021-08-01,2021-08-01
Mimi,mimi,Films,NG,Nigeria,2,7,2021-08-01,2021-08-08
Mimi,mimi,Films,OM,Oman,6,1,2021-08-01,2021-09-05
Mimi,mimi,Films,PK,Pakistan,14,1,2021-08-01,2021-10-31
Mimi,mimi,Films,QA,Qatar,4,3,2021-08-01,2021-08-29
Mimi,mimi,Films,SA,Saudi Arabia,5,1,2021-08-08,2021-09-05
Mimi,mimi,Films,SG,Singapore,2,3,2021-08-01,2021-08-08
Mimi,mimi,Films,ZA,South Africa,1,9,2021-08-01,2021-08-01
Mimi,mimi,Films,LK,Sri Lanka,7,1,2021-08-01,2021-09-19
Mimi,mimi,Films,AE,United Arab Emirates,4,1,2021-08-01,2021-08-22
Mine,mine,Films,AU,Australia,2,2,2023-03-05,2023-03-12
Mine,mine,Films,BO,Bolivia,2,8,2021-08-22,2021-08-29
Mine,mine,Films,BR,Brazil,3,6,2021-08-22,2022-07-10
Mine,mine,Films,CL,Chile,1,7,2021-08-29,2021-08-29
Mine,mine,Films,CO,Colombia,2,4,2021-08-22,2021-08-29
Mine,mine,Films,CR,Costa Rica,1,7,2021-08-29,2021-08-29
Mine,mine,Films,DK,Denmark,2,3,2023-03-05,2023-03-12
Mine,mine,Films,DO,Dominican Republic,2,5,2021-08-22,2021-08-29
Mine,mine,Films,SV,El Salvador,3,5,2021-08-22,2021-09-05
Mine,mine,Films,FI,Finland,2,3,2023-03-05,2023-03-12
Mine,mine,Films,GT,Guatemala,2,6,2021-08-22,2021-08-29
Mine,mine,Films,HN,Honduras,2,6,2021-08-22,2021-08-29
Mine,mine,Films,HK,Hong Kong,4,3,2021-07-04,2022-07-17
Mine,mine,Films,IS,Iceland,2,3,2023-03-05,2023-03-12
Mine,mine,Films,ID,Indonesia,4,2,2021-07-04,2022-07-10
Mine,mine,Films,JP,Japan,3,2,2021-07-04,2021-07-18
Mine,mine,Films,LV,Latvia,1,8,2022-07-17,2022-07-17
Mine,mine,Films,MY,Malaysia,4,2,2021-07-04,2022-07-17
Mine,mine,Films,MX,Mexico,2,6,2021-08-22,2021-08-29
Mine,mine,Films,NZ,New Zealand,2,3,2023-03-05,2023-03-12
Mine,mine,Films,NI,Nicaragua,3,6,2021-08-22,2021-09-05
Mine,mine,Films,NG,Nigeria,3,5,2021-07-04,2021-07-25
Mine,mine,Films,NO,Norway,2,3,2023-03-05,2023-03-12
Mine,mine,Films,PA,Panama,2,8,2021-08-22,2021-08-29
Mine,mine,Films,PY,Paraguay,2,7,2021-08-22,2021-08-29
Mine,mine,Films,PE,Peru,1,10,2021-08-29,2021-08-29
Mine,mine,Films,PH,Philippines,4,3,2021-07-04,2022-07-17
Mine,mine,Films,PL,Poland,2,2,2022-07-03,2022-07-10
Mine,mine,Films,RO,Romania,2,7,2021-07-11,2022-07-17
Mine,mine,Films,SG,Singapore,3,3,2021-07-04,2022-07-10
Mine,mine,Films,KR,South Korea,2,2,2021-07-04,2021-07-11
Mine,mine,Films,SE,Sweden,2,3,2023-03-05,2023-03-12
Mine,mine,Films,TW,Taiwan,3,2,2021-07-04,2022-07-10
Mine,mine,Films,TH,Thailand,3,4,2021-07-04,2022-07-10
Mine,mine,Films,GB,United Kingdom,2,8,2022-07-10,2022-07-17
Mine,mine,Films,VN,Vietnam,5,1,2021-07-04,2022-07-17
Miracle in Cell No. 7,miracle-in-cell-no-7,Films,ID,Indonesia,3,2,2022-09-18,2022-10-02
Miracle in Cell No. 7,miracle-in-cell-no-7,Films,NG,Nigeria,3,4,2024-01-14,2024-01-28
Miracle in Cell No.7,miracle-in-cell-no-7,Films,ID,Indonesia,1,6,2023-05-28,2023-05-28
Miracle: Letters to the President,miracle-letters-to-the-president,Films,KR,South Korea,7,2,2021-12-26,2022-02-06
Miraculous Brothers,miraculous-brothers,TV,ID,Indonesia,2,7,2023-09-24,2023-10-01
Miraculous Brothers,miraculous-brothers,TV,MY,Malaysia,2,6,2023-09-24,2023-10-01
Miraculous Brothers,miraculous-brothers,TV,PH,Philippines,1,9,2023-09-24,2023-09-24
Miraculous Brothers,miraculous-brothers,TV,KR,South Korea,2,8,2023-09-17,2023-09-24
Miraculous Brothers,miraculous-brothers,TV,TH,Thailand,1,10,2023-09-24,2023-09-24
Miss & Mrs. Cops,miss-mrs-cops,Films,MY,Malaysia,1,6,2021-12-12,2021-12-12
Miss Baek,miss-baek,Films,JP,Japan,2,4,2024-05-19,2024-05-26
Miss Conspirator,miss-conspirator,Films,KR,South Korea,2,8,2026-02-15,2026-02-22
Miss Granny,miss-granny,Films,TW,Taiwan,1,8,2022-12-18,2022-12-18
Miss Night and Day,miss-night-and-day,TV,BH,Bahrain,8,3,2024-06-23,2024-08-11
Miss Night and Day,miss-night-and-day,TV,BO,Bolivia,10,2,2024-07-14,2024-09-15
Miss Night and Day,miss-night-and-day,TV,BR,Brazil,4,7,2024-07-21,2024-08-11
Miss Night and Day,miss-night-and-day,TV,CL,Chile,7,4,2024-07-21,2024-09-01
Miss Night and Day,miss-night-and-day,TV,CO,Colombia,7,6,2024-07-21,2024-09-01
Miss Night and Day,miss-night-and-day,TV,CR,Costa Rica,6,6,2024-07-21,2024-09-01
Miss Night and Day,miss-night-and-day,TV,DO,Dominican Republic,9,3,2024-07-14,2024-09-08
Miss Night and Day,miss-night-and-day,TV,EC,Ecuador,8,4,2024-07-21,2024-09-08
Miss Night and Day,miss-night-and-day,TV,EG,Egypt,3,8,2024-07-07,2024-08-04
Miss Night and Day,miss-night-and-day,TV,SV,El Salvador,9,3,2024-07-14,2024-09-08
Miss Night and Day,miss-night-and-day,TV,GT,Guatemala,8,3,2024-07-21,2024-09-08
Miss Night and Day,miss-night-and-day,TV,HN,Honduras,9,3,2024-07-14,2024-09-08
Miss Night and Day,miss-night-and-day,TV,HK,Hong Kong,10,1,2024-06-23,2024-08-25
Miss Night and Day,miss-night-and-day,TV,ID,Indonesia,9,1,2024-06-23,2024-08-18
Miss Night and Day,miss-night-and-day,TV,JP,Japan,5,3,2024-06-23,2024-08-04
Miss Night and Day,miss-night-and-day,TV,JO,Jordan,8,4,2024-06-23,2024-08-11
Miss Night and Day,miss-night-and-day,TV,KW,Kuwait,8,2,2024-06-23,2024-08-11
Miss Night and Day,miss-night-and-day,TV,MY,Malaysia,9,1,2024-06-23,2024-08-18
Miss Night and Day,miss-night-and-day,TV,MV,Maldives,8,6,2024-06-23,2024-08-11
Miss Night and Day,miss-night-and-day,TV,MX,Mexico,8,3,2024-07-21,2024-09-08
Miss Night and Day,miss-night-and-day,TV,MA,Morocco,5,7,2024-06-23,2024-07-21
Miss Night and Day,miss-night-and-day,TV,NI,Nicaragua,9,3,2024-07-14,2024-09-08
Miss Night and Day,miss-night-and-day,TV,NG,Nigeria,3,7,2024-06-23,2024-08-11
Miss Night and Day,miss-night-and-day,TV,OM,Oman,8,2,2024-06-23,2024-08-11
Miss Night and Day,miss-night-and-day,TV,PA,Panama,7,5,2024-07-21,2024-09-01
Miss Night and Day,miss-night-and-day,TV,PY,Paraguay,7,5,2024-07-21,2024-09-01
Miss Night and Day,miss-night-and-day,TV,PE,Peru,10,1,2024-07-14,2024-09-15
Miss Night and Day,miss-night-and-day,TV,PH,Philippines,9,1,2024-06-23,2024-08-18
Miss Night and Day,miss-night-and-day,TV,QA,Qatar,8,2,2024-06-23,2024-08-11
Miss Night and Day,miss-night-and-day,TV,SA,Saudi Arabia,9,2,2024-06-23,2024-08-18
Miss Night and Day,miss-night-and-day,TV,SG,Singapore,9,1,2024-06-23,2024-08-18
Miss Night and Day,miss-night-and-day,TV,KR,South Korea,10,1,2024-06-16,2024-08-18
Miss Night and Day,miss-night-and-day,TV,LK,Sri Lanka,5,5,2024-06-30,2024-07-28
Miss Night and Day,miss-night-and-day,TV,TW,Taiwan,10,1,2024-06-23,2024-08-25
Miss Night and Day,miss-night-and-day,TV,TH,Thailand,7,3,2024-06-23,2024-08-11
Miss Night and Day,miss-night-and-day,TV,AE,United Arab Emirates,8,4,2024-06-23,2024-08-11
Miss Night and Day,miss-night-and-day,TV,VE,Venezuela,7,4,2024-07-21,2024-09-01
Miss Night and Day,miss-night-and-day,TV,VN,Vietnam,9,3,2024-06-23,2024-08-18
Missing: The Other Side,missing-the-other-side,TV,HK,Hong Kong,1,8,2022-10-23,2022-10-23
Missing: The Other Side,missing-the-other-side,TV,ID,Indonesia,2,6,2022-10-23,2023-06-11
Missing: The Other Side,missing-the-other-side,TV,JP,Japan,3,3,2022-10-16,2022-10-30
Missing: The Other Side,missing-the-other-side,TV,MY,Malaysia,5,4,2022-10-16,2023-06-18
Missing: The Other Side,missing-the-other-side,TV,PH,Philippines,1,10,2022-10-23,2022-10-23
Missing: The Other Side,missing-the-other-side,TV,SG,Singapore,3,4,2022-10-16,2023-06-11
Missing: The Other Side,missing-the-other-side,TV,KR,South Korea,6,3,2022-10-16,2022-12-25
Missing: The Other Side,missing-the-other-side,TV,TW,Taiwan,1,6,2022-10-23,2022-10-23
Missing: The Other Side,missing-the-other-side,TV,TH,Thailand,1,10,2022-10-23,2022-10-23
Missing: The Other Side,missing-the-other-side,TV,VN,Vietnam,3,5,2022-10-16,2023-06-11
Mission: Cross,mission-cross,Films,BS,Bahamas,1,5,2024-08-18,2024-08-18
Mission: Cross,mission-cross,Films,BH,Bahrain,1,7,2024-08-18,2024-08-18
Mission: Cross,mission-cross,Films,BD,Bangladesh,1,10,2024-08-18,2024-08-18
Mission: Cross,mission-cross,Films,BR,Brazil,1,8,2024-08-18,2024-08-18
Mission: Cross,mission-cross,Films,CY,Cyprus,1,6,2024-08-18,2024-08-18
Mission: Cross,mission-cross,Films,DO,Dominican Republic,1,6,2024-08-18,2024-08-18
Mission: Cross,mission-cross,Films,FI,Finland,1,9,2024-08-18,2024-08-18
Mission: Cross,mission-cross,Films,GR,Greece,1,8,2024-08-18,2024-08-18
Mission: Cross,mission-cross,Films,HK,Hong Kong,3,2,2024-08-11,2024-08-25
Mission: Cross,mission-cross,Films,IS,Iceland,1,8,2024-08-18,2024-08-18
Mission: Cross,mission-cross,Films,IN,India,1,10,2024-08-18,2024-08-18
Mission: Cross,mission-cross,Films,ID,Indonesia,2,4,2024-08-11,2024-08-18
Mission: Cross,mission-cross,Films,IL,Israel,1,10,2024-08-18,2024-08-18
Mission: Cross,mission-cross,Films,JM,Jamaica,1,5,2024-08-18,2024-08-18
Mission: Cross,mission-cross,Films,JP,Japan,4,1,2024-08-11,2024-09-01
Mission: Cross,mission-cross,Films,JO,Jordan,1,8,2024-08-18,2024-08-18
Mission: Cross,mission-cross,Films,KE,Kenya,2,6,2024-08-11,2024-08-18
Mission: Cross,mission-cross,Films,KW,Kuwait,1,5,2024-08-18,2024-08-18
Mission: Cross,mission-cross,Films,LB,Lebanon,1,7,2024-08-18,2024-08-18
Mission: Cross,mission-cross,Films,MY,Malaysia,3,3,2024-08-11,2024-08-25
Mission: Cross,mission-cross,Films,MV,Maldives,1,8,2024-08-18,2024-08-18
Mission: Cross,mission-cross,Films,MU,Mauritius,1,10,2024-08-18,2024-08-18
Mission: Cross,mission-cross,Films,MA,Morocco,1,3,2024-08-18,2024-08-18
Mission: Cross,mission-cross,Films,NG,Nigeria,2,4,2024-08-11,2024-08-18
Mission: Cross,mission-cross,Films,OM,Oman,1,7,2024-08-18,2024-08-18
Mission: Cross,mission-cross,Films,PK,Pakistan,1,8,2024-08-18,2024-08-18
Mission: Cross,mission-cross,Films,PA,Panama,1,10,2024-08-18,2024-08-18
Mission: Cross,mission-cross,Films,PY,Paraguay,1,10,2024-08-18,2024-08-18
Mission: Cross,mission-cross,Films,PE,Peru,1,7,2024-08-18,2024-08-18
Mission: Cross,mission-cross,Films,PH,Philippines,1,5,2024-08-18,2024-08-18
Mission: Cross,mission-cross,Films,PT,Portugal,1,9,2024-08-18,2024-08-18
Mission: Cross,mission-cross,Films,QA,Qatar,1,5,2024-08-18,2024-08-18
Mission: Cross,mission-cross,Films,RO,Romania,1,6,2024-08-18,2024-08-18
Mission: Cross,mission-cross,Films,SA,Saudi Arabia,1,5,2024-08-18,2024-08-18
Mission: Cross,mission-cross,Films,SG,Singapore,3,3,2024-08-11,2024-08-25
Mission: Cross,mission-cross,Films,ZA,South Africa,1,7,2024-08-18,2024-08-18
Mission: Cross,mission-cross,Films,KR,South Korea,9,1,2024-08-11,2024-12-08
Mission: Cross,mission-cross,Films,TW,Taiwan,3,1,2024-08-11,2024-08-25
Mission: Cross,mission-cross,Films,TH,Thailand,3,1,2024-08-11,2024-08-25
Mission: Cross,mission-cross,Films,TT,Trinidad and Tobago,1,7,2024-08-18,2024-08-18
Mission: Cross,mission-cross,Films,AE,United Arab Emirates,1,8,2024-08-18,2024-08-18
Mission: Cross,mission-cross,Films,VE,Venezuela,1,6,2024-08-18,2024-08-18
Mission: Cross,mission-cross,Films,VN,Vietnam,4,1,2024-08-11,2024-09-01
Mission: Possible,mission-possible,Films,KR,South Korea,3,3,2023-10-15,2023-10-29
Misty,misty,TV,TW,Taiwan,3,4,2021-11-14,2021-11-28
Moby Dick,moby-dick,Films,KR,South Korea,3,1,2021-09-19,2021-10-03
Modern Family,modern-family,TV,AT,Austria,4,2,2021-09-19,2021-10-10
Modern Family,modern-family,TV,DE,Germany,4,2,2021-09-19,2021-10-10
Modern Family,modern-family,TV,IE,Ireland,3,5,2021-10-03,2021-10-17
Modern Family,modern-family,TV,KE,Kenya,3,5,2021-08-08,2021-08-22
Modern Family,modern-family,TV,MU,Mauritius,2,6,2021-08-08,2021-08-15
Modern Family,modern-family,TV,RE,Réunion,1,8,2021-08-08,2021-08-08
Modern Family,modern-family,TV,ZA,South Africa,3,4,2021-08-08,2021-08-22
Modern Family,modern-family,TV,GB,United Kingdom,2,8,2021-10-03,2021-10-10
Money Heist: Korea - Joint Economic Area,money-heist-korea-joint-economic-area,TV,AR,Argentina,1,9,2022-07-03,2022-07-03
Money Heist: Korea - Joint Economic Area,money-heist-korea-joint-economic-area,TV,AT,Austria,1,5,2022-07-03,2022-07-03
Money Heist: Korea - Joint Economic Area,money-heist-korea-joint-economic-area,TV,BS,Bahamas,3,4,2022-06-26,2022-12-18
Money Heist: Korea - Joint Economic Area,money-heist-korea-joint-economic-area,TV,BH,Bahrain,3,5,2022-06-26,2022-12-18
Money Heist: Korea - Joint Economic Area,money-heist-korea-joint-economic-area,TV,BD,Bangladesh,3,5,2022-06-26,2022-12-18
Money Heist: Korea - Joint Economic Area,money-heist-korea-joint-economic-area,TV,BE,Belgium,1,10,2022-07-03,2022-07-03
Money Heist: Korea - Joint Economic Area,money-heist-korea-joint-economic-area,TV,BO,Bolivia,3,5,2022-06-26,2022-12-18
Money Heist: Korea - Joint Economic Area,money-heist-korea-joint-economic-area,TV,BR,Brazil,3,4,2022-06-26,2022-12-18
Money Heist: Korea - Joint Economic Area,money-heist-korea-joint-economic-area,TV,BG,Bulgaria,2,9,2022-06-26,2022-07-03
Money Heist: Korea - Joint Economic Area,money-heist-korea-joint-economic-area,TV,CL,Chile,1,6,2022-07-03,2022-07-03
Money Heist: Korea - Joint Economic Area,money-heist-korea-joint-economic-area,TV,CO,Colombia,2,5,2022-06-26,2022-07-03
Money Heist: Korea - Joint Economic Area,money-heist-korea-joint-economic-area,TV,CR,Costa Rica,2,6,2022-06-26,2022-07-03
Money Heist: Korea - Joint Economic Area,money-heist-korea-joint-economic-area,TV,HR,Croatia,1,10,2022-07-03,2022-07-03
Money Heist: Korea - Joint Economic Area,money-heist-korea-joint-economic-area,TV,CY,Cyprus,1,8,2022-07-03,2022-07-03
Money Heist: Korea - Joint Economic Area,money-heist-korea-joint-economic-area,TV,DO,Dominican Republic,3,3,2022-06-26,2022-12-18
Money Heist: Korea - Joint Economic Area,money-heist-korea-joint-economic-area,TV,EC,Ecuador,3,5,2022-06-26,2022-12-18
Money Heist: Korea - Joint Economic Area,money-heist-korea-joint-economic-area,TV,EG,Egypt,2,7,2022-06-26,2022-07-03
Money Heist: Korea - Joint Economic Area,money-heist-korea-joint-economic-area,TV,SV,El Salvador,2,6,2022-06-26,2022-07-03
Money Heist: Korea - Joint Economic Area,money-heist-korea-joint-economic-area,TV,FI,Finland,1,9,2022-07-03,2022-07-03
Money Heist: Korea - Joint Economic Area,money-heist-korea-joint-economic-area,TV,FR,France,1,6,2022-07-03,2022-07-03
Money Heist: Korea - Joint Economic Area,money-heist-korea-joint-economic-area,TV,DE,Germany,1,4,2022-07-03,2022-07-03
Money Heist: Korea - Joint Economic Area,money-heist-korea-joint-economic-area,TV,GR,Greece,1,8,2022-07-03,2022-07-03
Money Heist: Korea - Joint Economic Area,money-heist-korea-joint-economic-area,TV,GP,Guadeloupe,3,4,2022-06-26,2022-12-18
Money Heist: Korea - Joint Economic Area,money-heist-korea-joint-economic-area,TV,GT,Guatemala,2,5,2022-06-26,2022-07-03
Money Heist: Korea - Joint Economic Area,money-heist-korea-joint-economic-area,TV,HN,Honduras,3,5,2022-06-26,2022-12-18
Money Heist: Korea - Joint Economic Area,money-heist-korea-joint-economic-area,TV,HK,Hong Kong,7,2,2022-06-26,2022-12-25
Money Heist: Korea - Joint Economic Area,money-heist-korea-joint-economic-area,TV,HU,Hungary,1,6,2022-07-03,2022-07-03
Money Heist: Korea - Joint Economic Area,money-heist-korea-joint-economic-area,TV,IN,India,3,5,2022-06-26,2022-12-18
Money Heist: Korea - Joint Economic Area,money-heist-korea-joint-economic-area,TV,ID,Indonesia,7,1,2022-06-26,2022-12-25
Money Heist: Korea - Joint Economic Area,money-heist-korea-joint-economic-area,TV,IL,Israel,1,9,2022-07-03,2022-07-03
Money Heist: Korea - Joint Economic Area,money-heist-korea-joint-economic-area,TV,IT,Italy,2,5,2022-06-26,2022-07-03
Money Heist: Korea - Joint Economic Area,money-heist-korea-joint-economic-area,TV,JM,Jamaica,3,3,2022-06-26,2022-12-18
Money Heist: Korea - Joint Economic Area,money-heist-korea-joint-economic-area,TV,JP,Japan,5,2,2022-06-26,2022-12-18
Money Heist: Korea - Joint Economic Area,money-heist-korea-joint-economic-area,TV,JO,Jordan,3,4,2022-06-26,2022-12-18
Money Heist: Korea - Joint Economic Area,money-heist-korea-joint-economic-area,TV,KE,Kenya,3,4,2022-06-26,2022-12-18
Money Heist: Korea - Joint Economic Area,money-heist-korea-joint-economic-area,TV,KW,Kuwait,3,4,2022-06-26,2022-12-18
Money Heist: Korea - Joint Economic Area,money-heist-korea-joint-economic-area,TV,LV,Latvia,1,10,2022-07-03,2022-07-03
Money Heist: Korea - Joint Economic Area,money-heist-korea-joint-economic-area,TV,LB,Lebanon,2,5,2022-06-26,2022-07-03
Money Heist: Korea - Joint Economic Area,money-heist-korea-joint-economic-area,TV,LT,Lithuania,1,9,2022-07-03,2022-07-03
Money Heist: Korea - Joint Economic Area,money-heist-korea-joint-economic-area,TV,LU,Luxembourg,1,5,2022-07-03,2022-07-03
Money Heist: Korea - Joint Economic Area,money-heist-korea-joint-economic-area,TV,MY,Malaysia,7,1,2022-06-26,2022-12-25
Money Heist: Korea - Joint Economic Area,money-heist-korea-joint-economic-area,TV,MV,Maldives,4,2,2022-06-26,2022-12-18
Money Heist: Korea - Joint Economic Area,money-heist-korea-joint-economic-area,TV,MT,Malta,1,6,2022-07-03,2022-07-03
Money Heist: Korea - Joint Economic Area,money-heist-korea-joint-economic-area,TV,MQ,Martinique,3,5,2022-06-26,2022-12-18
Money Heist: Korea - Joint Economic Area,money-heist-korea-joint-economic-area,TV,MU,Mauritius,3,3,2022-06-26,2022-12-18
Money Heist: Korea - Joint Economic Area,money-heist-korea-joint-economic-area,TV,MX,Mexico,2,5,2022-06-26,2022-07-03
Money Heist: Korea - Joint Economic Area,money-heist-korea-joint-economic-area,TV,MA,Morocco,5,1,2022-06-26,2022-12-18
Money Heist: Korea - Joint Economic Area,money-heist-korea-joint-economic-area,TV,NC,New Caledonia,2,5,2022-07-03,2022-12-18
Money Heist: Korea - Joint Economic Area,money-heist-korea-joint-economic-area,TV,NI,Nicaragua,2,6,2022-06-26,2022-07-03
Money Heist: Korea - Joint Economic Area,money-heist-korea-joint-economic-area,TV,NG,Nigeria,4,4,2022-06-26,2022-12-18
Money Heist: Korea - Joint Economic Area,money-heist-korea-joint-economic-area,TV,OM,Oman,4,4,2022-06-26,2022-12-18
Money Heist: Korea - Joint Economic Area,money-heist-korea-joint-economic-area,TV,PK,Pakistan,4,5,2022-06-26,2022-12-18
Money Heist: Korea - Joint Economic Area,money-heist-korea-joint-economic-area,TV,PA,Panama,3,4,2022-06-26,2022-12-18
Money Heist: Korea - Joint Economic Area,money-heist-korea-joint-economic-area,TV,PY,Paraguay,2,3,2022-06-26,2022-07-03
Money Heist: Korea - Joint Economic Area,money-heist-korea-joint-economic-area,TV,PE,Peru,4,4,2022-06-26,2022-12-18
Money Heist: Korea - Joint Economic Area,money-heist-korea-joint-economic-area,TV,PH,Philippines,6,3,2022-06-26,2022-12-25
Money Heist: Korea - Joint Economic Area,money-heist-korea-joint-economic-area,TV,PL,Poland,2,4,2022-06-26,2022-07-03
Money Heist: Korea - Joint Economic Area,money-heist-korea-joint-economic-area,TV,PT,Portugal,2,3,2022-06-26,2022-07-03
Money Heist: Korea - Joint Economic Area,money-heist-korea-joint-economic-area,TV,QA,Qatar,3,4,2022-06-26,2022-12-18
Money Heist: Korea - Joint Economic Area,money-heist-korea-joint-economic-area,TV,RE,Réunion,2,4,2022-07-03,2022-12-18
Money Heist: Korea - Joint Economic Area,money-heist-korea-joint-economic-area,TV,SA,Saudi Arabia,4,3,2022-06-26,2022-12-18
Money Heist: Korea - Joint Economic Area,money-heist-korea-joint-economic-area,TV,RS,Serbia,1,9,2022-07-03,2022-07-03
Money Heist: Korea - Joint Economic Area,money-heist-korea-joint-economic-area,TV,SG,Singapore,7,2,2022-06-26,2022-12-25
Money Heist: Korea - Joint Economic Area,money-heist-korea-joint-economic-area,TV,SI,Slovenia,1,10,2022-07-03,2022-07-03
Money Heist: Korea - Joint Economic Area,money-heist-korea-joint-economic-area,TV,ZA,South Africa,1,8,2022-07-03,2022-07-03
Money Heist: Korea - Joint Economic Area,money-heist-korea-joint-economic-area,TV,KR,South Korea,7,1,2022-06-26,2022-12-25
Money Heist: Korea - Joint Economic Area,money-heist-korea-joint-economic-area,TV,ES,Spain,1,8,2022-07-03,2022-07-03
Money Heist: Korea - Joint Economic Area,money-heist-korea-joint-economic-area,TV,LK,Sri Lanka,1,7,2022-07-03,2022-07-03
Money Heist: Korea - Joint Economic Area,money-heist-korea-joint-economic-area,TV,CH,Switzerland,1,5,2022-07-03,2022-07-03
Money Heist: Korea - Joint Economic Area,money-heist-korea-joint-economic-area,TV,TW,Taiwan,5,1,2022-06-26,2022-12-18
Money Heist: Korea - Joint Economic Area,money-heist-korea-joint-economic-area,TV,TH,Thailand,5,1,2022-06-26,2022-12-18
Money Heist: Korea - Joint Economic Area,money-heist-korea-joint-economic-area,TV,TT,Trinidad and Tobago,2,6,2022-07-03,2022-12-18
Money Heist: Korea - Joint Economic Area,money-heist-korea-joint-economic-area,TV,TR,Turkey,5,5,2022-06-26,2022-12-18
Money Heist: Korea - Joint Economic Area,money-heist-korea-joint-economic-area,TV,AE,United Arab Emirates,4,5,2022-06-26,2022-12-18
Money Heist: Korea - Joint Economic Area,money-heist-korea-joint-economic-area,TV,UY,Uruguay,1,9,2022-07-03,2022-07-03
Money Heist: Korea - Joint Economic Area,money-heist-korea-joint-economic-area,TV,VE,Venezuela,2,5,2022-06-26,2022-07-03
Money Heist: Korea - Joint Economic Area,money-heist-korea-joint-economic-area,TV,VN,Vietnam,7,1,2022-06-26,2022-12-25
Monster,monster,Films,BS,Bahamas,1,4,2024-05-19,2024-05-19
Monster,monster,Films,BR,Brazil,1,9,2024-05-19,2024-05-19
Monster,monster,Films,CO,Colombia,1,10,2024-05-19,2024-05-19
Monster,monster,Films,DO,Dominican Republic,1,8,2024-05-19,2024-05-19
Monster,monster,Films,FI,Finland,1,10,2024-05-19,2024-05-19
Monster,monster,Films,FR,France,1,10,2024-05-19,2024-05-19
Monster,monster,Films,GR,Greece,1,10,2024-05-19,2024-05-19
Monster,monster,Films,GP,Guadeloupe,1,6,2024-05-19,2024-05-19
Monster,monster,Films,HK,Hong Kong,1,10,2024-05-19,2024-05-19
Monster,monster,Films,ID,Indonesia,2,6,2024-05-19,2024-05-26
Monster,monster,Films,JM,Jamaica,1,8,2024-05-19,2024-05-19
Monster,monster,Films,JP,Japan,11,2,2021-10-10,2026-01-18
Monster,monster,Films,MY,Malaysia,2,8,2024-05-19,2024-05-26
Monster,monster,Films,MV,Maldives,1,8,2024-05-19,2024-05-19
Monster,monster,Films,MQ,Martinique,1,6,2024-05-19,2024-05-19
Monster,monster,Films,MU,Mauritius,1,9,2024-05-19,2024-05-19
Monster,monster,Films,NI,Nicaragua,1,10,2024-05-19,2024-05-19
Monster,monster,Films,NG,Nigeria,2,9,2024-05-19,2024-05-26
Monster,monster,Films,PE,Peru,1,10,2024-05-19,2024-05-19
Monster,monster,Films,PH,Philippines,1,9,2024-05-19,2024-05-19
Monster,monster,Films,PT,Portugal,1,9,2024-05-19,2024-05-19
Monster,monster,Films,RE,Réunion,1,7,2024-05-19,2024-05-19
Monster,monster,Films,SA,Saudi Arabia,1,6,2024-05-26,2024-05-26
Monster,monster,Films,SG,Singapore,1,10,2024-05-19,2024-05-19
Monster,monster,Films,ES,Spain,1,9,2024-05-19,2024-05-19
Monster,monster,Films,TT,Trinidad and Tobago,1,10,2024-05-19,2024-05-19
Monster,monster,Films,TR,Turkey,1,10,2024-05-19,2024-05-19
Montage,montage,Films,KR,South Korea,1,9,2026-05-03,2026-05-03
Monthly Magazine Home,monthly-magazine-home,TV,KR,South Korea,2,6,2021-08-15,2021-08-22
More Than Blue,more-than-blue,Films,PH,Philippines,5,1,2022-05-08,2022-06-05
More Than Family,more-than-family,Films,KR,South Korea,1,3,2021-12-12,2021-12-12
Morning Glory,morning-glory,Films,AT,Austria,2,4,2024-05-05,2024-05-12
Morning Glory,morning-glory,Films,CA,Canada,1,4,2024-05-05,2024-05-05
Morning Glory,morning-glory,Films,DE,Germany,2,7,2024-05-05,2024-05-12
Morning Glory,morning-glory,Films,IL,Israel,2,7,2022-09-11,2022-09-18
Morning Glory,morning-glory,Films,CH,Switzerland,2,4,2024-05-05,2024-05-12
Mothers,mothers,Films,CZ,Czech Republic,5,1,2021-10-24,2021-11-21
Mothers,mothers,Films,SK,Slovakia,5,1,2021-10-24,2021-11-21
Moving On,moving-on,Films,AT,Austria,1,7,2025-03-09,2025-03-09
Moving On,moving-on,Films,CY,Cyprus,1,6,2024-11-10,2024-11-10
Moving On,moving-on,Films,IS,Iceland,1,7,2025-03-16,2025-03-16
Moving On,moving-on,Films,IL,Israel,1,2,2024-09-08,2024-09-08
Moving On,moving-on,Films,KE,Kenya,1,4,2024-06-09,2024-06-09
Moving On,moving-on,Films,NL,Netherlands,1,8,2024-04-14,2024-04-14
Moving On,moving-on,Films,ZA,South Africa,1,6,2024-06-09,2024-06-09
Moving On,moving-on,Films,ES,Spain,1,8,2024-12-29,2024-12-29
Moving On,moving-on,Films,US,United States,1,6,2025-09-21,2025-09-21
Mr. Plankton,mr-plankton,TV,BH,Bahrain,2,6,2024-11-17,2024-11-24
Mr. Plankton,mr-plankton,TV,BD,Bangladesh,4,1,2024-11-17,2024-12-08
Mr. Plankton,mr-plankton,TV,BO,Bolivia,2,5,2024-11-17,2024-11-24
Mr. Plankton,mr-plankton,TV,BR,Brazil,1,7,2024-11-17,2024-11-17
Mr. Plankton,mr-plankton,TV,CL,Chile,1,7,2024-11-17,2024-11-17
Mr. Plankton,mr-plankton,TV,CO,Colombia,2,6,2024-11-17,2024-11-24
Mr. Plankton,mr-plankton,TV,CR,Costa Rica,1,8,2024-11-17,2024-11-17
Mr. Plankton,mr-plankton,TV,DO,Dominican Republic,2,5,2024-11-17,2024-11-24
Mr. Plankton,mr-plankton,TV,EC,Ecuador,2,7,2024-11-17,2024-11-24
Mr. Plankton,mr-plankton,TV,EG,Egypt,1,10,2024-11-17,2024-11-17
Mr. Plankton,mr-plankton,TV,SV,El Salvador,2,6,2024-11-17,2024-11-24
Mr. Plankton,mr-plankton,TV,GT,Guatemala,2,6,2024-11-17,2024-11-24
Mr. Plankton,mr-plankton,TV,HN,Honduras,2,5,2024-11-17,2024-11-24
Mr. Plankton,mr-plankton,TV,HK,Hong Kong,1,8,2024-11-17,2024-11-17
Mr. Plankton,mr-plankton,TV,IN,India,3,4,2024-11-17,2024-12-01
Mr. Plankton,mr-plankton,TV,ID,Indonesia,5,2,2024-11-10,2024-12-08
Mr. Plankton,mr-plankton,TV,JP,Japan,1,8,2024-11-17,2024-11-17
Mr. Plankton,mr-plankton,TV,JO,Jordan,2,7,2024-11-17,2024-11-24
Mr. Plankton,mr-plankton,TV,KW,Kuwait,2,6,2024-11-17,2024-11-24
Mr. Plankton,mr-plankton,TV,MY,Malaysia,5,2,2024-11-10,2024-12-08
Mr. Plankton,mr-plankton,TV,MV,Maldives,3,3,2024-11-17,2024-12-01
Mr. Plankton,mr-plankton,TV,MX,Mexico,1,8,2024-11-17,2024-11-17
Mr. Plankton,mr-plankton,TV,MA,Morocco,2,7,2024-11-17,2024-11-24
Mr. Plankton,mr-plankton,TV,NI,Nicaragua,2,5,2024-11-17,2024-11-24
Mr. Plankton,mr-plankton,TV,NG,Nigeria,2,6,2024-11-17,2024-11-24
Mr. Plankton,mr-plankton,TV,OM,Oman,2,5,2024-11-17,2024-11-24
Mr. Plankton,mr-plankton,TV,PK,Pakistan,4,3,2024-11-17,2024-12-08
Mr. Plankton,mr-plankton,TV,PA,Panama,1,8,2024-11-17,2024-11-17
Mr. Plankton,mr-plankton,TV,PY,Paraguay,2,7,2024-11-17,2024-11-24
Mr. Plankton,mr-plankton,TV,PE,Peru,3,5,2024-11-17,2024-12-01
Mr. Plankton,mr-plankton,TV,PH,Philippines,3,3,2024-11-17,2024-12-01
Mr. Plankton,mr-plankton,TV,QA,Qatar,2,4,2024-11-17,2024-11-24
Mr. Plankton,mr-plankton,TV,SA,Saudi Arabia,2,5,2024-11-17,2024-11-24
Mr. Plankton,mr-plankton,TV,SG,Singapore,3,3,2024-11-17,2024-12-01
Mr. Plankton,mr-plankton,TV,KR,South Korea,6,1,2024-11-10,2024-12-15
Mr. Plankton,mr-plankton,TV,LK,Sri Lanka,2,6,2024-11-17,2024-11-24
Mr. Plankton,mr-plankton,TV,TW,Taiwan,3,8,2024-11-17,2024-12-01
Mr. Plankton,mr-plankton,TV,TH,Thailand,3,3,2024-11-10,2024-11-24
Mr. Plankton,mr-plankton,TV,TR,Turkey,1,10,2024-11-17,2024-11-17
Mr. Plankton,mr-plankton,TV,AE,United Arab Emirates,2,6,2024-11-17,2024-11-24
Mr. Plankton,mr-plankton,TV,VE,Venezuela,1,7,2024-11-17,2024-11-17
Mr. Plankton,mr-plankton,TV,VN,Vietnam,5,2,2024-11-17,2024-12-15
Mr. Queen,mr-queen,TV,BH,Bahrain,6,1,2023-02-19,2023-04-02
Mr. Queen,mr-queen,TV,BD,Bangladesh,6,2,2023-02-19,2023-03-26
Mr. Queen,mr-queen,TV,BO,Bolivia,6,1,2023-02-19,2023-03-26
Mr. Queen,mr-queen,TV,BR,Brazil,3,9,2023-02-19,2023-03-05
Mr. Queen,mr-queen,TV,CL,Chile,3,4,2023-02-19,2023-03-05
Mr. Queen,mr-queen,TV,CO,Colombia,1,6,2023-02-26,2023-02-26
Mr. Queen,mr-queen,TV,CR,Costa Rica,1,10,2023-02-26,2023-02-26
Mr. Queen,mr-queen,TV,DO,Dominican Republic,3,3,2023-02-19,2023-03-05
Mr. Queen,mr-queen,TV,EC,Ecuador,3,5,2023-02-19,2023-03-05
Mr. Queen,mr-queen,TV,EG,Egypt,1,7,2023-02-26,2023-02-26
Mr. Queen,mr-queen,TV,SV,El Salvador,5,4,2023-02-19,2023-03-19
Mr. Queen,mr-queen,TV,GT,Guatemala,2,5,2023-02-26,2023-03-05
Mr. Queen,mr-queen,TV,HN,Honduras,3,2,2023-02-19,2023-03-05
Mr. Queen,mr-queen,TV,HK,Hong Kong,9,2,2023-02-19,2023-04-16
Mr. Queen,mr-queen,TV,IN,India,1,5,2023-02-26,2023-02-26
Mr. Queen,mr-queen,TV,ID,Indonesia,11,2,2023-02-19,2023-04-30
Mr. Queen,mr-queen,TV,JP,Japan,1,9,2024-08-11,2024-08-11
Mr. Queen,mr-queen,TV,JO,Jordan,3,5,2023-02-19,2023-03-05
Mr. Queen,mr-queen,TV,KE,Kenya,2,6,2023-02-19,2023-02-26
Mr. Queen,mr-queen,TV,KW,Kuwait,6,3,2023-02-19,2023-03-26
Mr. Queen,mr-queen,TV,MY,Malaysia,10,1,2023-02-19,2023-04-23
Mr. Queen,mr-queen,TV,MV,Maldives,7,3,2023-02-19,2023-04-09
Mr. Queen,mr-queen,TV,MU,Mauritius,1,8,2023-02-26,2023-02-26
Mr. Queen,mr-queen,TV,MX,Mexico,3,3,2023-02-19,2023-03-05
Mr. Queen,mr-queen,TV,MA,Morocco,2,8,2023-02-19,2023-02-26
Mr. Queen,mr-queen,TV,NI,Nicaragua,3,5,2023-02-19,2023-03-05
Mr. Queen,mr-queen,TV,NG,Nigeria,9,1,2023-02-19,2023-04-16
Mr. Queen,mr-queen,TV,OM,Oman,6,2,2023-02-19,2023-04-02
Mr. Queen,mr-queen,TV,PA,Panama,1,7,2023-02-26,2023-02-26
Mr. Queen,mr-queen,TV,PY,Paraguay,1,7,2023-02-26,2023-02-26
Mr. Queen,mr-queen,TV,PE,Peru,6,1,2023-02-19,2023-03-26
Mr. Queen,mr-queen,TV,PH,Philippines,8,1,2023-02-19,2023-04-09
Mr. Queen,mr-queen,TV,QA,Qatar,9,1,2023-02-19,2023-04-16
Mr. Queen,mr-queen,TV,SA,Saudi Arabia,9,3,2023-02-19,2023-04-16
Mr. Queen,mr-queen,TV,SG,Singapore,8,2,2023-02-19,2023-04-09
Mr. Queen,mr-queen,TV,KR,South Korea,9,2,2023-02-19,2023-04-16
Mr. Queen,mr-queen,TV,LK,Sri Lanka,10,1,2023-02-19,2023-04-23
Mr. Queen,mr-queen,TV,TW,Taiwan,9,2,2023-02-19,2023-04-16
Mr. Queen,mr-queen,TV,TH,Thailand,7,1,2023-02-19,2023-04-02
Mr. Queen,mr-queen,TV,TR,Turkey,3,7,2023-02-19,2023-03-05
Mr. Queen,mr-queen,TV,AE,United Arab Emirates,5,2,2023-02-19,2023-03-19
Mr. Queen,mr-queen,TV,VE,Venezuela,1,8,2023-02-26,2023-02-26
Mr. Queen,mr-queen,TV,VN,Vietnam,10,2,2023-02-19,2023-04-30
Mr. Right,mr-right,Films,AU,Australia,2,5,2024-10-06,2024-10-13
Mr. Right,mr-right,Films,NZ,New Zealand,1,8,2024-10-06,2024-10-06
Mr. Robot,mr-robot,TV,BH,Bahrain,2,4,2021-08-29,2021-09-05
Mr. Robot,mr-robot,TV,BD,Bangladesh,1,5,2021-08-29,2021-08-29
Mr. Robot,mr-robot,TV,BG,Bulgaria,2,5,2021-10-17,2021-10-24
Mr. Robot,mr-robot,TV,CY,Cyprus,2,6,2021-08-29,2021-09-05
Mr. Robot,mr-robot,TV,DK,Denmark,1,7,2021-10-17,2021-10-17
Mr. Robot,mr-robot,TV,EG,Egypt,3,4,2021-08-29,2021-09-12
Mr. Robot,mr-robot,TV,FI,Finland,1,8,2021-10-17,2021-10-17
Mr. Robot,mr-robot,TV,FR,France,3,1,2021-08-29,2021-09-12
Mr. Robot,mr-robot,TV,GR,Greece,2,2,2021-08-29,2021-09-05
Mr. Robot,mr-robot,TV,GP,Guadeloupe,2,3,2021-08-29,2021-09-05
Mr. Robot,mr-robot,TV,HK,Hong Kong,2,4,2021-08-29,2021-09-05
Mr. Robot,mr-robot,TV,IS,Iceland,1,9,2021-10-17,2021-10-17
Mr. Robot,mr-robot,TV,ID,Indonesia,1,9,2021-08-29,2021-08-29
Mr. Robot,mr-robot,TV,IL,Israel,2,8,2021-08-29,2021-09-05
Mr. Robot,mr-robot,TV,IT,Italy,2,3,2021-08-29,2021-09-05
Mr. Robot,mr-robot,TV,JO,Jordan,2,4,2021-08-29,2021-09-05
Mr. Robot,mr-robot,TV,KE,Kenya,1,4,2021-08-29,2021-08-29
Mr. Robot,mr-robot,TV,KW,Kuwait,2,4,2021-08-29,2021-09-05
Mr. Robot,mr-robot,TV,LB,Lebanon,2,6,2021-08-29,2021-09-05
Mr. Robot,mr-robot,TV,MY,Malaysia,1,10,2021-08-29,2021-08-29
Mr. Robot,mr-robot,TV,MV,Maldives,2,4,2021-08-29,2021-09-05
Mr. Robot,mr-robot,TV,MT,Malta,1,8,2021-10-17,2021-10-17
Mr. Robot,mr-robot,TV,MQ,Martinique,2,4,2021-08-29,2021-09-05
Mr. Robot,mr-robot,TV,MU,Mauritius,1,4,2021-08-29,2021-08-29
Mr. Robot,mr-robot,TV,MA,Morocco,4,2,2021-08-29,2021-09-12
Mr. Robot,mr-robot,TV,NC,New Caledonia,2,1,2021-08-29,2021-09-05
Mr. Robot,mr-robot,TV,NG,Nigeria,1,10,2021-08-29,2021-08-29
Mr. Robot,mr-robot,TV,NO,Norway,1,10,2021-10-17,2021-10-17
Mr. Robot,mr-robot,TV,OM,Oman,1,7,2021-08-29,2021-08-29
Mr. Robot,mr-robot,TV,PK,Pakistan,1,8,2021-08-29,2021-08-29
Mr. Robot,mr-robot,TV,PH,Philippines,1,8,2021-08-29,2021-08-29
Mr. Robot,mr-robot,TV,PL,Poland,2,6,2021-08-29,2021-09-05
Mr. Robot,mr-robot,TV,QA,Qatar,2,4,2021-08-29,2021-09-05
Mr. Robot,mr-robot,TV,RE,Réunion,2,1,2021-08-29,2021-09-05
Mr. Robot,mr-robot,TV,RO,Romania,2,6,2021-10-10,2021-10-17
Mr. Robot,mr-robot,TV,SA,Saudi Arabia,3,2,2021-08-29,2021-09-12
Mr. Robot,mr-robot,TV,SG,Singapore,1,7,2021-08-29,2021-08-29
Mr. Robot,mr-robot,TV,SI,Slovenia,1,5,2021-10-17,2021-10-17
Mr. Robot,mr-robot,TV,ZA,South Africa,1,4,2021-08-29,2021-08-29
Mr. Robot,mr-robot,TV,LK,Sri Lanka,2,4,2021-08-29,2021-09-05
Mr. Robot,mr-robot,TV,SE,Sweden,1,10,2021-10-17,2021-10-17
Mr. Robot,mr-robot,TV,TR,Turkey,3,1,2021-08-29,2021-09-12
Mr. Robot,mr-robot,TV,AE,United Arab Emirates,2,4,2021-08-29,2021-09-05
Mr. Sunshine,mr-sunshine,TV,KR,South Korea,23,7,2021-08-22,2023-04-23
Ms. Apocalypse,ms-apocalypse,Films,KR,South Korea,2,4,2024-07-28,2024-08-04
Murder Report,murder-report,Films,KR,South Korea,6,1,2025-12-14,2026-01-18
Murderer,murderer,Films,ID,Indonesia,1,5,2023-11-12,2023-11-12
Murderer,murderer,Films,MY,Malaysia,1,3,2023-11-12,2023-11-12
Murderer,murderer,Films,PH,Philippines,1,3,2023-11-12,2023-11-12
Murderer,murderer,Films,SG,Singapore,1,8,2023-11-12,2023-11-12
Murderer,murderer,Films,TH,Thailand,1,7,2023-11-12,2023-11-12
Murderer,murderer,Films,VN,Vietnam,2,2,2023-11-12,2023-11-19
Musudan,musudan,Films,KR,South Korea,1,4,2021-11-21,2021-11-21
My Absolute Boyfriend,my-absolute-boyfriend,TV,JP,Japan,3,4,2022-11-13,2022-11-27
My Annoying Brother,my-annoying-brother,Films,ID,Indonesia,4,1,2025-03-02,2025-03-23
My Annoying Brother,my-annoying-brother,Films,MY,Malaysia,1,10,2025-03-09,2025-03-09
"My Boss, My Teacher",my-boss-my-teacher,Films,KR,South Korea,2,7,2022-11-20,2022-11-27
My Country: The New Age,my-country-the-new-age,TV,JP,Japan,3,3,2021-08-08,2021-08-22
My Demon,my-demon,TV,AR,Argentina,5,8,2023-12-03,2023-12-31
My Demon,my-demon,TV,BH,Bahrain,10,3,2023-11-26,2024-01-28
My Demon,my-demon,TV,BD,Bangladesh,13,2,2023-11-26,2024-08-11
My Demon,my-demon,TV,BO,Bolivia,10,1,2023-12-03,2024-02-04
My Demon,my-demon,TV,BR,Brazil,10,3,2023-12-03,2024-02-04
My Demon,my-demon,TV,BG,Bulgaria,4,6,2023-11-26,2023-12-17
My Demon,my-demon,TV,CL,Chile,9,3,2023-12-03,2024-01-28
My Demon,my-demon,TV,CO,Colombia,10,1,2023-12-03,2024-02-04
My Demon,my-demon,TV,CR,Costa Rica,9,3,2023-12-03,2024-01-28
My Demon,my-demon,TV,CY,Cyprus,2,8,2023-11-26,2023-12-03
My Demon,my-demon,TV,DO,Dominican Republic,10,1,2023-12-03,2024-02-04
My Demon,my-demon,TV,EC,Ecuador,11,1,2023-12-03,2024-02-11
My Demon,my-demon,TV,EG,Egypt,7,4,2023-11-26,2024-01-28
My Demon,my-demon,TV,SV,El Salvador,10,1,2023-12-03,2024-02-04
My Demon,my-demon,TV,EE,Estonia,3,8,2023-11-26,2023-12-10
My Demon,my-demon,TV,FI,Finland,1,10,2023-12-03,2023-12-03
My Demon,my-demon,TV,GR,Greece,4,5,2023-11-26,2023-12-17
My Demon,my-demon,TV,GP,Guadeloupe,2,8,2023-11-26,2023-12-03
My Demon,my-demon,TV,GT,Guatemala,9,1,2023-12-03,2024-01-28
My Demon,my-demon,TV,HN,Honduras,10,1,2023-12-03,2024-02-04
My Demon,my-demon,TV,HK,Hong Kong,12,1,2023-11-26,2024-02-11
My Demon,my-demon,TV,HU,Hungary,2,9,2023-11-26,2023-12-03
My Demon,my-demon,TV,IN,India,12,2,2023-11-26,2024-06-16
My Demon,my-demon,TV,ID,Indonesia,12,1,2023-11-26,2024-02-11
My Demon,my-demon,TV,IL,Israel,2,9,2023-11-26,2023-12-03
My Demon,my-demon,TV,JM,Jamaica,2,7,2023-11-26,2023-12-10
My Demon,my-demon,TV,JP,Japan,9,2,2023-11-26,2024-01-21
My Demon,my-demon,TV,JO,Jordan,10,3,2023-11-26,2024-01-28
My Demon,my-demon,TV,KE,Kenya,5,4,2023-11-26,2023-12-24
My Demon,my-demon,TV,KW,Kuwait,10,2,2023-11-26,2024-01-28
My Demon,my-demon,TV,LB,Lebanon,4,8,2023-11-26,2023-12-17
My Demon,my-demon,TV,LT,Lithuania,1,8,2023-12-03,2023-12-03
My Demon,my-demon,TV,MY,Malaysia,12,1,2023-11-26,2024-02-11
My Demon,my-demon,TV,MV,Maldives,11,1,2023-11-26,2024-02-04
My Demon,my-demon,TV,MQ,Martinique,2,8,2023-11-26,2023-12-03
My Demon,my-demon,TV,MU,Mauritius,6,5,2023-11-26,2023-12-31
My Demon,my-demon,TV,MX,Mexico,9,2,2023-12-03,2024-01-28
My Demon,my-demon,TV,MA,Morocco,10,3,2023-11-26,2024-01-28
My Demon,my-demon,TV,NC,New Caledonia,2,7,2023-11-26,2023-12-03
My Demon,my-demon,TV,NI,Nicaragua,10,1,2023-12-03,2024-02-04
My Demon,my-demon,TV,NG,Nigeria,12,1,2023-11-26,2024-02-11
My Demon,my-demon,TV,OM,Oman,10,3,2023-11-26,2024-01-28
My Demon,my-demon,TV,PK,Pakistan,16,4,2023-11-26,2024-07-14
My Demon,my-demon,TV,PA,Panama,9,3,2023-12-03,2024-01-28
My Demon,my-demon,TV,PY,Paraguay,10,3,2023-12-03,2024-02-04
My Demon,my-demon,TV,PE,Peru,10,1,2023-12-03,2024-02-04
My Demon,my-demon,TV,PH,Philippines,12,1,2023-11-26,2024-02-11
My Demon,my-demon,TV,PL,Poland,1,10,2023-11-26,2023-11-26
My Demon,my-demon,TV,PT,Portugal,3,6,2023-11-26,2023-12-10
My Demon,my-demon,TV,QA,Qatar,10,3,2023-11-26,2024-01-28
My Demon,my-demon,TV,RE,Réunion,4,6,2023-11-26,2023-12-17
My Demon,my-demon,TV,RO,Romania,6,5,2023-11-26,2023-12-31
My Demon,my-demon,TV,SA,Saudi Arabia,8,3,2023-11-26,2024-01-21
My Demon,my-demon,TV,RS,Serbia,1,9,2023-12-03,2023-12-03
My Demon,my-demon,TV,SG,Singapore,11,1,2023-11-26,2024-02-04
My Demon,my-demon,TV,ZA,South Africa,2,10,2023-11-26,2023-12-03
My Demon,my-demon,TV,KR,South Korea,10,3,2023-11-26,2024-01-28
My Demon,my-demon,TV,LK,Sri Lanka,11,1,2023-11-26,2024-02-04
My Demon,my-demon,TV,TW,Taiwan,11,1,2023-11-26,2024-02-04
My Demon,my-demon,TV,TH,Thailand,12,1,2023-11-26,2024-02-11
My Demon,my-demon,TV,TT,Trinidad and Tobago,2,9,2023-11-26,2023-12-10
My Demon,my-demon,TV,TR,Turkey,8,6,2023-11-26,2024-01-21
My Demon,my-demon,TV,AE,United Arab Emirates,10,3,2023-11-26,2024-01-28
My Demon,my-demon,TV,UY,Uruguay,2,9,2023-12-03,2023-12-10
My Demon,my-demon,TV,VE,Venezuela,10,2,2023-12-03,2024-02-04
My Demon,my-demon,TV,VN,Vietnam,13,1,2023-11-26,2024-02-18
My First Client,my-first-client,Films,JP,Japan,2,7,2021-07-04,2021-07-11
My Girl,my-girl,Films,SV,El Salvador,1,9,2021-07-04,2021-07-04
My Golden Life,my-golden-life,TV,VN,Vietnam,3,6,2022-08-07,2022-08-21
My Happy Ending,my-happy-ending,TV,KR,South Korea,6,4,2024-01-07,2024-02-11
My Heart Puppy,my-heart-puppy,Films,KR,South Korea,1,6,2024-09-29,2024-09-29
My ID is Gangnam Beauty,my-id-is-gangnam-beauty,TV,CL,Chile,1,10,2022-03-06,2022-03-06
My ID is Gangnam Beauty,my-id-is-gangnam-beauty,TV,SV,El Salvador,2,8,2022-03-06,2022-03-13
My ID is Gangnam Beauty,my-id-is-gangnam-beauty,TV,HN,Honduras,3,9,2022-03-06,2022-03-20
My ID is Gangnam Beauty,my-id-is-gangnam-beauty,TV,HK,Hong Kong,3,4,2022-08-07,2022-08-21
My ID is Gangnam Beauty,my-id-is-gangnam-beauty,TV,ID,Indonesia,1,10,2023-02-26,2023-02-26
My ID is Gangnam Beauty,my-id-is-gangnam-beauty,TV,MY,Malaysia,3,7,2023-02-19,2023-03-05
My ID is Gangnam Beauty,my-id-is-gangnam-beauty,TV,MX,Mexico,1,10,2022-03-06,2022-03-06
My ID is Gangnam Beauty,my-id-is-gangnam-beauty,TV,NI,Nicaragua,3,8,2022-03-06,2022-03-20
My ID is Gangnam Beauty,my-id-is-gangnam-beauty,TV,PE,Peru,3,7,2022-03-06,2022-03-20
My ID is Gangnam Beauty,my-id-is-gangnam-beauty,TV,PH,Philippines,1,9,2023-02-26,2023-02-26
My ID is Gangnam Beauty,my-id-is-gangnam-beauty,TV,TW,Taiwan,2,6,2021-11-07,2021-11-14
My Liberation Notes,my-liberation-notes,TV,BD,Bangladesh,1,10,2022-06-05,2022-06-05
My Liberation Notes,my-liberation-notes,TV,HK,Hong Kong,7,4,2022-05-08,2022-06-19
My Liberation Notes,my-liberation-notes,TV,ID,Indonesia,11,1,2022-04-17,2022-06-26
My Liberation Notes,my-liberation-notes,TV,JP,Japan,3,6,2022-05-22,2022-06-05
My Liberation Notes,my-liberation-notes,TV,MY,Malaysia,8,2,2022-05-01,2022-06-19
My Liberation Notes,my-liberation-notes,TV,MV,Maldives,2,10,2022-05-29,2022-06-05
My Liberation Notes,my-liberation-notes,TV,PH,Philippines,5,5,2022-05-08,2022-06-05
My Liberation Notes,my-liberation-notes,TV,QA,Qatar,2,8,2022-05-29,2022-06-05
My Liberation Notes,my-liberation-notes,TV,SA,Saudi Arabia,1,8,2022-06-05,2022-06-05
My Liberation Notes,my-liberation-notes,TV,SG,Singapore,4,6,2022-05-15,2022-06-05
My Liberation Notes,my-liberation-notes,TV,KR,South Korea,15,1,2022-04-17,2022-07-24
My Liberation Notes,my-liberation-notes,TV,TW,Taiwan,10,1,2022-05-01,2022-07-03
My Liberation Notes,my-liberation-notes,TV,TH,Thailand,4,2,2022-05-15,2022-06-05
My Liberation Notes,my-liberation-notes,TV,AE,United Arab Emirates,1,9,2022-06-05,2022-06-05
My Liberation Notes,my-liberation-notes,TV,VN,Vietnam,9,1,2022-04-24,2022-06-19
"My Love, My Bride",my-love-my-bride,Films,KR,South Korea,1,6,2022-11-20,2022-11-20
My Lovely Liar,my-lovely-liar,TV,MV,Maldives,1,7,2025-09-28,2025-09-28
My Lovely Liar,my-lovely-liar,TV,KR,South Korea,1,7,2025-09-28,2025-09-28
My Lovely Liar,my-lovely-liar,TV,TW,Taiwan,2,6,2025-09-28,2025-10-05
My Mister,my-mister,TV,KR,South Korea,8,5,2021-07-04,2022-06-19
My Name,my-name,TV,AR,Argentina,3,4,2021-10-17,2021-10-31
My Name,my-name,TV,AU,Australia,1,4,2021-10-24,2021-10-24
My Name,my-name,TV,AT,Austria,3,3,2021-10-17,2021-10-31
My Name,my-name,TV,BS,Bahamas,3,2,2021-10-17,2021-10-31
My Name,my-name,TV,BH,Bahrain,6,3,2021-10-17,2021-11-21
My Name,my-name,TV,BD,Bangladesh,5,3,2021-10-17,2021-11-14
My Name,my-name,TV,BE,Belgium,2,4,2021-10-24,2021-10-31
My Name,my-name,TV,BO,Bolivia,3,4,2021-10-17,2021-10-31
My Name,my-name,TV,BR,Brazil,2,6,2021-10-17,2021-10-24
My Name,my-name,TV,BG,Bulgaria,1,4,2021-10-24,2021-10-24
My Name,my-name,TV,CA,Canada,1,6,2021-10-24,2021-10-24
My Name,my-name,TV,CL,Chile,3,4,2021-10-17,2021-10-31
My Name,my-name,TV,CO,Colombia,1,5,2021-10-24,2021-10-24
My Name,my-name,TV,CR,Costa Rica,1,6,2021-10-24,2021-10-24
My Name,my-name,TV,CY,Cyprus,3,3,2021-10-17,2021-10-31
My Name,my-name,TV,CZ,Czech Republic,1,10,2021-10-24,2021-10-24
My Name,my-name,TV,DK,Denmark,1,6,2021-10-24,2021-10-24
My Name,my-name,TV,DO,Dominican Republic,3,3,2021-10-17,2021-10-31
My Name,my-name,TV,EC,Ecuador,3,3,2021-10-17,2021-10-31
My Name,my-name,TV,EG,Egypt,3,4,2021-10-24,2021-11-07
My Name,my-name,TV,SV,El Salvador,2,4,2021-10-17,2021-10-24
My Name,my-name,TV,EE,Estonia,1,8,2021-10-24,2021-10-24
My Name,my-name,TV,FI,Finland,1,4,2021-10-24,2021-10-24
My Name,my-name,TV,FR,France,3,3,2021-10-17,2021-10-31
My Name,my-name,TV,DE,Germany,3,3,2021-10-17,2021-10-31
My Name,my-name,TV,GR,Greece,4,4,2021-10-17,2021-11-07
My Name,my-name,TV,GP,Guadeloupe,3,5,2021-10-17,2021-10-31
My Name,my-name,TV,GT,Guatemala,2,6,2021-10-17,2021-10-24
My Name,my-name,TV,HN,Honduras,3,3,2021-10-17,2021-10-31
My Name,my-name,TV,HK,Hong Kong,7,1,2021-10-17,2021-11-28
My Name,my-name,TV,HU,Hungary,1,10,2021-10-24,2021-10-24
My Name,my-name,TV,IS,Iceland,1,8,2021-10-24,2021-10-24
My Name,my-name,TV,IN,India,2,3,2021-10-24,2021-10-31
My Name,my-name,TV,ID,Indonesia,9,2,2021-10-17,2021-12-12
My Name,my-name,TV,IE,Ireland,1,10,2021-10-24,2021-10-24
My Name,my-name,TV,IL,Israel,2,4,2021-10-24,2021-10-31
My Name,my-name,TV,JM,Jamaica,3,2,2021-10-17,2021-10-31
My Name,my-name,TV,JP,Japan,6,2,2021-10-17,2021-11-21
My Name,my-name,TV,JO,Jordan,5,3,2021-10-17,2021-11-14
My Name,my-name,TV,KE,Kenya,4,3,2021-10-17,2021-11-07
My Name,my-name,TV,KW,Kuwait,6,2,2021-10-17,2021-11-21
My Name,my-name,TV,LV,Latvia,1,9,2021-10-24,2021-10-24
My Name,my-name,TV,LB,Lebanon,4,4,2021-10-17,2021-11-07
My Name,my-name,TV,LT,Lithuania,1,8,2021-10-24,2021-10-24
My Name,my-name,TV,LU,Luxembourg,3,5,2021-10-17,2021-10-31
My Name,my-name,TV,MY,Malaysia,8,1,2021-10-17,2021-12-05
My Name,my-name,TV,MV,Maldives,4,4,2021-10-17,2021-11-07
My Name,my-name,TV,MT,Malta,1,6,2021-10-24,2021-10-24
My Name,my-name,TV,MQ,Martinique,3,4,2021-10-17,2021-10-31
My Name,my-name,TV,MU,Mauritius,3,4,2021-10-17,2021-10-31
My Name,my-name,TV,MX,Mexico,3,5,2021-10-17,2021-10-31
My Name,my-name,TV,MA,Morocco,7,1,2021-10-17,2021-11-28
My Name,my-name,TV,NL,Netherlands,1,6,2021-10-24,2021-10-24
My Name,my-name,TV,NC,New Caledonia,3,5,2021-10-17,2021-10-31
My Name,my-name,TV,NZ,New Zealand,1,4,2021-10-24,2021-10-24
My Name,my-name,TV,NI,Nicaragua,2,5,2021-10-17,2021-10-24
My Name,my-name,TV,NG,Nigeria,4,3,2021-10-17,2021-11-07
My Name,my-name,TV,NO,Norway,1,5,2021-10-24,2021-10-24
My Name,my-name,TV,OM,Oman,6,2,2021-10-17,2021-11-21
My Name,my-name,TV,PK,Pakistan,3,3,2021-10-17,2021-10-31
My Name,my-name,TV,PA,Panama,3,5,2021-10-17,2021-10-31
My Name,my-name,TV,PY,Paraguay,2,5,2021-10-17,2021-10-24
My Name,my-name,TV,PE,Peru,3,3,2021-10-17,2021-10-31
My Name,my-name,TV,PH,Philippines,5,2,2021-10-17,2021-11-14
My Name,my-name,TV,PL,Poland,1,4,2021-10-24,2021-10-24
My Name,my-name,TV,PT,Portugal,1,5,2021-10-24,2021-10-24
My Name,my-name,TV,QA,Qatar,5,2,2021-10-17,2021-11-14
My Name,my-name,TV,RE,Réunion,4,3,2021-10-17,2021-11-07
My Name,my-name,TV,RO,Romania,2,4,2021-10-17,2021-10-24
My Name,my-name,TV,SA,Saudi Arabia,9,1,2021-10-17,2021-12-12
My Name,my-name,TV,RS,Serbia,1,5,2021-10-24,2021-10-24
My Name,my-name,TV,SG,Singapore,6,1,2021-10-17,2021-11-21
My Name,my-name,TV,SK,Slovakia,1,10,2021-10-24,2021-10-24
My Name,my-name,TV,SI,Slovenia,1,7,2021-10-24,2021-10-24
My Name,my-name,TV,ZA,South Africa,1,5,2021-10-24,2021-10-24
My Name,my-name,TV,KR,South Korea,8,1,2021-10-17,2021-12-05
My Name,my-name,TV,ES,Spain,1,5,2021-10-24,2021-10-24
My Name,my-name,TV,LK,Sri Lanka,3,4,2021-10-17,2021-10-31
My Name,my-name,TV,SE,Sweden,1,5,2021-10-24,2021-10-24
My Name,my-name,TV,CH,Switzerland,3,4,2021-10-17,2021-10-31
My Name,my-name,TV,TW,Taiwan,6,1,2021-10-17,2021-11-21
My Name,my-name,TV,TH,Thailand,6,1,2021-10-17,2021-11-21
My Name,my-name,TV,TT,Trinidad and Tobago,2,4,2021-10-17,2021-10-24
My Name,my-name,TV,TR,Turkey,4,3,2021-10-17,2021-11-07
My Name,my-name,TV,UA,Ukraine,1,10,2021-10-24,2021-10-24
My Name,my-name,TV,AE,United Arab Emirates,5,3,2021-10-17,2021-11-14
My Name,my-name,TV,GB,United Kingdom,1,7,2021-10-24,2021-10-24
My Name,my-name,TV,US,United States,1,10,2021-10-24,2021-10-24
My Name,my-name,TV,UY,Uruguay,3,5,2021-10-17,2021-10-31
My Name,my-name,TV,VE,Venezuela,3,5,2021-10-17,2021-10-31
My Name,my-name,TV,VN,Vietnam,7,1,2021-10-17,2021-11-28
My Name Is Loh Kiwan,my-name-is-loh-kiwan,Films,BH,Bahrain,1,6,2024-03-10,2024-03-10
My Name Is Loh Kiwan,my-name-is-loh-kiwan,Films,BD,Bangladesh,1,10,2024-03-10,2024-03-10
My Name Is Loh Kiwan,my-name-is-loh-kiwan,Films,BO,Bolivia,1,6,2024-03-10,2024-03-10
My Name Is Loh Kiwan,my-name-is-loh-kiwan,Films,DO,Dominican Republic,1,9,2024-03-10,2024-03-10
My Name Is Loh Kiwan,my-name-is-loh-kiwan,Films,EC,Ecuador,1,8,2024-03-10,2024-03-10
My Name Is Loh Kiwan,my-name-is-loh-kiwan,Films,HK,Hong Kong,3,4,2024-03-03,2024-03-17
My Name Is Loh Kiwan,my-name-is-loh-kiwan,Films,ID,Indonesia,3,2,2024-03-03,2024-03-17
My Name Is Loh Kiwan,my-name-is-loh-kiwan,Films,IL,Israel,1,6,2024-03-10,2024-03-10
My Name Is Loh Kiwan,my-name-is-loh-kiwan,Films,JP,Japan,2,3,2024-03-03,2024-03-10
My Name Is Loh Kiwan,my-name-is-loh-kiwan,Films,JO,Jordan,1,5,2024-03-10,2024-03-10
My Name Is Loh Kiwan,my-name-is-loh-kiwan,Films,KW,Kuwait,1,4,2024-03-10,2024-03-10
My Name Is Loh Kiwan,my-name-is-loh-kiwan,Films,LB,Lebanon,1,7,2024-03-10,2024-03-10
My Name Is Loh Kiwan,my-name-is-loh-kiwan,Films,MY,Malaysia,1,6,2024-03-10,2024-03-10
My Name Is Loh Kiwan,my-name-is-loh-kiwan,Films,MA,Morocco,3,3,2024-03-03,2024-03-17
My Name Is Loh Kiwan,my-name-is-loh-kiwan,Films,NG,Nigeria,1,8,2024-03-10,2024-03-10
My Name Is Loh Kiwan,my-name-is-loh-kiwan,Films,OM,Oman,1,6,2024-03-10,2024-03-10
My Name Is Loh Kiwan,my-name-is-loh-kiwan,Films,PK,Pakistan,1,10,2024-03-10,2024-03-10
My Name Is Loh Kiwan,my-name-is-loh-kiwan,Films,PY,Paraguay,1,10,2024-03-10,2024-03-10
My Name Is Loh Kiwan,my-name-is-loh-kiwan,Films,PE,Peru,1,5,2024-03-10,2024-03-10
My Name Is Loh Kiwan,my-name-is-loh-kiwan,Films,PH,Philippines,2,4,2024-03-03,2024-03-10
My Name Is Loh Kiwan,my-name-is-loh-kiwan,Films,PT,Portugal,1,10,2024-03-10,2024-03-10
My Name Is Loh Kiwan,my-name-is-loh-kiwan,Films,QA,Qatar,2,6,2024-03-03,2024-03-10
My Name Is Loh Kiwan,my-name-is-loh-kiwan,Films,SA,Saudi Arabia,2,4,2024-03-03,2024-03-10
My Name Is Loh Kiwan,my-name-is-loh-kiwan,Films,SG,Singapore,2,4,2024-03-03,2024-03-10
My Name Is Loh Kiwan,my-name-is-loh-kiwan,Films,KR,South Korea,5,1,2024-03-03,2024-03-31
My Name Is Loh Kiwan,my-name-is-loh-kiwan,Films,TW,Taiwan,3,2,2024-03-03,2024-03-17
My Name Is Loh Kiwan,my-name-is-loh-kiwan,Films,TH,Thailand,2,3,2024-03-03,2024-03-10
My Name Is Loh Kiwan,my-name-is-loh-kiwan,Films,TR,Turkey,1,10,2024-03-10,2024-03-10
My Name Is Loh Kiwan,my-name-is-loh-kiwan,Films,AE,United Arab Emirates,1,7,2024-03-10,2024-03-10
My Name Is Loh Kiwan,my-name-is-loh-kiwan,Films,VE,Venezuela,1,8,2024-03-10,2024-03-10
My Name Is Loh Kiwan,my-name-is-loh-kiwan,Films,VN,Vietnam,2,2,2024-03-03,2024-03-10
My Old Lady,my-old-lady,Films,AU,Australia,1,10,2023-06-11,2023-06-11
My Old Lady,my-old-lady,Films,NZ,New Zealand,1,9,2023-06-11,2023-06-11
My Roommate Is a Gumiho,my-roommate-is-a-gumiho,TV,HK,Hong Kong,7,1,2022-05-08,2022-06-19
My Roommate Is a Gumiho,my-roommate-is-a-gumiho,TV,ID,Indonesia,7,4,2022-07-24,2022-09-04
My Roommate Is a Gumiho,my-roommate-is-a-gumiho,TV,JP,Japan,4,2,2023-04-09,2023-04-30
My Roommate Is a Gumiho,my-roommate-is-a-gumiho,TV,MY,Malaysia,3,6,2022-07-24,2022-08-07
My Roommate Is a Gumiho,my-roommate-is-a-gumiho,TV,PH,Philippines,5,2,2022-03-06,2022-04-03
My Roommate Is a Gumiho,my-roommate-is-a-gumiho,TV,SG,Singapore,4,5,2022-07-24,2022-08-14
My Roommate Is a Gumiho,my-roommate-is-a-gumiho,TV,TH,Thailand,5,4,2022-03-06,2022-04-03
My Royal Nemesis,my-royal-nemesis,TV,BH,Bahrain,7,3,2026-05-10,2026-06-21
My Royal Nemesis,my-royal-nemesis,TV,BD,Bangladesh,8,5,2026-05-10,2026-06-28
My Royal Nemesis,my-royal-nemesis,TV,BO,Bolivia,8,1,2026-05-10,2026-06-28
My Royal Nemesis,my-royal-nemesis,TV,BR,Brazil,8,4,2026-05-10,2026-06-28
My Royal Nemesis,my-royal-nemesis,TV,CL,Chile,7,4,2026-05-10,2026-06-21
My Royal Nemesis,my-royal-nemesis,TV,CO,Colombia,7,4,2026-05-10,2026-06-21
My Royal Nemesis,my-royal-nemesis,TV,CR,Costa Rica,7,5,2026-05-10,2026-06-21
My Royal Nemesis,my-royal-nemesis,TV,DO,Dominican Republic,7,2,2026-05-10,2026-06-21
My Royal Nemesis,my-royal-nemesis,TV,EC,Ecuador,8,2,2026-05-10,2026-06-28
My Royal Nemesis,my-royal-nemesis,TV,EG,Egypt,6,6,2026-05-17,2026-06-28
My Royal Nemesis,my-royal-nemesis,TV,SV,El Salvador,8,1,2026-05-10,2026-06-28
My Royal Nemesis,my-royal-nemesis,TV,GR,Greece,5,7,2026-05-10,2026-06-21
My Royal Nemesis,my-royal-nemesis,TV,GP,Guadeloupe,1,10,2026-05-31,2026-05-31
My Royal Nemesis,my-royal-nemesis,TV,GT,Guatemala,8,3,2026-05-10,2026-06-28
My Royal Nemesis,my-royal-nemesis,TV,HN,Honduras,8,1,2026-05-10,2026-06-28
My Royal Nemesis,my-royal-nemesis,TV,HK,Hong Kong,9,1,2026-05-10,2026-07-05
My Royal Nemesis,my-royal-nemesis,TV,IN,India,3,8,2026-05-10,2026-05-24
My Royal Nemesis,my-royal-nemesis,TV,ID,Indonesia,10,1,2026-05-10,2026-07-12
My Royal Nemesis,my-royal-nemesis,TV,JP,Japan,8,2,2026-05-10,2026-06-28
My Royal Nemesis,my-royal-nemesis,TV,JO,Jordan,7,7,2026-05-10,2026-06-21
My Royal Nemesis,my-royal-nemesis,TV,KW,Kuwait,7,4,2026-05-10,2026-06-21
My Royal Nemesis,my-royal-nemesis,TV,MY,Malaysia,9,2,2026-05-10,2026-07-05
My Royal Nemesis,my-royal-nemesis,TV,MV,Maldives,8,3,2026-05-10,2026-06-28
My Royal Nemesis,my-royal-nemesis,TV,MQ,Martinique,1,10,2026-05-31,2026-05-31
My Royal Nemesis,my-royal-nemesis,TV,MU,Mauritius,4,7,2026-05-10,2026-05-31
My Royal Nemesis,my-royal-nemesis,TV,MX,Mexico,7,3,2026-05-10,2026-06-21
My Royal Nemesis,my-royal-nemesis,TV,MA,Morocco,8,4,2026-05-10,2026-06-28
My Royal Nemesis,my-royal-nemesis,TV,NC,New Caledonia,1,8,2026-05-31,2026-05-31
My Royal Nemesis,my-royal-nemesis,TV,NI,Nicaragua,8,1,2026-05-10,2026-06-28
My Royal Nemesis,my-royal-nemesis,TV,NG,Nigeria,7,4,2026-05-10,2026-06-21
My Royal Nemesis,my-royal-nemesis,TV,OM,Oman,8,3,2026-05-10,2026-06-28
My Royal Nemesis,my-royal-nemesis,TV,PA,Panama,7,4,2026-05-10,2026-06-21
My Royal Nemesis,my-royal-nemesis,TV,PY,Paraguay,7,2,2026-05-10,2026-06-21
My Royal Nemesis,my-royal-nemesis,TV,PE,Peru,8,1,2026-05-10,2026-06-28
My Royal Nemesis,my-royal-nemesis,TV,PH,Philippines,8,2,2026-05-10,2026-06-28
My Royal Nemesis,my-royal-nemesis,TV,PT,Portugal,4,9,2026-05-10,2026-05-31
My Royal Nemesis,my-royal-nemesis,TV,QA,Qatar,8,3,2026-05-10,2026-06-28
My Royal Nemesis,my-royal-nemesis,TV,RE,Réunion,4,7,2026-05-10,2026-05-31
My Royal Nemesis,my-royal-nemesis,TV,RO,Romania,7,3,2026-05-10,2026-06-21
My Royal Nemesis,my-royal-nemesis,TV,SA,Saudi Arabia,7,4,2026-05-10,2026-06-21
My Royal Nemesis,my-royal-nemesis,TV,SG,Singapore,9,1,2026-05-10,2026-07-05
My Royal Nemesis,my-royal-nemesis,TV,KR,South Korea,9,1,2026-05-10,2026-07-05
My Royal Nemesis,my-royal-nemesis,TV,LK,Sri Lanka,8,2,2026-05-10,2026-06-28
My Royal Nemesis,my-royal-nemesis,TV,TW,Taiwan,9,1,2026-05-10,2026-07-05
My Royal Nemesis,my-royal-nemesis,TV,TH,Thailand,7,1,2026-05-10,2026-06-21
My Royal Nemesis,my-royal-nemesis,TV,TR,Turkey,3,10,2026-05-24,2026-06-21
My Royal Nemesis,my-royal-nemesis,TV,AE,United Arab Emirates,8,4,2026-05-10,2026-06-28
My Royal Nemesis,my-royal-nemesis,TV,VE,Venezuela,7,2,2026-05-10,2026-06-21
My Royal Nemesis,my-royal-nemesis,TV,VN,Vietnam,10,1,2026-05-10,2026-07-12
My Sassy Girl,my-sassy-girl,TV,JP,Japan,1,6,2021-11-28,2021-11-28
My Sassy Girl,my-sassy-girl,TV,KR,South Korea,3,5,2021-08-08,2021-08-22
My Son,my-son,Films,BH,Bahrain,2,4,2024-04-28,2024-05-05
My Son,my-son,Films,IE,Ireland,2,1,2024-02-25,2024-03-03
My Son,my-son,Films,JO,Jordan,2,5,2024-04-28,2024-05-05
My Son,my-son,Films,KW,Kuwait,2,7,2024-04-28,2024-05-05
My Son,my-son,Films,LB,Lebanon,2,2,2024-04-28,2024-05-05
My Son,my-son,Films,MT,Malta,2,1,2024-02-25,2024-03-03
My Son,my-son,Films,OM,Oman,2,6,2024-04-28,2024-05-05
My Son,my-son,Films,QA,Qatar,2,8,2024-04-28,2024-05-05
My Son,my-son,Films,AE,United Arab Emirates,2,7,2024-04-28,2024-05-05
My Son,my-son,Films,GB,United Kingdom,2,1,2024-02-25,2024-03-03
My Sweet Mobster,my-sweet-mobster,TV,KR,South Korea,3,9,2024-08-25,2024-09-08
My Turn,my-turn,TV,KR,South Korea,1,10,2025-09-21,2025-09-21
My Unfamiliar Family,my-unfamiliar-family,TV,KR,South Korea,1,10,2022-07-31,2022-07-31
My Wonderful Life,my-wonderful-life,Films,PL,Poland,1,4,2022-03-06,2022-03-06
My Worst Neighbor,my-worst-neighbor,Films,KR,South Korea,2,2,2023-10-01,2023-10-08
Nailed,nailed,Films,KR,South Korea,1,8,2022-02-20,2022-02-20
Narco-Saints,narco-saints,TV,AR,Argentina,1,6,2022-09-18,2022-09-18
Narco-Saints,narco-saints,TV,AU,Australia,1,9,2022-09-18,2022-09-18
Narco-Saints,narco-saints,TV,AT,Austria,1,6,2022-09-18,2022-09-18
Narco-Saints,narco-saints,TV,BS,Bahamas,3,1,2022-09-11,2022-09-25
Narco-Saints,narco-saints,TV,BH,Bahrain,2,3,2022-09-18,2022-09-25
Narco-Saints,narco-saints,TV,BD,Bangladesh,2,1,2022-09-18,2022-09-25
Narco-Saints,narco-saints,TV,BE,Belgium,1,7,2022-09-18,2022-09-18
Narco-Saints,narco-saints,TV,BO,Bolivia,1,6,2022-09-18,2022-09-18
Narco-Saints,narco-saints,TV,BR,Brazil,1,8,2022-09-18,2022-09-18
Narco-Saints,narco-saints,TV,BG,Bulgaria,1,8,2022-09-18,2022-09-18
Narco-Saints,narco-saints,TV,CA,Canada,1,7,2022-09-18,2022-09-18
Narco-Saints,narco-saints,TV,CL,Chile,1,8,2022-09-18,2022-09-18
Narco-Saints,narco-saints,TV,CO,Colombia,1,6,2022-09-18,2022-09-18
Narco-Saints,narco-saints,TV,HR,Croatia,2,8,2022-09-18,2022-09-25
Narco-Saints,narco-saints,TV,CY,Cyprus,1,5,2022-09-18,2022-09-18
Narco-Saints,narco-saints,TV,DO,Dominican Republic,2,2,2022-09-18,2022-09-25
Narco-Saints,narco-saints,TV,EC,Ecuador,1,8,2022-09-18,2022-09-18
Narco-Saints,narco-saints,TV,EG,Egypt,1,10,2022-09-18,2022-09-18
Narco-Saints,narco-saints,TV,FI,Finland,2,6,2022-09-18,2022-09-25
Narco-Saints,narco-saints,TV,FR,France,2,4,2022-09-18,2022-09-25
Narco-Saints,narco-saints,TV,DE,Germany,1,6,2022-09-18,2022-09-18
Narco-Saints,narco-saints,TV,GR,Greece,1,6,2022-09-18,2022-09-18
Narco-Saints,narco-saints,TV,GP,Guadeloupe,3,1,2022-09-11,2022-09-25
Narco-Saints,narco-saints,TV,GT,Guatemala,1,10,2022-09-18,2022-09-18
Narco-Saints,narco-saints,TV,HN,Honduras,1,9,2022-09-18,2022-09-18
Narco-Saints,narco-saints,TV,HK,Hong Kong,5,1,2022-09-11,2022-10-09
Narco-Saints,narco-saints,TV,HU,Hungary,1,7,2022-09-18,2022-09-18
Narco-Saints,narco-saints,TV,IN,India,2,1,2022-09-18,2022-09-25
Narco-Saints,narco-saints,TV,ID,Indonesia,4,3,2022-09-11,2022-10-02
Narco-Saints,narco-saints,TV,IE,Ireland,1,9,2022-09-18,2022-09-18
Narco-Saints,narco-saints,TV,IL,Israel,2,4,2022-09-18,2022-09-25
Narco-Saints,narco-saints,TV,IT,Italy,1,5,2022-09-18,2022-09-18
Narco-Saints,narco-saints,TV,JM,Jamaica,3,2,2022-09-11,2022-09-25
Narco-Saints,narco-saints,TV,JP,Japan,2,3,2022-09-18,2022-09-25
Narco-Saints,narco-saints,TV,JO,Jordan,2,7,2022-09-18,2022-09-25
Narco-Saints,narco-saints,TV,KE,Kenya,4,1,2022-09-11,2022-10-02
Narco-Saints,narco-saints,TV,KW,Kuwait,2,4,2022-09-18,2022-09-25
Narco-Saints,narco-saints,TV,LB,Lebanon,2,8,2022-09-18,2022-09-25
Narco-Saints,narco-saints,TV,LU,Luxembourg,2,4,2022-09-18,2022-09-25
Narco-Saints,narco-saints,TV,MY,Malaysia,4,1,2022-09-11,2022-10-02
Narco-Saints,narco-saints,TV,MV,Maldives,2,2,2022-09-18,2022-09-25
Narco-Saints,narco-saints,TV,MT,Malta,2,5,2022-09-18,2022-09-25
Narco-Saints,narco-saints,TV,MQ,Martinique,4,1,2022-09-11,2022-10-02
Narco-Saints,narco-saints,TV,MU,Mauritius,2,1,2022-09-18,2022-09-25
Narco-Saints,narco-saints,TV,MX,Mexico,1,8,2022-09-18,2022-09-18
Narco-Saints,narco-saints,TV,MA,Morocco,3,1,2022-09-18,2022-10-02
Narco-Saints,narco-saints,TV,NL,Netherlands,2,6,2022-09-18,2022-09-25
Narco-Saints,narco-saints,TV,NC,New Caledonia,2,4,2022-09-18,2022-09-25
Narco-Saints,narco-saints,TV,NZ,New Zealand,2,6,2022-09-18,2022-09-25
Narco-Saints,narco-saints,TV,NI,Nicaragua,1,10,2022-09-18,2022-09-18
Narco-Saints,narco-saints,TV,NG,Nigeria,2,2,2022-09-18,2022-09-25
Narco-Saints,narco-saints,TV,NO,Norway,1,10,2022-09-18,2022-09-18
Narco-Saints,narco-saints,TV,OM,Oman,2,2,2022-09-18,2022-09-25
Narco-Saints,narco-saints,TV,PK,Pakistan,2,1,2022-09-18,2022-09-25
Narco-Saints,narco-saints,TV,PA,Panama,2,2,2022-09-18,2022-09-25
Narco-Saints,narco-saints,TV,PY,Paraguay,2,4,2022-09-18,2022-09-25
Narco-Saints,narco-saints,TV,PE,Peru,1,6,2022-09-18,2022-09-18
Narco-Saints,narco-saints,TV,PH,Philippines,1,5,2022-09-18,2022-09-18
Narco-Saints,narco-saints,TV,PT,Portugal,1,8,2022-09-18,2022-09-18
Narco-Saints,narco-saints,TV,QA,Qatar,2,2,2022-09-18,2022-09-25
Narco-Saints,narco-saints,TV,RE,Réunion,2,4,2022-09-18,2022-09-25
Narco-Saints,narco-saints,TV,RO,Romania,1,5,2022-09-18,2022-09-18
Narco-Saints,narco-saints,TV,SA,Saudi Arabia,3,1,2022-09-18,2022-10-02
Narco-Saints,narco-saints,TV,RS,Serbia,2,6,2022-09-18,2022-09-25
Narco-Saints,narco-saints,TV,SG,Singapore,4,1,2022-09-11,2022-10-02
Narco-Saints,narco-saints,TV,SI,Slovenia,1,7,2022-09-18,2022-09-18
Narco-Saints,narco-saints,TV,ZA,South Africa,1,4,2022-09-18,2022-09-18
Narco-Saints,narco-saints,TV,KR,South Korea,10,1,2022-09-11,2022-11-13
Narco-Saints,narco-saints,TV,ES,Spain,1,7,2022-09-18,2022-09-18
Narco-Saints,narco-saints,TV,LK,Sri Lanka,2,3,2022-09-18,2022-09-25
Narco-Saints,narco-saints,TV,SE,Sweden,1,9,2022-09-18,2022-09-18
Narco-Saints,narco-saints,TV,CH,Switzerland,2,3,2022-09-18,2022-09-25
Narco-Saints,narco-saints,TV,TW,Taiwan,6,1,2022-09-11,2022-10-16
Narco-Saints,narco-saints,TV,TH,Thailand,3,2,2022-09-11,2022-09-25
Narco-Saints,narco-saints,TV,TT,Trinidad and Tobago,2,1,2022-09-18,2022-09-25
Narco-Saints,narco-saints,TV,TR,Turkey,2,4,2022-09-18,2022-09-25
Narco-Saints,narco-saints,TV,AE,United Arab Emirates,2,1,2022-09-18,2022-09-25
Narco-Saints,narco-saints,TV,GB,United Kingdom,1,8,2022-09-18,2022-09-18
Narco-Saints,narco-saints,TV,US,United States,1,8,2022-09-18,2022-09-18
Narco-Saints,narco-saints,TV,UY,Uruguay,1,5,2022-09-18,2022-09-18
Narco-Saints,narco-saints,TV,VE,Venezuela,1,5,2022-09-18,2022-09-18
Narco-Saints,narco-saints,TV,VN,Vietnam,6,1,2022-09-11,2022-10-16
National Security,national-security,Films,AT,Austria,1,7,2021-10-24,2021-10-24
National Security,national-security,Films,DE,Germany,1,7,2021-10-24,2021-10-24
Never Give Up,never-give-up,TV,KR,South Korea,9,3,2022-05-15,2022-07-10
"Nevertheless,",nevertheless,TV,BD,Bangladesh,8,4,2021-07-11,2021-08-29
"Nevertheless,",nevertheless,TV,BO,Bolivia,2,6,2021-10-10,2021-10-17
"Nevertheless,",nevertheless,TV,CL,Chile,2,10,2021-10-10,2021-10-17
"Nevertheless,",nevertheless,TV,CO,Colombia,1,9,2021-10-17,2021-10-17
"Nevertheless,",nevertheless,TV,CR,Costa Rica,1,10,2021-10-17,2021-10-17
"Nevertheless,",nevertheless,TV,DO,Dominican Republic,1,6,2021-10-17,2021-10-17
"Nevertheless,",nevertheless,TV,EC,Ecuador,2,7,2021-10-10,2021-10-17
"Nevertheless,",nevertheless,TV,SV,El Salvador,3,6,2021-10-10,2021-10-24
"Nevertheless,",nevertheless,TV,GR,Greece,1,5,2021-09-05,2021-09-05
"Nevertheless,",nevertheless,TV,GT,Guatemala,2,7,2021-10-10,2021-10-17
"Nevertheless,",nevertheless,TV,HN,Honduras,2,6,2021-10-10,2021-10-17
"Nevertheless,",nevertheless,TV,HK,Hong Kong,9,1,2021-07-11,2021-09-05
"Nevertheless,",nevertheless,TV,ID,Indonesia,10,1,2021-07-04,2021-09-05
"Nevertheless,",nevertheless,TV,JP,Japan,13,1,2021-07-04,2021-09-26
"Nevertheless,",nevertheless,TV,MY,Malaysia,10,1,2021-07-04,2021-09-05
"Nevertheless,",nevertheless,TV,MV,Maldives,8,5,2021-07-11,2021-08-29
"Nevertheless,",nevertheless,TV,MX,Mexico,2,7,2021-10-10,2021-10-17
"Nevertheless,",nevertheless,TV,MA,Morocco,1,8,2021-09-05,2021-09-05
"Nevertheless,",nevertheless,TV,NI,Nicaragua,2,7,2021-10-10,2021-10-17
"Nevertheless,",nevertheless,TV,NG,Nigeria,2,9,2021-08-15,2021-08-22
"Nevertheless,",nevertheless,TV,PY,Paraguay,2,8,2021-10-10,2021-10-17
"Nevertheless,",nevertheless,TV,PE,Peru,2,5,2021-10-10,2021-10-17
"Nevertheless,",nevertheless,TV,PH,Philippines,10,2,2021-07-04,2021-09-05
"Nevertheless,",nevertheless,TV,QA,Qatar,7,7,2021-07-11,2021-08-29
"Nevertheless,",nevertheless,TV,RO,Romania,1,4,2021-09-05,2021-09-05
"Nevertheless,",nevertheless,TV,SG,Singapore,8,5,2021-07-11,2021-08-29
"Nevertheless,",nevertheless,TV,KR,South Korea,9,2,2021-07-04,2021-08-29
"Nevertheless,",nevertheless,TV,LK,Sri Lanka,3,8,2021-07-25,2021-08-22
"Nevertheless,",nevertheless,TV,TW,Taiwan,9,1,2021-07-11,2021-09-05
"Nevertheless,",nevertheless,TV,TH,Thailand,10,1,2021-07-04,2021-09-05
"Nevertheless,",nevertheless,TV,TR,Turkey,1,4,2021-09-05,2021-09-05
"Nevertheless,",nevertheless,TV,AE,United Arab Emirates,3,9,2021-08-08,2021-08-29
"Nevertheless,",nevertheless,TV,VN,Vietnam,9,1,2021-07-04,2021-08-29
New Normal,new-normal,Films,KR,South Korea,2,5,2026-03-08,2026-03-15
New World,new-world,TV,ID,Indonesia,3,8,2021-11-28,2021-12-12
New World,new-world,TV,SG,Singapore,1,10,2021-12-12,2021-12-12
Next Door,next-door,Films,KR,South Korea,2,2,2023-04-02,2023-04-09
Next Sohee,next-sohee,Films,KR,South Korea,2,5,2023-07-23,2023-07-30
Night and Day,night-and-day,TV,ES,Spain,3,7,2024-11-03,2024-11-17
Night Has Come,night-has-come,TV,KR,South Korea,4,4,2023-12-10,2023-12-31
Night in Paradise,night-in-paradise,Films,KR,South Korea,13,5,2021-07-11,2022-04-24
No Mercy,no-mercy,Films,PL,Poland,1,8,2023-09-10,2023-09-10
No Mercy,no-mercy,Films,KR,South Korea,4,2,2022-04-24,2026-01-11
No Other Choice,no-other-choice,Films,KR,South Korea,6,1,2026-02-01,2026-03-08
No Tail to Tell,no-tail-to-tell,TV,BO,Bolivia,5,4,2026-01-18,2026-03-01
No Tail to Tell,no-tail-to-tell,TV,BR,Brazil,2,9,2026-01-18,2026-01-25
No Tail to Tell,no-tail-to-tell,TV,CO,Colombia,2,10,2026-01-18,2026-01-25
No Tail to Tell,no-tail-to-tell,TV,DO,Dominican Republic,2,7,2026-01-18,2026-01-25
No Tail to Tell,no-tail-to-tell,TV,EC,Ecuador,2,5,2026-01-18,2026-01-25
No Tail to Tell,no-tail-to-tell,TV,SV,El Salvador,2,3,2026-01-18,2026-01-25
No Tail to Tell,no-tail-to-tell,TV,GT,Guatemala,2,9,2026-01-18,2026-01-25
No Tail to Tell,no-tail-to-tell,TV,HN,Honduras,4,4,2026-01-18,2026-03-01
No Tail to Tell,no-tail-to-tell,TV,ID,Indonesia,8,3,2026-01-18,2026-03-08
No Tail to Tell,no-tail-to-tell,TV,MY,Malaysia,7,5,2026-01-18,2026-03-08
No Tail to Tell,no-tail-to-tell,TV,MX,Mexico,1,10,2026-01-18,2026-01-18
No Tail to Tell,no-tail-to-tell,TV,NI,Nicaragua,5,5,2026-01-18,2026-03-01
No Tail to Tell,no-tail-to-tell,TV,PA,Panama,1,10,2026-01-18,2026-01-18
No Tail to Tell,no-tail-to-tell,TV,PY,Paraguay,2,9,2026-01-18,2026-01-25
No Tail to Tell,no-tail-to-tell,TV,PE,Peru,6,3,2026-01-18,2026-03-01
No Tail to Tell,no-tail-to-tell,TV,PH,Philippines,3,7,2026-01-25,2026-03-01
No Tail to Tell,no-tail-to-tell,TV,RO,Romania,1,9,2026-01-25,2026-01-25
No Tail to Tell,no-tail-to-tell,TV,SG,Singapore,2,10,2026-01-25,2026-02-01
No Tail to Tell,no-tail-to-tell,TV,KR,South Korea,6,3,2026-01-18,2026-03-01
No Tail to Tell,no-tail-to-tell,TV,LK,Sri Lanka,1,10,2026-01-25,2026-01-25
No Tail to Tell,no-tail-to-tell,TV,TH,Thailand,2,6,2026-01-25,2026-02-01
No Tail to Tell,no-tail-to-tell,TV,VE,Venezuela,3,9,2026-01-18,2026-02-01
No Tail to Tell,no-tail-to-tell,TV,VN,Vietnam,4,5,2026-01-18,2026-02-08
No Tears for the Dead,no-tears-for-the-dead,Films,KR,South Korea,1,6,2024-06-02,2024-06-02
Nobody Knows,nobody-knows,Films,JP,Japan,1,2,2023-06-11,2023-06-11
Nocturnal,nocturnal,Films,KR,South Korea,13,1,2025-05-18,2025-09-28
Nocturnal,nocturnal,Films,TH,Thailand,2,3,2025-11-16,2025-11-23
Noise,noise,Films,AR,Argentina,3,4,2023-01-15,2023-03-26
Noise,noise,Films,AT,Austria,2,2,2023-03-19,2023-03-26
Noise,noise,Films,BS,Bahamas,2,4,2023-03-19,2023-03-26
Noise,noise,Films,BH,Bahrain,1,8,2023-03-26,2023-03-26
Noise,noise,Films,BE,Belgium,2,2,2023-03-19,2023-03-26
Noise,noise,Films,BO,Bolivia,1,7,2023-01-15,2023-01-15
Noise,noise,Films,BR,Brazil,2,7,2023-03-19,2023-03-26
Noise,noise,Films,BG,Bulgaria,1,9,2023-03-26,2023-03-26
Noise,noise,Films,CL,Chile,2,6,2023-03-19,2023-03-26
Noise,noise,Films,CO,Colombia,1,8,2023-03-26,2023-03-26
Noise,noise,Films,CR,Costa Rica,3,5,2023-01-15,2023-03-26
Noise,noise,Films,HR,Croatia,1,5,2023-03-26,2023-03-26
Noise,noise,Films,CY,Cyprus,1,10,2023-03-26,2023-03-26
Noise,noise,Films,DO,Dominican Republic,2,9,2023-03-19,2023-03-26
Noise,noise,Films,EC,Ecuador,2,9,2023-01-15,2023-03-26
Noise,noise,Films,EG,Egypt,1,6,2023-03-26,2023-03-26
Noise,noise,Films,SV,El Salvador,2,7,2023-01-15,2023-03-26
Noise,noise,Films,FI,Finland,2,6,2023-03-19,2023-03-26
Noise,noise,Films,FR,France,2,6,2023-03-19,2023-03-26
Noise,noise,Films,DE,Germany,2,2,2023-03-19,2023-03-26
Noise,noise,Films,GP,Guadeloupe,2,8,2023-03-19,2023-03-26
Noise,noise,Films,GT,Guatemala,2,4,2023-01-15,2023-03-26
Noise,noise,Films,HN,Honduras,3,7,2023-01-15,2023-03-26
Noise,noise,Films,HU,Hungary,2,4,2023-03-19,2023-03-26
Noise,noise,Films,IS,Iceland,1,6,2023-03-26,2023-03-26
Noise,noise,Films,ID,Indonesia,1,9,2023-03-26,2023-03-26
Noise,noise,Films,IE,Ireland,1,4,2023-03-26,2023-03-26
Noise,noise,Films,IL,Israel,1,7,2023-03-26,2023-03-26
Noise,noise,Films,IT,Italy,2,4,2023-03-19,2023-03-26
Noise,noise,Films,JM,Jamaica,2,6,2023-03-19,2023-03-26
Noise,noise,Films,JP,Japan,3,1,2023-02-12,2023-02-26
Noise,noise,Films,JO,Jordan,1,7,2023-03-26,2023-03-26
Noise,noise,Films,KE,Kenya,1,10,2023-03-26,2023-03-26
Noise,noise,Films,KW,Kuwait,1,6,2023-03-26,2023-03-26
Noise,noise,Films,LB,Lebanon,1,4,2023-03-26,2023-03-26
Noise,noise,Films,LU,Luxembourg,2,4,2023-03-19,2023-03-26
Noise,noise,Films,MY,Malaysia,1,10,2023-03-26,2023-03-26
Noise,noise,Films,MT,Malta,2,3,2023-03-19,2023-03-26
Noise,noise,Films,MQ,Martinique,1,8,2023-03-26,2023-03-26
Noise,noise,Films,MX,Mexico,4,1,2023-01-15,2023-03-26
Noise,noise,Films,MA,Morocco,1,5,2023-03-26,2023-03-26
Noise,noise,Films,NL,Netherlands,2,5,2023-03-19,2023-03-26
Noise,noise,Films,NC,New Caledonia,1,7,2023-03-26,2023-03-26
Noise,noise,Films,NZ,New Zealand,1,5,2023-03-26,2023-03-26
Noise,noise,Films,NI,Nicaragua,3,6,2023-01-15,2023-03-26
Noise,noise,Films,NO,Norway,1,10,2023-03-26,2023-03-26
Noise,noise,Films,PA,Panama,1,6,2023-03-26,2023-03-26
Noise,noise,Films,PY,Paraguay,2,6,2023-03-19,2023-03-26
Noise,noise,Films,PE,Peru,1,8,2023-03-26,2023-03-26
Noise,noise,Films,PH,Philippines,1,6,2023-03-26,2023-03-26
Noise,noise,Films,PL,Poland,2,4,2023-03-19,2023-03-26
Noise,noise,Films,PT,Portugal,1,7,2023-03-26,2023-03-26
Noise,noise,Films,QA,Qatar,1,8,2023-03-26,2023-03-26
Noise,noise,Films,RE,Réunion,1,7,2023-03-26,2023-03-26
Noise,noise,Films,RO,Romania,1,6,2023-03-26,2023-03-26
Noise,noise,Films,SA,Saudi Arabia,1,4,2023-03-26,2023-03-26
Noise,noise,Films,RS,Serbia,1,4,2023-03-26,2023-03-26
Noise,noise,Films,SG,Singapore,1,9,2023-03-26,2023-03-26
Noise,noise,Films,SI,Slovenia,1,7,2023-03-26,2023-03-26
Noise,noise,Films,ZA,South Africa,1,8,2023-03-26,2023-03-26
Noise,noise,Films,KR,South Korea,2,2,2025-10-12,2025-10-19
Noise,noise,Films,ES,Spain,2,8,2023-03-19,2023-03-26
Noise,noise,Films,LK,Sri Lanka,1,10,2023-03-26,2023-03-26
Noise,noise,Films,SE,Sweden,1,8,2023-03-26,2023-03-26
Noise,noise,Films,CH,Switzerland,2,2,2023-03-19,2023-03-26
Noise,noise,Films,TW,Taiwan,1,10,2026-08-16,2026-08-16
Noise,noise,Films,TT,Trinidad and Tobago,2,5,2023-03-19,2023-03-26
Noise,noise,Films,TR,Turkey,2,7,2023-03-19,2023-03-26
Noise,noise,Films,AE,United Arab Emirates,1,10,2023-03-26,2023-03-26
Noise,noise,Films,GB,United Kingdom,1,5,2023-03-26,2023-03-26
Noise,noise,Films,UY,Uruguay,3,2,2023-01-15,2023-03-26
Noise,noise,Films,VE,Venezuela,3,5,2023-01-15,2023-03-26
Noryang: Deadly Sea,noryang-deadly-sea,Films,KR,South Korea,4,1,2024-04-21,2024-05-12
Not Others,not-others,TV,KR,South Korea,1,10,2025-01-05,2025-01-05
Notes from the Last Row,notes-from-the-last-row,TV,BD,Bangladesh,1,8,2026-07-05,2026-07-05
Notes from the Last Row,notes-from-the-last-row,TV,BO,Bolivia,1,7,2026-07-05,2026-07-05
Notes from the Last Row,notes-from-the-last-row,TV,HK,Hong Kong,1,9,2026-07-05,2026-07-05
Notes from the Last Row,notes-from-the-last-row,TV,IN,India,1,10,2026-07-05,2026-07-05
Notes from the Last Row,notes-from-the-last-row,TV,ID,Indonesia,2,5,2026-06-28,2026-07-05
Notes from the Last Row,notes-from-the-last-row,TV,JP,Japan,1,6,2026-07-05,2026-07-05
Notes from the Last Row,notes-from-the-last-row,TV,JO,Jordan,1,10,2026-07-05,2026-07-05
Notes from the Last Row,notes-from-the-last-row,TV,KW,Kuwait,1,9,2026-07-05,2026-07-05
Notes from the Last Row,notes-from-the-last-row,TV,MY,Malaysia,1,7,2026-07-05,2026-07-05
Notes from the Last Row,notes-from-the-last-row,TV,MA,Morocco,1,9,2026-07-05,2026-07-05
Notes from the Last Row,notes-from-the-last-row,TV,OM,Oman,1,9,2026-07-05,2026-07-05
Notes from the Last Row,notes-from-the-last-row,TV,PK,Pakistan,1,8,2026-07-05,2026-07-05
Notes from the Last Row,notes-from-the-last-row,TV,PE,Peru,1,8,2026-07-05,2026-07-05
Notes from the Last Row,notes-from-the-last-row,TV,PH,Philippines,2,6,2026-06-28,2026-07-05
Notes from the Last Row,notes-from-the-last-row,TV,QA,Qatar,1,9,2026-07-05,2026-07-05
Notes from the Last Row,notes-from-the-last-row,TV,SG,Singapore,2,6,2026-06-28,2026-07-05
Notes from the Last Row,notes-from-the-last-row,TV,KR,South Korea,4,2,2026-06-28,2026-07-19
Notes from the Last Row,notes-from-the-last-row,TV,LK,Sri Lanka,1,10,2026-07-05,2026-07-05
Notes from the Last Row,notes-from-the-last-row,TV,TW,Taiwan,1,9,2026-07-05,2026-07-05
Notes from the Last Row,notes-from-the-last-row,TV,TH,Thailand,2,9,2026-06-28,2026-07-05
Notes from the Last Row,notes-from-the-last-row,TV,VN,Vietnam,2,5,2026-06-28,2026-07-05
Nothing Serious,nothing-serious,Films,KR,South Korea,4,5,2023-01-01,2023-02-19
Now and Forever,now-and-forever,TV,PH,Philippines,1,8,2024-12-22,2024-12-22
"Now, We Are Breaking Up",now-we-are-breaking-up,TV,JP,Japan,5,1,2023-04-09,2023-05-07
Number One,number-one,Films,KR,South Korea,4,1,2026-05-24,2026-06-14
Number One,number-one,Films,TH,Thailand,1,4,2026-08-16,2026-08-16
Oasis,oasis,TV,AR,Argentina,3,2,2026-06-21,2026-07-05
Oasis,oasis,TV,AU,Australia,1,6,2026-06-28,2026-06-28
Oasis,oasis,TV,AT,Austria,5,2,2026-06-21,2026-07-19
Oasis,oasis,TV,BS,Bahamas,1,4,2026-06-28,2026-06-28
Oasis,oasis,TV,BH,Bahrain,1,6,2026-06-28,2026-06-28
Oasis,oasis,TV,BD,Bangladesh,1,8,2026-06-28,2026-06-28
Oasis,oasis,TV,BE,Belgium,7,2,2026-06-21,2026-08-02
Oasis,oasis,TV,BO,Bolivia,1,6,2026-06-28,2026-06-28
Oasis,oasis,TV,BR,Brazil,3,3,2026-06-21,2026-07-05
Oasis,oasis,TV,BG,Bulgaria,3,3,2026-06-21,2026-07-05
Oasis,oasis,TV,CA,Canada,1,3,2026-06-28,2026-06-28
Oasis,oasis,TV,CL,Chile,3,3,2026-06-21,2026-07-05
Oasis,oasis,TV,CO,Colombia,2,4,2026-06-28,2026-07-05
Oasis,oasis,TV,CR,Costa Rica,2,3,2026-06-28,2026-07-05
Oasis,oasis,TV,HR,Croatia,5,2,2026-06-21,2026-07-19
Oasis,oasis,TV,CY,Cyprus,3,2,2026-06-21,2026-07-05
Oasis,oasis,TV,CZ,Czech Republic,4,2,2026-06-21,2026-07-12
Oasis,oasis,TV,DK,Denmark,1,6,2026-06-28,2026-06-28
Oasis,oasis,TV,DO,Dominican Republic,3,4,2026-06-21,2026-07-05
Oasis,oasis,TV,EC,Ecuador,2,4,2026-06-28,2026-07-05
Oasis,oasis,TV,EG,Egypt,2,4,2026-06-28,2026-07-05
Oasis,oasis,TV,SV,El Salvador,2,7,2026-06-28,2026-07-05
Oasis,oasis,TV,EE,Estonia,2,3,2026-06-28,2026-07-05
Oasis,oasis,TV,FI,Finland,2,2,2026-06-28,2026-07-05
Oasis,oasis,TV,FR,France,8,2,2026-06-21,2026-08-09
Oasis,oasis,TV,DE,Germany,3,3,2026-06-21,2026-07-05
Oasis,oasis,TV,GR,Greece,3,2,2026-06-21,2026-07-05
Oasis,oasis,TV,GP,Guadeloupe,3,3,2026-06-21,2026-07-05
Oasis,oasis,TV,GT,Guatemala,3,4,2026-06-21,2026-07-05
Oasis,oasis,TV,HN,Honduras,3,4,2026-06-21,2026-07-05
Oasis,oasis,TV,HU,Hungary,6,2,2026-06-21,2026-07-26
Oasis,oasis,TV,IS,Iceland,1,2,2026-06-28,2026-06-28
Oasis,oasis,TV,IN,India,1,7,2026-06-28,2026-06-28
Oasis,oasis,TV,IE,Ireland,1,9,2026-06-28,2026-06-28
Oasis,oasis,TV,IL,Israel,1,3,2026-06-28,2026-06-28
Oasis,oasis,TV,IT,Italy,9,3,2026-06-21,2026-08-16
Oasis,oasis,TV,JM,Jamaica,2,4,2026-06-28,2026-07-05
Oasis,oasis,TV,JO,Jordan,1,4,2026-06-28,2026-06-28
Oasis,oasis,TV,KE,Kenya,3,4,2026-06-21,2026-07-05
Oasis,oasis,TV,KW,Kuwait,1,5,2026-06-28,2026-06-28
Oasis,oasis,TV,LV,Latvia,2,3,2026-06-28,2026-07-05
Oasis,oasis,TV,LB,Lebanon,5,2,2026-06-21,2026-07-19
Oasis,oasis,TV,LT,Lithuania,2,2,2026-06-28,2026-07-05
Oasis,oasis,TV,LU,Luxembourg,6,2,2026-06-21,2026-07-26
Oasis,oasis,TV,MV,Maldives,1,6,2026-06-28,2026-06-28
Oasis,oasis,TV,MT,Malta,3,2,2026-06-28,2026-07-12
Oasis,oasis,TV,MQ,Martinique,3,3,2026-06-21,2026-07-05
Oasis,oasis,TV,MU,Mauritius,5,2,2026-06-21,2026-07-19
Oasis,oasis,TV,MX,Mexico,1,7,2026-06-28,2026-06-28
Oasis,oasis,TV,MA,Morocco,6,2,2026-06-21,2026-07-26
Oasis,oasis,TV,NL,Netherlands,4,3,2026-06-28,2026-07-19
Oasis,oasis,TV,NC,New Caledonia,5,2,2026-06-21,2026-07-19
Oasis,oasis,TV,NZ,New Zealand,1,6,2026-06-28,2026-06-28
Oasis,oasis,TV,NI,Nicaragua,2,4,2026-06-28,2026-07-05
Oasis,oasis,TV,NG,Nigeria,1,6,2026-06-28,2026-06-28
Oasis,oasis,TV,NO,Norway,1,7,2026-06-28,2026-06-28
Oasis,oasis,TV,OM,Oman,2,5,2026-06-28,2026-07-05
Oasis,oasis,TV,PK,Pakistan,2,6,2026-06-28,2026-07-05
Oasis,oasis,TV,PA,Panama,3,3,2026-06-21,2026-07-05
Oasis,oasis,TV,PY,Paraguay,4,2,2026-06-21,2026-07-12
Oasis,oasis,TV,PE,Peru,2,7,2026-06-28,2026-07-05
Oasis,oasis,TV,PL,Poland,6,2,2026-06-21,2026-07-26
Oasis,oasis,TV,PT,Portugal,6,2,2026-06-21,2026-07-26
Oasis,oasis,TV,QA,Qatar,1,6,2026-06-28,2026-06-28
Oasis,oasis,TV,RE,Réunion,4,2,2026-06-21,2026-07-19
Oasis,oasis,TV,RO,Romania,4,2,2026-06-21,2026-07-12
Oasis,oasis,TV,SA,Saudi Arabia,2,3,2026-06-28,2026-07-05
Oasis,oasis,TV,RS,Serbia,8,2,2026-06-21,2026-08-09
Oasis,oasis,TV,SK,Slovakia,5,2,2026-06-21,2026-07-19
Oasis,oasis,TV,SI,Slovenia,5,2,2026-06-21,2026-07-19
Oasis,oasis,TV,ZA,South Africa,1,4,2026-06-28,2026-06-28
Oasis,oasis,TV,ES,Spain,8,2,2026-06-21,2026-08-09
Oasis,oasis,TV,LK,Sri Lanka,1,5,2026-06-28,2026-06-28
Oasis,oasis,TV,SE,Sweden,1,3,2026-06-28,2026-06-28
Oasis,oasis,TV,CH,Switzerland,7,2,2026-06-21,2026-08-02
Oasis,oasis,TV,TT,Trinidad and Tobago,1,4,2026-06-28,2026-06-28
Oasis,oasis,TV,TR,Turkey,2,4,2026-06-21,2026-06-28
Oasis,oasis,TV,UA,Ukraine,8,2,2026-06-21,2026-08-09
Oasis,oasis,TV,AE,United Arab Emirates,1,7,2026-06-28,2026-06-28
Oasis,oasis,TV,US,United States,1,7,2026-06-28,2026-06-28
Oasis,oasis,TV,UY,Uruguay,7,2,2026-06-21,2026-08-02
Oasis,oasis,TV,VE,Venezuela,4,2,2026-06-21,2026-07-12
Obsessed,obsessed,Films,RO,Romania,1,10,2023-10-08,2023-10-08
Off Road,off-road,TV,IL,Israel,5,1,2025-07-13,2025-08-10
Officer Black Belt,officer-black-belt,Films,AR,Argentina,3,4,2024-09-15,2024-09-29
Officer Black Belt,officer-black-belt,Films,AU,Australia,1,8,2024-09-22,2024-09-22
Officer Black Belt,officer-black-belt,Films,AT,Austria,1,4,2024-09-22,2024-09-22
Officer Black Belt,officer-black-belt,Films,BS,Bahamas,3,4,2024-09-15,2024-09-29
Officer Black Belt,officer-black-belt,Films,BH,Bahrain,2,5,2024-09-15,2024-09-22
Officer Black Belt,officer-black-belt,Films,BD,Bangladesh,3,5,2024-09-15,2024-09-29
Officer Black Belt,officer-black-belt,Films,BE,Belgium,2,5,2024-09-15,2024-09-22
Officer Black Belt,officer-black-belt,Films,BO,Bolivia,3,3,2024-09-15,2024-09-29
Officer Black Belt,officer-black-belt,Films,BR,Brazil,3,2,2024-09-15,2024-09-29
Officer Black Belt,officer-black-belt,Films,BG,Bulgaria,1,4,2024-09-22,2024-09-22
Officer Black Belt,officer-black-belt,Films,CA,Canada,1,5,2024-09-22,2024-09-22
Officer Black Belt,officer-black-belt,Films,CL,Chile,3,4,2024-09-15,2024-09-29
Officer Black Belt,officer-black-belt,Films,CO,Colombia,3,4,2024-09-15,2024-09-29
Officer Black Belt,officer-black-belt,Films,CR,Costa Rica,1,4,2024-09-22,2024-09-22
Officer Black Belt,officer-black-belt,Films,HR,Croatia,1,7,2024-09-22,2024-09-22
Officer Black Belt,officer-black-belt,Films,CY,Cyprus,2,5,2024-09-15,2024-09-22
Officer Black Belt,officer-black-belt,Films,CZ,Czech Republic,1,6,2024-09-22,2024-09-22
Officer Black Belt,officer-black-belt,Films,DK,Denmark,1,10,2024-09-22,2024-09-22
Officer Black Belt,officer-black-belt,Films,DO,Dominican Republic,3,3,2024-09-15,2024-09-29
Officer Black Belt,officer-black-belt,Films,EC,Ecuador,3,3,2024-09-15,2024-09-29
Officer Black Belt,officer-black-belt,Films,EG,Egypt,1,7,2024-09-22,2024-09-22
Officer Black Belt,officer-black-belt,Films,SV,El Salvador,3,5,2024-09-15,2024-09-29
Officer Black Belt,officer-black-belt,Films,EE,Estonia,1,9,2024-09-22,2024-09-22
Officer Black Belt,officer-black-belt,Films,FI,Finland,1,8,2024-09-22,2024-09-22
Officer Black Belt,officer-black-belt,Films,FR,France,2,4,2024-09-15,2024-09-22
Officer Black Belt,officer-black-belt,Films,DE,Germany,3,4,2024-09-15,2024-09-29
Officer Black Belt,officer-black-belt,Films,GR,Greece,2,6,2024-09-15,2024-09-22
Officer Black Belt,officer-black-belt,Films,GP,Guadeloupe,3,4,2024-09-15,2024-09-29
Officer Black Belt,officer-black-belt,Films,GT,Guatemala,2,5,2024-09-15,2024-09-22
Officer Black Belt,officer-black-belt,Films,HN,Honduras,3,5,2024-09-15,2024-09-29
Officer Black Belt,officer-black-belt,Films,HK,Hong Kong,5,1,2024-09-15,2024-10-13
Officer Black Belt,officer-black-belt,Films,HU,Hungary,2,4,2024-09-15,2024-09-22
Officer Black Belt,officer-black-belt,Films,IS,Iceland,1,9,2024-09-22,2024-09-22
Officer Black Belt,officer-black-belt,Films,IN,India,1,7,2024-09-22,2024-09-22
Officer Black Belt,officer-black-belt,Films,ID,Indonesia,3,2,2024-09-15,2024-09-29
Officer Black Belt,officer-black-belt,Films,IL,Israel,2,3,2024-09-15,2024-09-22
Officer Black Belt,officer-black-belt,Films,IT,Italy,1,5,2024-09-22,2024-09-22
Officer Black Belt,officer-black-belt,Films,JM,Jamaica,3,4,2024-09-15,2024-09-29
Officer Black Belt,officer-black-belt,Films,JP,Japan,4,3,2024-09-15,2024-10-06
Officer Black Belt,officer-black-belt,Films,JO,Jordan,3,6,2024-09-15,2024-09-29
Officer Black Belt,officer-black-belt,Films,KE,Kenya,2,5,2024-09-22,2024-09-29
Officer Black Belt,officer-black-belt,Films,KW,Kuwait,3,4,2024-09-15,2024-09-29
Officer Black Belt,officer-black-belt,Films,LB,Lebanon,1,5,2024-09-22,2024-09-22
Officer Black Belt,officer-black-belt,Films,LT,Lithuania,1,9,2024-09-22,2024-09-22
Officer Black Belt,officer-black-belt,Films,LU,Luxembourg,2,4,2024-09-15,2024-09-22
Officer Black Belt,officer-black-belt,Films,MY,Malaysia,3,1,2024-09-15,2024-09-29
Officer Black Belt,officer-black-belt,Films,MV,Maldives,3,7,2024-09-15,2024-09-29
Officer Black Belt,officer-black-belt,Films,MT,Malta,1,9,2024-09-22,2024-09-22
Officer Black Belt,officer-black-belt,Films,MQ,Martinique,3,4,2024-09-15,2024-09-29
Officer Black Belt,officer-black-belt,Films,MU,Mauritius,1,4,2024-09-22,2024-09-22
Officer Black Belt,officer-black-belt,Films,MX,Mexico,1,5,2024-09-22,2024-09-22
Officer Black Belt,officer-black-belt,Films,MA,Morocco,4,1,2024-09-15,2024-10-06
Officer Black Belt,officer-black-belt,Films,NL,Netherlands,1,9,2024-09-22,2024-09-22
Officer Black Belt,officer-black-belt,Films,NC,New Caledonia,3,3,2024-09-15,2024-09-29
Officer Black Belt,officer-black-belt,Films,NZ,New Zealand,1,7,2024-09-22,2024-09-22
Officer Black Belt,officer-black-belt,Films,NI,Nicaragua,3,4,2024-09-15,2024-09-29
Officer Black Belt,officer-black-belt,Films,NG,Nigeria,3,4,2024-09-15,2024-09-29
Officer Black Belt,officer-black-belt,Films,NO,Norway,1,9,2024-09-22,2024-09-22
Officer Black Belt,officer-black-belt,Films,OM,Oman,3,4,2024-09-15,2024-09-29
Officer Black Belt,officer-black-belt,Films,PK,Pakistan,2,5,2024-09-22,2024-09-29
Officer Black Belt,officer-black-belt,Films,PA,Panama,3,4,2024-09-15,2024-09-29
Officer Black Belt,officer-black-belt,Films,PY,Paraguay,3,4,2024-09-15,2024-09-29
Officer Black Belt,officer-black-belt,Films,PE,Peru,3,3,2024-09-15,2024-09-29
Officer Black Belt,officer-black-belt,Films,PH,Philippines,3,1,2024-09-15,2024-09-29
Officer Black Belt,officer-black-belt,Films,PL,Poland,2,6,2024-09-15,2024-09-22
Officer Black Belt,officer-black-belt,Films,PT,Portugal,2,5,2024-09-15,2024-09-22
Officer Black Belt,officer-black-belt,Films,QA,Qatar,3,5,2024-09-15,2024-09-29
Officer Black Belt,officer-black-belt,Films,RE,Réunion,3,3,2024-09-15,2024-09-29
Officer Black Belt,officer-black-belt,Films,RO,Romania,2,4,2024-09-15,2024-09-22
Officer Black Belt,officer-black-belt,Films,SA,Saudi Arabia,3,1,2024-09-15,2024-09-29
Officer Black Belt,officer-black-belt,Films,RS,Serbia,1,4,2024-09-22,2024-09-22
Officer Black Belt,officer-black-belt,Films,SG,Singapore,3,1,2024-09-15,2024-09-29
Officer Black Belt,officer-black-belt,Films,SK,Slovakia,2,5,2024-09-15,2024-09-22
Officer Black Belt,officer-black-belt,Films,SI,Slovenia,1,6,2024-09-22,2024-09-22
Officer Black Belt,officer-black-belt,Films,ZA,South Africa,1,8,2024-09-22,2024-09-22
Officer Black Belt,officer-black-belt,Films,KR,South Korea,7,1,2024-09-15,2025-03-30
Officer Black Belt,officer-black-belt,Films,ES,Spain,1,5,2024-09-22,2024-09-22
Officer Black Belt,officer-black-belt,Films,LK,Sri Lanka,2,8,2024-09-22,2024-09-29
Officer Black Belt,officer-black-belt,Films,SE,Sweden,1,8,2024-09-22,2024-09-22
Officer Black Belt,officer-black-belt,Films,CH,Switzerland,2,4,2024-09-15,2024-09-22
Officer Black Belt,officer-black-belt,Films,TW,Taiwan,6,1,2024-09-15,2024-10-20
Officer Black Belt,officer-black-belt,Films,TH,Thailand,3,1,2024-09-15,2024-09-29
Officer Black Belt,officer-black-belt,Films,TT,Trinidad and Tobago,3,4,2024-09-15,2024-09-29
Officer Black Belt,officer-black-belt,Films,TR,Turkey,3,3,2024-09-15,2024-09-29
Officer Black Belt,officer-black-belt,Films,AE,United Arab Emirates,2,5,2024-09-15,2024-09-22
Officer Black Belt,officer-black-belt,Films,US,United States,1,7,2024-09-22,2024-09-22
Officer Black Belt,officer-black-belt,Films,UY,Uruguay,3,4,2024-09-15,2024-09-29
Officer Black Belt,officer-black-belt,Films,VE,Venezuela,3,3,2024-09-15,2024-09-29
Officer Black Belt,officer-black-belt,Films,VN,Vietnam,4,1,2024-09-15,2024-10-06
Oh My Baby,oh-my-baby,TV,HK,Hong Kong,1,10,2022-07-10,2022-07-10
Oh My Baby,oh-my-baby,TV,JP,Japan,2,8,2022-07-10,2022-07-17
Oh My Ghost Clients,oh-my-ghost-clients,TV,ID,Indonesia,7,2,2025-06-01,2025-07-13
Oh My Ghost Clients,oh-my-ghost-clients,TV,MY,Malaysia,7,2,2025-06-01,2025-07-13
Oh My Ghost Clients,oh-my-ghost-clients,TV,PH,Philippines,3,8,2025-06-01,2025-06-22
Oh My Ghost Clients,oh-my-ghost-clients,TV,SG,Singapore,6,3,2025-06-01,2025-07-06
Oh My Ghost Clients,oh-my-ghost-clients,TV,KR,South Korea,6,3,2025-06-01,2025-07-06
Oh My Ghost Clients,oh-my-ghost-clients,TV,TH,Thailand,1,9,2025-06-08,2025-06-08
Oh My Ghost Clients,oh-my-ghost-clients,TV,VN,Vietnam,6,3,2025-06-01,2025-07-06
Oh My Venus,oh-my-venus,TV,BO,Bolivia,3,4,2022-07-31,2022-08-14
Oh My Venus,oh-my-venus,TV,CL,Chile,3,5,2022-07-24,2022-08-07
Oh My Venus,oh-my-venus,TV,CO,Colombia,1,10,2022-07-31,2022-07-31
Oh My Venus,oh-my-venus,TV,CR,Costa Rica,1,10,2022-07-31,2022-07-31
Oh My Venus,oh-my-venus,TV,DO,Dominican Republic,2,5,2022-07-31,2022-08-07
Oh My Venus,oh-my-venus,TV,EC,Ecuador,3,5,2022-07-31,2022-08-14
Oh My Venus,oh-my-venus,TV,SV,El Salvador,4,3,2022-07-24,2022-08-14
Oh My Venus,oh-my-venus,TV,GT,Guatemala,1,7,2022-07-31,2022-07-31
Oh My Venus,oh-my-venus,TV,HN,Honduras,3,6,2022-07-24,2022-08-07
Oh My Venus,oh-my-venus,TV,HK,Hong Kong,7,3,2022-07-24,2022-09-04
Oh My Venus,oh-my-venus,TV,MY,Malaysia,3,9,2021-10-10,2021-11-14
Oh My Venus,oh-my-venus,TV,MX,Mexico,4,3,2022-07-24,2022-08-14
Oh My Venus,oh-my-venus,TV,NI,Nicaragua,2,7,2022-07-31,2022-08-07
Oh My Venus,oh-my-venus,TV,PA,Panama,1,7,2022-07-31,2022-07-31
Oh My Venus,oh-my-venus,TV,PY,Paraguay,1,7,2022-07-31,2022-07-31
Oh My Venus,oh-my-venus,TV,PE,Peru,4,4,2022-07-24,2022-08-14
Oh My Venus,oh-my-venus,TV,TW,Taiwan,4,6,2022-07-24,2022-08-14
Oldboy,oldboy,Films,CA,Canada,1,4,2023-06-04,2023-06-04
Oldboy,oldboy,Films,US,United States,2,10,2021-12-26,2022-01-02
Omniscient Reader: The Prophecy,omniscient-reader-the-prophecy,Films,KR,South Korea,6,1,2025-12-07,2026-01-11
Once Again,once-again,Films,KR,South Korea,4,2,2024-06-23,2024-07-14
Once Again,once-again,Films,TW,Taiwan,4,8,2021-07-11,2021-08-01
Once Again,once-again,Films,VN,Vietnam,4,5,2023-04-09,2023-04-30
Once Upon a Small Town,once-upon-a-small-town,TV,BO,Bolivia,1,6,2022-11-06,2022-11-06
Once Upon a Small Town,once-upon-a-small-town,TV,BR,Brazil,1,6,2022-11-06,2022-11-06
Once Upon a Small Town,once-upon-a-small-town,TV,CL,Chile,1,5,2022-11-06,2022-11-06
Once Upon a Small Town,once-upon-a-small-town,TV,CO,Colombia,1,10,2022-11-06,2022-11-06
Once Upon a Small Town,once-upon-a-small-town,TV,CR,Costa Rica,1,7,2022-11-06,2022-11-06
Once Upon a Small Town,once-upon-a-small-town,TV,DO,Dominican Republic,1,6,2022-11-06,2022-11-06
Once Upon a Small Town,once-upon-a-small-town,TV,EC,Ecuador,1,7,2022-11-06,2022-11-06
Once Upon a Small Town,once-upon-a-small-town,TV,SV,El Salvador,2,3,2022-11-06,2022-11-13
Once Upon a Small Town,once-upon-a-small-town,TV,GR,Greece,1,8,2022-10-23,2022-10-23
Once Upon a Small Town,once-upon-a-small-town,TV,GT,Guatemala,1,8,2022-11-06,2022-11-06
Once Upon a Small Town,once-upon-a-small-town,TV,HN,Honduras,1,5,2022-11-06,2022-11-06
Once Upon a Small Town,once-upon-a-small-town,TV,ID,Indonesia,1,6,2022-10-02,2022-10-02
Once Upon a Small Town,once-upon-a-small-town,TV,JP,Japan,1,7,2022-10-02,2022-10-02
Once Upon a Small Town,once-upon-a-small-town,TV,MX,Mexico,1,10,2022-11-06,2022-11-06
Once Upon a Small Town,once-upon-a-small-town,TV,NI,Nicaragua,1,5,2022-11-06,2022-11-06
Once Upon a Small Town,once-upon-a-small-town,TV,PA,Panama,1,9,2022-11-06,2022-11-06
Once Upon a Small Town,once-upon-a-small-town,TV,PY,Paraguay,1,8,2022-11-06,2022-11-06
Once Upon a Small Town,once-upon-a-small-town,TV,PE,Peru,2,3,2022-11-06,2022-11-13
Once Upon a Small Town,once-upon-a-small-town,TV,RO,Romania,1,10,2022-10-23,2022-10-23
Once Upon a Small Town,once-upon-a-small-town,TV,KR,South Korea,2,8,2022-09-25,2022-10-02
Once Upon a Small Town,once-upon-a-small-town,TV,TH,Thailand,1,8,2022-10-02,2022-10-02
One Night Stand,one-night-stand,Films,ID,Indonesia,1,8,2023-05-21,2023-05-21
One Night Stand,one-night-stand,Films,TH,Thailand,3,1,2026-04-26,2026-05-10
One on One,one-on-one,Films,KR,South Korea,1,4,2024-10-27,2024-10-27
One Ordinary Day,one-ordinary-day,TV,JP,Japan,2,8,2023-04-16,2023-04-23
One the Woman,one-the-woman,TV,ID,Indonesia,3,3,2022-10-09,2022-10-23
One the Woman,one-the-woman,TV,KW,Kuwait,1,10,2022-10-09,2022-10-09
One the Woman,one-the-woman,TV,MY,Malaysia,3,5,2022-10-09,2022-10-23
One the Woman,one-the-woman,TV,NG,Nigeria,2,8,2022-10-09,2022-10-16
One the Woman,one-the-woman,TV,PH,Philippines,1,7,2022-10-09,2022-10-09
One the Woman,one-the-woman,TV,QA,Qatar,1,7,2022-10-09,2022-10-09
One the Woman,one-the-woman,TV,SG,Singapore,2,6,2022-10-09,2022-10-16
One the Woman,one-the-woman,TV,KR,South Korea,1,8,2025-08-17,2025-08-17
One the Woman,one-the-woman,TV,TW,Taiwan,2,7,2022-10-09,2022-10-16
One the Woman,one-the-woman,TV,TH,Thailand,1,5,2022-10-09,2022-10-09
One the Woman,one-the-woman,TV,AE,United Arab Emirates,1,8,2022-10-09,2022-10-09
One the Woman,one-the-woman,TV,VN,Vietnam,6,1,2022-10-09,2022-11-13
One-Line,one-line,Films,KR,South Korea,2,3,2022-02-20,2022-02-27
Only God knows Everything,only-god-knows-everything,Films,KR,South Korea,3,3,2025-12-14,2025-12-28
Only You,only-you,TV,MY,Malaysia,1,9,2025-07-20,2025-07-20
Only You,only-you,TV,PH,Philippines,3,1,2022-01-30,2025-07-20
Only You,only-you,TV,QA,Qatar,1,7,2022-01-30,2022-01-30
Only You,only-you,TV,RO,Romania,1,9,2023-02-19,2023-02-19
Only You,only-you,TV,TH,Thailand,5,4,2025-07-20,2025-08-17
Only You,only-you,TV,AE,United Arab Emirates,1,9,2022-01-30,2022-01-30
Only You,only-you,TV,VN,Vietnam,5,2,2025-07-20,2025-08-17
Open City,open-city,Films,KR,South Korea,2,5,2024-11-17,2024-11-24
Operation Chromite,operation-chromite,Films,MY,Malaysia,1,10,2022-02-06,2022-02-06
Operation Chromite,operation-chromite,Films,SG,Singapore,2,9,2022-02-06,2022-02-13
Our Beloved Summer,our-beloved-summer,TV,BD,Bangladesh,6,6,2021-12-26,2022-02-06
Our Beloved Summer,our-beloved-summer,TV,HK,Hong Kong,11,2,2021-12-19,2022-02-27
Our Beloved Summer,our-beloved-summer,TV,IN,India,1,9,2022-01-30,2022-01-30
Our Beloved Summer,our-beloved-summer,TV,ID,Indonesia,14,1,2021-12-12,2022-03-13
Our Beloved Summer,our-beloved-summer,TV,JP,Japan,11,2,2021-12-19,2022-02-27
Our Beloved Summer,our-beloved-summer,TV,MY,Malaysia,10,2,2021-12-12,2022-02-13
Our Beloved Summer,our-beloved-summer,TV,MV,Maldives,3,10,2021-12-26,2022-01-30
Our Beloved Summer,our-beloved-summer,TV,PE,Peru,1,9,2022-02-20,2022-02-20
Our Beloved Summer,our-beloved-summer,TV,PH,Philippines,10,2,2021-12-12,2022-02-13
Our Beloved Summer,our-beloved-summer,TV,QA,Qatar,3,5,2022-01-16,2022-01-30
Our Beloved Summer,our-beloved-summer,TV,SA,Saudi Arabia,1,8,2022-01-30,2022-01-30
Our Beloved Summer,our-beloved-summer,TV,SG,Singapore,9,3,2021-12-19,2022-02-13
Our Beloved Summer,our-beloved-summer,TV,KR,South Korea,15,1,2021-12-12,2022-03-20
Our Beloved Summer,our-beloved-summer,TV,LK,Sri Lanka,1,7,2022-01-30,2022-01-30
Our Beloved Summer,our-beloved-summer,TV,TW,Taiwan,13,1,2021-12-19,2022-03-13
Our Beloved Summer,our-beloved-summer,TV,TH,Thailand,10,2,2021-12-12,2022-02-13
Our Beloved Summer,our-beloved-summer,TV,AE,United Arab Emirates,3,6,2022-01-16,2022-01-30
Our Beloved Summer,our-beloved-summer,TV,VN,Vietnam,15,1,2021-12-12,2022-03-20
Our Blooming Youth,our-blooming-youth,TV,JP,Japan,1,10,2025-06-22,2025-06-22
Our Blues,our-blues,TV,HK,Hong Kong,14,1,2022-04-17,2022-07-17
Our Blues,our-blues,TV,ID,Indonesia,14,1,2022-04-17,2022-07-17
Our Blues,our-blues,TV,JP,Japan,9,3,2022-05-08,2022-07-03
Our Blues,our-blues,TV,MY,Malaysia,12,1,2022-04-17,2022-07-03
Our Blues,our-blues,TV,MV,Maldives,1,9,2022-06-12,2022-06-12
Our Blues,our-blues,TV,PH,Philippines,8,3,2022-04-24,2022-06-19
Our Blues,our-blues,TV,QA,Qatar,2,9,2022-06-05,2022-06-12
Our Blues,our-blues,TV,SG,Singapore,11,2,2022-04-24,2022-07-03
Our Blues,our-blues,TV,KR,South Korea,15,1,2022-04-17,2022-07-24
Our Blues,our-blues,TV,TW,Taiwan,15,1,2022-04-17,2022-07-31
Our Blues,our-blues,TV,TH,Thailand,9,3,2022-05-01,2022-06-26
Our Blues,our-blues,TV,VN,Vietnam,13,1,2022-04-17,2022-07-10
Our Season,our-season,Films,KR,South Korea,5,2,2024-03-10,2024-04-07
Our Sticky Love,our-sticky-love,TV,AR,Argentina,1,3,2026-08-16,2026-08-16
Our Sticky Love,our-sticky-love,TV,BH,Bahrain,2,2,2026-08-09,2026-08-16
Our Sticky Love,our-sticky-love,TV,BD,Bangladesh,2,2,2026-08-09,2026-08-16
Our Sticky Love,our-sticky-love,TV,BO,Bolivia,2,1,2026-08-09,2026-08-16
Our Sticky Love,our-sticky-love,TV,BR,Brazil,2,1,2026-08-09,2026-08-16
Our Sticky Love,our-sticky-love,TV,BG,Bulgaria,1,8,2026-08-16,2026-08-16
Our Sticky Love,our-sticky-love,TV,CL,Chile,2,1,2026-08-09,2026-08-16
Our Sticky Love,our-sticky-love,TV,CO,Colombia,2,1,2026-08-09,2026-08-16
Our Sticky Love,our-sticky-love,TV,CR,Costa Rica,2,2,2026-08-09,2026-08-16
Our Sticky Love,our-sticky-love,TV,CY,Cyprus,1,5,2026-08-16,2026-08-16
Our Sticky Love,our-sticky-love,TV,CZ,Czech Republic,1,9,2026-08-16,2026-08-16
Our Sticky Love,our-sticky-love,TV,DO,Dominican Republic,2,1,2026-08-09,2026-08-16
Our Sticky Love,our-sticky-love,TV,EC,Ecuador,2,1,2026-08-09,2026-08-16
Our Sticky Love,our-sticky-love,TV,EG,Egypt,1,2,2026-08-16,2026-08-16
Our Sticky Love,our-sticky-love,TV,SV,El Salvador,2,1,2026-08-09,2026-08-16
Our Sticky Love,our-sticky-love,TV,FR,France,1,7,2026-08-16,2026-08-16
Our Sticky Love,our-sticky-love,TV,GR,Greece,2,3,2026-08-09,2026-08-16
Our Sticky Love,our-sticky-love,TV,GP,Guadeloupe,2,3,2026-08-09,2026-08-16
Our Sticky Love,our-sticky-love,TV,GT,Guatemala,2,1,2026-08-09,2026-08-16
Our Sticky Love,our-sticky-love,TV,HN,Honduras,2,1,2026-08-09,2026-08-16
Our Sticky Love,our-sticky-love,TV,HK,Hong Kong,2,2,2026-08-09,2026-08-16
Our Sticky Love,our-sticky-love,TV,HU,Hungary,1,7,2026-08-16,2026-08-16
Our Sticky Love,our-sticky-love,TV,IN,India,2,3,2026-08-09,2026-08-16
Our Sticky Love,our-sticky-love,TV,ID,Indonesia,2,1,2026-08-09,2026-08-16
Our Sticky Love,our-sticky-love,TV,IL,Israel,1,6,2026-08-16,2026-08-16
Our Sticky Love,our-sticky-love,TV,IT,Italy,1,6,2026-08-16,2026-08-16
Our Sticky Love,our-sticky-love,TV,JM,Jamaica,1,7,2026-08-16,2026-08-16
Our Sticky Love,our-sticky-love,TV,JP,Japan,1,3,2026-08-16,2026-08-16
Our Sticky Love,our-sticky-love,TV,JO,Jordan,2,1,2026-08-09,2026-08-16
Our Sticky Love,our-sticky-love,TV,KE,Kenya,1,4,2026-08-16,2026-08-16
Our Sticky Love,our-sticky-love,TV,KW,Kuwait,2,2,2026-08-09,2026-08-16
Our Sticky Love,our-sticky-love,TV,LB,Lebanon,1,3,2026-08-16,2026-08-16
Our Sticky Love,our-sticky-love,TV,LU,Luxembourg,1,8,2026-08-16,2026-08-16
Our Sticky Love,our-sticky-love,TV,MY,Malaysia,2,1,2026-08-09,2026-08-16
Our Sticky Love,our-sticky-love,TV,MV,Maldives,2,2,2026-08-09,2026-08-16
Our Sticky Love,our-sticky-love,TV,MQ,Martinique,2,3,2026-08-09,2026-08-16
Our Sticky Love,our-sticky-love,TV,MU,Mauritius,1,3,2026-08-16,2026-08-16
Our Sticky Love,our-sticky-love,TV,MX,Mexico,2,2,2026-08-09,2026-08-16
Our Sticky Love,our-sticky-love,TV,MA,Morocco,1,1,2026-08-16,2026-08-16
Our Sticky Love,our-sticky-love,TV,NC,New Caledonia,1,2,2026-08-16,2026-08-16
Our Sticky Love,our-sticky-love,TV,NI,Nicaragua,2,1,2026-08-09,2026-08-16
Our Sticky Love,our-sticky-love,TV,NG,Nigeria,2,1,2026-08-09,2026-08-16
Our Sticky Love,our-sticky-love,TV,OM,Oman,2,2,2026-08-09,2026-08-16
Our Sticky Love,our-sticky-love,TV,PK,Pakistan,2,1,2026-08-09,2026-08-16
Our Sticky Love,our-sticky-love,TV,PA,Panama,2,2,2026-08-09,2026-08-16
Our Sticky Love,our-sticky-love,TV,PY,Paraguay,2,1,2026-08-09,2026-08-16
Our Sticky Love,our-sticky-love,TV,PE,Peru,2,1,2026-08-09,2026-08-16
Our Sticky Love,our-sticky-love,TV,PH,Philippines,2,1,2026-08-09,2026-08-16
Our Sticky Love,our-sticky-love,TV,PT,Portugal,2,3,2026-08-09,2026-08-16
Our Sticky Love,our-sticky-love,TV,QA,Qatar,2,2,2026-08-09,2026-08-16
Our Sticky Love,our-sticky-love,TV,RE,Réunion,2,2,2026-08-09,2026-08-16
Our Sticky Love,our-sticky-love,TV,RO,Romania,2,3,2026-08-09,2026-08-16
Our Sticky Love,our-sticky-love,TV,SA,Saudi Arabia,2,1,2026-08-09,2026-08-16
Our Sticky Love,our-sticky-love,TV,RS,Serbia,1,10,2026-08-16,2026-08-16
Our Sticky Love,our-sticky-love,TV,SG,Singapore,2,1,2026-08-09,2026-08-16
Our Sticky Love,our-sticky-love,TV,SK,Slovakia,1,8,2026-08-16,2026-08-16
Our Sticky Love,our-sticky-love,TV,KR,South Korea,2,1,2026-08-09,2026-08-16
Our Sticky Love,our-sticky-love,TV,ES,Spain,1,7,2026-08-16,2026-08-16
Our Sticky Love,our-sticky-love,TV,LK,Sri Lanka,2,3,2026-08-09,2026-08-16
Our Sticky Love,our-sticky-love,TV,CH,Switzerland,1,9,2026-08-16,2026-08-16
Our Sticky Love,our-sticky-love,TV,TW,Taiwan,2,1,2026-08-09,2026-08-16
Our Sticky Love,our-sticky-love,TV,TH,Thailand,2,1,2026-08-09,2026-08-16
Our Sticky Love,our-sticky-love,TV,TT,Trinidad and Tobago,1,9,2026-08-16,2026-08-16
Our Sticky Love,our-sticky-love,TV,TR,Turkey,1,3,2026-08-16,2026-08-16
Our Sticky Love,our-sticky-love,TV,AE,United Arab Emirates,2,2,2026-08-09,2026-08-16
Our Sticky Love,our-sticky-love,TV,UY,Uruguay,1,8,2026-08-16,2026-08-16
Our Sticky Love,our-sticky-love,TV,VE,Venezuela,2,1,2026-08-09,2026-08-16
Our Sticky Love,our-sticky-love,TV,VN,Vietnam,2,1,2026-08-09,2026-08-16
Our Universe,our-universe,TV,CA,Canada,1,7,2022-11-27,2022-11-27
Our Universe,our-universe,TV,CZ,Czech Republic,1,10,2022-11-27,2022-11-27
Our Universe,our-universe,TV,SK,Slovakia,2,10,2022-11-27,2022-12-04
Our Universe,our-universe,TV,TR,Turkey,1,10,2022-11-27,2022-11-27
Our Universe,our-universe,TV,US,United States,1,10,2022-11-27,2022-11-27
Our Unwritten Seoul,our-unwritten-seoul,TV,BH,Bahrain,1,9,2025-06-01,2025-06-01
Our Unwritten Seoul,our-unwritten-seoul,TV,BD,Bangladesh,1,8,2025-06-01,2025-06-01
Our Unwritten Seoul,our-unwritten-seoul,TV,BO,Bolivia,6,3,2025-06-01,2025-07-06
Our Unwritten Seoul,our-unwritten-seoul,TV,BR,Brazil,6,3,2025-06-01,2025-07-06
Our Unwritten Seoul,our-unwritten-seoul,TV,CL,Chile,5,9,2025-06-01,2025-06-29
Our Unwritten Seoul,our-unwritten-seoul,TV,CO,Colombia,5,7,2025-06-01,2025-07-06
Our Unwritten Seoul,our-unwritten-seoul,TV,CR,Costa Rica,1,9,2025-06-01,2025-06-01
Our Unwritten Seoul,our-unwritten-seoul,TV,DO,Dominican Republic,4,5,2025-06-01,2025-06-29
Our Unwritten Seoul,our-unwritten-seoul,TV,EC,Ecuador,6,6,2025-06-01,2025-07-06
Our Unwritten Seoul,our-unwritten-seoul,TV,EG,Egypt,1,9,2025-06-01,2025-06-01
Our Unwritten Seoul,our-unwritten-seoul,TV,SV,El Salvador,6,5,2025-06-01,2025-07-06
Our Unwritten Seoul,our-unwritten-seoul,TV,GT,Guatemala,5,7,2025-06-01,2025-07-06
Our Unwritten Seoul,our-unwritten-seoul,TV,HN,Honduras,6,3,2025-06-01,2025-07-06
Our Unwritten Seoul,our-unwritten-seoul,TV,HK,Hong Kong,7,2,2025-06-01,2025-07-13
Our Unwritten Seoul,our-unwritten-seoul,TV,ID,Indonesia,9,2,2025-05-25,2025-07-20
Our Unwritten Seoul,our-unwritten-seoul,TV,JP,Japan,4,3,2025-06-01,2025-06-29
Our Unwritten Seoul,our-unwritten-seoul,TV,JO,Jordan,3,9,2025-06-01,2025-07-06
Our Unwritten Seoul,our-unwritten-seoul,TV,KW,Kuwait,3,8,2025-06-01,2025-07-06
Our Unwritten Seoul,our-unwritten-seoul,TV,MY,Malaysia,7,3,2025-06-01,2025-07-13
Our Unwritten Seoul,our-unwritten-seoul,TV,MV,Maldives,4,7,2025-06-01,2025-07-06
Our Unwritten Seoul,our-unwritten-seoul,TV,MX,Mexico,2,9,2025-06-01,2025-06-22
Our Unwritten Seoul,our-unwritten-seoul,TV,MA,Morocco,3,9,2025-06-01,2025-07-06
Our Unwritten Seoul,our-unwritten-seoul,TV,NI,Nicaragua,6,3,2025-06-01,2025-07-06
Our Unwritten Seoul,our-unwritten-seoul,TV,NG,Nigeria,1,7,2025-06-01,2025-06-01
Our Unwritten Seoul,our-unwritten-seoul,TV,OM,Oman,6,5,2025-06-01,2025-07-06
Our Unwritten Seoul,our-unwritten-seoul,TV,PA,Panama,1,9,2025-06-01,2025-06-01
Our Unwritten Seoul,our-unwritten-seoul,TV,PY,Paraguay,3,7,2025-06-01,2025-06-15
Our Unwritten Seoul,our-unwritten-seoul,TV,PE,Peru,6,3,2025-06-01,2025-07-06
Our Unwritten Seoul,our-unwritten-seoul,TV,PH,Philippines,6,2,2025-06-01,2025-07-06
Our Unwritten Seoul,our-unwritten-seoul,TV,QA,Qatar,5,8,2025-06-01,2025-07-06
Our Unwritten Seoul,our-unwritten-seoul,TV,RO,Romania,1,10,2025-06-01,2025-06-01
Our Unwritten Seoul,our-unwritten-seoul,TV,SA,Saudi Arabia,6,3,2025-06-01,2025-07-06
Our Unwritten Seoul,our-unwritten-seoul,TV,SG,Singapore,6,5,2025-06-01,2025-07-06
Our Unwritten Seoul,our-unwritten-seoul,TV,KR,South Korea,8,1,2025-06-01,2025-07-20
Our Unwritten Seoul,our-unwritten-seoul,TV,LK,Sri Lanka,2,10,2025-06-01,2025-07-06
Our Unwritten Seoul,our-unwritten-seoul,TV,TW,Taiwan,7,3,2025-06-01,2025-07-13
Our Unwritten Seoul,our-unwritten-seoul,TV,TH,Thailand,3,9,2025-06-01,2025-06-22
Our Unwritten Seoul,our-unwritten-seoul,TV,AE,United Arab Emirates,1,9,2025-06-01,2025-06-01
Our Unwritten Seoul,our-unwritten-seoul,TV,VE,Venezuela,6,6,2025-06-01,2025-07-06
Our Unwritten Seoul,our-unwritten-seoul,TV,VN,Vietnam,7,2,2025-06-01,2025-07-13
Outback,outback,Films,AU,Australia,2,10,2023-07-30,2023-08-06
Outlaw,outlaw,Films,AR,Argentina,2,2,2024-09-15,2024-09-22
Outlaw,outlaw,Films,AT,Austria,1,8,2024-09-15,2024-09-15
Outlaw,outlaw,Films,BS,Bahamas,2,3,2024-09-15,2024-09-22
Outlaw,outlaw,Films,BE,Belgium,1,5,2024-09-15,2024-09-15
Outlaw,outlaw,Films,BO,Bolivia,1,3,2024-09-15,2024-09-15
Outlaw,outlaw,Films,BR,Brazil,2,3,2024-09-15,2024-09-22
Outlaw,outlaw,Films,CL,Chile,2,4,2024-09-15,2024-09-22
Outlaw,outlaw,Films,CO,Colombia,2,3,2024-09-15,2024-09-22
Outlaw,outlaw,Films,CR,Costa Rica,1,4,2024-09-15,2024-09-15
Outlaw,outlaw,Films,HR,Croatia,1,5,2024-09-15,2024-09-15
Outlaw,outlaw,Films,CY,Cyprus,1,8,2024-09-15,2024-09-15
Outlaw,outlaw,Films,CZ,Czech Republic,1,8,2024-09-15,2024-09-15
Outlaw,outlaw,Films,DO,Dominican Republic,2,3,2024-09-15,2024-09-22
Outlaw,outlaw,Films,EC,Ecuador,2,3,2024-09-15,2024-09-22
Outlaw,outlaw,Films,SV,El Salvador,1,5,2024-09-15,2024-09-15
Outlaw,outlaw,Films,FI,Finland,1,10,2024-09-15,2024-09-15
Outlaw,outlaw,Films,FR,France,1,4,2024-09-15,2024-09-15
Outlaw,outlaw,Films,DE,Germany,1,7,2024-09-15,2024-09-15
Outlaw,outlaw,Films,GR,Greece,1,7,2024-09-15,2024-09-15
Outlaw,outlaw,Films,GP,Guadeloupe,2,3,2024-09-15,2024-09-22
Outlaw,outlaw,Films,GT,Guatemala,1,5,2024-09-15,2024-09-15
Outlaw,outlaw,Films,HN,Honduras,1,3,2024-09-15,2024-09-15
Outlaw,outlaw,Films,HU,Hungary,2,3,2024-09-15,2024-09-22
Outlaw,outlaw,Films,IL,Israel,1,7,2024-09-15,2024-09-15
Outlaw,outlaw,Films,IT,Italy,1,6,2024-09-15,2024-09-15
Outlaw,outlaw,Films,JM,Jamaica,2,3,2024-09-15,2024-09-22
Outlaw,outlaw,Films,KE,Kenya,1,4,2024-09-15,2024-09-15
Outlaw,outlaw,Films,LU,Luxembourg,2,4,2024-09-15,2024-09-22
Outlaw,outlaw,Films,MT,Malta,1,9,2024-09-15,2024-09-15
Outlaw,outlaw,Films,MQ,Martinique,2,3,2024-09-15,2024-09-22
Outlaw,outlaw,Films,MU,Mauritius,1,9,2024-09-15,2024-09-15
Outlaw,outlaw,Films,MX,Mexico,2,9,2024-09-15,2024-09-22
Outlaw,outlaw,Films,MA,Morocco,2,3,2024-09-15,2024-09-22
Outlaw,outlaw,Films,NC,New Caledonia,2,5,2024-09-15,2024-09-22
Outlaw,outlaw,Films,NI,Nicaragua,1,5,2024-09-15,2024-09-15
Outlaw,outlaw,Films,NG,Nigeria,2,5,2024-09-15,2024-09-22
Outlaw,outlaw,Films,PA,Panama,2,3,2024-09-15,2024-09-22
Outlaw,outlaw,Films,PY,Paraguay,2,2,2024-09-15,2024-09-22
Outlaw,outlaw,Films,PE,Peru,2,3,2024-09-15,2024-09-22
Outlaw,outlaw,Films,PT,Portugal,2,3,2024-09-15,2024-09-22
Outlaw,outlaw,Films,RE,Réunion,2,4,2024-09-15,2024-09-22
Outlaw,outlaw,Films,RO,Romania,2,4,2024-09-15,2024-09-22
Outlaw,outlaw,Films,SA,Saudi Arabia,1,10,2024-09-15,2024-09-15
Outlaw,outlaw,Films,RS,Serbia,1,8,2024-09-15,2024-09-15
Outlaw,outlaw,Films,SK,Slovakia,1,4,2024-09-15,2024-09-15
Outlaw,outlaw,Films,SI,Slovenia,1,10,2024-09-15,2024-09-15
Outlaw,outlaw,Films,ES,Spain,1,8,2024-09-15,2024-09-15
Outlaw,outlaw,Films,CH,Switzerland,2,4,2024-09-15,2024-09-22
Outlaw,outlaw,Films,TH,Thailand,1,8,2024-09-15,2024-09-15
Outlaw,outlaw,Films,TT,Trinidad and Tobago,2,3,2024-09-15,2024-09-22
Outlaw,outlaw,Films,TR,Turkey,2,5,2024-09-15,2024-09-22
Outlaw,outlaw,Films,UY,Uruguay,2,2,2024-09-15,2024-09-22
Outlaw,outlaw,Films,VE,Venezuela,2,3,2024-09-15,2024-09-22
Pale Moon,pale-moon,TV,KR,South Korea,6,3,2023-04-23,2023-05-28
Pandora,pandora,Films,KR,South Korea,1,9,2026-02-08,2026-02-08
Parasite,parasite,Films,FR,France,1,10,2025-12-07,2025-12-07
Parasite,parasite,Films,HK,Hong Kong,4,4,2022-01-09,2022-01-30
Parasite,parasite,Films,PH,Philippines,3,3,2022-05-15,2022-05-29
Parasite,parasite,Films,KR,South Korea,3,5,2021-07-04,2021-07-18
Parasyte: The Grey,parasyte-the-grey,TV,AR,Argentina,3,5,2024-04-07,2024-04-21
Parasyte: The Grey,parasyte-the-grey,TV,AU,Australia,1,6,2024-04-14,2024-04-14
Parasyte: The Grey,parasyte-the-grey,TV,AT,Austria,2,8,2024-04-07,2024-04-14
Parasyte: The Grey,parasyte-the-grey,TV,BS,Bahamas,2,2,2024-04-07,2024-04-14
Parasyte: The Grey,parasyte-the-grey,TV,BH,Bahrain,4,1,2024-04-07,2024-04-28
Parasyte: The Grey,parasyte-the-grey,TV,BD,Bangladesh,5,2,2024-04-07,2024-05-05
Parasyte: The Grey,parasyte-the-grey,TV,BE,Belgium,2,6,2024-04-07,2024-04-14
Parasyte: The Grey,parasyte-the-grey,TV,BO,Bolivia,5,1,2024-04-07,2024-05-05
Parasyte: The Grey,parasyte-the-grey,TV,BR,Brazil,2,2,2024-04-07,2024-04-14
Parasyte: The Grey,parasyte-the-grey,TV,BG,Bulgaria,2,3,2024-04-07,2024-04-14
Parasyte: The Grey,parasyte-the-grey,TV,CA,Canada,1,5,2024-04-14,2024-04-14
Parasyte: The Grey,parasyte-the-grey,TV,CL,Chile,3,1,2024-04-07,2024-04-21
Parasyte: The Grey,parasyte-the-grey,TV,CO,Colombia,4,2,2024-04-07,2024-04-28
Parasyte: The Grey,parasyte-the-grey,TV,CR,Costa Rica,2,3,2024-04-07,2024-04-14
Parasyte: The Grey,parasyte-the-grey,TV,HR,Croatia,1,6,2024-04-14,2024-04-14
Parasyte: The Grey,parasyte-the-grey,TV,CY,Cyprus,2,5,2024-04-07,2024-04-14
Parasyte: The Grey,parasyte-the-grey,TV,CZ,Czech Republic,2,2,2024-04-07,2024-04-14
Parasyte: The Grey,parasyte-the-grey,TV,DO,Dominican Republic,4,1,2024-04-07,2024-04-28
Parasyte: The Grey,parasyte-the-grey,TV,EC,Ecuador,4,1,2024-04-07,2024-04-28
Parasyte: The Grey,parasyte-the-grey,TV,EG,Egypt,4,4,2024-04-07,2024-04-28
Parasyte: The Grey,parasyte-the-grey,TV,SV,El Salvador,4,1,2024-04-07,2024-04-28
Parasyte: The Grey,parasyte-the-grey,TV,EE,Estonia,1,7,2024-04-14,2024-04-14
Parasyte: The Grey,parasyte-the-grey,TV,FR,France,3,2,2024-04-07,2024-04-21
Parasyte: The Grey,parasyte-the-grey,TV,DE,Germany,2,5,2024-04-07,2024-04-14
Parasyte: The Grey,parasyte-the-grey,TV,GR,Greece,1,7,2024-04-14,2024-04-14
Parasyte: The Grey,parasyte-the-grey,TV,GP,Guadeloupe,2,1,2024-04-07,2024-04-14
Parasyte: The Grey,parasyte-the-grey,TV,GT,Guatemala,3,2,2024-04-07,2024-04-21
Parasyte: The Grey,parasyte-the-grey,TV,HN,Honduras,3,1,2024-04-07,2024-04-21
Parasyte: The Grey,parasyte-the-grey,TV,HK,Hong Kong,6,1,2024-04-07,2024-05-12
Parasyte: The Grey,parasyte-the-grey,TV,HU,Hungary,2,2,2024-04-07,2024-04-14
Parasyte: The Grey,parasyte-the-grey,TV,IN,India,4,2,2024-04-07,2024-04-28
Parasyte: The Grey,parasyte-the-grey,TV,ID,Indonesia,6,1,2024-04-07,2024-05-12
Parasyte: The Grey,parasyte-the-grey,TV,IT,Italy,2,6,2024-04-07,2024-04-14
Parasyte: The Grey,parasyte-the-grey,TV,JM,Jamaica,3,1,2024-04-07,2024-04-21
Parasyte: The Grey,parasyte-the-grey,TV,JP,Japan,2,3,2024-04-07,2024-04-14
Parasyte: The Grey,parasyte-the-grey,TV,JO,Jordan,3,2,2024-04-07,2024-04-21
Parasyte: The Grey,parasyte-the-grey,TV,KE,Kenya,2,2,2024-04-07,2024-04-14
Parasyte: The Grey,parasyte-the-grey,TV,KW,Kuwait,4,1,2024-04-07,2024-04-28
Parasyte: The Grey,parasyte-the-grey,TV,LV,Latvia,1,10,2024-04-14,2024-04-14
Parasyte: The Grey,parasyte-the-grey,TV,LB,Lebanon,2,5,2024-04-07,2024-04-14
Parasyte: The Grey,parasyte-the-grey,TV,LT,Lithuania,2,4,2024-04-07,2024-04-14
Parasyte: The Grey,parasyte-the-grey,TV,LU,Luxembourg,2,7,2024-04-07,2024-04-14
Parasyte: The Grey,parasyte-the-grey,TV,MY,Malaysia,5,1,2024-04-07,2024-05-05
Parasyte: The Grey,parasyte-the-grey,TV,MV,Maldives,5,1,2024-04-07,2024-05-05
Parasyte: The Grey,parasyte-the-grey,TV,MT,Malta,1,7,2024-04-14,2024-04-14
Parasyte: The Grey,parasyte-the-grey,TV,MQ,Martinique,3,1,2024-04-07,2024-04-21
Parasyte: The Grey,parasyte-the-grey,TV,MU,Mauritius,3,1,2024-04-07,2024-04-21
Parasyte: The Grey,parasyte-the-grey,TV,MX,Mexico,3,1,2024-04-07,2024-04-21
Parasyte: The Grey,parasyte-the-grey,TV,MA,Morocco,3,1,2024-04-07,2024-04-21
Parasyte: The Grey,parasyte-the-grey,TV,NC,New Caledonia,3,1,2024-04-07,2024-04-21
Parasyte: The Grey,parasyte-the-grey,TV,NZ,New Zealand,2,6,2024-04-07,2024-04-14
Parasyte: The Grey,parasyte-the-grey,TV,NI,Nicaragua,3,1,2024-04-07,2024-04-21
Parasyte: The Grey,parasyte-the-grey,TV,NG,Nigeria,5,1,2024-04-07,2024-05-05
Parasyte: The Grey,parasyte-the-grey,TV,OM,Oman,4,1,2024-04-07,2024-04-28
Parasyte: The Grey,parasyte-the-grey,TV,PK,Pakistan,4,2,2024-04-07,2024-04-28
Parasyte: The Grey,parasyte-the-grey,TV,PA,Panama,3,3,2024-04-07,2024-04-21
Parasyte: The Grey,parasyte-the-grey,TV,PY,Paraguay,3,2,2024-04-07,2024-04-21
Parasyte: The Grey,parasyte-the-grey,TV,PE,Peru,4,1,2024-04-07,2024-04-28
Parasyte: The Grey,parasyte-the-grey,TV,PH,Philippines,6,1,2024-04-07,2024-05-12
Parasyte: The Grey,parasyte-the-grey,TV,PL,Poland,1,6,2024-04-14,2024-04-14
Parasyte: The Grey,parasyte-the-grey,TV,PT,Portugal,2,7,2024-04-07,2024-04-14
Parasyte: The Grey,parasyte-the-grey,TV,QA,Qatar,4,1,2024-04-07,2024-04-28
Parasyte: The Grey,parasyte-the-grey,TV,RE,Réunion,3,1,2024-04-07,2024-04-21
Parasyte: The Grey,parasyte-the-grey,TV,RO,Romania,2,6,2024-04-07,2024-04-14
Parasyte: The Grey,parasyte-the-grey,TV,SA,Saudi Arabia,4,1,2024-04-07,2024-04-28
Parasyte: The Grey,parasyte-the-grey,TV,RS,Serbia,1,9,2024-04-14,2024-04-14
Parasyte: The Grey,parasyte-the-grey,TV,SG,Singapore,5,1,2024-04-07,2024-05-05
Parasyte: The Grey,parasyte-the-grey,TV,SK,Slovakia,2,3,2024-04-07,2024-04-14
Parasyte: The Grey,parasyte-the-grey,TV,SI,Slovenia,1,10,2024-04-14,2024-04-14
Parasyte: The Grey,parasyte-the-grey,TV,ZA,South Africa,1,4,2024-04-14,2024-04-14
Parasyte: The Grey,parasyte-the-grey,TV,KR,South Korea,6,1,2024-04-07,2024-05-12
Parasyte: The Grey,parasyte-the-grey,TV,ES,Spain,1,7,2024-04-14,2024-04-14
Parasyte: The Grey,parasyte-the-grey,TV,LK,Sri Lanka,3,1,2024-04-07,2024-04-21
Parasyte: The Grey,parasyte-the-grey,TV,CH,Switzerland,1,8,2024-04-14,2024-04-14
Parasyte: The Grey,parasyte-the-grey,TV,TW,Taiwan,5,1,2024-04-07,2024-05-05
Parasyte: The Grey,parasyte-the-grey,TV,TH,Thailand,4,1,2024-04-07,2024-04-28
Parasyte: The Grey,parasyte-the-grey,TV,TT,Trinidad and Tobago,2,2,2024-04-07,2024-04-14
Parasyte: The Grey,parasyte-the-grey,TV,TR,Turkey,3,3,2024-04-07,2024-04-21
Parasyte: The Grey,parasyte-the-grey,TV,UA,Ukraine,1,9,2024-04-14,2024-04-14
Parasyte: The Grey,parasyte-the-grey,TV,AE,United Arab Emirates,4,1,2024-04-07,2024-04-28
Parasyte: The Grey,parasyte-the-grey,TV,US,United States,1,5,2024-04-14,2024-04-14
Parasyte: The Grey,parasyte-the-grey,TV,UY,Uruguay,1,6,2024-04-14,2024-04-14
Parasyte: The Grey,parasyte-the-grey,TV,VE,Venezuela,3,3,2024-04-07,2024-04-21
Parasyte: The Grey,parasyte-the-grey,TV,VN,Vietnam,11,1,2024-04-07,2024-06-16
Parole Examiner Lee,parole-examiner-lee,TV,KR,South Korea,6,1,2024-11-24,2024-12-29
Part-Time Spy,part-time-spy,Films,KR,South Korea,2,4,2022-10-16,2022-10-23
Pavane,pavane,Films,BH,Bahrain,1,8,2026-03-01,2026-03-01
Pavane,pavane,Films,BD,Bangladesh,1,7,2026-03-01,2026-03-01
Pavane,pavane,Films,HK,Hong Kong,1,4,2026-03-01,2026-03-01
Pavane,pavane,Films,ID,Indonesia,1,7,2026-03-01,2026-03-01
Pavane,pavane,Films,JP,Japan,2,7,2026-02-22,2026-03-01
Pavane,pavane,Films,KW,Kuwait,1,6,2026-03-01,2026-03-01
Pavane,pavane,Films,MY,Malaysia,1,9,2026-03-01,2026-03-01
Pavane,pavane,Films,MA,Morocco,1,10,2026-03-01,2026-03-01
Pavane,pavane,Films,OM,Oman,1,8,2026-03-01,2026-03-01
Pavane,pavane,Films,PH,Philippines,1,4,2026-03-01,2026-03-01
Pavane,pavane,Films,QA,Qatar,1,5,2026-03-01,2026-03-01
Pavane,pavane,Films,SA,Saudi Arabia,1,8,2026-03-01,2026-03-01
Pavane,pavane,Films,SG,Singapore,1,10,2026-03-01,2026-03-01
Pavane,pavane,Films,KR,South Korea,3,1,2026-02-22,2026-03-08
Pavane,pavane,Films,TW,Taiwan,3,3,2026-02-22,2026-03-08
Pavane,pavane,Films,TH,Thailand,2,3,2026-02-22,2026-03-01
Pavane,pavane,Films,AE,United Arab Emirates,1,7,2026-03-01,2026-03-01
Pavane,pavane,Films,VE,Venezuela,1,8,2026-03-01,2026-03-01
Pavane,pavane,Films,VN,Vietnam,2,4,2026-02-22,2026-03-01
Pawn,pawn,Films,KR,South Korea,2,9,2023-02-12,2023-02-19
Payback,payback,Films,AU,Australia,1,10,2021-09-19,2021-09-19
Payback,payback,Films,NZ,New Zealand,1,9,2021-09-19,2021-09-19
Payback: Money and Power,payback-money-and-power,TV,KR,South Korea,1,6,2025-02-23,2025-02-23
Peninsula,peninsula,Films,HK,Hong Kong,2,4,2022-01-02,2022-01-09
Peninsula,peninsula,Films,JP,Japan,3,1,2021-07-04,2021-07-18
Peninsula,peninsula,Films,SG,Singapore,1,10,2023-08-06,2023-08-06
Peninsula,peninsula,Films,KR,South Korea,3,4,2026-03-01,2026-06-14
Peninsula,peninsula,Films,VN,Vietnam,2,7,2023-08-06,2023-08-13
People and Meat,people-and-meat,Films,KR,South Korea,3,4,2026-07-12,2026-07-26
Perfect Marriage Revenge,perfect-marriage-revenge,TV,KR,South Korea,4,6,2023-11-05,2023-11-26
Perhaps Love,perhaps-love,Films,KR,South Korea,7,2,2022-02-13,2022-03-27
Persona: Sulli,persona-sulli,Films,KR,South Korea,1,9,2023-11-19,2023-11-19
Persona: Sulli,persona-sulli,Films,VN,Vietnam,1,6,2023-11-19,2023-11-19
Phantom,phantom,Films,KR,South Korea,3,1,2024-09-29,2024-10-13
Phantom,phantom,Films,TW,Taiwan,1,9,2024-01-07,2024-01-07
Phantom Lawyer,phantom-lawyer,TV,BH,Bahrain,3,4,2026-03-22,2026-04-05
Phantom Lawyer,phantom-lawyer,TV,BD,Bangladesh,3,7,2026-03-22,2026-04-05
Phantom Lawyer,phantom-lawyer,TV,EG,Egypt,3,10,2026-03-22,2026-04-12
Phantom Lawyer,phantom-lawyer,TV,ID,Indonesia,11,1,2026-03-15,2026-05-24
Phantom Lawyer,phantom-lawyer,TV,JO,Jordan,4,6,2026-03-22,2026-04-12
Phantom Lawyer,phantom-lawyer,TV,KW,Kuwait,5,4,2026-03-22,2026-04-19
Phantom Lawyer,phantom-lawyer,TV,MY,Malaysia,10,1,2026-03-15,2026-05-17
Phantom Lawyer,phantom-lawyer,TV,MV,Maldives,5,3,2026-03-22,2026-04-19
Phantom Lawyer,phantom-lawyer,TV,MA,Morocco,5,3,2026-03-22,2026-04-19
Phantom Lawyer,phantom-lawyer,TV,NG,Nigeria,2,10,2026-03-22,2026-03-29
Phantom Lawyer,phantom-lawyer,TV,OM,Oman,5,2,2026-03-22,2026-04-19
Phantom Lawyer,phantom-lawyer,TV,PH,Philippines,9,2,2026-03-15,2026-05-10
Phantom Lawyer,phantom-lawyer,TV,QA,Qatar,6,3,2026-03-15,2026-04-19
Phantom Lawyer,phantom-lawyer,TV,SA,Saudi Arabia,4,5,2026-03-22,2026-04-12
Phantom Lawyer,phantom-lawyer,TV,SG,Singapore,9,1,2026-03-15,2026-05-10
Phantom Lawyer,phantom-lawyer,TV,KR,South Korea,10,1,2026-03-15,2026-05-17
Phantom Lawyer,phantom-lawyer,TV,LK,Sri Lanka,4,4,2026-03-22,2026-04-12
Phantom Lawyer,phantom-lawyer,TV,TH,Thailand,8,4,2026-03-15,2026-05-03
Phantom Lawyer,phantom-lawyer,TV,AE,United Arab Emirates,4,3,2026-03-22,2026-04-12
Phantom Lawyer,phantom-lawyer,TV,VN,Vietnam,10,1,2026-03-15,2026-05-17
Physical: Asia,physical-asia,TV,AU,Australia,3,5,2025-11-02,2025-11-16
Physical: Asia,physical-asia,TV,AT,Austria,1,9,2025-11-02,2025-11-02
Physical: Asia,physical-asia,TV,BH,Bahrain,4,1,2025-11-02,2025-11-23
Physical: Asia,physical-asia,TV,BO,Bolivia,1,5,2025-11-02,2025-11-02
Physical: Asia,physical-asia,TV,BR,Brazil,1,5,2025-11-02,2025-11-02
Physical: Asia,physical-asia,TV,BG,Bulgaria,2,4,2025-11-02,2025-11-09
Physical: Asia,physical-asia,TV,CA,Canada,1,5,2025-11-02,2025-11-02
Physical: Asia,physical-asia,TV,CO,Colombia,1,10,2025-11-02,2025-11-02
Physical: Asia,physical-asia,TV,CR,Costa Rica,1,5,2025-11-02,2025-11-02
Physical: Asia,physical-asia,TV,CZ,Czech Republic,1,9,2025-11-02,2025-11-02
Physical: Asia,physical-asia,TV,DK,Denmark,1,8,2025-11-02,2025-11-02
Physical: Asia,physical-asia,TV,SV,El Salvador,1,8,2025-11-02,2025-11-02
Physical: Asia,physical-asia,TV,EE,Estonia,1,9,2025-11-02,2025-11-02
Physical: Asia,physical-asia,TV,FI,Finland,2,4,2025-11-02,2025-11-09
Physical: Asia,physical-asia,TV,DE,Germany,1,10,2025-11-02,2025-11-02
Physical: Asia,physical-asia,TV,GP,Guadeloupe,1,9,2025-11-02,2025-11-02
Physical: Asia,physical-asia,TV,GT,Guatemala,1,9,2025-11-02,2025-11-02
Physical: Asia,physical-asia,TV,HK,Hong Kong,5,1,2025-11-02,2025-11-30
Physical: Asia,physical-asia,TV,ID,Indonesia,4,1,2025-11-02,2025-11-23
Physical: Asia,physical-asia,TV,JO,Jordan,2,4,2025-11-02,2025-11-09
Physical: Asia,physical-asia,TV,KW,Kuwait,4,2,2025-11-02,2025-11-23
Physical: Asia,physical-asia,TV,LV,Latvia,1,10,2025-11-02,2025-11-02
Physical: Asia,physical-asia,TV,LT,Lithuania,1,9,2025-11-02,2025-11-02
Physical: Asia,physical-asia,TV,MY,Malaysia,4,2,2025-11-02,2025-11-23
Physical: Asia,physical-asia,TV,MV,Maldives,2,6,2025-11-02,2025-11-09
Physical: Asia,physical-asia,TV,MQ,Martinique,1,8,2025-11-02,2025-11-02
Physical: Asia,physical-asia,TV,MU,Mauritius,2,5,2025-11-02,2025-11-09
Physical: Asia,physical-asia,TV,MA,Morocco,3,4,2025-11-02,2025-11-23
Physical: Asia,physical-asia,TV,NC,New Caledonia,2,5,2025-11-02,2025-11-09
Physical: Asia,physical-asia,TV,NZ,New Zealand,4,6,2025-11-02,2025-11-23
Physical: Asia,physical-asia,TV,NO,Norway,2,8,2025-11-02,2025-11-09
Physical: Asia,physical-asia,TV,OM,Oman,3,3,2025-11-02,2025-11-16
Physical: Asia,physical-asia,TV,PA,Panama,1,6,2025-11-02,2025-11-02
Physical: Asia,physical-asia,TV,PH,Philippines,4,1,2025-11-02,2025-11-23
Physical: Asia,physical-asia,TV,QA,Qatar,4,1,2025-11-02,2025-11-23
Physical: Asia,physical-asia,TV,RE,Réunion,2,6,2025-11-02,2025-11-09
Physical: Asia,physical-asia,TV,SA,Saudi Arabia,3,3,2025-11-02,2025-11-16
Physical: Asia,physical-asia,TV,SG,Singapore,5,1,2025-11-02,2025-11-30
Physical: Asia,physical-asia,TV,KR,South Korea,4,2,2025-11-02,2025-11-23
Physical: Asia,physical-asia,TV,SE,Sweden,1,9,2025-11-02,2025-11-02
Physical: Asia,physical-asia,TV,TW,Taiwan,2,4,2025-11-02,2025-11-09
Physical: Asia,physical-asia,TV,TH,Thailand,4,2,2025-11-02,2025-11-23
Physical: Asia,physical-asia,TV,TR,Turkey,3,1,2025-11-02,2025-11-16
Physical: Asia,physical-asia,TV,AE,United Arab Emirates,4,1,2025-11-02,2025-11-23
Picnic,picnic,Films,KR,South Korea,2,4,2024-05-26,2024-06-02
Pilot,pilot,Films,KR,South Korea,12,1,2024-11-24,2025-02-09
Pink,pink,Films,PK,Pakistan,2,6,2021-07-18,2021-07-25
Pinocchio,pinocchio,TV,PH,Philippines,3,9,2022-06-05,2023-03-26
PLUTO,pluto,TV,JP,Japan,2,5,2023-10-29,2023-11-05
PLUTO,pluto,TV,NC,New Caledonia,1,9,2023-11-05,2023-11-05
Police University,police-university,TV,ID,Indonesia,4,5,2022-07-31,2022-08-21
Police University,police-university,TV,MY,Malaysia,3,4,2022-07-31,2022-08-14
Police University,police-university,TV,PH,Philippines,1,7,2022-07-31,2022-07-31
Police University,police-university,TV,SG,Singapore,2,6,2022-07-31,2022-08-07
Police University,police-university,TV,TH,Thailand,2,5,2022-07-31,2022-08-07
Police University,police-university,TV,VN,Vietnam,4,3,2022-07-31,2022-08-21
"Poong, the Joseon Psychiatrist",poong-the-joseon-psychiatrist,TV,BH,Bahrain,1,10,2023-01-15,2023-01-15
"Poong, the Joseon Psychiatrist",poong-the-joseon-psychiatrist,TV,HK,Hong Kong,2,6,2024-09-15,2024-09-22
"Poong, the Joseon Psychiatrist",poong-the-joseon-psychiatrist,TV,ID,Indonesia,3,3,2023-01-15,2023-01-29
"Poong, the Joseon Psychiatrist",poong-the-joseon-psychiatrist,TV,MY,Malaysia,4,1,2023-01-15,2023-02-05
"Poong, the Joseon Psychiatrist",poong-the-joseon-psychiatrist,TV,PH,Philippines,3,6,2023-01-15,2023-01-29
"Poong, the Joseon Psychiatrist",poong-the-joseon-psychiatrist,TV,QA,Qatar,2,8,2023-01-15,2023-01-22
"Poong, the Joseon Psychiatrist",poong-the-joseon-psychiatrist,TV,SG,Singapore,4,2,2023-01-15,2023-02-05
"Poong, the Joseon Psychiatrist",poong-the-joseon-psychiatrist,TV,KR,South Korea,1,7,2024-09-15,2024-09-15
"Poong, the Joseon Psychiatrist",poong-the-joseon-psychiatrist,TV,LK,Sri Lanka,1,9,2023-01-15,2023-01-15
"Poong, the Joseon Psychiatrist",poong-the-joseon-psychiatrist,TV,TW,Taiwan,2,6,2024-09-15,2024-09-22
"Poong, the Joseon Psychiatrist",poong-the-joseon-psychiatrist,TV,TH,Thailand,3,3,2023-01-15,2023-01-29
"Poong, the Joseon Psychiatrist",poong-the-joseon-psychiatrist,TV,AE,United Arab Emirates,1,9,2023-01-15,2023-01-15
"Poong, the Joseon Psychiatrist",poong-the-joseon-psychiatrist,TV,VN,Vietnam,1,10,2023-01-15,2023-01-15
Pororo and Friends: Virus Busters,pororo-and-friends-virus-busters,Films,KR,South Korea,1,9,2023-12-31,2023-12-31
"Pororo, The Racing Adventure",pororo-the-racing-adventure,Films,KR,South Korea,1,10,2023-12-10,2023-12-10
Portrait of a Beauty,portrait-of-a-beauty,Films,KR,South Korea,2,10,2022-12-04,2022-12-11
Poseidon,poseidon,Films,DK,Denmark,1,9,2026-05-03,2026-05-03
Poseidon,poseidon,Films,FI,Finland,1,7,2026-05-03,2026-05-03
Poseidon,poseidon,Films,GR,Greece,1,9,2026-06-28,2026-06-28
Poseidon,poseidon,Films,GP,Guadeloupe,1,9,2023-09-17,2023-09-17
Poseidon,poseidon,Films,IT,Italy,2,5,2026-06-21,2026-06-28
Poseidon,poseidon,Films,MQ,Martinique,1,9,2023-09-17,2023-09-17
Poseidon,poseidon,Films,NC,New Caledonia,1,10,2023-09-17,2023-09-17
Poseidon,poseidon,Films,PT,Portugal,1,9,2025-09-07,2025-09-07
Poseidon,poseidon,Films,RE,Réunion,1,8,2023-09-17,2023-09-17
Poseidon,poseidon,Films,SE,Sweden,1,8,2026-05-03,2026-05-03
Poseidon,poseidon,Films,TR,Turkey,2,4,2026-06-21,2026-06-28
Positively Yours,positively-yours,TV,KR,South Korea,3,8,2026-01-25,2026-02-22
Possessed,possessed,Films,MY,Malaysia,2,3,2023-02-19,2023-02-26
Possessed,possessed,Films,SG,Singapore,1,8,2023-02-19,2023-02-19
Possession,possession,Films,FI,Finland,2,7,2023-04-23,2023-04-30
Possession,possession,Films,NO,Norway,2,3,2023-04-23,2023-04-30
Possession,possession,Films,SE,Sweden,1,9,2023-04-30,2023-04-30
Pretty Crazy,pretty-crazy,Films,KR,South Korea,6,1,2025-11-30,2026-01-04
Princess Aurora,princess-aurora,Films,KR,South Korea,1,6,2024-05-26,2024-05-26
Prison Playbook,prison-playbook,TV,HK,Hong Kong,3,7,2023-02-12,2023-02-26
Prison Playbook,prison-playbook,TV,KR,South Korea,9,2,2021-08-29,2022-11-27
Prison Playbook,prison-playbook,TV,VN,Vietnam,21,2,2021-07-11,2022-02-13
Pro Bono,pro-bono,TV,HK,Hong Kong,3,7,2025-12-14,2026-01-18
Pro Bono,pro-bono,TV,ID,Indonesia,4,7,2025-12-14,2026-01-18
Pro Bono,pro-bono,TV,MY,Malaysia,6,7,2025-12-14,2026-01-18
Pro Bono,pro-bono,TV,SG,Singapore,6,6,2025-12-14,2026-01-18
Pro Bono,pro-bono,TV,KR,South Korea,6,3,2025-12-14,2026-01-18
Pro Bono,pro-bono,TV,TW,Taiwan,8,4,2025-12-14,2026-02-01
Pro Bono,pro-bono,TV,VN,Vietnam,7,5,2025-12-14,2026-01-25
PROJECT SILENCE,project-silence,Films,KR,South Korea,5,1,2024-10-20,2024-11-17
PROJECT SILENCE,project-silence,Films,TH,Thailand,3,1,2025-06-15,2025-06-29
Project Wolf Hunting,project-wolf-hunting,Films,KR,South Korea,5,1,2023-05-28,2023-06-25
Project Wolf Hunting,project-wolf-hunting,Films,TH,Thailand,3,2,2023-03-19,2023-04-02
Project Wolf Hunting,project-wolf-hunting,Films,VN,Vietnam,2,9,2023-04-23,2023-04-30
Project Y,project-y,Films,KR,South Korea,3,1,2026-04-19,2026-05-03
Proof of Innocence,proof-of-innocence,Films,KR,South Korea,2,3,2026-02-22,2026-03-01
Puppy Love,puppy-love,Films,LB,Lebanon,1,8,2026-02-08,2026-02-08
Pure Love,pure-love,Films,ID,Indonesia,3,6,2025-03-30,2025-04-13
Queen,queen,TV,PL,Poland,3,3,2022-06-26,2022-07-10
Queen,queen,TV,UY,Uruguay,1,7,2022-07-03,2022-07-03
Queen Mantis,queen-mantis,TV,HK,Hong Kong,5,4,2025-09-07,2025-10-05
Queen Mantis,queen-mantis,TV,ID,Indonesia,6,3,2025-09-07,2025-10-12
Queen Mantis,queen-mantis,TV,MY,Malaysia,6,4,2025-09-07,2025-10-12
Queen Mantis,queen-mantis,TV,SG,Singapore,5,2,2025-09-07,2025-10-05
Queen Mantis,queen-mantis,TV,KR,South Korea,6,1,2025-09-07,2025-10-12
Queen Mantis,queen-mantis,TV,TW,Taiwan,5,2,2025-09-14,2025-10-12
Queen Mantis,queen-mantis,TV,VN,Vietnam,5,2,2025-09-07,2025-10-05
Queen of Divorce,queen-of-divorce,TV,KR,South Korea,3,5,2024-06-16,2024-06-30
Queen of Masks,queen-of-masks,TV,KR,South Korea,8,5,2023-04-30,2023-06-18
Queen of Tears,queen-of-tears,TV,AR,Argentina,3,10,2024-03-31,2024-05-12
Queen of Tears,queen-of-tears,TV,AU,Australia,2,7,2024-03-17,2024-03-24
Queen of Tears,queen-of-tears,TV,BH,Bahrain,8,2,2024-03-17,2024-05-05
Queen of Tears,queen-of-tears,TV,BD,Bangladesh,20,2,2024-03-10,2024-08-18
Queen of Tears,queen-of-tears,TV,BO,Bolivia,10,2,2024-03-24,2024-05-26
Queen of Tears,queen-of-tears,TV,BR,Brazil,9,2,2024-03-24,2024-05-19
Queen of Tears,queen-of-tears,TV,CL,Chile,9,4,2024-03-24,2024-05-19
Queen of Tears,queen-of-tears,TV,CO,Colombia,9,4,2024-03-24,2024-05-19
Queen of Tears,queen-of-tears,TV,CR,Costa Rica,9,3,2024-03-24,2024-05-19
Queen of Tears,queen-of-tears,TV,DO,Dominican Republic,10,2,2024-03-24,2024-05-26
Queen of Tears,queen-of-tears,TV,EC,Ecuador,10,2,2024-03-24,2024-05-26
Queen of Tears,queen-of-tears,TV,EG,Egypt,3,8,2024-03-17,2024-04-28
Queen of Tears,queen-of-tears,TV,SV,El Salvador,10,1,2024-03-24,2024-05-26
Queen of Tears,queen-of-tears,TV,GT,Guatemala,10,2,2024-03-24,2024-05-26
Queen of Tears,queen-of-tears,TV,HN,Honduras,11,1,2024-03-24,2024-06-02
Queen of Tears,queen-of-tears,TV,HK,Hong Kong,14,1,2024-03-10,2024-06-09
Queen of Tears,queen-of-tears,TV,IN,India,10,3,2024-03-17,2024-05-19
Queen of Tears,queen-of-tears,TV,ID,Indonesia,14,1,2024-03-10,2024-06-09
Queen of Tears,queen-of-tears,TV,JP,Japan,10,1,2024-03-17,2024-05-19
Queen of Tears,queen-of-tears,TV,JO,Jordan,8,6,2024-03-17,2024-05-05
Queen of Tears,queen-of-tears,TV,KW,Kuwait,8,3,2024-03-17,2024-05-05
Queen of Tears,queen-of-tears,TV,MY,Malaysia,13,1,2024-03-10,2024-06-02
Queen of Tears,queen-of-tears,TV,MV,Maldives,9,3,2024-03-17,2024-05-12
Queen of Tears,queen-of-tears,TV,MX,Mexico,9,3,2024-03-24,2024-05-19
Queen of Tears,queen-of-tears,TV,MA,Morocco,2,9,2024-03-17,2024-03-24
Queen of Tears,queen-of-tears,TV,NZ,New Zealand,2,7,2024-03-17,2024-03-24
Queen of Tears,queen-of-tears,TV,NI,Nicaragua,11,1,2024-03-24,2024-06-02
Queen of Tears,queen-of-tears,TV,NG,Nigeria,11,2,2024-03-17,2024-05-26
Queen of Tears,queen-of-tears,TV,OM,Oman,8,5,2024-03-17,2024-05-05
Queen of Tears,queen-of-tears,TV,PK,Pakistan,12,3,2024-03-17,2024-06-02
Queen of Tears,queen-of-tears,TV,PA,Panama,9,3,2024-03-24,2024-05-19
Queen of Tears,queen-of-tears,TV,PY,Paraguay,9,3,2024-03-24,2024-05-19
Queen of Tears,queen-of-tears,TV,PE,Peru,11,1,2024-03-24,2024-06-02
Queen of Tears,queen-of-tears,TV,PH,Philippines,17,1,2024-03-10,2024-06-30
Queen of Tears,queen-of-tears,TV,QA,Qatar,11,2,2024-03-10,2024-05-19
Queen of Tears,queen-of-tears,TV,RO,Romania,1,9,2024-03-31,2024-03-31
Queen of Tears,queen-of-tears,TV,SA,Saudi Arabia,9,5,2024-03-17,2024-05-12
Queen of Tears,queen-of-tears,TV,SG,Singapore,13,1,2024-03-10,2024-06-02
Queen of Tears,queen-of-tears,TV,KR,South Korea,13,1,2024-03-10,2024-06-02
Queen of Tears,queen-of-tears,TV,LK,Sri Lanka,10,2,2024-03-10,2024-05-12
Queen of Tears,queen-of-tears,TV,TW,Taiwan,15,1,2024-03-10,2024-06-16
Queen of Tears,queen-of-tears,TV,TH,Thailand,13,1,2024-03-10,2024-06-02
Queen of Tears,queen-of-tears,TV,TR,Turkey,2,9,2024-03-17,2024-04-07
Queen of Tears,queen-of-tears,TV,AE,United Arab Emirates,9,3,2024-03-17,2024-05-12
Queen of Tears,queen-of-tears,TV,VE,Venezuela,10,3,2024-03-24,2024-05-26
Queen of Tears,queen-of-tears,TV,VN,Vietnam,17,1,2024-03-10,2024-06-30
Queenmaker,queenmaker,TV,AU,Australia,1,8,2023-04-23,2023-04-23
Queenmaker,queenmaker,TV,BS,Bahamas,1,9,2023-04-23,2023-04-23
Queenmaker,queenmaker,TV,BH,Bahrain,2,4,2023-04-23,2023-04-30
Queenmaker,queenmaker,TV,BD,Bangladesh,1,7,2023-04-23,2023-04-23
Queenmaker,queenmaker,TV,BO,Bolivia,1,3,2023-04-23,2023-04-23
Queenmaker,queenmaker,TV,DO,Dominican Republic,1,4,2023-04-23,2023-04-23
Queenmaker,queenmaker,TV,SV,El Salvador,1,6,2023-04-23,2023-04-23
Queenmaker,queenmaker,TV,GR,Greece,1,8,2023-04-23,2023-04-23
Queenmaker,queenmaker,TV,GP,Guadeloupe,1,6,2023-04-23,2023-04-23
Queenmaker,queenmaker,TV,GT,Guatemala,1,10,2023-04-23,2023-04-23
Queenmaker,queenmaker,TV,HN,Honduras,1,6,2023-04-23,2023-04-23
Queenmaker,queenmaker,TV,HK,Hong Kong,6,1,2023-04-16,2023-05-21
Queenmaker,queenmaker,TV,IN,India,1,8,2023-04-23,2023-04-23
Queenmaker,queenmaker,TV,ID,Indonesia,6,1,2023-04-16,2023-05-21
Queenmaker,queenmaker,TV,JM,Jamaica,1,10,2023-04-23,2023-04-23
Queenmaker,queenmaker,TV,JP,Japan,5,1,2023-04-16,2023-05-14
Queenmaker,queenmaker,TV,KE,Kenya,1,6,2023-04-23,2023-04-23
Queenmaker,queenmaker,TV,KW,Kuwait,2,4,2023-04-23,2023-04-30
Queenmaker,queenmaker,TV,MY,Malaysia,5,1,2023-04-16,2023-05-14
Queenmaker,queenmaker,TV,MV,Maldives,1,6,2023-04-23,2023-04-23
Queenmaker,queenmaker,TV,MQ,Martinique,1,6,2023-04-23,2023-04-23
Queenmaker,queenmaker,TV,MX,Mexico,1,6,2023-04-23,2023-04-23
Queenmaker,queenmaker,TV,MA,Morocco,2,4,2023-04-23,2023-04-30
Queenmaker,queenmaker,TV,NC,New Caledonia,1,9,2023-04-23,2023-04-23
Queenmaker,queenmaker,TV,NZ,New Zealand,1,8,2023-04-23,2023-04-23
Queenmaker,queenmaker,TV,NI,Nicaragua,1,8,2023-04-23,2023-04-23
Queenmaker,queenmaker,TV,NG,Nigeria,4,2,2023-04-23,2023-05-14
Queenmaker,queenmaker,TV,OM,Oman,1,4,2023-04-23,2023-04-23
Queenmaker,queenmaker,TV,PA,Panama,1,9,2023-04-23,2023-04-23
Queenmaker,queenmaker,TV,PY,Paraguay,1,10,2023-04-23,2023-04-23
Queenmaker,queenmaker,TV,PE,Peru,1,5,2023-04-23,2023-04-23
Queenmaker,queenmaker,TV,PH,Philippines,4,2,2023-04-16,2023-05-07
Queenmaker,queenmaker,TV,QA,Qatar,3,1,2023-04-16,2023-04-30
Queenmaker,queenmaker,TV,RE,Réunion,1,7,2023-04-23,2023-04-23
Queenmaker,queenmaker,TV,RO,Romania,1,7,2023-04-23,2023-04-23
Queenmaker,queenmaker,TV,SA,Saudi Arabia,1,4,2023-04-23,2023-04-23
Queenmaker,queenmaker,TV,SG,Singapore,5,1,2023-04-16,2023-05-14
Queenmaker,queenmaker,TV,KR,South Korea,6,1,2023-04-16,2023-05-21
Queenmaker,queenmaker,TV,LK,Sri Lanka,1,5,2023-04-23,2023-04-23
Queenmaker,queenmaker,TV,TW,Taiwan,5,1,2023-04-16,2023-05-14
Queenmaker,queenmaker,TV,TH,Thailand,5,1,2023-04-16,2023-05-14
Queenmaker,queenmaker,TV,TT,Trinidad and Tobago,1,10,2023-04-23,2023-04-23
Queenmaker,queenmaker,TV,TR,Turkey,1,7,2023-04-23,2023-04-23
Queenmaker,queenmaker,TV,AE,United Arab Emirates,3,3,2023-04-16,2023-04-30
Queenmaker,queenmaker,TV,VN,Vietnam,6,1,2023-04-16,2023-05-21
Racket Boys,racket-boys,TV,ID,Indonesia,3,8,2021-07-04,2021-08-15
Racket Boys,racket-boys,TV,MY,Malaysia,5,6,2021-07-04,2021-08-15
Racket Boys,racket-boys,TV,SG,Singapore,3,9,2021-07-04,2021-08-01
Racket Boys,racket-boys,TV,KR,South Korea,6,4,2021-07-04,2021-08-15
Racket Boys,racket-boys,TV,TW,Taiwan,5,5,2021-07-11,2021-08-22
Rainbow,rainbow,Films,ES,Spain,3,3,2022-10-02,2022-10-16
Ransomed,ransomed,Films,KR,South Korea,7,1,2023-11-12,2025-02-09
Ransomed,ransomed,Films,TH,Thailand,4,3,2024-11-24,2025-02-09
Real,real,Films,KR,South Korea,2,4,2025-03-30,2025-04-06
Real Men,real-men,TV,IT,Italy,6,1,2025-05-25,2025-06-29
Real Men,real-men,TV,MT,Malta,1,10,2025-06-01,2025-06-01
Rebirth,rebirth,TV,TW,Taiwan,2,9,2026-04-12,2026-04-19
Reborn Rich,reborn-rich,TV,JP,Japan,1,9,2025-06-08,2025-06-08
Reborn Rich,reborn-rich,TV,KR,South Korea,12,1,2022-11-20,2023-02-05
Rebound,rebound,Films,KR,South Korea,5,1,2023-07-16,2023-08-13
Recalled,recalled,Films,TH,Thailand,2,6,2022-02-27,2022-03-06
Red Balloon,red-balloon,TV,KR,South Korea,10,3,2023-01-08,2023-03-12
Red Eye,red-eye,TV,AT,Austria,7,2,2024-03-24,2024-09-15
Red Eye,red-eye,TV,BD,Bangladesh,1,3,2024-03-31,2024-03-31
Red Eye,red-eye,TV,BE,Belgium,2,7,2024-03-24,2024-03-31
Red Eye,red-eye,TV,BG,Bulgaria,1,4,2024-03-31,2024-03-31
Red Eye,red-eye,TV,CY,Cyprus,1,7,2025-02-16,2025-02-16
Red Eye,red-eye,TV,FI,Finland,1,7,2024-03-31,2024-03-31
Red Eye,red-eye,TV,DE,Germany,7,2,2024-03-31,2024-09-22
Red Eye,red-eye,TV,GR,Greece,1,7,2024-03-31,2024-03-31
Red Eye,red-eye,TV,HK,Hong Kong,1,5,2024-03-31,2024-03-31
Red Eye,red-eye,TV,IS,Iceland,1,4,2024-03-31,2024-03-31
Red Eye,red-eye,TV,IN,India,1,3,2024-03-31,2024-03-31
Red Eye,red-eye,TV,KW,Kuwait,1,10,2024-03-31,2024-03-31
Red Eye,red-eye,TV,LV,Latvia,1,6,2024-03-31,2024-03-31
Red Eye,red-eye,TV,LT,Lithuania,1,4,2024-03-31,2024-03-31
Red Eye,red-eye,TV,LU,Luxembourg,4,4,2024-08-18,2025-02-09
Red Eye,red-eye,TV,MV,Maldives,1,3,2024-03-31,2024-03-31
Red Eye,red-eye,TV,MT,Malta,2,6,2024-03-24,2024-03-31
Red Eye,red-eye,TV,MA,Morocco,1,8,2022-10-09,2022-10-09
Red Eye,red-eye,TV,NO,Norway,1,10,2024-03-31,2024-03-31
Red Eye,red-eye,TV,PK,Pakistan,1,4,2024-03-31,2024-03-31
Red Eye,red-eye,TV,PH,Philippines,1,6,2024-03-31,2024-03-31
Red Eye,red-eye,TV,QA,Qatar,1,8,2024-03-31,2024-03-31
Red Eye,red-eye,TV,SA,Saudi Arabia,2,9,2022-10-09,2024-03-31
Red Eye,red-eye,TV,SG,Singapore,1,3,2024-03-31,2024-03-31
Red Eye,red-eye,TV,LK,Sri Lanka,1,3,2024-03-31,2024-03-31
Red Eye,red-eye,TV,CH,Switzerland,6,2,2024-03-24,2024-09-08
Red Eye,red-eye,TV,TH,Thailand,1,5,2024-03-31,2024-03-31
Red Eye,red-eye,TV,UA,Ukraine,2,6,2024-03-24,2024-03-31
Red Eye,red-eye,TV,AE,United Arab Emirates,1,9,2024-03-31,2024-03-31
Red Eye,red-eye,TV,US,United States,1,10,2025-07-13,2025-07-13
Reflection of You,reflection-of-you,TV,ID,Indonesia,1,9,2021-12-05,2021-12-05
Reflection of You,reflection-of-you,TV,KR,South Korea,8,3,2021-10-17,2021-12-05
Remarriage & Desires,remarriage-desires,TV,BS,Bahamas,1,8,2022-07-24,2022-07-24
Remarriage & Desires,remarriage-desires,TV,CO,Colombia,1,10,2022-07-24,2022-07-24
Remarriage & Desires,remarriage-desires,TV,DO,Dominican Republic,1,7,2022-07-24,2022-07-24
Remarriage & Desires,remarriage-desires,TV,GP,Guadeloupe,2,3,2022-07-24,2022-07-31
Remarriage & Desires,remarriage-desires,TV,HK,Hong Kong,5,2,2022-07-17,2022-08-14
Remarriage & Desires,remarriage-desires,TV,ID,Indonesia,4,2,2022-07-17,2022-08-07
Remarriage & Desires,remarriage-desires,TV,IL,Israel,1,10,2022-07-24,2022-07-24
Remarriage & Desires,remarriage-desires,TV,JM,Jamaica,1,9,2022-07-24,2022-07-24
Remarriage & Desires,remarriage-desires,TV,JP,Japan,6,1,2022-07-17,2022-08-21
Remarriage & Desires,remarriage-desires,TV,KE,Kenya,2,5,2022-07-24,2022-07-31
Remarriage & Desires,remarriage-desires,TV,MY,Malaysia,3,3,2022-07-17,2022-07-31
Remarriage & Desires,remarriage-desires,TV,MT,Malta,1,9,2022-07-24,2022-07-24
Remarriage & Desires,remarriage-desires,TV,MQ,Martinique,2,3,2022-07-24,2022-07-31
Remarriage & Desires,remarriage-desires,TV,MU,Mauritius,2,5,2022-07-24,2022-07-31
Remarriage & Desires,remarriage-desires,TV,MX,Mexico,1,10,2022-07-24,2022-07-24
Remarriage & Desires,remarriage-desires,TV,MA,Morocco,2,3,2022-07-24,2022-07-31
Remarriage & Desires,remarriage-desires,TV,NC,New Caledonia,2,8,2022-07-24,2022-07-31
Remarriage & Desires,remarriage-desires,TV,NG,Nigeria,4,3,2022-07-24,2022-08-14
Remarriage & Desires,remarriage-desires,TV,PA,Panama,1,9,2022-07-24,2022-07-24
Remarriage & Desires,remarriage-desires,TV,PH,Philippines,1,7,2022-07-24,2022-07-24
Remarriage & Desires,remarriage-desires,TV,PL,Poland,1,8,2022-07-24,2022-07-24
Remarriage & Desires,remarriage-desires,TV,QA,Qatar,1,8,2022-07-24,2022-07-24
Remarriage & Desires,remarriage-desires,TV,RE,Réunion,2,7,2022-07-24,2022-07-31
Remarriage & Desires,remarriage-desires,TV,RO,Romania,1,8,2022-07-24,2022-07-24
Remarriage & Desires,remarriage-desires,TV,SG,Singapore,3,2,2022-07-17,2022-07-31
Remarriage & Desires,remarriage-desires,TV,ZA,South Africa,2,6,2022-07-24,2022-07-31
Remarriage & Desires,remarriage-desires,TV,KR,South Korea,4,2,2022-07-17,2022-08-07
Remarriage & Desires,remarriage-desires,TV,TW,Taiwan,4,4,2022-07-17,2022-08-07
Remarriage & Desires,remarriage-desires,TV,TH,Thailand,3,4,2022-07-17,2022-07-31
Remarriage & Desires,remarriage-desires,TV,TT,Trinidad and Tobago,1,9,2022-07-24,2022-07-24
Remarriage & Desires,remarriage-desires,TV,AE,United Arab Emirates,1,10,2022-07-24,2022-07-24
Remarriage & Desires,remarriage-desires,TV,VE,Venezuela,1,10,2022-07-24,2022-07-24
Remarriage & Desires,remarriage-desires,TV,VN,Vietnam,4,3,2022-07-17,2022-08-07
Remember,remember,Films,KR,South Korea,3,3,2024-05-05,2024-05-19
Remember You,remember-you,TV,TH,Thailand,1,10,2021-10-10,2021-10-10
Reminiscence,reminiscence,Films,AU,Australia,1,2,2022-05-22,2022-05-22
Reminiscence,reminiscence,Films,AT,Austria,2,6,2023-11-12,2023-11-19
Reminiscence,reminiscence,Films,CA,Canada,1,7,2023-04-09,2023-04-09
Reminiscence,reminiscence,Films,DE,Germany,1,6,2023-11-19,2023-11-19
Reminiscence,reminiscence,Films,IE,Ireland,1,7,2023-11-12,2023-11-12
Reminiscence,reminiscence,Films,IT,Italy,1,2,2023-06-18,2023-06-18
Reminiscence,reminiscence,Films,JP,Japan,3,4,2022-06-05,2022-09-25
Reminiscence,reminiscence,Films,LU,Luxembourg,1,9,2023-11-12,2023-11-12
Reminiscence,reminiscence,Films,NC,New Caledonia,1,7,2024-09-01,2024-09-01
Reminiscence,reminiscence,Films,NZ,New Zealand,2,4,2023-05-21,2023-05-28
Reminiscence,reminiscence,Films,GB,United Kingdom,1,4,2023-11-12,2023-11-12
Reply 1988,reply-1988,TV,BD,Bangladesh,2,10,2021-11-21,2021-12-05
Reply 1988,reply-1988,TV,ID,Indonesia,1,10,2021-11-21,2021-11-21
Reply 1988,reply-1988,TV,MY,Malaysia,1,9,2021-07-11,2021-07-11
Reply 1988,reply-1988,TV,TW,Taiwan,1,10,2021-09-26,2021-09-26
Reply 1988,reply-1988,TV,VN,Vietnam,39,3,2021-07-04,2022-12-11
Reset,reset,TV,MY,Malaysia,1,10,2022-04-10,2022-04-10
Reset,reset,TV,SG,Singapore,2,6,2022-04-10,2022-04-17
Reset,reset,TV,TW,Taiwan,2,6,2022-04-10,2022-04-17
Resident Playbook,resident-playbook,TV,BD,Bangladesh,2,9,2025-05-11,2025-05-25
Resident Playbook,resident-playbook,TV,HK,Hong Kong,8,2,2025-04-20,2025-06-08
Resident Playbook,resident-playbook,TV,ID,Indonesia,10,1,2025-04-13,2025-06-15
Resident Playbook,resident-playbook,TV,JP,Japan,2,6,2025-05-11,2025-05-25
Resident Playbook,resident-playbook,TV,MY,Malaysia,6,1,2025-04-20,2025-05-25
Resident Playbook,resident-playbook,TV,MV,Maldives,5,7,2025-04-20,2025-05-18
Resident Playbook,resident-playbook,TV,OM,Oman,2,8,2025-04-20,2025-05-11
Resident Playbook,resident-playbook,TV,PE,Peru,1,9,2025-05-11,2025-05-11
Resident Playbook,resident-playbook,TV,PH,Philippines,6,1,2025-04-20,2025-05-25
Resident Playbook,resident-playbook,TV,QA,Qatar,2,7,2025-04-20,2025-05-11
Resident Playbook,resident-playbook,TV,SA,Saudi Arabia,1,10,2025-04-20,2025-04-20
Resident Playbook,resident-playbook,TV,SG,Singapore,6,3,2025-04-20,2025-05-25
Resident Playbook,resident-playbook,TV,KR,South Korea,9,1,2025-04-13,2025-06-08
Resident Playbook,resident-playbook,TV,LK,Sri Lanka,1,10,2025-04-20,2025-04-20
Resident Playbook,resident-playbook,TV,TW,Taiwan,8,1,2025-04-13,2025-06-01
Resident Playbook,resident-playbook,TV,TH,Thailand,6,2,2025-04-20,2025-05-25
Resident Playbook,resident-playbook,TV,AE,United Arab Emirates,1,10,2025-05-11,2025-05-11
Resident Playbook,resident-playbook,TV,VN,Vietnam,9,1,2025-04-13,2025-06-08
Respect,respect,Films,PH,Philippines,1,7,2023-03-12,2023-03-12
Return,return,TV,PL,Poland,4,3,2023-12-24,2024-01-14
Revelations,revelations,Films,AR,Argentina,2,4,2025-03-23,2025-03-30
Revelations,revelations,Films,AT,Austria,1,9,2025-03-30,2025-03-30
Revelations,revelations,Films,BS,Bahamas,1,10,2025-03-30,2025-03-30
Revelations,revelations,Films,BH,Bahrain,2,5,2025-03-23,2025-03-30
Revelations,revelations,Films,BD,Bangladesh,1,4,2025-03-30,2025-03-30
Revelations,revelations,Films,BE,Belgium,1,7,2025-03-30,2025-03-30
Revelations,revelations,Films,BO,Bolivia,2,3,2025-03-23,2025-03-30
Revelations,revelations,Films,BR,Brazil,1,6,2025-03-30,2025-03-30
Revelations,revelations,Films,BG,Bulgaria,1,10,2025-03-30,2025-03-30
Revelations,revelations,Films,CL,Chile,2,4,2025-03-23,2025-03-30
Revelations,revelations,Films,CO,Colombia,2,5,2025-03-23,2025-03-30
Revelations,revelations,Films,CR,Costa Rica,1,8,2025-03-30,2025-03-30
Revelations,revelations,Films,CY,Cyprus,1,9,2025-03-30,2025-03-30
Revelations,revelations,Films,CZ,Czech Republic,1,9,2025-03-23,2025-03-23
Revelations,revelations,Films,DO,Dominican Republic,2,7,2025-03-23,2025-03-30
Revelations,revelations,Films,EC,Ecuador,1,5,2025-03-30,2025-03-30
Revelations,revelations,Films,SV,El Salvador,1,5,2025-03-30,2025-03-30
Revelations,revelations,Films,FR,France,1,10,2025-03-30,2025-03-30
Revelations,revelations,Films,GR,Greece,2,7,2025-03-23,2025-03-30
Revelations,revelations,Films,GP,Guadeloupe,2,7,2025-03-23,2025-03-30
Revelations,revelations,Films,GT,Guatemala,1,10,2025-03-30,2025-03-30
Revelations,revelations,Films,HN,Honduras,1,5,2025-03-30,2025-03-30
Revelations,revelations,Films,HK,Hong Kong,3,2,2025-03-23,2025-04-06
Revelations,revelations,Films,ID,Indonesia,2,6,2025-03-23,2025-03-30
Revelations,revelations,Films,IT,Italy,1,10,2025-03-30,2025-03-30
Revelations,revelations,Films,JP,Japan,3,3,2025-03-23,2025-04-06
Revelations,revelations,Films,JO,Jordan,1,6,2025-03-30,2025-03-30
Revelations,revelations,Films,KE,Kenya,1,10,2025-03-30,2025-03-30
Revelations,revelations,Films,KW,Kuwait,2,1,2025-03-23,2025-03-30
Revelations,revelations,Films,LB,Lebanon,1,10,2025-03-30,2025-03-30
Revelations,revelations,Films,LU,Luxembourg,2,6,2025-03-23,2025-03-30
Revelations,revelations,Films,MY,Malaysia,2,5,2025-03-23,2025-03-30
Revelations,revelations,Films,MV,Maldives,1,8,2025-03-30,2025-03-30
Revelations,revelations,Films,MQ,Martinique,2,7,2025-03-23,2025-03-30
Revelations,revelations,Films,MU,Mauritius,2,6,2025-03-23,2025-03-30
Revelations,revelations,Films,MX,Mexico,1,5,2025-03-30,2025-03-30
Revelations,revelations,Films,MA,Morocco,2,2,2025-03-23,2025-03-30
Revelations,revelations,Films,NC,New Caledonia,2,5,2025-03-23,2025-03-30
Revelations,revelations,Films,NI,Nicaragua,2,5,2025-03-23,2025-03-30
Revelations,revelations,Films,NG,Nigeria,1,3,2025-03-30,2025-03-30
Revelations,revelations,Films,OM,Oman,1,5,2025-03-30,2025-03-30
Revelations,revelations,Films,PK,Pakistan,1,6,2025-03-30,2025-03-30
Revelations,revelations,Films,PA,Panama,2,5,2025-03-23,2025-03-30
Revelations,revelations,Films,PY,Paraguay,2,4,2025-03-23,2025-03-30
Revelations,revelations,Films,PE,Peru,2,3,2025-03-23,2025-03-30
Revelations,revelations,Films,PH,Philippines,2,2,2025-03-23,2025-03-30
Revelations,revelations,Films,PL,Poland,2,3,2025-03-23,2025-03-30
Revelations,revelations,Films,PT,Portugal,2,7,2025-03-23,2025-03-30
Revelations,revelations,Films,QA,Qatar,2,4,2025-03-23,2025-03-30
Revelations,revelations,Films,RE,Réunion,2,5,2025-03-23,2025-03-30
Revelations,revelations,Films,SA,Saudi Arabia,1,3,2025-03-30,2025-03-30
Revelations,revelations,Films,RS,Serbia,1,7,2025-03-30,2025-03-30
Revelations,revelations,Films,SG,Singapore,2,2,2025-03-23,2025-03-30
Revelations,revelations,Films,SK,Slovakia,2,7,2025-03-23,2025-03-30
Revelations,revelations,Films,KR,South Korea,5,1,2025-03-23,2025-04-20
Revelations,revelations,Films,ES,Spain,2,7,2025-03-23,2025-03-30
Revelations,revelations,Films,LK,Sri Lanka,1,9,2025-03-30,2025-03-30
Revelations,revelations,Films,CH,Switzerland,2,7,2025-03-23,2025-03-30
Revelations,revelations,Films,TW,Taiwan,3,2,2025-03-23,2025-04-06
Revelations,revelations,Films,TH,Thailand,3,5,2025-03-23,2025-04-06
Revelations,revelations,Films,TT,Trinidad and Tobago,1,10,2025-03-30,2025-03-30
Revelations,revelations,Films,TR,Turkey,1,6,2025-03-30,2025-03-30
Revelations,revelations,Films,AE,United Arab Emirates,2,5,2025-03-23,2025-03-30
Revelations,revelations,Films,UY,Uruguay,2,4,2025-03-23,2025-03-30
Revelations,revelations,Films,VE,Venezuela,2,4,2025-03-23,2025-03-30
Revelations,revelations,Films,VN,Vietnam,3,2,2025-03-23,2025-04-06
Revenge,revenge,Films,BS,Bahamas,2,8,2022-01-23,2022-01-30
Revenge,revenge,Films,BE,Belgium,2,3,2025-12-07,2025-12-14
Revenge,revenge,Films,HN,Honduras,1,9,2022-01-23,2022-01-23
Revenge,revenge,Films,JM,Jamaica,2,6,2022-01-23,2022-01-30
Revenge,revenge,Films,NL,Netherlands,5,1,2025-11-30,2026-01-04
Revenge,revenge,Films,NI,Nicaragua,1,9,2022-01-23,2022-01-23
Revenge,revenge,Films,TT,Trinidad and Tobago,1,7,2022-01-30,2022-01-30
Revolver,revolver,Films,AU,Australia,2,9,2022-05-22,2026-06-14
Revolver,revolver,Films,CA,Canada,1,7,2026-06-07,2026-06-07
Rewind,rewind,Films,BH,Bahrain,1,1,2024-03-31,2024-03-31
Rewind,rewind,Films,KW,Kuwait,1,1,2024-03-31,2024-03-31
Rewind,rewind,Films,OM,Oman,1,5,2024-03-31,2024-03-31
Rewind,rewind,Films,PH,Philippines,3,1,2024-03-31,2024-04-14
Rewind,rewind,Films,QA,Qatar,1,1,2024-03-31,2024-03-31
Rewind,rewind,Films,SA,Saudi Arabia,1,6,2024-03-31,2024-03-31
Rewind,rewind,Films,SG,Singapore,1,6,2024-03-31,2024-03-31
Rewind,rewind,Films,AE,United Arab Emirates,1,1,2024-03-31,2024-03-31
Road to Boston,road-to-boston,Films,KR,South Korea,1,9,2026-03-08,2026-03-08
Romance in the House,romance-in-the-house,TV,BH,Bahrain,1,7,2024-08-18,2024-08-18
Romance in the House,romance-in-the-house,TV,BO,Bolivia,6,4,2024-08-11,2024-09-15
Romance in the House,romance-in-the-house,TV,BR,Brazil,5,4,2024-08-11,2024-09-08
Romance in the House,romance-in-the-house,TV,CL,Chile,4,6,2024-08-11,2024-09-01
Romance in the House,romance-in-the-house,TV,CO,Colombia,4,5,2024-08-18,2024-09-08
Romance in the House,romance-in-the-house,TV,CR,Costa Rica,3,6,2024-08-18,2024-09-08
Romance in the House,romance-in-the-house,TV,DO,Dominican Republic,6,4,2024-08-11,2024-09-15
Romance in the House,romance-in-the-house,TV,EC,Ecuador,6,4,2024-08-11,2024-09-15
Romance in the House,romance-in-the-house,TV,SV,El Salvador,6,4,2024-08-11,2024-09-15
Romance in the House,romance-in-the-house,TV,GT,Guatemala,5,4,2024-08-11,2024-09-08
Romance in the House,romance-in-the-house,TV,HN,Honduras,6,3,2024-08-11,2024-09-15
Romance in the House,romance-in-the-house,TV,HK,Hong Kong,6,2,2024-08-18,2024-09-22
Romance in the House,romance-in-the-house,TV,ID,Indonesia,9,2,2024-08-11,2024-10-06
Romance in the House,romance-in-the-house,TV,JP,Japan,2,3,2024-08-18,2024-08-25
Romance in the House,romance-in-the-house,TV,JO,Jordan,1,10,2024-08-18,2024-08-18
Romance in the House,romance-in-the-house,TV,KW,Kuwait,1,7,2024-08-18,2024-08-18
Romance in the House,romance-in-the-house,TV,MY,Malaysia,6,2,2024-08-18,2024-09-22
Romance in the House,romance-in-the-house,TV,MV,Maldives,1,9,2024-08-18,2024-08-18
Romance in the House,romance-in-the-house,TV,MX,Mexico,4,5,2024-08-18,2024-09-15
Romance in the House,romance-in-the-house,TV,NI,Nicaragua,6,3,2024-08-11,2024-09-15
Romance in the House,romance-in-the-house,TV,NG,Nigeria,1,9,2024-08-18,2024-08-18
Romance in the House,romance-in-the-house,TV,OM,Oman,2,6,2024-08-18,2024-08-25
Romance in the House,romance-in-the-house,TV,PA,Panama,4,4,2024-08-11,2024-09-08
Romance in the House,romance-in-the-house,TV,PY,Paraguay,3,4,2024-08-18,2024-09-08
Romance in the House,romance-in-the-house,TV,PE,Peru,7,4,2024-08-11,2024-09-22
Romance in the House,romance-in-the-house,TV,PH,Philippines,6,4,2024-08-18,2024-09-22
Romance in the House,romance-in-the-house,TV,QA,Qatar,1,7,2024-08-18,2024-08-18
Romance in the House,romance-in-the-house,TV,RO,Romania,1,8,2024-08-18,2024-08-18
Romance in the House,romance-in-the-house,TV,SA,Saudi Arabia,2,6,2024-08-18,2024-08-25
Romance in the House,romance-in-the-house,TV,SG,Singapore,6,3,2024-08-18,2024-09-22
Romance in the House,romance-in-the-house,TV,KR,South Korea,7,2,2024-08-11,2024-09-22
Romance in the House,romance-in-the-house,TV,LK,Sri Lanka,1,8,2024-08-18,2024-08-18
Romance in the House,romance-in-the-house,TV,TW,Taiwan,6,3,2024-08-18,2024-09-22
Romance in the House,romance-in-the-house,TV,TH,Thailand,4,4,2024-08-18,2024-09-08
Romance in the House,romance-in-the-house,TV,AE,United Arab Emirates,1,8,2024-08-18,2024-08-18
Romance in the House,romance-in-the-house,TV,VE,Venezuela,6,3,2024-08-11,2024-09-15
Romance in the House,romance-in-the-house,TV,VN,Vietnam,6,5,2024-08-18,2024-09-22
Rookie Cops,rookie-cops,TV,GB,United Kingdom,1,7,2023-10-08,2023-10-08
Runaway,runaway,TV,CA,Canada,3,6,2023-11-19,2023-12-03
Runaway,runaway,TV,FR,France,2,7,2023-11-26,2023-12-03
Running Wild,running-wild,Films,KR,South Korea,1,9,2021-09-05,2021-09-05
RV: Resurrected Victims,rv-resurrected-victims,Films,VN,Vietnam,1,10,2022-03-20,2022-03-20
Safe,safe,Films,AU,Australia,2,5,2022-06-05,2022-06-12
Safe,safe,Films,AT,Austria,1,6,2024-07-28,2024-07-28
Safe,safe,Films,BS,Bahamas,2,5,2021-12-05,2021-12-12
Safe,safe,Films,DO,Dominican Republic,1,8,2021-12-05,2021-12-05
Safe,safe,Films,DE,Germany,2,6,2024-07-28,2024-08-04
Safe,safe,Films,ID,Indonesia,3,2,2024-03-17,2024-03-31
Safe,safe,Films,IE,Ireland,4,5,2022-01-16,2024-01-28
Safe,safe,Films,JM,Jamaica,2,3,2021-12-05,2021-12-12
Safe,safe,Films,MY,Malaysia,3,2,2024-03-17,2024-03-31
Safe,safe,Films,MT,Malta,3,6,2024-01-21,2024-02-04
Safe,safe,Films,NL,Netherlands,4,5,2024-01-21,2024-02-11
Safe,safe,Films,NZ,New Zealand,2,2,2022-06-05,2022-06-12
Safe,safe,Films,NO,Norway,1,8,2024-01-21,2024-01-21
Safe,safe,Films,PH,Philippines,3,2,2024-03-17,2024-03-31
Safe,safe,Films,PL,Poland,1,10,2024-01-21,2024-01-21
Safe,safe,Films,SG,Singapore,3,2,2024-03-17,2024-03-31
Safe,safe,Films,ZA,South Africa,3,1,2024-05-19,2024-06-02
Safe,safe,Films,TH,Thailand,2,4,2024-03-17,2024-03-24
Safe,safe,Films,TR,Turkey,2,2,2024-06-23,2024-06-30
Safe,safe,Films,GB,United Kingdom,3,4,2022-01-16,2024-01-21
Safe,safe,Films,US,United States,2,7,2023-08-13,2023-08-20
Safe,safe,Films,VN,Vietnam,3,3,2024-03-17,2024-03-31
Save Me,save-me,TV,CY,Cyprus,1,8,2024-03-31,2024-03-31
Save Me,save-me,TV,GR,Greece,5,2,2024-01-21,2024-02-18
Scent of a Woman,scent-of-a-woman,Films,BE,Belgium,1,8,2023-02-26,2023-02-26
Scent of a Woman,scent-of-a-woman,Films,BG,Bulgaria,1,6,2023-02-26,2023-02-26
Scent of a Woman,scent-of-a-woman,Films,HR,Croatia,1,9,2023-02-26,2023-02-26
Scent of a Woman,scent-of-a-woman,Films,CY,Cyprus,1,7,2023-02-26,2023-02-26
Scent of a Woman,scent-of-a-woman,Films,CZ,Czech Republic,1,10,2023-02-26,2023-02-26
Scent of a Woman,scent-of-a-woman,Films,DK,Denmark,1,7,2025-01-26,2025-01-26
Scent of a Woman,scent-of-a-woman,Films,EG,Egypt,2,6,2023-02-26,2023-03-05
Scent of a Woman,scent-of-a-woman,Films,FR,France,1,9,2025-01-26,2025-01-26
Scent of a Woman,scent-of-a-woman,Films,GR,Greece,1,10,2023-02-26,2023-02-26
Scent of a Woman,scent-of-a-woman,Films,GP,Guadeloupe,1,7,2025-01-26,2025-01-26
Scent of a Woman,scent-of-a-woman,Films,IS,Iceland,1,7,2025-01-26,2025-01-26
Scent of a Woman,scent-of-a-woman,Films,IL,Israel,2,3,2023-02-26,2023-03-05
Scent of a Woman,scent-of-a-woman,Films,JO,Jordan,2,7,2023-02-26,2023-03-05
Scent of a Woman,scent-of-a-woman,Films,KE,Kenya,1,9,2023-02-26,2023-02-26
Scent of a Woman,scent-of-a-woman,Films,KW,Kuwait,2,9,2023-02-26,2023-03-05
Scent of a Woman,scent-of-a-woman,Films,LV,Latvia,1,6,2023-02-26,2023-02-26
Scent of a Woman,scent-of-a-woman,Films,LB,Lebanon,1,7,2023-02-26,2023-02-26
Scent of a Woman,scent-of-a-woman,Films,LT,Lithuania,1,6,2023-02-26,2023-02-26
Scent of a Woman,scent-of-a-woman,Films,LU,Luxembourg,1,8,2025-01-26,2025-01-26
Scent of a Woman,scent-of-a-woman,Films,MT,Malta,3,7,2023-02-19,2025-01-26
Scent of a Woman,scent-of-a-woman,Films,MQ,Martinique,1,8,2025-01-26,2025-01-26
Scent of a Woman,scent-of-a-woman,Films,MA,Morocco,2,8,2023-02-26,2023-03-05
Scent of a Woman,scent-of-a-woman,Films,NC,New Caledonia,1,7,2025-01-26,2025-01-26
Scent of a Woman,scent-of-a-woman,Films,NI,Nicaragua,1,8,2024-04-28,2024-04-28
Scent of a Woman,scent-of-a-woman,Films,NO,Norway,1,7,2025-01-26,2025-01-26
Scent of a Woman,scent-of-a-woman,Films,PL,Poland,1,6,2023-02-26,2023-02-26
Scent of a Woman,scent-of-a-woman,Films,RO,Romania,2,6,2023-02-26,2023-03-05
Scent of a Woman,scent-of-a-woman,Films,SA,Saudi Arabia,2,10,2023-02-26,2023-03-05
Scent of a Woman,scent-of-a-woman,Films,RS,Serbia,1,10,2023-02-26,2023-02-26
Scent of a Woman,scent-of-a-woman,Films,ZA,South Africa,1,9,2023-02-26,2023-02-26
Scent of a Woman,scent-of-a-woman,Films,KR,South Korea,1,7,2023-02-26,2023-02-26
Scent of a Woman,scent-of-a-woman,Films,ES,Spain,1,9,2023-02-26,2023-02-26
Scent of a Woman,scent-of-a-woman,Films,LK,Sri Lanka,1,7,2025-01-26,2025-01-26
Scent of a Woman,scent-of-a-woman,Films,SE,Sweden,1,8,2025-01-26,2025-01-26
Scent of a Woman,scent-of-a-woman,Films,CH,Switzerland,1,5,2025-01-26,2025-01-26
Scent of a Woman,scent-of-a-woman,Films,TW,Taiwan,1,10,2025-01-26,2025-01-26
Scent of a Woman,scent-of-a-woman,Films,TR,Turkey,1,9,2023-02-26,2023-02-26
Scent of a Woman,scent-of-a-woman,Films,UA,Ukraine,3,4,2023-02-19,2023-03-05
Search Out,search-out,Films,KR,South Korea,1,7,2024-05-19,2024-05-19
Search WWW,search-www,TV,JP,Japan,2,9,2021-11-07,2021-11-14
Search WWW,search-www,TV,KR,South Korea,4,2,2021-08-08,2021-08-29
Search WWW,search-www,TV,TW,Taiwan,1,10,2021-11-07,2021-11-07
Secret Garden,secret-garden,TV,JP,Japan,2,4,2022-06-19,2022-06-26
Secret Royal Inspector & Joy,secret-royal-inspector-joy,TV,ID,Indonesia,2,9,2022-05-08,2022-05-15
Secret Royal Inspector & Joy,secret-royal-inspector-joy,TV,KW,Kuwait,1,9,2022-05-08,2022-05-08
Secret Royal Inspector & Joy,secret-royal-inspector-joy,TV,MY,Malaysia,3,5,2022-05-08,2022-05-29
Secret Royal Inspector & Joy,secret-royal-inspector-joy,TV,NG,Nigeria,1,7,2022-05-08,2022-05-08
Secret Royal Inspector & Joy,secret-royal-inspector-joy,TV,PH,Philippines,1,6,2022-05-08,2022-05-08
Secret Royal Inspector & Joy,secret-royal-inspector-joy,TV,QA,Qatar,2,3,2022-05-08,2022-05-15
Secret Royal Inspector & Joy,secret-royal-inspector-joy,TV,SG,Singapore,2,7,2022-05-08,2022-05-15
Secret Royal Inspector & Joy,secret-royal-inspector-joy,TV,LK,Sri Lanka,1,9,2022-05-08,2022-05-08
Secret Royal Inspector & Joy,secret-royal-inspector-joy,TV,TH,Thailand,2,3,2022-05-08,2022-05-15
Secret Royal Inspector & Joy,secret-royal-inspector-joy,TV,AE,United Arab Emirates,1,8,2022-05-08,2022-05-08
Secret Royal Inspector & Joy,secret-royal-inspector-joy,TV,VN,Vietnam,2,7,2022-05-08,2022-05-15
Secret Zoo,secret-zoo,Films,VN,Vietnam,1,9,2022-05-15,2022-05-15
Secretary,secretary,Films,PT,Portugal,1,8,2023-01-08,2023-01-08
"Secretly, Greatly",secretly-greatly,Films,KR,South Korea,1,8,2024-06-02,2024-06-02
"Secretly, Greatly",secretly-greatly,Films,TW,Taiwan,2,7,2023-12-10,2023-12-17
Secrets and Lies,secrets-and-lies,TV,AU,Australia,1,8,2025-04-27,2025-04-27
Secrets and Lies,secrets-and-lies,TV,NZ,New Zealand,1,9,2025-04-27,2025-04-27
See You in My 19th Life,see-you-in-my-19th-life,TV,BH,Bahrain,1,8,2023-06-25,2023-06-25
See You in My 19th Life,see-you-in-my-19th-life,TV,BD,Bangladesh,5,5,2023-06-25,2023-07-30
See You in My 19th Life,see-you-in-my-19th-life,TV,BO,Bolivia,5,5,2023-07-02,2023-07-30
See You in My 19th Life,see-you-in-my-19th-life,TV,CL,Chile,2,6,2023-07-02,2023-07-09
See You in My 19th Life,see-you-in-my-19th-life,TV,CO,Colombia,2,10,2023-07-09,2023-07-23
See You in My 19th Life,see-you-in-my-19th-life,TV,CR,Costa Rica,1,9,2023-07-09,2023-07-09
See You in My 19th Life,see-you-in-my-19th-life,TV,EC,Ecuador,2,4,2023-07-02,2023-07-09
See You in My 19th Life,see-you-in-my-19th-life,TV,SV,El Salvador,3,4,2023-07-02,2023-07-23
See You in My 19th Life,see-you-in-my-19th-life,TV,GT,Guatemala,2,7,2023-07-02,2023-07-09
See You in My 19th Life,see-you-in-my-19th-life,TV,HN,Honduras,4,4,2023-07-02,2023-07-23
See You in My 19th Life,see-you-in-my-19th-life,TV,HK,Hong Kong,6,2,2023-06-25,2023-07-30
See You in My 19th Life,see-you-in-my-19th-life,TV,IN,India,2,8,2023-07-02,2023-07-09
See You in My 19th Life,see-you-in-my-19th-life,TV,ID,Indonesia,7,2,2023-06-18,2023-07-30
See You in My 19th Life,see-you-in-my-19th-life,TV,JP,Japan,3,5,2023-06-25,2023-07-09
See You in My 19th Life,see-you-in-my-19th-life,TV,KW,Kuwait,1,10,2023-06-25,2023-06-25
See You in My 19th Life,see-you-in-my-19th-life,TV,MY,Malaysia,7,3,2023-06-18,2023-07-30
See You in My 19th Life,see-you-in-my-19th-life,TV,MV,Maldives,3,5,2023-06-25,2023-07-09
See You in My 19th Life,see-you-in-my-19th-life,TV,MX,Mexico,2,7,2023-07-02,2023-07-09
See You in My 19th Life,see-you-in-my-19th-life,TV,NI,Nicaragua,4,4,2023-07-02,2023-07-23
See You in My 19th Life,see-you-in-my-19th-life,TV,NG,Nigeria,1,10,2023-06-25,2023-06-25
See You in My 19th Life,see-you-in-my-19th-life,TV,OM,Oman,2,8,2023-06-25,2023-07-02
See You in My 19th Life,see-you-in-my-19th-life,TV,PA,Panama,1,10,2023-07-09,2023-07-09
See You in My 19th Life,see-you-in-my-19th-life,TV,PY,Paraguay,2,8,2023-07-02,2023-07-09
See You in My 19th Life,see-you-in-my-19th-life,TV,PE,Peru,5,5,2023-07-02,2023-07-30
See You in My 19th Life,see-you-in-my-19th-life,TV,PH,Philippines,6,2,2023-06-25,2023-07-30
See You in My 19th Life,see-you-in-my-19th-life,TV,QA,Qatar,3,5,2023-06-25,2023-07-09
See You in My 19th Life,see-you-in-my-19th-life,TV,SA,Saudi Arabia,2,8,2023-06-25,2023-07-02
See You in My 19th Life,see-you-in-my-19th-life,TV,SG,Singapore,6,3,2023-06-25,2023-07-30
See You in My 19th Life,see-you-in-my-19th-life,TV,KR,South Korea,7,3,2023-06-18,2023-07-30
See You in My 19th Life,see-you-in-my-19th-life,TV,LK,Sri Lanka,3,5,2023-06-25,2023-07-09
See You in My 19th Life,see-you-in-my-19th-life,TV,TW,Taiwan,6,3,2023-06-25,2023-07-30
See You in My 19th Life,see-you-in-my-19th-life,TV,TH,Thailand,6,5,2023-06-18,2023-07-23
See You in My 19th Life,see-you-in-my-19th-life,TV,AE,United Arab Emirates,2,7,2023-06-25,2023-07-02
See You in My 19th Life,see-you-in-my-19th-life,TV,VE,Venezuela,1,9,2023-07-02,2023-07-02
See You in My 19th Life,see-you-in-my-19th-life,TV,VN,Vietnam,7,2,2023-06-18,2023-07-30
Sell Your Haunted House,sell-your-haunted-house,TV,ID,Indonesia,1,8,2022-07-31,2022-07-31
Sell Your Haunted House,sell-your-haunted-house,TV,MY,Malaysia,6,3,2022-07-24,2022-08-28
Sell Your Haunted House,sell-your-haunted-house,TV,PH,Philippines,3,5,2022-07-24,2022-08-07
Sell Your Haunted House,sell-your-haunted-house,TV,QA,Qatar,1,9,2022-07-31,2022-07-31
Sell Your Haunted House,sell-your-haunted-house,TV,SG,Singapore,5,3,2022-07-24,2022-08-21
Sell Your Haunted House,sell-your-haunted-house,TV,TH,Thailand,2,4,2022-07-31,2022-08-07
Sell Your Haunted House,sell-your-haunted-house,TV,VN,Vietnam,3,6,2022-07-31,2022-08-14
Seobok,seobok,Films,HK,Hong Kong,2,5,2022-06-19,2022-06-26
Seobok,seobok,Films,TH,Thailand,1,4,2025-03-23,2025-03-23
Seoul Vibe,seoul-vibe,Films,DO,Dominican Republic,1,9,2022-09-04,2022-09-04
Seoul Vibe,seoul-vibe,Films,GP,Guadeloupe,1,7,2022-09-04,2022-09-04
Seoul Vibe,seoul-vibe,Films,HK,Hong Kong,3,2,2022-08-28,2022-09-11
Seoul Vibe,seoul-vibe,Films,ID,Indonesia,4,1,2022-08-28,2022-09-18
Seoul Vibe,seoul-vibe,Films,JP,Japan,3,2,2022-08-28,2022-09-11
Seoul Vibe,seoul-vibe,Films,MY,Malaysia,3,2,2022-08-28,2022-09-11
Seoul Vibe,seoul-vibe,Films,MQ,Martinique,1,7,2022-09-04,2022-09-04
Seoul Vibe,seoul-vibe,Films,MU,Mauritius,1,7,2022-09-04,2022-09-04
Seoul Vibe,seoul-vibe,Films,NC,New Caledonia,1,6,2022-09-04,2022-09-04
Seoul Vibe,seoul-vibe,Films,NG,Nigeria,1,7,2022-09-04,2022-09-04
Seoul Vibe,seoul-vibe,Films,OM,Oman,1,9,2022-09-04,2022-09-04
Seoul Vibe,seoul-vibe,Films,PK,Pakistan,1,9,2022-09-04,2022-09-04
Seoul Vibe,seoul-vibe,Films,PH,Philippines,2,4,2022-08-28,2022-09-04
Seoul Vibe,seoul-vibe,Films,RE,Réunion,1,7,2022-09-04,2022-09-04
Seoul Vibe,seoul-vibe,Films,SA,Saudi Arabia,1,9,2022-09-04,2022-09-04
Seoul Vibe,seoul-vibe,Films,SG,Singapore,2,2,2022-08-28,2022-09-04
Seoul Vibe,seoul-vibe,Films,KR,South Korea,6,1,2022-08-28,2022-10-02
Seoul Vibe,seoul-vibe,Films,TW,Taiwan,3,1,2022-08-28,2022-09-11
Seoul Vibe,seoul-vibe,Films,TH,Thailand,4,1,2022-08-28,2022-09-18
Seoul Vibe,seoul-vibe,Films,VN,Vietnam,5,1,2022-08-28,2022-09-25
Serve the People,serve-the-people,Films,JP,Japan,2,5,2023-11-05,2023-11-12
Seven Days,seven-days,Films,TW,Taiwan,2,9,2023-09-10,2023-09-17
Sh**ting Stars,sh-ting-stars,TV,BH,Bahrain,2,4,2022-10-23,2022-10-30
Sh**ting Stars,sh-ting-stars,TV,BD,Bangladesh,5,4,2022-10-16,2022-11-13
Sh**ting Stars,sh-ting-stars,TV,IN,India,3,5,2022-10-16,2022-10-30
Sh**ting Stars,sh-ting-stars,TV,ID,Indonesia,7,2,2022-10-16,2022-11-27
Sh**ting Stars,sh-ting-stars,TV,KW,Kuwait,1,4,2022-10-23,2022-10-23
Sh**ting Stars,sh-ting-stars,TV,MY,Malaysia,7,2,2022-10-16,2022-11-27
Sh**ting Stars,sh-ting-stars,TV,MV,Maldives,5,2,2022-10-16,2022-11-13
Sh**ting Stars,sh-ting-stars,TV,MU,Mauritius,1,10,2022-10-23,2022-10-23
Sh**ting Stars,sh-ting-stars,TV,MA,Morocco,1,10,2022-10-23,2022-10-23
Sh**ting Stars,sh-ting-stars,TV,NG,Nigeria,1,5,2022-10-23,2022-10-23
Sh**ting Stars,sh-ting-stars,TV,OM,Oman,1,3,2022-10-23,2022-10-23
Sh**ting Stars,sh-ting-stars,TV,PK,Pakistan,1,9,2022-10-23,2022-10-23
Sh**ting Stars,sh-ting-stars,TV,PH,Philippines,6,2,2022-10-16,2022-11-20
Sh**ting Stars,sh-ting-stars,TV,QA,Qatar,3,3,2022-10-16,2022-10-30
Sh**ting Stars,sh-ting-stars,TV,SA,Saudi Arabia,2,4,2022-10-23,2022-10-30
Sh**ting Stars,sh-ting-stars,TV,SG,Singapore,6,3,2022-10-23,2022-11-27
Sh**ting Stars,sh-ting-stars,TV,LK,Sri Lanka,4,3,2022-10-16,2022-11-06
Sh**ting Stars,sh-ting-stars,TV,TH,Thailand,5,4,2022-10-16,2022-11-13
Sh**ting Stars,sh-ting-stars,TV,AE,United Arab Emirates,3,3,2022-10-16,2022-10-30
Sh**ting Stars,sh-ting-stars,TV,VN,Vietnam,6,2,2022-10-16,2022-11-20
Shadows in the Palace,shadows-in-the-palace,Films,KR,South Korea,1,9,2024-06-16,2024-06-16
She was pretty,she-was-pretty,TV,JP,Japan,4,4,2021-07-11,2021-08-01
She Would Never Know,she-would-never-know,TV,ID,Indonesia,2,4,2022-07-17,2022-07-24
She Would Never Know,she-would-never-know,TV,JP,Japan,1,1,2023-06-11,2023-06-11
She Would Never Know,she-would-never-know,TV,MY,Malaysia,1,6,2022-07-17,2022-07-17
She Would Never Know,she-would-never-know,TV,MV,Maldives,1,9,2022-07-17,2022-07-17
She Would Never Know,she-would-never-know,TV,PH,Philippines,2,7,2022-07-17,2022-07-24
She Would Never Know,she-would-never-know,TV,QA,Qatar,1,7,2022-07-17,2022-07-17
She Would Never Know,she-would-never-know,TV,LK,Sri Lanka,1,8,2022-07-17,2022-07-17
She Would Never Know,she-would-never-know,TV,TW,Taiwan,1,10,2022-07-17,2022-07-17
She Would Never Know,she-would-never-know,TV,TH,Thailand,2,6,2022-07-10,2022-07-17
She Would Never Know,she-would-never-know,TV,VN,Vietnam,1,8,2022-07-17,2022-07-17
Shiri,shiri,Films,KR,South Korea,1,8,2025-07-06,2025-07-06
Showtime,showtime,Films,CA,Canada,1,10,2022-05-08,2022-05-08
Single in Seoul,single-in-seoul,Films,KR,South Korea,3,4,2024-03-03,2024-03-17
Single Rider,single-rider,Films,KR,South Korea,1,6,2024-01-14,2024-01-14
Sinkhole,sinkhole,Films,JP,Japan,2,2,2024-08-04,2024-08-11
Sinkhole,sinkhole,Films,KR,South Korea,10,1,2021-11-21,2022-02-06
Siren,siren,TV,JP,Japan,1,5,2025-09-07,2025-09-07
Sister,sister,Films,KR,South Korea,2,1,2026-05-17,2026-05-24
SKY Castle,sky-castle,TV,VN,Vietnam,1,10,2022-02-13,2022-02-13
Slave,slave,Films,SA,Saudi Arabia,1,10,2025-03-09,2025-03-09
Sleep,sleep,Films,KR,South Korea,3,2,2023-12-17,2023-12-31
Sleep,sleep,Films,TH,Thailand,2,6,2024-05-19,2024-05-26
Sleepless,sleepless,Films,AU,Australia,1,8,2022-04-03,2022-04-03
Sleepless,sleepless,Films,BS,Bahamas,2,8,2021-12-19,2021-12-26
Sleepless,sleepless,Films,BH,Bahrain,2,3,2024-06-16,2024-06-23
Sleepless,sleepless,Films,DK,Denmark,1,9,2022-09-11,2022-09-11
Sleepless,sleepless,Films,EG,Egypt,1,8,2024-06-23,2024-06-23
Sleepless,sleepless,Films,FI,Finland,1,4,2022-09-11,2022-09-11
Sleepless,sleepless,Films,IS,Iceland,1,10,2022-09-11,2022-09-11
Sleepless,sleepless,Films,JM,Jamaica,2,7,2021-12-19,2021-12-26
Sleepless,sleepless,Films,JO,Jordan,2,2,2024-06-16,2024-06-23
Sleepless,sleepless,Films,KW,Kuwait,2,3,2024-06-16,2024-06-23
Sleepless,sleepless,Films,LB,Lebanon,2,2,2024-06-16,2024-06-23
Sleepless,sleepless,Films,NO,Norway,1,9,2022-09-11,2022-09-11
Sleepless,sleepless,Films,OM,Oman,2,3,2024-06-16,2024-06-23
Sleepless,sleepless,Films,QA,Qatar,2,3,2024-06-16,2024-06-23
Sleepless,sleepless,Films,SA,Saudi Arabia,3,2,2024-06-16,2024-06-30
Sleepless,sleepless,Films,ES,Spain,3,4,2022-06-12,2024-06-23
Sleepless,sleepless,Films,SE,Sweden,1,8,2022-09-11,2022-09-11
Sleepless,sleepless,Films,TT,Trinidad and Tobago,1,9,2021-12-19,2021-12-19
Sleepless,sleepless,Films,AE,United Arab Emirates,2,3,2024-06-16,2024-06-23
Smugglers,smugglers,Films,TH,Thailand,3,1,2024-04-28,2024-05-12
Snatch Up,snatch-up,Films,KR,South Korea,2,6,2022-02-20,2022-02-27
Snowpiercer,snowpiercer,TV,BE,Belgium,5,8,2022-02-27,2022-04-03
Snowpiercer,snowpiercer,TV,BG,Bulgaria,3,9,2022-02-27,2022-04-03
Snowpiercer,snowpiercer,TV,HR,Croatia,1,9,2022-04-03,2022-04-03
Snowpiercer,snowpiercer,TV,EE,Estonia,3,6,2022-03-06,2022-04-03
Snowpiercer,snowpiercer,TV,FI,Finland,5,4,2022-02-13,2022-04-03
Snowpiercer,snowpiercer,TV,FR,France,2,9,2022-03-06,2022-04-03
Snowpiercer,snowpiercer,TV,GR,Greece,1,10,2022-04-03,2022-04-03
Snowpiercer,snowpiercer,TV,GP,Guadeloupe,1,10,2022-04-03,2022-04-03
Snowpiercer,snowpiercer,TV,IT,Italy,1,8,2022-04-03,2022-04-03
Snowpiercer,snowpiercer,TV,LV,Latvia,6,6,2022-02-20,2022-04-03
Snowpiercer,snowpiercer,TV,LT,Lithuania,1,6,2022-04-03,2022-04-03
Snowpiercer,snowpiercer,TV,LU,Luxembourg,1,10,2022-04-03,2022-04-03
Snowpiercer,snowpiercer,TV,MQ,Martinique,1,10,2022-04-03,2022-04-03
Snowpiercer,snowpiercer,TV,NO,Norway,1,10,2022-02-20,2022-02-20
Snowpiercer,snowpiercer,TV,PL,Poland,3,9,2022-03-06,2022-04-03
Snowpiercer,snowpiercer,TV,RO,Romania,1,7,2022-04-03,2022-04-03
Snowpiercer,snowpiercer,TV,RS,Serbia,1,10,2022-04-03,2022-04-03
Snowpiercer,snowpiercer,TV,SG,Singapore,1,10,2021-12-12,2021-12-12
Snowpiercer,snowpiercer,TV,SI,Slovenia,2,8,2022-03-06,2022-04-03
Snowpiercer,snowpiercer,TV,SE,Sweden,2,9,2022-02-20,2022-03-06
Snowpiercer,snowpiercer,TV,CH,Switzerland,2,9,2022-03-06,2022-04-03
Snowpiercer,snowpiercer,TV,TR,Turkey,5,6,2022-02-13,2022-04-03
Snowpiercer,snowpiercer,TV,UA,Ukraine,10,3,2022-01-30,2022-04-10
Snowpiercer,snowpiercer,TV,VN,Vietnam,1,10,2021-12-05,2021-12-05
Soil,soil,TV,BE,Belgium,4,3,2022-05-01,2022-05-22
Soil,soil,TV,MA,Morocco,3,2,2022-03-27,2022-04-10
Solace,solace,Films,BE,Belgium,2,3,2022-06-12,2024-04-28
Solace,solace,Films,NL,Netherlands,1,5,2022-06-12,2022-06-12
Solace,solace,Films,ES,Spain,3,5,2023-05-07,2023-05-21
Sold Out on You,sold-out-on-you,TV,AR,Argentina,1,9,2026-04-26,2026-04-26
Sold Out on You,sold-out-on-you,TV,BH,Bahrain,3,6,2026-04-26,2026-05-10
Sold Out on You,sold-out-on-you,TV,BD,Bangladesh,6,3,2026-04-26,2026-05-31
Sold Out on You,sold-out-on-you,TV,BO,Bolivia,7,1,2026-04-26,2026-06-07
Sold Out on You,sold-out-on-you,TV,BR,Brazil,6,3,2026-04-26,2026-05-31
Sold Out on You,sold-out-on-you,TV,CL,Chile,6,4,2026-04-26,2026-05-31
Sold Out on You,sold-out-on-you,TV,CO,Colombia,7,3,2026-04-26,2026-06-07
Sold Out on You,sold-out-on-you,TV,CR,Costa Rica,6,4,2026-04-26,2026-05-31
Sold Out on You,sold-out-on-you,TV,DO,Dominican Republic,7,2,2026-04-26,2026-06-07
Sold Out on You,sold-out-on-you,TV,EC,Ecuador,7,2,2026-04-26,2026-06-07
Sold Out on You,sold-out-on-you,TV,EG,Egypt,2,6,2026-05-03,2026-05-10
Sold Out on You,sold-out-on-you,TV,SV,El Salvador,8,1,2026-04-26,2026-06-14
Sold Out on You,sold-out-on-you,TV,GR,Greece,2,10,2026-04-26,2026-05-03
Sold Out on You,sold-out-on-you,TV,GT,Guatemala,7,1,2026-04-26,2026-06-07
Sold Out on You,sold-out-on-you,TV,HN,Honduras,8,1,2026-04-26,2026-06-14
Sold Out on You,sold-out-on-you,TV,HK,Hong Kong,6,2,2026-04-26,2026-05-31
Sold Out on You,sold-out-on-you,TV,IN,India,3,5,2026-04-26,2026-05-10
Sold Out on You,sold-out-on-you,TV,ID,Indonesia,8,2,2026-04-26,2026-06-14
Sold Out on You,sold-out-on-you,TV,JP,Japan,1,7,2026-04-26,2026-04-26
Sold Out on You,sold-out-on-you,TV,JO,Jordan,3,8,2026-04-26,2026-05-10
Sold Out on You,sold-out-on-you,TV,KW,Kuwait,3,8,2026-04-26,2026-05-10
Sold Out on You,sold-out-on-you,TV,MY,Malaysia,6,3,2026-04-26,2026-05-31
Sold Out on You,sold-out-on-you,TV,MV,Maldives,5,2,2026-04-26,2026-05-24
Sold Out on You,sold-out-on-you,TV,MX,Mexico,6,2,2026-04-26,2026-05-31
Sold Out on You,sold-out-on-you,TV,MA,Morocco,3,9,2026-04-26,2026-05-10
Sold Out on You,sold-out-on-you,TV,NI,Nicaragua,8,1,2026-04-26,2026-06-14
Sold Out on You,sold-out-on-you,TV,NG,Nigeria,1,10,2026-05-03,2026-05-03
Sold Out on You,sold-out-on-you,TV,OM,Oman,5,4,2026-04-26,2026-05-31
Sold Out on You,sold-out-on-you,TV,PK,Pakistan,1,10,2026-05-10,2026-05-10
Sold Out on You,sold-out-on-you,TV,PA,Panama,6,4,2026-04-26,2026-05-31
Sold Out on You,sold-out-on-you,TV,PY,Paraguay,7,3,2026-04-26,2026-06-07
Sold Out on You,sold-out-on-you,TV,PE,Peru,8,1,2026-04-26,2026-06-14
Sold Out on You,sold-out-on-you,TV,PH,Philippines,7,2,2026-04-26,2026-06-07
Sold Out on You,sold-out-on-you,TV,PT,Portugal,2,8,2026-04-26,2026-05-03
Sold Out on You,sold-out-on-you,TV,QA,Qatar,6,2,2026-04-26,2026-05-31
Sold Out on You,sold-out-on-you,TV,RO,Romania,4,5,2026-04-26,2026-05-31
Sold Out on You,sold-out-on-you,TV,SA,Saudi Arabia,3,5,2026-04-26,2026-05-10
Sold Out on You,sold-out-on-you,TV,SG,Singapore,6,2,2026-04-26,2026-05-31
Sold Out on You,sold-out-on-you,TV,KR,South Korea,6,2,2026-04-26,2026-05-31
Sold Out on You,sold-out-on-you,TV,LK,Sri Lanka,4,2,2026-04-26,2026-05-17
Sold Out on You,sold-out-on-you,TV,TW,Taiwan,7,1,2026-04-26,2026-06-07
Sold Out on You,sold-out-on-you,TV,TH,Thailand,7,3,2026-04-26,2026-06-07
Sold Out on You,sold-out-on-you,TV,TR,Turkey,2,8,2026-04-26,2026-05-03
Sold Out on You,sold-out-on-you,TV,AE,United Arab Emirates,3,5,2026-04-26,2026-05-10
Sold Out on You,sold-out-on-you,TV,VE,Venezuela,7,1,2026-04-26,2026-06-07
Sold Out on You,sold-out-on-you,TV,VN,Vietnam,5,3,2026-05-10,2026-06-07
Solo Leveling,solo-leveling,TV,HK,Hong Kong,28,1,2024-01-14,2025-04-13
Solo Leveling,solo-leveling,TV,ID,Indonesia,21,3,2024-01-14,2025-04-06
Solo Leveling,solo-leveling,TV,JP,Japan,18,3,2024-01-21,2025-04-06
Solo Leveling,solo-leveling,TV,MY,Malaysia,25,3,2024-01-14,2025-04-06
Solo Leveling,solo-leveling,TV,MV,Maldives,24,3,2024-01-14,2025-04-06
Solo Leveling,solo-leveling,TV,PH,Philippines,27,1,2024-01-14,2025-04-06
Solo Leveling,solo-leveling,TV,SG,Singapore,24,2,2024-01-14,2025-04-06
Solo Leveling,solo-leveling,TV,KR,South Korea,19,5,2024-01-14,2025-04-06
Solo Leveling,solo-leveling,TV,TW,Taiwan,27,4,2024-01-14,2025-04-13
Solo Leveling,solo-leveling,TV,TH,Thailand,16,5,2024-01-14,2025-04-06
Solo Leveling,solo-leveling,TV,VN,Vietnam,26,2,2024-01-14,2025-04-06
Somebody,somebody,TV,BD,Bangladesh,1,9,2022-11-27,2022-11-27
Somebody,somebody,TV,HK,Hong Kong,1,6,2022-11-27,2022-11-27
Somebody,somebody,TV,ID,Indonesia,4,3,2022-11-20,2022-12-11
Somebody,somebody,TV,JP,Japan,1,7,2022-11-27,2022-11-27
Somebody,somebody,TV,MY,Malaysia,3,3,2022-11-20,2022-12-04
Somebody,somebody,TV,PH,Philippines,2,7,2022-11-27,2022-12-04
Somebody,somebody,TV,SG,Singapore,2,4,2022-11-27,2022-12-04
Somebody,somebody,TV,KR,South Korea,3,3,2022-11-20,2022-12-04
Somebody,somebody,TV,TW,Taiwan,1,8,2022-11-27,2022-11-27
Somebody,somebody,TV,TH,Thailand,2,7,2022-11-20,2022-11-27
Somebody,somebody,TV,VN,Vietnam,4,3,2022-11-20,2022-12-11
Someone Like You,someone-like-you,Films,HU,Hungary,1,4,2026-04-12,2026-04-12
Someone Like You,someone-like-you,Films,IT,Italy,1,5,2026-08-02,2026-08-02
Someone Like You,someone-like-you,Films,MT,Malta,2,4,2026-08-02,2026-08-09
Someone You Loved,someone-you-loved,Films,KR,South Korea,2,2,2023-05-21,2023-05-28
Song of the Bandits,song-of-the-bandits,TV,BR,Brazil,1,10,2023-10-01,2023-10-01
Song of the Bandits,song-of-the-bandits,TV,GR,Greece,1,9,2023-10-01,2023-10-01
Song of the Bandits,song-of-the-bandits,TV,HK,Hong Kong,1,10,2023-10-01,2023-10-01
Song of the Bandits,song-of-the-bandits,TV,ID,Indonesia,2,4,2023-09-24,2023-10-01
Song of the Bandits,song-of-the-bandits,TV,JM,Jamaica,1,10,2023-10-01,2023-10-01
Song of the Bandits,song-of-the-bandits,TV,KE,Kenya,1,6,2023-10-01,2023-10-01
Song of the Bandits,song-of-the-bandits,TV,KW,Kuwait,1,8,2023-10-01,2023-10-01
Song of the Bandits,song-of-the-bandits,TV,MY,Malaysia,2,6,2023-09-24,2023-10-01
Song of the Bandits,song-of-the-bandits,TV,MA,Morocco,1,8,2023-10-01,2023-10-01
Song of the Bandits,song-of-the-bandits,TV,NC,New Caledonia,1,9,2023-10-01,2023-10-01
Song of the Bandits,song-of-the-bandits,TV,NG,Nigeria,1,3,2023-10-01,2023-10-01
Song of the Bandits,song-of-the-bandits,TV,OM,Oman,1,5,2023-10-01,2023-10-01
Song of the Bandits,song-of-the-bandits,TV,PK,Pakistan,1,6,2023-10-01,2023-10-01
Song of the Bandits,song-of-the-bandits,TV,PH,Philippines,1,6,2023-10-01,2023-10-01
Song of the Bandits,song-of-the-bandits,TV,QA,Qatar,1,8,2023-10-01,2023-10-01
Song of the Bandits,song-of-the-bandits,TV,RE,Réunion,1,9,2023-10-01,2023-10-01
Song of the Bandits,song-of-the-bandits,TV,RO,Romania,1,6,2023-10-01,2023-10-01
Song of the Bandits,song-of-the-bandits,TV,SA,Saudi Arabia,1,7,2023-10-01,2023-10-01
Song of the Bandits,song-of-the-bandits,TV,SG,Singapore,1,4,2023-10-01,2023-10-01
Song of the Bandits,song-of-the-bandits,TV,KR,South Korea,5,1,2023-09-24,2023-10-22
Song of the Bandits,song-of-the-bandits,TV,TW,Taiwan,1,10,2023-10-01,2023-10-01
Song of the Bandits,song-of-the-bandits,TV,TH,Thailand,2,3,2023-09-24,2023-10-01
Song of the Bandits,song-of-the-bandits,TV,TT,Trinidad and Tobago,1,10,2023-10-01,2023-10-01
Song of the Bandits,song-of-the-bandits,TV,TR,Turkey,1,10,2023-10-01,2023-10-01
Song of the Bandits,song-of-the-bandits,TV,AE,United Arab Emirates,1,8,2023-10-01,2023-10-01
Song of the Bandits,song-of-the-bandits,TV,VN,Vietnam,2,4,2023-09-24,2023-10-01
sorry? not sorry!,sorry-not-sorry,TV,KR,South Korea,2,6,2024-12-08,2024-12-15
Soulmate,soulmate,Films,EG,Egypt,2,4,2022-04-03,2022-04-10
Soulmate,soulmate,Films,JO,Jordan,1,10,2022-04-03,2022-04-03
Soulmate,soulmate,Films,LB,Lebanon,1,9,2022-04-03,2022-04-03
Space Sweepers,space-sweepers,Films,VN,Vietnam,1,9,2021-10-03,2021-10-03
Special Delivery,special-delivery,Films,KR,South Korea,2,7,2026-02-15,2026-02-22
Spiritwalker,spiritwalker,Films,KR,South Korea,3,1,2022-05-29,2022-06-12
Split,split,Films,KR,South Korea,1,7,2023-10-29,2023-10-29
Split,split,Films,GB,United Kingdom,2,8,2021-07-11,2021-07-18
Split,split,Films,US,United States,1,4,2024-04-07,2024-04-07
Spooky in Love,spooky-in-love,TV,BH,Bahrain,4,5,2026-07-26,2026-08-16
Spooky in Love,spooky-in-love,TV,BD,Bangladesh,4,4,2026-07-26,2026-08-16
Spooky in Love,spooky-in-love,TV,BO,Bolivia,5,2,2026-07-19,2026-08-16
Spooky in Love,spooky-in-love,TV,BR,Brazil,5,3,2026-07-19,2026-08-16
Spooky in Love,spooky-in-love,TV,CL,Chile,4,4,2026-07-26,2026-08-16
Spooky in Love,spooky-in-love,TV,CO,Colombia,4,6,2026-07-26,2026-08-16
Spooky in Love,spooky-in-love,TV,CR,Costa Rica,4,5,2026-07-26,2026-08-16
Spooky in Love,spooky-in-love,TV,DO,Dominican Republic,5,5,2026-07-19,2026-08-16
Spooky in Love,spooky-in-love,TV,EC,Ecuador,5,4,2026-07-19,2026-08-16
Spooky in Love,spooky-in-love,TV,EG,Egypt,4,7,2026-07-26,2026-08-16
Spooky in Love,spooky-in-love,TV,SV,El Salvador,5,3,2026-07-19,2026-08-16
Spooky in Love,spooky-in-love,TV,GR,Greece,1,9,2026-07-26,2026-07-26
Spooky in Love,spooky-in-love,TV,GP,Guadeloupe,1,10,2026-07-26,2026-07-26
Spooky in Love,spooky-in-love,TV,GT,Guatemala,5,5,2026-07-19,2026-08-16
Spooky in Love,spooky-in-love,TV,HN,Honduras,5,2,2026-07-19,2026-08-16
Spooky in Love,spooky-in-love,TV,HK,Hong Kong,4,2,2026-07-26,2026-08-16
Spooky in Love,spooky-in-love,TV,IN,India,4,6,2026-07-26,2026-08-16
Spooky in Love,spooky-in-love,TV,ID,Indonesia,5,1,2026-07-19,2026-08-16
Spooky in Love,spooky-in-love,TV,JP,Japan,2,9,2026-08-02,2026-08-09
Spooky in Love,spooky-in-love,TV,JO,Jordan,2,7,2026-07-26,2026-08-02
Spooky in Love,spooky-in-love,TV,KW,Kuwait,4,6,2026-07-26,2026-08-16
Spooky in Love,spooky-in-love,TV,MY,Malaysia,5,2,2026-07-19,2026-08-16
Spooky in Love,spooky-in-love,TV,MV,Maldives,4,6,2026-07-26,2026-08-16
Spooky in Love,spooky-in-love,TV,MQ,Martinique,2,10,2026-07-26,2026-08-09
Spooky in Love,spooky-in-love,TV,MU,Mauritius,3,6,2026-07-26,2026-08-16
Spooky in Love,spooky-in-love,TV,MX,Mexico,5,4,2026-07-19,2026-08-16
Spooky in Love,spooky-in-love,TV,MA,Morocco,4,5,2026-07-26,2026-08-16
Spooky in Love,spooky-in-love,TV,NC,New Caledonia,2,9,2026-07-26,2026-08-09
Spooky in Love,spooky-in-love,TV,NI,Nicaragua,5,2,2026-07-19,2026-08-16
Spooky in Love,spooky-in-love,TV,NG,Nigeria,4,5,2026-07-26,2026-08-16
Spooky in Love,spooky-in-love,TV,OM,Oman,4,5,2026-07-26,2026-08-16
Spooky in Love,spooky-in-love,TV,PK,Pakistan,4,4,2026-07-26,2026-08-16
Spooky in Love,spooky-in-love,TV,PA,Panama,4,5,2026-07-26,2026-08-16
Spooky in Love,spooky-in-love,TV,PY,Paraguay,5,4,2026-07-19,2026-08-16
Spooky in Love,spooky-in-love,TV,PE,Peru,5,2,2026-07-19,2026-08-16
Spooky in Love,spooky-in-love,TV,PH,Philippines,4,3,2026-07-26,2026-08-16
Spooky in Love,spooky-in-love,TV,QA,Qatar,4,5,2026-07-26,2026-08-16
Spooky in Love,spooky-in-love,TV,RE,Réunion,4,8,2026-07-26,2026-08-16
Spooky in Love,spooky-in-love,TV,RO,Romania,1,10,2026-07-26,2026-07-26
Spooky in Love,spooky-in-love,TV,SA,Saudi Arabia,4,6,2026-07-26,2026-08-16
Spooky in Love,spooky-in-love,TV,SG,Singapore,5,1,2026-07-19,2026-08-16
Spooky in Love,spooky-in-love,TV,KR,South Korea,5,3,2026-07-19,2026-08-16
Spooky in Love,spooky-in-love,TV,LK,Sri Lanka,4,6,2026-07-26,2026-08-16
Spooky in Love,spooky-in-love,TV,TW,Taiwan,4,3,2026-07-26,2026-08-16
Spooky in Love,spooky-in-love,TV,TH,Thailand,4,3,2026-07-26,2026-08-16
Spooky in Love,spooky-in-love,TV,AE,United Arab Emirates,4,6,2026-07-26,2026-08-16
Spooky in Love,spooky-in-love,TV,VE,Venezuela,5,3,2026-07-19,2026-08-16
Spooky in Love,spooky-in-love,TV,VN,Vietnam,5,3,2026-07-19,2026-08-16
Spotlight,spotlight,Films,CA,Canada,1,10,2023-05-07,2023-05-07
Spotlight,spotlight,Films,FI,Finland,1,8,2021-08-15,2021-08-15
Spotlight,spotlight,Films,NO,Norway,1,6,2021-08-15,2021-08-15
Spotlight,spotlight,Films,PL,Poland,1,10,2023-03-12,2023-03-12
Spotlight,spotlight,Films,SE,Sweden,1,7,2021-08-15,2021-08-15
Spring Garden,spring-garden,Films,TH,Thailand,1,5,2025-03-02,2025-03-02
Spring of Youth,spring-of-youth,TV,ID,Indonesia,1,9,2025-05-11,2025-05-11
Spy,spy,Films,AU,Australia,2,3,2024-12-15,2024-12-22
Spy,spy,Films,BH,Bahrain,2,2,2024-12-15,2024-12-22
Spy,spy,Films,BE,Belgium,1,6,2024-12-15,2024-12-15
Spy,spy,Films,CA,Canada,2,5,2024-12-15,2024-12-22
Spy,spy,Films,DK,Denmark,1,6,2024-12-15,2024-12-15
Spy,spy,Films,EG,Egypt,2,3,2024-12-15,2024-12-22
Spy,spy,Films,FI,Finland,1,3,2024-12-15,2024-12-15
Spy,spy,Films,IS,Iceland,1,3,2024-12-15,2024-12-15
Spy,spy,Films,IE,Ireland,1,8,2024-12-15,2024-12-15
Spy,spy,Films,IL,Israel,3,2,2024-12-15,2024-12-29
Spy,spy,Films,JO,Jordan,4,2,2024-12-15,2025-01-05
Spy,spy,Films,KE,Kenya,4,2,2024-12-08,2024-12-29
Spy,spy,Films,KW,Kuwait,4,2,2024-12-15,2025-01-05
Spy,spy,Films,LB,Lebanon,4,2,2024-12-15,2025-01-05
Spy,spy,Films,LU,Luxembourg,1,8,2024-12-15,2024-12-15
Spy,spy,Films,MU,Mauritius,2,2,2024-12-15,2024-12-22
Spy,spy,Films,MA,Morocco,1,5,2024-12-15,2024-12-15
Spy,spy,Films,NL,Netherlands,1,5,2024-12-15,2024-12-15
Spy,spy,Films,NZ,New Zealand,2,3,2024-12-15,2024-12-22
Spy,spy,Films,NG,Nigeria,2,2,2024-12-15,2024-12-22
Spy,spy,Films,NO,Norway,1,8,2024-12-15,2024-12-15
Spy,spy,Films,OM,Oman,2,2,2024-12-15,2024-12-22
Spy,spy,Films,PT,Portugal,1,5,2024-12-15,2024-12-15
Spy,spy,Films,QA,Qatar,3,2,2024-12-15,2024-12-29
Spy,spy,Films,SA,Saudi Arabia,4,2,2024-12-15,2025-01-05
Spy,spy,Films,ZA,South Africa,3,3,2024-12-15,2024-12-29
Spy,spy,Films,ES,Spain,1,2,2024-12-15,2024-12-15
Spy,spy,Films,SE,Sweden,1,5,2024-12-15,2024-12-15
Spy,spy,Films,AE,United Arab Emirates,3,2,2024-12-15,2024-12-29
Spy,spy,Films,GB,United Kingdom,1,9,2024-12-15,2024-12-15
Squid Game,squid-game,TV,AR,Argentina,30,1,2021-09-19,2025-07-27
Squid Game,squid-game,TV,AU,Australia,25,1,2021-09-19,2025-07-27
Squid Game,squid-game,TV,AT,Austria,28,1,2021-09-19,2025-07-27
Squid Game,squid-game,TV,BS,Bahamas,18,1,2021-09-19,2025-07-13
Squid Game,squid-game,TV,BH,Bahrain,40,1,2021-09-19,2025-08-03
Squid Game,squid-game,TV,BD,Bangladesh,66,1,2021-09-19,2025-08-24
Squid Game,squid-game,TV,BE,Belgium,29,1,2021-09-19,2025-08-10
Squid Game,squid-game,TV,BO,Bolivia,52,1,2021-09-19,2025-08-17
Squid Game,squid-game,TV,BR,Brazil,26,1,2021-09-19,2025-07-27
Squid Game,squid-game,TV,BG,Bulgaria,51,1,2021-09-19,2025-08-24
Squid Game,squid-game,TV,CA,Canada,25,1,2021-09-19,2025-07-27
Squid Game,squid-game,TV,CL,Chile,32,1,2021-09-19,2025-08-03
Squid Game,squid-game,TV,CO,Colombia,37,1,2021-09-19,2025-08-10
Squid Game,squid-game,TV,CR,Costa Rica,29,1,2021-09-19,2025-07-27
Squid Game,squid-game,TV,HR,Croatia,32,1,2021-09-19,2025-08-03
Squid Game,squid-game,TV,CY,Cyprus,31,1,2021-09-26,2025-08-03
Squid Game,squid-game,TV,CZ,Czech Republic,48,1,2021-09-19,2025-08-10
Squid Game,squid-game,TV,DK,Denmark,30,1,2021-09-19,2025-08-10
Squid Game,squid-game,TV,DO,Dominican Republic,25,1,2021-09-19,2025-07-27
Squid Game,squid-game,TV,EC,Ecuador,38,1,2021-09-19,2025-08-10
Squid Game,squid-game,TV,EG,Egypt,50,1,2021-09-19,2025-08-24
Squid Game,squid-game,TV,SV,El Salvador,35,1,2021-09-19,2025-08-10
Squid Game,squid-game,TV,EE,Estonia,43,1,2021-09-19,2025-08-10
Squid Game,squid-game,TV,FI,Finland,38,1,2021-09-19,2025-08-24
Squid Game,squid-game,TV,FR,France,31,1,2021-09-19,2025-08-10
Squid Game,squid-game,TV,DE,Germany,31,1,2021-09-19,2025-08-10
Squid Game,squid-game,TV,GR,Greece,35,1,2021-09-19,2025-08-10
Squid Game,squid-game,TV,GP,Guadeloupe,21,1,2021-09-19,2025-07-27
Squid Game,squid-game,TV,GT,Guatemala,40,1,2021-09-19,2025-08-10
Squid Game,squid-game,TV,HN,Honduras,37,1,2021-09-19,2025-08-10
Squid Game,squid-game,TV,HK,Hong Kong,30,1,2021-09-19,2025-07-27
Squid Game,squid-game,TV,HU,Hungary,37,1,2021-09-26,2025-08-03
Squid Game,squid-game,TV,IS,Iceland,23,1,2021-09-26,2025-07-27
Squid Game,squid-game,TV,IN,India,69,1,2021-09-19,2025-08-17
Squid Game,squid-game,TV,ID,Indonesia,36,1,2021-09-19,2025-08-03
Squid Game,squid-game,TV,IE,Ireland,20,1,2021-09-26,2025-07-27
Squid Game,squid-game,TV,IL,Israel,28,1,2021-09-26,2025-08-03
Squid Game,squid-game,TV,IT,Italy,37,1,2021-09-26,2025-08-10
Squid Game,squid-game,TV,JM,Jamaica,22,1,2021-09-19,2025-07-13
Squid Game,squid-game,TV,JP,Japan,31,1,2021-09-19,2025-07-13
Squid Game,squid-game,TV,JO,Jordan,50,1,2021-09-19,2025-08-31
Squid Game,squid-game,TV,KE,Kenya,30,1,2021-09-19,2025-08-03
Squid Game,squid-game,TV,KW,Kuwait,47,1,2021-09-19,2025-08-17
Squid Game,squid-game,TV,LV,Latvia,47,1,2021-09-19,2025-08-10
Squid Game,squid-game,TV,LB,Lebanon,46,1,2021-09-26,2025-08-24
Squid Game,squid-game,TV,LT,Lithuania,41,1,2021-09-19,2025-08-10
Squid Game,squid-game,TV,LU,Luxembourg,26,1,2021-09-19,2025-08-03
Squid Game,squid-game,TV,MY,Malaysia,36,1,2021-09-19,2025-07-27
Squid Game,squid-game,TV,MV,Maldives,32,1,2021-09-19,2025-08-03
Squid Game,squid-game,TV,MT,Malta,25,1,2021-09-19,2025-08-03
Squid Game,squid-game,TV,MQ,Martinique,20,1,2021-09-19,2025-07-20
Squid Game,squid-game,TV,MU,Mauritius,31,1,2021-09-19,2025-07-27
Squid Game,squid-game,TV,MX,Mexico,41,1,2021-09-19,2025-08-17
Squid Game,squid-game,TV,MA,Morocco,46,1,2021-09-19,2025-08-24
Squid Game,squid-game,TV,NL,Netherlands,25,1,2021-09-19,2025-08-03
Squid Game,squid-game,TV,NC,New Caledonia,23,1,2021-09-19,2025-07-27
Squid Game,squid-game,TV,NZ,New Zealand,26,1,2021-09-19,2025-07-27
Squid Game,squid-game,TV,NI,Nicaragua,44,1,2021-09-19,2025-08-10
Squid Game,squid-game,TV,NG,Nigeria,37,1,2021-09-19,2025-07-27
Squid Game,squid-game,TV,NO,Norway,27,1,2021-09-19,2025-08-03
Squid Game,squid-game,TV,OM,Oman,44,1,2021-09-19,2025-08-17
Squid Game,squid-game,TV,PK,Pakistan,66,1,2021-09-19,2025-08-17
Squid Game,squid-game,TV,PA,Panama,24,1,2021-09-19,2025-07-27
Squid Game,squid-game,TV,PY,Paraguay,35,1,2021-09-19,2025-08-10
Squid Game,squid-game,TV,PE,Peru,45,1,2021-09-19,2025-08-17
Squid Game,squid-game,TV,PH,Philippines,33,1,2021-09-19,2025-07-27
Squid Game,squid-game,TV,PL,Poland,29,1,2021-09-19,2025-07-27
Squid Game,squid-game,TV,PT,Portugal,29,1,2021-09-19,2025-08-10
Squid Game,squid-game,TV,QA,Qatar,40,1,2021-09-19,2025-08-10
Squid Game,squid-game,TV,RE,Réunion,25,1,2021-09-19,2025-07-27
Squid Game,squid-game,TV,RO,Romania,39,1,2021-09-19,2025-08-10
Squid Game,squid-game,TV,SA,Saudi Arabia,45,1,2021-09-19,2025-08-17
Squid Game,squid-game,TV,RS,Serbia,50,1,2021-09-19,2025-08-17
Squid Game,squid-game,TV,SG,Singapore,27,1,2021-09-19,2025-07-27
Squid Game,squid-game,TV,SK,Slovakia,44,1,2021-09-26,2025-08-10
Squid Game,squid-game,TV,SI,Slovenia,38,1,2021-09-19,2025-08-10
Squid Game,squid-game,TV,ZA,South Africa,30,1,2021-09-26,2025-07-27
Squid Game,squid-game,TV,KR,South Korea,34,1,2021-09-19,2025-08-03
Squid Game,squid-game,TV,ES,Spain,27,1,2021-09-19,2025-08-10
Squid Game,squid-game,TV,LK,Sri Lanka,43,1,2021-09-26,2025-08-17
Squid Game,squid-game,TV,SE,Sweden,28,1,2021-09-19,2025-08-03
Squid Game,squid-game,TV,CH,Switzerland,27,1,2021-09-19,2025-08-10
Squid Game,squid-game,TV,TW,Taiwan,23,1,2021-09-19,2025-07-20
Squid Game,squid-game,TV,TH,Thailand,28,1,2021-09-19,2025-07-20
Squid Game,squid-game,TV,TT,Trinidad and Tobago,20,1,2021-09-19,2025-07-13
Squid Game,squid-game,TV,TR,Turkey,52,1,2021-09-19,2025-09-07
Squid Game,squid-game,TV,UA,Ukraine,43,1,2021-09-26,2025-08-24
Squid Game,squid-game,TV,AE,United Arab Emirates,37,1,2021-09-19,2025-08-03
Squid Game,squid-game,TV,GB,United Kingdom,23,1,2021-09-19,2025-07-27
Squid Game,squid-game,TV,US,United States,27,1,2021-09-19,2025-07-27
Squid Game,squid-game,TV,UY,Uruguay,23,1,2021-09-19,2025-07-20
Squid Game,squid-game,TV,VE,Venezuela,28,1,2021-09-19,2025-07-27
Squid Game,squid-game,TV,VN,Vietnam,36,1,2021-09-19,2025-08-03
Stand By Me,stand-by-me,Films,TW,Taiwan,1,10,2022-05-01,2022-05-01
Start-Up,start-up,TV,ID,Indonesia,3,8,2021-10-10,2021-11-07
Start-Up,start-up,TV,KR,South Korea,1,5,2026-03-01,2026-03-01
Steel Rain2: Summit,steel-rain2-summit,Films,KR,South Korea,3,1,2022-10-16,2022-10-30
Stellar,stellar,Films,KR,South Korea,2,3,2025-04-20,2025-04-27
Stepmom,stepmom,Films,AR,Argentina,1,8,2021-07-11,2021-07-11
Stepmom,stepmom,Films,BO,Bolivia,2,7,2021-07-04,2021-07-11
Stepmom,stepmom,Films,CL,Chile,2,8,2021-07-04,2021-07-11
Stepmom,stepmom,Films,CR,Costa Rica,2,8,2021-07-04,2021-07-11
Stepmom,stepmom,Films,DK,Denmark,1,8,2024-10-13,2024-10-13
Stepmom,stepmom,Films,EC,Ecuador,2,6,2021-07-04,2021-07-11
Stepmom,stepmom,Films,SV,El Salvador,2,7,2021-07-04,2021-07-11
Stepmom,stepmom,Films,GT,Guatemala,2,4,2021-07-04,2021-07-11
Stepmom,stepmom,Films,JM,Jamaica,2,6,2021-07-04,2021-07-11
Stepmom,stepmom,Films,MX,Mexico,2,5,2021-07-04,2021-07-11
Stepmom,stepmom,Films,NI,Nicaragua,1,9,2021-07-04,2021-07-04
Stepmom,stepmom,Films,NO,Norway,1,8,2024-10-13,2024-10-13
Stepmom,stepmom,Films,PY,Paraguay,2,9,2021-07-04,2021-07-11
Stepmom,stepmom,Films,PE,Peru,2,8,2021-07-04,2021-07-11
Stepmom,stepmom,Films,PH,Philippines,1,6,2022-06-12,2022-06-12
Stepmom,stepmom,Films,RO,Romania,2,4,2023-08-27,2023-09-03
Stepmom,stepmom,Films,SG,Singapore,1,8,2022-06-12,2022-06-12
Stepmom,stepmom,Films,LK,Sri Lanka,1,7,2022-06-12,2022-06-12
Stepmom,stepmom,Films,TT,Trinidad and Tobago,1,9,2021-07-11,2021-07-11
Stepmom,stepmom,Films,TR,Turkey,1,9,2022-05-15,2022-05-15
Stepmom,stepmom,Films,UY,Uruguay,2,6,2021-07-04,2021-07-11
Stepmother,stepmother,TV,TH,Thailand,9,4,2025-01-26,2025-03-23
Still Shining,still-shining,TV,BO,Bolivia,1,10,2026-03-08,2026-03-08
Still Shining,still-shining,TV,BR,Brazil,1,6,2026-03-08,2026-03-08
Still Shining,still-shining,TV,HN,Honduras,1,7,2026-03-08,2026-03-08
Still Shining,still-shining,TV,HK,Hong Kong,1,10,2026-03-15,2026-03-15
Still Shining,still-shining,TV,NI,Nicaragua,1,10,2026-03-08,2026-03-08
Still Shining,still-shining,TV,PE,Peru,1,8,2026-03-08,2026-03-08
Still Shining,still-shining,TV,KR,South Korea,5,5,2026-03-08,2026-04-05
Still Shining,still-shining,TV,VE,Venezuela,1,8,2026-03-08,2026-03-08
Stone Skipping,stone-skipping,Films,KR,South Korea,2,4,2021-07-18,2021-07-25
Stranger,stranger,TV,KR,South Korea,1,9,2021-08-08,2021-08-08
Streaming,streaming,Films,KR,South Korea,5,2,2025-06-29,2025-07-27
Strong Girl Bong-soon,strong-girl-bong-soon,TV,KR,South Korea,2,8,2023-10-22,2023-10-29
Strong Girl Bong-soon,strong-girl-bong-soon,TV,TW,Taiwan,3,3,2023-02-05,2023-02-19
Strong Girl Bong-soon,strong-girl-bong-soon,TV,VN,Vietnam,3,5,2023-02-05,2023-02-19
Strong Girl Nam-soon,strong-girl-nam-soon,TV,BH,Bahrain,5,5,2023-10-15,2023-11-12
Strong Girl Nam-soon,strong-girl-nam-soon,TV,BD,Bangladesh,8,2,2023-10-15,2023-12-03
Strong Girl Nam-soon,strong-girl-nam-soon,TV,BO,Bolivia,7,1,2023-10-15,2023-11-26
Strong Girl Nam-soon,strong-girl-nam-soon,TV,BR,Brazil,1,9,2023-10-15,2023-10-15
Strong Girl Nam-soon,strong-girl-nam-soon,TV,CL,Chile,4,6,2023-10-15,2023-11-05
Strong Girl Nam-soon,strong-girl-nam-soon,TV,CO,Colombia,2,8,2023-10-15,2023-11-12
Strong Girl Nam-soon,strong-girl-nam-soon,TV,CR,Costa Rica,1,9,2023-10-15,2023-10-15
Strong Girl Nam-soon,strong-girl-nam-soon,TV,DO,Dominican Republic,7,3,2023-10-15,2023-11-26
Strong Girl Nam-soon,strong-girl-nam-soon,TV,EC,Ecuador,7,4,2023-10-15,2023-11-26
Strong Girl Nam-soon,strong-girl-nam-soon,TV,SV,El Salvador,8,2,2023-10-08,2023-11-26
Strong Girl Nam-soon,strong-girl-nam-soon,TV,GR,Greece,1,10,2023-10-15,2023-10-15
Strong Girl Nam-soon,strong-girl-nam-soon,TV,GT,Guatemala,6,4,2023-10-15,2023-11-19
Strong Girl Nam-soon,strong-girl-nam-soon,TV,HN,Honduras,7,3,2023-10-15,2023-11-26
Strong Girl Nam-soon,strong-girl-nam-soon,TV,HK,Hong Kong,9,3,2023-10-08,2023-12-03
Strong Girl Nam-soon,strong-girl-nam-soon,TV,IN,India,8,2,2023-10-15,2023-12-03
Strong Girl Nam-soon,strong-girl-nam-soon,TV,ID,Indonesia,9,1,2023-10-08,2023-12-03
Strong Girl Nam-soon,strong-girl-nam-soon,TV,JM,Jamaica,1,10,2023-10-15,2023-10-15
Strong Girl Nam-soon,strong-girl-nam-soon,TV,JP,Japan,4,5,2023-10-08,2023-10-29
Strong Girl Nam-soon,strong-girl-nam-soon,TV,JO,Jordan,2,6,2023-10-15,2023-10-22
Strong Girl Nam-soon,strong-girl-nam-soon,TV,KW,Kuwait,5,5,2023-10-15,2023-11-26
Strong Girl Nam-soon,strong-girl-nam-soon,TV,MY,Malaysia,9,1,2023-10-08,2023-12-03
Strong Girl Nam-soon,strong-girl-nam-soon,TV,MV,Maldives,5,7,2023-10-15,2023-12-03
Strong Girl Nam-soon,strong-girl-nam-soon,TV,MU,Mauritius,1,9,2023-10-15,2023-10-15
Strong Girl Nam-soon,strong-girl-nam-soon,TV,MX,Mexico,3,7,2023-10-15,2023-10-29
Strong Girl Nam-soon,strong-girl-nam-soon,TV,MA,Morocco,1,8,2023-10-15,2023-10-15
Strong Girl Nam-soon,strong-girl-nam-soon,TV,NZ,New Zealand,2,8,2023-10-15,2023-10-22
Strong Girl Nam-soon,strong-girl-nam-soon,TV,NI,Nicaragua,7,3,2023-10-15,2023-11-26
Strong Girl Nam-soon,strong-girl-nam-soon,TV,NG,Nigeria,8,2,2023-10-15,2023-12-03
Strong Girl Nam-soon,strong-girl-nam-soon,TV,OM,Oman,7,4,2023-10-15,2023-11-26
Strong Girl Nam-soon,strong-girl-nam-soon,TV,PK,Pakistan,7,4,2023-10-15,2023-12-03
Strong Girl Nam-soon,strong-girl-nam-soon,TV,PA,Panama,3,7,2023-10-15,2023-10-29
Strong Girl Nam-soon,strong-girl-nam-soon,TV,PY,Paraguay,6,7,2023-10-15,2023-11-19
Strong Girl Nam-soon,strong-girl-nam-soon,TV,PE,Peru,9,2,2023-10-08,2023-12-03
Strong Girl Nam-soon,strong-girl-nam-soon,TV,PH,Philippines,9,2,2023-10-08,2023-12-03
Strong Girl Nam-soon,strong-girl-nam-soon,TV,QA,Qatar,8,3,2023-10-08,2023-11-26
Strong Girl Nam-soon,strong-girl-nam-soon,TV,RO,Romania,1,8,2023-10-15,2023-10-15
Strong Girl Nam-soon,strong-girl-nam-soon,TV,SA,Saudi Arabia,4,5,2023-10-15,2023-11-05
Strong Girl Nam-soon,strong-girl-nam-soon,TV,SG,Singapore,9,1,2023-10-08,2023-12-03
Strong Girl Nam-soon,strong-girl-nam-soon,TV,KR,South Korea,9,1,2023-10-08,2023-12-03
Strong Girl Nam-soon,strong-girl-nam-soon,TV,TW,Taiwan,9,2,2023-10-08,2023-12-03
Strong Girl Nam-soon,strong-girl-nam-soon,TV,TH,Thailand,8,2,2023-10-15,2023-12-03
Strong Girl Nam-soon,strong-girl-nam-soon,TV,TR,Turkey,1,10,2023-10-15,2023-10-15
Strong Girl Nam-soon,strong-girl-nam-soon,TV,AE,United Arab Emirates,7,3,2023-10-08,2023-11-26
Strong Girl Nam-soon,strong-girl-nam-soon,TV,VE,Venezuela,1,9,2023-10-15,2023-10-15
Strong Girl Nam-soon,strong-girl-nam-soon,TV,VN,Vietnam,8,1,2023-10-15,2023-12-03
Strongest Deliveryman,strongest-deliveryman,TV,HK,Hong Kong,1,9,2022-12-04,2022-12-04
Success,success,TV,HR,Croatia,1,8,2025-04-06,2025-04-06
Summer Strike,summer-strike,TV,ID,Indonesia,2,7,2023-02-26,2023-03-05
Summer Strike,summer-strike,TV,MY,Malaysia,2,8,2023-02-26,2023-03-05
Summer Strike,summer-strike,TV,PH,Philippines,2,7,2023-02-26,2023-03-05
Summer Strike,summer-strike,TV,KR,South Korea,1,8,2023-03-05,2023-03-05
Summer Strike,summer-strike,TV,TW,Taiwan,2,10,2023-02-26,2023-03-05
Summer Strike,summer-strike,TV,TH,Thailand,2,7,2023-02-26,2023-03-05
Summer Strike,summer-strike,TV,VN,Vietnam,1,10,2023-03-05,2023-03-05
Summertime,summertime,TV,GP,Guadeloupe,1,10,2022-05-08,2022-05-08
Summertime,summertime,TV,IT,Italy,3,1,2022-05-08,2022-05-22
Summertime,summertime,TV,CH,Switzerland,1,9,2022-05-08,2022-05-08
Sunflower,sunflower,Films,KR,South Korea,1,7,2021-11-21,2021-11-21
Sunim & Sonim: Soul Trip in India,sunim-sonim-soul-trip-in-india,TV,KR,South Korea,3,4,2026-05-24,2026-06-07
Sunset,sunset,TV,JP,Japan,3,1,2025-06-08,2025-06-29
Sunshine,sunshine,Films,HK,Hong Kong,1,8,2025-11-30,2025-11-30
Sunshine,sunshine,Films,PH,Philippines,6,1,2025-11-30,2026-01-11
Suspect,suspect,TV,IE,Ireland,3,4,2024-08-04,2024-08-18
Suspect,suspect,TV,GB,United Kingdom,1,6,2024-08-11,2024-08-11
Svaha: The Sixth Finger,svaha-the-sixth-finger,Films,KR,South Korea,4,6,2024-03-03,2024-03-24
Swallow,swallow,Films,NG,Nigeria,5,1,2021-10-03,2021-10-31
Sweet & Sour,sweet-sour,Films,KR,South Korea,4,7,2021-07-04,2021-10-03
Sweet Home,sweet-home,TV,BH,Bahrain,2,5,2023-12-10,2024-07-28
Sweet Home,sweet-home,TV,BD,Bangladesh,13,2,2023-12-03,2024-08-18
Sweet Home,sweet-home,TV,BO,Bolivia,7,4,2023-12-03,2024-08-04
Sweet Home,sweet-home,TV,CL,Chile,1,10,2023-12-10,2023-12-10
Sweet Home,sweet-home,TV,CO,Colombia,1,8,2023-12-10,2023-12-10
Sweet Home,sweet-home,TV,DO,Dominican Republic,7,6,2023-12-03,2024-08-04
Sweet Home,sweet-home,TV,EC,Ecuador,4,6,2023-12-03,2024-07-28
Sweet Home,sweet-home,TV,SV,El Salvador,3,8,2023-12-10,2024-07-28
Sweet Home,sweet-home,TV,FR,France,1,10,2023-12-10,2023-12-10
Sweet Home,sweet-home,TV,GP,Guadeloupe,1,8,2023-12-10,2023-12-10
Sweet Home,sweet-home,TV,GT,Guatemala,1,9,2023-12-10,2023-12-10
Sweet Home,sweet-home,TV,HN,Honduras,3,6,2023-12-10,2024-07-28
Sweet Home,sweet-home,TV,HK,Hong Kong,10,1,2023-12-03,2024-08-18
Sweet Home,sweet-home,TV,IN,India,8,3,2023-12-03,2024-08-04
Sweet Home,sweet-home,TV,ID,Indonesia,16,1,2023-12-03,2024-08-11
Sweet Home,sweet-home,TV,JP,Japan,1,8,2023-12-10,2023-12-10
Sweet Home,sweet-home,TV,KW,Kuwait,2,4,2023-12-10,2024-07-28
Sweet Home,sweet-home,TV,MY,Malaysia,12,2,2023-12-03,2024-08-11
Sweet Home,sweet-home,TV,MV,Maldives,8,3,2023-12-03,2024-08-04
Sweet Home,sweet-home,TV,MQ,Martinique,2,7,2023-12-10,2023-12-10
Sweet Home,sweet-home,TV,MU,Mauritius,3,7,2023-12-03,2023-12-10
Sweet Home,sweet-home,TV,MX,Mexico,1,10,2023-12-10,2023-12-10
Sweet Home,sweet-home,TV,MA,Morocco,3,7,2023-12-03,2024-07-28
Sweet Home,sweet-home,TV,NC,New Caledonia,2,7,2023-12-10,2023-12-10
Sweet Home,sweet-home,TV,NI,Nicaragua,4,6,2023-12-03,2024-07-28
Sweet Home,sweet-home,TV,NG,Nigeria,7,5,2023-12-03,2024-08-04
Sweet Home,sweet-home,TV,OM,Oman,3,6,2023-12-10,2024-07-28
Sweet Home,sweet-home,TV,PK,Pakistan,11,2,2023-12-03,2024-08-04
Sweet Home,sweet-home,TV,PA,Panama,1,10,2023-12-10,2023-12-10
Sweet Home,sweet-home,TV,PE,Peru,8,2,2023-12-03,2024-08-04
Sweet Home,sweet-home,TV,PH,Philippines,15,1,2023-12-03,2024-08-11
Sweet Home,sweet-home,TV,QA,Qatar,4,4,2023-12-03,2024-07-28
Sweet Home,sweet-home,TV,RE,Réunion,3,6,2023-12-10,2024-07-28
Sweet Home,sweet-home,TV,SA,Saudi Arabia,3,6,2023-12-03,2024-07-28
Sweet Home,sweet-home,TV,SG,Singapore,9,1,2023-12-03,2024-08-11
Sweet Home,sweet-home,TV,KR,South Korea,16,1,2023-12-03,2024-08-18
Sweet Home,sweet-home,TV,LK,Sri Lanka,3,7,2023-12-10,2024-07-28
Sweet Home,sweet-home,TV,TW,Taiwan,8,2,2023-12-03,2024-08-11
Sweet Home,sweet-home,TV,TH,Thailand,14,1,2023-11-12,2024-08-11
Sweet Home,sweet-home,TV,TR,Turkey,2,8,2023-12-10,2024-07-28
Sweet Home,sweet-home,TV,AE,United Arab Emirates,3,6,2023-12-10,2024-07-28
Sweet Home,sweet-home,TV,VN,Vietnam,21,1,2023-12-03,2024-08-25
Sweetheart,sweetheart,Films,FR,France,2,7,2024-08-11,2024-08-18
Sweetheart,sweetheart,Films,IT,Italy,2,1,2026-06-21,2026-06-28
Sweethearts,sweethearts,Films,CZ,Czech Republic,8,2,2022-02-06,2022-03-27
Sweethearts,sweethearts,Films,SK,Slovakia,2,4,2022-02-06,2022-02-13
Swindlers,swindlers,TV,GB,United Kingdom,1,7,2026-04-12,2026-04-12
Switch,switch,Films,JP,Japan,3,5,2021-07-04,2023-09-24
Switch,switch,Films,KR,South Korea,6,2,2023-04-09,2023-05-14
Switch,switch,Films,VN,Vietnam,2,2,2023-07-23,2023-07-30
Take 1,take-1,TV,KR,South Korea,1,9,2022-10-23,2022-10-23
Take My Hand,take-my-hand,Films,AU,Australia,2,5,2025-01-05,2025-01-12
Take My Hand,take-my-hand,Films,NZ,New Zealand,2,5,2025-01-05,2025-01-12
Take Point,take-point,Films,PH,Philippines,2,4,2022-11-20,2022-11-27
Tale of the Nine Tailed,tale-of-the-nine-tailed,TV,HK,Hong Kong,2,4,2022-12-11,2022-12-18
Tale of the Nine Tailed,tale-of-the-nine-tailed,TV,ID,Indonesia,3,9,2023-05-21,2023-06-04
Tale of the Nine Tailed,tale-of-the-nine-tailed,TV,JP,Japan,1,9,2023-10-08,2023-10-08
Tale of the Nine Tailed,tale-of-the-nine-tailed,TV,KR,South Korea,7,4,2022-12-11,2023-06-11
Tale of the Nine Tailed,tale-of-the-nine-tailed,TV,TW,Taiwan,1,7,2022-12-11,2022-12-11
Tale of the Nine Tailed,tale-of-the-nine-tailed,TV,VN,Vietnam,3,8,2023-05-21,2023-06-04
Tarot,tarot,Films,AU,Australia,2,8,2026-07-19,2026-07-26
Tarot,tarot,Films,AT,Austria,2,2,2024-11-24,2024-12-01
Tarot,tarot,Films,BD,Bangladesh,2,4,2024-08-04,2024-08-11
Tarot,tarot,Films,BG,Bulgaria,1,5,2026-03-22,2026-03-22
Tarot,tarot,Films,CA,Canada,2,3,2026-01-04,2026-01-11
Tarot,tarot,Films,CY,Cyprus,1,8,2026-01-11,2026-01-11
Tarot,tarot,Films,CZ,Czech Republic,1,6,2026-03-22,2026-03-22
Tarot,tarot,Films,DK,Denmark,1,9,2026-01-04,2026-01-04
Tarot,tarot,Films,EE,Estonia,3,5,2024-10-20,2024-11-03
Tarot,tarot,Films,FI,Finland,2,4,2026-01-04,2026-01-11
Tarot,tarot,Films,FR,France,1,10,2026-04-05,2026-04-05
Tarot,tarot,Films,DE,Germany,2,1,2024-11-24,2024-12-01
Tarot,tarot,Films,GR,Greece,2,3,2026-01-04,2026-01-11
Tarot,tarot,Films,GP,Guadeloupe,2,4,2026-04-05,2026-04-12
Tarot,tarot,Films,HK,Hong Kong,2,5,2024-09-22,2024-09-29
Tarot,tarot,Films,IN,India,2,6,2024-08-04,2024-08-11
Tarot,tarot,Films,ID,Indonesia,1,5,2024-09-22,2024-09-22
Tarot,tarot,Films,IE,Ireland,1,4,2026-02-22,2026-02-22
Tarot,tarot,Films,IL,Israel,1,7,2025-02-23,2025-02-23
Tarot,tarot,Films,IT,Italy,2,4,2026-02-01,2026-02-08
Tarot,tarot,Films,KE,Kenya,2,8,2024-11-17,2024-11-24
Tarot,tarot,Films,LV,Latvia,2,7,2024-10-20,2024-10-27
Tarot,tarot,Films,LT,Lithuania,3,5,2024-10-20,2024-11-03
Tarot,tarot,Films,LU,Luxembourg,1,6,2024-11-24,2024-11-24
Tarot,tarot,Films,MY,Malaysia,1,3,2024-09-22,2024-09-22
Tarot,tarot,Films,MV,Maldives,1,6,2024-09-22,2024-09-22
Tarot,tarot,Films,MQ,Martinique,2,6,2026-04-05,2026-04-12
Tarot,tarot,Films,MU,Mauritius,2,8,2024-11-17,2024-11-24
Tarot,tarot,Films,MA,Morocco,2,9,2026-04-05,2026-04-12
Tarot,tarot,Films,NL,Netherlands,2,6,2024-12-01,2024-12-08
Tarot,tarot,Films,NZ,New Zealand,2,9,2026-07-19,2026-07-26
Tarot,tarot,Films,NG,Nigeria,2,3,2024-11-17,2024-11-24
Tarot,tarot,Films,NO,Norway,1,10,2026-01-04,2026-01-04
Tarot,tarot,Films,PK,Pakistan,2,2,2024-08-04,2024-08-11
Tarot,tarot,Films,PH,Philippines,2,6,2024-09-22,2024-09-29
Tarot,tarot,Films,PL,Poland,2,5,2025-11-23,2025-11-30
Tarot,tarot,Films,PT,Portugal,1,4,2025-12-14,2025-12-14
Tarot,tarot,Films,RE,Réunion,2,3,2026-04-05,2026-04-12
Tarot,tarot,Films,RO,Romania,2,7,2026-06-14,2026-06-21
Tarot,tarot,Films,RS,Serbia,1,10,2026-03-22,2026-03-22
Tarot,tarot,Films,SG,Singapore,2,6,2024-09-15,2024-09-22
Tarot,tarot,Films,SK,Slovakia,1,6,2026-03-22,2026-03-22
Tarot,tarot,Films,SI,Slovenia,1,5,2026-03-22,2026-03-22
Tarot,tarot,Films,ZA,South Africa,2,5,2024-11-17,2024-11-24
Tarot,tarot,Films,KR,South Korea,5,2,2025-03-09,2025-11-02
Tarot,tarot,Films,ES,Spain,2,6,2025-11-30,2025-12-07
Tarot,tarot,Films,LK,Sri Lanka,2,5,2024-09-22,2024-09-29
Tarot,tarot,Films,SE,Sweden,1,9,2026-01-04,2026-01-04
Tarot,tarot,Films,CH,Switzerland,1,7,2024-11-24,2024-11-24
Tarot,tarot,Films,TW,Taiwan,2,8,2024-09-22,2024-09-29
Tarot,tarot,Films,TH,Thailand,1,8,2024-09-22,2024-09-22
Tarot,tarot,Films,GB,United Kingdom,1,2,2026-02-22,2026-02-22
Tarot,tarot,Films,US,United States,2,5,2024-08-04,2024-08-11
Tarot,tarot,Films,VN,Vietnam,2,3,2024-09-22,2024-09-29
Tastefully Yours,tastefully-yours,TV,AR,Argentina,4,6,2025-05-18,2025-06-08
Tastefully Yours,tastefully-yours,TV,BH,Bahrain,5,3,2025-05-18,2025-06-15
Tastefully Yours,tastefully-yours,TV,BD,Bangladesh,5,3,2025-05-18,2025-06-15
Tastefully Yours,tastefully-yours,TV,BO,Bolivia,7,1,2025-05-18,2025-07-06
Tastefully Yours,tastefully-yours,TV,BR,Brazil,5,1,2025-05-18,2025-06-15
Tastefully Yours,tastefully-yours,TV,CL,Chile,5,2,2025-05-18,2025-06-15
Tastefully Yours,tastefully-yours,TV,CO,Colombia,5,2,2025-05-18,2025-06-15
Tastefully Yours,tastefully-yours,TV,CR,Costa Rica,5,3,2025-05-18,2025-06-15
Tastefully Yours,tastefully-yours,TV,DO,Dominican Republic,5,1,2025-05-18,2025-06-15
Tastefully Yours,tastefully-yours,TV,EC,Ecuador,6,2,2025-05-18,2025-06-22
Tastefully Yours,tastefully-yours,TV,EG,Egypt,5,5,2025-05-18,2025-06-15
Tastefully Yours,tastefully-yours,TV,SV,El Salvador,6,1,2025-05-18,2025-06-22
Tastefully Yours,tastefully-yours,TV,GR,Greece,3,7,2025-05-18,2025-06-08
Tastefully Yours,tastefully-yours,TV,GT,Guatemala,6,2,2025-05-18,2025-06-22
Tastefully Yours,tastefully-yours,TV,HN,Honduras,6,1,2025-05-18,2025-06-22
Tastefully Yours,tastefully-yours,TV,HK,Hong Kong,7,1,2025-05-18,2025-06-29
Tastefully Yours,tastefully-yours,TV,IN,India,5,3,2025-05-18,2025-06-15
Tastefully Yours,tastefully-yours,TV,ID,Indonesia,8,1,2025-05-18,2025-07-06
Tastefully Yours,tastefully-yours,TV,IL,Israel,1,8,2025-05-18,2025-05-18
Tastefully Yours,tastefully-yours,TV,JP,Japan,5,2,2025-05-18,2025-06-15
Tastefully Yours,tastefully-yours,TV,JO,Jordan,5,3,2025-05-18,2025-06-15
Tastefully Yours,tastefully-yours,TV,KW,Kuwait,5,3,2025-05-18,2025-06-15
Tastefully Yours,tastefully-yours,TV,LB,Lebanon,1,9,2025-05-18,2025-05-18
Tastefully Yours,tastefully-yours,TV,MY,Malaysia,7,1,2025-05-18,2025-06-29
Tastefully Yours,tastefully-yours,TV,MV,Maldives,5,3,2025-05-18,2025-06-15
Tastefully Yours,tastefully-yours,TV,MU,Mauritius,1,8,2025-05-18,2025-05-18
Tastefully Yours,tastefully-yours,TV,MX,Mexico,5,2,2025-05-18,2025-06-15
Tastefully Yours,tastefully-yours,TV,MA,Morocco,5,6,2025-05-18,2025-06-15
Tastefully Yours,tastefully-yours,TV,NC,New Caledonia,1,8,2025-05-18,2025-05-18
Tastefully Yours,tastefully-yours,TV,NZ,New Zealand,1,10,2025-05-18,2025-05-18
Tastefully Yours,tastefully-yours,TV,NI,Nicaragua,6,1,2025-05-18,2025-06-22
Tastefully Yours,tastefully-yours,TV,NG,Nigeria,1,9,2025-05-18,2025-05-18
Tastefully Yours,tastefully-yours,TV,OM,Oman,6,2,2025-05-18,2025-06-22
Tastefully Yours,tastefully-yours,TV,PK,Pakistan,1,8,2025-05-18,2025-05-18
Tastefully Yours,tastefully-yours,TV,PA,Panama,5,2,2025-05-18,2025-06-15
Tastefully Yours,tastefully-yours,TV,PY,Paraguay,5,2,2025-05-18,2025-06-15
Tastefully Yours,tastefully-yours,TV,PE,Peru,7,1,2025-05-18,2025-07-06
Tastefully Yours,tastefully-yours,TV,PH,Philippines,6,1,2025-05-18,2025-06-22
Tastefully Yours,tastefully-yours,TV,PT,Portugal,4,6,2025-05-18,2025-06-08
Tastefully Yours,tastefully-yours,TV,QA,Qatar,6,3,2025-05-18,2025-06-22
Tastefully Yours,tastefully-yours,TV,RE,Réunion,1,8,2025-05-18,2025-05-18
Tastefully Yours,tastefully-yours,TV,RO,Romania,4,4,2025-05-18,2025-06-08
Tastefully Yours,tastefully-yours,TV,SA,Saudi Arabia,6,2,2025-05-18,2025-06-22
Tastefully Yours,tastefully-yours,TV,SG,Singapore,6,1,2025-05-18,2025-06-22
Tastefully Yours,tastefully-yours,TV,KR,South Korea,6,1,2025-05-18,2025-06-22
Tastefully Yours,tastefully-yours,TV,ES,Spain,1,10,2025-06-01,2025-06-01
Tastefully Yours,tastefully-yours,TV,LK,Sri Lanka,5,4,2025-05-18,2025-06-15
Tastefully Yours,tastefully-yours,TV,TW,Taiwan,6,1,2025-05-18,2025-06-22
Tastefully Yours,tastefully-yours,TV,TH,Thailand,5,1,2025-05-18,2025-06-15
Tastefully Yours,tastefully-yours,TV,TR,Turkey,1,8,2025-05-18,2025-05-18
Tastefully Yours,tastefully-yours,TV,AE,United Arab Emirates,5,3,2025-05-18,2025-06-15
Tastefully Yours,tastefully-yours,TV,UY,Uruguay,1,8,2025-05-18,2025-05-18
Tastefully Yours,tastefully-yours,TV,VE,Venezuela,6,1,2025-05-18,2025-06-22
Tastefully Yours,tastefully-yours,TV,VN,Vietnam,7,1,2025-05-18,2025-06-29
Taxi Driver,taxi-driver,TV,BH,Bahrain,3,5,2023-02-05,2023-06-11
Taxi Driver,taxi-driver,TV,EG,Egypt,1,7,2023-02-05,2023-02-05
Taxi Driver,taxi-driver,TV,HK,Hong Kong,4,3,2023-06-04,2023-06-25
Taxi Driver,taxi-driver,TV,ID,Indonesia,20,3,2022-01-16,2023-05-14
Taxi Driver,taxi-driver,TV,JO,Jordan,3,5,2023-02-05,2023-06-11
Taxi Driver,taxi-driver,TV,KE,Kenya,3,4,2022-01-09,2022-01-23
Taxi Driver,taxi-driver,TV,KW,Kuwait,3,5,2023-02-05,2023-06-11
Taxi Driver,taxi-driver,TV,LB,Lebanon,2,8,2023-02-05,2023-06-11
Taxi Driver,taxi-driver,TV,MY,Malaysia,18,1,2022-01-02,2023-04-09
Taxi Driver,taxi-driver,TV,MV,Maldives,3,6,2022-01-09,2022-01-23
Taxi Driver,taxi-driver,TV,NG,Nigeria,4,3,2022-01-09,2022-01-30
Taxi Driver,taxi-driver,TV,OM,Oman,2,5,2023-06-04,2023-06-11
Taxi Driver,taxi-driver,TV,PH,Philippines,6,2,2022-01-02,2022-02-06
Taxi Driver,taxi-driver,TV,QA,Qatar,3,5,2023-02-05,2023-06-11
Taxi Driver,taxi-driver,TV,SA,Saudi Arabia,3,5,2023-02-05,2023-06-11
Taxi Driver,taxi-driver,TV,SG,Singapore,8,2,2022-01-02,2022-02-20
Taxi Driver,taxi-driver,TV,KR,South Korea,16,1,2025-07-06,2026-01-18
Taxi Driver,taxi-driver,TV,LK,Sri Lanka,2,8,2022-01-09,2022-01-16
Taxi Driver,taxi-driver,TV,TW,Taiwan,4,4,2024-06-09,2024-06-30
Taxi Driver,taxi-driver,TV,TH,Thailand,8,1,2022-01-02,2023-02-26
Taxi Driver,taxi-driver,TV,AE,United Arab Emirates,2,6,2023-06-04,2023-06-11
Taxi Driver,taxi-driver,TV,VN,Vietnam,23,1,2022-01-02,2023-05-28
Tazza: One Eyed Jack,tazza-one-eyed-jack,Films,KR,South Korea,1,7,2022-10-09,2022-10-09
Tazza: The Hidden Card,tazza-the-hidden-card,Films,JP,Japan,1,10,2023-07-16,2023-07-16
Tazza: The Hidden Card,tazza-the-hidden-card,Films,KR,South Korea,3,5,2022-09-25,2022-10-09
Tazza: The High Rollers,tazza-the-high-rollers,Films,KR,South Korea,2,9,2023-05-07,2023-05-14
Temptation,temptation,TV,PL,Poland,2,3,2025-05-25,2025-06-01
That Night,that-night,TV,AR,Argentina,4,1,2026-03-15,2026-04-05
That Night,that-night,TV,AT,Austria,2,3,2026-03-15,2026-03-22
That Night,that-night,TV,BE,Belgium,1,5,2026-03-22,2026-03-22
That Night,that-night,TV,BO,Bolivia,2,4,2026-03-15,2026-03-22
That Night,that-night,TV,BR,Brazil,2,8,2026-03-15,2026-03-22
That Night,that-night,TV,CL,Chile,3,3,2026-03-15,2026-03-29
That Night,that-night,TV,CO,Colombia,3,2,2026-03-15,2026-03-29
That Night,that-night,TV,CR,Costa Rica,3,3,2026-03-15,2026-03-29
That Night,that-night,TV,HR,Croatia,1,5,2026-03-22,2026-03-22
That Night,that-night,TV,CY,Cyprus,2,3,2026-03-15,2026-03-22
That Night,that-night,TV,CZ,Czech Republic,2,3,2026-03-15,2026-03-22
That Night,that-night,TV,DO,Dominican Republic,4,1,2026-03-15,2026-04-05
That Night,that-night,TV,EC,Ecuador,3,2,2026-03-15,2026-03-29
That Night,that-night,TV,SV,El Salvador,3,3,2026-03-15,2026-03-29
That Night,that-night,TV,FR,France,2,5,2026-03-15,2026-03-22
That Night,that-night,TV,DE,Germany,2,3,2026-03-15,2026-03-22
That Night,that-night,TV,GR,Greece,2,5,2026-03-15,2026-03-22
That Night,that-night,TV,GP,Guadeloupe,2,4,2026-03-15,2026-03-22
That Night,that-night,TV,GT,Guatemala,3,2,2026-03-15,2026-03-29
That Night,that-night,TV,HN,Honduras,3,3,2026-03-15,2026-03-29
That Night,that-night,TV,HU,Hungary,2,3,2026-03-15,2026-03-22
That Night,that-night,TV,IT,Italy,3,2,2026-03-15,2026-03-29
That Night,that-night,TV,KE,Kenya,1,10,2026-03-15,2026-03-15
That Night,that-night,TV,LB,Lebanon,1,7,2026-03-22,2026-03-22
That Night,that-night,TV,LU,Luxembourg,2,3,2026-03-15,2026-03-22
That Night,that-night,TV,MT,Malta,1,3,2026-03-22,2026-03-22
That Night,that-night,TV,MQ,Martinique,2,4,2026-03-15,2026-03-22
That Night,that-night,TV,MU,Mauritius,2,4,2026-03-15,2026-03-22
That Night,that-night,TV,MX,Mexico,2,4,2026-03-15,2026-03-22
That Night,that-night,TV,MA,Morocco,2,4,2026-03-15,2026-03-22
That Night,that-night,TV,NC,New Caledonia,1,6,2026-03-22,2026-03-22
That Night,that-night,TV,NI,Nicaragua,3,3,2026-03-15,2026-03-29
That Night,that-night,TV,OM,Oman,1,9,2026-03-22,2026-03-22
That Night,that-night,TV,PA,Panama,3,2,2026-03-15,2026-03-29
That Night,that-night,TV,PY,Paraguay,3,2,2026-03-15,2026-03-29
That Night,that-night,TV,PE,Peru,2,5,2026-03-15,2026-03-22
That Night,that-night,TV,PL,Poland,2,4,2026-03-15,2026-03-22
That Night,that-night,TV,PT,Portugal,3,2,2026-03-15,2026-03-29
That Night,that-night,TV,RE,Réunion,2,4,2026-03-15,2026-03-22
That Night,that-night,TV,RO,Romania,2,6,2026-03-15,2026-03-22
That Night,that-night,TV,SA,Saudi Arabia,1,9,2026-03-22,2026-03-22
That Night,that-night,TV,RS,Serbia,3,1,2026-03-15,2026-03-29
That Night,that-night,TV,SK,Slovakia,2,2,2026-03-15,2026-03-22
That Night,that-night,TV,SI,Slovenia,1,9,2026-03-22,2026-03-22
That Night,that-night,TV,ES,Spain,5,1,2026-03-15,2026-04-12
That Night,that-night,TV,CH,Switzerland,3,3,2026-03-15,2026-03-29
That Night,that-night,TV,TR,Turkey,1,10,2026-03-22,2026-03-22
That Night,that-night,TV,UA,Ukraine,3,1,2026-03-15,2026-03-29
That Night,that-night,TV,UY,Uruguay,4,1,2026-03-15,2026-04-05
That Night,that-night,TV,VE,Venezuela,3,2,2026-03-15,2026-03-29
The 8 Show,the-8-show,TV,AR,Argentina,1,9,2024-05-26,2024-05-26
The 8 Show,the-8-show,TV,AT,Austria,2,6,2024-05-26,2024-06-02
The 8 Show,the-8-show,TV,BH,Bahrain,2,3,2024-05-26,2024-06-02
The 8 Show,the-8-show,TV,BD,Bangladesh,2,4,2024-05-26,2024-06-02
The 8 Show,the-8-show,TV,BE,Belgium,1,6,2024-05-26,2024-05-26
The 8 Show,the-8-show,TV,BO,Bolivia,2,4,2024-05-26,2024-06-02
The 8 Show,the-8-show,TV,BR,Brazil,1,10,2024-05-26,2024-05-26
The 8 Show,the-8-show,TV,BG,Bulgaria,1,7,2024-05-26,2024-05-26
The 8 Show,the-8-show,TV,CL,Chile,1,10,2024-05-26,2024-05-26
The 8 Show,the-8-show,TV,CO,Colombia,1,6,2024-05-26,2024-05-26
The 8 Show,the-8-show,TV,CR,Costa Rica,1,9,2024-05-26,2024-05-26
The 8 Show,the-8-show,TV,CZ,Czech Republic,4,4,2024-05-19,2025-01-05
The 8 Show,the-8-show,TV,DO,Dominican Republic,1,4,2024-05-26,2024-05-26
The 8 Show,the-8-show,TV,EC,Ecuador,1,8,2024-05-26,2024-05-26
The 8 Show,the-8-show,TV,EG,Egypt,3,3,2024-05-26,2024-06-09
The 8 Show,the-8-show,TV,SV,El Salvador,1,9,2024-05-26,2024-05-26
The 8 Show,the-8-show,TV,EE,Estonia,1,8,2024-05-26,2024-05-26
The 8 Show,the-8-show,TV,FI,Finland,1,8,2024-05-26,2024-05-26
The 8 Show,the-8-show,TV,FR,France,2,2,2024-05-26,2024-06-02
The 8 Show,the-8-show,TV,DE,Germany,2,4,2024-05-26,2024-06-02
The 8 Show,the-8-show,TV,GR,Greece,1,10,2024-05-26,2024-05-26
The 8 Show,the-8-show,TV,GP,Guadeloupe,1,3,2024-05-26,2024-05-26
The 8 Show,the-8-show,TV,GT,Guatemala,1,8,2024-05-26,2024-05-26
The 8 Show,the-8-show,TV,HN,Honduras,1,5,2024-05-26,2024-05-26
The 8 Show,the-8-show,TV,HK,Hong Kong,5,1,2024-05-19,2024-06-16
The 8 Show,the-8-show,TV,HU,Hungary,1,4,2024-05-26,2024-05-26
The 8 Show,the-8-show,TV,IN,India,2,6,2024-05-26,2024-06-02
The 8 Show,the-8-show,TV,ID,Indonesia,5,1,2024-05-19,2024-06-16
The 8 Show,the-8-show,TV,IT,Italy,3,4,2024-05-26,2024-06-09
The 8 Show,the-8-show,TV,JO,Jordan,4,2,2024-05-26,2024-06-16
The 8 Show,the-8-show,TV,KE,Kenya,1,10,2024-05-26,2024-05-26
The 8 Show,the-8-show,TV,KW,Kuwait,4,3,2024-05-26,2024-06-16
The 8 Show,the-8-show,TV,LV,Latvia,1,7,2024-05-26,2024-05-26
The 8 Show,the-8-show,TV,LB,Lebanon,1,7,2024-05-26,2024-05-26
The 8 Show,the-8-show,TV,LT,Lithuania,1,8,2024-05-26,2024-05-26
The 8 Show,the-8-show,TV,LU,Luxembourg,1,7,2024-05-26,2024-05-26
The 8 Show,the-8-show,TV,MY,Malaysia,4,2,2024-05-19,2024-06-09
The 8 Show,the-8-show,TV,MV,Maldives,1,5,2024-05-26,2024-05-26
The 8 Show,the-8-show,TV,MQ,Martinique,1,2,2024-05-26,2024-05-26
The 8 Show,the-8-show,TV,MU,Mauritius,1,8,2024-05-26,2024-05-26
The 8 Show,the-8-show,TV,MX,Mexico,1,9,2024-05-26,2024-05-26
The 8 Show,the-8-show,TV,MA,Morocco,6,1,2024-05-19,2024-06-23
The 8 Show,the-8-show,TV,NC,New Caledonia,1,5,2024-05-26,2024-05-26
The 8 Show,the-8-show,TV,NI,Nicaragua,1,9,2024-05-26,2024-05-26
The 8 Show,the-8-show,TV,NG,Nigeria,1,6,2024-05-26,2024-05-26
The 8 Show,the-8-show,TV,OM,Oman,3,3,2024-05-26,2024-06-09
The 8 Show,the-8-show,TV,PK,Pakistan,4,2,2024-05-26,2025-01-12
The 8 Show,the-8-show,TV,PY,Paraguay,1,10,2024-05-26,2024-05-26
The 8 Show,the-8-show,TV,PE,Peru,1,5,2024-05-26,2024-05-26
The 8 Show,the-8-show,TV,PH,Philippines,6,3,2024-05-19,2025-01-12
The 8 Show,the-8-show,TV,PL,Poland,1,9,2024-05-26,2024-05-26
The 8 Show,the-8-show,TV,PT,Portugal,1,7,2024-05-26,2024-05-26
The 8 Show,the-8-show,TV,QA,Qatar,2,3,2024-05-26,2024-06-02
The 8 Show,the-8-show,TV,RE,Réunion,1,2,2024-05-26,2024-05-26
The 8 Show,the-8-show,TV,SA,Saudi Arabia,3,2,2024-05-26,2024-06-09
The 8 Show,the-8-show,TV,RS,Serbia,1,8,2024-05-26,2024-05-26
The 8 Show,the-8-show,TV,SG,Singapore,3,3,2024-05-26,2024-06-09
The 8 Show,the-8-show,TV,SK,Slovakia,2,3,2024-05-26,2024-06-02
The 8 Show,the-8-show,TV,KR,South Korea,8,1,2024-05-19,2024-07-07
The 8 Show,the-8-show,TV,ES,Spain,1,9,2024-05-26,2024-05-26
The 8 Show,the-8-show,TV,CH,Switzerland,1,4,2024-05-26,2024-05-26
The 8 Show,the-8-show,TV,TW,Taiwan,5,2,2024-05-19,2024-06-16
The 8 Show,the-8-show,TV,TH,Thailand,3,1,2024-05-19,2024-06-02
The 8 Show,the-8-show,TV,TR,Turkey,6,3,2024-05-19,2024-06-23
The 8 Show,the-8-show,TV,AE,United Arab Emirates,2,4,2024-05-26,2024-06-02
The 8 Show,the-8-show,TV,UY,Uruguay,1,10,2024-05-26,2024-05-26
The 8 Show,the-8-show,TV,VE,Venezuela,1,4,2024-05-26,2024-05-26
The 8 Show,the-8-show,TV,VN,Vietnam,6,1,2024-05-19,2024-06-23
The 8th Night,the-8th-night,Films,HK,Hong Kong,2,3,2021-07-04,2021-07-11
The 8th Night,the-8th-night,Films,ID,Indonesia,2,3,2021-07-04,2021-07-11
The 8th Night,the-8th-night,Films,JP,Japan,2,3,2021-07-04,2021-07-11
The 8th Night,the-8th-night,Films,MY,Malaysia,2,1,2021-07-04,2021-07-11
The 8th Night,the-8th-night,Films,PH,Philippines,2,4,2021-07-04,2021-07-11
The 8th Night,the-8th-night,Films,SG,Singapore,2,4,2021-07-04,2021-07-11
The 8th Night,the-8th-night,Films,KR,South Korea,5,1,2021-07-04,2021-08-01
The 8th Night,the-8th-night,Films,TW,Taiwan,3,2,2021-07-04,2021-07-18
The 8th Night,the-8th-night,Films,TH,Thailand,2,2,2021-07-04,2021-07-11
The 8th Night,the-8th-night,Films,VN,Vietnam,2,5,2021-07-04,2021-07-11
The Accidental Detective 2: In Action,the-accidental-detective-2-in-action,Films,VN,Vietnam,1,7,2021-12-12,2021-12-12
The Aftermath of Murder,the-aftermath-of-murder,Films,KR,South Korea,1,9,2022-07-24,2022-07-24
The Apartment Job,the-apartment-job,TV,BD,Bangladesh,3,8,2026-07-19,2026-08-16
The Apartment Job,the-apartment-job,TV,BO,Bolivia,1,7,2026-07-19,2026-07-19
The Apartment Job,the-apartment-job,TV,HK,Hong Kong,3,7,2026-07-19,2026-08-16
The Apartment Job,the-apartment-job,TV,ID,Indonesia,5,3,2026-07-19,2026-08-16
The Apartment Job,the-apartment-job,TV,JO,Jordan,1,9,2026-07-19,2026-07-19
The Apartment Job,the-apartment-job,TV,KW,Kuwait,1,9,2026-07-19,2026-07-19
The Apartment Job,the-apartment-job,TV,MY,Malaysia,6,3,2026-07-12,2026-08-16
The Apartment Job,the-apartment-job,TV,OM,Oman,1,10,2026-07-19,2026-07-19
The Apartment Job,the-apartment-job,TV,PK,Pakistan,2,8,2026-07-19,2026-08-16
The Apartment Job,the-apartment-job,TV,PE,Peru,3,9,2026-07-19,2026-08-16
The Apartment Job,the-apartment-job,TV,PH,Philippines,5,5,2026-07-19,2026-08-16
The Apartment Job,the-apartment-job,TV,QA,Qatar,1,8,2026-07-19,2026-07-19
The Apartment Job,the-apartment-job,TV,SA,Saudi Arabia,1,9,2026-07-19,2026-07-19
The Apartment Job,the-apartment-job,TV,SG,Singapore,6,3,2026-07-12,2026-08-16
The Apartment Job,the-apartment-job,TV,KR,South Korea,6,3,2026-07-12,2026-08-16
The Apartment Job,the-apartment-job,TV,TW,Taiwan,5,3,2026-07-19,2026-08-16
The Apartment Job,the-apartment-job,TV,TH,Thailand,6,3,2026-07-12,2026-08-16
The Apartment Job,the-apartment-job,TV,AE,United Arab Emirates,1,10,2026-07-19,2026-07-19
The Apartment Job,the-apartment-job,TV,VN,Vietnam,6,3,2026-07-12,2026-08-16
The Art of Sarah,the-art-of-sarah,TV,AU,Australia,1,9,2026-02-22,2026-02-22
The Art of Sarah,the-art-of-sarah,TV,BH,Bahrain,4,1,2026-02-15,2026-03-08
The Art of Sarah,the-art-of-sarah,TV,BD,Bangladesh,5,1,2026-02-15,2026-03-15
The Art of Sarah,the-art-of-sarah,TV,BO,Bolivia,3,1,2026-02-15,2026-03-01
The Art of Sarah,the-art-of-sarah,TV,BR,Brazil,1,4,2026-02-22,2026-02-22
The Art of Sarah,the-art-of-sarah,TV,BG,Bulgaria,1,9,2026-02-22,2026-02-22
The Art of Sarah,the-art-of-sarah,TV,CL,Chile,2,4,2026-02-22,2026-03-01
The Art of Sarah,the-art-of-sarah,TV,CO,Colombia,3,1,2026-02-15,2026-03-01
The Art of Sarah,the-art-of-sarah,TV,CR,Costa Rica,2,5,2026-02-22,2026-03-01
The Art of Sarah,the-art-of-sarah,TV,CY,Cyprus,1,9,2026-02-22,2026-02-22
The Art of Sarah,the-art-of-sarah,TV,CZ,Czech Republic,2,6,2026-02-22,2026-03-01
The Art of Sarah,the-art-of-sarah,TV,DO,Dominican Republic,3,1,2026-02-15,2026-03-01
The Art of Sarah,the-art-of-sarah,TV,EC,Ecuador,3,2,2026-02-15,2026-03-01
The Art of Sarah,the-art-of-sarah,TV,EG,Egypt,3,1,2026-02-15,2026-03-01
The Art of Sarah,the-art-of-sarah,TV,SV,El Salvador,3,2,2026-02-15,2026-03-01
The Art of Sarah,the-art-of-sarah,TV,FR,France,1,9,2026-02-22,2026-02-22
The Art of Sarah,the-art-of-sarah,TV,GR,Greece,1,7,2026-02-22,2026-02-22
The Art of Sarah,the-art-of-sarah,TV,GP,Guadeloupe,2,3,2026-02-22,2026-03-01
The Art of Sarah,the-art-of-sarah,TV,GT,Guatemala,3,1,2026-02-15,2026-03-01
The Art of Sarah,the-art-of-sarah,TV,HN,Honduras,3,1,2026-02-15,2026-03-01
The Art of Sarah,the-art-of-sarah,TV,HK,Hong Kong,7,1,2026-02-15,2026-03-29
The Art of Sarah,the-art-of-sarah,TV,HU,Hungary,1,8,2026-02-22,2026-02-22
The Art of Sarah,the-art-of-sarah,TV,IN,India,3,2,2026-02-15,2026-03-01
The Art of Sarah,the-art-of-sarah,TV,ID,Indonesia,6,1,2026-02-15,2026-03-22
The Art of Sarah,the-art-of-sarah,TV,IT,Italy,1,10,2026-02-22,2026-02-22
The Art of Sarah,the-art-of-sarah,TV,JP,Japan,4,1,2026-02-15,2026-03-08
The Art of Sarah,the-art-of-sarah,TV,JO,Jordan,4,1,2026-02-15,2026-03-08
The Art of Sarah,the-art-of-sarah,TV,KE,Kenya,3,3,2026-02-15,2026-03-01
The Art of Sarah,the-art-of-sarah,TV,KW,Kuwait,4,1,2026-02-15,2026-03-08
The Art of Sarah,the-art-of-sarah,TV,LB,Lebanon,2,4,2026-02-22,2026-03-01
The Art of Sarah,the-art-of-sarah,TV,LU,Luxembourg,1,9,2026-02-22,2026-02-22
The Art of Sarah,the-art-of-sarah,TV,MY,Malaysia,5,1,2026-02-15,2026-03-15
The Art of Sarah,the-art-of-sarah,TV,MV,Maldives,4,1,2026-02-15,2026-03-08
The Art of Sarah,the-art-of-sarah,TV,MQ,Martinique,2,3,2026-02-22,2026-03-01
The Art of Sarah,the-art-of-sarah,TV,MU,Mauritius,2,2,2026-02-22,2026-03-01
The Art of Sarah,the-art-of-sarah,TV,MX,Mexico,3,1,2026-02-15,2026-03-01
The Art of Sarah,the-art-of-sarah,TV,MA,Morocco,4,1,2026-02-15,2026-03-08
The Art of Sarah,the-art-of-sarah,TV,NC,New Caledonia,1,4,2026-02-22,2026-02-22
The Art of Sarah,the-art-of-sarah,TV,NZ,New Zealand,1,9,2026-02-22,2026-02-22
The Art of Sarah,the-art-of-sarah,TV,NI,Nicaragua,3,1,2026-02-15,2026-03-01
The Art of Sarah,the-art-of-sarah,TV,NG,Nigeria,5,1,2026-02-15,2026-03-15
The Art of Sarah,the-art-of-sarah,TV,OM,Oman,4,1,2026-02-15,2026-03-08
The Art of Sarah,the-art-of-sarah,TV,PK,Pakistan,5,1,2026-02-15,2026-03-15
The Art of Sarah,the-art-of-sarah,TV,PA,Panama,2,2,2026-02-22,2026-03-01
The Art of Sarah,the-art-of-sarah,TV,PY,Paraguay,3,3,2026-02-15,2026-03-01
The Art of Sarah,the-art-of-sarah,TV,PE,Peru,3,1,2026-02-15,2026-03-01
The Art of Sarah,the-art-of-sarah,TV,PH,Philippines,5,1,2026-02-15,2026-03-15
The Art of Sarah,the-art-of-sarah,TV,PL,Poland,1,8,2026-02-22,2026-02-22
The Art of Sarah,the-art-of-sarah,TV,PT,Portugal,1,9,2026-02-22,2026-02-22
The Art of Sarah,the-art-of-sarah,TV,QA,Qatar,4,1,2026-02-15,2026-03-08
The Art of Sarah,the-art-of-sarah,TV,RE,Réunion,2,2,2026-02-22,2026-03-01
The Art of Sarah,the-art-of-sarah,TV,RO,Romania,1,6,2026-02-22,2026-02-22
The Art of Sarah,the-art-of-sarah,TV,SA,Saudi Arabia,4,1,2026-02-15,2026-03-08
The Art of Sarah,the-art-of-sarah,TV,SG,Singapore,5,1,2026-02-15,2026-03-15
The Art of Sarah,the-art-of-sarah,TV,SK,Slovakia,2,6,2026-02-22,2026-03-01
The Art of Sarah,the-art-of-sarah,TV,ZA,South Africa,1,10,2026-02-22,2026-02-22
The Art of Sarah,the-art-of-sarah,TV,KR,South Korea,7,1,2026-02-15,2026-03-29
The Art of Sarah,the-art-of-sarah,TV,LK,Sri Lanka,4,1,2026-02-15,2026-03-08
The Art of Sarah,the-art-of-sarah,TV,CH,Switzerland,1,10,2026-02-22,2026-02-22
The Art of Sarah,the-art-of-sarah,TV,TW,Taiwan,8,1,2026-02-15,2026-04-05
The Art of Sarah,the-art-of-sarah,TV,TH,Thailand,5,1,2026-02-15,2026-03-15
The Art of Sarah,the-art-of-sarah,TV,TR,Turkey,5,2,2026-02-22,2026-03-29
The Art of Sarah,the-art-of-sarah,TV,AE,United Arab Emirates,4,1,2026-02-15,2026-03-08
The Art of Sarah,the-art-of-sarah,TV,VE,Venezuela,3,1,2026-02-15,2026-03-01
The Art of Sarah,the-art-of-sarah,TV,VN,Vietnam,7,1,2026-02-15,2026-03-29
The Assassin,the-assassin,Films,VN,Vietnam,2,3,2023-07-23,2023-07-30
The Atypical Family,the-atypical-family,TV,BH,Bahrain,4,7,2024-05-12,2024-06-02
The Atypical Family,the-atypical-family,TV,BD,Bangladesh,5,8,2024-05-12,2024-06-16
The Atypical Family,the-atypical-family,TV,BO,Bolivia,6,2,2024-06-02,2024-07-07
The Atypical Family,the-atypical-family,TV,BR,Brazil,3,7,2024-06-02,2024-06-16
The Atypical Family,the-atypical-family,TV,CL,Chile,5,9,2024-06-02,2024-07-07
The Atypical Family,the-atypical-family,TV,CO,Colombia,4,7,2024-06-02,2024-06-23
The Atypical Family,the-atypical-family,TV,CR,Costa Rica,2,9,2024-06-16,2024-06-23
The Atypical Family,the-atypical-family,TV,DO,Dominican Republic,5,3,2024-06-02,2024-06-30
The Atypical Family,the-atypical-family,TV,EC,Ecuador,6,5,2024-06-02,2024-07-07
The Atypical Family,the-atypical-family,TV,EG,Egypt,1,9,2024-05-26,2024-05-26
The Atypical Family,the-atypical-family,TV,SV,El Salvador,6,4,2024-06-02,2024-07-07
The Atypical Family,the-atypical-family,TV,GT,Guatemala,6,5,2024-06-02,2024-07-07
The Atypical Family,the-atypical-family,TV,HN,Honduras,6,5,2024-06-02,2024-07-07
The Atypical Family,the-atypical-family,TV,HK,Hong Kong,6,4,2024-05-12,2024-06-16
The Atypical Family,the-atypical-family,TV,ID,Indonesia,8,1,2024-05-05,2024-06-23
The Atypical Family,the-atypical-family,TV,JP,Japan,2,8,2024-05-12,2024-05-19
The Atypical Family,the-atypical-family,TV,JO,Jordan,3,7,2024-05-19,2024-06-16
The Atypical Family,the-atypical-family,TV,KW,Kuwait,5,5,2024-05-12,2024-06-09
The Atypical Family,the-atypical-family,TV,MY,Malaysia,6,1,2024-05-12,2024-06-16
The Atypical Family,the-atypical-family,TV,MV,Maldives,6,5,2024-05-12,2024-06-16
The Atypical Family,the-atypical-family,TV,MX,Mexico,4,8,2024-06-02,2024-06-23
The Atypical Family,the-atypical-family,TV,MA,Morocco,3,8,2024-05-12,2024-05-26
The Atypical Family,the-atypical-family,TV,NI,Nicaragua,6,4,2024-06-02,2024-07-07
The Atypical Family,the-atypical-family,TV,NG,Nigeria,6,7,2024-05-12,2024-06-16
The Atypical Family,the-atypical-family,TV,OM,Oman,6,4,2024-05-12,2024-06-16
The Atypical Family,the-atypical-family,TV,PA,Panama,3,9,2024-06-09,2024-06-23
The Atypical Family,the-atypical-family,TV,PY,Paraguay,6,6,2024-06-02,2024-07-07
The Atypical Family,the-atypical-family,TV,PE,Peru,7,3,2024-06-02,2024-07-14
The Atypical Family,the-atypical-family,TV,PH,Philippines,7,2,2024-05-12,2024-06-23
The Atypical Family,the-atypical-family,TV,QA,Qatar,6,5,2024-05-12,2024-06-16
The Atypical Family,the-atypical-family,TV,SA,Saudi Arabia,6,4,2024-05-12,2024-06-16
The Atypical Family,the-atypical-family,TV,SG,Singapore,7,3,2024-05-12,2024-06-23
The Atypical Family,the-atypical-family,TV,KR,South Korea,8,1,2024-05-05,2024-06-23
The Atypical Family,the-atypical-family,TV,LK,Sri Lanka,3,8,2024-05-12,2024-06-16
The Atypical Family,the-atypical-family,TV,TW,Taiwan,6,6,2024-05-12,2024-06-16
The Atypical Family,the-atypical-family,TV,TH,Thailand,6,3,2024-05-12,2024-06-16
The Atypical Family,the-atypical-family,TV,AE,United Arab Emirates,5,7,2024-05-12,2024-06-16
The Atypical Family,the-atypical-family,TV,VE,Venezuela,3,7,2024-06-02,2024-06-23
The Atypical Family,the-atypical-family,TV,VN,Vietnam,7,3,2024-05-12,2024-06-23
The Auditors,the-auditors,TV,ID,Indonesia,2,4,2024-12-22,2024-12-29
The Auditors,the-auditors,TV,MY,Malaysia,1,7,2024-12-22,2024-12-22
The Auditors,the-auditors,TV,SG,Singapore,2,6,2024-12-15,2024-12-22
The Auditors,the-auditors,TV,KR,South Korea,1,10,2026-08-16,2026-08-16
The Auditors,the-auditors,TV,VN,Vietnam,1,8,2025-01-12,2025-01-12
The Bad Guys: Reign of Chaos,the-bad-guys-reign-of-chaos,Films,KR,South Korea,2,5,2023-01-01,2023-01-08
The Bad Guys: Reign of Chaos,the-bad-guys-reign-of-chaos,Films,TW,Taiwan,3,3,2022-10-23,2022-11-06
The Battle of Jangsari,the-battle-of-jangsari,Films,KR,South Korea,2,5,2025-01-26,2025-02-02
The Battle of Jangsari,the-battle-of-jangsari,Films,VN,Vietnam,2,7,2022-03-13,2022-03-20
The Battle: Roar to Victory,the-battle-roar-to-victory,Films,KR,South Korea,4,5,2021-08-22,2023-09-17
The Battleship Island,the-battleship-island,Films,MY,Malaysia,3,5,2023-01-08,2023-01-22
The Battleship Island,the-battleship-island,Films,PH,Philippines,1,7,2026-04-05,2026-04-05
The Battleship Island,the-battleship-island,Films,SG,Singapore,2,7,2023-01-08,2023-01-15
The Beast,the-beast,Films,BS,Bahamas,1,10,2024-02-04,2024-02-04
The Beast,the-beast,Films,KR,South Korea,3,1,2026-05-03,2026-05-17
The Beast,the-beast,Films,TH,Thailand,1,4,2024-01-07,2024-01-07
The Bequeathed,the-bequeathed,TV,BS,Bahamas,1,8,2024-01-28,2024-01-28
The Bequeathed,the-bequeathed,TV,BH,Bahrain,1,7,2024-01-28,2024-01-28
The Bequeathed,the-bequeathed,TV,BD,Bangladesh,1,7,2024-01-28,2024-01-28
The Bequeathed,the-bequeathed,TV,FR,France,1,7,2024-01-28,2024-01-28
The Bequeathed,the-bequeathed,TV,GP,Guadeloupe,1,6,2024-01-28,2024-01-28
The Bequeathed,the-bequeathed,TV,HK,Hong Kong,3,3,2024-01-21,2024-02-04
The Bequeathed,the-bequeathed,TV,IN,India,1,8,2024-01-28,2024-01-28
The Bequeathed,the-bequeathed,TV,ID,Indonesia,3,3,2024-01-21,2024-02-04
The Bequeathed,the-bequeathed,TV,KW,Kuwait,1,7,2024-01-28,2024-01-28
The Bequeathed,the-bequeathed,TV,MY,Malaysia,3,2,2024-01-21,2024-02-04
The Bequeathed,the-bequeathed,TV,MQ,Martinique,1,6,2024-01-28,2024-01-28
The Bequeathed,the-bequeathed,TV,MA,Morocco,1,10,2024-01-28,2024-01-28
The Bequeathed,the-bequeathed,TV,NC,New Caledonia,1,6,2024-01-28,2024-01-28
The Bequeathed,the-bequeathed,TV,OM,Oman,1,7,2024-01-28,2024-01-28
The Bequeathed,the-bequeathed,TV,PK,Pakistan,1,8,2024-01-28,2024-01-28
The Bequeathed,the-bequeathed,TV,PH,Philippines,2,4,2024-01-21,2024-01-28
The Bequeathed,the-bequeathed,TV,PL,Poland,1,10,2024-01-28,2024-01-28
The Bequeathed,the-bequeathed,TV,QA,Qatar,2,6,2024-01-21,2024-01-28
The Bequeathed,the-bequeathed,TV,RE,Réunion,1,7,2024-01-28,2024-01-28
The Bequeathed,the-bequeathed,TV,RO,Romania,1,10,2024-01-28,2024-01-28
The Bequeathed,the-bequeathed,TV,SA,Saudi Arabia,2,6,2024-01-28,2024-02-04
The Bequeathed,the-bequeathed,TV,SG,Singapore,3,1,2024-01-21,2024-02-04
The Bequeathed,the-bequeathed,TV,KR,South Korea,5,1,2024-01-21,2024-02-18
The Bequeathed,the-bequeathed,TV,ES,Spain,1,6,2024-01-28,2024-01-28
The Bequeathed,the-bequeathed,TV,TW,Taiwan,3,1,2024-01-21,2024-02-04
The Bequeathed,the-bequeathed,TV,TH,Thailand,4,1,2024-01-21,2024-02-11
The Bequeathed,the-bequeathed,TV,TR,Turkey,1,6,2024-01-28,2024-01-28
The Bequeathed,the-bequeathed,TV,AE,United Arab Emirates,1,7,2024-01-28,2024-01-28
The Bequeathed,the-bequeathed,TV,VN,Vietnam,3,1,2024-01-21,2024-02-04
The Berlin File,the-berlin-file,Films,HK,Hong Kong,1,8,2026-04-05,2026-04-05
The Berlin File,the-berlin-file,Films,VN,Vietnam,1,10,2021-09-12,2021-09-12
The Book of Fish,the-book-of-fish,Films,KR,South Korea,2,4,2022-05-29,2022-06-05
The Boy Next Door,the-boy-next-door,Films,BH,Bahrain,1,9,2022-01-16,2022-01-16
The Boy Next Door,the-boy-next-door,Films,KE,Kenya,1,7,2022-01-16,2022-01-16
The Boy Next Door,the-boy-next-door,Films,LB,Lebanon,2,8,2022-01-09,2022-01-16
The Boy Next Door,the-boy-next-door,Films,MU,Mauritius,1,6,2022-01-16,2022-01-16
The Boy Next Door,the-boy-next-door,Films,MA,Morocco,1,8,2022-01-09,2022-01-09
The Boy Next Door,the-boy-next-door,Films,ZA,South Africa,1,8,2022-01-16,2022-01-16
The Boy Next Door,the-boy-next-door,Films,US,United States,1,10,2024-07-28,2024-07-28
The Boys,the-boys,Films,KR,South Korea,5,3,2024-10-20,2024-11-17
The Cave,the-cave,Films,JP,Japan,1,10,2022-06-12,2022-06-12
The Cave,the-cave,Films,MU,Mauritius,1,9,2022-10-23,2022-10-23
The Cave,the-cave,Films,RE,Réunion,1,10,2022-10-23,2022-10-23
The Cave,the-cave,Films,GB,United Kingdom,2,8,2026-07-05,2026-07-12
The Childe,the-childe,Films,KR,South Korea,4,4,2026-03-22,2026-04-12
The Childe,the-childe,Films,TH,Thailand,4,1,2023-12-17,2024-01-07
The Closet,the-closet,Films,TH,Thailand,1,2,2025-03-16,2025-03-16
The Concubine,the-concubine,Films,KR,South Korea,1,7,2023-09-24,2023-09-24
The Crowned Clown,the-crowned-clown,TV,HK,Hong Kong,3,3,2021-08-15,2021-08-29
The Crowned Clown,the-crowned-clown,TV,ID,Indonesia,1,3,2021-08-22,2021-08-22
The Crowned Clown,the-crowned-clown,TV,JP,Japan,1,10,2022-01-09,2022-01-09
The Crowned Clown,the-crowned-clown,TV,MY,Malaysia,2,4,2021-08-15,2021-08-22
The Crowned Clown,the-crowned-clown,TV,NG,Nigeria,3,5,2021-08-15,2021-08-29
The Crowned Clown,the-crowned-clown,TV,PH,Philippines,2,8,2021-08-15,2021-08-22
The Crowned Clown,the-crowned-clown,TV,QA,Qatar,3,6,2021-08-15,2021-08-29
The Crowned Clown,the-crowned-clown,TV,SG,Singapore,2,6,2021-08-22,2021-08-29
The Crowned Clown,the-crowned-clown,TV,KR,South Korea,2,10,2021-08-15,2021-08-22
The Crowned Clown,the-crowned-clown,TV,TW,Taiwan,1,8,2021-08-22,2021-08-22
The Crowned Clown,the-crowned-clown,TV,TH,Thailand,5,1,2021-08-15,2021-09-12
The Crowned Clown,the-crowned-clown,TV,AE,United Arab Emirates,2,8,2021-08-15,2021-08-22
The Culprit,the-culprit,Films,KR,South Korea,3,1,2025-04-27,2025-05-11
The Cursed,the-cursed,Films,HR,Croatia,1,10,2024-07-21,2024-07-21
The Cursed,the-cursed,Films,CZ,Czech Republic,1,3,2024-07-21,2024-07-21
The Cursed,the-cursed,Films,DK,Denmark,1,8,2025-04-20,2025-04-20
The Cursed,the-cursed,Films,FI,Finland,1,4,2025-04-20,2025-04-20
The Cursed,the-cursed,Films,FR,France,2,4,2024-01-07,2024-01-14
The Cursed,the-cursed,Films,GR,Greece,1,9,2024-04-07,2024-04-07
The Cursed,the-cursed,Films,GP,Guadeloupe,2,8,2024-01-07,2024-01-14
The Cursed,the-cursed,Films,HK,Hong Kong,2,9,2022-03-27,2022-04-03
The Cursed,the-cursed,Films,HU,Hungary,1,8,2024-07-21,2024-07-21
The Cursed,the-cursed,Films,IS,Iceland,1,9,2025-04-20,2025-04-20
The Cursed,the-cursed,Films,ID,Indonesia,2,7,2022-03-27,2022-04-03
The Cursed,the-cursed,Films,IE,Ireland,1,10,2024-04-07,2024-04-07
The Cursed,the-cursed,Films,IT,Italy,1,6,2024-04-21,2024-04-21
The Cursed,the-cursed,Films,JP,Japan,1,7,2022-03-27,2022-03-27
The Cursed,the-cursed,Films,MY,Malaysia,3,5,2022-03-20,2022-04-03
The Cursed,the-cursed,Films,MT,Malta,1,10,2024-07-21,2024-07-21
The Cursed,the-cursed,Films,MQ,Martinique,2,7,2024-01-07,2024-01-14
The Cursed,the-cursed,Films,MA,Morocco,1,10,2024-06-09,2024-06-09
The Cursed,the-cursed,Films,NC,New Caledonia,2,4,2024-01-07,2024-01-14
The Cursed,the-cursed,Films,NZ,New Zealand,1,7,2024-04-21,2024-04-21
The Cursed,the-cursed,Films,NG,Nigeria,1,9,2024-12-22,2024-12-22
The Cursed,the-cursed,Films,NO,Norway,1,8,2025-04-20,2025-04-20
The Cursed,the-cursed,Films,OM,Oman,1,7,2024-06-09,2024-06-09
The Cursed,the-cursed,Films,PH,Philippines,1,8,2022-03-27,2022-03-27
The Cursed,the-cursed,Films,PL,Poland,2,5,2024-10-20,2024-10-27
The Cursed,the-cursed,Films,PT,Portugal,1,5,2025-01-19,2025-01-19
The Cursed,the-cursed,Films,QA,Qatar,1,10,2024-06-09,2024-06-09
The Cursed,the-cursed,Films,RE,Réunion,2,5,2024-01-07,2024-01-14
The Cursed,the-cursed,Films,RO,Romania,1,8,2024-07-21,2024-07-21
The Cursed,the-cursed,Films,SG,Singapore,2,6,2022-03-27,2022-04-03
The Cursed,the-cursed,Films,SK,Slovakia,2,6,2024-07-21,2024-07-28
The Cursed,the-cursed,Films,ES,Spain,2,6,2026-01-04,2026-01-11
The Cursed,the-cursed,Films,SE,Sweden,1,8,2025-04-20,2025-04-20
The Cursed,the-cursed,Films,TW,Taiwan,2,9,2022-03-27,2022-04-03
The Cursed,the-cursed,Films,TH,Thailand,1,10,2022-03-27,2022-03-27
The Cursed,the-cursed,Films,UA,Ukraine,2,5,2024-04-21,2024-04-28
The Cursed,the-cursed,Films,GB,United Kingdom,1,10,2024-04-07,2024-04-07
The Cursed,the-cursed,Films,VN,Vietnam,1,8,2022-03-27,2022-03-27
The Day I Died: Unclosed Case,the-day-i-died-unclosed-case,Films,KR,South Korea,4,3,2024-05-05,2024-07-07
The Deal,the-deal,Films,KR,South Korea,2,6,2022-12-11,2022-12-18
The Desperate Chase,the-desperate-chase,Films,KR,South Korea,2,4,2026-03-08,2026-03-15
The Devil Judge,the-devil-judge,TV,ID,Indonesia,3,5,2022-01-02,2022-01-16
The Devil Judge,the-devil-judge,TV,MY,Malaysia,2,4,2022-01-02,2022-01-09
The Devil Judge,the-devil-judge,TV,SG,Singapore,3,4,2022-01-02,2022-01-16
The Devil Judge,the-devil-judge,TV,TH,Thailand,2,7,2022-01-02,2022-01-09
The Devil Judge,the-devil-judge,TV,VN,Vietnam,2,7,2022-01-02,2022-01-09
The Devil's Deal,the-devil-s-deal,Films,KR,South Korea,2,2,2024-05-05,2024-05-12
The Devil's Plan,the-devil-s-plan,TV,BH,Bahrain,1,8,2023-10-01,2023-10-01
The Devil's Plan,the-devil-s-plan,TV,BD,Bangladesh,1,9,2023-10-01,2023-10-01
The Devil's Plan,the-devil-s-plan,TV,HK,Hong Kong,9,1,2023-10-01,2025-06-01
The Devil's Plan,the-devil-s-plan,TV,IN,India,1,8,2023-10-01,2023-10-01
The Devil's Plan,the-devil-s-plan,TV,ID,Indonesia,2,5,2023-10-01,2023-10-08
The Devil's Plan,the-devil-s-plan,TV,JP,Japan,2,7,2023-10-01,2023-10-08
The Devil's Plan,the-devil-s-plan,TV,JO,Jordan,1,9,2023-10-01,2023-10-01
The Devil's Plan,the-devil-s-plan,TV,KW,Kuwait,1,7,2023-10-01,2023-10-01
The Devil's Plan,the-devil-s-plan,TV,MY,Malaysia,2,2,2023-10-01,2023-10-08
The Devil's Plan,the-devil-s-plan,TV,MU,Mauritius,1,7,2023-10-01,2023-10-01
The Devil's Plan,the-devil-s-plan,TV,MA,Morocco,3,4,2023-10-01,2025-05-11
The Devil's Plan,the-devil-s-plan,TV,OM,Oman,1,8,2023-10-01,2023-10-01
The Devil's Plan,the-devil-s-plan,TV,PK,Pakistan,1,5,2023-10-01,2023-10-01
The Devil's Plan,the-devil-s-plan,TV,PH,Philippines,1,7,2023-10-01,2023-10-01
The Devil's Plan,the-devil-s-plan,TV,QA,Qatar,1,10,2023-10-01,2023-10-01
The Devil's Plan,the-devil-s-plan,TV,SA,Saudi Arabia,1,9,2023-10-01,2023-10-01
The Devil's Plan,the-devil-s-plan,TV,SG,Singapore,7,1,2023-10-01,2025-05-25
The Devil's Plan,the-devil-s-plan,TV,KR,South Korea,7,1,2023-10-01,2025-05-25
The Devil's Plan,the-devil-s-plan,TV,TW,Taiwan,7,4,2023-10-01,2025-05-25
The Devil's Plan,the-devil-s-plan,TV,TH,Thailand,4,4,2023-10-01,2025-05-18
The Devil's Plan,the-devil-s-plan,TV,TR,Turkey,1,6,2023-10-01,2023-10-01
The Devil's Plan,the-devil-s-plan,TV,AE,United Arab Emirates,1,7,2023-10-01,2023-10-01
The Devil's Plan,the-devil-s-plan,TV,VN,Vietnam,4,2,2023-10-01,2023-10-22
The Divine Fury,the-divine-fury,Films,JP,Japan,2,2,2022-01-23,2022-01-30
The Divine Fury,the-divine-fury,Films,PH,Philippines,2,4,2022-08-14,2022-08-21
The Divine Fury,the-divine-fury,Films,TH,Thailand,3,2,2022-03-20,2022-04-03
The Divine Fury,the-divine-fury,Films,VN,Vietnam,2,4,2023-10-08,2023-10-15
The Divine Move 2: The Wrathful,the-divine-move-2-the-wrathful,Films,MY,Malaysia,1,8,2021-12-12,2021-12-12
The Dream Life of Mr. Kim,the-dream-life-of-mr-kim,TV,KR,South Korea,8,1,2025-10-26,2025-12-14
The Drug King,the-drug-king,Films,KR,South Korea,2,8,2022-09-25,2022-10-02
The Echoes of Survivors: Inside Korea’s Tragedies,the-echoes-of-survivors-inside-korea-s-tragedies,TV,HK,Hong Kong,2,4,2025-08-17,2025-08-24
The Echoes of Survivors: Inside Korea’s Tragedies,the-echoes-of-survivors-inside-korea-s-tragedies,TV,SG,Singapore,2,9,2025-08-17,2025-08-24
The Echoes of Survivors: Inside Korea’s Tragedies,the-echoes-of-survivors-inside-korea-s-tragedies,TV,KR,South Korea,3,2,2025-08-17,2025-08-31
The Fabulous,the-fabulous,TV,ID,Indonesia,1,9,2023-01-01,2023-01-01
The Fabulous,the-fabulous,TV,PH,Philippines,1,9,2023-01-01,2023-01-01
The Fabulous,the-fabulous,TV,SG,Singapore,1,10,2023-01-01,2023-01-01
The Fabulous,the-fabulous,TV,TH,Thailand,2,10,2023-01-01,2023-01-08
The Face Reader,the-face-reader,Films,KR,South Korea,2,7,2026-03-01,2026-03-08
The Favor,the-favor,Films,KR,South Korea,2,5,2026-07-05,2026-07-12
The Fiery Priest,the-fiery-priest,TV,KR,South Korea,1,6,2025-02-16,2025-02-16
The Fiery Priest,the-fiery-priest,TV,VN,Vietnam,1,10,2021-08-22,2021-08-22
The Five,the-five,Films,KR,South Korea,2,4,2024-06-02,2024-06-09
The Fortress,the-fortress,Films,JO,Jordan,1,10,2024-05-05,2024-05-05
The Fortress,the-fortress,Films,LB,Lebanon,1,3,2024-05-05,2024-05-05
The Fortress,the-fortress,Films,SA,Saudi Arabia,1,9,2024-05-05,2024-05-05
The Frog,the-frog,TV,BH,Bahrain,2,7,2024-08-25,2024-09-01
The Frog,the-frog,TV,BD,Bangladesh,4,2,2024-08-25,2024-09-15
The Frog,the-frog,TV,BO,Bolivia,1,8,2024-09-01,2024-09-01
The Frog,the-frog,TV,CO,Colombia,1,9,2024-09-01,2024-09-01
The Frog,the-frog,TV,CR,Costa Rica,1,10,2024-09-01,2024-09-01
The Frog,the-frog,TV,DO,Dominican Republic,1,9,2024-09-01,2024-09-01
The Frog,the-frog,TV,SV,El Salvador,1,7,2024-09-01,2024-09-01
The Frog,the-frog,TV,GP,Guadeloupe,1,10,2024-09-01,2024-09-01
The Frog,the-frog,TV,HN,Honduras,1,7,2024-09-01,2024-09-01
The Frog,the-frog,TV,HK,Hong Kong,5,3,2024-08-25,2024-09-22
The Frog,the-frog,TV,IN,India,2,5,2024-08-25,2024-09-01
The Frog,the-frog,TV,ID,Indonesia,5,2,2024-08-25,2024-09-22
The Frog,the-frog,TV,JP,Japan,1,4,2024-09-01,2024-09-01
The Frog,the-frog,TV,JO,Jordan,1,8,2024-09-01,2024-09-01
The Frog,the-frog,TV,KW,Kuwait,2,5,2024-08-25,2024-09-01
The Frog,the-frog,TV,MY,Malaysia,4,1,2024-08-25,2024-09-15
The Frog,the-frog,TV,MV,Maldives,1,3,2024-09-01,2024-09-01
The Frog,the-frog,TV,MQ,Martinique,1,10,2024-09-01,2024-09-01
The Frog,the-frog,TV,MX,Mexico,1,10,2024-09-01,2024-09-01
The Frog,the-frog,TV,MA,Morocco,1,4,2024-09-01,2024-09-01
The Frog,the-frog,TV,NC,New Caledonia,1,8,2024-09-01,2024-09-01
The Frog,the-frog,TV,NI,Nicaragua,1,7,2024-09-01,2024-09-01
The Frog,the-frog,TV,OM,Oman,1,6,2024-09-01,2024-09-01
The Frog,the-frog,TV,PK,Pakistan,3,2,2024-08-25,2024-09-08
The Frog,the-frog,TV,PY,Paraguay,1,9,2024-09-01,2024-09-01
The Frog,the-frog,TV,PE,Peru,1,8,2024-09-01,2024-09-01
The Frog,the-frog,TV,PH,Philippines,4,1,2024-08-25,2024-09-15
The Frog,the-frog,TV,QA,Qatar,2,5,2024-08-25,2024-09-01
The Frog,the-frog,TV,RE,Réunion,1,7,2024-09-01,2024-09-01
The Frog,the-frog,TV,SA,Saudi Arabia,1,5,2024-09-01,2024-09-01
The Frog,the-frog,TV,SG,Singapore,4,2,2024-08-25,2024-09-15
The Frog,the-frog,TV,KR,South Korea,6,1,2024-08-25,2024-09-29
The Frog,the-frog,TV,LK,Sri Lanka,2,6,2024-09-01,2024-09-08
The Frog,the-frog,TV,TW,Taiwan,5,3,2024-08-25,2024-09-22
The Frog,the-frog,TV,TH,Thailand,3,2,2024-08-25,2024-09-08
The Frog,the-frog,TV,TR,Turkey,1,9,2024-09-01,2024-09-01
The Frog,the-frog,TV,AE,United Arab Emirates,2,5,2024-08-25,2024-09-01
The Frog,the-frog,TV,VE,Venezuela,1,7,2024-09-01,2024-09-01
The Frog,the-frog,TV,VN,Vietnam,6,2,2024-08-25,2024-09-29
The Game,the-game,Films,AU,Australia,1,10,2022-08-21,2022-08-21
The Game,the-game,Films,BG,Bulgaria,1,10,2022-05-29,2022-05-29
The Game,the-game,Films,CA,Canada,1,5,2024-07-28,2024-07-28
The Game,the-game,Films,FR,France,1,5,2022-05-22,2022-05-22
The Game,the-game,Films,GP,Guadeloupe,1,10,2022-05-22,2022-05-22
The Game,the-game,Films,HU,Hungary,2,6,2023-03-05,2023-03-12
The Game,the-game,Films,JP,Japan,2,1,2022-05-29,2022-06-05
The Game,the-game,Films,LV,Latvia,1,10,2022-05-29,2022-05-29
The Game,the-game,Films,NC,New Caledonia,1,7,2022-05-22,2022-05-22
The Game,the-game,Films,RE,Réunion,1,10,2022-05-22,2022-05-22
The Game,the-game,Films,ES,Spain,2,8,2022-05-22,2022-05-29
The Game,the-game,Films,UA,Ukraine,2,3,2022-05-29,2022-06-05
"The Gangster, The Cop, The Devil",the-gangster-the-cop-the-devil,Films,JP,Japan,2,4,2021-11-14,2021-11-21
"The Gangster, The Cop, The Devil",the-gangster-the-cop-the-devil,Films,KR,South Korea,2,5,2022-05-22,2022-05-29
"The Gangster, The Cop, The Devil",the-gangster-the-cop-the-devil,Films,VN,Vietnam,3,3,2022-04-10,2022-04-24
The Gentlemen's League,the-gentlemen-s-league,TV,KR,South Korea,4,8,2021-09-19,2023-10-15
The Girl on a Bulldozer,the-girl-on-a-bulldozer,Films,KR,South Korea,3,1,2022-06-19,2022-07-03
The Glory,the-glory,TV,AR,Argentina,3,2,2023-03-12,2023-03-26
The Glory,the-glory,TV,AU,Australia,4,2,2023-01-08,2023-03-26
The Glory,the-glory,TV,AT,Austria,3,4,2023-01-08,2023-03-19
The Glory,the-glory,TV,BS,Bahamas,4,3,2023-01-08,2023-03-26
The Glory,the-glory,TV,BH,Bahrain,10,1,2023-01-01,2023-04-16
The Glory,the-glory,TV,BD,Bangladesh,15,2,2023-01-08,2023-05-28
The Glory,the-glory,TV,BE,Belgium,4,3,2023-01-08,2023-03-26
The Glory,the-glory,TV,BO,Bolivia,8,1,2023-01-08,2023-04-09
The Glory,the-glory,TV,BR,Brazil,4,1,2023-01-08,2023-03-26
The Glory,the-glory,TV,BG,Bulgaria,2,4,2023-03-12,2023-03-19
The Glory,the-glory,TV,CA,Canada,4,4,2023-01-08,2023-03-26
The Glory,the-glory,TV,CL,Chile,5,1,2023-01-08,2023-04-02
The Glory,the-glory,TV,CO,Colombia,5,2,2023-01-08,2023-04-02
The Glory,the-glory,TV,CR,Costa Rica,4,1,2023-03-12,2023-04-02
The Glory,the-glory,TV,HR,Croatia,1,5,2023-03-19,2023-03-19
The Glory,the-glory,TV,CY,Cyprus,2,4,2023-03-12,2023-03-19
The Glory,the-glory,TV,CZ,Czech Republic,3,4,2023-01-08,2023-03-19
The Glory,the-glory,TV,DO,Dominican Republic,5,1,2023-01-08,2023-04-02
The Glory,the-glory,TV,EC,Ecuador,3,1,2023-03-12,2023-03-26
The Glory,the-glory,TV,EG,Egypt,6,3,2023-01-08,2023-04-09
The Glory,the-glory,TV,SV,El Salvador,7,1,2023-01-08,2023-04-09
The Glory,the-glory,TV,EE,Estonia,2,7,2023-03-12,2023-03-19
The Glory,the-glory,TV,FI,Finland,3,3,2023-03-12,2023-03-26
The Glory,the-glory,TV,FR,France,7,2,2023-01-08,2023-04-09
The Glory,the-glory,TV,DE,Germany,4,4,2023-01-08,2023-03-26
The Glory,the-glory,TV,GR,Greece,4,3,2023-01-08,2023-03-26
The Glory,the-glory,TV,GP,Guadeloupe,9,1,2023-01-08,2023-04-16
The Glory,the-glory,TV,GT,Guatemala,5,1,2023-01-08,2023-04-02
The Glory,the-glory,TV,HN,Honduras,6,1,2023-01-08,2023-04-09
The Glory,the-glory,TV,HK,Hong Kong,25,1,2023-01-01,2025-04-06
The Glory,the-glory,TV,HU,Hungary,4,3,2023-01-08,2023-03-26
The Glory,the-glory,TV,IS,Iceland,1,6,2023-03-19,2023-03-19
The Glory,the-glory,TV,IN,India,8,2,2023-01-08,2023-04-16
The Glory,the-glory,TV,ID,Indonesia,20,1,2023-01-01,2023-05-14
The Glory,the-glory,TV,IE,Ireland,1,5,2023-03-19,2023-03-19
The Glory,the-glory,TV,IL,Israel,1,4,2023-03-19,2023-03-19
The Glory,the-glory,TV,IT,Italy,5,4,2023-03-12,2023-04-09
The Glory,the-glory,TV,JM,Jamaica,5,2,2023-01-08,2023-04-02
The Glory,the-glory,TV,JP,Japan,14,1,2023-01-08,2023-05-07
The Glory,the-glory,TV,JO,Jordan,7,1,2023-01-08,2023-04-09
The Glory,the-glory,TV,KE,Kenya,5,1,2023-01-08,2023-04-02
The Glory,the-glory,TV,KW,Kuwait,11,1,2023-01-01,2023-04-23
The Glory,the-glory,TV,LV,Latvia,1,6,2023-03-19,2023-03-19
The Glory,the-glory,TV,LB,Lebanon,2,3,2023-03-19,2023-03-26
The Glory,the-glory,TV,LT,Lithuania,2,5,2023-03-12,2023-03-19
The Glory,the-glory,TV,LU,Luxembourg,3,2,2023-03-12,2023-03-26
The Glory,the-glory,TV,MY,Malaysia,16,1,2023-01-01,2023-04-30
The Glory,the-glory,TV,MV,Maldives,11,1,2023-01-01,2023-04-16
The Glory,the-glory,TV,MT,Malta,2,2,2023-03-12,2023-03-19
The Glory,the-glory,TV,MQ,Martinique,10,1,2023-01-01,2023-04-16
The Glory,the-glory,TV,MU,Mauritius,6,1,2023-01-08,2023-04-09
The Glory,the-glory,TV,MX,Mexico,9,1,2023-01-08,2023-04-16
The Glory,the-glory,TV,MA,Morocco,10,1,2023-01-01,2023-04-16
The Glory,the-glory,TV,NL,Netherlands,1,4,2023-03-19,2023-03-19
The Glory,the-glory,TV,NC,New Caledonia,7,1,2023-01-08,2023-04-09
The Glory,the-glory,TV,NZ,New Zealand,6,1,2023-01-08,2023-04-02
The Glory,the-glory,TV,NI,Nicaragua,6,1,2023-01-08,2023-04-09
The Glory,the-glory,TV,NG,Nigeria,8,1,2023-01-08,2023-04-16
The Glory,the-glory,TV,NO,Norway,1,5,2023-03-19,2023-03-19
The Glory,the-glory,TV,OM,Oman,11,1,2023-01-01,2023-04-23
The Glory,the-glory,TV,PK,Pakistan,9,2,2023-01-08,2023-04-23
The Glory,the-glory,TV,PA,Panama,5,1,2023-01-08,2023-04-02
The Glory,the-glory,TV,PY,Paraguay,5,1,2023-01-08,2023-04-02
The Glory,the-glory,TV,PE,Peru,8,1,2023-01-08,2023-04-09
The Glory,the-glory,TV,PH,Philippines,17,1,2023-01-01,2023-04-30
The Glory,the-glory,TV,PL,Poland,4,1,2023-01-08,2023-03-26
The Glory,the-glory,TV,PT,Portugal,2,3,2023-03-12,2023-03-19
The Glory,the-glory,TV,QA,Qatar,10,1,2023-01-01,2023-04-16
The Glory,the-glory,TV,RE,Réunion,9,1,2023-01-08,2023-04-16
The Glory,the-glory,TV,RO,Romania,2,3,2023-03-12,2023-03-19
The Glory,the-glory,TV,SA,Saudi Arabia,16,1,2023-01-01,2023-05-21
The Glory,the-glory,TV,RS,Serbia,1,5,2023-03-19,2023-03-19
The Glory,the-glory,TV,SG,Singapore,19,1,2023-01-01,2023-05-14
The Glory,the-glory,TV,SK,Slovakia,3,3,2023-01-08,2023-03-19
The Glory,the-glory,TV,SI,Slovenia,1,9,2023-03-19,2023-03-19
The Glory,the-glory,TV,ZA,South Africa,4,3,2023-01-08,2023-03-26
The Glory,the-glory,TV,KR,South Korea,20,1,2023-01-01,2025-06-29
The Glory,the-glory,TV,ES,Spain,1,8,2023-03-19,2023-03-19
The Glory,the-glory,TV,LK,Sri Lanka,10,1,2023-01-01,2023-04-16
The Glory,the-glory,TV,SE,Sweden,1,5,2023-03-19,2023-03-19
The Glory,the-glory,TV,CH,Switzerland,4,3,2023-01-08,2023-03-26
The Glory,the-glory,TV,TW,Taiwan,23,1,2023-01-01,2025-04-20
The Glory,the-glory,TV,TH,Thailand,13,1,2023-01-01,2023-04-23
The Glory,the-glory,TV,TT,Trinidad and Tobago,4,3,2023-01-08,2023-03-26
The Glory,the-glory,TV,TR,Turkey,7,1,2023-01-08,2023-04-16
The Glory,the-glory,TV,AE,United Arab Emirates,10,1,2023-01-01,2023-04-16
The Glory,the-glory,TV,GB,United Kingdom,2,4,2023-03-12,2023-03-19
The Glory,the-glory,TV,US,United States,3,3,2023-03-12,2023-03-26
The Glory,the-glory,TV,UY,Uruguay,2,2,2023-03-12,2023-03-19
The Glory,the-glory,TV,VE,Venezuela,4,1,2023-03-12,2023-04-02
The Glory,the-glory,TV,VN,Vietnam,21,1,2023-01-01,2023-06-04
The Goblin,the-goblin,Films,KR,South Korea,3,4,2023-10-22,2023-11-05
The Good Bad Mother,the-good-bad-mother,TV,BH,Bahrain,5,4,2023-05-14,2023-06-11
The Good Bad Mother,the-good-bad-mother,TV,BD,Bangladesh,5,4,2023-05-14,2023-06-11
The Good Bad Mother,the-good-bad-mother,TV,BO,Bolivia,7,3,2023-05-28,2023-07-09
The Good Bad Mother,the-good-bad-mother,TV,CL,Chile,1,10,2023-06-25,2023-06-25
The Good Bad Mother,the-good-bad-mother,TV,EC,Ecuador,3,9,2023-06-18,2023-07-02
The Good Bad Mother,the-good-bad-mother,TV,EG,Egypt,1,8,2023-06-11,2023-06-11
The Good Bad Mother,the-good-bad-mother,TV,SV,El Salvador,5,6,2023-06-04,2023-07-02
The Good Bad Mother,the-good-bad-mother,TV,GT,Guatemala,5,6,2023-06-04,2023-07-02
The Good Bad Mother,the-good-bad-mother,TV,HN,Honduras,4,6,2023-06-11,2023-07-02
The Good Bad Mother,the-good-bad-mother,TV,HK,Hong Kong,8,2,2023-05-07,2023-06-25
The Good Bad Mother,the-good-bad-mother,TV,IN,India,4,6,2023-05-21,2023-06-11
The Good Bad Mother,the-good-bad-mother,TV,ID,Indonesia,11,1,2023-04-30,2023-07-09
The Good Bad Mother,the-good-bad-mother,TV,JP,Japan,5,5,2023-05-14,2023-06-11
The Good Bad Mother,the-good-bad-mother,TV,JO,Jordan,3,7,2023-05-28,2023-06-11
The Good Bad Mother,the-good-bad-mother,TV,KW,Kuwait,5,4,2023-05-14,2023-06-11
The Good Bad Mother,the-good-bad-mother,TV,MY,Malaysia,10,2,2023-04-30,2023-07-02
The Good Bad Mother,the-good-bad-mother,TV,MV,Maldives,5,4,2023-05-14,2023-06-11
The Good Bad Mother,the-good-bad-mother,TV,MX,Mexico,6,6,2023-05-28,2023-07-02
The Good Bad Mother,the-good-bad-mother,TV,MA,Morocco,3,7,2023-05-28,2023-06-11
The Good Bad Mother,the-good-bad-mother,TV,NI,Nicaragua,5,8,2023-06-04,2023-07-02
The Good Bad Mother,the-good-bad-mother,TV,NG,Nigeria,3,6,2023-05-21,2023-06-11
The Good Bad Mother,the-good-bad-mother,TV,OM,Oman,6,4,2023-05-14,2023-06-18
The Good Bad Mother,the-good-bad-mother,TV,PK,Pakistan,1,10,2023-06-11,2023-06-11
The Good Bad Mother,the-good-bad-mother,TV,PE,Peru,7,3,2023-05-28,2023-07-09
The Good Bad Mother,the-good-bad-mother,TV,PH,Philippines,8,1,2023-05-07,2023-06-25
The Good Bad Mother,the-good-bad-mother,TV,QA,Qatar,6,4,2023-05-07,2023-06-11
The Good Bad Mother,the-good-bad-mother,TV,SA,Saudi Arabia,6,2,2023-05-14,2023-06-18
The Good Bad Mother,the-good-bad-mother,TV,SG,Singapore,8,2,2023-05-07,2023-06-25
The Good Bad Mother,the-good-bad-mother,TV,KR,South Korea,9,2,2023-04-30,2023-06-25
The Good Bad Mother,the-good-bad-mother,TV,LK,Sri Lanka,5,5,2023-05-14,2023-06-11
The Good Bad Mother,the-good-bad-mother,TV,TW,Taiwan,8,2,2023-05-07,2023-06-25
The Good Bad Mother,the-good-bad-mother,TV,TH,Thailand,8,2,2023-05-07,2023-06-25
The Good Bad Mother,the-good-bad-mother,TV,AE,United Arab Emirates,5,5,2023-05-14,2023-06-11
The Good Bad Mother,the-good-bad-mother,TV,VN,Vietnam,10,1,2023-04-30,2023-07-02
The Gossip,the-gossip,Films,KR,South Korea,2,8,2024-10-27,2024-11-03
The Great Flood,the-great-flood,Films,AR,Argentina,4,1,2025-12-21,2026-01-11
The Great Flood,the-great-flood,Films,AU,Australia,2,2,2025-12-21,2025-12-28
The Great Flood,the-great-flood,Films,AT,Austria,2,3,2025-12-21,2025-12-28
The Great Flood,the-great-flood,Films,BS,Bahamas,3,1,2025-12-21,2026-01-04
The Great Flood,the-great-flood,Films,BH,Bahrain,4,1,2025-12-21,2026-01-11
The Great Flood,the-great-flood,Films,BD,Bangladesh,4,1,2025-12-21,2026-01-11
The Great Flood,the-great-flood,Films,BE,Belgium,3,2,2025-12-21,2026-01-04
The Great Flood,the-great-flood,Films,BO,Bolivia,5,1,2025-12-21,2026-01-18
The Great Flood,the-great-flood,Films,BR,Brazil,4,1,2025-12-21,2026-01-11
The Great Flood,the-great-flood,Films,BG,Bulgaria,4,2,2025-12-21,2026-01-11
The Great Flood,the-great-flood,Films,CA,Canada,3,2,2025-12-21,2026-01-04
The Great Flood,the-great-flood,Films,CL,Chile,4,1,2025-12-21,2026-01-11
The Great Flood,the-great-flood,Films,CO,Colombia,5,1,2025-12-21,2026-01-18
The Great Flood,the-great-flood,Films,CR,Costa Rica,4,1,2025-12-21,2026-01-11
The Great Flood,the-great-flood,Films,HR,Croatia,3,4,2025-12-21,2026-01-04
The Great Flood,the-great-flood,Films,CY,Cyprus,2,2,2025-12-21,2025-12-28
The Great Flood,the-great-flood,Films,CZ,Czech Republic,3,3,2025-12-21,2026-01-04
The Great Flood,the-great-flood,Films,DK,Denmark,2,5,2025-12-21,2025-12-28
The Great Flood,the-great-flood,Films,DO,Dominican Republic,4,1,2025-12-21,2026-01-11
The Great Flood,the-great-flood,Films,EC,Ecuador,5,1,2025-12-21,2026-01-18
The Great Flood,the-great-flood,Films,EG,Egypt,6,1,2025-12-21,2026-01-25
The Great Flood,the-great-flood,Films,SV,El Salvador,4,1,2025-12-21,2026-01-11
The Great Flood,the-great-flood,Films,EE,Estonia,3,3,2025-12-21,2026-01-04
The Great Flood,the-great-flood,Films,FI,Finland,2,3,2025-12-21,2025-12-28
The Great Flood,the-great-flood,Films,FR,France,3,1,2025-12-21,2026-01-04
The Great Flood,the-great-flood,Films,DE,Germany,3,2,2025-12-21,2026-01-04
The Great Flood,the-great-flood,Films,GR,Greece,2,2,2025-12-21,2025-12-28
The Great Flood,the-great-flood,Films,GP,Guadeloupe,4,1,2025-12-21,2026-01-11
The Great Flood,the-great-flood,Films,GT,Guatemala,4,1,2025-12-21,2026-01-11
The Great Flood,the-great-flood,Films,HN,Honduras,4,1,2025-12-21,2026-01-11
The Great Flood,the-great-flood,Films,HK,Hong Kong,6,1,2025-12-21,2026-01-25
The Great Flood,the-great-flood,Films,HU,Hungary,4,2,2025-12-21,2026-01-11
The Great Flood,the-great-flood,Films,IS,Iceland,2,7,2025-12-21,2025-12-28
The Great Flood,the-great-flood,Films,IN,India,3,2,2025-12-21,2026-01-04
The Great Flood,the-great-flood,Films,ID,Indonesia,4,1,2025-12-21,2026-01-11
The Great Flood,the-great-flood,Films,IE,Ireland,1,9,2025-12-21,2025-12-21
The Great Flood,the-great-flood,Films,IL,Israel,4,1,2025-12-21,2026-01-11
The Great Flood,the-great-flood,Films,IT,Italy,3,1,2025-12-21,2026-01-04
The Great Flood,the-great-flood,Films,JM,Jamaica,4,1,2025-12-21,2026-01-11
The Great Flood,the-great-flood,Films,JP,Japan,4,1,2025-12-21,2026-01-11
The Great Flood,the-great-flood,Films,JO,Jordan,5,1,2025-12-21,2026-01-18
The Great Flood,the-great-flood,Films,KE,Kenya,4,1,2025-12-21,2026-01-11
The Great Flood,the-great-flood,Films,KW,Kuwait,5,1,2025-12-21,2026-01-18
The Great Flood,the-great-flood,Films,LV,Latvia,3,5,2025-12-21,2026-01-04
The Great Flood,the-great-flood,Films,LB,Lebanon,3,1,2025-12-21,2026-01-04
The Great Flood,the-great-flood,Films,LT,Lithuania,4,3,2025-12-21,2026-01-11
The Great Flood,the-great-flood,Films,LU,Luxembourg,4,2,2025-12-21,2026-01-11
The Great Flood,the-great-flood,Films,MY,Malaysia,3,1,2025-12-21,2026-01-04
The Great Flood,the-great-flood,Films,MV,Maldives,4,1,2025-12-21,2026-01-11
The Great Flood,the-great-flood,Films,MT,Malta,3,2,2025-12-21,2026-01-04
The Great Flood,the-great-flood,Films,MQ,Martinique,4,1,2025-12-21,2026-01-11
The Great Flood,the-great-flood,Films,MU,Mauritius,4,1,2025-12-21,2026-01-11
The Great Flood,the-great-flood,Films,MX,Mexico,4,1,2025-12-21,2026-01-11
The Great Flood,the-great-flood,Films,MA,Morocco,7,1,2025-12-21,2026-02-01
The Great Flood,the-great-flood,Films,NL,Netherlands,3,2,2025-12-21,2026-01-04
The Great Flood,the-great-flood,Films,NC,New Caledonia,3,1,2025-12-21,2026-01-04
The Great Flood,the-great-flood,Films,NZ,New Zealand,3,2,2025-12-21,2026-01-04
The Great Flood,the-great-flood,Films,NI,Nicaragua,4,1,2025-12-21,2026-01-11
The Great Flood,the-great-flood,Films,NG,Nigeria,5,1,2025-12-21,2026-01-18
The Great Flood,the-great-flood,Films,NO,Norway,2,7,2025-12-21,2025-12-28
The Great Flood,the-great-flood,Films,OM,Oman,5,1,2025-12-21,2026-01-18
The Great Flood,the-great-flood,Films,PK,Pakistan,4,1,2025-12-21,2026-01-11
The Great Flood,the-great-flood,Films,PA,Panama,4,1,2025-12-21,2026-01-11
The Great Flood,the-great-flood,Films,PY,Paraguay,4,1,2025-12-21,2026-01-11
The Great Flood,the-great-flood,Films,PE,Peru,5,1,2025-12-21,2026-01-18
The Great Flood,the-great-flood,Films,PH,Philippines,5,1,2025-12-21,2026-01-18
The Great Flood,the-great-flood,Films,PL,Poland,2,2,2025-12-21,2025-12-28
The Great Flood,the-great-flood,Films,PT,Portugal,4,1,2025-12-21,2026-01-11
The Great Flood,the-great-flood,Films,QA,Qatar,3,1,2025-12-21,2026-01-04
The Great Flood,the-great-flood,Films,RE,Réunion,3,1,2025-12-21,2026-01-04
The Great Flood,the-great-flood,Films,RO,Romania,4,1,2025-12-21,2026-01-11
The Great Flood,the-great-flood,Films,SA,Saudi Arabia,5,1,2025-12-21,2026-01-18
The Great Flood,the-great-flood,Films,RS,Serbia,4,2,2025-12-21,2026-01-11
The Great Flood,the-great-flood,Films,SG,Singapore,4,1,2025-12-21,2026-01-11
The Great Flood,the-great-flood,Films,SK,Slovakia,3,2,2025-12-21,2026-01-04
The Great Flood,the-great-flood,Films,SI,Slovenia,3,3,2025-12-21,2026-01-04
The Great Flood,the-great-flood,Films,ZA,South Africa,4,1,2025-12-21,2026-01-11
The Great Flood,the-great-flood,Films,KR,South Korea,5,1,2025-12-21,2026-01-18
The Great Flood,the-great-flood,Films,ES,Spain,3,1,2025-12-21,2026-01-04
The Great Flood,the-great-flood,Films,LK,Sri Lanka,4,1,2025-12-21,2026-01-11
The Great Flood,the-great-flood,Films,SE,Sweden,2,4,2025-12-21,2025-12-28
The Great Flood,the-great-flood,Films,CH,Switzerland,4,2,2025-12-21,2026-01-11
The Great Flood,the-great-flood,Films,TW,Taiwan,6,1,2025-12-21,2026-01-25
The Great Flood,the-great-flood,Films,TH,Thailand,5,1,2025-12-21,2026-01-18
The Great Flood,the-great-flood,Films,TT,Trinidad and Tobago,3,1,2025-12-21,2026-01-04
The Great Flood,the-great-flood,Films,TR,Turkey,5,1,2025-12-21,2026-01-18
The Great Flood,the-great-flood,Films,UA,Ukraine,4,2,2025-12-21,2026-01-11
The Great Flood,the-great-flood,Films,AE,United Arab Emirates,3,1,2025-12-21,2026-01-04
The Great Flood,the-great-flood,Films,GB,United Kingdom,2,6,2025-12-21,2025-12-28
The Great Flood,the-great-flood,Films,US,United States,2,1,2025-12-21,2025-12-28
The Great Flood,the-great-flood,Films,UY,Uruguay,4,1,2025-12-21,2026-01-11
The Great Flood,the-great-flood,Films,VE,Venezuela,5,1,2025-12-21,2026-01-18
The Great Flood,the-great-flood,Films,VN,Vietnam,11,1,2025-12-21,2026-03-15
The Great Seduction,the-great-seduction,Films,AR,Argentina,1,5,2023-09-03,2023-09-03
The Great Seduction,the-great-seduction,Films,BO,Bolivia,2,2,2023-09-03,2023-09-10
The Great Seduction,the-great-seduction,Films,BR,Brazil,2,5,2023-09-03,2023-09-10
The Great Seduction,the-great-seduction,Films,CL,Chile,2,5,2023-09-03,2023-09-10
The Great Seduction,the-great-seduction,Films,CO,Colombia,2,4,2023-09-03,2023-09-10
The Great Seduction,the-great-seduction,Films,CR,Costa Rica,2,3,2023-09-03,2023-09-10
The Great Seduction,the-great-seduction,Films,DO,Dominican Republic,1,9,2023-09-03,2023-09-03
The Great Seduction,the-great-seduction,Films,EC,Ecuador,2,5,2023-09-03,2023-09-10
The Great Seduction,the-great-seduction,Films,SV,El Salvador,2,2,2023-09-03,2023-09-10
The Great Seduction,the-great-seduction,Films,GT,Guatemala,3,2,2023-09-03,2023-09-17
The Great Seduction,the-great-seduction,Films,HN,Honduras,2,2,2023-09-03,2023-09-10
The Great Seduction,the-great-seduction,Films,HU,Hungary,1,8,2023-09-10,2023-09-10
The Great Seduction,the-great-seduction,Films,MT,Malta,1,10,2023-09-10,2023-09-10
The Great Seduction,the-great-seduction,Films,MX,Mexico,3,1,2023-09-03,2023-09-17
The Great Seduction,the-great-seduction,Films,NI,Nicaragua,2,3,2023-09-03,2023-09-10
The Great Seduction,the-great-seduction,Films,PA,Panama,2,5,2023-09-03,2023-09-10
The Great Seduction,the-great-seduction,Films,PY,Paraguay,2,4,2023-09-03,2023-09-10
The Great Seduction,the-great-seduction,Films,PE,Peru,2,6,2023-09-03,2023-09-10
The Great Seduction,the-great-seduction,Films,PT,Portugal,1,10,2023-09-10,2023-09-10
The Great Seduction,the-great-seduction,Films,UY,Uruguay,2,5,2023-09-03,2023-09-10
The Great Seduction,the-great-seduction,Films,VE,Venezuela,2,5,2023-09-03,2023-09-10
The Guard Post,the-guard-post,Films,KR,South Korea,2,4,2021-09-05,2021-09-12
The Guest,the-guest,TV,AR,Argentina,5,3,2025-09-28,2025-10-26
The Guest,the-guest,TV,BS,Bahamas,2,5,2025-09-28,2025-10-05
The Guest,the-guest,TV,BE,Belgium,1,9,2025-10-05,2025-10-05
The Guest,the-guest,TV,BO,Bolivia,3,6,2025-09-28,2025-10-12
The Guest,the-guest,TV,BR,Brazil,3,5,2025-09-28,2025-10-12
The Guest,the-guest,TV,CL,Chile,4,3,2025-09-28,2025-10-19
The Guest,the-guest,TV,CO,Colombia,7,1,2025-09-28,2025-11-09
The Guest,the-guest,TV,CR,Costa Rica,5,2,2025-09-28,2025-10-26
The Guest,the-guest,TV,CY,Cyprus,1,9,2025-10-05,2025-10-05
The Guest,the-guest,TV,DO,Dominican Republic,4,1,2025-09-28,2025-10-19
The Guest,the-guest,TV,EC,Ecuador,6,1,2025-09-28,2025-11-02
The Guest,the-guest,TV,SV,El Salvador,5,2,2025-09-28,2025-10-26
The Guest,the-guest,TV,FR,France,1,7,2025-10-05,2025-10-05
The Guest,the-guest,TV,GP,Guadeloupe,5,4,2025-09-28,2025-10-26
The Guest,the-guest,TV,GT,Guatemala,5,2,2025-09-28,2025-10-26
The Guest,the-guest,TV,HN,Honduras,5,2,2025-09-28,2025-10-26
The Guest,the-guest,TV,HU,Hungary,2,6,2025-09-28,2025-10-05
The Guest,the-guest,TV,IE,Ireland,1,8,2024-03-17,2024-03-17
The Guest,the-guest,TV,IL,Israel,1,9,2025-10-05,2025-10-05
The Guest,the-guest,TV,JM,Jamaica,2,5,2025-09-28,2025-10-05
The Guest,the-guest,TV,KE,Kenya,3,2,2025-09-28,2025-10-12
The Guest,the-guest,TV,LB,Lebanon,3,5,2025-09-28,2025-10-12
The Guest,the-guest,TV,MT,Malta,2,9,2024-03-17,2024-03-24
The Guest,the-guest,TV,MQ,Martinique,5,4,2025-09-28,2025-10-26
The Guest,the-guest,TV,MU,Mauritius,3,5,2025-09-28,2025-10-12
The Guest,the-guest,TV,MX,Mexico,2,6,2025-09-28,2025-10-05
The Guest,the-guest,TV,MA,Morocco,3,7,2025-09-28,2025-10-12
The Guest,the-guest,TV,NC,New Caledonia,1,7,2025-10-05,2025-10-05
The Guest,the-guest,TV,NI,Nicaragua,5,1,2025-09-28,2025-10-26
The Guest,the-guest,TV,NG,Nigeria,2,8,2025-09-28,2025-10-05
The Guest,the-guest,TV,PA,Panama,4,1,2025-09-28,2025-10-19
The Guest,the-guest,TV,PY,Paraguay,5,1,2025-09-28,2025-10-26
The Guest,the-guest,TV,PE,Peru,4,4,2025-09-28,2025-10-19
The Guest,the-guest,TV,PT,Portugal,2,8,2025-09-28,2025-10-05
The Guest,the-guest,TV,RE,Réunion,4,5,2025-09-28,2025-10-19
The Guest,the-guest,TV,RO,Romania,2,5,2025-09-28,2025-10-05
The Guest,the-guest,TV,SA,Saudi Arabia,1,10,2025-10-05,2025-10-05
The Guest,the-guest,TV,RS,Serbia,2,9,2025-09-28,2025-10-05
The Guest,the-guest,TV,ZA,South Africa,1,8,2025-10-05,2025-10-05
The Guest,the-guest,TV,ES,Spain,2,8,2025-09-28,2025-10-05
The Guest,the-guest,TV,TT,Trinidad and Tobago,2,6,2025-09-28,2025-10-05
The Guest,the-guest,TV,UY,Uruguay,5,3,2025-09-28,2025-10-26
The Guest,the-guest,TV,VE,Venezuela,6,1,2025-09-28,2025-11-02
The Handmaiden,the-handmaiden,Films,HK,Hong Kong,2,6,2022-02-13,2022-02-20
The Haunted Palace,the-haunted-palace,TV,ID,Indonesia,10,2,2025-04-20,2025-06-22
The Haunted Palace,the-haunted-palace,TV,JP,Japan,1,9,2026-07-05,2026-07-05
The Haunted Palace,the-haunted-palace,TV,MY,Malaysia,10,1,2025-04-20,2025-06-22
The Haunted Palace,the-haunted-palace,TV,PH,Philippines,7,2,2025-04-27,2025-06-08
The Haunted Palace,the-haunted-palace,TV,SG,Singapore,9,1,2025-04-20,2025-06-15
The Haunted Palace,the-haunted-palace,TV,KR,South Korea,9,4,2025-04-20,2025-06-15
The Haunted Palace,the-haunted-palace,TV,TH,Thailand,9,1,2025-04-20,2025-06-15
The Haunted Palace,the-haunted-palace,TV,VN,Vietnam,10,1,2025-04-20,2025-06-22
The House,the-house,Films,BO,Bolivia,1,7,2022-01-23,2022-01-23
The House,the-house,Films,CA,Canada,2,1,2025-01-12,2025-01-19
The House,the-house,Films,IE,Ireland,1,4,2024-10-13,2024-10-13
The House,the-house,Films,MX,Mexico,1,7,2022-01-23,2022-01-23
The House,the-house,Films,ZA,South Africa,1,4,2021-08-22,2021-08-22
The House,the-house,Films,GB,United Kingdom,1,4,2024-10-13,2024-10-13
The Housemaid,the-housemaid,Films,KR,South Korea,1,10,2024-09-08,2024-09-08
The Hovering Blade,the-hovering-blade,TV,JP,Japan,1,4,2023-10-22,2023-10-22
The Influencer,the-influencer,TV,AR,Argentina,1,8,2023-12-24,2023-12-24
The Influencer,the-influencer,TV,CL,Chile,2,7,2023-12-24,2023-12-31
The Influencer,the-influencer,TV,CO,Colombia,6,4,2023-12-17,2024-01-21
The Influencer,the-influencer,TV,CR,Costa Rica,2,5,2023-12-24,2023-12-31
The Influencer,the-influencer,TV,DO,Dominican Republic,3,5,2023-12-17,2023-12-31
The Influencer,the-influencer,TV,EC,Ecuador,4,4,2023-12-17,2024-01-07
The Influencer,the-influencer,TV,SV,El Salvador,3,6,2023-12-17,2023-12-31
The Influencer,the-influencer,TV,GT,Guatemala,3,5,2023-12-17,2023-12-31
The Influencer,the-influencer,TV,HN,Honduras,3,5,2023-12-17,2023-12-31
The Influencer,the-influencer,TV,HK,Hong Kong,3,3,2024-08-11,2024-08-25
The Influencer,the-influencer,TV,ID,Indonesia,2,10,2024-08-11,2024-08-18
The Influencer,the-influencer,TV,MY,Malaysia,2,7,2024-08-11,2024-08-18
The Influencer,the-influencer,TV,NI,Nicaragua,4,6,2023-12-17,2024-01-07
The Influencer,the-influencer,TV,PA,Panama,2,7,2023-12-24,2023-12-31
The Influencer,the-influencer,TV,PY,Paraguay,2,8,2023-12-24,2023-12-31
The Influencer,the-influencer,TV,PE,Peru,2,7,2023-12-24,2023-12-31
The Influencer,the-influencer,TV,SG,Singapore,2,4,2024-08-11,2024-08-18
The Influencer,the-influencer,TV,KR,South Korea,4,1,2024-08-11,2024-09-01
The Influencer,the-influencer,TV,TW,Taiwan,2,4,2024-08-11,2024-08-18
The Influencer,the-influencer,TV,UY,Uruguay,1,8,2023-12-24,2023-12-24
The Influencer,the-influencer,TV,VE,Venezuela,3,5,2023-12-17,2023-12-31
The Informant,the-informant,TV,HU,Hungary,3,5,2025-05-18,2025-06-01
The Interest of Love,the-interest-of-love,TV,HK,Hong Kong,3,6,2023-02-05,2023-02-19
The Interest of Love,the-interest-of-love,TV,ID,Indonesia,8,1,2023-01-08,2023-02-26
The Interest of Love,the-interest-of-love,TV,JP,Japan,6,1,2023-01-22,2023-02-26
The Interest of Love,the-interest-of-love,TV,MY,Malaysia,4,4,2023-01-22,2023-02-12
The Interest of Love,the-interest-of-love,TV,PE,Peru,1,9,2023-03-19,2023-03-19
The Interest of Love,the-interest-of-love,TV,PH,Philippines,5,2,2023-01-22,2023-02-19
The Interest of Love,the-interest-of-love,TV,QA,Qatar,1,9,2023-02-12,2023-02-12
The Interest of Love,the-interest-of-love,TV,SG,Singapore,4,4,2023-01-29,2023-02-19
The Interest of Love,the-interest-of-love,TV,KR,South Korea,8,3,2023-01-08,2023-02-26
The Interest of Love,the-interest-of-love,TV,TW,Taiwan,3,5,2023-02-05,2023-02-19
The Interest of Love,the-interest-of-love,TV,TH,Thailand,3,6,2023-01-29,2023-02-12
The Interest of Love,the-interest-of-love,TV,VN,Vietnam,5,4,2023-01-22,2023-02-19
The Invasion,the-invasion,Films,FR,France,1,10,2021-09-05,2021-09-05
The Invasion,the-invasion,Films,DE,Germany,1,10,2026-07-05,2026-07-05
The Invasion,the-invasion,Films,RE,Réunion,1,10,2021-09-05,2021-09-05
The Journey,the-journey,TV,EG,Egypt,1,7,2023-04-30,2023-04-30
The Journey,the-journey,TV,JO,Jordan,1,7,2023-04-30,2023-04-30
The K2,the-k2,TV,MY,Malaysia,2,8,2022-04-17,2022-04-24
The Killer: A Girl Who Deserves to Die,the-killer-a-girl-who-deserves-to-die,Films,KR,South Korea,4,2,2023-05-28,2023-06-18
The Killers,the-killers,Films,KR,South Korea,3,3,2025-11-02,2025-11-16
The Killing Vote,the-killing-vote,TV,KR,South Korea,11,2,2023-08-20,2023-10-29
The King,the-king,Films,KR,South Korea,4,5,2023-08-27,2023-09-17
The King,the-king,Films,SE,Sweden,1,7,2023-10-08,2023-10-08
The King's Affection,the-king-s-affection,TV,BH,Bahrain,6,4,2021-11-14,2021-12-19
The King's Affection,the-king-s-affection,TV,BO,Bolivia,5,9,2021-11-28,2021-12-26
The King's Affection,the-king-s-affection,TV,BR,Brazil,1,10,2021-12-26,2021-12-26
The King's Affection,the-king-s-affection,TV,CL,Chile,5,8,2021-11-28,2021-12-26
The King's Affection,the-king-s-affection,TV,CR,Costa Rica,3,10,2021-11-28,2021-12-19
The King's Affection,the-king-s-affection,TV,DO,Dominican Republic,6,8,2021-11-21,2021-12-26
The King's Affection,the-king-s-affection,TV,SV,El Salvador,6,7,2021-11-21,2021-12-26
The King's Affection,the-king-s-affection,TV,GR,Greece,1,9,2021-12-26,2021-12-26
The King's Affection,the-king-s-affection,TV,GT,Guatemala,3,9,2021-12-05,2021-12-19
The King's Affection,the-king-s-affection,TV,HN,Honduras,6,8,2021-11-21,2021-12-26
The King's Affection,the-king-s-affection,TV,HK,Hong Kong,12,2,2021-10-17,2022-01-02
The King's Affection,the-king-s-affection,TV,ID,Indonesia,12,1,2021-10-17,2022-01-02
The King's Affection,the-king-s-affection,TV,JP,Japan,17,1,2021-10-17,2022-02-13
The King's Affection,the-king-s-affection,TV,KW,Kuwait,6,7,2021-11-14,2021-12-19
The King's Affection,the-king-s-affection,TV,MY,Malaysia,12,1,2021-10-17,2022-01-02
The King's Affection,the-king-s-affection,TV,MV,Maldives,1,6,2021-12-19,2021-12-19
The King's Affection,the-king-s-affection,TV,MX,Mexico,3,7,2021-12-12,2021-12-26
The King's Affection,the-king-s-affection,TV,NI,Nicaragua,5,7,2021-11-28,2021-12-26
The King's Affection,the-king-s-affection,TV,NG,Nigeria,11,2,2021-11-07,2022-01-16
The King's Affection,the-king-s-affection,TV,OM,Oman,3,7,2021-11-28,2021-12-19
The King's Affection,the-king-s-affection,TV,PA,Panama,1,10,2021-12-12,2021-12-12
The King's Affection,the-king-s-affection,TV,PE,Peru,7,6,2021-11-14,2022-01-02
The King's Affection,the-king-s-affection,TV,PH,Philippines,10,2,2021-10-24,2021-12-26
The King's Affection,the-king-s-affection,TV,QA,Qatar,8,2,2021-11-07,2021-12-26
The King's Affection,the-king-s-affection,TV,RO,Romania,2,9,2021-11-14,2021-11-28
The King's Affection,the-king-s-affection,TV,SA,Saudi Arabia,5,6,2021-11-21,2021-12-26
The King's Affection,the-king-s-affection,TV,SG,Singapore,11,2,2021-10-17,2021-12-26
The King's Affection,the-king-s-affection,TV,KR,South Korea,10,1,2021-10-17,2021-12-19
The King's Affection,the-king-s-affection,TV,LK,Sri Lanka,8,2,2021-11-07,2021-12-26
The King's Affection,the-king-s-affection,TV,TW,Taiwan,10,3,2021-10-24,2021-12-26
The King's Affection,the-king-s-affection,TV,TH,Thailand,15,1,2021-10-17,2022-02-13
The King's Affection,the-king-s-affection,TV,AE,United Arab Emirates,8,3,2021-11-07,2021-12-26
The King's Affection,the-king-s-affection,TV,VE,Venezuela,2,10,2021-12-05,2021-12-19
The King's Affection,the-king-s-affection,TV,VN,Vietnam,11,3,2021-10-24,2022-07-24
The Land,the-land,Films,PL,Poland,1,3,2021-12-05,2021-12-05
The Land of Morning Calm,the-land-of-morning-calm,Films,KR,South Korea,2,3,2026-01-04,2026-01-11
The Layover,the-layover,Films,AU,Australia,1,9,2023-07-09,2023-07-09
The Legend of the Blue Sea,the-legend-of-the-blue-sea,TV,NG,Nigeria,2,10,2022-06-12,2022-06-19
The Legend of the Blue Sea,the-legend-of-the-blue-sea,TV,RE,Réunion,1,7,2021-11-14,2021-11-14
The Lord Musang King,the-lord-musang-king,Films,MY,Malaysia,1,5,2024-03-31,2024-03-31
The Man Standing Next,the-man-standing-next,Films,KR,South Korea,3,6,2023-12-03,2023-12-17
The Match,the-match,Films,HK,Hong Kong,2,1,2025-05-11,2025-05-18
The Match,the-match,Films,JP,Japan,1,6,2025-05-11,2025-05-11
The Match,the-match,Films,MY,Malaysia,1,10,2025-05-11,2025-05-11
The Match,the-match,Films,SG,Singapore,2,3,2025-05-11,2025-05-18
The Match,the-match,Films,KR,South Korea,10,1,2025-05-11,2025-07-27
The Match,the-match,Films,TW,Taiwan,4,2,2025-05-11,2025-06-01
The Match,the-match,Films,TH,Thailand,2,5,2025-05-11,2025-05-18
The Match,the-match,Films,VN,Vietnam,3,1,2025-05-11,2025-05-25
The Matchmakers,the-matchmakers,TV,KR,South Korea,3,5,2023-11-05,2023-11-19
The Mayor,the-mayor,Films,KR,South Korea,2,7,2022-06-19,2022-06-26
The Medium,the-medium,Films,SG,Singapore,3,6,2022-01-02,2022-01-16
The Medium,the-medium,Films,KR,South Korea,2,4,2021-11-21,2021-11-28
The Medium,the-medium,Films,TH,Thailand,4,1,2022-02-06,2022-02-27
The Merciless,the-merciless,Films,VN,Vietnam,1,10,2021-10-03,2021-10-03
The Moon,the-moon,Films,JP,Japan,1,9,2026-06-07,2026-06-07
The Moon,the-moon,Films,KR,South Korea,3,5,2024-10-20,2024-11-03
The Moon,the-moon,Films,TH,Thailand,2,7,2024-08-11,2024-10-27
The Negotiation,the-negotiation,Films,JP,Japan,2,5,2022-03-06,2022-03-13
The Negotiation,the-negotiation,Films,VN,Vietnam,1,9,2021-12-12,2021-12-12
The Net,the-net,Films,DK,Denmark,1,3,2022-10-23,2022-10-23
The Net,the-net,Films,FI,Finland,1,7,2022-10-23,2022-10-23
The Net,the-net,Films,IS,Iceland,3,2,2022-10-16,2022-10-30
The Net,the-net,Films,IE,Ireland,2,9,2022-10-09,2022-10-16
The Net,the-net,Films,IT,Italy,2,9,2026-07-05,2026-07-12
The Net,the-net,Films,NZ,New Zealand,2,3,2023-02-05,2023-02-12
The Net,the-net,Films,NO,Norway,1,3,2022-10-23,2022-10-23
The Net,the-net,Films,KR,South Korea,2,3,2026-01-18,2026-01-25
The Net,the-net,Films,SE,Sweden,1,4,2022-10-23,2022-10-23
The Net,the-net,Films,GB,United Kingdom,2,8,2022-10-09,2022-10-16
The Net,the-net,Films,US,United States,1,10,2021-08-15,2021-08-15
The Night Owl,the-night-owl,Films,KR,South Korea,3,5,2026-03-22,2026-04-05
The Night Owl,the-night-owl,Films,VN,Vietnam,1,9,2023-05-07,2023-05-07
The Noisy Mansion,the-noisy-mansion,Films,KR,South Korea,2,7,2026-07-12,2026-07-19
The One and Only,the-one-and-only,TV,KR,South Korea,2,5,2022-02-13,2022-02-20
The Other Child,the-other-child,Films,KR,South Korea,2,3,2023-03-26,2023-04-02
The Outlaws,the-outlaws,Films,HK,Hong Kong,1,5,2022-01-16,2022-01-16
The Outlaws,the-outlaws,Films,JP,Japan,1,5,2021-12-12,2021-12-12
The Outlaws,the-outlaws,Films,KR,South Korea,2,8,2021-11-14,2021-11-21
The Pact,the-pact,Films,KR,South Korea,2,1,2026-03-22,2026-03-29
The Penthouse: War in Life,the-penthouse-war-in-life,TV,HK,Hong Kong,7,4,2023-01-15,2023-04-16
The Penthouse: War in Life,the-penthouse-war-in-life,TV,ID,Indonesia,2,7,2022-01-23,2022-01-30
The Penthouse: War in Life,the-penthouse-war-in-life,TV,JP,Japan,4,4,2023-09-17,2024-03-10
The Penthouse: War in Life,the-penthouse-war-in-life,TV,MY,Malaysia,9,5,2022-01-09,2022-02-27
The Penthouse: War in Life,the-penthouse-war-in-life,TV,MV,Maldives,8,4,2022-01-09,2022-02-20
The Penthouse: War in Life,the-penthouse-war-in-life,TV,NG,Nigeria,3,7,2022-01-16,2022-01-23
The Penthouse: War in Life,the-penthouse-war-in-life,TV,PH,Philippines,5,6,2022-01-09,2022-01-30
The Penthouse: War in Life,the-penthouse-war-in-life,TV,QA,Qatar,1,9,2023-01-22,2023-01-22
The Penthouse: War in Life,the-penthouse-war-in-life,TV,SG,Singapore,7,4,2022-01-09,2022-02-13
The Penthouse: War in Life,the-penthouse-war-in-life,TV,LK,Sri Lanka,1,9,2022-01-16,2022-01-16
The Penthouse: War in Life,the-penthouse-war-in-life,TV,TH,Thailand,4,5,2022-01-09,2022-01-30
The Penthouse: War in Life,the-penthouse-war-in-life,TV,VN,Vietnam,12,4,2022-01-09,2022-06-19
The People Upstairs,the-people-upstairs,Films,KR,South Korea,5,1,2026-03-29,2026-04-26
The Pirates,the-pirates,Films,KR,South Korea,3,3,2022-01-23,2022-02-06
The Pirates: The Last Royal Treasure,the-pirates-the-last-royal-treasure,Films,AR,Argentina,1,8,2022-03-06,2022-03-06
The Pirates: The Last Royal Treasure,the-pirates-the-last-royal-treasure,Films,AT,Austria,2,5,2022-03-06,2022-03-13
The Pirates: The Last Royal Treasure,the-pirates-the-last-royal-treasure,Films,BS,Bahamas,2,6,2022-03-06,2022-03-13
The Pirates: The Last Royal Treasure,the-pirates-the-last-royal-treasure,Films,BH,Bahrain,3,5,2022-03-06,2022-03-20
The Pirates: The Last Royal Treasure,the-pirates-the-last-royal-treasure,Films,BD,Bangladesh,3,3,2022-03-06,2022-03-20
The Pirates: The Last Royal Treasure,the-pirates-the-last-royal-treasure,Films,BE,Belgium,2,8,2022-03-06,2022-03-13
The Pirates: The Last Royal Treasure,the-pirates-the-last-royal-treasure,Films,BO,Bolivia,1,10,2022-03-06,2022-03-06
The Pirates: The Last Royal Treasure,the-pirates-the-last-royal-treasure,Films,BR,Brazil,2,4,2022-03-06,2022-03-13
The Pirates: The Last Royal Treasure,the-pirates-the-last-royal-treasure,Films,CL,Chile,2,6,2022-03-06,2022-03-13
The Pirates: The Last Royal Treasure,the-pirates-the-last-royal-treasure,Films,CO,Colombia,1,10,2022-03-06,2022-03-06
The Pirates: The Last Royal Treasure,the-pirates-the-last-royal-treasure,Films,HR,Croatia,1,8,2022-03-06,2022-03-06
The Pirates: The Last Royal Treasure,the-pirates-the-last-royal-treasure,Films,CY,Cyprus,2,4,2022-03-06,2022-03-13
The Pirates: The Last Royal Treasure,the-pirates-the-last-royal-treasure,Films,DK,Denmark,2,8,2022-03-06,2022-03-13
The Pirates: The Last Royal Treasure,the-pirates-the-last-royal-treasure,Films,DO,Dominican Republic,2,5,2022-03-06,2022-03-13
The Pirates: The Last Royal Treasure,the-pirates-the-last-royal-treasure,Films,EC,Ecuador,1,10,2022-03-13,2022-03-13
The Pirates: The Last Royal Treasure,the-pirates-the-last-royal-treasure,Films,EG,Egypt,2,7,2022-03-06,2022-03-13
The Pirates: The Last Royal Treasure,the-pirates-the-last-royal-treasure,Films,FI,Finland,1,8,2022-03-06,2022-03-06
The Pirates: The Last Royal Treasure,the-pirates-the-last-royal-treasure,Films,FR,France,2,6,2022-03-06,2022-03-13
The Pirates: The Last Royal Treasure,the-pirates-the-last-royal-treasure,Films,DE,Germany,2,4,2022-03-06,2022-03-13
The Pirates: The Last Royal Treasure,the-pirates-the-last-royal-treasure,Films,GR,Greece,2,4,2022-03-06,2022-03-13
The Pirates: The Last Royal Treasure,the-pirates-the-last-royal-treasure,Films,GP,Guadeloupe,3,5,2022-03-06,2022-03-20
The Pirates: The Last Royal Treasure,the-pirates-the-last-royal-treasure,Films,HK,Hong Kong,3,1,2022-03-06,2022-03-20
The Pirates: The Last Royal Treasure,the-pirates-the-last-royal-treasure,Films,IN,India,2,6,2022-03-06,2022-03-13
The Pirates: The Last Royal Treasure,the-pirates-the-last-royal-treasure,Films,ID,Indonesia,3,1,2022-03-06,2022-03-20
The Pirates: The Last Royal Treasure,the-pirates-the-last-royal-treasure,Films,IL,Israel,2,7,2022-03-06,2022-03-13
The Pirates: The Last Royal Treasure,the-pirates-the-last-royal-treasure,Films,IT,Italy,1,10,2022-03-06,2022-03-06
The Pirates: The Last Royal Treasure,the-pirates-the-last-royal-treasure,Films,JM,Jamaica,3,6,2022-03-06,2022-03-20
The Pirates: The Last Royal Treasure,the-pirates-the-last-royal-treasure,Films,JP,Japan,2,4,2022-03-06,2022-03-13
The Pirates: The Last Royal Treasure,the-pirates-the-last-royal-treasure,Films,JO,Jordan,2,5,2022-03-06,2022-03-13
The Pirates: The Last Royal Treasure,the-pirates-the-last-royal-treasure,Films,KE,Kenya,2,9,2022-03-06,2022-03-13
The Pirates: The Last Royal Treasure,the-pirates-the-last-royal-treasure,Films,KW,Kuwait,3,5,2022-03-06,2022-03-20
The Pirates: The Last Royal Treasure,the-pirates-the-last-royal-treasure,Films,LB,Lebanon,2,8,2022-03-06,2022-03-13
The Pirates: The Last Royal Treasure,the-pirates-the-last-royal-treasure,Films,LU,Luxembourg,2,7,2022-03-06,2022-03-13
The Pirates: The Last Royal Treasure,the-pirates-the-last-royal-treasure,Films,MY,Malaysia,4,1,2022-03-06,2022-03-27
The Pirates: The Last Royal Treasure,the-pirates-the-last-royal-treasure,Films,MV,Maldives,3,3,2022-03-06,2022-03-20
The Pirates: The Last Royal Treasure,the-pirates-the-last-royal-treasure,Films,MQ,Martinique,3,5,2022-03-06,2022-03-20
The Pirates: The Last Royal Treasure,the-pirates-the-last-royal-treasure,Films,MU,Mauritius,3,4,2022-03-06,2022-03-20
The Pirates: The Last Royal Treasure,the-pirates-the-last-royal-treasure,Films,MA,Morocco,3,4,2022-03-06,2022-03-20
The Pirates: The Last Royal Treasure,the-pirates-the-last-royal-treasure,Films,NL,Netherlands,1,9,2022-03-06,2022-03-06
The Pirates: The Last Royal Treasure,the-pirates-the-last-royal-treasure,Films,NC,New Caledonia,4,3,2022-03-06,2022-03-27
The Pirates: The Last Royal Treasure,the-pirates-the-last-royal-treasure,Films,NG,Nigeria,4,3,2022-03-06,2022-03-27
The Pirates: The Last Royal Treasure,the-pirates-the-last-royal-treasure,Films,NO,Norway,2,7,2022-03-06,2022-03-13
The Pirates: The Last Royal Treasure,the-pirates-the-last-royal-treasure,Films,OM,Oman,4,3,2022-03-06,2022-03-27
The Pirates: The Last Royal Treasure,the-pirates-the-last-royal-treasure,Films,PK,Pakistan,2,6,2022-03-06,2022-03-13
The Pirates: The Last Royal Treasure,the-pirates-the-last-royal-treasure,Films,PA,Panama,2,8,2022-03-06,2022-03-13
The Pirates: The Last Royal Treasure,the-pirates-the-last-royal-treasure,Films,PY,Paraguay,2,9,2022-03-06,2022-03-13
The Pirates: The Last Royal Treasure,the-pirates-the-last-royal-treasure,Films,PE,Peru,2,7,2022-03-06,2022-03-13
The Pirates: The Last Royal Treasure,the-pirates-the-last-royal-treasure,Films,PH,Philippines,3,1,2022-03-06,2022-03-20
The Pirates: The Last Royal Treasure,the-pirates-the-last-royal-treasure,Films,PT,Portugal,2,6,2022-03-06,2022-03-13
The Pirates: The Last Royal Treasure,the-pirates-the-last-royal-treasure,Films,QA,Qatar,3,4,2022-03-06,2022-03-20
The Pirates: The Last Royal Treasure,the-pirates-the-last-royal-treasure,Films,RE,Réunion,3,5,2022-03-06,2022-03-20
The Pirates: The Last Royal Treasure,the-pirates-the-last-royal-treasure,Films,RO,Romania,2,5,2022-03-06,2022-03-13
The Pirates: The Last Royal Treasure,the-pirates-the-last-royal-treasure,Films,SA,Saudi Arabia,3,3,2022-03-06,2022-03-20
The Pirates: The Last Royal Treasure,the-pirates-the-last-royal-treasure,Films,RS,Serbia,1,9,2022-03-06,2022-03-06
The Pirates: The Last Royal Treasure,the-pirates-the-last-royal-treasure,Films,SG,Singapore,3,1,2022-03-06,2022-03-20
The Pirates: The Last Royal Treasure,the-pirates-the-last-royal-treasure,Films,KR,South Korea,7,1,2022-03-06,2022-04-17
The Pirates: The Last Royal Treasure,the-pirates-the-last-royal-treasure,Films,ES,Spain,1,7,2022-03-06,2022-03-06
The Pirates: The Last Royal Treasure,the-pirates-the-last-royal-treasure,Films,LK,Sri Lanka,2,5,2022-03-06,2022-03-13
The Pirates: The Last Royal Treasure,the-pirates-the-last-royal-treasure,Films,SE,Sweden,2,8,2022-03-06,2022-03-13
The Pirates: The Last Royal Treasure,the-pirates-the-last-royal-treasure,Films,CH,Switzerland,2,5,2022-03-06,2022-03-13
The Pirates: The Last Royal Treasure,the-pirates-the-last-royal-treasure,Films,TW,Taiwan,4,1,2022-03-06,2022-03-27
The Pirates: The Last Royal Treasure,the-pirates-the-last-royal-treasure,Films,TH,Thailand,3,1,2022-03-06,2022-03-20
The Pirates: The Last Royal Treasure,the-pirates-the-last-royal-treasure,Films,TT,Trinidad and Tobago,2,6,2022-03-06,2022-03-13
The Pirates: The Last Royal Treasure,the-pirates-the-last-royal-treasure,Films,TR,Turkey,1,8,2022-03-06,2022-03-06
The Pirates: The Last Royal Treasure,the-pirates-the-last-royal-treasure,Films,AE,United Arab Emirates,3,4,2022-03-06,2022-03-20
The Pirates: The Last Royal Treasure,the-pirates-the-last-royal-treasure,Films,UY,Uruguay,2,9,2022-03-06,2022-03-13
The Pirates: The Last Royal Treasure,the-pirates-the-last-royal-treasure,Films,VN,Vietnam,4,1,2022-03-06,2022-03-27
The Plan,the-plan,TV,NG,Nigeria,3,2,2023-02-05,2023-02-19
The Point Men,the-point-men,Films,JP,Japan,2,4,2026-05-24,2026-05-31
The Point Men,the-point-men,Films,KR,South Korea,5,1,2023-05-07,2023-06-04
The Point Men,the-point-men,Films,TH,Thailand,3,1,2023-05-28,2023-06-11
The Policeman's Lineage,the-policeman-s-lineage,Films,KR,South Korea,5,5,2023-01-01,2023-01-29
The Policeman's Lineage,the-policeman-s-lineage,Films,VN,Vietnam,2,7,2023-05-07,2023-05-14
The Potato Lab,the-potato-lab,TV,BO,Bolivia,3,7,2025-03-09,2025-03-30
The Potato Lab,the-potato-lab,TV,BR,Brazil,6,4,2025-03-02,2025-04-06
The Potato Lab,the-potato-lab,TV,CL,Chile,3,9,2025-03-09,2025-03-30
The Potato Lab,the-potato-lab,TV,CO,Colombia,4,6,2025-03-02,2025-03-30
The Potato Lab,the-potato-lab,TV,CR,Costa Rica,2,7,2025-03-09,2025-03-23
The Potato Lab,the-potato-lab,TV,DO,Dominican Republic,4,7,2025-03-02,2025-03-23
The Potato Lab,the-potato-lab,TV,EC,Ecuador,5,7,2025-03-09,2025-04-13
The Potato Lab,the-potato-lab,TV,SV,El Salvador,7,4,2025-03-02,2025-04-13
The Potato Lab,the-potato-lab,TV,GT,Guatemala,4,6,2025-03-09,2025-03-30
The Potato Lab,the-potato-lab,TV,HN,Honduras,7,4,2025-03-02,2025-04-13
The Potato Lab,the-potato-lab,TV,ID,Indonesia,5,4,2025-03-09,2025-04-06
The Potato Lab,the-potato-lab,TV,MY,Malaysia,1,8,2025-03-09,2025-03-09
The Potato Lab,the-potato-lab,TV,MX,Mexico,2,10,2025-03-09,2025-03-30
The Potato Lab,the-potato-lab,TV,NI,Nicaragua,7,4,2025-03-02,2025-04-13
The Potato Lab,the-potato-lab,TV,PA,Panama,1,9,2025-03-09,2025-03-09
The Potato Lab,the-potato-lab,TV,PY,Paraguay,4,7,2025-03-09,2025-03-30
The Potato Lab,the-potato-lab,TV,PE,Peru,6,5,2025-03-09,2025-04-13
The Potato Lab,the-potato-lab,TV,RO,Romania,1,10,2025-03-02,2025-03-02
The Potato Lab,the-potato-lab,TV,KR,South Korea,1,9,2025-03-09,2025-03-09
The Potato Lab,the-potato-lab,TV,VE,Venezuela,4,7,2025-03-02,2025-03-30
The Precious memory of Gogo Brothers,the-precious-memory-of-gogo-brothers,Films,KR,South Korea,2,5,2022-01-02,2022-01-09
The Price of Confession,the-price-of-confession,TV,BH,Bahrain,2,4,2025-12-14,2025-12-21
The Price of Confession,the-price-of-confession,TV,BD,Bangladesh,1,4,2025-12-14,2025-12-14
The Price of Confession,the-price-of-confession,TV,BO,Bolivia,1,5,2025-12-14,2025-12-14
The Price of Confession,the-price-of-confession,TV,DO,Dominican Republic,1,9,2025-12-14,2025-12-14
The Price of Confession,the-price-of-confession,TV,EC,Ecuador,1,10,2025-12-14,2025-12-14
The Price of Confession,the-price-of-confession,TV,EG,Egypt,1,8,2025-12-14,2025-12-14
The Price of Confession,the-price-of-confession,TV,SV,El Salvador,1,10,2025-12-14,2025-12-14
The Price of Confession,the-price-of-confession,TV,GP,Guadeloupe,1,9,2025-12-14,2025-12-14
The Price of Confession,the-price-of-confession,TV,HN,Honduras,1,8,2025-12-14,2025-12-14
The Price of Confession,the-price-of-confession,TV,HK,Hong Kong,3,2,2025-12-07,2025-12-21
The Price of Confession,the-price-of-confession,TV,IN,India,1,10,2025-12-14,2025-12-14
The Price of Confession,the-price-of-confession,TV,ID,Indonesia,5,2,2025-12-07,2026-01-04
The Price of Confession,the-price-of-confession,TV,JP,Japan,2,2,2025-12-14,2025-12-21
The Price of Confession,the-price-of-confession,TV,JO,Jordan,2,4,2025-12-14,2025-12-21
The Price of Confession,the-price-of-confession,TV,KE,Kenya,1,3,2025-12-14,2025-12-14
The Price of Confession,the-price-of-confession,TV,KW,Kuwait,3,4,2025-12-14,2025-12-28
The Price of Confession,the-price-of-confession,TV,MY,Malaysia,4,2,2025-12-07,2025-12-28
The Price of Confession,the-price-of-confession,TV,MV,Maldives,1,6,2025-12-14,2025-12-14
The Price of Confession,the-price-of-confession,TV,MQ,Martinique,1,9,2025-12-14,2025-12-14
The Price of Confession,the-price-of-confession,TV,MU,Mauritius,1,10,2025-12-14,2025-12-14
The Price of Confession,the-price-of-confession,TV,MA,Morocco,4,3,2025-12-14,2026-01-04
The Price of Confession,the-price-of-confession,TV,NI,Nicaragua,1,8,2025-12-14,2025-12-14
The Price of Confession,the-price-of-confession,TV,NG,Nigeria,3,4,2025-12-14,2025-12-28
The Price of Confession,the-price-of-confession,TV,OM,Oman,2,4,2025-12-14,2025-12-21
The Price of Confession,the-price-of-confession,TV,PK,Pakistan,1,5,2025-12-14,2025-12-14
The Price of Confession,the-price-of-confession,TV,PE,Peru,2,6,2025-12-14,2025-12-21
The Price of Confession,the-price-of-confession,TV,PH,Philippines,4,2,2025-12-07,2025-12-28
The Price of Confession,the-price-of-confession,TV,QA,Qatar,2,4,2025-12-14,2025-12-21
The Price of Confession,the-price-of-confession,TV,RE,Réunion,1,8,2025-12-14,2025-12-14
The Price of Confession,the-price-of-confession,TV,SA,Saudi Arabia,4,3,2025-12-14,2026-01-04
The Price of Confession,the-price-of-confession,TV,SG,Singapore,3,2,2025-12-07,2025-12-21
The Price of Confession,the-price-of-confession,TV,ZA,South Africa,1,8,2025-12-14,2025-12-14
The Price of Confession,the-price-of-confession,TV,KR,South Korea,5,1,2025-12-07,2026-01-04
The Price of Confession,the-price-of-confession,TV,TW,Taiwan,3,1,2025-12-07,2025-12-21
The Price of Confession,the-price-of-confession,TV,TH,Thailand,5,4,2025-12-07,2026-01-04
The Price of Confession,the-price-of-confession,TV,TR,Turkey,2,6,2025-12-14,2025-12-21
The Price of Confession,the-price-of-confession,TV,AE,United Arab Emirates,1,5,2025-12-14,2025-12-14
The Price of Confession,the-price-of-confession,TV,VE,Venezuela,1,8,2025-12-14,2025-12-14
The Price of Confession,the-price-of-confession,TV,VN,Vietnam,5,1,2025-12-07,2026-01-04
The Prison,the-prison,Films,KR,South Korea,4,4,2022-05-15,2023-05-21
The Prison,the-prison,Films,VN,Vietnam,2,3,2023-04-23,2023-04-30
The Promise,the-promise,Films,CA,Canada,1,9,2023-11-19,2023-11-19
The Promise,the-promise,Films,PH,Philippines,36,2,2021-09-12,2023-03-05
The Queen of Crime,the-queen-of-crime,Films,KR,South Korea,2,6,2026-03-29,2026-04-05
The Queen's Classroom,the-queen-s-classroom,TV,HK,Hong Kong,1,7,2021-10-31,2021-10-31
The Queen's Classroom,the-queen-s-classroom,TV,JP,Japan,1,5,2026-07-05,2026-07-05
The Raincoat Killer: Chasing a Predator in Korea,the-raincoat-killer-chasing-a-predator-in-korea,TV,KR,South Korea,2,7,2021-10-24,2021-10-31
The Real Has Come!,the-real-has-come,TV,NI,Nicaragua,1,10,2023-06-18,2023-06-18
The Real Has Come!,the-real-has-come,TV,TH,Thailand,4,5,2023-06-18,2023-07-09
The Red Sleeve,the-red-sleeve,TV,ID,Indonesia,1,10,2025-01-12,2025-01-12
The Red Sleeve,the-red-sleeve,TV,TW,Taiwan,1,9,2025-01-12,2025-01-12
The Rewrite,the-rewrite,Films,CA,Canada,2,5,2024-03-24,2024-03-31
The Roundup,the-roundup,Films,JP,Japan,3,3,2023-09-03,2023-09-17
The Roundup,the-roundup,Films,PH,Philippines,2,3,2022-12-25,2023-01-01
The Roundup: No Way Out,the-roundup-no-way-out,Films,PH,Philippines,2,2,2023-10-01,2023-10-08
The Roundup: Punishment,the-roundup-punishment,Films,JP,Japan,2,1,2025-12-07,2025-12-14
The Secret Life of My Secretary,the-secret-life-of-my-secretary,TV,JP,Japan,2,7,2021-12-05,2021-12-12
The Shadow,the-shadow,TV,AT,Austria,2,3,2025-05-04,2025-05-11
The Shadow,the-shadow,TV,DE,Germany,2,5,2025-05-04,2025-05-11
The Silent Sea,the-silent-sea,TV,AU,Australia,1,5,2022-01-02,2022-01-02
The Silent Sea,the-silent-sea,TV,AT,Austria,1,7,2022-01-02,2022-01-02
The Silent Sea,the-silent-sea,TV,BS,Bahamas,1,6,2022-01-02,2022-01-02
The Silent Sea,the-silent-sea,TV,BH,Bahrain,2,4,2022-01-02,2022-01-09
The Silent Sea,the-silent-sea,TV,BD,Bangladesh,4,3,2021-12-26,2022-01-16
The Silent Sea,the-silent-sea,TV,BE,Belgium,1,6,2022-01-02,2022-01-02
The Silent Sea,the-silent-sea,TV,BR,Brazil,1,8,2022-01-02,2022-01-02
The Silent Sea,the-silent-sea,TV,BG,Bulgaria,3,5,2021-12-26,2022-01-09
The Silent Sea,the-silent-sea,TV,CA,Canada,1,7,2022-01-02,2022-01-02
The Silent Sea,the-silent-sea,TV,CL,Chile,1,10,2022-01-02,2022-01-02
The Silent Sea,the-silent-sea,TV,HR,Croatia,2,6,2021-12-26,2022-01-02
The Silent Sea,the-silent-sea,TV,CZ,Czech Republic,2,7,2021-12-26,2022-01-02
The Silent Sea,the-silent-sea,TV,DK,Denmark,1,9,2022-01-02,2022-01-02
The Silent Sea,the-silent-sea,TV,EG,Egypt,2,4,2022-01-02,2022-01-09
The Silent Sea,the-silent-sea,TV,EE,Estonia,1,5,2022-01-02,2022-01-02
The Silent Sea,the-silent-sea,TV,FI,Finland,2,5,2021-12-26,2022-01-02
The Silent Sea,the-silent-sea,TV,FR,France,1,5,2022-01-02,2022-01-02
The Silent Sea,the-silent-sea,TV,DE,Germany,1,6,2022-01-02,2022-01-02
The Silent Sea,the-silent-sea,TV,GR,Greece,2,6,2021-12-26,2022-01-02
The Silent Sea,the-silent-sea,TV,GP,Guadeloupe,1,7,2022-01-02,2022-01-02
The Silent Sea,the-silent-sea,TV,HK,Hong Kong,3,4,2021-12-26,2022-01-09
The Silent Sea,the-silent-sea,TV,HU,Hungary,1,9,2022-01-02,2022-01-02
The Silent Sea,the-silent-sea,TV,IS,Iceland,1,8,2022-01-02,2022-01-02
The Silent Sea,the-silent-sea,TV,IN,India,3,7,2022-01-02,2022-01-16
The Silent Sea,the-silent-sea,TV,ID,Indonesia,4,1,2021-12-26,2022-01-16
The Silent Sea,the-silent-sea,TV,IL,Israel,1,10,2022-01-02,2022-01-02
The Silent Sea,the-silent-sea,TV,IT,Italy,1,8,2022-01-02,2022-01-02
The Silent Sea,the-silent-sea,TV,JM,Jamaica,1,9,2022-01-02,2022-01-02
The Silent Sea,the-silent-sea,TV,JP,Japan,1,3,2022-01-02,2022-01-02
The Silent Sea,the-silent-sea,TV,JO,Jordan,1,5,2022-01-02,2022-01-02
The Silent Sea,the-silent-sea,TV,KE,Kenya,1,10,2022-01-02,2022-01-02
The Silent Sea,the-silent-sea,TV,KW,Kuwait,3,4,2021-12-26,2022-01-09
The Silent Sea,the-silent-sea,TV,LV,Latvia,1,8,2022-01-02,2022-01-02
The Silent Sea,the-silent-sea,TV,LB,Lebanon,1,9,2022-01-02,2022-01-02
The Silent Sea,the-silent-sea,TV,LT,Lithuania,1,6,2022-01-02,2022-01-02
The Silent Sea,the-silent-sea,TV,LU,Luxembourg,1,7,2022-01-02,2022-01-02
The Silent Sea,the-silent-sea,TV,MY,Malaysia,3,1,2021-12-26,2022-01-09
The Silent Sea,the-silent-sea,TV,MV,Maldives,2,3,2021-12-26,2022-01-02
The Silent Sea,the-silent-sea,TV,MQ,Martinique,1,8,2022-01-02,2022-01-02
The Silent Sea,the-silent-sea,TV,MU,Mauritius,1,4,2022-01-02,2022-01-02
The Silent Sea,the-silent-sea,TV,MX,Mexico,1,8,2022-01-02,2022-01-02
The Silent Sea,the-silent-sea,TV,MA,Morocco,1,5,2022-01-02,2022-01-02
The Silent Sea,the-silent-sea,TV,NC,New Caledonia,1,7,2022-01-02,2022-01-02
The Silent Sea,the-silent-sea,TV,NZ,New Zealand,1,5,2022-01-02,2022-01-02
The Silent Sea,the-silent-sea,TV,NG,Nigeria,1,8,2022-01-02,2022-01-02
The Silent Sea,the-silent-sea,TV,NO,Norway,1,8,2022-01-02,2022-01-02
The Silent Sea,the-silent-sea,TV,OM,Oman,1,5,2022-01-02,2022-01-02
The Silent Sea,the-silent-sea,TV,PK,Pakistan,1,5,2022-01-02,2022-01-02
The Silent Sea,the-silent-sea,TV,PE,Peru,1,10,2022-01-02,2022-01-02
The Silent Sea,the-silent-sea,TV,PH,Philippines,3,1,2021-12-26,2022-01-09
The Silent Sea,the-silent-sea,TV,PL,Poland,2,6,2021-12-26,2022-01-02
The Silent Sea,the-silent-sea,TV,PT,Portugal,1,10,2022-01-02,2022-01-02
The Silent Sea,the-silent-sea,TV,QA,Qatar,3,3,2021-12-26,2022-01-09
The Silent Sea,the-silent-sea,TV,RE,Réunion,1,5,2022-01-02,2022-01-02
The Silent Sea,the-silent-sea,TV,RO,Romania,2,5,2021-12-26,2022-01-02
The Silent Sea,the-silent-sea,TV,SA,Saudi Arabia,2,5,2022-01-02,2022-01-09
The Silent Sea,the-silent-sea,TV,RS,Serbia,1,6,2022-01-02,2022-01-02
The Silent Sea,the-silent-sea,TV,SG,Singapore,3,1,2021-12-26,2022-01-09
The Silent Sea,the-silent-sea,TV,SK,Slovakia,1,7,2022-01-02,2022-01-02
The Silent Sea,the-silent-sea,TV,SI,Slovenia,1,7,2022-01-02,2022-01-02
The Silent Sea,the-silent-sea,TV,ZA,South Africa,1,10,2022-01-02,2022-01-02
The Silent Sea,the-silent-sea,TV,KR,South Korea,5,1,2021-12-26,2022-01-23
The Silent Sea,the-silent-sea,TV,ES,Spain,1,9,2022-01-02,2022-01-02
The Silent Sea,the-silent-sea,TV,LK,Sri Lanka,2,4,2021-12-26,2022-01-02
The Silent Sea,the-silent-sea,TV,SE,Sweden,2,9,2021-12-26,2022-01-02
The Silent Sea,the-silent-sea,TV,CH,Switzerland,1,8,2022-01-02,2022-01-02
The Silent Sea,the-silent-sea,TV,TW,Taiwan,3,2,2021-12-26,2022-01-09
The Silent Sea,the-silent-sea,TV,TH,Thailand,4,1,2021-12-26,2022-01-16
The Silent Sea,the-silent-sea,TV,TT,Trinidad and Tobago,1,7,2022-01-02,2022-01-02
The Silent Sea,the-silent-sea,TV,TR,Turkey,2,5,2021-12-26,2022-01-02
The Silent Sea,the-silent-sea,TV,UA,Ukraine,1,10,2022-01-02,2022-01-02
The Silent Sea,the-silent-sea,TV,AE,United Arab Emirates,3,4,2021-12-26,2022-01-09
The Silent Sea,the-silent-sea,TV,GB,United Kingdom,1,7,2022-01-02,2022-01-02
The Silent Sea,the-silent-sea,TV,US,United States,1,5,2022-01-02,2022-01-02
The Silent Sea,the-silent-sea,TV,UY,Uruguay,1,9,2022-01-02,2022-01-02
The Silent Sea,the-silent-sea,TV,VN,Vietnam,3,2,2021-12-26,2022-01-09
The Sin,the-sin,Films,KR,South Korea,3,3,2024-06-23,2024-07-07
The Sound of Magic,the-sound-of-magic,TV,BH,Bahrain,3,2,2022-05-08,2022-05-22
The Sound of Magic,the-sound-of-magic,TV,BD,Bangladesh,3,1,2022-05-08,2022-05-22
The Sound of Magic,the-sound-of-magic,TV,BO,Bolivia,1,7,2022-05-15,2022-05-15
The Sound of Magic,the-sound-of-magic,TV,DO,Dominican Republic,1,10,2022-05-15,2022-05-15
The Sound of Magic,the-sound-of-magic,TV,EC,Ecuador,1,10,2022-05-15,2022-05-15
The Sound of Magic,the-sound-of-magic,TV,EG,Egypt,1,3,2022-05-15,2022-05-15
The Sound of Magic,the-sound-of-magic,TV,GT,Guatemala,1,10,2022-05-15,2022-05-15
The Sound of Magic,the-sound-of-magic,TV,HN,Honduras,1,10,2022-05-15,2022-05-15
The Sound of Magic,the-sound-of-magic,TV,HK,Hong Kong,1,6,2022-05-15,2022-05-15
The Sound of Magic,the-sound-of-magic,TV,IN,India,3,2,2022-05-08,2022-05-22
The Sound of Magic,the-sound-of-magic,TV,ID,Indonesia,3,2,2022-05-08,2022-05-22
The Sound of Magic,the-sound-of-magic,TV,JP,Japan,1,7,2022-05-15,2022-05-15
The Sound of Magic,the-sound-of-magic,TV,JO,Jordan,2,2,2022-05-08,2022-05-15
The Sound of Magic,the-sound-of-magic,TV,KW,Kuwait,3,2,2022-05-08,2022-05-22
The Sound of Magic,the-sound-of-magic,TV,LB,Lebanon,1,10,2022-05-15,2022-05-15
The Sound of Magic,the-sound-of-magic,TV,MY,Malaysia,3,1,2022-05-08,2022-05-22
The Sound of Magic,the-sound-of-magic,TV,MV,Maldives,3,1,2022-05-08,2022-05-22
The Sound of Magic,the-sound-of-magic,TV,MU,Mauritius,2,6,2022-05-08,2022-05-15
The Sound of Magic,the-sound-of-magic,TV,MX,Mexico,1,7,2022-05-15,2022-05-15
The Sound of Magic,the-sound-of-magic,TV,MA,Morocco,3,5,2022-05-08,2022-05-22
The Sound of Magic,the-sound-of-magic,TV,NC,New Caledonia,1,10,2022-05-15,2022-05-15
The Sound of Magic,the-sound-of-magic,TV,NG,Nigeria,2,5,2022-05-08,2022-05-15
The Sound of Magic,the-sound-of-magic,TV,OM,Oman,3,2,2022-05-08,2022-05-22
The Sound of Magic,the-sound-of-magic,TV,PK,Pakistan,3,1,2022-05-08,2022-05-22
The Sound of Magic,the-sound-of-magic,TV,PE,Peru,1,9,2022-05-15,2022-05-15
The Sound of Magic,the-sound-of-magic,TV,PH,Philippines,3,1,2022-05-08,2022-05-22
The Sound of Magic,the-sound-of-magic,TV,QA,Qatar,3,2,2022-05-08,2022-05-22
The Sound of Magic,the-sound-of-magic,TV,RE,Réunion,1,10,2022-05-15,2022-05-15
The Sound of Magic,the-sound-of-magic,TV,SA,Saudi Arabia,3,1,2022-05-08,2022-05-22
The Sound of Magic,the-sound-of-magic,TV,SG,Singapore,1,4,2022-05-15,2022-05-15
The Sound of Magic,the-sound-of-magic,TV,KR,South Korea,3,4,2022-05-08,2022-05-22
The Sound of Magic,the-sound-of-magic,TV,LK,Sri Lanka,3,2,2022-05-08,2022-05-22
The Sound of Magic,the-sound-of-magic,TV,TH,Thailand,3,2,2022-05-08,2022-05-22
The Sound of Magic,the-sound-of-magic,TV,TR,Turkey,1,6,2022-05-15,2022-05-15
The Sound of Magic,the-sound-of-magic,TV,AE,United Arab Emirates,3,2,2022-05-08,2022-05-22
The Sound of Magic,the-sound-of-magic,TV,VN,Vietnam,2,4,2022-05-08,2022-05-15
The Spy Gone North,the-spy-gone-north,Films,JP,Japan,1,9,2022-02-06,2022-02-06
The Stone,the-stone,Films,HK,Hong Kong,2,4,2025-08-10,2025-08-17
The Stone,the-stone,Films,ID,Indonesia,1,5,2025-08-10,2025-08-10
The Stone,the-stone,Films,MY,Malaysia,1,4,2025-08-10,2025-08-10
The Stone,the-stone,Films,PH,Philippines,1,7,2025-08-10,2025-08-10
The Stone,the-stone,Films,SG,Singapore,1,5,2025-08-10,2025-08-10
The Stone,the-stone,Films,TW,Taiwan,2,3,2025-08-10,2025-08-17
The Stone,the-stone,Films,TH,Thailand,5,1,2025-08-03,2025-08-31
The Stone,the-stone,Films,VN,Vietnam,3,3,2025-08-03,2025-08-17
The Suspect,the-suspect,Films,KR,South Korea,1,6,2024-12-01,2024-12-01
The Swindlers,the-swindlers,Films,ID,Indonesia,1,9,2023-04-23,2023-04-23
The Swindlers,the-swindlers,Films,MY,Malaysia,2,9,2023-04-23,2023-04-30
The Swindlers,the-swindlers,Films,SG,Singapore,2,7,2023-04-23,2023-04-30
The Swindlers,the-swindlers,Films,KR,South Korea,1,6,2022-12-25,2022-12-25
The Swindlers,the-swindlers,Films,TH,Thailand,1,8,2023-04-23,2023-04-23
The Sword with No Name,the-sword-with-no-name,Films,KR,South Korea,1,6,2024-09-08,2024-09-08
The Tale of Lady Ok,the-tale-of-lady-ok,TV,DO,Dominican Republic,1,10,2024-12-15,2024-12-15
The Tale of Lady Ok,the-tale-of-lady-ok,TV,SV,El Salvador,1,9,2024-12-15,2024-12-15
The Tale of Lady Ok,the-tale-of-lady-ok,TV,HN,Honduras,1,10,2024-12-15,2024-12-15
The Tale of Lady Ok,the-tale-of-lady-ok,TV,ID,Indonesia,4,4,2024-12-08,2024-12-29
The Tale of Lady Ok,the-tale-of-lady-ok,TV,MY,Malaysia,3,4,2024-12-08,2024-12-22
The Tale of Lady Ok,the-tale-of-lady-ok,TV,PE,Peru,1,10,2024-12-15,2024-12-15
The Tale of Lady Ok,the-tale-of-lady-ok,TV,PH,Philippines,4,8,2024-12-08,2024-12-29
The Tale of Lady Ok,the-tale-of-lady-ok,TV,SG,Singapore,4,5,2024-12-08,2024-12-29
The Tale of Lady Ok,the-tale-of-lady-ok,TV,KR,South Korea,11,1,2024-12-01,2025-02-09
The Tale of Lady Ok,the-tale-of-lady-ok,TV,TW,Taiwan,4,6,2024-12-08,2024-12-29
The Tale of Lady Ok,the-tale-of-lady-ok,TV,TH,Thailand,6,6,2024-12-08,2025-01-12
The Tale of Lady Ok,the-tale-of-lady-ok,TV,VN,Vietnam,8,3,2024-12-08,2025-02-02
The Thieves,the-thieves,Films,HK,Hong Kong,2,6,2022-01-02,2022-01-09
The Three Musketeers,the-three-musketeers,Films,IS,Iceland,2,7,2022-07-03,2022-07-10
The Tooth and the Nail,the-tooth-and-the-nail,Films,KR,South Korea,1,5,2024-09-29,2024-09-29
The Trauma Code: Heroes on Call,the-trauma-code-heroes-on-call,TV,AR,Argentina,1,2,2025-02-02,2025-02-02
The Trauma Code: Heroes on Call,the-trauma-code-heroes-on-call,TV,BS,Bahamas,1,6,2025-02-02,2025-02-02
The Trauma Code: Heroes on Call,the-trauma-code-heroes-on-call,TV,BH,Bahrain,3,2,2025-01-26,2025-02-09
The Trauma Code: Heroes on Call,the-trauma-code-heroes-on-call,TV,BD,Bangladesh,4,1,2025-02-02,2025-02-23
The Trauma Code: Heroes on Call,the-trauma-code-heroes-on-call,TV,BO,Bolivia,3,2,2025-01-26,2025-02-09
The Trauma Code: Heroes on Call,the-trauma-code-heroes-on-call,TV,BR,Brazil,1,2,2025-02-02,2025-02-02
The Trauma Code: Heroes on Call,the-trauma-code-heroes-on-call,TV,CL,Chile,3,1,2025-01-26,2025-02-09
The Trauma Code: Heroes on Call,the-trauma-code-heroes-on-call,TV,CO,Colombia,2,3,2025-02-02,2025-02-09
The Trauma Code: Heroes on Call,the-trauma-code-heroes-on-call,TV,CR,Costa Rica,1,2,2025-02-02,2025-02-02
The Trauma Code: Heroes on Call,the-trauma-code-heroes-on-call,TV,CY,Cyprus,1,9,2025-02-02,2025-02-02
The Trauma Code: Heroes on Call,the-trauma-code-heroes-on-call,TV,DO,Dominican Republic,3,2,2025-01-26,2025-02-09
The Trauma Code: Heroes on Call,the-trauma-code-heroes-on-call,TV,EC,Ecuador,3,1,2025-01-26,2025-02-09
The Trauma Code: Heroes on Call,the-trauma-code-heroes-on-call,TV,EG,Egypt,2,5,2025-02-02,2025-02-09
The Trauma Code: Heroes on Call,the-trauma-code-heroes-on-call,TV,SV,El Salvador,3,1,2025-01-26,2025-02-09
The Trauma Code: Heroes on Call,the-trauma-code-heroes-on-call,TV,FR,France,1,6,2025-02-02,2025-02-02
The Trauma Code: Heroes on Call,the-trauma-code-heroes-on-call,TV,GP,Guadeloupe,1,3,2025-02-02,2025-02-02
The Trauma Code: Heroes on Call,the-trauma-code-heroes-on-call,TV,GT,Guatemala,2,3,2025-02-02,2025-02-09
The Trauma Code: Heroes on Call,the-trauma-code-heroes-on-call,TV,HN,Honduras,3,1,2025-01-26,2025-02-09
The Trauma Code: Heroes on Call,the-trauma-code-heroes-on-call,TV,HK,Hong Kong,8,1,2025-01-26,2025-03-16
The Trauma Code: Heroes on Call,the-trauma-code-heroes-on-call,TV,HU,Hungary,1,3,2025-02-02,2025-02-02
The Trauma Code: Heroes on Call,the-trauma-code-heroes-on-call,TV,IN,India,2,4,2025-02-02,2025-02-09
The Trauma Code: Heroes on Call,the-trauma-code-heroes-on-call,TV,ID,Indonesia,11,1,2025-01-26,2025-04-06
The Trauma Code: Heroes on Call,the-trauma-code-heroes-on-call,TV,IL,Israel,1,9,2025-02-02,2025-02-02
The Trauma Code: Heroes on Call,the-trauma-code-heroes-on-call,TV,IT,Italy,1,7,2025-02-02,2025-02-02
The Trauma Code: Heroes on Call,the-trauma-code-heroes-on-call,TV,JM,Jamaica,1,7,2025-02-02,2025-02-02
The Trauma Code: Heroes on Call,the-trauma-code-heroes-on-call,TV,JP,Japan,2,5,2025-02-02,2025-02-09
The Trauma Code: Heroes on Call,the-trauma-code-heroes-on-call,TV,JO,Jordan,3,4,2025-02-02,2025-02-16
The Trauma Code: Heroes on Call,the-trauma-code-heroes-on-call,TV,KE,Kenya,1,8,2025-02-02,2025-02-02
The Trauma Code: Heroes on Call,the-trauma-code-heroes-on-call,TV,KW,Kuwait,3,2,2025-01-26,2025-02-09
The Trauma Code: Heroes on Call,the-trauma-code-heroes-on-call,TV,LU,Luxembourg,1,8,2025-02-02,2025-02-02
The Trauma Code: Heroes on Call,the-trauma-code-heroes-on-call,TV,MY,Malaysia,6,1,2025-01-26,2025-03-02
The Trauma Code: Heroes on Call,the-trauma-code-heroes-on-call,TV,MV,Maldives,4,2,2025-01-26,2025-02-16
The Trauma Code: Heroes on Call,the-trauma-code-heroes-on-call,TV,MQ,Martinique,1,3,2025-02-02,2025-02-02
The Trauma Code: Heroes on Call,the-trauma-code-heroes-on-call,TV,MU,Mauritius,1,3,2025-02-02,2025-02-02
The Trauma Code: Heroes on Call,the-trauma-code-heroes-on-call,TV,MX,Mexico,2,3,2025-02-02,2025-02-09
The Trauma Code: Heroes on Call,the-trauma-code-heroes-on-call,TV,MA,Morocco,3,2,2025-02-02,2025-02-16
The Trauma Code: Heroes on Call,the-trauma-code-heroes-on-call,TV,NC,New Caledonia,2,3,2025-02-02,2025-02-09
The Trauma Code: Heroes on Call,the-trauma-code-heroes-on-call,TV,NZ,New Zealand,1,8,2025-02-02,2025-02-02
The Trauma Code: Heroes on Call,the-trauma-code-heroes-on-call,TV,NI,Nicaragua,3,1,2025-01-26,2025-02-09
The Trauma Code: Heroes on Call,the-trauma-code-heroes-on-call,TV,NG,Nigeria,2,5,2025-02-02,2025-02-09
The Trauma Code: Heroes on Call,the-trauma-code-heroes-on-call,TV,OM,Oman,4,2,2025-02-02,2025-02-23
The Trauma Code: Heroes on Call,the-trauma-code-heroes-on-call,TV,PK,Pakistan,3,3,2025-02-02,2025-02-16
The Trauma Code: Heroes on Call,the-trauma-code-heroes-on-call,TV,PA,Panama,3,2,2025-01-26,2025-02-09
The Trauma Code: Heroes on Call,the-trauma-code-heroes-on-call,TV,PY,Paraguay,2,1,2025-02-02,2025-02-09
The Trauma Code: Heroes on Call,the-trauma-code-heroes-on-call,TV,PE,Peru,5,1,2025-01-26,2025-02-23
The Trauma Code: Heroes on Call,the-trauma-code-heroes-on-call,TV,PH,Philippines,7,2,2025-01-26,2025-03-23
The Trauma Code: Heroes on Call,the-trauma-code-heroes-on-call,TV,PL,Poland,1,10,2025-02-02,2025-02-02
The Trauma Code: Heroes on Call,the-trauma-code-heroes-on-call,TV,PT,Portugal,1,6,2025-02-02,2025-02-02
The Trauma Code: Heroes on Call,the-trauma-code-heroes-on-call,TV,QA,Qatar,4,1,2025-01-26,2025-02-16
The Trauma Code: Heroes on Call,the-trauma-code-heroes-on-call,TV,RE,Réunion,1,3,2025-02-02,2025-02-02
The Trauma Code: Heroes on Call,the-trauma-code-heroes-on-call,TV,RO,Romania,2,4,2025-01-26,2025-02-02
The Trauma Code: Heroes on Call,the-trauma-code-heroes-on-call,TV,SA,Saudi Arabia,5,2,2025-01-26,2025-02-23
The Trauma Code: Heroes on Call,the-trauma-code-heroes-on-call,TV,SG,Singapore,6,1,2025-01-26,2025-03-02
The Trauma Code: Heroes on Call,the-trauma-code-heroes-on-call,TV,KR,South Korea,11,1,2025-01-26,2025-04-06
The Trauma Code: Heroes on Call,the-trauma-code-heroes-on-call,TV,LK,Sri Lanka,2,5,2025-02-02,2025-02-09
The Trauma Code: Heroes on Call,the-trauma-code-heroes-on-call,TV,TW,Taiwan,7,1,2025-01-26,2025-03-09
The Trauma Code: Heroes on Call,the-trauma-code-heroes-on-call,TV,TH,Thailand,9,1,2025-01-26,2025-03-23
The Trauma Code: Heroes on Call,the-trauma-code-heroes-on-call,TV,TT,Trinidad and Tobago,1,7,2025-02-02,2025-02-02
The Trauma Code: Heroes on Call,the-trauma-code-heroes-on-call,TV,TR,Turkey,3,4,2025-02-02,2025-02-16
The Trauma Code: Heroes on Call,the-trauma-code-heroes-on-call,TV,AE,United Arab Emirates,4,2,2025-01-26,2025-02-16
The Trauma Code: Heroes on Call,the-trauma-code-heroes-on-call,TV,UY,Uruguay,1,5,2025-02-02,2025-02-02
The Trauma Code: Heroes on Call,the-trauma-code-heroes-on-call,TV,VE,Venezuela,3,1,2025-01-26,2025-02-09
The Trauma Code: Heroes on Call,the-trauma-code-heroes-on-call,TV,VN,Vietnam,27,1,2025-01-26,2026-07-05
The Trunk,the-trunk,TV,BH,Bahrain,2,4,2024-12-08,2024-12-15
The Trunk,the-trunk,TV,BD,Bangladesh,3,2,2024-12-01,2024-12-15
The Trunk,the-trunk,TV,BR,Brazil,1,6,2024-12-08,2024-12-08
The Trunk,the-trunk,TV,CO,Colombia,1,9,2024-12-08,2024-12-08
The Trunk,the-trunk,TV,DO,Dominican Republic,1,7,2024-12-08,2024-12-08
The Trunk,the-trunk,TV,EG,Egypt,1,6,2024-12-08,2024-12-08
The Trunk,the-trunk,TV,SV,El Salvador,1,7,2024-12-08,2024-12-08
The Trunk,the-trunk,TV,GT,Guatemala,1,10,2024-12-08,2024-12-08
The Trunk,the-trunk,TV,HN,Honduras,1,5,2024-12-08,2024-12-08
The Trunk,the-trunk,TV,HK,Hong Kong,5,1,2024-12-01,2024-12-29
The Trunk,the-trunk,TV,IN,India,1,7,2024-12-08,2024-12-08
The Trunk,the-trunk,TV,ID,Indonesia,4,2,2024-12-01,2024-12-22
The Trunk,the-trunk,TV,JP,Japan,2,2,2024-12-08,2024-12-15
The Trunk,the-trunk,TV,JO,Jordan,1,6,2024-12-08,2024-12-08
The Trunk,the-trunk,TV,KE,Kenya,1,8,2024-12-08,2024-12-08
The Trunk,the-trunk,TV,KW,Kuwait,2,6,2024-12-08,2024-12-15
The Trunk,the-trunk,TV,MY,Malaysia,3,2,2024-12-01,2024-12-15
The Trunk,the-trunk,TV,MV,Maldives,2,3,2024-12-08,2024-12-15
The Trunk,the-trunk,TV,MU,Mauritius,1,7,2024-12-08,2024-12-08
The Trunk,the-trunk,TV,MX,Mexico,1,10,2024-12-08,2024-12-08
The Trunk,the-trunk,TV,MA,Morocco,3,5,2024-12-08,2024-12-22
The Trunk,the-trunk,TV,NI,Nicaragua,1,6,2024-12-08,2024-12-08
The Trunk,the-trunk,TV,NG,Nigeria,4,3,2024-12-01,2024-12-22
The Trunk,the-trunk,TV,OM,Oman,2,5,2024-12-08,2024-12-15
The Trunk,the-trunk,TV,PK,Pakistan,1,7,2024-12-08,2024-12-08
The Trunk,the-trunk,TV,PA,Panama,1,10,2024-12-08,2024-12-08
The Trunk,the-trunk,TV,PY,Paraguay,1,9,2024-12-08,2024-12-08
The Trunk,the-trunk,TV,PE,Peru,1,7,2024-12-08,2024-12-08
The Trunk,the-trunk,TV,PH,Philippines,4,2,2024-12-01,2024-12-22
The Trunk,the-trunk,TV,QA,Qatar,3,4,2024-12-01,2024-12-15
The Trunk,the-trunk,TV,RO,Romania,1,8,2024-12-08,2024-12-08
The Trunk,the-trunk,TV,SA,Saudi Arabia,2,5,2024-12-08,2024-12-15
The Trunk,the-trunk,TV,SG,Singapore,4,2,2024-12-01,2024-12-22
The Trunk,the-trunk,TV,KR,South Korea,4,1,2024-12-01,2024-12-22
The Trunk,the-trunk,TV,LK,Sri Lanka,1,4,2024-12-08,2024-12-08
The Trunk,the-trunk,TV,TW,Taiwan,4,1,2024-12-01,2024-12-22
The Trunk,the-trunk,TV,TH,Thailand,3,4,2024-12-01,2024-12-15
The Trunk,the-trunk,TV,TR,Turkey,1,5,2024-12-08,2024-12-08
The Trunk,the-trunk,TV,AE,United Arab Emirates,3,4,2024-12-01,2024-12-15
The Trunk,the-trunk,TV,VE,Venezuela,1,9,2024-12-08,2024-12-08
The Trunk,the-trunk,TV,VN,Vietnam,6,2,2024-12-01,2025-01-05
The Tunnel,the-tunnel,Films,FI,Finland,1,5,2025-09-07,2025-09-07
The Tunnel,the-tunnel,Films,NO,Norway,1,8,2025-09-07,2025-09-07
The Tunnel,the-tunnel,Films,SE,Sweden,1,9,2025-09-07,2025-09-07
The Ugly,the-ugly,Films,KR,South Korea,7,1,2026-01-11,2026-02-22
The Uncanny Counter,the-uncanny-counter,TV,BH,Bahrain,4,5,2023-08-06,2023-08-27
The Uncanny Counter,the-uncanny-counter,TV,BD,Bangladesh,2,8,2023-08-06,2023-08-13
The Uncanny Counter,the-uncanny-counter,TV,HK,Hong Kong,10,1,2023-07-30,2023-09-17
The Uncanny Counter,the-uncanny-counter,TV,ID,Indonesia,11,2,2023-07-30,2023-09-17
The Uncanny Counter,the-uncanny-counter,TV,JO,Jordan,4,5,2023-08-06,2023-08-27
The Uncanny Counter,the-uncanny-counter,TV,KW,Kuwait,4,4,2023-08-06,2023-08-27
The Uncanny Counter,the-uncanny-counter,TV,MY,Malaysia,11,1,2023-07-30,2023-09-17
The Uncanny Counter,the-uncanny-counter,TV,MV,Maldives,4,7,2023-08-06,2023-08-27
The Uncanny Counter,the-uncanny-counter,TV,MA,Morocco,1,9,2023-08-06,2023-08-06
The Uncanny Counter,the-uncanny-counter,TV,NG,Nigeria,6,5,2023-08-06,2023-09-10
The Uncanny Counter,the-uncanny-counter,TV,OM,Oman,6,3,2023-07-30,2023-09-03
The Uncanny Counter,the-uncanny-counter,TV,PH,Philippines,11,1,2023-07-30,2023-09-17
The Uncanny Counter,the-uncanny-counter,TV,QA,Qatar,5,3,2023-08-06,2023-09-03
The Uncanny Counter,the-uncanny-counter,TV,SA,Saudi Arabia,7,3,2023-07-30,2023-09-10
The Uncanny Counter,the-uncanny-counter,TV,SG,Singapore,10,2,2023-07-30,2023-09-10
The Uncanny Counter,the-uncanny-counter,TV,KR,South Korea,9,2,2023-07-30,2023-09-10
The Uncanny Counter,the-uncanny-counter,TV,TW,Taiwan,7,2,2023-08-06,2023-09-17
The Uncanny Counter,the-uncanny-counter,TV,TH,Thailand,7,4,2021-08-08,2023-09-10
The Uncanny Counter,the-uncanny-counter,TV,TR,Turkey,1,7,2023-08-06,2023-08-06
The Uncanny Counter,the-uncanny-counter,TV,AE,United Arab Emirates,4,5,2023-08-06,2023-08-27
The Uncanny Counter,the-uncanny-counter,TV,VN,Vietnam,22,1,2021-07-11,2023-09-24
The Uninvited,the-uninvited,Films,AT,Austria,2,8,2026-08-02,2026-08-09
The Uninvited,the-uninvited,Films,DE,Germany,2,6,2026-08-02,2026-08-09
The Uninvited,the-uninvited,Films,LU,Luxembourg,1,10,2026-08-09,2026-08-09
The Uninvited,the-uninvited,Films,RE,Réunion,1,9,2025-11-02,2025-11-02
The Unjust,the-unjust,Films,KR,South Korea,2,8,2023-04-23,2023-04-30
The Vanished,the-vanished,Films,BE,Belgium,1,10,2021-08-15,2021-08-15
The Vanished,the-vanished,Films,FR,France,1,4,2021-08-15,2021-08-15
The Vanished,the-vanished,Films,GP,Guadeloupe,1,6,2021-08-15,2021-08-15
The Vanished,the-vanished,Films,MQ,Martinique,1,5,2021-08-15,2021-08-15
The Vanished,the-vanished,Films,NC,New Caledonia,1,8,2021-08-15,2021-08-15
The Vanished,the-vanished,Films,RE,Réunion,1,5,2021-08-15,2021-08-15
The Vanished,the-vanished,Films,KR,South Korea,2,3,2024-10-06,2024-10-13
The Villagers,the-villagers,Films,JP,Japan,2,2,2024-05-26,2024-06-02
The Wailing,the-wailing,Films,TW,Taiwan,2,6,2022-10-23,2022-10-30
The Way Back,the-way-back,Films,AT,Austria,1,6,2023-01-01,2023-01-01
The Way Back,the-way-back,Films,BH,Bahrain,1,9,2022-07-10,2022-07-10
The Way Back,the-way-back,Films,CA,Canada,2,4,2021-12-05,2022-06-12
The Way Back,the-way-back,Films,CY,Cyprus,1,7,2026-06-14,2026-06-14
The Way Back,the-way-back,Films,EG,Egypt,1,8,2022-07-10,2022-07-10
The Way Back,the-way-back,Films,DE,Germany,1,6,2023-01-01,2023-01-01
The Way Back,the-way-back,Films,GR,Greece,1,7,2026-06-14,2026-06-14
The Way Back,the-way-back,Films,ID,Indonesia,1,10,2022-03-06,2022-03-06
The Way Back,the-way-back,Films,IT,Italy,2,7,2021-12-26,2022-01-02
The Way Back,the-way-back,Films,JO,Jordan,1,8,2022-07-10,2022-07-10
The Way Back,the-way-back,Films,KW,Kuwait,1,9,2022-07-10,2022-07-10
The Way Back,the-way-back,Films,LB,Lebanon,1,3,2022-07-10,2022-07-10
The Way Back,the-way-back,Films,LU,Luxembourg,1,8,2023-01-01,2023-01-01
The Way Back,the-way-back,Films,NC,New Caledonia,1,9,2026-06-14,2026-06-14
The Way Back,the-way-back,Films,PL,Poland,1,9,2021-09-26,2021-09-26
The Way Back,the-way-back,Films,PT,Portugal,2,6,2023-04-16,2023-04-23
The Way Back,the-way-back,Films,RE,Réunion,1,10,2026-06-14,2026-06-14
The Way Back,the-way-back,Films,RO,Romania,1,7,2021-09-26,2021-09-26
The Way Back,the-way-back,Films,ES,Spain,2,5,2023-04-16,2023-04-23
The Way Back,the-way-back,Films,LK,Sri Lanka,1,8,2022-03-06,2022-03-06
The Way Back,the-way-back,Films,TW,Taiwan,1,10,2022-03-06,2022-03-06
The Wedding Day,the-wedding-day,Films,PL,Poland,2,3,2025-09-07,2025-09-14
The Winning Try,the-winning-try,TV,ID,Indonesia,3,6,2025-08-10,2025-08-24
The Winning Try,the-winning-try,TV,MY,Malaysia,5,7,2025-08-03,2025-08-31
The Winning Try,the-winning-try,TV,PE,Peru,1,8,2025-08-17,2025-08-17
The Winning Try,the-winning-try,TV,SG,Singapore,1,9,2025-08-10,2025-08-10
The Winning Try,the-winning-try,TV,KR,South Korea,6,3,2025-07-27,2025-08-31
The Witch,the-witch,TV,KR,South Korea,6,2,2025-02-16,2025-03-23
The Witch : Part2. The Other One,the-witch-part2-the-other-one,Films,KR,South Korea,3,3,2026-03-22,2026-04-05
The Witch: Part 1 - The Subversion,the-witch-part-1-the-subversion,Films,TW,Taiwan,9,5,2021-12-05,2022-07-24
The WONDERfools,the-wonderfools,TV,AR,Argentina,1,6,2026-05-24,2026-05-24
The WONDERfools,the-wonderfools,TV,BH,Bahrain,5,2,2026-05-17,2026-06-14
The WONDERfools,the-wonderfools,TV,BD,Bangladesh,7,1,2026-05-17,2026-06-28
The WONDERfools,the-wonderfools,TV,BO,Bolivia,5,1,2026-05-17,2026-06-14
The WONDERfools,the-wonderfools,TV,BR,Brazil,2,3,2026-05-24,2026-05-31
The WONDERfools,the-wonderfools,TV,BG,Bulgaria,1,7,2026-05-24,2026-05-24
The WONDERfools,the-wonderfools,TV,CL,Chile,3,2,2026-05-24,2026-06-07
The WONDERfools,the-wonderfools,TV,CO,Colombia,2,4,2026-05-24,2026-05-31
The WONDERfools,the-wonderfools,TV,CR,Costa Rica,2,3,2026-05-24,2026-05-31
The WONDERfools,the-wonderfools,TV,CY,Cyprus,1,9,2026-05-24,2026-05-24
The WONDERfools,the-wonderfools,TV,CZ,Czech Republic,1,8,2026-05-24,2026-05-24
The WONDERfools,the-wonderfools,TV,DO,Dominican Republic,4,3,2026-05-17,2026-06-07
The WONDERfools,the-wonderfools,TV,EC,Ecuador,2,2,2026-05-24,2026-05-31
The WONDERfools,the-wonderfools,TV,EG,Egypt,4,2,2026-05-24,2026-06-14
The WONDERfools,the-wonderfools,TV,SV,El Salvador,4,2,2026-05-17,2026-06-07
The WONDERfools,the-wonderfools,TV,FR,France,1,6,2026-05-24,2026-05-24
The WONDERfools,the-wonderfools,TV,GR,Greece,1,6,2026-05-24,2026-05-24
The WONDERfools,the-wonderfools,TV,GP,Guadeloupe,1,3,2026-05-24,2026-05-24
The WONDERfools,the-wonderfools,TV,GT,Guatemala,4,2,2026-05-17,2026-06-07
The WONDERfools,the-wonderfools,TV,HN,Honduras,4,2,2026-05-17,2026-06-07
The WONDERfools,the-wonderfools,TV,HK,Hong Kong,6,1,2026-05-17,2026-06-21
The WONDERfools,the-wonderfools,TV,HU,Hungary,1,5,2026-05-24,2026-05-24
The WONDERfools,the-wonderfools,TV,IN,India,6,2,2026-05-17,2026-06-21
The WONDERfools,the-wonderfools,TV,ID,Indonesia,6,1,2026-05-17,2026-06-21
The WONDERfools,the-wonderfools,TV,JM,Jamaica,2,5,2026-05-24,2026-05-31
The WONDERfools,the-wonderfools,TV,JP,Japan,2,2,2026-05-24,2026-05-31
The WONDERfools,the-wonderfools,TV,JO,Jordan,3,2,2026-05-24,2026-06-07
The WONDERfools,the-wonderfools,TV,KE,Kenya,1,6,2026-05-24,2026-05-24
The WONDERfools,the-wonderfools,TV,KW,Kuwait,5,2,2026-05-17,2026-06-14
The WONDERfools,the-wonderfools,TV,LB,Lebanon,2,6,2026-05-24,2026-05-31
The WONDERfools,the-wonderfools,TV,LT,Lithuania,1,10,2026-05-24,2026-05-24
The WONDERfools,the-wonderfools,TV,LU,Luxembourg,1,9,2026-05-24,2026-05-24
The WONDERfools,the-wonderfools,TV,MY,Malaysia,7,1,2026-05-17,2026-06-28
The WONDERfools,the-wonderfools,TV,MV,Maldives,5,2,2026-05-24,2026-06-21
The WONDERfools,the-wonderfools,TV,MQ,Martinique,2,3,2026-05-24,2026-05-31
The WONDERfools,the-wonderfools,TV,MU,Mauritius,3,4,2026-05-24,2026-06-07
The WONDERfools,the-wonderfools,TV,MX,Mexico,5,1,2026-05-17,2026-06-14
The WONDERfools,the-wonderfools,TV,MA,Morocco,4,3,2026-05-24,2026-06-14
The WONDERfools,the-wonderfools,TV,NC,New Caledonia,2,3,2026-05-24,2026-05-31
The WONDERfools,the-wonderfools,TV,NZ,New Zealand,1,8,2026-05-24,2026-05-24
The WONDERfools,the-wonderfools,TV,NI,Nicaragua,4,1,2026-05-17,2026-06-07
The WONDERfools,the-wonderfools,TV,NG,Nigeria,5,2,2026-05-17,2026-06-14
The WONDERfools,the-wonderfools,TV,OM,Oman,5,2,2026-05-24,2026-06-21
The WONDERfools,the-wonderfools,TV,PK,Pakistan,7,2,2026-05-17,2026-06-28
The WONDERfools,the-wonderfools,TV,PA,Panama,2,3,2026-05-24,2026-05-31
The WONDERfools,the-wonderfools,TV,PY,Paraguay,2,3,2026-05-24,2026-05-31
The WONDERfools,the-wonderfools,TV,PE,Peru,6,2,2026-05-17,2026-06-21
The WONDERfools,the-wonderfools,TV,PH,Philippines,7,1,2026-05-17,2026-06-28
The WONDERfools,the-wonderfools,TV,PT,Portugal,1,7,2026-05-24,2026-05-24
The WONDERfools,the-wonderfools,TV,QA,Qatar,5,2,2026-05-17,2026-06-14
The WONDERfools,the-wonderfools,TV,RE,Réunion,2,3,2026-05-24,2026-05-31
The WONDERfools,the-wonderfools,TV,RO,Romania,1,8,2026-05-24,2026-05-24
The WONDERfools,the-wonderfools,TV,SA,Saudi Arabia,5,2,2026-05-24,2026-06-21
The WONDERfools,the-wonderfools,TV,SG,Singapore,6,1,2026-05-17,2026-06-21
The WONDERfools,the-wonderfools,TV,SK,Slovakia,1,7,2026-05-24,2026-05-24
The WONDERfools,the-wonderfools,TV,KR,South Korea,6,1,2026-05-17,2026-06-21
The WONDERfools,the-wonderfools,TV,ES,Spain,1,8,2026-05-24,2026-05-24
The WONDERfools,the-wonderfools,TV,LK,Sri Lanka,5,1,2026-05-24,2026-06-21
The WONDERfools,the-wonderfools,TV,TW,Taiwan,5,1,2026-05-17,2026-06-14
The WONDERfools,the-wonderfools,TV,TH,Thailand,5,1,2026-05-17,2026-06-14
The WONDERfools,the-wonderfools,TV,TR,Turkey,2,3,2026-05-24,2026-05-31
The WONDERfools,the-wonderfools,TV,AE,United Arab Emirates,5,3,2026-05-17,2026-06-14
The WONDERfools,the-wonderfools,TV,VE,Venezuela,2,3,2026-05-24,2026-05-31
The WONDERfools,the-wonderfools,TV,VN,Vietnam,6,1,2026-05-17,2026-06-21
The World of Love,the-world-of-love,Films,KR,South Korea,2,2,2026-06-07,2026-06-14
The World of the Married,the-world-of-the-married,TV,HK,Hong Kong,1,6,2022-05-08,2022-05-08
The World of the Married,the-world-of-the-married,TV,JP,Japan,5,2,2022-12-11,2023-01-08
The World of the Married,the-world-of-the-married,TV,TH,Thailand,2,7,2022-05-01,2023-09-03
The Yellow Sea,the-yellow-sea,Films,KR,South Korea,4,5,2024-02-25,2024-03-17
Thirty-Nine,thirty-nine,TV,BD,Bangladesh,1,10,2022-04-03,2022-04-03
Thirty-Nine,thirty-nine,TV,HK,Hong Kong,11,3,2022-02-20,2022-05-01
Thirty-Nine,thirty-nine,TV,ID,Indonesia,10,4,2022-02-20,2022-04-24
Thirty-Nine,thirty-nine,TV,JP,Japan,11,2,2022-02-20,2022-05-01
Thirty-Nine,thirty-nine,TV,MY,Malaysia,8,5,2022-02-27,2022-04-17
Thirty-Nine,thirty-nine,TV,MV,Maldives,1,9,2022-04-03,2022-04-03
Thirty-Nine,thirty-nine,TV,PH,Philippines,9,5,2022-02-20,2022-04-17
Thirty-Nine,thirty-nine,TV,QA,Qatar,5,6,2022-02-27,2022-04-10
Thirty-Nine,thirty-nine,TV,SA,Saudi Arabia,1,10,2022-04-03,2022-04-03
Thirty-Nine,thirty-nine,TV,SG,Singapore,10,2,2022-02-20,2022-04-24
Thirty-Nine,thirty-nine,TV,KR,South Korea,8,3,2022-02-20,2022-04-10
Thirty-Nine,thirty-nine,TV,LK,Sri Lanka,1,8,2022-04-03,2022-04-03
Thirty-Nine,thirty-nine,TV,TW,Taiwan,11,2,2022-02-20,2022-05-01
Thirty-Nine,thirty-nine,TV,TH,Thailand,8,6,2022-02-20,2022-04-10
Thirty-Nine,thirty-nine,TV,AE,United Arab Emirates,2,8,2022-02-27,2022-04-03
Thirty-Nine,thirty-nine,TV,VN,Vietnam,10,1,2022-02-20,2022-04-24
Three,three,Films,HK,Hong Kong,1,5,2021-12-26,2021-12-26
Through the Darkness,through-the-darkness,TV,ID,Indonesia,3,5,2022-10-09,2022-10-23
Through the Darkness,through-the-darkness,TV,MY,Malaysia,3,6,2022-10-09,2022-10-23
Through the Darkness,through-the-darkness,TV,PH,Philippines,1,9,2022-10-09,2022-10-09
Through the Darkness,through-the-darkness,TV,SG,Singapore,3,4,2022-10-09,2022-10-23
Through the Darkness,through-the-darkness,TV,KR,South Korea,3,3,2025-08-10,2025-08-24
Through the Darkness,through-the-darkness,TV,TW,Taiwan,1,10,2025-04-06,2025-04-06
Through the Darkness,through-the-darkness,TV,VN,Vietnam,3,2,2022-10-09,2022-10-23
Tidal Wave,tidal-wave,Films,HK,Hong Kong,1,8,2021-08-08,2021-08-08
Tie A Yellow Ribbon,tie-a-yellow-ribbon,Films,VN,Vietnam,1,10,2023-04-16,2023-04-16
Time,time,Films,HK,Hong Kong,3,1,2024-02-04,2024-02-18
Time,time,Films,TH,Thailand,2,3,2026-07-12,2026-07-19
To Be Continued,to-be-continued,TV,TH,Thailand,1,8,2024-02-25,2024-02-25
To My Beloved Thief,to-my-beloved-thief,TV,NG,Nigeria,2,9,2026-01-11,2026-01-18
To My Beloved Thief,to-my-beloved-thief,TV,KR,South Korea,8,3,2026-01-11,2026-03-01
Together,together,Films,CZ,Czech Republic,3,1,2023-04-16,2023-04-30
Together,together,Films,SK,Slovakia,2,2,2023-04-16,2023-04-23
Tomb of the River,tomb-of-the-river,Films,KR,South Korea,4,2,2023-06-11,2023-07-02
Tomorrow,tomorrow,TV,BH,Bahrain,3,5,2022-05-01,2022-05-29
Tomorrow,tomorrow,TV,BD,Bangladesh,4,4,2022-05-08,2022-05-29
Tomorrow,tomorrow,TV,HK,Hong Kong,11,3,2022-04-10,2022-06-19
Tomorrow,tomorrow,TV,IN,India,1,9,2022-05-22,2022-05-22
Tomorrow,tomorrow,TV,ID,Indonesia,12,1,2022-04-10,2022-06-26
Tomorrow,tomorrow,TV,JP,Japan,5,3,2022-05-01,2022-05-29
Tomorrow,tomorrow,TV,KW,Kuwait,1,9,2022-05-22,2022-05-22
Tomorrow,tomorrow,TV,MY,Malaysia,11,1,2022-04-10,2022-06-19
Tomorrow,tomorrow,TV,MV,Maldives,5,2,2022-05-01,2022-05-29
Tomorrow,tomorrow,TV,NG,Nigeria,2,10,2022-05-22,2022-05-29
Tomorrow,tomorrow,TV,OM,Oman,1,7,2022-05-22,2022-05-22
Tomorrow,tomorrow,TV,PH,Philippines,10,2,2022-04-10,2022-06-12
Tomorrow,tomorrow,TV,QA,Qatar,6,3,2022-05-01,2022-06-05
Tomorrow,tomorrow,TV,SA,Saudi Arabia,7,4,2022-04-24,2022-06-05
Tomorrow,tomorrow,TV,SG,Singapore,11,3,2022-04-10,2022-06-19
Tomorrow,tomorrow,TV,KR,South Korea,9,4,2022-04-10,2022-06-05
Tomorrow,tomorrow,TV,LK,Sri Lanka,4,2,2022-05-08,2022-05-29
Tomorrow,tomorrow,TV,TW,Taiwan,11,4,2022-04-10,2022-06-19
Tomorrow,tomorrow,TV,TH,Thailand,9,3,2022-04-10,2022-06-05
Tomorrow,tomorrow,TV,AE,United Arab Emirates,4,6,2022-05-01,2022-06-05
Tomorrow,tomorrow,TV,VN,Vietnam,8,4,2022-04-10,2022-05-29
Touch Your Heart,touch-your-heart,TV,JP,Japan,5,2,2021-11-07,2021-12-05
Touch Your Heart,touch-your-heart,TV,KR,South Korea,2,8,2021-07-25,2021-08-01
Toxic,toxic,Films,KR,South Korea,2,6,2023-06-04,2023-06-11
Trade Your Love,trade-your-love,Films,KR,South Korea,2,6,2025-05-04,2025-05-11
Train to Busan,train-to-busan,Films,HK,Hong Kong,3,4,2022-01-02,2022-01-23
Train to Busan,train-to-busan,Films,ID,Indonesia,2,4,2021-12-05,2021-12-12
Train to Busan,train-to-busan,Films,MY,Malaysia,2,5,2021-12-05,2021-12-12
Train to Busan,train-to-busan,Films,SG,Singapore,3,1,2021-12-05,2021-12-19
Train to Busan,train-to-busan,Films,TW,Taiwan,1,9,2022-10-23,2022-10-23
Trigger,trigger,TV,BH,Bahrain,3,4,2025-07-27,2025-08-10
Trigger,trigger,TV,BD,Bangladesh,4,2,2025-08-03,2025-08-24
Trigger,trigger,TV,BR,Brazil,1,10,2025-08-03,2025-08-03
Trigger,trigger,TV,CZ,Czech Republic,1,9,2025-08-03,2025-08-03
Trigger,trigger,TV,DO,Dominican Republic,2,3,2025-07-27,2025-08-03
Trigger,trigger,TV,EG,Egypt,1,6,2025-08-03,2025-08-03
Trigger,trigger,TV,FR,France,1,8,2025-08-03,2025-08-03
Trigger,trigger,TV,GP,Guadeloupe,2,4,2025-07-27,2025-08-03
Trigger,trigger,TV,HN,Honduras,1,8,2025-08-03,2025-08-03
Trigger,trigger,TV,HK,Hong Kong,3,4,2025-07-27,2025-08-10
Trigger,trigger,TV,HU,Hungary,1,8,2025-08-03,2025-08-03
Trigger,trigger,TV,IN,India,1,5,2025-08-03,2025-08-03
Trigger,trigger,TV,ID,Indonesia,7,1,2025-07-27,2025-09-07
Trigger,trigger,TV,JM,Jamaica,1,4,2025-08-03,2025-08-03
Trigger,trigger,TV,JO,Jordan,2,5,2025-08-03,2025-08-17
Trigger,trigger,TV,KE,Kenya,1,6,2025-08-03,2025-08-03
Trigger,trigger,TV,KW,Kuwait,3,3,2025-07-27,2025-08-10
Trigger,trigger,TV,LB,Lebanon,1,9,2025-08-03,2025-08-03
Trigger,trigger,TV,MY,Malaysia,5,1,2025-07-27,2025-08-24
Trigger,trigger,TV,MV,Maldives,3,3,2025-08-03,2025-08-17
Trigger,trigger,TV,MQ,Martinique,2,4,2025-07-27,2025-08-03
Trigger,trigger,TV,MU,Mauritius,1,5,2025-08-03,2025-08-03
Trigger,trigger,TV,MA,Morocco,3,6,2025-08-03,2025-08-17
Trigger,trigger,TV,NC,New Caledonia,3,3,2025-07-27,2025-08-10
Trigger,trigger,TV,NI,Nicaragua,1,9,2025-08-03,2025-08-03
Trigger,trigger,TV,NG,Nigeria,3,3,2025-07-27,2025-08-10
Trigger,trigger,TV,OM,Oman,2,4,2025-08-03,2025-08-10
Trigger,trigger,TV,PK,Pakistan,4,2,2025-08-03,2025-08-24
Trigger,trigger,TV,PY,Paraguay,1,9,2025-08-03,2025-08-03
Trigger,trigger,TV,PE,Peru,1,7,2025-08-03,2025-08-03
Trigger,trigger,TV,PH,Philippines,4,2,2025-07-27,2025-08-17
Trigger,trigger,TV,PT,Portugal,1,8,2025-08-03,2025-08-03
Trigger,trigger,TV,QA,Qatar,4,3,2025-07-27,2025-08-17
Trigger,trigger,TV,RE,Réunion,2,5,2025-07-27,2025-08-03
Trigger,trigger,TV,RO,Romania,2,6,2025-07-27,2025-08-03
Trigger,trigger,TV,SA,Saudi Arabia,3,3,2025-08-03,2025-08-17
Trigger,trigger,TV,SG,Singapore,5,1,2025-07-27,2025-08-24
Trigger,trigger,TV,KR,South Korea,5,1,2025-07-27,2025-08-24
Trigger,trigger,TV,LK,Sri Lanka,1,3,2025-08-03,2025-08-03
Trigger,trigger,TV,TW,Taiwan,3,2,2025-07-27,2025-08-10
Trigger,trigger,TV,TH,Thailand,4,1,2025-07-27,2025-08-17
Trigger,trigger,TV,TR,Turkey,1,7,2025-08-03,2025-08-03
Trigger,trigger,TV,AE,United Arab Emirates,3,3,2025-07-27,2025-08-10
Trigger,trigger,TV,VE,Venezuela,1,9,2025-08-03,2025-08-03
Trigger,trigger,TV,VN,Vietnam,6,1,2025-07-27,2025-09-14
Troll Factory,troll-factory,Films,KR,South Korea,5,1,2024-07-14,2024-08-11
Trolley,trolley,TV,ID,Indonesia,1,10,2023-02-19,2023-02-19
Trolley,trolley,TV,JP,Japan,2,5,2023-02-12,2023-02-19
Trolley,trolley,TV,SG,Singapore,1,10,2023-02-19,2023-02-19
Trolley,trolley,TV,KR,South Korea,5,9,2023-01-15,2023-02-19
Troubleshooter,troubleshooter,Films,KR,South Korea,2,6,2026-02-15,2026-02-22
True Beauty,true-beauty,TV,AR,Argentina,5,3,2023-12-17,2024-01-14
True Beauty,true-beauty,TV,AU,Australia,2,3,2023-02-12,2023-02-19
True Beauty,true-beauty,TV,BH,Bahrain,10,2,2023-02-12,2023-04-16
True Beauty,true-beauty,TV,BD,Bangladesh,18,1,2023-02-12,2023-06-11
True Beauty,true-beauty,TV,BO,Bolivia,25,1,2023-12-17,2024-08-25
True Beauty,true-beauty,TV,BR,Brazil,5,3,2023-12-17,2024-01-14
True Beauty,true-beauty,TV,CL,Chile,9,1,2023-12-17,2024-02-11
True Beauty,true-beauty,TV,CO,Colombia,10,1,2023-12-17,2024-02-18
True Beauty,true-beauty,TV,CR,Costa Rica,6,2,2023-12-17,2024-01-21
True Beauty,true-beauty,TV,DO,Dominican Republic,6,3,2023-12-17,2024-01-21
True Beauty,true-beauty,TV,EC,Ecuador,17,1,2023-12-17,2024-08-04
True Beauty,true-beauty,TV,EG,Egypt,6,2,2023-02-12,2023-03-26
True Beauty,true-beauty,TV,SV,El Salvador,14,1,2023-12-17,2024-08-04
True Beauty,true-beauty,TV,FR,France,1,10,2023-12-17,2023-12-17
True Beauty,true-beauty,TV,GT,Guatemala,13,1,2023-12-17,2024-08-04
True Beauty,true-beauty,TV,HN,Honduras,12,1,2023-12-17,2024-08-04
True Beauty,true-beauty,TV,HK,Hong Kong,5,3,2023-02-12,2023-03-19
True Beauty,true-beauty,TV,IN,India,18,3,2023-02-12,2023-06-11
True Beauty,true-beauty,TV,ID,Indonesia,12,1,2023-02-12,2023-05-14
True Beauty,true-beauty,TV,JO,Jordan,6,1,2023-02-12,2023-03-19
True Beauty,true-beauty,TV,KE,Kenya,4,2,2023-02-12,2023-03-19
True Beauty,true-beauty,TV,KW,Kuwait,14,2,2023-02-12,2023-05-21
True Beauty,true-beauty,TV,LB,Lebanon,3,3,2023-02-12,2023-02-26
True Beauty,true-beauty,TV,MY,Malaysia,14,1,2023-02-12,2023-05-14
True Beauty,true-beauty,TV,MV,Maldives,15,1,2023-02-12,2023-06-04
True Beauty,true-beauty,TV,MQ,Martinique,1,9,2023-12-17,2023-12-17
True Beauty,true-beauty,TV,MU,Mauritius,4,2,2023-02-12,2023-03-05
True Beauty,true-beauty,TV,MX,Mexico,18,1,2023-12-17,2024-08-25
True Beauty,true-beauty,TV,MA,Morocco,8,2,2023-02-12,2023-04-16
True Beauty,true-beauty,TV,NC,New Caledonia,3,5,2023-02-19,2023-03-05
True Beauty,true-beauty,TV,NZ,New Zealand,2,3,2023-02-12,2023-02-19
True Beauty,true-beauty,TV,NI,Nicaragua,20,1,2023-12-17,2024-08-04
True Beauty,true-beauty,TV,NG,Nigeria,11,1,2023-02-12,2023-04-23
True Beauty,true-beauty,TV,OM,Oman,18,1,2023-02-12,2023-06-11
True Beauty,true-beauty,TV,PK,Pakistan,11,3,2023-02-12,2023-06-04
True Beauty,true-beauty,TV,PA,Panama,6,2,2023-12-17,2024-01-21
True Beauty,true-beauty,TV,PY,Paraguay,7,1,2023-12-17,2024-02-04
True Beauty,true-beauty,TV,PE,Peru,18,1,2023-12-17,2024-08-11
True Beauty,true-beauty,TV,PH,Philippines,14,1,2023-02-12,2023-05-14
True Beauty,true-beauty,TV,QA,Qatar,12,1,2023-02-12,2023-04-30
True Beauty,true-beauty,TV,RE,Réunion,3,4,2023-02-19,2023-03-05
True Beauty,true-beauty,TV,SA,Saudi Arabia,17,1,2023-02-12,2023-06-04
True Beauty,true-beauty,TV,SG,Singapore,8,2,2023-02-12,2023-04-02
True Beauty,true-beauty,TV,ZA,South Africa,3,3,2023-02-12,2023-02-26
True Beauty,true-beauty,TV,KR,South Korea,3,5,2023-02-12,2023-02-26
True Beauty,true-beauty,TV,LK,Sri Lanka,11,1,2023-02-12,2023-04-23
True Beauty,true-beauty,TV,TW,Taiwan,4,4,2023-02-12,2023-03-05
True Beauty,true-beauty,TV,TH,Thailand,12,1,2023-02-12,2023-04-30
True Beauty,true-beauty,TV,TR,Turkey,2,8,2023-12-17,2023-12-24
True Beauty,true-beauty,TV,AE,United Arab Emirates,10,1,2023-02-12,2023-04-16
True Beauty,true-beauty,TV,UY,Uruguay,2,7,2023-12-17,2023-12-24
True Beauty,true-beauty,TV,VE,Venezuela,5,1,2023-12-17,2024-01-14
True Beauty,true-beauty,TV,VN,Vietnam,6,3,2023-02-12,2023-03-19
True to Love,true-to-love,TV,KR,South Korea,2,3,2023-06-04,2023-06-11
Truth,truth,TV,JP,Japan,3,1,2024-03-31,2024-04-14
Tunnel,tunnel,Films,MY,Malaysia,3,2,2023-04-23,2023-05-07
Tunnel,tunnel,Films,SG,Singapore,3,2,2023-04-23,2023-05-07
Tunnel,tunnel,Films,KR,South Korea,2,7,2021-09-12,2021-09-19
Tunnel,tunnel,Films,TH,Thailand,5,3,2021-10-17,2023-04-30
Tunnel,tunnel,Films,VN,Vietnam,1,8,2023-04-23,2023-04-23
Twins,twins,Films,EE,Estonia,1,8,2026-01-25,2026-01-25
Twins,twins,Films,IS,Iceland,1,10,2026-01-18,2026-01-18
Twins,twins,Films,IL,Israel,1,8,2026-01-25,2026-01-25
Twins,twins,Films,JM,Jamaica,1,10,2022-06-19,2022-06-19
Twins,twins,Films,MT,Malta,1,8,2026-01-18,2026-01-18
Twins,twins,Films,SI,Slovenia,1,10,2026-01-25,2026-01-25
Typhoon Family,typhoon-family,TV,BO,Bolivia,1,10,2025-10-19,2025-10-19
Typhoon Family,typhoon-family,TV,BR,Brazil,2,8,2025-10-19,2025-10-26
Typhoon Family,typhoon-family,TV,SV,El Salvador,1,8,2025-10-19,2025-10-19
Typhoon Family,typhoon-family,TV,GT,Guatemala,1,10,2025-10-19,2025-10-19
Typhoon Family,typhoon-family,TV,HN,Honduras,2,8,2025-10-19,2025-11-02
Typhoon Family,typhoon-family,TV,HK,Hong Kong,4,8,2025-10-19,2025-11-09
Typhoon Family,typhoon-family,TV,ID,Indonesia,7,3,2025-10-19,2025-11-30
Typhoon Family,typhoon-family,TV,JP,Japan,1,10,2025-10-19,2025-10-19
Typhoon Family,typhoon-family,TV,MY,Malaysia,5,3,2025-10-19,2025-11-16
Typhoon Family,typhoon-family,TV,NI,Nicaragua,2,8,2025-10-19,2025-11-02
Typhoon Family,typhoon-family,TV,PY,Paraguay,1,10,2025-10-19,2025-10-19
Typhoon Family,typhoon-family,TV,PE,Peru,2,8,2025-10-19,2025-11-02
Typhoon Family,typhoon-family,TV,PH,Philippines,1,10,2025-10-19,2025-10-19
Typhoon Family,typhoon-family,TV,SG,Singapore,6,4,2025-10-19,2025-11-23
Typhoon Family,typhoon-family,TV,KR,South Korea,9,1,2025-10-12,2025-12-07
Typhoon Family,typhoon-family,TV,TW,Taiwan,4,7,2025-10-19,2025-11-09
Typhoon Family,typhoon-family,TV,TH,Thailand,1,8,2025-10-19,2025-10-19
Typhoon Family,typhoon-family,TV,VE,Venezuela,1,8,2025-10-19,2025-10-19
Typhoon Family,typhoon-family,TV,VN,Vietnam,7,4,2025-10-19,2025-11-30
Umma,umma,Films,ID,Indonesia,1,9,2022-08-28,2022-08-28
Uncle,uncle,TV,TW,Taiwan,4,6,2023-10-29,2023-11-19
Under the Queen's Umbrella,under-the-queen-s-umbrella,TV,BH,Bahrain,3,5,2022-11-27,2022-12-11
Under the Queen's Umbrella,under-the-queen-s-umbrella,TV,BD,Bangladesh,1,8,2022-12-04,2022-12-04
Under the Queen's Umbrella,under-the-queen-s-umbrella,TV,HK,Hong Kong,7,2,2022-10-30,2022-12-11
Under the Queen's Umbrella,under-the-queen-s-umbrella,TV,ID,Indonesia,10,1,2022-10-23,2022-12-25
Under the Queen's Umbrella,under-the-queen-s-umbrella,TV,JP,Japan,8,2,2022-10-23,2022-12-11
Under the Queen's Umbrella,under-the-queen-s-umbrella,TV,KW,Kuwait,3,4,2022-11-27,2022-12-11
Under the Queen's Umbrella,under-the-queen-s-umbrella,TV,MY,Malaysia,10,1,2022-10-23,2022-12-25
Under the Queen's Umbrella,under-the-queen-s-umbrella,TV,MV,Maldives,3,4,2022-11-27,2022-12-11
Under the Queen's Umbrella,under-the-queen-s-umbrella,TV,NG,Nigeria,8,3,2022-11-06,2022-12-25
Under the Queen's Umbrella,under-the-queen-s-umbrella,TV,OM,Oman,3,4,2022-11-27,2022-12-11
Under the Queen's Umbrella,under-the-queen-s-umbrella,TV,PE,Peru,1,9,2022-12-04,2022-12-04
Under the Queen's Umbrella,under-the-queen-s-umbrella,TV,PH,Philippines,7,2,2022-11-06,2022-12-18
Under the Queen's Umbrella,under-the-queen-s-umbrella,TV,QA,Qatar,4,3,2022-11-20,2022-12-11
Under the Queen's Umbrella,under-the-queen-s-umbrella,TV,SA,Saudi Arabia,2,7,2022-12-04,2022-12-11
Under the Queen's Umbrella,under-the-queen-s-umbrella,TV,SG,Singapore,10,1,2022-10-23,2022-12-25
Under the Queen's Umbrella,under-the-queen-s-umbrella,TV,KR,South Korea,9,1,2022-10-23,2022-12-18
Under the Queen's Umbrella,under-the-queen-s-umbrella,TV,LK,Sri Lanka,6,3,2022-11-13,2022-12-18
Under the Queen's Umbrella,under-the-queen-s-umbrella,TV,TW,Taiwan,10,2,2022-10-23,2022-12-25
Under the Queen's Umbrella,under-the-queen-s-umbrella,TV,TH,Thailand,10,1,2022-10-23,2022-12-25
Under the Queen's Umbrella,under-the-queen-s-umbrella,TV,AE,United Arab Emirates,3,4,2022-11-27,2022-12-11
Under the Queen's Umbrella,under-the-queen-s-umbrella,TV,VN,Vietnam,10,1,2022-10-23,2022-12-25
Undercover Miss Hong,undercover-miss-hong,TV,BO,Bolivia,1,10,2026-01-25,2026-01-25
Undercover Miss Hong,undercover-miss-hong,TV,HK,Hong Kong,4,7,2026-01-25,2026-03-15
Undercover Miss Hong,undercover-miss-hong,TV,ID,Indonesia,7,5,2026-01-25,2026-03-08
Undercover Miss Hong,undercover-miss-hong,TV,MY,Malaysia,8,3,2026-01-25,2026-03-15
Undercover Miss Hong,undercover-miss-hong,TV,OM,Oman,1,9,2026-01-25,2026-01-25
Undercover Miss Hong,undercover-miss-hong,TV,PE,Peru,5,7,2026-01-25,2026-03-01
Undercover Miss Hong,undercover-miss-hong,TV,PH,Philippines,7,5,2026-01-25,2026-03-08
Undercover Miss Hong,undercover-miss-hong,TV,QA,Qatar,1,9,2026-01-25,2026-01-25
Undercover Miss Hong,undercover-miss-hong,TV,SA,Saudi Arabia,1,9,2026-01-25,2026-01-25
Undercover Miss Hong,undercover-miss-hong,TV,SG,Singapore,7,5,2026-01-25,2026-03-15
Undercover Miss Hong,undercover-miss-hong,TV,KR,South Korea,9,2,2026-01-18,2026-03-15
Undercover Miss Hong,undercover-miss-hong,TV,TW,Taiwan,9,5,2026-01-25,2026-03-22
Undercover Miss Hong,undercover-miss-hong,TV,TH,Thailand,2,7,2026-01-25,2026-02-01
Undercover Miss Hong,undercover-miss-hong,TV,VN,Vietnam,7,4,2026-01-25,2026-03-08
Unforgiven,unforgiven,Films,MQ,Martinique,1,10,2025-06-01,2025-06-01
Unforgiven,unforgiven,Films,NC,New Caledonia,1,10,2025-06-01,2025-06-01
Unlock My Boss,unlock-my-boss,TV,HK,Hong Kong,5,4,2023-03-12,2023-04-09
Unlock My Boss,unlock-my-boss,TV,ID,Indonesia,5,2,2023-03-12,2023-04-09
Unlock My Boss,unlock-my-boss,TV,MY,Malaysia,5,2,2023-03-12,2023-04-09
Unlock My Boss,unlock-my-boss,TV,NG,Nigeria,2,7,2023-03-12,2023-03-19
Unlock My Boss,unlock-my-boss,TV,PH,Philippines,5,2,2023-03-12,2023-04-09
Unlock My Boss,unlock-my-boss,TV,QA,Qatar,2,9,2023-03-12,2023-03-19
Unlock My Boss,unlock-my-boss,TV,SG,Singapore,5,2,2023-03-12,2023-04-09
Unlock My Boss,unlock-my-boss,TV,TW,Taiwan,5,3,2023-03-12,2023-04-09
Unlock My Boss,unlock-my-boss,TV,TH,Thailand,4,2,2023-03-12,2023-04-02
Unlock My Boss,unlock-my-boss,TV,AE,United Arab Emirates,1,10,2023-03-19,2023-03-19
Unlock My Boss,unlock-my-boss,TV,VN,Vietnam,3,6,2023-03-12,2023-03-26
Unlocked,unlocked,Films,AR,Argentina,1,6,2023-02-26,2023-02-26
Unlocked,unlocked,Films,AU,Australia,2,4,2022-06-12,2022-06-19
Unlocked,unlocked,Films,BS,Bahamas,1,10,2024-01-14,2024-01-14
Unlocked,unlocked,Films,BH,Bahrain,3,3,2023-02-19,2023-03-05
Unlocked,unlocked,Films,BD,Bangladesh,4,3,2023-02-19,2023-03-12
Unlocked,unlocked,Films,BO,Bolivia,4,2,2023-02-19,2023-03-12
Unlocked,unlocked,Films,BR,Brazil,2,5,2023-02-19,2023-02-26
Unlocked,unlocked,Films,CL,Chile,1,5,2023-02-26,2023-02-26
Unlocked,unlocked,Films,CO,Colombia,4,4,2023-02-19,2024-01-14
Unlocked,unlocked,Films,CR,Costa Rica,1,6,2023-02-26,2023-02-26
Unlocked,unlocked,Films,CY,Cyprus,1,10,2023-02-26,2023-02-26
Unlocked,unlocked,Films,DO,Dominican Republic,3,5,2023-02-19,2024-01-07
Unlocked,unlocked,Films,EC,Ecuador,3,3,2023-02-19,2023-03-05
Unlocked,unlocked,Films,EG,Egypt,2,5,2023-02-26,2023-03-05
Unlocked,unlocked,Films,SV,El Salvador,2,6,2023-02-19,2023-02-26
Unlocked,unlocked,Films,GR,Greece,1,7,2023-02-26,2023-02-26
Unlocked,unlocked,Films,GT,Guatemala,3,7,2023-02-19,2024-01-07
Unlocked,unlocked,Films,HN,Honduras,3,4,2023-02-19,2024-01-07
Unlocked,unlocked,Films,HK,Hong Kong,5,1,2023-02-19,2023-03-19
Unlocked,unlocked,Films,ID,Indonesia,5,1,2023-02-19,2023-03-19
Unlocked,unlocked,Films,JM,Jamaica,1,10,2024-01-07,2024-01-07
Unlocked,unlocked,Films,JP,Japan,1,4,2023-02-26,2023-02-26
Unlocked,unlocked,Films,JO,Jordan,3,3,2023-02-19,2023-03-05
Unlocked,unlocked,Films,KE,Kenya,2,8,2022-10-09,2022-10-16
Unlocked,unlocked,Films,KW,Kuwait,3,2,2023-02-19,2023-03-05
Unlocked,unlocked,Films,MY,Malaysia,4,1,2023-02-19,2023-03-12
Unlocked,unlocked,Films,MV,Maldives,2,2,2023-02-26,2023-03-05
Unlocked,unlocked,Films,MX,Mexico,2,8,2023-02-19,2023-02-26
Unlocked,unlocked,Films,MA,Morocco,4,1,2023-02-19,2023-03-12
Unlocked,unlocked,Films,NZ,New Zealand,2,4,2022-06-12,2022-06-19
Unlocked,unlocked,Films,NI,Nicaragua,3,4,2023-02-19,2023-03-12
Unlocked,unlocked,Films,OM,Oman,3,2,2023-02-19,2023-03-05
Unlocked,unlocked,Films,PA,Panama,4,4,2023-02-19,2024-01-14
Unlocked,unlocked,Films,PY,Paraguay,3,5,2023-02-19,2024-01-07
Unlocked,unlocked,Films,PE,Peru,5,2,2023-02-19,2024-01-07
Unlocked,unlocked,Films,PH,Philippines,4,2,2023-02-19,2023-03-12
Unlocked,unlocked,Films,PL,Poland,2,5,2023-02-19,2023-02-26
Unlocked,unlocked,Films,PT,Portugal,2,4,2023-02-19,2023-02-26
Unlocked,unlocked,Films,QA,Qatar,3,2,2023-02-19,2023-03-05
Unlocked,unlocked,Films,SA,Saudi Arabia,4,1,2023-02-19,2023-03-12
Unlocked,unlocked,Films,RS,Serbia,1,9,2023-02-26,2023-02-26
Unlocked,unlocked,Films,SG,Singapore,4,1,2023-02-19,2023-03-12
Unlocked,unlocked,Films,KR,South Korea,6,1,2023-02-19,2023-03-26
Unlocked,unlocked,Films,LK,Sri Lanka,2,5,2023-02-26,2023-03-05
Unlocked,unlocked,Films,TW,Taiwan,7,1,2023-02-19,2023-04-02
Unlocked,unlocked,Films,TH,Thailand,2,2,2023-02-19,2023-02-26
Unlocked,unlocked,Films,TT,Trinidad and Tobago,1,5,2024-01-07,2024-01-07
Unlocked,unlocked,Films,TR,Turkey,1,7,2023-02-26,2023-02-26
Unlocked,unlocked,Films,AE,United Arab Emirates,3,4,2023-02-19,2023-03-05
Unlocked,unlocked,Films,UY,Uruguay,1,6,2023-02-26,2023-02-26
Unlocked,unlocked,Films,VE,Venezuela,4,3,2023-02-19,2024-01-14
Unlocked,unlocked,Films,VN,Vietnam,5,1,2023-02-19,2023-03-19
Unstoppable,unstoppable,Films,ID,Indonesia,1,4,2023-08-06,2023-08-06
Unstoppable,unstoppable,Films,JP,Japan,2,4,2024-07-07,2024-07-14
Unstoppable,unstoppable,Films,MY,Malaysia,3,2,2023-07-30,2023-08-13
Unstoppable,unstoppable,Films,PH,Philippines,1,5,2022-09-04,2022-09-04
Unstoppable,unstoppable,Films,SG,Singapore,3,2,2023-07-30,2023-08-13
Untouchable,untouchable,Films,IE,Ireland,1,10,2022-03-20,2022-03-20
Untouchable,untouchable,Films,IT,Italy,1,4,2026-01-11,2026-01-11
Untouchable,untouchable,Films,MT,Malta,1,7,2022-03-20,2022-03-20
Uprising,uprising,Films,AR,Argentina,2,9,2024-10-13,2024-10-20
Uprising,uprising,Films,AT,Austria,1,10,2024-10-20,2024-10-20
Uprising,uprising,Films,BS,Bahamas,1,9,2024-10-20,2024-10-20
Uprising,uprising,Films,BH,Bahrain,2,3,2024-10-13,2024-10-20
Uprising,uprising,Films,BD,Bangladesh,2,7,2024-10-13,2024-10-20
Uprising,uprising,Films,BE,Belgium,1,9,2024-10-20,2024-10-20
Uprising,uprising,Films,BO,Bolivia,1,8,2024-10-20,2024-10-20
Uprising,uprising,Films,BR,Brazil,1,10,2024-10-13,2024-10-13
Uprising,uprising,Films,BG,Bulgaria,2,7,2024-10-13,2024-10-20
Uprising,uprising,Films,CL,Chile,2,9,2024-10-13,2024-10-20
Uprising,uprising,Films,CO,Colombia,2,10,2024-10-13,2024-10-20
Uprising,uprising,Films,HR,Croatia,2,6,2024-10-13,2024-10-20
Uprising,uprising,Films,CY,Cyprus,2,7,2024-10-13,2024-10-20
Uprising,uprising,Films,CZ,Czech Republic,2,8,2024-10-13,2024-10-20
Uprising,uprising,Films,DK,Denmark,1,10,2024-10-20,2024-10-20
Uprising,uprising,Films,DO,Dominican Republic,2,9,2024-10-13,2024-10-20
Uprising,uprising,Films,EC,Ecuador,1,9,2024-10-20,2024-10-20
Uprising,uprising,Films,EG,Egypt,1,5,2024-10-20,2024-10-20
Uprising,uprising,Films,SV,El Salvador,2,9,2024-10-13,2024-10-20
Uprising,uprising,Films,EE,Estonia,1,10,2024-10-20,2024-10-20
Uprising,uprising,Films,FI,Finland,1,9,2024-10-20,2024-10-20
Uprising,uprising,Films,FR,France,2,8,2024-10-13,2024-10-20
Uprising,uprising,Films,DE,Germany,1,8,2024-10-20,2024-10-20
Uprising,uprising,Films,GR,Greece,2,5,2024-10-13,2024-10-20
Uprising,uprising,Films,GP,Guadeloupe,2,6,2024-10-13,2024-10-20
Uprising,uprising,Films,HN,Honduras,1,9,2024-10-20,2024-10-20
Uprising,uprising,Films,HK,Hong Kong,3,1,2024-10-13,2024-10-27
Uprising,uprising,Films,HU,Hungary,2,8,2024-10-13,2024-10-20
Uprising,uprising,Films,IS,Iceland,1,10,2024-10-13,2024-10-13
Uprising,uprising,Films,IN,India,1,8,2024-10-20,2024-10-20
Uprising,uprising,Films,ID,Indonesia,2,4,2024-10-13,2024-10-20
Uprising,uprising,Films,IL,Israel,1,9,2024-10-13,2024-10-13
Uprising,uprising,Films,JM,Jamaica,2,7,2024-10-13,2024-10-20
Uprising,uprising,Films,JP,Japan,2,3,2024-10-13,2024-10-20
Uprising,uprising,Films,JO,Jordan,2,3,2024-10-13,2024-10-20
Uprising,uprising,Films,KW,Kuwait,3,1,2024-10-13,2024-10-27
Uprising,uprising,Films,LB,Lebanon,3,3,2024-10-13,2024-10-27
Uprising,uprising,Films,LU,Luxembourg,1,8,2024-10-20,2024-10-20
Uprising,uprising,Films,MY,Malaysia,2,1,2024-10-13,2024-10-20
Uprising,uprising,Films,MV,Maldives,1,7,2024-10-20,2024-10-20
Uprising,uprising,Films,MT,Malta,2,8,2024-10-13,2024-10-20
Uprising,uprising,Films,MQ,Martinique,2,5,2024-10-13,2024-10-20
Uprising,uprising,Films,MX,Mexico,1,9,2024-10-20,2024-10-20
Uprising,uprising,Films,MA,Morocco,3,4,2024-10-13,2024-10-27
Uprising,uprising,Films,NL,Netherlands,1,10,2024-10-20,2024-10-20
Uprising,uprising,Films,NC,New Caledonia,2,2,2024-10-13,2024-10-20
Uprising,uprising,Films,NI,Nicaragua,2,9,2024-10-13,2024-10-20
Uprising,uprising,Films,NG,Nigeria,3,3,2024-10-13,2024-10-27
Uprising,uprising,Films,NO,Norway,2,10,2024-10-13,2024-10-20
Uprising,uprising,Films,OM,Oman,3,1,2024-10-13,2024-10-27
Uprising,uprising,Films,PK,Pakistan,2,4,2024-10-13,2024-10-20
Uprising,uprising,Films,PA,Panama,2,9,2024-10-13,2024-10-20
Uprising,uprising,Films,PY,Paraguay,2,9,2024-10-13,2024-10-20
Uprising,uprising,Films,PE,Peru,2,7,2024-10-13,2024-10-20
Uprising,uprising,Films,PH,Philippines,2,2,2024-10-13,2024-10-20
Uprising,uprising,Films,PL,Poland,2,6,2024-10-13,2024-10-20
Uprising,uprising,Films,PT,Portugal,2,9,2024-10-13,2024-10-20
Uprising,uprising,Films,QA,Qatar,2,1,2024-10-13,2024-10-20
Uprising,uprising,Films,RE,Réunion,2,5,2024-10-13,2024-10-20
Uprising,uprising,Films,RO,Romania,2,3,2024-10-13,2024-10-20
Uprising,uprising,Films,SA,Saudi Arabia,3,2,2024-10-13,2024-10-27
Uprising,uprising,Films,RS,Serbia,2,7,2024-10-13,2024-10-20
Uprising,uprising,Films,SG,Singapore,2,2,2024-10-13,2024-10-20
Uprising,uprising,Films,SK,Slovakia,2,8,2024-10-13,2024-10-20
Uprising,uprising,Films,SI,Slovenia,2,9,2024-10-13,2024-10-20
Uprising,uprising,Films,KR,South Korea,9,1,2024-10-13,2025-01-05
Uprising,uprising,Films,LK,Sri Lanka,1,6,2024-10-20,2024-10-20
Uprising,uprising,Films,SE,Sweden,2,8,2024-10-13,2024-10-20
Uprising,uprising,Films,CH,Switzerland,1,9,2024-10-20,2024-10-20
Uprising,uprising,Films,TW,Taiwan,3,1,2024-10-13,2024-10-27
Uprising,uprising,Films,TH,Thailand,2,3,2024-10-13,2024-10-20
Uprising,uprising,Films,TT,Trinidad and Tobago,1,8,2024-10-20,2024-10-20
Uprising,uprising,Films,TR,Turkey,2,4,2024-10-13,2024-10-20
Uprising,uprising,Films,UA,Ukraine,2,3,2024-10-13,2024-10-20
Uprising,uprising,Films,AE,United Arab Emirates,2,5,2024-10-13,2024-10-20
Uprising,uprising,Films,VE,Venezuela,2,8,2024-10-13,2024-10-20
Uprising,uprising,Films,VN,Vietnam,3,2,2024-10-13,2024-10-27
Urban Myths,urban-myths,Films,KR,South Korea,2,6,2024-12-22,2024-12-29
Urban Myths,urban-myths,Films,TH,Thailand,2,3,2023-03-12,2023-03-19
Usury Academy,usury-academy,Films,KR,South Korea,3,1,2024-02-25,2024-03-10
V.I.P.,v-i-p,Films,KR,South Korea,3,3,2023-12-31,2024-01-14
Vagabond,vagabond,TV,VN,Vietnam,8,1,2021-07-25,2021-10-03
Vanished,vanished,Films,ID,Indonesia,3,1,2026-02-08,2026-02-22
Vanished,vanished,Films,MY,Malaysia,2,3,2026-02-08,2026-02-15
Vertigo,vertigo,Films,KR,South Korea,1,10,2024-05-12,2024-05-12
Veteran,veteran,Films,KR,South Korea,3,3,2024-09-15,2024-09-29
Villains,villains,Films,TR,Turkey,1,10,2022-08-07,2022-08-07
Vincenzo,vincenzo,TV,BD,Bangladesh,18,3,2021-07-04,2023-05-28
Vincenzo,vincenzo,TV,HK,Hong Kong,2,8,2021-07-04,2021-07-18
Vincenzo,vincenzo,TV,ID,Indonesia,25,4,2021-07-04,2022-12-04
Vincenzo,vincenzo,TV,JP,Japan,10,3,2021-07-04,2021-09-05
Vincenzo,vincenzo,TV,MY,Malaysia,23,3,2021-07-04,2021-12-19
Vincenzo,vincenzo,TV,MV,Maldives,3,4,2021-07-04,2021-07-18
Vincenzo,vincenzo,TV,MA,Morocco,4,8,2021-07-04,2021-08-15
Vincenzo,vincenzo,TV,NG,Nigeria,10,3,2021-07-04,2021-11-21
Vincenzo,vincenzo,TV,PK,Pakistan,45,4,2022-06-12,2023-06-11
Vincenzo,vincenzo,TV,PH,Philippines,5,3,2021-07-04,2021-08-08
Vincenzo,vincenzo,TV,SA,Saudi Arabia,2,7,2021-07-04,2021-07-11
Vincenzo,vincenzo,TV,SG,Singapore,4,7,2021-07-04,2021-07-25
Vincenzo,vincenzo,TV,KR,South Korea,1,9,2021-07-18,2021-07-18
Vincenzo,vincenzo,TV,LK,Sri Lanka,2,6,2021-07-04,2021-07-11
Vincenzo,vincenzo,TV,TW,Taiwan,6,6,2021-07-04,2021-08-08
Vincenzo,vincenzo,TV,TH,Thailand,29,3,2021-07-04,2022-06-12
Vincenzo,vincenzo,TV,VN,Vietnam,24,3,2021-07-04,2022-09-04
Virus,virus,Films,CL,Chile,1,10,2026-06-14,2026-06-14
Virus,virus,Films,KR,South Korea,4,3,2025-08-03,2025-08-24
Voice,voice,TV,SA,Saudi Arabia,1,10,2021-12-26,2021-12-26
Voice,voice,TV,TH,Thailand,2,5,2022-05-22,2022-05-29
Voice Of Silence,voice-of-silence,Films,JP,Japan,1,10,2023-10-08,2023-10-08
Voice Of Silence,voice-of-silence,Films,KR,South Korea,2,1,2021-11-07,2021-11-14
Wall to Wall,wall-to-wall,Films,AR,Argentina,1,9,2025-07-27,2025-07-27
Wall to Wall,wall-to-wall,Films,AT,Austria,2,7,2025-07-20,2025-07-27
Wall to Wall,wall-to-wall,Films,BH,Bahrain,2,4,2025-07-20,2025-07-27
Wall to Wall,wall-to-wall,Films,BD,Bangladesh,2,4,2025-07-20,2025-07-27
Wall to Wall,wall-to-wall,Films,BE,Belgium,2,8,2025-07-20,2025-07-27
Wall to Wall,wall-to-wall,Films,BO,Bolivia,1,8,2025-07-27,2025-07-27
Wall to Wall,wall-to-wall,Films,BG,Bulgaria,1,7,2025-07-27,2025-07-27
Wall to Wall,wall-to-wall,Films,CL,Chile,1,10,2025-07-27,2025-07-27
Wall to Wall,wall-to-wall,Films,CO,Colombia,1,9,2025-07-27,2025-07-27
Wall to Wall,wall-to-wall,Films,CZ,Czech Republic,2,7,2025-07-20,2025-07-27
Wall to Wall,wall-to-wall,Films,DO,Dominican Republic,1,8,2025-07-27,2025-07-27
Wall to Wall,wall-to-wall,Films,EC,Ecuador,1,10,2025-07-27,2025-07-27
Wall to Wall,wall-to-wall,Films,EG,Egypt,1,6,2025-07-27,2025-07-27
Wall to Wall,wall-to-wall,Films,FR,France,2,3,2025-07-20,2025-07-27
Wall to Wall,wall-to-wall,Films,DE,Germany,2,6,2025-07-20,2025-07-27
Wall to Wall,wall-to-wall,Films,GP,Guadeloupe,2,4,2025-07-20,2025-07-27
Wall to Wall,wall-to-wall,Films,HN,Honduras,2,9,2025-07-20,2025-07-27
Wall to Wall,wall-to-wall,Films,HK,Hong Kong,3,2,2025-07-20,2025-08-03
Wall to Wall,wall-to-wall,Films,HU,Hungary,2,8,2025-07-20,2025-07-27
Wall to Wall,wall-to-wall,Films,IN,India,1,5,2025-07-27,2025-07-27
Wall to Wall,wall-to-wall,Films,ID,Indonesia,2,3,2025-07-20,2025-07-27
Wall to Wall,wall-to-wall,Films,IT,Italy,2,5,2025-07-20,2025-07-27
Wall to Wall,wall-to-wall,Films,JP,Japan,3,1,2025-07-20,2025-08-03
Wall to Wall,wall-to-wall,Films,JO,Jordan,2,5,2025-07-20,2025-07-27
Wall to Wall,wall-to-wall,Films,KW,Kuwait,2,1,2025-07-20,2025-07-27
Wall to Wall,wall-to-wall,Films,LT,Lithuania,1,6,2025-07-27,2025-07-27
Wall to Wall,wall-to-wall,Films,LU,Luxembourg,2,5,2025-07-20,2025-07-27
Wall to Wall,wall-to-wall,Films,MY,Malaysia,2,3,2025-07-20,2025-07-27
Wall to Wall,wall-to-wall,Films,MV,Maldives,1,4,2025-07-27,2025-07-27
Wall to Wall,wall-to-wall,Films,MQ,Martinique,2,5,2025-07-20,2025-07-27
Wall to Wall,wall-to-wall,Films,MU,Mauritius,1,8,2025-07-27,2025-07-27
Wall to Wall,wall-to-wall,Films,MA,Morocco,3,1,2025-07-20,2025-08-03
Wall to Wall,wall-to-wall,Films,NC,New Caledonia,1,3,2025-07-27,2025-07-27
Wall to Wall,wall-to-wall,Films,NG,Nigeria,1,3,2025-07-27,2025-07-27
Wall to Wall,wall-to-wall,Films,OM,Oman,2,2,2025-07-20,2025-07-27
Wall to Wall,wall-to-wall,Films,PK,Pakistan,2,5,2025-07-20,2025-07-27
Wall to Wall,wall-to-wall,Films,PA,Panama,1,10,2025-07-27,2025-07-27
Wall to Wall,wall-to-wall,Films,PY,Paraguay,1,10,2025-07-27,2025-07-27
Wall to Wall,wall-to-wall,Films,PE,Peru,2,6,2025-07-20,2025-07-27
Wall to Wall,wall-to-wall,Films,PH,Philippines,2,3,2025-07-20,2025-07-27
Wall to Wall,wall-to-wall,Films,PL,Poland,2,8,2025-07-20,2025-07-27
Wall to Wall,wall-to-wall,Films,QA,Qatar,2,1,2025-07-20,2025-07-27
Wall to Wall,wall-to-wall,Films,RE,Réunion,2,5,2025-07-20,2025-07-27
Wall to Wall,wall-to-wall,Films,SA,Saudi Arabia,2,1,2025-07-20,2025-07-27
Wall to Wall,wall-to-wall,Films,RS,Serbia,1,10,2025-07-27,2025-07-27
Wall to Wall,wall-to-wall,Films,SG,Singapore,2,3,2025-07-20,2025-07-27
Wall to Wall,wall-to-wall,Films,SK,Slovakia,2,7,2025-07-20,2025-07-27
Wall to Wall,wall-to-wall,Films,KR,South Korea,6,2,2025-07-20,2025-08-24
Wall to Wall,wall-to-wall,Films,ES,Spain,2,8,2025-07-20,2025-07-27
Wall to Wall,wall-to-wall,Films,LK,Sri Lanka,2,5,2025-07-20,2025-07-27
Wall to Wall,wall-to-wall,Films,CH,Switzerland,2,7,2025-07-20,2025-07-27
Wall to Wall,wall-to-wall,Films,TW,Taiwan,5,2,2025-07-20,2025-08-17
Wall to Wall,wall-to-wall,Films,TH,Thailand,2,2,2025-07-20,2025-07-27
Wall to Wall,wall-to-wall,Films,TR,Turkey,2,5,2025-07-20,2025-07-27
Wall to Wall,wall-to-wall,Films,AE,United Arab Emirates,2,3,2025-07-20,2025-07-27
Wall to Wall,wall-to-wall,Films,UY,Uruguay,1,10,2025-07-27,2025-07-27
Wall to Wall,wall-to-wall,Films,VE,Venezuela,2,8,2025-07-20,2025-07-27
Wall to Wall,wall-to-wall,Films,VN,Vietnam,4,1,2025-07-20,2025-08-10
Wanted,wanted,Films,AT,Austria,1,8,2024-09-29,2024-09-29
Wanted,wanted,Films,BS,Bahamas,1,9,2023-05-21,2023-05-21
Wanted,wanted,Films,BG,Bulgaria,2,8,2024-09-22,2024-09-29
Wanted,wanted,Films,CA,Canada,1,5,2023-03-19,2023-03-19
Wanted,wanted,Films,DK,Denmark,1,10,2024-09-29,2024-09-29
Wanted,wanted,Films,DO,Dominican Republic,1,10,2023-05-21,2023-05-21
Wanted,wanted,Films,DE,Germany,1,7,2024-09-29,2024-09-29
Wanted,wanted,Films,HK,Hong Kong,1,9,2024-03-24,2024-03-24
Wanted,wanted,Films,IS,Iceland,1,7,2024-09-22,2024-09-22
Wanted,wanted,Films,IT,Italy,1,9,2024-09-29,2024-09-29
Wanted,wanted,Films,JM,Jamaica,2,5,2023-05-21,2023-05-28
Wanted,wanted,Films,LV,Latvia,1,10,2024-09-29,2024-09-29
Wanted,wanted,Films,NO,Norway,1,10,2024-09-29,2024-09-29
Wanted,wanted,Films,RO,Romania,1,7,2024-09-22,2024-09-22
Wanted,wanted,Films,UA,Ukraine,2,4,2024-09-22,2024-09-29
Wanted,wanted,Films,US,United States,2,8,2022-07-10,2025-07-27
War of the Arrows,war-of-the-arrows,Films,KR,South Korea,2,7,2023-10-15,2023-10-22
Wasteland,wasteland,Films,GB,United Kingdom,2,8,2023-04-23,2023-04-30
Watcher,watcher,Films,AU,Australia,1,10,2023-03-12,2023-03-12
Watcher,watcher,Films,BH,Bahrain,1,2,2024-03-10,2024-03-10
Watcher,watcher,Films,BE,Belgium,1,4,2023-06-11,2023-06-11
Watcher,watcher,Films,CA,Canada,2,3,2024-01-28,2024-02-04
Watcher,watcher,Films,HR,Croatia,2,8,2024-07-21,2024-07-28
Watcher,watcher,Films,CZ,Czech Republic,1,7,2024-07-21,2024-07-21
Watcher,watcher,Films,EG,Egypt,1,3,2024-03-10,2024-03-10
Watcher,watcher,Films,EE,Estonia,1,10,2024-06-09,2024-06-09
Watcher,watcher,Films,GR,Greece,1,10,2024-04-07,2024-04-07
Watcher,watcher,Films,HU,Hungary,1,9,2024-07-21,2024-07-21
Watcher,watcher,Films,IS,Iceland,1,6,2025-02-23,2025-02-23
Watcher,watcher,Films,IE,Ireland,1,9,2024-09-15,2024-09-15
Watcher,watcher,Films,JP,Japan,1,4,2024-11-10,2024-11-10
Watcher,watcher,Films,JO,Jordan,2,2,2024-03-10,2024-03-17
Watcher,watcher,Films,KE,Kenya,1,8,2025-03-09,2025-03-09
Watcher,watcher,Films,KW,Kuwait,2,2,2024-03-10,2024-03-17
Watcher,watcher,Films,LB,Lebanon,2,2,2024-03-10,2024-03-17
Watcher,watcher,Films,LT,Lithuania,2,7,2024-06-09,2024-06-16
Watcher,watcher,Films,MT,Malta,2,5,2024-07-21,2024-07-28
Watcher,watcher,Films,MU,Mauritius,1,8,2025-03-09,2025-03-09
Watcher,watcher,Films,MA,Morocco,1,4,2024-03-10,2024-03-10
Watcher,watcher,Films,NG,Nigeria,1,9,2025-03-09,2025-03-09
Watcher,watcher,Films,OM,Oman,1,4,2024-03-10,2024-03-10
Watcher,watcher,Films,PL,Poland,2,2,2025-01-19,2025-01-26
Watcher,watcher,Films,PT,Portugal,2,8,2025-02-02,2025-02-09
Watcher,watcher,Films,QA,Qatar,1,3,2024-03-10,2024-03-10
Watcher,watcher,Films,SA,Saudi Arabia,2,3,2024-03-10,2024-03-17
Watcher,watcher,Films,RS,Serbia,2,7,2024-07-21,2024-07-28
Watcher,watcher,Films,SK,Slovakia,2,7,2024-07-21,2024-07-28
Watcher,watcher,Films,SI,Slovenia,1,10,2024-07-21,2024-07-21
Watcher,watcher,Films,ZA,South Africa,1,4,2025-03-09,2025-03-09
Watcher,watcher,Films,KR,South Korea,1,4,2023-04-02,2023-04-02
Watcher,watcher,Films,TR,Turkey,1,9,2024-07-21,2024-07-21
Watcher,watcher,Films,UA,Ukraine,2,3,2024-01-21,2024-01-28
Watcher,watcher,Films,AE,United Arab Emirates,1,3,2024-03-10,2024-03-10
Watcher,watcher,Films,GB,United Kingdom,1,10,2024-09-15,2024-09-15
Watcher,watcher,Films,US,United States,1,6,2025-03-02,2025-03-02
Waves,waves,Films,AR,Argentina,1,8,2021-12-19,2021-12-19
Waves,waves,Films,BS,Bahamas,1,3,2021-12-19,2021-12-19
Waves,waves,Films,CZ,Czech Republic,1,3,2026-01-11,2026-01-11
Waves,waves,Films,GP,Guadeloupe,2,5,2021-12-19,2023-02-05
Waves,waves,Films,JM,Jamaica,1,5,2021-12-19,2021-12-19
Waves,waves,Films,KE,Kenya,1,6,2022-05-22,2022-05-22
Waves,waves,Films,MQ,Martinique,2,4,2021-12-19,2023-02-05
Waves,waves,Films,NL,Netherlands,1,7,2023-03-26,2023-03-26
Waves,waves,Films,NC,New Caledonia,1,8,2023-02-05,2023-02-05
Waves,waves,Films,PL,Poland,1,8,2022-01-23,2022-01-23
Waves,waves,Films,RE,Réunion,1,9,2023-02-05,2023-02-05
Waves,waves,Films,RO,Romania,1,9,2022-03-20,2022-03-20
Waves,waves,Films,SK,Slovakia,1,3,2026-01-11,2026-01-11
Waves,waves,Films,ZA,South Africa,1,8,2022-05-22,2022-05-22
Waves,waves,Films,TT,Trinidad and Tobago,1,5,2021-12-19,2021-12-19
Waves,waves,Films,UY,Uruguay,1,9,2021-12-19,2021-12-19
Way Home,way-home,Films,CZ,Czech Republic,2,5,2022-06-19,2022-06-26
Way Home,way-home,Films,DK,Denmark,3,1,2025-06-01,2025-06-15
Way Home,way-home,Films,FI,Finland,2,1,2025-06-01,2025-06-08
Way Home,way-home,Films,NO,Norway,2,1,2025-06-01,2025-06-08
Way Home,way-home,Films,SK,Slovakia,1,10,2022-06-19,2022-06-19
Way Home,way-home,Films,SE,Sweden,2,2,2025-06-01,2025-06-08
We Are All Trying Here,we-are-all-trying-here,TV,ID,Indonesia,1,8,2026-04-26,2026-04-26
We Are All Trying Here,we-are-all-trying-here,TV,KR,South Korea,9,1,2026-04-19,2026-06-14
We Are All Trying Here,we-are-all-trying-here,TV,TW,Taiwan,1,9,2026-04-26,2026-04-26
Weak Hero,weak-hero,TV,AR,Argentina,5,3,2025-03-30,2025-05-04
Weak Hero,weak-hero,TV,BS,Bahamas,1,5,2025-03-30,2025-03-30
Weak Hero,weak-hero,TV,BH,Bahrain,5,3,2025-03-30,2025-05-11
Weak Hero,weak-hero,TV,BD,Bangladesh,11,2,2025-03-30,2025-06-01
Weak Hero,weak-hero,TV,BE,Belgium,4,5,2025-03-30,2025-05-04
Weak Hero,weak-hero,TV,BO,Bolivia,8,1,2025-03-30,2025-05-11
Weak Hero,weak-hero,TV,BR,Brazil,4,3,2025-03-30,2025-05-04
Weak Hero,weak-hero,TV,BG,Bulgaria,3,6,2025-03-30,2025-05-04
Weak Hero,weak-hero,TV,CL,Chile,5,3,2025-03-30,2025-05-04
Weak Hero,weak-hero,TV,CO,Colombia,4,4,2025-03-30,2025-05-04
Weak Hero,weak-hero,TV,CR,Costa Rica,4,3,2025-03-30,2025-05-04
Weak Hero,weak-hero,TV,CY,Cyprus,3,6,2025-03-30,2025-05-04
Weak Hero,weak-hero,TV,CZ,Czech Republic,1,10,2025-04-27,2025-04-27
Weak Hero,weak-hero,TV,DO,Dominican Republic,7,2,2025-03-30,2025-05-04
Weak Hero,weak-hero,TV,EC,Ecuador,6,2,2025-03-30,2025-05-11
Weak Hero,weak-hero,TV,EG,Egypt,4,5,2025-03-30,2025-05-04
Weak Hero,weak-hero,TV,SV,El Salvador,5,2,2025-03-30,2025-05-04
Weak Hero,weak-hero,TV,EE,Estonia,1,9,2025-04-27,2025-04-27
Weak Hero,weak-hero,TV,FI,Finland,1,6,2025-03-30,2025-03-30
Weak Hero,weak-hero,TV,FR,France,4,5,2025-03-30,2025-05-04
Weak Hero,weak-hero,TV,GR,Greece,4,5,2025-03-30,2025-05-04
Weak Hero,weak-hero,TV,GP,Guadeloupe,5,3,2025-03-30,2025-05-11
Weak Hero,weak-hero,TV,GT,Guatemala,5,2,2025-03-30,2025-05-04
Weak Hero,weak-hero,TV,HN,Honduras,6,2,2025-03-30,2025-05-11
Weak Hero,weak-hero,TV,HK,Hong Kong,5,2,2025-03-30,2025-05-11
Weak Hero,weak-hero,TV,IN,India,7,2,2025-03-30,2025-05-11
Weak Hero,weak-hero,TV,ID,Indonesia,12,1,2025-03-30,2025-05-25
Weak Hero,weak-hero,TV,IL,Israel,2,7,2025-03-30,2025-04-27
Weak Hero,weak-hero,TV,JM,Jamaica,3,4,2025-03-30,2025-05-04
Weak Hero,weak-hero,TV,JP,Japan,5,1,2025-03-30,2025-05-04
Weak Hero,weak-hero,TV,JO,Jordan,6,2,2025-03-30,2025-05-11
Weak Hero,weak-hero,TV,KE,Kenya,3,6,2025-03-30,2025-05-04
Weak Hero,weak-hero,TV,KW,Kuwait,6,2,2025-03-30,2025-05-11
Weak Hero,weak-hero,TV,LB,Lebanon,3,6,2025-03-30,2025-05-04
Weak Hero,weak-hero,TV,LT,Lithuania,2,8,2025-03-30,2025-04-27
Weak Hero,weak-hero,TV,LU,Luxembourg,2,7,2025-03-30,2025-05-04
Weak Hero,weak-hero,TV,MY,Malaysia,11,1,2025-03-30,2025-05-18
Weak Hero,weak-hero,TV,MV,Maldives,6,2,2025-03-30,2025-05-11
Weak Hero,weak-hero,TV,MQ,Martinique,5,3,2025-03-30,2025-05-11
Weak Hero,weak-hero,TV,MU,Mauritius,6,2,2025-03-30,2025-05-11
Weak Hero,weak-hero,TV,MX,Mexico,5,2,2025-03-30,2025-05-04
Weak Hero,weak-hero,TV,MA,Morocco,7,2,2025-03-30,2025-05-11
Weak Hero,weak-hero,TV,NC,New Caledonia,8,2,2025-03-30,2025-05-11
Weak Hero,weak-hero,TV,NZ,New Zealand,2,7,2025-03-30,2025-05-04
Weak Hero,weak-hero,TV,NI,Nicaragua,6,1,2025-03-30,2025-05-11
Weak Hero,weak-hero,TV,NG,Nigeria,9,1,2025-03-30,2025-05-11
Weak Hero,weak-hero,TV,OM,Oman,10,1,2025-03-30,2025-05-18
Weak Hero,weak-hero,TV,PK,Pakistan,17,2,2025-03-30,2025-06-08
Weak Hero,weak-hero,TV,PA,Panama,4,3,2025-03-30,2025-05-04
Weak Hero,weak-hero,TV,PY,Paraguay,5,3,2025-03-30,2025-05-04
Weak Hero,weak-hero,TV,PE,Peru,10,1,2025-03-30,2025-05-18
Weak Hero,weak-hero,TV,PH,Philippines,11,1,2025-03-30,2025-05-18
Weak Hero,weak-hero,TV,PL,Poland,1,5,2025-03-30,2025-03-30
Weak Hero,weak-hero,TV,PT,Portugal,3,4,2025-03-30,2025-05-04
Weak Hero,weak-hero,TV,QA,Qatar,7,2,2025-03-30,2025-05-11
Weak Hero,weak-hero,TV,RE,Réunion,6,1,2025-03-30,2025-05-11
Weak Hero,weak-hero,TV,RO,Romania,3,4,2025-03-30,2025-05-04
Weak Hero,weak-hero,TV,SA,Saudi Arabia,10,1,2025-03-30,2025-05-18
Weak Hero,weak-hero,TV,RS,Serbia,2,8,2025-03-30,2025-04-27
Weak Hero,weak-hero,TV,SG,Singapore,6,1,2025-03-30,2025-05-11
Weak Hero,weak-hero,TV,ZA,South Africa,3,8,2025-03-30,2025-05-04
Weak Hero,weak-hero,TV,KR,South Korea,17,1,2025-03-30,2026-03-08
Weak Hero,weak-hero,TV,ES,Spain,1,6,2025-03-30,2025-03-30
Weak Hero,weak-hero,TV,LK,Sri Lanka,4,3,2025-03-30,2025-05-11
Weak Hero,weak-hero,TV,TW,Taiwan,6,2,2025-03-30,2025-05-11
Weak Hero,weak-hero,TV,TH,Thailand,11,1,2025-03-30,2025-05-18
Weak Hero,weak-hero,TV,TT,Trinidad and Tobago,1,8,2025-03-30,2025-03-30
Weak Hero,weak-hero,TV,TR,Turkey,4,5,2025-03-30,2025-05-04
Weak Hero,weak-hero,TV,AE,United Arab Emirates,6,2,2025-03-30,2025-05-11
Weak Hero,weak-hero,TV,UY,Uruguay,2,5,2025-03-30,2025-04-06
Weak Hero,weak-hero,TV,VE,Venezuela,4,3,2025-03-30,2025-05-04
Weak Hero,weak-hero,TV,VN,Vietnam,12,1,2025-03-30,2025-05-18
Wedding Impossible,wedding-impossible,TV,KR,South Korea,1,7,2026-04-12,2026-04-12
Welcome to Samdal-ri,welcome-to-samdal-ri,TV,BH,Bahrain,2,8,2023-12-10,2023-12-17
Welcome to Samdal-ri,welcome-to-samdal-ri,TV,BD,Bangladesh,5,7,2023-12-10,2024-02-04
Welcome to Samdal-ri,welcome-to-samdal-ri,TV,BO,Bolivia,3,7,2024-01-07,2024-02-04
Welcome to Samdal-ri,welcome-to-samdal-ri,TV,BR,Brazil,2,6,2024-01-07,2024-01-14
Welcome to Samdal-ri,welcome-to-samdal-ri,TV,CL,Chile,1,8,2024-01-07,2024-01-07
Welcome to Samdal-ri,welcome-to-samdal-ri,TV,DO,Dominican Republic,2,7,2024-01-07,2024-01-14
Welcome to Samdal-ri,welcome-to-samdal-ri,TV,EC,Ecuador,2,8,2024-01-07,2024-01-14
Welcome to Samdal-ri,welcome-to-samdal-ri,TV,EG,Egypt,1,9,2023-12-10,2023-12-10
Welcome to Samdal-ri,welcome-to-samdal-ri,TV,SV,El Salvador,3,8,2024-01-07,2024-01-21
Welcome to Samdal-ri,welcome-to-samdal-ri,TV,GT,Guatemala,1,8,2024-01-07,2024-01-07
Welcome to Samdal-ri,welcome-to-samdal-ri,TV,HN,Honduras,2,8,2024-01-07,2024-01-14
Welcome to Samdal-ri,welcome-to-samdal-ri,TV,HK,Hong Kong,8,3,2023-12-10,2024-01-28
Welcome to Samdal-ri,welcome-to-samdal-ri,TV,IN,India,1,9,2023-12-10,2023-12-10
Welcome to Samdal-ri,welcome-to-samdal-ri,TV,ID,Indonesia,12,1,2023-12-03,2024-02-18
Welcome to Samdal-ri,welcome-to-samdal-ri,TV,JP,Japan,2,3,2023-12-10,2023-12-17
Welcome to Samdal-ri,welcome-to-samdal-ri,TV,JO,Jordan,1,8,2023-12-10,2023-12-10
Welcome to Samdal-ri,welcome-to-samdal-ri,TV,KW,Kuwait,2,5,2023-12-10,2023-12-17
Welcome to Samdal-ri,welcome-to-samdal-ri,TV,MY,Malaysia,12,1,2023-12-03,2024-02-18
Welcome to Samdal-ri,welcome-to-samdal-ri,TV,MV,Maldives,8,5,2023-12-10,2024-01-28
Welcome to Samdal-ri,welcome-to-samdal-ri,TV,NI,Nicaragua,2,8,2024-01-07,2024-01-14
Welcome to Samdal-ri,welcome-to-samdal-ri,TV,NG,Nigeria,2,10,2024-01-21,2024-01-28
Welcome to Samdal-ri,welcome-to-samdal-ri,TV,OM,Oman,5,6,2023-12-10,2024-01-28
Welcome to Samdal-ri,welcome-to-samdal-ri,TV,PA,Panama,1,10,2024-01-07,2024-01-07
Welcome to Samdal-ri,welcome-to-samdal-ri,TV,PY,Paraguay,1,10,2024-01-07,2024-01-07
Welcome to Samdal-ri,welcome-to-samdal-ri,TV,PE,Peru,5,7,2024-01-07,2024-02-04
Welcome to Samdal-ri,welcome-to-samdal-ri,TV,PH,Philippines,9,3,2023-12-10,2024-02-04
Welcome to Samdal-ri,welcome-to-samdal-ri,TV,QA,Qatar,5,5,2023-12-10,2024-01-28
Welcome to Samdal-ri,welcome-to-samdal-ri,TV,SA,Saudi Arabia,9,4,2023-12-10,2024-02-04
Welcome to Samdal-ri,welcome-to-samdal-ri,TV,SG,Singapore,9,4,2023-12-03,2024-01-28
Welcome to Samdal-ri,welcome-to-samdal-ri,TV,KR,South Korea,10,2,2023-12-03,2024-02-04
Welcome to Samdal-ri,welcome-to-samdal-ri,TV,LK,Sri Lanka,8,5,2023-12-10,2024-01-28
Welcome to Samdal-ri,welcome-to-samdal-ri,TV,TW,Taiwan,10,2,2023-12-10,2024-02-11
Welcome to Samdal-ri,welcome-to-samdal-ri,TV,TH,Thailand,6,7,2023-12-10,2024-01-21
Welcome to Samdal-ri,welcome-to-samdal-ri,TV,AE,United Arab Emirates,3,8,2023-12-10,2024-01-07
Welcome to Samdal-ri,welcome-to-samdal-ri,TV,VN,Vietnam,11,2,2023-12-03,2024-02-11
Welcome to Wedding Hell,welcome-to-wedding-hell,TV,KR,South Korea,2,8,2022-06-12,2022-06-19
What's Wrong with Secretary Kim,what-s-wrong-with-secretary-kim,TV,HK,Hong Kong,4,8,2022-03-20,2022-04-17
What's Wrong with Secretary Kim,what-s-wrong-with-secretary-kim,TV,ID,Indonesia,2,9,2022-03-20,2022-03-27
What's Wrong with Secretary Kim,what-s-wrong-with-secretary-kim,TV,JP,Japan,1,10,2021-08-01,2021-08-01
What's Wrong with Secretary Kim,what-s-wrong-with-secretary-kim,TV,TW,Taiwan,5,1,2021-08-08,2021-09-05
What's Wrong with Secretary Kim,what-s-wrong-with-secretary-kim,TV,VN,Vietnam,3,7,2022-03-13,2022-03-27
When Life Gives You Tangerines,when-life-gives-you-tangerines,TV,AR,Argentina,2,7,2025-04-06,2025-04-13
When Life Gives You Tangerines,when-life-gives-you-tangerines,TV,BH,Bahrain,6,3,2025-03-09,2025-04-13
When Life Gives You Tangerines,when-life-gives-you-tangerines,TV,BD,Bangladesh,21,2,2025-03-09,2025-08-03
When Life Gives You Tangerines,when-life-gives-you-tangerines,TV,BO,Bolivia,10,2,2025-03-09,2025-05-11
When Life Gives You Tangerines,when-life-gives-you-tangerines,TV,BR,Brazil,4,7,2025-03-16,2025-04-06
When Life Gives You Tangerines,when-life-gives-you-tangerines,TV,CL,Chile,9,2,2025-03-16,2025-05-11
When Life Gives You Tangerines,when-life-gives-you-tangerines,TV,CO,Colombia,5,5,2025-03-23,2025-04-20
When Life Gives You Tangerines,when-life-gives-you-tangerines,TV,CR,Costa Rica,5,4,2025-03-16,2025-04-13
When Life Gives You Tangerines,when-life-gives-you-tangerines,TV,DO,Dominican Republic,4,8,2025-03-16,2025-04-06
When Life Gives You Tangerines,when-life-gives-you-tangerines,TV,EC,Ecuador,8,2,2025-03-16,2025-05-04
When Life Gives You Tangerines,when-life-gives-you-tangerines,TV,EG,Egypt,2,7,2025-03-16,2025-03-23
When Life Gives You Tangerines,when-life-gives-you-tangerines,TV,SV,El Salvador,10,2,2025-03-09,2025-05-11
When Life Gives You Tangerines,when-life-gives-you-tangerines,TV,GT,Guatemala,9,2,2025-03-09,2025-05-04
When Life Gives You Tangerines,when-life-gives-you-tangerines,TV,HN,Honduras,9,2,2025-03-09,2025-05-04
When Life Gives You Tangerines,when-life-gives-you-tangerines,TV,HK,Hong Kong,10,1,2025-03-09,2025-05-11
When Life Gives You Tangerines,when-life-gives-you-tangerines,TV,IN,India,14,2,2025-03-09,2025-06-08
When Life Gives You Tangerines,when-life-gives-you-tangerines,TV,ID,Indonesia,9,1,2025-03-09,2025-05-04
When Life Gives You Tangerines,when-life-gives-you-tangerines,TV,JP,Japan,6,5,2025-03-09,2025-04-13
When Life Gives You Tangerines,when-life-gives-you-tangerines,TV,JO,Jordan,5,4,2025-03-16,2025-04-13
When Life Gives You Tangerines,when-life-gives-you-tangerines,TV,KW,Kuwait,7,2,2025-03-09,2025-04-20
When Life Gives You Tangerines,when-life-gives-you-tangerines,TV,MY,Malaysia,10,1,2025-03-09,2025-05-11
When Life Gives You Tangerines,when-life-gives-you-tangerines,TV,MV,Maldives,7,3,2025-03-16,2025-04-27
When Life Gives You Tangerines,when-life-gives-you-tangerines,TV,MX,Mexico,9,2,2025-03-16,2025-05-11
When Life Gives You Tangerines,when-life-gives-you-tangerines,TV,MA,Morocco,4,5,2025-03-16,2025-04-06
When Life Gives You Tangerines,when-life-gives-you-tangerines,TV,NI,Nicaragua,9,2,2025-03-09,2025-05-04
When Life Gives You Tangerines,when-life-gives-you-tangerines,TV,NG,Nigeria,2,7,2025-03-16,2025-03-23
When Life Gives You Tangerines,when-life-gives-you-tangerines,TV,OM,Oman,9,3,2025-03-09,2025-05-11
When Life Gives You Tangerines,when-life-gives-you-tangerines,TV,PK,Pakistan,12,3,2025-03-16,2025-06-01
When Life Gives You Tangerines,when-life-gives-you-tangerines,TV,PA,Panama,5,5,2025-03-16,2025-04-13
When Life Gives You Tangerines,when-life-gives-you-tangerines,TV,PY,Paraguay,6,4,2025-03-16,2025-04-20
When Life Gives You Tangerines,when-life-gives-you-tangerines,TV,PE,Peru,12,1,2025-03-09,2025-06-01
When Life Gives You Tangerines,when-life-gives-you-tangerines,TV,PH,Philippines,9,1,2025-03-09,2025-05-11
When Life Gives You Tangerines,when-life-gives-you-tangerines,TV,QA,Qatar,8,2,2025-03-09,2025-04-27
When Life Gives You Tangerines,when-life-gives-you-tangerines,TV,SA,Saudi Arabia,7,2,2025-03-09,2025-04-20
When Life Gives You Tangerines,when-life-gives-you-tangerines,TV,SG,Singapore,10,2,2025-03-09,2025-05-11
When Life Gives You Tangerines,when-life-gives-you-tangerines,TV,KR,South Korea,14,1,2025-03-09,2025-06-22
When Life Gives You Tangerines,when-life-gives-you-tangerines,TV,LK,Sri Lanka,9,3,2025-03-16,2025-05-11
When Life Gives You Tangerines,when-life-gives-you-tangerines,TV,TW,Taiwan,11,1,2025-03-09,2025-05-18
When Life Gives You Tangerines,when-life-gives-you-tangerines,TV,TH,Thailand,9,1,2025-03-09,2025-05-04
When Life Gives You Tangerines,when-life-gives-you-tangerines,TV,TR,Turkey,3,8,2025-03-16,2025-04-20
When Life Gives You Tangerines,when-life-gives-you-tangerines,TV,AE,United Arab Emirates,8,3,2025-03-09,2025-04-27
When Life Gives You Tangerines,when-life-gives-you-tangerines,TV,VE,Venezuela,6,5,2025-03-16,2025-04-20
When Life Gives You Tangerines,when-life-gives-you-tangerines,TV,VN,Vietnam,10,1,2025-03-09,2025-05-11
When My Love Blooms,when-my-love-blooms,TV,HK,Hong Kong,1,9,2022-06-26,2022-06-26
When My Love Blooms,when-my-love-blooms,TV,JP,Japan,4,2,2022-09-04,2022-09-25
When My Love Blooms,when-my-love-blooms,TV,KR,South Korea,1,8,2022-06-26,2022-06-26
When My Love Blooms,when-my-love-blooms,TV,TW,Taiwan,1,10,2022-06-26,2022-06-26
When Spring Comes,when-spring-comes,TV,JP,Japan,2,6,2024-01-21,2024-01-28
When the Phone Rings,when-the-phone-rings,TV,AR,Argentina,5,9,2024-12-01,2024-12-29
When the Phone Rings,when-the-phone-rings,TV,BH,Bahrain,7,1,2024-11-24,2025-01-05
When the Phone Rings,when-the-phone-rings,TV,BD,Bangladesh,8,2,2024-11-24,2025-01-12
When the Phone Rings,when-the-phone-rings,TV,BO,Bolivia,8,1,2024-11-24,2025-01-12
When the Phone Rings,when-the-phone-rings,TV,BR,Brazil,8,1,2024-11-24,2025-01-12
When the Phone Rings,when-the-phone-rings,TV,BG,Bulgaria,1,10,2024-12-01,2024-12-01
When the Phone Rings,when-the-phone-rings,TV,CL,Chile,8,2,2024-11-24,2025-01-12
When the Phone Rings,when-the-phone-rings,TV,CO,Colombia,8,1,2024-11-24,2025-01-12
When the Phone Rings,when-the-phone-rings,TV,CR,Costa Rica,8,1,2024-11-24,2025-01-12
When the Phone Rings,when-the-phone-rings,TV,DO,Dominican Republic,8,1,2024-11-24,2025-01-12
When the Phone Rings,when-the-phone-rings,TV,EC,Ecuador,8,1,2024-11-24,2025-01-12
When the Phone Rings,when-the-phone-rings,TV,EG,Egypt,6,2,2024-12-01,2025-01-05
When the Phone Rings,when-the-phone-rings,TV,SV,El Salvador,8,1,2024-11-24,2025-01-12
When the Phone Rings,when-the-phone-rings,TV,GR,Greece,4,8,2024-11-24,2024-12-22
When the Phone Rings,when-the-phone-rings,TV,GT,Guatemala,8,1,2024-11-24,2025-01-12
When the Phone Rings,when-the-phone-rings,TV,HN,Honduras,9,1,2024-11-24,2025-01-19
When the Phone Rings,when-the-phone-rings,TV,HK,Hong Kong,8,1,2024-11-24,2025-01-12
When the Phone Rings,when-the-phone-rings,TV,IN,India,6,4,2024-12-01,2025-01-05
When the Phone Rings,when-the-phone-rings,TV,ID,Indonesia,9,1,2024-11-24,2025-01-19
When the Phone Rings,when-the-phone-rings,TV,IL,Israel,1,9,2024-12-01,2024-12-01
When the Phone Rings,when-the-phone-rings,TV,JP,Japan,6,5,2024-12-01,2025-01-05
When the Phone Rings,when-the-phone-rings,TV,JO,Jordan,8,1,2024-11-24,2025-01-12
When the Phone Rings,when-the-phone-rings,TV,KE,Kenya,6,7,2024-12-01,2025-01-05
When the Phone Rings,when-the-phone-rings,TV,KW,Kuwait,8,1,2024-11-24,2025-01-12
When the Phone Rings,when-the-phone-rings,TV,LB,Lebanon,6,4,2024-12-01,2025-01-05
When the Phone Rings,when-the-phone-rings,TV,MY,Malaysia,8,1,2024-11-24,2025-01-12
When the Phone Rings,when-the-phone-rings,TV,MV,Maldives,8,1,2024-11-24,2025-01-12
When the Phone Rings,when-the-phone-rings,TV,MU,Mauritius,6,7,2024-12-01,2025-01-05
When the Phone Rings,when-the-phone-rings,TV,MX,Mexico,8,1,2024-11-24,2025-01-12
When the Phone Rings,when-the-phone-rings,TV,MA,Morocco,7,1,2024-11-24,2025-01-05
When the Phone Rings,when-the-phone-rings,TV,NI,Nicaragua,8,1,2024-11-24,2025-01-12
When the Phone Rings,when-the-phone-rings,TV,NG,Nigeria,8,2,2024-11-24,2025-01-12
When the Phone Rings,when-the-phone-rings,TV,OM,Oman,7,1,2024-11-24,2025-01-05
When the Phone Rings,when-the-phone-rings,TV,PK,Pakistan,6,3,2024-12-01,2025-01-05
When the Phone Rings,when-the-phone-rings,TV,PA,Panama,7,1,2024-11-24,2025-01-05
When the Phone Rings,when-the-phone-rings,TV,PY,Paraguay,8,1,2024-11-24,2025-01-12
When the Phone Rings,when-the-phone-rings,TV,PE,Peru,8,1,2024-11-24,2025-01-12
When the Phone Rings,when-the-phone-rings,TV,PH,Philippines,9,1,2024-11-24,2025-01-19
When the Phone Rings,when-the-phone-rings,TV,PT,Portugal,6,5,2024-12-01,2025-01-05
When the Phone Rings,when-the-phone-rings,TV,QA,Qatar,8,1,2024-11-24,2025-01-12
When the Phone Rings,when-the-phone-rings,TV,RO,Romania,7,5,2024-11-24,2025-01-05
When the Phone Rings,when-the-phone-rings,TV,SA,Saudi Arabia,8,1,2024-11-24,2025-01-12
When the Phone Rings,when-the-phone-rings,TV,SG,Singapore,8,1,2024-11-24,2025-01-12
When the Phone Rings,when-the-phone-rings,TV,KR,South Korea,8,2,2024-11-24,2025-01-12
When the Phone Rings,when-the-phone-rings,TV,LK,Sri Lanka,8,1,2024-11-24,2025-01-12
When the Phone Rings,when-the-phone-rings,TV,TW,Taiwan,9,1,2024-11-24,2025-01-19
When the Phone Rings,when-the-phone-rings,TV,TH,Thailand,9,2,2024-11-24,2025-01-19
When the Phone Rings,when-the-phone-rings,TV,TT,Trinidad and Tobago,2,9,2024-12-01,2024-12-29
When the Phone Rings,when-the-phone-rings,TV,TR,Turkey,6,2,2024-12-01,2025-01-05
When the Phone Rings,when-the-phone-rings,TV,AE,United Arab Emirates,7,2,2024-11-24,2025-01-05
When the Phone Rings,when-the-phone-rings,TV,VE,Venezuela,8,1,2024-11-24,2025-01-12
When the Phone Rings,when-the-phone-rings,TV,VN,Vietnam,10,1,2024-11-24,2025-01-26
When the Stars Gossip,when-the-stars-gossip,TV,BH,Bahrain,1,10,2025-01-12,2025-01-12
When the Stars Gossip,when-the-stars-gossip,TV,BD,Bangladesh,1,9,2025-01-12,2025-01-12
When the Stars Gossip,when-the-stars-gossip,TV,BO,Bolivia,1,10,2025-01-12,2025-01-12
When the Stars Gossip,when-the-stars-gossip,TV,HK,Hong Kong,3,3,2025-01-05,2025-01-19
When the Stars Gossip,when-the-stars-gossip,TV,ID,Indonesia,7,2,2025-01-05,2025-02-16
When the Stars Gossip,when-the-stars-gossip,TV,MY,Malaysia,1,5,2025-01-12,2025-01-12
When the Stars Gossip,when-the-stars-gossip,TV,MV,Maldives,2,6,2025-01-05,2025-01-12
When the Stars Gossip,when-the-stars-gossip,TV,NG,Nigeria,1,6,2025-01-12,2025-01-12
When the Stars Gossip,when-the-stars-gossip,TV,PE,Peru,1,8,2025-01-12,2025-01-12
When the Stars Gossip,when-the-stars-gossip,TV,PH,Philippines,3,2,2025-01-05,2025-01-19
When the Stars Gossip,when-the-stars-gossip,TV,QA,Qatar,2,5,2025-01-05,2025-01-12
When the Stars Gossip,when-the-stars-gossip,TV,SA,Saudi Arabia,1,10,2025-01-12,2025-01-12
When the Stars Gossip,when-the-stars-gossip,TV,SG,Singapore,1,4,2025-01-12,2025-01-12
When the Stars Gossip,when-the-stars-gossip,TV,KR,South Korea,4,3,2025-01-05,2025-01-26
When the Stars Gossip,when-the-stars-gossip,TV,LK,Sri Lanka,2,6,2025-01-05,2025-01-12
When the Stars Gossip,when-the-stars-gossip,TV,TW,Taiwan,2,5,2025-01-12,2025-01-19
When the Stars Gossip,when-the-stars-gossip,TV,TH,Thailand,1,6,2025-01-12,2025-01-12
When the Stars Gossip,when-the-stars-gossip,TV,AE,United Arab Emirates,2,7,2025-01-05,2025-01-12
When the Stars Gossip,when-the-stars-gossip,TV,VN,Vietnam,3,3,2025-01-05,2025-01-19
When the Weather Is Fine,when-the-weather-is-fine,TV,TH,Thailand,2,10,2023-02-05,2023-02-12
Whenever Possible,whenever-possible,TV,KR,South Korea,2,7,2025-05-11,2026-08-16
Where Would You Like to Go?,where-would-you-like-to-go,Films,KR,South Korea,1,9,2023-10-22,2023-10-22
While You Were Sleeping,while-you-were-sleeping,TV,HK,Hong Kong,3,5,2021-10-03,2021-10-17
While You Were Sleeping,while-you-were-sleeping,TV,TH,Thailand,1,7,2024-09-08,2024-09-08
Whispering Corridors 6: The Humming,whispering-corridors-6-the-humming,Films,KR,South Korea,2,5,2021-09-12,2021-09-19
White Night,white-night,Films,KR,South Korea,2,7,2023-04-30,2023-05-07
Wild Card,wild-card,Films,BH,Bahrain,1,6,2026-02-15,2026-02-15
Wild Card,wild-card,Films,EG,Egypt,2,5,2026-02-15,2026-02-22
Wild Card,wild-card,Films,ID,Indonesia,2,2,2022-06-26,2022-07-03
Wild Card,wild-card,Films,JO,Jordan,2,4,2026-02-15,2026-02-22
Wild Card,wild-card,Films,KW,Kuwait,1,6,2026-02-15,2026-02-15
Wild Card,wild-card,Films,LB,Lebanon,2,6,2026-02-15,2026-02-22
Wild Card,wild-card,Films,OM,Oman,1,6,2026-02-15,2026-02-15
Wild Card,wild-card,Films,PH,Philippines,2,2,2022-09-18,2022-09-25
Wild Card,wild-card,Films,QA,Qatar,1,8,2026-02-15,2026-02-15
Wild Card,wild-card,Films,RO,Romania,2,4,2022-07-03,2022-07-10
Wild Card,wild-card,Films,SA,Saudi Arabia,2,5,2026-02-15,2026-02-22
Wild Card,wild-card,Films,AE,United Arab Emirates,1,7,2026-02-15,2026-02-15
Wild Card,wild-card,Films,US,United States,2,8,2022-07-03,2022-07-10
Wild Sing,wild-sing,Films,KR,South Korea,3,1,2026-08-02,2026-08-16
Wild Sing,wild-sing,Films,TW,Taiwan,2,7,2026-08-02,2026-08-09
Windmill,windmill,Films,KR,South Korea,2,6,2023-10-01,2023-10-08
Wish,wish,Films,KR,South Korea,3,3,2024-05-19,2026-05-10
Witch at Court,witch-at-court,TV,MY,Malaysia,1,8,2021-09-12,2021-09-12
Witch at Court,witch-at-court,TV,PH,Philippines,2,9,2021-09-12,2021-09-19
Witch at Court,witch-at-court,TV,SG,Singapore,2,7,2021-09-12,2021-09-19
Witch at Court,witch-at-court,TV,TH,Thailand,2,8,2021-09-12,2021-09-19
With or Without You,with-or-without-you,Films,AU,Australia,1,6,2025-10-12,2025-10-12
With or Without You,with-or-without-you,Films,NZ,New Zealand,1,6,2025-10-12,2025-10-12
Witness,witness,Films,KE,Kenya,1,10,2026-03-08,2026-03-08
Witness,witness,Films,ZA,South Africa,1,10,2026-03-01,2026-03-01
Wolf,wolf,Films,TR,Turkey,1,9,2022-06-05,2022-06-05
Wonderful Nightmare,wonderful-nightmare,Films,PH,Philippines,4,1,2026-07-12,2026-08-02
Wonderland,wonderland,Films,HK,Hong Kong,3,3,2024-07-28,2024-08-11
Wonderland,wonderland,Films,ID,Indonesia,2,5,2024-07-28,2024-08-04
Wonderland,wonderland,Films,JP,Japan,2,4,2024-07-28,2024-08-04
Wonderland,wonderland,Films,PH,Philippines,1,9,2024-08-04,2024-08-04
Wonderland,wonderland,Films,SG,Singapore,4,4,2024-07-28,2024-12-29
Wonderland,wonderland,Films,KR,South Korea,3,2,2024-08-18,2024-09-01
Wonderland,wonderland,Films,TW,Taiwan,3,3,2024-07-28,2024-08-11
Wonderland,wonderland,Films,TH,Thailand,2,3,2024-07-28,2024-08-04
Wonderland,wonderland,Films,VN,Vietnam,2,2,2024-07-28,2024-08-04
Wrath,wrath,TV,AR,Argentina,3,3,2026-08-02,2026-08-16
Wrath,wrath,TV,BS,Bahamas,1,6,2026-08-09,2026-08-09
Wrath,wrath,TV,BE,Belgium,1,9,2026-08-09,2026-08-09
Wrath,wrath,TV,BR,Brazil,3,1,2026-08-02,2026-08-16
Wrath,wrath,TV,CL,Chile,1,7,2026-08-09,2026-08-09
Wrath,wrath,TV,CR,Costa Rica,1,6,2026-08-09,2026-08-09
Wrath,wrath,TV,CY,Cyprus,1,6,2026-08-09,2026-08-09
Wrath,wrath,TV,CZ,Czech Republic,2,4,2026-08-02,2026-08-09
Wrath,wrath,TV,DO,Dominican Republic,2,2,2026-08-02,2026-08-09
Wrath,wrath,TV,EC,Ecuador,1,10,2026-08-09,2026-08-09
Wrath,wrath,TV,FR,France,2,5,2026-08-02,2026-08-09
Wrath,wrath,TV,DE,Germany,1,10,2026-08-09,2026-08-09
Wrath,wrath,TV,GR,Greece,2,4,2026-08-02,2026-08-09
Wrath,wrath,TV,GP,Guadeloupe,3,1,2026-08-02,2026-08-16
Wrath,wrath,TV,GT,Guatemala,1,8,2026-08-09,2026-08-09
Wrath,wrath,TV,HN,Honduras,1,9,2026-08-09,2026-08-09
Wrath,wrath,TV,HU,Hungary,2,5,2026-08-02,2026-08-09
Wrath,wrath,TV,IT,Italy,3,3,2026-08-02,2026-08-16
Wrath,wrath,TV,JM,Jamaica,1,4,2026-08-09,2026-08-09
Wrath,wrath,TV,KE,Kenya,1,4,2026-08-09,2026-08-09
Wrath,wrath,TV,LU,Luxembourg,3,4,2026-08-02,2026-08-16
Wrath,wrath,TV,MT,Malta,1,9,2026-08-09,2026-08-09
Wrath,wrath,TV,MQ,Martinique,3,1,2026-08-02,2026-08-16
Wrath,wrath,TV,MU,Mauritius,3,4,2026-08-02,2026-08-16
Wrath,wrath,TV,MX,Mexico,1,9,2026-08-09,2026-08-09
Wrath,wrath,TV,MA,Morocco,3,2,2026-08-02,2026-08-16
Wrath,wrath,TV,NL,Netherlands,1,10,2026-08-09,2026-08-09
Wrath,wrath,TV,NC,New Caledonia,3,4,2026-08-02,2026-08-16
Wrath,wrath,TV,NI,Nicaragua,1,7,2026-08-09,2026-08-09
Wrath,wrath,TV,NG,Nigeria,2,1,2026-08-02,2026-08-09
Wrath,wrath,TV,PA,Panama,1,6,2026-08-09,2026-08-09
Wrath,wrath,TV,PY,Paraguay,2,2,2026-08-09,2026-08-16
Wrath,wrath,TV,PL,Poland,2,6,2026-08-02,2026-08-09
Wrath,wrath,TV,PT,Portugal,3,2,2026-08-02,2026-08-16
Wrath,wrath,TV,RE,Réunion,3,1,2026-08-02,2026-08-16
Wrath,wrath,TV,RO,Romania,2,3,2026-08-02,2026-08-09
Wrath,wrath,TV,RS,Serbia,1,7,2026-08-09,2026-08-09
Wrath,wrath,TV,SK,Slovakia,2,4,2026-08-02,2026-08-09
Wrath,wrath,TV,ES,Spain,2,6,2026-08-02,2026-08-09
Wrath,wrath,TV,CH,Switzerland,2,8,2026-08-02,2026-08-09
Wrath,wrath,TV,TR,Turkey,2,6,2026-08-09,2026-08-16
Wrath,wrath,TV,UY,Uruguay,3,1,2026-08-02,2026-08-16
Wrath,wrath,TV,VE,Venezuela,1,6,2026-08-09,2026-08-09
Wrongfully Accused,wrongfully-accused,Films,FI,Finland,1,5,2022-05-22,2022-05-22
Wrongfully Accused,wrongfully-accused,Films,IS,Iceland,1,8,2022-05-22,2022-05-22
X,x,Films,ES,Spain,1,8,2023-12-03,2023-12-03
Yadang: The Snitch,yadang-the-snitch,Films,KR,South Korea,8,1,2025-09-14,2025-11-02
Yaksha: Ruthless Operations,yaksha-ruthless-operations,Films,AR,Argentina,1,10,2022-04-17,2022-04-17
Yaksha: Ruthless Operations,yaksha-ruthless-operations,Films,AT,Austria,1,6,2022-04-17,2022-04-17
Yaksha: Ruthless Operations,yaksha-ruthless-operations,Films,BS,Bahamas,2,5,2022-04-10,2022-04-17
Yaksha: Ruthless Operations,yaksha-ruthless-operations,Films,BH,Bahrain,2,4,2022-04-10,2022-04-17
Yaksha: Ruthless Operations,yaksha-ruthless-operations,Films,BD,Bangladesh,1,7,2022-04-17,2022-04-17
Yaksha: Ruthless Operations,yaksha-ruthless-operations,Films,BE,Belgium,1,7,2022-04-17,2022-04-17
Yaksha: Ruthless Operations,yaksha-ruthless-operations,Films,BR,Brazil,2,5,2022-04-10,2022-04-17
Yaksha: Ruthless Operations,yaksha-ruthless-operations,Films,CL,Chile,2,9,2022-04-10,2022-04-17
Yaksha: Ruthless Operations,yaksha-ruthless-operations,Films,CO,Colombia,2,7,2022-04-10,2022-04-17
Yaksha: Ruthless Operations,yaksha-ruthless-operations,Films,HR,Croatia,1,8,2022-04-17,2022-04-17
Yaksha: Ruthless Operations,yaksha-ruthless-operations,Films,CY,Cyprus,2,6,2022-04-10,2022-04-17
Yaksha: Ruthless Operations,yaksha-ruthless-operations,Films,DO,Dominican Republic,2,3,2022-04-10,2022-04-17
Yaksha: Ruthless Operations,yaksha-ruthless-operations,Films,EC,Ecuador,1,8,2022-04-17,2022-04-17
Yaksha: Ruthless Operations,yaksha-ruthless-operations,Films,EG,Egypt,1,9,2022-04-17,2022-04-17
Yaksha: Ruthless Operations,yaksha-ruthless-operations,Films,SV,El Salvador,2,8,2022-04-10,2022-04-17
Yaksha: Ruthless Operations,yaksha-ruthless-operations,Films,FR,France,1,5,2022-04-17,2022-04-17
Yaksha: Ruthless Operations,yaksha-ruthless-operations,Films,DE,Germany,1,6,2022-04-17,2022-04-17
Yaksha: Ruthless Operations,yaksha-ruthless-operations,Films,GR,Greece,2,5,2022-04-10,2022-04-17
Yaksha: Ruthless Operations,yaksha-ruthless-operations,Films,GP,Guadeloupe,3,2,2022-04-10,2022-04-24
Yaksha: Ruthless Operations,yaksha-ruthless-operations,Films,HN,Honduras,2,7,2022-04-10,2022-04-17
Yaksha: Ruthless Operations,yaksha-ruthless-operations,Films,HK,Hong Kong,3,1,2022-04-10,2022-04-24
Yaksha: Ruthless Operations,yaksha-ruthless-operations,Films,ID,Indonesia,4,1,2022-04-10,2022-05-01
Yaksha: Ruthless Operations,yaksha-ruthless-operations,Films,IL,Israel,2,8,2022-04-10,2022-04-17
Yaksha: Ruthless Operations,yaksha-ruthless-operations,Films,IT,Italy,1,9,2022-04-17,2022-04-17
Yaksha: Ruthless Operations,yaksha-ruthless-operations,Films,JM,Jamaica,3,2,2022-04-10,2022-04-24
Yaksha: Ruthless Operations,yaksha-ruthless-operations,Films,JP,Japan,3,2,2022-04-10,2022-04-24
Yaksha: Ruthless Operations,yaksha-ruthless-operations,Films,JO,Jordan,1,3,2022-04-17,2022-04-17
Yaksha: Ruthless Operations,yaksha-ruthless-operations,Films,KE,Kenya,3,2,2022-04-10,2022-04-24
Yaksha: Ruthless Operations,yaksha-ruthless-operations,Films,KW,Kuwait,3,2,2022-04-10,2022-04-24
Yaksha: Ruthless Operations,yaksha-ruthless-operations,Films,LB,Lebanon,1,4,2022-04-17,2022-04-17
Yaksha: Ruthless Operations,yaksha-ruthless-operations,Films,LU,Luxembourg,3,5,2022-04-10,2022-04-24
Yaksha: Ruthless Operations,yaksha-ruthless-operations,Films,MY,Malaysia,4,1,2022-04-10,2022-05-01
Yaksha: Ruthless Operations,yaksha-ruthless-operations,Films,MV,Maldives,2,5,2022-04-17,2022-04-24
Yaksha: Ruthless Operations,yaksha-ruthless-operations,Films,MT,Malta,1,7,2022-04-17,2022-04-17
Yaksha: Ruthless Operations,yaksha-ruthless-operations,Films,MQ,Martinique,3,3,2022-04-10,2022-04-24
Yaksha: Ruthless Operations,yaksha-ruthless-operations,Films,MU,Mauritius,2,3,2022-04-10,2022-04-17
Yaksha: Ruthless Operations,yaksha-ruthless-operations,Films,MA,Morocco,4,3,2022-04-10,2022-05-01
Yaksha: Ruthless Operations,yaksha-ruthless-operations,Films,NC,New Caledonia,3,3,2022-04-10,2022-04-24
Yaksha: Ruthless Operations,yaksha-ruthless-operations,Films,NI,Nicaragua,2,8,2022-04-10,2022-04-17
Yaksha: Ruthless Operations,yaksha-ruthless-operations,Films,NG,Nigeria,4,2,2022-04-10,2022-05-01
Yaksha: Ruthless Operations,yaksha-ruthless-operations,Films,OM,Oman,3,4,2022-04-10,2022-04-24
Yaksha: Ruthless Operations,yaksha-ruthless-operations,Films,PA,Panama,2,6,2022-04-10,2022-04-17
Yaksha: Ruthless Operations,yaksha-ruthless-operations,Films,PY,Paraguay,2,9,2022-04-10,2022-04-17
Yaksha: Ruthless Operations,yaksha-ruthless-operations,Films,PE,Peru,2,8,2022-04-10,2022-04-17
Yaksha: Ruthless Operations,yaksha-ruthless-operations,Films,PH,Philippines,3,2,2022-04-10,2022-04-24
Yaksha: Ruthless Operations,yaksha-ruthless-operations,Films,PT,Portugal,2,6,2022-04-10,2022-04-17
Yaksha: Ruthless Operations,yaksha-ruthless-operations,Films,QA,Qatar,3,3,2022-04-10,2022-04-24
Yaksha: Ruthless Operations,yaksha-ruthless-operations,Films,RE,Réunion,2,5,2022-04-10,2022-04-17
Yaksha: Ruthless Operations,yaksha-ruthless-operations,Films,RO,Romania,2,6,2022-04-10,2022-04-17
Yaksha: Ruthless Operations,yaksha-ruthless-operations,Films,SA,Saudi Arabia,4,2,2022-04-10,2022-05-08
Yaksha: Ruthless Operations,yaksha-ruthless-operations,Films,RS,Serbia,1,7,2022-04-17,2022-04-17
Yaksha: Ruthless Operations,yaksha-ruthless-operations,Films,SG,Singapore,4,1,2022-04-10,2022-05-01
Yaksha: Ruthless Operations,yaksha-ruthless-operations,Films,ZA,South Africa,1,10,2022-04-17,2022-04-17
Yaksha: Ruthless Operations,yaksha-ruthless-operations,Films,KR,South Korea,8,1,2022-04-10,2022-05-29
Yaksha: Ruthless Operations,yaksha-ruthless-operations,Films,CH,Switzerland,2,6,2022-04-10,2022-04-17
Yaksha: Ruthless Operations,yaksha-ruthless-operations,Films,TW,Taiwan,4,1,2022-04-10,2022-05-01
Yaksha: Ruthless Operations,yaksha-ruthless-operations,Films,TH,Thailand,4,2,2022-04-10,2022-05-01
Yaksha: Ruthless Operations,yaksha-ruthless-operations,Films,TT,Trinidad and Tobago,2,5,2022-04-10,2022-04-17
Yaksha: Ruthless Operations,yaksha-ruthless-operations,Films,AE,United Arab Emirates,2,4,2022-04-10,2022-04-17
Yaksha: Ruthless Operations,yaksha-ruthless-operations,Films,VE,Venezuela,2,8,2022-04-10,2022-04-17
Yaksha: Ruthless Operations,yaksha-ruthless-operations,Films,VN,Vietnam,4,1,2022-04-10,2022-05-01
Yesterday,yesterday,Films,AR,Argentina,1,8,2022-01-16,2022-01-16
Yesterday,yesterday,Films,CA,Canada,2,7,2021-09-12,2025-08-03
Yesterday,yesterday,Films,HR,Croatia,1,9,2021-08-22,2021-08-22
Yesterday,yesterday,Films,HK,Hong Kong,1,4,2021-09-12,2021-09-12
Yesterday,yesterday,Films,IS,Iceland,2,6,2024-08-11,2024-08-18
Yesterday,yesterday,Films,ID,Indonesia,1,10,2021-09-12,2021-09-12
Yesterday,yesterday,Films,MX,Mexico,1,10,2022-01-16,2022-01-16
Yesterday,yesterday,Films,NL,Netherlands,1,9,2022-09-25,2022-09-25
Yesterday,yesterday,Films,SI,Slovenia,1,5,2021-08-22,2021-08-22
Yesterday,yesterday,Films,ES,Spain,1,7,2023-01-29,2023-01-29
Yesterday,yesterday,Films,TW,Taiwan,1,7,2021-09-12,2021-09-12
Yesterday,yesterday,Films,UY,Uruguay,1,9,2022-01-16,2022-01-16
You and Everything Else,you-and-everything-else,TV,BD,Bangladesh,1,9,2025-09-21,2025-09-21
You and Everything Else,you-and-everything-else,TV,HK,Hong Kong,1,7,2025-09-21,2025-09-21
You and Everything Else,you-and-everything-else,TV,ID,Indonesia,2,4,2025-09-21,2025-09-28
You and Everything Else,you-and-everything-else,TV,JP,Japan,1,7,2025-09-21,2025-09-21
You and Everything Else,you-and-everything-else,TV,PE,Peru,1,10,2025-09-21,2025-09-21
You and Everything Else,you-and-everything-else,TV,PH,Philippines,1,6,2025-09-21,2025-09-21
You and Everything Else,you-and-everything-else,TV,KR,South Korea,7,2,2025-09-14,2025-10-26
You and Everything Else,you-and-everything-else,TV,TW,Taiwan,2,3,2025-09-21,2025-09-28
You and Everything Else,you-and-everything-else,TV,VN,Vietnam,1,6,2025-09-21,2025-09-21
You Are the Apple of My Eye,you-are-the-apple-of-my-eye,Films,KR,South Korea,1,7,2025-11-30,2025-11-30
You Are the Apple of My Eye,you-are-the-apple-of-my-eye,Films,TH,Thailand,1,7,2025-09-28,2025-09-28
Young Adult Matters,young-adult-matters,Films,KR,South Korea,2,4,2021-07-04,2021-07-11
Young Lady and Gentleman,young-lady-and-gentleman,TV,AR,Argentina,2,8,2022-09-04,2022-09-11
Young Lady and Gentleman,young-lady-and-gentleman,TV,AU,Australia,3,6,2022-08-28,2022-09-11
Young Lady and Gentleman,young-lady-and-gentleman,TV,BS,Bahamas,4,7,2022-08-28,2022-09-18
Young Lady and Gentleman,young-lady-and-gentleman,TV,BH,Bahrain,10,2,2022-08-28,2022-10-30
Young Lady and Gentleman,young-lady-and-gentleman,TV,BD,Bangladesh,4,10,2022-09-04,2022-10-02
Young Lady and Gentleman,young-lady-and-gentleman,TV,BO,Bolivia,4,3,2022-09-04,2022-09-25
Young Lady and Gentleman,young-lady-and-gentleman,TV,BR,Brazil,4,5,2022-09-04,2022-09-25
Young Lady and Gentleman,young-lady-and-gentleman,TV,CL,Chile,6,4,2022-09-04,2022-10-09
Young Lady and Gentleman,young-lady-and-gentleman,TV,CO,Colombia,4,8,2022-09-11,2022-10-02
Young Lady and Gentleman,young-lady-and-gentleman,TV,CR,Costa Rica,6,6,2022-09-04,2022-10-09
Young Lady and Gentleman,young-lady-and-gentleman,TV,DO,Dominican Republic,5,7,2022-09-04,2022-10-02
Young Lady and Gentleman,young-lady-and-gentleman,TV,EC,Ecuador,3,8,2022-09-11,2022-09-25
Young Lady and Gentleman,young-lady-and-gentleman,TV,EG,Egypt,4,8,2022-09-11,2022-10-02
Young Lady and Gentleman,young-lady-and-gentleman,TV,SV,El Salvador,8,2,2022-09-04,2022-10-23
Young Lady and Gentleman,young-lady-and-gentleman,TV,FR,France,2,10,2022-09-11,2022-09-18
Young Lady and Gentleman,young-lady-and-gentleman,TV,GP,Guadeloupe,6,7,2022-09-04,2022-10-09
Young Lady and Gentleman,young-lady-and-gentleman,TV,GT,Guatemala,5,8,2022-09-04,2022-10-02
Young Lady and Gentleman,young-lady-and-gentleman,TV,HN,Honduras,7,3,2022-09-04,2022-10-16
Young Lady and Gentleman,young-lady-and-gentleman,TV,IN,India,3,9,2022-09-04,2022-09-18
Young Lady and Gentleman,young-lady-and-gentleman,TV,ID,Indonesia,11,2,2022-08-28,2022-11-06
Young Lady and Gentleman,young-lady-and-gentleman,TV,JM,Jamaica,5,5,2022-09-04,2022-10-02
Young Lady and Gentleman,young-lady-and-gentleman,TV,JP,Japan,6,1,2023-05-07,2023-06-11
Young Lady and Gentleman,young-lady-and-gentleman,TV,JO,Jordan,5,6,2022-09-04,2022-10-02
Young Lady and Gentleman,young-lady-and-gentleman,TV,KE,Kenya,7,3,2022-08-28,2022-10-09
Young Lady and Gentleman,young-lady-and-gentleman,TV,KW,Kuwait,9,2,2022-09-04,2022-10-30
Young Lady and Gentleman,young-lady-and-gentleman,TV,LB,Lebanon,5,9,2022-09-04,2022-10-09
Young Lady and Gentleman,young-lady-and-gentleman,TV,MY,Malaysia,8,3,2022-08-28,2022-10-23
Young Lady and Gentleman,young-lady-and-gentleman,TV,MV,Maldives,9,1,2022-08-28,2022-10-23
Young Lady and Gentleman,young-lady-and-gentleman,TV,MQ,Martinique,6,6,2022-09-04,2022-10-09
Young Lady and Gentleman,young-lady-and-gentleman,TV,MU,Mauritius,7,7,2022-08-28,2022-10-09
Young Lady and Gentleman,young-lady-and-gentleman,TV,MX,Mexico,6,4,2022-09-04,2022-10-09
Young Lady and Gentleman,young-lady-and-gentleman,TV,MA,Morocco,9,1,2022-09-04,2022-10-30
Young Lady and Gentleman,young-lady-and-gentleman,TV,NC,New Caledonia,6,2,2022-09-04,2022-10-09
Young Lady and Gentleman,young-lady-and-gentleman,TV,NZ,New Zealand,4,3,2022-08-28,2022-09-18
Young Lady and Gentleman,young-lady-and-gentleman,TV,NI,Nicaragua,7,2,2022-09-04,2022-10-16
Young Lady and Gentleman,young-lady-and-gentleman,TV,NG,Nigeria,10,2,2022-08-28,2022-10-30
Young Lady and Gentleman,young-lady-and-gentleman,TV,OM,Oman,10,1,2022-08-28,2022-10-30
Young Lady and Gentleman,young-lady-and-gentleman,TV,PA,Panama,8,5,2022-09-04,2022-10-23
Young Lady and Gentleman,young-lady-and-gentleman,TV,PY,Paraguay,4,6,2022-09-04,2022-09-25
Young Lady and Gentleman,young-lady-and-gentleman,TV,PE,Peru,8,2,2022-09-04,2022-10-23
Young Lady and Gentleman,young-lady-and-gentleman,TV,PH,Philippines,10,2,2022-08-28,2022-10-30
Young Lady and Gentleman,young-lady-and-gentleman,TV,QA,Qatar,10,1,2022-08-28,2022-10-30
Young Lady and Gentleman,young-lady-and-gentleman,TV,RE,Réunion,7,5,2022-09-04,2022-10-16
Young Lady and Gentleman,young-lady-and-gentleman,TV,SA,Saudi Arabia,9,2,2022-09-04,2022-10-30
Young Lady and Gentleman,young-lady-and-gentleman,TV,SG,Singapore,7,3,2022-08-28,2022-10-09
Young Lady and Gentleman,young-lady-and-gentleman,TV,ZA,South Africa,6,3,2022-08-28,2022-10-02
Young Lady and Gentleman,young-lady-and-gentleman,TV,LK,Sri Lanka,9,2,2022-08-28,2022-10-23
Young Lady and Gentleman,young-lady-and-gentleman,TV,TW,Taiwan,7,3,2022-08-28,2022-10-09
Young Lady and Gentleman,young-lady-and-gentleman,TV,TH,Thailand,7,3,2022-08-28,2022-10-09
Young Lady and Gentleman,young-lady-and-gentleman,TV,TT,Trinidad and Tobago,8,3,2022-08-28,2022-10-16
Young Lady and Gentleman,young-lady-and-gentleman,TV,TR,Turkey,7,3,2022-08-28,2022-10-09
Young Lady and Gentleman,young-lady-and-gentleman,TV,AE,United Arab Emirates,10,2,2022-08-28,2022-10-30
Young Lady and Gentleman,young-lady-and-gentleman,TV,VE,Venezuela,4,5,2022-09-04,2022-09-25
Young Lady and Gentleman,young-lady-and-gentleman,TV,VN,Vietnam,10,3,2022-08-28,2022-10-30
Your Letter,your-letter,Films,KR,South Korea,2,2,2026-01-11,2026-01-18
Youth,youth,Films,BH,Bahrain,2,5,2026-04-19,2026-04-26
Youth,youth,Films,BD,Bangladesh,2,5,2026-04-26,2026-05-03
Youth,youth,Films,IN,India,7,1,2026-04-19,2026-05-31
Youth,youth,Films,KW,Kuwait,2,7,2026-04-19,2026-04-26
Youth,youth,Films,MY,Malaysia,1,10,2026-04-19,2026-04-19
Youth,youth,Films,MV,Maldives,2,8,2026-04-19,2026-04-26
Youth,youth,Films,MU,Mauritius,1,10,2026-04-26,2026-04-26
Youth,youth,Films,OM,Oman,2,5,2026-04-19,2026-04-26
Youth,youth,Films,QA,Qatar,2,4,2026-04-19,2026-04-26
Youth,youth,Films,SG,Singapore,2,5,2026-04-19,2026-04-26
Youth,youth,Films,LK,Sri Lanka,4,2,2026-04-19,2026-05-10
Youth,youth,Films,AE,United Arab Emirates,3,3,2026-04-19,2026-05-03
Zombie Detective,zombie-detective,TV,MY,Malaysia,2,4,2021-08-22,2021-08-29
Zombie Detective,zombie-detective,TV,PH,Philippines,1,9,2021-08-22,2021-08-22
Zombie Detective,zombie-detective,TV,TH,Thailand,2,6,2021-08-22,2021-08-29
