ticker,name_en,name_ko,market,sector_ko,fiscal_year,headcount,men,women,women_share,tenure_years,tenure_years_men,tenure_years_women,tenure_ratio_women_to_men,annual_pay_per_person_krw_men,annual_pay_per_person_krw_women,pay_ratio_women_to_men,pay_ratio_withheld_reason,close_price_krw,market_cap_krw,listed_shares,price_as_of
005930,"SAMSUNG ELECTRONICS CO,.LTD",삼성전자,KOSPI,전자부품·컴퓨터·통신장비,2025,128881,94273,34608,0.269,13.73,14,13,0.929,167000000,130000000,0.778,,269500,1575572084856000,5846278608,20260909
005380,HYUNDAI MOTOR CO,현대자동차,KOSPI,자동차·트레일러,2025,72598,66681,5917,0.082,15.8,16.2,11.3,0.698,132000000,118000000,0.894,,388000,79446013208000,204757766,20260909
000270,KIA CORPORATION,기아,KOSPI,자동차·트레일러,2025,36566,34664,1902,0.052,20.76,21.1,14.5,0.687,135000000,116000000,0.859,,126800,49504368146400,390412998,20260909
000660,SK hynix Inc.,SK하이닉스,KOSPI,전자부품·컴퓨터·통신장비,2025,34549,23037,11512,0.333,13.43,12.3,15.7,1.276,198000000,159000000,0.803,,1856000,1355793829440000,730492365,20260909
066570,LG ELECTRONICS INC.,LG전자,KOSPI,전자부품·컴퓨터·통신장비,2025,34144,28568,5576,0.163,13.76,14.2,11.5,0.81,122000000,95000000,0.779,,204500,33309908471000,162884638,20260909
034220,"LG Display Co., Ltd.",LG디스플레이,KOSPI,전자부품·컴퓨터·통신장비,2025,24430,20948,3482,0.143,14.93,15.3,12.7,0.83,89000000,67000000,0.753,,8950,4475000000000,500000000,20260909
139480,E-MART Inc.,이마트,KOSPI,소매업,2025,23075,9794,13281,0.576,13.95,15.1,13.1,0.868,69000000,39000000,0.565,,75000,2069686425000,27595819,20260909
015760,KOREA ELECTRIC POWER CORPORATION,한국전력공사,KOSPI,전기·가스·증기,2025,22875,17478,5397,0.236,14.98,15.1,14.6,0.967,97705000,84248000,0.862,,33750,21666287598750,641964077,20260909
329180,"HD HYUNDAI HEAVY INDUSTRIES CO.,LTD.",HD현대중공업,KOSPI,기타 운송장비,2025,18880,17909,971,0.051,3.98,4.02,3.28,0.816,,,,not reported,463500,48649527787500,104961225,20260909
003490,"KOREAN AIR LINES CO.,LTD",대한항공,KOSPI,항공운송,2025,18318,10371,7947,0.434,18.36,18.8,17.79,0.946,143547681.03,96911538.95,0.675,,29800,10972975697800,368220661,20260909
023530,"LOTTE SHOPPING CO.,LTD.",롯데쇼핑,KOSPI,소매업,2025,17712,6010,11702,0.661,12.55,14.83,11.38,0.767,74738034.94,43258099.04,0.579,,110900,3137222929500,28288755,20260909
060000,KOOKMIN BANK,국민은행,,금융업,2025,15389,6458,8931,0.58,17.26,17.17,17.33,1.009,139000000,112000000,0.806,,,,,
030200,KT CORPORATION,케이티,KOSPI,통신업,2025,14701,10860,3841,0.261,19.27,19.9,17.5,0.879,122000000,109000000,0.893,,53100,13382351473500,252021685,20260909
000030,Woori Bank,우리은행,,금융업,2025,14203,6282,7921,0.558,16.34,14.5,17.8,1.228,134000000,112000000,0.836,,,,,
024110,INDUSTRIAL BANK OF KOREA,기업은행,KOSPI,금융업,2025,13507,5571,7936,0.588,15.51,16,15.17,0.948,111000000,82000000,0.739,,20600,16426972901400,797425869,20260909
373220,"LG ENERGY SOLUTION, LTD.",LG에너지솔루션,KOSPI,전기장비,2025,12922,10507,2415,0.187,8.16,8.58,6.33,0.738,119000000,80000000,0.672,,371000,86814000000000,234000000,20260909
051910,LG CHEM LTD,LG화학,KOSPI,화학물질·화학제품,2025,12869,10734,2135,0.166,14.01,14.7,10.55,0.718,111191727.22,86066978.92,0.774,,285000,20118817755000,70592343,20260909
006400,"SAMSUNG SDI CO.,LTD",삼성SDI,KOSPI,전기장비,2025,12826,10297,2529,0.197,12.59,13.46,9.04,0.672,98844323.59,79249110.32,0.802,,574000,46256094220000,80585530,20260909
000010,SHINHAN BANK,신한은행,,금융업,2025,12781,6522,6259,0.49,15.44,16.75,14.08,0.841,144000000,101000000,0.701,,,,,
012330,"HYUNDAI MOBIS CO.,LTD",현대모비스,KOSPI,자동차·트레일러,2025,12535,10783,1752,0.14,13.11,13.57,10.25,0.755,141899378.65,106524543.38,0.751,,417500,37500094237500,89820585,20260909
011070,"LG INNOTEK CO., LTD.",LG이노텍,KOSPI,전자부품·컴퓨터·통신장비,2025,12211,10138,2073,0.17,9.42,9.55,8.76,0.917,96289998.03,74718282.68,0.776,,553000,13087910171000,23667107,20260909
009150,"SAMSUNG ELECTRO-MECHANICS CO.,LTD",삼성전기,KOSPI,전자부품·컴퓨터·통신장비,2025,12173,9278,2895,0.238,15.76,16,15,0.938,115000000,92000000,0.8,,1404000,104869949184000,74693696,20260909
004940,KEB Hana Bank,하나은행,,금융업,2025,11837,4242,7595,0.642,15.61,15.1,15.9,1.053,141000000,114000000,0.809,,,,,
004020,HYUNDAI STEEL COMPANY,현대제철,KOSPI,1차 금속,2025,11694,11117,577,0.049,14.03,14.33,8.33,0.581,115000000,72000000,0.626,,33650,4490450665250,133445785,20260909
018260,"SAMSUNG SDS CO., LTD.",삼성에스디에스,KOSPI,컴퓨터 프로그래밍·SI,2025,11219,8207,3012,0.268,17.2,17.9,15.3,0.855,145000000,120000000,0.828,,224500,17371316100000,77377800,20260909
042660,"Hanwha Ocean Co., Ltd.",한화오션,KOSPI,기타 운송장비,2025,11178,10452,726,0.065,15.91,16.6,6,0.361,99000000,69000000,0.697,,88100,26995020011400,306413394,20260909
010140,"SAMSUNG HEAVY INDUSTRIES CO.,LTD",삼성중공업,KOSPI,기타 운송장비,2025,10589,10144,445,0.042,17.24,17.54,10.39,0.592,107482649.84,82251685.39,0.765,,21600,19008000000000,880000000,20260909
032640,LG Uplus Corp,LG유플러스,KOSPI,통신업,2025,9765,7775,1990,0.204,11.31,11.7,9.8,0.838,121000000,99000000,0.818,,14910,6328217484120,424427732,20260909
058850,ktcs corporation,KTcs,KOSPI,정보서비스업,2025,9404,2036,7368,0.783,6.35,5.43,6.61,1.217,26919941.06,21459283.39,0.797,,2175,90054678750,41404450,20260909
028260,SAMSUNG C&T CORPORATION,삼성물산,KOSPI,도매·상품중개,2025,9261,7180,2081,0.225,15.01,15.8,12.3,0.778,132000000,92000000,0.697,,376000,60975010456000,162167581,20260909
058860,ktis Corporation,KTis,KOSPI,정보서비스업,2025,9088,2208,6880,0.757,6.04,5.52,6.21,1.125,38695652.17,34509156.98,0.892,,2565,89267130000,34802000,20260909
097950,CJ CHEILJEDANG CORP.,CJ제일제당,KOSPI,식료품 제조,2025,8232,5792,2440,0.296,9.35,10.27,7.15,0.696,88270372.93,74227459.02,0.841,,181400,2730829340400,15054186,20260909
051500,CJ Freshway Corporation,CJ프레시웨이,KOSDAQ,도매·상품중개,2025,8225,2528,5697,0.693,3.8,4.89,3.31,0.677,50444224.68,30885729.33,0.612,,23600,280169429600,11871586,20260909
012450,"HANWHA AEROSPACE CO., LTD.",한화에어로스페이스,KOSPI,기타 운송장비,2025,8168,7395,773,0.095,13.06,13.52,8.69,0.643,126740770.79,99137128.07,0.782,,1047000,53986880847000,51563401,20260909
094280,"HYOSUNG ITX.CO.,LTD",효성 ITX,KOSPI,사업시설 관리,2025,8092,1920,6172,0.763,3.09,3.06,3.1,1.013,39257812.5,31539857.42,0.803,,11990,138582818000,11558200,20260909
020560,Asiana Airlines Inc.,아시아나항공,KOSPI,항공운송,2025,7479,3200,4279,0.572,16.34,16.37,16.31,0.996,123817110.94,66008991.59,0.533,,7930,1633506338230,205990711,20260909
007070,"GS Retail Co.,Ltd",GS리테일,KOSPI,소매업,2025,7304,4092,3212,0.44,7.74,9.19,5.89,0.641,79670821.11,51582191.78,0.647,,25050,2094365745750,83607415,20260909
012750,S-1 CORPORATION,에스원,KOSPI,사업시설 관리,2025,7044,6563,481,0.068,13.84,13.8,14.4,1.043,81000000,75000000,0.926,,81800,3108332760400,37999178,20260909
000720,"HYUNDAI ENGINEERING & CONSTRUCTION CO.,LTD",현대건설,KOSPI,종합 건설,2025,6900,6153,747,0.108,13.78,13.91,12.67,0.911,116321306.68,77307898.26,0.665,,133600,14877130204000,111355765,20260909
064400,"LG CNS Co., Ltd.",LG씨엔에스,KOSPI,컴퓨터 프로그래밍·SI,2025,6890,5081,1809,0.263,12.89,13.25,11.87,0.896,121000000,101000000,0.835,,72100,6985476850800,96885948,20260909
000120,CJ Logistics Corporation,CJ대한통운,KOSPI,육상운송,2025,6847,5771,1076,0.157,9.95,10.5,7,0.667,78000000,60000000,0.769,,73000,1665301112000,22812344,20260909
453340,"HYUNDAI GREEN FOOD CO., LTD",현대그린푸드,KOSPI,소매업,2025,6543,2411,4132,0.632,6.28,6.38,6.22,0.975,53851817.92,41589160.7,0.772,,18520,601373791240,32471587,20260909
161390,"HANKOOK TIRE & TECHNOLOGY CO.,LTD",한국타이어앤테크놀로지,KOSPI,고무·플라스틱,2025,6493,6091,402,0.062,11.12,11.4,6.9,0.605,101000000,74000000,0.733,,63100,7816516853900,123875069,20260909
051600,"KEPCO Plant Service & Engineering Co., Ltd",한전KPS,KOSPI,전문직별 공사,2025,6485,5826,659,0.102,13.86,14.6,7.3,0.5,85739000,60629000,0.707,,48000,2160000000000,45000000,20260909
039570,"HDC LABS Co., Ltd.",HDC랩스,KOSPI,전문직별 공사,2025,6465,3917,2548,0.394,2.87,2.91,2.82,0.969,32576461.58,26198587.13,0.804,,7570,196499039570,25957601,20260909
021240,"COWAY Co., Ltd.",코웨이,KOSPI,기타 개인 서비스,2025,6352,3674,2678,0.422,9.33,7.93,11.24,1.417,74175000,59997000,0.809,,97800,6921054262800,70767426,20260909
034020,"DOOSAN ENERBILITY CO., LTD.",두산에너빌리티,KOSPI,기타 기계·장비,2025,6233,5768,465,0.075,13.4,14,6,0.429,104000000,57000000,0.548,,91700,58739457088200,640561146,20260909
280360,"LOTTE WELLFOOD CO.,LTD",롯데웰푸드,KOSPI,식료품 제조,2025,5825,3496,2329,0.4,14.35,16.72,10.8,0.646,74205663.62,40868613.14,0.551,,139100,1280356243400,9204574,20260909
307950,HYUNDAI AUTOEVER CORPORATION.,현대오토에버,KOSPI,출판업,2025,5753,4227,1526,0.265,6.91,7.53,5.19,0.689,104035486.16,85745085.19,0.824,,392500,10763912935000,27423982,20260909
000810,"SAMSUNG FIRE & MARINE INSURANCE CO.,LTD",삼성화재해상보험,KOSPI,보험·연금,2025,5535,2997,2538,0.459,15.9,16.5,15.2,0.921,185737000,126352000,0.68,,641000,28619030193000,44647473,20260909
009830,HANWHA SOLUTIONS CORPORATION,한화솔루션,KOSPI,화학물질·화학제품,2025,5503,4738,765,0.139,10.31,10.73,7.68,0.716,92813634.44,61090196.08,0.658,,30800,6926690108800,224892536,20260909
004370,"NONGSHIM CO.,LTD",농심,KOSPI,식료품 제조,2025,5501,2455,3046,0.554,11.1,14.2,8.6,0.606,80000000,54000000,0.675,,413500,2515172467000,6082642,20260909
073240,"KUMHO TIRE CO., INC.",금호타이어,KOSPI,고무·플라스틱,2025,5463,5210,253,0.046,18.17,18.38,13.76,0.749,92000000,73000000,0.793,,7100,2039548037700,287260287,20260909
207940,"SAMSUNG BIOLOGICS CO.,LTD.",삼성바이오로직스,KOSPI,의료용 물질·의약품,2025,5455,3026,2429,0.445,4.93,5.6,4.1,0.732,121000000,106000000,0.876,,1452000,67214460852000,46290951,20260909
079550,"LIG Defense&Aerospace Co., Ltd.",LIG디펜스앤에어로스페이스,KOSPI,금속가공제품,2025,5382,4668,714,0.133,10.37,10.7,8.2,0.766,112882176.52,89778711.48,0.795,,670000,14740000000000,22000000,20260909
017670,"SK TELECOM CO.,LTD",SK텔레콤,KOSPI,통신업,2025,5316,4047,1269,0.239,13.7,15.2,8.9,0.586,178000000,115000000,0.646,,91300,19610331838900,214790053,20260909
028050,"SAMSUNG E&A CO.,LTD",삼성E&A,KOSPI,건축기술·엔지니어링,2025,5249,4676,573,0.109,11.86,11.95,11.12,0.931,136111206.16,106106457.24,0.78,,50800,9956800000000,196000000,20260909
047810,"KOREA AEROSPACE INDUSTRIES, LTD.",한국항공우주,KOSPI,기타 운송장비,2025,5241,4762,479,0.091,13.69,14.27,7.9,0.554,123567828.64,87622129.44,0.709,,129100,12584036313700,97475107,20260909
005300,"LOTTE CHILSUNG BEVERAGE CO.,LTD",롯데칠성음료,KOSPI,음료 제조,2025,5217,4303,914,0.175,15.05,16.08,10.19,0.634,79605623.98,44420131.29,0.558,,97500,904691190000,9278884,20260909
047040,"DAEWOO ENGINEERING & CONSTRUCTION CO.,LTD",대우건설,KOSPI,종합 건설,2025,5146,4503,643,0.125,16.48,17.08,12.31,0.721,103124583.61,68175738.72,0.661,,19450,7992153559100,410907638,20260909
032830,"Samsung Life Insurance co., Ltd",삼성생명,KOSPI,보험·연금,2025,5124,2673,2451,0.478,17.35,16.3,18.5,1.135,182000000,125000000,0.687,,303500,60700000000000,200000000,20260909
001680,DAESANG CORPORATION,대상,KOSPI,식료품 제조,2025,5106,2600,2506,0.491,12.17,12.39,11.94,0.964,85984615.38,49811652.04,0.579,,18560,643067344000,34648025,20260909
035420,NAVER Corporation,NAVER,KOSPI,정보서비스업,2025,5047,2897,2150,0.426,7.66,8,7.2,0.9,160000000,126000000,0.788,,210000,31936063110000,152076491,20260909
006360,GS Engineering & Construction Corp,GS건설,KOSPI,종합 건설,2025,4996,4380,616,0.123,15.38,16.04,10.71,0.668,111005022.83,69952922.08,0.63,,35550,3042421969500,85581490,20260909
035250,"Kangwon Land, Inc.",강원랜드,KOSPI,스포츠·오락,2025,4906,3062,1844,0.376,12.29,13.15,10.85,0.825,79496471.91,66895887.74,0.841,,14670,3138507135000,213940500,20260909
005850,SL CORPORATION,에스엘,KOSPI,자동차·트레일러,2025,4881,4180,701,0.144,11,11.12,10.29,0.925,89801435.41,76182596.29,0.848,,51100,2373519372000,46448520,20260909
272210,"HANWHA SYSTEMS Co., Ltd.",한화시스템,KOSPI,전자부품·컴퓨터·통신장비,2025,4855,4077,778,0.16,10.57,11.16,7.5,0.672,111514839.34,87000000,0.78,,71100,13432168557900,188919389,20260909
090430,AMOREPACIFIC CORP.,아모레퍼시픽,KOSPI,화학물질·화학제품,2025,4748,1700,3048,0.642,13.71,14.06,13.52,0.962,127064117.65,88427821.52,0.696,,138300,8089548569700,58492759,20260909
375500,"DL E&C CO.,LTD.",DL이앤씨,KOSPI,종합 건설,2025,4742,3978,764,0.161,13.49,14.19,9.84,0.693,104580191.05,65870418.85,0.63,,81200,3141922187600,38693623,20260909
005830,"DB INSURANCE CO.,LTD",DB손해보험,KOSPI,보험·연금,2025,4716,2033,2683,0.569,12.83,13.5,12.33,0.913,142264000,74495000,0.524,,186100,12189614948900,65500349,20260909
064350,Hyundai-Rotem Co.,현대로템,KOSPI,기타 운송장비,2025,4541,4280,261,0.057,11.27,11.63,5.4,0.464,122545327.1,83681992.34,0.683,,126100,13762843147300,109142293,20260909
034730,SK Inc.,SK,KOSPI,금융업,2025,4419,3332,1087,0.246,11.66,12.2,10,0.82,129000000,95000000,0.736,,602000,43646627206000,72502703,20260909
011170,LOTTE CHEMICAL CORPORATION,롯데케미칼,KOSPI,화학물질·화학제품,2025,4349,3555,794,0.183,14.55,15.5,10.3,0.665,105000000,70000000,0.667,,67800,2900173408200,42775419,20260909
033780,KT&G Corporation,케이티앤지,KOSPI,담배 제조,2025,4331,3788,543,0.125,18.21,18.4,16.9,0.918,118000000,92000000,0.78,,168400,17481680790400,103810456,20260909
036460,KoreaGasCorporation,한국가스공사,KOSPI,전기·가스·증기,2025,4289,3654,635,0.148,16.54,17.3,12.19,0.705,105228901.48,83928771.65,0.798,,36150,3337114950000,92313000,20260909
120110,"KOLON INDUSTRIES, INC.",코오롱인더,KOSPI,화학물질·화학제품,2025,4260,3210,1050,0.246,11.68,12.7,8.57,0.675,82665042.99,64332942.86,0.778,,56900,1703929220800,29946032,20260909
002350,NEXEN TIRE CORPORATION,넥센타이어,KOSPI,고무·플라스틱,2025,4255,4057,198,0.047,14.32,14.8,4.46,0.301,83000000,48000000,0.578,,5700,556706898900,97667877,20260909
003620,KG Mobility Corp.,KG모빌리티,KOSPI,자동차·트레일러,2025,4126,4020,106,0.026,25.31,25.6,14.5,0.566,98000000,69000000,0.704,,2675,541352889600,202374912,20260909
079160,"CJ CGV CO.,LTD.",CJ CGV,KOSPI,영상·오디오 제작,2025,4096,1904,2192,0.535,10.79,11.7,10,0.855,63000000,51000000,0.81,,5310,879244652070,165582797,20260909
051900,"LG H&H Co., Ltd.",LG생활건강,KOSPI,화학물질·화학제품,2025,4013,1916,2097,0.523,15.11,16.64,13.72,0.825,102752609.6,73692894.61,0.717,,291500,4365364954500,14975523,20260909
001450,"HYUNDAIMARINE&FIREINSURANCECO.,LTD.",현대해상,KOSPI,보험·연금,2025,3987,1911,2076,0.521,15.26,17.25,13.42,0.778,131000000,76000000,0.58,,49000,4177164250000,85248250,20260909
035720,Kakao Corp.,카카오,KOSPI,정보서비스업,2025,3922,2186,1736,0.443,6.29,6.33,6.25,0.987,122000000,92000000,0.754,,35050,15527146600150,442999903,20260909
204320,"HL Mando CO.,LTD",HL만도,KOSPI,자동차·트레일러,2025,3828,3532,296,0.077,18.42,19.4,6.7,0.345,111000000,77000000,0.694,,49700,2333768864000,46957120,20260909
071840,"LOTTE Himart Co.,Ltd",롯데하이마트,KOSPI,소매업,2025,3776,2677,1099,0.291,9.7,9.31,10.64,1.143,61076365.71,52813184.71,0.865,,6280,148256431360,23607712,20260909
103140,POONGSAN CORPORATION,풍산,KOSPI,1차 금속,2025,3754,3553,201,0.054,14.08,13.86,18.06,1.303,93849925.13,91098203.98,0.971,,79900,2239139812200,28024278,20260909
000370,"Hanwha General Insurance Co., Ltd.",한화손해보험,KOSPI,보험·연금,2025,3715,1467,2248,0.605,13.47,14.2,13,0.915,127000000,92000000,0.724,,7890,921070039350,116738915,20260909
130660,"Korea Electronic Power Industrial Development Co., Ltd",한전산업,KOSPI,건축기술·엔지니어링,2025,3614,3464,150,0.042,10.7,10.9,6.1,0.56,66857000,46750000,0.699,,13450,438470000000,32600000,20260909
002380,KCC Corporation,케이씨씨,KOSPI,화학물질·화학제품,2025,3583,3239,344,0.096,15.03,15.5,10.59,0.683,86329378.13,61883787.93,0.717,,503000,4322226688000,8592896,20260909
298040,Hyosung Heavy Industries Corporation,효성중공업,KOSPI,전기장비,2025,3567,3143,424,0.119,13.13,13.9,7.4,0.532,91000000,55000000,0.604,,2931000,27330250188000,9324548,20260909
010950,S-Oil Corporation,S-Oil,KOSPI,코크스·석유정제,2025,3537,3249,288,0.081,17.41,17.72,13.96,0.788,142891698.98,90641458.33,0.634,,165900,18677485192800,112582792,20260909
010120,"LS ELECTRIC CO., LTD",엘에스일렉트릭,KOSPI,전기장비,2025,3482,2942,540,0.155,16.01,16.51,13.28,0.804,99223997.28,73822222.22,0.744,,211500,31725000000000,150000000,20260909
005430,"KOREA AIRPORT SERVICE CO.,LTD",한국공항,KOSPI,창고·운송 관련,2025,3409,3336,73,0.021,12.08,11.93,19.05,1.597,65491606.71,65835616.44,1.005,,79900,252991764500,3166355,20260909
007310,OTOKI CORPORATION,오뚜기,KOSPI,식료품 제조,2025,3388,1200,2188,0.646,9.65,9,10,1.111,63000000,46000000,0.73,,334000,1338615220000,4007830,20260909
091810,"Trinity Airways Co., Ltd.",트리니티항공,KOSPI,항공운송,2025,3380,1768,1612,0.477,5.28,5.21,5.36,1.029,90000000,47000000,0.522,,2750,280791750250,102106091,20260909
000110,Standard Chartered Bank Korea Ltd,한국스탠다드차타드은행,,금융업,2025,3352,1204,2148,0.641,18.02,18.21,17.92,0.984,142000000,102000000,0.718,,,,,
006800,"MIRAE ASSET SECURITIES CO.,LTD.",미래에셋증권,KOSPI,금융·보험 관련 서비스,2025,3310,1803,1507,0.455,15.75,15.49,16.06,1.037,167716583.47,145084273.39,0.865,,35050,19032887837550,543021051,20260909
003070,"KolonGlobalCorporation CO.,LTD",코오롱글로벌,KOSPI,종합 건설,2025,3273,2426,847,0.259,6.76,7.71,4.04,0.524,60543693.32,30912632.82,0.511,,9180,233391943620,25423959,20260909
000880,HANWHA CORP,한화,KOSPI,화학물질·화학제품,2025,3264,2838,426,0.131,9.26,9.52,7.52,0.79,97755109.23,61636150.23,0.631,,142000,7572703374000,53328897,20260909
036570,NC Corporation,NC,KOSPI,출판업,2025,3262,2191,1071,0.328,7.47,7.7,7,0.909,130000000,90000000,0.692,,210500,4535016631000,21544022,20260909
049770,"DONGWON F & B CO.,LTD",동원F&B,,식료품 제조,2025,3260,1247,2013,0.617,9.23,8.3,9.8,1.181,62000000,42000000,0.677,,,,,
089590,"JEJUAIR, CO., LTD.",제주항공,KOSPI,항공운송,2025,3233,1693,1540,0.476,7.45,7.4,7.5,1.014,99000000,44000000,0.444,,4865,392318392025,80640985,20260909
005270,iM Bank,아이엠뱅크,,금융업,2025,3181,1539,1642,0.516,16.05,14.91,17.12,1.148,132000000,108000000,0.818,,,,,
068270,"Celltrion, Inc.",셀트리온,KOSPI,의료용 물질·의약품,2025,3153,1839,1314,0.417,6.16,6.46,5.73,0.887,113449700.92,100767123.29,0.888,,183100,42592204925600,232617176,20260909
005610,"SAMLIP CO., LTD.",삼립,KOSPI,식료품 제조,2025,3149,1802,1347,0.428,6.29,6.82,5.57,0.817,57101138.18,47879407.57,0.839,,41800,360692576200,8629009,20260909
069960,"HYUNDAI DEPARTMENT STORE CO.,LTD",현대백화점,KOSPI,소매업,2025,3139,1245,1894,0.603,9.58,13.5,7,0.519,111000000,55000000,0.495,,97400,2100422428800,21564912,20260909
005940,"NH INVESTMENT & SECURITIES CO.,LTD.",NH투자증권,KOSPI,금융·보험 관련 서비스,2025,3137,1783,1354,0.432,13.74,12.91,14.83,1.149,207862030.29,154490398.82,0.743,,26550,9802422087750,369206105,20260909
282330,"BGF retail CO., LTD.",BGF리테일,KOSPI,소매업,2025,3130,2157,973,0.311,5.56,6,4.6,0.767,77000000,56000000,0.727,,145400,2513079932400,17283906,20260909
035760,"CJ ENM CO., Ltd.",CJ ENM,KOSDAQ,방송업,2025,3105,1148,1957,0.63,6.89,8.07,6.19,0.767,102141986.06,72973428.72,0.714,,33150,726951455100,21929154,20260909
000060,"Meritz Fire & Marine Insurance CO., Ltd",메리츠화재해상보험,,보험·연금,2025,3027,1216,1811,0.598,11.22,10.92,11.42,1.046,175724000,102093000,0.581,,,,,
003230,Samyang Foods Inc.,삼양식품,KOSPI,식료품 제조,2025,3025,1808,1217,0.402,4.44,4.71,4.05,0.86,57820632.74,54032196.38,0.934,,1265000,9529263975000,7533015,20260909
005280,BUSAN BANK,부산은행,,금융업,2025,2995,1413,1582,0.528,15.21,15.32,15.11,0.986,140000000,110000000,0.786,,,,,
002550,"KB Insurance Co., Ltd",KB손해보험,,보험·연금,2025,2991,1420,1571,0.525,15.47,16,15,0.938,140000000,93000000,0.664,,,,,
048260,"OSSTEMIMPLANT.CO.,Ltd",오스템임플란트,,의료·정밀·광학기기,2025,2981,2298,683,0.229,5.5,5.75,4.67,0.812,68000000,53000000,0.779,,,,,
003670,"POSCO FUTURE M CO., LTD.",포스코퓨처엠,KOSPI,전기장비,2025,2979,2769,210,0.07,8.67,8.8,7,0.795,88000000,74000000,0.841,,192100,17086568862000,88946220,20260909
032040,"C&S ASSET MANAGEMENT CO., LTD.",씨앤에스자산관리,,사업시설 관리,2025,2974,1829,1145,0.385,2.96,2.86,3.12,1.091,25601421.54,22261135.37,0.87,,,,,
003450,"KB SECURITIES CO.,LTD",케이비증권,,금융·보험 관련 서비스,2025,2970,1571,1399,0.471,15.74,14.27,17.4,1.219,190999363.46,139160829.16,0.729,,,,,
000080,HITE JINRO,하이트진로,KOSPI,음료 제조,2025,2935,2402,533,0.182,18.3,18.68,16.56,0.887,129007190.68,101374703.99,0.786,,15250,1069537567750,70133611,20260909
002150,"DOHWA ENGINEERING Co., Ltd.",도화엔지니어링,KOSPI,건축기술·엔지니어링,2025,2912,2565,347,0.119,9.53,10.03,5.81,0.579,78886159.84,52731988.47,0.668,,5340,180064800000,33720000,20260909
222800,"SIMMTECH Co., Ltd.",심텍,KOSDAQ,전자부품·컴퓨터·통신장비,2025,2902,2388,514,0.177,9.45,9.5,9.2,0.968,62030000,50471000,0.814,,132600,5035382632800,37974228,20260909
286940,"LOTTE INNOVATE Co.,Ltd",롯데이노베이트,KOSPI,컴퓨터 프로그래밍·SI,2025,2887,2011,876,0.303,9.49,10.23,7.78,0.761,86784186.97,72005707.76,0.83,,18310,277018709770,15129367,20260909
017800,"HYUNDAI ELEVATOR CO.,LTD",현대엘리베이터,KOSPI,기타 기계·장비,2025,2867,2594,273,0.095,11.96,12.3,8.7,0.707,111000000,97000000,0.874,,75700,2959293544500,39092385,20260909
011210,HYUNDAI WIA,현대위아,KOSPI,자동차·트레일러,2025,2843,2712,131,0.046,12.32,12.62,6.01,0.476,134450221.24,91122137.4,0.678,,57100,1552839239300,27195083,20260909
088350,"HANWHA LIFE INSURANCE CO., LTD.",한화생명,KOSPI,보험·연금,2025,2794,1464,1330,0.476,16.83,15.5,18.3,1.181,130000000,103000000,0.792,,5710,4959306300000,868530000,20260909
108670,"LX HAUSYS, LTD.",LX하우시스,KOSPI,고무·플라스틱,2025,2728,2312,416,0.152,15.93,16.5,12.78,0.775,90431228.37,65716346.15,0.727,,34450,308936231500,8967670,20260909
010960,SAMHO DEVELOPMENT CO,삼호개발,KOSPI,전문직별 공사,2025,2713,2599,114,0.042,9.35,9.3,10.4,1.118,86000000,73000000,0.849,,3105,74892600000,24120000,20260909
004170,SHINSEGAE Inc.,신세계,KOSPI,소매업,2025,2634,907,1727,0.656,13.46,13,13.7,1.054,116000000,73000000,0.629,,391500,3697788361500,9445181,20260909
353200,"DAEDUCK ELECTRONICS CO.,LTD",대덕전자,KOSPI,전자부품·컴퓨터·통신장비,2025,2633,2271,362,0.137,9.84,10.5,5.7,0.543,84000000,66000000,0.786,,106100,5243135742500,49416925,20260909
016360,"SAMSUNG SECURITIES CO.,LTD",삼성증권,KOSPI,금융·보험 관련 서비스,2025,2614,1437,1177,0.45,13.13,13.47,12.71,0.944,191656228.25,139038232.8,0.725,,87200,7786960000000,89300000,20260909
008670,"Shinhan Securities Co., Ltd.",신한투자증권,,금융·보험 관련 서비스,2025,2574,1538,1036,0.402,12.93,12.73,13.22,1.038,163847204.16,120699806.95,0.737,,,,,
136480,"HARIM Co., Ltd.",하림,KOSDAQ,식료품 제조,2025,2564,1373,1191,0.465,6.63,6.95,6.27,0.902,58276770.58,49909759.87,0.856,,2680,284642001360,106209702,20260909
033630,"SK Broadband Co., Ltd.",에스케이브로드밴드,,통신업,2025,2472,1994,478,0.193,16.08,17.9,8.5,0.475,139000000,88000000,0.633,,,,,
052690,"KEPCO Engineering & Construction Company, Inc",한전기술,KOSPI,건축기술·엔지니어링,2025,2466,1942,524,0.212,13.01,14.2,8.6,0.606,98000000,70000000,0.714,,143100,5469282000000,38220000,20260909
032710,"Shinhan Card Co.,Ltd",신한카드,,금융업,2025,2440,1325,1115,0.457,19.21,18.33,20.25,1.105,142000000,131000000,0.923,,,,,
272450,"JIN AIR CO,.LTD.",진에어,KOSPI,항공운송,2025,2382,1265,1117,0.469,6.11,5.74,6.52,1.136,107000000,53000000,0.495,,6150,321030000000,52200000,20260909
128940,"Hanmi Pharm. Co., Ltd.",한미약품,KOSPI,의료용 물질·의약품,2025,2382,1680,702,0.295,8.93,9.25,8.17,0.883,92000000,73000000,0.793,,494500,6335035049500,12810991,20260909
019680,"DAEKYO CO.,LTD",대교,KOSPI,교육서비스업,2025,2359,778,1581,0.67,13.56,15.1,12.8,0.848,51000000,41000000,0.804,,1000,80467700000,80467700,20260909
006280,GC Biopharma Corp.,녹십자,KOSPI,의료용 물질·의약품,2025,2351,1707,644,0.274,9.86,10.6,7.9,0.745,75000000,68000000,0.907,,127400,1488864941200,11686538,20260909
243840,"SHIN HEUNG ENERGY & ELECTRONICS CO., LTD.",신흥에스이씨,KOSDAQ,전기장비,2025,2328,1215,1113,0.478,3.81,3.57,4.07,1.14,39763012.35,31287064.69,0.787,,5900,227493586500,38558235,20260909
086280,"HYUNDAI GLOVIS Co., LTD.",현대글로비스,KOSPI,창고·운송 관련,2025,2319,1897,422,0.182,6.98,7.15,6.24,0.873,118649106,98567984,0.831,,202500,15187500000000,75000000,20260909
185750,Chong Kun Dang Pharmaceutical Corp.,종근당,KOSPI,의료용 물질·의약품,2025,2304,1569,735,0.319,10.02,10.5,9,0.857,85000000,68000000,0.8,,67500,931687650000,13802780,20260909
192520,"Kyongnam Bank Co., Ltd.",경남은행,,금융업,2025,2231,1076,1155,0.518,17.67,18.6,16.8,0.903,142000000,99000000,0.697,,,,,
018880,Hanon Systems,한온시스템,KOSPI,기타 기계·장비,2025,2223,2092,131,0.059,18.65,19.41,6.44,0.332,106290000,68563000,0.645,,3515,3607312870280,1026262552,20260909
000990,"DB HiTek Co.,LTD",DB하이텍,KOSPI,전자부품·컴퓨터·통신장비,2025,2221,1213,1008,0.454,10.29,10.7,9.8,0.916,115000000,67000000,0.583,,111500,4850761562000,43504588,20260909
071320,KOREA DISTRICT HEATING CORPORATION,지역난방공사,KOSPI,전기·가스·증기,2025,2213,1788,425,0.192,14.96,15.77,11.55,0.732,89177000,77454000,0.869,,74800,866090051200,11578744,20260909
009240,"HANSSEM CO.,LTD.",한샘,KOSPI,도매·상품중개,2025,2212,1443,769,0.348,9.78,10.53,8.37,0.795,59167706.17,49058517.56,0.829,,38950,916646495600,23533928,20260909
267260,"HD HYUNDAI ELECTRIC CO.,LTD",HD현대일렉트릭,KOSPI,전기장비,2025,2209,2020,189,0.086,6.42,6.6,4.5,0.682,134000000,100000000,0.746,,751000,27071398385000,36047135,20260909
031440,SHINSEGAE FOOD Inc.,신세계푸드,,음식점·주점,2025,2203,1174,1029,0.467,7.97,9,6.8,0.756,59000000,41000000,0.695,,,,,
000100,YUHAN CORPORATION,유한양행,KOSPI,의료용 물질·의약품,2025,2153,1566,587,0.273,12.74,13.83,9.83,0.711,109000000,76000000,0.697,,80000,5889262480000,73615781,20260909
259960,"KRAFTON, Inc.",크래프톤,KOSPI,출판업,2025,2118,1378,740,0.349,3.2,3.3,3,0.909,145000000,99000000,0.683,,209000,9561320087000,45747943,20260909
022100,POSCO DX COMPANY LTD.,포스코DX,KOSPI,건축기술·엔지니어링,2025,2103,1701,402,0.191,14.98,15.88,11.19,0.705,103502057.61,84442786.07,0.816,,21900,3329560565100,152034729,20260909
097230,"HJ SHIPBUILDING & CONSTRUCTION CO.,LTD",HJ중공업,KOSPI,종합 건설,2025,2097,2012,85,0.041,14.23,14.52,7.25,0.499,81683624.25,54569623.53,0.668,,15850,1431181202400,90295344,20260909
096770,"SK Innovation Co., Ltd.",SK이노베이션,KOSPI,코크스·석유정제,2025,2064,1411,653,0.316,10.94,11.64,9.44,0.811,162682494.68,110231240.43,0.678,,153500,25949602958000,169052788,20260909
010130,KOREA ZINC INC,고려아연,KOSPI,1차 금속,2025,2054,1922,132,0.064,12.35,12.83,5.42,0.422,125000000,72000000,0.576,,1227000,25611132963000,20872969,20260909
460860,"DONGKUK STEEL MILL Co., Ltd.",동국제강,KOSPI,1차 금속,2025,2047,1952,95,0.046,13.54,13.81,7.99,0.579,89000000,60000000,0.674,,10400,515923376800,49608017,20260909
344820,KCC GLASS Corporation,케이씨씨글라스,KOSPI,비금속 광물제품,2025,2045,1858,187,0.091,12.02,12.62,6.05,0.479,75357558.13,51905235.29,0.689,,24400,389680492800,15970512,20260909
029780,"SAMSUNG CARD CO.,LTD",삼성카드,KOSPI,금융업,2025,2033,1261,772,0.38,15.97,17.3,13.8,0.798,165000000,116000000,0.703,,45950,5323716041450,115858891,20260909
215200,MegaStudyEdu Co. Ltd,메가스터디교육,KOSDAQ,교육서비스업,2025,2002,926,1076,0.537,5.47,6.6,4.5,0.682,56311000,46676000,0.829,,34200,354490387200,10365216,20260909
005180,"BINGGRAE CO.,LTD",빙그레,KOSPI,식료품 제조,2025,1998,1524,474,0.237,10.58,11.2,8.6,0.768,71832000,56990000,0.793,,85500,792502150500,9269031,20260909
054930,Yooshin Engineering Corporation,유신,KOSDAQ,건축기술·엔지니어링,2025,1988,1788,200,0.101,9.36,9.95,4.05,0.407,71477628.64,48610000,0.68,,18610,55830000000,3000000,20260909
317400,Xi S&D Inc.,자이에스앤디,KOSPI,부동산업,2025,1946,1459,487,0.25,3.48,3.59,3.17,0.883,46117203.56,28954825.46,0.628,,10010,388213025200,38782520,20260909
011200,"HMM CO.,LTD",HMM,KOSPI,수상운송,2025,1933,1549,384,0.199,9.33,9.12,10.19,1.117,135186991.61,114810390.63,0.849,,20850,19666511674500,943237970,20260909
066970,"L&F CO.,LTD",엘앤에프,KOSPI,전기장비,2025,1924,1766,158,0.082,4.32,4.33,4.17,0.963,60666000,57836000,0.953,,127000,5166952074000,40684662,20260909
267980,"Maeil Dairies Co., Ltd.",매일유업,KOSDAQ,식료품 제조,2025,1921,1488,433,0.225,13.93,14.87,10.72,0.721,86335722.45,74926060.05,0.868,,34400,263629147200,7663638,20260909
008770,"HOTEL SHILLA CO.,LTD",호텔신라,KOSPI,소매업,2025,1910,919,991,0.519,8.92,10.57,7.39,0.699,66248095.76,52974772.96,0.8,,41700,1636646645700,39248121,20260909
023350,Korea Engineering Consultants Corp.,한국종합기술,KOSPI,건축기술·엔지니어링,2025,1907,1725,182,0.095,7.79,7.96,6.23,0.783,73457230.14,45473109.89,0.619,,4100,44895000000,10950000,20260909
013580,"KYE-RYONG CONSTRUCTION INDUSTRIAL CO.,LTD",계룡건설산업,KOSPI,종합 건설,2025,1850,1642,208,0.112,10.13,10.97,3.52,0.321,84000000,52000000,0.619,,22250,198712680750,8930907,20260909
012510,"DOUZONE BIZON CO.,LTD",더존비즈온,,컴퓨터 프로그래밍·SI,2025,1818,1123,695,0.382,7.1,7.6,6.3,0.829,66000000,53000000,0.803,,,,,
323410,KakaoBank Corp.,카카오뱅크,KOSPI,금융업,2025,1806,988,818,0.453,4.14,4.33,3.92,0.905,144000000,102000000,0.708,,21600,10305801439200,477120437,20260909
114090,"Grand Korea Leisure Co.,Ltd",GKL,KOSPI,스포츠·오락,2025,1794,764,1030,0.574,15.67,15.1,16.1,1.066,69000000,61000000,0.884,,9290,574639174300,61855670,20260909
069620,DAEWOONG PHARMA,대웅제약,KOSPI,의료용 물질·의약품,2025,1794,1136,658,0.367,6.84,7.5,5.7,0.76,86000000,62000000,0.721,,114400,1325504180000,11586575,20260909
294870,IPARK HYUNDAI DEVELOPMENT COMPANY,IPARK현대산업개발,KOSPI,종합 건설,2025,1788,1493,295,0.165,10.89,12.19,4.33,0.355,95685867.38,58705084.75,0.614,,23550,1552117621500,65907330,20260909
015750,"SUNGWOO HITECH CO., LTD",성우하이텍,KOSDAQ,자동차·트레일러,2025,1782,1715,67,0.038,12.19,12.5,4.2,0.336,81499000,59533000,0.73,,5960,476800000000,80000000,20260909
003470,"Yuanta Securities Korea Co., Ltd.",유안타증권,KOSPI,금융·보험 관련 서비스,2025,1777,1085,692,0.389,12.67,11.96,13.78,1.152,163713364.06,93518786.13,0.571,,4720,909450081440,192680102,20260909
192530,"The Kwangju Bank, Ltd.",광주은행,,금융업,2025,1759,767,992,0.564,12.56,12,13,1.083,124000000,93000000,0.75,,,,,
000150,"DOOSAN CO.,LTD",두산,KOSPI,전자부품·컴퓨터·통신장비,2025,1749,1415,334,0.191,13.66,14.66,9.42,0.643,145301766.78,89422155.69,0.615,,1299000,21035791665000,16193835,20260909
047050,POSCO INTERNATIONAL,포스코인터내셔널,KOSPI,도매·상품중개,2025,1738,1308,430,0.247,15.45,15.3,15.9,1.039,152000000,105000000,0.691,,58000,10203521704000,175922788,20260909
009450,"KYUNG DONG NAVIEN CO.,LTD",경동나비엔,KOSPI,전기장비,2025,1734,1518,216,0.125,7.26,7.47,5.76,0.771,67361388,59405546,0.882,,59600,868288083200,14568592,20260909
213500,"Hansol Paper Co., Ltd",한솔제지,KOSPI,펄프·종이 제조,2025,1732,1576,156,0.09,15.62,16.2,9.8,0.605,82000000,60000000,0.732,,7490,178266314240,23800576,20260909
195940,HK inno.N Corporation,HK이노엔,KOSDAQ,의료용 물질·의약품,2025,1723,1274,449,0.261,9,9.45,7.71,0.816,88915227.63,72278396.44,0.813,,40000,1133195640000,28329891,20260909
225570,"NEXON Games Co., Ltd.",넥슨게임즈,KOSDAQ,출판업,2025,1714,1162,552,0.322,3.56,3.83,3,0.783,97823000,74515000,0.762,,11350,747512974900,65860174,20260909
014820,Dongwon Systems Corporation,동원시스템즈,KOSPI,고무·플라스틱,2025,1705,1568,137,0.08,12.08,12.56,6.62,0.527,76000933.04,49727649.64,0.654,,21200,614615178400,28991282,20260909
170900,"DONG-A ST CO.,LTD",동아에스티,KOSPI,의료용 물질·의약품,2025,1685,1162,523,0.31,12.42,13.25,10.58,0.798,86000000,63000000,0.733,,36350,353608474350,9727881,20260909
456040,OCI Company Ltd.,OCI,KOSPI,화학물질·화학제품,2025,1680,1590,90,0.054,14.53,14.9,7.9,0.53,100000000,69000000,0.69,,80600,721571097000,8952495,20260909
002320,HANJIN Logistics Corporation,한진,KOSPI,육상운송,2025,1673,1455,218,0.13,11.61,11.78,10.51,0.892,66105403.79,55234322.16,0.836,,14730,228589213680,15518616,20260909
003920,"NAMYANG DAIRY PRODUCTS CO.,LTD",남양유업,KOSPI,식료품 제조,2025,1649,1288,361,0.219,13.7,14.72,10.08,0.685,69447204.97,45797783.93,0.659,,42550,241405169850,5673447,20260909
003850,Boryung Corporation,보령,KOSPI,의료용 물질·의약품,2025,1645,1123,522,0.317,7.69,8.25,6.5,0.788,77764000,59788000,0.769,,8880,761790398160,85787207,20260909
271560,ORION CORP.,오리온,KOSPI,식료품 제조,2025,1623,1149,474,0.292,10.46,11.62,7.66,0.659,86534377.72,65229957.81,0.754,,120000,4743454560000,39528788,20260909
282720,"KUMYANG GREEN POWER CO., Ltd.",금양그린파워,KOSDAQ,전문직별 공사,2025,1618,1477,141,0.087,1.93,1.94,1.78,0.918,40523358.16,24680851.06,0.609,,7640,92592980000,12119500,20260909
011780,"KUMHO PETRO CHEMICAL CO.,LTD",금호석유화학,KOSPI,화학물질·화학제품,2025,1606,1354,252,0.157,13.1,13.7,9.9,0.723,109000000,74000000,0.679,,130000,3270452250000,25157325,20260909
007340,DN AUTOMOTIVE CORPORATION,DN오토모티브,KOSPI,전기장비,2025,1604,1369,235,0.147,6.68,6.5,7.7,1.185,67294000,53874000,0.801,,44300,2592031319500,58510865,20260909
008560,"MERITZ SECURITIES CO.,LTD",메리츠증권,,금융·보험 관련 서비스,2025,1593,1078,515,0.323,6.54,6.3,7.04,1.117,261070597.4,130743345.63,0.501,,,,,
033240,"JAHWA ELECTRONICS CO.,LTD",자화전자,KOSPI,전자부품·컴퓨터·통신장비,2025,1585,1126,459,0.29,4.42,4.67,3.79,0.812,56739000,43319000,0.763,,28550,616837082100,21605502,20260909
001740,SKNetworksCompanyLimited,SK네트웍스,KOSPI,도매·상품중개,2025,1576,968,608,0.386,12.87,14.32,10.56,0.737,74741893,53413248,0.715,,6370,1277783072930,200593889,20260909
192820,"COSMAX, INC.",코스맥스,KOSPI,화학물질·화학제품,2025,1565,816,749,0.479,6.54,6.42,6.67,1.039,86773000,79745000,0.919,,266500,3024644148500,11349509,20260909
020000,HANDSOME CORPORATION,한섬,KOSPI,의복 제조,2025,1563,474,1089,0.697,8.16,9.5,7.58,0.798,87936000,72450000,0.824,,15370,330101397780,21476994,20260909
031210,Seoul Guarantee Insurance Company,서울보증보험,KOSPI,보험·연금,2025,1547,972,575,0.372,13.95,15.1,12,0.795,133000000,98000000,0.737,,43300,3023275193400,69821598,20260909
285130,"SK Chemicals Co., Ltd.",SK케미칼,KOSPI,화학물질·화학제품,2025,1547,1166,381,0.246,10.61,11.2,8.8,0.786,99000000,70000000,0.707,,54500,942782747000,17298766,20260909
009540,"HD KOREA SHIPBUILDING & OFFSHORE ENGINEERING CO., LTD.",HD한국조선해양,KOSPI,금융업,2025,1543,1243,300,0.194,4.3,4.3,4.3,1,138365000,98695000,0.713,,356000,25195229296000,70773116,20260909
161890,"KOLMAR KOREA CO.,LTD",한국콜마,KOSPI,화학물질·화학제품,2025,1542,770,772,0.501,6,7,5,0.714,82000000,65000000,0.793,,140300,3311792303100,23605077,20260909
101530,"Haitai Confectionery and Foods Co., Ltd.",해태제과식품,KOSPI,식료품 제조,2025,1533,1018,515,0.336,12.69,14,10.1,0.721,61013000,43487000,0.713,,5540,161307193880,29116822,20260909
095720,"WOONGJIN THINKBIG CO., LTD.",웅진씽크빅,KOSPI,교육서비스업,2025,1532,242,1290,0.842,7.31,7.9,7.2,0.911,52000000,41000000,0.788,,1318,74898098030,56827085,20260909
061970,"LB SEMICON, INC.",LB세미콘,KOSDAQ,전자부품·컴퓨터·통신장비,2025,1513,991,522,0.345,4.71,4.81,4.53,0.942,59203000,45813000,0.774,,3995,279981608970,70083006,20260909
030000,Cheil Worldwide Inc,제일기획,KOSPI,전문서비스업,2025,1511,690,821,0.543,10.35,12.2,8.8,0.721,143000000,114000000,0.797,,18890,2173128740250,115041225,20260909
240810,"WONIK IPS CO., LTD.",원익IPS,KOSDAQ,기타 기계·장비,2025,1509,1319,190,0.126,7.59,7.8,6.1,0.782,88827000,63324000,0.713,,120100,5894976510100,49083901,20260909
078340,Com2us Corporation,컴투스,KOSDAQ,출판업,2025,1505,981,524,0.348,5.1,5.33,4.67,0.876,88000000,69000000,0.784,,31200,377248965600,12091313,20260909
016830,Citibank Korea Inc.,한국씨티은행,,금융업,2025,1498,746,752,0.502,19.43,22.67,16.21,0.715,166000000,121000000,0.729,,,,,
034230,"PARADISE.Co.,Ltd.",파라다이스,KOSPI,스포츠·오락,2025,1497,790,707,0.472,10.33,10.84,9.76,0.9,88056005.06,71523263.08,0.812,,9860,913325706520,92629382,20260909
298690,"Air Busan Co., Ltd",에어부산,KOSPI,항공운송,2025,1483,707,776,0.523,7.26,7.56,6.99,0.925,93000000,39000000,0.419,,1555,253332625960,162914872,20260909
005290,"DONGJIN SEMICHEM CO., LTD.",동진쎄미켐,KOSDAQ,화학물질·화학제품,2025,1469,1469,,,8.81,8.81,,,82637119.13,,,not reported,42000,2140745292000,50970126,20260909
003540,"DAISHIN SECURITIES CO.,LTD",대신증권,KOSPI,금융·보험 관련 서비스,2025,1432,802,630,0.44,15.61,15.33,15.96,1.041,141725685.79,115442857.14,0.815,,27200,1296518627200,47666126,20260909
006350,THE JEONBUK BANK LTD,전북은행,,금융업,2025,1432,704,728,0.508,11.25,11.2,11.3,1.009,115000000,92000000,0.8,,,,,
108320,"LX Semicon Co., Ltd.",LX세미콘,KOSPI,전자부품·컴퓨터·통신장비,2025,1417,1146,271,0.191,6.49,6.81,5.16,0.758,104000000,71000000,0.683,,36050,586328015000,16264300,20260909
037440,Heerim Architects & Planners,희림,KOSDAQ,건축기술·엔지니어링,2025,1405,1106,299,0.213,7.35,7.69,6.08,0.791,78811934.9,64364548.49,0.817,,4255,59240131125,13922475,20260909
460850,"DONGKUK COATED METAL Co., Ltd.",동국씨엠,KOSPI,1차 금속,2025,1386,1325,61,0.044,9.71,9.76,8.59,0.88,80000000,60000000,0.75,,5170,154576051520,29898656,20260909
001440,"Taihan Cable & Solution Co., Ltd.",대한전선,KOSPI,전기장비,2025,1382,1287,95,0.069,9.54,9.68,7.6,0.785,74335664.34,59000000,0.794,,31100,6095369735600,195992596,20260909
090460,"BHCo.,Ltd.",비에이치,KOSPI,전자부품·컴퓨터·통신장비,2025,1370,942,428,0.312,5.63,5.42,6.08,1.122,59000000,51000000,0.864,,19940,672208067720,33711538,20260909
007660,"ISUPETASYS CO.,LTD",이수페타시스,KOSPI,전자부품·컴퓨터·통신장비,2025,1368,1274,94,0.069,12.45,12.67,9.42,0.743,99224000,88498000,0.892,,112300,8243855293700,73409219,20260909
195870,"HAESUNG DS Co.,Ltd.",해성디에스,KOSPI,전자부품·컴퓨터·통신장비,2025,1354,1106,248,0.183,6.19,6.5,4.8,0.738,82000000,68000000,0.829,,50800,863600000000,17000000,20260909
067990,DEUTSCH MOTORS INC.,도이치모터스,KOSDAQ,자동차 판매,2025,1351,1188,163,0.121,3.91,4.07,2.72,0.668,50182437.54,34181152.3,0.681,,3790,110598074500,29181550,20260909
003220,"DAEWON PHARMACEUTICAL CO.,LTD",대원제약,KOSPI,의료용 물질·의약품,2025,1349,925,424,0.314,6.72,7,6.1,0.871,88000000,54000000,0.614,,8000,179420664000,22427583,20260909
039130,HANATOUR SERVICE INC.,하나투어,KOSPI,사업시설 관리,2025,1337,628,709,0.53,9.07,9.82,8.4,0.855,61000000,48000000,0.787,,33150,513491245800,15489932,20260909
019210,"YG-1 CO.,LTD",와이지-원,KOSDAQ,금속가공제품,2025,1328,966,362,0.273,7.7,8.25,6.25,0.758,51960000,44475000,0.856,,13530,503231139840,37193728,20260909
089860,"LOTTE rental co., ltd.",롯데렌탈,KOSPI,사업지원 서비스,2025,1326,925,401,0.302,9.38,9.52,9.07,0.953,82740540.54,65314214.46,0.789,,48700,1768267195600,36309388,20260909
028670,"Pan Ocean Co., Ltd.",팬오션,KOSPI,수상운송,2025,1326,1189,137,0.103,9.37,9.18,11.06,1.205,115744322.96,85306569.34,0.737,,6010,3212762767120,534569512,20260909
035510,SHINSEGAE INFORMATION & COMMUNICATION Inc.,신세계I&C,KOSPI,컴퓨터 프로그래밍·SI,2025,1323,930,393,0.297,7.22,7.93,5.54,0.699,81684946.24,70921119.59,0.868,,16150,225791535000,13980900,20260909
007810,"KOREA CIRCUIT CO.,LTD",코리아써키트,KOSPI,전자부품·컴퓨터·통신장비,2025,1306,1155,151,0.116,4.15,4.2,3.8,0.905,58000000,48000000,0.828,,52400,1256689288000,23982620,20260909
086450,"DongKookPharmaceuticalCo.,Ltd.",동국제약,KOSDAQ,의료용 물질·의약품,2025,1306,831,475,0.364,6.15,6.8,5,0.735,76000000,53000000,0.697,,19740,892848490800,45230420,20260909
264900,"CROWN CONFECTIONERY CO.,LTD",크라운제과,KOSPI,식료품 제조,2025,1302,795,507,0.389,10.28,10.4,10.1,0.971,52887000,50441000,0.954,,8030,100566515500,12523850,20260909
008490,"SUHEUNG CO.,LTD.",서흥,KOSPI,화학물질·화학제품,2025,1295,773,522,0.403,6.8,9.1,3.4,0.374,62000000,39000000,0.629,,21250,245843651250,11569113,20260909
004490,"SEBANG GLOBAL BATTERY CO.,LTD",세방전지,KOSPI,전기장비,2025,1284,1213,71,0.055,11.97,12.29,6.58,0.535,118292150.04,76103000,0.643,,64400,892584000000,13860000,20260909
377300,kakaopay Corp.,카카오페이,KOSPI,금융·보험 관련 서비스,2025,1282,715,567,0.442,3.79,4.08,3.42,0.838,106000000,77000000,0.726,,46950,6351052560750,135272685,20260909
002990,"KUMHO Engineering & Construction Co., Ltd.",금호건설,KOSPI,종합 건설,2025,1281,1151,130,0.101,13.36,13.8,9.5,0.688,84952000,55117000,0.649,,15640,582745993360,37259974,20260909
000400,"Lotte Non-Life Insurance Co., Ltd.",롯데손해보험,KOSPI,보험·연금,2025,1270,620,650,0.512,8.28,9.2,7.4,0.804,93980000,59919000,0.638,,2020,626879366400,310336320,20260909
900260,"ROTHWELL INTERNATIONAL CO., LIMITED",로스웰,KOSDAQ,금융업,2025,1266,900,366,0.289,3.81,3.57,4.4,1.232,18009319.62,16563405.45,0.92,,1902,87548500812,46029706,20260909
298020,Hyosung TNC Corporation,효성티앤씨,KOSPI,화학물질·화학제품,2025,1266,993,273,0.216,14.38,15.7,9.6,0.611,83000000,58000000,0.699,,342000,1480067244000,4327682,20260909
011160,"Doosan Engineering & Construction Co.,Ltd.",두산건설,,종합 건설,2025,1264,1086,178,0.141,11.57,12.01,8.89,0.74,94386893.19,62668280.9,0.664,,,,,
024910,KyungchangIndustrial,경창산업,KOSDAQ,자동차·트레일러,2025,1263,1074,189,0.15,9.03,8.38,12.74,1.52,72000000,66000000,0.917,,1545,55340362725,35819005,20260909
053800,"AHNLAB,INC.",안랩,KOSDAQ,출판업,2025,1257,971,286,0.228,7.98,8.46,6.33,0.748,77772000,60572000,0.779,,56800,631985540800,11126506,20260909
145990,Samyang Corporation,삼양사,KOSPI,식료품 제조,2025,1257,952,305,0.243,13.28,13.68,12.02,0.879,91793740.55,68722826.23,0.749,,47950,494529879550,10313449,20260909
045100,"HANYANG ENG CO.,LTD",한양이엔지,KOSDAQ,건축기술·엔지니어링,2025,1256,1111,145,0.115,6.88,7,6,0.857,65000000,53000000,0.815,,30350,531125000000,17500000,20260909
000240,"HANKOOK & COMPANY CO., LTD.",한국앤컴퍼니,KOSPI,금융업,2025,1226,1110,116,0.095,9.97,10.55,4.41,0.418,97243243.24,67267241.38,0.692,,24250,2302179570000,94935240,20260909
126720,"SOOSAN INDUSTRIES CO., LTD.",수산인더스트리,KOSPI,전문직별 공사,2025,1214,1188,26,0.021,8.46,8.52,5.9,0.692,71175919.19,48811153.85,0.686,,22250,317863500000,14286000,20260909
074600,WONIK QnC CORPORATION,원익QnC,KOSDAQ,비금속 광물제품,2025,1212,1106,106,0.087,7.43,7.61,5.5,0.723,,,,not reported,26650,700575200000,26288000,20260909
012860,"MOBASE ELECTRONICS CO.,LTD.",모베이스전자,KOSDAQ,자동차·트레일러,2025,1202,1029,173,0.144,13.2,12.9,15,1.163,67260000,64722000,0.962,,2250,164775278250,73233457,20260909
033640,NEPES Corporation,네패스,KOSDAQ,전자부품·컴퓨터·통신장비,2025,1200,682,518,0.432,5.48,6.99,3.49,0.499,63611000,44579000,0.701,,22900,528055725800,23059202,20260909
014790,HL D&I HALLA CORPORATION,HL D&I,KOSPI,종합 건설,2025,1198,1009,189,0.158,10.14,11.17,4.67,0.418,98075000,47320000,0.482,,2555,96728725555,37858601,20260909
247540,"ECOPRO BM CO.,LTD.",에코프로비엠,KOSDAQ,전기장비,2025,1192,1086,106,0.089,4.7,4.83,3.4,0.704,62063535.91,55000000,0.886,,114900,11240716866600,97830434,20260909
039490,"KIWOOM Securities Co.,Ltd.",키움증권,KOSPI,금융·보험 관련 서비스,2025,1190,603,587,0.493,6.12,5.49,6.77,1.233,181396591.19,102887850.87,0.567,,273500,7173444426000,26228316,20260909
096240,"Creverse, Inc.",크레버스,KOSDAQ,교육서비스업,2025,1183,377,806,0.681,3.41,3.47,3.38,0.974,56435013.26,48083126.55,0.852,,8500,87024530000,10238180,20260909
010280,"ITCENENTEC CO.,LTD.",아이티센엔텍,KOSDAQ,컴퓨터 프로그래밍·SI,2025,1176,947,229,0.195,3.04,3.12,2.73,0.875,69065437.17,53586161.57,0.776,,5250,68379974250,13024757,20260909
036190,"GEUMHWA PSC CO.,LTD.",금화피에스시,KOSDAQ,전문직별 공사,2025,1170,1143,27,0.023,7.91,8,4,0.5,72305823.87,50481401,0.698,,34400,206400000000,6000000,20260909
005960,Dongbu Corporation,동부건설,KOSPI,종합 건설,2025,1168,1062,106,0.091,7.09,7.27,5.32,0.732,85820150.66,53613207.55,0.625,,7830,179672371290,22946663,20260909
005390,"SHINSUNG TONGSANG CO.,LTD",신성통상,,도매·상품중개,2025,1162,452,710,0.611,3.64,4.54,3.07,0.676,58511061.95,49233802.82,0.841,,,,,
016380,"KG DONGBUSTEEL CO., LTD.",KG스틸,KOSPI,1차 금속,2025,1161,1078,83,0.071,15.36,15.5,13.5,0.871,95000000,55000000,0.579,,5570,557049556290,100008897,20260909
067920,IGLOO Corporation,이글루,KOSDAQ,정보서비스업,2025,1157,919,238,0.206,4.69,5,3.5,0.7,51736000,45280000,0.875,,5280,58059508320,10996119,20260909
381970,"K Car Co., Ltd.",케이카,KOSPI,자동차 판매,2025,1135,952,183,0.161,7.82,8.08,6.45,0.798,77422268.91,49863387.98,0.644,,6400,312453427200,48820848,20260909
025540,"KOREA ELECTRIC TERMINAL CO.,LTD",한국단자공업,KOSPI,전기장비,2025,1134,1023,111,0.098,10.91,11.3,7.3,0.646,86925000,64798000,0.745,,56000,566440000000,10115000,20260909
357780,"Soulbrain Co., Ltd.",솔브레인,KOSDAQ,화학물질·화학제품,2025,1133,1029,104,0.092,9.72,10,6.9,0.69,95000000,78000000,0.821,,338000,2629155308000,7778566,20260909
302440,"SK Bioscience Co.,Ltd",SK바이오사이언스,KOSPI,의료용 물질·의약품,2025,1129,644,485,0.43,4.49,5.17,3.58,0.692,76000000,57000000,0.75,,37300,2926429426900,78456553,20260909
066900,"DAP Co., Ltd",디에이피,KOSDAQ,전자부품·컴퓨터·통신장비,2025,1127,897,230,0.204,5.54,5.88,4.22,0.718,55304347.83,49000000,0.886,,1715,39006822645,22744503,20260909
267270,"HD Construction Equipment Co.,Ltd.",HD건설기계,KOSPI,기타 기계·장비,2025,1123,1017,106,0.094,6.17,6.38,4.14,0.649,104337000,69937000,0.67,,143000,6852831271000,47921897,20260909
053690,"HanmiGlobal Co., Ltd.",한미글로벌,KOSPI,건축기술·엔지니어링,2025,1120,979,141,0.126,6.26,6.33,5.75,0.908,89497930,65006240,0.726,,22800,249832140000,10957550,20260909
009410,TAEYOUNG ENGINEERING & CONSTRUCTION,태영건설,KOSPI,종합 건설,2025,1112,998,114,0.103,9.48,10.05,4.51,0.449,90407815.63,56368421.05,0.623,,1701,506200722678,297590078,20260909
001060,JW PHARMACEUTICAL,JW중외제약,KOSPI,의료용 물질·의약품,2025,1106,785,321,0.29,8.8,10.04,5.78,0.576,70000000,50000000,0.714,,26900,626391517000,23285930,20260909
000490,DAEDONG CORPORATION,대동,KOSPI,기타 기계·장비,2025,1106,1043,63,0.057,10.91,11,9.4,0.855,84687000,69021000,0.815,,8190,236092024350,28826865,20260909
249420,"IL DONG PHARMACEUTICAL CO., LTD.",일동제약,KOSPI,의료용 물질·의약품,2025,1104,739,365,0.331,11.02,10,13.1,1.31,83000000,73000000,0.88,,15940,504313736880,31638252,20260909
103590,"ILJIN ELECTRIC CO.,LTD",일진전기,KOSPI,전기장비,2025,1091,1025,66,0.06,8.36,8.7,3.15,0.362,60384390.24,40863636.36,0.677,,72600,3461959314000,47685390,20260909
003410,"SSANGYONGC&E.CO.,LTD.",쌍용씨앤이,,비금속 광물제품,2025,1091,1048,43,0.039,16.91,17,14.6,0.859,103000000,68000000,0.66,,,,,
002900,TYM CORPORATION,TYM,KOSPI,기타 기계·장비,2025,1089,983,106,0.097,11.3,11.61,8.42,0.725,78404883.01,61566037.74,0.785,,7040,291456000000,41400000,20260909
000540,"Heungkuk Fire & Marine Insurance Co., Ltd.",흥국화재,KOSPI,보험·연금,2025,1088,542,546,0.502,9.2,9.9,8.5,0.859,107455000,74148000,0.69,,3625,232879588125,64242645,20260909
243070,"HUONS CO., LTD.",휴온스,KOSDAQ,의료용 물질·의약품,2025,1087,661,426,0.392,4.38,4.66,3.94,0.845,63751000,49196000,0.772,,20750,248578048750,11979665,20260909
031430,SHINSEGAE INTERNATIONAL Inc.,신세계인터내셔날,KOSPI,소매업,2025,1084,250,834,0.769,7.45,9.6,6.8,0.708,93000000,63000000,0.677,,10450,365603700000,34986000,20260909
032350,"LOTTE TOUR DEVELOPMENT CO.,LTD",롯데관광개발,KOSPI,사업시설 관리,2025,1081,519,562,0.52,3.84,4.2,3.5,0.833,53000000,42000000,0.792,,12260,977434115080,79725458,20260909
200880,"SEOYON E-HWA CO.,LTD.",서연이화,KOSPI,자동차·트레일러,2025,1068,931,137,0.128,15.26,13.8,25.2,1.826,115000000,115000000,1,,11340,306502475580,27028437,20260909
067250,"K Shipbuilding Co., Ltd.",케이조선,,기타 운송장비,2025,1063,1017,46,0.043,15.51,16,4.58,0.286,94000000,59000000,0.628,,,,,
489790,"Hanwha Vision CO.,LTD",한화비전,KOSPI,전자부품·컴퓨터·통신장비,2025,1060,852,208,0.196,11.72,12.6,8.1,0.643,129000000,96000000,0.744,,48950,2471406690500,50488390,20260909
100220,VISANG EDUCATION INC,비상교육,KOSPI,출판업,2025,1056,302,754,0.714,7.59,8.32,7.3,0.877,59165158.94,46962481.43,0.794,,4950,64333867950,12996741,20260909
042600,"SERONICS. CO., LTD.",새로닉스,KOSDAQ,전자부품·컴퓨터·통신장비,2025,1054,659,395,0.375,7.25,6.58,8.36,1.271,48070312.5,64285714.29,1.337,,12590,156412796660,12423574,20260909
021320,"KCC ENGINEERING & CONSTRUCTION CO., LTD.",KCC건설,KOSDAQ,종합 건설,2025,1046,953,93,0.089,10.9,11.36,6.15,0.541,94439758.18,64276913.41,0.681,,5850,125190000000,21400000,20260909
057050,HYUNDAI HOME SHOPPING NETWORK CORPORATION,현대홈쇼핑,,소매업,2025,1036,460,576,0.556,8.77,11.26,6.78,0.602,95702173.91,61843750,0.646,,,,,
003530,"HANWHA INVESTMENT&SECURITIES CO.,LTD",한화투자증권,KOSPI,금융·보험 관련 서비스,2025,1027,594,433,0.422,13.52,13.27,13.87,1.045,126417508.42,90154734.41,0.713,,4845,1039483969875,214547775,20260909
009290,"KWANGDONG PHARMACEUTICAL CO.,LTD",광동제약,KOSPI,의료용 물질·의약품,2025,1022,798,224,0.219,10.85,11.4,8.9,0.781,81000000,69000000,0.852,,6350,316228780800,49799808,20260909
271980,"JEIL PHARMACEUTICAL CO.,LTD",제일약품,KOSPI,의료용 물질·의약품,2025,1011,729,282,0.279,7.86,8.5,6.2,0.729,67855741,53161216,0.783,,10340,152048376480,14704872,20260909
010690,"HWASHIN CO.,LTD",화신,KOSPI,자동차·트레일러,2025,1010,963,47,0.047,14.48,14.67,10.51,0.716,93000000,70000000,0.753,,7770,271331585700,34920410,20260909
068760,Celltrion Pharm Inc.,셀트리온제약,KOSDAQ,의료용 물질·의약품,2025,1006,711,295,0.293,6.28,6.5,5.76,0.886,83507735.58,62006779.66,0.743,,40250,1787193863000,44402332,20260909
214320,INNOCEAN WORLDWIDE INC.,이노션,KOSPI,전문서비스업,2025,1001,489,512,0.511,5.63,6.5,4.8,0.738,118000000,85000000,0.72,,18570,742800000000,40000000,20260909
009520,"POSCO M-TECH CO.,LTD.",포스코엠텍,KOSDAQ,1차 금속,2025,999,968,31,0.031,16.8,17,10.5,0.618,82000000,60000000,0.732,,12840,534692306520,41642703,20260909
298050,HS HYOSUNG ADVANCED MATERIALS,HS효성첨단소재,KOSPI,화학물질·화학제품,2025,998,888,110,0.11,12.88,13.3,9.5,0.714,79000000,62000000,0.785,,172500,772791030000,4479948,20260909
284740,"CUCKOO HOMESYS CO.,LTD",쿠쿠홈시스,KOSPI,사업지원 서비스,2025,987,402,585,0.593,2.85,3.21,2.6,0.81,65000000,56000000,0.862,,23200,520546056000,22437330,20260909
131290,"TSE CO.,Ltd",티에스이,KOSDAQ,의료·정밀·광학기기,2025,985,727,258,0.262,5.06,5.59,3.58,0.64,50313617.61,37930232.56,0.754,,268500,2969993686500,11061429,20260909
042000,Cafe24 Corp.,카페24,KOSDAQ,정보서비스업,2025,982,521,461,0.469,9.04,9.58,8.42,0.879,87870000,64302000,0.732,,15540,375728746260,24178169,20260909
300720,"HANILCEMENTCO.,LTD.",한일시멘트,KOSPI,비금속 광물제품,2025,980,931,49,0.05,16.41,16.8,9.1,0.542,86155000,54268000,0.63,,16410,1206876879690,73545209,20260909
012030,DB Inc.,DB,KOSPI,컴퓨터 프로그래밍·SI,2025,975,709,266,0.273,7.56,8.03,6.32,0.787,96704988.72,75355071.43,0.779,,1569,315641900877,201173933,20260909
030610,"KYOBO SECURITIES CO.,LTD.",교보증권,KOSPI,금융·보험 관련 서비스,2025,972,593,379,0.39,13.95,13.27,15.02,1.132,180002170.32,108504316.62,0.603,,10250,1168120350250,113962961,20260909
099190,"i-SENS, Inc.",아이센스,KOSDAQ,의료·정밀·광학기기,2025,957,579,378,0.395,6.4,6.64,6.04,0.91,60000000,49000000,0.817,,17200,503986006400,29301512,20260909
011280,"Tailim Packaging Co., Ltd",태림포장,KOSPI,펄프·종이 제조,2025,954,914,40,0.042,9.87,9.83,10.67,1.085,65000000,59000000,0.908,,1577,111660967380,70805940,20260909
002390,HANDOK Inc.,한독,KOSPI,의료용 물질·의약품,2025,951,535,416,0.437,11.61,13.56,9.11,0.672,84764000,69392000,0.819,,9450,130065386850,13763533,20260909
004000,"LOTTE Fine Chemical Co., Ltd.",롯데정밀화학,KOSPI,화학물질·화학제품,2025,943,804,139,0.147,16.8,18.1,9.3,0.514,128000000,72000000,0.563,,46750,1206150000000,25800000,20260909
018250,"Aekyung Industrial Co., Ltd.",애경산업,KOSPI,화학물질·화학제품,2025,943,556,387,0.41,9.64,12,6.26,0.522,73007194.24,59000000,0.808,,11500,303714252500,26409935,20260909
050540,MPC plus Inc.,엠피씨플러스,,사업시설 관리,2025,937,217,720,0.768,3.6,3.28,3.69,1.125,35400000,31459000,0.889,,,,,
037560,LG HelloVision Corp.,LG헬로비전,KOSPI,방송업,2025,933,679,254,0.272,14.83,16,11.7,0.731,90000000,71000000,0.789,,1642,127167752330,77446865,20260909
077970,"STX Engine Co,.Ltd",STX엔진,KOSPI,기타 기계·장비,2025,926,861,65,0.07,16.12,16.61,9.66,0.582,86850174.22,67169230.77,0.773,,24400,979612737200,40148063,20260909
016880,"WOONGJIN CO., LTD.",웅진,KOSPI,금융업,2025,924,363,561,0.607,7.8,8.07,7.62,0.944,74314049.59,39333333.33,0.529,,1833,146506337640,79927080,20260909
900290,Great Rich Technologies Limited,GRT,KOSDAQ,금융업,2025,919,684,235,0.256,4.18,4.25,3.98,0.936,140318141.81,133948340.43,0.955,,3710,309824118240,83510544,20260909
093050,LF Corp.,LF,KOSPI,의복 제조,2025,910,317,593,0.652,5.96,7.2,5.3,0.736,102000000,75000000,0.735,,22200,649128000000,29240000,20260909
082640,"TONGYANG LIFE INSURANCE CO.,LTD.",동양생명보험,,보험·연금,2025,906,413,493,0.544,15.11,12.35,17.42,1.411,123053268.77,94036511.16,0.764,,,,,
181710,NHN Corporation,NHN,KOSPI,출판업,2025,904,503,401,0.444,3.66,3.58,3.75,1.047,98159000,77845000,0.793,,57800,1893131434200,32753139,20260909
033270,KOREA UNITED PHARM INC,유나이티드,KOSPI,의료용 물질·의약품,2025,902,627,275,0.305,7.34,7.4,7.2,0.973,74000000,51000000,0.689,,18470,293872014250,15910775,20260909
067280,Multicampus Corporation,멀티캠퍼스,KOSDAQ,교육서비스업,2025,902,296,606,0.672,8.53,8.6,8.5,0.988,94000000,72000000,0.766,,23650,140168323350,5926779,20260909
000390,"SP SAMHWA CO., LTD.",SP삼화,KOSPI,화학물질·화학제품,2025,899,813,86,0.096,12.77,12.9,11.5,0.891,72000000,62000000,0.861,,6700,182263242300,27203469,20260909
095660,NEOWIZ,네오위즈,KOSDAQ,출판업,2025,899,613,286,0.318,4.65,4.78,4.38,0.916,97000000,69000000,0.711,,17430,377123480370,21636459,20260909
352820,"HYBE Co., Ltd.",하이브,KOSPI,영상·오디오 제작,2025,893,283,610,0.683,2.96,3.3,2.8,0.848,122000000,80000000,0.656,,174200,7509210831200,43106836,20260909
001500,"HYUNDAI MOTOR SECURITIES CO.,LTD.",현대차증권,KOSPI,금융·보험 관련 서비스,2025,888,600,288,0.324,9.37,9.61,8.88,0.924,139243333.33,78246527.78,0.562,,7960,492191030240,61833044,20260909
298000,Hyosung Chemical Corporation,효성화학,KOSPI,화학물질·화학제품,2025,884,778,106,0.12,14.19,14.8,9.7,0.655,96000000,67000000,0.698,,57900,219545856900,3791811,20260909
004690,"SAMCHULLY CO.,LTD",삼천리,KOSPI,전기·가스·증기,2025,881,786,95,0.108,16.83,17.03,15.13,0.888,107620865.14,90410526.32,0.84,,134500,487801506500,3626777,20260909
024900,"DY DEOKYANG Co.,Ltd.",디와이덕양,KOSPI,자동차·트레일러,2025,879,863,16,0.018,16.7,16.9,5.8,0.343,89000000,76000000,0.854,,1694,55165076120,32564980,20260909
143210,HANDS CORPORATION LTD.,핸즈코퍼레이션,KOSPI,자동차·트레일러,2025,879,755,124,0.141,13.08,13.43,10.94,0.815,65447682.12,56193548.39,0.859,,1199,33571739817,27999783,20260909
145720,DENTIUM,덴티움,KOSPI,의료·정밀·광학기기,2025,876,661,215,0.245,4.07,4.17,3.75,0.899,60000000,47000000,0.783,,37500,323395912500,8623891,20260909
393890,"W-SCOPE CHUNGJU PLANT Co., Ltd.",더블유씨피,KOSDAQ,전기장비,2025,874,765,109,0.125,3.36,3.4,3.1,0.912,54000000,43000000,0.796,,10040,339785165760,33843144,20260909
082740,"Hanwha Engine Co., Ltd.",한화엔진,KOSPI,기타 기계·장비,2025,874,818,56,0.064,13.98,14.6,4.9,0.336,103000000,59000000,0.573,,49150,4101427029300,83447142,20260909
007690,"KUKDO CHEMICAL CO.,LTD",국도화학,KOSPI,화학물질·화학제품,2025,873,774,99,0.113,9.46,9.89,6.1,0.617,81738695.09,62526000,0.765,,39850,369044155200,9260832,20260909
183300,KoMiCo Ltd.,코미코,KOSDAQ,기타 기계·장비,2025,868,778,90,0.104,5,5.1,4.1,0.804,63000000,57000000,0.905,,27600,1417626390000,51363275,20260909
006650,"KOREA PETRO CHEMICAL IND CO.,LTD",대한유화,KOSPI,화학물질·화학제품,2025,866,840,26,0.03,13.19,13.26,11.08,0.836,97000000,62000000,0.639,,110300,716950000000,6500000,20260909
036200,"UNION SEMICONDUCTOR EQUIPMENT CO.,LTD;",유니셈,KOSDAQ,기타 기계·장비,2025,859,798,61,0.071,4.66,4.59,5.54,1.207,48013000,38335000,0.798,,8910,273218226930,30664223,20260909
004960,"HANSHIN CONSTRUCTION CO.,LTD",한신공영,KOSPI,종합 건설,2025,858,778,80,0.093,11.76,11.86,10.75,0.906,90000000,47000000,0.522,,12120,140236908240,11570702,20260909
036810,FINE SEMITECH Corp.,에프에스티,KOSDAQ,전자부품·컴퓨터·통신장비,2025,855,552,303,0.354,5.21,5.1,5.4,1.059,58000000,49000000,0.845,,25800,558564556200,21649789,20260909
019180,THN CORPORATION,티에이치엔,KOSPI,전기장비,2025,847,724,123,0.145,8.38,8.85,5.6,0.633,74000000,56000000,0.757,,5160,92880000000,18000000,20260909
017960,"HANKUK CARBON CO.,LTD",한국카본,KOSPI,금속가공제품,2025,843,734,109,0.129,9.4,9.56,8.31,0.869,56942779.29,49798165.14,0.875,,22600,1167888583600,51676486,20260909
001510,"SK SECURITIES CO.,LTD",SK증권,KOSPI,금융·보험 관련 서비스,2025,838,499,339,0.405,12.74,11.87,14.03,1.182,131474949.9,85755162.24,0.652,,2515,581707138775,231295085,20260909
000020,"DONGWHA PHARM.CO.,LTD",동화약품,KOSPI,의료용 물질·의약품,2025,838,613,225,0.268,12.73,13,12,0.923,74000000,64000000,0.865,,5200,145243644000,27931470,20260909
004140,"DONGBANG TRANSPORT & LOGISTICS CO.,LTD",동방,KOSPI,창고·운송 관련,2025,834,775,59,0.071,12.62,12.55,13.5,1.076,77068387.1,58000000,0.753,,1791,85917432906,47971766,20260909
006090,OYANG CORPORATION,사조오양,KOSPI,식료품 제조,2025,834,404,430,0.516,5.75,5.6,5.9,1.054,49000000,46000000,0.939,,8950,84333514050,9422739,20260909
090080,"PYUNG HWA INDUSTRIAL CO., LTD",평화산업,KOSPI,자동차·트레일러,2025,833,793,40,0.048,16.53,13.46,77.31,5.744,60660781.84,51975000,0.857,,1001,54957161259,54902259,20260909
034120,SEOUL BROADCASTING SYSTEM,SBS,KOSPI,방송업,2025,832,556,276,0.332,16.64,17.3,15.3,0.884,124000000,105000000,0.847,,12120,224841004560,18551238,20260909
248170,SEMPIO FOODS COMPANY,샘표식품,KOSPI,식료품 제조,2025,830,423,407,0.49,7.01,8.66,5.29,0.611,58413000,46687000,0.799,,23200,105984235200,4568286,20260909
003960,SAJODAERIM CORPORATION,사조대림,KOSPI,식료품 제조,2025,828,558,270,0.326,10.78,10,12.4,1.24,56000000,49000000,0.875,,28850,264394872950,9164467,20260909
009270,SHINWON CORPORATION,신원,KOSPI,의복 제조,2025,825,336,489,0.593,4.35,5.3,3.69,0.696,73631199.4,53775932.52,0.73,,1112,127624677016,114770393,20260909
049720,"Korea Credit Information CO., LTD.",고려신용정보,KOSDAQ,사업시설 관리,2025,824,268,556,0.675,3.48,3.44,3.5,1.017,60359567.16,36725575.54,0.608,,9060,129558000000,14300000,20260909
096530,"SEEGENE, INC.",씨젠,KOSDAQ,의료용 물질·의약품,2025,822,467,355,0.432,6.01,5.92,6.13,1.035,108854389.72,76797183.1,0.706,,30350,1585058917900,52225994,20260909
139990,"AJUSTEEL CO.,LTD.",아주스틸,KOSPI,1차 금속,2025,821,753,68,0.083,5.21,5.3,4.2,0.792,49000000,44000000,0.898,,2180,84486802520,38755414,20260909
005500,"SAMJIN PHARMACEUTICAL CO.,LTD",삼진제약,KOSPI,의료용 물질·의약품,2025,819,568,251,0.306,12.24,12.7,11.2,0.882,91000000,60000000,0.659,,18670,248684400000,13320000,20260909
002240,"KISWIRE CO.,LTD",고려제강,KOSPI,1차 금속,2025,816,751,65,0.08,11.12,11.34,8.63,0.761,71000000,50000000,0.704,,17300,467100000000,27000000,20260909
067160,"SOOP CO., LTD.",SOOP,KOSDAQ,출판업,2025,813,566,247,0.304,5.46,5.58,5.17,0.927,84000000,66000000,0.786,,37350,429329547450,11494767,20260909
144510,GC CELL CORPORATION,지씨셀,KOSDAQ,기타 과학기술 서비스,2025,806,521,285,0.354,5.19,5.3,5,0.943,50000000,47000000,0.94,,14610,230843025840,15800344,20260909
016250,"SGC E&C Co., Ltd.",SGC E&C,KOSDAQ,종합 건설,2025,806,708,98,0.122,7.78,8.03,5.97,0.743,75330858.76,54578367.35,0.725,,11910,59990503260,5036986,20260909
306200,SeAH Steel Corporation,세아제강,KOSPI,1차 금속,2025,805,747,58,0.072,14.35,15,6,0.4,93000000,49000000,0.527,,147100,417219730000,2836300,20260909
103160,"Pulmuone Foods Co., Ltd.",풀무원식품,,도매·상품중개,2025,801,470,331,0.413,5.56,6.3,4.5,0.714,66837000,50082000,0.749,,,,,
251270,Netmarble Corporation,넷마블,KOSPI,출판업,2025,795,508,287,0.361,5.91,5.8,6.1,1.052,95000000,74000000,0.779,,35050,2914702796250,83158425,20260909
085620,"MIRAE ASSET Life Insurance CO., Ltd.",미래에셋생명,KOSPI,보험·연금,2025,793,368,425,0.536,17.53,15.6,19.2,1.231,126000000,95000000,0.754,,19280,2606270400000,135180000,20260909
019170,"SHINPOONG PHARMACEUTICAL CO.,LTD",신풍제약,KOSPI,의료용 물질·의약품,2025,792,526,266,0.336,12,12.4,11.2,0.903,91423000,48893000,0.535,,9820,514749886040,52418522,20260909
053030,"Binex Co., Ltd.",바이넥스,KOSDAQ,의료용 물질·의약품,2025,791,449,342,0.432,4.85,5.12,4.5,0.879,55380846.33,41500000,0.749,,6670,218003533960,32684188,20260909
131970,DOOSAN TESNA Inc.,두산테스나,KOSDAQ,기타 과학기술 서비스,2025,786,496,290,0.369,4.74,4.59,5,1.089,62870967.74,48020689.66,0.764,,83800,1619622544400,19327238,20260909
004360,"SEBANG CO., LTD",세방,KOSPI,육상운송,2025,784,710,74,0.094,12.86,12.92,12.33,0.954,83728061,69054186,0.825,,13470,257487172410,19115603,20260909
016610,"DB Securities Co.,Ltd",DB증권,KOSPI,금융·보험 관련 서비스,2025,782,515,267,0.341,10.76,10.47,11.31,1.08,158221359.22,90303370.79,0.571,,9950,422341570550,42446389,20260909
281820,"KCTECH CO., LTD",케이씨텍,KOSPI,의료·정밀·광학기기,2025,782,680,102,0.13,5.23,5.3,4.79,0.904,70683363.24,57176558.82,0.809,,66400,1314631090400,19798661,20260909
000670,YOUNGPOONG CORPORATION,영풍,KOSPI,1차 금속,2025,781,727,54,0.069,9.68,10.17,3.08,0.303,65410000,43394000,0.663,,39900,734586251700,18410683,20260909
237690,"ST PHARM CO., LTD.",에스티팜,KOSDAQ,의료용 물질·의약품,2025,780,559,221,0.283,6.32,7,4.6,0.657,75000000,50000000,0.667,,91000,1899774058000,20876638,20260909
090350,"NOROO PAINT & COATINGS Co.,LTD",노루페인트,KOSPI,화학물질·화학제품,2025,780,685,95,0.122,12.58,12.83,10.75,0.838,85423000,67587000,0.791,,7990,159800000000,20000000,20260909
002840,"MIWON COMMERCIAL CO.,LTD",미원상사,KOSPI,화학물질·화학제품,2025,776,669,107,0.138,7.62,7.74,6.85,0.885,69693307.92,62719121.5,0.9,,129200,581400000000,4500000,20260909
067310,HanaMicronInc.,하나마이크론,KOSDAQ,전자부품·컴퓨터·통신장비,2025,771,453,318,0.412,7.78,8.4,6.9,0.821,65000000,60000000,0.923,,35450,2357101306050,66490869,20260909
030190,"NICE Information Service Co., Ltd.",NICE평가정보,KOSPI,정보서비스업,2025,770,467,303,0.394,7.27,8.41,5.52,0.656,113000000,62000000,0.549,,15840,922976857440,58268741,20260909
079430,HYUNDAI LIVART FURNITURE COMPANY LIMITED,현대리바트,KOSPI,가구 제조,2025,769,521,248,0.322,9.78,10.77,7.69,0.714,78000000,48000000,0.615,,5930,119277217860,20114202,20260909
027970,"Hankuk Paper MFG. CO., LTD",한국제지,KOSPI,펄프·종이 제조,2025,768,704,64,0.083,16.16,16.7,10.2,0.611,86000000,60000000,0.698,,2750,104582896000,38030144,20260909
041510,"SM ENTERTAINMENT CO., Ltd.",에스엠,KOSDAQ,영상·오디오 제작,2025,765,216,549,0.718,4.1,5.42,3.58,0.661,89337000,62570000,0.7,,80200,1836154138000,22894690,20260909
035000,HS Ad Inc.,HS애드,KOSPI,전문서비스업,2025,763,367,396,0.519,7.34,9.5,5.33,0.561,105000000,75000000,0.714,,6120,99190781280,16207644,20260909
452260,HANWHA GALLERIA CORPORATION,한화갤러리아,KOSPI,소매업,2025,761,416,345,0.453,17.8,18.3,17.2,0.94,77000000,50000000,0.649,,2565,497249899650,193859610,20260909
023590,DAOU TECHNOLOGY INC,다우기술,KOSPI,정보서비스업,2025,757,504,253,0.334,7.18,7.69,6.16,0.801,97523809.52,74723320.16,0.766,,38000,1644917856000,43287312,20260909
083450,"GlobalStandardTechnologyCo.,Ltd.",GST,KOSDAQ,기타 기계·장비,2025,757,677,80,0.106,6.02,6.1,5.36,0.879,63000000,54000000,0.857,,43700,805391000000,18430000,20260909
005720,NEXEN CORPORATION,넥센,KOSPI,고무·플라스틱,2025,756,670,86,0.114,10.01,10.32,7.56,0.733,60370149.25,44116279.07,0.731,,5710,300026108670,52543977,20260909
013870,GMB Korea Corp.,지엠비코리아,KOSPI,자동차·트레일러,2025,754,690,64,0.085,16.08,16.5,11.5,0.697,86669000,62449000,0.721,,3835,73142193800,19072280,20260909
086900,Medy-Tox Inc.,메디톡스,KOSDAQ,의료용 물질·의약품,2025,753,401,352,0.467,5.35,5.44,5.24,0.963,73027336.66,54624795.45,0.748,,68900,502866443300,7298497,20260909
114810,"Hansol IONES Co., Ltd.",한솔아이원스,KOSDAQ,기타 기계·장비,2025,745,642,103,0.138,4.47,4.4,4.9,1.114,66000000,56000000,0.848,,12670,356574014580,28143174,20260909
001200,"EUGENE INVESTMENT & SECURITIES CO., LTD",유진증권,KOSPI,금융·보험 관련 서비스,2025,741,471,270,0.364,9.55,9.07,10.4,1.147,145335456.48,89085185.19,0.613,,4240,410713612320,96866418,20260909
042700,"HANMI Semiconductor CO., LTD.",한미반도체,KOSPI,기타 기계·장비,2025,737,689,48,0.065,9.73,10,5.83,0.583,67468000,34311000,0.509,,250500,23875706100000,95312200,20260909
023910,DaehanPharmaceutical,대한약품,KOSDAQ,의료용 물질·의약품,2025,737,376,361,0.49,10.86,11,10.71,0.974,69283000,54217000,0.783,,26850,161100000000,6000000,20260909
119610,INTEROJO CO. LTD.,인터로조,KOSDAQ,의료·정밀·광학기기,2025,735,388,347,0.472,4.42,3.84,5.07,1.32,44000000,39000000,0.886,,14610,166754843670,11413747,20260909
056190,SFA Engineering Corporation,SFA,KOSDAQ,기타 기계·장비,2025,735,674,61,0.083,9.84,10.4,3.6,0.346,91250000,22440000,0.246,,24450,877969182000,35908760,20260909
263750,PearlAbyss Corp.,펄어비스,KOSDAQ,출판업,2025,733,521,212,0.289,4.54,4.72,4.09,0.867,111046639.16,85323410.38,0.768,,35150,2208963436500,62843910,20260909
040300,YTN,YTN,KOSDAQ,영상·오디오 제작,2025,733,509,224,0.306,14.85,16.33,11.5,0.704,82000000,62000000,0.756,,1992,94972544160,47676980,20260909
005750,"DAELIM BATH CO.,LTD.",대림바스,KOSPI,비금속 광물제품,2025,729,542,187,0.257,9.11,10.6,4.79,0.452,68755411.44,43448513.37,0.632,,4630,76822071200,16592240,20260909
272290,"INNOX Advanced Materials Co., Ltd.",이녹스첨단소재,KOSDAQ,전자부품·컴퓨터·통신장비,2025,727,650,77,0.106,5.35,5.56,3.61,0.649,80000000,61000000,0.763,,20300,404731432700,19937509,20260909
094820,"ILJIN POWER CO., LTD.",일진파워,KOSDAQ,전문직별 공사,2025,723,680,43,0.059,8.05,8.36,3.07,0.367,61149114.31,25020963.93,0.409,,12480,188182288320,15078709,20260909
009580,"Moorim P&P CO.,LTD",무림P&P,KOSPI,펄프·종이 제조,2025,722,664,58,0.08,16.54,17.37,7.06,0.406,90831325.3,52879310.34,0.582,,1614,100662474936,62368324,20260909
003240,"TAEKWANG INDUSTRIAL CO.,LTD",태광산업,KOSPI,화학물질·화학제품,2025,721,721,,,13.5,13.5,,,93000000,,,not reported,925000,1029895000000,1113400,20260909
166090,Hana Materials Inc.,하나머티리얼즈,KOSDAQ,전자부품·컴퓨터·통신장비,2025,717,634,83,0.116,5.93,5.8,6.9,1.19,79000000,60000000,0.759,,52100,1030416815400,19777674,20260909
014680,"Hansol Chemical Co., Ltd",한솔케미칼,KOSPI,화학물질·화학제품,2025,716,609,107,0.149,9.06,9.7,5.4,0.557,126000000,93000000,0.738,,203000,2191189308000,10794036,20260909
161000,"AEKYUNG CHEMICAL CO., LTD",애경케미칼,KOSPI,화학물질·화학제품,2025,716,607,109,0.152,7.84,8.34,5.08,0.609,71619535.42,52911614.68,0.739,,10910,530757415190,48648709,20260909
475560,"The BORN Korea Co., Ltd.",더본코리아,KOSPI,도매·상품중개,2025,715,413,302,0.422,4.39,4.93,3.65,0.74,56231155.36,39458495.55,0.702,,15480,229536975600,14827970,20260909
006040,"DONGWON INDUSTRIES CO.,LTD",동원산업,KOSPI,금융업,2025,712,550,162,0.228,5.32,4.97,6.52,1.312,111000000,50000000,0.45,,37450,1653073671550,44140819,20260909
079980,HUVIS CORPORATION,휴비스,KOSPI,화학물질·화학제품,2025,709,621,88,0.124,15.1,14.6,18.6,1.274,82000000,69000000,0.841,,1950,67275000000,34500000,20260909
336260,"Doosan Fuel Cell Co., Ltd.",두산퓨얼셀,KOSPI,전기장비,2025,709,650,59,0.083,3.11,3.08,3.5,1.136,79000000,74000000,0.937,,53900,3530111831400,65493726,20260909
017900,AUK CORP,광전자,KOSPI,전자부품·컴퓨터·통신장비,2025,708,413,295,0.417,11.93,14.3,8.6,0.601,48488000,37685000,0.777,,8220,476297731860,57943763,20260909
293480,"Hana Pharm. Co., Ltd.",하나제약,KOSPI,의료용 물질·의약품,2025,706,540,166,0.235,6.27,6.73,4.77,0.709,55955555.56,43542168.67,0.778,,8460,150359123160,17772946,20260909
025980,Ananti Inc.,아난티,KOSDAQ,숙박업,2025,700,390,310,0.443,3.14,3.45,2.76,0.8,53002976.92,41492396.77,0.783,,5220,507911167800,97300990,20260909
012200,"KEYANG ELECTRIC MACHINERY CO.,LTD",계양전기,KOSPI,기타 기계·장비,2025,697,621,76,0.109,13.49,13.64,12.23,0.897,83608695.65,76947368.42,0.92,,3620,98546640980,27222829,20260909
092200,DAE-IL Corporation,디아이씨,KOSPI,자동차·트레일러,2025,695,672,23,0.033,15.28,15.45,10.43,0.675,76212248.51,54030652.17,0.709,,5690,221275957610,38888569,20260909
378850,"HWASEUNG R&A CO., LTD.",화승알앤에이,KOSPI,자동차·트레일러,2025,689,638,51,0.074,10.03,10.39,5.47,0.526,64566000,51285000,0.794,,2955,56126155965,18993623,20260909
083650,"BHI Co., LTD.",비에이치아이,KOSDAQ,기타 기계·장비,2025,688,597,91,0.132,5.92,6.2,4.1,0.661,87000000,50000000,0.575,,66700,2063989812500,30944375,20260909
013310,"A-JIN INDUSTRY CO.,LTD",아진산업,KOSDAQ,자동차·트레일러,2025,685,655,30,0.044,8.5,8.45,9.65,1.142,96860601.53,80137166.67,0.827,,2315,89837237330,38806582,20260909
058470,LEENO Industrial Inc,리노공업,KOSDAQ,전자부품·컴퓨터·통신장비,2025,677,301,376,0.555,9.34,9.67,9.08,0.939,147425969,92668777,0.629,,70100,5342450685000,76211850,20260909
016740,DUAL,두올,KOSPI,자동차·트레일러,2025,672,328,344,0.512,6.39,5.54,7.2,1.3,50225609.76,49656976.74,0.989,,3980,114122615520,28674024,20260909
016580,"WHANIN PHARM CO.,LTD",환인제약,KOSPI,의료용 물질·의약품,2025,671,424,247,0.368,6.25,7.42,4.25,0.573,86000000,57000000,0.663,,10370,192882725900,18600070,20260909
025950,DongshinEngineering&Construction,동신건설,KOSDAQ,종합 건설,2025,668,627,41,0.061,17.63,18,12,0.667,33370000,32381000,0.97,,10190,85596000000,8400000,20260909
352480,"C&C International Co.,Ltd.",씨앤씨인터내셔널,KOSDAQ,화학물질·화학제품,2025,666,266,400,0.601,2.77,2.92,2.67,0.914,49000000,39000000,0.796,,20850,284183435850,13629901,20260909
251970,"PUM-TECH KOREA CO., LTD.",펌텍코리아,KOSDAQ,고무·플라스틱,2025,665,216,449,0.675,4.9,4,5.33,1.333,48702000,40691000,0.836,,51300,636120000000,12400000,20260909
007570,"ILYANG PHARMACEUTICAL CO.,LTD",일양약품,KOSPI,의료용 물질·의약품,2025,665,528,137,0.206,9.69,10.6,6.2,0.585,94000000,47000000,0.5,,8260,157647584640,19085664,20260909
001720,"SHINYOUNG SECURITIES CO.,LTD",신영증권,KOSPI,금융·보험 관련 서비스,2025,663,377,286,0.431,8.52,8.48,8.57,1.011,151047745.36,84090909.09,0.557,,147700,2428188000000,16440000,20260909
000430,"DAEWONKANGUP CO.,LTD",대원강업,KOSPI,자동차·트레일러,2025,663,638,25,0.038,17.38,17.6,11.8,0.67,95000000,62000000,0.653,,4640,287680000000,62000000,20260909
018670,SK GAS LTD,SK가스,KOSPI,도매·상품중개,2025,662,497,165,0.249,7.73,8.4,5.7,0.679,136000000,83000000,0.61,,242500,2247791670000,9269244,20260909
001820,"SAMWHA CAPACITOR CO.,LTD",삼화콘덴서공업,KOSPI,전자부품·컴퓨터·통신장비,2025,658,521,137,0.208,7.51,7.7,6.8,0.883,64077000,58604000,0.915,,116300,1208938500000,10395000,20260909
278470,"APR Co., Ltd.",에이피알,KOSPI,화학물질·화학제품,2025,657,205,452,0.688,2.2,2.2,2.2,1,156000000,68000000,0.436,,368500,13795960117500,37438155,20260909
137310,SD BIOSENSOR INC.,에스디바이오센서,KOSPI,의료·정밀·광학기기,2025,656,364,292,0.445,4.01,4.29,3.65,0.851,76789222.53,55099688.36,0.718,,6180,746229450360,120749102,20260909
008730,"YOULCHON CHEMICAL CO.,LTD",율촌화학,KOSPI,고무·플라스틱,2025,654,605,49,0.075,18.71,19.54,8.42,0.431,78643371.82,47017981.41,0.598,,15990,396552000000,24800000,20260909
003000,"BUKWANG PHARMACEUTICAL IND CO.,LTD",부광약품,KOSPI,의료용 물질·의약품,2025,650,432,218,0.335,10.32,12.4,6.2,0.5,71136138,45934306,0.646,,4125,406991767875,98664671,20260909
089010,"CHEMTRONICSCo.,Ltd.",켐트로닉스,KOSDAQ,화학물질·화학제품,2025,649,565,84,0.129,4.34,4.5,3.3,0.733,59603000,44473000,0.746,,23000,385710621000,16770027,20260909
038500,"SAMPYO Cement Co., Ltd.",삼표시멘트,KOSDAQ,비금속 광물제품,2025,649,618,31,0.048,17.18,17.3,14.7,0.85,96000000,64000000,0.667,,7130,769443261780,107916306,20260909
021960,"KB CAPITAL CO,. LTD",케이비캐피탈,,금융업,2025,649,376,273,0.421,11.16,12,10,0.833,143000000,84000000,0.587,,,,,
043370,"PHA Co., Ltd.",피에이치에이,KOSDAQ,자동차·트레일러,2025,646,608,38,0.059,13.44,13.7,9.3,0.679,86000000,69000000,0.802,,11200,235200000000,21000000,20260909
383220,"F&F CO.,Ltd",F&F,KOSPI,의복 제조,2025,646,231,415,0.642,3.41,4,3.08,0.77,101000000,68000000,0.673,,64800,2482298460000,38307075,20260909
010040,"KOREA REFRACTORIES CO.,LTD",한국내화,KOSPI,비금속 광물제품,2025,644,623,21,0.033,11.23,11.33,8.34,0.736,70000000,39000000,0.557,,1591,65337695642,41067062,20260909
023410,EUGENE Corporation,유진기업,KOSDAQ,비금속 광물제품,2025,644,581,63,0.098,10.09,10.08,10.17,1.009,81000000,71000000,0.877,,3270,252806522010,77310863,20260909
006730,"Seobu T&D Co.,Ltd",서부T&D,KOSDAQ,숙박업,2025,644,339,305,0.474,3.05,3.79,2.23,0.588,41279044.25,29195721.31,0.707,,10780,692905229940,64276923,20260909
900070,Global SM Tech Limited,글로벌에스엠,KOSDAQ,금융업,2025,641,395,246,0.384,8.38,8,9,1.125,40000000,22000000,0.55,,1003,26952599952,26871984,20260909
102710,"ENF Technology Co., Ltd",이엔에프테크놀로지,KOSDAQ,화학물질·화학제품,2025,639,546,93,0.146,6.19,6.31,5.49,0.87,68000000,57000000,0.838,,43700,624378433200,14287836,20260909
450080,"ECOPRO MATERIALS CO., LTD.",에코프로머티,KOSPI,전기장비,2025,639,597,42,0.066,4.25,4.29,3.74,0.872,129437185.93,99952380.95,0.772,,37750,2673223592500,70813870,20260909
039030,"EO Technics CO.,LTD",이오테크닉스,KOSDAQ,기타 기계·장비,2025,636,552,84,0.132,9.12,9.4,7.3,0.777,74508000,53716000,0.721,,470000,5790188500000,12319550,20260909
279570,Kbank,케이뱅크,KOSPI,금융업,2025,635,350,285,0.449,4.39,4.92,3.75,0.762,120000000,83000000,0.692,,5790,2348974924290,405695151,20260909
041440,HYUNDAI EVERDIGM Corp.,현대에버다임,KOSDAQ,기타 기계·장비,2025,635,590,45,0.071,8.37,8.58,5.57,0.649,61175000,42399000,0.693,,6790,121145224480,17841712,20260909
083310,"LOTVacuum.Co.,Ltd.",엘오티베큠,KOSDAQ,기타 기계·장비,2025,634,570,64,0.101,5.59,5.6,5.5,0.982,48828000,42543000,0.871,,9690,172579219770,17810033,20260909
025900,"DONGWHA ENTERPRISE CO.,LTD.",동화기업,KOSDAQ,목재 제조,2025,632,531,101,0.16,15.6,16.64,10.13,0.609,83516261.77,53810732.67,0.644,,7240,366034743400,50557285,20260909
222040,"COSMAX NBT, INC.",코스맥스엔비티,KOSDAQ,식료품 제조,2025,632,310,322,0.509,4.84,4.5,5.17,1.149,49000000,42000000,0.857,,7750,159867000000,20628000,20260909
217820,"WONIK PNE CO., LTD.",원익피앤이,KOSDAQ,기타 기계·장비,2025,632,527,105,0.166,4.77,5.02,3.49,0.695,71857685.01,47952380.95,0.667,,2035,96570027565,47454559,20260909
900110,Deep Commerce Limited,딥커머스,KOSDAQ,금융업,2025,630,349,281,0.446,3.55,4,3,0.75,3962,3698,0.933,,1201,22142994331,18437131,20260909
145020,"Hugel, Inc.",휴젤,KOSDAQ,의료용 물질·의약품,2025,629,336,293,0.466,4.13,4.12,4.15,1.007,74000000,54000000,0.73,,236000,2953580828000,12515173,20260909
079370,"ZEUSCO.,LTD.",제우스,KOSDAQ,기타 기계·장비,2025,628,547,81,0.129,9.6,10.07,6.4,0.636,73751371.12,54308641.98,0.736,,10130,314202108700,31016990,20260909
100090,"SK oceanplant Co.,Ltd",SK오션플랜트,KOSPI,1차 금속,2025,628,551,77,0.123,5.05,5.16,4.25,0.824,69370776.77,50667337.66,0.73,,13010,812840458290,62478129,20260909
033500,"DONGSUNG FINETEC CO., Ltd",동성화인텍,KOSDAQ,화학물질·화학제품,2025,627,585,42,0.067,7.05,6.99,7.95,1.137,80647863.25,65666666.67,0.814,,16830,504723184020,29989494,20260909
000860,"KANGNAM JEVISCO CO.,LTD",강남제비스코,KOSPI,화학물질·화학제품,2025,627,583,44,0.07,13.77,14.17,8.5,0.6,63153000,49142000,0.778,,12780,166140000000,13000000,20260909
003520,"YUNGJIN PHARM. CO., LTD",영진약품,KOSPI,의료용 물질·의약품,2025,626,434,192,0.307,10.32,10.42,10.08,0.967,73000000,61000000,0.836,,1073,196243900363,182892731,20260909
011320,UNICK CORPORATION,유니크,KOSDAQ,자동차·트레일러,2025,626,468,158,0.252,10.24,9.1,13.6,1.495,74950000,65846000,0.879,,3730,72066192350,19320695,20260909
068400,"SK RENT A CAR CO.,LTD",에스케이렌터카,,사업지원 서비스,2025,625,466,159,0.254,11.24,12,9,0.75,93000000,65000000,0.699,,,,,
038110,ECOPLASTIC CORPORATION,에코플라스틱,KOSDAQ,자동차·트레일러,2025,625,599,26,0.042,18.52,18.46,19.92,1.079,102000000,90000000,0.882,,2050,84397208500,41169370,20260909
041650,SANGSIN BRAKE,상신브레이크,KOSPI,자동차·트레일러,2025,622,575,47,0.076,17.06,17.6,10.4,0.591,84000000,63000000,0.75,,2205,47344547250,21471450,20260909
265520,Advanced Process Systems Corporation,AP시스템,KOSDAQ,기타 기계·장비,2025,619,554,65,0.105,4.91,5,4.17,0.834,78137000,49576000,0.634,,18810,283105943010,15050821,20260909
037350,SUNGDO Engineering & Construction.,성도이엔지,KOSDAQ,건축기술·엔지니어링,2025,618,572,46,0.074,5.32,5.29,5.7,1.078,75300699.3,55652173.91,0.739,,7290,110880900000,15210000,20260909
004980,"SUNGSHIN CEMENT CO.,LTD.",성신양회,KOSPI,비금속 광물제품,2025,618,581,37,0.06,15.3,15.7,9.1,0.58,95000000,52000000,0.547,,8310,203728566630,24516073,20260909
033530,"SJG SEJONG CO.,LTD",SJG세종,KOSPI,자동차·트레일러,2025,617,589,28,0.045,22.63,23.4,6.5,0.278,95239000,70364000,0.739,,6680,180709357320,27052299,20260909
102260,"DONGSUNG CHEMICAL Co., Ltd.",동성케미컬,KOSPI,화학물질·화학제품,2025,616,515,101,0.164,10.29,11,6.7,0.609,82000000,57000000,0.695,,3710,187984182610,50669591,20260909
000520,"SAMIL PHARMACEUTICAL CO.,LTD",삼일제약,KOSPI,의료용 물질·의약품,2025,614,389,225,0.366,7.2,7.6,6.5,0.855,74000000,57000000,0.77,,6990,151625758890,21691811,20260909
005010,"HUSTEEL CO.,LTD",휴스틸,KOSPI,1차 금속,2025,614,572,42,0.068,14.02,14.2,11.6,0.817,73000000,47000000,0.644,,3925,220538194375,56188075,20260909
004430,"SONGWON INDUSTRIAL CO.,LTD",송원산업,KOSPI,화학물질·화학제품,2025,612,548,64,0.105,15.84,16.37,11.34,0.693,108000000,76000000,0.704,,11930,286320000000,24000000,20260909
126560,"Hyundai Futurenet Co., Ltd",현대퓨처넷,KOSPI,통신업,2025,604,366,238,0.394,6.88,8.17,4.89,0.599,86000000,64000000,0.744,,3360,366915494400,109201040,20260909
095570,"AJ Networks Co.,Ltd.",AJ네트웍스,KOSPI,사업지원 서비스,2025,603,415,188,0.312,6.22,6,6.7,1.117,80791000,52901000,0.655,,4170,188704005030,45252759,20260909
003680,"HANSUNG ENTERPRISE CO.,LTD",한성기업,KOSPI,식료품 제조,2025,602,252,350,0.581,7.23,8.02,6.66,0.83,59158730.16,26014285.71,0.44,,4790,29743576850,6209515,20260909
206640,Boditech Med Inc.,바디텍메드,KOSDAQ,의료용 물질·의약품,2025,601,267,334,0.556,5.5,5.5,5.5,1,60305000,40777000,0.676,,9650,211411437650,21907921,20260909
122350,SAMKEE CORP.,삼기,KOSDAQ,자동차·트레일러,2025,599,573,26,0.043,8.51,8.64,5.58,0.646,66786.82,47177.69,0.706,,1670,64026844760,38339428,20260909
004540,"KleanNara Co., Ltd.",깨끗한나라,KOSPI,펄프·종이 제조,2025,599,491,108,0.18,14.56,16.03,7.89,0.492,86034623.22,52925925.93,0.615,,1241,46215700013,37240693,20260909
020180,DaishinInformation,대신정보통신,KOSDAQ,컴퓨터 프로그래밍·SI,2025,597,513,84,0.141,5.16,5.44,3.47,0.638,57044000,40219000,0.705,,4100,31511710300,7685783,20260909
052710,"Amotech Co., Ltd.",아모텍,KOSDAQ,전자부품·컴퓨터·통신장비,2025,597,372,225,0.377,10.47,10.7,10.1,0.944,57000000,44000000,0.772,,11650,217631320000,18680800,20260909
020150,LOTTE ENERGY MATERIALS CORPORATION,롯데에너지머티리얼즈,KOSPI,전자부품·컴퓨터·통신장비,2025,591,532,59,0.1,13.77,14.6,6.3,0.432,74000000,52000000,0.703,,41650,2181021533950,52365463,20260909
080160,MODETOURNETWORKINC.,모두투어,KOSDAQ,사업시설 관리,2025,591,336,255,0.431,14.22,15.3,12.8,0.837,60000000,51000000,0.85,,9300,175770000000,18900000,20260909
137400,"PEOPLE & TECHNOLOGY, INC.",피엔티,KOSDAQ,기타 기계·장비,2025,591,560,31,0.052,4.95,5,4.06,0.812,65814728.57,62375677.42,0.948,,30250,716644522000,23690728,20260909
089030,"Techwing, Inc.",테크윙,KOSDAQ,기타 기계·장비,2025,589,496,93,0.158,6.88,7.17,5.33,0.743,60000000,48000000,0.8,,48200,1785985689000,37053645,20260909
011560,SEBO MANUFACTURING ENGINEERING CORPORATION,세보엠이씨,KOSDAQ,전문직별 공사,2025,588,541,47,0.08,7.86,8.08,5.33,0.66,76349000,55382000,0.725,,24300,245062389600,10084872,20260909
025860,NAMHAE CHEMICAL CORPORATION,남해화학,KOSPI,화학물질·화학제품,2025,587,541,46,0.078,11.07,11.56,5.37,0.465,103328739.37,67618478.26,0.654,,6210,308505615030,49678843,20260909
123410,KOREA FUEL-TECH CORPORATION,코리아에프티,KOSDAQ,자동차·트레일러,2025,587,493,94,0.16,9.45,9.25,10.5,1.135,64773428,57760617,0.892,,5740,159807707360,27841064,20260909
067390,"AeroSpace Technology of Korea, Inc.",아스트,KOSDAQ,기타 운송장비,2025,584,522,62,0.106,7.2,7.57,4.13,0.546,42817971.26,34538258.06,0.807,,5530,232900136210,42115757,20260909
036540,"SFA Semicon Co., Ltd",SFA반도체,KOSDAQ,전자부품·컴퓨터·통신장비,2025,584,353,231,0.396,8.18,8.3,8,0.964,63000000,50000000,0.794,,6630,1090371808890,164460303,20260909
443060,"HD Hyundai Marine Solution Co., Ltd",HD현대마린솔루션,KOSPI,건축기술·엔지니어링,2025,583,448,135,0.232,8.81,9.9,5.2,0.525,127225005,77562778,0.61,,210500,9437443330000,44833460,20260909
084670,DONGYANG EXPRESS CORP.,동양고속,KOSPI,육상운송,2025,582,569,13,0.022,11.54,11.42,16.58,1.452,67135000,69702000,1.038,,23900,69204099100,2895569,20260909
007280,"KOREA STEEL CO.,LTD",한국특강,KOSPI,1차 금속,2025,577,558,19,0.033,9.36,9.4,8.1,0.862,73000000,56000000,0.767,,2355,67462601700,28646540,20260909
005710,Daewonsanup,대원산업,KOSDAQ,자동차·트레일러,2025,576,564,12,0.021,13.55,13.6,11.4,0.838,112000000,95000000,0.848,,10430,208992168000,20037600,20260909
031820,ITCENCTS,아이티센씨티에스,KOSPI,컴퓨터 프로그래밍·SI,2025,576,535,41,0.071,4.63,4.67,4.17,0.893,72310000,64805000,0.896,,5630,68151971980,12105146,20260909
049800,"WOOJIN PLAIMM CO.,LTD",우진플라임,KOSPI,기타 기계·장비,2025,575,519,56,0.097,7.29,7.5,5.33,0.711,53000000,40000000,0.755,,1865,37300000000,20000000,20260909
034300,"Shinsegae Engineering & Construction C.,Ltd.",신세계건설,,종합 건설,2025,575,518,57,0.099,9.23,9.6,5.9,0.615,82000000,58000000,0.707,,,,,
003200,"ILSHIN SPINNING CO.,LTD",일신방직,KOSPI,섬유제품 제조,2025,573,255,318,0.555,9.7,12.32,7.6,0.617,51308000,41834000,0.815,,10340,237406400000,22960000,20260909
078020,"LS SECURITIES Co., Ltd.",LS증권,KOSDAQ,금융·보험 관련 서비스,2025,572,374,198,0.346,5.93,5.8,6.19,1.067,142441176.47,76712121.21,0.539,,6620,367285477800,55481190,20260909
214390,"KYONGBO PHARMACEUTICAL CO., LTD.",경보제약,KOSPI,의료용 물질·의약품,2025,571,438,133,0.233,7.97,8.67,5.67,0.654,79000000,62000000,0.785,,5400,129097044000,23906860,20260909
092780,"DYP CO.,LTD",DYP,KOSPI,자동차·트레일러,2025,571,552,19,0.033,15.72,15.84,12.19,0.77,86000000,67000000,0.779,,3180,41875702800,13168460,20260909
035890,"SEOHEE CONSTRUCTION CO., LTD.",서희건설,KOSDAQ,종합 건설,2025,567,510,57,0.101,8.82,9.1,6.3,0.692,79000000,51000000,0.646,,2440,506516027840,207588536,20260909
013520,"Hwaseung Corporation CO., LTD",화승코퍼레이션,KOSPI,자동차·트레일러,2025,560,498,62,0.111,10.25,11.1,3.44,0.31,64253000,46950000,0.731,,2545,127380436340,50051252,20260909
003800,AceBed,에이스침대,KOSDAQ,가구 제조,2025,559,442,117,0.209,9.73,10.23,7.82,0.764,51928000,43636000,0.84,,32800,363752000000,11090000,20260909
023800,"INZI CONTROLS CO.,LTD",인지컨트롤스,KOSPI,자동차·트레일러,2025,559,473,86,0.154,15.12,14.9,16.3,1.094,63683000,61796000,0.97,,5180,81891640460,15809197,20260909
439260,"DAEHAN SHIPBUILDING Co., Ltd.",대한조선,KOSPI,기타 운송장비,2025,559,527,32,0.057,9.68,9.8,7.7,0.786,84000000,68000000,0.81,,48150,1833972349500,38088730,20260909
046120,"Orbitech Co., Ltd.",오르비텍,KOSDAQ,건축기술·엔지니어링,2025,556,508,48,0.086,4.32,4.34,4.06,0.935,63720472.44,43750000,0.687,,6180,209226575940,33855433,20260909
036030,"kt alpha Co., Ltd.",케이티알파,KOSDAQ,도매·상품중개,2025,556,297,259,0.466,9.12,9.83,8.31,0.845,99000000,69000000,0.697,,4700,230389962700,49019141,20260909
053450,"SEKONIX CO., LTD.",세코닉스,KOSDAQ,의료·정밀·광학기기,2025,555,383,172,0.31,6.51,6.61,6.29,0.952,56000000,38000000,0.679,,2990,44230480970,14792803,20260909
319400,"HYUNDAI MOVEX Co., Ltd.",현대무벡스,KOSDAQ,기타 기계·장비,2025,551,463,88,0.16,6.4,6.69,4.85,0.725,87753779.7,74488636.36,0.849,,22000,2450272858000,111376039,20260909
088910,"DONGWOO FARM TO TABLE CO., LTD",동우팜투테이블,KOSDAQ,식료품 제조,2025,549,313,236,0.43,6.11,6.63,5.42,0.817,55205501.6,51177457.63,0.927,,2070,53244051480,25721764,20260909
017810,Pulmuone Corporate,풀무원,KOSPI,식료품 제조,2025,546,311,235,0.43,7.41,8.1,6.5,0.802,73961000,53937000,0.729,,9350,356427067700,38120542,20260909
001460,"BYC CO.,LTD",BYC,KOSPI,의복 제조,2025,544,238,306,0.563,9.97,12.98,7.62,0.587,51903252.1,32703098.04,0.63,,36800,229858320000,6246150,20260909
091700,"PARTRONCO.,LTD",파트론,KOSDAQ,전자부품·컴퓨터·통신장비,2025,544,470,74,0.136,7.85,7.78,8.29,1.066,61907389.36,58857459.46,0.951,,5460,273000000000,50000000,20260909
092220,KEC CORPORATION,KEC,KOSPI,전자부품·컴퓨터·통신장비,2025,542,357,185,0.341,18.2,17.92,18.73,1.045,66252000,50110000,0.756,,2625,105400648500,40152628,20260909
163560,"DRB Industrial Co.,Ltd",동일고무벨트,KOSPI,고무·플라스틱,2025,540,492,48,0.089,16.88,17.42,11.33,0.65,72439794.72,59501791.67,0.821,,5580,77562000000,13900000,20260909
053700,"SAMBO MOTORS CO., LTD.",삼보모터스,KOSDAQ,자동차·트레일러,2025,539,507,32,0.059,11.87,12.2,6.6,0.541,83952980,68327879,0.814,,3955,105660818935,26715757,20260909
002920,"YOOSUNG ENTERPRISE CO.,LTD",유성기업,KOSPI,자동차·트레일러,2025,537,511,26,0.048,23.83,24.09,18.69,0.776,72624000,59604000,0.821,,1831,47509872500,25947500,20260909
024830,SewonCorporation,세원물산,KOSDAQ,자동차·트레일러,2025,537,525,12,0.022,10.85,11,4.2,0.382,74670000,52084000,0.698,,8420,70307000000,8350000,20260909
064960,"SNT MOTIV CO.,LTD",SNT모티브,KOSPI,자동차·트레일러,2025,536,512,24,0.045,22.25,22.5,16.9,0.751,89000000,67000000,0.753,,26150,694028112800,26540272,20260909
314140,RPbio Inc.,알피바이오,KOSDAQ,의료용 물질·의약품,2025,534,250,284,0.532,5.56,6.58,4.67,0.71,41197000,34374000,0.834,,5940,51478184340,8666361,20260909
063160,CKD Bio Corp.,종근당바이오,KOSPI,의료용 물질·의약품,2025,533,430,103,0.193,10.16,11,6.67,0.606,71770000,57329000,0.799,,13280,72853575360,5485962,20260909
002600,CHOHEUNG CORPORATION,조흥,KOSPI,식료품 제조,2025,533,412,121,0.227,5.14,5.43,4.14,0.762,60808000,49762000,0.818,,139900,83940000000,600000,20260909
033660,"WOORI FINANCIAL CAPITAL CO.,LTD",우리금융캐피탈,,금융업,2025,533,307,226,0.424,10.9,12.6,8.6,0.683,117000000,72000000,0.615,,,,,
317450,"MYUNGIN PHARM.CO., LTD",명인제약,KOSPI,의료용 물질·의약품,2025,532,440,92,0.173,9.1,9.08,9.17,1.01,83000000,58000000,0.699,,43950,641670000000,14600000,20260909
018500,"Dongwon Mobility CO.,LTD",동원모빌리티,KOSPI,자동차·트레일러,2025,532,513,19,0.036,19.43,20.04,2.99,0.149,70994152.05,43000000,0.606,,1425,66625779525,46754933,20260909
104830,"WONIK Materials Co.,Ltd.",원익머트리얼즈,KOSDAQ,화학물질·화학제품,2025,531,465,66,0.124,6.48,6.74,4.65,0.69,71870967.74,55303030.3,0.769,,32300,407238400000,12608000,20260909
044450,KSS LINE LTD.,KSS해운,KOSPI,수상운송,2025,529,496,33,0.062,4.35,4.26,5.76,1.352,8000000,5030303.03,0.629,,10100,228033002500,22577525,20260909
484590,"SAMYANG COMTECH CO., LTD.",삼양컴텍,KOSDAQ,금속가공제품,2025,528,494,34,0.064,4.06,4,5,1.25,58000000,45000000,0.776,,6860,282703687000,41210450,20260909
214150,CLASSYS Inc.,클래시스,KOSDAQ,의료·정밀·광학기기,2025,528,330,198,0.375,3.25,3.4,3,0.882,70000000,57000000,0.814,,31500,2054923258500,65235659,20260909
040420,"JLS CO.,LTD.",정상제이엘에스,KOSDAQ,교육서비스업,2025,527,148,379,0.719,6.12,7.04,5.76,0.818,45770270.27,47131926.12,1.03,,5810,91086577120,15677552,20260909
019540,"ILJI TECHNOLOGY CO.,LTD",일지테크,KOSDAQ,자동차·트레일러,2025,527,490,37,0.07,5.82,5.6,8.8,1.571,46000000,43000000,0.935,,5300,71621550000,13513500,20260909
001260,"NAMKWANG ENGINEERING & CONSTRUCTION CO.,LTD",남광토건,KOSPI,종합 건설,2025,527,482,45,0.085,3.9,4.01,2.77,0.691,78148000,41280000,0.528,,7810,76792387320,9832572,20260909
214450,"PharmaResearch Co., Ltd.",파마리서치,KOSDAQ,의료용 물질·의약품,2025,526,279,247,0.47,3.28,3.7,2.8,0.757,77000000,59000000,0.766,,366000,3802611168000,10389648,20260909
215000,"GOLFZON Co., Ltd.",골프존,KOSDAQ,출판업,2025,526,404,122,0.232,5.65,5.73,5.38,0.939,78000000,55000000,0.705,,35650,223718544750,6275415,20260909
004380,"SAMICK THK CO.,LTD",삼익THK,KOSPI,기타 기계·장비,2025,526,475,51,0.097,11.43,11.5,10.75,0.935,61000000,50000000,0.82,,7900,163530000000,20700000,20260909
004910,"CHOKWANG PAINT CO.,LTD",조광페인트,KOSPI,화학물질·화학제품,2025,525,460,65,0.124,10.38,10.51,9.5,0.904,62000000,62000000,1,,3555,45504000000,12800000,20260909
011930,"SHINSUNG E&G Co.,LTD.",신성이엔지,KOSPI,전자부품·컴퓨터·통신장비,2025,525,459,66,0.126,4.92,5.03,4.15,0.825,57302832.24,49984848.48,0.872,,16380,332615261160,20306182,20260909
009780,"MSC Co.,Ltd.",엠에스씨,KOSDAQ,식료품 제조,2025,525,357,168,0.32,8.57,9.24,7.16,0.775,60498000,44445000,0.735,,6760,118976000000,17600000,20260909
005490,POSCO Holdings Inc.,POSCO홀딩스,KOSPI,1차 금속,2025,524,412,112,0.214,12.54,13.8,7.9,0.572,160000000,101000000,0.631,,337000,26704394599000,79241527,20260909
129260,"INTERGIS CO., LTD",인터지스,KOSPI,육상운송,2025,524,438,86,0.164,11.17,11.6,9,0.776,67000000,48000000,0.716,,1920,57115918080,29747874,20260909
036580,FARMSCO,팜스코,KOSPI,식료품 제조,2025,523,437,86,0.164,9.15,9.55,7.13,0.747,75739130.43,56476744.19,0.746,,2630,96594490090,36727943,20260909
359090,C&R Research Inc.,씨엔알리서치,KOSDAQ,기타 과학기술 서비스,2025,522,94,428,0.82,4.41,5.5,4.17,0.758,74876000,54718000,0.731,,1985,22815873855,11494143,20260909
072990,"HCT CO., LTD.",에이치시티,KOSDAQ,건축기술·엔지니어링,2025,522,439,83,0.159,6.43,6.44,6.36,0.988,66000000,50000000,0.758,,2990,43349635940,14498206,20260909
089980,"SANG-A FRONTEC CO., LTD.",상아프론테크,KOSDAQ,고무·플라스틱,2025,519,424,95,0.183,10.01,10.33,8.58,0.831,56570000,41092000,0.726,,15300,244632266100,15989037,20260909
272550,SAMYANG PACKAGING CORPORATION,삼양패키징,KOSPI,고무·플라스틱,2025,517,480,37,0.072,14.39,14.8,9.1,0.615,82331000,55745000,0.677,,9870,148725167220,15068406,20260909
244920,"A Plus Asset Advisor Co., Ltd.",에이플러스에셋,KOSPI,금융·보험 관련 서비스,2025,516,169,347,0.672,5.93,6.2,5.8,0.935,97000000,50000000,0.515,,13830,312664394190,22607693,20260909
038680,S NET SYSTEMS.INC,에스넷,KOSDAQ,컴퓨터 프로그래밍·SI,2025,516,455,61,0.118,4.93,5.1,3.7,0.725,62000000,48000000,0.774,,3815,75966729230,19912642,20260909
004800,HYOSUNG CORPORATION,효성,KOSPI,금융업,2025,515,395,120,0.233,9.53,9.9,8.3,0.838,112000000,73000000,0.652,,168800,2825780701600,16740407,20260909
099320,"SatrecInitiativeCo.,Ltd.",쎄트렉아이,KOSDAQ,기타 운송장비,2025,513,386,127,0.248,6.48,7,4.9,0.7,84000000,68000000,0.81,,71900,787396888200,10951278,20260909
268280,"Miwon Specialty Chemical Co., Ltd.",미원에스씨,KOSPI,화학물질·화학제품,2025,512,437,75,0.146,8.49,8.71,7.23,0.83,74108368.42,58655120,0.791,,133300,666500000000,5000000,20260909
045390,"DAEA TI CO., LTD.",대아티아이,KOSDAQ,전기장비,2025,510,455,55,0.108,3.84,3.8,4.18,1.1,61933000,40765000,0.658,,3505,247009186385,70473377,20260909
004100,"TAEYANG METAL INDUSTRIAL CO.,LTD",태양금속공업,KOSPI,자동차·트레일러,2025,507,470,37,0.073,13.85,14,12,0.857,68000000,54000000,0.794,,2820,103494000000,36700000,20260909
214430,i3system Inc.,아이쓰리시스템,KOSDAQ,전자부품·컴퓨터·통신장비,2025,507,461,46,0.091,7.57,7.6,7.3,0.961,67820000,59744000,0.881,,59800,436971457000,7307215,20260909
008350,"NAMSUN ALUMINIUM CO.,LTD",남선알미늄,KOSPI,1차 금속,2025,507,483,24,0.047,13.58,13.79,9.29,0.674,71072519.67,46196125,0.65,,1050,135533044500,129079090,20260909
241710,"COSMECCA KOREA CO., LTD.",코스메카코리아,KOSDAQ,화학물질·화학제품,2025,506,299,207,0.409,5.93,6.4,5.25,0.82,66000000,52000000,0.788,,123600,1320048000000,10680000,20260909
004710,"Hansol Technics Co., Ltd",한솔테크닉스,KOSPI,전자부품·컴퓨터·통신장비,2025,506,412,94,0.186,9.95,10.4,8,0.769,68000000,51000000,0.75,,8900,472766371300,53119817,20260909
194700,"NOVAREX Co., Ltd.",노바렉스,KOSDAQ,식료품 제조,2025,505,287,218,0.432,4.85,4.67,5.08,1.088,65194000,50091000,0.768,,10220,186564546560,18254848,20260909
248070,"SOLUM CO., LTD.",솔루엠,KOSPI,전자부품·컴퓨터·통신장비,2025,504,396,108,0.214,5.11,5.17,4.91,0.95,76000000,53000000,0.697,,12670,605831710120,47816236,20260909
007160,"SAJO INDUSTRIES CO.,LTD",사조산업,KOSPI,식료품 제조,2025,502,356,146,0.291,5.48,4.17,8.69,2.084,80221910.11,38904109.59,0.485,,50100,250500000000,5000000,20260909
068930,"Digital Daesung Co., Ltd.",디지털대성,KOSDAQ,교육서비스업,2025,501,237,264,0.527,5.06,5.34,4.81,0.901,59000000,42000000,0.712,,8490,234963653580,27675342,20260909
373160,Day1 Company Inc.,데이원컴퍼니,KOSDAQ,교육서비스업,2025,501,153,348,0.695,2.02,2.08,2,0.962,66000000,46000000,0.697,,3010,41560481690,13807469,20260909
189300,INTELLIAN TECHNOLOGIES Inc.,인텔리안테크,KOSDAQ,전자부품·컴퓨터·통신장비,2025,500,449,51,0.102,5.02,5.13,4.04,0.788,72748329.62,52607843.14,0.723,,64400,691494806800,10737497,20260909
010100,"KOREA MOVENEX CO., LTD.",한국무브넥스,KOSPI,자동차·트레일러,2025,500,491,9,0.018,17.95,17.76,28.31,1.594,100091649.69,80000000,0.799,,3490,106271965800,30450420,20260909
017390,"SEOUL CITY GAS CO.,LTD",서울도시가스,KOSPI,전기·가스·증기,2025,499,464,35,0.07,23.5,23.7,20.9,0.882,123000000,88000000,0.715,,56300,278685000000,4950000,20260909
000500,"GAON CABLE CO.,LTD",가온전선,KOSPI,전기장비,2025,498,459,39,0.078,10.66,10.95,7.21,0.658,78738562.09,56948717.95,0.723,,265500,7905954658500,29777607,20260909
136540,"WINS Technet Co., Ltd",윈스테크넷,KOSDAQ,컴퓨터 프로그래밍·SI,2025,497,369,128,0.258,4.71,5.25,3.17,0.604,55000000,43000000,0.782,,10630,130533699980,12279746,20260909
035900,JYP Entertainment Corporation,JYP Ent.,KOSDAQ,영상·오디오 제작,2025,496,146,350,0.706,4.21,5.5,3.67,0.667,107657000,91616000,0.851,,38850,1380437314200,35532492,20260909
004970,"SILLA CO.,LTD",신라교역,KOSPI,어업,2025,496,475,21,0.042,12.87,13,10,0.769,60000000,54000000,0.9,,9200,147200000000,16000000,20260909
183190,"ASIA CEMENT CO.,LTD.",아세아시멘트,KOSPI,비금속 광물제품,2025,495,468,27,0.055,9.76,9.89,7.58,0.766,97494000,57770000,0.593,,10760,387126206720,35978272,20260909
013030,HY-LOK CORPORATION,하이록코리아,KOSDAQ,1차 금속,2025,492,421,71,0.144,14.02,14.3,12.37,0.865,81293000,61683000,0.759,,33850,398351674400,11768144,20260909
027740,"MANIKER CO.,LTD.",마니커,KOSPI,식료품 제조,2025,491,274,217,0.442,7.18,5.67,9.08,1.601,48115810.22,47153935.48,0.98,,1497,47538154158,31755614,20260909
054450,TelechipsInc.,텔레칩스,KOSDAQ,전자부품·컴퓨터·통신장비,2025,489,406,83,0.17,6.22,6.7,3.9,0.582,78190000,54180000,0.693,,9380,142052905540,15144233,20260909
008930,"Hanmi Science Co.,Ltd",한미사이언스,KOSPI,금융업,2025,489,312,177,0.362,7.03,7,7.08,1.011,77000000,65000000,0.844,,56000,3829926800000,68391550,20260909
009160,SIMPACInc,SIMPAC,KOSPI,1차 금속,2025,488,445,43,0.088,11.01,11.4,7.01,0.615,67123595.51,47906976.74,0.714,,4720,308550968960,65370968,20260909
067730,LOGISYS INC.,로지시스,KOSDAQ,컴퓨터 프로그래밍·SI,2025,488,456,32,0.066,6.39,6.65,2.62,0.394,36668859.65,29093750,0.793,,2245,21717954890,9673922,20260909
038290,"Macrogen, Inc.",마크로젠,KOSDAQ,기타 과학기술 서비스,2025,488,225,263,0.539,6.6,6.45,6.72,1.042,65646324.44,50798745.25,0.774,,12020,130313628000,10841400,20260909
100120,"Vieworks Co., Ltd.",뷰웍스,KOSDAQ,의료·정밀·광학기기,2025,486,335,151,0.311,6.17,6.53,5.36,0.821,75101492.54,59377483.44,0.791,,26450,237293820950,8971411,20260909
036930,"JUSUNG ENGINEERING Co.,Ltd.",주성엔지니어링,KOSDAQ,기타 기계·장비,2025,485,404,81,0.167,8.07,8.6,5.4,0.628,97000000,71000000,0.732,,206500,9598351486500,46481121,20260909
051360,"TOVISCo.,LTD",토비스,KOSDAQ,전자부품·컴퓨터·통신장비,2025,485,310,175,0.361,5.44,6.7,3.2,0.478,77000000,36000000,0.468,,11460,110493515280,9641668,20260909
001520,TONGYANG Inc,동양,KOSPI,비금속 광물제품,2025,483,433,50,0.104,10.05,10.3,7.9,0.767,86131639.72,56800000,0.659,,1071,114727696272,107122032,20260909
013360,"ILSUNG CONSTRUCTION CO.,LTD",일성건설,KOSPI,종합 건설,2025,482,441,41,0.085,5.58,5.8,3.2,0.552,84000000,41000000,0.488,,1460,78876324800,54024880,20260909
006220,Jeju Bank,제주은행,KOSPI,금융업,2025,480,273,207,0.431,12.48,12.33,12.67,1.028,92000000,69000000,0.75,,9970,376851613290,37798557,20260909
462520,"Chosun Refractories Co., Ltd.",조선내화,KOSPI,비금속 광물제품,2025,479,454,25,0.052,11.41,11.5,9.8,0.852,75000000,48000000,0.64,,12910,153050218880,11855168,20260909
298830,Suresofttech Inc.,슈어소프트테크,KOSDAQ,출판업,2025,478,331,147,0.308,4.49,5.08,3.17,0.624,56000000,45000000,0.804,,4345,232277178155,53458499,20260909
222080,"SFA NEXEL Co., Ltd.",SFA넥셀,KOSDAQ,기타 기계·장비,2025,477,434,43,0.09,6.29,6.4,5.2,0.813,61422000,50891000,0.829,,7780,605129520320,77780144,20260909
004560,"HYUNDAI BNG STEEL CO., LTD",현대비앤지스틸,KOSPI,1차 금속,2025,476,461,15,0.032,10.08,10.1,9.6,0.95,97000000,73000000,0.753,,11820,178231546020,15078811,20260909
039840,DIO Corporation,디오,KOSDAQ,의료·정밀·광학기기,2025,475,317,158,0.333,4.53,4.5,4.6,1.022,53251000,47047000,0.883,,11010,147708266280,13415828,20260909
068240,"DAWONSYS CO., LTD",다원시스,KOSDAQ,전기장비,2025,475,426,49,0.103,5.57,5.72,4.26,0.745,56502347.42,38979591.84,0.69,,2530,96553495610,38163437,20260909
069080,Webzen Inc.,웹젠,KOSDAQ,출판업,2025,474,287,187,0.395,7.89,8.8,6.5,0.739,88000000,67000000,0.761,,10950,339083996250,30966575,20260909
112040,"Wemade Co., Ltd.",위메이드,KOSDAQ,출판업,2025,474,311,163,0.344,3.03,3,3.1,1.033,98000000,71000000,0.724,,15020,509906214660,33948483,20260909
293490,Kakao Games Corp.,카카오게임즈,KOSDAQ,출판업,2025,473,291,182,0.385,5.33,5.59,4.91,0.878,96000000,81000000,0.844,,8820,941493237300,106745265,20260909
097520,"MCNEX CO.,LTD",엠씨넥스,KOSPI,전자부품·컴퓨터·통신장비,2025,472,405,67,0.142,6.42,5.8,10.2,1.759,62163290,41856131,0.673,,18860,328192290000,17401500,20260909
098460,KohYoungTechnologyInc.,고영,KOSDAQ,기타 기계·장비,2025,472,376,96,0.203,6.72,7.05,5.44,0.772,73000000,59000000,0.808,,27350,1865385225550,68204213,20260909
002780,CHINHUNG INTERNATIONAL INC,진흥기업,KOSPI,종합 건설,2025,471,441,30,0.064,6.83,7,4.4,0.629,87000000,57000000,0.655,,7260,105612483240,14547174,20260909
099750,"ezCaretech Co., LTD",이지케어텍,KOSDAQ,출판업,2025,471,324,147,0.312,6.37,7.4,4.11,0.555,69000000,52000000,0.754,,7050,96297169650,13659173,20260909
064760,"TOKAI CARBON KOREA CO., LTD",티씨케이,KOSDAQ,비금속 광물제품,2025,471,445,26,0.055,7.02,7.2,3.93,0.546,90091471.82,72492663.08,0.805,,257500,2878699620000,11179416,20260909
024840,"KBI METAL CO., LTD.",KBI메탈,KOSDAQ,1차 금속,2025,471,406,65,0.138,11.77,11.97,10.55,0.881,58164300.49,35034615.38,0.602,,5530,239400535080,43291236,20260909
108230,"TOPTEC COMPANY,LIMITED",톱텍,KOSDAQ,기타 기계·장비,2025,470,432,38,0.081,7.87,8.09,5.32,0.658,74000000,50000000,0.676,,3290,125096476050,38023245,20260909
012610,KYUNG-IN SYNTHETIC CORPORATION,경인양행,KOSPI,화학물질·화학제품,2025,470,377,93,0.198,11.08,11.3,10.2,0.903,71564000,66947000,0.935,,3175,132131958875,41616365,20260909
051310,"PLANTEC Co.,Ltd",플랜텍,,종합 건설,2025,469,431,38,0.081,12.07,12.6,6.1,0.484,102000000,68000000,0.667,,,,,
105630,"HANSAE CO.,LTD.",한세실업,KOSPI,의복 제조,2025,468,160,308,0.658,7.39,8.08,7.03,0.87,79899000,73319000,0.918,,9030,361200000000,40000000,20260909
200130,"KolmarBNH Co., Ltd",콜마비앤에이치,KOSDAQ,의료용 물질·의약품,2025,468,295,173,0.37,4.4,4.58,4.08,0.891,72000000,56000000,0.778,,8090,232794264220,28775558,20260909
009070,KCTC,케이씨티시,KOSPI,육상운송,2025,466,401,65,0.139,11.81,10.47,20.11,1.921,76436523.69,61579061.54,0.806,,3990,119700000000,30000000,20260909
053280,"YES24Co.,Ltd",예스24,KOSDAQ,소매업,2025,466,180,286,0.614,6.8,6.14,7.22,1.176,52488888.89,43153846.15,0.822,,2830,70750000000,25000000,20260909
024880,KPF,케이피에프,KOSDAQ,금속가공제품,2025,466,400,66,0.142,11.82,12.5,7.67,0.614,69000000,49000000,0.71,,3795,75678463080,19941624,20260909
356860,"TLB Co., Ltd.",티엘비,KOSDAQ,전자부품·컴퓨터·통신장비,2025,465,396,69,0.148,4.95,5.07,4.28,0.844,59026000,52195000,0.884,,38000,900647880000,23701260,20260909
950170,JTC Inc.,JTC,KOSDAQ,소매업,2025,462,184,278,0.602,3,3.04,2.98,0.98,44847826.09,28165467.63,0.628,,4340,211675319100,48773115,20260909
005070,"COSMO ADVANCED MATERIALS & TECHNOLOGY CO., LTD",코스모신소재,KOSPI,화학물질·화학제품,2025,459,428,31,0.068,13.85,14.35,7,0.488,94016355.14,66000000,0.702,,41450,1376743967950,33214571,20260909
001750,"HANYANG SECURITIES CO.,LTD",한양증권,KOSPI,금융·보험 관련 서비스,2025,459,288,171,0.373,7.16,7.04,7.35,1.044,252177083.33,94023391.81,0.373,,19320,291915269520,15109486,20260909
102460,"REYON PHARMACEUTICAL CO., LTD",이연제약,KOSPI,의료용 물질·의약품,2025,457,309,148,0.324,6.98,7.33,6.25,0.853,89509000,48922000,0.547,,10010,186053978110,18586811,20260909
136490,"SUNJIN CO., LTD.",선진,KOSPI,식료품 제조,2025,457,351,106,0.232,8.11,8.65,6.33,0.732,68282051.28,51622641.51,0.756,,10710,254679558840,23779604,20260909
063570,"NICE Infra Co., Ltd",NICE인프라,KOSDAQ,사업시설 관리,2025,456,377,79,0.173,10.79,11.87,5.66,0.477,75694960.21,44506329.11,0.588,,3395,115931536560,34147728,20260909
001530,DI DONG IL CORPORATION,디아이동일,KOSPI,도매·상품중개,2025,456,360,96,0.211,10.35,10.54,9.64,0.915,38318713.89,31002604.17,0.809,,27750,574858482750,20715621,20260909
058970,"EMRO., Incorporated",엠로,KOSDAQ,출판업,2025,456,289,167,0.366,4.96,5.53,3.98,0.72,,,,not reported,15430,190757911420,12362794,20260909
126700,HyVISION SYSTEM.INC,하이비젼시스템,KOSDAQ,의료·정밀·광학기기,2025,455,421,34,0.075,4.57,4.6,4.2,0.913,59925000,48168000,0.804,,11080,165558600960,14942112,20260909
104620,"Yellow Balloon Tour Co., Ltd.",노랑풍선,KOSDAQ,사업시설 관리,2025,454,118,336,0.74,4.36,4.8,4.2,0.875,61345000,43560000,0.71,,3180,53457555360,16810552,20260909
102940,KOLON LIFE SCIENCE Inc.,코오롱생명과학,KOSDAQ,의료용 물질·의약품,2025,454,330,124,0.273,7.65,8.45,5.53,0.654,64433333.33,51411290.32,0.798,,14640,191646427920,13090603,20260909
339770,"KYOCHON FOOD&BEVERAGE CO., LTD.",교촌에프앤비,KOSPI,도매·상품중개,2025,453,324,129,0.285,5.15,5.05,5.4,1.069,75901234.57,52953488.37,0.698,,3800,189867304000,49965080,20260909
221840,"HIZEAERO Co.,Ltd.",하이즈항공,KOSDAQ,기타 운송장비,2025,452,390,62,0.137,5.2,5.42,3.83,0.707,37253000,33887000,0.91,,2055,38429652855,18700561,20260909
214330,"Kumho HT, Inc.",금호에이치티,KOSPI,자동차·트레일러,2025,452,327,125,0.277,10.26,9.95,11.08,1.114,60000000,53000000,0.883,,6360,66506068440,10456929,20260909
044490,"TAEWOONG CO., LTD.",태웅,KOSDAQ,금속가공제품,2025,452,417,35,0.077,8.91,8.86,9.54,1.077,60110311.75,46114285.71,0.767,,36150,723266823150,20007381,20260909
060250,NHN KCP Corp.,NHN KCP,KOSDAQ,금융·보험 관련 서비스,2025,452,247,205,0.454,6.35,7.3,5.2,0.712,69000000,50000000,0.725,,14900,598393103900,40160611,20260909
267850,"Asiana IDT, Inc.",아시아나IDT,KOSPI,컴퓨터 프로그래밍·SI,2025,452,332,120,0.265,11.11,11.8,9.2,0.78,83000000,76000000,0.916,,9330,103563000000,11100000,20260909
009200,"MOORIM PAPER CO.,LTD",무림페이퍼,KOSPI,펄프·종이 제조,2025,447,429,18,0.04,17.53,17.8,11,0.618,95000000,60000000,0.632,,1494,62164309140,41609310,20260909
003690,Korean Reinsurance Company,코리안리,KOSPI,보험·연금,2025,446,293,153,0.343,10.73,10.8,10.6,0.981,194000000,143000000,0.737,,14400,2544782846400,176721031,20260909
073490,"LIG Accuver Co.,Ltd.",LIG아큐버,KOSDAQ,전자부품·컴퓨터·통신장비,2025,446,356,90,0.202,6.69,7.08,5.17,0.73,70000000,56000000,0.8,,29350,223172880100,7603846,20260909
003060,Aprogen Biologics Inc.,에이프로젠바이오로직스,KOSPI,의료용 물질·의약품,2025,445,239,206,0.463,4.15,4.59,3.63,0.791,52217087.87,41781106.8,0.8,,1657,26494298269,15989317,20260909
019440,"SeAH SPECIAL STEEL CO., LTD",세아특수강,,1차 금속,2025,445,415,30,0.067,11.01,11.5,4.2,0.365,95000000,63000000,0.663,,,,,
173130,"OPASNET co., Ltd.",오파스넷,KOSDAQ,컴퓨터 프로그래밍·SI,2025,442,415,27,0.061,4.36,4.42,3.42,0.774,70000000,39000000,0.557,,6320,82453709360,13046473,20260909
288180,"KP Aero Industries Co., Ltd.",케이피항공산업,KOSDAQ,기타 운송장비,2025,441,412,29,0.066,3.39,3.46,2.39,0.691,40372128.64,34478655.17,0.854,,7270,53749014740,7393262,20260909
006620,"DongKoo Bio & Pharma Co., Ltd.",동구바이오제약,KOSDAQ,의료용 물질·의약품,2025,440,271,169,0.384,4.69,4.5,5,1.111,61576000,48369000,0.786,,3510,99912121920,28464992,20260909
200470,"APACT Co., Ltd.",에이팩트,KOSDAQ,전자부품·컴퓨터·통신장비,2025,440,314,126,0.286,6.64,7.14,5.39,0.755,48318471.34,40619047.62,0.841,,6450,282661936200,43823556,20260909
472850,"POND GROUP CO., LTD.",폰드그룹,KOSDAQ,소매업,2025,440,179,261,0.593,1.64,1.7,1.6,0.941,57000000,42000000,0.737,,4875,280661803500,57571652,20260909
118990,"MOTREX CO., LTD",모트렉스,KOSDAQ,자동차·트레일러,2025,440,354,86,0.195,4.93,5.08,4.33,0.852,74584000,53304000,0.715,,6140,150659457940,24537371,20260909
010820,"FIRSTEC CO.,LTD.",퍼스텍,KOSPI,금속가공제품,2025,439,425,14,0.032,14.65,15,4,0.267,60000000,36000000,0.6,,6200,302386015600,48771938,20260909
143160,"INTELLIGENT DIGITAL INTEGRATED SECURITY CO., LTD.",아이디스,KOSDAQ,전자부품·컴퓨터·통신장비,2025,438,345,93,0.212,8.51,9,6.67,0.741,73000000,45000000,0.616,,16100,172533879000,10716390,20260909
122870,YG Entertainment Inc.,와이지엔터테인먼트,KOSDAQ,영상·오디오 제작,2025,438,150,288,0.658,3.95,5.08,3.36,0.661,82000000,50000000,0.61,,42100,786893162900,18691049,20260909
095610,"TESCO.,LTD.",테스,KOSDAQ,기타 기계·장비,2025,438,419,19,0.043,8.28,8.4,5.6,0.667,131000000,82000000,0.626,,154300,2987248000000,19360000,20260909
403550,"SOCAR, Inc.",쏘카,KOSPI,사업지원 서비스,2025,437,279,158,0.362,3.77,4.1,3.2,0.78,72000000,59000000,0.819,,11050,419236359100,37939942,20260909
000250,SAM CHUN DANG PHARM CO. LTD,삼천당제약,KOSDAQ,의료용 물질·의약품,2025,436,306,130,0.298,8.31,9.5,5.5,0.579,73000000,49000000,0.671,,165100,3872828627200,23457472,20260909
009470,"SAMWHA ELECTRIC CO.,LTD",삼화전기,KOSPI,전자부품·컴퓨터·통신장비,2025,434,198,236,0.544,11.72,15.17,8.83,0.582,69996000,48018000,0.686,,23400,154763388000,6613820,20260909
170790,"Piolink, Inc.",파이오링크,KOSDAQ,전자부품·컴퓨터·통신장비,2025,434,332,102,0.235,5.81,6.13,4.77,0.778,57716867.47,43000000,0.745,,8180,52330200300,6397335,20260909
036800,NICE INFORMATION & TELECOMMUNICATION INC.,나이스정보통신,KOSDAQ,통신업,2025,432,305,127,0.294,4.38,4.75,3.5,0.737,72854000,42483000,0.583,,7880,358540000000,45500000,20260909
027710,"FarmStory CO.,LTD.",팜스토리,KOSDAQ,식료품 제조,2025,431,319,112,0.26,11.64,12.17,10.13,0.832,72517241.38,46000000,0.634,,1135,126457841000,111416600,20260909
194480,Devsisters corporation,데브시스터즈,KOSDAQ,출판업,2025,431,196,235,0.545,2.49,2.58,2.42,0.938,78000000,58000000,0.744,,15160,184484314000,12169150,20260909
082920,"VITZROCELL Co.,Ltd.",비츠로셀,KOSDAQ,전기장비,2025,430,244,186,0.433,8.47,8.9,7.9,0.888,79000000,55000000,0.696,,28350,1279704172950,45139477,20260909
004780,DaeryukCan,대륙제관,KOSDAQ,금속가공제품,2025,427,320,107,0.251,8.75,9,8,0.889,51000000,46000000,0.902,,4245,67509079755,15903199,20260909
001540,"AHN-GOOK PHARMACEUTICAL Co., Ltd.",안국약품,KOSDAQ,의료용 물질·의약품,2025,424,266,158,0.373,4.6,5.22,3.55,0.68,66037000,46175000,0.699,,10100,131728442000,13042420,20260909
002200,"KOREA EXPORT PACKAGING INDUSTRIAL CO.,LTD",한국수출포장공업,KOSPI,펄프·종이 제조,2025,423,409,14,0.033,9.32,9.42,6.42,0.682,62519000,38577000,0.617,,2700,90449840700,33499941,20260909
336060,"WAVUS Co.,Ltd",웨이버스,KOSDAQ,출판업,2025,423,290,133,0.314,3.75,4.25,2.67,0.628,52881000,38158000,0.722,,3030,29182051200,9631040,20260909
079940,"GABIA,Inc.",가비아,KOSDAQ,출판업,2025,423,300,123,0.291,6.38,5.57,8.36,1.501,63000000,58000000,0.921,,42600,571721138400,13420684,20260909
060850,"YoungLimWon SoftLab. Co., Ltd.",영림원소프트랩,KOSDAQ,출판업,2025,422,256,166,0.393,7.79,8.38,6.87,0.82,71987000,55382000,0.769,,4605,37443255000,8131000,20260909
092440,KISHIN CORPORATION,기신정기,KOSPI,기타 기계·장비,2025,422,382,40,0.095,12.79,13.57,5.3,0.391,55678109.95,36882000,0.662,,1961,57261200000,29200000,20260909
001620,"KBI DONGKOOK IND CO., LTD",케이비아이동국실업,KOSPI,자동차·트레일러,2025,421,384,37,0.088,9.7,9.6,10.7,1.115,70000000,60000000,0.857,,2155,47967295930,22258606,20260909
014130,"HAN EXPRESS CO.,LTD",한익스프레스,KOSPI,육상운송,2025,420,343,77,0.183,8.02,8.08,7.75,0.959,58330776,39452620,0.676,,2600,30726495800,11817883,20260909
095500,"MNTECHCo.,Ltd.",미래나노텍,KOSDAQ,고무·플라스틱,2025,420,389,31,0.074,7.59,7.6,7.4,0.974,55000000,45000000,0.818,,6870,213038693130,31009999,20260909
030520,HANCOM INC.,한컴,KOSDAQ,출판업,2025,420,258,162,0.386,8.26,9.3,6.6,0.71,97000000,73000000,0.753,,16700,403801724800,24179744,20260909
017860,"DS DANSUK CO., LTD.",DS단석,KOSPI,화학물질·화학제품,2025,419,376,43,0.103,4.64,4.65,4.52,0.972,56515670.21,46757186.05,0.827,,12100,213608971400,17653634,20260909
030530,"WONIK HOLDINGS CO.,LTD.",원익홀딩스,KOSDAQ,화학물질·화학제품,2025,419,358,61,0.146,6.22,6.5,4.6,0.708,78000000,57000000,0.731,,23250,1795783058250,77237981,20260909
092790,"NEXTEEL CO.,LTD.",넥스틸,KOSPI,1차 금속,2025,419,402,17,0.041,5.55,5.6,4.3,0.768,57000000,44000000,0.772,,13310,346086620000,26002000,20260909
058430,"POSCO STEELEON Co.,Ltd.",포스코스틸리온,KOSPI,1차 금속,2025,418,383,35,0.084,16.33,17,9,0.529,109000000,78000000,0.716,,4800,288000000000,60000000,20260909
007210,BYUKSAN CORPORATION,벽산,KOSPI,비금속 광물제품,2025,416,375,41,0.099,11.14,11.63,6.7,0.576,73773333.33,49000000,0.664,,1418,92680480000,65360000,20260909
084010,"DAEHAN STEEL CO.,LTD",대한제강,KOSPI,1차 금속,2025,414,382,32,0.077,13.54,14,8,0.571,84000000,59000000,0.702,,8700,299032885200,34371596,20260909
003090,"DAEWOONG CO.,LTD",대웅,KOSPI,의료용 물질·의약품,2025,413,156,257,0.622,4.64,4.7,4.6,0.979,76000000,65000000,0.855,,16430,955272731400,58141980,20260909
012790,"SHINIL PHARMACEUTICAL CO., LTD.",신일제약,KOSDAQ,의료용 물질·의약품,2025,413,250,163,0.395,6.93,8,5.3,0.663,53753000,43879000,0.816,,6050,72517810750,11986415,20260909
001120,LX INTERNATIONAL CORP.,LX인터내셔널,KOSPI,도매·상품중개,2025,412,291,121,0.294,8.8,8.17,10.33,1.264,131000000,84000000,0.641,,40450,1567842000000,38760000,20260909
054210,"Elentec Co., Ltd",이랜텍,KOSDAQ,전자부품·컴퓨터·통신장비,2025,412,332,80,0.194,6.39,6.7,5.1,0.761,61823000,47536000,0.769,,7110,179820503100,25291210,20260909
058610,"SPG CO., LTD",에스피지,KOSDAQ,전기장비,2025,411,311,100,0.243,7.79,7.6,8.4,1.105,61038000,44352000,0.727,,93300,2069147688000,22177360,20260909
051370,"INTERFLEX CO., LTD.",인터플렉스,KOSDAQ,전자부품·컴퓨터·통신장비,2025,411,345,66,0.161,5.5,5.4,6,1.111,51000000,42000000,0.824,,6200,144630326400,23327472,20260909
900340,WING YIP FOOD HOLDINGS GROUP LIMITED,윙입푸드,KOSDAQ,금융업,2025,410,231,179,0.437,8.22,8.54,7.81,0.915,22752627.71,20994301.68,0.923,,1489,52982687948,35582732,20260909
475150,"SK eternix Co., Ltd.",SK이터닉스,KOSPI,종합 건설,2025,410,410,,,5.92,5.92,,,85500000,,,not reported,53200,1812364612800,34067004,20260909
039440,Systems Technology Incorporated,에스티아이,KOSDAQ,기타 기계·장비,2025,407,372,35,0.086,7.44,7.61,5.64,0.741,77060000,49991000,0.649,,19610,304093191670,15507047,20260909
211050,"INCAR FINANCIAL SERVICE Co.,Ltd.",인카금융서비스,KOSDAQ,금융·보험 관련 서비스,2025,407,158,249,0.612,5.31,4.5,5.83,1.296,85417000,53582000,0.627,,10200,502489301400,49263657,20260909
095340,"ISC Co., LTD.",ISC,KOSDAQ,도매·상품중개,2025,407,271,136,0.334,9.03,8.8,9.5,1.08,69000000,52000000,0.754,,190600,4040159254800,21197058,20260909
0120G0,Samyang Biopharm Corporation,삼양바이오팜,KOSPI,,2025,407,268,139,0.342,9.09,9.7,7.9,0.814,81004000,76375000,0.943,,49400,367331978000,7435870,20260909
083930,"AVACOCO.,LTD.",아바코,KOSDAQ,기타 기계·장비,2025,406,385,21,0.052,8.51,8.7,5,0.575,75000000,40000000,0.533,,11790,173044765710,14677249,20260909
124560,"Taewoong Logistics Co., Ltd.",태웅로직스,KOSDAQ,창고·운송 관련,2025,405,176,229,0.565,4.81,5.14,4.56,0.887,74769753.47,52562608.73,0.703,,1969,76241276859,38720811,20260909
138490,"KOLON ENP, INC.",코오롱이앤피,,화학물질·화학제품,2025,405,340,65,0.16,9.8,9.8,9.8,1,91000000,70000000,0.769,,,,,
122990,"WiSoL Co.,LTD.",와이솔,KOSDAQ,전자부품·컴퓨터·통신장비,2025,404,300,104,0.257,6.38,6.3,6.6,1.048,61000000,42000000,0.689,,6510,166968994290,25648079,20260909
005160,DONGKUK INDUSTRIES COMPANY,동국산업,KOSDAQ,1차 금속,2025,404,385,19,0.047,14.26,14.5,9.5,0.655,78697000,50921000,0.647,,2515,136424872230,54244482,20260909
001130,"DAEHAN FLOUR MILL CO.,LTD",대한제분,KOSPI,식료품 제조,2025,404,336,68,0.168,13.28,13.68,11.33,0.828,88334467.26,64946000,0.735,,11440,193336000000,16900000,20260909
089470,"HDC Hyundai Engineering Plastics Co., Ltd.",HDC현대EP,KOSPI,화학물질·화학제품,2025,403,356,47,0.117,10.07,10.41,7.51,0.721,72488764.04,52489361.7,0.724,,3850,122815000000,31900000,20260909
192440,"Spigen Korea Co., Ltd",슈피겐코리아,KOSDAQ,기타 제품 제조,2025,403,187,216,0.536,5.32,5.8,4.9,0.845,74000000,59000000,0.797,,29200,181517799600,6216363,20260909
002880,"DYA CO.,LTD",디와이에이,KOSPI,자동차·트레일러,2025,403,388,15,0.037,12.85,13,8.93,0.687,81226682.99,65568333.33,0.807,,753,35220818235,46773995,20260909
217590,"TMC Co., Ltd.",티엠씨,KOSPI,전기장비,2025,402,371,31,0.077,7.84,7.8,8.3,1.064,65000000,49000000,0.754,,11040,266000244000,24094225,20260909
192650,"DREAMTECH CO.,LTD.",드림텍,KOSPI,전자부품·컴퓨터·통신장비,2025,401,227,174,0.434,5.53,5.7,5.3,0.93,70247000,37845000,0.539,,6290,414428154410,65886829,20260909
089600,"kt nasmedia Co., Ltd.",KT나스미디어,KOSDAQ,전문서비스업,2025,400,165,235,0.588,6.24,6.83,5.82,0.852,71000000,60000000,0.845,,13060,151080208780,11568163,20260909
004310,"HYUNDAI PHARMACEUTICAL CO., LTD",현대약품,KOSPI,의료용 물질·의약품,2025,399,313,86,0.216,9.45,9.26,10.13,1.094,74971993.61,59943395.35,0.8,,10300,329600000000,32000000,20260909
101160,"WORLDEXINDUSTRY&TRADINGCO.,LTD",월덱스,KOSDAQ,전자부품·컴퓨터·통신장비,2025,399,304,95,0.238,5.08,5.41,4.03,0.745,59722000,50372000,0.843,,30600,505236385800,16510993,20260909
298540,"THE NATURE HOLDINGS CO., LTD",더네이쳐홀딩스,KOSDAQ,의복 제조,2025,399,184,215,0.539,2.67,3.17,2.25,0.71,53000000,39000000,0.736,,6630,96044739180,14486386,20260909
037760,"CENIT CO., LTD",쎄니트,KOSDAQ,1차 금속,2025,398,260,138,0.347,3.18,3.89,1.83,0.47,45402891.9,29866748.09,0.658,,2360,79845693560,33832921,20260909
348370,"Enchem Co., Ltd.",엔켐,KOSDAQ,화학물질·화학제품,2025,398,341,57,0.143,2.91,3,2.4,0.8,65000000,48000000,0.738,,22650,496284014100,21910994,20260909
206650,"EuBiologics Co., Ltd.",유바이오로직스,KOSDAQ,의료용 물질·의약품,2025,397,255,142,0.358,4.33,4.66,3.74,0.803,63658823.53,55795774.65,0.876,,8650,317907455550,36752307,20260909
339950,"IBKIMYOUNG CO.,LTD.",아이비김영,KOSDAQ,교육서비스업,2025,397,180,217,0.547,4.83,6.83,3.17,0.464,53000000,31000000,0.585,,2490,111917170950,44946655,20260909
108380,"DAEYANG ELECTRIC CO.,LTD",대양전기공업,KOSDAQ,기타 운송장비,2025,396,335,61,0.154,12.69,13.39,8.85,0.661,63035820.9,47885245.9,0.76,,18700,178909127100,9567333,20260909
223250,DreamCIS INC.,드림씨아이에스,KOSDAQ,연구개발업,2025,395,80,315,0.797,4,3.6,4.1,1.139,61053000,53552000,0.877,,3440,84625527360,24600444,20260909
097800,WINPAC INC.,윈팩,KOSDAQ,전자부품·컴퓨터·통신장비,2025,395,277,118,0.299,4.25,4.25,4.25,1,50000000,43000000,0.86,,2075,56626843375,27290045,20260909
054670,"Daehan Nupharm Co.,Ltd.",대한뉴팜,KOSDAQ,의료용 물질·의약품,2025,393,229,164,0.417,6.75,7.95,5.08,0.639,72192401.75,48574073.17,0.673,,5630,80818199600,14354920,20260909
484120,"DOWOOINSYS Co., LTD.",도우인시스,KOSDAQ,전자부품·컴퓨터·통신장비,2025,393,233,160,0.407,3.01,3.27,2.64,0.807,55806866.95,45856250,0.822,,19450,213121857900,10957422,20260909
086670,"BMTCo.,Ltd.",비엠티,KOSDAQ,기타 기계·장비,2025,392,331,61,0.156,6.68,6.58,7.25,1.102,48690000,42915000,0.881,,17090,169633374650,9925885,20260909
066590,"SMOTRONIC CO., LTD.",스모트로닉,KOSDAQ,자동차·트레일러,2025,392,299,93,0.237,6.46,6.58,6.09,0.926,62902000,53300000,0.847,,2365,91473321005,38677937,20260909
140860,Park Systems Corp.,파크시스템스,KOSDAQ,의료·정밀·광학기기,2025,392,273,119,0.304,4.7,5,4,0.8,68000000,55000000,0.809,,256000,1792632064000,7002469,20260909
080420,"Moda-InnoChips Co., Ltd.",모다이노칩,KOSDAQ,소매업,2025,392,246,146,0.372,5.52,5.95,4.8,0.807,50821138.21,31136986.3,0.613,,1667,132895943874,79721622,20260909
200710,"ADTechnology Co., Ltd.",에이디테크놀로지,KOSDAQ,전자부품·컴퓨터·통신장비,2025,391,295,96,0.246,3.45,3.4,3.6,1.059,64000000,60000000,0.938,,24850,334530873950,13462007,20260909
900250,"China Crystal New Material Holdings Co., Ltd.",크리스탈신소재,KOSDAQ,금융업,2025,388,262,126,0.325,4.99,5.12,4.73,0.924,47361900.76,41530777.78,0.877,,1191,42655666191,35815001,20260909
199480,"Bankware Global Co., Ltd.",뱅크웨어글로벌,KOSDAQ,출판업,2025,388,273,115,0.296,5.19,5.34,4.82,0.903,76622710.62,53365217.39,0.696,,3855,39307846740,10196588,20260909
149950,"AVATEC CO.,LTD.",아바텍,KOSDAQ,전자부품·컴퓨터·통신장비,2025,387,337,50,0.129,7.03,7.4,4.5,0.608,59188000,42852000,0.724,,9150,125059482450,13667703,20260909
016090,"DAEHYUN CO.,LTD",대현,KOSPI,의복 제조,2025,387,138,249,0.643,6.88,8.3,6.1,0.735,60000000,60000000,1,,1423,63013727130,44282310,20260909
045660,"ATEC CO.,Ltd",에이텍,KOSDAQ,기타 기계·장비,2025,387,369,18,0.047,7.93,8.06,5.33,0.661,52281842.82,40555555.56,0.776,,9340,77148400000,8260000,20260909
143240,"Saramin Co., Ltd.",사람인,KOSDAQ,정보서비스업,2025,385,218,167,0.434,7.38,7.54,7.17,0.951,74364192.66,55132550.9,0.741,,17250,185139609750,10732731,20260909
123330,"Genic Co.,Ltd",제닉,KOSDAQ,화학물질·화학제품,2025,385,66,319,0.829,3.84,5.5,3.5,0.636,66000000,35000000,0.53,,26950,214755926000,7968680,20260909
002100,KYUNGNONG CORPORATION,경농,KOSPI,화학물질·화학제품,2025,385,314,71,0.184,9.05,9.2,8.4,0.913,64641000,50197000,0.777,,9200,179607690000,19522575,20260909
006110,"SAMA ALUMINIUM CO.,LTD",삼아알미늄,KOSPI,1차 금속,2025,383,338,45,0.117,13.09,13.47,10.22,0.759,63621642.01,46795266.67,0.736,,67200,1016296176000,15123455,20260909
117580,"DAESUNG ENERGY CO.,LTD",대성에너지,KOSPI,전기·가스·증기,2025,383,356,27,0.07,20.72,21,17.08,0.813,92000000,76000000,0.826,,7190,197725000000,27500000,20260909
192080,"DoubleUGames Co., Ltd.",더블유게임즈,KOSPI,출판업,2025,383,259,124,0.324,5.59,5.75,5.25,0.913,109000000,77000000,0.706,,55900,1183596861200,21173468,20260909
052400,"KONA I CO., LTD.",코나아이,KOSDAQ,출판업,2025,383,222,161,0.42,6.69,7.98,4.92,0.617,77000000,52000000,0.675,,35950,523550311450,14563291,20260909
214680,DRTECH Corporation,디알텍,KOSDAQ,의료·정밀·광학기기,2025,381,305,76,0.199,3.96,4.1,3.4,0.829,54000000,45000000,0.833,,960,80137973760,83477056,20260909
003570,"SNT DYNAMICS CO.,Ltd",SNT다이내믹스,KOSPI,자동차·트레일러,2025,381,358,23,0.06,15.4,15.1,20.1,1.331,84448000,66266000,0.785,,28800,957677673600,33252697,20260909
033920,Muhak,무학,KOSPI,음료 제조,2025,380,213,167,0.439,1.8,1.8,1.8,1,53000000,33000000,0.623,,7630,217455000000,28500000,20260909
008040,"SAJODONGAONE CO.,LTD",사조동아원,KOSPI,식료품 제조,2025,379,345,34,0.09,10.88,11.23,7.35,0.654,73099103.78,47723110,0.653,,8390,118420319400,14114460,20260909
023810,INFAC CORPORATION,인팩,KOSPI,자동차·트레일러,2025,378,300,78,0.206,9.2,8.36,12.43,1.487,68646666.67,58512820.51,0.852,,5190,51900000000,10000000,20260909
005800,SHINYOUNG WACOAL INC,신영와코루,KOSPI,의복 제조,2025,378,177,201,0.532,12.92,14.25,11.75,0.825,56000000,43000000,0.768,,13450,121050000000,9000000,20260909
070960,"MONA YONGPYONG CO.,LTD",모나용평,KOSPI,숙박업,2025,378,271,107,0.283,11.09,11.49,10.09,0.878,49623616.24,39953271.03,0.805,,2000,96266666000,48133333,20260909
011370,Seohan,서한,KOSDAQ,종합 건설,2025,378,348,30,0.079,6.13,6.5,1.9,0.292,70741000,30251000,0.428,,3880,78294415240,20178973,20260909
054050,"NH NONGWOOBIO CO., LTD.",NH농우바이오,KOSDAQ,농업,2025,378,254,124,0.328,12.61,13.38,11.03,0.824,87000000,57000000,0.655,,6950,111412398950,16030561,20260909
012280,"YEONGHWA METAL CO.,LTD",영화금속,KOSPI,자동차·트레일러,2025,377,359,18,0.048,10.21,10.06,13.17,1.309,84014.48,53773.44,0.64,,3845,38084344345,9904901,20260909
200670,"Humedix Co., Ltd.",휴메딕스,KOSDAQ,의료용 물질·의약품,2025,377,229,148,0.393,4.29,4.8,3.5,0.729,63000000,47000000,0.746,,26550,298154641500,11229930,20260909
128820,"DAESUNG INDUSTRIAL CO., LTD.",대성산업,KOSPI,소매업,2025,375,317,58,0.155,8.92,9.13,7.8,0.854,58968454.26,45965517.24,0.779,,4220,190893717160,45235478,20260909
053270,"GUYOUNG TECHNOLOGY CO., LTD.",구영테크,KOSDAQ,자동차·트레일러,2025,375,357,18,0.048,7.75,7.89,4.89,0.62,61713784.31,56359222.22,0.913,,2015,55231966075,27410405,20260909
008470,"BOOSTER CO., LTD.",부스타,KOSDAQ,금속가공제품,2025,374,354,20,0.053,9.1,9.2,7.4,0.804,53000000,34000000,0.642,,1696,28509081600,16809600,20260909
090850,"HYUNDAI EZWEL CO., LTD.",현대이지웰,KOSDAQ,출판업,2025,374,154,220,0.588,5.9,6.83,5.25,0.769,75711758,49867382,0.659,,5030,113063852090,22477903,20260909
144960,"New Power Plasma Co.,Ltd",뉴파워프라즈마,KOSDAQ,기타 기계·장비,2025,373,297,76,0.204,6.42,6.2,7.3,1.177,82977000,72003000,0.868,,8790,384058164960,43692624,20260909
053210,"KT Skylife Co.,Ltd.",케이티스카이라이프,KOSPI,방송업,2025,373,289,84,0.225,14.21,14.83,12.08,0.815,105607000,88327000,0.836,,4055,192705582525,47522955,20260909
261200,"DENTIS CO.,LTD",덴티스,KOSDAQ,의료·정밀·광학기기,2025,371,261,110,0.296,5.05,4.96,5.27,1.063,59369000,37915000,0.639,,2540,40156638000,15809700,20260909
065680,"UJU ELECTRONICS CO., LTD",우주일렉트로,KOSDAQ,전자부품·컴퓨터·통신장비,2025,371,328,43,0.116,9.76,9.72,10.08,1.037,65000000,51000000,0.785,,22750,210220715250,9240471,20260909
123570,EMNET INC.,이엠넷,KOSDAQ,전문서비스업,2025,371,128,243,0.655,7497965.6,6017307,8277901,1.376,47010000,34065000,0.725,,1647,36688700466,22276078,20260909
041830,"InBody Co., Ltd.",인바디,KOSDAQ,의료·정밀·광학기기,2025,370,233,137,0.37,4.46,4.9,3.7,0.755,55000000,49000000,0.891,,58500,788631597000,13480882,20260909
017550,"SOOSAN CEBOTICS CO., LTD",수산세보틱스,KOSPI,기타 기계·장비,2025,370,335,35,0.095,10.94,11.05,9.88,0.894,53504477.61,47114285.71,0.881,,1899,118495947870,62399130,20260909
105740,DK-Lok Corporation,디케이락,KOSDAQ,기타 기계·장비,2025,370,301,69,0.186,5.61,5.08,7.92,1.559,59000000,52000000,0.881,,7850,79822827050,10168513,20260909
145210,"Dynamic Design Co., LTD.",다이나믹디자인,KOSPI,기타 기계·장비,2025,370,300,70,0.189,6.11,6.2,5.7,0.919,47000000,39000000,0.83,,2240,9461011840,4223666,20260909
002800,"SINSIN PHARMACEUTICAL Co., LTD.",신신제약,KOSDAQ,의료용 물질·의약품,2025,369,244,125,0.339,6.69,7.21,5.68,0.788,66000000,48000000,0.727,,4640,70391120000,15170500,20260909
067080,"DAE HWA PHARM CO., LTD",대화제약,KOSDAQ,의료용 물질·의약품,2025,369,193,176,0.477,6.71,7.9,5.4,0.684,54939000,41152000,0.749,,10950,203852317500,18616650,20260909
122900,iMarketKorea Inc.,아이마켓코리아,KOSPI,도매·상품중개,2025,369,221,148,0.401,10.86,11.9,9.3,0.782,80000000,55000000,0.688,,8040,268767873600,33428840,20260909
109610,"SY CO., LTD.",에스와이,KOSDAQ,금속가공제품,2025,368,317,51,0.139,4.7,4.8,4.1,0.854,38158000,31684000,0.83,,1999,97765892600,48907400,20260909
007530,"YM CO., LTD.",와이엠,KOSDAQ,금속가공제품,2025,367,289,78,0.213,7.02,7.5,5.25,0.7,64583000,61773000,0.956,,1552,34538566512,22254231,20260909
461300,"i-Scream Media CO., LTD.",아이스크림미디어,KOSDAQ,출판업,2025,366,124,242,0.661,4.21,4.3,4.16,0.967,84282258.06,58301652.89,0.692,,19050,254011423650,13333933,20260909
014280,"KUMKANG KIND CO.,LTD",금강공업,KOSPI,1차 금속,2025,365,330,35,0.096,10.86,10.91,10.43,0.956,72270893.94,58145085.71,0.805,,4745,139167798965,29329357,20260909
079960,DONGYANG E&P INC.,동양이엔피,KOSDAQ,전기장비,2025,365,324,41,0.112,10.73,10.8,10.2,0.944,67755000,40443000,0.597,,17860,134872611880,7551658,20260909
049950,meerecompanyIncorporated,미래컴퍼니,KOSDAQ,기타 기계·장비,2025,364,320,44,0.121,7.17,7.49,4.83,0.645,66000000,45000000,0.682,,10540,92940497360,8817884,20260909
002460,"HS HWASUNG CO., LTD.",HS화성,KOSPI,종합 건설,2025,364,319,45,0.124,7.89,7.57,10.13,1.338,69727272.73,49400000,0.708,,10700,108605000000,10150000,20260909
210540,DY POWER Corporation,디와이파워,KOSPI,기타 기계·장비,2025,363,347,16,0.044,18.62,18.92,12.17,0.643,83000000,61000000,0.735,,11480,126758807840,11041708,20260909
018470,"CHOIL ALUMINUM CO., LTD",조일알미늄,KOSPI,1차 금속,2025,363,337,26,0.072,13.86,14,12,0.857,63218000,46429000,0.734,,973,123212664533,126631721,20260909
094850,"Very Good Tour Co.,Ltd.",참좋은여행,KOSDAQ,사업시설 관리,2025,363,100,263,0.725,5.02,5.6,4.8,0.857,56000000,45000000,0.804,,4440,62160000000,14000000,20260909
011040,KyungdongPharm,경동제약,KOSDAQ,의료용 물질·의약품,2025,363,185,178,0.49,10.2,12.33,7.99,0.648,63063038,48735782,0.773,,5120,157536081920,30768766,20260909
036010,"ABCO ELECTRONICS CO., LTD.",아비코전자,KOSDAQ,전자부품·컴퓨터·통신장비,2025,363,234,129,0.355,8.56,9.48,6.9,0.728,48316508.55,39488868.22,0.817,,6870,91322456580,13292934,20260909
237880,"CLIO Cosmetics Co., Ltd",클리오,KOSDAQ,화학물질·화학제품,2025,363,49,314,0.865,3.97,6.19,3.62,0.585,67061224.49,43331210.19,0.646,,12050,217759803650,18071353,20260909
064550,BIONEERCORPORATION,바이오니아,KOSDAQ,의료용 물질·의약품,2025,362,211,151,0.417,7.08,7.51,6.49,0.864,57549763.03,45205298.01,0.785,,9800,252940851800,25810291,20260909
067000,JoyCity Corporation,조이시티,KOSDAQ,출판업,2025,362,263,99,0.273,5.14,5.3,4.7,0.887,73000000,61000000,0.836,,1128,78851087088,69903446,20260909
011150,CJ SEAFOOD CORPORATION,CJ씨푸드,KOSPI,식료품 제조,2025,360,183,177,0.492,9.27,10.5,8,0.762,56000000,31000000,0.554,,1986,71358515178,35930773,20260909
230360,"ECHOMARKETING Co.,Ltd.",에코마케팅,,전문서비스업,2025,360,93,267,0.742,2.25,2.25,2.25,1,50575000,49626000,0.981,,,,,
007820,MX Robotics Inc.,엠엑스로보틱스,KOSDAQ,기타 기계·장비,2025,359,299,60,0.167,5.28,5.5,4.2,0.764,76572000,60083000,0.785,,3590,83731074210,23323419,20260909
122310,"GENORAY Co., LTD.",제노레이,KOSDAQ,의료·정밀·광학기기,2025,358,297,61,0.17,4.89,5.17,3.5,0.677,59000000,45000000,0.763,,3260,47445531440,14553844,20260909
078150,"HB Technology CO.,LTD.",HB테크놀러지,KOSDAQ,기타 기계·장비,2025,358,326,32,0.089,4.81,4.86,4.25,0.874,60785276.07,40968750,0.674,,2015,191267422970,94921798,20260909
259630,mPlus Corp,엠플러스,KOSDAQ,기타 기계·장비,2025,358,302,56,0.156,4.5,4.67,3.58,0.767,66000000,49000000,0.742,,9470,115746090120,12222396,20260909
078600,"DaejooElectronicMaterialsCo.,Ltd.",대주전자재료,KOSDAQ,전자부품·컴퓨터·통신장비,2025,357,310,47,0.132,6.87,7,6,0.857,70000000,60000000,0.857,,87400,1372541661200,15704138,20260909
010780,"IS DONGSEO CO., LTD.",아이에스동서,KOSPI,비금속 광물제품,2025,357,310,47,0.132,8.69,9.12,5.89,0.646,81016129.03,54829787.23,0.677,,15500,467898128000,30186976,20260909
067830,SAVEZONE I&C Corp.,세이브존I&C,KOSPI,소매업,2025,356,147,209,0.587,7.64,7.18,7.96,1.109,53297000,32240000,0.605,,2380,97677330100,41040895,20260909
057030,"YBM NET, Inc.",YBM넷,KOSDAQ,교육서비스업,2025,356,132,224,0.629,8.48,9.9,7.64,0.772,47663147.36,37023971.32,0.777,,2105,34338227185,16312697,20260909
085660,"Chabiotech Co.,Ltd.",차바이오텍,KOSDAQ,의료용 물질·의약품,2025,354,141,213,0.602,4.94,5.12,4.82,0.941,56152000,48373000,0.861,,8120,754939509520,92972846,20260909
419530,"SAMG ENTERTAINMENT CO.,LTD",SAMG엔터,KOSDAQ,영상·오디오 제작,2025,352,124,228,0.648,3.51,4.3,3.08,0.716,56000000,43394736.84,0.775,,17680,180465718160,10207337,20260909
093370,"FOOSUNG CO.,LTD",후성,KOSPI,화학물질·화학제품,2025,351,321,30,0.085,10.76,11.08,7.32,0.661,90825000,49677000,0.547,,13350,1431858655500,107255330,20260909
111770,Youngone Corporation,영원무역,KOSPI,도매·상품중개,2025,351,108,243,0.692,7.79,6.58,8.33,1.266,96000000,76000000,0.792,,72500,3212581430000,44311468,20260909
037230,"HANKUK PACKAGE CO., LTD.",한국팩키지,KOSDAQ,펄프·종이 제조,2025,351,334,17,0.048,9.44,9.34,11.4,1.221,69263473.05,60235294.12,0.87,,1395,41571456165,29800327,20260909
121600,"Advanced Nano Products Co., Ltd.",나노신소재,KOSDAQ,화학물질·화학제품,2025,350,327,23,0.066,5.07,5,6,1.2,52000000,46000000,0.885,,49800,610657111800,12262191,20260909
383310,"ECOPRO HN CO., LTD",에코프로에이치엔,KOSDAQ,화학물질·화학제품,2025,349,301,48,0.138,3.75,3.75,3.74,0.997,80697674.42,63416666.67,0.786,,23150,485569675800,20974932,20260909
084370,"EugeneTechnologyCo.,Ltd.",유진테크,KOSDAQ,기타 기계·장비,2025,348,338,10,0.029,6.68,6.7,5.9,0.881,101000000,84000000,0.832,,145200,3327409298400,22916042,20260909
125210,"AMOGREENTECH Co., Ltd.",아모그린텍,KOSDAQ,전자부품·컴퓨터·통신장비,2025,346,257,89,0.257,6.29,6.42,5.92,0.922,50610000,35156000,0.695,,5660,93371831400,16496790,20260909
330860,Nepes Ark Corporation,네패스아크,KOSDAQ,기타 과학기술 서비스,2025,346,244,102,0.295,4.41,5,3,0.6,64000000,45000000,0.703,,24100,293635484500,12184045,20260909
042510,"RaonSecure Co., Ltd.",라온시큐어,KOSDAQ,출판업,2025,345,250,95,0.275,5.44,5.58,5.08,0.91,66901000,54815000,0.819,,8940,99286102320,11105828,20260909
048550,"SM Culture & Contents Co., Ltd.",SM C&C,KOSDAQ,전문서비스업,2025,345,133,212,0.614,5.79,6.92,5.08,0.734,78526000,65021000,0.828,,1081,104548504220,96714620,20260909
059210,"METABIOMED.CO.,LTD",메타바이오메드,KOSDAQ,의료용 물질·의약품,2025,345,185,160,0.464,6,6,6,1,59000000,45000000,0.763,,3880,105425206600,27171445,20260909
071670,"A-Tech Solution CO., LTD.",에이테크솔루션,KOSDAQ,기타 기계·장비,2025,345,316,29,0.084,6.78,7.1,3.3,0.465,54000000,33000000,0.611,,4965,49650000000,10000000,20260909
038390,"RedcapTour Co., Ltd.",레드캡투어,KOSDAQ,사업시설 관리,2025,344,183,161,0.468,8.37,9.46,7.14,0.755,66123267.76,59678260.87,0.903,,10020,167542636440,16720822,20260909
030210,"Daol Investment & Securities Co., Ltd.",다올투자증권,KOSPI,금융·보험 관련 서비스,2025,344,214,130,0.378,4.27,3.83,5,1.305,237000000,81000000,0.342,,3920,238771535520,60911106,20260909
103840,"WOOYANG Co., Ltd.",우양,KOSDAQ,식료품 제조,2025,343,180,163,0.475,3.57,4,3.1,0.775,44000000,32000000,0.727,,1657,27119171196,16366428,20260909
319660,PSK INC.,피에스케이,KOSDAQ,기타 기계·장비,2025,343,267,76,0.222,4.79,4.75,4.92,1.036,95000000,75000000,0.789,,131800,3817812905200,28966714,20260909
052260,"HYUNDAI BIOLAND Co.,Ltd.",현대바이오랜드,KOSDAQ,화학물질·화학제품,2025,342,250,92,0.269,8.78,9.25,7.5,0.811,71359000,54797000,0.768,,3920,117600000000,30000000,20260909
078160,"MEDIPOSTCO.,LTD.",메디포스트,KOSDAQ,의료용 물질·의약품,2025,342,145,197,0.576,5.39,5.1,5.6,1.098,68000000,57000000,0.838,,8900,348920966700,39204603,20260909
055490,TAPEX INC,테이팩스,KOSPI,고무·플라스틱,2025,341,308,33,0.097,6.95,6.8,8.4,1.235,65000000,53000000,0.815,,16210,77591596500,4786650,20260909
044820,"COSMAX BTI, INC.",코스맥스비티아이,KOSPI,금융업,2025,341,151,190,0.557,5.04,5.13,4.96,0.967,112127000,89149000,0.795,,21950,210806065950,9603921,20260909
069510,ESTec Corporation,에스텍,KOSDAQ,전자부품·컴퓨터·통신장비,2025,341,289,52,0.152,14.47,13.74,18.52,1.348,84000000,75000000,0.893,,12920,140957200000,10910000,20260909
403850,"The Pinkfong Company, Inc.",더핑크퐁컴퍼니,KOSDAQ,영상·오디오 제작,2025,341,69,272,0.798,4.84,5.4,4.7,0.87,64000000,49000000,0.766,,12600,180822726000,14351010,20260909
023160,T. K. CORPORATION,태광,KOSDAQ,1차 금속,2025,340,322,18,0.053,15.17,15.52,9,0.58,79031055.9,59000000,0.747,,28100,726869500200,25867242,20260909
008340,"KORES CO.,LTD",대주코레스,,1차 금속,2025,339,290,49,0.145,7.51,6.8,11.74,1.726,59741589.66,52317612.24,0.876,,,,,
096250,"WISEnut, INC.",와이즈넛,KOSDAQ,출판업,2025,337,217,120,0.356,4.93,5.24,4.37,0.834,58714152.07,44986350,0.766,,5590,66045184790,11814881,20260909
484870,"MNC Solution Co., Ltd",엠앤씨솔루션,KOSPI,기타 기계·장비,2025,337,311,26,0.077,16.31,17,8,0.471,95000000,54000000,0.568,,18260,501450642000,27461700,20260909
060980,HL Holdings Corporation,HL홀딩스,KOSPI,금융업,2025,337,261,76,0.226,7.48,8.18,5.07,0.62,108222222.22,63710526.32,0.589,,39650,355119158550,8956347,20260909
047310,POWER LOGICS,파워로직스,KOSDAQ,전기장비,2025,336,301,35,0.104,7.11,7.34,5.12,0.698,57705906.98,39390228.57,0.683,,2985,109283103675,36610755,20260909
076340,"GA INNODUS CO., LTD.",지에이이노더스,KONEX,전문직별 공사,2025,336,323,13,0.039,2.81,2.88,0.95,0.33,4879741.88,3297923.54,0.676,,4280,20849848800,4871460,20260909
036220,"OSANG HEALTHCARE CO.,LTD.",오상헬스케어,KOSDAQ,의료·정밀·광학기기,2025,336,152,184,0.548,6.1,5,7,1.4,69000000,47000000,0.681,,6420,91866450720,14309416,20260909
205100,"EXEM CO., LTD.",엑셈,KOSDAQ,출판업,2025,336,226,110,0.327,4.68,5.05,3.91,0.774,66102955.75,49885436.36,0.755,,1300,87801186200,67539374,20260909
208140,"JUNGDAWN Co., Ltd.",정다운,KOSDAQ,식료품 제조,2025,335,214,121,0.361,4.42,4.67,3.98,0.852,47093457.94,31578512.4,0.671,,2265,74029817190,32684246,20260909
012800,"DAECHANG Co.,Ltd",대창,KOSPI,1차 금속,2025,335,310,25,0.075,16.95,17.4,11.4,0.655,67657000,49515000,0.732,,1199,109277458301,91140499,20260909
014160,"DAEYOUNG PACKAGING CO.,LTD",대영포장,KOSPI,펄프·종이 제조,2025,334,311,23,0.069,10.66,11,6,0.545,69289000,68295000,0.986,,679,73599898771,108394549,20260909
377740,"BioNote, Inc.",바이오노트,KOSPI,의료용 물질·의약품,2025,334,130,204,0.611,4.76,5,4.6,0.92,62000000,41000000,0.661,,4745,483449297760,101886048,20260909
003280,"HEUNG-A SHIPPING CO.,LTD.",흥아해운,KOSPI,수상운송,2025,334,324,10,0.03,2.58,2.46,6.42,2.61,63111663.58,60071000,0.952,,1760,423147822240,240424899,20260909
218410,RFHIC CORPORATION,RFHIC,KOSDAQ,전자부품·컴퓨터·통신장비,2025,334,256,78,0.234,7.49,8,5.83,0.729,69298000,45500000,0.657,,49700,1320799467400,26575442,20260909
017940,E1 Corporation,E1,KOSPI,도매·상품중개,2025,334,304,30,0.09,11.06,11.42,7.42,0.65,149000000,90000000,0.604,,98400,675024000000,6860000,20260909
491000,LivsMed Inc.,리브스메드,KOSDAQ,의료·정밀·광학기기,2025,334,230,104,0.311,1.37,1.4,1.3,0.929,48000000,36000000,0.75,,35350,892773829850,25255271,20260909
154030,"ASIA SEED Co.,Ltd.",아시아종묘,KOSDAQ,농업,2025,334,237,97,0.29,6.23,6.44,5.73,0.89,27168776.37,21824742.27,0.803,,1679,20251874693,12061867,20260909
050890,"Solid, Inc.",쏠리드,KOSDAQ,전자부품·컴퓨터·통신장비,2025,333,273,60,0.18,5.13,5.42,3.83,0.707,81000000,58000000,0.716,,8470,514607842980,60756534,20260909
062040,"SANIL ELECTRIC CO., LTD",산일전기,KOSPI,전기장비,2025,333,259,74,0.222,4.75,4.98,3.95,0.793,74000000,55000000,0.743,,210500,6450319925000,30642850,20260909
025750,"Hansol HomeDeco co.,ltd.",한솔홈데코,KOSPI,목재 제조,2025,333,283,50,0.15,10.08,10.8,6,0.556,67000000,49000000,0.731,,1877,30244155433,16113029,20260909
215360,"WOORY INDUSTRIAL CO.,LTD.",우리산업,KOSDAQ,자동차·트레일러,2025,332,292,40,0.12,5.34,4.91,8.5,1.731,69251075.34,54003400,0.78,,6330,57806591790,9132163,20260909
457550,WOOJIN Ntec Inc.,우진엔텍,KOSDAQ,기타 과학기술 서비스,2025,332,309,23,0.069,5.8,5.93,4.01,0.676,62891223.3,42621086.96,0.678,,14660,136615924280,9318958,20260909
365340,"SungEel HiTech Co., Ltd.",성일하이텍,KOSDAQ,화학물질·화학제품,2025,332,302,30,0.09,4.66,4.63,4.91,1.06,60395860.93,55769100,0.923,,37750,487772091250,12921115,20260909
462870,SHIFT UP Corporation.,시프트업,KOSPI,출판업,2025,332,246,86,0.259,3.46,3.45,3.48,1.009,95617000,89079000,0.932,,31250,1835684062500,58741890,20260909
025440,"DHAUTOWARE Co., LTD",DH오토웨어,KOSDAQ,전자부품·컴퓨터·통신장비,2025,331,281,50,0.151,4.66,4.8,3.9,0.813,75000000,55000000,0.733,,3335,32537073740,9756244,20260909
016920,Cas,카스,KOSDAQ,도매·상품중개,2025,330,266,64,0.194,6.15,6.43,4.97,0.773,50000000,38000000,0.76,,1142,29347951944,25698732,20260909
009620,"SAMBO Industrial Co., Ltd.",삼보산업,KOSDAQ,1차 금속,2025,330,269,61,0.185,7.29,7.9,4.6,0.582,52126394.05,42786885.25,0.821,,870,15201551760,17473048,20260909
234690,GC WellBeing Corporation,녹십자웰빙,KOSDAQ,의료용 물질·의약품,2025,330,242,88,0.267,6.13,6.5,5.1,0.785,75000000,62000000,0.827,,9950,178734735500,17963290,20260909
417970,"Model Solution Co., Ltd.",모델솔루션,KOSDAQ,기타 기계·장비,2025,328,294,34,0.104,6.25,6.26,6.13,0.979,69306122.45,49088235.29,0.708,,10350,66205845000,6396700,20260909
317330,"Duksan Techopia Co., Ltd.",덕산테코피아,KOSDAQ,화학물질·화학제품,2025,328,309,19,0.058,3.92,3.84,5.26,1.37,53763754.05,47473684.21,0.883,,13720,280938732480,20476584,20260909
241690,"UNITEKNO Co., Ltd",유니테크노,KOSDAQ,자동차·트레일러,2025,328,193,135,0.412,3.61,2.75,4.83,1.756,47000000,44000000,0.936,,2600,63623835600,24470706,20260909
107640,"HanJungNCS.Co.,Ltd",한중엔시에스,KOSDAQ,전기장비,2025,327,253,74,0.226,3.93,3.67,4.83,1.316,54000000,45000000,0.833,,43150,391152419900,9064946,20260909
178920,"PI Advanced Materials Co., Ltd.",PI첨단소재,KOSPI,고무·플라스틱,2025,324,293,31,0.096,11.26,11.7,7.1,0.607,96000000,57000000,0.594,,19610,575873574420,29366322,20260909
033290,"LOGEN Co., Ltd.",로젠,KOSDAQ,소매업,2025,324,237,87,0.269,7.92,8.9,5.24,0.589,58645569.62,50459770.11,0.86,,1524,85582202724,56156301,20260909
089850,UbiVelox Inc.,유비벨록스,KOSDAQ,출판업,2025,323,235,88,0.272,7.33,7.42,7.08,0.954,62000000,49000000,0.79,,4155,61203976845,14730199,20260909
408470,"HANPASS CO.,Ltd.",한패스,KOSDAQ,금융업,2025,323,143,180,0.557,1.4,1.53,1.29,0.843,54000000,34000000,0.63,,5160,54551520000,10572000,20260909
014940,"ORIENTAL PRECISION & ENGINEERING CO.,LTD.",오리엔탈정공,KOSDAQ,기타 기계·장비,2025,322,301,21,0.065,17.33,17.9,9.12,0.509,81364605.5,55612446.48,0.683,,4665,212601128565,45573661,20260909
054950,"JVMCO.,LTD",제이브이엠,KOSDAQ,기타 기계·장비,2025,322,291,31,0.096,10,9.8,11.9,1.214,69000000,54000000,0.783,,23550,284716956600,12089892,20260909
066620,KUKBO DESIGN,국보디자인,KOSDAQ,전문직별 공사,2025,321,224,97,0.302,6.86,7.67,5,0.652,112000000,74000000,0.661,,25650,192375000000,7500000,20260909
166480,CORESTEMCHEMON Inc.,코아스템켐온,KOSDAQ,의료용 물질·의약품,2025,321,141,180,0.561,6.14,6.33,5.99,0.946,52737588.65,44783333.33,0.849,,2160,114200012160,52870376,20260909
001790,TS CORPORATION,대한제당,KOSPI,식료품 제조,2025,320,263,57,0.178,13.63,13.86,12.58,0.908,76537087.45,53501000,0.699,,2830,244064619450,86241915,20260909
049830,SEUNG IL Corporation,승일,KOSDAQ,금속가공제품,2025,319,229,90,0.282,,,,,53000000,37000000,0.698,,6370,39061553440,6132112,20260909
234080,JW LIFESCIENCE CORPORATION,JW생명과학,KOSPI,의료용 물질·의약품,2025,319,232,87,0.273,9.17,9.83,7.42,0.755,71000000,60000000,0.845,,11060,175130167240,15834554,20260909
161580,"PHILOPTICS CO., LTD.",필옵틱스,KOSDAQ,기타 기계·장비,2025,319,280,39,0.122,5.88,6,5,0.833,63000000,39000000,0.619,,34600,811101746200,23442247,20260909
361610,"SK ie technology Co., Ltd.",SK아이이테크놀로지,KOSPI,전기장비,2025,319,260,59,0.185,9.13,9.44,7.77,0.823,120000000,88000000,0.733,,17770,1453356767000,81787100,20260909
263600,"DERKWOO ELECTRONICS CO.,LTD.",덕우전자,KOSDAQ,전자부품·컴퓨터·통신장비,2025,318,237,81,0.255,3.66,4.01,2.64,0.658,54354430.38,41185185.19,0.758,,3535,56313645850,15930310,20260909
437730,"SAMHYUN CO.,LTD",삼현,KOSDAQ,자동차·트레일러,2025,316,282,34,0.108,3.01,2.93,3.7,1.263,38820244.68,20359000,0.524,,34000,1078057278000,31707567,20260909
377460,"Q AID CO., LTD.",큐에이드,KOSDAQ,수리업,2025,316,212,104,0.329,12.18,13.86,8.75,0.631,58553598.33,38160043.19,0.652,,4080,253187202960,62055687,20260909
009420,"HANALL BIOPHARMA CO.,LTD",한올바이오파마,KOSPI,의료용 물질·의약품,2025,315,211,104,0.33,15.06,15.31,14.55,0.95,87530805.69,70846153.85,0.809,,54300,2836666643400,52240638,20260909
250030,"JINCOSTECH CO.,LTD.",진코스텍,KONEX,화학물질·화학제품,2025,314,117,197,0.627,3.74,2.8,4.3,1.536,41439000,35158000,0.848,,20900,60441399700,2891933,20260909
084850,"ITM Semiconductor Co., Ltd",아이티엠반도체,KOSDAQ,전자부품·컴퓨터·통신장비,2025,314,233,81,0.258,6.66,7.2,5.1,0.708,60763948.5,44259259.26,0.728,,8350,189402498900,22682934,20260909
383930,"DT&CRO CO., Ltd.",디티앤씨알오,KOSDAQ,연구개발업,2025,314,123,191,0.608,2.97,3.18,2.84,0.893,49203252.03,46193717.28,0.939,,1567,20032728576,12784128,20260909
001070,"TAIHAN TEXTILE CO.,LTD",대한방직,KOSPI,섬유제품 제조,2025,314,252,62,0.197,11.97,12.19,11.07,0.908,59000000,51000000,0.864,,5980,31694000000,5300000,20260909
014620,"SUNG KWANG BEND CO., LTD.",성광벤드,KOSDAQ,1차 금속,2025,313,291,22,0.07,16.33,16.55,13.45,0.813,76974032.51,50276205.55,0.653,,34250,909589717000,26557364,20260909
043150,"ValueAddedTechnologyCo.,Ltd.",바텍,KOSDAQ,의료·정밀·광학기기,2025,313,240,73,0.233,6.15,6.42,5.25,0.818,59331000,44354000,0.748,,17950,266633895200,14854256,20260909
018310,"SAMMOK S-FORM CO.,LTD.",삼목에스폼,KOSDAQ,금속가공제품,2025,312,288,24,0.077,8.88,8.9,8.7,0.978,66874000,45009000,0.673,,14320,210504000000,14700000,20260909
065350,"SHINSUNG DELTA TECH CO., LTD",신성델타테크,KOSDAQ,전기장비,2025,312,241,71,0.228,8.27,8.66,6.96,0.804,64892116.18,47000000,0.724,,30350,834137821800,27483948,20260909
198940,"HANJOO LIGHT METAL CO., LTD.",한주라이트메탈,KOSDAQ,1차 금속,2025,312,301,11,0.035,8.77,8.75,9.25,1.057,65897009.97,55272727.27,0.839,,1390,27674566400,19909760,20260909
372170,"YUNSUNG F&C Co.,Ltd",윤성에프앤씨,KOSDAQ,기타 기계·장비,2025,312,281,31,0.099,4.11,4.25,2.83,0.666,67000000,47000000,0.701,,22300,177932770400,7979048,20260909
101490,S&S TECH CORPORATION,에스앤에스텍,KOSDAQ,전자부품·컴퓨터·통신장비,2025,311,270,41,0.132,5.71,6.08,3.25,0.535,61000000,45000000,0.738,,40600,866196087400,21334879,20260909
007460,"Aprogen, Inc",에이프로젠,KOSPI,의료용 물질·의약품,2025,311,174,137,0.441,5.52,6.4,4.41,0.689,56316858.51,46471528.27,0.825,,2000,49651906000,24825953,20260909
053610,"PROTEC Co., Ltd.",프로텍,KOSDAQ,기타 기계·장비,2025,310,285,25,0.081,5.66,5.6,6.3,1.125,59000000,50000000,0.847,,60800,547200000000,9000000,20260909
005950,"ISU CHEMICAL CO.,LTD",이수화학,KOSPI,화학물질·화학제품,2025,310,269,41,0.132,13.05,13.34,11.13,0.834,122412639.41,83097560.98,0.679,,12110,318422386590,26294169,20260909
009300,Sam-A Pharm. Co. Ltd,삼아제약,KOSDAQ,의료용 물질·의약품,2025,310,238,72,0.232,8.61,9,7.3,0.811,59000000,46000000,0.78,,13970,88988900000,6370000,20260909
084680,"E-WORLD CO.,LTD.",이월드,KOSPI,기타 제품 제조,2025,310,171,139,0.448,12.03,15.3,8,0.523,51629000,40246000,0.78,,532,75440894676,141806193,20260909
005870,HUNEED TECHNOLOGIES,휴니드테크놀러지스,KOSPI,전자부품·컴퓨터·통신장비,2025,310,263,47,0.152,8.56,8.4,9.45,1.125,72316844.11,48712234.04,0.674,,4510,63663227650,14116015,20260909
017180,"MYUNGMOON PHARM CO.,LTD",명문제약,KOSPI,의료용 물질·의약품,2025,309,172,137,0.443,9.45,9.55,9.32,0.976,74515000,48722000,0.654,,1306,44343210924,33953454,20260909
257720,"SILICON 2 Co.,Ltd.",실리콘투,KOSDAQ,도매·상품중개,2025,309,103,206,0.667,2.86,2.37,3.11,1.312,63148170,72092655,1.142,,44600,2924700839200,65576252,20260909
378340,"PHILENERGY CO., LTD.",필에너지,KOSDAQ,기타 기계·장비,2025,308,277,31,0.101,3.33,3.43,2.48,0.723,52000000,36000000,0.692,,12500,270548525000,21643882,20260909
252990,"SEMCNS Co., Ltd.",샘씨엔에스,KOSDAQ,전자부품·컴퓨터·통신장비,2025,307,213,94,0.306,2.82,2.98,2.46,0.826,57093896.71,45893617.02,0.804,,13330,802704460370,60217889,20260909
002210,"DONGSUNG PHARMACEUTICAL CO.,LTD",동성제약,KOSPI,의료용 물질·의약품,2025,307,174,133,0.433,6.73,6.9,6.5,0.942,48441000,35030000,0.723,,1464,141450958248,96619507,20260909
010470,ORICOM Inc,오리콤,KOSDAQ,전문서비스업,2025,306,112,194,0.634,7.43,8.7,6.7,0.77,152000000,88000000,0.579,,4810,57599990500,11975050,20260909
187220,"Dt&C Co., Ltd.",디티앤씨,KOSDAQ,건축기술·엔지니어링,2025,306,240,66,0.216,5.67,6.1,4.1,0.672,61000000,33000000,0.541,,2050,23626112650,11524933,20260909
091120,"EM-Tech.CO.,LTD.",이엠텍,KOSDAQ,전자부품·컴퓨터·통신장비,2025,306,276,30,0.098,6.99,6.95,7.32,1.053,58663043.48,43600000,0.743,,4880,83608727680,17132936,20260909
005680,"SAMYOUNG ELECTRONICS CO.,LTD",삼영전자공업,KOSPI,전자부품·컴퓨터·통신장비,2025,305,161,144,0.472,,,,,58000000,38000000,0.655,,12150,243000000000,20000000,20260909
240550,"DongBang Medical Co., Ltd.",동방메디컬,KOSDAQ,의료·정밀·광학기기,2025,305,143,162,0.531,4.77,4.33,5.15,1.189,50000000,35000000,0.7,,5750,120370155000,20933940,20260909
009320,"AJIN ELECTRONIC COMPONENTS CO.,LTD",아진전자부품,KOSPI,자동차·트레일러,2025,305,239,66,0.216,6.1,5.87,6.91,1.177,64205041.84,57242363.64,0.892,,960,47327779200,49299770,20260909
131370,"RSUPPORT Co., Ltd.",알서포트,KOSDAQ,출판업,2025,304,208,96,0.316,6.27,6.74,5.24,0.777,70000000,53000000,0.757,,1490,79367953670,53267083,20260909
000850,"HWACHEON MACHINE TOOL CO.,LTD",화천기공,KOSPI,기타 기계·장비,2025,304,298,6,0.02,14.48,14.45,15.75,1.09,83731543.62,30166666.67,0.36,,35900,78980000000,2200000,20260909
146320,"BCnC Co., Ltd.",비씨엔씨,KOSDAQ,전자부품·컴퓨터·통신장비,2025,303,249,54,0.178,4.25,4.24,4.29,1.012,50012855.42,43517462.96,0.87,,9050,115821203150,12797923,20260909
029530,"SINDOH CO.,LTD",신도리코,KOSPI,전자부품·컴퓨터·통신장비,2025,303,233,70,0.231,17.51,17.3,18.2,1.052,80127635,58668729,0.732,,39400,382799722600,9715729,20260909
083550,KM CORPORATION,케이엠,KOSDAQ,섬유제품 제조,2025,303,231,72,0.238,6.49,6.6,6.15,0.932,42831168.83,32000000,0.747,,3270,44328659550,13556165,20260909
199820,"CHEIL ELECTRIC CO.,LTD.",제일일렉트릭,KOSDAQ,전기장비,2025,303,216,87,0.287,9.68,8.78,11.92,1.358,51462962.96,44620689.66,0.867,,7620,169316400000,22220000,20260909
001340,"PKC Co., Ltd.",PKC,KOSPI,화학물질·화학제품,2025,303,278,25,0.083,7.6,7.26,11.36,1.565,84000000,60000000,0.714,,5120,230543815680,45028089,20260909
367000,"Plateer Co., Ltd.",플래티어,KOSDAQ,출판업,2025,303,201,102,0.337,4.05,4.2,3.75,0.893,64969059.7,53903235.29,0.83,,3360,28184375520,8388207,20260909
010420,"HANSOL PNS CO.,LTD.",한솔피엔에스,,도매·상품중개,2025,303,222,81,0.267,6.54,6.57,6.44,0.98,68445945.95,52888888.89,0.773,,,,,
357580,"Amosense Co., Ltd.",아모센스,KOSDAQ,전자부품·컴퓨터·통신장비,2025,302,231,71,0.235,5.76,6,5,0.833,55000000,39000000,0.709,,5370,63311021940,11789762,20260909
317870,"Envioneer Co., Ltd.",엔바이오니아,KOSDAQ,기타 제품 제조,2025,301,259,42,0.14,2.65,2.33,4.63,1.987,39463320.46,35714285.71,0.905,,5030,44474731850,8841895,20260909
267290,"KYUNGDONG CITY GAS CO.,LTD",경동도시가스,KOSPI,전기·가스·증기,2025,301,277,24,0.08,17.5,17.5,17.5,1,97735000,88540000,0.906,,22250,131172783500,5895406,20260909
281740,"Lake Materials Co., Ltd.",레이크머티리얼즈,KOSDAQ,화학물질·화학제품,2025,300,276,24,0.08,4.26,4.33,3.42,0.79,60000000,47000000,0.783,,11450,752614774600,65730548,20260909
077360,"DUKSANHIMETALCO.,LTD.",덕산하이메탈,KOSDAQ,전자부품·컴퓨터·통신장비,2025,299,270,29,0.097,4.68,4.83,3.25,0.673,73000000,57000000,0.781,,10520,477997261040,45437002,20260909
104700,KISCO Corp.,한국철강,KOSPI,1차 금속,2025,299,284,15,0.05,22.2,22.54,15.7,0.697,108000000,64000000,0.593,,9510,346639500000,36450000,20260909
066360,"Cherrybro Co.,Ltd",체리부로,KOSDAQ,식료품 제조,2025,299,186,113,0.378,6.35,6.29,6.44,1.024,48695322.58,42109389.38,0.865,,1420,34045929940,23976007,20260909
069260,"TKG Huchems Co.,Ltd.",티케이지휴켐스,KOSPI,화학물질·화학제품,2025,298,279,19,0.064,14.7,15.22,7.05,0.463,112000000,45000000,0.402,,16520,675314273760,40878588,20260909
071970,"HD-Hyundai Marine Engine Co., Ltd.",HD현대마린엔진,KOSPI,기타 기계·장비,2025,298,270,28,0.094,9.28,9.7,5.25,0.541,104200000,76250000,0.732,,52800,1791054936000,33921495,20260909
042500,"RingNet Co., Ltd.",링네트,KOSDAQ,컴퓨터 프로그래밍·SI,2025,298,278,20,0.067,5.92,5.86,6.78,1.157,66207210,49184111,0.743,,4320,96297742080,22291144,20260909
274090,Kencoa Aerospace Corporation,켄코아에어로스페이스,KOSDAQ,기타 운송장비,2025,297,264,33,0.111,5.34,5.29,5.73,1.083,49167363.64,45147666.67,0.918,,9980,137466585860,13774207,20260909
033160,MKElectron,엠케이전자,KOSDAQ,전자부품·컴퓨터·통신장비,2025,296,256,40,0.135,10.96,11,10.67,0.97,63133331,49208471,0.779,,13610,334316829380,24564058,20260909
004990,Lotte Corporation,롯데지주,KOSPI,금융업,2025,296,212,84,0.284,3.39,3.5,3.1,0.886,173000000,107000000,0.618,,24850,2476644833600,99663776,20260909
049070,"INTOPS CO., LTD.",인탑스,KOSDAQ,전자부품·컴퓨터·통신장비,2025,296,231,65,0.22,9.97,10.77,7.11,0.66,60848484.85,38046153.85,0.625,,18980,298788854000,15742300,20260909
163730,Finger Inc.,핑거,KOSDAQ,출판업,2025,295,205,90,0.305,4.64,4.7,4.5,0.957,76000000,54000000,0.711,,9290,111626010930,12015717,20260909
041930,"SY DONG-A Co., Ltd.",SY동아,KOSDAQ,고무·플라스틱,2025,295,191,104,0.353,8.23,8.35,8,0.958,57649738.22,48221173.08,0.836,,5220,79344000000,15200000,20260909
256840,"BNC KOREA, Inc.",한국비엔씨,KOSDAQ,의료용 물질·의약품,2025,295,161,134,0.454,3.4,3.63,3.13,0.862,58695652.17,38335820.9,0.653,,2730,186718038780,68394886,20260909
213420,"DUK SAN NEOLUX CO.,LTD",덕산네오룩스,KOSDAQ,전자부품·컴퓨터·통신장비,2025,294,231,63,0.214,4.47,4.6,4,0.87,60000000,51000000,0.85,,31200,774732784800,24831179,20260909
031510,"AUSTEM CO.,LTD",오스템,KOSDAQ,자동차·트레일러,2025,293,282,11,0.038,20.2,20.56,10.96,0.533,78767000,55143000,0.7,,1144,32032000000,28000000,20260909
082800,"VIVOZON PHARMACEUTICAL CO., LTD.",비보존 제약,KOSDAQ,의료용 물질·의약품,2025,292,188,104,0.356,4.64,5,4,0.8,55726000,47468000,0.852,,3030,183980587980,60719666,20260909
237820,"PlayD Co., Ltd.",플레이디,KOSDAQ,전문서비스업,2025,292,93,199,0.682,5.75,4.8,6.2,1.292,64000000,57000000,0.891,,2260,28989336400,12827140,20260909
050860,"ASIA TECHNOLOGY Co., Ltd.",아세아텍,KOSDAQ,기타 기계·장비,2025,291,271,20,0.069,10.6,11,5.11,0.465,55992000,36980000,0.66,,1703,38317500000,22500000,20260909
122690,"Seojin Automotive Co.,Ltd.",서진오토모티브,KOSDAQ,자동차·트레일러,2025,290,278,12,0.041,12.9,13.2,5.9,0.447,75000000,45000000,0.6,,1655,38196019730,23079166,20260909
091580,"SANGSINENERGYDISPLAYPRECISIONCO.,LTD",상신이디피,KOSDAQ,전기장비,2025,290,242,48,0.166,5.7,5.58,6.33,1.134,41669000,34711000,0.833,,22050,293887228950,13328219,20260909
110790,"Creas F&C Co., Ltd",크리스에프앤씨,KOSDAQ,의복 제조,2025,290,134,156,0.538,3.56,3.78,3.37,0.892,75218000,55646000,0.74,,2940,68887022400,23430960,20260909
012340,"NUIN TEK CO., LTD",뉴인텍,KOSDAQ,자동차·트레일러,2025,289,242,47,0.163,9.33,9.37,9.11,0.972,52150636.36,48735191.49,0.935,,526,11595561118,22044793,20260909
042520,HANS BIOMED CORPORATION,한스바이오메드,KOSDAQ,의료용 물질·의약품,2025,289,133,156,0.54,5.2,5.9,4.6,0.78,50670000,33770000,0.666,,21100,300914843700,14261367,20260909
130580,"NICE D&B CO., LTD.",나이스디앤비,KOSDAQ,사업시설 관리,2025,288,153,135,0.469,6.05,6.1,6,0.984,82000000,64000000,0.78,,6370,98098000000,15400000,20260909
200780,"BCWORLDPHARM Co., Ltd.",비씨월드제약,KOSDAQ,의료용 물질·의약품,2025,288,152,136,0.472,5.18,4.8,5.6,1.167,47027000,33590000,0.714,,3020,32210296220,10665661,20260909
001270,"BOOKOOK SECURITIES CO.,LTD",부국증권,KOSPI,금융·보험 관련 서비스,2025,288,215,73,0.253,6.96,7.33,5.88,0.802,263342000,74629273.97,0.283,,49700,515383334200,10369886,20260909
009770,"SAM JUNG PULP CO.,LTD.",삼정펄프,KOSPI,펄프·종이 제조,2025,287,258,29,0.101,7.6,8,4,0.5,60000000,55000000,0.917,,27950,69874189450,2499971,20260909
440110,FADU INC.,파두,KOSDAQ,전자부품·컴퓨터·통신장비,2025,287,224,63,0.22,3.58,3.57,3.62,1.014,130812500,73539682.54,0.562,,74400,3728260408800,50111027,20260909
123700,"SJM CO.,LTD",에스제이엠,KOSPI,자동차·트레일러,2025,287,278,9,0.031,23.16,23.36,16.91,0.724,91135374.1,63968444.44,0.702,,3435,53602824630,15604898,20260909
000800,KEANGNAM ENTERPRISES LTD,경남기업,,종합 건설,2025,287,263,24,0.084,10.71,11.2,5.38,0.48,89505703.42,51500000,0.575,,,,,
046940,"Woowon Development Co., Ltd.",우원개발,KOSDAQ,전문직별 공사,2025,286,278,8,0.028,6.72,6.8,4.1,0.603,76622000,43728000,0.571,,2880,52054128000,18074350,20260909
129920,"Daesung Hi-Tech Co., Ltd.",대성하이텍,KOSDAQ,기타 기계·장비,2025,286,247,39,0.136,8.59,9,6,0.667,62003000,43669000,0.704,,4975,80837262600,16248696,20260909
013120,DongwonDevelopment,동원개발,KOSDAQ,종합 건설,2025,286,265,21,0.073,6.78,7,4,0.571,72000000,45000000,0.625,,2145,194783374500,90808100,20260909
372800,ITEYES Inc.,아이티아이즈,KOSDAQ,출판업,2025,286,213,73,0.255,3.85,4.08,3.17,0.777,67618711,43822214,0.648,,2950,20759707550,7037189,20260909
175250,Icure Pharmaceutical Incorporation,아이큐어,KOSDAQ,화학물질·화학제품,2025,286,126,160,0.559,2.73,2.83,2.66,0.94,12188920.63,9551031.25,0.784,,1791,67267037088,37558368,20260909
075180,SAERONAUTOMOTIVE CORPORRATION,새론오토모티브,KOSPI,자동차·트레일러,2025,286,272,14,0.049,13.82,14.4,2.5,0.174,80932000,44123000,0.545,,2970,57024000000,19200000,20260909
023760,"Han Kook Capital Co., Ltd.",한국캐피탈,KOSDAQ,금융업,2025,285,178,107,0.375,6.49,7.5,4.8,0.64,108760000,60298000,0.554,,1403,221400117564,157804788,20260909
023600,"SAMBO CORRUGATED BOARD CO.,LTD.",삼보판지,KOSDAQ,펄프·종이 제조,2025,284,280,4,0.014,7.66,7.67,7.17,,60118000,42478000,,fewer than 5 of one sex,9210,147436443000,16008300,20260909
032300,"KOREA PHARMA Co., Ltd.",한국파마,KOSDAQ,의료용 물질·의약품,2025,284,186,98,0.345,8.49,8,9.42,1.178,76395000,50865000,0.666,,7710,84090664710,10906701,20260909
008260,"NI STEEL CO.,LTD",NI스틸,KOSPI,1차 금속,2025,283,244,39,0.138,8.32,8.65,6.25,0.723,73029000,46343000,0.635,,3460,98956404820,28600117,20260909
138080,"OE Solutions Co., Ltd.",오이솔루션,KOSDAQ,전자부품·컴퓨터·통신장비,2025,283,155,128,0.452,7.06,8.08,5.83,0.722,55843000,37569000,0.673,,24000,297066192000,12377758,20260909
206560,"Dexter studios Co., Ltd.",덱스터,KOSDAQ,영상·오디오 제작,2025,283,140,143,0.505,4.63,4.98,4.28,0.859,52942857.14,42741258.74,0.807,,941,23912443576,25411736,20260909
010660,"HWACHEON MACHINERY CO.,LTD",화천기계,KOSPI,기타 기계·장비,2025,282,251,31,0.11,14.08,14.71,8.95,0.608,82275000,56089000,0.682,,3270,71940000000,22000000,20260909
075580,"SEJIN HEAVY INDUSTRIES CO., LTD.",세진중공업,KOSPI,기타 운송장비,2025,282,265,17,0.06,6.07,6.2,4,0.645,61894000,46956000,0.759,,10450,594076815200,56849456,20260909
002310,"ASIA PAPER MANUFACTURING CO.,LTD",아세아제지,KOSPI,펄프·종이 제조,2025,281,271,10,0.036,14.28,14,22,1.571,79000000,67000000,0.848,,8650,341238261500,39449510,20260909
150900,"FASOO AI Co.,Ltd.",파수AI,KOSDAQ,출판업,2025,281,189,92,0.327,6.76,7.38,5.49,0.744,69470899.47,55086956.52,0.793,,3500,40963727000,11703922,20260909
488900,"Vitzro Nextech Co., LTD",비츠로넥스텍,KOSDAQ,기타 운송장비,2025,281,254,27,0.096,6.29,6.71,2.37,0.353,59964566.93,28037037.04,0.468,,10060,291503016580,28976443,20260909
025770,KoreaInformation&Communication,한국정보통신,KOSDAQ,통신업,2025,281,207,74,0.263,9.89,11,6.8,0.618,133628000,77375000,0.579,,8020,300303053420,37444271,20260909
002710,TCC STEEL,TCC스틸,KOSPI,1차 금속,2025,281,266,15,0.053,16.39,17,5.6,0.329,98000000,49000000,0.5,,12020,315088637940,26213697,20260909
020120,"KidariStudio, Inc.",키다리스튜디오,KOSPI,정보서비스업,2025,281,96,185,0.658,2.97,2.8,3.06,1.093,67128156.25,45493156.76,0.678,,7960,295027577360,37063766,20260909
080520,ODTech,오디텍,KOSDAQ,전자부품·컴퓨터·통신장비,2025,280,146,134,0.479,7.7,7.7,7.7,1,35000000,32000000,0.914,,2810,31815991770,11322417,20260909
065510,"Huvitz Co., Ltd.",휴비츠,KOSDAQ,의료·정밀·광학기기,2025,280,233,47,0.168,7.52,7.95,5.36,0.674,74557939.91,52723404.26,0.707,,6930,75383812350,10877895,20260909
0015G0,"Green Optics Co.,Ltd.",그린광학,KOSDAQ,,2025,280,226,54,0.193,4.93,5.25,3.58,0.682,53000000,39000000,0.736,,14650,171442225650,11702541,20260909
002170,SYTS Corp.,SYTS,KOSPI,가죽·신발 제조,2025,279,199,80,0.287,5.58,5.25,6.39,1.217,55822000,44823000,0.803,,53000,159000000000,3000000,20260909
032620,GC MediAI Corporation,GC메디아이,KOSDAQ,출판업,2025,279,156,123,0.441,7.21,8.47,5.62,0.664,71832628.21,49828487.8,0.694,,3055,159462259645,52197139,20260909
000650,"CHUNIL EXPRESS CO.,LTD",천일고속,KOSPI,육상운송,2025,279,266,13,0.047,9.83,10.02,5.93,0.592,60000000,28000000,0.467,,143700,205378914000,1429220,20260909
334970,"Prestige Biologics Co., Ltd.",프레스티지바이오로직스,KOSDAQ,의료용 물질·의약품,2025,279,138,141,0.505,2.11,2.28,1.95,0.855,47351434.78,37135234.04,0.784,,1687,131168698619,77752637,20260909
009680,MOTONIC CORPORATION,모토닉,KOSPI,자동차·트레일러,2025,278,262,16,0.058,19.78,20.42,9.25,0.453,72121000,45936000,0.637,,10370,225372184780,21733094,20260909
018290,"VT Co., Ltd.",브이티,KOSDAQ,화학물질·화학제품,2025,277,44,233,0.841,2.25,4.5,1.83,0.407,71000000,43000000,0.606,,11970,418253800860,34941838,20260909
457190,"ISU SPECIALTY CHEMICAL CO., LTD.",이수스페셜티케미컬,KOSPI,화학물질·화학제품,2025,277,245,32,0.116,2.21,2.2,2.27,1.032,95702040.82,77718750,0.812,,68100,2057905183200,30218872,20260909
208860,"DASAN DMC Co., Ltd.",다산디엠씨,KOSDAQ,출판업,2025,277,209,68,0.245,0.54,0.62,0.28,0.452,17636363.64,9911764.71,0.562,,1303,44236814819,33949973,20260909
263690,DRGEM CORPORATION,디알젬,KOSDAQ,의료·정밀·광학기기,2025,276,217,59,0.214,4.41,4.51,4.05,0.898,60806451.61,43694915.25,0.719,,4990,56514793900,11325610,20260909
023000,"SAMWONSTEEL Co.,Ltd.",삼원강재,KOSPI,자동차·트레일러,2025,276,271,5,0.018,19.04,19.3,4.9,0.254,102000000,44000000,0.431,,2190,87030503640,39739956,20260909
005810,POONGSAN HOLDINGS CORPORATION,풍산홀딩스,KOSPI,금융업,2025,276,260,16,0.058,15.92,16.16,12,0.743,92495642.31,78358375,0.847,,37400,539206720800,14417292,20260909
148150,"Se Gyung Hi Tech Co., Ltd.",세경하이테크,KOSDAQ,전자부품·컴퓨터·통신장비,2025,275,226,49,0.178,4.43,4.2,5.5,1.31,54000000,42000000,0.778,,4150,147502694700,35542818,20260909
006140,"PJ ELECTRONICS CO., LTD.",피제이전자,KOSDAQ,의료·정밀·광학기기,2025,275,184,91,0.331,5.77,5.7,5.9,1.035,44000000,36000000,0.818,,4685,69642525000,14865000,20260909
351870,"Chai Communication Co., LTD.",차이커뮤니케이션,KOSDAQ,전문서비스업,2025,275,103,172,0.625,3.44,4.49,2.81,0.626,63579000,45011000,0.708,,2400,26785540800,11160642,20260909
025000,"KPX CHEMICAL CO., LTD.",KPX케미칼,KOSPI,화학물질·화학제품,2025,275,244,31,0.113,15.1,15.75,10,0.635,83741000,51825000,0.619,,53900,236012415100,4378709,20260909
271940,"ILJIN HYSOLUS Co., Ltd.",일진하이솔루스,KOSPI,기타 운송장비,2025,275,261,14,0.051,4.57,4.52,5.48,1.212,48068965.52,42357142.86,0.881,,11880,431400697200,36313190,20260909
026960,DONG SUH COMPANIES INC.,동서,KOSPI,도매·상품중개,2025,275,234,41,0.149,16.34,17.55,9.43,0.537,91605000,56220000,0.614,,25600,2552320000000,99700000,20260909
446540,"Megatouch Co., Ltd",메가터치,KOSDAQ,전기장비,2025,275,156,119,0.433,4.1,3.56,4.81,1.351,46243589.74,42084033.61,0.91,,7910,230015768010,29079111,20260909
052330,KORTEK CORPORATION,코텍,KOSDAQ,전자부품·컴퓨터·통신장비,2025,274,236,38,0.139,9.32,9.58,7.67,0.801,81000000,48000000,0.593,,11560,205323968840,17761589,20260909
425420,"TFE Co., Ltd.",티에프이,KOSDAQ,전자부품·컴퓨터·통신장비,2025,274,194,80,0.292,3.96,4.4,2.9,0.659,54000000,29000000,0.537,,53400,659339465400,12347181,20260909
480370,"CK SOLUTION Co., Ltd.",씨케이솔루션,KOSPI,기타 기계·장비,2025,274,238,36,0.131,2.44,2.45,2.34,0.955,69252100.84,47194444.44,0.681,,1619,52587399552,32481408,20260909
011760,HYUNDAI CORPORATION,현대코퍼레이션,KOSPI,도매·상품중개,2025,273,206,67,0.245,9.89,8.83,13.15,1.489,129262135.92,80462686.57,0.622,,25900,342630219400,13228966,20260909
064260,"DANAL CO., LTD.",다날,KOSDAQ,출판업,2025,273,140,133,0.487,4.15,4.59,3.68,0.802,71376000,46698000,0.654,,5120,387304739840,75645457,20260909
127710,"The Asia Business Daily Co., Ltd.",아시아경제,KOSDAQ,정보서비스업,2025,273,154,119,0.436,8.56,9,8,0.889,81196636.36,60519529.41,0.745,,1035,45590932350,44049210,20260909
009180,"Hansol Logistics CO., Ltd",한솔로지스틱스,KOSPI,창고·운송 관련,2025,273,187,86,0.315,8.26,8.5,7.75,0.912,60000000,46000000,0.767,,2760,77710077000,28155825,20260909
195500,Maniker F&G,마니커에프앤지,KOSDAQ,식료품 제조,2025,273,98,175,0.641,4.05,5.43,3.27,0.602,54401081.63,41401600,0.761,,1728,27609984000,15978000,20260909
049480,"Openbase, Inc.",오픈베이스,KOSDAQ,컴퓨터 프로그래밍·SI,2025,272,233,39,0.143,6.06,6.3,4.6,0.73,68000000,48000000,0.706,,1824,57314426592,31422383,20260909
045300,SUNGWOO TECHRON COMPANY,성우테크론,KOSDAQ,전자부품·컴퓨터·통신장비,2025,272,170,102,0.375,9.19,11.6,5.16,0.445,52118200,32511941.18,0.624,,2635,27791376620,10547012,20260909
048910,"DAEWON MEDIA CO.,LTD.",대원미디어,KOSDAQ,도매·상품중개,2025,272,95,177,0.651,4.88,6.7,3.9,0.582,50246000,41957000,0.835,,6660,83775780360,12578946,20260909
037070,PASECO CO.LTD,파세코,KOSDAQ,전기장비,2025,272,163,109,0.401,9.14,9.9,8,0.808,60170000,40481000,0.673,,5980,119600000000,20000000,20260909
328130,Lunit Inc.,루닛,KOSDAQ,출판업,2025,272,144,128,0.471,3.27,3.58,2.92,0.816,109388888.89,75039062.5,0.686,,8630,642574093400,74458180,20260909
326030,"SK biopharmaceuticals Co., Ltd.",에스케이바이오팜,KOSPI,연구개발업,2025,272,136,136,0.5,6.25,6.7,5.8,0.866,121000000,97000000,0.802,,83800,6562650350000,78313250,20260909
070080,"SAMBOAUTO. Co., Ltd",삼보오토,,자동차·트레일러,2025,272,219,53,0.195,7,7.7,4.1,0.532,50000000,42000000,0.84,,,,,
002720,"Kukje Pharma Co., Ltd.",국제약품,KOSPI,의료용 물질·의약품,2025,272,159,113,0.415,12.38,12.5,12.2,0.976,81000000,51000000,0.63,,3325,70356441400,21159832,20260909
014580,"TAEKYUNG BK CO.,LTD.",태경비케이,KOSPI,비금속 광물제품,2025,271,237,34,0.125,11.46,11.78,9.26,0.786,65692809,48147677,0.733,,3815,105229526500,27583100,20260909
001250,GS Global Corp.,GS글로벌,KOSPI,도매·상품중개,2025,271,190,81,0.299,10.63,10.9,10,0.917,123000000,62000000,0.504,,2640,217889136960,82533764,20260909
0013V0,"Samjinfood Co., Ltd.",삼진식품,KOSDAQ,,2025,271,113,158,0.583,4.63,4.84,4.48,0.926,58463052.16,39558267.32,0.677,,5020,49791653120,9918656,20260909
101970,"WOOYANG HC CO.,LTD.",우양에이치씨,KOSDAQ,금속가공제품,2025,270,249,21,0.078,10.61,10.58,10.92,1.032,68281771.08,48977904.76,0.717,,10360,153224493240,14790009,20260909
067570,NVH KOREA INC.,엔브이에이치코리아,KOSDAQ,자동차·트레일러,2025,270,245,25,0.093,10.07,10.48,6.07,0.579,92752000,66164000,0.713,,1678,70761260000,42170000,20260909
490470,SemiFive Inc.,세미파이브,KOSDAQ,건축기술·엔지니어링,2025,270,200,70,0.259,3.63,3.67,3.5,0.954,114000000,78000000,0.684,,15860,539643478400,34025440,20260909
092300,"HYUNWOOINDUSTRIALCO.,LTD",현우산업,KOSDAQ,전자부품·컴퓨터·통신장비,2025,269,192,77,0.286,7.17,7.2,7.1,0.986,54044000,45082000,0.834,,2490,50173178790,20149871,20260909
056700,SHINWHA INTERTEK CORP.,신화인터텍,KOSDAQ,고무·플라스틱,2025,269,218,51,0.19,7.74,8.2,5.8,0.707,64244000,48925000,0.762,,1423,41459234493,29135091,20260909
277880,"TSI Co., Ltd.",티에스아이,KOSDAQ,기타 기계·장비,2025,269,235,34,0.126,3.16,3.23,2.71,0.839,68000000,55000000,0.809,,3620,71832427440,19843212,20260909
008270,KDB CAPITAL CORPORATION,산은캐피탈,,금융업,2025,269,174,95,0.353,12.13,11.38,13.5,1.186,134827586.21,96000000,0.712,,,,,
388210,"CMTX Co.,Ltd.",씨엠티엑스,KOSDAQ,전자부품·컴퓨터·통신장비,2025,269,219,50,0.186,1.8,1.75,2,1.143,59000000,49000000,0.831,,73700,711532080600,9654438,20260909
078890,"KAON Group Co., Ltd.",가온그룹,KOSDAQ,전자부품·컴퓨터·통신장비,2025,267,225,42,0.157,4.92,5.08,4.08,0.803,79000000,46000000,0.582,,4300,79227254900,18424943,20260909
040910,"ICD Co.,Ltd",아이씨디,KOSDAQ,기타 기계·장비,2025,267,248,19,0.071,8.07,8.36,4.34,0.519,66000000,43000000,0.652,,4365,79330710375,18174275,20260909
090470,JAS Robotics Inc.,제이스로보틱스,KOSDAQ,기타 기계·장비,2025,267,244,23,0.086,7.8,8,5.7,0.713,63000000,41000000,0.651,,4395,76809630630,17476594,20260909
238490,"HIMS CO., LTD.",힘스,KOSDAQ,기타 기계·장비,2025,266,235,31,0.117,6.64,6.7,6.2,0.925,62611000,50933000,0.813,,2420,27375611120,11312236,20260909
356890,"CyberOne Co., Ltd.",싸이버원,KOSDAQ,출판업,2025,265,208,57,0.215,3.61,3.75,3.08,0.821,45000000,37000000,0.822,,2330,27852412250,11953825,20260909
003010,HAEIN CORPORATION,혜인,KOSPI,도매·상품중개,2025,264,228,36,0.136,12.64,12.75,11.92,0.935,68000000,54000000,0.794,,8760,111363663720,12712747,20260909
445090,"ASICLAND Co.,Ltd",에이직랜드,KOSDAQ,전자부품·컴퓨터·통신장비,2025,264,197,67,0.254,3.48,3.58,3.17,0.885,74000000,58000000,0.784,,21150,231077666700,10925658,20260909
204270,"JNTC CO.,LTD.",제이앤티씨,KOSDAQ,전자부품·컴퓨터·통신장비,2025,264,214,50,0.189,9.84,9.24,12.4,1.342,59051401.87,42400000,0.718,,21200,1226387479200,57848466,20260909
008830,DaedongGear,대동기어,KOSDAQ,기타 기계·장비,2025,264,253,11,0.042,7.72,7.84,4.88,0.622,79055000,45850000,0.58,,6560,125833368960,19181916,20260909
053580,WebCash Corporation,웹케시,KOSDAQ,출판업,2025,264,179,85,0.322,8.72,9.58,6.92,0.722,65000000,49000000,0.754,,7090,91846951240,12954436,20260909
084730,ThinkwareSystemsCorporation,팅크웨어,KOSDAQ,전자부품·컴퓨터·통신장비,2025,263,213,50,0.19,5.9,6.5,3.33,0.512,52000000,42000000,0.808,,6450,71655784800,11109424,20260909
282880,"COWINTECH Co., Ltd",코윈테크,KOSDAQ,기타 기계·장비,2025,263,240,23,0.087,3.83,4,2,0.5,66000000,43000000,0.652,,10140,118577991480,11694082,20260909
289010,"i-Scream Edu Co., Ltd.",아이스크림에듀,KOSDAQ,출판업,2025,263,102,161,0.612,5.09,5.4,4.9,0.907,60000000,45000000,0.75,,918,12801745008,13945256,20260909
160190,"HIGEN RNM CO., LTD",하이젠알앤엠,KOSDAQ,전기장비,2025,262,242,20,0.076,11.79,12.36,4.86,0.393,79104268.6,39098250,0.494,,22400,691891200000,30888000,20260909
443250,RevuCorporation Inc,레뷰코퍼레이션,KOSDAQ,전문서비스업,2025,262,116,146,0.557,4.49,4.96,4.12,0.831,58631000,38195000,0.651,,5720,61832153240,10809817,20260909
399720,"GAONCHIPS CO., LTD.",가온칩스,KOSDAQ,전자부품·컴퓨터·통신장비,2025,261,213,48,0.184,3.84,3.89,3.61,0.928,84000000,61000000,0.726,,42700,506372638800,11858844,20260909
171090,"SUNIC SYSTEM Co., Ltd.",선익시스템,KOSDAQ,기타 기계·장비,2025,261,231,30,0.115,5.67,5.77,4.87,0.844,77000000,48000000,0.623,,68100,689691330600,10127626,20260909
017250,IntermCorporation,인터엠,KOSDAQ,전자부품·컴퓨터·통신장비,2025,261,154,107,0.41,9.33,9.9,8.5,0.859,47790000,37681000,0.788,,1045,21992513015,21045467,20260909
044340,WINIX INC.,위닉스,KOSDAQ,전기장비,2025,261,197,64,0.245,8.85,8.58,9.67,1.127,68754000,50587000,0.736,,3135,56033187375,17873425,20260909
119830,"ITEK, Inc.",아이텍,KOSDAQ,기타 과학기술 서비스,2025,260,163,97,0.373,5.45,5.3,5.7,1.075,53000000,43000000,0.811,,6040,160292757440,26538536,20260909
011330,"UNICHEM CO.,LTD",유니켐,KOSPI,자동차·트레일러,2025,260,135,125,0.481,4.57,5,4.1,0.82,47000000,31000000,0.66,,4290,42980579070,10018783,20260909
028100,Dong-Ah Geological Engineering Company LTD.,동아지질,KOSPI,전문직별 공사,2025,260,243,17,0.065,12.86,13.28,6.88,0.518,79962962.96,48235294.12,0.603,,17790,199641461430,11222117,20260909
084870,"TBH GLOBAL CO.,LTD",티비에이치글로벌,KOSPI,의복 제조,2025,259,119,140,0.541,8.11,9.59,6.85,0.714,47427840.34,39055821.43,0.823,,2165,44292124240,20458256,20260909
014710,"SAJO SEA FOOD CO.,LTD",사조씨푸드,KOSPI,식료품 제조,2025,259,192,67,0.259,6.88,7.2,5.97,0.829,52532432.29,36695044.78,0.699,,10540,181483443220,17218543,20260909
088800,Ace Technologies Corp.,에이스테크,KOSDAQ,전자부품·컴퓨터·통신장비,2025,259,183,76,0.293,5.89,7.05,3.09,0.438,37000000,15000000,0.405,,1821,137497216314,75506434,20260909
016800,FURSYS INC,퍼시스,KOSPI,가구 제조,2025,259,144,115,0.444,8.19,9.27,6.83,0.737,51951796.3,41035150.3,0.79,,27400,315100000000,11500000,20260909
393210,"TOMATOSYSTEM Co., Ltd.",토마토시스템,KOSDAQ,출판업,2025,259,160,99,0.382,5.01,5.17,4.75,0.919,54000000,50000000,0.926,,2225,34742360400,15614544,20260909
272110,"KnJ Co.,Ltd.",케이엔제이,KOSDAQ,전자부품·컴퓨터·통신장비,2025,259,221,38,0.147,3.05,3.2,2.2,0.688,54000000,41000000,0.759,,25250,202641223750,8025395,20260909
299030,"HANA TECHNOLOGY CO.,LTD.",하나기술,KOSDAQ,기타 기계·장비,2025,258,232,26,0.101,4.13,4.17,3.75,0.899,70000000,56000000,0.8,,14620,116885584200,7994910,20260909
021040,dhSteel,대호특수강,KOSDAQ,1차 금속,2025,258,243,15,0.058,12.95,13.45,4.87,0.362,79190440.33,41343866.67,0.522,,955,20728059170,21704774,20260909
048770,TPC Robotics Corporation,TPC로보틱스,KOSDAQ,기타 기계·장비,2025,258,229,29,0.112,10.23,10.07,11.5,1.142,55219000,48485000,0.878,,4435,69620590085,15697991,20260909
053290,"NE Neungyule, Inc.",NE능률,KOSDAQ,출판업,2025,258,76,182,0.705,7.09,7.8,6.8,0.872,60000000,49000000,0.817,,1630,26937880410,16526307,20260909
034830,"Korea Real Estate Investment & Trust Co., Ltd",한국토지신탁,KOSPI,금융업,2025,258,201,57,0.221,7.82,7.4,9.3,1.257,131000000,98000000,0.748,,1172,295917377560,252489230,20260909
145170,Nobland International Inc.,노브랜드,KOSDAQ,의복 제조,2025,258,116,142,0.55,7.39,7.67,7.17,0.935,67000000,56000000,0.836,,2785,47089907925,16908405,20260909
048430,"YURA TECH. CO., LTD.",유라테크,KOSDAQ,전기장비,2025,257,215,42,0.163,12.38,12.5,11.75,0.94,77363000,66890000,0.865,,6270,72230400000,11520000,20260909
168360,PEMTRON Corporation,펨트론,KOSDAQ,기타 기계·장비,2025,257,219,38,0.148,5.01,5.1,4.5,0.882,53000000,41000000,0.774,,13170,294909975690,22392557,20260909
005420,"COSMOCHEMICALCO.,LTD",코스모화학,KOSPI,화학물질·화학제품,2025,257,238,19,0.074,,,,,97000000,48000000,0.495,,10850,416729273800,38408228,20260909
169330,"Macromill Embrain Co., Ltd.",엠브레인,KOSDAQ,전문서비스업,2025,256,76,180,0.703,5.17,7.39,4.23,0.572,66868421.05,46450000,0.695,,1300,23811993400,18316918,20260909
234100,"Sewon Co.,Ltd",폴라리스세원,KOSDAQ,자동차·트레일러,2025,256,162,94,0.367,5.32,5.17,5.58,1.079,48000000,40000000,0.833,,2785,40665556260,14601636,20260909
216050,"Incross Co.,Ltd.",인크로스,KOSDAQ,전문서비스업,2025,255,122,133,0.522,4.68,4.6,4.76,1.035,61704311.48,50786225.56,0.823,,5030,61359068660,12198622,20260909
126640,"HWASHIN PRECISION CO., LTD.",화신정공,KOSDAQ,자동차·트레일러,2025,255,245,10,0.039,10.49,10.6,7.9,0.745,85000000,59000000,0.694,,4410,154596563100,35055910,20260909
454910,Doosan Robotics Inc.,두산로보틱스,KOSPI,기타 기계·장비,2025,255,200,55,0.216,3.85,4,3.3,0.825,76000000,59000000,0.776,,72400,4692966552000,64819980,20260909
256150,"Handok Clean Tech Co., Ltd.",한독크린텍,KOSDAQ,기타 기계·장비,2025,254,172,82,0.323,5.19,4.95,5.69,1.149,50463587.21,41300926.83,0.818,,4755,39918225000,8395000,20260909
260870,SK Signet Inc.,SK시그넷,KONEX,전기장비,2025,254,208,46,0.181,3.49,3.5,3.42,0.977,69125000,50015000,0.724,,8050,183382099250,22780385,20260909
331740,"Autocrypt Co., Ltd.",아우토크립트,KOSDAQ,출판업,2025,254,196,58,0.228,2.6,2.67,2.35,0.88,59153061.22,41689655.17,0.705,,6390,62308832490,9750991,20260909
462350,"INNOSPACE Co., Ltd.",이노스페이스,KOSDAQ,기타 운송장비,2025,253,210,43,0.17,2.25,2.31,1.93,0.835,63000000,50000000,0.794,,6000,203289432000,33881572,20260909
322180,"LS THiRA-UTECH CO.,LTD",LS티라유텍,KOSDAQ,출판업,2025,253,212,41,0.162,5.11,5.24,4.46,0.851,68768528.3,50423560.98,0.733,,3995,85876943470,21496106,20260909
373170,"MICUBE SOLUTION, INC.",엠아이큐브솔루션,KOSDAQ,출판업,2025,253,201,52,0.206,4.17,4.17,4.17,1,59867000,45070000,0.753,,2065,31209976350,15113790,20260909
043650,"KOOK SOON DANG CO.,LTD",국순당,KOSDAQ,음료 제조,2025,252,181,71,0.282,11.67,12.92,8.5,0.658,57000000,43000000,0.754,,3790,67682972160,17858304,20260909
009460,"HANCHANG PAPER CO.,LTD",한창제지,KOSPI,펄프·종이 제조,2025,252,237,15,0.06,13.98,14.16,11.1,0.784,59329113.92,41000000,0.691,,2715,33502247490,12339686,20260909
007980,TP Inc.,TP,KOSPI,의복 제조,2025,252,111,141,0.56,8.96,10.17,8,0.787,46987000,56050000,1.193,,1699,79678597650,46897350,20260909
236200,Suprema Inc.,슈프리마,KOSDAQ,전자부품·컴퓨터·통신장비,2025,251,192,59,0.235,5.02,5.33,4,0.75,83000000,59000000,0.711,,50000,348715550000,6974311,20260909
066130,HAATZ Inc.,하츠,KOSDAQ,전기장비,2025,251,210,41,0.163,9.77,10.03,8.42,0.839,62000000,49000000,0.79,,3410,43648000000,12800000,20260909
104460,"DYPNF CO.,LTD",디와이피엔에프,KOSDAQ,기타 기계·장비,2025,251,207,44,0.175,4.76,4.83,4.42,0.915,79024000,49123000,0.622,,7290,76676956290,10518101,20260909
065370,"WISE iTech Co., Ltd.",위세아이텍,KOSDAQ,출판업,2025,251,185,66,0.263,4.47,4.43,4.6,1.038,47029000,40756000,0.867,,3020,22299541080,7383954,20260909
002820,"SUN&L CO.,LTD",SUN&L,KOSPI,고무·플라스틱,2025,251,140,111,0.442,7.81,6.98,8.85,1.268,51457142.86,45981981.98,0.894,,1562,18842724648,12063204,20260909
064290,"INTEKPLUS CO., LTD",인텍플러스,KOSDAQ,기타 기계·장비,2025,251,231,20,0.08,7.83,8,5.83,0.729,59000000,39000000,0.661,,44950,582443131100,12957578,20260909
289220,GIANTSTEP Inc.,자이언트스텝,KOSDAQ,영상·오디오 제작,2025,251,131,120,0.478,3.56,4.09,2.98,0.729,57900763.36,44983333.33,0.777,,1008,22490718768,22312221,20260909
475040,"StradVision, Inc.",스트라드비젼,KOSDAQ,출판업,2025,251,194,57,0.227,4.08,4.23,3.55,0.839,101288659.79,54298245.61,0.536,,3325,178969195650,53825322,20260909
336570,"WON TECH CO.,Ltd.",원텍,KOSDAQ,의료·정밀·광학기기,2025,250,179,71,0.284,4.47,4.92,3.33,0.677,59000000,49000000,0.831,,4940,441046391240,89280646,20260909
263800,"Datasolution, Inc.",데이타솔루션,KOSDAQ,도매·상품중개,2025,250,161,89,0.356,5.01,5.25,4.58,0.872,65898000,49112000,0.745,,4700,76259286000,16225380,20260909
017370,"WOOSHIN SYSTEMS CO.,LTD",우신시스템,KOSPI,기타 기계·장비,2025,250,215,35,0.14,10.86,11.06,9.66,0.873,64894600,48440142.86,0.746,,3550,65014891700,18314054,20260909
131030,"OPTUS Pharmaceutical Co., Ltd.",옵투스제약,KOSDAQ,의료용 물질·의약품,2025,250,149,101,0.404,3.98,3.98,3.98,1,59000000,47000000,0.797,,5740,101291426600,17646590,20260909
092070,"DNFCo.,Ltd.",디엔에프,KOSDAQ,화학물질·화학제품,2025,250,231,19,0.076,10.02,10.29,6.68,0.649,64646333.33,51417421.05,0.795,,12280,142102416240,11571858,20260909
010170,"TAIHAN Fiberoptics Co.,LTD",대한광통신,KOSDAQ,전기장비,2025,250,217,33,0.132,5.96,6.03,5.49,0.91,61423963.13,50636363.64,0.824,,14960,2326065473600,155485660,20260909
081180,"SEC co.,ltd.",쎄크,KOSDAQ,기타 기계·장비,2025,249,220,29,0.116,4.7,4.59,5.55,1.209,49362669,39285178,0.796,,5660,49952528100,8825535,20260909
377450,"REFINE Co., Ltd.",리파인,KOSDAQ,정보서비스업,2025,249,106,143,0.574,5.34,4.67,5.83,1.248,59922000,47706000,0.796,,16940,293570200000,17330000,20260909
077500,UNIQUEST COPORATION,유니퀘스트,KOSPI,도매·상품중개,2025,248,190,58,0.234,6.63,7.25,4.58,0.632,85000000,60000000,0.706,,7040,152064718080,21600102,20260909
000220,"Yuyu Pharma, Inc.",유유제약,KOSPI,의료용 물질·의약품,2025,248,160,88,0.355,5.85,6.6,4.5,0.682,68000000,49000000,0.721,,3955,62281212210,15747462,20260909
003350,"HANKOOK COSMETICS MANUFACTURING CO.,LTD",한국화장품제조,KOSPI,화학물질·화학제품,2025,247,155,92,0.372,7.39,7.42,7.33,0.988,72000000,58000000,0.806,,13340,302284400000,22660000,20260909
057540,"OmnisystemCo.,Ltd",옴니시스템,KOSDAQ,의료·정밀·광학기기,2025,247,166,81,0.328,7.3,7.64,6.61,0.865,52692012.8,37737349.14,0.716,,597,35458377996,59394268,20260909
114840,"iFamilySC Co,. Ltd.",아이패밀리에스씨,KOSDAQ,화학물질·화학제품,2025,247,34,213,0.862,3.9,6.42,3.5,0.545,108000000,55000000,0.509,,8850,147630257250,16681385,20260909
065450,"VICTEK. Co., Ltd.",빅텍,KOSDAQ,의료·정밀·광학기기,2025,247,208,39,0.158,8.72,9.55,4.29,0.449,56254807.69,33589743.59,0.597,,2810,82883206430,29495803,20260909
134580,"Topco Media Co.,Ltd.",탑코미디어,KOSDAQ,정보서비스업,2025,247,132,115,0.466,0.73,0.66,0.81,1.227,35892840.91,31497086.96,0.878,,3670,180909526830,49294149,20260909
071280,RORZE SYSTEMS CORPORATION,로체시스템즈,KOSDAQ,기타 기계·장비,2025,246,236,10,0.041,8.56,8.64,6.6,0.764,66747000,53635000,0.804,,7010,107229187030,15296603,20260909
219130,"TIGER ELEC CO.,LTD.",타이거일렉,KOSDAQ,전자부품·컴퓨터·통신장비,2025,246,198,48,0.195,4.42,4.42,4.42,1,49946000,41995000,0.841,,67300,424951717000,6314290,20260909
071200,"INFINITT Healthcare Co., Ltd.",인피니트헬스케어,KOSDAQ,출판업,2025,246,194,52,0.211,10.68,11.1,9.1,0.82,60000000,42000000,0.7,,8720,212737113760,24396458,20260909
095190,"SHINHWAPRITECH CO., LTD.",신화프리텍,KOSDAQ,금속가공제품,2025,245,228,17,0.069,6.91,7.1,4.4,0.62,61000000,43000000,0.705,,1871,122102324402,65260462,20260909
458650,"SUNGWOO CO., LTD",성우,KOSDAQ,전기장비,2025,245,171,74,0.302,5.8,6.12,5.06,0.827,55555555.56,35243243.24,0.634,,7860,118258966200,15045670,20260909
101360,"Eco&Dream Co., Ltd.",에코앤드림,KOSDAQ,전기장비,2025,245,220,25,0.102,2.49,2.3,4.2,1.826,38000000,36000000,0.947,,8550,152071274700,17786114,20260909
069410,"nTelsCo.,Ltd.",엔텔스,KOSDAQ,출판업,2025,244,186,58,0.238,8.27,9.2,5.3,0.576,70000000,41000000,0.586,,2635,26995111240,10244824,20260909
100840,"SNTEnergy Co.,Ltd.",SNT에너지,KOSPI,기타 기계·장비,2025,244,229,15,0.061,12.95,13.3,7.6,0.571,84950000,63834000,0.751,,38000,785869754000,20680783,20260909
216080,"JETEMA Co.,Ltd.",제테마,KOSDAQ,의료용 물질·의약품,2025,244,123,121,0.496,3.17,3.48,2.85,0.819,4966957.95,3990539.96,0.803,,6240,232671497760,37287099,20260909
039340,"The Korea Economic Broadcasting CO.,LTD.",한국경제TV,KOSDAQ,방송업,2025,244,165,79,0.324,11.55,14,6.42,0.459,67000000,40000000,0.597,,4935,108570000000,22000000,20260909
034940,"ChoA Pharmaceutical Co., LTD.",조아제약,KOSDAQ,의료용 물질·의약품,2025,243,180,63,0.259,10.52,10,12,1.2,66210000,51596000,0.779,,2780,17224782700,6195965,20260909
224110,"ATEC MOBILITY Co., Ltd",에이텍모빌리티,KOSDAQ,전자부품·컴퓨터·통신장비,2025,243,191,52,0.214,3.51,3.7,2.8,0.757,50000000,36000000,0.72,,8850,44961416100,5080386,20260909
053620,TAEYANG Corporation,태양,KOSDAQ,금속가공제품,2025,242,162,80,0.331,,,,,63000000,35000000,0.556,,6880,59168000000,8600000,20260909
271830,"PAMTEK CO., LTD.",팸텍,KOSDAQ,기타 기계·장비,2025,242,222,20,0.083,4.17,4.1,5,1.22,45338765000,36384175000,0.802,,1140,33618830280,29490202,20260909
088340,URACLE. Co. Ltd,유라클,KOSDAQ,출판업,2025,242,183,59,0.244,4.82,4.95,4.41,0.891,73728278.69,51139796.61,0.694,,7000,30550576000,4364368,20260909
047400,Union Materials Corp.,유니온머티리얼,KOSPI,비금속 광물제품,2025,242,220,22,0.091,19.44,19.57,18.09,0.924,83750000,67636363.64,0.808,,892,37464000000,42000000,20260909
005030,"PUSAN CAST IRON CO.,LTD",부산주공,KOSPI,자동차·트레일러,2025,241,236,5,0.021,12.85,13,6,0.462,61000000,35000000,0.574,,486,45092532168,92782988,20260909
086040,"BiotoxtechCo.,Ltd.",바이오톡스텍,KOSDAQ,연구개발업,2025,241,110,131,0.544,3.46,2.97,3.87,1.303,46418181.82,47534351.15,1.024,,2330,37182715510,15958247,20260909
004090,KOREA PETROLEUM INDUSTRIES COMPANY,한국석유공업,KOSPI,비금속 광물제품,2025,241,205,36,0.149,9.15,9.92,4.78,0.482,67987080.95,43091908.78,0.634,,11550,146617086000,12694120,20260909
007590,DONGBANG AGRO CORP,동방아그로,KOSPI,화학물질·화학제품,2025,241,218,23,0.095,13.43,13.5,12.8,0.948,72466000,50830000,0.701,,5600,76258431200,13617577,20260909
025820,"LEEKU INDUSTRIAL CO.,LTD",이구산업,KOSPI,1차 금속,2025,240,234,6,0.025,8.99,9,8.4,0.933,69221000,55589000,0.803,,4530,151492260000,33442000,20260909
012700,"The LEADCORP, Inc.",리드코프,KOSDAQ,도매·상품중개,2025,240,153,87,0.363,9.12,10.53,6.63,0.63,53383267.97,43556977.01,0.816,,2970,77204710440,25994852,20260909
061040,"RFTECH CO., LTD",알에프텍,KOSDAQ,전자부품·컴퓨터·통신장비,2025,240,176,64,0.267,8.73,8.6,9.1,1.058,64000000,36000000,0.563,,7300,66052027900,9048223,20260909
071460,"WINIA Co., Ltd.",위니아,,전기장비,2025,240,229,11,0.046,26.46,27.13,12.41,0.457,85930960.7,71750090.91,0.835,,,,,
057680,"T Scientific Co.,Ltd",티사이언티픽,KOSDAQ,출판업,2025,239,181,58,0.243,3.84,3.87,3.74,0.966,53077348.07,37120689.66,0.699,,1706,26942702754,15792909,20260909
115440,"Woori-Net Co., Ltd.",우리넷,KOSDAQ,전자부품·컴퓨터·통신장비,2025,239,225,14,0.059,6.96,7,6.4,0.914,65795000,46661000,0.709,,8200,88513194400,10794292,20260909
024120,"KB Autosys Co.,Ltd",KB오토시스,KOSDAQ,자동차·트레일러,2025,238,180,58,0.244,7.27,8,5,0.625,74189000,46269000,0.624,,3070,35305000000,11500000,20260909
322000,"HD HYUNDAI ENERGY SOLUTIONS CO.,LTD.",HD현대에너지솔루션,KOSPI,전자부품·컴퓨터·통신장비,2025,238,201,37,0.155,10.01,10.9,5.2,0.477,96355000,54766000,0.568,,143100,1602720000000,11200000,20260909
234300,"STraffic Co.,Ltd.",에스트래픽,KOSDAQ,컴퓨터 프로그래밍·SI,2025,238,212,26,0.109,5.16,5.31,3.97,0.748,85297169.81,60230769.23,0.706,,3370,91690218600,27207780,20260909
014570,"KOREAN DRUG CO., LTD.",고려제약,KOSDAQ,의료용 물질·의약품,2025,238,141,97,0.408,9.16,11.21,6.18,0.551,66330446.81,40529494.85,0.611,,3455,38005000000,11000000,20260909
297890,"HB SOLUTION CO.,LTD.",HB솔루션,KOSDAQ,기타 기계·장비,2025,238,213,25,0.105,7.65,7.73,6.94,0.898,77192488.26,55200000,0.715,,1650,120682508100,73140914,20260909
053950,"KYUNG NAM PHARM.CO.,LTD.",경남제약,KOSDAQ,의료용 물질·의약품,2025,238,162,76,0.319,8.64,7.4,11.28,1.524,57037037.04,46578947.37,0.817,,2185,42868933065,19619649,20260909
048830,"NPK CO.,LTD",엔피케이,KOSDAQ,화학물질·화학제품,2025,237,224,13,0.055,7.68,7.8,5.6,0.718,50000000,30000000,0.6,,1019,19079677537,18723923,20260909
340570,"T&L Co., LTD.",티앤엘,KOSDAQ,의료용 물질·의약품,2025,237,160,77,0.325,4.88,5.18,4.26,0.822,81737500,66974025.97,0.819,,28100,451570372000,16070120,20260909
110990,DIT Corp.,디아이티,KOSDAQ,기타 기계·장비,2025,237,221,16,0.068,5,5,5,1,80000000,49000000,0.613,,15660,295974000000,18900000,20260909
060590,"CTC BIO, INC.",씨티씨바이오,KOSDAQ,의료용 물질·의약품,2025,237,155,82,0.346,5.75,5.84,5.58,0.955,50360689.61,40077920.95,0.796,,3060,73993921200,24181020,20260909
039610,"HS VALVE CO., LTD",화성밸브,KOSDAQ,기타 기계·장비,2025,236,185,51,0.216,9.18,9.23,9,0.975,40965854.05,33318490.2,0.813,,6180,64336272000,10410400,20260909
014830,"UNID CO.,LTD",유니드,KOSPI,화학물질·화학제품,2025,236,205,31,0.131,14.38,15,10.3,0.687,123069000,67214000,0.546,,64400,435833440000,6767600,20260909
134380,"MIWON CHEMICALS CO., LTD.",미원화학,KOSPI,화학물질·화학제품,2025,235,197,38,0.162,9.02,9.05,8.87,0.98,79654822.34,68947368.42,0.866,,10100,222126068000,21992680,20260909
029460,"KC CO., LTD.",케이씨,KOSPI,의료·정밀·광학기기,2025,235,211,24,0.102,6.31,6.36,5.87,0.923,82971364.93,70641333.33,0.851,,38700,426494704500,11020535,20260909
160980,CYMECHS Inc.,싸이맥스,KOSDAQ,기타 기계·장비,2025,235,207,28,0.119,5.28,5.44,4.09,0.752,69236000,55436000,0.801,,23500,256719710500,10924243,20260909
009190,"DAIYANG METAL CO.,LTD",대양금속,KOSPI,1차 금속,2025,235,205,30,0.128,6.05,6.2,5,0.806,66229000,45033000,0.68,,1327,58369786925,43986275,20260909
101680,"HNK MACHINE TOOL CO.,LTD.",한국정밀기계,KOSDAQ,기타 기계·장비,2025,234,224,10,0.043,16.96,17,16,0.941,70000000,55000000,0.786,,2730,22942920000,8404000,20260909
014440,"YOUNGBO CHEMICAL CO.,LTD",영보화학,KOSPI,고무·플라스틱,2025,234,225,9,0.038,19.22,19.42,14.17,0.73,99817000,76106000,0.762,,4745,94900000000,20000000,20260909
348350,"WITHTECH, Inc.",위드텍,KOSDAQ,의료·정밀·광학기기,2025,234,206,28,0.12,7.43,7.42,7.5,1.011,57413000,52893000,0.921,,9370,91578632000,9773600,20260909
047560,ESTsoftCorp.,이스트소프트,KOSDAQ,출판업,2025,234,138,96,0.41,3.98,3.67,4.42,1.204,72000000,50000000,0.694,,7810,91791570420,11753082,20260909
015260,AUTOMOBILE & PCB,에이엔피,KOSPI,전자부품·컴퓨터·통신장비,2025,233,110,123,0.528,4.68,4.5,4.85,1.078,45801436.36,34856918.7,0.761,,303,14276418882,47116894,20260909
003100,"SUN KWANG Co.,Ltd",선광,KOSDAQ,창고·운송 관련,2025,233,221,12,0.052,11.39,11.02,18.3,1.661,87891402.71,80000000,0.91,,20600,135960000000,6600000,20260909
214180,"Hecto Innovation Co., Ltd.",헥토이노베이션,KOSDAQ,정보서비스업,2025,232,140,92,0.397,2.9,3.1,2.6,0.839,75000000,55000000,0.733,,14490,188273887830,12993367,20260909
126600,"BGFecomaterials CO., LTD.",BGF에코머티리얼즈,KOSDAQ,화학물질·화학제품,2025,232,208,24,0.103,5.25,5.39,4.02,0.746,49923076.92,35583333.33,0.713,,3110,195205055890,62766899,20260909
039010,"HYUNDAI HT CO,LTD.",현대에이치티,KOSDAQ,전자부품·컴퓨터·통신장비,2025,232,192,40,0.172,6.66,6.4,7.9,1.234,36800000,28374000,0.771,,8100,69862500000,8625000,20260909
125020,"TC Materials Co., Ltd.",티씨머티리얼즈,KOSDAQ,전기장비,2025,232,208,24,0.103,5.07,4.83,7.17,1.484,52142639,42202714,0.809,,6240,218640552000,35038550,20260909
010580,"SM BEXEL CO.,LTD",에스엠벡셀,KOSPI,자동차·트레일러,2025,232,202,30,0.129,15.64,16.8,7.8,0.464,66817643.56,43438000,0.65,,2540,282579470400,111251760,20260909
005900,DONGYANG ENGINEERING & CONSTRUCT CORP.,동양건설산업,,종합 건설,2025,232,226,6,0.026,3.82,3.83,3.51,0.916,82551000,30340000,0.368,,,,,
085910,"NEOTECHNICALSYSTEMCO.,LTD",네오티스,KOSDAQ,자동차·트레일러,2025,231,178,53,0.229,5.56,5.1,7.09,1.39,50591000,44427000,0.878,,13670,188575162060,13794818,20260909
004250,National Plastic Company Limited,엔피씨,KOSPI,고무·플라스틱,2025,231,203,28,0.121,8.18,8.7,4.43,0.509,75737950.74,43933142.86,0.58,,2975,109242000000,36720000,20260909
004410,"SEOUL FOOD IND CO.,LTD",서울식품공업,KOSPI,식료품 제조,2025,231,134,97,0.42,7.36,7.99,6.5,0.814,51988373.13,41072154.64,0.79,,1183,46675280379,39455013,20260909
080530,"KODI Co.,LTD.",코디,KOSDAQ,화학물질·화학제품,2025,231,82,149,0.645,2.88,3.4,2.6,0.765,47458000,30959000,0.652,,2500,27679210000,11071684,20260909
004440,"SAMIL C&S CO.,LTD",삼일씨엔에스,KOSPI,비금속 광물제품,2025,231,211,20,0.087,11.97,12.83,2.95,0.23,57118483.41,37400000,0.655,,5280,67224680160,12731947,20260909
043610,KT GENIE MUSIC CORPORATION,KT지니뮤직,KOSDAQ,방송업,2025,230,94,136,0.591,8.21,9.3,7.46,0.802,81510638.3,54294117.65,0.666,,1178,68459985964,58115438,20260909
290120,"DH AUTOLEAD Co.,Ltd.",DH오토리드,KOSDAQ,자동차·트레일러,2025,230,199,31,0.135,5.45,5.5,5.1,0.927,68638000,49183000,0.717,,2230,35290144710,15825177,20260909
089890,"KOSES Co.,Ltd",코세스,KOSDAQ,기타 기계·장비,2025,229,217,12,0.052,7.56,7.62,6.39,0.839,57031489,34184603,0.599,,25150,417111794300,16584962,20260909
033540,Paratech Company Limited,파라텍,KOSDAQ,기타 기계·장비,2025,229,182,47,0.205,5.58,5.79,4.79,0.827,49461538.46,44297872.34,0.896,,2970,31034320020,10449266,20260909
076080,"WELCRON HANTEC CO.,LTD.",웰크론한텍,KOSDAQ,종합 건설,2025,229,202,27,0.118,5.52,5.56,5.22,0.939,74539603.96,51888888.89,0.696,,1130,25531396280,22594156,20260909
004720,"PharmGen Science, Inc.",팜젠사이언스,KOSPI,의료용 물질·의약품,2025,229,149,80,0.349,8.14,8,8.4,1.05,77318000,60212000,0.779,,3000,67963095000,22654365,20260909
008870,"KUMBI CO.,LTD",금비,KOSPI,비금속 광물제품,2025,228,172,56,0.246,12.38,12.9,10.77,0.835,57054000,51118000,0.896,,40050,40050000000,1000000,20260909
093380,"PUNGKANGCO.,LTD",풍강,KOSDAQ,금속가공제품,2025,228,207,21,0.092,11.01,11.08,10.33,0.932,59884000,41201000,0.688,,3130,30922249690,9879313,20260909
032540,"TJ MEDIA CO.,LTD",TJ미디어,KOSDAQ,전자부품·컴퓨터·통신장비,2025,228,127,101,0.443,8.89,11.1,6.1,0.55,71000000,41000000,0.577,,3740,78156324620,20897413,20260909
024070,"WISCOM CO.,LTD",WISCOM,KOSPI,고무·플라스틱,2025,228,218,10,0.044,15.49,15.7,10.8,0.688,72000000,49000000,0.681,,1924,29488066712,15326438,20260909
086710,"SUNJIN BEAUTY SCIENCE CO., LTD.",선진뷰티사이언스,KOSDAQ,화학물질·화학제품,2025,228,128,100,0.439,2.95,3.9,1.74,0.446,52692343.75,44789010,0.85,,6990,85300927200,12203280,20260909
260660,"KOREA ARLICO PHARM CO.,LTD.",알리코제약,KOSDAQ,의료용 물질·의약품,2025,228,136,92,0.404,5.14,5.3,4.9,0.925,57000000,47000000,0.825,,2555,39160538655,15327021,20260909
092040,"Amicogen, Inc.",아미코젠,KOSDAQ,식료품 제조,2025,228,163,65,0.285,6.29,6.6,5.5,0.833,52000000,44000000,0.846,,973,68747691551,70655387,20260909
413640,"BI MATRIX Co., Ltd.",비아이매트릭스,KOSDAQ,출판업,2025,228,164,64,0.281,4.88,5.36,3.64,0.679,89664634.15,60890625,0.679,,5910,42593015400,7206940,20260909
072870,"MegaStudyCo.,Ltd.",메가스터디,KOSDAQ,출판업,2025,227,52,175,0.771,4.68,5.3,4.5,0.849,65943000,45131000,0.684,,13170,156999030030,11920959,20260909
241770,"MECARO.CO.,LTD.",메카로,KOSDAQ,전자부품·컴퓨터·통신장비,2025,227,209,18,0.079,4.28,4.17,5.58,1.338,60000000,54000000,0.9,,41950,427581248000,10192640,20260909
000890,"BOHAE BREWERY CO.,LTD",보해양조,KOSPI,음료 제조,2025,227,183,44,0.194,13.14,13.28,12.55,0.945,56813748.69,43546231.5,0.766,,1401,38701259025,27624025,20260909
081000,"ILJIN DIAMOND CO., LTD.",일진다이아,KOSPI,화학물질·화학제품,2025,226,203,23,0.102,14.71,15.3,9.5,0.621,58071000,46433000,0.8,,10120,143734107000,14202975,20260909
228850,"RAYENCE CO.,LTD.",레이언스,KOSDAQ,의료·정밀·광학기기,2025,225,170,55,0.244,5.8,6.17,4.67,0.757,70893000,47831000,0.675,,7250,120284851500,16591014,20260909
032190,DAOU DATA CORP.,다우데이타,KOSDAQ,도매·상품중개,2025,225,143,82,0.364,6.47,6.84,5.82,0.851,64090909.09,45853658.54,0.715,,19430,744169000000,38300000,20260909
177830,"PAVONINE CO., LTD.",파버나인,KOSDAQ,전자부품·컴퓨터·통신장비,2025,224,152,72,0.321,7.54,7.6,7.4,0.974,41478000,29688000,0.716,,2165,24520774845,11325993,20260909
058730,"Development Advance Solution Co., Ltd.",다스코,KOSPI,금속가공제품,2025,224,199,25,0.112,5.77,5.42,8.53,1.574,59422120.6,55524480,0.934,,3480,70474353480,20251251,20260909
036560,KZ Precision Corporation,KZ정밀,KOSDAQ,기타 기계·장비,2025,224,206,18,0.08,10.81,10.92,9.5,0.87,84703883.5,66333333.33,0.783,,12280,193410000000,15750000,20260909
035150,"BAIKSAN CO.,LTD",백산,KOSPI,고무·플라스틱,2025,224,201,23,0.103,9.58,9.4,11.2,1.191,54195000,47609000,0.878,,10700,211550545300,19771079,20260909
001290,"SANGSANGININVESTMENT&SECURITIES CO.,LTD.",상상인증권,KOSPI,금융·보험 관련 서비스,2025,224,156,68,0.304,8.39,8.17,8.91,1.091,129282051.28,103558823.53,0.801,,4500,97503408000,21667424,20260909
482630,SAMYANG NC Chem Corp.,삼양엔씨켐,KOSDAQ,화학물질·화학제품,2025,223,185,38,0.17,4.36,4.38,4.26,0.973,64820556.76,45875052.63,0.708,,12790,279951101200,21888280,20260909
058630,MGAME CORP.,엠게임,KOSDAQ,출판업,2025,223,171,52,0.233,6.64,7.26,4.61,0.635,65410228.07,52980750,0.81,,4055,76122787570,18772574,20260909
255440,"YAS Co., Ltd",야스,KOSDAQ,기타 기계·장비,2025,223,201,22,0.099,7.62,7.58,8,1.055,62777000,46576000,0.742,,7000,91406000000,13058000,20260909
003610,"PANGRIM CO.,LTD",방림,KOSPI,섬유제품 제조,2025,222,179,43,0.194,11.02,11.5,9,0.783,59317000,42464000,0.716,,5630,180783680140,32110778,20260909
066700,"THERAGEN ETEX CO.,LTD.",테라젠이텍스,KOSDAQ,의료용 물질·의약품,2025,222,118,104,0.468,5.63,6.1,5.1,0.836,58000000,42000000,0.724,,2100,78019989600,37152376,20260909
452280,"HANSUN ENGINEERING CO., LTD.",한선엔지니어링,KOSDAQ,금속가공제품,2025,222,167,55,0.248,4.01,4,4.04,1.01,44149053.89,39142381.82,0.887,,10810,208067312700,19247670,20260909
234340,"Hecto Financial Co., Ltd.",헥토파이낸셜,KOSDAQ,금융·보험 관련 서비스,2025,222,131,91,0.41,3.27,3.61,2.78,0.77,67442061.07,46124032.97,0.684,,24200,338089875200,13970656,20260909
064820,CAPE INDUSTRIES LTD.,케이프,KOSDAQ,기타 운송장비,2025,221,211,10,0.045,5.95,6,5,0.833,46000000,48000000,1.043,,7720,238240859800,30860215,20260909
072950,"VISSEM Electronics Co., Ltd.",빛샘전자,KOSDAQ,전자부품·컴퓨터·통신장비,2025,221,142,79,0.357,9.29,9.83,8.33,0.847,61962000,43221000,0.698,,9140,73600855400,8052610,20260909
000910,UNION CORPORATION,유니온,KOSPI,비금속 광물제품,2025,221,200,21,0.095,15.61,16.4,8.1,0.494,78000000,54000000,0.692,,2900,45273695100,15611619,20260909
322310,"AUROS TECHNOLOGY, INC.",오로스테크놀로지,KOSDAQ,기타 기계·장비,2025,221,178,43,0.195,4.28,4.4,3.8,0.864,72373000,50726000,0.701,,12650,118486756300,9366542,20260909
005360,"MONAMI CO.,LTD",모나미,KOSPI,도매·상품중개,2025,221,130,91,0.412,4.01,4.88,2.77,0.568,60935076.92,37807571.43,0.62,,1330,25133418310,18897307,20260909
448710,"COTS Technology Co., Ltd.",코츠테크놀로지,KOSDAQ,전자부품·컴퓨터·통신장비,2025,221,188,33,0.149,3.54,4,0.9,0.225,60477000,34549000,0.571,,11200,59195270400,5285292,20260909
418470,"kt millie seojae Co.,Ltd",KT밀리의서재,KOSDAQ,출판업,2025,221,98,123,0.557,2.34,2.67,2.08,0.779,97000000,67000000,0.691,,9390,80432758710,8565789,20260909
049550,"INKTEC CO., LTD.",잉크테크,KOSDAQ,화학물질·화학제품,2025,221,179,42,0.19,7.9,7.57,9.3,1.229,54717950.39,45773716.79,0.837,,3475,68131812575,19606277,20260909
330350,"Withus Pharmaceutical. Co., LTD",위더스제약,KOSDAQ,의료용 물질·의약품,2025,220,127,93,0.423,6.69,7.39,5.74,0.777,60922669.29,41702612.9,0.685,,8000,105597440000,13199680,20260909
030960,Yangjisa,양지사,KOSDAQ,인쇄·기록매체,2025,219,102,117,0.534,7.37,7.8,7,0.897,42000000,29000000,0.69,,4780,76384400000,15980000,20260909
036890,JINSUNG T.E.C,진성티이씨,KOSDAQ,기타 기계·장비,2025,219,205,14,0.064,11.93,12.08,9.67,0.8,80396906,54603205,0.679,,12890,284000510470,22032623,20260909
068290,"SAMSUNG PUBLISHING CO.,LTD",삼성출판사,KOSPI,출판업,2025,219,33,186,0.849,5.24,10.83,4.25,0.392,69000000,34000000,0.493,,6240,62400000000,10000000,20260909
263860,"GENIANS, INC.",지니언스,KOSDAQ,출판업,2025,219,169,50,0.228,6.09,6.5,4.7,0.723,84114000,57497000,0.684,,15720,142731312000,9079600,20260909
007370,"JIN YANG PHARMACEUTICAL. CO., LTD",진양제약,KOSDAQ,의료용 물질·의약품,2025,219,128,91,0.416,6.57,8.58,3.75,0.437,68000000,45000000,0.662,,4000,56538348000,14134587,20260909
306040,"SJ Group Co., Ltd.",에스제이그룹,KOSDAQ,가죽·신발 제조,2025,218,62,156,0.716,2.71,3,2.6,0.867,56281000,49139000,0.873,,1765,16391632660,9287044,20260909
086220,"Kwangdong Healthbio Co., Ltd.",광동헬스바이오,KONEX,식료품 제조,2025,218,104,114,0.523,5.17,5,5.33,1.066,46000000,34000000,0.739,,898,11393702770,12687865,20260909
405100,Quality Reliability Technology Inc.,큐알티,KOSDAQ,기타 과학기술 서비스,2025,218,161,57,0.261,5.54,5.8,4.8,0.828,92462000,68742000,0.743,,13560,166642921560,12289301,20260909
053060,SAE DONG CO. LTD,세동,KOSDAQ,자동차·트레일러,2025,217,185,32,0.147,14.05,13.31,18.31,1.376,64129729.73,62062500,0.968,,1255,22160060845,17657419,20260909
019770,"SEOYON TOPMETAL CO., LTD.",서연탑메탈,KOSDAQ,기타 기계·장비,2025,217,211,6,0.028,10.54,10.63,7.43,0.699,73426222.75,124320666.67,1.693,,3285,38270250000,11650000,20260909
053080,"K-ENSOL CO., LTD.",케이엔솔,KOSDAQ,기타 기계·장비,2025,217,193,24,0.111,4.89,5.01,3.91,0.78,58808290.16,49416666.67,0.84,,9000,116998263000,12999807,20260909
082270,"GemVax & KAEL Co.,Ltd.",젬백스,KOSDAQ,기타 기계·장비,2025,217,151,66,0.304,7.12,7.58,6.08,0.802,49000000,42000000,0.857,,10030,444020106090,44269203,20260909
071090,"HISTEEL CO., LTD",하이스틸,KOSPI,1차 금속,2025,216,198,18,0.083,6.65,6.82,4.72,0.692,47730000,33971000,0.712,,3260,65824195460,20191471,20260909
038540,"Sangsangin Co., Ltd.",상상인,KOSDAQ,컴퓨터 프로그래밍·SI,2025,216,198,18,0.083,6.67,6.67,6.67,1,65000000,48000000,0.738,,1945,107613568785,55328313,20260909
035600,"KGINICIS CO.,LTD.",KG이니시스,KOSDAQ,출판업,2025,216,129,87,0.403,4.04,4,4.1,1.025,60000000,46000000,0.767,,10230,281881859820,27554434,20260909
001810,"MOORIM SP CO., LTD.",무림SP,KOSDAQ,펄프·종이 제조,2025,216,206,10,0.046,15.31,15.3,15.5,1.013,82000000,54000000,0.659,,1177,26055837500,22137500,20260909
092460,"HANLA IMS Co., LTD",한라IMS,KOSDAQ,기타 운송장비,2025,216,185,31,0.144,8.41,8.58,7.42,0.865,74075604,52656404,0.711,,16670,285218365600,17109680,20260909
203650,"Dream Security Co.,Ltd.",드림시큐리티,KOSDAQ,출판업,2025,216,155,61,0.282,3.78,3.45,4.61,1.336,55797496.77,46400393.44,0.832,,2135,217139073340,101704484,20260909
026150,TuksuConstruction,특수건설,KOSDAQ,종합 건설,2025,216,204,12,0.056,10.83,11,8,0.727,71000000,40000000,0.563,,3955,69395739105,17546331,20260909
372910,Hancom Lifecare Inc.,한컴라이프케어,KOSPI,의료·정밀·광학기기,2025,215,138,77,0.358,8.12,7.58,9.08,1.198,61000000,41000000,0.672,,1875,51889511250,27674406,20260909
016100,"LEADERS COSMETICS CO., LTD.",리더스코스메틱,KOSDAQ,펄프·종이 제조,2025,215,165,50,0.233,7.52,8.51,4.26,0.501,65872727.27,36700000,0.557,,1217,23245787998,19100894,20260909
104040,DSM Corporation,디에스엠,KOSDAQ,자동차·트레일러,2025,215,163,52,0.242,6.74,7.73,3.64,0.471,61954895.71,39269423.08,0.634,,2340,62743742100,26813565,20260909
102120,"ABOV Semiconductor Co.,Ltd.",어보브반도체,KOSDAQ,전자부품·컴퓨터·통신장비,2025,215,172,43,0.2,7.52,7.8,6.4,0.821,111454000,71050000,0.637,,6910,122865003230,17780753,20260909
337930,XEXYMIX Corporation,젝시믹스,KOSDAQ,정보서비스업,2025,215,66,149,0.693,3.34,3.6,3.23,0.897,80213515.15,51320523.49,0.64,,2545,75526628875,29676475,20260909
396270,"Nextchip Co., Ltd.",넥스트칩,KOSDAQ,전자부품·컴퓨터·통신장비,2025,214,163,51,0.238,4.85,4.9,4.7,0.959,62000000,51000000,0.823,,2045,67254796395,32887431,20260909
099440,"SMEC CO.,LTD",스맥,KOSDAQ,기타 기계·장비,2025,214,187,27,0.126,4.5,4.67,3.33,0.713,74700732.62,53324666.67,0.714,,4300,293446594200,68243394,20260909
173940,"FNC ENTERTAINMENT Co., Ltd.",에프엔씨엔터,KOSDAQ,창작·예술·여가,2025,213,74,139,0.653,3.47,5.3,2.5,0.472,59437000,38340000,0.645,,2080,32017040640,15392808,20260909
072130,UANGEL CORPORATION,유엔젤,KOSPI,정보서비스업,2025,213,161,52,0.244,11.41,12.75,7.25,0.569,86161000,75822000,0.88,,5260,66778088040,12695454,20260909
303530,INNODEP INC.,이노뎁,KOSDAQ,출판업,2025,213,174,39,0.183,3.49,3.33,4.23,1.27,64000000,50000000,0.781,,3080,22605040920,7339299,20260909
012690,"MONALISA CO.,LTD",모나리자,KOSPI,펄프·종이 제조,2025,213,184,29,0.136,10.89,11.67,5.92,0.507,60941527,39860447,0.654,,1483,54235171165,36571255,20260909
257990,"NOWCOS CO., LTD",나우코스,,화학물질·화학제품,2025,213,104,109,0.512,4.01,3.5,4.5,1.286,46337000,37018000,0.799,,,,,
294570,coocon Corporation,쿠콘,KOSDAQ,정보서비스업,2025,212,127,85,0.401,7.1,7.83,6,0.766,64000000,49000000,0.766,,30950,312339105400,10091732,20260909
347770,PIMS Inc.,핌스,KOSDAQ,전자부품·컴퓨터·통신장비,2025,210,184,26,0.124,2.59,2.55,2.85,1.118,51144652.17,38656269.23,0.756,,920,20846925840,22659702,20260909
005090,"SGC Energy Co.,Ltd.",SGC에너지,KOSPI,전기·가스·증기,2025,210,185,25,0.119,9.37,9.77,6.38,0.653,84410810.81,55400000,0.656,,57700,831418514100,14409333,20260909
446070,"UNID btplus Co., Ltd.",유니드비티플러스,KOSPI,목재 제조,2025,210,194,16,0.076,16.71,17.2,10.8,0.628,83478000,54208000,0.649,,3745,39739000175,10611215,20260909
232140,YC Corporation,와이씨,KOSDAQ,기타 기계·장비,2025,210,188,22,0.105,5.58,5.5,6.25,1.136,61000000,55000000,0.902,,11760,964853316000,82045350,20260909
092130,"e-Credible Co., Ltd.",이크레더블,KOSDAQ,정보서비스업,2025,209,100,109,0.522,7.4,6.3,8.4,1.333,81000000,58000000,0.716,,14500,174632200000,12043600,20260909
080470,"SUNGCHANG AUTOTECH CO.,LTD.",성창오토텍,KOSDAQ,자동차·트레일러,2025,209,133,76,0.364,6.54,6.1,7.3,1.197,63075000,40691000,0.645,,2825,20622500000,7300000,20260909
006570,"DAELIM TRADING CO.,LTD",대림통상,KOSPI,금속가공제품,2025,209,168,41,0.196,10.18,10.9,7.25,0.665,45380952.38,36341463.41,0.801,,1990,30297750000,15225000,20260909
0010F0,"BOWON CHEMICAL CO.,LTD.",보원케미칼,KOSDAQ,,2025,209,187,22,0.105,4.28,4.3,4.1,0.953,49000000,42000000,0.857,,2320,25853154320,11143601,20260909
000050,KYUNGBANG LTD,경방,KOSPI,소매업,2025,208,123,85,0.409,6.52,7.59,4.97,0.655,62170707.32,42899670.59,0.69,,8150,223434450500,27415270,20260909
004080,"SHINHUNG CO.,LTD",신흥,KOSPI,도매·상품중개,2025,208,151,57,0.274,9.88,11.31,6.09,0.538,61363841.06,44931736.84,0.732,,14050,130665000000,9300000,20260909
463020,NEWEN AI,뉴엔AI,KOSDAQ,출판업,2025,208,93,115,0.553,5.36,6.17,4.7,0.762,61319376.34,42883913.04,0.699,,8460,76031712000,8987200,20260909
079900,"JUNJIN CONSTRUCTION & ROBOT CO., LTD.",전진건설로봇,KOSPI,기타 기계·장비,2025,208,194,14,0.067,8.3,8.45,6.18,0.731,78575000,56940000,0.725,,43100,628938689500,14592545,20260909
033310,"M2N Co.,Ltd",엠투엔,KOSDAQ,전자부품·컴퓨터·통신장비,2025,208,97,111,0.534,8.39,10.33,6.7,0.649,66297216.49,42394972.97,0.639,,1450,57960061200,39972456,20260909
067010,"ECSTELECOMCo.,Ltd.",이씨에스,KOSDAQ,컴퓨터 프로그래밍·SI,2025,207,184,23,0.111,7.57,7.67,6.75,0.88,83508000,71179000,0.852,,2540,27656790000,10888500,20260909
069640,"HANSAEMK CO.,LTD.",한세엠케이,KOSPI,소매업,2025,207,82,125,0.604,6.01,7.1,5.3,0.746,70000000,57000000,0.814,,1360,29560254160,21735481,20260909
059090,MiCo Ltd.,미코,KOSDAQ,전자부품·컴퓨터·통신장비,2025,207,154,53,0.256,4.39,4.74,3.37,0.711,61428571.43,43584905.66,0.71,,19840,662988875520,33416778,20260909
004890,"DONGIL INDUSTRIES CO.,LTD",동일산업,KOSPI,1차 금속,2025,207,201,6,0.029,15.97,16.2,8.1,0.5,65000000,40000000,0.615,,35850,86943957750,2425215,20260909
058820,"CMG Pharmaceutical Co., Ltd.",CMG제약,KOSDAQ,의료용 물질·의약품,2025,206,108,98,0.476,4.97,5.21,4.7,0.902,73473000,51090000,0.695,,615,91095986940,148123556,20260909
065130,Top Engineering Company Limited,탑엔지니어링,KOSDAQ,기타 기계·장비,2025,206,176,30,0.146,7.12,7.4,5.5,0.743,60186000,36084000,0.6,,2755,44091020000,16004000,20260909
083420,"GREEN CHEMICAL CO.,LTD.",그린케미칼,KOSPI,화학물질·화학제품,2025,206,190,16,0.078,9.12,9.26,7.4,0.799,90094736.84,56000000,0.622,,4755,114120000000,24000000,20260909
034590,INCHON CITY GAS,인천도시가스,KOSPI,전기·가스·증기,2025,206,193,13,0.063,19.51,19.6,18.1,0.923,96886000,74213000,0.766,,26650,116587194100,4374754,20260909
159010,"ASFLOW CO.,LTD.",아스플로,KOSDAQ,기타 기계·장비,2025,205,170,35,0.171,3.98,3.6,5.8,1.611,57701000,49784000,0.863,,24200,322700683800,13334739,20260909
333620,"Nsys Co., Ltd.",엔시스,KOSDAQ,전기장비,2025,205,181,24,0.117,3.07,3.07,3.08,1.003,66159000,46764000,0.707,,5330,58618860300,10997910,20260909
033230,"INSUNG INFORMATION CO., LTD",인성정보,KOSDAQ,컴퓨터 프로그래밍·SI,2025,205,176,29,0.141,5.83,5.94,5.16,0.869,63431818.18,46758620.69,0.737,,1034,52232902920,50515380,20260909
353590,AUTO& Inc.,오토앤,KOSDAQ,자동차 판매,2025,205,133,72,0.351,3.76,3.8,3.7,0.974,54042000,38536000,0.713,,1618,20832672260,12875570,20260909
090360,"Robostar Co.,Ltd.",로보스타,KOSDAQ,기타 기계·장비,2025,204,185,19,0.093,6.92,7.25,3.75,0.517,52000000,42000000,0.808,,78100,761475000000,9750000,20260909
070590,"Inticube Co., Ltd.",인티큐브,KOSDAQ,컴퓨터 프로그래밍·SI,2025,204,153,51,0.25,8.75,9,8,0.889,81000000,67000000,0.827,,2055,28522415655,13879521,20260909
036670,Samyang KCI Corporation,삼양케이씨아이,KOSDAQ,화학물질·화학제품,2025,204,156,48,0.235,7.6,8.68,4.11,0.474,74680772.24,52648735.81,0.705,,5030,54123806000,10760200,20260909
190650,"KOREA ASSET INVESTMENT SECURITIES CO.,LTD.",코리아에셋투자증권,KOSDAQ,금융·보험 관련 서비스,2025,204,141,63,0.309,4.22,4.19,4.3,1.026,144535028.37,82740111.11,0.572,,6810,43502280000,6388000,20260909
126340,"VINA TECH CO.,LTD",비나텍,KOSDAQ,전기장비,2025,203,160,43,0.212,4.39,4.3,4.72,1.098,58257368.75,48367953.49,0.83,,69500,499038773000,7180414,20260909
094170,"DONGWOON ANATECH CO.,LTD.",동운아나텍,KOSDAQ,전자부품·컴퓨터·통신장비,2025,203,157,46,0.227,4.57,4.85,3.6,0.742,104202579.62,62718260.87,0.602,,28200,589660195200,20909936,20260909
170030,"HYUNDAI INDUSTRIAL CO.,LTD",현대공업,KOSDAQ,자동차·트레일러,2025,203,186,17,0.084,10.88,10.7,12.8,1.196,87000000,73000000,0.839,,4745,72788300000,15340000,20260909
303810,"DongKook Life Science Co., Ltd.",동국생명과학,KOSDAQ,의료용 물질·의약품,2025,203,151,52,0.256,4.26,4.5,3.55,0.789,69647000,49719000,0.714,,2245,71804394300,31984140,20260909
483650,"d'Alba Global Co., Ltd.",달바글로벌,KOSPI,화학물질·화학제품,2025,203,31,172,0.847,1.68,1.6,1.7,1.063,128000000,151000000,1.18,,182300,2283474304500,12525915,20260909
347860,Alchera Inc.,알체라,KOSDAQ,출판업,2025,203,125,78,0.384,1.15,1.28,0.94,0.734,37976000,21000000,0.553,,1319,55600660393,42153647,20260909
017040,"KWANG MYUNG ELECTRIC CO.,LTD",광명전기,KOSPI,전기장비,2025,203,193,10,0.049,10.25,10.15,12.23,1.205,54073170.98,40987000,0.758,,932,40390657180,43337615,20260909
001390,KG Chemical Corporation,KG케미칼,KOSPI,화학물질·화학제품,2025,201,170,31,0.154,13.46,13,16,1.231,73000000,55000000,0.753,,4485,297820307460,66403636,20260909
120240,"Daejung Chemicals & Metals Co., Ltd",대정화금,KOSDAQ,화학물질·화학제품,2025,201,141,60,0.299,6.92,6.5,7.9,1.215,50740000,35896000,0.707,,14760,106130171160,7190391,20260909
402030,KONAN TECHNOLOGY INCORPORATION,코난테크놀로지,KOSDAQ,출판업,2025,201,146,55,0.274,5.88,5.58,6.66,1.194,72551630.14,51636163.64,0.712,,13640,170738536320,12517488,20260909
053980,"OSANGJAIEL Co., Ltd",오상자이엘,KOSDAQ,출판업,2025,201,175,26,0.129,6.41,6.5,5.8,0.892,67710000,49919000,0.737,,2420,45938334860,18982783,20260909
214370,"CAREGEN CO.,LTD.",케어젠,KOSDAQ,의료용 물질·의약품,2025,201,120,81,0.403,4.03,4.33,3.58,0.827,54000000,46000000,0.852,,43550,2339288250000,53715000,20260909
024090,DCM CORP,디씨엠,KOSPI,1차 금속,2025,201,189,12,0.06,11.04,11.2,8.5,0.759,73457000,57680000,0.785,,11760,134064000000,11400000,20260909
037640,GS ENTEC Corp.,지에스엔텍,,금속가공제품,2025,201,181,20,0.1,12.2,12.47,9.8,0.786,66218861.88,41402800,0.625,,,,,
264660,"C&G Hi Tech Co., Ltd",씨앤지하이테크,KOSDAQ,기타 기계·장비,2025,200,190,10,0.05,6.26,6,11.17,1.862,79000000,75000000,0.949,,13310,129388799320,9721172,20260909
021820,"SEWON PRECISION INDUSTRY CO.,LTD",세원정공,KOSPI,자동차·트레일러,2025,199,193,6,0.03,15.03,15.26,7.55,0.495,77323000,49129000,0.635,,10380,103800000000,10000000,20260909
060720,"KH VATEC Co., LTD",KH바텍,KOSDAQ,전자부품·컴퓨터·통신장비,2025,199,189,10,0.05,8.67,8.8,6.2,0.705,62000000,56000000,0.903,,10910,258320892220,23677442,20260909
002070,VIVIEN CORPORATION,비비안,KOSPI,의복 제조,2025,199,107,92,0.462,9.77,10,9.5,0.95,52168486,40149905,0.77,,5750,27610350000,4801800,20260909
178320,"SEOJIN SYSTEM CO.,LTD",서진시스템,KOSDAQ,전기장비,2025,199,168,31,0.156,4.05,3.92,4.75,1.212,58150000,37635000,0.647,,36400,2317909848800,63678842,20260909
277410,INSAN Inc.,인산가,KOSDAQ,식료품 제조,2025,199,60,139,0.698,6.53,6.83,6.4,0.937,67901000,40713187.05,0.6,,5370,20626975500,3841150,20260909
452450,"PIE CO., LTD.",피아이이,KOSDAQ,기타 기계·장비,2025,199,179,20,0.101,1.97,2,1.7,0.85,60000000,53000000,0.883,,4340,156363690000,36028500,20260909
079970,"TOBESOFT Co., Ltd.",투비소프트,KOSDAQ,출판업,2025,198,135,63,0.318,7.9,8.58,6.45,0.752,62671170.37,57410142.86,0.916,,596,7646223464,12829234,20260909
336370,Solus Advanced Materials Co. Ltd.,솔루스첨단소재,KOSPI,전자부품·컴퓨터·통신장비,2025,198,147,51,0.258,4.14,4.4,3.39,0.77,101918367.35,73588235.29,0.722,,7520,527996480960,70212298,20260909
003080,"SBSUNGBO Co., Ltd.",SB성보,KOSPI,화학물질·화학제품,2025,197,142,55,0.279,10.36,11.7,6.9,0.59,59566000,40862000,0.686,,2235,44744700000,20020000,20260909
226400,"OSTEONIC Co., Ltd.",오스테오닉,KOSDAQ,의료·정밀·광학기기,2025,197,99,98,0.497,3.46,3.83,3.08,0.804,51000000,32000000,0.627,,4125,85229104125,20661601,20260909
071950,"KOAS CO., LTD",코아스,KOSPI,가구 제조,2025,197,166,31,0.157,,,,,39662650.6,35580645.16,0.897,,1974,28542450930,14459195,20260909
189690,"FORCS Co., Ltd.",포시에스,KOSDAQ,출판업,2025,197,114,83,0.421,6.09,6.33,5.75,0.908,60306000,45581000,0.756,,1529,41775290601,27321969,20260909
098120,"Micro Contact Solution Co.,Ltd.",마이크로컨텍솔,KOSDAQ,전자부품·컴퓨터·통신장비,2025,196,104,92,0.469,4.81,4.89,4.71,0.963,65153846.15,43847826.09,0.673,,47900,398181491400,8312766,20260909
262260,"APRO Co., LTD",에이프로,KOSDAQ,전기장비,2025,196,166,30,0.153,3.3,3.27,3.45,1.055,63612608.43,40212200,0.632,,4140,62421512400,15077660,20260909
051490,"NARA MOLD AND DIE CO., LTD.",나라엠앤디,KOSDAQ,기타 기계·장비,2025,196,192,4,0.02,12.9,12.97,9.33,,79215000,58482000,,fewer than 5 of one sex,2715,38553000000,14200000,20260909
123420,"Wemade Play Co., Ltd.",위메이드플레이,KOSDAQ,출판업,2025,196,104,92,0.469,4.11,4.5,3.67,0.816,77238000,57175000,0.74,,6290,65422547890,10401041,20260909
198080,"CAP Co.,Ltd.",캐프,KOSDAQ,전자부품·컴퓨터·통신장비,2025,196,114,82,0.418,12.59,12.16,13.18,1.084,58412140.35,42986146.34,0.736,,2155,46408323675,21535185,20260909
003550,LG Corp.,LG,KOSPI,금융업,2025,195,152,43,0.221,4.3,4.08,5.08,1.245,197000000,118000000,0.599,,119100,18006967676400,151192004,20260909
368600,"ICH Co., Ltd.",아이씨에이치,KOSDAQ,전자부품·컴퓨터·통신장비,2025,195,156,39,0.2,2.33,2.35,2.23,0.949,57000000,39000000,0.684,,1051,27110981165,25795415,20260909
031990,DaesunSipbuilding&Engineering,대선조선,,기타 운송장비,2025,195,183,12,0.062,10.28,10.51,6.83,0.65,67901666.67,30999000,0.457,,,,,
055550,"SHINHAN FINANCIAL GROUP CO.,LTD",신한지주,KOSPI,금융업,2025,195,145,50,0.256,3.44,3.08,4.5,1.461,187000000,152000000,0.813,,110600,51921196433400,469450239,20260909
030720,"DONGWON FISHERIES CO.,LTD",동원수산,KOSPI,어업,2025,195,158,37,0.19,7.36,6.53,10.93,1.674,94130556.96,45524432.43,0.484,,5220,24292862100,4653805,20260909
405920,"NARA CELLAR Co.,Ltd.",나라셀라,KOSDAQ,도매·상품중개,2025,194,82,112,0.577,5.46,5.52,5.41,0.98,53134146.34,49428571.43,0.93,,1744,22459364544,12878076,20260909
086390,UniTestInc.,유니테스트,KOSDAQ,기타 기계·장비,2025,194,167,27,0.139,9.05,9.2,8.1,0.88,75000000,63000000,0.84,,11300,238815623800,21134126,20260909
072020,CHOONG ANG VACCINE LABORATORY,중앙백신,KOSDAQ,의료용 물질·의약품,2025,194,126,68,0.351,9.74,9,11.1,1.233,61000000,50000000,0.82,,9270,85810359870,9256781,20260909
450140,KOLON MOBILITY GROUP CORPORATION,코오롱모빌리티그룹,,자동차 판매,2025,194,159,35,0.18,7.02,7.2,6.2,0.861,85000000,68000000,0.8,,,,,
382480,"G.I.Tech Co.,Ltd.",지아이텍,KOSDAQ,기타 기계·장비,2025,194,170,24,0.124,2.27,2.07,3.67,1.773,49591341.18,38976833.33,0.786,,1618,63679852520,39357140,20260909
003120,"ILSUNG IS CO., LTD.",일성아이에스,KOSPI,의료용 물질·의약품,2025,194,107,87,0.448,6.03,6.89,4.98,0.723,61629000,39666000,0.644,,20850,277305000000,13300000,20260909
130740,"TPC CO., LTD",티피씨글로벌,KOSDAQ,자동차·트레일러,2025,193,151,42,0.218,7.33,8.42,3.42,0.406,47000000,36000000,0.766,,1987,22406761173,11276679,20260909
017650,DaelimPaper,대림제지,KOSDAQ,펄프·종이 제조,2025,193,183,10,0.052,7.88,7.9,7.5,0.949,59071000,45383000,0.768,,10650,93560250000,8785000,20260909
092190,"SEOUL VIOSYS CO., LTD.",서울바이오시스,KOSDAQ,전자부품·컴퓨터·통신장비,2025,193,133,60,0.311,7.8,7.47,8.52,1.141,64556390.98,50600000,0.784,,7710,353645232930,45868383,20260909
046070,"KODACO CO., LTD",코다코,KOSDAQ,자동차·트레일러,2025,193,159,34,0.176,10.34,10.5,9.58,0.912,59203000,48858000,0.825,,82300,1160395104800,14099576,20260909
199150,Data Streams Corp.,데이터스트림즈,KONEX,출판업,2025,192,154,38,0.198,6.24,6.7,4.4,0.657,67000000,51000000,0.761,,1690,7213955970,4268613,20260909
023450,"DONGNAMCHEMICALCO.,LTE.",동남합성,KOSPI,화학물질·화학제품,2025,192,170,22,0.115,5.77,5.7,6.3,1.105,60000000,52000000,0.867,,31800,111300000000,3500000,20260909
092730,"NeopharmCO.,LTD.",네오팜,KOSDAQ,화학물질·화학제품,2025,192,91,101,0.526,4.95,6,4,0.667,77000000,51000000,0.662,,21400,342998964600,16027989,20260909
101240,"CQV Co., Ltd.",씨큐브,KOSDAQ,화학물질·화학제품,2025,191,180,11,0.058,10.37,10.56,7.32,0.693,77930000,53788000,0.69,,3460,39295399920,11357052,20260909
300080,Flitto Inc.,플리토,KOSDAQ,정보서비스업,2025,191,82,109,0.571,2.44,2.9,2.1,0.724,63084000,42030000,0.666,,9240,152510367240,16505451,20260909
033100,"CHERYONG ELECTRIC CO.,LTD.",제룡전기,KOSDAQ,전기장비,2025,190,183,7,0.037,7.81,7.8,8.2,1.051,81824000,70770000,0.865,,46850,752523861650,16062409,20260909
264450,Ubiquoss Inc.,유비쿼스,KOSDAQ,전자부품·컴퓨터·통신장비,2025,190,170,20,0.105,5.59,5.7,4.7,0.825,81582000,63737000,0.781,,10210,149734683530,14665493,20260909
065570,"Samyung ENC Co., Ltd.",삼영이엔씨,KOSDAQ,전자부품·컴퓨터·통신장비,2025,190,122,68,0.358,10.71,11.25,9.75,0.867,45000000,26000000,0.578,,764,12295692232,16093838,20260909
381620,"ZENIX ROBOTICS CO.,LTD",제닉스로보틱스,KOSDAQ,기타 기계·장비,2025,190,176,14,0.074,3.57,3.67,2.25,0.613,44751000,35049000,0.783,,5980,78445161600,13117920,20260909
086890,"ISU Abxis Co., Ltd.",이수앱지스,KOSDAQ,의료용 물질·의약품,2025,190,95,95,0.5,4.91,5.31,4.5,0.847,66842105.26,53042105.26,0.794,,3445,140469675190,40774942,20260909
093920,"SEOWONINTECH.CO.,LTD",서원인텍,KOSDAQ,전자부품·컴퓨터·통신장비,2025,189,117,72,0.381,11.12,11.92,9.83,0.825,47206000,32588000,0.69,,4845,90117000000,18600000,20260909
073110,"LMS Co.,Ltd.",엘엠에스,KOSDAQ,전자부품·컴퓨터·통신장비,2025,189,153,36,0.19,7.79,8.33,5.5,0.66,53000000,44000000,0.83,,5080,45190435400,8895755,20260909
004450,"SAMHWA CROWN & CLOSURE CO.,LTD",삼화왕관,KOSPI,금속가공제품,2025,189,170,19,0.101,13.97,13.9,14.6,1.05,90000000,49000000,0.544,,28700,61830677300,2154379,20260909
352090,"Stormtec Co.,Ltd",스톰테크,KOSDAQ,고무·플라스틱,2025,189,34,155,0.82,7.02,8.83,6.62,0.75,63382617.65,41829296.77,0.66,,3715,99833187570,26872998,20260909
060570,Dreamus Company,드림어스컴퍼니,KOSDAQ,방송업,2025,189,83,106,0.561,4.18,4.8,3.7,0.771,78000000,55000000,0.705,,3805,56391294770,14820314,20260909
017000,ShinwonConstruction,신원종합개발,KOSDAQ,종합 건설,2025,189,172,17,0.09,4.41,4.39,4.61,1.05,60947674.42,41647058.82,0.683,,2400,28003264800,11668027,20260909
005670,FOODWELL CORPORATION,푸드웰,KOSDAQ,식료품 제조,2025,188,109,79,0.42,9.52,9.1,10.1,1.11,56143000,43682000,0.778,,6300,63000000000,10000000,20260909
224760,"NSCompany CO., LTD.",엔에스컴퍼니,KONEX,종합 건설,2025,188,174,14,0.074,4.9,5.13,2.1,0.409,48464263.75,28956725.86,0.597,,2535,9987139500,3939700,20260909
147760,Protec Mems Technology Inc.,피엠티,KOSDAQ,의료·정밀·광학기기,2025,188,164,24,0.128,5.19,5.58,2.5,0.448,58000000,39000000,0.672,,3115,62300000000,20000000,20260909
044990,H&SHigh Tech Corp.,에이치엔에스하이텍,KOSDAQ,전자부품·컴퓨터·통신장비,2025,188,143,45,0.239,5.48,5.88,4.19,0.713,62174825.17,46466666.67,0.747,,10800,83002590000,7685425,20260909
068790,"DMS Co.,Ltd.",DMS,KOSDAQ,기타 기계·장비,2025,188,154,34,0.181,6.39,7,3.6,0.514,66000000,46000000,0.697,,6740,152123309760,22570224,20260909
099430,"BioPlus Co., Ltd",바이오플러스,KOSDAQ,의료용 물질·의약품,2025,187,108,79,0.422,1.66,1.61,1.74,1.081,70858500,47358000,0.668,,3330,205263604260,61640722,20260909
042110,"SCD CO.,LTD.",에스씨디,KOSDAQ,전기장비,2025,187,118,69,0.369,11.21,11.08,11.42,1.031,67000000,49000000,0.731,,1031,49827780484,48329564,20260909
039830,AURORA WORLD Corporation,오로라,KOSDAQ,기타 과학기술 서비스,2025,187,92,95,0.508,6.54,6.22,6.85,1.101,47000000,41000000,0.872,,14500,156061905000,10762890,20260909
396300,"SeA Mechanics Co., LTD",세아메카닉스,KOSDAQ,금속가공제품,2025,187,161,26,0.139,7.74,8.1,5.5,0.679,51000000,33000000,0.647,,5070,134301765000,26489500,20260909
172670,"ALT Co.,Ltd.",에이엘티,KOSDAQ,전자부품·컴퓨터·통신장비,2025,187,111,76,0.406,4.85,4.4,5.5,1.25,62000000,46000000,0.742,,10990,98473246410,8960259,20260909
084440,UBION CO.LTD.,유비온,KOSDAQ,출판업,2025,187,103,84,0.449,5.62,6.2,4.9,0.79,47604000,33689000,0.708,,1196,22882375516,19132421,20260909
100700,"SEWOONMEDICAL CO,. LTD.",세운메디칼,KOSDAQ,의료용 물질·의약품,2025,187,93,94,0.503,10.43,8.67,12.17,1.404,50623000,41539000,0.821,,2400,105120000000,43800000,20260909
261520,"EGIS Co., Ltd",이지스,KOSDAQ,출판업,2025,186,123,63,0.339,4.43,4.88,3.55,0.727,5054000,3451000,0.683,,5510,56630678000,10277800,20260909
005690,"Pharmicell Co.,Ltd.",파미셀,KOSPI,전자부품·컴퓨터·통신장비,2025,186,144,42,0.226,5.34,5.59,4.5,0.805,78562500,48000000,0.611,,10770,646243230780,60004014,20260909
212560,"NEOOTO CO.,LTD.",네오오토,KOSDAQ,자동차·트레일러,2025,186,178,8,0.043,5.43,5.19,10.78,2.077,65106741.57,71000000,1.091,,12350,166556397800,13486348,20260909
435570,"ERCOHS Agricultural Corporation Co., Ltd.",에르코스,KOSDAQ,식료품 제조,2025,186,75,111,0.597,0.21,0.18,0.23,1.278,39000000,32000000,0.821,,7150,54461428450,7616983,20260909
340930,"SUNGWON ENER TECH CO., LTD.",성원에너텍,KOSDAQ,기타 기계·장비,2025,186,167,19,0.102,3.6,3.7,2.7,0.73,41000000,29000000,0.707,,806,55513882710,68875785,20260909
371950,"POONGWON PRECISION Co.,Ltd.",풍원정밀,KOSDAQ,전자부품·컴퓨터·통신장비,2025,185,162,23,0.124,5.66,5.2,8.9,1.712,53000000,44000000,0.83,,2795,65864202950,23565010,20260909
112290,"YCCHEM CO., LTD.",와이씨켐,KOSDAQ,화학물질·화학제품,2025,185,153,32,0.173,6.45,6.42,6.58,1.025,73478000,39175000,0.533,,9790,197964471100,20221090,20260909
086520,"ECOPRO CO.,LTD",에코프로,KOSDAQ,금융업,2025,185,142,43,0.232,4.96,4.8,5.5,1.146,126000000,88000000,0.698,,86800,11785369993600,135776152,20260909
336680,"TOP RUN TOTAL SOLUTION CO.,LTD",탑런토탈솔루션,KOSDAQ,전자부품·컴퓨터·통신장비,2025,185,155,30,0.162,6.82,7.01,5.82,0.83,60141121.34,35133360.03,0.584,,2915,114109301570,39145558,20260909
047920,"HLB PHARMACEUTICAL CO., LTD.",HLB제약,KOSDAQ,연구개발업,2025,185,93,92,0.497,4.33,3.17,5.5,1.735,60406000,47500000,0.786,,6870,225331575720,32799356,20260909
487570,HS HYOSUNG Corporation,HS효성,KOSPI,금융업,2025,185,119,66,0.357,1.07,1,1.2,1.2,67000000,46000000,0.687,,48750,181638941250,3725927,20260909
011090,"ENEX CO.,LTD",에넥스,KOSPI,가구 제조,2025,184,155,29,0.158,13.36,13.8,11,0.797,54396000,45036000,0.828,,1299,15402313146,11857054,20260909
026040,"J.ESTINA Co.,Ltd",제이에스티나,KOSDAQ,기타 제품 제조,2025,184,55,129,0.701,5.08,7.32,4.13,0.564,61218181.82,37697674.42,0.616,,2335,38536349650,16503790,20260909
417860,OBZEN Inc.,오브젠,KOSDAQ,출판업,2025,183,120,63,0.344,5.68,6.53,4.07,0.623,75439541.67,53917539.68,0.715,,6860,32289375160,4706906,20260909
024810,"EHWA TECHNOLOGIES INFORMATION CO., LTD.",이화전기공업,,전기장비,2025,183,159,24,0.131,10.53,11.58,3.58,0.309,56,37,0.661,,,,,
211270,Asia Pacific Satellite lnc.,AP위성,KOSDAQ,전자부품·컴퓨터·통신장비,2025,183,149,34,0.186,8.68,9.56,4.81,0.503,68087248.32,44529411.76,0.654,,8700,131216044800,15082304,20260909
475400,CMES Robotics Inc.,씨메스로보틱스,KOSDAQ,기타 기계·장비,2025,183,145,38,0.208,2.79,3,2,0.667,58000000,40000000,0.69,,17210,203196645740,11806894,20260909
315640,DEEPNOID Inc.,딥노이드,KOSDAQ,출판업,2025,183,133,50,0.273,2.14,2.2,1.99,0.905,70576849.62,62997660,0.893,,1760,51695128320,29372232,20260909
452400,INICS Corporation,이닉스,KOSDAQ,자동차·트레일러,2025,182,120,62,0.341,7.53,8.09,6.44,0.796,56064000,38882096.77,0.694,,6180,56061425040,9071428,20260909
199430,KNR SYSTEMS Inc.,케이엔알시스템,KOSDAQ,의료·정밀·광학기기,2025,182,155,27,0.148,6.3,6.04,7.77,1.286,50790483.87,51602592.59,1.016,,18850,211064260550,11197043,20260909
039560,"DASAN Networks, Inc.",다산네트웍스,KOSDAQ,전자부품·컴퓨터·통신장비,2025,182,110,72,0.396,7.02,6.9,7.2,1.043,52677823,31514948,0.598,,2390,102503438520,42888468,20260909
065950,Welcron Company Limited,웰크론,KOSDAQ,섬유제품 제조,2025,181,111,70,0.387,7.04,7.94,5.62,0.708,53729729.73,38885714.29,0.724,,1131,31929602562,28231302,20260909
265560,"Younghwa Tech Co., Ltd.",영화테크,KOSDAQ,자동차·트레일러,2025,181,124,57,0.315,5.21,4.08,7.67,1.88,56000000,12000000,0.214,,6760,72265616800,10690180,20260909
104540,"Corentec Co., Ltd.",코렌텍,KOSDAQ,의료·정밀·광학기기,2025,181,128,53,0.293,5.16,5.6,4.1,0.732,53014000,37505000,0.707,,3995,53562602950,13407410,20260909
011500,HANNONG CHEMICALS INC,한농화성,KOSPI,화학물질·화학제품,2025,181,169,12,0.066,9.45,9.24,12.42,1.344,61620159.76,44441250,0.721,,13570,212194659940,15637042,20260909
450520,"Inswave Co., Ltd.",인스웨이브,KOSDAQ,출판업,2025,181,125,56,0.309,5.73,6.1,4.9,0.803,72000000,50000000,0.694,,1852,27232878456,14704578,20260909
017890,KoreaAlcoholIndustrial,한국알콜,KOSDAQ,화학물질·화학제품,2025,180,161,19,0.106,10.81,11.1,8.4,0.757,75588000,49958000,0.661,,14620,302246657720,20673506,20260909
141080,LigaChem Biosciences Inc.,리가켐바이오,KOSDAQ,연구개발업,2025,180,84,96,0.533,4.84,4.89,4.79,0.98,205047619.05,115208333.33,0.562,,90300,3342853445400,37019418,20260909
067630,"HLB Life Science CO.,LTD.",HLB생명과학,KOSDAQ,의료용 물질·의약품,2025,180,96,84,0.467,2.08,2.29,1.84,0.803,58645916.67,36755226.19,0.627,,2480,302354303840,121917058,20260909
005880,KOREA LINE CORPORATION,대한해운,KOSPI,수상운송,2025,180,155,25,0.139,6.65,6.62,6.83,1.032,94670967.74,71000000,0.75,,2080,671314467200,322747340,20260909
376980,Wanted Lab Inc.,원티드랩,KOSDAQ,출판업,2025,179,89,90,0.503,2.91,2.9,2.91,1.003,76314606.74,60700000,0.795,,3105,30324653370,9766394,20260909
138070,"SINJIN SM CO.,LTD.",신진에스엠,KOSDAQ,금속가공제품,2025,179,147,32,0.179,6.38,6.75,4.67,0.692,46000000,42000000,0.913,,1494,26149786776,17503204,20260909
128540,"ECOCAB CO., LTD.",에코캡,KOSDAQ,자동차·트레일러,2025,179,153,26,0.145,4.54,4.62,4.1,0.887,61123607.84,33870000,0.554,,1144,30533886240,26690460,20260909
253450,Studio Dragon Corporation,스튜디오드래곤,KOSDAQ,영상·오디오 제작,2025,179,71,108,0.603,4.76,4.7,4.8,1.021,103310000,87988000,0.852,,21150,635737232700,30058498,20260909
178600,"DAEDONG KOREA GINSENG CO.,LTD.",대동고려삼,KONEX,식료품 제조,2025,179,84,95,0.531,4.65,4.7,4.6,0.979,43000000,34000000,0.791,,1868,8311852800,4449600,20260909
0008Z0,"S&SYS CO.,LTD",에스엔시스,KOSDAQ,,2025,179,156,23,0.128,4.88,5.12,3.25,0.635,106076923.08,66608695.65,0.628,,23750,224118395000,9436564,20260909
049080,"GIGALANE Co., Ltd.",기가레인,KOSDAQ,전자부품·컴퓨터·통신장비,2025,179,132,47,0.263,7.12,7.12,7.13,1.001,74431818.18,49382978.72,0.663,,8680,73678739120,8488334,20260909
003310,Daejoo Inc.,대주산업,KOSDAQ,식료품 제조,2025,179,117,62,0.346,6.53,7.6,4.5,0.592,54000000,45000000,0.833,,1690,59813071500,35392350,20260909
092870,"Exicon Co., Ltd.",엑시콘,KOSDAQ,기타 기계·장비,2025,179,160,19,0.106,5.49,5.5,5.42,0.985,63000000,51000000,0.81,,27100,353676598700,13050797,20260909
179290,"MITECH CO.,LTD.",엠아이텍,KOSDAQ,의료·정밀·광학기기,2025,179,89,90,0.503,5.28,5.74,4.83,0.841,60833516.85,44744422.22,0.736,,5100,165064957800,32365678,20260909
041920,"MEDIANA Co.,LTD",메디아나,KOSDAQ,의료·정밀·광학기기,2025,179,98,81,0.453,7.71,8.54,6.71,0.786,55137428.57,34407740.74,0.624,,8330,154923197590,18598223,20260909
069460,"DAEHO AL Co.,Ltd.",대호에이엘,KOSPI,1차 금속,2025,179,172,7,0.039,9.77,10,4,0.4,92000000,63000000,0.685,,2660,46322277400,17414390,20260909
015890,"TAEKYUNG INDUSTRIAL CO.,LTD",태경산업,KOSPI,화학물질·화학제품,2025,178,134,44,0.247,8.55,9.39,6,0.639,56540934.09,46485013.45,0.822,,4840,141467150000,29228750,20260909
036120,Seoul Information Service Inc.,서울평가정보,KOSDAQ,정보서비스업,2025,177,90,87,0.492,4.53,4.35,4.71,1.083,55577777.78,42862068.97,0.771,,1682,59113890000,35145000,20260909
093320,"KINX, Inc.",케이아이엔엑스,KOSDAQ,정보서비스업,2025,176,141,35,0.199,5.82,6,5.11,0.852,66000000,62000000,0.939,,141700,691496000000,4880000,20260909
001470,"SAMBU CONSTRUCTION CO.,LTD",삼부토건,KOSPI,종합 건설,2025,176,164,12,0.068,15.89,16.12,12.7,0.788,81388951.81,63152468.33,0.776,,5820,227794235460,39139903,20260909
220260,"Chemtros Co., Ltd.",켐트로스,KOSDAQ,화학물질·화학제품,2025,176,154,22,0.125,6.79,6.78,6.86,1.012,56405103.9,36884863.64,0.654,,3860,123798132300,32072055,20260909
290380,"DAEYU CO., LTD.",대유,,화학물질·화학제품,2025,176,147,29,0.165,5.3,5.4,4.8,0.889,43348000,34144000,0.788,,,,,
052960,"3C TAE YANG CO., LTD.",태양3C,KONEX,자동차 판매,2025,175,50,125,0.714,8.71,11.78,7.48,0.635,53440000,30440000,0.57,,3600,17593480800,4887078,20260909
256630,"POINT ENGINEERING Co., Ltd.",포인트엔지니어링,KOSDAQ,금속가공제품,2025,175,149,26,0.149,6.72,7.25,3.67,0.506,53000000,48000000,0.906,,4360,50573445040,11599414,20260909
160600,"EQUIPMENTS CELL CO.,LTD",이큐셀,,기타 기계·장비,2025,175,156,19,0.109,4.86,5.08,3.08,0.606,54000000,31000000,0.574,,,,,
111110,Hojeon Limited,호전실업,KOSPI,의복 제조,2025,174,75,99,0.569,6.04,4.5,7.2,1.6,72000000,56000000,0.778,,6350,57569100000,9066000,20260909
008970,"KBI DONG YANG STEEL PIPE CO.,LTD",KBI동양철관,KOSPI,1차 금속,2025,174,159,15,0.086,9,9,9,1,68000000,57000000,0.838,,1170,121407281190,103766907,20260909
015590,"DKME Co., Ltd.",DKME,KOSPI,기타 기계·장비,2025,174,159,15,0.086,13.39,13.64,10.7,0.784,87886792.45,58000000,0.66,,1808,96540524864,53396308,20260909
054940,"EXA E&C, Inc",엑사이엔씨,KOSDAQ,전문직별 공사,2025,173,139,34,0.197,6.11,6.09,6.21,1.02,44294964.03,34941176.47,0.789,,3820,25344588380,6634709,20260909
001570,"KUMYANG CO.,LTD",금양,KOSPI,화학물질·화학제품,2025,173,165,8,0.046,3.23,2.81,11.99,4.267,52942060.61,73605250,1.39,,9900,633275240400,63967196,20260909
067290,JW SHINYAK CORPORATION,JW신약,KOSDAQ,의료용 물질·의약품,2025,173,135,38,0.22,7.76,8.39,5.5,0.656,74000000,55000000,0.743,,3865,216583403095,56037103,20260909
039290,InfoBankCorporation,인포뱅크,KOSDAQ,정보서비스업,2025,172,110,62,0.36,7.35,8.58,5.17,0.603,81701000,61494000,0.753,,3850,33471815300,8693978,20260909
052790,"ACTOZ SOFT CO., LTD.",액토즈소프트,KOSDAQ,출판업,2025,172,91,81,0.471,6.63,7.17,6.02,0.84,78406351.65,69064444.44,0.881,,4100,44790642700,10924547,20260909
108860,SELVAS AI Inc.,셀바스AI,KOSDAQ,출판업,2025,172,120,52,0.302,8.05,8.53,6.93,0.812,68504175,47804923.08,0.698,,9150,246270328500,26914790,20260909
034950,Korea Ratings Corporation,한국기업평가,KOSDAQ,사업시설 관리,2025,172,112,60,0.349,11.52,11.9,10.8,0.908,144000000,95000000,0.66,,103400,469489147600,4540514,20260909
078000,"TELCOWARE CO.,LTD.",텔코웨어,KOSPI,정보서비스업,2025,172,136,36,0.209,11.74,12.02,10.68,0.889,83569000,70263000,0.841,,13320,123077825640,9240077,20260909
307750,"KUKJEON Co.,Ltd",국전,KOSDAQ,의료용 물질·의약품,2025,172,116,56,0.326,4.99,5.27,4.4,0.835,75034482.76,56125000,0.748,,2285,123358668080,53986288,20260909
440320,"Openknowl Co.,Ltd.",오픈놀,KOSDAQ,출판업,2025,172,51,121,0.703,1.81,2.22,1.64,0.739,30000000,28000000,0.933,,2285,22804300000,9980000,20260909
008370,WonpoongCorporation,원풍,KOSDAQ,고무·플라스틱,2025,172,153,19,0.11,8,7.24,14.16,1.956,59707800,55631424,0.932,,5040,60480000000,12000000,20260909
304100,SALTLUX Inc,솔트룩스,KOSDAQ,출판업,2025,172,109,63,0.366,3.58,3.67,3.42,0.932,54376000,43034000,0.791,,15860,199738540300,12593855,20260909
230240,"HFR, Inc.",에치에프알,KOSDAQ,전자부품·컴퓨터·통신장비,2025,172,137,35,0.203,7.91,8.6,5.2,0.605,64000000,37000000,0.578,,11870,157977830000,13309000,20260909
011790,SKC LTD,SKC,KOSPI,화학물질·화학제품,2025,172,120,52,0.302,9.27,9.6,8.5,0.885,117000000,82000000,0.701,,92000,4563043416000,49598298,20260909
041960,"KOMIPHARM INTERNATIONAL CO., LTD.",코미팜,KOSDAQ,의료용 물질·의약품,2025,172,82,90,0.523,7.12,7.8,6.5,0.833,60163000,35224000,0.585,,9440,697488512800,73886495,20260909
310870,"DYC CO.,LTD.",디와이씨,KOSDAQ,자동차·트레일러,2025,172,162,10,0.058,9.97,10.2,6.2,0.608,61290114,42596814,0.695,,1615,35405002230,21922602,20260909
064480,BRIDGETECCorp.,브리지텍,KOSDAQ,출판업,2025,171,149,22,0.129,10.93,11.08,9.92,0.895,83143000,64670000,0.778,,2775,33168187500,11952500,20260909
003160,DI CORPORATION,디아이,KOSPI,의료·정밀·광학기기,2025,171,150,21,0.123,9.67,9.5,10.92,1.149,95000000,95000000,1,,31200,882960000000,28300000,20260909
080580,"OKins Electronics Co.,Ltd.",오킨스전자,KOSDAQ,전자부품·컴퓨터·통신장비,2025,171,124,47,0.275,5.6,5.7,5.33,0.935,60398403.23,44546489.36,0.738,,20800,438691864000,21090955,20260909
054540,SAMYOUNG M-TEK C0. LTD.,삼영엠텍,KOSDAQ,금속가공제품,2025,171,152,19,0.111,7.2,7.62,3.87,0.508,58609052.63,35273842.11,0.602,,6720,87360000000,13000000,20260909
290270,"Hunesion co.,ltd",휴네시온,KOSDAQ,출판업,2025,170,138,32,0.188,5.07,5.2,4.5,0.865,65000000,61000000,0.938,,2860,27477941920,9607672,20260909
133820,"FINEBESTEEL CO., LTD",화인베스틸,KOSPI,1차 금속,2025,170,162,8,0.047,8.38,8.41,7.75,0.922,77117185.19,43447000,0.563,,1010,37485647020,37114502,20260909
134790,"Sidiz, Inc.",시디즈,KOSPI,가구 제조,2025,170,97,73,0.429,8.03,9.74,5.75,0.59,52561577.81,36247511.97,0.69,,19220,38440000000,2000000,20260909
003580,"HLB GLOBAL Co., Ltd.",HLB글로벌,KOSPI,소매업,2025,170,77,93,0.547,3.28,5.05,1.82,0.36,55867000,31790000,0.569,,1646,83392129230,50663505,20260909
045510,ZUNGWON EN-SYS INC.,정원엔시스,KOSDAQ,도매·상품중개,2025,170,138,32,0.188,7.13,7.36,6.16,0.837,59117913.04,43776812.5,0.74,,1136,35761231152,31479957,20260909
418550,"JEIO Co., Ltd.",제이오,KOSDAQ,건축기술·엔지니어링,2025,170,144,26,0.153,,,,,56019541.67,38882153.85,0.694,,4820,154325183860,32017673,20260909
069730,DSR WIRE CORP,DSR제강,KOSPI,1차 금속,2025,170,155,15,0.088,12.33,12.81,7.41,0.578,95054000,68222000,0.718,,5390,77616000000,14400000,20260909
279600,"MediaZen, Inc.",미디어젠,KOSDAQ,출판업,2025,170,103,67,0.394,5.09,4.97,5.27,1.06,64000000,46000000,0.719,,3915,18340917615,4684781,20260909
182360,"CUBE ENTERTAINMENT, INC.",큐브엔터,KOSDAQ,영상·오디오 제작,2025,170,59,111,0.653,2.19,3.33,1.58,0.474,62000000,48000000,0.774,,5850,90935828100,15544586,20260909
155660,DSR CORP,DSR,KOSPI,1차 금속,2025,169,147,22,0.13,11.19,11.67,7.95,0.681,93197000,57829000,0.621,,4355,69680000000,16000000,20260909
002230,"PS Tec. Co., Ltd.",피에스텍,KOSDAQ,의료·정밀·광학기기,2025,169,91,78,0.462,5.51,6.89,3.89,0.565,57350000,31880000,0.556,,5050,93026403500,18421070,20260909
001490,CHONJI CORPORATION,천지산업,,도매·상품중개,2025,169,139,30,0.178,6.9,6.95,6.66,0.958,45000000,39000000,0.867,,,,,
025870,"SILLA SG CO., LTD.",신라에스지,KOSDAQ,도매·상품중개,2025,169,81,88,0.521,6.76,7.67,5.92,0.772,53011000,34548000,0.652,,1018,4072000000,4000000,20260909
020710,"SIGONG TECH Co.,Ltd.",시공테크,KOSDAQ,기타 과학기술 서비스,2025,169,95,74,0.438,7.43,9.27,5.06,0.546,83677000,62804000,0.751,,3660,73375570200,20047970,20260909
088130,"DONGAELTEKCo.,Ltd",동아엘텍,KOSDAQ,기타 기계·장비,2025,169,151,18,0.107,8.59,8.83,6.58,0.745,64000000,39000000,0.609,,5400,94420695600,17485314,20260909
308170,"CTR Mobility Co.,Ltd.",씨티알모빌리티,KOSPI,자동차·트레일러,2025,169,154,15,0.089,7.91,8.08,6.15,0.761,80123376.62,46533333.33,0.581,,3460,29790600000,8610000,20260909
228670,"Ray Co., Ltd.",레이,KOSDAQ,의료·정밀·광학기기,2025,168,136,32,0.19,5.7,5.89,4.87,0.827,62550000,51921000,0.83,,4600,71944096600,15640021,20260909
083500,"FNS TECH. Co.,Ltd.",에프엔에스테크,KOSDAQ,기타 기계·장비,2025,168,157,11,0.065,6.67,6.75,5.5,0.815,60448000,34167000,0.565,,11100,92200784700,8306377,20260909
038460,"BioSmart Co., Ltd.",바이오스마트,KOSDAQ,전자부품·컴퓨터·통신장비,2025,168,103,65,0.387,9.64,10.1,8.9,0.881,64000000,46000000,0.719,,2695,68114890690,25274542,20260909
184230,"SGA Solutions Co.,Ltd.",SGA솔루션즈,KOSDAQ,출판업,2025,168,135,33,0.196,1.76,1.87,1.29,0.69,43682970.37,32505181.82,0.744,,1827,34409630304,18833952,20260909
302430,"INNOMETRY Co., Ltd.",이노메트리,KOSDAQ,기타 기계·장비,2025,167,142,25,0.15,2.47,2.5,2.33,0.932,60340000,39275000,0.651,,8810,86366262480,9803208,20260909
041910,Polaris AI Pharma Corp.,폴라리스AI파마,KOSDAQ,의료용 물질·의약품,2025,167,111,56,0.335,8.13,8.4,7.6,0.905,56000000,43000000,0.768,,5440,72261424000,13283350,20260909
000680,LS Networks Corporation Limited,LS네트웍스,KOSPI,도매·상품중개,2025,167,118,49,0.293,10.6,12,7.24,0.603,65364406.78,44918367.35,0.687,,2950,232468897200,78803016,20260909
036640,"HRS Co., Ltd",HRS,KOSDAQ,화학물질·화학제품,2025,167,138,29,0.174,9.93,10.4,7.7,0.74,68000000,60000000,0.882,,4940,80792712000,16354800,20260909
041020,Polaris Office Corp.,폴라리스오피스,KOSDAQ,출판업,2025,166,111,55,0.331,7.21,8.48,4.64,0.547,63594594.59,54254545.45,0.853,,3005,149299797965,49683793,20260909
027050,"COREANA COSMETICS CO., LTD",코리아나,KOSDAQ,화학물질·화학제품,2025,166,87,79,0.476,9.72,11.5,7.75,0.674,56744768,47344993,0.834,,1314,52560000000,40000000,20260909
079810,"APS Innovation Co., Ltd.",APS이노베이션,KOSDAQ,전기장비,2025,166,150,16,0.096,3.83,3.93,2.93,0.746,62331000,55195000,0.886,,3890,83744285660,21528094,20260909
187870,"DEVICE CO.,Ltd",디바이스,KOSDAQ,기타 기계·장비,2025,166,150,16,0.096,8.63,8.88,6.31,0.711,83542000,61660000,0.738,,10310,142925179320,13862772,20260909
091090,"SEWON E&C CO.,LTD.",세원이앤씨,,금속가공제품,2025,166,146,20,0.12,12.9,13.74,6.77,0.493,69109589.04,40550000,0.587,,,,,
037710,"GwangjuShinsegae. Co.,Ltd.",광주신세계,KOSPI,소매업,2025,165,47,118,0.715,17.4,14.9,18.39,1.234,90000000,55000000,0.611,,35500,270764606000,7627172,20260909
338220,"VUNO, Inc.",뷰노,KOSDAQ,출판업,2025,165,100,65,0.394,2.97,3.17,2.66,0.839,86303060,71660953.85,0.83,,5050,70709206150,14001823,20260909
025550,"HANKUK STEEL WIRE CO., LTD.",한국선재,KOSDAQ,1차 금속,2025,165,150,15,0.091,9.45,9.6,7.9,0.823,53372000,43741000,0.82,,2120,54089688480,25514004,20260909
016670,"DMOA Co., Ltd",디모아,KOSDAQ,도매·상품중개,2025,165,105,60,0.364,4.23,4.56,3.65,0.8,77962810.33,38499693.5,0.494,,2510,25587527340,10194234,20260909
900300,ORGANIC TEA COSMETICS HOLDINGS COMPANY LIMITED,오가닉티코스메틱,KOSDAQ,금융업,2025,164,105,59,0.36,10.61,10.86,10.17,0.936,30542.89,25237.85,0.826,,3350,68943324950,20580097,20260909
122640,"YEST Co.,Ltd.",예스티,KOSDAQ,기타 기계·장비,2025,164,148,16,0.098,3.14,3.25,2.08,0.64,51000000,38000000,0.745,,31350,678769038750,21651325,20260909
417500,"JI-TECH Co., Ltd.",제이아이테크,KOSDAQ,화학물질·화학제품,2025,164,115,49,0.299,2.88,3.13,2.31,0.738,44092747.83,28547367.35,0.647,,3945,129335815080,32784744,20260909
432720,"QUALITAS SEMICONDUCTOR CO., LTD.",퀄리타스반도체,KOSDAQ,전자부품·컴퓨터·통신장비,2025,164,127,37,0.226,3.29,3.4,2.9,0.853,89968000,61982000,0.689,,8970,127262520840,14187572,20260909
124500,"ITCENGLOBAL CO.,LTD.",아이티센글로벌,KOSDAQ,컴퓨터 프로그래밍·SI,2025,164,129,35,0.213,3.39,3.58,2.67,0.746,71060000,53006000,0.746,,32100,744865316700,23204527,20260909
105840,WOOJIN INC,우진,KOSPI,의료·정밀·광학기기,2025,163,140,23,0.141,11.58,12,9,0.75,85452000,57501000,0.673,,15660,316295512200,20197670,20260909
246960,SCL Science Inc.,SCL사이언스,KOSDAQ,의료용 물질·의약품,2025,163,126,37,0.227,1.32,0.98,2.49,2.541,80858317.46,64992972.97,0.804,,2270,77218696690,34017047,20260909
263920,"HuM&C Co., Ltd.",휴엠앤씨,KOSDAQ,기타 제품 제조,2025,163,74,89,0.546,4.03,3.25,4.67,1.437,55000000,42000000,0.764,,3230,31683153980,9809026,20260909
005250,GC Corp.,녹십자홀딩스,KOSPI,전문서비스업,2025,163,99,64,0.393,5.62,5.7,5.5,0.965,86000000,67000000,0.779,,9810,461346740100,47028210,20260909
474610,"RF Systems Co., Ltd.",RF시스템즈,KOSDAQ,금속가공제품,2025,163,137,26,0.16,4.13,4.17,3.92,0.94,59156000,46392000,0.784,,6920,99753322400,14415220,20260909
025320,Synopex Inc.,시노펙스,KOSDAQ,전자부품·컴퓨터·통신장비,2025,162,138,24,0.148,5.97,5.73,7.37,1.286,70615942.03,61666666.67,0.873,,3840,354056459520,92202203,20260909
046890,"SEOUL SEMICONDUCTOR CO., LTD.",서울반도체,KOSDAQ,전자부품·컴퓨터·통신장비,2025,162,96,66,0.407,8.18,8.67,7.46,0.86,66062500,25454545.45,0.385,,9850,574308190000,58305400,20260909
104480,TK CHEMICAL CORPORATION,티케이케미칼,KOSDAQ,화학물질·화학제품,2025,162,136,26,0.16,18.26,19.5,11.8,0.605,75000000,45000000,0.6,,1726,156885519084,90895434,20260909
032820,"Woori Technology, Incorporation",우리기술,KOSDAQ,전기장비,2025,162,138,24,0.148,9.16,8.93,10.46,1.171,74326086.96,57833333.33,0.778,,14320,2474275643840,172784612,20260909
039980,Polaris AI Corp.,폴라리스AI,KOSDAQ,컴퓨터 프로그래밍·SI,2025,162,113,49,0.302,7.87,9.22,4.76,0.516,48026548.67,39020408.16,0.812,,5270,75788997780,14381214,20260909
045520,"Clean & Science Co., Ltd",크린앤사이언스,KOSDAQ,기타 기계·장비,2025,161,139,22,0.137,8.93,9.07,8.05,0.888,63938661.87,38791636.36,0.607,,2925,19012500000,6500000,20260909
089790,JT Corporation.,제이티,KOSDAQ,기타 기계·장비,2025,161,149,12,0.075,6.14,6.24,4.9,0.785,56000000,35000000,0.625,,4765,49153419445,10315513,20260909
007720,"SONO SQUARE CO.,LTD.",소노스퀘어,KOSDAQ,도매·상품중개,2025,161,85,76,0.472,6.98,8,5.83,0.729,50143000,33780000,0.674,,1199,24171947910,20160090,20260909
189980,"HYUNGKUK F&B Co.,Ltd",흥국에프엔비,KOSDAQ,음료 제조,2025,161,111,50,0.311,4.86,5.17,4.17,0.807,55296000,41876000,0.757,,1167,46840844109,40137827,20260909
277810,Rainbow Robotics,레인보우로보틱스,KOSDAQ,기타 기계·장비,2025,161,135,26,0.161,2.55,2.58,2.42,0.938,43100000,33327000,0.773,,445500,8642636739000,19399858,20260909
466100,"CLOBOT Co., Ltd.",클로봇,KOSDAQ,출판업,2025,161,130,31,0.193,2.63,2.66,2.49,0.936,47137076.92,34295967.74,0.728,,23450,725865179550,30953739,20260909
036090,"WIZIT Co., Ltd.",위지트,KOSDAQ,기타 기계·장비,2025,161,147,14,0.087,8.08,,8.08,,54787000,39072000,0.713,,1333,56719835162,42550514,20260909
354320,"ALMAC CO., Ltd",알멕,KOSDAQ,1차 금속,2025,161,146,15,0.093,7.25,7.67,3.17,0.413,62212000,33370000,0.536,,35550,227213594550,6391381,20260909
196170,Alteogen Inc.,알테오젠,KOSDAQ,연구개발업,2025,161,70,91,0.565,4.06,4,4.1,1.025,235928546,82329760,0.349,,279500,19468609673500,69655133,20260909
332290,"NOUSBO CO., LTD",누보,KOSDAQ,화학물질·화학제품,2025,161,116,45,0.28,4.08,4.5,3,0.667,58535000,38181000,0.652,,897,35607533559,39696247,20260909
254120,"XAVIS CO., Ltd.",자비스,KOSDAQ,기타 기계·장비,2025,160,134,26,0.163,3.27,3.42,2.5,0.731,55000000,35000000,0.636,,1039,31953686530,30754270,20260909
408920,"Messe eSang Co.,Ltd",메쎄이상,KOSDAQ,사업시설 관리,2025,160,71,89,0.556,3.3,4.08,2.67,0.654,63513000,49694000,0.782,,3010,130129689550,43232455,20260909
001780,"ALUKO CO.,LTD.",알루코,KOSPI,1차 금속,2025,160,152,8,0.05,13,13.33,6.75,0.506,57000000,44000000,0.772,,1606,155509191992,96830132,20260909
318020,"POINT MOBILE Co., Ltd.",포인트모바일,KOSDAQ,전자부품·컴퓨터·통신장비,2025,160,113,47,0.294,5.94,6.92,3.58,0.517,66245000,40005000,0.604,,2580,31737281760,12301272,20260909
241790,"TEMC CNS Co., Ltd.",티이엠씨씨엔에스,KOSDAQ,기타 기계·장비,2025,160,140,20,0.125,3.87,3.92,3.5,0.893,60000000,39000000,0.65,,6180,61816278120,10002634,20260909
273060,Wise birds Inc.,와이즈버즈,KOSDAQ,전문서비스업,2025,160,50,110,0.688,3.41,2.45,3.84,1.567,70299220,42640018.18,0.607,,4145,40740608120,9828856,20260909
087010,"Peptron, Inc.",펩트론,KOSDAQ,의료용 물질·의약품,2025,160,90,70,0.438,3.22,3,3.5,1.167,60607000,54786000,0.904,,146500,3415991775000,23317350,20260909
054300,"Panstar Enterprise Co., Ltd.",팬스타엔터프라이즈,KOSDAQ,기타 기계·장비,2025,160,139,21,0.131,4.82,5.03,3.4,0.676,43701302.3,37539473.1,0.859,,1135,65683522575,57870945,20260909
001840,EehwaConstruction,이화공영,KOSDAQ,종합 건설,2025,160,142,18,0.113,5.81,6,4.3,0.717,50592000,42654000,0.843,,2215,62588831935,28256809,20260909
001080,MANHO ROPE & WIRE LTD,만호제강,KOSPI,1차 금속,2025,160,149,11,0.069,9.2,9.17,9.62,1.049,54456000,43513000,0.799,,3950,138704092000,35114960,20260909
064850,FnGuide Inc.,에프앤가이드,KOSDAQ,정보서비스업,2025,160,97,63,0.394,5.59,5.33,6,1.126,61864000,52898000,0.855,,17440,198996190080,11410332,20260909
063760,ELP Corp.,이엘피,KOSDAQ,의료·정밀·광학기기,2025,159,140,19,0.119,5.82,6.07,4,0.659,45642857.14,33631578.95,0.737,,2305,21494424650,9325130,20260909
056360,"COWEAVER Co.,Ltd.",코위버,KOSDAQ,전자부품·컴퓨터·통신장비,2025,159,137,22,0.138,9.72,10,8,0.8,67638000,40554000,0.6,,5290,51825072000,9796800,20260909
217190,Genesem Inc.,제너셈,KOSDAQ,기타 기계·장비,2025,159,144,15,0.094,4.91,5,4,0.8,64900,35266,0.543,,6430,84578683230,13153761,20260909
060150,INSUN ENVIRONMENTAL NEW TECHNOLOGY CO.,인선이엔티,KOSDAQ,폐기물 수집·처리,2025,159,126,33,0.208,8,8.55,5.88,0.688,58715149.21,35946008.7,0.612,,2960,134868291520,45563612,20260909
013700,CAMUS ENGINEERING & CONSTRUCTION Inc.,까뮤이앤씨,KOSPI,종합 건설,2025,159,142,17,0.107,11.54,11.63,10.78,0.927,80021126.76,55235294.12,0.69,,1658,99066876140,59750830,20260909
033340,"GOOD PEOPLE CO., LTD.",좋은사람들,KOSDAQ,의복 제조,2025,159,85,74,0.465,11.16,11.67,10.58,0.907,63004713,52388050,0.831,,508,49250883464,96950558,20260909
038010,"JEIL TECHNOS CO.,LTD",제일테크노스,KOSDAQ,금속가공제품,2025,158,144,14,0.089,15.02,15.6,9,0.577,70973583,45209797,0.637,,5330,47970000000,9000000,20260909
362990,"DREAMINSIGHT Co., Ltd.",드림인사이트,KOSDAQ,전문서비스업,2025,158,55,103,0.652,2.74,3.33,2.42,0.727,50000000,42000000,0.84,,1227,20614304298,16800574,20260909
014590,"GOLDEN & LUXURY Co., Ltd",지앤엘,,스포츠·오락,2025,158,108,50,0.316,6.53,6.5,6.6,1.015,42000000,37000000,0.881,,,,,
001020,PaperCorea Inc.,페이퍼코리아,KOSPI,펄프·종이 제조,2025,158,149,9,0.057,18.84,19.4,9.5,0.49,94000000,55000000,0.585,,2450,87211821900,35596662,20260909
352940,"ENBIOCO., LTD.",인바이오,KOSDAQ,화학물질·화학제품,2025,158,119,39,0.247,4.92,5,4.67,0.934,47011000,35708000,0.76,,2005,21789798650,10867730,20260909
140670,"RS AUTOMATION CO.,LTD.",알에스오토메이션,KOSDAQ,전자부품·컴퓨터·통신장비,2025,157,124,33,0.21,7.47,7.6,7,0.921,58000000,32000000,0.552,,10300,132250352000,12839840,20260909
186230,"GREEN PLUS Co., Ltd.",그린플러스,KOSDAQ,1차 금속,2025,157,138,19,0.121,4.73,4.84,3.95,0.816,60175367.99,48326006.53,0.803,,3475,37947653300,10920188,20260909
197140,"DigiCAP Co., Ltd.",디지캡,KOSDAQ,출판업,2025,157,105,52,0.331,5.91,6.9,3.9,0.565,76476000,46293000,0.605,,2400,31231569600,13013154,20260909
039420,KL-Net Corp.,케이엘넷,KOSDAQ,통신업,2025,157,117,40,0.255,9.47,9.9,8.2,0.828,67000000,58000000,0.866,,2765,63448438410,22946994,20260909
155650,"YMC Co., Ltd.",와이엠씨,KOSDAQ,전자부품·컴퓨터·통신장비,2025,156,136,20,0.128,6.59,6.58,6.67,1.014,54000000,47000000,0.87,,3095,58725638010,18974358,20260909
009900,MYOUNG SHIN INDUSTRY,명신산업,KOSPI,자동차·트레일러,2025,156,153,3,0.019,10.5,10.5,10.33,,78000000,52000000,,fewer than 5 of one sex,8310,436026805230,52470133,20260909
289930,Wavice Inc.,웨이비스,KOSDAQ,전자부품·컴퓨터·통신장비,2025,156,128,28,0.179,2.92,3.1,2.1,0.677,70000000,45000000,0.643,,6880,90465188800,13149010,20260909
006340,"DAWON CABLE CO.,LTD",대원전선,KOSPI,전기장비,2025,156,150,6,0.038,11.63,11.67,10.58,0.907,73551000,59287000,0.806,,13500,1058594616000,78414416,20260909
351330,"ISAAC Engineering Co., Ltd.",이삭엔지니어링,KOSDAQ,컴퓨터 프로그래밍·SI,2025,155,130,25,0.161,5.6,5,8.7,1.74,57000000,50000000,0.877,,3430,28429623600,8288520,20260909
290650,"L&C BIO Co., Ltd",엘앤씨바이오,KOSDAQ,의료용 물질·의약품,2025,155,90,65,0.419,3.54,4.53,2.17,0.479,54676100,43130984.62,0.789,,52500,1415909460000,26969704,20260909
078520,ABLE C&C,에이블씨엔씨,KOSPI,화학물질·화학제품,2025,155,49,106,0.684,4.46,5.76,3.86,0.67,71000000,52000000,0.732,,10390,270287132790,26014161,20260909
098070,HANTECH LTD.,한텍,KOSDAQ,금속가공제품,2025,155,139,16,0.103,9.42,9.45,9.17,0.97,77403143.88,54649125,0.706,,26850,298602635850,11121141,20260909
133750,"MegaMD Co., Ltd.",메가엠디,KOSDAQ,교육서비스업,2025,155,74,81,0.523,4.43,6,3,0.5,48000000,37000000,0.771,,1494,34970173038,23407077,20260909
101170,"WOORIM POWER TRAIN SOLUTION Co., Ltd.",우림피티에스,KOSDAQ,기타 기계·장비,2025,155,141,14,0.09,4.92,5.06,3.48,0.688,62670652.48,37216000,0.594,,7980,107730000000,13500000,20260909
137080,NARAE NANOTECH CORPORATION,나래나노텍,KOSDAQ,기타 기계·장비,2025,155,130,25,0.161,5.85,6.2,4,0.645,56667000,30494000,0.538,,6390,68436574110,10709949,20260909
013890,ZINUS INC.,지누스,KOSPI,가구 제조,2025,154,103,51,0.331,7.23,8.42,4.83,0.574,87000000,53000000,0.609,,7650,167732469450,21925813,20260909
241560,Doosan Bobcat Inc.,두산밥캣,KOSPI,기타 기계·장비,2025,153,96,57,0.373,3.84,3.8,3.9,1.026,161000000,105000000,0.652,,63600,6096445734000,95856065,20260909
950140,"Englewood Lab, Inc.",잉글우드랩,KOSDAQ,화학물질·화학제품,2025,153,71,82,0.536,4.84,5.7,4.1,0.719,78314000,63428000,0.81,,8350,165896681100,19867866,20260909
295310,"HVM CO.,LTD.",에이치브이엠,KOSDAQ,1차 금속,2025,153,140,13,0.085,2.83,2.79,3.27,1.172,58539607.14,41402000,0.707,,49950,614346238800,12299224,20260909
253840,"Sugentech, Inc.",수젠텍,KOSDAQ,의료용 물질·의약품,2025,153,79,74,0.484,4.37,4.3,4.44,1.033,53759061.05,44387443.39,0.826,,4530,75846696000,16743200,20260909
328380,"Saltware Co., Ltd.",솔트웨어,KOSDAQ,컴퓨터 프로그래밍·SI,2025,153,120,33,0.216,3.91,4.17,2.98,0.715,56890908.33,38116363.64,0.67,,4060,27821373300,6852555,20260909
258790,"SOFTCAMP Co., Ltd.",소프트캠프,KOSDAQ,출판업,2025,153,122,31,0.203,6.06,6.58,4,0.608,64199000,43362000,0.675,,5920,29589675520,4998256,20260909
0015N0,AROMATICA CO.,아로마티카,KOSDAQ,,2025,153,50,103,0.673,2.7,3.1,2.5,0.806,58000000,41000000,0.707,,10460,131554604120,12576922,20260909
002360,"SH ENERGY & CHEMICAL CO.,LTD",SH에너지화학,KOSPI,화학물질·화학제품,2025,153,142,11,0.072,12.13,12.5,7.4,0.592,69000000,45000000,0.652,,1668,18537106164,11113373,20260909
037270,"YG PLUS, INC.",YG PLUS,KOSPI,정보서비스업,2025,153,50,103,0.673,2.81,3.23,2.6,0.805,82000000,49000000,0.598,,3125,198947218750,63663110,20260909
004830,"DCKSUNG CO.,LTD",덕성,KOSPI,고무·플라스틱,2025,152,134,18,0.118,11.45,11.5,11.1,0.965,45852000,34383000,0.75,,3320,52057600000,15680000,20260909
113810,"Dgenx Co., Ltd.",디젠스,KOSDAQ,자동차·트레일러,2025,152,145,7,0.046,16.63,17.1,6.9,0.404,80609000,49061000,0.609,,2990,19511573900,6525610,20260909
348210,NEXTIN Inc.,넥스틴,KOSDAQ,기타 기계·장비,2025,152,152,,,3.91,3.91,,,86853789.47,,,not reported,31650,331597208250,10477005,20260909
023960,"SC ENGINEERING CO., LTD",에쓰씨엔지니어링,KOSPI,종합 건설,2025,152,130,22,0.145,5.52,5.92,3.13,0.529,66538461.54,42000000,0.631,,1060,40318131380,38035973,20260909
204620,"Global Tax Free Co., Ltd.",글로벌텍스프리,KOSDAQ,금융·보험 관련 서비스,2025,152,67,85,0.559,5.9,5.4,6.3,1.167,64000000,39000000,0.609,,5440,382341315200,70283330,20260909
043340,"ESSEN TECH CO.,LTD.",에쎈테크,KOSDAQ,기타 기계·장비,2025,152,103,49,0.322,7.68,8,7,0.875,56000000,47000000,0.839,,815,38712500000,47500000,20260909
066980,"HANSUNG CLEANTECH CO., LTD.",한성크린텍,KOSDAQ,건축기술·엔지니어링,2025,152,131,21,0.138,5.31,5.47,4.28,0.782,76011297.71,47071285.71,0.619,,1516,81517143748,53771203,20260909
191600,"BLUETOP CO.,LTD.",블루탑,KONEX,전자부품·컴퓨터·통신장비,2025,151,114,37,0.245,3,2.75,3.75,1.364,50000000,37000000,0.74,,12450,35593653600,2858928,20260909
210980,"SK D&D Co.,Ltd.",SK디앤디,KOSPI,부동산업,2025,151,101,50,0.331,4.6,4.7,4.4,0.936,115000000,85000000,0.739,,3750,69815182500,18617382,20260909
171120,"LION CHEMTECH CO., Ltd.",라이온켐텍,KOSDAQ,화학물질·화학제품,2025,151,130,21,0.139,8.16,8.83,4,0.453,56000000,32000000,0.571,,2000,71803520000,35901760,20260909
015710,"KOCOM CO., LTD",코콤,KOSDAQ,전자부품·컴퓨터·통신장비,2025,151,126,25,0.166,10.37,10.47,9.84,0.94,56000000,43000000,0.768,,2935,51452017500,17530500,20260909
058400,KOREA NEW NETWORK CORPORATION,KNN,KOSDAQ,방송업,2025,151,120,31,0.205,15.02,16.92,7.67,0.453,104000000,67000000,0.644,,6200,82106426400,13242972,20260909
368770,"FIBERPRO, Inc.",파이버프로,KOSDAQ,의료·정밀·광학기기,2025,151,85,66,0.437,6.53,8.5,4,0.471,72000000,38000000,0.528,,12690,416920115250,32854225,20260909
014990,In the F,인디에프,KOSPI,의복 제조,2025,151,61,90,0.596,6.42,9.75,4.17,0.428,67926000,51912000,0.764,,4175,62719350825,15022599,20260909
203450,"UNION biometrics Co., Ltd.",유니온바이오메트릭스,KOSDAQ,전자부품·컴퓨터·통신장비,2025,151,123,28,0.185,6.3,7,3.25,0.464,52406000,34928000,0.666,,2615,36816603305,14079007,20260909
028300,"HLB Co.,LTD.",HLB,KOSDAQ,의료용 물질·의약품,2025,151,57,94,0.623,4.68,4.77,4.62,0.969,88616000,43590765.96,0.492,,31500,4195744024500,133198223,20260909
094480,"GalaxiaMoneytree Co.,Ltd.",갤럭시아머니트리,KOSDAQ,출판업,2025,150,76,74,0.493,6.17,6.34,5.99,0.945,79000000,59000000,0.747,,5810,227925358780,39229838,20260909
278650,"HLB bioStep Co.,Ltd.",HLB바이오스텝,KOSDAQ,연구개발업,2025,150,93,57,0.38,4.36,4.68,3.85,0.823,69608483.87,48849754.39,0.702,,2300,40094510800,17432396,20260909
232680,RAON ROBOTICS Inc.,라온로보틱스,KOSDAQ,기타 기계·장비,2025,150,142,8,0.053,4.62,4.5,6.8,1.511,58922000,53886000,0.915,,9370,124222775000,13257500,20260909
900310,"Coloray International Investment Co., Limited",컬러레이,KOSDAQ,금융업,2025,149,99,50,0.336,6.43,6.53,6.23,0.954,22960138.17,20584259.74,0.897,,2160,27666003600,12808335,20260909
348340,"Neuromeka Co., Ltd.",뉴로메카,KOSDAQ,기타 기계·장비,2025,149,122,27,0.181,2.12,2.1,2.2,1.048,64000000,44000000,0.688,,18200,426033316800,23408424,20260909
003830,"DAEHAN SYNTHETIC FIBRER CO.,LTD",대한화섬,KOSPI,화학물질·화학제품,2025,149,133,16,0.107,13.36,14.2,6.4,0.451,75000000,44000000,0.587,,114200,151657600000,1328000,20260909
310210,"Voronoi, Inc.",보로노이,KOSDAQ,연구개발업,2025,149,72,77,0.517,3.75,3.8,3.7,0.974,104000000,60000000,0.577,,148300,2747042168400,18523548,20260909
123890,"KOREA ASSET IN TRUST Co., Ltd",한국자산신탁,KOSPI,금융업,2025,149,120,29,0.195,8.01,7.49,10.17,1.358,112116666.67,78275862.07,0.698,,2525,308994163150,122373926,20260909
462860,Dozn Inc.,더즌,KOSDAQ,통신업,2025,149,103,46,0.309,2.64,2.62,2.7,1.031,93766990.29,68891304.35,0.735,,3320,238231656360,71756523,20260909
024940,"PNPOONGNYUN CO.,LTD",PN풍년,KOSDAQ,도매·상품중개,2025,148,104,44,0.297,9.07,9.82,7.3,0.743,44566730.77,42248795.45,0.948,,1871,18710000000,10000000,20260909
006660,"SAMSUNG CLIMATE CONTROL CO.,LTD",삼성공조,KOSPI,자동차·트레일러,2025,148,115,33,0.223,11,11.8,8.2,0.695,49516000,53314000,1.077,,13190,107186081660,8126314,20260909
093240,HYUNGJI ELITE INC.,형지엘리트,KOSPI,의복 제조,2025,148,48,100,0.676,2.89,3.17,2.75,0.868,54724750,43425980,0.794,,323,19829053657,61390259,20260909
012620,WonilSpecialSteel,원일특강,KOSDAQ,1차 금속,2025,148,120,28,0.189,7.88,7.75,8.42,1.086,64000000,43000000,0.672,,7010,30844000000,4400000,20260909
008700,"ANAM ELECTRONICS CO.,LTD",아남전자,KOSPI,전자부품·컴퓨터·통신장비,2025,148,136,12,0.081,7.84,8,6,0.75,60000000,38000000,0.633,,1280,98719769600,77124820,20260909
102950,"AHA Co.,Ltd",아하,KONEX,전자부품·컴퓨터·통신장비,2025,148,120,28,0.189,3.48,3.5,3.39,0.969,36000000,31000000,0.861,,1744,22884598832,13121903,20260909
027580,"SANGBOCo.,Ltd",상보,KOSDAQ,고무·플라스틱,2025,148,134,14,0.095,10.4,10.6,8.5,0.802,69000000,43000000,0.623,,1600,18938008000,11836255,20260909
049470,"BITPLANET Co.,Ltd.",비트플래닛,KOSDAQ,출판업,2025,148,114,34,0.23,2.13,2.18,1.98,0.908,50450483.45,50483767.47,1.001,,2425,57096380075,23544899,20260909
323280,"TAESUNG CO.,LTD.",태성,KOSDAQ,기타 기계·장비,2025,148,137,11,0.074,4.69,4.74,4.07,0.859,53462094.89,37914636.36,0.709,,47650,1455134747000,30537980,20260909
361390,"Genohco, Inc",제노코,KOSDAQ,전자부품·컴퓨터·통신장비,2025,147,123,24,0.163,3.42,3.7,1.98,0.535,51221560.98,38438833.33,0.75,,12270,119465394870,9736381,20260909
003720,"SAMYOUNG CO.,LTD.",삼영,KOSPI,고무·플라스틱,2025,147,136,11,0.075,11.61,12.13,5.18,0.427,49669117.65,44727272.73,0.901,,6180,210120000000,34000000,20260909
377220,"From Bio Co., Ltd.",프롬바이오,KOSDAQ,식료품 제조,2025,147,64,83,0.565,2.26,2.17,2.33,1.074,43000000,34000000,0.791,,2980,16872760000,5662000,20260909
046440,"KG Financial Co., Ltd.",KG파이낸셜,KOSDAQ,출판업,2025,147,75,72,0.49,4.84,4.6,5.1,1.109,50000000,43000000,0.86,,4210,152614125060,36250386,20260909
372320,Curocell Inc.,큐로셀,KOSDAQ,연구개발업,2025,146,65,81,0.555,2.65,2.64,2.65,1.004,56267784.62,53135296.3,0.944,,24000,365451648000,15227152,20260909
014950,"SAMIK PHARM. CO.,LTD.",삼익제약,KOSDAQ,의료용 물질·의약품,2025,146,72,74,0.507,7.2,7.58,6.83,0.901,63000000,47000000,0.746,,9010,90708967880,10067588,20260909
356680,"AXGATE Co., Ltd.",엑스게이트,KOSDAQ,출판업,2025,145,126,19,0.131,5.4,5.6,4.1,0.732,72000000,44000000,0.611,,12610,359933434120,28543492,20260909
071850,"CASTEC KOREA CO.,LTD",캐스텍코리아,KOSDAQ,자동차·트레일러,2025,145,140,5,0.034,12.6,12.67,10.5,0.829,69943000,44182000,0.632,,1254,30423216252,24260938,20260909
095270,"WaveElectronicsCo.,Ltd.",웨이브일렉트로,KOSDAQ,의료·정밀·광학기기,2025,145,114,31,0.214,7.12,7.12,7.1,0.997,69754385.96,41903225.81,0.601,,4160,59789208960,14372406,20260909
000070,Samyang Holdings Corporation,삼양홀딩스,KOSPI,금융업,2025,145,85,60,0.414,11.3,13.2,8.6,0.652,114035000,69616000,0.61,,60300,468120417300,7763191,20260909
296640,"INNOAX CO.,LTD",이노에이엑스,KOSDAQ,출판업,2025,145,93,52,0.359,4.73,5,4.25,0.85,88000000,62000000,0.705,,6160,31898032320,5178252,20260909
061250,"HWAIL PHARM. CO., LTD",화일약품,KOSDAQ,의료용 물질·의약품,2025,145,97,48,0.331,8.54,9.1,7.4,0.813,67000000,51000000,0.761,,8130,68434957920,8417584,20260909
105560,KB Financial Group Inc.,KB금융,KOSPI,금융업,2025,144,107,37,0.257,3.66,3.83,3.17,0.828,209000000,166000000,0.794,,172000,61006290248000,354687734,20260909
382800,"GnBS eco Co.,Ltd",지앤비에스 에코,KOSDAQ,기타 기계·장비,2025,144,132,12,0.083,4.29,4.1,6.36,1.551,54810000,52790000,0.963,,5090,162019998690,31831041,20260909
035810,"Easy Holdings Co., Ltd.",이지홀딩스,KOSDAQ,식료품 제조,2025,144,99,45,0.313,6.93,7.17,6.4,0.893,93000000,57000000,0.613,,4600,296774451000,64516185,20260909
006250,"KUKDONG ELECTRIC WIRE CO.,LTD",극동전선,,전기장비,2025,144,127,17,0.118,15.12,16.6,4.1,0.247,85000000,53000000,0.624,,,,,
176750,"DuChemBio Co, LTD",듀켐바이오,KOSDAQ,의료용 물질·의약품,2025,144,115,29,0.201,4.7,5.08,3.17,0.624,45410000,40793000,0.898,,6160,175490515200,28488720,20260909
006910,"BOSUNG POWER TECHNOLOGY CO., LTD.",보성파워텍,KOSDAQ,금속가공제품,2025,143,119,24,0.168,8.86,9.39,6.22,0.662,59027000,40339000,0.683,,7650,375843153600,49129824,20260909
139130,"iM Financial Group Co., Ltd.",iM금융지주,KOSPI,금융업,2025,143,109,34,0.238,2.96,3.04,2.69,0.885,144000000,73000000,0.507,,18210,2883797659680,158363408,20260909
148930,"HYTC CO., LTD",에이치와이티씨,KOSDAQ,금속가공제품,2025,143,123,20,0.14,4.08,4.05,4.25,1.049,47227642.28,34000000,0.72,,3180,32357177340,10175213,20260909
353810,"EASY BIO, Inc.",이지바이오,KOSDAQ,식료품 제조,2025,143,103,40,0.28,3.95,3.93,4,1.018,67815533.98,49750000,0.734,,6060,200476435200,33081920,20260909
331520,"VALOFE Co.,Ltd.",밸로프,KOSDAQ,출판업,2025,143,105,38,0.266,2.98,3,2.92,0.973,193650000,124783000,0.644,,2350,23032787100,9801186,20260909
036630,"Sejong Telecom, Inc.",세종텔레콤,KOSDAQ,전문직별 공사,2025,143,123,20,0.14,5.82,5.65,6.9,1.221,62040650.41,57000000,0.919,,10630,148820000000,14000000,20260909
0010V0,"JPI Healthcare Co., Ltd.",제이피아이헬스케어,KOSDAQ,,2025,143,119,24,0.168,7.62,7.5,8.2,1.093,58000000,50000000,0.862,,8780,44825412000,5105400,20260909
012580,SHINSEGAE TOMBOY,신세계톰보이,,소매업,2025,143,40,103,0.72,9.99,11.5,9.4,0.817,101000000,79000000,0.782,,,,,
100030,"Inzisoft Co., Ltd.",인지소프트,KOSDAQ,출판업,2025,142,95,47,0.331,6.98,7.92,5.08,0.641,62967000,52922000,0.84,,20300,66659394200,3283714,20260909
056080,"Yujin Robot Co., Ltd.",유진로봇,KOSDAQ,기타 기계·장비,2025,142,119,23,0.162,6.23,6.43,5.2,0.809,76200000,49099000,0.644,,12390,473737671540,38235486,20260909
187270,"Shin Hwa Contech Co.,Ltd.",신화콘텍,KOSDAQ,전기장비,2025,142,95,47,0.331,6.03,5.83,6.42,1.101,46253000,29066000,0.628,,3145,31902392525,10143845,20260909
050760,"S POLYTECH CO.,LTD.",에스폴리텍,KOSDAQ,고무·플라스틱,2025,142,127,15,0.106,5.88,6.2,3.2,0.516,42528000,33671000,0.792,,1231,20107988618,16334678,20260909
105760,"POSBANK CO., LTD.",포스뱅크,KOSDAQ,기타 기계·장비,2025,142,107,35,0.246,4.6,4.9,3.7,0.755,75000000,43000000,0.573,,5090,51871614830,10190887,20260909
475580,"ALUX Co., Ltd.",에이럭스,KOSDAQ,기타 제품 제조,2025,142,79,63,0.444,1.88,1.82,1.95,1.071,41584405.06,34270190.48,0.824,,7080,96464292000,13624900,20260909
050960,"SOOSAN INT Co., LTD.",수산아이앤티,KOSDAQ,출판업,2025,142,121,21,0.148,4.52,4.7,3.5,0.745,63000000,40000000,0.635,,8700,58733700000,6751000,20260909
085670,"NEWFLEXTECHNOLGYCo.,LTD.",뉴프렉스,KOSDAQ,전자부품·컴퓨터·통신장비,2025,142,122,20,0.141,7.38,7.71,5.35,0.694,47680327.87,29400000,0.617,,2955,72399748755,24500761,20260909
251370,"YMT CO., LTD.",와이엠티,KOSDAQ,화학물질·화학제품,2025,142,120,22,0.155,4.86,4.83,5,1.035,63716000,49582000,0.778,,7160,128974605080,18013213,20260909
084650,"LabGenomics. Co., Ltd.",랩지노믹스,KOSDAQ,연구개발업,2025,142,90,52,0.366,3.22,3.7,2.4,0.649,53000000,44000000,0.83,,500,37119995000,74239990,20260909
002760,"BOLAK CO.,LTD",보락,KOSPI,화학물질·화학제품,2025,141,109,32,0.227,14.56,14.4,15.1,1.049,61597000,53479000,0.868,,1004,60139600000,59900000,20260909
199730,"BioInfra Co.,Ltd.",바이오인프라,KOSDAQ,연구개발업,2025,141,44,97,0.688,3.32,3.82,3.09,0.809,60011727.27,42309309.28,0.705,,1513,7359787271,4864367,20260909
000970,"KOREA CASTIRON PIPE IND CO.,LTD",한국주철관공업,KOSPI,1차 금속,2025,141,138,3,0.021,14.08,14.2,8.7,,56710000,49773000,,fewer than 5 of one sex,6690,152535345000,22800500,20260909
053300,"KOREA INFORMATION CERTIFICATE AUTHORITY, INCORPORATED",한국정보인증,KOSDAQ,출판업,2025,141,90,51,0.362,4.73,5.42,3.5,0.646,89600000,65313725.49,0.729,,5050,199803987300,39565146,20260909
039860,"NanoenTek,Inc.",나노엔텍,KOSDAQ,의료·정밀·광학기기,2025,141,93,48,0.34,7.34,8.67,4.75,0.548,60000000,40000000,0.667,,4125,157133843625,38093053,20260909
253590,Neosem Inc.,네오셈,KOSDAQ,기타 기계·장비,2025,140,127,13,0.093,4.28,4.25,4.59,1.08,57950511.81,32954000,0.569,,11600,508882302400,43869164,20260909
033130,DigitalChosun,디지틀조선,KOSDAQ,정보서비스업,2025,140,76,64,0.457,11.8,14.87,8.15,0.548,68992802.63,47648968.75,0.691,,1793,66547673731,37115267,20260909
119650,"KC Cottrell Co., Ltd.",KC코트렐,KOSPI,기타 기계·장비,2025,140,118,22,0.157,13.37,14,10,0.714,67000000,45000000,0.672,,918,100782913662,109785309,20260909
036420,ContentreeJoongAng corp.,콘텐트리중앙,KOSPI,영상·오디오 제작,2025,140,87,53,0.379,5.23,6.33,3.42,0.54,74000000,57000000,0.77,,1549,29837315092,19262308,20260909
060380,"Dongyang S·TEC Co., Ltd.",동양에스텍,KOSDAQ,1차 금속,2025,140,128,12,0.086,8.05,7.9,9.6,1.215,53614000,54056000,1.008,,1271,25038700000,19700000,20260909
0011A0,"AXBIS CO.,LTD",액스비스,KOSDAQ,,2025,140,127,13,0.093,2.79,2.83,2.42,0.855,60000000,42000000,0.7,,10400,97070896000,9333740,20260909
092600,"NC& Co., Ltd.",앤씨앤,KOSDAQ,전자부품·컴퓨터·통신장비,2025,140,108,32,0.229,5.25,5.8,3.4,0.586,71000000,50000000,0.704,,1782,8939764746,5016703,20260909
187790,"NANO. Co., Ltd.",나노,KOSDAQ,화학물질·화학제품,2025,139,113,26,0.187,4.81,5,4,0.8,43170447,28355876,0.657,,3035,93601919050,30840830,20260909
208370,"SELVAS Healthcare, Inc.",셀바스헬스케어,KOSDAQ,의료·정밀·광학기기,2025,139,100,39,0.281,7.32,8.26,4.9,0.593,53905300,38211000,0.709,,2390,61519947960,25740564,20260909
075970,"DONGKUK REFRACTORIES & STEEL CO., LTD.",동국알앤에스,KOSDAQ,비금속 광물제품,2025,139,128,11,0.079,7.14,7.17,6.75,0.941,62661000,45305000,0.723,,1619,29789600000,18400000,20260909
417840,"Justem.CO.,LTD",저스템,KOSDAQ,기타 기계·장비,2025,139,112,27,0.194,3.37,3.32,3.57,1.075,54678571.43,49074074.07,0.898,,13890,317655702090,22869381,20260909
353190,"Hurum Co., Ltd.",휴럼,KOSDAQ,식료품 제조,2025,139,58,81,0.583,5.39,5.1,5.6,1.098,56000000,33000000,0.589,,2625,20673670500,7875684,20260909
380550,NEUROPHET Inc.,뉴로핏,KOSDAQ,출판업,2025,139,69,70,0.504,2.75,2.64,2.86,1.083,64382047.23,52005377.36,0.808,,7090,86489959940,12198866,20260909
044060,"JOKWANG I.L.I CO., LTD",조광아이엘아이,,기타 기계·장비,2025,139,120,19,0.137,4.09,4,4.67,1.168,49486000,41461000,0.838,,,,,
250930,"YeSUN Tech Co., Ltd.",예선테크,KOSDAQ,고무·플라스틱,2025,139,82,57,0.41,7,7,7,1,52000000,33000000,0.635,,1705,11253150040,6600088,20260909
078130,"KUK-IL PAPER MFG CO.,LTD",국일제지,KOSDAQ,펄프·종이 제조,2025,139,124,15,0.108,12.82,13.8,4.7,0.341,63028000,41417000,0.657,,3455,389518728085,112740587,20260909
080220,Jeju Semiconductor Corp.,제주반도체,KOSDAQ,전자부품·컴퓨터·통신장비,2025,139,121,18,0.129,8.62,8.5,9.4,1.106,97000000,67000000,0.691,,75000,2583212475000,34442833,20260909
007330,PUREUN SAVINGS BANK,푸른저축은행,KOSDAQ,금융업,2025,139,88,51,0.367,9.53,10.48,7.88,0.752,83090909.09,70313725.49,0.846,,10070,151883796000,15082800,20260909
127120,"JS Link, Inc.",제이에스링크,KOSDAQ,연구개발업,2025,139,72,67,0.482,3.39,2.61,4.23,1.621,60918000,45568000,0.748,,33000,1223130711000,37064567,20260909
066310,"Q.S.ICo.,Ltd.",큐에스아이,KOSDAQ,전자부품·컴퓨터·통신장비,2025,138,102,36,0.261,6.72,7.5,4.5,0.6,40000000,23000000,0.575,,7450,69073576450,9271621,20260909
024740,HanilForgingIndustrial,한일단조,KOSDAQ,자동차·트레일러,2025,138,127,11,0.08,7.82,7.83,7.67,0.98,61440000,45217000,0.736,,2320,76321153680,32897049,20260909
032850,BITComputer,비트컴퓨터,KOSDAQ,출판업,2025,138,92,46,0.333,10.8,12.2,8,0.656,57865000,45083000,0.779,,3830,63667212190,16623293,20260909
240600,"YUJIN TECHNOLOGY CO.,LTD.",유진테크놀로지,KOSDAQ,금속가공제품,2025,138,123,15,0.109,4.16,4.2,3.8,0.905,43000000,59000000,1.372,,1659,13768721190,8299410,20260909
036480,Daesung Microbiological Labs. Co. Ltd,대성미생물,KOSDAQ,의료용 물질·의약품,2025,138,85,53,0.384,10.91,10.3,11.9,1.155,48917000,37867000,0.774,,6200,23560000000,3800000,20260909
078140,"Daebonglsco.,Ltd",대봉엘에스,KOSDAQ,의료용 물질·의약품,2025,138,91,47,0.341,5.52,6,4.6,0.767,58387000,45996000,0.788,,7630,84590597770,11086579,20260909
008250,EAGON INDUSTRIAL LTD,이건산업,KOSPI,목재 제조,2025,138,125,13,0.094,13.81,14.11,10.9,0.773,78779000,49504000,0.628,,3065,33569826275,10952635,20260909
420770,"GigaVis Co., Ltd.",기가비스,KOSDAQ,기타 기계·장비,2025,138,126,12,0.087,7.03,6.8,9.5,1.397,70000000,57000000,0.814,,96300,1220675495400,12675758,20260909
342870,"OA Co., Ltd.",오아,KOSDAQ,소매업,2025,138,61,77,0.558,4.81,6.2,3.7,0.597,87000000,47000000,0.54,,3650,19893219050,5450197,20260909
441270,"Fine M-Tec Co.,Ltd.",파인엠텍,KOSDAQ,전자부품·컴퓨터·통신장비,2025,137,117,20,0.146,2.28,2.25,2.44,1.084,63205128.21,42150000,0.667,,8080,341015850560,42204932,20260909
208350,"Jiransecurity Co., Ltd.",지란지교시큐리티,KOSDAQ,출판업,2025,137,98,39,0.285,9.72,10.2,8.5,0.833,81991784,65478115,0.799,,2990,24223694300,8101570,20260909
260970,"S&D Co., Ltd",에스앤디,KOSDAQ,식료품 제조,2025,137,117,20,0.146,5.02,4.8,6.28,1.308,69076923.08,56450000,0.817,,52000,150423208000,2892754,20260909
189860,"SEOJEON ELECTRIC MACHINERY Co.,Ltd.",서전기전,KOSDAQ,전기장비,2025,137,115,22,0.161,4.38,4.58,3.33,0.727,46000000,15000000,0.326,,5670,54992082600,9698780,20260909
0117P0,"PIECE PEACE STUDIO Co., Ltd.",피스피스스튜디오,KOSDAQ,,2025,137,45,92,0.672,1.53,1.8,1.4,0.778,73000000,45000000,0.616,,5760,81612927360,14168911,20260909
950190,"GHOST STUDIO CO., LTD.",고스트스튜디오,KOSDAQ,출판업,2025,137,69,68,0.496,3.25,3.5,3,0.857,94000000,73000000,0.777,,9500,123662060500,13017059,20260909
352910,Obigo Inc.,오비고,KOSDAQ,컴퓨터 프로그래밍·SI,2025,137,85,52,0.38,5.97,6.5,5.1,0.785,82000000,57000000,0.695,,4800,60661449600,12637802,20260909
352700,"CNTUS Co., Ltd",씨앤투스,KOSDAQ,화학물질·화학제품,2025,136,108,28,0.206,5.63,6.25,3.25,0.52,52723000,54646000,1.036,,1468,38574487732,26276899,20260909
052420,"OSUNG ADVANCED MATERIALS CO., LTD.",오성첨단소재,KOSDAQ,고무·플라스틱,2025,136,122,14,0.103,6.27,6.56,3.74,0.57,51658000,40431000,0.783,,9730,94789747570,9742009,20260909
278280,"Chunbo Co., Ltd.",천보,KOSDAQ,화학물질·화학제품,2025,135,124,11,0.081,4.22,4.25,3.85,0.906,51786217.74,39754818.18,0.768,,40100,491346302500,12253025,20260909
123860,"Anapass, Inc.",아나패스,KOSDAQ,전자부품·컴퓨터·통신장비,2025,135,105,30,0.222,8.41,8.3,8.8,1.06,129000000,84000000,0.651,,13620,165120912300,12123415,20260909
073560,"Woorison F&G CO., LTD.",우리손에프앤지,KOSDAQ,식료품 제조,2025,135,110,25,0.185,6.89,6.55,8.4,1.282,54881818.18,49640000,0.904,,1534,106210544362,69237643,20260909
050110,CammSys Corp.,캠시스,KOSDAQ,전자부품·컴퓨터·통신장비,2025,135,110,25,0.185,7.22,6.14,11.98,1.951,56885318.18,48070240,0.845,,1080,31562808840,29224823,20260909
265740,NFC Corporation,엔에프씨,KOSDAQ,화학물질·화학제품,2025,135,64,71,0.526,2.97,3.51,2.49,0.709,49071000,35094000,0.715,,6900,123258840000,17863600,20260909
045060,OKONG Corporation,오공,KOSDAQ,화학물질·화학제품,2025,135,107,28,0.207,11.63,11.42,12.42,1.088,47951000,41197000,0.859,,2110,35747565140,16941974,20260909
007680,"DAEWON CO., LTD.",대원,KOSDAQ,종합 건설,2025,135,114,21,0.156,8.48,7.7,12.71,1.651,77705850.88,66326095.24,0.854,,3355,44362285990,13222738,20260909
018000,"UNISON CO., LTD.",유니슨,KOSDAQ,기타 기계·장비,2025,135,118,17,0.126,9.19,9.2,9.1,0.989,68348000,41716000,0.61,,1231,319442387604,259498284,20260909
100590,MERCURY CORPORATION,머큐리,KOSDAQ,전자부품·컴퓨터·통신장비,2025,135,118,17,0.126,14.98,16.26,6.08,0.374,82220338.98,46470588.24,0.565,,4355,74642718475,17139545,20260909
100660,"SEOAM MACHINERY INDUSTRY CO., LTD",서암기계공업,KOSDAQ,기타 기계·장비,2025,135,127,8,0.059,12.73,13.3,3.7,0.278,69944000,32158000,0.46,,3110,39186000000,12600000,20260909
033250,"CHASYS Co.,Ltd",체시스,KOSPI,자동차·트레일러,2025,134,123,11,0.082,15.53,16.17,8.42,0.521,76000000,40000000,0.526,,4285,27424000000,6400000,20260909
002700,"SHINIL ELECTRONICS CO.,LTD",신일전자,KOSPI,도매·상품중개,2025,134,108,26,0.194,8.69,9.8,4.1,0.418,67000000,37000000,0.552,,982,67313665622,68547521,20260909
424980,"MICRO2NANO, INC.",마이크로투나노,KOSDAQ,전자부품·컴퓨터·통신장비,2025,134,116,18,0.134,7.35,7.92,3.67,0.463,50234000,31518000,0.627,,8440,49955431600,5918890,20260909
251630,"V-ONE TECH CO., LTD.",브이원텍,KOSDAQ,기타 기계·장비,2025,134,126,8,0.06,5.13,5.18,4.4,0.849,56301587.3,44000000,0.782,,3495,55720386570,15942886,20260909
003190,"R Bio CO., LTD.",알앤엘재생의학연구소,,의료용 물질·의약품,2025,134,52,82,0.612,2.97,2.92,3,1.027,44000000,31000000,0.705,,,,,
119500,"FORMETAL CO., LTD",포메탈,KOSDAQ,금속가공제품,2025,133,127,6,0.045,11.81,11.7,14.2,1.214,52604000,51119000,0.972,,2455,29084954560,11847232,20260909
049520,"UIL Co.,Ltd",유아이엘,KOSDAQ,전자부품·컴퓨터·통신장비,2025,133,84,49,0.368,9.97,9.17,11.33,1.236,69000000,46000000,0.667,,3855,118898319375,30842625,20260909
031980,PSK HOLDINGS INC.,피에스케이홀딩스,KOSDAQ,기타 기계·장비,2025,133,108,25,0.188,6.22,6.33,5.75,0.908,93000000,91000000,0.978,,152400,3286108998000,21562395,20260909
309710,"IT-CHEM Co., Ltd.",아이티켐,KOSDAQ,의료용 물질·의약품,2025,133,105,28,0.211,2.74,2.83,2.42,0.855,60557000,34806000,0.575,,21000,268443021000,12783001,20260909
038870,"EcoSimplex Co., Ltd",에코심플렉스,KOSDAQ,전문·과학·기술 서비스,2025,133,125,8,0.06,6.81,7.05,3.14,0.445,48632000,27500000,0.565,,1856,26011745344,14014949,20260909
200230,TELCON RF PHARMACEUTICAL. Inc.,텔콘RF제약,KOSDAQ,의료용 물질·의약품,2025,133,69,64,0.481,4.78,5.37,4.14,0.771,68014492.75,41500000,0.61,,2180,20671346420,9482269,20260909
141000,"Viatron Technologies, Inc.",비아트론,KOSDAQ,기타 기계·장비,2025,133,112,21,0.158,6.72,7.08,4.83,0.682,73000000,47000000,0.644,,8970,108668948700,12114710,20260909
216400,"INVITES BIOCORE CO., LTD",인바이츠바이오코아,KONEX,연구개발업,2025,133,53,80,0.602,3.82,3.4,4.1,1.206,55273000,45224000,0.818,,1440,11104293600,7711315,20260909
143540,"YoungWoo DSP Co.,Ltd.",영우디에스피,KOSDAQ,기타 기계·장비,2025,132,123,9,0.068,7.38,7.43,6.65,0.895,69000000,45000000,0.652,,1032,46027091640,44599895,20260909
301300,VAIV company Inc.,바이브컴퍼니,KOSDAQ,출판업,2025,132,83,49,0.371,5.37,5.87,4.51,0.768,59486000,52257000,0.878,,1930,25388594160,13154712,20260909
021650,CUBIC KOREA INC.,한국큐빅,KOSDAQ,고무·플라스틱,2025,132,82,50,0.379,5.76,5.62,6,1.068,52000000,38000000,0.731,,1986,32472218118,16350563,20260909
018680,"SEOUL PHARMA CO.,LTD",서울제약,KOSDAQ,의료용 물질·의약품,2025,132,71,61,0.462,5.65,6.13,5.1,0.832,86920000,41151000,0.473,,1969,22957199111,11659319,20260909
111380,"DONG IN ENTECH Co., Ltd.",동인기연,KOSPI,가죽·신발 제조,2025,131,108,23,0.176,7.3,7.75,5.17,0.667,65000000,40000000,0.615,,12850,78744800000,6128000,20260909
459100,"WITS Co., Ltd.",위츠,KOSDAQ,전자부품·컴퓨터·통신장비,2025,131,110,21,0.16,2.94,3.02,2.55,0.844,72576890.91,38034380.95,0.524,,4095,55143679500,13466100,20260909
123840,"NUON CO., LTD.",뉴온,KOSDAQ,식료품 제조,2025,131,52,79,0.603,1.73,2.71,1.09,0.402,28287750,20415050.63,0.722,,1696,26377972800,15553050,20260909
002140,"KOREA INDUSTRIAL CO.,LTD",고려산업,KOSPI,식료품 제조,2025,131,111,20,0.153,9.17,9.52,7.22,0.758,71657657.66,37800000,0.528,,2055,51250518375,24939425,20260909
014190,WONIK CUBE Corp.,원익큐브,KOSDAQ,도매·상품중개,2025,131,98,33,0.252,7.71,7.51,8.3,1.105,58292193.88,46681000,0.801,,1238,43819097898,35395071,20260909
142280,GC Medical Science Corporation,녹십자엠에스,KOSDAQ,의료용 물질·의약품,2025,131,94,37,0.282,6.18,7,4.1,0.586,49000000,42000000,0.857,,3100,74285396100,23963031,20260909
340450,GC Genome Corporation,지씨지놈,KOSDAQ,기타 과학기술 서비스,2025,131,48,83,0.634,3.83,4.4,3.5,0.795,64000000,47000000,0.734,,6020,142377773860,23650793,20260909
486990,Nota Inc.,노타,KOSDAQ,출판업,2025,131,92,39,0.298,2.36,2.53,1.95,0.771,147784597.83,94871384.62,0.642,,17800,380785254000,21392430,20260909
107600,"Sebitchem Co., LTD",새빗켐,KOSDAQ,화학물질·화학제품,2025,131,117,14,0.107,3.03,3,3.3,1.1,43995000,39484000,0.897,,15230,86050322420,5650054,20260909
086790,Hana Financial Group Inc.,하나금융지주,KOSPI,금융업,2025,131,92,39,0.298,3.38,3.5,3.1,0.886,183000000,134000000,0.732,,134000,36765278232000,274367748,20260909
460930,"HYUNDAI HYMS CO., LTD.",현대힘스,KOSDAQ,기타 운송장비,2025,130,118,12,0.092,6.96,7.33,3.33,0.454,76000000,37000000,0.487,,13960,495728967160,35510671,20260909
376930,"Noul Co., Ltd.",노을,KOSDAQ,의료·정밀·광학기기,2025,130,79,51,0.392,3.54,3.71,3.28,0.884,82278481.01,60196078.43,0.732,,1582,16228573648,10258264,20260909
035430,Dreamline Corporation,드림라인,,통신업,2025,130,99,31,0.238,7.15,7.12,7.23,1.015,59000000,39000000,0.661,,,,,
011400,AJINCARINTECH. INC.,아진카인텍,,자동차·트레일러,2025,130,126,4,0.031,11.36,11.25,14.67,,78000000,71000000,,fewer than 5 of one sex,,,,
484810,"TXR Robotics Co., Ltd.",티엑스알로보틱스,KOSDAQ,기타 기계·장비,2025,130,115,15,0.115,2.29,2.31,2.11,0.913,62513043.48,49600000,0.793,,13520,208896370800,15450915,20260909
094940,PULOON Robotics Inc.,푸른로보틱스,KOSDAQ,전자부품·컴퓨터·통신장비,2025,130,79,51,0.392,8.82,10,7,0.7,59432000,29724000,0.5,,6410,53596484260,8361386,20260909
106190,"HIGH TECH PHARM CO.,LTD.",하이텍팜,KOSDAQ,의료용 물질·의약품,2025,130,113,17,0.131,5.73,6,3.9,0.65,60782000,47863000,0.787,,10190,108352032870,10633173,20260909
312610,"A.F.W Co., Ltd",에이에프더블류,KOSDAQ,1차 금속,2025,130,110,20,0.154,3.92,4.14,2.71,0.655,51975200,34056100,0.655,,206,4172918928,20256888,20260909
198440,"KANGDONG C&L co., Ltd",강동씨앤엘,KOSDAQ,비금속 광물제품,2025,130,100,30,0.231,2.89,3.4,1.2,0.353,45206360,22007000,0.487,,2085,127043003160,60931896,20260909
206950,VOLVIK INC.,볼빅,KONEX,기타 제품 제조,2025,130,96,34,0.262,4.99,5.1,4.68,0.918,43226000,34897000,0.807,,1598,22495469470,14077265,20260909
039310,"SEJOONG CO., LTD.",세중,KOSDAQ,출판업,2025,130,57,73,0.562,5.84,8.45,3.81,0.451,49175438.6,38150684.93,0.776,,1328,24065573776,18121667,20260909
036690,"COMMAX Co., Ltd.",코맥스,KOSDAQ,전자부품·컴퓨터·통신장비,2025,130,115,15,0.115,11.54,12,8,0.667,65000000,39000000,0.6,,2885,125692107675,43567455,20260909
365330,"SY STEEL TECH, Inc.",에스와이스틸텍,KOSDAQ,금속가공제품,2025,130,115,15,0.115,3.29,3.33,3,0.901,47702000,27915000,0.585,,1630,81778730000,50171000,20260909
009730,"IREM Co.,Ltd.",이렘,KOSDAQ,1차 금속,2025,130,113,17,0.131,5.79,6.12,3.56,0.582,53769230.09,42030235.29,0.782,,2055,16389658665,7975503,20260909
102280,SBW,쌍방울,,의복 제조,2025,130,79,51,0.392,7.73,8.2,7,0.854,3572002,2955340,0.827,,,,,
458870,"SEERS Co., Ltd.",씨어스,KOSDAQ,의료·정밀·광학기기,2025,130,76,54,0.415,3.16,3.5,2.67,0.763,83947310,60210112,0.717,,23200,889612398400,38345362,20260909
037030,POWERNET TECHNOLOGIES CORPORATION,파워넷,KOSDAQ,전기장비,2025,129,109,20,0.155,7.19,7.3,6.6,0.904,69000000,58000000,0.841,,3250,82917224000,25512992,20260909
170920,"LTC CO.,LTD.",엘티씨,KOSDAQ,화학물질·화학제품,2025,129,103,26,0.202,5.44,5.9,3.6,0.61,66738000,46832000,0.702,,36300,383477773800,10564126,20260909
260930,"CTK Co., Ltd",씨티케이,KOSDAQ,화학물질·화학제품,2025,129,51,78,0.605,3.42,3.75,3.2,0.853,74369627.45,44381320.51,0.597,,2350,45452738850,19341591,20260909
190510,"Namuga Co.,Ltd",나무가,KOSDAQ,전자부품·컴퓨터·통신장비,2025,129,108,21,0.163,6.43,6.42,6.5,1.012,93000000,58000000,0.624,,15550,219026679350,14085317,20260909
014200,"KANGLIM Co., LTD.",광림,,자동차·트레일러,2025,129,117,12,0.093,10.89,11.5,4.91,0.427,40917326.09,33233150.83,0.812,,,,,
012160,"YOUNGWIRE CO., LTD.",영흥,KOSPI,1차 금속,2025,129,111,18,0.14,11.37,11.94,7.87,0.659,62378378.38,42555555.56,0.682,,2270,35458995810,15620703,20260909
067900,"Y-ENTECCO.,LTD.",와이엔텍,KOSDAQ,폐기물 수집·처리,2025,129,89,40,0.31,13.41,15.78,8.13,0.515,53617977.53,30300000,0.565,,6060,110289933540,18199659,20260909
053350,"INITECH Co., Ltd.",이니텍,KOSDAQ,출판업,2025,129,95,34,0.264,6.37,6.5,6,0.923,74000000,58000000,0.784,,3970,87423628050,22021065,20260909
088290,"EWON COMFORTECH CO.,LTD",이원컴포텍,KOSDAQ,자동차·트레일러,2025,129,117,12,0.093,4.76,5.08,1.67,0.329,65841000,48237000,0.733,,2355,18783649560,7976072,20260909
054220,"VitzroSys., Co. LTD",비츠로시스,KOSDAQ,전기장비,2025,129,111,18,0.14,1.75,1.75,1.75,1,32269000,18261000,0.566,,1657,20862650712,12590616,20260909
264850,"Elensys Co.,Ltd.",이랜시스,KOSDAQ,전자부품·컴퓨터·통신장비,2025,128,38,90,0.703,6.91,8.16,6.38,0.782,53000000,35000000,0.66,,6000,181767672000,30294612,20260909
103230,S&W Corporation,에스앤더블류,KOSDAQ,기타 기계·장비,2025,128,119,9,0.07,8.89,9,7.5,0.833,57542000,47095000,0.818,,2390,17208000000,7200000,20260909
038950,FINEDIGITAL Inc.,파인디지털,KOSDAQ,전자부품·컴퓨터·통신장비,2025,128,79,49,0.383,9.54,11.42,6.5,0.569,73000000,47000000,0.644,,3080,31449156200,10210765,20260909
020400,DaedongMetal,대동금속,KOSDAQ,1차 금속,2025,128,126,2,0.016,14.31,14.35,11.77,,101019000,66475000,,fewer than 5 of one sex,2895,17582875140,6073532,20260909
096760,JW HOLDINGS CORPORATION,JW홀딩스,KOSPI,금융업,2025,128,91,37,0.289,5.35,5.49,5.01,0.913,74000000,55000000,0.743,,4200,310484756400,73924942,20260909
469750,"IVISIONWORKS CO.,LTD.",아이비젼웍스,KOSDAQ,기타 기계·장비,2025,128,122,6,0.047,3,3,2.92,0.973,54000000,28000000,0.519,,991,34146372671,34456481,20260909
086960,MDS Tech Inc.,MDS테크,KOSDAQ,출판업,2025,128,94,34,0.266,6.06,6.68,4.33,0.648,70000000,46000000,0.657,,1960,83356193200,42528670,20260909
347890,MX On CORPORATION,엠엑스온,KOSDAQ,의료·정밀·광학기기,2025,128,107,21,0.164,6.36,6.46,5.86,0.907,64383177.57,46476190.48,0.722,,4475,76134087900,17013204,20260909
114190,"KANGWON ENERGY Co., Ltd.",강원에너지,KOSDAQ,전기장비,2025,128,116,12,0.094,4.07,4.2,2.8,0.667,68000000,34000000,0.5,,9380,245034096440,26123038,20260909
006370,"Daegu Department Store Co., Ltd",대구백화점,KOSPI,소매업,2025,127,46,81,0.638,18.37,17.83,18.67,1.047,52000000,27000000,0.519,,3400,36793477400,10821611,20260909
464080,"SOS LAB Co., Ltd.",에스오에스랩,KOSDAQ,의료·정밀·광학기기,2025,127,99,28,0.22,2.58,2.8,1.8,0.643,82644000,54759000,0.663,,9970,179595282930,18013569,20260909
388720,"Yuilrobotics. co., Ltd",유일로보틱스,KOSDAQ,기타 기계·장비,2025,127,114,13,0.102,2.39,2.37,2.54,1.072,53000000,33000000,0.623,,66300,781103173500,11781345,20260909
403870,"HPSP Co., Ltd.",HPSP,KOSDAQ,기타 기계·장비,2025,127,108,19,0.15,3.21,3.4,2.1,0.618,146000000,124000000,0.849,,56000,4608800000000,82300000,20260909
215380,"Kolmar BioTech, Inc.",콜마바이오텍,KOSDAQ,연구개발업,2025,127,74,53,0.417,4.3,4.37,4.21,0.963,52579135.14,46352377.36,0.882,,2200,37025067200,16829576,20260909
267320,"Naintech. CO.,LTD.",나인테크,KOSDAQ,기타 기계·장비,2025,126,112,14,0.111,3.43,3.58,2.25,0.628,51000000,37000000,0.725,,2235,128323184325,57415295,20260909
179900,UTI INC.,유티아이,KOSDAQ,전자부품·컴퓨터·통신장비,2025,126,108,18,0.143,5.09,5.13,4.82,0.94,65370370.37,50555555.56,0.773,,2220,47883888180,21569319,20260909
002220,"HANIL IRON & STEEL CO.,LTD",한일철강,KOSPI,1차 금속,2025,126,114,12,0.095,8.84,9.5,2.6,0.274,48242000,33071000,0.686,,3170,84630948200,26697460,20260909
363260,Mobidays Inc.,모비데이즈,KOSDAQ,전문서비스업,2025,126,50,76,0.603,2.04,1.83,2.17,1.186,47613628,33007934,0.693,,4180,26888907540,6432753,20260909
406820,"BEAUTYSKIN Co., Ltd.",뷰티스킨,KOSDAQ,화학물질·화학제품,2025,126,54,72,0.571,4.97,4.4,5.4,1.227,50000000,31000000,0.62,,1840,26010528880,14136157,20260909
412540,"JEIL M&S CO., LTD",제일엠앤에스,KOSDAQ,기타 기계·장비,2025,126,103,23,0.183,4.3,4.26,4.5,1.056,55757281.55,51956521.74,0.932,,3935,81063616775,20600665,20260909
377480,"MAUM.AI, INC.",마음AI,KOSDAQ,출판업,2025,126,84,42,0.333,2.11,2,2.33,1.165,65000000,42000000,0.646,,9980,70960544500,7110275,20260909
131400,"EV ADVANCED MATERIAL CO., LTD.",이브이첨단소재,KOSDAQ,전자부품·컴퓨터·통신장비,2025,126,103,23,0.183,9.75,10.57,6.09,0.576,55484000,35451000,0.639,,766,45647381612,59591882,20260909
082210,OPTRONTEC Inc.,옵트론텍,KOSDAQ,의료·정밀·광학기기,2025,126,110,16,0.127,6.17,6.6,3.2,0.485,57000000,32000000,0.561,,1671,58423724430,34963330,20260909
096350,"DAECHANG SOLUTION CO.,LTD.",대창솔루션,KOSDAQ,금속가공제품,2025,125,113,12,0.096,7.76,8.08,4.75,0.588,55000000,37000000,0.673,,2025,74630893050,36854762,20260909
217270,Neptune Company,넵튠,KOSDAQ,출판업,2025,125,73,52,0.416,2.9,2.97,2.79,0.939,87657534.25,56038461.54,0.639,,2405,112399221415,46735643,20260909
033180,"KH FEELUX Co.,Ltd.",케이에이치필룩스,,전자부품·컴퓨터·통신장비,2025,125,95,30,0.24,8.7,8.93,7.97,0.892,60224305.26,41431933.33,0.688,,,,,
263700,"Carelabs Co.,Ltd",케어랩스,KOSDAQ,전문서비스업,2025,125,63,62,0.496,2.79,2.71,2.87,1.059,89000000,48000000,0.539,,1930,37469406000,19414200,20260909
105550,"Edge Foundry Co.,Ltd",엣지파운드리,KOSDAQ,전자부품·컴퓨터·통신장비,2025,124,95,29,0.234,5.75,4.72,9.12,1.932,45419421.05,37553379.31,0.827,,1787,27986939670,15661410,20260909
333050,"Innotena, Inc.",이노테나,KOSDAQ,출판업,2025,124,96,28,0.226,10.4,11,8.33,0.757,72876000,54623000,0.75,,5160,25410007200,4924420,20260909
037460,"SAMJI ELECTRONICS CO., LTD.",삼지전자,KOSDAQ,전자부품·컴퓨터·통신장비,2025,124,107,17,0.137,6.58,6.88,4.68,0.68,68149532.71,40352941.18,0.592,,29400,479764546800,16318522,20260909
032800,Fantagio Corp.,판타지오,KOSDAQ,창작·예술·여가,2025,124,45,79,0.637,1.68,2,1.5,0.75,27974000,22958000,0.821,,1495,22585000880,15107024,20260909
008600,"THE WILLBES & CO.,LTD",윌비스,KOSPI,도매·상품중개,2025,124,71,53,0.427,10.49,12.04,8.42,0.699,52549295.77,45226415.09,0.861,,2620,17615839860,6723603,20260909
093190,"BIXOLONCo.,Ltd",빅솔론,KOSDAQ,전자부품·컴퓨터·통신장비,2025,123,101,22,0.179,10.84,11.7,6.9,0.59,90000000,54000000,0.6,,8470,162953525350,19238905,20260909
376180,"picogram Co., Ltd.",피코그램,KOSDAQ,기타 제품 제조,2025,123,54,69,0.561,6.61,6.33,6.83,1.079,48000000,34000000,0.708,,1410,26171063580,18561038,20260909
033170,Signetics Corp.,시그네틱스,KOSDAQ,전자부품·컴퓨터·통신장비,2025,123,89,34,0.276,8.08,9.9,3.3,0.333,50000000,33000000,0.66,,1760,30176366880,17145663,20260909
037330,INZI DISPLAY COMPANY LIMITED,인지디스플레,KOSDAQ,전자부품·컴퓨터·통신장비,2025,123,99,24,0.195,12.54,13.5,8.6,0.637,62192000,44457000,0.715,,714,31334049936,43885224,20260909
002630,ORIENTBIO Inc.,오리엔트바이오,KOSPI,의료용 물질·의약품,2025,123,61,62,0.504,4.45,5.35,3.56,0.665,38318626.51,27635367.02,0.721,,913,54133141326,59291502,20260909
049960,"CELL BIOTECH CO ., LTD",쎌바이오텍,KOSDAQ,의료용 물질·의약품,2025,123,87,36,0.293,6.81,7.4,5.4,0.73,52000000,31000000,0.596,,15380,144572000000,9400000,20260909
051160,GAEASOFT,지어소프트,KOSDAQ,출판업,2025,123,47,76,0.618,3.88,5.46,2.91,0.533,65872340.43,35736842.11,0.543,,9730,150566203900,15474430,20260909
080720,"UNION KOREA PHARM CO.,Ltd",한국유니온제약,KOSDAQ,의료용 물질·의약품,2025,123,70,53,0.431,4.3,4.15,4.5,1.084,42875000,34323000,0.801,,2410,192441519730,79851253,20260909
090410,"DUKSHINEPC CO., LTD.",덕신이피씨,KOSDAQ,금속가공제품,2025,123,101,22,0.179,6.27,6.4,5.7,0.891,64547135,48342507,0.749,,3740,34470903060,9216819,20260909
013990,AGABANG&COMPANY,아가방컴퍼니,KOSDAQ,도매·상품중개,2025,122,44,78,0.639,6.97,10.52,4.97,0.472,75113636.36,49448717.95,0.658,,4825,158682361200,32887536,20260909
078590,"HYULIM A-TECH Co., Ltd.",휴림에이텍,KOSDAQ,자동차·트레일러,2025,122,93,29,0.238,6.99,6.7,7.9,1.179,52811000,49207000,0.932,,2985,29815168035,9988331,20260909
417200,"LS Materials Co.,Ltd.",LS머트리얼즈,KOSDAQ,전자부품·컴퓨터·통신장비,2025,122,108,14,0.115,6.51,6.9,3.5,0.507,52000000,34000000,0.654,,11440,773946418960,67652659,20260909
296520,"GAIA CORPORATION CO., LTD",가이아코퍼레이션,KONEX,도매·상품중개,2025,122,19,103,0.844,4.31,6,4,0.667,29532000,33678000,1.14,,702,3276239616,4667008,20260909
214420,"TONYMOLY CO., LTD.",토니모리,KOSPI,화학물질·화학제품,2025,122,38,84,0.689,4.41,5.81,3.78,0.651,66736842.11,62904761.9,0.943,,5100,122679474900,24054799,20260909
012210,"Sammi Metal Products Co., Ltd.",삼미금속,KOSDAQ,금속가공제품,2025,122,116,6,0.049,12.9,12.75,15.75,1.235,67000000,55000000,0.821,,13030,300362074370,23051579,20260909
130500,GH Advanced Materials Inc.,GH신소재,KOSDAQ,섬유제품 제조,2025,122,104,18,0.148,6.95,7.36,4.58,0.622,66768451.92,52122944.44,0.781,,1860,27053796720,14545052,20260909
117730,"T-Robotics co., Ltd.",티로보틱스,KOSDAQ,기타 기계·장비,2025,121,105,16,0.132,4.7,4.83,3.83,0.793,49891933.33,27500312.5,0.551,,13190,297540587170,22558043,20260909
138930,BNK Financial Group Inc.,BNK금융지주,KOSPI,금융업,2025,121,103,18,0.149,2.46,2.5,2.25,0.9,177000000,132000000,0.746,,15520,4762152935520,306839751,20260909
084110,"Huons Global Co., Ltd.",휴온스글로벌,KOSDAQ,의료용 물질·의약품,2025,121,70,51,0.421,4.09,4.45,3.59,0.807,68396000,53103000,0.776,,23150,293074647800,12659812,20260909
347740,"P&K Skin Research Center Co.,Ltd.",피엔케이피부임상연구센타,KOSDAQ,기타 과학기술 서비스,2025,121,23,98,0.81,2.63,2.78,2.6,0.935,56000000,41000000,0.732,,1820,54619248320,30010576,20260909
475230,"NRB, inc",엔알비,KOSDAQ,금속가공제품,2025,121,98,23,0.19,1.63,1.62,1.65,1.019,77571428.57,59130434.78,0.762,,9110,99287002130,10898683,20260909
476080,"M eighty-three Co.,Ltd.",M83,KOSDAQ,영상·오디오 제작,2025,121,61,60,0.496,2.69,2.79,2.59,0.928,52763180.33,44854833.33,0.85,,4000,32308000000,8077000,20260909
243870,"ITCENCORE CO.,LTD.",아이티센코어,KONEX,컴퓨터 프로그래밍·SI,2025,121,87,34,0.281,4.27,4.25,4.33,1.019,67087000,50893000,0.759,,8400,24298100400,2892631,20260909
204020,"GRITEE, Inc.",그리티,KOSDAQ,의복 제조,2025,120,31,89,0.742,4.88,5.79,4.56,0.788,74000000,57606741.57,0.778,,1805,35108751760,19450832,20260909
059100,"i-Components Co., Ltd",아이컴포넌트,KOSDAQ,전자부품·컴퓨터·통신장비,2025,120,103,17,0.142,6.84,6.92,6.33,0.915,54349000,53043000,0.976,,6710,47445470600,7070860,20260909
408900,"Studio Mir Co., LTD.",스튜디오미르,KOSDAQ,영상·오디오 제작,2025,120,38,82,0.683,5.23,6.53,4.63,0.709,54417000,34498000,0.634,,1084,35504175036,32752929,20260909
049120,"FINE DNC CO.,LTD.",파인디앤씨,KOSDAQ,전자부품·컴퓨터·통신장비,2025,120,105,15,0.125,7.58,8,4.6,0.575,60989047,37272853,0.611,,3055,32388080465,10601663,20260909
006050,KUK YOUNG G M,국영지앤엠,KOSDAQ,비금속 광물제품,2025,120,110,10,0.083,9.48,9.9,4.83,0.488,57053309.09,41572700,0.729,,5040,17587200960,3489524,20260909
163280,"Airrane Co., Ltd.",에어레인,KOSDAQ,기타 기계·장비,2025,120,104,16,0.133,2.91,2.75,3.92,1.425,48261000,44731000,0.927,,3540,48154896120,13603078,20260909
131220,"DAIHAN SCIENTIFIC CO., Ltd",대한과학,KOSDAQ,도매·상품중개,2025,120,83,37,0.308,8.73,8.7,8.8,1.011,51008000,45770000,0.897,,3630,27059798700,7454490,20260909
022220,"TKG AIKANG CO., LTD",티케이지애강,KOSDAQ,고무·플라스틱,2025,120,108,12,0.1,7.51,7.7,5.77,0.749,56619000,41840000,0.739,,894,46304353626,51794579,20260909
007770,"HANIL CHEMICAL IND. CO.,LTD",한일화학,KOSDAQ,화학물질·화학제품,2025,119,101,18,0.151,8.64,8.72,8.22,0.943,59744514.85,49970666.67,0.836,,8240,28922400000,3510000,20260909
032560,"Hwang Kum Steel & Technology Co., Ltd",황금에스티,KOSPI,1차 금속,2025,119,100,19,0.16,7.27,7.44,6.38,0.858,60000000,51000000,0.85,,5580,94860000000,17000000,20260909
192390,"WINHITECH CO., Ltd.",윈하이텍,KOSDAQ,금속가공제품,2025,119,104,15,0.126,7.53,8,4.3,0.538,71264000,42046000,0.59,,1744,20870877024,11967246,20260909
300120,LaonPeople Inc.,라온피플,KOSDAQ,출판업,2025,119,86,33,0.277,3.37,3.36,3.4,1.012,68483000,52022000,0.76,,3390,33563722170,9900803,20260909
127980,"Finecircuit CO.,LTD.",화인써키트,KOSDAQ,전자부품·컴퓨터·통신장비,2025,119,92,27,0.227,3.81,4,3.17,0.793,38867000,34358000,0.884,,2620,31022592080,11840684,20260909
045340,TOTAL SOFT BANK LTD.,토탈소프트,KOSDAQ,출판업,2025,119,79,40,0.336,9.99,11,8,0.727,63000000,50000000,0.794,,6850,58622574000,8558040,20260909
002960,"HANKOOK SHELL OIL CO.,LTD",한국쉘석유,KOSPI,코크스·석유정제,2025,119,79,40,0.336,15.85,17.18,13.22,0.769,128642000,96304000,0.749,,506000,657800000000,1300000,20260909
445180,"Purit Co., Ltd.",퓨릿,KOSDAQ,화학물질·화학제품,2025,119,111,8,0.067,4.17,4.2,3.8,0.905,66000000,50000000,0.758,,7930,136310260840,17189188,20260909
403360,"RAPEECH Co.,Ltd",라피치,KONEX,출판업,2025,119,87,32,0.269,4.35,4.82,3.06,0.635,59264000,42364000,0.715,,6500,24489627500,3767635,20260909
318060,Graphy Inc.,그래피,KOSDAQ,화학물질·화학제품,2025,119,80,39,0.328,2.33,2.39,2.2,0.921,60486650,49436025.64,0.817,,18090,202376031930,11187177,20260909
263050,"Eutilex Co.,Ltd.",유틸렉스,KOSDAQ,의료용 물질·의약품,2025,119,119,,,2.63,2.63,,,55495680.67,,,not reported,959,35324626904,36834856,20260909
199290,BIO PROTECH INC.,바이오프로테크,KONEX,의료·정밀·광학기기,2025,118,70,48,0.407,5.69,6.33,4.75,0.75,40000000,31000000,0.775,,400,6810076800,17025192,20260909
081970,"KX NexG Co.,LTD.",케이엑스넥스지,,출판업,2025,118,92,26,0.22,3.38,3.76,2.03,0.54,40065065.22,25264384.62,0.631,,,,,
263810,"SANGSHIN ELECTRONICS CO., LTD.",상신전자,KOSDAQ,전자부품·컴퓨터·통신장비,2025,118,82,36,0.305,7.68,7.5,8.1,1.08,49978000,32890000,0.658,,2550,40608303750,15924825,20260909
052900,"KX HITECH CO.,LTD",KX하이텍,KOSDAQ,고무·플라스틱,2025,118,84,34,0.288,5.19,5.27,5,0.949,59000000,44352941.18,0.752,,974,74674719660,76668090,20260909
115570,"STARFLEX CO., LTD",스타플렉스,KOSDAQ,고무·플라스틱,2025,118,108,10,0.085,6.47,6.37,7.53,1.182,58112000,47336000,0.815,,2700,21558171600,7984508,20260909
056090,"CG MedTech Co.,Ltd.",시지메드텍,KOSDAQ,의료·정밀·광학기기,2025,118,74,44,0.373,6.46,7.78,4.24,0.545,57445000,40511000,0.705,,1190,122878252840,103259036,20260909
394280,"Openedges Technology, Inc.",오픈엣지테크놀로지,KOSDAQ,출판업,2025,118,88,30,0.254,2.47,2.6,2.1,0.808,116157000,63784000,0.549,,8390,221047386700,26346530,20260909
180060,"Topsun co.,Ltd",탑선,KONEX,전기장비,2025,118,103,15,0.127,5.23,5.23,5.25,1.004,59476300.97,42102133.33,0.708,,4365,40802562090,9347666,20260909
119850,"GnCenergy Co., Ltd.",지엔씨에너지,KOSDAQ,전기장비,2025,118,104,14,0.119,5.66,5.6,6.1,1.089,66931000,56711000,0.847,,48300,794482304700,16448909,20260909
416180,"Shinsung ST Co., Ltd.",신성에스티,KOSDAQ,자동차·트레일러,2025,118,103,15,0.127,4.36,4.23,5.22,1.234,66000000,51000000,0.773,,24500,221474561000,9039778,20260909
205500,"NEXUS Co., Ltd.",넥써쓰,KOSDAQ,출판업,2025,118,94,24,0.203,0.76,0.75,0.78,1.04,97000000,55000000,0.567,,1838,153586582886,83561797,20260909
238090,"NDFOS CO., LTD.",앤디포스,KOSDAQ,고무·플라스틱,2025,117,89,28,0.239,4.04,4.4,2.9,0.659,57983000,41504000,0.716,,1815,55340148600,30490440,20260909
032960,DongilTechnology,동일기연,KOSDAQ,전자부품·컴퓨터·통신장비,2025,117,87,30,0.256,14.28,13,18,1.385,67000000,40000000,0.597,,2125,37385071875,17592975,20260909
391710,Kornic Automation Co.Ltd.,코닉오토메이션,KOSDAQ,기타 기계·장비,2025,117,99,18,0.154,6.45,6.25,7.58,1.213,76000000,52000000,0.684,,1070,45603902900,42620470,20260909
004700,"CHOKWANG LEATHER CO.,LTD",조광피혁,KOSPI,가죽·신발 제조,2025,116,96,20,0.172,11.62,12.83,5.83,0.454,53000000,47000000,0.887,,63700,423550090600,6649138,20260909
142210,"Unitrontech Co., Ltd.",유니트론텍,KOSDAQ,도매·상품중개,2025,116,91,25,0.216,5.22,5.17,5.42,1.048,88000000,71000000,0.807,,5960,123678361880,20751403,20260909
099390,"Brainzcompany Co., Ltd.",브레인즈컴퍼니,KOSDAQ,출판업,2025,116,89,27,0.233,,,,,57168742,57344878,1.003,,3855,31642930965,8208283,20260909
224810,"EOMJIHOUSE Co., Ltd",엄지하우스,KONEX,전문직별 공사,2025,116,66,50,0.431,6.53,8.11,4.44,0.547,55508000,45666000,0.823,,1495,6279000000,4200000,20260909
065500,Orient Precision Industries Inc.,오리엔트정공,KOSDAQ,자동차·트레일러,2025,116,92,24,0.207,7.56,7.6,7.4,0.974,52238000,42279000,0.809,,1107,39567403584,35742912,20260909
126870,"NS Co., Ltd.",앤에스,,기타 기계·장비,2025,116,100,16,0.138,7.72,8,6,0.75,50659452,40207556,0.794,,,,,
018700,"JOLSE CO.,LTD.",졸스,KOSDAQ,도매·상품중개,2025,116,40,76,0.655,3.12,2.5,3.45,1.38,24944425,24920592.11,0.999,,1410,23578386600,16722260,20260909
183490,ENZYCHEM LIFESCIENCES CORPORATION,엔지켐생명과학,KOSDAQ,의료용 물질·의약품,2025,116,62,54,0.466,3.43,4.24,2.51,0.592,57516129.03,38037037.04,0.661,,990,83793832650,84640235,20260909
004840,"DRB Holding Co.,Ltd",DRB동일,KOSPI,고무·플라스틱,2025,116,78,38,0.328,10.15,10.83,8.75,0.808,92873000,63111000,0.68,,4065,78342159660,19272364,20260909
331380,"FOCUS AI Co., Ltd.",포커스에이아이,KOSDAQ,전자부품·컴퓨터·통신장비,2025,116,90,26,0.224,4.53,4.83,3.5,0.725,60000000,38000000,0.633,,2125,77691840250,36560866,20260909
360070,"TOP MATERIAL Co., Ltd",탑머티리얼,KOSDAQ,전기장비,2025,116,96,20,0.172,3.39,3.6,2.4,0.667,81423000,51675000,0.635,,8600,70451569800,8192043,20260909
001380,"SG GLOBAL CO., LTD",SG글로벌,KOSPI,자동차·트레일러,2025,115,60,55,0.478,6.49,8.5,4.29,0.505,73570850,41872363.64,0.569,,1240,27877768040,22482071,20260909
065530,Wiable Corp.,와이어블,KOSDAQ,통신업,2025,115,105,10,0.087,7.01,7.08,6.33,0.894,51435000,61321000,1.192,,1228,58745996052,47838759,20260909
025560,MIRAE CORPORATION,미래산업,KOSPI,의료·정밀·광학기기,2025,115,108,7,0.061,6.64,6.75,5,0.741,64000000,37000000,0.578,,6100,169449935800,27778678,20260909
332570,"Pentastone Electronics, Inc.",PS일렉트로닉스,KOSDAQ,전자부품·컴퓨터·통신장비,2025,115,84,31,0.27,6.51,7.04,5.09,0.723,59666666.67,44129032.26,0.74,,7510,350803838130,46711563,20260909
117670,"Alphachips, Inc.",알파칩스,KOSDAQ,전자부품·컴퓨터·통신장비,2025,115,92,23,0.2,6.42,6.8,4.9,0.721,65753000,43342000,0.659,,8040,53560405680,6661742,20260909
377030,"BITMAX CO., LTD",비트맥스,KOSDAQ,출판업,2025,115,85,30,0.261,2.47,2.5,2.39,0.956,19247058.82,13200000,0.686,,1844,26353898488,14291702,20260909
062860,TLIInc.,티엘아이,,전자부품·컴퓨터·통신장비,2025,115,93,22,0.191,53.81,54,53,0.981,108382000,81394000,0.751,,,,,
131100,"TN entertainment Co., Ltd.",티엔엔터테인먼트,KOSDAQ,영상·오디오 제작,2025,115,77,38,0.33,1.73,1.75,1.69,0.966,51383532.47,48438473.68,0.943,,2225,14349790400,6449344,20260909
316140,Woori Financial Group Inc.,우리금융지주,KOSPI,금융업,2025,114,93,21,0.184,3.04,2.92,3.58,1.226,195000000,141000000,0.723,,33500,24682349659500,736786557,20260909
317830,"SP SYSTEMS CO.,LTD.",에스피시스템스,KOSDAQ,기타 기계·장비,2025,114,90,24,0.211,5.39,5.51,4.93,0.895,44692633.33,25666333.33,0.574,,4470,48158966460,10773818,20260909
003050,LYNXEO KOREA LTD,링세오코리아,,전기장비,2025,114,100,14,0.123,16.83,18.6,4.2,0.226,10648000,69171000,6.496,,,,,
451250,"BBIA.CO.,LTD.",삐아,KOSDAQ,화학물질·화학제품,2025,114,24,90,0.789,2.78,2.58,2.83,1.097,58000000,36000000,0.621,,7390,75569231030,10225877,20260909
413390,"MOT Co., Ltd.",엠오티,KOSDAQ,기타 기계·장비,2025,114,101,13,0.114,2.85,2.9,2.45,0.845,76896613.86,39311538.46,0.511,,6800,78745224000,11580180,20260909
064520,"TechL Co., LTD.",테크엘,KOSDAQ,전자부품·컴퓨터·통신장비,2025,114,71,43,0.377,5.75,6.25,4.92,0.787,53000000,37000000,0.698,,1495,33414837690,22351062,20260909
354390,BASKHANBIOPharma Inc.,바스칸바이오제약,KONEX,의료용 물질·의약품,2025,114,53,61,0.535,4.24,4.35,4.14,0.952,51352113.21,33090000,0.644,,3595,25230597965,7018247,20260909
033830,TBC,티비씨,KOSDAQ,방송업,2025,114,95,19,0.167,19.03,20.6,11.2,0.544,114000000,79000000,0.693,,1742,32936220460,18907130,20260909
016590,"SHINDAEYANG PAPER CO.,LTD",신대양제지,KOSPI,펄프·종이 제조,2025,114,104,10,0.088,15.68,15.58,16.75,1.075,98387000,72215000,0.734,,10160,409425851200,40297820,20260909
045970,CoAsia Corporation,코아시아,KOSDAQ,전자부품·컴퓨터·통신장비,2025,114,72,42,0.368,6.56,6.43,6.77,1.053,62694444.44,50666666.67,0.808,,3100,81576115600,26314876,20260909
219420,"Linkgenesis Co., Ltd.",링크제니시스,KOSDAQ,출판업,2025,114,89,25,0.219,7.09,7.7,4.9,0.636,58000000,37000000,0.638,,3340,38308153380,11469507,20260909
302550,"REMED CO.,LTD.",리메드,KOSDAQ,의료·정밀·광학기기,2025,114,81,33,0.289,3.5,3.78,2.8,0.741,51662950.62,34860151.52,0.675,,2695,81591160035,30275013,20260909
214270,"FSN Co., Ltd.",FSN,KOSDAQ,출판업,2025,114,63,51,0.447,5.04,5.75,4.17,0.725,73000000,46000000,0.63,,1298,58736623528,45251636,20260909
069920,Exion Group Company Limited,엑시온그룹,KOSDAQ,소매업,2025,114,83,31,0.272,3.19,3.45,2.51,0.728,70280053.73,38591392.06,0.549,,1133,16327045515,14410455,20260909
031330,"SAMT CO.,LTD.",에스에이엠티,KOSDAQ,도매·상품중개,2025,113,100,13,0.115,9.12,8.74,12.08,1.382,87450000,65000000,0.743,,8050,804960289350,99995067,20260909
290090,TWIM Corp,트윔,KOSDAQ,출판업,2025,113,99,14,0.124,4.91,5.25,2.5,0.476,59000000,32000000,0.542,,4115,30617937320,7440568,20260909
087600,"Pixelplus. Co., Ltd.",픽셀플러스,KOSDAQ,전자부품·컴퓨터·통신장비,2025,113,91,22,0.195,7.21,7.38,6.49,0.879,84000000,56000000,0.667,,4015,32788730370,8166558,20260909
024720,"KOLMAR HOLDINGS CO.,LTD.",콜마홀딩스,KOSPI,금융업,2025,113,64,49,0.434,6.62,7.1,6,0.845,135000000,84000000,0.622,,9520,326500385680,34296259,20260909
115480,CU MEDICAL SYSTEMS Inc.,씨유메디칼,KOSDAQ,의료·정밀·광학기기,2025,113,56,57,0.504,6.09,4.94,7.21,1.46,66000000,40000000,0.606,,2380,28857288180,12124911,20260909
095910,"S-EnergyCO.,LTD.",에스에너지,KOSDAQ,전기장비,2025,113,87,26,0.23,5.79,6.2,4.4,0.71,47000000,40000000,0.851,,628,22882206152,36436634,20260909
335890,"VIOL Medical Co., Ltd.",비올메디컬,,의료·정밀·광학기기,2025,113,62,51,0.451,1.83,2.1,1.5,0.714,72000000,47000000,0.653,,,,,
355390,"CrowdWorks, Inc.",크라우드웍스,KOSDAQ,출판업,2025,113,52,61,0.54,1.86,1.57,2.1,1.338,45000000,31000000,0.689,,1299,20620772856,15874344,20260909
303360,PROTIA INC.,프로티아,KOSDAQ,의료·정밀·광학기기,2025,113,56,57,0.504,3.8,3.8,3.8,1,47608000,34799000,0.731,,5170,66588126550,12879715,20260909
061090,"Sena Technologies Co., Ltd.",세나테크놀로지,KOSDAQ,전자부품·컴퓨터·통신장비,2025,113,78,35,0.31,6.07,7,4,0.571,75000000,56000000,0.747,,37600,205579880000,5467550,20260909
158430,ATON Inc.,아톤,KOSDAQ,출판업,2025,113,78,35,0.31,3.93,4.08,3.58,0.877,77000000,49000000,0.636,,4665,114208959180,24482092,20260909
109740,"DSK Co.,Ltd.",디에스케이,KOSDAQ,기타 기계·장비,2025,112,99,13,0.116,6.6,7.03,3.36,0.478,65519292.93,28866307.69,0.441,,4325,111197436750,25710390,20260909
225590,"Fashion Platform Co.,Ltd.",패션플랫폼,KOSDAQ,의복 제조,2025,112,30,82,0.732,3.09,2.67,3.25,1.217,63000000,57000000,0.905,,3145,16106727520,5121376,20260909
032080,AZTECH WB CO. LTD,아즈텍WB,KOSDAQ,섬유제품 제조,2025,112,63,49,0.438,4.47,5.41,3.26,0.603,37500284.94,28491654,0.76,,1030,22135759870,21491029,20260909
052460,"iCRAFTCo.,Ltd.",아이크래프트,KOSDAQ,컴퓨터 프로그래밍·SI,2025,112,99,13,0.116,6.42,6.54,5.49,0.839,6934000,4896000,0.706,,5040,73623997440,14607936,20260909
456070,"ENCell Co., Ltd.",이엔셀,KOSDAQ,의료용 물질·의약품,2025,112,51,61,0.545,3.17,3.14,3.2,1.019,46117647.06,38524590.16,0.835,,5480,60441753160,11029517,20260909
126880,"JNK Global Co., Ltd.",제이엔케이글로벌,KOSDAQ,기타 기계·장비,2025,112,99,13,0.116,8.06,7.91,9.2,1.163,78242424.24,55692307.69,0.712,,2545,58962873035,23168123,20260909
188040,"BIO PORT KOREA, INC.",바이오포트,KOSDAQ,식료품 제조,2025,112,79,33,0.295,4.13,4.67,2.83,0.606,51000000,36000000,0.706,,4950,23162574600,4679308,20260909
060260,"NUVOTEC Co., Ltd",뉴보텍,KOSDAQ,고무·플라스틱,2025,112,93,19,0.17,6.07,6.44,4.27,0.663,48456251.49,44224434.37,0.913,,1001,13355698356,13342356,20260909
347000,"SENKO Co.,Ltd.",센코,KOSDAQ,의료·정밀·광학기기,2025,112,97,15,0.134,4.95,5.33,2.5,0.469,59375000,40548000,0.683,,1930,72974932780,37810846,20260909
242040,NAMU AX Corp.,나무에이엑스,KOSDAQ,출판업,2025,112,91,21,0.188,5.5,5.67,4.75,0.838,64951068,48559652,0.748,,3100,107279418400,34606264,20260909
148250,"RN2 Technologies Co., Ltd.",알엔투테크놀로지,KOSDAQ,전자부품·컴퓨터·통신장비,2025,112,56,56,0.5,5.75,5.62,5.89,1.048,49871000,30412000,0.61,,1858,25288688032,13610704,20260909
108490,ROBOTIS,로보티즈,KOSDAQ,기타 기계·장비,2025,111,83,28,0.252,6.01,5,9,1.8,53816000,42223000,0.785,,310000,4546778680000,14667028,20260909
464280,"TDSPHARM Co., Ltd.",티디에스팜,KOSDAQ,의료용 물질·의약품,2025,111,50,61,0.55,3.15,3.2,3.1,0.969,35838000,28955000,0.808,,5640,31189200000,5530000,20260909
463480,"MOTIVELINK CO.,LTD",모티브링크,KOSDAQ,전자부품·컴퓨터·통신장비,2025,111,87,24,0.216,6.81,6.97,6.23,0.894,54271919.54,37858541.67,0.698,,4050,50180949900,12390358,20260909
004920,"CITECH CO.,LTD",씨아이테크,KOSPI,전자부품·컴퓨터·통신장비,2025,111,85,26,0.234,4.37,4.51,3.92,0.869,41769247.06,22549230.77,0.54,,907,47327143904,52179872,20260909
0015S0,"FESCARO Co., Ltd.",페스카로,KOSDAQ,,2025,111,87,24,0.216,2.56,2.4,3.16,1.317,57574712.64,53166666.67,0.923,,6770,66797762100,9866730,20260909
134780,"SM HWAJIN Co., Ltd.",에스엠화진,,자동차·트레일러,2025,111,78,33,0.297,10.55,11.5,8.3,0.722,55000000,50000000,0.909,,,,,
465480,"Inspien, Inc.",인스피언,KOSDAQ,출판업,2025,111,81,30,0.27,5.54,6.4,3.2,0.5,60459000,44001000,0.728,,3550,35989090600,10137772,20260909
225190,"LK SAMYANG CO., LTD",LK삼양,KOSDAQ,의료·정밀·광학기기,2025,111,91,20,0.18,8.84,8.75,9.25,1.057,65000000,48000000,0.738,,821,57854589240,70468440,20260909
002690,"DONG IL STEEL MFG CO., LTD",동일제강,KOSPI,1차 금속,2025,111,103,8,0.072,5.43,5,11,2.2,52000000,36000000,0.692,,1461,29658825960,20300360,20260909
220180,Polaris AI Handy Corp.,폴라리스AI핸디,KOSDAQ,출판업,2025,111,76,35,0.315,6.47,7,5.33,0.761,62022000,52046000,0.839,,1420,33981795640,23930842,20260909
044960,"Eagle Veterinary Technology Co.,Ltd",이글벳,KOSDAQ,도매·상품중개,2025,110,69,41,0.373,10.22,11.6,7.9,0.681,56177000,34986000,0.623,,3135,39632303205,12641883,20260909
054090,SAMJIN LND COMPANY LIMITED,삼진엘앤디,KOSDAQ,기타 제품 제조,2025,110,66,44,0.4,5.79,7.32,3.5,0.478,63575757.58,53977272.73,0.849,,1050,26207193600,24959232,20260909
318410,"Best Bristle Company Co., Ltd.",비비씨,KOSDAQ,화학물질·화학제품,2025,110,47,63,0.573,8,8,8,1,69608000,32894000,0.473,,6510,36164631930,5555243,20260909
464580,dotmill Inc.,닷밀,KOSDAQ,영상·오디오 제작,2025,110,39,71,0.645,2.42,3.08,2.05,0.666,42502205.13,34851957.75,0.82,,1499,27590727411,18406089,20260909
039240,"Kyeong Nam Steel Co., LTD",경남스틸,KOSDAQ,1차 금속,2025,110,101,9,0.082,8.83,8.73,9.9,1.134,65368841.58,48582000,0.743,,1955,52745125820,26979604,20260909
187660,Penetrium Bioscience Inc.,페니트리움바이오,KOSDAQ,연구개발업,2025,110,29,81,0.736,3.3,2.75,3.5,1.273,96516000,64048000,0.664,,7420,474629597260,63966253,20260909
038070,"SeouLinBioscienceCO.,LTD.",서린바이오,KOSDAQ,도매·상품중개,2025,110,70,40,0.364,6.89,7.83,5.25,0.67,67000000,50000000,0.746,,4170,38783818920,9300676,20260909
014530,"KUKDONG OIL & CHEMICALS CO.,LTD",극동유화,KOSPI,코크스·석유정제,2025,109,89,20,0.183,14.54,13.88,17.46,1.258,89331943.82,65433800,0.732,,3305,115243433100,34869420,20260909
451760,"CONTEC Co.,Ltd",컨텍,KOSDAQ,컴퓨터 프로그래밍·SI,2025,109,81,28,0.257,4.83,5.15,3.91,0.759,64037037.04,46178571.43,0.721,,7330,121001983420,16507774,20260909
002680,Hantop Inc.,한탑,KOSDAQ,식료품 제조,2025,109,91,18,0.165,7.88,8.48,4.84,0.571,42331230.77,29869166.67,0.706,,2965,19163859435,6463359,20260909
450330,HASS Corp.,하스,KOSDAQ,의료용 물질·의약품,2025,109,71,38,0.349,5.71,6.3,4.6,0.73,52865000,41699000,0.789,,5090,41671030870,8186843,20260909
125490,"HALLACAST Co.,Ltd",한라캐스트,KOSDAQ,자동차·트레일러,2025,109,97,12,0.11,5.53,5.57,5.2,0.934,53092783.51,30750000,0.579,,10700,390575166400,36502352,20260909
424760,Bellock Inc.,벨로크,KOSDAQ,컴퓨터 프로그래밍·SI,2025,109,86,23,0.211,3.4,3.58,2.75,0.768,61459000,44261000,0.72,,2410,24231026880,10054368,20260909
060310,"3S KOREA CO., LTD",3S,KOSDAQ,의료·정밀·광학기기,2025,109,86,23,0.211,5.48,5.83,4.17,0.715,45489000,36857000,0.81,,1159,61495427360,53059040,20260909
446840,"GITSN, Inc.",지슨,KOSDAQ,의료·정밀·광학기기,2025,109,97,12,0.11,4.31,4.5,2.8,0.622,63708826,40443693,0.635,,3130,34482008080,11016616,20260909
321260,"PRO2000 CO.,LTD.",프로이천,KOSDAQ,전자부품·컴퓨터·통신장비,2025,109,85,24,0.22,4,4,4,1,41000000,36000000,0.878,,1648,46460554432,28192084,20260909
290690,ARIBIO Holdings Inc.,아리바이오홀딩스,KOSDAQ,전기장비,2025,109,78,31,0.284,3.62,3.67,3.5,0.954,41220000,32576000,0.79,,4125,218925320625,53072805,20260909
207760,Mr. Blue Corporation,미스터블루,KOSDAQ,정보서비스업,2025,108,30,78,0.722,4.94,7.17,4.08,0.569,57712600,38375102.56,0.665,,2375,39462895500,16615956,20260909
175330,"JB FINANCIAL GROUP CO.,LTD",JB금융지주,KOSPI,금융업,2025,108,82,26,0.241,3.38,3.42,3.25,0.95,194000000,116000000,0.598,,31100,5800828726400,186521824,20260909
153460,Nable Inc.,네이블,KOSDAQ,출판업,2025,108,89,19,0.176,5.99,5.83,6.75,1.158,72514000,54903000,0.757,,5810,37939381340,6530014,20260909
434480,"MONITORAPP CO., LTD.",모니터랩,KOSDAQ,출판업,2025,108,78,30,0.278,3.54,3.6,3.4,0.944,56333000,39531000,0.702,,2630,32376089000,12310300,20260909
389500,"SBB TECH Co., Ltd.",에스비비테크,KOSDAQ,기타 기계·장비,2025,108,95,13,0.12,3.81,3.7,4.6,1.243,38000000,22000000,0.579,,38800,258542713600,6663472,20260909
439090,"Manyo Factory Co., Ltd",마녀공장,KOSDAQ,화학물질·화학제품,2025,108,18,90,0.833,1.92,2.75,1.75,0.636,97000000,68000000,0.701,,15810,259177440600,16393260,20260909
154040,"Dasan Solueta Co.,Ltd.",다산솔루에타,KOSDAQ,전자부품·컴퓨터·통신장비,2025,108,92,16,0.148,5.2,5.3,4.6,0.868,59120000,49086000,0.83,,1055,22804472770,21615614,20260909
298380,ABL Bio Inc.,에이비엘바이오,KOSDAQ,의료용 물질·의약품,2025,108,45,63,0.583,5.2,4.9,5.42,1.106,140000000,115000000,0.821,,69000,3863134947000,55987463,20260909
021050,"SEOWON CO.,LTD",서원,KOSPI,1차 금속,2025,108,101,7,0.065,11.84,11.7,13.8,1.179,64000000,52000000,0.813,,1136,53931134240,47474590,20260909
051980,"JOONGANG ADVANCED MATERIALS Co., Ltd",중앙첨단소재,KOSDAQ,전자부품·컴퓨터·통신장비,2025,108,97,11,0.102,6.62,6.72,5.75,0.856,52916061.86,40216000,0.76,,1063,118090486667,111091709,20260909
001550,"CHOBI CO.,LTD",조비,KOSPI,화학물질·화학제품,2025,107,96,11,0.103,14.37,14.8,10.6,0.716,61833,27916,0.451,,10840,56283870760,5192239,20260909
365900,VC Inc.,브이씨,KOSDAQ,기타 제품 제조,2025,107,74,33,0.308,4.52,4.67,4.18,0.895,59306756.76,41319909.09,0.697,,2350,17179205000,7310300,20260909
290550,"DK TECH CO.,LTD",디케이티,KOSDAQ,전자부품·컴퓨터·통신장비,2025,107,67,40,0.374,2.53,2.5,2.58,1.032,43097000,30906000,0.717,,15770,315419397100,20001230,20260909
209640,"YJLINK CO.,LTD.",와이제이링크,KOSDAQ,기타 기계·장비,2025,107,77,30,0.28,3.44,3.84,2.4,0.625,57170870.13,33457000,0.585,,3090,87889321140,28443146,20260909
430690,"Hanssak Co., Ltd.",한싹,KOSDAQ,출판업,2025,107,86,21,0.196,4.7,5.25,2.46,0.469,65000000,42000000,0.646,,2600,28327790400,10895304,20260909
225530,"HC BoKwang Industry Co.,Ltd",HC보광산업,KOSDAQ,비금속 광물제품,2025,107,99,8,0.075,4.98,5.14,2.97,0.578,45355608.69,13564308.25,0.299,,2095,76129633065,36338727,20260909
097780,"Eco Volt Co.,Ltd.",에코볼트,KOSDAQ,자동차·트레일러,2025,107,66,41,0.383,2.43,2.95,1.59,0.539,49000000,34000000,0.694,,1616,32793631824,20293089,20260909
024950,"SAMCHULY BICYCLE CO., LTD",삼천리자전거,KOSDAQ,도매·상품중개,2025,107,86,21,0.196,13.34,13.3,13.5,1.015,71000000,57000000,0.803,,4540,56296000000,12400000,20260909
262840,"IQUEST Co., Ltd.",아이퀘스트,KOSDAQ,출판업,2025,107,56,51,0.477,7.73,7.33,8.17,1.115,57000000,48000000,0.842,,2690,28425100880,10566952,20260909
215090,"SolDefense Co., Ltd.",솔디펜스,KOSDAQ,의료·정밀·광학기기,2025,107,76,31,0.29,6.82,7.19,5.9,0.821,65240934.21,46102967.74,0.707,,1474,34131444314,23155661,20260909
174880,"JangWonTech Co., Ltd.",장원테크,,전자부품·컴퓨터·통신장비,2025,107,74,33,0.308,6.19,6.3,5.93,0.941,47000000,29000000,0.617,,,,,
453450,"Gridwiz Co.,Ltd",그리드위즈,KOSDAQ,기타 과학기술 서비스,2025,107,73,34,0.318,5,5,5,1,66000000,54000000,0.818,,13330,105876857500,7942750,20260909
273640,"YM Tech Co., Ltd.",와이엠텍,KOSDAQ,전기장비,2025,107,52,55,0.514,5.61,3.63,7.49,2.063,56307000,41309000,0.734,,5250,57571500000,10966000,20260909
011230,"SAMWHA ELECTRONICS CO.,LTD",삼화전자공업,KOSPI,전자부품·컴퓨터·통신장비,2025,106,87,19,0.179,13.98,15.2,8.4,0.553,50510000,41999000,0.831,,2550,48872751750,19165785,20260909
044780,"HK CO., LTD.",에이치케이,KOSDAQ,기타 기계·장비,2025,106,91,15,0.142,11.76,12.08,9.83,0.814,60000000,43000000,0.717,,1389,25704538143,18505787,20260909
120030,"CHOSUN WELDING POHANG Co., Ltd",조선선재,KOSPI,금속가공제품,2025,106,95,11,0.104,11.6,12.33,5.25,0.426,63648000,44685000,0.702,,83600,105139623600,1257651,20260909
950110,"SBI FinTech Solutions Co., Ltd.",SBI핀테크솔루션즈,,출판업,2025,106,50,56,0.528,10.25,9.93,10.53,1.06,64720300,49987392.86,0.772,,,,,
258830,"SEJONG MEDICAL Co.Ltd.,",세종메디칼,KOSDAQ,의료·정밀·광학기기,2025,106,30,76,0.717,6.27,4.66,6.9,1.481,81565933.33,32823197.37,0.402,,412,31223976612,75786351,20260909
425040,"TEMC Co., Ltd.",티이엠씨,KOSDAQ,화학물질·화학제품,2025,105,94,11,0.105,3.58,3.51,4.19,1.194,65680851.06,60000000,0.914,,8650,189633067700,21922898,20260909
340440,"SERIM B&G Co.,Ltd",세림B&G,KOSDAQ,고무·플라스틱,2025,105,88,17,0.162,4.02,4.2,3.1,0.738,51000000,38000000,0.745,,756,21454043184,28378364,20260909
417790,"TRUEN Co., Ltd",트루엔,KOSDAQ,전자부품·컴퓨터·통신장비,2025,105,96,9,0.086,4.08,4.2,2.8,0.667,68832000,41106000,0.597,,7190,75267731290,10468391,20260909
222980,"Mcnulty Korea Co., Ltd",한국맥널티,KOSDAQ,식료품 제조,2025,105,64,41,0.39,3.84,3.8,3.9,1.026,43000000,34000000,0.791,,2110,23276429130,11031483,20260909
063170,SeoulAuctionCo.Ltd..,서울옥션,KOSDAQ,도매·상품중개,2025,105,36,69,0.657,5.17,5.81,4.84,0.833,49698000,48066000,0.967,,5930,105401403310,17774267,20260909
068940,"Cellfie Global Co.,Ltd.",셀피글로벌,KOSDAQ,전자부품·컴퓨터·통신장비,2025,105,86,19,0.181,6.15,6.6,4.1,0.621,56008000,42558000,0.76,,778,35720093048,45912716,20260909
488280,S2W Inc.,에스투더블유,KOSDAQ,출판업,2025,105,70,35,0.333,2.74,2.94,2.34,0.796,94828571.43,77314285.71,0.815,,10500,113667603000,10825486,20260909
008500,"ILJEONG INDUSTRIAL CO.,LTD",일정실업,,섬유제품 제조,2025,105,89,16,0.152,5.07,4.9,6,1.224,40584000,39400000,0.971,,,,,
114630,"POLARIS UNO, Inc.",폴라리스우노,KOSDAQ,화학물질·화학제품,2025,104,87,17,0.163,14.31,14.41,13.8,0.958,61114965.52,53504411.76,0.875,,1477,25456461296,17235248,20260909
088790,"JINDO.CO.,LTD",진도,KOSPI,도매·상품중개,2025,104,26,78,0.75,7.22,9.1,6.6,0.725,85474000,32319000,0.378,,2305,28692049920,12447744,20260909
007110,"ILSHIN STONE CO.,LTD",일신석재,KOSPI,도매·상품중개,2025,104,80,24,0.231,8.41,9.29,5.49,0.591,52000000,40000000,0.769,,603,46706335830,77456610,20260909
214260,"Raphas Co., Ltd.",라파스,KOSDAQ,화학물질·화학제품,2025,103,51,52,0.505,4.38,4.37,4.38,1.002,54490196.08,43596153.85,0.8,,7880,70309008440,8922463,20260909
006890,"TAEKYUNG CHEMICAL CO.,LTD",태경케미컬,KOSPI,화학물질·화학제품,2025,103,92,11,0.107,9.81,9.75,10.33,1.059,76736800.92,93789193,1.222,,5080,58928000000,11600000,20260909
010400,"WOOJIN I&S Co.,Ltd",우진아이엔에스,KOSPI,전문직별 공사,2025,103,92,11,0.107,10.35,10.71,7.3,0.682,57047576.09,38366000,0.673,,4200,32012400000,7622000,20260909
162120,"LUKEN Technologies Co., Ltd.",루켄테크놀러지스,KONEX,전기장비,2025,103,85,18,0.175,3.73,3.92,2.83,0.722,56000000,37000000,0.661,,4050,45184238100,11156602,20260909
263720,"D&C MEDIA CO.,LTD.",디앤씨미디어,KOSDAQ,출판업,2025,103,39,64,0.621,3.43,4.67,2.67,0.572,58605000,45909000,0.783,,7050,87508766550,12412591,20260909
063080,Com2uS Holdings Corporation,컴투스홀딩스,KOSDAQ,출판업,2025,103,58,45,0.437,5.03,5.58,4.33,0.776,81000000,65000000,0.802,,12060,79538015520,6595192,20260909
060280,"CUREXO, INC.",큐렉소,KOSDAQ,소매업,2025,103,79,24,0.233,5.07,5.01,5.25,1.048,66848101.27,50000000,0.748,,7970,328840526300,41259790,20260909
217950,"PHARMARESEARCH BIO Co., Ltd.",파마리서치바이오,KONEX,의료용 물질·의약품,2025,103,55,48,0.466,3.53,4,3,0.75,65000000,52000000,0.8,,30700,128425468000,4183240,20260909
317690,QuantaMatrix Incorporated,퀀타매트릭스,KOSDAQ,의료·정밀·광학기기,2025,103,67,36,0.35,3.65,4,3,0.75,64000000,38000000,0.594,,2470,49733521630,20135029,20260909
018620,"WooGeneB&GCO.,Ltd",우진비앤지,KOSDAQ,의료용 물질·의약품,2025,103,76,27,0.262,10.31,11.26,7.62,0.677,56901000,46494000,0.817,,2715,18823046130,6932982,20260909
089970,VM Inc.,브이엠,KOSDAQ,기타 기계·장비,2025,102,97,5,0.049,4.39,4.42,3.83,0.867,170897000,94098000,0.551,,49600,1305807544000,26326765,20260909
238200,BIFIDO. Co. Ltd,비피도,KOSDAQ,식료품 제조,2025,102,67,35,0.343,5.18,5.36,4.85,0.905,46402373.13,35057857.14,0.756,,2655,21717900000,8180000,20260909
058530,"Health Connect Co., Ltd.",헬스커넥트,,정보서비스업,2025,102,56,46,0.451,3.92,3.17,4.83,1.524,36016000,42749000,1.187,,,,,
462310,"New Kids On Co., Ltd.",뉴키즈온,KOSDAQ,의복 제조,2025,102,18,84,0.824,4.64,5.56,4.44,0.799,53277777.78,42000000,0.788,,3790,29935712950,7898605,20260909
311690,CJ Bioscience,CJ 바이오사이언스,KOSDAQ,연구개발업,2025,102,50,52,0.51,5.2,5.92,4.5,0.76,88000000,71000000,0.807,,3970,51869884140,13065462,20260909
203690,Ark Solutions Inc.,아크솔루션스,,펄프·종이 제조,2025,102,69,33,0.324,1.94,1.67,2.5,1.497,27987000,26855000,0.96,,,,,
307870,"B2En Co., Ltd.",비투엔,KOSDAQ,출판업,2025,102,66,36,0.353,3.36,3.33,3.42,1.027,74243140,66819904,0.9,,1342,99709640470,74299285,20260909
366030,Nine & Company Inc.,나인앤컴퍼니,KOSDAQ,의복 제조,2025,102,11,91,0.892,3.56,5.7,3.3,0.579,31919000,26137000,0.819,,4595,104094440750,22653850,20260909
004060,SG CORPORATION,SG세계물산,KOSPI,도매·상품중개,2025,101,50,51,0.505,7.06,7.5,6.63,0.884,62817560,50195254.9,0.799,,2245,45444403520,20242496,20260909
046970,"WOORIRO CO., LTD",우리로,KOSDAQ,도매·상품중개,2025,101,72,29,0.287,10.67,11.08,9.66,0.872,52513888.89,34896551.72,0.665,,6570,287930243430,43824999,20260909
227610,"Outin Futures Co., Ltd.",아우딘퓨쳐스,KOSDAQ,화학물질·화학제품,2025,101,42,59,0.584,3.06,4.51,2.02,0.448,48945690.48,30481322.03,0.623,,1060,20537045260,19374571,20260909
417010,NanoTIM Co. Ltd.,나노팀,KOSDAQ,기타 기계·장비,2025,101,82,19,0.188,3.25,3.25,3.25,1,48143000,34690000,0.721,,6420,129508913760,20172728,20260909
070480,"Seen BnTek Co.,Ltd.",신비앤텍,,기타 기계·장비,2025,101,92,9,0.089,6.21,6.58,2.42,0.368,57000000,36000000,0.632,,,,,
200580,"MEDYSSEY CO.,LTD",메디쎄이,KONEX,의료·정밀·광학기기,2025,101,74,27,0.267,4.91,4.88,4.99,1.023,56500000,40666666.67,0.72,,10730,39980827670,3726079,20260909
007610,"SEONDO ELECTRIC CO.,LTD",선도전기,KOSPI,전기장비,2025,101,88,13,0.129,9.36,10,5,0.5,54000000,41000000,0.759,,4040,72720000000,18000000,20260909
043100,"Alpha AI Co.,Ltd.",알파AI,KOSDAQ,의료·정밀·광학기기,2025,101,74,27,0.267,8.35,8.7,7.4,0.851,43241000,36079000,0.834,,520,10457241600,20110080,20260909
136150,"WONILTNI CO., LTD.",원일티엔아이,KOSDAQ,기타 기계·장비,2025,101,94,7,0.069,3.9,3.9,3.9,1,60733000,42333000,0.697,,8260,69227307800,8381030,20260909
067170,Autech Corporation,오텍,KOSDAQ,자동차·트레일러,2025,101,92,9,0.089,7.41,7.65,5,0.654,59865000,35182000,0.588,,2595,71260892775,27460845,20260909
376270,HEM Pharma Inc.,HEM파마,KOSDAQ,연구개발업,2025,101,40,61,0.604,3.05,2.87,3.17,1.105,82595000,37425524.59,0.453,,36250,261694078750,7219147,20260909
060240,"STACO LINK Co.,Ltd.",스타코링크,,기타 운송장비,2025,101,72,29,0.287,2.08,2,2.28,1.14,42028333.33,39902068.97,0.949,,,,,
015200,"Sungwon Co.,Ltd.",성원,,1차 금속,2025,100,92,8,0.08,11.48,12.3,2,0.163,60000000,47000000,0.783,,,,,
370090,Furonteer Inc.,퓨런티어,KOSDAQ,의료·정밀·광학기기,2025,100,90,10,0.1,4.53,4.6,3.9,0.848,66838000,58034000,0.868,,6110,52282231300,8556830,20260909
086820,"Bio Solution Co.,Ltd.",바이오솔루션,KOSDAQ,의료용 물질·의약품,2025,100,54,46,0.46,5.22,4.9,5.6,1.143,61206000,52441000,0.857,,6560,170061997600,25924085,20260909
0004V0,"NBR Motion Co., Ltd.",엔비알모션,KOSDAQ,,2025,100,91,9,0.09,12.74,13.7,3,0.219,77000000,41000000,0.532,,5900,64961265600,11010384,20260909
006740,"Blue Industrial Development Co., Ltd.",블루산업개발,KOSPI,펄프·종이 제조,2025,100,88,12,0.12,6.64,7,4,0.571,60000000,35000000,0.583,,5150,30647438850,5950959,20260909
219750,"BTB Korea Co.,Ltd",한국비티비,KOSDAQ,의료·정밀·광학기기,2025,100,59,41,0.41,4.98,4.36,5.88,1.349,65152542.37,42146341.46,0.647,,1628,21302993756,13085377,20260909
376300,"DEAR U Co.,Ltd.",디어유,KOSDAQ,출판업,2025,100,46,54,0.54,4.39,5.18,3.71,0.716,76782608.7,55500000,0.723,,17880,424442699280,23738406,20260909
109080,"OPTICIS CO., LTD.",옵티시스,KOSDAQ,전자부품·컴퓨터·통신장비,2025,99,55,44,0.444,8.53,7.6,9.7,1.276,55000000,39000000,0.709,,8600,48469600000,5636000,20260909
036620,"GAMSUNG Corporation Co., Ltd.",감성코퍼레이션,KOSDAQ,도매·상품중개,2025,99,43,56,0.566,3.03,2.8,3.2,1.143,61000000,58000000,0.951,,3780,339681928320,89862944,20260909
140070,"SurplusGLOBAL,Inc.",서플러스글로벌,KOSDAQ,도매·상품중개,2025,99,74,25,0.253,3.83,3.92,3.56,0.908,65000000,55000000,0.846,,2020,74715760000,36988000,20260909
481070,"AU BRANDZ Co., Ltd",에이유브랜즈,KOSDAQ,소매업,2025,99,25,74,0.747,0.54,0.64,0.51,0.797,67000000,39000000,0.582,,16250,232866562500,14330250,20260909
040160,"NuriFlex Co.,Ltd.",누리플렉스,KOSDAQ,출판업,2025,99,78,21,0.212,7.01,7.26,6.1,0.84,60074884.62,50406857.14,0.839,,6940,82470455940,11883351,20260909
384470,"Coreline Soft Co., Ltd",코어라인소프트,KOSDAQ,출판업,2025,99,56,43,0.434,4.61,4.75,4.42,0.931,73186000,56191000,0.768,,2500,44866730000,17946692,20260909
230980,B.U Technology,비유테크놀러지,,출판업,2025,99,55,44,0.444,2.98,4.12,1.55,0.376,27629690.91,16415477.27,0.594,,,,,
153490,"WOOREE E&L Haroutine Co.,LTD.",우리이앤엘하루틴,KOSDAQ,전자부품·컴퓨터·통신장비,2025,99,61,38,0.384,6.09,8.33,2.5,0.3,6560000,3826000,0.583,,3130,32226480000,10296000,20260909
081580,"SUNGWOOELECTRONICSCO.,LTD.",성우전자,KOSDAQ,전자부품·컴퓨터·통신장비,2025,98,86,12,0.122,9.63,10,7,0.7,66000000,49000000,0.742,,2315,35901351045,15508143,20260909
112610,CS Wind Corporation,씨에스윈드,KOSPI,금속가공제품,2025,98,77,21,0.214,5.89,6.1,5.1,0.836,132000000,103000000,0.78,,50800,2142307272400,42171403,20260909
052220,"iMBC Co., Ltd.",iMBC,KOSDAQ,방송업,2025,98,37,61,0.622,8.81,9.33,8.5,0.911,73430000,52347000,0.713,,1766,40618000000,23000000,20260909
394800,3billion Inc.,쓰리빌리언,KOSDAQ,연구개발업,2025,98,53,45,0.459,2.57,2.74,2.36,0.861,69228000,64611000,0.933,,4600,146383743800,31822553,20260909
270660,EVERYBOT Inc.,에브리봇,KOSDAQ,전기장비,2025,98,72,26,0.265,2.12,2.17,2,0.922,60603000,31192000,0.515,,13950,177033632850,12690583,20260909
439580,"BLUEMTEC CO., LTD.",블루엠텍,KOSDAQ,도매·상품중개,2025,98,51,47,0.48,2.22,2.35,2.07,0.881,54705882.35,42127659.57,0.77,,2260,76493196220,33846547,20260909
221800,"ZGOO Holdings Co., Ltd.",지구홀딩스,KOSDAQ,건축기술·엔지니어링,2025,98,57,41,0.418,5.77,6.9,4.2,0.609,52982000,37537000,0.708,,4020,65601781020,16318851,20260909
335810,Precision Biosensor Inc.,프리시젼바이오,KOSDAQ,의료·정밀·광학기기,2025,97,66,31,0.32,4.2,4.35,3.89,0.894,61015151.52,41290322.58,0.677,,1518,33319350108,21949506,20260909
252500,SEWHA P&C INC.,세화피앤씨,KOSDAQ,화학물질·화학제품,2025,97,44,53,0.546,9.18,11.88,6.93,0.583,67909090.91,51415094.34,0.757,,2280,18917793840,8297278,20260909
140520,"DaeChang Steel CO., LTD.",대창스틸,KOSDAQ,1차 금속,2025,97,82,15,0.155,11.07,11.62,8.06,0.694,57009475.61,43897200,0.77,,1999,42197376757,21109243,20260909
010240,"HEUNGKUK METALTECH CO.,LTD.",흥국,KOSDAQ,기타 기계·장비,2025,97,94,3,0.031,8.96,9,7.7,,66000000,52000000,,fewer than 5 of one sex,5410,63329460000,11706000,20260909
156100,"L&K BIOMED CO., LTD.",엘앤케이바이오,KOSDAQ,의료·정밀·광학기기,2025,97,63,34,0.351,2.67,2,3.92,1.96,65000000,52000000,0.8,,5200,116225995600,22351153,20260909
318160,"Cell Bio Human Tech Co., Ltd",셀바이오휴먼텍,KOSDAQ,섬유제품 제조,2025,97,65,32,0.33,2.36,2.17,2.75,1.267,62000000,52000000,0.839,,6270,58546206510,9337513,20260909
192410,"ONEUL E&M co.,Ltd",오늘이엔엠,KOSDAQ,전자부품·컴퓨터·통신장비,2025,97,68,29,0.299,6.95,7.09,6.63,0.935,44036044.12,29897413.79,0.679,,4850,122151658650,25185909,20260909
112190,"KC INDUSTRY CO.,LTD.",KC산업,KONEX,종합 건설,2025,97,85,12,0.124,5.85,6.14,3.8,0.619,56139000,51196000,0.912,,1215,43350552405,35679467,20260909
418620,"E8 Co.,Ltd.",E8,KOSDAQ,출판업,2025,97,59,38,0.392,2.49,2.4,2.63,1.096,51000000,42000000,0.824,,628,12466099556,19850477,20260909
102370,K Auction Inc.,케이옥션,KOSDAQ,도매·상품중개,2025,97,33,64,0.66,5.02,6.33,4.34,0.686,60000000,44000000,0.733,,3180,82324762200,25888290,20260909
388050,G2Power Co. Ltd,지투파워,KOSDAQ,전기장비,2025,97,83,14,0.144,2.97,3.2,1.6,0.5,65000000,39000000,0.6,,11080,207300561960,18709437,20260909
321370,"SENSORVIEW CO., LTD.",센서뷰,KOSDAQ,전자부품·컴퓨터·통신장비,2025,97,73,24,0.247,3.39,3.54,2.95,0.833,53627000,30837000,0.575,,1136,80226877136,70622251,20260909
078930,GS Holdings,GS,KOSPI,금융업,2025,96,68,28,0.292,4.23,3.7,5.5,1.486,160000000,97000000,0.606,,122100,11342539939500,92895495,20260909
317850,"DAEMO Engineering Co., Ltd.",대모,KOSDAQ,기타 기계·장비,2025,96,84,12,0.125,10.54,10.95,7.69,0.702,61840761.9,55040750,0.89,,6200,51611404000,8324420,20260909
314130,Genome&Company,지놈앤컴퍼니,KOSDAQ,의료용 물질·의약품,2025,96,31,65,0.677,3.37,4.07,3.04,0.747,76258064.52,53400000,0.7,,3370,176249062250,52299425,20260909
290670,"DAEBO MAGNETIC CO.,LTD.",대보마그네틱,KOSDAQ,전기장비,2025,96,81,15,0.156,1.84,2,1,0.5,53480777.78,42433000,0.793,,5900,46360194000,7857660,20260909
064800,"PonyLink Co., Ltd.",포니링크,KOSDAQ,소매업,2025,96,67,29,0.302,3.74,4.12,2.87,0.697,61654776.12,59969413.79,0.973,,2695,68888132005,25561459,20260909
493330,"GFI Co., Ltd",지에프아이,KOSDAQ,기타 기계·장비,2025,96,69,27,0.281,1.88,2,1.58,0.79,36000000,29000000,0.806,,14480,116412148240,8039513,20260909
256940,Keeps Biopharma Inc.,킵스파마,KOSDAQ,의료용 물질·의약품,2025,96,64,32,0.333,2.94,3.28,2.26,0.689,58796000,47990000,0.816,,5630,113039967610,20078147,20260909
032940,"WonIk Co.,LTD",원익,KOSDAQ,도매·상품중개,2025,96,57,39,0.406,12.18,15.67,7.08,0.452,72124000,43705000,0.606,,10200,185570446200,18193181,20260909
088280,SAWNICS INC.,쏘닉스,KOSDAQ,전자부품·컴퓨터·통신장비,2025,95,74,21,0.221,5.03,5.42,3.67,0.677,63780000,45530000,0.714,,2850,49323496500,17306490,20260909
082850,"WOOREE BIO CO., LTD",우리바이오,KOSDAQ,식료품 제조,2025,95,48,47,0.495,2.54,2.88,2.2,0.764,57145833.33,34404255.32,0.602,,4900,47487443500,9691315,20260909
126730,KORCHIP CORPORATION,코칩,KOSDAQ,전자부품·컴퓨터·통신장비,2025,95,82,13,0.137,2.7,2.46,4.25,1.728,43846000,43176000,0.985,,19650,172332975900,8770126,20260909
311320,"GO Element Co., Ltd.",지오엘리먼트,KOSDAQ,전자부품·컴퓨터·통신장비,2025,95,76,19,0.2,6.52,6.8,5.4,0.794,58861818,35969659,0.611,,8670,109368235200,12614560,20260909
003560,"IHQ, INC",아이에이치큐,,영상·오디오 제작,2025,95,66,29,0.305,9.5,10.69,6.78,0.634,59424242.42,48793103.45,0.821,,,,,
025880,"KC FEED CO., LTD.",케이씨피드,KOSDAQ,식료품 제조,2025,95,68,27,0.284,9.74,10.4,8.08,0.777,70495235.29,62196814.81,0.882,,2375,39700162750,16715858,20260909
011690,"Y2 Solution CO.,LTD",와이투솔루션,KOSPI,전자부품·컴퓨터·통신장비,2025,95,73,22,0.232,5.59,5.93,4.46,0.752,81246575.34,54454545.45,0.67,,3200,117454060800,36704394,20260909
047080,HANBIT SOFT Inc.,한빛소프트,KOSDAQ,출판업,2025,95,77,18,0.189,4.4,4.31,4.81,1.116,59989000,44987000,0.75,,1087,26981907494,24822362,20260909
222420,"CENOTEC Co., Ltd",쎄노텍,KOSDAQ,비금속 광물제품,2025,95,83,12,0.126,6.11,6.37,4.35,0.683,46405614.46,39584500,0.853,,936,45319737528,48418523,20260909
065060,"Great New wave Coming Co., Ltd.",지엔코,KOSDAQ,의복 제조,2025,95,45,50,0.526,4.07,5.25,3,0.571,48000000,43000000,0.896,,3345,20037841170,5990386,20260909
005740,"CROWNHAITAI Holdings CO.,LTD",크라운해태홀딩스,KOSPI,금융업,2025,94,75,19,0.202,8.28,8.3,8.2,0.988,58675000,46739000,0.797,,5650,83887510550,14847347,20260909
006260,LS Corp.,LS,KOSPI,금융업,2025,94,69,25,0.266,11.19,13.1,5.9,0.45,171000000,75000000,0.439,,330000,10296000000000,31200000,20260909
455900,"ANGEL ROBOTICS Co., Ltd.",엔젤로보틱스,KOSDAQ,기타 기계·장비,2025,94,64,30,0.319,2.72,2.75,2.67,0.971,69000000,53000000,0.768,,21550,331718740550,15392981,20260909
056730,CNT85 Inc.,CNT85,KOSDAQ,종합 건설,2025,94,82,12,0.128,1.74,1.75,1.67,0.954,65985000,42475000,0.644,,1291,19135507967,14822237,20260909
220100,"FutureChem Co., Ltd.",퓨쳐켐,KOSDAQ,의료용 물질·의약품,2025,94,62,32,0.34,5.32,5.95,4.09,0.687,57263000,45690000,0.798,,7930,177849440600,22427420,20260909
005440,"HYUNDAI G.F. HOLDINGS CO., LTD.",현대지에프홀딩스,KOSPI,금융업,2025,94,74,20,0.213,12.7,14,7.9,0.564,162000000,72000000,0.444,,12720,2332812371280,183397199,20260909
306620,"GIS Co., Ltd.",지아이에스,KOSDAQ,기타 기계·장비,2025,94,82,12,0.128,6.07,6.26,4.75,0.759,59631756.1,44950416.67,0.754,,1767,84713839128,47942184,20260909
382840,"Onejoon Co., Ltd.",원준,KOSDAQ,기타 기계·장비,2025,93,79,14,0.151,3.96,3.83,4.67,1.219,67577759.49,52916000,0.783,,5080,77579631480,15271581,20260909
054040,KOREA COMPUTER INC.,한국컴퓨터,KOSDAQ,전자부품·컴퓨터·통신장비,2025,93,44,49,0.527,13.48,13.9,13.1,0.942,53446000,44788000,0.838,,4470,71838666300,16071290,20260909
071050,"Korea Investment Holdings Co., Ltd",한국금융지주,KOSPI,금융업,2025,93,76,17,0.183,3.63,3.44,4.48,1.302,249000000,169000000,0.679,,192800,10743971257600,55725992,20260909
138610,"NIBEC CO., LTD.",나이벡,KOSDAQ,의료용 물질·의약품,2025,93,44,49,0.527,3.95,3.9,4,1.026,58064000,60565000,1.043,,14870,169039081910,11367793,20260909
199550,"Laseroptek Co., Ltd.",레이저옵텍,KOSDAQ,의료·정밀·광학기기,2025,93,66,27,0.29,3.69,4,2.92,0.73,53000000,39000000,0.736,,3430,50921063130,14845791,20260909
014100,"Medience Co., LTD.",메디앙스,KOSDAQ,도매·상품중개,2025,93,35,58,0.624,4.69,6.25,3.75,0.6,57524000,44412000,0.772,,1610,18998000000,11800000,20260909
096610,"RFsemiTechnologies,Inc.",알에프세미,,전자부품·컴퓨터·통신장비,2025,93,49,44,0.473,8.8,8.27,9.38,1.134,41384795.92,37552750,0.907,,,,,
494120,Curiosis Inc.,큐리오시스,KOSDAQ,의료·정밀·광학기기,2025,93,50,43,0.462,3.46,3.76,3.12,0.83,53131060,41570720.93,0.782,,8370,127724224680,15259764,20260909
351020,"Miju Co., Ltd.",미쥬,KONEX,의복 제조,2025,93,31,62,0.667,3.11,2.83,3.25,1.148,45000000,43000000,0.956,,7300,15147500000,2075000,20260909
137950,"JC Chemical Corporation, LTD.",제이씨케미칼,KOSDAQ,화학물질·화학제품,2025,93,81,12,0.129,6.57,6.92,4.19,0.605,97000000,64000000,0.66,,3970,88403221580,22267814,20260909
255220,"SG CO., LTD.",SG,KOSDAQ,비금속 광물제품,2025,93,70,23,0.247,5.49,5.71,4.83,0.846,55750628.57,40582000,0.728,,1220,133667228440,109563302,20260909
006380,CAPRO CORPORATION,카프로,KOSPI,화학물질·화학제품,2025,93,89,4,0.043,7.96,8,7,,64000000,48000000,,fewer than 5 of one sex,147,24842999412,168999996,20260909
121060,UNIPOINT Corp.,유니포인트,KONEX,컴퓨터 프로그래밍·SI,2025,93,76,17,0.183,5.4,5.56,4.71,0.847,50881578.95,40470588.24,0.795,,700,3635648100,5193783,20260909
005820,WONLIM CORPORATION,원림,KOSPI,섬유제품 제조,2025,92,78,14,0.152,6,6,6,1,48334000,34791000,0.72,,14700,33780159000,2297970,20260909
263020,"DK&D CO.,LTD",디케이앤디,KOSDAQ,고무·플라스틱,2025,92,84,8,0.087,8.06,8.33,5.17,0.621,56000000,46000000,0.821,,3120,43168775520,13836146,20260909
275630,SSR Inc.,에스에스알,KOSDAQ,출판업,2025,92,67,25,0.272,3.99,4.1,3.7,0.902,55221476,40604581,0.735,,4155,21829572240,5253808,20260909
083790,"CG Invites Co., Ltd.",CG인바이츠,KOSDAQ,연구개발업,2025,92,46,46,0.5,1.8,1.77,1.84,1.04,72000000,48000000,0.667,,966,74279779812,76894182,20260909
131760,"FINETEK CO., LTD.",파인텍,KOSDAQ,기타 기계·장비,2025,92,74,18,0.196,8.38,8.86,6.42,0.725,55870959.46,42781666.67,0.766,,1232,10701541312,8686316,20260909
475430,"KISTRON Co., Ltd.",키스트론,KOSDAQ,전기장비,2025,92,82,10,0.109,8.62,9.21,3.81,0.414,64000000,49000000,0.766,,4080,72820288800,17848110,20260909
0007C0,Acryl Inc.,아크릴,KOSDAQ,,2025,92,60,32,0.348,2.65,3.02,1.96,0.649,55739530.67,36968160.5,0.663,,16310,130974584440,8030324,20260909
382900,"Bumhan Fuel Cell Co.,Ltd.",범한퓨얼셀,KOSDAQ,전기장비,2025,92,79,13,0.141,4.59,4.58,4.67,1.02,65000000,59000000,0.908,,23350,204569350000,8761000,20260909
060540,SystemandApplicationTechnologiesInc.,에스에이티,KOSDAQ,의료·정밀·광학기기,2025,92,75,17,0.185,8.12,9.7,1.17,0.121,59537160,20524764.71,0.345,,1386,36220246524,26132934,20260909
038060,"LUMENS CO., LTD.",루멘스,KOSDAQ,전자부품·컴퓨터·통신장비,2025,92,74,18,0.196,8.43,8.9,6.5,0.73,70000000,46000000,0.657,,802,38578661338,48103069,20260909
101930,"Inhwa Precision Co., Ltd.",인화정공,KOSDAQ,기타 운송장비,2025,92,87,5,0.054,11.99,12,11.9,0.992,51174000,141876000,2.772,,6450,294730627950,45694671,20260909
000300,"DHAUTONEX CO.,LTD",DH오토넥스,KOSPI,자동차·트레일러,2025,92,82,10,0.109,3.98,4.1,3,0.732,47779000,37036000,0.775,,4200,174035631000,41437055,20260909
003380,"Harim Holdings Co., Ltd.",하림지주,KOSDAQ,금융업,2025,91,65,26,0.286,3.78,3.83,3.67,0.958,80000000,72000000,0.9,,11100,1243262393100,112005621,20260909
002020,KOLON CORPORATION,코오롱,KOSPI,금융업,2025,91,59,32,0.352,10.54,11.73,8.36,0.713,117162000,92454000,0.789,,25950,334954296000,12907680,20260909
099220,SDN Company Ltd.,SDN,KOSDAQ,도매·상품중개,2025,91,69,22,0.242,5.17,5.54,4.01,0.724,43869565.22,36363636.36,0.829,,511,32164562850,62944350,20260909
149980,"Hironic Co.,Ltd",하이로닉,KOSDAQ,의료·정밀·광학기기,2025,91,60,31,0.341,1.67,2.12,0.81,0.382,67000000,48000000,0.716,,4780,82211439880,17199046,20260909
051380,"PC Direct, Inc.",피씨디렉트,KOSDAQ,도매·상품중개,2025,91,70,21,0.231,5.75,6.4,3.6,0.563,63000000,39000000,0.619,,1591,24406054552,15340072,20260909
115160,"HUMAX CO., LTD.",휴맥스,KOSDAQ,도매·상품중개,2025,91,53,38,0.418,5.68,5.84,5.45,0.933,68721622.64,71998736.84,1.048,,5460,23519130180,4307533,20260909
323990,Vaxcell-Bio Therapeutics,박셀바이오,KOSDAQ,연구개발업,2025,91,44,47,0.516,2.57,1.93,3.16,1.637,62409090.91,37021276.6,0.593,,4685,108960661325,23257345,20260909
239610,"HLSCIENCE Co., LTD",에이치엘사이언스,KOSDAQ,식료품 제조,2025,91,45,46,0.505,4.39,4.75,4.03,0.848,48017000,31309000,0.652,,5330,28739972950,5392115,20260909
032790,"MGEN SOLUTIONS CO., LTD.",엠젠솔루션,KOSDAQ,도매·상품중개,2025,91,74,17,0.187,4.75,5.01,3.61,0.721,56810810.81,47764705.88,0.841,,1631,41884252886,25680106,20260909
232530,"Energy Material Technology Co., Ltd.",이엠티,KONEX,전기장비,2025,91,79,12,0.132,2.08,2.08,2.08,1,37741000,35065000,0.929,,10490,268694048960,25614304,20260909
194370,JS Corporation,제이에스코퍼레이션,KOSPI,가죽·신발 제조,2025,90,69,21,0.233,7.69,7.38,8.7,1.179,66362318.84,58952380.95,0.888,,12690,368222659020,29016758,20260909
059120,"AJINEXTEK Co., Ltd.",아진엑스텍,KOSDAQ,전자부품·컴퓨터·통신장비,2025,90,81,9,0.1,6.88,7.08,5.11,0.722,67960000,33387000,0.491,,7030,128719763980,18310066,20260909
010640,"CHINYANG POLY URETHANE CO.,LTD",진양폴리우레탄,KOSPI,고무·플라스틱,2025,90,83,7,0.078,5.25,5.2,5.9,1.135,46512003,35525257,0.764,,1916,31997200000,16700000,20260909
073640,"TERA SCIENCE Co.,LTD",테라사이언스,KOSDAQ,금속가공제품,2025,90,47,43,0.478,3.07,4.5,1.5,0.333,69176000,24686000,0.357,,654,76111715580,116378770,20260909
192250,"KSIGN CO., Ltd.",케이사인,KOSDAQ,출판업,2025,90,66,24,0.267,4.83,4.92,4.58,0.931,51024000,36976000,0.725,,7110,50247258750,7067125,20260909
448900,"PIM KOREA Co.,Ltd.",한국피아이엠,KOSDAQ,자동차·트레일러,2025,90,66,24,0.267,6.26,5.75,7.67,1.334,57280000,41622000,0.727,,50800,308582415600,6074457,20260909
376900,ROKIT HEALTHCARE Inc.,로킷헬스케어,KOSDAQ,의료용 물질·의약품,2025,90,52,38,0.422,3.97,4.6,3.1,0.674,9038000,5378000,0.595,,27600,480496404000,17409290,20260909
464490,QuadMedicine Inc.,쿼드메디슨,KOSDAQ,의료용 물질·의약품,2025,90,50,40,0.444,3.85,3.44,4.37,1.27,51800000,50550000,0.976,,4965,57008691045,11482113,20260909
115310,"INFOvine co., Ltd.",인포바인,KOSDAQ,통신업,2025,90,73,17,0.189,5.6,5.54,5.85,1.056,62000000,34000000,0.548,,9430,139861507070,14831549,20260909
079000,"WATOSCOREACO.,LTD",와토스코리아,KOSDAQ,고무·플라스틱,2025,90,52,38,0.422,7,7,7,1,44932000,29396000,0.654,,3995,28764000000,7200000,20260909
377330,"EGTRONICS Co., Ltd.",이지트로닉스,KOSDAQ,전기장비,2025,90,70,20,0.222,3.24,3.4,2.7,0.794,46400000,30654000,0.661,,2730,22222074420,8139954,20260909
099410,"Dongbang Ship Machinery Co., Ltd",동방선기,KOSDAQ,기타 운송장비,2025,90,67,23,0.256,2.89,2.4,4.3,1.792,38273000,36069000,0.942,,3300,46200000000,14000000,20260909
159580,Zero to Seven Inc,제로투세븐,KOSDAQ,도매·상품중개,2025,90,52,38,0.422,5.59,7.13,3.49,0.489,61153846.15,49578947.37,0.811,,2195,43971636020,20032636,20260909
038620,"WIZ CORP, Inc.",위즈코프,KOSDAQ,소매업,2025,89,42,47,0.528,4.71,5.9,3.64,0.617,42693857.14,36054808.51,0.844,,1932,29261865276,15145893,20260909
098660,"STO Co., Ltd.",에스티오,KOSDAQ,의복 제조,2025,89,49,40,0.449,8.65,10,7,0.7,72905077,49933431,0.685,,1604,20051565504,12500976,20260909
357550,"Sukgyung AT Co., Ltd.",석경에이티,KOSDAQ,화학물질·화학제품,2025,89,73,16,0.18,4.82,5.18,3.2,0.618,42094150.68,33593750,0.798,,33000,180015000000,5455000,20260909
379390,"IHSUNGCNI CO.,LTD.",이성씨엔아이,KONEX,건축기술·엔지니어링,2025,89,82,7,0.079,5.6,5.7,4.44,0.779,44000000,36000000,0.818,,5600,15912176000,2841460,20260909
438700,"VIRNECT Co., Ltd.",버넥트,KOSDAQ,출판업,2025,89,66,23,0.258,3.75,3.8,3.6,0.947,69000000,54000000,0.783,,1744,19436688160,11144890,20260909
029960,"Korea Environment Technology Co., LTD.",코엔텍,,전기·가스·증기,2025,89,82,7,0.079,15.01,14.7,18.7,1.272,89381000,57197000,0.64,,,,,
327260,"RF Materials Co., Ltd.",RF머트리얼즈,KOSDAQ,전자부품·컴퓨터·통신장비,2025,89,55,34,0.382,5.47,5.25,5.83,1.11,55769000,42567000,0.763,,42300,760927889700,17988839,20260909
476040,ORGANOIDSCIENCES LTD.,오가노이드사이언스,KOSDAQ,연구개발업,2025,89,40,49,0.551,2.8,2.79,2.8,1.004,54741125,53131551.02,0.971,,6600,43466016000,6585760,20260909
950200,"Psomagen, Inc.",소마젠,KOSDAQ,기타 과학기술 서비스,2025,88,42,46,0.523,3.72,4.02,3.45,0.858,89770238.1,68424478.26,0.762,,3230,62132451190,19236053,20260909
212710,"ISTE Co.,Ltd.",아이에스티이,KOSDAQ,전자부품·컴퓨터·통신장비,2025,88,83,5,0.057,5.05,5.17,3,0.58,61120722.89,38567000,0.631,,7150,69462092700,9714978,20260909
450950,"ASTERASYS Co., Ltd.",아스테라시스,KOSDAQ,의료·정밀·광학기기,2025,88,68,20,0.227,3.68,3.4,4.65,1.368,107235294.12,104900000,0.978,,5230,196792306160,37627592,20260909
340360,DAVOLINK Inc.,다보링크,KOSDAQ,전자부품·컴퓨터·통신장비,2025,88,71,17,0.193,7.79,8.13,6.35,0.781,4350380.01,3254330.06,0.748,,1000,53007472000,53007472,20260909
294140,LEMON COMPANY LIMITED,레몬,KOSDAQ,화학물질·화학제품,2025,88,69,19,0.216,4.84,5.42,2.75,0.507,53000000,28000000,0.528,,2285,56930359130,24914818,20260909
196300,"HLB Pep Co., Ltd.",HLB펩,KOSDAQ,의료용 물질·의약품,2025,88,34,54,0.614,4.85,4.81,4.88,1.015,42937029.41,30406685.19,0.708,,4165,39542289255,9493947,20260909
052600,"HANNET CO., LTD.",한네트,KOSDAQ,통신업,2025,87,71,16,0.184,7.68,7.72,7.48,0.969,45379366.2,34812625,0.767,,2980,34459826000,11563700,20260909
466410,Synapsoft Corp.,사이냅소프트,KOSDAQ,출판업,2025,87,56,31,0.356,4.98,6.38,2.44,0.382,5750107.14,3526000,0.613,,8730,43973210790,5037023,20260909
010770,"Pyung Hwa Holdings Co.,Ltd.",평화홀딩스,KOSPI,자동차·트레일러,2025,87,70,17,0.195,10.42,10.83,8.75,0.808,82000000,55000000,0.671,,3530,51627894980,14625466,20260909
001360,"SAMSUNG PHARMACEUTICAL.CO.,Ltd.",삼성제약,KOSPI,의료용 물질·의약품,2025,87,50,37,0.425,6.31,6.1,6.6,1.082,75000000,54000000,0.72,,1341,126271347939,94162079,20260909
322510,"JLK, Inc.",제이엘케이,KOSDAQ,출판업,2025,87,61,26,0.299,2.3,2.41,2.04,0.846,100868000,60921000,0.604,,4500,115766514000,25725892,20260909
236810,NBT INC.,엔비티,KOSDAQ,전문서비스업,2025,87,59,28,0.322,3.73,4.6,1.9,0.413,82327000,44832000,0.545,,1770,30046504020,16975426,20260909
106240,"FINE TECHNIX CO., LTD",파인테크닉스,KOSDAQ,전기장비,2025,87,68,19,0.218,6.4,6.4,6.4,1,56000000,31000000,0.554,,1124,29878071336,26581914,20260909
026910,KwangjinInd,광진실업,KOSDAQ,1차 금속,2025,87,79,8,0.092,6,5.84,7.63,1.307,49645569.62,33375000,0.672,,3150,24974226900,7928326,20260909
204610,T3 Entertainment Inc.,티쓰리,KOSDAQ,출판업,2025,86,66,20,0.233,5.28,5.27,5.31,1.008,69007000,55767000,0.808,,3255,181388846100,55726220,20260909
171010,"RAM TECHNOLOGY CO., LTD.",램테크놀러지,KOSDAQ,화학물질·화학제품,2025,86,73,13,0.151,6.9,7.5,3.5,0.467,61000000,42000000,0.689,,2550,36461817600,14298752,20260909
052860,"I&C Technology Co., Ltd.",아이앤씨,KOSDAQ,전자부품·컴퓨터·통신장비,2025,86,78,8,0.093,6.13,6.5,2.5,0.385,59000000,40000000,0.678,,7210,128820017340,17866854,20260909
094360,"Chips&Media, Inc.",칩스앤미디어,KOSDAQ,전자부품·컴퓨터·통신장비,2025,86,69,17,0.198,6.61,6.92,5.33,0.77,139231000,94714000,0.68,,10720,228928537280,21355274,20260909
017480,"SAMHYUN STEEL Co., Ltd",삼현철강,KOSDAQ,1차 금속,2025,86,73,13,0.151,10.03,10.33,8.33,0.806,76000000,45000000,0.592,,4875,75284088750,15442890,20260909
043260,SUNGHO ELECTRONICS CORP.,성호전자,KOSDAQ,전자부품·컴퓨터·통신장비,2025,86,67,19,0.221,6.18,6.8,4,0.588,53599000,38915000,0.726,,18440,1354114698880,73433552,20260909
114920,"Daejoo Energy INnovation Technology Co.,Ltd",대주이엔티,KONEX,1차 금속,2025,86,78,8,0.093,5.82,5.52,8.74,1.583,56803947.31,51929169.38,0.914,,2495,8656402500,3469500,20260909
413630,"CP SYSTEM CO.,LTD",씨피시스템,KOSDAQ,고무·플라스틱,2025,86,60,26,0.302,4.46,4.7,3.92,0.834,43200000,48500000,1.123,,3970,144653321850,36436605,20260909
011700,HANSHIN MACHINERY CO,한신기계공업,KOSPI,기타 기계·장비,2025,86,68,18,0.209,8.72,9.27,6.62,0.714,49,30,0.612,,2650,85982300150,32446151,20260909
217730,"KANGSTEM BIOTECH CO., LTD.",강스템바이오텍,KOSDAQ,의료용 물질·의약품,2025,86,36,50,0.581,4.42,3.9,4.8,1.231,64000000,53000000,0.828,,2210,207859669290,94054149,20260909
305090,"Micro Digital Co., Ltd.",마이크로디지탈,KOSDAQ,의료·정밀·광학기기,2025,86,66,20,0.233,3.9,4.15,3.08,0.742,67000000,44000000,0.657,,538,10087410692,18749834,20260909
270870,"Newtree Co., Ltd.",뉴트리,KOSDAQ,식료품 제조,2025,86,27,59,0.686,4.17,4.1,4.2,1.024,67339000,59080000,0.877,,3850,34630157100,8994846,20260909
103660,"CIAAT Co., Ltd.",씨앗,KONEX,화학물질·화학제품,2025,86,67,19,0.221,5.22,5,6,1.2,53475000,32897000,0.615,,1490,8966031790,6017471,20260909
388610,"GFC Life Science Co., Ltd.",지에프씨생명과학,KOSDAQ,화학물질·화학제품,2025,86,22,64,0.744,4.34,4.02,4.45,1.107,62272727.27,42921875,0.689,,5340,28437545220,5325383,20260909
044180,KD Corporation,KD,KOSDAQ,종합 건설,2025,86,67,19,0.221,1.41,1.3,1.8,1.385,32029000,24005000,0.749,,205,5477148795,26717799,20260909
475660,"S-CHEM Co.,Ltd.",에스켐,KOSDAQ,화학물질·화학제품,2025,86,66,20,0.233,2.64,2.86,1.92,0.671,54212121.21,43000000,0.793,,3300,26168455500,7929835,20260909
015230,"DAECHANG FORGING CO.,LTD",대창단조,KOSPI,자동차·트레일러,2025,85,82,3,0.035,18.84,19.35,4.81,,72360000,53209000,,fewer than 5 of one sex,6870,186476669400,27143620,20260909
058110,"MEKICS Co., Ltd",멕아이씨에스,KOSDAQ,의료·정밀·광학기기,2025,85,52,33,0.388,5.71,6.1,5.1,0.836,46466000,32223000,0.693,,1569,25183281570,16050530,20260909
024890,"DAEWON CHEMICAL CO.,LTD",대원화성,KOSPI,고무·플라스틱,2025,85,70,15,0.176,6.86,6.66,7.79,1.17,56031490.57,29195072.8,0.521,,1720,14189707600,8249830,20260909
073190,"DUOBACK CO., LTD.",듀오백,KOSDAQ,가구 제조,2025,85,58,27,0.318,5.68,6,5,0.833,38000000,32000000,0.842,,1622,19412160880,11968040,20260909
079170,"HanchangIndustryCo.,Ltd.",한창산업,KOSDAQ,1차 금속,2025,84,77,7,0.083,5.82,5.66,7.6,1.343,76734000,59593000,0.777,,6080,31616000000,5200000,20260909
068100,"Kweather Co., Ltd.",케이웨더,KOSDAQ,기타 기계·장비,2025,84,67,17,0.202,4.23,4.42,3.5,0.792,44670000,25263000,0.566,,2315,27612245840,11927536,20260909
065440,ELUON Corporation,이루온,KOSDAQ,출판업,2025,84,71,13,0.155,8.79,8.91,8.12,0.911,76000000,64000000,0.842,,1402,38239578040,27275020,20260909
431190,"K3I. Co., Ltd.",케이쓰리아이,KOSDAQ,출판업,2025,84,61,23,0.274,3.23,3.5,2.5,0.714,48344,31137,0.644,,2895,21673249590,7486442,20260909
019990,ENERTORK LTD.,에너토크,KOSDAQ,기타 기계·장비,2025,84,74,10,0.119,8.29,9,3,0.333,49781000,41145000,0.827,,5550,54146288400,9756088,20260909
044480,"Billions Co.,Ltd.",빌리언스,KOSDAQ,창작·예술·여가,2025,84,51,33,0.393,5.76,5.42,6.29,1.161,50470352.94,35243090.91,0.698,,3845,25569953635,6650183,20260909
473980,Knowmerce Corp.,노머스,KOSDAQ,창작·예술·여가,2025,84,31,53,0.631,1.61,1.9,1.44,0.758,53428064.52,31803849.06,0.595,,11600,126239923200,10882752,20260909
303030,"Zinitix Co.,Ltd.",지니틱스,KOSDAQ,전자부품·컴퓨터·통신장비,2025,84,77,7,0.083,7.12,7.1,7.3,1.028,73000000,44000000,0.603,,1610,14743536360,9157476,20260909
402340,"SK Square Co., Ltd.",SK스퀘어,KOSPI,금융업,2025,84,69,15,0.179,3.38,3.4,3.3,0.971,285000000,180000000,0.632,,1138000,150129509724000,131923998,20260909
000230,"ILDONG HOLDINGS CO.,LTD",일동홀딩스,KOSPI,의료용 물질·의약품,2025,84,51,33,0.393,8.5,9.4,7.1,0.755,67716000,54016000,0.798,,6210,71665884000,11540400,20260909
146060,"YulChon co., Ltd",율촌,KOSDAQ,1차 금속,2025,84,77,7,0.083,4.11,4.2,3.1,0.738,46000000,33000000,0.717,,1130,27137622350,24015595,20260909
003650,"MICHANG OIL IND CO.,LTD",미창석유공업,KOSPI,코크스·석유정제,2025,84,76,8,0.095,19.05,20,10,0.5,79777652,51138122,0.641,,130100,226331327200,1739672,20260909
046210,"HLB PANAGENE Co., LTD.",HLB파나진,KOSDAQ,의료용 물질·의약품,2025,84,45,39,0.464,6.48,7.39,5.42,0.733,55977777.78,45461538.46,0.812,,1140,51901874400,45527960,20260909
097870,"HyosungONBCo.,Ltd",효성오앤비,KOSDAQ,화학물질·화학제품,2025,83,67,16,0.193,10.33,10.25,10.67,1.041,38879000,35514000,0.913,,4545,38587050000,8490000,20260909
075130,"PLANTYNETCo.,Ltd.",플랜티넷,KOSDAQ,컴퓨터 프로그래밍·SI,2025,83,62,21,0.253,6.79,7.5,4.7,0.627,68000000,39000000,0.574,,2115,34098706800,16122320,20260909
049180,"CELLUMED CO., LTD.",셀루메드,KOSDAQ,의료용 물질·의약품,2025,83,45,38,0.458,4.51,4.58,4.42,0.965,62000000,32000000,0.516,,1009,83975227728,83226192,20260909
033200,"MOATECH CO., LTD.",모아텍,KOSDAQ,전자부품·컴퓨터·통신장비,2025,83,62,21,0.253,10.46,11.15,8.43,0.756,57452000,33854000,0.589,,2475,22781209275,9204529,20260909
065710,"Seoho Electric Co.,Ltd.",서호전기,KOSDAQ,전기장비,2025,83,73,10,0.12,6.76,7,5,0.714,191937000,52525000,0.274,,45850,236127500000,5150000,20260909
139050,"BFLABS Co.,LTD.",비에프랩스,,컴퓨터 프로그래밍·SI,2025,83,73,10,0.12,2.88,2.87,2.99,1.042,50748000,41179000,0.811,,,,,
089140,"NEXTURN&ROLLKOREA Co., Ltd",넥스턴앤롤코리아,KOSDAQ,기타 기계·장비,2025,83,73,10,0.12,6.51,6.47,6.84,1.057,52717465.75,40410400,0.767,,2095,32087510230,15316234,20260909
168330,"Naturalendo Tech Co., Ltd",내츄럴엔도텍,KOSDAQ,연구개발업,2025,83,40,43,0.518,4.39,5,3.83,0.766,61332000,39038000,0.637,,2185,69384456500,31754900,20260909
007390,"NATURECELL CO.,LTD.",네이처셀,KOSDAQ,의료용 물질·의약품,2025,83,47,36,0.434,7.02,8.12,5.58,0.687,57276595.74,29166666.67,0.509,,24800,1597989388800,64435056,20260909
232830,"ITCENPNS CO.,LTD.",아이티센피엔에스,KOSDAQ,출판업,2025,83,59,24,0.289,2.84,3.08,2.25,0.731,68349000,49884000,0.73,,1910,31579416660,16533726,20260909
452190,HBL Corporation,한빛레이저,KOSDAQ,기타 기계·장비,2025,83,71,12,0.145,7.92,7.5,10.42,1.389,53456566,48756161,0.912,,5000,119602785000,23920557,20260909
065650,Hyper Corporation Inc.,하이퍼코퍼레이션,KOSDAQ,도매·상품중개,2025,83,64,19,0.229,1.64,1.36,2.59,1.904,32437375,36999842.11,1.141,,1563,17108577681,10945987,20260909
192400,"Cuckoo Holdings Co.,Ltd",쿠쿠홀딩스,KOSPI,금융업,2025,82,59,23,0.28,5.9,6.67,3.92,0.588,87000000,57000000,0.655,,27300,970847650500,35562185,20260909
053050,"GSE Co., Ltd.",지에스이,KOSDAQ,전기·가스·증기,2025,82,75,7,0.085,13.13,13.7,7,0.511,82164000,35162000,0.428,,1950,58475814150,29987597,20260909
136410,ASSEMS INC.,아셈스,KOSDAQ,고무·플라스틱,2025,82,65,17,0.207,7.42,7.79,5.99,0.769,62892307.69,28470588.24,0.453,,4020,44296806120,11019106,20260909
187420,"HLB Genex, Inc.",HLB제넥스,KOSDAQ,의료용 물질·의약품,2025,82,49,33,0.402,5.98,6.1,5.8,0.951,61842000,50965000,0.824,,1823,59511738381,32644947,20260909
246710,"T&R Biofab Co., Ltd",티앤알바이오팹,KOSDAQ,의료용 물질·의약품,2025,82,52,30,0.366,2.78,2.75,2.83,1.029,54000000,47000000,0.87,,2195,104623586280,47664504,20260909
403490,"WooDeumGee Farm Co., Ltd",우듬지팜,KOSDAQ,식료품 제조,2025,82,24,58,0.707,1.2,1.67,1,0.599,68019825,32197730,0.473,,2100,19291633200,9186492,20260909
037340,"HC Corporation Co., Ltd.",에이치씨코퍼레이션,,전자부품·컴퓨터·통신장비,2025,82,73,9,0.11,5.1,5.2,4.3,0.827,3601000,3579000,0.994,,,,,
358570,GI Innovation Inc.,지아이이노베이션,KOSDAQ,연구개발업,2025,82,42,40,0.488,4.15,4.2,4.1,0.976,142804000,119346000,0.836,,8470,546450570820,64516006,20260909
091590,"Nam Hwa Construction Company, Limited",남화토건,KOSDAQ,종합 건설,2025,82,75,7,0.085,6.86,6.8,7.54,1.109,53533333.33,33857142.86,0.632,,7220,84762800000,11740000,20260909
429270,"Sigetronics, Inc.",시지트로닉스,KOSDAQ,전자부품·컴퓨터·통신장비,2025,81,49,32,0.395,4.17,4,4.42,1.105,44596000,32712000,0.734,,3100,19992616100,6449231,20260909
389650,"NEXTBIOMEDICAL Co., Ltd.",넥스트바이오메디컬,KOSDAQ,의료·정밀·광학기기,2025,81,29,52,0.642,3.03,3.41,2.82,0.827,69241379.31,32461538.46,0.469,,30400,251629494400,8277286,20260909
419050,"SAMKEE ENERGY SOLUTIONS CO.,LTD",삼기에너지솔루션즈,KOSDAQ,자동차·트레일러,2025,81,71,10,0.123,67.49,67.69,66.1,0.977,67889422.54,53714000,0.791,,1667,95346132080,57196240,20260909
140430,CATIS INC.,카티스,KOSDAQ,컴퓨터 프로그래밍·SI,2025,81,66,15,0.185,6.2,6.47,5.01,0.774,70993000,47085000,0.663,,1702,18193540914,10689507,20260909
457370,"HANCHEM CO.,LTD",한켐,KOSDAQ,화학물질·화학제품,2025,81,65,16,0.198,7.11,6.95,7.78,1.119,50494000,43225000,0.856,,7800,62923645200,8067134,20260909
226320,"IT'S HANBUL CO., LTD.",잇츠한불,KOSPI,화학물질·화학제품,2025,81,34,47,0.58,7.25,9.71,5.47,0.563,61000000,47446808.51,0.778,,10130,222143960950,21929315,20260909
041520,"ELC Co., Ltd.",이엘씨,KOSDAQ,의료·정밀·광학기기,2025,81,68,13,0.16,5.75,5.8,5.5,0.948,59582000,35493000,0.596,,11900,145045887000,12188730,20260909
078350,"HANYANG DIGITECH CO.,LTD.",한양디지텍,KOSDAQ,전자부품·컴퓨터·통신장비,2025,81,70,11,0.136,5.87,6.1,4.4,0.721,60000000,60000000,1,,18670,284612611940,15244382,20260909
005860,HANIL FEED Co.Ltd,한일사료,KOSDAQ,식료품 제조,2025,81,67,14,0.173,11.96,12.72,8.33,0.655,78158432.84,49760000,0.637,,2410,94962880850,39403685,20260909
001210,"KUMHO ELECTRIC CO.,LTD",금호전기,KOSPI,전기장비,2025,81,62,19,0.235,8.68,9.29,6.69,0.72,61032258.06,39631578.95,0.649,,12070,149378513120,12376016,20260909
475460,MeatBox Global Inc.,미트박스,KOSDAQ,정보서비스업,2025,80,56,24,0.3,2.84,3,2.48,0.827,77482142.86,57750000,0.745,,8400,47430810000,5646525,20260909
364950,"AI Korea Co., Ltd.",에이아이코리아,KOSDAQ,기타 기계·장비,2025,80,74,6,0.075,2.64,2.66,2.36,0.887,76836000,34505000,0.449,,3450,28622735250,8296445,20260909
478340,Nara Space Technology Inc.,나라스페이스테크놀로지,KOSDAQ,기타 운송장비,2025,80,52,28,0.35,2.72,3.1,2,0.645,66000000,46000000,0.697,,10610,122759111130,11570133,20260909
317120,RANIX INC.,라닉스,KOSDAQ,전자부품·컴퓨터·통신장비,2025,80,71,9,0.113,3.34,3.54,1.76,0.497,75464788.73,39666666.67,0.526,,1423,21714980000,15260000,20260909
096690,"Aroot Co., Ltd.",에이루트,KOSDAQ,전자부품·컴퓨터·통신장비,2025,79,65,14,0.177,6.74,6.75,6.71,0.994,48517446.15,33641857.14,0.693,,6830,27476010860,4022842,20260909
135160,MSGOC CO. LTD.,무송지오씨,,전기장비,2025,79,72,7,0.089,7.04,7.08,6.58,0.929,40000000,36000000,0.9,,,,,
153710,"Optipharm.CO.,LTD",옵티팜,KOSDAQ,의료용 물질·의약품,2025,79,49,30,0.38,6.6,6.68,6.48,0.97,62755102.04,55166666.67,0.879,,4785,70195749030,14669958,20260909
033050,"JEONGMOON INFORMATION CO.,LTD.",제이엠아이,KOSDAQ,화학물질·화학제품,2025,79,50,29,0.367,8.63,8.86,8.24,0.93,64198480,39145758.62,0.61,,831,26458481568,31839328,20260909
122450,"KX Innovation Co., Ltd.",KX,KOSDAQ,방송업,2025,79,54,25,0.316,7.76,9.33,4.36,0.467,63468277.78,49020240,0.772,,2595,116307469230,44819834,20260909
060370,"LS Marine Solution Co., Ltd.",LS마린솔루션,KOSDAQ,전문직별 공사,2025,79,72,7,0.089,9.87,9.77,10.87,1.113,91666666.67,55285714.29,0.603,,31500,1645523901000,52238854,20260909
267790,"BARREL Co., Ltd.",배럴,KOSDAQ,의복 제조,2025,79,24,55,0.696,2.52,2.75,2.42,0.88,46819000,41211000,0.88,,3335,25643845515,7689309,20260909
474170,Lumir Inc.,루미르,KOSDAQ,기타 운송장비,2025,79,68,11,0.139,1.6,1.6,1.6,1,62000000,47000000,0.758,,6550,116705908800,17817696,20260909
128660,"PJ METAL CO., LTD",피제이메탈,KOSDAQ,1차 금속,2025,79,71,8,0.101,10.67,10.8,9.5,0.88,60647000,64487000,1.063,,2930,72673871170,24803369,20260909
263770,"UST CO., LTD.",유에스티,KOSDAQ,1차 금속,2025,79,70,9,0.114,6.54,7,3,0.429,56000000,48000000,0.857,,1639,38844581908,23700172,20260909
452200,"Mintech Co., Ltd.",민테크,KOSDAQ,의료·정밀·광학기기,2025,79,63,16,0.203,3.61,3.56,3.8,1.067,81000000,64000000,0.79,,1716,41755084800,24332800,20260909
000950,"CHONBANG CO.,LTD",전방,KOSPI,섬유제품 제조,2025,78,49,29,0.372,12.58,13.12,11.66,0.889,65746000,41932000,0.638,,31200,52416000000,1680000,20260909
155960,"Global Display Co., Ltd.",지디,,전자부품·컴퓨터·통신장비,2025,78,73,5,0.064,5.87,6,4,0.667,48111000,34234000,0.712,,,,,
222110,Pangen Biotech Inc.,팬젠,KOSDAQ,의료용 물질·의약품,2025,78,41,37,0.474,7.06,7.99,6.03,0.755,63104000,51620000,0.818,,4930,66626529370,13514509,20260909
251120,"BIO-FD&C CO.,LTD.",바이오에프디엔씨,KOSDAQ,의료용 물질·의약품,2025,78,36,42,0.538,4.89,5.28,4.55,0.862,61785722.22,50277690.48,0.814,,8550,74348235000,8695700,20260909
189350,Coset Inc.,코셋,KONEX,전자부품·컴퓨터·통신장비,2025,78,21,57,0.731,9.75,13.4,8.4,0.627,49000000,30000000,0.612,,1898,9110400000,4800000,20260909
474650,"LINCSOLUTION CO., LTD.",링크솔루션,KOSDAQ,기타 기계·장비,2025,78,63,15,0.192,2.2,2.11,2.58,1.223,54766603.17,42728533.33,0.78,,26500,152428848000,5752032,20260909
309930,"JOYWORKS&Co Co.,Ltd.",조이웍스앤코,KOSDAQ,소매업,2025,78,31,47,0.603,2.69,2.33,2.92,1.253,48000000,30000000,0.625,,920,17715417880,19255889,20260909
274400,"INNOSIMULATION CO., LTD.",이노시뮬레이션,KOSDAQ,출판업,2025,78,70,8,0.103,5.86,6,4.6,0.767,59000000,40000000,0.678,,2215,20126581995,9086493,20260909
307280,"Wonbiogen Co.,Ltd.",원바이오젠,KOSDAQ,의료용 물질·의약품,2025,77,45,32,0.416,3.98,4.44,3.34,0.752,65572,45501,0.694,,6030,42780600810,7094627,20260909
000640,"Dong-A Socio Holdings Co.,Ltd",동아쏘시오홀딩스,KOSPI,금융업,2025,77,58,19,0.247,11.32,12.33,8.25,0.669,145000000,73000000,0.503,,91000,612659957000,6732527,20260909
387570,"Finemedix Co., Ltd.",파인메딕스,KOSDAQ,의료·정밀·광학기기,2025,77,42,35,0.455,4.98,4.65,5.38,1.157,56835095.24,32106542.86,0.565,,6470,36399573000,5625900,20260909
419540,"Bistos Co., Ltd.",비스토스,KOSDAQ,의료·정밀·광학기기,2025,77,45,32,0.416,3.3,4.08,2.21,0.542,45169555.56,30000750,0.664,,3350,19960147550,5958253,20260909
048530,"iNtRON Biotechnology, Inc.",인트론바이오,KOSDAQ,의료용 물질·의약품,2025,77,45,32,0.416,7.49,8.4,6.2,0.738,82843000,38317000,0.463,,2765,85415710870,30891758,20260909
101670,Hydro Lithium Inc,하이드로리튬,KOSDAQ,금속가공제품,2025,77,66,11,0.143,2.04,2.22,0.99,0.446,55909090.91,39181818.18,0.701,,501,28445370687,56777187,20260909
043910,"NatureandEnvironmentCo.,Ltd.",자연과환경,KOSDAQ,비금속 광물제품,2025,76,59,17,0.224,4.63,4.73,4.29,0.907,53082631.1,37060711.76,0.698,,3440,39006658800,11339145,20260909
226950,"OliX Pharmaceuticals, Inc.",올릭스,KOSDAQ,연구개발업,2025,76,36,40,0.526,4.31,4.02,4.58,1.139,224000000,175000000,0.781,,99200,2089434720000,21062850,20260909
052270,"WOOJEON CO., LTD.",우전,,전자부품·컴퓨터·통신장비,2025,76,69,7,0.092,8.35,8.4,7.9,0.94,66000000,40000000,0.606,,,,,
003780,"CHIN YANG INDUSTRY CO.,LTD.",진양산업,KOSPI,고무·플라스틱,2025,76,71,5,0.066,7.56,7.62,6.73,0.883,44000000,32000000,0.727,,3900,50700000000,13000000,20260909
285800,"JINYOUNG CO., LTD",진영,KOSDAQ,고무·플라스틱,2025,76,73,3,0.039,5.94,5.7,11.81,,45945205.48,37333333.33,,fewer than 5 of one sex,733,13171211763,17968911,20260909
099520,"DG-ITX Co., Ltd.",DGI,KOSDAQ,전자부품·컴퓨터·통신장비,2025,76,59,17,0.224,8.25,7.36,11.35,1.542,66229559.32,36208000,0.547,,1284,58141862016,45281824,20260909
092590,"Luxpia Co., Ltd.",럭스피아,KONEX,전자부품·컴퓨터·통신장비,2025,76,34,42,0.553,3.87,3.64,4.05,1.113,40000000,30000000,0.75,,510,3718459980,7291098,20260909
487580,"Poled Co., Ltd.",폴레드,KOSDAQ,전기장비,2025,76,37,39,0.513,2.69,3.1,2.3,0.742,50000000,34000000,0.68,,3045,76681811745,25182861,20260909
475960,"Tomocube, Inc.",토모큐브,KOSDAQ,의료·정밀·광학기기,2025,76,49,27,0.355,3.36,3.64,2.85,0.783,63957204.08,39274222.22,0.614,,28450,383397150300,13476174,20260909
226360,"KH Construction Co., Ltd.",케이에이치건설,,종합 건설,2025,76,62,14,0.184,3.91,3.93,3.84,0.977,58677419.35,34571428.57,0.589,,,,,
479960,"Winners Elec Co., Ltd.",위너스일렉,KOSDAQ,전기장비,2025,76,35,41,0.539,4.84,6.5,3.42,0.526,50103000,35523000,0.709,,6150,43824900000,7126000,20260909
219550,"DYD Co.,LTD.",디와이디,KOSDAQ,도매·상품중개,2025,76,18,58,0.763,2.74,1.92,3,1.563,77319000,44366000,0.574,,1238,51227461980,41379210,20260909
290560,"Parataxis Ethereum, Inc.",파라택시스이더리움,KOSDAQ,출판업,2025,76,50,26,0.342,7.21,8.58,4.58,0.534,72151112,51832081,0.718,,1227,27439069710,22362730,20260909
225220,GENOLUTION INC.,제놀루션,KOSDAQ,의료용 물질·의약품,2025,76,39,37,0.487,3.25,3.08,3.42,1.11,61366000,45050000,0.734,,1399,26846839379,19190021,20260909
228760,Genomictree Inc.,지노믹트리,KOSDAQ,연구개발업,2025,76,33,43,0.566,5.49,4.86,5.98,1.23,67545454.55,39790697.67,0.589,,10530,261767397060,24859202,20260909
049430,KOMELON CORPORATION,코메론,KOSDAQ,의료·정밀·광학기기,2025,75,57,18,0.24,7.81,8.7,5,0.575,57350877.19,41000000,0.715,,22650,204937200000,9048000,20260909
418420,RAONTECH INC.,라온텍,KOSDAQ,전자부품·컴퓨터·통신장비,2025,75,65,10,0.133,4.7,4.58,5.5,1.201,71000000,57000000,0.803,,4090,125867942220,30774558,20260909
100130,DONGKUK STRUCTURES & CONSTRUCTION COMPANY LIMITED,동국S&C,KOSDAQ,금속가공제품,2025,75,70,5,0.067,8.04,8.5,1.67,0.196,52350000,26727000,0.511,,1356,77485908000,57143000,20260909
036830,"Soulbrain Holdings Co., Ltd.",솔브레인홀딩스,KOSDAQ,전문서비스업,2025,75,51,24,0.32,4.98,4.5,6,1.333,128000000,94000000,0.734,,43600,893973571600,20503981,20260909
229000,Gencurix Inc.,젠큐릭스,KOSDAQ,의료용 물질·의약품,2025,75,43,32,0.427,3.85,3.77,3.95,1.048,66000000,47000000,0.712,,2050,48027738250,23428165,20260909
331660,"KOREA MIRACLE PEOPLE COMPANY Co., Ltd.",한국미라클피플사,KONEX,화학물질·화학제품,2025,75,30,45,0.6,2.76,3,2.6,0.867,43000000,32000000,0.744,,3905,21477500000,5500000,20260909
227840,"HYUNDAI CORPORATION HOLDINGS Co.,Ltd.",현대코퍼레이션홀딩스,KOSPI,도매·상품중개,2025,75,54,21,0.28,5.73,5.49,6.36,1.158,112685185.19,84142857.14,0.747,,12930,117673809480,9100836,20260909
081150,"Tplex Co., Ltd",티플랙스,KOSDAQ,1차 금속,2025,75,70,5,0.067,7.51,7.33,10,1.364,60538457.14,55003000,0.909,,2685,65160659370,24268402,20260909
026890,"STIC Investments, Inc.",스틱인베스트먼트,KOSPI,금융업,2025,75,59,16,0.213,7.21,7.7,5.4,0.701,235000000,104000000,0.443,,8390,325287322430,38770837,20260909
041460,KOREA ELECTRONIC CERTIFICATION AUTHORITY,한국전자인증,KOSDAQ,출판업,2025,75,36,39,0.52,8.36,7.26,9.38,1.292,59777777.78,37102564.1,0.621,,3520,66880000000,19000000,20260909
950130,"Access Bio, Inc.",엑세스바이오,KOSDAQ,의료용 물질·의약품,2025,75,50,25,0.333,4.67,4.4,5.2,1.182,167000000,143000000,0.856,,2495,87758715830,35173834,20260909
049630,"JAEYOUNG SOLUTEC CO.,LTD.",재영솔루텍,KOSDAQ,의료·정밀·광학기기,2025,75,61,14,0.187,4.11,4.18,3.83,0.916,52002721.31,31966000,0.615,,7030,164256927170,23365139,20260909
290520,"Shindo Eng. Lab., Ltd.",신도기연,KOSDAQ,기타 기계·장비,2025,74,66,8,0.108,6.37,6.14,8.23,1.34,61326454.55,58383500,0.952,,1541,24249428724,15736164,20260909
033320,"JCH Systems, Inc.",제이씨현시스템,KOSDAQ,도매·상품중개,2025,74,54,20,0.27,6.55,6.5,6.67,1.026,65000000,42000000,0.646,,3075,58776878400,19114432,20260909
357230,"H.PIO Co., Ltd.",에이치피오,KOSDAQ,식료품 제조,2025,74,22,52,0.703,3.02,3.25,2.92,0.898,84000000,61000000,0.726,,2075,85683962700,41293476,20260909
131090,"SECUVE Co., Ltd.",시큐브,KOSDAQ,출판업,2025,74,69,5,0.068,8.26,8.33,7.25,0.87,63086000,49548000,0.785,,4235,32432565935,7658221,20260909
011810,STX CORPORATION,STX,KOSPI,도매·상품중개,2025,73,48,25,0.342,4.2,4.1,4.4,1.073,85000000,61000000,0.718,,3530,109493282310,31017927,20260909
335870,WING'S FOOT INC.,윙스풋,KOSDAQ,소매업,2025,73,41,32,0.438,4.85,5.19,4.41,0.85,30292682.93,32125000,1.06,,5330,17856001020,3350094,20260909
111710,"Namhwa Industrial Co.,Ltd.",남화산업,KOSDAQ,스포츠·오락,2025,73,44,29,0.397,14.7,16.67,11.72,0.703,47985318.18,35055655.17,0.731,,3200,65881600000,20588000,20260909
320000,"HanWool Semiconductor, Inc.",한울반도체,KOSDAQ,기타 기계·장비,2025,73,59,14,0.192,5.87,6.75,2.17,0.321,57384000,38405000,0.669,,10000,69136700000,6913670,20260909
083640,"INCON Co., Ltd.",인콘,KOSDAQ,도매·상품중개,2025,73,51,22,0.301,5.82,6.6,4,0.606,58465000,38434000,0.657,,1087,24955718841,22958343,20260909
389470,Inventage Lab Inc.,인벤티지랩,KOSDAQ,연구개발업,2025,73,54,19,0.26,2.96,3.18,2.35,0.739,47648148.15,37263157.89,0.782,,25550,340011939400,13307708,20260909
458350,"ESteem Co., Ltd.",에스팀,KOSDAQ,사업시설 관리,2025,73,23,50,0.685,4.75,6.46,3.97,0.615,44000000,28000000,0.636,,3130,27178416000,8683200,20260909
078860,"IOKENM CO.,LTD.",아이오케이이엔엠,KOSDAQ,영상·오디오 제작,2025,73,45,28,0.384,2.22,2.3,2.1,0.913,30674511.11,15052142.86,0.491,,2690,16616635720,6177188,20260909
014970,Samryoong,삼륭물산,KOSDAQ,펄프·종이 제조,2025,73,65,8,0.11,5.41,5.6,3.9,0.696,58000000,49000000,0.845,,4390,65081750000,14825000,20260909
237750,"PNC Technologies Co.,Ltd.",피앤씨테크,KOSDAQ,전기장비,2025,73,66,7,0.096,10.43,9.93,15.12,1.523,68781636.36,59738428.57,0.869,,3430,22283338000,6496600,20260909
361570,RBW Inc.,알비더블유,KOSDAQ,영상·오디오 제작,2025,72,21,51,0.708,3.28,3.56,3.16,0.888,52601428.57,31527921.57,0.599,,1540,44264668140,28743291,20260909
002290,"SAMIL ENTERPRISE CO., LTD.",삼일기업공사,KOSDAQ,종합 건설,2025,72,67,5,0.069,4.49,4.7,1.7,0.362,89724000,63244000,0.705,,3340,41416000000,12400000,20260909
014910,"SUNGMOON ELECTRONICS CO.,LTD",성문전자,KOSPI,전자부품·컴퓨터·통신장비,2025,72,56,16,0.222,12.77,13.7,9.5,0.693,50321000,38466000,0.764,,2175,47539533975,21857257,20260909
188260,"SANIGEN Co., Ltd.",세니젠,KOSDAQ,기타 제품 제조,2025,72,37,35,0.486,4.66,4.33,5,1.155,61000000,50000000,0.82,,2130,29609807340,13901318,20260909
451220,"IMT Co., Ltd.",아이엠티,KOSDAQ,기타 기계·장비,2025,72,67,5,0.069,5.42,5.58,3.25,0.582,74147000,54769000,0.739,,8010,63075634110,7874611,20260909
460870,"SMCG CO.,Ltd",에스엠씨지,KOSDAQ,비금속 광물제품,2025,72,55,17,0.236,4.75,4.7,4.9,1.043,61774408,47217354,0.764,,2770,55603052080,20073304,20260909
003460,"YUHWA SECURITIES CO.,LTD",유화증권,KOSPI,금융·보험 관련 서비스,2025,72,61,11,0.153,4.61,5.22,1.26,0.241,61611610,35517880,0.576,,3040,172375341600,56702415,20260909
040610,SG&G Corporation,SG&G,KOSDAQ,자동차·트레일러,2025,72,52,20,0.278,8.1,7.95,8.48,1.067,62057692.31,45450000,0.732,,3155,53772551690,17043598,20260909
082660,"Cosnine Co., Ltd",코스나인,KOSDAQ,화학물질·화학제품,2025,72,43,29,0.403,1.89,1.56,2.39,1.532,18919528.16,17629900.66,0.932,,480,47827617120,99640869,20260909
452430,Sapien Semiconductors Inc.,사피엔반도체,KOSDAQ,전자부품·컴퓨터·통신장비,2025,71,56,15,0.211,2.44,2.4,2.6,1.083,107000000,62000000,0.579,,34000,280684314000,8255421,20260909
011080,HYUNGJI Innovation and Creative Company Limited,형지I&C,KOSDAQ,의복 제조,2025,71,40,31,0.437,2.83,3.42,2.08,0.608,56000000,48000000,0.857,,722,5123501164,7096262,20260909
321820,Artist Company Inc.,아티스트컴퍼니,KOSDAQ,창작·예술·여가,2025,71,43,28,0.394,2.67,3.1,2,0.645,59000000,46000000,0.78,,2650,41317146400,15591376,20260909
276040,"SKONEC ENTERTAINMENT Co., Ltd.",스코넥,KOSDAQ,출판업,2025,71,55,16,0.225,5.22,5.9,2.9,0.492,59570000,41268000,0.693,,327,7073119545,21630335,20260909
196700,"WAPS Co., Ltd.",웹스,KOSDAQ,화학물질·화학제품,2025,70,58,12,0.171,8.03,8.24,7.03,0.853,4000000,3000000,0.75,,1345,19319773680,14364144,20260909
121890,"SD system Co., Ltd",에스디시스템,KOSDAQ,전자부품·컴퓨터·통신장비,2025,70,59,11,0.157,5.59,5.94,3.71,0.625,54568000,36440000,0.668,,2600,34557759600,13291446,20260909
079950,"INVENIA Co.,Ltd.",인베니아,KOSDAQ,기타 기계·장비,2025,70,60,10,0.143,7.76,8.4,3.9,0.464,80000000,34000000,0.425,,1355,18697780500,13799100,20260909
419120,"Sandoll, Inc.",산돌,KOSDAQ,출판업,2025,70,28,42,0.6,4.24,4.71,3.92,0.832,72321428.57,54428571.43,0.753,,2425,34490990825,14223089,20260909
006920,"Mohenz. Co., Ltd",모헨즈,KOSDAQ,비금속 광물제품,2025,70,62,8,0.114,8,8,8,1,4376272,2841783,0.649,,3370,36800400000,10920000,20260909
389020,"Zaram Technology,Inc.",자람테크놀로지,KOSDAQ,전자부품·컴퓨터·통신장비,2025,70,52,18,0.257,6.3,6.58,5.5,0.836,102000000,62000000,0.608,,22000,151911804000,6905082,20260909
489500,"LK CHEM Co., Ltd.",엘케이켐,KOSDAQ,화학물질·화학제품,2025,70,53,17,0.243,2.95,2.83,3.33,1.177,60428000,50848000,0.841,,20400,130381255200,6391238,20260909
456010,"ICTK Co., Ltd.",아이씨티케이,KOSDAQ,전자부품·컴퓨터·통신장비,2025,70,57,13,0.186,3.3,3.49,2.47,0.708,63561263.16,56858000,0.895,,15400,223336190000,14502350,20260909
239890,"P&H TECH Co., Ltd.",피엔에이치테크,KOSDAQ,화학물질·화학제품,2025,70,49,21,0.3,4.38,5.07,2.77,0.546,88000000,41000000,0.466,,3395,33731888225,9935755,20260909
089230,"THE E&M Co., Ltd.",THE E&M,KOSDAQ,정보서비스업,2025,70,48,22,0.314,5.16,5.58,4.25,0.762,60000000,39000000,0.65,,1882,74190988228,39421354,20260909
182400,"NKGen Biotech Korea Co., Ltd.",엔케이젠바이오텍코리아,KOSDAQ,의료용 물질·의약품,2025,70,26,44,0.629,8.32,8.18,8.4,1.027,48966.12,41441.18,0.846,,3670,265496721770,72342431,20260909
311390,"Neo Cremar Co., Ltd.",네오크레마,KOSDAQ,식료품 제조,2025,70,47,23,0.329,3.67,4,3,0.75,62352000,39620000,0.635,,2455,31065051995,12653789,20260909
323350,"DAWON NEXVIEW CO.,LTD.",다원넥스뷰,KOSDAQ,기타 기계·장비,2025,70,63,7,0.1,3.34,3.29,3.83,1.164,64503000,46576000,0.722,,8230,65928653560,8010772,20260909
109820,GENEMATRIX INC.,진매트릭스,KOSDAQ,연구개발업,2025,69,33,36,0.522,4.21,4.56,3.89,0.853,52084575.76,42866333.33,0.823,,1582,32262738480,20393640,20260909
001770,"SHIN HWA DYNAMICS CO.,LTD",SHD,KOSPI,1차 금속,2025,69,62,7,0.101,13.89,14.5,8.5,0.586,59000000,57000000,0.966,,12970,15756967660,1214878,20260909
043360,Digital Graphics Incorporation,디지아이,KOSDAQ,전자부품·컴퓨터·통신장비,2025,69,56,13,0.188,9.08,10.02,5.04,0.503,51846000,31036000,0.599,,2625,23625000000,9000000,20260909
318660,TIME Technical Support. ltd,타임기술,KONEX,출판업,2025,69,35,34,0.493,4.52,4.89,4.13,0.845,48028000,32683000,0.68,,3900,8393193900,2152101,20260909
176590,"KONASOL CO.,LTD",코나솔,KONEX,금속가공제품,2025,69,56,13,0.188,5.39,5.64,4.32,0.766,57395910.71,37496000,0.653,,2390,13948955370,5836383,20260909
032500,KMW CO. LTD.,케이엠더블유,KOSDAQ,전자부품·컴퓨터·통신장비,2025,69,57,12,0.174,14.82,15.76,10.38,0.659,52000000,43000000,0.827,,15350,647642610350,42191701,20260909
233250,Median Diagnostics Inc.,메디안디노스틱,KONEX,의료용 물질·의약품,2025,69,38,31,0.449,5.97,5.5,6.55,1.191,53630131.58,37286709.68,0.695,,5000,8732670000,1746534,20260909
085810,Alticast Corporation,알티캐스트,KOSDAQ,출판업,2025,69,44,25,0.362,2.64,3,2,0.667,42000000,27000000,0.643,,1506,21290251218,14136953,20260909
276730,"HanWool & Jeju, Inc.",한울앤제주,KOSDAQ,음료 제조,2025,69,48,21,0.304,3.38,3.95,2.08,0.527,42541666.67,36000000,0.846,,1130,26677017400,23607980,20260909
365590,HiDeep Inc.,하이딥,KOSDAQ,전자부품·컴퓨터·통신장비,2025,68,57,11,0.162,6.47,6.33,7.17,1.133,89000000,66000000,0.742,,783,28825792650,36814550,20260909
317770,Xperix Inc.,엑스페릭스,KOSDAQ,전자부품·컴퓨터·통신장비,2025,68,50,18,0.265,3.85,4.33,2.5,0.577,72000000,60000000,0.833,,2345,85930517680,36644144,20260909
042040,"KPM TECH CO., LTD.",케이피엠테크,KOSDAQ,도매·상품중개,2025,68,55,13,0.191,6.44,6.89,4.54,0.659,63649963.64,37330615.38,0.586,,4630,40146688330,8670991,20260909
006980,"WOOSUNG CO., LTD.",우성,KOSPI,식료품 제조,2025,68,50,18,0.265,7.68,9,4,0.444,71879000,46363000,0.645,,17790,54971100000,3090000,20260909
189330,"XIIlab Co., Ltd",씨이랩,KOSDAQ,출판업,2025,68,51,17,0.25,2.81,2.91,2.51,0.863,42933313.73,32800117.65,0.764,,11670,109491254280,9382284,20260909
459510,"NAUROBOTICS Co., Ltd.",나우로보틱스,KOSDAQ,기타 기계·장비,2025,68,60,8,0.118,2.29,2.47,0.9,0.364,54551000,22046000,0.404,,14400,186888700800,12978382,20260909
095700,"Genexine, Inc.",제넥신,KOSDAQ,연구개발업,2025,68,20,48,0.706,5.75,4.73,6.18,1.307,93050000,78354166.67,0.842,,2960,134799862240,45540494,20260909
369370,"Blitzway Entertainment Co., Ltd.",블리츠웨이엔터테인먼트,KOSDAQ,창작·예술·여가,2025,68,40,28,0.412,1.99,2.01,1.96,0.975,46247250,33003000,0.714,,3585,35758159470,9974382,20260909
462510,"LAMEDITECH Co., Ltd.",라메디텍,KOSDAQ,의료·정밀·광학기기,2025,68,47,21,0.309,2.04,2.17,1.75,0.806,60919000,40415000,0.663,,2640,23239827600,8802965,20260909
060230,"JK Synapse Co., Ltd.",제이케이시냅스,KOSDAQ,화학물질·화학제품,2025,68,55,13,0.191,6.67,6.78,6.23,0.919,49800000,36461538.46,0.732,,1337,26131956466,19545218,20260909
074610,"ENPLUS CO., LTD",이엔플러스,KOSPI,기타 기계·장비,2025,68,54,14,0.206,3.63,3.73,3.23,0.866,46582370.37,39623428.57,0.851,,5110,44815400070,8770137,20260909
016790,HYUNDAI FEED Inc.,현대사료,KOSDAQ,식료품 제조,2025,68,48,20,0.294,10.9,12.31,7.5,0.609,60059671.88,49252930,0.82,,994,187340898626,188471729,20260909
311060,"LAT CO., LTD.",엘에이티,KONEX,기타 기계·장비,2025,67,62,5,0.075,4.63,4.75,3.17,0.667,58042000,38226000,0.659,,3200,25190828800,7872134,20260909
355150,"KOSTECSYS. CO., LTD.",코스텍시스,KOSDAQ,전자부품·컴퓨터·통신장비,2025,67,31,36,0.537,6.49,7.25,5.83,0.804,58629000,34931000,0.596,,19700,153607795000,7797350,20260909
950210,Prestige BioPharma Limited,프레스티지바이오파마,KOSPI,연구개발업,2025,67,18,49,0.731,1.86,2.23,1.73,0.776,58385680.44,51859570.57,0.888,,6330,380408661150,60096155,20260909
048410,"HYUNDAI BIOSCIENCE CO., LTD.",현대바이오,KOSDAQ,화학물질·화학제품,2025,67,40,27,0.403,4.4,4,5,1.25,88000000,65000000,0.739,,7130,688084728360,96505572,20260909
362320,"CHUNGDAMGLOBAL Co., Ltd.",청담글로벌,KOSDAQ,도매·상품중개,2025,67,24,43,0.642,1.67,1.8,1.6,0.889,113000000,63000000,0.558,,4310,89186472270,20692917,20260909
321550,"TiumBio Co., Ltd.",티움바이오,KOSDAQ,연구개발업,2025,67,36,31,0.463,3.2,3.01,3.42,1.136,61222222.22,53000000,0.866,,4790,143884295250,30038475,20260909
081660,Misto Holdings Corporation,미스토홀딩스,KOSPI,도매·상품중개,2025,67,38,29,0.433,3.72,3.43,4.1,1.195,139263157.89,114000000,0.819,,40200,2134291968000,53091840,20260909
432430,YLAB Corporation,와이랩,KOSDAQ,영상·오디오 제작,2025,67,28,39,0.582,3.42,3.86,3.11,0.806,46285714.29,45000000,0.972,,2065,34089680800,16508320,20260909
388790,"LiComm Co., Ltd.",라이콤,KOSDAQ,전자부품·컴퓨터·통신장비,2025,67,47,20,0.299,7.7,8.8,5.1,0.58,47000000,29000000,0.617,,4815,147407180400,30614160,20260909
010060,OCI Holdings Company Ltd.,OCI홀딩스,KOSPI,금융업,2025,67,45,22,0.328,3.93,3.6,4.6,1.278,160000000,109000000,0.681,,226500,4228807548000,18670232,20260909
407400,GGUMBI Inc.,꿈비,KOSDAQ,가구 제조,2025,67,27,40,0.597,2.98,3.58,2.58,0.721,59000000,43000000,0.729,,2095,30659348730,14634534,20260909
023770,PLAYWITH KOREA Inc.,플레이위드,KOSDAQ,출판업,2025,67,47,20,0.299,4.25,5,2.5,0.5,63000000,52000000,0.825,,2695,24110804025,8946495,20260909
318000,KBG Corp.,KBG,KOSDAQ,화학물질·화학제품,2025,67,46,21,0.313,4.05,4,4.17,1.043,48408000,47921000,0.99,,2795,24428923285,8740223,20260909
169670,"Kostek Systems, Inc.",코스텍시스템,KONEX,기타 기계·장비,2025,67,63,4,0.06,6.7,7,2,,64268000,33622000,,fewer than 5 of one sex,4900,14055164900,2868401,20260909
174900,AbClon Inc.,앱클론,KOSDAQ,의료용 물질·의약품,2025,66,46,20,0.303,4.53,5.06,3.3,0.652,62542891.3,47128400,0.754,,20950,417997102550,19952129,20260909
244880,"NANOOMTECH Co., Ltd.",나눔테크,KONEX,의료·정밀·광학기기,2025,66,49,17,0.258,6.21,7.4,2.79,0.377,44057163.27,27072647.06,0.614,,1698,8523960000,5020000,20260909
032280,SamIl,삼일,KOSDAQ,육상운송,2025,66,56,10,0.152,12.71,13.58,7.83,0.577,57496000,38013000,0.661,,1372,22245045480,16213590,20260909
288980,"Moadata Co., Ltd.",모아데이타,KOSDAQ,출판업,2025,66,50,16,0.242,3.14,3.2,2.95,0.922,57560000,39125000,0.68,,312,11350990248,36381379,20260909
227950,"N2TECH CO.,LTD",엔투텍,KOSDAQ,기타 기계·장비,2025,66,56,10,0.152,4.88,5.42,1.83,0.338,58000000,48000000,0.828,,1340,46241000060,34508209,20260909
199800,ToolGen Incorporated,툴젠,KOSDAQ,연구개발업,2025,66,31,35,0.53,3.95,3.53,4.32,1.224,93129032.26,53857142.86,0.578,,35600,320315592400,8997629,20260909
307180,"IL CO.,LTD.",아이엘,KOSDAQ,전기장비,2025,66,52,14,0.212,3.67,4.2,1.7,0.405,49000000,34000000,0.694,,5510,203405374760,36915676,20260909
368030,CHANGDAE Precision,창대정밀,,기타 기계·장비,2025,66,60,6,0.091,4.91,4.63,7.71,1.665,58232000,36693000,0.63,,,,,
069540,LIGHTRON FIBER-OPTIC DEVICES INC.,빛과전자,KOSDAQ,전자부품·컴퓨터·통신장비,2025,66,50,16,0.242,11.69,11.25,13.08,1.163,74000000,52000000,0.703,,3810,429356127570,112691897,20260909
028080,"Humax Holdings Co., Ltd",휴맥스홀딩스,KOSDAQ,컴퓨터 프로그래밍·SI,2025,66,42,24,0.364,3.84,4.08,3.42,0.838,67140000,52140000,0.777,,5070,12828854220,2530346,20260909
090150,"iWIN CO.,LTD",아이윈,KOSDAQ,자동차·트레일러,2025,66,59,7,0.106,9.04,9.5,5.17,0.544,55471000,35150000,0.634,,6100,25543926900,4187529,20260909
238120,"Aligned Genetics, Inc.",얼라인드,KOSDAQ,의료·정밀·광학기기,2025,66,40,26,0.394,3.92,3.92,3.92,1,62000000,47000000,0.758,,2995,42583730630,14218274,20260909
093640,"Korea Robot Manufacturing Co., Ltd.",케이알엠,KOSDAQ,전자부품·컴퓨터·통신장비,2025,65,56,9,0.138,4.34,4.28,4.7,1.098,78792000,48918000,0.621,,4670,153380153720,32843716,20260909
131180,"DILLI ILLUSTRATE INC.,",딜리,KOSDAQ,전자부품·컴퓨터·통신장비,2025,65,52,13,0.2,7.78,8.2,6.1,0.744,51052000,38072000,0.746,,4210,24712700000,5870000,20260909
373110,Xcell Therapeutics Inc.,엑셀세라퓨틱스,KOSDAQ,의료용 물질·의약품,2025,65,33,32,0.492,3.03,2.71,3.37,1.244,69848484.85,63531250,0.91,,1000,17294394000,17294394,20260909
006120,"SK Discovery Co.,Ltd.",SK디스커버리,KOSPI,금융업,2025,65,44,21,0.323,2.76,3.08,2.08,0.675,115000000,89000000,0.774,,57000,992583807000,17413751,20260909
019010,"VenueG Co.,Ltd.",베뉴지,KOSDAQ,소매업,2025,65,44,21,0.323,6.17,6.54,5.39,0.824,58147000,45810000,0.788,,4790,230878000000,48200000,20260909
432980,"MFC Co., Ltd.",엠에프씨,KOSDAQ,의료용 물질·의약품,2025,65,49,16,0.246,3.74,3.92,3.17,0.809,70000000,46000000,0.657,,2470,21221602740,8591742,20260909
048870,"Synergy Innovation Co., Ltd.",시너지이노베이션,KOSDAQ,의료·정밀·광학기기,2025,65,41,24,0.369,3.85,3,5.3,1.767,52924000,44429000,0.839,,1632,143790563616,88106963,20260909
461030,"IMBdx, Inc.",아이엠비디엑스,KOSDAQ,연구개발업,2025,65,28,37,0.569,3.06,3.58,2.67,0.746,68714285.71,50108108.11,0.729,,2830,40566683110,14334517,20260909
290740,"ACTRO CO.,Ltd",액트로,KOSDAQ,전자부품·컴퓨터·통신장비,2025,64,52,12,0.188,5.41,5.83,3.58,0.614,113331000,46970000,0.414,,12400,124806136400,10065011,20260909
109860,"DONGIL METAL CO., LTD.",동일금속,KOSDAQ,1차 금속,2025,64,62,2,0.031,13,13.03,12,,61897064.52,32939000,,fewer than 5 of one sex,7500,68250000000,9100000,20260909
033430,"DST Co., Ltd.",디에스티,,기타 기계·장비,2025,64,57,7,0.109,10,10,10,1,71833729.96,49218975.71,0.685,,,,,
008420,"MOONBAE STEEL CO.,LTD",문배철강,KOSPI,1차 금속,2025,64,54,10,0.156,14.6,15.67,8.83,0.563,74000000,49000000,0.662,,2260,46337921300,20503505,20260909
415380,"Studio Samick Co.,Ltd.",스튜디오삼익,KOSDAQ,소매업,2025,64,15,49,0.766,3.56,4.28,3.34,0.78,39793400,35268061.22,0.886,,2125,24316321875,11442975,20260909
402490,"Green Resource Co.,Ltd",그린리소스,KOSDAQ,전자부품·컴퓨터·통신장비,2025,64,46,18,0.281,3.31,3.7,2.31,0.624,46676717.39,31100222.22,0.666,,6330,107199923610,16935217,20260909
085310,"NK CO.,LTD.",엔케이,KOSPI,금속가공제품,2025,64,49,15,0.234,2.11,2.21,1.78,0.805,54036653.06,37392000,0.692,,9120,67652834880,7418074,20260909
215100,"RoboRobo Co., Ltd.",로보로보,KOSDAQ,전기장비,2025,64,41,23,0.359,5.67,6.24,4.65,0.745,43094073.17,37417434.78,0.868,,4175,84954795450,20348454,20260909
205470,"HUMASIS CO., LTD.",휴마시스,KOSDAQ,의료용 물질·의약품,2025,64,32,32,0.5,5.09,4.14,6.05,1.461,55968750,39250000,0.701,,3000,74025003000,24675001,20260909
455180,"KGA CO., LTD",케이지에이,KOSDAQ,기타 기계·장비,2025,64,59,5,0.078,2.35,2.35,2.31,0.983,61964000,37857000,0.611,,1254,18432616224,14699056,20260909
001040,CJ Corp.,CJ,KOSPI,금융업,2025,64,48,16,0.25,14.08,14.8,11.9,0.804,944000000,177000000,0.188,,130500,3807598239000,29176998,20260909
0088M0,"MEZOO Co., Ltd.",메쥬,KOSDAQ,,2025,64,34,30,0.469,2.38,2.5,2.25,0.9,57249000,43680000,0.763,,12750,125992312500,9881750,20260909
013570,DY Corporation,디와이,KOSPI,금융업,2025,64,41,23,0.359,15.2,16.67,12.58,0.755,83000000,64000000,0.771,,4360,114753599880,26319633,20260909
179530,"ADBIOTECH Co.,Ltd.",애드바이오텍,KOSDAQ,의료용 물질·의약품,2025,64,38,26,0.406,3.59,2.7,4.9,1.815,46000000,37000000,0.804,,2320,62912003760,27117243,20260909
246250,"SLSBio(Specialty Lab Solution Bio) Co., Ltd",에스엘에스바이오,KOSDAQ,기타 과학기술 서비스,2025,63,25,38,0.603,1.98,1.8,2.1,1.167,37199000,34785000,0.935,,1969,30220617614,15348206,20260909
032750,Samjin,삼진,KOSDAQ,전자부품·컴퓨터·통신장비,2025,63,57,6,0.095,8.77,7.8,18,2.308,54833699,41916881,0.764,,3005,27138521610,9031122,20260909
196490,"DA Technology Co.,Ltd.",디에이테크놀로지,KOSDAQ,기타 기계·장비,2025,63,51,12,0.19,3.39,3.58,2.58,0.721,67000000,42000000,0.627,,6090,69131518050,11351645,20260909
079650,SeoSanCo.Ltd.,서산,KOSDAQ,비금속 광물제품,2025,63,56,7,0.111,18.78,19,17,0.895,36727000,43203000,1.176,,7830,156600000000,20000000,20260909
114450,"GREEN LIFESCIENCE CO., LTD.",그린생명과학,KOSDAQ,의료용 물질·의약품,2025,63,54,9,0.143,13.26,14.7,4.6,0.313,71000000,40000000,0.563,,2280,45600000000,20000000,20260909
058650,SEAH HOLDINGS CORP,세아홀딩스,KOSPI,1차 금속,2025,63,34,29,0.46,5.29,5.33,5.25,0.985,127213000,111428000,0.876,,132600,562520493600,4242236,20260909
360350,"COXEM CO., LTD",코셈,KOSDAQ,의료·정밀·광학기기,2025,63,45,18,0.286,5.06,5.2,4.7,0.904,63000000,43000000,0.683,,5120,27842406400,5437970,20260909
096630,"S Connect Co., LTD",에스코넥,KOSDAQ,전자부품·컴퓨터·통신장비,2025,63,53,10,0.159,11.42,11.83,9.25,0.782,93617000,57072000,0.61,,1813,28783773599,15876323,20260909
217480,"SD BIOTECHNOLOGIES CO., LTD.",에스디생명공학,KOSDAQ,화학물질·화학제품,2025,63,30,33,0.524,2.54,2.58,2.5,0.969,65518000,48874000,0.746,,499,54756837359,109733141,20260909
059270,"Haisung Aero-Robotics Co., Ltd.",해성에어로보틱스,KOSDAQ,금속가공제품,2025,63,61,2,0.032,4.89,5,1.67,,44000000,34000000,,fewer than 5 of one sex,5240,58506166760,11165299,20260909
032580,"Fidelix Co., Ltd.",피델릭스,KOSDAQ,전자부품·컴퓨터·통신장비,2025,63,56,7,0.111,7.52,7.75,5.67,0.732,79930000,64001000,0.801,,5100,168973526400,33132064,20260909
225430,"KMPHARMACEUTICAL Co.,Ltd.",케이엠제약,KOSDAQ,화학물질·화학제품,2025,63,33,30,0.476,4.34,4,4.72,1.18,50727272.73,34000000,0.67,,606,3930319050,6485675,20260909
238540,"NanoSolution Co.,Ltd",나노솔루션,KONEX,화학물질·화학제품,2025,63,55,8,0.127,3.23,2.75,6.5,2.364,50014000,48893000,0.978,,103800,116011032000,1117640,20260909
245620,"Eone Diagnomics Genome Center Co., Ltd.",EDGC,KOSDAQ,연구개발업,2025,63,27,36,0.571,3.46,2.6,4.1,1.577,56668205,33884909,0.598,,741,167118555474,225531114,20260909
340810,"SECERN AI Co., Ltd.",시선AI,KOSDAQ,출판업,2025,63,54,9,0.143,3.34,3.33,3.42,1.027,70000000,46000000,0.657,,3855,53775253110,13949482,20260909
094840,Suprema HQ Inc.,슈프리마에이치큐,KOSDAQ,전자부품·컴퓨터·통신장비,2025,62,36,26,0.419,3.26,3.75,2.58,0.688,84000000,57000000,0.679,,11900,116692697100,9806109,20260909
432470,"KNS CO., LTD",케이엔에스,KOSDAQ,기타 기계·장비,2025,62,55,7,0.113,3.48,3.45,3.7,1.072,62818181.82,43857142.86,0.698,,10050,88154137800,8771556,20260909
046310,BG T&A Co.,백금T&A,KOSDAQ,전자부품·컴퓨터·통신장비,2025,62,44,18,0.29,9.84,11,7,0.636,90000000,45000000,0.5,,2240,36777755840,16418641,20260909
000440,"Joong Ang Enervis Co.,Ltd.",중앙에너비스,KOSDAQ,도매·상품중개,2025,62,56,6,0.097,13.81,14.25,9.67,0.679,48410000,27308000,0.564,,12330,76780512900,6227130,20260909
035080,Gradiant Corporation,그래디언트,KOSDAQ,소매업,2025,62,28,34,0.548,2.52,2.75,2.33,0.847,85000000,60000000,0.706,,11890,132860393810,11174129,20260909
037370,"EG Co., Ltd",EG,KOSDAQ,화학물질·화학제품,2025,62,54,8,0.129,6.39,6.8,3.63,0.534,54737986.57,72387462.13,1.322,,3675,31696772100,8624972,20260909
000320,"NOROO HOLDINGS CO., LTD",노루홀딩스,KOSPI,금융업,2025,62,50,12,0.194,6.31,5.67,9,1.587,94000000,91000000,0.968,,16810,223424248310,13291151,20260909
096870,LDTInc.,엘디티,KOSDAQ,전자부품·컴퓨터·통신장비,2025,62,52,10,0.161,7.18,7.48,5.63,0.753,52843115.38,32528600,0.616,,2345,19576057655,8347999,20260909
180400,"Dx & Vx Co., Ltd.",DXVX,KOSDAQ,건축기술·엔지니어링,2025,62,34,28,0.452,3.66,3.58,3.75,1.047,130183000,79774000,0.613,,2400,236230636800,98429432,20260909
207490,"APEX INTEC Co.,LTD.",에이펙스인텍,KONEX,전기장비,2025,61,45,16,0.262,4.73,4.58,5.17,1.129,53931000,38089000,0.706,,6410,23076000000,3600000,20260909
452160,"JNB Co.,Ltd",제이엔비,KOSDAQ,기타 기계·장비,2025,61,56,5,0.082,4.23,4.33,3.11,0.718,50374660.71,31781000,0.631,,3045,29285369715,9617527,20260909
015020,"e-STARCO. CO.,LTD",이스타코,KOSPI,부동산업,2025,61,10,51,0.836,3.86,10.06,2.64,0.262,73765200,29205176.47,0.396,,928,19883142400,21425800,20260909
004650,"Changhae Ethanol Co., Ltd.",창해에탄올,KOSDAQ,음료 제조,2025,61,55,6,0.098,14.43,15.3,6.5,0.425,100599000,54638000,0.543,,9330,85750957050,9190885,20260909
086980,SHOWBOX Corp.,쇼박스,KOSDAQ,영상·오디오 제작,2025,61,18,43,0.705,5.64,4.17,6.25,1.499,72974000,82854000,1.135,,1927,120318026000,62438000,20260909
448780,"Micro-NX Co., Ltd.",마이크로엔엑스,KONEX,의료·정밀·광학기기,2025,61,39,22,0.361,6,5.5,6.9,1.255,44001000,32722000,0.744,,731,1957384080,2677680,20260909
024850,"HLB innoVation Co.,Ltd.",HLB이노베이션,KOSDAQ,전자부품·컴퓨터·통신장비,2025,61,55,6,0.098,11.55,12.3,4.7,0.382,68902000,53019000,0.769,,15030,477255766320,31753544,20260909
024800,"YOOSUNG T&S CO.,LTD",유성티엔에스,KOSDAQ,육상운송,2025,60,53,7,0.117,9.99,10.1,9.2,0.911,57000000,46000000,0.807,,4650,163797970500,35225370,20260909
109070,JOOSUNG CORPORATION,주성코퍼레이션,KOSPI,전자부품·컴퓨터·통신장비,2025,60,35,25,0.417,5.94,7.59,3.63,0.478,54534085.71,29752760,0.546,,1550,81855856500,52810230,20260909
123750,"Alton Co.,Ltd.",알톤,KOSDAQ,기타 운송장비,2025,60,55,5,0.083,8.9,9.1,6.65,0.731,55000000,46000000,0.836,,1732,23934956588,13819259,20260909
194610,"WOOSUNG I.B.CO., LTD.",우성아이비,,기타 제품 제조,2025,60,41,19,0.317,7.03,6.71,7.71,1.149,41909146.34,31657578.95,0.755,,,,,
116100,"Sun Machinery Co.,LTD",태양기계,KONEX,자동차·트레일러,2025,60,48,12,0.2,6.04,5.8,7,1.207,52749000,50427000,0.956,,600,4463991600,7439986,20260909
004270,NAMSUNG CORPORATION,남성,KOSPI,도매·상품중개,2025,60,44,16,0.267,17.18,18.85,12.57,0.667,49683068.18,38198500,0.769,,4985,22732238080,4560128,20260909
109670,"C-SITE Co., Ltd.",씨싸이트,KOSDAQ,의복 제조,2025,60,28,32,0.533,8.83,9.2,8.5,0.924,104000000,63000000,0.606,,6350,37062422700,5836602,20260909
002790,AMOREPACIFIC Holdings Corp.,아모레퍼시픽홀딩스,KOSPI,화학물질·화학제품,2025,60,44,16,0.267,13.4,14.6,10.1,0.692,161000000,113000000,0.702,,25500,1949683590000,76458180,20260909
148780,BECU AI Inc.,비큐AI,KOSDAQ,출판업,2025,60,39,21,0.35,3.2,3,3.58,1.193,49000000,34000000,0.694,,3900,24527665500,6289145,20260909
035460,"Kisan Telecom CO., Ltd.",기산텔레콤,KOSDAQ,전자부품·컴퓨터·통신장비,2025,60,55,5,0.083,13.96,13.72,16.62,1.211,58195000,35421000,0.609,,2310,34465985400,14920340,20260909
026940,Bookook Steel,부국철강,KOSPI,1차 금속,2025,59,56,3,0.051,16.47,17.19,3.02,,53751000,37981000,,fewer than 5 of one sex,2260,45200000000,20000000,20260909
389030,GENINUS Inc.,지니너스,KOSDAQ,연구개발업,2025,59,31,28,0.475,2.71,2.51,2.94,1.171,85645161.29,57892857.14,0.676,,1910,75239237610,39392271,20260909
054920,Hancom WITH Inc.,한컴위드,KOSDAQ,출판업,2025,59,48,11,0.186,3.35,3.2,4,1.25,58000000,47000000,0.81,,3660,103274516460,28217081,20260909
035200,"PLUMB FAST CO., LTD.",프럼파스트,KOSDAQ,고무·플라스틱,2025,59,48,11,0.186,8,8.6,5.4,0.628,46857000,32547000,0.695,,2840,26184746040,9219981,20260909
420570,"J2KBIO Co., Ltd.",제이투케이바이오,KOSDAQ,화학물질·화학제품,2025,59,31,28,0.475,3.28,3.92,2.58,0.658,69121000,41828000,0.605,,8720,50990051760,5847483,20260909
102210,"TRES Co., Ltd.",트레스,,기타 운송장비,2025,59,53,6,0.102,9.96,10.75,3,0.279,60665000,27730000,0.457,,,,,
129890,"ABKO CO., LTD.",앱코,KOSDAQ,전자부품·컴퓨터·통신장비,2025,59,37,22,0.373,3,3,3,1,38000000,33000000,0.868,,990,45090145980,45545602,20260909
123010,"MSDI Co.,Ltd",MSDI,KOSDAQ,전자부품·컴퓨터·통신장비,2025,59,34,25,0.424,5.34,6.32,4,0.633,64308647.06,42956360,0.668,,2640,53369624880,20215767,20260909
332370,"IDP Corp., Ltd.",아이디피,KOSDAQ,전자부품·컴퓨터·통신장비,2025,58,48,10,0.172,7.63,8.3,4.4,0.53,93000000,52000000,0.559,,5340,70881696840,13273726,20260909
247660,"NANOCMS CO., LTD",나노씨엠에스,KOSDAQ,전자부품·컴퓨터·통신장비,2025,58,34,24,0.414,3.51,5.15,1.19,0.231,39000000,17000000,0.436,,3600,15638112000,4343920,20260909
950160,"Kolon TissueGene, Inc.",코오롱티슈진,KOSDAQ,의료용 물질·의약품,2025,58,35,23,0.397,3.28,3.68,2.68,0.728,182657142.86,133260869.57,0.73,,17470,1484428695200,84970160,20260909
001560,"CHEIL GRINDING WHEEL IND CO.,LTD",제일연마,KOSPI,비금속 광물제품,2025,58,44,14,0.241,12.67,14.57,6.7,0.46,67532611,32957744,0.488,,9230,70148000000,7600000,20260909
054180,"MEDICOX Co., Ltd.",메디콕스,KOSDAQ,기타 운송장비,2025,58,39,19,0.328,5.7,6.06,4.97,0.82,50738205.13,35785736.84,0.705,,2295,12686716395,5527981,20260909
361670,"SAMYOUNG S&C CO., LTD.",삼영에스앤씨,KOSDAQ,전자부품·컴퓨터·통신장비,2025,58,41,17,0.293,7.77,6.28,11.36,1.809,51927586.24,32846538.47,0.633,,3535,20035171030,5667658,20260909
424960,"Smart Radar System, Inc.",스마트레이더시스템,KOSDAQ,의료·정밀·광학기기,2025,58,50,8,0.138,3.39,3.33,3.75,1.126,79000000,83000000,1.051,,3825,63055545750,16485110,20260909
101000,"KS Industry Co., Ltd.",KS인더스트리,KOSDAQ,기타 기계·장비,2025,58,47,11,0.19,5.52,5.5,5.58,1.015,6059000,3970000,0.655,,1236,12249361932,9910487,20260909
006580,DaeyangPaperMfg,대양제지공업,,펄프·종이 제조,2025,58,52,6,0.103,11.2,11.14,11.75,1.055,70718686.69,79035442.33,1.118,,,,,
338840,"Y-Biologics, Inc",와이바이오로직스,KOSDAQ,연구개발업,2025,58,24,34,0.586,4.52,4.44,4.57,1.029,72125000,52147058.82,0.723,,9050,139404960150,15403863,20260909
344860,"INNOGENE Co., Ltd.",이노진,KOSDAQ,화학물질·화학제품,2025,58,20,38,0.655,2.92,2,3.4,1.7,48000000,37000000,0.771,,1361,19639230000,14430000,20260909
110020,"JEONJINBIO CO., LTD.",전진바이오팜,KOSDAQ,화학물질·화학제품,2025,57,31,26,0.456,3.69,2.17,5.5,2.535,32056000,21346000,0.666,,1999,18108465238,9058762,20260909
017510,SemyungElectricMachinery,세명전기,KOSDAQ,금속가공제품,2025,57,52,5,0.088,12.86,12.9,12.5,0.969,51000000,45000000,0.882,,7680,117089280000,15246000,20260909
389260,Dae Myoung Energy Co. Ltd.,대명에너지,KOSDAQ,종합 건설,2025,57,43,14,0.246,2.91,3.17,2.12,0.669,76587985.58,41696383.57,0.544,,13320,238645449000,17916325,20260909
039200,OSCOTECInc.,오스코텍,KOSDAQ,의료용 물질·의약품,2025,57,32,25,0.439,5.99,7.67,3.83,0.499,66000000,56000000,0.848,,34800,1331384524800,38258176,20260909
031310,EYESVISION CORPORATION,아이즈비전,KOSDAQ,통신업,2025,57,27,30,0.526,3.59,3.82,3.38,0.885,68777777.78,42066666.67,0.612,,1000,29746651000,29746651,20260909
047770,"Codes Combine Co.,Ltd.",코데즈컴바인,KOSDAQ,의복 제조,2025,57,24,33,0.579,2.87,4.2,1.9,0.452,48424861,38430682,0.794,,3720,140774479440,37842602,20260909
290720,"FOODNAMOO, INC.",푸드나무,KOSDAQ,소매업,2025,57,27,30,0.526,2.67,2.66,2.68,1.008,52277000,29643000,0.567,,2705,103193783465,38149273,20260909
115530,"CNPLUS Co., Ltd.",씨엔플러스,KOSDAQ,전자부품·컴퓨터·통신장비,2025,57,45,12,0.211,4.55,3.88,7.06,1.82,48000000,35666666.67,0.743,,2845,24415946475,8582055,20260909
348150,"KoBioLabs, Inc.",고바이오랩,KOSDAQ,연구개발업,2025,57,26,31,0.544,3.69,4.1,3.34,0.815,72699237.15,45306261.42,0.623,,2870,55732211430,19418889,20260909
018120,JinroDistillers,진로발효,KOSDAQ,음료 제조,2025,56,49,7,0.125,8.16,8.18,8,0.978,68434346.94,71462000,1.044,,16650,110241648000,6621120,20260909
090710,"Hyulim ROBOT Co.,Ltd.",휴림로봇,KOSDAQ,기타 기계·장비,2025,56,49,7,0.125,5,5,5,1,45000000,30000000,0.667,,6400,765177785600,119559029,20260909
308430,"Cellbion Co., Ltd",셀비온,KOSDAQ,의료용 물질·의약품,2025,56,27,29,0.518,2.94,3.14,2.75,0.876,60185185.19,42034482.76,0.698,,12750,164541950250,12905251,20260909
236030,Ssial Food Inc.,씨알푸드,KONEX,식료품 제조,2025,56,38,18,0.321,4.47,4.6,4.2,0.913,50000000,38000000,0.76,,2900,5896662800,2033332,20260909
226340,"Bonne Co., Ltd.",본느,KOSDAQ,화학물질·화학제품,2025,56,15,41,0.732,2.44,1.55,2.76,1.781,36892672.53,35063729.24,0.95,,5990,50258999160,8390484,20260909
218150,"MILAE BIORESOURCES CO., LTD.",미래생명자원,KOSDAQ,식료품 제조,2025,56,36,20,0.357,6.59,6.04,7.58,1.255,50277777.78,34500000,0.686,,2035,41546157070,20415802,20260909
354200,"NGeneBio Co., Ltd.",엔젠바이오,KOSDAQ,기타 과학기술 서비스,2025,56,24,32,0.571,3.57,3.88,3.34,0.861,80056000,48116125,0.601,,1371,12252055293,8936583,20260909
012760,"HASCO.CO.,LTD",하스코,,자동차·트레일러,2025,56,54,2,0.036,17.32,17.8,4.3,,48000000,38000000,,fewer than 5 of one sex,,,,
104200,NHN BUGS Corporation,NHN벅스,KOSDAQ,정보서비스업,2025,56,23,33,0.589,7.28,7.33,7.25,0.989,58000000,45484848.48,0.784,,2535,37587839250,14827550,20260909
215600,"SillaJen, Inc.",신라젠,KOSDAQ,연구개발업,2025,56,28,28,0.5,3.35,3.2,3.5,1.094,80000000,84000000,1.05,,2365,327679178860,138553564,20260909
389140,4by4 Inc.,포바이포,KOSDAQ,영상·오디오 제작,2025,56,33,23,0.411,2.96,3,2.9,0.967,64000000,55000000,0.859,,5130,73203740550,14269735,20260909
469610,"INNOTECH Co.,Ltd",이노테크,KOSDAQ,기타 기계·장비,2025,56,48,8,0.143,3.17,3.1,3.6,1.161,56000000,49000000,0.875,,15830,141566107000,8942900,20260909
234070,"A ONE CUBETECH CO., LTD.",에이원큐브텍,KONEX,사업지원 서비스,2025,56,44,12,0.214,6.12,6.67,4.08,0.612,56382000,25891000,0.459,,924,6431689572,6960703,20260909
291810,"Pintel Co.,Ltd.",핀텔,KOSDAQ,출판업,2025,56,40,16,0.286,2.64,2.33,3.42,1.468,56000000,50000000,0.893,,1469,16700637928,11368712,20260909
084180,"Soosung Webtoon co., Ltd.",수성웹툰,KOSDAQ,기타 기계·장비,2025,56,46,10,0.179,4.9,4.97,4.58,0.922,3972608.7,3665000,0.923,,381,6886301823,18074283,20260909
039790,"WINNOVA CO., Ltd.",위노바,,화학물질·화학제품,2025,55,25,30,0.545,5.02,4.2,5.7,1.357,51291000,29906000,0.583,,,,,
023150,"MHETHANOL CO.,LTD",MH에탄올,KOSPI,음료 제조,2025,55,51,4,0.073,10.5,10.92,5.17,,77627000,158645000,,fewer than 5 of one sex,4230,31211164980,7378526,20260909
039740,"Korea Information Engineering Services Co., Ltd",한국정보공학,KOSDAQ,도매·상품중개,2025,55,40,15,0.273,5.22,5.97,3.22,0.539,59000000,27000000,0.458,,3045,24416018865,8018397,20260909
036000,"YeaRimDang Publishing Co., Ltd.",예림당,KOSDAQ,출판업,2025,55,30,25,0.455,8.27,10,6.2,0.62,53000000,48000000,0.906,,2880,66338717760,23034277,20260909
177350,"Vessel Co., Ltd.",베셀,KOSDAQ,고무·플라스틱,2025,55,49,6,0.109,5.99,6.5,1.8,0.277,52000000,44000000,0.846,,1600,15865361600,9915851,20260909
073010,"KSPCO.,LTD",케이에스피,KOSDAQ,기타 기계·장비,2025,55,50,5,0.091,4.73,5,2.08,0.416,74146000,43691000,0.589,,2790,112133587500,40191250,20260909
0001A0,DEOKYANG ENERGEN CORPORATION,덕양에너젠,KOSDAQ,,2025,55,50,5,0.091,6.89,7.4,1.8,0.243,53060000,35200000,0.663,,9910,252397413420,25468962,20260909
394420,"RecensMedical, Inc.",리센스메디컬,KOSDAQ,의료·정밀·광학기기,2025,55,42,13,0.236,2.68,2.68,2.67,0.996,56309523.81,46692307.69,0.829,,9350,102847204350,10999701,20260909
151910,"FutureCore Co.,Ltd.",퓨처코어,,전자부품·컴퓨터·통신장비,2025,55,42,13,0.236,6.41,6.33,6.67,1.054,54641815,38538794,0.705,,,,,
054410,"Korea Plasma Technology U Co.,Ltd",케이피티유,KOSDAQ,소매업,2025,55,53,2,0.036,6.08,6,8.17,,50991000,45477000,,fewer than 5 of one sex,3360,19240851840,5726444,20260909
011420,"Galaxia SM, INC.",갤럭시아에스엠,KOSPI,스포츠·오락,2025,54,37,17,0.315,3.04,3.35,2.35,0.701,76000000,44000000,0.579,,1465,40360228460,27549644,20260909
024060,HeunguOil,흥구석유,KOSDAQ,도매·상품중개,2025,54,49,5,0.093,8.52,8.63,7.44,0.862,40771612.24,29250800,0.717,,12090,181350000000,15000000,20260909
049130,HAURI Inc.,하우리,,출판업,2025,54,42,12,0.222,14.31,13.75,16.25,1.182,68000000,58000000,0.853,,,,,
142760,MOA Life Plus Co. Ltd.,모아라이프플러스,KOSDAQ,연구개발업,2025,54,32,22,0.407,3.63,4.42,2.49,0.563,44975000,32088000,0.713,,505,10647162450,21083490,20260909
239340,ESTaid Corp.,이스트에이드,KOSDAQ,정보서비스업,2025,54,26,28,0.519,2.69,3.25,2.17,0.668,44000000,34000000,0.773,,504,13597735536,26979634,20260909
027410,"BGF CO., LTD.",BGF,KOSPI,금융업,2025,54,41,13,0.241,6.39,6.9,4.8,0.696,104000000,74000000,0.712,,3860,369466813260,95716791,20260909
448280,"ECOEYE CO., LTD.",에코아이,KOSDAQ,전문서비스업,2025,54,20,34,0.63,4.18,4.3,4.11,0.956,72981250,46380735.29,0.636,,9390,278236301310,29631129,20260909
235980,"MedPacto, Inc.",메드팩토,KOSDAQ,연구개발업,2025,54,28,26,0.481,3.54,3.43,3.65,1.064,64285714.29,49769230.77,0.774,,2770,94942085170,34275121,20260909
121800,"Vidente Co., Ltd.",비덴트,KOSDAQ,전자부품·컴퓨터·통신장비,2025,54,40,14,0.259,8.63,8.67,8.5,0.98,67000000,31000000,0.463,,3320,256309348520,77201611,20260909
053260,"KEUM KANG STEEL CO., LTD",금강철강,KOSDAQ,1차 금속,2025,54,43,11,0.204,11.66,12.9,6.8,0.527,64540000,37465000,0.58,,7990,149572800000,18720000,20260909
378800,Shaperon Inc.,샤페론,KOSDAQ,의료용 물질·의약품,2025,53,26,27,0.509,2.6,3.24,1.98,0.611,77076923.08,65666666.67,0.852,,510,23583945810,46243031,20260909
162300,"SHIN STEEL CO.,LTD.",신스틸,KOSDAQ,1차 금속,2025,53,38,15,0.283,4.54,5.3,2.6,0.491,65000000,42000000,0.646,,2765,114668371230,41471382,20260909
468530,"PROTEINA CO.,LTD.",프로티나,KOSDAQ,연구개발업,2025,53,28,25,0.472,2.32,2,2.67,1.335,79365000,59510000,0.75,,29200,324270321600,11105148,20260909
419080,"ENJET Co.,LTD",엔젯,KOSDAQ,기타 기계·장비,2025,53,42,11,0.208,4.21,4.55,2.92,0.642,58214285.71,43363636.36,0.745,,5080,55228830360,10871817,20260909
270520,APTN Inc.,앱튼,KOSDAQ,건축기술·엔지니어링,2025,53,38,15,0.283,3.05,3.02,3.11,1.03,59000000,55000000,0.932,,3025,70055714850,23158914,20260909
043220,"TS Nexgen Co., Ltd.",티에스넥스젠,KOSDAQ,기타 기계·장비,2025,53,46,7,0.132,9.08,9.95,3.38,0.34,71706000,77658000,1.083,,1710,28191099330,16486023,20260909
005320,ONTIDE Corp.,온타이드,KOSPI,도매·상품중개,2025,53,28,25,0.472,4.53,5,4,0.8,63000000,44000000,0.698,,1179,40307469255,34187845,20260909
058450,"HANJOO ART Co.,LTD.",한주에이알티,KOSDAQ,영상·오디오 제작,2025,53,31,22,0.415,2.47,3,1.72,0.573,45890129.03,25862727.27,0.564,,1585,8555785620,5397972,20260909
027040,SEOUL ELECTRONICS & TELECOM,서울전자통신,KOSDAQ,전기장비,2025,53,41,12,0.226,8.12,8.1,8.2,1.012,66000000,38000000,0.576,,1802,25079819738,13917769,20260909
217500,"RUSSELL CO., LTD.",러셀,KOSDAQ,기타 기계·장비,2025,52,46,6,0.115,10.77,11.2,7.5,0.67,71685000,38576000,0.538,,1524,48481488000,31812000,20260909
084690,"DAESANG HOLDINGS CO., LTD",대상홀딩스,KOSPI,금융업,2025,52,39,13,0.25,3.6,3.7,3.3,0.892,107000000,94000000,0.879,,8000,289700304000,36212538,20260909
080010,"eSANGNetworksCo.,Ltd",이상네트웍스,KOSDAQ,도매·상품중개,2025,52,52,,,7.12,7.12,,,66313346.15,,,not reported,7280,71599316880,9835071,20260909
001430,SeAH Besteel Holdings Corporation,세아베스틸지주,KOSPI,1차 금속,2025,52,28,24,0.462,3.42,3.42,3.42,1,125000000,110000000,0.88,,41850,1500829680150,35862119,20260909
027360,"AJU IB INVESTMENT CO., LTD.",아주IB투자,KOSDAQ,금융업,2025,52,36,16,0.308,7.32,8.7,4.2,0.483,169000000,77000000,0.456,,3310,400991293860,121145406,20260909
089150,Korea Computer Terminal Inc.,케이씨티,KOSDAQ,컴퓨터 프로그래밍·SI,2025,52,47,5,0.096,7.72,7.67,8.22,1.072,46218787.23,43786800,0.947,,1839,31538850000,17150000,20260909
457600,"VECT Co., Ltd.",벡트,KOSDAQ,전자부품·컴퓨터·통신장비,2025,52,37,15,0.288,6.27,8,2,0.25,62674000,40034000,0.639,,4795,65727462500,13707500,20260909
471820,"Cellromax Science Co., Ltd.",셀로맥스사이언스,KOSDAQ,식료품 제조,2025,52,16,36,0.692,2.71,3.87,2.19,0.566,50000000,41000000,0.82,,4035,45607116765,11302879,20260909
013810,Speco,스페코,KOSDAQ,기타 기계·장비,2025,52,47,5,0.096,13.91,14.13,11.8,0.835,70920255.32,48355000,0.682,,1579,23140987130,14655470,20260909
091440,"HanWool Materials Science, Inc.",한울소재과학,KOSDAQ,전자부품·컴퓨터·통신장비,2025,52,43,9,0.173,2.77,2.83,2.5,0.883,50858000,46135000,0.907,,2790,101528990010,36390319,20260909
304360,"S.Biomedics Co., Ltd.",에스바이오메딕스,KOSDAQ,의료용 물질·의약품,2025,52,24,28,0.538,5.17,5.75,4.67,0.812,46301000,39033000,0.843,,21500,266280252000,12385128,20260909
363250,"Genesystem Co., Ltd",진시스템,KOSDAQ,의료·정밀·광학기기,2025,52,24,28,0.538,5.01,6.11,4.07,0.666,71599000,46371000,0.648,,3950,33608108900,8508382,20260909
0009K0,Aimed Bio Inc.,에임드바이오,KOSDAQ,,2025,52,23,29,0.558,2.56,2.38,2.71,1.139,84479739.13,56681034.48,0.671,,23600,1526239399600,64671161,20260909
069110,"Yuhan Cosmetics Co., Ltd.",유한코스메틱,,화학물질·화학제품,2025,52,32,20,0.385,2.45,3.6,0.6,0.167,44375000,36228000,0.816,,,,,
444530,"Simplatform Co., Ltd.",심플랫폼,KOSDAQ,출판업,2025,52,39,13,0.25,2.95,2.95,2.96,1.003,47638846.15,42583384.62,0.894,,4465,28717924490,6431786,20260909
011000,"GeneOne Life Science, Inc.",진원생명과학,KOSPI,의료용 물질·의약품,2025,52,32,20,0.385,7.73,9.28,5.25,0.566,76125000,61500000,0.808,,2670,48531471270,18176581,20260909
069140,"Nuriplan Co.,Ltd.",누리플랜,KOSDAQ,금속가공제품,2025,51,43,8,0.157,6.7,7.34,3.29,0.448,57000000,35000000,0.614,,1808,27293213632,15095804,20260909
310200,ANIPLUS INC.,애니플러스,KOSDAQ,영상·오디오 제작,2025,51,27,24,0.471,4.12,4.4,3.8,0.864,61099000,65984000,1.08,,2035,106151371260,52162836,20260909
009970,"Youngone Holdings Co., Ltd",영원무역홀딩스,KOSPI,금융업,2025,51,27,24,0.471,8.39,5.33,11.83,2.22,106000000,89000000,0.84,,169100,2190490454700,12953817,20260909
013340,"NEW ASIA CO.,LTD.",뉴아세아,,1차 금속,2025,51,39,12,0.235,3.06,3.2,2.6,0.813,57000000,56000000,0.982,,,,,
002810,"SAMYUNG TRADING CO.,LTD",삼영무역,KOSPI,도매·상품중개,2025,51,38,13,0.255,12.58,15.1,5.2,0.344,74000000,33000000,0.446,,21900,404426161200,18466948,20260909
064510,"UNECO CO.,LTD.",유네코,,기타 기계·장비,2025,51,45,6,0.118,4.82,4.99,3.58,0.717,56223822.22,32067833.33,0.57,,,,,
459550,"ALT Co., Ltd.",알트,KOSDAQ,전자부품·컴퓨터·통신장비,2025,51,36,15,0.294,4.02,4.01,4.04,1.007,117194444.44,81333333.33,0.694,,2620,66078393820,25220761,20260909
290660,"Dynamic solution Co.,Ltd.",다이나믹솔루션,KOSDAQ,의료·정밀·광학기기,2025,51,36,15,0.294,2.86,3.27,1.87,0.572,60638194.44,29809066.67,0.492,,1631,69868595328,42837888,20260909
460940,"P&S Robotics Co., Ltd.",피앤에스로보틱스,KOSDAQ,의료·정밀·광학기기,2025,51,47,4,0.078,3.43,3.32,4.7,,38452670.38,38631576.5,,fewer than 5 of one sex,5050,67949164000,13455280,20260909
294090,"EOFlow Co., Ltd.",이오플로우,KOSDAQ,의료·정밀·광학기기,2025,51,40,11,0.216,4.48,4.5,4.4,0.978,60742025,34032454.55,0.56,,1490,62295566450,41809105,20260909
227420,DOBU Inc.,도부,KONEX,섬유제품 제조,2025,51,36,15,0.294,8.06,6,13,2.167,48579560,49300377,1.015,,799,30397563490,38044510,20260909
489460,"BIOBIJOU Co., Ltd.",바이오비쥬,KOSDAQ,화학물질·화학제품,2025,51,22,29,0.569,1.53,1.4,1.63,1.164,57409090.91,43827586.21,0.763,,10820,159630565340,14753287,20260909
023440,J Steel Company Holdings Inc.,제이스코홀딩스,KOSDAQ,1차 금속,2025,51,44,7,0.137,4.25,4.5,2.67,0.593,53692000,45586000,0.849,,521,46964378481,90142761,20260909
009810,"MDSsphere Co., Ltd.",MDS스피어,KOSPI,도매·상품중개,2025,51,39,12,0.235,5.54,5.78,4.77,0.825,52717948.72,39250000,0.745,,1882,29640750964,15749602,20260909
034310,"NICE Holdings Co., Ltd",NICE,KOSPI,전문서비스업,2025,50,43,7,0.14,10.47,11,7.2,0.655,162553000,69245000,0.426,,12850,472329467450,36757157,20260909
147830,"CHERYONG INDUSTRIAL CO.,LTD.",제룡산업,KOSDAQ,금속가공제품,2025,50,39,11,0.22,10.54,9.9,12.8,1.293,90758000,67490000,0.744,,7070,141400000000,20000000,20260909
021080,"Atinum Investment Co., Ltd",에이티넘인베스트,KOSDAQ,금융업,2025,50,31,19,0.38,4.71,4.6,4.9,1.065,545000000,149000000,0.273,,2190,105120000000,48000000,20260909
115450,"HLB Therapeutics Co.,Ltd.",HLB테라퓨틱스,KOSDAQ,도매·상품중개,2025,50,36,14,0.28,2.67,2.58,2.9,1.124,52981861.11,37486428.57,0.708,,1999,177071637891,88580109,20260909
091970,"LSKAIROBOT CO.,LTD",LSK아이로봇,KOSDAQ,고무·플라스틱,2025,50,43,7,0.14,5.72,6,4,0.667,45249000,36229000,0.801,,3945,29724707100,7534780,20260909
150840,"IntroMedic Co., Ltd.",인트로메딕,,의료·정밀·광학기기,2025,50,29,21,0.42,6.42,6,7,1.167,63000000,37000000,0.587,,,,,
115500,Korea Computer & Systems Inc.,케이씨에스,KOSDAQ,컴퓨터 프로그래밍·SI,2025,49,35,14,0.286,8.63,9.21,7.19,0.781,42285714.29,116928571.43,2.765,,9240,110880000000,12000000,20260909
121850,"KOYJ. CO.,LTD",코이즈,KOSDAQ,고무·플라스틱,2025,49,38,11,0.224,6.29,6.22,6.51,1.047,46764000,38386000,0.821,,480,2427359520,5056999,20260909
208890,"MiraeN Edupartner Co., Ltd.",미래엔에듀파트너,KONEX,교육서비스업,2025,49,10,39,0.796,2.43,2.17,2.5,1.152,35909000,28796000,0.802,,903,3616984560,4005520,20260909
185490,"EyeGene,Inc",아이진,KOSDAQ,연구개발업,2025,49,28,21,0.429,4.81,6.07,3.14,0.517,68821428.57,44952380.95,0.653,,2105,90998695320,43229784,20260909
069330,"U.I.DISPLAY CO.,LTD.",유아이디,KOSDAQ,전자부품·컴퓨터·통신장비,2025,49,43,6,0.122,6.36,6.41,5.99,0.934,49005604.65,38619166.67,0.788,,1203,20393946522,16952574,20260909
261780,ARIBIOLAB,아리바이오LAB,KOSDAQ,연구개발업,2025,49,14,35,0.714,3.84,4.2,3.7,0.881,77000000,58000000,0.753,,3290,95265161040,28955976,20260909
257370,"People & Technology Ms, Inc.",피엔티엠에스,KOSDAQ,기타 기계·장비,2025,49,42,7,0.143,3.93,4,3.5,0.875,55000000,44000000,0.8,,1965,24572051865,12504861,20260909
066430,"I-ROBOTICS,Co.,Ltd.",아이로보틱스,KOSDAQ,도매·상품중개,2025,49,44,5,0.102,2.79,2.77,3,1.083,51688113.64,53894000,1.043,,2065,80851927940,39153476,20260909
495810,"UVC Co., Ltd.",유비씨,KONEX,출판업,2025,49,35,14,0.286,2.18,2.42,1.58,0.653,56000000,37000000,0.661,,13120,32800000000,2500000,20260909
023900,"Pungguk Ethanol Co.,Ltd.",풍국주정,KOSDAQ,음료 제조,2025,49,44,5,0.102,11.33,10,23,2.3,58144275,54575632,0.939,,7590,95634000000,12600000,20260909
299660,"Cellid Co., Ltd.",셀리드,KOSDAQ,연구개발업,2025,49,24,25,0.51,3.2,3.67,2.75,0.749,55016000,44538000,0.81,,2345,69184481065,29502977,20260909
226330,"SyntekaBio,Inc.",신테카바이오,KOSDAQ,출판업,2025,49,39,10,0.204,4.06,4.25,3.33,0.784,60058000,66505000,1.107,,1330,32263771750,24258475,20260909
083660,"CSA COSMIC CO., LTD.",CSA 코스믹,KOSDAQ,화학물질·화학제품,2025,49,19,30,0.612,2.29,3.67,1.42,0.387,54000000,44000000,0.815,,1564,22237780920,14218530,20260909
453860,"ASTech Co., Ltd.",에이에스텍,KOSDAQ,화학물질·화학제품,2025,48,41,7,0.146,3.21,2.9,5,1.724,56264000,54825000,0.974,,8110,52264270530,6444423,20260909
054620,APS Inc.,APS,KOSDAQ,금융업,2025,48,34,14,0.292,2.77,2.75,2.83,1.029,68000000,48000000,0.706,,3840,70633808640,18394221,20260909
040350,"CreoSG Co.,Ltd.",크레오에스지,KOSDAQ,컴퓨터 프로그래밍·SI,2025,48,30,18,0.375,9.22,10.73,6.7,0.624,71304866.67,34775500,0.488,,4175,82899618300,19856196,20260909
066910,"SONOKONGCO.,LTD.",손오공,KOSDAQ,도매·상품중개,2025,48,37,11,0.229,5.47,5.58,5.08,0.91,51091000,39307000,0.769,,1900,29234600800,15386632,20260909
456160,"G2GBIO, Inc.",지투지바이오,KOSDAQ,의료용 물질·의약품,2025,48,28,20,0.417,3.38,3.51,3.19,0.909,122285714.29,129800000,1.061,,35000,582029910000,16629426,20260909
267250,"HD HYUNDAI CO.,LTD.",HD현대,KOSPI,금융업,2025,48,38,10,0.208,2.72,2.7,2.8,1.037,226248000,122645000,0.542,,255000,20143236675000,78993085,20260909
351320,"Nexa Dynamics Co., Ltd.",넥사다이내믹스,KOSDAQ,기타 기계·장비,2025,48,42,6,0.125,2.11,2.33,0.58,0.249,48198142.86,25388000,0.527,,5000,148493210000,29698642,20260909
042940,"Sangji Construction, Inc.",상지건설,KOSDAQ,종합 건설,2025,48,37,11,0.229,6.37,6.76,5.05,0.747,66060135.14,42998545.45,0.651,,5960,40699123520,6828712,20260909
177900,3ALogics. Inc.,쓰리에이로직스,KOSDAQ,전자부품·컴퓨터·통신장비,2025,48,37,11,0.229,6.46,6.59,6.02,0.914,61000000,51090909.09,0.838,,3690,35525844000,9627600,20260909
060900,"Agent AI Co.,Ltd.",에이전트AI,KOSDAQ,전기·가스·증기,2025,48,42,6,0.125,2.59,2.74,1.54,0.562,42101809.52,28264000,0.671,,3465,22674218490,6543786,20260909
317530,"Episode Company Co., Ltd.",에피소드컴퍼니,KOSDAQ,영상·오디오 제작,2025,48,21,27,0.563,2.97,2.89,3.04,1.052,41920666.67,36631888.89,0.874,,2915,50997581030,17494882,20260909
123690,"HANKOOK COSMETICS CO.,LTD.",한국화장품,KOSPI,도매·상품중개,2025,47,19,28,0.596,9.43,10.92,8.42,0.771,79000000,52000000,0.658,,6320,101549760000,16068000,20260909
016710,"DAESUNG HOLDINGS CO., LTD.",대성홀딩스,KOSPI,전문서비스업,2025,47,30,17,0.362,8.84,10.89,5.21,0.478,89200000,44000000,0.493,,6980,112304423820,16089459,20260909
065150,Daesan F&B Inc.,대산F&B,KOSDAQ,도매·상품중개,2025,47,29,18,0.383,3.29,3.36,3.18,0.946,48322000,26512000,0.549,,1349,21500685760,15938240,20260909
348080,Quratis Inc.,큐라티스,KOSDAQ,연구개발업,2025,47,26,21,0.447,2.52,2.41,2.66,1.104,66000000,49000000,0.742,,2880,36943928640,12827753,20260909
060480,"KUKIL METAL CO., LTD",국일신동,KOSDAQ,1차 금속,2025,47,45,2,0.043,5.83,6,2,,50000000,34000000,,fewer than 5 of one sex,1659,18398310000,11090000,20260909
037400,"WOOREE ENTERPRISE CO.,LTD",우리엔터프라이즈,KOSDAQ,도매·상품중개,2025,47,31,16,0.34,5.87,6.58,4.5,0.684,55000000,37000000,0.673,,3835,20113305615,5244669,20260909
004870,Tway Holdings Incorporation,티웨이홀딩스,KOSPI,비금속 광물제품,2025,47,39,8,0.17,4.19,4.5,2.7,0.6,40000000,27000000,0.675,,1123,25416519854,22632698,20260909
036710,"SIMMTECH HOLDINGS Co., Ltd.",심텍홀딩스,KOSDAQ,전문서비스업,2025,47,35,12,0.255,10.39,11.1,8.3,0.748,74156000,53548000,0.722,,4075,215273097550,52827754,20260909
250000,"BORATR CO., Ltd.",보라티알,KOSDAQ,도매·상품중개,2025,47,27,20,0.426,2.89,2.68,3.17,1.183,57666666.67,41050000,0.712,,5850,39491788050,6750733,20260909
221980,"KDCHEM CO., LTD.",케이디켐,KOSDAQ,화학물질·화학제품,2025,47,41,6,0.128,9.95,10.4,6.9,0.663,83000000,74000000,0.892,,9280,37442944000,4034800,20260909
002420,"Wooyang P&L Co.,Ltd.",우양피앤엘,KOSPI,소매업,2025,47,32,15,0.319,3.77,4.47,2.28,0.51,33074375,31883866.67,0.964,,5800,180773727200,31167884,20260909
087260,"MOBILE APPLIANCE, INC.",모바일어플라이언스,KOSDAQ,출판업,2025,47,35,12,0.255,9.72,11,6,0.545,67000000,41000000,0.612,,247,8040556667,32552861,20260909
006200,"KEC HOLDINGS CO.,LTD",한국전자홀딩스,KOSPI,금융업,2025,46,33,13,0.283,6.02,4.7,9.38,1.996,64146000,59097000,0.921,,1782,16680637314,9360627,20260909
008120,EMSONIC CORPORATION,엠소닉,,전자부품·컴퓨터·통신장비,2025,46,37,9,0.196,8.39,8.9,6.3,0.708,52000000,38000000,0.731,,,,,
065690,"PAKERS CO., Ltd.",파커스,KOSDAQ,고무·플라스틱,2025,46,30,16,0.348,12.78,14.6,9.38,0.642,42140066.67,36409125,0.864,,1830,21986547810,12014507,20260909
900140,"LVMC Holdings CO,.LTD",엘브이엠씨,KOSPI,자동차 판매,2025,46,37,9,0.196,7.66,8.08,5.92,0.733,84463801,66326652,0.785,,1202,232274999264,193240432,20260909
405000,"Plasmapp Co., Ltd.",플라즈맵,KOSDAQ,의료·정밀·광학기기,2025,46,38,8,0.174,2.72,2.5,3.75,1.5,70000000,34000000,0.486,,3320,17840126240,5373532,20260909
464500,Iron Device Corp.,아이언디바이스,KOSDAQ,전자부품·컴퓨터·통신장비,2025,46,37,9,0.196,3.81,3.5,5.08,1.451,76000000,67000000,0.882,,1641,22962944583,13993263,20260909
035290,"Gold&S Co.,Ltd",골드앤에스,KOSDAQ,출판업,2025,46,12,34,0.739,2.39,1.92,2.56,1.333,46173000,31827000,0.689,,863,4114480224,4767648,20260909
086060,"GeneBioTechCo.,Ltd.",진바이오텍,KOSDAQ,도매·상품중개,2025,45,34,11,0.244,7.03,7.1,6.8,0.958,46322000,39925000,0.862,,4770,41072499990,8610587,20260909
076610,"Haesung Optics Co.,Ltd",해성옵틱스,KOSDAQ,의료·정밀·광학기기,2025,45,32,13,0.289,2.7,2.9,2.2,0.759,6744000,7686000,1.14,,1196,70846471280,59236180,20260909
003030,SeAH Steel Holdings Corporation,세아제강지주,KOSPI,금융업,2025,45,25,20,0.444,4.16,4.2,4.1,0.976,114000000,83000000,0.728,,106700,441914801900,4141657,20260909
041500,"DBL Co., Ltd.",디비엘,,의료용 물질·의약품,2025,45,41,4,0.089,9.05,9.08,8.73,,50926000,49638000,,fewer than 5 of one sex,,,,
217880,"TILON Co.,Ltd.",틸론,KONEX,출판업,2025,45,32,13,0.289,2.45,2.83,1.5,0.53,44000000,28000000,0.636,,1047,11231472630,10727290,20260909
065770,CS CORPORATION,CS,KOSDAQ,전자부품·컴퓨터·통신장비,2025,45,38,7,0.156,5.55,5.49,5.86,1.067,71000000,32000000,0.451,,1211,12733742504,10515064,20260909
348030,MOBIRIX Corporation,모비릭스,KOSDAQ,출판업,2025,45,30,15,0.333,3.89,4.25,3.17,0.746,64883000,49119000,0.757,,2970,28523286000,9603800,20260909
134060,"e-future.Co.,Ltd.",이퓨쳐,KOSDAQ,출판업,2025,45,20,25,0.556,9.92,11.7,8.5,0.726,56042000,47373000,0.845,,5500,26230875000,4769250,20260909
293780,Aptabio Therapeutics Inc.,압타바이오,KOSDAQ,연구개발업,2025,45,17,28,0.622,2.74,3.67,2.17,0.591,63209000,54322000,0.859,,6560,184292736800,28093405,20260909
443670,SPSoft Inc.,에스피소프트,KOSDAQ,컴퓨터 프로그래밍·SI,2025,45,33,12,0.267,6.97,7.5,5.5,0.733,63000000,53000000,0.841,,3875,93040935500,24010564,20260909
267080,"Sevenbrau Co., Ltd.",세븐브로이맥주,KONEX,음료 제조,2025,45,32,13,0.289,1.51,1.17,2.33,1.991,43000000,35000000,0.814,,486,5769504288,11871408,20260909
234030,"SYNIC SOLUTION CO., LTD.",싸이닉솔루션,KOSDAQ,전자부품·컴퓨터·통신장비,2025,45,32,13,0.289,5.81,5.83,5.75,0.986,93000000,64000000,0.688,,2940,69398700000,23605000,20260909
105330,"KNW Co., Ltd.",케이엔더블유,KOSDAQ,자동차·트레일러,2025,45,32,13,0.289,6.76,7.75,4.33,0.559,57000000,39000000,0.684,,6990,111976444800,16019520,20260909
032860,"The Lamy Co., Ltd.",더라미,KOSDAQ,폐기물 수집·처리,2025,45,11,34,0.756,1.85,1.2,2.06,1.717,57248909.09,46974941.18,0.821,,2820,22783265040,8079172,20260909
066790,"KOREA CABLE T.V CHUNG-BUK SYSTEM CO., LTD.",씨씨에스,KOSDAQ,방송업,2025,45,36,9,0.2,6.2,6.83,3.67,0.537,52362000,36392000,0.695,,2205,97355245995,44152039,20260909
208850,"EB TECH CO.,LTD.",이비테크,KONEX,전기장비,2025,44,36,8,0.182,8.15,8.4,7,0.833,61000000,59000000,0.967,,4895,13805123750,2820250,20260909
051780,"CUROHOLDINGS Co., Ltd.",큐로홀딩스,KOSDAQ,소매업,2025,44,27,17,0.386,5.03,6.22,3.15,0.506,49820814.81,30914176.47,0.621,,2645,20102063480,7600024,20260909
389680,"UDMTEK Co.,Ltd.",유디엠텍,KOSDAQ,출판업,2025,44,37,7,0.159,2.66,2.58,3.08,1.194,47000000,39000000,0.83,,2130,17723076090,8320693,20260909
001230,"DONGKUK HOLDINGS CO.,LTD.",동국홀딩스,KOSPI,금융업,2025,44,33,11,0.25,12.73,13.32,10.97,0.824,86000000,69000000,0.802,,2065,321123431475,155507715,20260909
084990,"Helixmith Co., Ltd",헬릭스미스,KOSDAQ,연구개발업,2025,44,26,18,0.409,3.9,3.37,4.66,1.383,64882076.92,39193333.33,0.604,,3050,140583030850,46092797,20260909
138360,"NRobotics Co., Ltd.",앤로보틱스,KOSDAQ,기타 기계·장비,2025,44,42,2,0.045,5.11,5.2,3.2,,51944000,43557000,,fewer than 5 of one sex,1682,147972156988,87973934,20260909
052670,"CHEIL BIO CO., LTD.",제일바이오,,의료용 물질·의약품,2025,44,27,17,0.386,8.05,7.43,9.03,1.215,55221000,58648000,1.062,,,,,
001940,KISCO Holdings Corp.,KISCO홀딩스,KOSPI,1차 금속,2025,44,36,8,0.182,15.93,16.66,12.63,0.758,111000000,65000000,0.586,,25400,360080052000,14176380,20260909
025620,"CHA AI Healthkare Co.,Ltd.",차AI헬스케어,KOSPI,화학물질·화학제품,2025,44,25,19,0.432,3.14,2.69,3.74,1.39,50253000,39434000,0.785,,4700,85558673100,18203973,20260909
447690,"AIOBIO Co., Ltd.",아이오바이오,KONEX,의료·정밀·광학기기,2025,44,28,16,0.364,2.71,2.92,2.33,0.798,53510000,39822000,0.744,,2045,5670286020,2772756,20260909
0203K0,SONGWOO Information & Technology Inc.,송우인포텍,KONEX,,2025,44,39,5,0.114,3.68,3.63,4.07,1.121,55592000,38911000,0.7,,10850,32550000000,3000000,20260909
291650,CHOOLIP & SCIENCES Inc,츌립앤사이언스,KOSDAQ,연구개발업,2025,44,24,20,0.455,3.13,2.86,3.46,1.21,61791666.67,44550000,0.721,,1601,48861913221,30519621,20260909
002410,"BUMYANG CONSTRUCTION CO.,LTD",범양건영,KOSPI,종합 건설,2025,43,37,6,0.14,7.36,7.41,7.07,0.954,61535274,50691663.33,0.824,,1935,53173451700,27479820,20260909
047820,"CHOROKBAEM MEDIA CO.,LTD.",초록뱀미디어,KOSDAQ,영상·오디오 제작,2025,43,26,17,0.395,3.32,4.35,1.74,0.4,73535846.15,34754705.88,0.473,,3195,78130306350,24453930,20260909
004590,KoreaFurniture,한국가구,KOSDAQ,소매업,2025,43,22,21,0.488,5.84,6.25,5.42,0.867,56000000,55000000,0.982,,5050,75750000000,15000000,20260909
304840,"PeopleBio, Inc.",피플바이오,KOSDAQ,의료용 물질·의약품,2025,43,18,25,0.581,6.42,7,6,0.857,69000000,54000000,0.783,,561,13643890260,24320660,20260909
308080,ViGenCell Inc.,바이젠셀,KOSDAQ,연구개발업,2025,43,16,27,0.628,4.13,4.74,3.77,0.795,84250000,87407407.41,1.037,,6780,138984982800,20499260,20260909
008110,"DAIDONG ELECTRONICS.,LTD",대동전자,,전자부품·컴퓨터·통신장비,2025,43,37,6,0.14,11.16,12,6,0.5,62223000,37173000,0.597,,,,,
093520,MAKUS Inc.,매커스,KOSDAQ,도매·상품중개,2025,43,34,9,0.209,11.25,11.4,10.7,0.939,131000000,100000000,0.763,,26200,311828129400,11901837,20260909
287840,"IntoCell, Inc.",인투셀,KOSDAQ,연구개발업,2025,43,20,23,0.535,4.08,3.83,4.29,1.12,58327300,59890782.61,1.027,,17210,258527931600,15021960,20260909
070300,QuantumRail Inc.,퀀텀레일,KOSDAQ,출판업,2025,43,33,10,0.233,4.57,4.42,5.08,1.149,73000000,59000000,0.808,,1517,53891013893,35524729,20260909
044380,"JOOYONTECH CO.,LTD.",주연테크,KOSPI,전자부품·컴퓨터·통신장비,2025,43,34,9,0.209,10.37,11,8,0.727,52240000,43110000,0.825,,783,10880815428,13896316,20260909
0155E0,HAECHITECH CORPORATION,해치텍,KOSDAQ,,2025,43,28,15,0.349,3.39,3.58,3.03,0.846,69000000,47600000,0.69,,13630,74789854500,5487150,20260909
065560,"Metis Co., Ltd.",메티스,,인쇄·기록매체,2025,43,40,3,0.07,5.57,5.6,5.2,,64000000,45000000,,fewer than 5 of one sex,,,,
195990,"RootK Co., Ltd.",루트K,KOSDAQ,기타 기계·장비,2025,43,32,11,0.256,7.7,8.81,4.49,0.51,57254,59758,1.044,,1229,20017797146,16287874,20260909
241840,"ASTORY Co., Ltd.",에이스토리,KOSDAQ,영상·오디오 제작,2025,42,15,27,0.643,4.65,3.8,5.12,1.347,79697333.33,53713000,0.674,,2370,22609785780,9539994,20260909
285490,"NOVATECH Co., Ltd.",노바텍,KOSDAQ,기타 제품 제조,2025,42,34,8,0.19,2.87,2.69,3.61,1.342,133000000,71000000,0.534,,11770,124477530870,10575831,20260909
004150,"Hansol Holdings Co., Ltd.",한솔홀딩스,KOSPI,금융업,2025,42,34,8,0.19,9.38,9,11,1.222,152000000,83000000,0.546,,3505,143798303100,41026620,20260909
201490,"ME2ON CO., LTD",미투온,KOSDAQ,출판업,2025,42,26,16,0.381,2.93,3.2,2.5,0.781,65000000,47000000,0.723,,2775,90808339650,32723726,20260909
159910,"EcoGlow Co., Ltd.",에코글로우,KOSDAQ,화학물질·화학제품,2025,42,23,19,0.452,4.84,3.8,6.1,1.605,52000000,34000000,0.654,,3150,32971355550,10467097,20260909
383800,LX Holdings Corp.,LX홀딩스,KOSPI,금융업,2025,42,33,9,0.214,2.76,2.67,3.08,1.154,173000000,123000000,0.711,,7970,607957099300,76280690,20260909
139670,KineMaster Corporation,키네마스터,KOSDAQ,출판업,2025,42,34,8,0.19,5.06,5.21,4.42,0.848,74000000,40000000,0.541,,2030,28661184300,14118810,20260909
020760,"ILJIN DISPLAY CO.,LTD.",일진디스플,KOSPI,전자부품·컴퓨터·통신장비,2025,42,36,6,0.143,6.41,6.15,8,1.301,57000000,39000000,0.684,,902,55503470462,61533781,20260909
007120,"MiraeING.Co.,Ltd.",미래아이앤지,KOSPI,컴퓨터 프로그래밍·SI,2025,42,28,14,0.333,6.79,7.22,5.93,0.821,56739750,41554571.43,0.732,,1051,28716592814,27323114,20260909
258610,"CAELUM Co., Ltd.",케일럼,KOSDAQ,금속가공제품,2025,42,32,10,0.238,3.28,3.59,2.3,0.641,56156250,26200000,0.467,,1185,43234799655,36485063,20260909
462980,Aiji net Inc.,아이지넷,KOSDAQ,정보서비스업,2025,42,27,15,0.357,1.54,1.7,1.25,0.735,75514886,79729064,1.056,,1550,28263377350,18234437,20260909
270210,SR biotek Inc.,에스알바이오텍,KONEX,화학물질·화학제품,2025,41,16,25,0.61,1.4,1.25,1.5,1.2,45258000,45304000,1.001,,12480,21358871040,1711448,20260909
245450,"CNSLINK Co., Ltd",씨앤에스링크,KONEX,전자부품·컴퓨터·통신장비,2025,41,31,10,0.244,7.44,8,5.7,0.713,59000000,41000000,0.695,,1998,3156760080,1579960,20260909
054780,"KEYEAST Co., Ltd.",키이스트,KOSDAQ,영상·오디오 제작,2025,41,21,20,0.488,4.59,3.58,5.66,1.581,77983619.05,45630400,0.585,,1386,27245701098,19657793,20260909
317860,"Nordmason Co.,LTD",노드메이슨,KONEX,화학물질·화학제품,2025,41,11,30,0.732,2.73,4.25,2.17,0.511,60214000,32603000,0.541,,4000,18052860000,4513215,20260909
074430,"AMINOLOGICS CO.,LTD.",아미노로직스,KOSDAQ,의료용 물질·의약품,2025,41,28,13,0.317,5.86,5.7,6.2,1.088,75000000,57000000,0.76,,1089,95984810658,88140322,20260909
041590,"Flask Co., Ltd.",플래스크,KOSDAQ,전문직별 공사,2025,41,26,15,0.366,3.24,3.44,2.9,0.843,87104076.92,56168000,0.645,,2370,116064014460,48972158,20260909
060560,"HC HomeCenter Co.,Ltd",HC홈센타,KOSDAQ,도매·상품중개,2025,41,30,11,0.268,10.38,11.17,8.24,0.738,47917566.67,28036636.36,0.585,,1961,49785869961,25388001,20260909
493280,IMBiologics Corp.,아이엠바이오로직스,KOSDAQ,연구개발업,2025,41,17,24,0.585,1.94,1.74,2.09,1.201,75973176.47,76313000,1.004,,15280,226702468720,14836549,20260909
136660,"QMC Co., Ltd.",큐엠씨,KONEX,기타 기계·장비,2025,41,34,7,0.171,7.92,7.9,8,1.013,55000000,40000000,0.727,,2435,5748913250,2360950,20260909
012600,"CHUNGHO ICT CO.,LTD.",청호ICT,,기타 기계·장비,2025,41,29,12,0.293,6.59,7.97,3.25,0.408,52089241.38,39293750,0.754,,,,,
079190,"KESPION Co., Ltd.",케스피온,KOSDAQ,전자부품·컴퓨터·통신장비,2025,41,33,8,0.195,8.95,9.29,7.57,0.815,54749000,40046500,0.731,,1231,11803908818,9588878,20260909
331920,"Celemics, Inc.",셀레믹스,KOSDAQ,의료용 물질·의약품,2025,41,18,23,0.561,4.96,6.46,3.78,0.585,76833333.33,47434782.61,0.617,,14050,157100847750,11181555,20260909
411080,SANDS LAB Inc.,샌즈랩,KOSDAQ,출판업,2025,41,26,15,0.366,2.62,2.84,2.24,0.789,73994269.23,55586000,0.751,,4280,65345490640,15267638,20260909
396470,"WOT.CO.,LTD.",워트,KOSDAQ,기타 기계·장비,2025,41,36,5,0.122,6.34,6.3,6.6,1.048,57388000,50181000,0.874,,6710,108165200000,16120000,20260909
002450,"SAMICK MUSICAL INSTRUMENTS CO.,LTD",삼익악기,KOSPI,기타 제품 제조,2025,41,32,9,0.22,8.93,9.3,7.6,0.817,84000000,45000000,0.536,,1144,103567366760,90530915,20260909
286750,"NanoSilikhan Advanced Materials Co., Ltd.",나노실리칸첨단소재,KOSDAQ,화학물질·화학제품,2025,41,30,11,0.268,3.83,3.65,4.33,1.186,48636800,49809090.91,1.024,,2580,41317224240,16014428,20260909
000040,"KR MOTORS CO., LTD",KR모터스,KOSPI,기타 운송장비,2025,41,35,6,0.146,17.66,20,4,0.2,48508000,44569000,0.919,,1181,20401817516,17275036,20260909
291230,Com2uS N Corporation,컴투스엔,KOSDAQ,사업시설 관리,2025,41,16,25,0.61,2.69,3.6,2.1,0.583,66793000,51344000,0.769,,2535,60868470585,24011231,20260909
002620,JEIL PHARMA HOLDINGS INC.,제일파마홀딩스,KOSPI,전문서비스업,2025,40,25,15,0.375,11.56,13.1,9,0.687,91799000,42713000,0.465,,7570,120918297350,15973355,20260909
030350,"Dragonfly GF Co., Ltd.",드래곤플라이,KOSDAQ,출판업,2025,40,29,11,0.275,4.34,4.52,3.86,0.854,57000000,46000000,0.807,,973,15171092867,15592079,20260909
191420,"Tego Science, Inc.",테고사이언스,KOSDAQ,의료용 물질·의약품,2025,40,20,20,0.5,4.05,2.89,5.22,1.806,47475172,48554396,1.023,,7560,61302785040,8108834,20260909
382150,"Oncocross Co.,Ltd.",온코크로스,KOSDAQ,연구개발업,2025,40,28,12,0.3,1.61,1.59,1.65,1.038,85083000,52356500,0.615,,3415,44553298910,13046354,20260909
233990,"JILGYUNGYI CO.,LTD.",질경이,KONEX,화학물질·화학제품,2025,40,17,23,0.575,4.32,4,4.55,1.138,51118630.35,36683420.26,0.718,,980,15805963320,16128534,20260909
215790,INNO INSTRUMENT INC.,이노인스트루먼트,KOSDAQ,전자부품·컴퓨터·통신장비,2025,40,27,13,0.325,2.15,2.58,1.25,0.484,44000000,22000000,0.5,,674,27150842426,40283149,20260909
950220,"NeoImmuneTech, Inc.",네오이뮨텍,KOSDAQ,연구개발업,2025,40,20,20,0.5,4.21,4.28,4.14,0.967,122069300,94270650,0.772,,2200,75266048000,34211840,20260909
001890,"IPARK YOUNGCHANG CO., LTD.",아이파크영창,,기타 제품 제조,2025,40,25,15,0.375,7.46,8.78,5.27,0.6,44757600,28195533.33,0.63,,,,,
050090,"BK Holdings CO.,LTD.",비케이홀딩스,KOSDAQ,전문서비스업,2025,40,21,19,0.475,4.1,4.29,3.89,0.907,69476190.48,59210526.32,0.852,,894,21040053090,23534735,20260909
005990,"MAEIL HOLDINGS CO., LTD.",매일홀딩스,KOSDAQ,식료품 제조,2025,40,23,17,0.425,7.04,7,7.1,1.014,106000000,73000000,0.689,,11000,146281344000,13298304,20260909
037950,"ELCOMTEC CO.,LTD",엘컴텍,KOSDAQ,전자부품·컴퓨터·통신장비,2025,40,34,6,0.15,5,4.77,6.31,1.323,57639000,50011000,0.868,,2915,49232901245,16889503,20260909
208340,PharmAbcine Inc.,파멥신,,의료용 물질·의약품,2025,40,13,27,0.675,5.82,5.61,5.92,1.055,40073923.08,26946333.33,0.672,,,,,
289080,SV INVESTMENT CORPORATION,SV인베스트먼트,KOSDAQ,금융업,2025,39,33,6,0.154,4.02,3.7,5.8,1.568,170000000,53000000,0.312,,2635,158464243955,60138233,20260909
376290,CU TECH CORPORATION,씨유테크,KOSDAQ,전자부품·컴퓨터·통신장비,2025,39,27,12,0.308,10.34,10.8,9.3,0.861,49120000,48361000,0.985,,2740,48381550000,17657500,20260909
398120,"SGHEALTHCARE CO.,LTD.",에스지헬스케어,KOSDAQ,의료·정밀·광학기기,2025,39,26,13,0.333,3.5,3.67,3.17,0.864,62000000,36000000,0.581,,1786,21148938646,11841511,20260909
073570,Lithium-for-earth Inc,리튬포어스,KOSDAQ,기타 제품 제조,2025,39,14,25,0.641,4,3.42,4.33,1.266,73051000,41911000,0.574,,1801,21679227728,12037328,20260909
393970,DAEJIN ADVANCED MATERIALS Inc.,대진첨단소재,KOSDAQ,고무·플라스틱,2025,39,28,11,0.282,2.81,2.67,3.17,1.187,50318000,52536000,1.044,,2825,50428566500,17850820,20260909
412350,Laserssel Co. Ltd.,레이저쎌,KOSDAQ,기타 기계·장비,2025,39,35,4,0.103,3.18,3.41,1.15,,8394400,3847250,,fewer than 5 of one sex,4935,72066017205,14603043,20260909
217330,"Cytogen, Inc.",싸이토젠,KOSDAQ,연구개발업,2025,39,21,18,0.462,3.29,3.83,2.67,0.697,75334000,51724000,0.687,,3050,70545118350,23129547,20260909
121440,"GOLFZON HOLDINGS Co., Ltd.",골프존홀딩스,KOSDAQ,도매·상품중개,2025,39,24,15,0.385,7.25,7.1,7.5,1.056,87000000,45000000,0.517,,8020,343551280360,42836818,20260909
476830,Rznomics Inc.,알지노믹스,KOSDAQ,연구개발업,2025,39,17,22,0.564,2.36,2.3,2.4,1.043,224000000,169454545.45,0.756,,28750,806593785000,28055436,20260909
006490,"FreeT, Inc.",프리티,KOSPI,통신업,2025,39,25,14,0.359,4.22,4.54,3.65,0.804,51551520,24152928.57,0.469,,898,26560346254,29577223,20260909
138040,MERITZ FINANCIAL GROUP INC.,메리츠금융지주,KOSPI,금융업,2025,38,29,9,0.237,4.09,3.1,7.3,2.355,262000000,212000000,0.809,,125000,20918409125000,167347273,20260909
053160,FreeMs Corporation,프리엠스,KOSDAQ,전기장비,2025,38,24,14,0.368,12.11,13.1,10.4,0.794,75958000,40174000,0.529,,10490,62940000000,6000000,20260909
001630,CHONGKUNDANG HOLDINGS CORP.,종근당홀딩스,KOSPI,의료용 물질·의약품,2025,38,32,6,0.158,10.29,10.4,9.7,0.933,155000000,83000000,0.535,,39000,195384579000,5009861,20260909
317240,"TS Trillion Co., Ltd.",TS트릴리온,KOSDAQ,화학물질·화학제품,2025,38,15,23,0.605,3.26,4.86,2.21,0.455,57000000,38000000,0.667,,1040,30343779440,29176711,20260909
313760,"CARRY CO., LTD.",캐리,KOSDAQ,전기장비,2025,38,29,9,0.237,3.22,3.42,2.58,0.754,51878000,44214000,0.852,,468,5244963048,11207186,20260909
476060,Onconic Therapeutics Inc.,온코닉테라퓨틱스,KOSDAQ,연구개발업,2025,38,14,24,0.632,1.95,1.56,2.17,1.391,79200000,78186000,0.987,,16090,730612145600,45407840,20260909
250060,"Mobiis Co., Ltd.",모비스,KOSDAQ,컴퓨터 프로그래밍·SI,2025,38,34,4,0.105,9.16,8.83,12,,63311000,60010000,,fewer than 5 of one sex,3060,98444220840,32171314,20260909
048470,"DAE DONG STEEL CO., LTD.",대동스틸,KOSDAQ,도매·상품중개,2025,38,33,5,0.132,7.39,7.5,6.7,0.893,66000000,28000000,0.424,,2895,27936750000,9650000,20260909
373200,Xplus Inc.,엑스플러스,KOSDAQ,기타 제품 제조,2025,38,19,19,0.5,1.83,1.92,1.75,0.911,56000000,54000000,0.964,,1895,47456934115,25043237,20260909
246720,"ASTA Co., Ltd.",아스타,KOSDAQ,의료용 물질·의약품,2025,38,26,12,0.316,6.32,6,7,1.167,71000000,53000000,0.746,,6070,99434491000,16381300,20260909
217910,"SJ-CHEM Co., Ltd.",에스제이켐,KONEX,화학물질·화학제품,2025,38,34,4,0.105,8.04,8.09,7.65,,44792.41,36077,,fewer than 5 of one sex,268,3749459896,13990522,20260909
013720,"CHEONGBO CO., LTD.",청보,KOSDAQ,자동차·트레일러,2025,38,29,9,0.237,7.07,7.92,4.33,0.547,48000000,39000000,0.813,,2240,27251006720,12165628,20260909
038530,KBIO LABS Inc.,케이바이오랩스,KOSDAQ,도매·상품중개,2025,38,22,16,0.421,3.19,3.33,3,0.901,57000000,39000000,0.684,,999,25864231878,25890122,20260909
380540,OptiCore Inc.,옵티코어,KOSDAQ,전자부품·컴퓨터·통신장비,2025,38,29,9,0.237,2.91,2.83,3.16,1.117,79443223.38,49939930,0.629,,8450,206658126350,24456583,20260909
062970,"KOREA ADVANCED MATERIALS Co.,Ltd.",한국첨단소재,KOSDAQ,전자부품·컴퓨터·통신장비,2025,38,32,6,0.158,8.52,9.23,4.72,0.511,44802281.25,21911500,0.489,,1930,55090512510,28544307,20260909
059180,"NWC CO.,LTD",엔더블유시,KONEX,전자부품·컴퓨터·통신장비,2025,38,22,16,0.421,9.42,9,10,1.111,53075,37997,0.716,,3970,21096937300,5314090,20260909
215480,"TOEBOX KOREA, Ltd.",토박스코리아,KOSDAQ,소매업,2025,38,11,27,0.711,5.65,7.25,5,0.69,87215000,37390000,0.429,,2050,22017000000,10740000,20260909
001970,"SG Shinsung Engineering & Construction Co.,Ltd",에스지신성건설,,종합 건설,2025,37,33,4,0.108,9.87,10.29,6.4,,64482484.85,41424000,,fewer than 5 of one sex,,,,
000480,"CR Holdings Co., LTD.",시알홀딩스,KOSPI,비금속 광물제품,2025,37,24,13,0.351,4.2,4.9,2.9,0.592,81000000,46000000,0.568,,4450,208662680500,46890490,20260909
357880,"SKAI worldwide Co., Ltd.",SKAI,KOSDAQ,출판업,2025,37,26,11,0.297,1.47,1.67,0.99,0.593,60537769.23,55937545.45,0.924,,1866,101103835920,54182120,20260909
460470,"IVIM Technology, Inc.",아이빔테크놀로지,KOSDAQ,의료·정밀·광학기기,2025,37,17,20,0.541,2.82,2.55,3.05,1.196,43100251.12,36571920.1,0.849,,2815,42561026550,15119370,20260909
088390,INNOXCorporation,이녹스,KOSDAQ,기타 운송장비,2025,37,29,8,0.216,3.6,3.57,3.7,1.036,104000000,77000000,0.74,,8010,75180610440,9385844,20260909
096640,Melfas Inc.,멜파스,,전자부품·컴퓨터·통신장비,2025,37,26,11,0.297,2.13,2.38,1.55,0.651,49000000,23000000,0.469,,,,,
068330,"ilShinbiobase Co., Ltd.",일신바이오,KOSDAQ,기타 기계·장비,2025,37,33,4,0.108,6.99,7.6,2,,60000000,32000000,,fewer than 5 of one sex,1126,49787373640,44216140,20260909
051630,CHINYANG CHEMICAL CORPORATION,진양화학,KOSPI,고무·플라스틱,2025,37,36,1,0.027,8.79,8.8,8.3,,51000000,,,not reported,1383,29319600000,21200000,20260909
194510,NEXTURE Corporation,넥스쳐,,출판업,2025,37,14,23,0.622,3.29,3.5,3.17,0.906,50326000,38525000,0.766,,,,,
288620,"S-Prism Co., Ltd.",에스프리즘,KOSDAQ,전기장비,2025,37,29,8,0.216,3.42,3.2,4.2,1.313,52000000,42000000,0.808,,4130,28824575080,6979316,20260909
297570,ATLAS LINK Inc.,아틀라스링크,KOSDAQ,전자부품·컴퓨터·통신장비,2025,37,33,4,0.108,5.23,5.2,5.5,,94775000,59475000,,fewer than 5 of one sex,869,30085838442,34621218,20260909
217320,"SUNTECH.CO.,LTD",썬테크,KONEX,전기장비,2025,36,29,7,0.194,8.19,8,9,1.125,58000000,45000000,0.776,,10000,10500000000,1050000,20260909
160550,"Next Entertainment World Co., Ltd.",NEW,KOSDAQ,영상·오디오 제작,2025,36,11,25,0.694,4.14,5.34,3.61,0.676,39749000,38781000,0.976,,1005,28045636530,27906106,20260909
025890,"HANKOOK STEEL CO.,LTD",한국주강,KOSPI,기타 기계·장비,2025,36,35,1,0.028,8.38,8.6,0.5,,52823000,18033000,,fewer than 5 of one sex,2620,29198893920,11144616,20260909
234920,"Zaigle Co., Ltd.",자이글,KOSDAQ,전기장비,2025,36,26,10,0.278,6.87,7.08,6.33,0.894,65982000,49858000,0.756,,5310,71849132100,13530910,20260909
046390,"SAMHWA NETWORKS Co.,Ltd.",삼화네트웍스,KOSDAQ,영상·오디오 제작,2025,36,10,26,0.722,8.51,10.92,7.58,0.694,97658000,69901000,0.716,,2130,36783338490,17269173,20260909
036170,"HMNEX Co.,Ltd.",에이치엠넥스,KOSDAQ,전자부품·컴퓨터·통신장비,2025,36,33,3,0.083,11.28,11.8,5.5,,63204000,42400000,,fewer than 5 of one sex,2320,142368252320,61365626,20260909
011300,"WOOSUNG MATERIALS CO.,LTD",우성머티리얼스,KOSPI,섬유제품 제조,2025,36,25,11,0.306,9.28,11.6,4,0.345,53344200,30928000,0.58,,2470,42580095350,17238905,20260909
368970,"OSP Co., Ltd",오에스피,KOSDAQ,식료품 제조,2025,36,20,16,0.444,3.31,3.71,2.8,0.755,47750000,47500000,0.995,,2580,28998472440,11239718,20260909
294630,"SuNAM Co., Ltd.",서남,KOSDAQ,전기장비,2025,35,28,7,0.2,7.33,7.84,5.29,0.675,55152214.29,51949285.71,0.942,,3115,82544942585,26499179,20260909
101330,"MOBASE Co., Ltd.",모베이스,KOSDAQ,전자부품·컴퓨터·통신장비,2025,35,33,2,0.057,10.54,11,3,,40000000,34000000,,fewer than 5 of one sex,3565,82519158385,23147029,20260909
019550,"SBI Investment KOREA Co., Ltd.",SBI인베스트먼트,KOSDAQ,금융업,2025,35,23,12,0.343,5.58,5.51,5.7,1.034,219260869.57,97000000,0.442,,1029,82899300246,80562974,20260909
296160,"ProGen, Co,, LTD.",프로젠,KONEX,연구개발업,2025,35,15,20,0.571,3.88,3.83,3.92,1.023,91000000,64000000,0.703,,2555,39283326845,15375079,20260909
355690,"ATUM CO., LTD.",에이텀,KOSDAQ,전자부품·컴퓨터·통신장비,2025,35,26,9,0.257,1.97,1.97,1.97,1,52879000,26645000,0.504,,4955,47421277495,9570389,20260909
066830,GENOTECH CORP.,제노텍,KONEX,화학물질·화학제품,2025,34,15,19,0.559,10.88,12,10,0.833,45000000,38000000,0.844,,1297,7350332460,5667180,20260909
254490,"MIRAI SEMICONDUCTORS CO., LTD.",미래반도체,KOSDAQ,도매·상품중개,2025,34,28,6,0.176,6.51,6.4,7,1.094,104000000,51000000,0.49,,15280,220612640000,14438000,20260909
063440,"SM Life Design Group Co., Ltd.",SM Life Design,KOSDAQ,인쇄·기록매체,2025,34,26,8,0.235,7.24,6.67,9.08,1.361,55701000,44392000,0.797,,1012,45863196368,45319364,20260909
193250,Linked Inc.,링크드,KOSDAQ,전자부품·컴퓨터·통신장비,2025,34,28,6,0.176,4.92,5.1,4.09,0.802,52736142.86,30485333.33,0.578,,2075,27740535975,13368933,20260909
390110,anymedi Inc.,애니메디솔루션,KONEX,의료·정밀·광학기기,2025,34,21,13,0.382,2.44,3.09,1.38,0.447,38861014.76,30116723.15,0.775,,286,2773355442,9697047,20260909
072770,"MemRAY BT Co., LTD.",멤레이비티,KOSDAQ,컴퓨터 프로그래밍·SI,2025,34,20,14,0.412,5.6,6.42,4.42,0.688,85208,62812,0.737,,864,35866452672,41512098,20260909
203400,ABION Inc.,에이비온,KOSDAQ,연구개발업,2025,34,17,17,0.5,2.85,3.28,2.43,0.741,71959437.35,73035888.65,1.015,,676,60908481504,90101304,20260909
100790,"Mirae Asset Venture Investment Co.,Ltd.",미래에셋벤처투자,KOSDAQ,금융업,2025,34,23,11,0.324,5.09,6.07,3.05,0.502,256577000,74456000,0.29,,16890,897206562420,53120578,20260909
269620,"SYSWORK CO., LTD",시스웍,,의료·정밀·광학기기,2025,34,26,8,0.235,4.12,4.9,1.6,0.327,56000000,32000000,0.571,,,,,
115610,"IMAGIS Co., Ltd.",이미지스,KOSDAQ,전자부품·컴퓨터·통신장비,2025,34,34,,,6.43,6.43,,,66764705.88,,,not reported,1647,19465512543,11818769,20260909
347700,Sphere Corp.,스피어,KOSDAQ,출판업,2025,34,20,14,0.412,2.04,2.4,1.53,0.638,91903600,44335571.43,0.482,,20900,1077423465800,51551362,20260909
090120,"ZalmanTechCo.,Ltd.",잘만테크,,전자부품·컴퓨터·통신장비,2025,33,28,5,0.152,5.63,5.47,6.5,1.188,71424714.29,48890000,0.684,,,,,
185190,"Suppro Co.,Ltd",수프로,KONEX,도매·상품중개,2025,33,30,3,0.091,6.79,7.05,4.21,,54865000,33635000,,fewer than 5 of one sex,960,8869080000,9238625,20260909
228340,TONGYANG PILE Inc.,동양파일,KOSDAQ,비금속 광물제품,2025,33,28,5,0.152,9.63,10.25,6.17,0.602,86000000,43000000,0.5,,4250,85000000000,20000000,20260909
388870,"Pharos iBio Co., Ltd.",파로스아이바이오,KOSDAQ,연구개발업,2025,33,18,15,0.455,3.23,3.54,2.85,0.805,65222222.22,59600000,0.914,,5370,69519654840,12945932,20260909
224060,"THE CODI Co., LTD.",더코디,KOSDAQ,전자부품·컴퓨터·통신장비,2025,33,20,13,0.394,7.89,6.43,10.14,1.577,49273891.2,33781733.69,0.686,,7610,39273094420,5160722,20260909
336040,"TASCOM Co.,Ltd.",타스컴,KONEX,의료·정밀·광학기기,2025,33,15,18,0.545,3.49,3.2,3.74,1.169,44196080,37858928,0.857,,3800,22001730200,5789929,20260909
196450,"CoAsia CM Co.,Ltd",코아시아씨엠,KOSDAQ,의료·정밀·광학기기,2025,33,26,7,0.212,5.84,6.42,3.67,0.572,60000000,46000000,0.767,,790,35802800000,45320000,20260909
073540,"FRTEKCO.,LTD.",에프알텍,KOSDAQ,전자부품·컴퓨터·통신장비,2025,33,25,8,0.242,4.34,4.9,2.6,0.531,65011000,78891000,1.214,,2325,26505000000,11400000,20260909
014470,"Bubang Co., Ltd.",부방,KOSDAQ,부동산업,2025,33,25,8,0.242,6.41,7.5,3,0.4,85453000,51176000,0.599,,997,59872103220,60052260,20260909
208710,"PHOTON CO., LTD",포톤,KOSDAQ,전자부품·컴퓨터·통신장비,2025,33,23,10,0.303,3.27,2.92,4.08,1.397,70356000,45413000,0.645,,2450,32291323400,13180132,20260909
065660,"ANTEROGEN CO., LTD.",안트로젠,KOSDAQ,도매·상품중개,2025,32,16,16,0.5,2.5,2,3,1.5,35000000,34000000,0.971,,15060,150691866000,10006100,20260909
434190,"Talos Co., Ltd.",탈로스,KONEX,전기장비,2025,32,32,,,3.47,3.47,,,47775187.5,,,not reported,2415,17797183110,7369434,20260909
236340,"Medizen Humancare Inc Co., Ltd",메디젠휴먼케어,KONEX,연구개발업,2025,32,13,19,0.594,2.2,2.2,2.2,1,34436000,36389000,1.057,,1800,5426364600,3014647,20260909
004770,"SUNNY ELECTRONICS CO.,LTD",써니전자,KOSPI,전자부품·컴퓨터·통신장비,2025,32,22,10,0.313,11.67,8.75,18.08,2.066,54991000,40787000,0.742,,2260,80246809880,35507438,20260909
118000,"METACARE Co., Ltd.",메타케어,KOSPI,도매·상품중개,2025,32,20,12,0.375,3.05,3.21,2.78,0.866,68698800,60694916.67,0.883,,1285,28341683725,22055785,20260909
019490,EXICURE HITRON INC.,엑시큐어하이트론,KOSPI,전자부품·컴퓨터·통신장비,2025,32,25,7,0.219,5.31,5.32,5.28,0.992,55000000,63000000,1.145,,541,41349858070,76432270,20260909
115180,"Qurient Co., Ltd.",큐리언트,KOSDAQ,연구개발업,2025,32,12,20,0.625,5.13,5.64,4.82,0.855,164500000,128100000,0.779,,22500,844518397500,37534151,20260909
311960,"InterRoid Co., Ltd.",인터로이드,KONEX,출판업,2025,32,24,8,0.25,1.8,1.8,1.8,1,61243000,28952000,0.473,,1770,5420915280,3062664,20260909
204840,GL Pharm Tech Corp.,지엘팜텍,KOSDAQ,도매·상품중개,2025,32,17,15,0.469,2.63,2.27,3.04,1.339,52398176.47,39761466.67,0.759,,4990,77393906990,15509801,20260909
365270,"curacle co., ltd.",큐라클,KOSDAQ,연구개발업,2025,31,17,14,0.452,4.17,3.9,4.5,1.154,90000000,72000000,0.8,,9830,217803231360,22156992,20260909
001420,"TAEWONMULSAN CO.,LTD",태원물산,KOSPI,자동차·트레일러,2025,31,31,,,12.12,12.12,,,42753774.19,,,not reported,2930,22268000000,7600000,20260909
016450,"HANSAE YES24 HOLDINGS CO., LTD",한세예스24홀딩스,KOSPI,의복 제조,2025,31,17,14,0.452,6.15,5.7,6.7,1.175,112065000,86374000,0.771,,4395,175800000000,40000000,20260909
043200,"PARU CO., LTD.",파루,KOSDAQ,전기장비,2025,31,22,9,0.29,4.36,5.25,2.17,0.413,67214000,45487000,0.677,,1191,24894468987,20902157,20260909
015360,"INVENI Co., Ltd.",INVENI,KOSPI,전문서비스업,2025,31,27,4,0.129,3.65,3.5,4.7,,120000000,119000000,,fewer than 5 of one sex,14230,387767500000,27250000,20260909
212310,"Organ Eco Tech Co.,Ltd.",오건에코텍,KONEX,의료·정밀·광학기기,2025,31,18,13,0.419,2.48,3.42,1.17,0.342,4931000,2623000,0.532,,635,7514663025,11834115,20260909
050120,"ES CUBE CO., LTD.",ES큐브,KOSDAQ,도매·상품중개,2025,31,25,6,0.194,8.87,9.92,4.52,0.456,54750000,52159000,0.953,,3495,47406480570,13564086,20260909
033790,FINO INC.,피노,KOSDAQ,전기장비,2025,31,19,12,0.387,3.79,5.45,1.17,0.215,62879000,35252000,0.561,,8350,695737756450,83321887,20260909
397810,"ADforus Co., Ltd.",애드포러스,KOSDAQ,전문서비스업,2025,30,16,14,0.467,2.35,2.56,2.11,0.824,56937500,34714285.71,0.61,,6540,33751435800,5160770,20260909
183350,"LPK ROBOTICS Co.,Ltd.",엘피케이로보틱스,,기타 기계·장비,2025,30,27,3,0.1,4.21,4.2,4.3,,62000000,34000000,,fewer than 5 of one sex,,,,
223310,"Satoshi Holdings Co., Ltd.",사토시홀딩스,KOSDAQ,도매·상품중개,2025,30,14,16,0.533,1.89,2.8,1.1,0.393,52000000,27000000,0.519,,3255,16941109710,5204642,20260909
299900,"WYSIWYG STUDIOS CO., LTD.",위지윅스튜디오,,영상·오디오 제작,2025,30,18,12,0.4,3.05,4.26,1.24,0.291,56638666.67,36658000,0.647,,,,,
140660,"WIWORLD Co.,Ltd",위월드,KONEX,전자부품·컴퓨터·통신장비,2025,29,24,5,0.172,6.69,7.25,4,0.552,33000000,29000000,0.879,,880,2188781760,2487252,20260909
000180,Sungchang Enterprise Holdings Limited.,성창기업지주,KOSPI,전문서비스업,2025,29,22,7,0.241,11.3,13.5,4.4,0.326,85335000,32863000,0.385,,5150,71844148000,13950320,20260909
309960,LB Investment Inc.,LB인베스트먼트,KOSDAQ,금융업,2025,29,22,7,0.241,8.22,8.9,6.1,0.685,238000000,97000000,0.408,,4275,99253696725,23217239,20260909
456190,"CURACHEM Co., ltd.",큐라켐,KONEX,의료용 물질·의약품,2025,29,17,12,0.414,5.03,6.33,3.19,0.504,62509000,43570000,0.697,,7210,13225202060,1834286,20260909
039020,"EAGON HOLDINGS CO., LTD.",이건홀딩스,KOSDAQ,목재 제조,2025,29,19,10,0.345,13.45,14,12.4,0.886,76000000,51000000,0.671,,2605,58833166945,22584709,20260909
000760,"RIFA CO., LTD",이화산업,KOSPI,도매·상품중개,2025,29,25,4,0.138,16.07,16,16.5,,57156000,47949000,,fewer than 5 of one sex,13900,38920000000,2800000,20260909
067370,"SunBio, Inc.",선바이오,KOSDAQ,의료용 물질·의약품,2025,29,18,11,0.379,9.1,7.58,11.58,1.528,51173000,53102000,1.038,,6300,76947198300,12213841,20260909
023790,"DONGIL STEELUX CO., LTD.",동일스틸럭스,KOSDAQ,1차 금속,2025,29,26,3,0.103,12.53,12.25,15,,60829000,52031000,,fewer than 5 of one sex,1682,21983417056,13069808,20260909
299170,"WSI Co., Ltd.",더블유에스아이,KOSDAQ,도매·상품중개,2025,29,18,11,0.379,2.38,2,3,1.5,56255000,33684000,0.599,,1187,49273898856,41511288,20260909
006060,"HS INDUSTRIES CO.,LTD",화승인더스트리,KOSPI,도매·상품중개,2025,29,24,5,0.172,5.55,6.03,3.25,0.539,85000000,55000000,0.647,,2420,133874400000,55320000,20260909
011390,"BUSAN INDUSTRIAL CO.,LTD",부산산업,KOSPI,비금속 광물제품,2025,29,25,4,0.138,10.62,11.2,7,,52757941,34549980,,fewer than 5 of one sex,51600,54489600000,1056000,20260909
175140,"AGOS Co., Ltd.",아고스,KOSDAQ,전자부품·컴퓨터·통신장비,2025,29,17,12,0.414,2.1,1.6,2.82,1.762,72406000,35512000,0.49,,2585,64480894005,24944253,20260909
067770,"SEJIN T.S CO., LTD.",세진티에스,KOSDAQ,전자부품·컴퓨터·통신장비,2025,28,17,11,0.393,17.44,17.6,17.2,0.977,52000000,38000000,0.731,,2510,21075448430,8396593,20260909
140610,Ensol Biosciences Inc.,엔솔바이오사이언스,KONEX,연구개발업,2025,28,10,18,0.643,6.12,7.46,5.38,0.721,70494000,46183000,0.655,,10000,143764020000,14376402,20260909
101140,"INBIOGEN CO.,Ltd",인바이오젠,KOSPI,도매·상품중개,2025,28,15,13,0.464,2.62,2.11,3.2,1.517,53216000,43718000,0.822,,5530,55544514480,10044216,20260909
297090,"CS BEARING Co., Ltd.",씨에스베어링,KOSDAQ,기타 기계·장비,2025,28,24,4,0.143,6.33,6.9,2.9,,65000000,40000000,,fewer than 5 of one sex,4300,117261000000,27270000,20260909
226440,"SYSNEOTECH CO.,LTD.",시스네오텍,,기타 기계·장비,2025,28,24,4,0.143,6.67,7.12,4,,64181916.67,42495000,,fewer than 5 of one sex,,,,
096040,"E-TRON CO.,LTD.",이트론,,도매·상품중개,2025,28,21,7,0.25,2.23,2.25,2.17,0.964,103000000,47000000,0.456,,,,,
307930,COMPANY K PARTNERS LIMITED,컴퍼니케이,KOSDAQ,금융업,2025,28,18,10,0.357,5.28,4.1,7.4,1.805,144000000,104000000,0.722,,5880,91786800000,15610000,20260909
151860,"KG Eco Solution Co., Ltd.",KG에코솔루션,KOSDAQ,자동차·트레일러,2025,28,27,1,0.036,3.93,4,2,,58719592.59,45400000,,fewer than 5 of one sex,5530,263244601060,47603002,20260909
052770,ITOXI Corp.,아이톡시,KOSDAQ,출판업,2025,28,18,10,0.357,0.95,0.86,1.12,1.302,53465861.17,47452107,0.888,,312,4545457488,14568774,20260909
043090,"The Technology Co., Ltd.",더테크놀로지,,도매·상품중개,2025,28,20,8,0.286,4.24,4.41,3.81,0.864,51341000,38255875,0.745,,,,,
137940,"NextEye Co., Ltd.",넥스트아이,KOSDAQ,의료·정밀·광학기기,2025,27,22,5,0.185,4.92,4.83,5.33,1.104,4200418,2678701,0.638,,1976,19388644392,9812067,20260909
066410,"BUCKET STUDIO Co.,Ltd.",버킷스튜디오,KOSDAQ,통신업,2025,27,14,13,0.481,4.93,6.8,2.91,0.428,40482000,20006000,0.494,,1153,159637252154,138453818,20260909
456570,IMGT Corporation Limited,아이엠지티,KONEX,의료용 물질·의약품,2025,27,18,9,0.333,42.53,50.8,26,0.512,78670000,43376000,0.551,,14150,74496976600,5264804,20260909
204630,"Loa & Co Holdings Co., Ltd.",로아앤코홀딩스,,창작·예술·여가,2025,27,17,10,0.37,2.57,2.72,2.32,0.853,52058823.53,50500000,0.97,,,,,
397030,"AprilBio Co.,Ltd.",에이프릴바이오,KOSDAQ,연구개발업,2025,27,12,15,0.556,3.7,3.7,3.7,1,360000000,74000000,0.206,,17520,482829860640,27558782,20260909
008290,WonpungMulsan,원풍물산,KOSDAQ,의복 제조,2025,27,11,16,0.593,4.66,1.09,7.12,6.532,44070000,44860000,1.018,,248,5046016072,20346839,20260909
253610,"RootLoc Co., Ltd.",루트락,KONEX,도매·상품중개,2025,27,19,8,0.296,3.8,4.42,2.33,0.527,60911000,34169000,0.561,,647,6636971937,10258071,20260909
346010,"TIDE Co., Ltd.",타이드,KONEX,전자부품·컴퓨터·통신장비,2025,27,23,4,0.148,6.53,6.73,5.4,,66000000,38000000,,fewer than 5 of one sex,1000,4860062000,4860062,20260909
012170,"Ascendio Co., Ltd.",아센디오,KOSPI,영상·오디오 제작,2025,27,13,14,0.519,3.59,3.42,3.75,1.096,88000000,50000000,0.568,,3090,22546867890,7296721,20260909
031860,"DHX Company Co., Ltd.",디에이치엑스컴퍼니,KOSDAQ,도매·상품중개,2025,27,17,10,0.37,1.94,2,1.83,0.915,5979000,4760000,0.796,,6930,18714756060,2700542,20260909
106520,"Noble M&B Co., Ltd.",노블엠앤비,,의료·정밀·광학기기,2025,27,12,15,0.556,4.59,7.5,2.27,0.303,16280000,7830000,0.481,,,,,
337840,"UXN Co., Ltd.",유엑스엔,KONEX,의료·정밀·광학기기,2025,26,19,7,0.269,4.93,4.08,7.25,1.777,67751000,45543000,0.672,,6250,31108737500,4977398,20260909
900120,CXI Healthcare Technology Group Limited,씨엑스아이,KOSDAQ,금융업,2025,26,18,8,0.308,,,,,203666.67,126500.25,0.621,,1040,17336446400,16669660,20260909
034810,"Haesung Industrial Co., Ltd.",해성산업,KOSDAQ,금융업,2025,26,20,6,0.231,7.95,9.1,4.1,0.451,100000000,59000000,0.59,,6010,189796713520,31580152,20260909
215570,"CRONEX.CO.,LTD",크로넥스,KONEX,연구개발업,2025,26,22,4,0.154,4.92,5.05,4.19,,48892954.55,49007250,,fewer than 5 of one sex,553,3683063503,6660151,20260909
496320,"BONSYSTEMS Co., Ltd.",본시스템즈,KONEX,기타 기계·장비,2025,26,14,12,0.462,2.62,3.08,2.08,0.675,39885707,24227488,0.607,,1023000,1039340379000,1015973,20260909
226590,"Mdevice Co., Ltd",엠디바이스,KOSDAQ,전자부품·컴퓨터·통신장비,2025,26,19,7,0.269,1.21,1.04,1.66,1.596,30315789.47,33000000,1.089,,13080,140175534720,10716784,20260909
006840,"AK Holdings, Inc.",AK홀딩스,KOSPI,금융업,2025,26,22,4,0.154,2.85,2.8,3.1,,93000000,47000000,,fewer than 5 of one sex,7770,102933548970,13247561,20260909
009310,"Charm Engineering Co.,Ltd.",참엔지니어링,KOSPI,기타 기계·장비,2025,26,21,5,0.192,6.52,6.62,6.08,0.918,155059523.81,59350000,0.383,,5330,23329484620,4377014,20260909
244460,OLIPASS CORPORATION,올리패스,KOSDAQ,의료용 물질·의약품,2025,26,16,10,0.385,2.73,2.37,3.3,1.392,57952250,41670800,0.719,,1651,13415218661,8125511,20260909
009140,"KYUNGIN ELECTRONICS CO.,LTD",경인전자,KOSPI,전자부품·컴퓨터·통신장비,2025,25,18,7,0.28,7.48,8.42,5.08,0.603,6246000,4249000,0.68,,22450,35264392650,1570797,20260909
179720,"MoneyMove Co., Ltd.",머니무브,KONEX,금융업,2025,25,19,6,0.24,2.54,2.5,2.67,1.068,60000000,51000000,0.85,,5600,15400100800,2750018,20260909
180640,HANJINKAL,한진칼,KOSPI,금융업,2025,25,20,5,0.2,6.52,6.97,4.7,0.674,155000000,107000000,0.69,,143500,9580387036500,66762279,20260909
418250,"SecuLetter Co., Ltd.",시큐레터,KOSDAQ,출판업,2025,25,21,4,0.16,3.61,3.95,1.81,,91000000,44000000,,fewer than 5 of one sex,6550,47629012750,7271605,20260909
073070,APAM CORPORATION,에이팸,,자동차·트레일러,2025,25,19,6,0.24,15.11,17.19,8.54,0.497,53845000,30823000,0.572,,,,,
101730,"Wemade Max Co., Ltd.",위메이드맥스,KOSDAQ,출판업,2025,25,16,9,0.36,7.4,9.15,4.3,0.47,85500000,49000000,0.573,,3980,333537078280,83803286,20260909
016600,"Q Capital Partners Co., Ltd.",큐캐피탈,KOSDAQ,금융업,2025,25,17,8,0.32,6.47,4.19,11.3,2.697,163058823.53,62000000,0.38,,2455,34275730455,13961601,20260909
298060,"POONGJEON PHARMACY CO.,LTD.",풍전약품,KOSDAQ,의료용 물질·의약품,2025,25,15,10,0.4,2.7,0.91,5.38,5.912,43414000,27920000,0.643,,2380,22937123860,9637447,20260909
191410,"RYUK-IL C&S., Ltd.",육일씨엔에쓰,KOSDAQ,전자부품·컴퓨터·통신장비,2025,25,16,9,0.36,8.28,9,7,0.778,93311000,49373000,0.529,,1823,20425356865,11204255,20260909
000210,"DL Holdings CO.,LTD",DL,KOSPI,화학물질·화학제품,2025,25,20,5,0.2,7.48,8.4,3.8,0.452,201000000,92000000,0.458,,56000,1173529504000,20955884,20260909
106080,KEM Tech Corp.,케이이엠텍,KOSDAQ,전자부품·컴퓨터·통신장비,2025,25,22,3,0.12,2.14,2.25,1.33,,67820000,43761000,,fewer than 5 of one sex,1650,9506998050,5761817,20260909
003300,"HANIL HOLDINGS CO.,LTD.",한일홀딩스,KOSPI,비금속 광물제품,2025,24,21,3,0.125,9.33,7.9,19.3,,78695000,68643000,,fewer than 5 of one sex,18090,557740821960,30831444,20260909
112240,"SFC Co.,Ltd.",에스에프씨,,고무·플라스틱,2025,24,19,5,0.208,8.64,9.09,6.92,0.761,32402527.79,34956001.4,1.079,,,,,
068050,"PANENTERTAINMENTCO.,LTD.",팬엔터테인먼트,KOSDAQ,영상·오디오 제작,2025,24,10,14,0.583,3.11,3.9,2.54,0.651,47193000,40254214.29,0.853,,1190,32955950440,27694076,20260909
308100,"Hyungji Global Co., Ltd.",형지글로벌,KOSDAQ,소매업,2025,24,12,12,0.5,1.96,2.42,1.5,0.62,94135000,67760000,0.72,,293,7565259414,25819998,20260909
064090,InkredibleBuzz Inc.,인크레더블버즈,KOSDAQ,도매·상품중개,2025,24,9,15,0.625,0.89,0.58,1.08,1.862,40000000,16000000,0.4,,798,39694710510,49742745,20260909
402420,CALTH. Inc,켈스,KONEX,의료·정밀·광학기기,2025,24,10,14,0.583,3.21,3.1,3.29,1.061,44627000,49725000,1.114,,1700,3992897100,2348763,20260909
222810,"Setopia Co.,Ltd.",세토피아,,1차 금속,2025,24,16,8,0.333,4.61,4.41,5,1.134,63.63,50,0.786,,,,,
029480,"Kwangmu Co.,Ltd.",광무,KOSDAQ,전자부품·컴퓨터·통신장비,2025,24,23,1,0.042,7.21,7.32,4.79,,73920869.04,51604000,,fewer than 5 of one sex,1548,92445216336,59719132,20260909
241520,DSC Investment Inc.,DSC인베스트먼트,KOSDAQ,금융업,2025,24,16,8,0.333,5.83,6.9,3.7,0.536,197000000,114000000,0.579,,8210,218386000000,26600000,20260909
446440,"Epi Biotech Co., Ltd.",에피바이오텍,KONEX,연구개발업,2025,23,10,13,0.565,2.64,2.5,2.75,1.1,48700000,45462000,0.934,,13400,30912178600,2306879,20260909
318010,"Pharmsville Co., Ltd.",팜스빌,KOSDAQ,식료품 제조,2025,23,14,9,0.391,1.85,1.5,2.4,1.6,50625000,45308000,0.895,,3595,28505970110,7929338,20260909
0070X0,"Stechm Co., Ltd.",에스테크엠,KONEX,,2025,23,18,5,0.217,3.22,3,4,1.333,47000000,41000000,0.872,,10250,15477500000,1510000,20260909
091340,"S&KPOLYTECCO.,LTD.",S&K폴리텍,KOSDAQ,전자부품·컴퓨터·통신장비,2025,23,20,3,0.13,13.94,13.67,15.75,,51127000,42346000,,fewer than 5 of one sex,2525,29551895525,11703721,20260909
314930,"BIODYNE CO., LTD.",바이오다인,KOSDAQ,의료·정밀·광학기기,2025,23,14,9,0.391,3.48,3.25,3.84,1.182,33724285.71,47467666.67,1.408,,7140,212515695420,29764103,20260909
000700,"EUSU HOLDINGS CO., LTD.",유수홀딩스,KOSPI,전문서비스업,2025,23,15,8,0.348,16.19,17.58,13.58,0.772,118476000,211374000,1.784,,6360,165625924320,26041812,20260909
0082N0,Kanaph Therapeutics Inc.,카나프테라퓨틱스,KOSDAQ,,2025,23,5,18,0.783,3.57,2,4,2,57200000,54555555.56,0.954,,13980,185942108400,13300580,20260909
007860,SEOYON CO. LTD,서연,KOSPI,금융업,2025,23,20,3,0.13,3.2,2.9,5.2,,130000000,218000000,,fewer than 5 of one sex,7580,177977217520,23479844,20260909
015860,"ILJIN HOLDINGS CO.,LTD",일진홀딩스,KOSPI,금융업,2025,22,20,2,0.091,3.74,3.8,3.1,,106000000,60000000,,fewer than 5 of one sex,6860,338523733380,49347483,20260909
330730,Stonebridge Ventures Inc.,스톤브릿지벤처스,KOSDAQ,금융업,2025,22,17,5,0.227,4.27,4.2,4.5,1.071,178000000,115000000,0.646,,4895,89176277850,18217830,20260909
122830,"ONE4U CO.,LTD",원포유,KONEX,출판업,2025,22,16,6,0.273,2.7,2.29,3.79,1.655,53000000,54000000,1.019,,1294,42381068590,32751985,20260909
035620,Barunson Entertainment & Arts Corporation,바른손이앤에이,KOSDAQ,영상·오디오 제작,2025,22,5,17,0.773,3.82,6.08,3.16,0.52,94646390.8,58291286.88,0.616,,693,12896673174,18609918,20260909
002870,SHINPOONG INC.,신풍,KOSPI,도매·상품중개,2025,22,18,4,0.182,5.76,5.35,7.63,,49555555.56,33250000,,fewer than 5 of one sex,1109,38769198300,34958700,20260909
424870,"ImmuneOncia Therapeutics, Inc.",이뮨온시아,KOSDAQ,연구개발업,2025,22,7,15,0.682,2.69,2.96,2.57,0.868,127000000,92600000,0.729,,2880,263052025920,91337509,20260909
347850,D&D Pharmatech Inc.,디앤디파마텍,KOSDAQ,연구개발업,2025,22,9,13,0.591,4.68,6.5,3.42,0.526,235000000,124307692.31,0.529,,49500,2268961645500,45837609,20260909
038880,"iA, Inc.",아이에이,KOSDAQ,전자부품·컴퓨터·통신장비,2025,22,14,8,0.364,2.06,2.26,1.7,0.752,37000000,21000000,0.568,,3360,25248461280,7514423,20260909
445680,"Curiox Biosystems Co., Ltd.",큐리옥스바이오시스템즈,KOSDAQ,의료·정밀·광학기기,2025,22,16,6,0.273,3.05,2.88,3.5,1.215,59000000,100666666.67,1.706,,48600,836478268200,17211487,20260909
229500,"NovMetaPharma Co., Ltd.",노브메타파마,KONEX,연구개발업,2025,21,10,11,0.524,6.21,5.5,6.85,1.245,35124000,55387545.45,1.577,,4900,63653386300,12990487,20260909
206400,"BENO TNR, Inc.",베노티앤알,KOSDAQ,전문직별 공사,2025,21,11,10,0.476,7.2,6.91,7.52,1.088,129716636.36,56730000,0.437,,708,26557191864,37510158,20260909
475830,"Orum Therapeutics, Inc.",오름테라퓨틱,KOSDAQ,의료용 물질·의약품,2025,21,6,15,0.714,3.71,3.82,3.67,0.961,224000000,154333333.33,0.689,,53800,1168513942000,21719590,20260909
064240,"homecast CO., LTD.",홈캐스트,KOSDAQ,도매·상품중개,2025,21,14,7,0.333,6.97,7.33,6.24,0.851,89782256,44832823,0.499,,1789,62068015039,34694251,20260909
107590,"Miwon Holdings Co.,Ltd.",미원홀딩스,KOSPI,금융업,2025,21,18,3,0.143,7.28,7.33,7,,76333333.33,48333333.33,,fewer than 5 of one sex,62400,144768000000,2320000,20260909
202960,"PANDORA TV CO.,LTD.",판도라티비,KONEX,출판업,2025,21,13,8,0.381,3.46,3.21,3.87,1.206,65307692.31,52625000,0.806,,346,4122791372,11915582,20260909
293580,NAU IB Capital,나우IB,KOSDAQ,금융업,2025,21,14,7,0.333,9.5,10.61,7.29,0.687,261071428.57,111285714.29,0.426,,1411,133946159450,94929950,20260909
149010,"IK Semicon Co., Ltd.",아이케이세미콘,KONEX,전자부품·컴퓨터·통신장비,2025,20,15,5,0.25,2.2,2.5,1.3,0.52,56000000,31000000,0.554,,3595,11216400000,3120000,20260909
019660,"GLOBON CO., LTD.",글로본,KOSDAQ,도매·상품중개,2025,20,10,10,0.5,2.51,1.58,3.43,2.171,45200000,47400000,1.049,,1510,21055942830,13944333,20260909
123040,"MS AUTOTECH COMPANY, LIMITED",엠에스오토텍,KOSDAQ,자동차·트레일러,2025,20,17,3,0.15,11.34,12.25,6.17,,127000000,12000000,,fewer than 5 of one sex,1682,105340798918,62628299,20260909
042370,"Vitzro Tech Co.,LTD.",비츠로테크,KOSDAQ,금융업,2025,20,16,4,0.2,9.64,11.5,2.2,,92000000,42000000,,fewer than 5 of one sex,8740,228988218500,26200025,20260909
178780,"ILWOUL GML Co.,Ltd",일월지엠엘,KOSDAQ,도매·상품중개,2025,20,15,5,0.25,3.84,4.51,1.82,0.404,4346000,2122000,0.488,,2600,48461907000,18639195,20260909
013000,"SEWOO GLOBAL CO,. LTD",세우글로벌,KOSPI,도매·상품중개,2025,20,18,2,0.1,11.8,12.92,1.75,,64360000,32922000,,fewer than 5 of one sex,1190,34158986890,28705031,20260909
083470,"EMnI Co., Ltd.",이엠앤아이,KOSDAQ,화학물질·화학제품,2025,20,10,10,0.5,2.94,2.29,3.6,1.572,45395000,50990000,1.123,,877,18715468533,21340329,20260909
478560,"BLACK YAK I&C CO.,LTD",블랙야크아이앤씨,KOSDAQ,가죽·신발 제조,2025,20,13,7,0.35,2.96,3.25,2.42,0.745,62000000,44000000,0.71,,3100,80073923800,25830298,20260909
078070,Ubiquoss Holdings Inc.,유비쿼스홀딩스,KOSDAQ,금융업,2025,19,12,7,0.368,3.37,3,4,1.333,86740000,66845000,0.771,,8370,142782515910,17058843,20260909
092230,"KPX HOLDINGS CO., LTD.",KPX홀딩스,KOSPI,화학물질·화학제품,2025,19,14,5,0.263,6.83,7.7,4.4,0.571,106216000,69896000,0.658,,98000,414015308000,4224646,20260909
440290,"HB Investment, Inc.",HB인베스트먼트,KOSDAQ,금융업,2025,19,13,6,0.316,3.36,3.9,2.2,0.564,105000000,77000000,0.733,,1744,47971213920,27506430,20260909
246690,T.S.Investment Corporation,TS인베스트먼트,KOSDAQ,금융업,2025,19,15,4,0.211,4.41,5.1,1.8,,120000000,52000000,,fewer than 5 of one sex,2170,51598637580,23778174,20260909
140410,"Mezzion Pharma Co., Ltd.",메지온,KOSDAQ,연구개발업,2025,18,14,4,0.222,7.04,6.67,8.33,,69000000,45000000,,fewer than 5 of one sex,74000,2266003876000,30621674,20260909
006880,SINGSONGHOLDINGS,신송홀딩스,KOSPI,도매·상품중개,2025,18,13,5,0.278,6.74,7.92,3.67,0.463,73000000,44000000,0.603,,4400,52046975200,11828858,20260909
027830,"Daesung Private Equity, Inc.",대성창투,KOSDAQ,금융업,2025,18,14,4,0.222,10.07,9.04,13.68,,122000000,69000000,,fewer than 5 of one sex,892,48168000000,54000000,20260909
417180,"Finger Story CO., LTD.",핑거스토리,KOSDAQ,정보서비스업,2025,18,13,5,0.278,4.08,4,4.3,1.075,62000000,51000000,0.823,,4400,18960546000,4309215,20260909
278990,"EMB CO.,LTD.",EMB,KONEX,전기장비,2025,18,13,5,0.278,6.61,6.57,6.72,1.023,51846153.85,48400000,0.934,,3190,25726638630,8064777,20260909
0007J0,Inventera Inc.,인벤테라,KOSDAQ,,2025,18,7,11,0.611,2.71,2.4,2.9,1.208,102629428.57,62682090.91,0.611,,8980,70634111720,7865714,20260909
363280,"TY Holdings Co., Ltd.",티와이홀딩스,KOSPI,금융업,2025,18,15,3,0.167,2.75,2.58,3.58,,128000000,75000000,,fewer than 5 of one sex,2130,96909319290,45497333,20260909
476710,"TAJOY entertainment co., LTD",타조이엔터테인먼트,KONEX,창작·예술·여가,2025,18,5,13,0.722,2.74,4.4,2.1,0.477,28000000,23000000,0.821,,17000,17000000000,1000000,20260909
333430,"IL SEUNG Co., LTD",일승,KOSDAQ,기타 운송장비,2025,18,16,2,0.111,2.47,2.2,4.6,,48309000,57175000,,fewer than 5 of one sex,3990,122599720530,30726747,20260909
090370,"METALABS CO., LTD.",메타랩스,KOSPI,의복 제조,2025,18,7,11,0.611,4.96,7.92,3.08,0.389,42501970,48284500,1.136,,1257,34321994073,27304689,20260909
093230,"E Investment&Development CO.,LTD",이아이디,,도매·상품중개,2025,18,13,5,0.278,3.94,4.08,3.58,0.877,74000000,45000000,0.608,,,,,
332190,"OceansBio Co., Ltd.",오션스바이오,KONEX,의료·정밀·광학기기,2025,18,13,5,0.278,1.58,1.67,1.33,0.796,62319634,39400000,0.632,,3550,5246328450,1477839,20260909
322780,"COPUS KOREA Co., Ltd.",코퍼스코리아,KOSDAQ,영상·오디오 제작,2025,18,3,15,0.833,3.13,3.16,3.12,,123536666.67,57106400,,fewer than 5 of one sex,1790,26866224560,15009064,20260909
012320,"KYUNGDONG INVEST CO., LTD.",경동인베스트,KOSPI,금융업,2025,17,14,3,0.176,4.1,4.4,2.7,,87561000,77245000,,fewer than 5 of one sex,47150,111510834450,2365023,20260909
017680,"DECO&F CO.,LTD.",데코앤에프,,의복 제조,2025,17,2,15,0.882,1.71,1.42,1.75,,52000000,51000000,,fewer than 5 of one sex,,,,
452300,"Capstone Partners Co., Ltd.",캡스톤파트너스,KOSDAQ,금융업,2025,17,9,8,0.471,4.55,5.4,3.6,0.667,136000000,53000000,0.39,,2375,33652574375,14169505,20260909
009440,"KC Green Holdings Co.,Ltd.",KC그린홀딩스,KOSPI,금융업,2025,17,9,8,0.471,6.34,7.08,5.5,0.777,75077000,34316000,0.457,,756,17568790596,23239141,20260909
465770,STX Green Logis Ltd,STX그린로지스,KOSPI,수상운송,2025,17,8,9,0.529,1.34,1.39,1.29,0.928,77000000,62000000,0.805,,3530,25480881400,7218380,20260909
060910,PREGEN INC.,프리젠,,농업,2025,17,13,4,0.235,5.12,6.31,1.25,,35452741,27700000,,fewer than 5 of one sex,,,,
051390,YW COMPANY LIMITED,YW,KOSDAQ,도매·상품중개,2025,17,10,7,0.412,6.65,8.24,4.39,0.533,98090800,31970000,0.326,,4000,45421472000,11355368,20260909
289170,"Bioten Co., Ltd",바이오텐,KONEX,식료품 제조,2025,17,9,8,0.471,2.5,2.58,2.42,0.938,43000000,34000000,0.791,,2700,9657060300,3576689,20260909
322970,"Moogene Medi Co., Ltd.",무진메디,KONEX,연구개발업,2025,16,12,4,0.25,4.75,4.52,5.44,,51179000,48848000,,fewer than 5 of one sex,1940,19566236660,10085689,20260909
413300,"TL Engineering Co., Ltd.",티엘엔지니어링,KONEX,건축기술·엔지니어링,2025,16,14,2,0.125,3.75,4,2,,75000000,46000000,,fewer than 5 of one sex,1825,2466514875,1351515,20260909
214610,"RollingStone Co., Ltd.",롤링스톤,KOSDAQ,의료·정밀·광학기기,2025,16,10,6,0.375,3.02,2.83,3.33,1.177,58000000,48000000,0.828,,2290,19197807380,8383322,20260909
109960,APTOCROM Inc.,앱토크롬,KOSDAQ,도매·상품중개,2025,16,15,1,0.063,5.7,5.5,8.68,,53340400,,,not reported,1899,28736110467,15132233,20260909
288330,"PARATAXIS KOREA, INC.",파라택시스코리아,KOSDAQ,기타 과학기술 서비스,2025,16,7,9,0.563,3.96,3.17,4.58,1.445,82152000,68626000,0.835,,416,44129674368,106080948,20260909
052020,STCUBE,에스티큐브,KOSDAQ,도매·상품중개,2025,16,4,12,0.75,2.77,5.4,1.9,,102000000,54000000,,fewer than 5 of one sex,8140,553383988740,67983291,20260909
032680,"SOFTCEN CO., LTD.",소프트센,KOSDAQ,정보서비스업,2025,16,13,3,0.188,2.22,2.5,1,,82837000,48390000,,fewer than 5 of one sex,885,20404454685,23055881,20260909
222160,NPX Inc.,엔피엑스,,기타 기계·장비,2025,16,13,3,0.188,6.66,5.8,10.4,,54000000,38000000,,fewer than 5 of one sex,,,,
094970,"JMT CO.,Ltd.",제이엠티,KOSDAQ,전자부품·컴퓨터·통신장비,2025,15,12,3,0.2,7.12,8,3.58,,85930000,33404000,,fewer than 5 of one sex,2700,45220248000,16748240,20260909
251280,"AngioLab, Inc.",안지오랩,KONEX,연구개발업,2025,15,10,5,0.333,5.26,5.93,3.93,0.663,52934800,42351600,0.8,,3295,11505711650,3491870,20260909
145270,"K-TOP REITS CO.,LTD.",케이탑리츠,KOSPI,부동산업,2025,15,14,1,0.067,2.91,2.84,3.84,,62425647,54808540,,fewer than 5 of one sex,792,38064133008,48060774,20260909
208640,"Thumbage Co., Ltd.",썸에이지,KOSDAQ,출판업,2025,15,6,9,0.6,1.98,1.58,2.25,1.424,33294000,35661000,1.071,,707,9844285675,13924025,20260909
094860,"NEORIGIN Co., Ltd.",네오리진,KOSDAQ,출판업,2025,15,6,9,0.6,3.34,4.3,2.7,0.628,102000000,47000000,0.461,,1533,81417651462,53110014,20260909
284620,"KAINOS MEDICINE, INC.",카이노스메드,KOSDAQ,연구개발업,2025,15,6,9,0.6,4.22,5.42,3.42,0.631,59000000,83000000,1.407,,1087,35965517911,33086953,20260909
327610,Femtobiomed Inc.,펨토바이오메드,,의료·정밀·광학기기,2025,15,8,7,0.467,2.05,2.37,1.69,0.713,65827875,50027571.43,0.76,,,,,
054800,"IDIS Holdings Co., Ltd",아이디스홀딩스,KOSDAQ,전문서비스업,2025,14,14,,,7.08,7.08,,,75000000,,,not reported,14970,154905907320,10347756,20260909
072470,"WOORY INDUSTRIAL HOLDINGS CO.,LTD.",우리산업홀딩스,KOSDAQ,자동차·트레일러,2025,14,12,2,0.143,3.77,3.7,4.2,,71800000,63874000,,fewer than 5 of one sex,2340,44196377940,18887341,20260909
026970,DEBEC SAVINGS BANK.,대백저축은행,,금융업,2025,14,7,7,0.5,14,12,16,1.333,66000000,50000000,0.758,,,,,
001140,"KUKBO Co.,LTD",국보,,육상운송,2025,14,9,5,0.357,7.59,9.8,3.6,0.367,26000000,49000000,1.885,,,,,
021880,MASON CAPITAL CORPORATION,메이슨캐피탈,KOSDAQ,금융업,2025,14,11,3,0.214,3.39,3.3,3.7,,75296000,45352000,,fewer than 5 of one sex,1299,27562753560,21218440,20260909
136510,"Smart Solutions Co.,Ltd.",스마트솔루션즈,,기타 기계·장비,2025,13,10,3,0.231,3.02,3.33,2,,57561001,56800000,,fewer than 5 of one sex,,,,
302920,"The Contents On Co., Ltd.",더콘텐츠온,KONEX,영상·오디오 제작,2025,13,4,9,0.692,4.45,4.8,4.3,,44659000,28071000,,fewer than 5 of one sex,1495,6805776705,4552359,20260909
005450,"SHINHAN ENGINEERING & CONSTRUCTION CO.,LTD",신한,,종합 건설,2025,13,13,,,3.35,3.35,,,19099000,,,not reported,,,,
200350,Artist Studio Inc.,아티스트스튜디오,KOSDAQ,영상·오디오 제작,2025,13,4,9,0.692,1.95,0.33,2.67,,111804000,47803000,,fewer than 5 of one sex,2580,25789744500,9996025,20260909
012630,"HDC HOLDINGS CO.,Ltd",HDC,KOSPI,금융업,2025,13,9,4,0.308,2.13,2.5,1.3,,86000000,49000000,,fewer than 5 of one sex,24700,1475620508700,59741721,20260909
046400,"Hustory Co., Ltd.",휴스토리,,전자부품·컴퓨터·통신장비,2025,13,11,2,0.154,6.79,7.22,4.4,,53518818.18,32000000,,fewer than 5 of one sex,,,,
276240,"Elivision Co., Ltd.",엘리비젼,KONEX,전자부품·컴퓨터·통신장비,2025,12,10,2,0.167,4.58,5.3,1,,45500000,34000000,,fewer than 5 of one sex,642,7905034596,12313138,20260909
047730,"TELAUM CO., LTD.",텔라움,,전자부품·컴퓨터·통신장비,2025,12,9,3,0.25,2.83,2.91,2.6,,30000000,64000000,,fewer than 5 of one sex,,,,
149300,"APURES CO., LTD.",아퓨어스,,연구개발업,2025,12,11,1,0.083,7.59,7.92,4,,51036636.36,28600000,,fewer than 5 of one sex,,,,
036530,"SNT Holdings CO.,LTD",SNT홀딩스,KOSPI,금융업,2025,12,9,3,0.25,8.82,9.43,7,,200000000,173000000,,fewer than 5 of one sex,46850,763837059100,16303886,20260909
066670,"DTC Co., Ltd.",디티씨,KOSDAQ,부동산업,2025,12,7,5,0.417,16.92,18,15.4,0.856,74000000,62000000,0.838,,3160,59066460880,18691918,20260909
266170,"Redwoods Co., Ltd",레드우즈,KONEX,영상·오디오 제작,2025,12,9,3,0.25,0.08,0.08,0.08,,4122777.78,4067666.67,,fewer than 5 of one sex,1050,1366092000,1301040,20260909
008060,"DAEDUCK Co.,LTD",대덕,KOSPI,금융업,2025,12,8,4,0.333,11.9,13.2,9.3,,103000000,56000000,,fewer than 5 of one sex,14770,462110437460,31287098,20260909
033560,"BLUECOM CO.,LTD",블루콤,KOSDAQ,전자부품·컴퓨터·통신장비,2025,12,8,4,0.333,12.01,15.2,5.64,,54892000,31538000,,fewer than 5 of one sex,4490,76779000000,17100000,20260909
038340,"MUGUNGHWA INFORMATION TECHNOLOGY CO., LTD.",무궁화인포메이션테크놀로지,,전자부품·컴퓨터·통신장비,2025,12,9,3,0.25,3.5,4,2,,84265469,42028603,,fewer than 5 of one sex,,,,
210120,"CANVAS N Co.,Ltd.",캔버스엔,KOSDAQ,영상·오디오 제작,2025,12,7,5,0.417,4.28,2.49,6.78,2.723,68991857.14,51901600,0.752,,1606,15570155546,9694991,20260909
223220,"Logis Mon, Inc.",로지스몬,KONEX,창고·운송 관련,2025,12,9,3,0.25,3.71,4.06,2.67,,46666666.67,29000000,,fewer than 5 of one sex,111,949535958,8554378,20260909
041190,"Woori Technology Investment Co., Ltd",우리기술투자,KOSDAQ,금융업,2025,11,7,4,0.364,4.95,3.9,6.8,,129000000,74000000,,fewer than 5 of one sex,5910,471618000000,79800000,20260909
093510,"NGVI, INC.",엔지브이아이,KONEX,자동차·트레일러,2025,11,11,,,14.67,14.67,,,41000000,,,not reported,593,3569860000,6020000,20260909
352770,Celestra Inc.,셀레스트라,KOSDAQ,의료용 물질·의약품,2025,11,9,2,0.182,1.6,1.77,0.83,,97900026.11,30990004,,fewer than 5 of one sex,5250,13610136750,2592407,20260909
111870,"KH Mirae Corporation Co., Ltd.",케이에이치미래물산,,전자부품·컴퓨터·통신장비,2025,11,10,1,0.091,3.04,3.04,,,34676000,28839000,,fewer than 5 of one sex,,,,
000140,"HITEJINRO HOLDINGS CO., LTD",하이트진로홀딩스,KOSPI,금융업,2025,11,9,2,0.182,19.45,19.33,20,,274000000,126000000,,fewer than 5 of one sex,8010,185886187650,23206765,20260909
052300,"Ocean In W Co.,Ltd.",오션인더블유,KOSDAQ,도매·상품중개,2025,11,8,3,0.273,4.9,5.2,4.11,,129250000,43666666.67,,fewer than 5 of one sex,1465,23797647520,16244128,20260909
101390,"IMCo.,LTD",아이엠,,전자부품·컴퓨터·통신장비,2025,11,9,2,0.182,2.82,3.35,0.43,,95000000,37000000,,fewer than 5 of one sex,,,,
002030,"ASIA HOLDINGS CO.,LTD",아세아,KOSPI,전문서비스업,2025,10,8,2,0.2,18.83,20.2,13.33,,110250000,59243000,,fewer than 5 of one sex,201000,413829252000,2058852,20260909
005110,HANCHANG CORPORATION,한창,KOSPI,도매·상품중개,2025,10,5,5,0.5,1.55,1.1,2,1.818,73000000,46000000,0.63,,1254,26467434378,21106407,20260909
065170,BL Pharmtech Corp.,비엘팜텍,KOSDAQ,도매·상품중개,2025,10,5,5,0.5,6.17,7.5,4.83,0.644,40000000,35000000,0.875,,2160,60293792880,27913793,20260909
101400,"N CITRON, INC.",엔시트론,KOSDAQ,전자부품·컴퓨터·통신장비,2025,10,6,4,0.4,6.54,5.9,7.5,,80000000,49000000,,fewer than 5 of one sex,1715,20137166420,11741788,20260909
279060,INNOVEX Company Limited,이노벡스,KONEX,의료·정밀·광학기기,2025,10,8,2,0.2,2.8,2.42,4.33,,70648000,55010000,,fewer than 5 of one sex,7,68655062,9807866,20260909
065420,"SI RESOURCES CO.,LTD.",에스아이리소스,KOSDAQ,화학물질·화학제품,2025,10,7,3,0.3,5.17,4,7.9,,62000000,52000000,,fewer than 5 of one sex,940,7283384140,7748281,20260909
254160,JM-MULTI,제이엠멀티,KONEX,목재 제조,2025,9,6,3,0.333,7.2,7.3,7,,58337000,63072000,,fewer than 5 of one sex,3195,16486200000,5160000,20260909
0126Z0,"SAMSUNG EPIS HOLDINGS Co., Ltd.",삼성에피스홀딩스,KOSPI,,2025,9,8,1,0.111,0.17,0.17,0.17,,,,,not reported,348000,8659301052000,24883049,20260909
002480,"Pumyang Co., Ltd.",범양사,,섬유제품 제조,2025,9,7,2,0.222,13.96,15.09,10,,43217000,41883000,,fewer than 5 of one sex,,,,
019570,"GMI Venture Co.,Ltd",GMI벤처,KOSDAQ,금융업,2025,9,5,4,0.444,2.63,2.1,3.3,,68120000,59124000,,fewer than 5 of one sex,2880,27489611520,9545004,20260909
299480,"G&E Healthcare Co., Ltd.",지앤이헬스케어,KONEX,섬유제품 제조,2025,8,1,7,0.875,7.06,7,7.07,,52715000,43312571.43,,fewer than 5 of one sex,547,6072106421,11100743,20260909
001800,ORION Holdings Corp.,오리온홀딩스,KOSPI,금융업,2025,8,7,1,0.125,16,11,51,,318000000,1049000000,,fewer than 5 of one sex,25450,1530986793400,60156652,20260909
043710,"CosLeaguer Global Co., Ltd.",코스리거글로벌,KOSDAQ,도매·상품중개,2025,8,2,6,0.75,1.11,1.67,0.92,,64340000,53448000,,fewer than 5 of one sex,3070,53149381140,17312502,20260909
072710,Nongshim Holdings,농심홀딩스,KOSPI,금융업,2025,8,5,3,0.375,6.61,9.2,2.3,,98000000,58000000,,fewer than 5 of one sex,93200,432242028000,4637790,20260909
054630,Advanced Digital Chips Inc.,에이디칩스,,기타 제품 제조,2025,8,5,3,0.375,8.76,11.62,4,,78641600,23667000,,fewer than 5 of one sex,,,,
214310,"Loa & Co Co., Ltd.",로아앤코,,전문서비스업,2025,8,4,4,0.5,4.5,2,7,,75487000,23401000,,fewer than 5 of one sex,,,,
204210,JK River Stone Real Estate Investment Trust Incorporated,제이케이리버스톤자기관리부동산투자회사,,부동산업,2025,8,4,4,0.5,2.46,2,2.92,,78798000,42967000,,fewer than 5 of one sex,,,,
277070,Lindeman Asia Investment Corporation,린드먼아시아,KOSDAQ,금융업,2025,8,5,3,0.375,4.13,2.7,6.5,,116000000,82000000,,fewer than 5 of one sex,3040,41623680000,13692000,20260909
042420,NEOWIZ HOLDINGS Corporation,네오위즈홀딩스,KOSDAQ,출판업,2025,7,4,3,0.429,6.46,5.3,8,,85000000,49000000,,fewer than 5 of one sex,23900,194600563700,8142283,20260909
007700,"F&F Holdings Co., Ltd.",F&F 홀딩스,KOSPI,금융업,2025,7,3,4,0.571,5.92,9.92,2.92,,145344000000,81350000000,,fewer than 5 of one sex,13910,544080844970,39114367,20260909
499790,"GS P&L Co., Ltd.",GS피앤엘,KOSPI,금융업,2025,7,6,1,0.143,1.1,1.1,1.1,,,,,not reported,39550,784309761550,19830841,20260909
003480,"HANJIN HEAVY IND. & CONST. HOLDINGS CO., LTD",한진중공업홀딩스,KOSPI,전기·가스·증기,2025,7,6,1,0.143,17.84,19.8,6.1,,106078000,67222000,,fewer than 5 of one sex,4735,139823659820,29529812,20260909
258050,"Tech Trans co., Ltd",테크트랜스,KONEX,금속가공제품,2025,7,4,3,0.429,4.1,4.52,3.53,,33474372,41287213.33,,fewer than 5 of one sex,449,5004531101,11145949,20260909
010600,"WELLBIOTEC CO.,LTD",웰바이오텍,,도매·상품중개,2025,7,4,3,0.429,,,,,56000000,48000000,,fewer than 5 of one sex,,,,
032980,"BYON Co., Ltd.",바이온,,도매·상품중개,2025,7,6,1,0.143,1.13,1.12,1.21,,68223000,25407000,,fewer than 5 of one sex,,,,
148140,"BDI Co., LTD.",비디아이,,기타 기계·장비,2025,6,5,1,0.167,32.9,39,2.4,,59100000,45751000,,fewer than 5 of one sex,,,,
001000,SillaTextile,신라섬유,KOSDAQ,부동산업,2025,6,5,1,0.167,10.04,10.04,10.07,,37355800,31008000,,fewer than 5 of one sex,462,11216223480,24277540,20260909
229640,LS Eco Energy Ltd.,LS에코에너지,KOSPI,금융업,2025,6,5,1,0.167,7.73,7.3,9.9,,75000000,67000000,,fewer than 5 of one sex,49600,1518993998400,30624879,20260909
403810,"IL ROBOTICS CO., LTD.",아이엘로보틱스,KONEX,전자부품·컴퓨터·통신장비,2025,6,5,1,0.167,2,2.2,1,,64000000,30000000,,fewer than 5 of one sex,2215,22011221390,9937346,20260909
068420,"ENTERMEDIA CO., LTD",엔터미디어,,전자부품·컴퓨터·통신장비,2025,6,4,2,0.333,6.17,6.92,4.67,,84000000,37000000,,fewer than 5 of one sex,,,,
238500,"Solumix co,.Ltd.",솔루믹스,KONEX,기타 과학기술 서비스,2025,6,4,2,0.333,2.1,1.7,2.9,,35658000,36381000,,fewer than 5 of one sex,475,9883469400,20807304,20260909
035610,"SOLBORN, Inc.",솔본,KOSDAQ,전문서비스업,2025,5,4,1,0.2,6.12,6.9,3,,45000000,36000000,,fewer than 5 of one sex,4995,136593255015,27345997,20260909
009280,"DAHAAM e-TEC CO., LTD",다함이텍,,전자부품·컴퓨터·통신장비,2025,5,3,2,0.4,12.82,12.42,13.42,,78278000,43444000,,fewer than 5 of one sex,,,,
241590,"HWASEUNG ENTERPRISE CO.,LTD",화승엔터프라이즈,KOSPI,가죽·신발 제조,2025,5,4,1,0.2,3.68,4.45,0.59,,56000000,34000000,,fewer than 5 of one sex,2860,173285329360,60589276,20260909
009760,Korea Holidings Incorporated,한국지주,,금융업,2025,5,4,1,0.2,9.2,11,2,,83301000,34550000,,fewer than 5 of one sex,,,,
222670,"Plumbline Life Sciences, Inc.",플럼라인생명과학,KONEX,연구개발업,2025,5,4,1,0.2,2,1.75,3,,74500000,58000000,,fewer than 5 of one sex,4635,18692639820,4032932,20260909
161570,"THE MIDONG Co,. Ltd",더미동,,전자부품·컴퓨터·통신장비,2025,5,3,2,0.4,7.08,6.4,8.1,,80551000,44906000,,fewer than 5 of one sex,,,,
000590,"CS Holdings Co.,Ltd.",CS홀딩스,KOSPI,금융업,2025,4,3,1,0.25,2.92,3.42,1.42,,50587000,64206000,,fewer than 5 of one sex,66900,77234845800,1154482,20260909
100250,CHINYANG HOLDINGS CORPORATION,진양홀딩스,KOSPI,고무·플라스틱,2025,4,4,0,0,14,14,0,,43000000,0,,fewer than 5 of one sex,3155,201604500000,63900000,20260909
025530,"SJM HOLDINGS CO.,LTD",에스제이엠홀딩스,KOSPI,자동차 판매,2025,4,4,,,10.43,10.43,,,58733000,,,not reported,3545,52941058360,14934008,20260909
060300,"REDROVER CO.,LTD",레드로버,,영상·오디오 제작,2025,4,4,,,0.83,0.83,,,45000000,,,not reported,,,,
266350,"PangSky Co., Ltd.",팡스카이,KONEX,출판업,2025,4,4,,,4.13,4.13,,,3432672.5,,,not reported,398,5026568860,12629570,20260909
341170,"Future Medicine Co., Ltd.",퓨쳐메디신,KONEX,연구개발업,2025,4,3,1,0.25,5.32,4.83,6.8,,56548333.33,19837000,,fewer than 5 of one sex,496,5224469680,10533205,20260909
033030,"GEOMC CO., LTD.",지오엠씨,,전자부품·컴퓨터·통신장비,2025,3,2,1,0.333,5.2,5.67,4.25,,53700000,66287680,,fewer than 5 of one sex,,,,
111820,"G.U.ON Co., Ltd.",지유온,,정보서비스업,2025,3,3,,,,,,,70000000,,,not reported,,,,
140910,A SELF-ADMINISTERED REAL ESTATE INVESTMENT TRUST INC.,에이자기관리부동산투자회사,,부동산업,2025,3,2,1,0.333,8,8,,,50552000,33898000,,fewer than 5 of one sex,,,,
457630,Daishin Balance No.16 Special Purpose Acquisition Company,대신밸런스제16호기업인수목적,,금융·보험 관련 서비스,2025,3,1,2,0.667,2.92,2.92,,,,,,not reported,,,,
023460,"CNH C0., LTD.",씨앤에이치,,금융업,2025,3,,3,1,19,,19,,0,56000000,,headcount not reported,,,,
043590,"WELKEEPS HITECH CO.,LTD",웰킵스하이텍,KOSDAQ,전자부품·컴퓨터·통신장비,2025,3,2,1,0.333,4.67,6.5,1,,68206000,72000000,,fewer than 5 of one sex,1462,19836973022,13568381,20260909
900100,PHIONX,파이온엑스,KOSDAQ,자동차 판매,2025,3,3,,,7,7,,,96000000,,,not reported,2040,10763142000,5276050,20260909
266470,BioInfra Life Science Inc.,바이오인프라생명과학,KONEX,연구개발업,2025,3,2,1,0.333,1.39,1.42,1.33,,105000000,41000000,,fewer than 5 of one sex,109,3037396071,27866019,20260909
025340,"Green Technology Investment Co.,Ltd.",그린기술투자,,금융업,2025,2,2,,,10,10,,,40000000,,,not reported,,,,
039670,"The Sports Seoul Co., Ltd.",스포츠서울,,출판업,2025,2,1,1,0.5,14.75,4.5,25,,62046000,56763000,,fewer than 5 of one sex,,,,
007540,SEMPIO COMPANY,샘표,KOSPI,금융업,2025,2,1,1,0.5,17.2,13.4,21,,,,,not reported,42850,123228030000,2875800,20260909
465320,Kyobo 15 Special Purpose Acquisition Company,교보15호스팩,KOSDAQ,금융·보험 관련 서비스,2025,2,2,,,2.42,2.42,,,,,,not reported,2135,8134350000,3810000,20260909
482520,Kyobo 16 Special Purpose Acquisition Company,교보16호스팩,KOSDAQ,금융·보험 관련 서비스,2025,2,2,,,1.58,1.58,,,,,,not reported,2060,12566000000,6100000,20260909
489210,Kyobo 17 Special Purpose Acquisition Company,교보17호스팩,KOSDAQ,금융·보험 관련 서비스,2025,2,2,,,1.42,1.42,,,,,,not reported,2045,10593100000,5180000,20260909
477340,HMCIB No.7 Special Purpose Acquisition Company,에이치엠씨제7호스팩,KOSDAQ,금융·보험 관련 서비스,2025,2,2,,,2.5,2.5,,,,,,not reported,2065,15508150000,7510000,20260909
090740,Y&NEXT Inc.,와이앤넥스트,,전자부품·컴퓨터·통신장비,2025,2,2,,,4,4,,,60000000,,,not reported,,,,
462020,HMCIB No.6 Special Purpose Acquisition Company Corp.,에이치엠씨아이비제6호기업인수목적,,금융·보험 관련 서비스,2025,2,2,,,2.5,2.5,,,,,,not reported,,,,
0041B0,Kyobo 18 Special Purpose Acquisition Company,교보18호스팩,KOSDAQ,,2025,2,2,,,0.75,0.75,,,,,,not reported,2005,10105200000,5040000,20260909
0098T0,Kyobo 19 Special Purpose Acquisition Company,교보19호스팩,KOSDAQ,,2025,2,2,,,0.42,0.42,,,,,,not reported,1990,10746000000,5400000,20260909
002670,MijuSteelMfg,미주제강,,1차 금속,2025,2,2,,,1,1,,,33000000,,,not reported,,,,
456490,Kyobo 14 Special Purpose Acquisition Company,교보14호기업인수목적,,금융·보험 관련 서비스,2025,2,2,,,2.83,2.83,,,,,,not reported,,,,
0132G0,Kyobo 20 Special Purpose Acquisition Company,교보20호스팩,KOSDAQ,,2025,2,2,,,0.17,0.17,,,,,,not reported,1992,11892240000,5970000,20260909
026220,"STC LIFE Co.,Ltd.",에스티씨라이프,,소매업,2025,2,1,1,0.5,12,19,5,,39000000,40008000,,fewer than 5 of one sex,,,,
001590,"ILHWA WOOL TEXTILE IND CO.,LTD",일화모직공업,,섬유제품 제조,2025,1,1,,,1,1,,,65000000,,,not reported,,,,
054340,PEOPLE & TELECOMMUNICATION INC.,피앤텔,,전자부품·컴퓨터·통신장비,2025,1,1,,,6,6,,,43000000,,,not reported,,,,
058480,"HAE WON STEELTECH.CO.,LTD",해원에스티,,1차 금속,2025,1,1,,,11.8,11.8,,,66760000,,,not reported,,,,
038160,"PAXNet, Inc.",팍스넷,,정보서비스업,2025,1,0,1,1,4,,4,,,301000000,,not reported,,,,
472230,SK Securities No.11 Special Purpose Acquisition Company,SK증권제11호스팩,KOSDAQ,금융·보험 관련 서비스,2025,1,1,,,1.42,1.42,,,,,,not reported,2100,8725500000,4155000,20260909
469900,Hana 31 Special Purpose Acquisition Company,하나31호스팩,KOSDAQ,금융·보험 관련 서비스,2025,1,,1,1,2,,2,,,,,not reported,2095,11742475000,5605000,20260909
469480,IBKS No.24 Special Purpose Acquisition Company,IBKS제24호스팩,KOSDAQ,금융·보험 관련 서비스,2025,1,,1,1,2.25,,2.25,,,,,not reported,2130,9009900000,4230000,20260909
475250,Hana 33 Special Purpose Acquisition Company,하나33호스팩,KOSDAQ,금융·보험 관련 서비스,2025,1,1,,,1.83,1.83,,,,,,not reported,2085,7714500000,3700000,20260909
487830,Shinhan 15th Special Purpose Acquisition Company,신한제15호스팩,KOSDAQ,금융·보험 관련 서비스,2025,1,1,,,,,,,,,,not reported,2045,8895750000,4350000,20260909
484130,Hana Thirty-four Special Purpose Acquisition Company,하나34호스팩,KOSDAQ,금융·보험 관련 서비스,2025,1,1,,,1.58,1.58,,,,,,not reported,2035,9198200000,4520000,20260909
475240,Hana 32 Special Purpose Acquistion Company,하나32호스팩,KOSDAQ,금융·보험 관련 서비스,2025,1,1,,,2,2,,,,,,not reported,2095,6704000000,3200000,20260909
473950,SK Securities No.13 Special Purpose Acquisition Company,SK증권제13호스팩,KOSDAQ,금융·보험 관련 서비스,2025,1,1,,,1.58,1.58,,,,,,not reported,2050,9061000000,4420000,20260909
482690,Daishin Balance No.19 Special Purpose Acquisition Company,대신밸런스제19호스팩,KOSDAQ,금융·보험 관련 서비스,2025,1,,1,1,1.67,,1.67,,,,,not reported,2090,11735350000,5615000,20260909
498390,Hanwha Plus No 5 Special Purpose Acquisition Company,한화플러스제5호스팩,KOSDAQ,금융·보험 관련 서비스,2025,1,1,,,3,3,,,,,,not reported,2035,10093600000,4960000,20260909
473000,SK Securities No.12 Special Purpose Acquisition Company,SK증권제12호스팩,KOSDAQ,금융·보험 관련 서비스,2025,1,1,,,1.67,1.67,,,,,,not reported,2075,6868250000,3310000,20260909
474930,Shinhan 13th Special Purpose Acquisition Company,신한제13호스팩,KOSDAQ,금융·보험 관련 서비스,2025,1,1,,,2.17,2.17,,,0,,,not reported,2105,7620100000,3620000,20260909
474660,Shinhan 12th Special Purpose Acquisition Company,신한제12호스팩,KOSDAQ,금융·보험 관련 서비스,2025,1,,1,1,1.75,,1.75,,,,,not reported,2090,11536800000,5520000,20260909
0068Y0,BNK 3 SPECIAL PURPOSE ACQUISITION COMPANY,비엔케이제3호스팩,KOSDAQ,,2025,1,1,,,0.67,0.67,,,,,,not reported,1976,8516560000,4310000,20260909
479880,"Korea No.15 Special Purpose Acquisition Co., Ltd.",한국제15호스팩,KOSDAQ,금융·보험 관련 서비스,2025,1,1,,,1,1,,,,,,not reported,2070,14220900000,6870000,20260909
455910,SK Securities No.9 Special Purpose Acquisition Company,에스케이증권제9호기업인수목적,,금융·보험 관련 서비스,2025,1,1,,,1.83,1.83,,,,,,not reported,,,,
466690,Kiwoom Hero No.1 Special Purpose Acquisition Company,키움히어로제1호스팩,KOSDAQ,금융·보험 관련 서비스,2025,1,1,,,2.42,2.42,,,,,,not reported,2005,10215475000,5095000,20260909
450050,HI Special Purpose Acquisition Company Ⅷ,하이제8호기업인수목적,,금융·보험 관련 서비스,2025,1,,1,1,,,,,,,,not reported,,,,
008800,HAENGNAM INC.,행남사,,식료품 제조,2025,1,1,,,6.1,6.1,,,65808000,,,not reported,,,,
452980,Shinhan 11th Special Purpose Acquisition Company,신한제11호기업인수목적,,금융·보험 관련 서비스,2025,1,1,,,2,2,,,,,,not reported,,,,
496070,Shinhan 16th Special Purpose Acquisition Company,신한제16호스팩,KOSDAQ,금융·보험 관련 서비스,2025,1,1,,,1,1,,,,,,not reported,1998,11228760000,5620000,20260909
455310,Hanwha Plus No 4 Special Purpose Acquisition Company,한화플러스제4호기업인수목적,,금융·보험 관련 서비스,2025,1,1,,,3,3,,,,,,not reported,,,,
457940,SK Securities No.10 Special Purpose Acquisition Company,에스케이증권제10호기업인수목적,,금융·보험 관련 서비스,2025,1,1,,,2.5,2.5,,,,,,not reported,,,,
458610,"Korea No.12 Special Purpose Acquisition Co., LTD.",한국제12호기업인수목적,,금융·보험 관련 서비스,2025,1,1,,,1,1,,,,,,not reported,,,,
0041L0,Hana 35 Special Purpose Acquisition Company,하나35호스팩,KOSDAQ,,2025,1,1,,,0.75,0.75,,,,,,not reported,1994,12023820000,6030000,20260909
487360,Shinhan 14th Special Purpose Acquisition Company,신한제14호스팩,KOSDAQ,금융·보험 관련 서비스,2025,1,1,,,1.5,1.5,,,,,,not reported,2030,11449200000,5640000,20260909
0099X0,IBKS No.25 Special Purpose Acquisition Company,IBKS제25호스팩,KOSDAQ,,2025,1,1,,,0.67,0.67,,,0,0,,headcount not reported,2180,13036400000,5980000,20260909
464440,"Korea No.13 Special Purpose Acquisition Co., LTD.",한국제13호기업인수목적,,금융·보험 관련 서비스,2025,1,,1,1,2.42,,2.42,,,,,not reported,,,,
0101C0,Hana Thirty-six Special Purpose Acquisition Company,하나36호스팩,KOSDAQ,,2025,1,1,,,0.42,0.42,,,,,,not reported,1976,15294240000,7740000,20260909
469880,Hana 30 Special Purpose Acquisition Company,하나30호기업인수목적,,금융·보험 관련 서비스,2025,1,1,,,0.83,0.83,,,,,,not reported,,,,
471050,Daishin Balance No.17 Special Purpose Acquisition Company,대신밸런스제17호기업인수목적,,금융·보험 관련 서비스,2025,1,1,,,2.17,2.17,,,,,,not reported,,,,
467930,IBKS No.23 Special Purpose Acquisition Company,아이비케이에스제23호기업인수목적,,금융·보험 관련 서비스,2025,1,1,,,2,2,,,0,0,,headcount not reported,,,,
334890,"IGIS Value Plus REIT Co., Ltd.",이지스밸류플러스리츠,KOSPI,부동산업,2025,,,,,,,,,,,,not reported,3605,250362502215,69448683,20260909
052190,"SEYOUNG D&C Co., Ltd.",세영디앤씨,,창작·예술·여가,2025,,,,,,,,,,,,not reported,,,,
348950,JR GLOBAL REIT,제이알글로벌리츠,KOSPI,부동산업,2025,,,,,,,,,,,,not reported,1182,233298432000,197376000,20260909
357250,"Miraeasset Maps REIT 1 Co., Ltd.",미래에셋맵스리츠,KOSPI,부동산업,2025,,,,,,,,,,,,not reported,1891,47265743555,24995105,20260909
417310,KORAMCO THE ONE REIT,코람코더원리츠,KOSPI,부동산업,2025,,,,,,,,,,,,not reported,2365,95546000000,40400000,20260909
395400,"SK REIT Co., Ltd.",SK리츠,KOSPI,부동산업,2025,,,,,,,,,,,,not reported,5230,1574322152600,301017620,20260909
365550,"ESR Kendall Square REIT Co., Ltd.",ESR켄달스퀘어리츠,KOSPI,부동산업,2025,,,,,,,,,,,,not reported,3145,773949905000,246089000,20260909
900270,HENG SHENG HOLDING GROUP COMPANY LIMITED,헝셩그룹,KOSDAQ,금융업,2025,,,,,,,,,,,,not reported,2895,31012073760,10712288,20260909
065620,JENAX Inc.,제낙스,,1차 금속,2025,,0,0,,0,0,0,,24000000,30000000,,fewer than 5 of one sex,,,,
396690,"Mirae Asset Global REIT Co., Ltd.",미래에셋글로벌리츠,KOSPI,부동산업,2025,,,,,,,,,,,,not reported,1440,57032553600,39605940,20260909
036840,"Hucord Co., Ltd.",휴코드홀딩스,,연구개발업,2025,,,,,,,,,,,,not reported,,,,
330590,"LOTTE REIT Co., Ltd.",롯데리츠,KOSPI,부동산업,2025,,,,,,,,,,,,not reported,3890,1124088958760,288968884,20260909
468760,EUGENE SPECIAL PURPOSE ACQUISITION 10 COMPANY,유진스팩10호,KOSDAQ,금융·보험 관련 서비스,2025,,,,,,,,,,,,not reported,2080,8819200000,4240000,20260909
377190,"D&D Platform REIT Co., Ltd.",디앤디플랫폼리츠,KOSPI,부동산업,2025,,,,,,,,,,,,not reported,2195,194038000000,88400000,20260909
478390,KB No.29 Special Purpose Acquisition Company,KB제29호스팩,KOSDAQ,금융·보험 관련 서비스,2025,,,,,,,,,,,,not reported,2070,12875400000,6220000,20260909
357430,"MASTERN PREMIER REIT 1 Co., Ltd.",마스턴프리미어리츠,KOSPI,부동산업,2025,,,,,,,,,,,,not reported,984,30017222088,30505307,20260909
478110,Ebest Special Purpose Acquisition No6 Company,이베스트스팩6호,KOSDAQ,금융·보험 관련 서비스,2025,,,,,,,,,,,,not reported,2055,10316100000,5020000,20260909
293940,"Shinhan Alpha REIT Co,. Ltd.",신한알파리츠,KOSPI,부동산업,2025,,,,,,,,,,,,not reported,5350,647029658050,120940123,20260909
473050,Yuanta 15 SPECIAL PURPOSE ACQUISITION COMPANY,유안타제15호스팩,KOSDAQ,금융·보험 관련 서비스,2025,,,,,,,,,,,,not reported,2100,14721000000,7010000,20260909
477380,Mirae Asset Vision Special Purpose Acquisition 4 Company,미래에셋비전스팩4호,KOSDAQ,금융·보험 관련 서비스,2025,,,,,,,,,,,,not reported,2075,16807500000,8100000,20260909
477760,"DB Finance No.12 Special Purpose Acquisition Co., Ltd.",디비금융스팩12호,KOSDAQ,금융업,2025,,,,,,,,,,,,not reported,2080,12147200000,5840000,20260909
492220,KB No.31 Special Purpose Acquisition Company,KB제31호스팩,KOSDAQ,금융·보험 관련 서비스,2025,,,,,,,,,,,,not reported,2035,12637350000,6210000,20260909
489730,"DB Finance No.13 Special Purpose Acquisition Co., Ltd.",디비금융제13호스팩,KOSDAQ,금융업,2025,,,,,,,,,,,,not reported,2035,12885620000,6332000,20260909
474490,Yuanta 16 SPECIAL PURPOSE ACQUISITION COMPANY,유안타제16호스팩,KOSDAQ,금융·보험 관련 서비스,2025,,,,,,,,,,,,not reported,2080,11460800000,5510000,20260909
487720,Kiwoom No.10 Special Purpose Acquisition Company,키움제10호스팩,KOSDAQ,금융·보험 관련 서비스,2025,,,,,,,,,,,,not reported,2040,8629200000,4230000,20260909
477470,Mirae Asset Vision Special Purpose Acquisition 5 Company,미래에셋비전스팩5호,KOSDAQ,금융·보험 관련 서비스,2025,,,,,,,,,,,,not reported,2085,11425800000,5480000,20260909
481890,NH SPECIAL PURPOSE ACQUISITION 31 COMPANY,엔에이치스팩31호,KOSDAQ,금융·보험 관련 서비스,2025,,,,,,,,,,,,not reported,2070,13134150000,6345000,20260909
489480,Kiwoom No.11 Special Purpose Acquisition Company,키움제11호스팩,KOSDAQ,금융·보험 관련 서비스,2025,,,,,,,,,,,,not reported,2215,14619000000,6600000,20260909
493790,Yuanta 17 SPECIAL PURPOSE ACQUISITION COMPANY,유안타제17호스팩,KOSDAQ,금융·보험 관련 서비스,2025,,,,,,,,,,,,not reported,2025,10752750000,5310000,20260909
448730,"SamsungFN REIT Co., Ltd.",삼성FN리츠,KOSPI,부동산업,2025,,,,,,,,,,,,not reported,5220,475281000000,91050000,20260909
488060,EUGENE SPECIAL PURPOSE ACQUISITION 11 COMPANY,유진스팩11호,KOSDAQ,금융·보험 관련 서비스,2025,,,,,,,,,,,,not reported,2035,9605200000,4720000,20260909
472220,Shinyoung HappyTomorrow No.10 Special Purpose Acquisition Company,신영스팩10호,KOSDAQ,금융·보험 관련 서비스,2025,,,,,,,,,,,,not reported,2105,9872450000,4690000,20260909
478440,Mirae Asset Vision Special Purpose Acquisition 6 Company,미래에셋비전스팩6호,KOSDAQ,금융·보험 관련 서비스,2025,,,,,,,,,,,,not reported,2080,14414400000,6930000,20260909
481850,"Shinhan Global Active REIT Co., Ltd.",신한글로벌액티브리츠,KOSPI,금융업,2025,,,,,,,,,,,,not reported,985,42825499040,43477664,20260909
482680,Mirae Asset Vision Special Purpose Acquisition 7 Company,미래에셋비전스팩7호,KOSDAQ,금융·보험 관련 서비스,2025,,,,,,,,,,,,not reported,2055,16881825000,8215000,20260909
486630,KB No.30 Special Purpose Acquisition Company,KB제30호스팩,KOSDAQ,금융·보험 관련 서비스,2025,,,,,,,,,,,,not reported,2055,10912050000,5310000,20260909
404990,"Shinhan Seobu T&D REIT Co., Ltd.",신한서부티엔디리츠,KOSPI,부동산업,2025,,,,,,,,,,,,not reported,3800,234185868000,61627860,20260909
033550,"ELEDEX HOLDINGS CO.,LTD",일레덱스홀딩스,,도매·상품중개,2025,,,,,,,,,,,,not reported,,,,
451700,NH SPECIAL PURPOSE ACQUISITION 29 COMPANY,엔에이치기업인수목적29호,,금융·보험 관련 서비스,2025,,,,,,,,,,,,not reported,,,,
0115H0,SAMSUNG SPECIAL PURPOSE ACQUISITION 13 COMPANY,삼성스팩13호,KOSDAQ,,2025,,,,,,,,,,,,not reported,1994,14655900000,7350000,20260909
455250,KB No.25 Special Purpose Acquisition Company,케이비제25호기업인수목적,,금융·보험 관련 서비스,2025,,,,,,,,,,,,not reported,,,,
0096B0,SAMSUNG SPECIAL PURPOSE ACQUISITION 12 COMPANY,삼성스팩12호,KOSDAQ,,2025,,,,,,,,,,,,not reported,1984,13054720000,6580000,20260909
0030R0,"Daishin Value REIT Co., Ltd.",대신밸류리츠,KOSPI,,2025,,,,,,,,,,,,not reported,3900,233142000000,59780000,20260909
464680,KB No.27 Special Purpose Acquisition Company,케이비제27호기업인수목적,,금융·보험 관련 서비스,2025,,,,,,,,,,,,not reported,,,,
400760,"NH All-One REIT Co., Ltd.",NH올원리츠,KOSPI,부동산업,2025,,,,,,,,,,,,not reported,2815,154625909125,54929275,20260909
357120,"KORAMCO LIFE INFRA REIT CO.,LTD",코람코라이프인프라리츠,KOSPI,부동산업,2025,,,,,,,,,,,,not reported,4105,399561628170,97335354,20260909
466910,NH SPECIAL PURPOSE ACQUISITION 30 COMPANY,엔에이치기업인수목적30호,,금융·보험 관련 서비스,2025,,,,,,,,,,,,not reported,,,,
088260,E KOCREF CR-REIT,이리츠코크렙,KOSPI,부동산업,2025,,,,,,,,,,,,not reported,3185,201742964150,63341590,20260909
0037T0,KB No.32 Special Purpose Acquisition Company,KB제32호스팩,KOSDAQ,,2025,,,,,,,,,,,,not reported,1989,12590370000,6330000,20260909
065310,"De Stellar Co.,LTD",더스텔라,,가죽·신발 제조,2025,,,,,,,,,,,,not reported,,,,
432320,"KB STAR REIT Co., Ltd.",KB스타리츠,KOSPI,부동산업,2025,,,,,,,,,,,,not reported,1569,236549163165,150764285,20260909
450940,"Yuanta 14 SPECIAL PURPOSE ACQUISITION COMPANY Co., Ltd.",유안타제14호기업인수목적,,금융·보험 관련 서비스,2025,,,,,,,,,,,,not reported,,,,
350520,"IGIS RESIDENCE REIT Co., Ltd.",이지스레지던스리츠,KOSPI,부동산업,2025,,,,,,,,,,,,not reported,3330,122764452660,36866202,20260909
068060,Kyung Chang Wiper Corporation,케이씨더블류,,부동산업,2025,,,,,,,,,,,,not reported,,,,
0097F0,Mirae Asset Vision Special Purpose Acquisition 10 Company,미래에셋비전스팩10호,KOSDAQ,,2025,,,,,,,,,,,,not reported,1979,12863500000,6500000,20260909
0054V0,NH SPECIAL PURPOSE ACQUISITION 32 COMPANY,엔에이치스팩32호,KOSDAQ,,2025,,,,,,,,,,,,not reported,2010,12495165000,6216500,20260909
214870,"HanulBnC CO.,LTD",한울비앤씨,,도매·상품중개,2025,,,,,,,,,,,,not reported,,,,
0093G0,Mirae Asset Vision Special Purpose Acquisition 8 Company,미래에셋비전스팩8호,KOSDAQ,,2025,,,,,,,,,,,,not reported,1985,12704000000,6400000,20260909
0096D0,Mirae Asset Vision Special Purpose Acquisition 9 Company,미래에셋비전스팩9호,KOSDAQ,,2025,,,,,,,,,,,,not reported,1976,10868000000,5500000,20260909
444920,Yuanta 11 SPECIAL PURPOSE ACQUISITION COMPANY,유안타제11호기업인수목적,,금융·보험 관련 서비스,2025,,,,,,,,,,,,not reported,,,,
446150,Yuanta 12 SPECIAL PURPOSE ACQUISITION COMPANY,유안타제12호기업인수목적,,금융·보험 관련 서비스,2025,,,,,,,,,,,,not reported,,,,
0088D0,Meritz No.1 Special Purpose Acquisition Company,메리츠제1호스팩,KOSDAQ,,2025,,,,,,,,,,,,not reported,2080,12053600000,5795000,20260909
338100,"NH Prime REIT Co., Ltd.",NH프라임리츠,KOSPI,부동산업,2025,,,,,,,,,,,,not reported,3810,71094600000,18660000,20260909
0004Y0,"DB Finance No.14 Special Purpose Acquisition Co., Ltd.",디비금융제14호스팩,KOSDAQ,,2025,,,,,,,,,,,,not reported,1995,10603425000,5315000,20260909
0041J0,LS Special Purpose Acquisition No1 Company,엘에스스팩1호,KOSDAQ,,2025,,,,,,,,,,,,not reported,1993,8191230000,4110000,20260909
0044K0,SAMSUNG SPECIAL PURPOSE ACQUISITION 10 COMPANY,삼성스팩10호,KOSDAQ,,2025,,,,,,,,,,,,not reported,1989,14957280000,7520000,20260909
452670,Sangsangin No.4 Special Purpose Acquisition Company,상상인제4호기업인수목적,,금융·보험 관련 서비스,2025,,,,,,,,,,,,not reported,,,,
0091W0,Shinyoung HappyTomorrow No.11 Special Purpose Acquisition,신영스팩11호,KOSDAQ,,2025,,,,,,,,,,,,not reported,2025,12287700000,6068000,20260909
0071M0,SAMSUNG SPECIAL PURPOSE ACQUISITION 11 COMPANY,삼성스팩11호,KOSDAQ,,2025,,,,,,,,,,,,not reported,1980,11404800000,5760000,20260909
0099W0,Mirae Asset Vision Special Purpose Acquisition 11 Company,미래에셋비전스팩11호,KOSDAQ,,2025,,,,,,,,,,,,not reported,1974,13818000000,7000000,20260909
0105P0,EUGENE SPECIAL PURPOSE ACQUISITION 12 COMPANY,유진스팩12호,KOSDAQ,,2025,,,,,,,,,,,,not reported,1982,11218120000,5660000,20260909
0072Z0,KB No.33 Special Purpose Acquisition Company,KB제33호스팩,KOSDAQ,,2025,,,,,,,,,,,,not reported,1971,15541335000,7885000,20260909
451800,"Hanwha REIT Co., Ltd.",한화리츠,KOSPI,부동산업,2025,,,,,,,,,,,,not reported,5300,951880000000,179600000,20260909