ticker,company_name_en,name_english,name_arabic,title,category,rank_order
2POINTZERO,Two Point Zero Group PJSC,H.H. Sheikh Zayed Bin Hamadan Bin Zayed Bin Sultan Al Nahyan,سمو الشيخ زايد بن حمدان بن زايد بن سلطان آل نهيان,Chairman,Board,1
2POINTZERO,Two Point Zero Group PJSC,H.E. Mariam Mohammed Saeed Hareb Almheiri,مريم محمد سعيد حارب المهيرى,Vice Chairman,Board,2
2POINTZERO,Two Point Zero Group PJSC,Samia Toufic Bouazza,ساميه توفيق بوعزه,CE/ CEO,Management,5
2POINTZERO,Two Point Zero Group PJSC,H.E. Mariam Mohammed Saeed Hareb Almheiri,مريم محمد سعيد حارب المهيرى,Managing Director,Board,7
2POINTZERO,Two Point Zero Group PJSC,Naveed Khan Muhammed Ashraf,نويد خان محمد أشرف,Top Management,Management,10
2POINTZERO,Two Point Zero Group PJSC,Mr. Richard Matthew Gerson,السيد/ ريشارد ماثيو جيرسون,Board Member,Board,11
2POINTZERO,Two Point Zero Group PJSC,Mr. Syed Basar Shueb Syed Shueb,السيد/ سيد بصر شعيب سيد شعيب,Board Member,Board,11
2POINTZERO,Two Point Zero Group PJSC,Ms. Samia Toufic Bouazza,السيدة/ سامية توفيق بوعزة,Board Member,Board,11
2POINTZERO,Two Point Zero Group PJSC,Dr. Mohamed Somar Nassouh Ajalyaqin,الدكتور/ محمد سومر نصوح أجليقين,Board Member,Board,11
2POINTZERO,Two Point Zero Group PJSC,Ms. Sofia Abdellatif Lasky,الآنسة/ صوفيه عبداللطيف العسكي,Board Member,Board,11
2POINTZERO,Two Point Zero Group PJSC,H.E. Maryam Eid Khamis Almheiri,معالي/ مريم عيد خميس المهيري,Board Member,Board,11
2POINTZERO,Two Point Zero Group PJSC,H.E. Mohamed Hassan Mohamed Hassan Alsuwaidi,معالي/ محمد حسن محمد حسن السويدي,Board Member,Board,11
2POINTZERO,Two Point Zero Group PJSC,Ruchi Sharma Ved prakash,روشى شارما فيد براكاش,Board Secretary,Unclassified,12
2POINTZERO,Two Point Zero Group PJSC,TBIYTC HOLDING LTD,تي بي اي وي تي سي هولدينج ليمتد,Company,Unclassified,18
2POINTZERO,Two Point Zero Group PJSC,BONFOI INVESTMENT RSC LTD,بونفوي انفيستمنت ريستركتد ليمتد,Company,Unclassified,18
2POINTZERO,Two Point Zero Group PJSC,ARZEN INVESTMENT HOLDING LTD,أرزن انفستمنت هولدينج ليمتد,Company,Unclassified,18
2POINTZERO,Two Point Zero Group PJSC,HESTIA INVESTMENT HOLDINGS LTD,هيستيا إنفيستمنت هولدنجز ال تي دي,Company,Unclassified,18
2POINTZERO,Two Point Zero Group PJSC,CONNAISSANCE INVESTMENT RSC LTD,شركة كوننيسانس للاستثمار RSC المحدودة,Company,Unclassified,18
2POINTZERO,Two Point Zero Group PJSC,WEST INVESTMENTS SPV RSC LTD,شركة ويست للاستثمارات ذات الغرض الخاص المحدودة,Company,Unclassified,18
2POINTZERO,Two Point Zero Group PJSC,LION HEART INVESTMENT SPV RSC LTD,ليون هارت انفيستمنت اس بي في ريستركتد ليمتد,Company,Unclassified,18
2POINTZERO,Two Point Zero Group PJSC,Sweta Madhavan Rajagopalan,سويتا مادهافان راجاجوبالان,Others,Unclassified,19
2POINTZERO,Two Point Zero Group PJSC,Venkata Purushotham Janaswamy,فنكاتا بروشتام جاناشوامي,Others,Unclassified,19
2POINTZERO,Two Point Zero Group PJSC,Jairajesh Nadar Nadar,جيراجيش نادار نادار,Others,Unclassified,19
2POINTZERO,Two Point Zero Group PJSC,Kapil Bhatnagar Bhatnagar    , كابيل بهاتناجار بهاتناجار,Others,Unclassified,19
2POINTZERO,Two Point Zero Group PJSC,Venkatachalam Krishnan,فنكاتاشالام كريشنان,Others,Unclassified,19
2POINTZERO,Two Point Zero Group PJSC,Nimish Goel Goel, نيمش جول جول,Others,Unclassified,19
2POINTZERO,Two Point Zero Group PJSC,Yelena Ligay,يلينا لجاى,Others,Unclassified,19
2POINTZERO,Two Point Zero Group PJSC,Rogelio Jr Mallari Gomez,روجيليو جر ماللرى جوميز,Others,Unclassified,19
2POINTZERO,Two Point Zero Group PJSC,Pramika Satish,براميكا ساتيش,Others,Unclassified,19
2POINTZERO,Two Point Zero Group PJSC,Obada Mhd Walid Alkowatly,عباده محمد وليد القوتلى,Others,Unclassified,19
2POINTZERO,Two Point Zero Group PJSC,Faisal Javed Khan Javed Aslam Khan,فيصل جلويد خان جاويد اسلم خان,Others,Unclassified,19
2POINTZERO,Two Point Zero Group PJSC,Faeza Bibi Sohawon,فايزة بيبى سوهاون,Others,Unclassified,19
2POINTZERO,Two Point Zero Group PJSC,Mohamed Althaf Mohamed Mahibal,محمد الطاف محمد مهيبال,Others,Unclassified,19
2POINTZERO,Two Point Zero Group PJSC,Michail Katounas,ميخائيل كاتوناس,Others,Unclassified,19
2POINTZERO,Two Point Zero Group PJSC,YUNIOR FROMETA CARBONELL,ينيور فروميتا كاربونيل,Others,Unclassified,19
ABNIC,Al Buhaira National Insurance Company,Sheikh Faisal Bin Khalid Bin Sultan Alqassemi , الشيخ فيصل بن خالد بن سلطان القاسمي ,Chairman,Board,1
ABNIC,Al Buhaira National Insurance Company,Sheikh Abdulla Mohd Ali Al Thani,الشيخ عبدالله بن محمد علي آل ثاني,Vice Chairman,Board,2
ABNIC,Al Buhaira National Insurance Company,Issam Mohd Saleem Mehdawi,عصام محمد سليم مهداوي,General Manager,Management,8
ABNIC,Al Buhaira National Insurance Company,Salah Fouad Fares Daou,صلاح فؤاد فارس ضو,Top Management,Management,10
ABNIC,Al Buhaira National Insurance Company,SUKESH SAROJ KUMAR SEN,سوكيش ساروج كومار سين,Top Management,Management,10
ABNIC,Al Buhaira National Insurance Company,YOUSSEF ASSAAD,يوسف اسعد,Top Management,Management,10
ABNIC,Al Buhaira National Insurance Company,MAHMOUD HASAN MAHMOUD SHALAB,محمود حسن محمود شلعب,Top Management,Management,10
ABNIC,Al Buhaira National Insurance Company,KHALED MOHAMMAD ABDULRAHEEM AWWAD,خالد محمد عبدالرحيم عواد,Top Management,Management,10
ABNIC,Al Buhaira National Insurance Company,AYED F S SALEH,عائد فتحى سعيد صالح,Top Management,Management,10
ABNIC,Al Buhaira National Insurance Company,MONTASER QASIM M KHASSAWNEH,منتصر قاسم محمد خصاونه,Top Management,Management,10
ABNIC,Al Buhaira National Insurance Company,NABIL ZAKI SALAMAH ALSHANAWANI,نبيل زكى سلامه الشنوانى,Top Management,Management,10
ABNIC,Al Buhaira National Insurance Company,MOHD RADI MOHD MOHD,محمد راضى محمد محمد,Top Management,Management,10
ABNIC,Al Buhaira National Insurance Company,AHMED MOHAMED HELMY ALY HELMY,احمد محمد حلمى على حلمى,Top Management,Management,10
ABNIC,Al Buhaira National Insurance Company,Ms. NOURA MAHMOUD MOHAMED AL-ALI,الانسة نوره محمود محمد المحمود آل علي,Board Member,Board,11
ABNIC,Al Buhaira National Insurance Company,Mr. ABDULLA MOHAMED  SALIH AL ZAROONI,السيد عبدالله محمد صالح الزرعوني,Board Member,Board,11
ABNIC,Al Buhaira National Insurance Company,SHEIKH SAOUD NASSER RASHID ABDULAZIZ ALMOALLA,الشيخ سعود بن ناصر بن راشد بن عبدالعزيز المعلا,Board Member,Board,11
ABNIC,Al Buhaira National Insurance Company,SHEIKH AHMED ABDULLA BIN MOHAMMED ALI AL THANI,الشيخ احمد عبدالله محمد علي ال ثاني,Board Member,Board,11
ABNIC,Al Buhaira National Insurance Company,Mr.  Rashid Ali Rashid Deemas Alsuwaidi,السيد راشد علي راشد ديماس السويدي,Board Member,Board,11
ABNIC,Al Buhaira National Insurance Company,SHEIKH KHALED BIN ABDULLA SULTAN AL QASIMI,الشيخ خالد عبدالله سلطان القاسمي,Board Member,Board,11
ABNIC,Al Buhaira National Insurance Company,BASSAM I MOHAMMED ELAYYAN,بسام ابراهيم محمد عليان,Board Member,Board,11
ABNIC,Al Buhaira National Insurance Company,SHIRAZ HUSSAIN HUSSAIN PADANI,شيراز حسين حسين بدانى,Others,Unclassified,19
ABNIC,Al Buhaira National Insurance Company,AHMED GALAL MOHAMED EISSA ALY,احمد جلال محمد عيسى على,Others,Unclassified,19
ABNIC,Al Buhaira National Insurance Company,MOHAMAD AMIN EL JAZZAR,محمد امين اديب الجزار,Others,Unclassified,19
ADAVIATION,Abu Dhabi Aviation Co.,Mansour Mohamed AlMulla,منصور محمد الملا,Chairman,Board,1
ADAVIATION,Abu Dhabi Aviation Co.,Mahmood Alhay Hamad Khamis Alhameli,محمود الحاي حمد خميس الهاملي,CE/ CEO,Management,5
ADAVIATION,Abu Dhabi Aviation Co.,Mohannad Y .M. Abdelhadi,مهند يوسف محمد عبداالهادي,Top Management,Management,10
ADAVIATION,Abu Dhabi Aviation Co.,Ashraf Anis Ibrahim Fahmy,أشرف أنيس إبراهيم فهمي,Top Management,Management,10
ADAVIATION,Abu Dhabi Aviation Co.,Mohamed Saeed Salem Kaddas Alremeithi,محمد سعيد سالم كداس الرميثي,Top Management,Management,10
ADAVIATION,Abu Dhabi Aviation Co.,Mohamed Khalil Mohamed Sharif Foulathi Alkhoori, محمد خليل محمد شريف فولاذي الخوري,Board Member,Board,11
ADAVIATION,Abu Dhabi Aviation Co.,TANSEL KILICARSLAN,تانسيل كيليكارسلان,Board Member,Board,11
ADAVIATION,Abu Dhabi Aviation Co.,ROQUE MANUEL SOLABARRIETA CHELECH,روقو مانويل سولاباريتا تشيش,Board Member,Board,11
ADAVIATION,Abu Dhabi Aviation Co.,MOHAMMAD ADNAN ABDULRAHMAN ABDULLA SHARAFI,محمد عدنان عبدالرحمن عبدالله شرفى,Board Member,Board,11
ADAVIATION,Abu Dhabi Aviation Co.,JAWAD SHAFIQUE MUHAMMAD SHAFIQUE,جواد شفيق محمد شفيق,Board Member,Board,11
ADAVIATION,Abu Dhabi Aviation Co.,ISMAIL ALI MOHAMMAD SULAIMAN ABDULLA,اسماعيل على محمد سليمان عبدالله,Board Member,Board,11
ADAVIATION,Abu Dhabi Aviation Co.,EVGENY GLUSHKOV,ايفجنى جلوشكوف,Board Member,Board,11
ADAVIATION,Abu Dhabi Aviation Co.,BUTHAINA ABDULLA MOHAMED ALI ALMAZROUEI,بثينه عبدالله محمد على المزروعى,Board Member,Board,11
ADCB,Abu Dhabi Commercial Bank,H.E.Khaldoon Khalifa Alshaikhahmad Abdulaziz Almubarak,معالي خلدون خليفة الشيخ احمد عبد العزيز المبارك,Chairman,Board,1
ADCB,Abu Dhabi Commercial Bank,H.E. Hussain Jasim Naser Mohamed Alnowais,سعادة حسين جاسم ناصر محمد النويس,Vice Chairman,Board,2
ADCB,Abu Dhabi Commercial Bank,Ala'a Mohamed Atta Khalil Eraiqat,علاء محمد عطا خليل عريقات,CE/ CEO,Management,5
ADCB,Abu Dhabi Commercial Bank,Ludovic Nobili,لودوفيك نوبيلي,Top Management,Management,10
ADCB,Abu Dhabi Commercial Bank,Rasha Mortada,رشا طلال مرتضى,Top Management,Management,10
ADCB,Abu Dhabi Commercial Bank,Deepak Khullar,ديباك خولار,Top Management,Management,10
ADCB,Abu Dhabi Commercial Bank,Jane Elizabeth Livingston,جاني اليزابيث ليفينجستون,Top Management,Management,10
ADCB,Abu Dhabi Commercial Bank,Mohamed Naji Mohamed Ahmed Jayyash,محمد ناجي محمد أحمد جياش,Top Management,Management,10
ADCB,Abu Dhabi Commercial Bank,Deepak Ashok Rochlani,ديباك اشوك روشلانى,Top Management,Management,10
ADCB,Abu Dhabi Commercial Bank,Abdulaziz Almoosa,عبد العزيز احمد علي الموسي,Top Management,Management,10
ADCB,Abu Dhabi Commercial Bank,Abdirizak Ali Mohammed,عبدالرزاق علي محمد,Top Management,Management,10
ADCB,Abu Dhabi Commercial Bank,ROBBERT ALEXANDER MULLER,روبيرت الكسندر مولير,Top Management,Management,10
ADCB,Abu Dhabi Commercial Bank,Reem Albanna ,ريم سهيل عقيل محمد البنا,Top Management,Management,10
ADCB,Abu Dhabi Commercial Bank,Moizes Palma,معزس بالما دا سيلفا,Top Management,Management,10
ADCB,Abu Dhabi Commercial Bank,Aysha Ahmed Sultan Al Hallami ,عائشة أحمد سلطان الحلامي,Board Member,Board,11
ADCB,Abu Dhabi Commercial Bank,Khalid Abdalla Khalifa Deemas Alsuwaidi,خالد عبدالله خليفه ديماس السويدي,Board Member,Board,11
ADCB,Abu Dhabi Commercial Bank,Khaled Haji Abdulla Hussain AlKhoori,خالد حاجي عبدالله حسين الخوري,Board Member,Board,11
ADCB,Abu Dhabi Commercial Bank,Sheikh Zayed Bin Suroor Bin Mohammed Alnehyan,الشيخ زايد بن سرور بن محمد آل نهيان ,Board Member,Board,11
ADCB,Abu Dhabi Commercial Bank,Fatima Abdulla Rashid Abdulla Alnuaimi,فاطمة عبدالله راشد عبدالله النعيمى,Board Member,Board,11
ADCB,Abu Dhabi Commercial Bank,Sheikh Sultan Suroor Sultan Al Dhaheri,الشيخ سلطان سرور سلطان الظاهرى,Board Member,Board,11
ADCB,Abu Dhabi Commercial Bank,Carlos Antoine Obeid,كارلوس انطوان عبيد,Board Member,Board,11
ADCB,Abu Dhabi Commercial Bank,Saeed Mohamed Hamad Fares AlMazrouei,سعيد محمد حمد فارس المزروعي,Board Member,Board,11
ADCB,Abu Dhabi Commercial Bank,H.E. Dr. Ahmed Mubarak Ali Rashed Almazrouei,معالي د. احمد مبارك علي راشد المزروعي,Board Member,Board,11
ADCB,Abu Dhabi Commercial Bank,Bashar Khairy,بشار حامد إبراهيم الخيرى,Board Secretary,Unclassified,12
ADCB,Abu Dhabi Commercial Bank,VIJAY SAI PRASAD KASTURY,فيجاى ساى براساد كستورى,Others,Unclassified,19
ADCB,Abu Dhabi Commercial Bank,Abdulla Al Shamsi,عبدالله عبد العزيز ناصر رحمه الشامسي,Others,Unclassified,19
ADCB,Abu Dhabi Commercial Bank,Dheeraj Makhija,دهيراج كومار,Others,Unclassified,19
ADCB,Abu Dhabi Commercial Bank,Balagopal Rajendra Varma,بالاجوبال راجيندرا فارما,Others,Unclassified,19
ADCB,Abu Dhabi Commercial Bank,Emma Jane Primarolo,ايما جاني بريمارولو,Others,Unclassified,19
ADCB,Abu Dhabi Commercial Bank,Monica Malik ,مونيكا مالك,Others,Unclassified,19
ADCB,Abu Dhabi Commercial Bank,Daniel Klotz ,دانيل كلوتز,Others,Unclassified,19
ADCB,Abu Dhabi Commercial Bank,Udit Dewan,اوديت ديوان,Others,Unclassified,19
ADCB,Abu Dhabi Commercial Bank,Suneil Seshan,سونيل سيشان سوباهاش سيشان,Others,Unclassified,19
ADCB,Abu Dhabi Commercial Bank,SRINIVASAN KRISHNAMURTHY,سرينيفاسان كريشنامورتى,Others,Unclassified,19
ADCB,Abu Dhabi Commercial Bank,Shazia Nadeem Merchant,شازيه نديم ميرشانت,Others,Unclassified,19
ADCB,Abu Dhabi Commercial Bank,Sandeep Dahiya ,سانديب داهيا راج سينج داهيا,Others,Unclassified,19
ADCB,Abu Dhabi Commercial Bank,SAMI RIAD TABBARAH,سامى رياض طباره,Others,Unclassified,19
ADCB,Abu Dhabi Commercial Bank,Poonkodi Vasanthan,بونكودي فاسنتان,Others,Unclassified,19
ADCB,Abu Dhabi Commercial Bank,TUDOR PAUL DIACONU,تودور باول دياكونو,Others,Unclassified,19
ADCB,Abu Dhabi Commercial Bank,Olla Asri Dinamika,أولا اسري ديناميكا,Others,Unclassified,19
ADCB,Abu Dhabi Commercial Bank,Ahmad Maher Mahmoud Alhakim, أحمد ماهر محمود الحكيم,Others,Unclassified,19
ADCB,Abu Dhabi Commercial Bank,Nada Shadid,ندي محمد إسماعيل إبراهيم شديد,Others,Unclassified,19
ADCB,Abu Dhabi Commercial Bank,Nabil F. Juma ,نبيل فريد عبدالله جمعه,Others,Unclassified,19
ADCB,Abu Dhabi Commercial Bank,Muhammad Hamza,محمد حمزة محمد عصمت باتل,Others,Unclassified,19
ADCB,Abu Dhabi Commercial Bank,Mohamed Obadah,محمد عباده محمد فيصل راغب عدي,Others,Unclassified,19
ADCB,Abu Dhabi Commercial Bank,Mayur Bhatia,مايور ماهيش بهاتيا,Others,Unclassified,19
ADCB,Abu Dhabi Commercial Bank,Levente Sidlovits,ليفينتي سيدلوفيتيس,Others,Unclassified,19
ADCB,Abu Dhabi Commercial Bank,kangaparambil raman,كانجابار امبيل راملن,Others,Unclassified,19
ADCB,Abu Dhabi Commercial Bank,Hela Dahen,هاله دهان,Others,Unclassified,19
ADCB,Abu Dhabi Commercial Bank,Hassan Al Khalsan ,حسن جواد رضوان إبراهيم الخلصان,Others,Unclassified,19
ADCB,Abu Dhabi Commercial Bank,Harsh Vardhan ,هارش فاردهان,Others,Unclassified,19
ADCB,Abu Dhabi Commercial Bank,Nayef Alothali,نايف صالح جعبل محمد العوذلي,Others,Unclassified,19
ADCB,Abu Dhabi Commercial Bank,Federico Dell’Aia,فدريكو ضليع,Others,Unclassified,19
ADCB,Abu Dhabi Commercial Bank,Mohd Aref Al Ramli,محمد عارف محمد خلدون الرملي,Others,Unclassified,19
ADCB,Abu Dhabi Commercial Bank,Aman Alagh,امان علاغ,Others,Unclassified,19
ADCB,Abu Dhabi Commercial Bank,Ali Alkhajeh,علي حبيب احمد حبيب الخاجه,Others,Unclassified,19
ADCB,Abu Dhabi Commercial Bank,Tracy Trenary,تراسي ايلين تريناري,Others,Unclassified,19
ADCB,Abu Dhabi Commercial Bank,Marta Rusin,مارتا زوزانا روسين,Others,Unclassified,19
ADCB,Abu Dhabi Commercial Bank,Onur Kucukyilmaz,اونور كوكوكيلماز,Others,Unclassified,19
ADCB,Abu Dhabi Commercial Bank,Grzegorz Gras,جرزيجورز كارول جراس,Others,Unclassified,19
ADCB,Abu Dhabi Commercial Bank,Zeina Al Quraini,زينة القريني,Others,Unclassified,19
ADCB,Abu Dhabi Commercial Bank,Afif Kalo ,عفيف مصطفي كالو,Others,Unclassified,19
ADCB,Abu Dhabi Commercial Bank,Sandeep Goyal,سانديب جويال جوبيند براساد جويال,Others,Unclassified,19
ADCB,Abu Dhabi Commercial Bank,Nitin Arora,نيتين ارورا اشوك كومار ارورا,Others,Unclassified,19
ADCB,Abu Dhabi Commercial Bank,Niveen Jamil Kharouba ,نيفين خاروبة,Others,Unclassified,19
ADCB,Abu Dhabi Commercial Bank,Rana Hadad,رنا رشيد حداد,Others,Unclassified,19
ADCB,Abu Dhabi Commercial Bank,Abir Mohd Khalil ,عبير محمد خليل حسن,Others,Unclassified,19
ADCB,Abu Dhabi Commercial Bank,Mohammed Khaleq ,محمد شفيق محمد عبدالخالق,Others,Unclassified,19
ADCB,Abu Dhabi Commercial Bank,Ian Boylan ,ايان فرانسيس بويلان,Others,Unclassified,19
ADCB,Abu Dhabi Commercial Bank,MARK WILLIAM DICKINSON,مارك ويليام ديكينسون,Others,Unclassified,19
ADCB,Abu Dhabi Commercial Bank,Michelle P. Payawal,ميشيل باسكال باياوال,Others,Unclassified,19
ADCB,Abu Dhabi Commercial Bank,Sarah Dulieu,سارة ايفيلين دوليو,Others,Unclassified,19
ADCB,Abu Dhabi Commercial Bank,Louis Kukenheim,لويس كونهيم,Others,Unclassified,19
ADCB,Abu Dhabi Commercial Bank,Francesca Revelli,فرانسيسكا ريفيلي,Others,Unclassified,19
ADCB,Abu Dhabi Commercial Bank,Alex Zaluski,اليكساندر البيرت ارماند زلوسكي,Others,Unclassified,19
ADCB,Abu Dhabi Commercial Bank,Adi Rajguru,اديتيا راج جورو,Others,Unclassified,19
ADCB,Abu Dhabi Commercial Bank,Martin McAspurn-Lohmann,مارتين كورت لوهمان,Others,Unclassified,19
ADCB,Abu Dhabi Commercial Bank,Svenja Reincke,سفينجا الكساندرا رينكي,Others,Unclassified,19
ADCB,Abu Dhabi Commercial Bank,Ali-Reza Fassa,علي رضا سعيد فاسا,Others,Unclassified,19
ADCB,Abu Dhabi Commercial Bank,Hafid Agouzoul ,حفيظ اجزول,Others,Unclassified,19
ADCB,Abu Dhabi Commercial Bank,Gopal Darak,جوبال درك,Others,Unclassified,19
ADCB,Abu Dhabi Commercial Bank,Vibhav Bindal,فيبهاف بيندال سوباش,Others,Unclassified,19
ADCB,Abu Dhabi Commercial Bank,Sourabh Ghosh,سوراب ديليبكومار غوش,Others,Unclassified,19
ADCB,Abu Dhabi Commercial Bank,Rabab Al Jaberi,رباب يسلم محمد عبودان الجابري,Others,Unclassified,19
ADCB,Abu Dhabi Commercial Bank,Sadish Gopi,ساديش جوبي,Others,Unclassified,19
ADCB,Abu Dhabi Commercial Bank,Rajan Nallan,فارادهار شاكرافارتي نالان,Others,Unclassified,19
ADCB,Abu Dhabi Commercial Bank,Rula AlQadi,رولا تاج الدين احمد مصطفي القاضي,Others,Unclassified,19
ADCB,Abu Dhabi Commercial Bank,Vanessa Stanley,فانيسا ليسا ستانلي,Others,Unclassified,19
ADCB,Abu Dhabi Commercial Bank,Semeer Kuvvakkattayil ,سمير كوفاكاتابيل,Others,Unclassified,19
ADCB,Abu Dhabi Commercial Bank,Ahmed Rashed,أحمد راشد محمود,Others,Unclassified,19
ADCB,Abu Dhabi Commercial Bank,Ashish Ghag ,اشيش حهاج شاندراكت,Others,Unclassified,19
ADCB,Abu Dhabi Commercial Bank,Pedro De Araujo,بيدرو دي اراجو بيريرا,Others,Unclassified,19
ADCB,Abu Dhabi Commercial Bank,yaser Abdulla Abdulqader Mohammad Ahmad,ياسر عبدالله عبدالقادر محمد احمد,Others,Unclassified,19
ADCB,Abu Dhabi Commercial Bank,Hashim Ali,هاشم محمد علي,Others,Unclassified,19
ADCB,Abu Dhabi Commercial Bank,Mateo Nobile,ماتيو نوبيلي,Others,Unclassified,19
ADCB,Abu Dhabi Commercial Bank,Jamie Chittenden,مارك جيمس شيتيندين,Others,Unclassified,19
ADCB,Abu Dhabi Commercial Bank,Tarek Grichi,طارق القريشي,Others,Unclassified,19
ADCB,Abu Dhabi Commercial Bank,Shameek Kundu,شاميك كوندو,Others,Unclassified,19
ADCB,Abu Dhabi Commercial Bank,PASSANT HAMDI SAEED AWAD,بسنت حمدى سعيد عواد,Others,Unclassified,19
ADCB,Abu Dhabi Commercial Bank,ROBERTA MARSHALL,روبيرتا مارشال,Others,Unclassified,19
ADCB,Abu Dhabi Commercial Bank,SULTAN SAIF MOHAMED ALI ALFALASI,سلطان سيف محمد على الفلاسى,Others,Unclassified,19
ADCB,Abu Dhabi Commercial Bank,BARRAQ ABDUL RAHMAN SUBHI ISTAITYYAH,براق عبدالرحمن صبحى استيتيه,Others,Unclassified,19
ADCB,Abu Dhabi Commercial Bank,ASEEL GHASSAN NAEEM SALEM,اسيل غسان نعيم سالم,Others,Unclassified,19
ADCB,Abu Dhabi Commercial Bank,MOAZ YOUSRY MOHAMED ALI ELBALKIMY,معاذ يسرى محمد على البلكيمى,Others,Unclassified,19
ADCB,Abu Dhabi Commercial Bank,CHARMAINE MARIA DSOUZA,شارمين ماريا ديسوزا,PA Chief Executive Officer,Management,
ADCB,Abu Dhabi Commercial Bank,Abu Dhabi Commercial Bank,بنك أبوظبي التجاري,Company,Unclassified,
ADIB,Abu Dhabi Islamic Bank,Jawaan Awaidha Suhail Awaidha Al Khaili,جوعان عويضه سهيل عويضه الخيلي,Chairman,Board,1
ADIB,Abu Dhabi Islamic Bank,Mohamed Elsayed Mohamed Abdelbary,محمد السيد محمد عبد البارى,CE/ CEO,Management,5
ADIB,Abu Dhabi Islamic Bank,Abdul Qadir Khanani Aba Ali Khanani,عبد القادر خناني ابا علي خاناني,Top Management,Management,10
ADIB,Abu Dhabi Islamic Bank,Ahsan Ahmed Akhtar,إحسان احمد أختر,Top Management,Management,10
ADIB,Abu Dhabi Islamic Bank,Osaid Kailani,اسيد كيلانى,Top Management,Management,10
ADIB,Abu Dhabi Islamic Bank,Abdulla Zaid Mohamed Saleh Alhelali Al Shehi,عبد الله زيد محمد صالح الهلالي الشحي,Top Management,Management,10
ADIB,Abu Dhabi Islamic Bank,Khalid Ali Ibrahom Jasem Al Mansoori,خالد على ابراهيم جاسم المنصوري,Top Management,Management,10
ADIB,Abu Dhabi Islamic Bank,Lamea Khaled Hariz,لميا خالد حريز,Top Management,Management,10
ADIB,Abu Dhabi Islamic Bank,Mohd Gheith Ali Mohd Mosmar,محمد غيث علي محمد مسمار,Top Management,Management,10
ADIB,Abu Dhabi Islamic Bank,Mohamed Mahmoud Mohamed Aly,محمد محمود محمد على,Top Management,Management,10
ADIB,Abu Dhabi Islamic Bank,Tan Tze Ping Kenneth,تان تزي بينج كينيت,Top Management,Management,10
ADIB,Abu Dhabi Islamic Bank,Amit Malhotra,اميت مالهوترا,Top Management,Management,10
ADIB,Abu Dhabi Islamic Bank,Fernando Agustin Plaza Lopez,فيرناندو اجستين بلازا لوبيز,Top Management,Management,10
ADIB,Abu Dhabi Islamic Bank,Talha Syed Karim,طلحه سيد كريم,Top Management,Management,10
ADIB,Abu Dhabi Islamic Bank,Bushrah Abdullah Ahmed Bibi Alshehhi,بشره عبدالله أحمد بيبي الشحي,Top Management,Management,10
ADIB,Abu Dhabi Islamic Bank,Metha Mohamedalsharif Yousif Alhashmi,ميثاء محمد الشريف يوسف الهاشمي,Top Management,Management,10
ADIB,Abu Dhabi Islamic Bank,Mohammed Ali Abbas Abdulla Alfahim,محمد علي عباس عبدالله الفهيم,Top Management,Management,10
ADIB,Abu Dhabi Islamic Bank,HAKIM BIN ABDULMAJED KAROUI,حكيم بن عبدالمجيد القروى,Top Management,Management,10
ADIB,Abu Dhabi Islamic Bank,Faisal Sultan Naser Salem Al Shuaibi,فيصل سلطان ناصر سالم الشعيبي,Board Member,Board,11
ADIB,Abu Dhabi Islamic Bank,Najib Youssef Fayyad,نجيب يوسف فياض,Board Member,Board,11
ADIB,Abu Dhabi Islamic Bank,Abdulla Ali Musleh Jumhour Al Ahbabi,عبد الله علي مصلح جمهور الأحبابي,Board Member,Board,11
ADIB,Abu Dhabi Islamic Bank,Khalifa Matar Khalifa Almheiri,خليفه مطر خليفه المهيري,Board Member,Board,11
ADIB,Abu Dhabi Islamic Bank,Maha Mohammad Juma Abdel Rahman Alqattan,مها محمد  جمعه عبدالرحمن القطان ,Board Member,Board,11
ADIB,Abu Dhabi Islamic Bank,Abdul Wahab Al Halabi ,عبد الوهاب الحلبي ,Board Member,Board,11
ADIB,Abu Dhabi Islamic Bank,Ahmed Fahed Awadh Saleh Almenhali,احمد فهد عوض صالح المنهالي,Board Secretary,Unclassified,12
ADIB,Abu Dhabi Islamic Bank,Mohamed Tharwat Mohamed Elsakran,   محمد ثروت محمد السكران ,Board Secretary,Unclassified,12
ADIB,Abu Dhabi Islamic Bank,ALA BOUNI,الاء بنى,Board Secretary,Unclassified,12
ADIB,Abu Dhabi Islamic Bank,SEEMA LALSA YADAV LALSA HARDATT YADAV,سيما لالسا ياداف لالسا هاردات ياداف,Company,Unclassified,18
ADIB,Abu Dhabi Islamic Bank,Khaled Walid Kurdieh,خالد وليد كرديه,Others,Unclassified,19
ADIB,Abu Dhabi Islamic Bank,Suleiman Naeem S Al Raie,سليمان نعيم سليمان الراعي,Others,Unclassified,19
ADIB,Abu Dhabi Islamic Bank,Mohammed Fuad Siddiqui,محمد فواد صديقى,Others,Unclassified,19
ADIB,Abu Dhabi Islamic Bank,Venkatesh Srikantan,فينكاتيش سريكانتان,Others,Unclassified,19
ADIB,Abu Dhabi Islamic Bank,Shahbaz Malik Malik Mohammad Aslam,شهباز ملك ملك محمد اسلم,Others,Unclassified,19
ADIB,Abu Dhabi Islamic Bank,Karuppanchetty Palaniappan, كاروبان شيتى بالانيابان بالانيابان,Others,Unclassified,19
ADIB,Abu Dhabi Islamic Bank,Maher Moustafa Mahmoud Mohamed Elroz,ماهر مصطفى محمود محمد الرز,Others,Unclassified,19
ADIB,Abu Dhabi Islamic Bank,Afzal Khanani Wali Muhammad Khanani,افضل خاناني والي محمد خاناني,Others,Unclassified,19
ADIB,Abu Dhabi Islamic Bank,Suaad Khamis Awadh Al Ameri,سعاد خميس عوض العامرى,Others,Unclassified,19
ADIB,Abu Dhabi Islamic Bank,Ahmad Zouheir Sawda,احمد زهير السوده,Others,Unclassified,19
ADIB,Abu Dhabi Islamic Bank,Mohamed Ali Mubarak Abdulla Alshebibi,محمد على مبارك عبدالله الشبيبى,Others,Unclassified,19
ADIB,Abu Dhabi Islamic Bank,Navas Kolakkathil Kallayath, نفاس كولاكاثيل كالاياث,Others,Unclassified,19
ADIB,Abu Dhabi Islamic Bank,Sultan Ali Abdulla Ahmed Almarzooqi,سلطان علي عبدالله احمد المرزوقي,Others,Unclassified,19
ADIB,Abu Dhabi Islamic Bank,Raad Maher Ganj Shukri,رعد ماهر كنج شكرى,Others,Unclassified,19
ADIB,Abu Dhabi Islamic Bank,Tamara Matrouk,تامارا متروك,Others,Unclassified,19
ADIB,Abu Dhabi Islamic Bank,عامر محمد عبدالله ظاهر,عامر محمد عبدالله ظاهر,Others,Unclassified,19
ADIB,Abu Dhabi Islamic Bank,Shakoor Ahmed Padela,شكور احمد باديله,Others,Unclassified,19
ADIB,Abu Dhabi Islamic Bank,Asad Zaman Khan,اسد زمان خان,Others,Unclassified,19
ADIB,Abu Dhabi Islamic Bank,Antonio Maria Peramo Ruiz,انطونيو ماريا بيرامو رويز,Others,Unclassified,19
ADIB,Abu Dhabi Islamic Bank,Elhoussine El Idrissi,الحسين الادريسى,Others,Unclassified,19
ADIB,Abu Dhabi Islamic Bank,Ashraf Ahmad M Oweis,اشرف احمد محمود عويس,Others,Unclassified,19
ADIB,Abu Dhabi Islamic Bank,Philip Andrew Clarke,فيليب اندريو كلارك,Others,Unclassified,19
ADIB,Abu Dhabi Islamic Bank,Haresh Moti Thadhani Moti Tejumal Thadhani,هاريش موتى تادانى موتى تجمول تادانى,Others,Unclassified,19
ADIB,Abu Dhabi Islamic Bank, Shuaa Yousef Mohamed Ali Alshehhi,شعاع يوسف محمد علي الشحي,Others,Unclassified,19
ADIB,Abu Dhabi Islamic Bank,Hussain Abdelaziz Jasim Abdallah Kashwani,حسين عبدالعزيز جاسم عبدالله كشوانى,Others,Unclassified,19
ADIB,Abu Dhabi Islamic Bank,Adnan Ul Haque,عدنان اول الحق,Others,Unclassified,19
ADIB,Abu Dhabi Islamic Bank,Daniel Stuart Young,دانيل ستوارت يونج,Others,Unclassified,19
ADIB,Abu Dhabi Islamic Bank,Mohamed Jeridi,محمد جريدى,Others,Unclassified,19
ADIB,Abu Dhabi Islamic Bank,MOHAMMAD OSAMA ABED MANSOUR,محمد اسامه عبد منصور,Others,Unclassified,19
ADIB,Abu Dhabi Islamic Bank,HALA MARWAN HASSAN ALI ELKHATIB,هلا مروان حسان الخطيب,Others,Unclassified,19
ADIB,Abu Dhabi Islamic Bank, NOUSHAD NALAGATH PUTHIYAPURA,نوشاد نالاجات بوتيبورا,Others,Unclassified,19
ADIB,Abu Dhabi Islamic Bank,SAI RAHUL PRASAD CHINTAKINDI,ساى راهول براساد شينتاكيندى كيشان براساد شينتاكيندى,Others,Unclassified,19
ADIB,Abu Dhabi Islamic Bank,NABEEL NAWAZ,نبيل نواز,Others,Unclassified,19
ADIB,Abu Dhabi Islamic Bank,VIKRAM BHALLA PRAMOD KUMAR BHALLA,فيكرام بهالا برامود كومار بهالا,Others,Unclassified,19
ADIB,Abu Dhabi Islamic Bank,Ahmed Ebrahim Mohamed Mollaabdulla Alhammadi,احمد ابراهيم محمد ملاعبدالله الحمادي,Others,Unclassified,19
ADIB,Abu Dhabi Islamic Bank,Ibrahim M Badia Chakfeh,ابراهيم محمد بديع شقفه,Others,Unclassified,19
ADIB,Abu Dhabi Islamic Bank,Manu Anand Raj Kumar Anand,مانو اناند راج كومار اناند,Others,Unclassified,19
ADIB,Abu Dhabi Islamic Bank,shahab hasan syed ,شهاب حسن سيد,Others,Unclassified,19
ADIB,Abu Dhabi Islamic Bank,Hiresn Mohanbhai raghuvanshi,هيرين موهانبهاى راغوفانشى  ,Others,Unclassified,19
ADIB,Abu Dhabi Islamic Bank,Bino abraham thomas thayil abrahan thomas,بينو ابراهام توماس تايل ابراهام توماس,Others,Unclassified,19
ADIB,Abu Dhabi Islamic Bank,sameem abdul majid,سميم  عبدالماجد عبدالماجد ,Others,Unclassified,19
ADIB,Abu Dhabi Islamic Bank,Christopher Arokiaraj Gnanathiraviam,كريستوفير اروكياراج جناناتيرافيام,Others,Unclassified,19
ADIB,Abu Dhabi Islamic Bank,ALYA MAHMOOD RAHMA ABDULLA ALKHOORI,علياء محمود رحمه عبدالله الخوري,Others,Unclassified,19
ADIB,Abu Dhabi Islamic Bank,Manal sari hamed yusuf meshal,منال سرى حامد يوسف مشعل,Others,Unclassified,19
ADIB,Abu Dhabi Islamic Bank,Badour khalid ahmed abdulla aljaberi,بدور خالد احمد عبدالله الجابري,Others,Unclassified,19
ADIB,Abu Dhabi Islamic Bank,Hamza pervez muhammad pervez ,حمزه برفيز محمد برفيز,Others,Unclassified,19
ADIB,Abu Dhabi Islamic Bank,Akash gul murli lal basantani,اكاش كل مورلى لال بسنانتني,Others,Unclassified,19
ADIB,Abu Dhabi Islamic Bank,Mohamed mohd bassam alsyoufi,محمد محمد بسام السيوفى,Others,Unclassified,19
ADIB,Abu Dhabi Islamic Bank,Muna ashok manohar salvi,منى اشوك منوهر سالفي  ,Others,Unclassified,19
ADIB,Abu Dhabi Islamic Bank,Tareefa majed meftah salem almansoori,طريفه ماجد مفتاح سالم المنصوري,Others,Unclassified,19
ADIB,Abu Dhabi Islamic Bank,Sara Mohamed ali muhsen almessabi,سارة محمد علي محسن المصعبي,Others,Unclassified,19
ADIB,Abu Dhabi Islamic Bank,Ali Jawad Walji Muhammad Raza Walji,على جواد وجهي محمد رضا والجى ,Others,Unclassified,19
ADIB,Abu Dhabi Islamic Bank,HABIB UR REHMAN LIAQAT ALI,حبيب الرحمن لياقت على,Others,Unclassified,19
ADIB,Abu Dhabi Islamic Bank,Ahmed nassef abdelsamed ahmed ,احمد ناصف عبدالصمد احمد,Others,Unclassified,19
ADIB,Abu Dhabi Islamic Bank,Aaesha saeed ali alkas alshehhi,عائشه سعيد على الكاس الشحي,Others,Unclassified,19
ADIB,Abu Dhabi Islamic Bank,Muhammad waqas khan jamshaid anwar khan,محمد وقاص خان جمشيد انور خان,Others,Unclassified,19
ADIB,Abu Dhabi Islamic Bank,Nassir Abdulla mohamed hasan Alameeri,ناصر عبدالله محمد حسن الأميري,Others,Unclassified,19
ADIB,Abu Dhabi Islamic Bank,diana faour,دينا علي  فاعور,Others,Unclassified,19
ADIB,Abu Dhabi Islamic Bank,nazha mohammed,نزهى على محمد,Others,Unclassified,19
ADIB,Abu Dhabi Islamic Bank,Ruba fathi saleem alaswad,ربى فتحي سليم الاسود,Others,Unclassified,19
ADIB,Abu Dhabi Islamic Bank,Mohsin Aikal  mehboob abdul sattar aikal,محسن ايكل محبوب عبد ستار ايكل  ,Others,Unclassified,19
ADIB,Abu Dhabi Islamic Bank,Muhammad aimash muhammad iqbal ahmad,محمد اعمش محمد اقبال ,Others,Unclassified,19
ADIB,Abu Dhabi Islamic Bank,manal mohammed yaselm saleh ishaq,منال محمد يسلم صالح اسحاق ,Others,Unclassified,19
ADIB,Abu Dhabi Islamic Bank,Hussein  hassan mohamed shafik,حسين حسن محمد شفيق,Others,Unclassified,19
ADIB,Abu Dhabi Islamic Bank,Alya Ahmed Mohamed khamis almemari,علياء احمد محمد خميس المعمري ,Others,Unclassified,19
ADIB,Abu Dhabi Islamic Bank,Nasr Habashy mohammed mohammed abdou,نصر حبشى محمد محمد عبدو,Others,Unclassified,19
ADIB,Abu Dhabi Islamic Bank,muhammad Asim muhammad kamal,محمد علصم محمد كمال,Others,Unclassified,19
ADIB,Abu Dhabi Islamic Bank,Turpti agrawal rakesh agrawal,تروبتى اجراوال راكيش اجراوال ,Others,Unclassified,19
ADIB,Abu Dhabi Islamic Bank,elie antonie hayek,ايلى انطوان الحايك,Others,Unclassified,19
ADIB,Abu Dhabi Islamic Bank,soykan demir,سويكان ديمير,Others,Unclassified,19
ADIB,Abu Dhabi Islamic Bank,yousaf naseer ahmad ahmad ,يوسف نصير احمد احمد,Others,Unclassified,19
ADIB,Abu Dhabi Islamic Bank,Ahmed Abdulla Mohammed Saeed Aljaberi,احمد غبدالله محمد سعيد الجابري,Others,Unclassified,19
ADIB,Abu Dhabi Islamic Bank, sanjay choudhary sanwar mal choudhary, سنجاي شوهدراسنوار مال شوهدرا   ,Others,Unclassified,19
ADIB,Abu Dhabi Islamic Bank,mohnad salmi, محند سالمى,Others,Unclassified,19
ADIB,Abu Dhabi Islamic Bank,seddik barkaoui, صديق ابن احمد البركاوي ,Others,Unclassified,19
ADIB,Abu Dhabi Islamic Bank,Said tariki,سعيد الطارقى,Others,Unclassified,19
ADIB,Abu Dhabi Islamic Bank,Salman Irshad irshad ahmed al qureshi,سلمان ارشاد ارشاد احمد القرشي,Others,Unclassified,19
ADIB,Abu Dhabi Islamic Bank,Fawad Taufique taufique habib,فواد توفيق توفيق حبيب,Others,Unclassified,19
ADIB,Abu Dhabi Islamic Bank,Ayjaz husain hingwala mohamed hussain hingwala,  اعجاز حسين هينجولا محمد حسين اعجاز,Others,Unclassified,19
ADIB,Abu Dhabi Islamic Bank,Maha M H Shaat,مها منذر حلمي شعت ,Others,Unclassified,19
ADIB,Abu Dhabi Islamic Bank,Omar Mohammed Omar Sharif,عمر محمد عمر شريف,Others,Unclassified,19
ADIB,Abu Dhabi Islamic Bank,Abdulla Yousuf Mohd Abdulrazaq AL bastaki,عبدالله يوسف محمد عبدالرزاق البستكي,Others,Unclassified,19
ADIB,Abu Dhabi Islamic Bank,AHMED OBAD AHMED AL MUBARAK,احمد عباد احمد المبارك,Others,Unclassified,19
ADIB,Abu Dhabi Islamic Bank,Mazen Zahed,مازن زاهد,Others,Unclassified,19
ADIB,Abu Dhabi Islamic Bank,Ahmed Ateeq Ali sultan Al dhaheri,احمد عتيق علي سلطان الظاهري,Others,Unclassified,19
ADIB,Abu Dhabi Islamic Bank,Jayaram kartik subramanian jayaram,جايارام كاتريك سوبرامنيان جايارام,Others,Unclassified,19
ADIB,Abu Dhabi Islamic Bank,Mohamed Fouad Mohamed Khalil Hamouda,محمد فؤاد محمد خليل حموده,Others,Unclassified,19
ADIB,Abu Dhabi Islamic Bank,Mahmoud Mohamad Said,محمود محمد سعيد,Others,Unclassified,19
ADIB,Abu Dhabi Islamic Bank,Yousuf Ebraheim Yousuf Ahmed Al Mohamed ,يوسف ابراهيم يوسف احمد ال محمد,Others,Unclassified,19
ADIB,Abu Dhabi Islamic Bank,Talal Dib,طلال اسعد ديب,Others,Unclassified,19
ADIB,Abu Dhabi Islamic Bank,Ameen Ali Oqlaha Harhashah,امين على عقله حراحشه,Others,Unclassified,19
ADIB,Abu Dhabi Islamic Bank,Bashar Abdul Rahim Arar,بشلر عبدالرحيم عرار,Others,Unclassified,19
ADIB,Abu Dhabi Islamic Bank,Ahmad Kamel Younes,احمد كامل يونس,Others,Unclassified,19
ADIB,Abu Dhabi Islamic Bank,SHEHAN MIRISSA ARACHCHIGE,شيهان ميريسا اراششيجى,Others,Unclassified,19
ADIB,Abu Dhabi Islamic Bank,MIRA FADI ASSAF,ميرا فادى عساف,Others,Unclassified,19
ADIB,Abu Dhabi Islamic Bank,ZIAD BAIG NADIM AKHTAR BAIG,زياد بيج نديم اختر بيج,Others,Unclassified,19
ADIB,Abu Dhabi Islamic Bank,EMAD SAMI HAMED DWEEKAT,عماد سامى حامد دويكات,Others,Unclassified,19
ADIB,Abu Dhabi Islamic Bank,NICO GOUS,نيكو غوث,Others,Unclassified,19
ADIB,Abu Dhabi Islamic Bank,خليفة علي احمد علي احمد المهيري,خليفة علي احمد علي احمد المهيري,Others,Unclassified,19
ADIB,Abu Dhabi Islamic Bank,MEERA SAIF ABDULHAMEED ZAIDGHALIB SAIF,ميره سيف عبدالحميد زيدغالب سيف,Others,Unclassified,19
ADIB,Abu Dhabi Islamic Bank,JASSIM ALIKKAL ABDUL LATHEEF,جاسم اليكال عبداللطيف,Others,Unclassified,19
ADIB,Abu Dhabi Islamic Bank,وصايف علي محمد راشد الشتيري,وصايف علي محمد راشد الشتيري,Others,Unclassified,19
ADIB,Abu Dhabi Islamic Bank,امنه عبدالله سعيد سالم جمعه النعيمي,امنه عبدالله سعيد سالم جمعه النعيمي,Others,Unclassified,19
ADIB,Abu Dhabi Islamic Bank,NIJANTHAN RAVICHANDRAN RAVICHANDRAN,نيجانتان رافيشاندران رافيشاندران,Others,Unclassified,19
ADIB,Abu Dhabi Islamic Bank,KRISHNA KUMAR VENUGOPAL DAMODARAN VENUGOPAL,كريشنا كومار فينوجوبال داموداران فينوجوبال,Others,Unclassified,19
ADIB,Abu Dhabi Islamic Bank,MAHMOOD KHAIRI A MAHD AL ALI,محمود خيرى عبدالمجيد محمود العلى,Others,Unclassified,19
ADIB,Abu Dhabi Islamic Bank,BHANU PRABHAKAR CHOWDARY BORRA BORRA SUBBA RAO,بهانو برابهاكار شودرى بورا بورا سوبا راو,Others,Unclassified,19
ADIB,Abu Dhabi Islamic Bank,TAQI AZAD AZAD ALI HUSSAIN ALARAKHIA,تقى ازاد ازاد على حسين الاراخيا,Others,Unclassified,19
ADIB,Abu Dhabi Islamic Bank,KENAN R A ALSABE,كنان رياض احمد السبع,Others,Unclassified,19
ADIB,Abu Dhabi Islamic Bank,MEERA SALAH AHMED ABDULAZIZ ALSABBAGH,ميرا صلاح احمد عبدالعزيز الصباغ,Others,Unclassified,19
ADIB,Abu Dhabi Islamic Bank,MOHAMED FAWZY ABDELHAMID ABDELNABY,محمد فوزى عبدالحميد عبدالنبى,Others,Unclassified,19
ADIB,Abu Dhabi Islamic Bank,Mansoor Ahmed Memon ahmed memon,منصور احمد ميمون منظور ميمون,Others,Unclassified,19
ADIB,Abu Dhabi Islamic Bank,Padraig peter bell,بادرايج بيتر بيل,Others,Unclassified,19
ADIB,Abu Dhabi Islamic Bank,اليازيه محمد راشد محمد بن صباح الرميثي,اليازيه محمد راشد محمد بن صباح الرميثي,Others,Unclassified,19
ADIB,Abu Dhabi Islamic Bank,MOHAMED ABDELBASSET MOHAMED ABDOU,محمد عبدالباسط محمد عبده,Others,Unclassified,19
ADIB,Abu Dhabi Islamic Bank,AKIF INCE,عاكف انسى,Others,Unclassified,19
ADIB,Abu Dhabi Islamic Bank,Kevin Rene Edmond Giersch,كيفن رينيه ادموند جيرش,Others,Unclassified,19
ADIB,Abu Dhabi Islamic Bank,Mohamed Iyoob Lafirdeen,محمد ايوب لفيردين,Others,Unclassified,19
ADIB,Abu Dhabi Islamic Bank,Rasha Handhal,رشا حنظل ,Others,Unclassified,19
ADIB,Abu Dhabi Islamic Bank,Mudassir Iqbal Sheikh Iqbal Muhammad Sheikh,مدثر اقبال شيخ اقبال محمد شيخ,Others,Unclassified,19
ADIB,Abu Dhabi Islamic Bank,Kamran Sheikh,كامران شيخ,Others,Unclassified,19
ADIB,Abu Dhabi Islamic Bank,Mohammed Iqbal Hussain Goury Ali Hussain Goury,محمد اقبال حسين جورى على حسين جورى,Others,Unclassified,19
ADIB,Abu Dhabi Islamic Bank,Prajjwal Kumar Pradip Kumar ,براجوال كومار برراديب كومار,Others,Unclassified,19
ADIB,Abu Dhabi Islamic Bank,Ambarish Srinivasan Srinivasan,امباريش سرينيفاسان ,Others,Unclassified,19
ADIB,Abu Dhabi Islamic Bank,Hani Daou,هانى ضو,Others,Unclassified,19
ADIB,Abu Dhabi Islamic Bank,Hazza Abdulla Mohamed Khalfan AlHammadi,هزاع عبدالله محمد خلفان الحمادي,Others,Unclassified,19
ADIB,Abu Dhabi Islamic Bank,Mohamed Aly Abdou Mansour,محمد على عبده منصور,Others,Unclassified,19
ADIB,Abu Dhabi Islamic Bank,Abdus Saboor ,ابدوس صبور ,Others,Unclassified,19
ADIB,Abu Dhabi Islamic Bank,Vikram Mosali Reddy Mosali Sadasiva Reddy,فيكرام موسالى ريدى موسالى ساداسيفا ريدى,Others,Unclassified,19
ADIB,Abu Dhabi Islamic Bank,Mahmoud Mohamed Mokhtar Mohamed Eldeyarby,محمود محمد مختار محمج الدياربى ,Others,Unclassified,19
ADIB,Abu Dhabi Islamic Bank,Ikramur Rahman Falahi Ziaur Rahman,  اكرام الرحمن فلاحي ضياء,Others,Unclassified,19
ADIB,Abu Dhabi Islamic Bank,Sami Yaser Mohammed Al Masharqa,سامى ياسر محمد المشارقه,Others,Unclassified,19
ADIB,Abu Dhabi Islamic Bank,MUHAMMAD WISSAM SAYAH ALKHABBAZ,محمد وسام صياح الخباز,Others,Unclassified,19
ADIB,Abu Dhabi Islamic Bank,Faisal Imran Imran Ahmed ,فيصل عمران عمران احمد,Others,Unclassified,19
ADIB,Abu Dhabi Islamic Bank,Mohammad Bilal Mohammad Iqbal Shiekh Shiekh,محمد بلال محمد اقبال شيخ شيخ ,Others,Unclassified,19
ADIB,Abu Dhabi Islamic Bank,Shaza Abusham,شذى ابو شام,Others,Unclassified,19
ADIB,Abu Dhabi Islamic Bank,Jassim Ahmed Khan Mahadik ,جاسم احمد خان ماهديك,Others,Unclassified,19
ADIB,Abu Dhabi Islamic Bank,Muhammad Yasin Muhammad Ismail,محمد ياسين محمد اسماعيل ,Others,Unclassified,19
ADIB,Abu Dhabi Islamic Bank,Azim Chaand Sab Shaik ,عظيم تشاند ساب شيخ,Others,Unclassified,19
ADNH,Abu Dhabi National Hotels Co.,Khalaf Sultan Rashed Saeed Al Dhaheri ,خلف سلطان راشد سعيد الظاهري,Chairman,Board,1
ADNH,Abu Dhabi National Hotels Co.,Sheikh Ahmed Mohammed Sultan Suroor Aldhahiri ,الشيخ أحمد محمد سلطان سرور الظاهري,Vice Chairman,Board,2
ADNH,Abu Dhabi National Hotels Co.,KHALID ANIB,خالد انيب,CE/ CEO,Management,5
ADNH,Abu Dhabi National Hotels Co.,Rami Naim Almuhtaseb,رامي نعيم المحتسب ,Top Management,Management,10
ADNH,Abu Dhabi National Hotels Co.,Mohamed Khalaf Ahmed Khalaf Alotaiba,محمد خلف أحمد خلف العتيبة,Board Member,Board,11
ADNH,Abu Dhabi National Hotels Co.,Alaa Mohamed Ata Khaleel Eraiqat,علاء محمد عطا خليل عريقات,Board Member,Board,11
ADNH,Abu Dhabi National Hotels Co.,Darwish Ahmed Darwish Ahmed Alketbi,درويش أحمد درويش أحمد الكتبي ,Board Member,Board,11
ADNH,Abu Dhabi National Hotels Co.,Khalaf Sultan Rashed Saeed Al Dhaheri ,خلف سلطان راشد سعيد الظاهري,Board Member,Board,11
ADNH,Abu Dhabi National Hotels Co.,Hamad Matar Mohammed Salmeen Alshamsi, حمد مطر محمد سالمين الشامسي,Board Member,Board,11
ADNH,Abu Dhabi National Hotels Co.,Rauda Abdulla Sorour Aldhaheri,روضه عبدالله سرور الظاهري ,Board Member,Board,11
ADNH,Abu Dhabi National Hotels Co.,Mohammed Ateeq Murad Abdulla Alblooshi,محمد عتيق مراد عبدالله البلوشي,Board Member,Board,11
ADNH,Abu Dhabi National Hotels Co.,Ameena Hussain Ahmed Thabet,أمينة حسين أحمد ثابت,Board Member,Board,11
ADNH,Abu Dhabi National Hotels Co.,Naseem Hussein Ahmed Al Hamed,نسيم حسين أحمد الحامد,Board Secretary,Unclassified,12
ADNH,Abu Dhabi National Hotels Co.,Mina Lafoui, مينه لعفوي,Others,Unclassified,19
ADNH,Abu Dhabi National Hotels Co.,Cynthia Mary Rose Almeida,سينثيا ماري روس الميدا,Others,Unclassified,19
ADNH,Abu Dhabi National Hotels Co.,Manjunath Poojari Sanjeeva Poojari,مانجونات بوجاري سانجيفا بوجاري,Others,Unclassified,19
ADNH,Abu Dhabi National Hotels Co.,Mohanad Jawad Hussein, مهند جواد حسين   ,Others,Unclassified,19
ADNH,Abu Dhabi National Hotels Co.,Bader Husain Omar Abdulla Basuwaid, بدر حسين عمر عبد الله باسويد ,Others,Unclassified,19
ADNH,Abu Dhabi National Hotels Co.,Raquel Arenas Hilali,راكيل أريناس هلالي,Others,Unclassified,19
ADNH,Abu Dhabi National Hotels Co.,Husam Jehad Abdel Hamid Mahmoud,حسام جهاد عبدالحميد محمود,Others,Unclassified,19
ADNH,Abu Dhabi National Hotels Co.,Nadim Elias El Haj,نديم إلياس الحاج,Others,Unclassified,19
ADNH,Abu Dhabi National Hotels Co.,Abu Dhabi National Hotels Co.,أبوظبي الوطنية للفنادق,Company,Unclassified,
ADNHC,A D N H Catering plc,Khalaf Sultan Rashed Saeed Al Dhaheri,خلف سلطان راشد سعيد الظاهري,Chairman,Board,1
ADNHC,A D N H Catering plc,Sheikh Ahmed Mohammed Sultan Suroor Aldhahiri,الشیخ أحمد محمد سلطان سرور الظاهري,Vice Chairman,Board,2
ADNHC,A D N H Catering plc,COLM GERARD OMAHONY,كولم جيرارد اوماهونى,CE/ CEO,Management,5
ADNHC,A D N H Catering plc,Anthony Deniol Childers,انتونى دينيول شيلديرس,Chief Financial Controller,Unclassified,9
ADNHC,A D N H Catering plc,Naveen Prashanth Pinto,نافين براشانت بينتو,Top Management,Management,10
ADNHC,A D N H Catering plc,Saravanan Santhanam Rajakannu,سارافانان سانثانام راجا كانو,Top Management,Management,10
ADNHC,A D N H Catering plc,Peter Panikos Nichols,بيتر بانيكوس نيكولس,Top Management,Management,10
ADNHC,A D N H Catering plc,Ramanathan Vellaiyappan Vellaiyappan ,راماناثان فيلايابان فيلايابان,Top Management,Management,10
ADNHC,A D N H Catering plc,Vishal Subba,فيشال سوبا,Top Management,Management,10
ADNHC,A D N H Catering plc,ANTHONY DENIOL CHILDERS,انتونى دينيول شيلديرس,Top Management,Management,10
ADNHC,A D N H Catering plc,Clive William Cowley,كليف ويليام كولي,Board Member,Board,11
ADNHC,A D N H Catering plc,Khalid Anib,خالد أنيب,Board Member,Board,11
ADNHC,A D N H Catering plc,Rauda Abdulla Sorour Aldhaheri,روضه عبدالله سرور الظاهري,Board Member,Board,11
ADNHC,A D N H Catering plc,Darwish Ahmed Darwish Ahmed Elketbi,درويش احمد درويش احمد الكتبي,Board Member,Board,11
ADNHC,A D N H Catering plc,Mohamed Khalaf Ahmed Khalaf Alotaiba,محمد خلف أحمد خلف العتيبة,Board Member,Board,11
ADNHC,A D N H Catering plc,Nadim Elias El Haj,نديم الياس الحاج,Board Secretary,Unclassified,12
ADNHC,A D N H Catering plc,Mayes Mhd Ali Hafez,ميس محمد حافظ,Others,Unclassified,19
ADNHC,A D N H Catering plc,Mohammed Ahmed Mohammed Sultan Aldhaheri,محمد احمد محمد سلطان الظاهري,Others,Unclassified,19
ADNIC,Abu Dhabi National Insurance Company,Sheikh Mohamed Bin Saif Al-Nahyan,الشيخ محمد بن سيف آل نهيان,Chairman,Board,1
ADNIC,Abu Dhabi National Insurance Company,Sheikh Theyab Bin Tahnoon Al-Nahyan,الشيخ ذياب بن طحنون آل نهيان,Vice Chairman,Board,2
ADNIC,Abu Dhabi National Insurance Company,Mr. Jugal Kishore Madaan, السيد/ جوجال كيشور مادان,Acting CEO,Management,4.1
ADNIC,Abu Dhabi National Insurance Company,Ms. Hema Padmanabhan , الآنسة/ هيما بادمانابهان ,Top Management,Management,10
ADNIC,Abu Dhabi National Insurance Company,Mr. Stefano Nalin,السيد/ ستيفانو نالين,Top Management,Management,10
ADNIC,Abu Dhabi National Insurance Company,Mrs. Elena Stukanova,السيدة/ إيلينا ستوكانوفا,Top Management,Management,10
ADNIC,Abu Dhabi National Insurance Company,Mr. Husam Zeyad Ahmad Mansour,السيد/ حسام زياد أحمد منصور ,Top Management,Management,10
ADNIC,Abu Dhabi National Insurance Company,Mr. Amardeep Singh Ahluwalia Bhupinder Singh Ahluwalia,السيد/ امار ديب سينغ اهلواليا بهوبيندر سينغ اهلواليا,Top Management,Management,10
ADNIC,Abu Dhabi National Insurance Company,Mr. Abdulrahman Hamad Rashed Al-Mubarak,السيد/ عبدالرحمن حمد عبد الرحمن راشد المبارك,Board Member,Board,11
ADNIC,Abu Dhabi National Insurance Company,H.E. Sultan Rashed Al-Dhaheri,سعادة سلطان راشد الظاهري,Board Member,Board,11
ADNIC,Abu Dhabi National Insurance Company,Mr. Hamoodah Ghanem Bin Hamoodah,السيد/ حموده غانم بن حموده,Board Member,Board,11
ADNIC,Abu Dhabi National Insurance Company,Mrs. Futoon Hamdan Mohamed Al-Mazrouei,السيدة/ فتون حمدان محمد المزروعي,Board Member,Board,11
ADNIC,Abu Dhabi National Insurance Company,Mr. Ali Eid Khamis Thani Almheiri,السيد/ علي عيد خميس ثاني المهيري,Board Member,Board,11
ADNIC,Abu Dhabi National Insurance Company,Mr. Mohamed Khalaf Ahmed Al-Otaiba,السيد/ محمد خلف أحمد العتيبة,Board Member,Board,11
ADNIC,Abu Dhabi National Insurance Company,Mr. Omar Liaqat Liaqat Ali Khan,السيد/ عمر لياقت لياقت علي خان,Board Member,Board,11
ADNIC,Abu Dhabi National Insurance Company,Mr. Omar Abdelfattah Abdelaziz Khedr,السيد/ عمر عبد الفتاح عبد العزيز خضر ,Board Secretary,Unclassified,12
ADNIC,Abu Dhabi National Insurance Company,M-Investment – Sole Proprietorship L.L.C,  ميم للاستثمار - شركة الشخص الواحد ذ.م.م ,Company,Unclassified,18
ADNIC,Abu Dhabi National Insurance Company,Mrs. Athina Fourtouna,السيدة/ أثينا فورتونا,Others,Unclassified,19
ADNIC,Abu Dhabi National Insurance Company,Mr. Nabil Hasoneh Ben Azzouz,السيد/ نبيل حسونة بن عزوز,Others,Unclassified,19
ADNIC,Abu Dhabi National Insurance Company,Mr. Muhammad Zafar Muhammad Yahya,السيد/ محمد ظفر محمد يحي,Others,Unclassified,19
ADNIC,Abu Dhabi National Insurance Company,Abu Dhabi National Insurance Company,شركة ابو ظبي الوطنية للتأمين,Company,Unclassified,
ADNOCDIST,Abu Dhabi National Oil Company For Distribution,H.E. Dr. Sultan Ahmed Al Jaber,معالي الدكتور سلطان أحمد الجابر,Chairman,Board,1
ADNOCDIST,Abu Dhabi National Oil Company For Distribution,Bader Saeed Al Lamki,بدر سعيد اللمكي,CE/ CEO,Management,5
ADNOCDIST,Abu Dhabi National Oil Company For Distribution,Athmane Benzerroug,اثماني بنزيرووج,Top Management,Management,10
ADNOCDIST,Abu Dhabi National Oil Company For Distribution,Saeed Nasser Alahbabi,سعيد ناصر الاحبابي,Top Management,Management,10
ADNOCDIST,Abu Dhabi National Oil Company For Distribution,Klaas Mantel,كلاس مانتيل,Top Management,Management,10
ADNOCDIST,Abu Dhabi National Oil Company For Distribution,Jacqueline Amgad Elboghdadi,جاكلين امجد البغدادي,Top Management,Management,10
ADNOCDIST,Abu Dhabi National Oil Company For Distribution,Khaled Mohamed Abdulla Alalkeem Alzaabi,خالد محمد عبدالله العلكيم الزعابي,Board Member,Board,11
ADNOCDIST,Abu Dhabi National Oil Company For Distribution,H.E. Ahmed Jasim Al Zaabi,أحمد جاسم الزعابي,Board Member,Board,11
ADNOCDIST,Abu Dhabi National Oil Company For Distribution,Nasser Mohammed Omair Yousef Almheiri,ناصر محمد عمير المهيري,Board Member,Board,11
ADNOCDIST,Abu Dhabi National Oil Company For Distribution,Saif Ateeq Sultan AlFalahi,سيف عتيق سلطان الفلاحي,Board Member,Board,11
ADNOCDIST,Abu Dhabi National Oil Company For Distribution,Marwan Naim  Salem Nijmeh,مروان نعيم سالم نجمه,Board Member,Board,11
ADNOCDIST,Abu Dhabi National Oil Company For Distribution,DENA ALI MUBARAK HAMAD ALMANSOORI,دينا على مبارك حمد المنصورى,Board Member,Board,11
ADNOCDIST,Abu Dhabi National Oil Company For Distribution,Mann Mohammed El Aydi,معن محمد العايدي,Board Secretary,Unclassified,12
ADNOCDIST,Abu Dhabi National Oil Company For Distribution,Mohamed Ali Hosani,محمد علي الحوسني,Others,Unclassified,19
ADNOCDIST,Abu Dhabi National Oil Company For Distribution,Muhammad Mansoor Arif,محمد منصور عارف,Others,Unclassified,19
ADNOCDIST,Abu Dhabi National Oil Company For Distribution,Mohamed Tag Elsir Mohamed Abdelrahman,محمد تاج السر محمد عبدالرحمن,Others,Unclassified,19
ADNOCDIST,Abu Dhabi National Oil Company For Distribution,Wafa Saif Ali Al Muflihi,وفاء سيف علي المفلحي,Others,Unclassified,19
ADNOCDIST,Abu Dhabi National Oil Company For Distribution,Mehul  Ashwinbhai,ميهول أشوينبهاي,Others,Unclassified,19
ADNOCDIST,Abu Dhabi National Oil Company For Distribution,Shakeelahmed Mohammed,شكيل أحمد محمد,Others,Unclassified,19
ADNOCDIST,Abu Dhabi National Oil Company For Distribution,Pavel Kushir,بافيل كوشنير,Others,Unclassified,19
ADNOCDIST,Abu Dhabi National Oil Company For Distribution,Ahmed Abujarad,احمد ابو جراد ,Others,Unclassified,19
ADNOCDIST,Abu Dhabi National Oil Company For Distribution,Gerhard Roux,جيرارد روكس,Others,Unclassified,19
ADNOCDIST,Abu Dhabi National Oil Company For Distribution,Ankit Keshar Mehta,انكار كيشار ميهتا ,Others,Unclassified,19
ADNOCDIST,Abu Dhabi National Oil Company For Distribution,Ayesha Mohamed Nouri Aqil Alhammadi,عائشة محمد نوري عقيل الحمادي,Others,Unclassified,19
ADNOCDIST,Abu Dhabi National Oil Company For Distribution,Alex Beringuy Souza,اليكس بيرنجواي سوزا ,Others,Unclassified,19
ADNOCDIST,Abu Dhabi National Oil Company For Distribution,Mudassir Irtiza Zubairi,مدثر ارتضى زبيري,Others,Unclassified,19
ADNOCDIST,Abu Dhabi National Oil Company For Distribution,Sulaiman Faraj Mubarak Mohamed Alkarbi,سليمان الكربي ,Others,Unclassified,19
ADNOCDIST,Abu Dhabi National Oil Company For Distribution,Marwan Al Hammadi,مروان الحمادي,Others,Unclassified,19
ADNOCDIST,Abu Dhabi National Oil Company For Distribution,Hanan Faisal Nehaid,حنان فيصل نهاد,Others,Unclassified,19
ADNOCDIST,Abu Dhabi National Oil Company For Distribution,Muhammed Kandy,محمد كاندي,Others,Unclassified,19
ADNOCDIST,Abu Dhabi National Oil Company For Distribution,Rohit Ramniwas Joshi,روهيت رومانويس جوش ,Others,Unclassified,19
ADNOCDIST,Abu Dhabi National Oil Company For Distribution,Manea Saeed Abdulla AL Falasi,مانع سعيد عبدالله الفلاسي,Others,Unclassified,19
ADNOCDIST,Abu Dhabi National Oil Company For Distribution,Karine Relander,كارين ريلندر,Others,Unclassified,19
ADNOCDIST,Abu Dhabi National Oil Company For Distribution,Hisham Nazir Khan Waris Khan,هشام نازير خان واريس خان,Others,Unclassified,19
ADNOCDIST,Abu Dhabi National Oil Company For Distribution,Kevin Van Staden,كيفن فان ستانيد,Others,Unclassified,19
ADNOCDIST,Abu Dhabi National Oil Company For Distribution,Saeed Al Matrooshi,سعيد محمد مسعود سالمين سالمين المطروشي,Others,Unclassified,19
ADNOCDIST,Abu Dhabi National Oil Company For Distribution,Juma Al Maskari,جمعه المسكري,Others,Unclassified,19
ADNOCDIST,Abu Dhabi National Oil Company For Distribution,Muhammad Shahid Nizar,محمد شهد نيزار,Others,Unclassified,19
ADNOCDIST,Abu Dhabi National Oil Company For Distribution,Sri Ram Sanjeev Vempati,ساري رام سنجيف فيمباتي,Others,Unclassified,19
ADNOCDIST,Abu Dhabi National Oil Company For Distribution,Daniel Ndefung Kenji,دانييل انديفونق كنجي,Others,Unclassified,19
ADNOCDIST,Abu Dhabi National Oil Company For Distribution,Hend Abdel Sattar,هند عبدالستار,Others,Unclassified,19
ADNOCDIST,Abu Dhabi National Oil Company For Distribution,Sulaiman Mohammed Alhayyas,سليمان محمد الهياس,Others,Unclassified,19
ADNOCDIST,Abu Dhabi National Oil Company For Distribution,Mohamed Abbas,محمد عباس,Others,Unclassified,19
ADNOCDIST,Abu Dhabi National Oil Company For Distribution,Keerthi Palanimalai Paramasamy,كيرتي بالانيمالاي باراماسامي,Others,Unclassified,19
ADNOCDIST,Abu Dhabi National Oil Company For Distribution,Akhtar Nawaz Khan,اخطر نواز خان,Others,Unclassified,19
ADNOCDIST,Abu Dhabi National Oil Company For Distribution,Juma Khalifa Alkhemeiri,جمعة خليفة الخميري ,Others,Unclassified,19
ADNOCDIST,Abu Dhabi National Oil Company For Distribution,Mr. Mansoor Al Azani,منصور العزاني,Others,Unclassified,19
ADNOCDIST,Abu Dhabi National Oil Company For Distribution,Yetunde Nenne Martins,يتوندي انن مارتينس,Others,Unclassified,19
ADNOCDIST,Abu Dhabi National Oil Company For Distribution,Ashutosh Krishnakumar Acharya,اشتوش كرشنا كومار اشارا,Others,Unclassified,19
ADNOCDIST,Abu Dhabi National Oil Company For Distribution,Mashal AlKindi,مشاعل الكندي ,Others,Unclassified,19
ADNOCDIST,Abu Dhabi National Oil Company For Distribution,Ravish Satya Pareek,راڤيش ساتيا باريك,Others,Unclassified,19
ADNOCDIST,Abu Dhabi National Oil Company For Distribution,Michael James Baker,مايكل جيمس بكر,Others,Unclassified,19
ADNOCDIST,Abu Dhabi National Oil Company For Distribution,Shamma Omair Alqubaisi ,شما عمير غيث بوعلامه القبيسي,Others,Unclassified,19
ADNOCDIST,Abu Dhabi National Oil Company For Distribution,Pawel Krzysztof Wydymus,باول كرزيستوف ويديموس,Others,Unclassified,19
ADNOCDIST,Abu Dhabi National Oil Company For Distribution,Shaheen Ali Puthan Veettil Hameed,شاهين علي بوثان فيتيل حميد,Others,Unclassified,19
ADNOCDIST,Abu Dhabi National Oil Company For Distribution,Alexander Joyce,الكسندر جويس,Others,Unclassified,19
ADNOCDIST,Abu Dhabi National Oil Company For Distribution,Ole Andreas Kolset,أولي آندرياس كولست,Others,Unclassified,19
ADNOCDIST,Abu Dhabi National Oil Company For Distribution,Yannick Nunes Pires Diogo,يانيك نونيس بيريس ديوجو,Others,Unclassified,19
ADNOCDIST,Abu Dhabi National Oil Company For Distribution,Saad Amin Muhammad Amin Hashim Amin,سعد امين محمد امين هاشم,Others,Unclassified,19
ADNOCDIST,Abu Dhabi National Oil Company For Distribution,Akshat Agarwal,أكشاط أقروار,Others,Unclassified,19
ADNOCDIST,Abu Dhabi National Oil Company For Distribution,Mohammed Ahmed Mohammed Yousef Alshemeili,محمد احمد محمد يوسف الشميلي	,Others,Unclassified,19
ADNOCDIST,Abu Dhabi National Oil Company For Distribution,Amira Abdulla Abdulaziz Ahmad Alhamdi,أميره عبدالله عبدالعزيز أحمد الحمدي,Others,Unclassified,19
ADNOCDIST,Abu Dhabi National Oil Company For Distribution,William Jonathan Lane,ويليام جوناثم لان,Others,Unclassified,19
ADNOCDIST,Abu Dhabi National Oil Company For Distribution,Monera Sulaiman Mohamed Alselari,منيره سليمان محمد الصيعري,Others,Unclassified,19
ADNOCDIST,Abu Dhabi National Oil Company For Distribution,Jihad Ismaeel Ibrahim Ali ,جهاد اسماعيل ابراهيم علي الحمادي	,Others,Unclassified,19
ADNOCDIST,Abu Dhabi National Oil Company For Distribution,Alreem Mubarak Mohammed Alameri,الريم مبارك محمد العامري,Others,Unclassified,19
ADNOCDIST,Abu Dhabi National Oil Company For Distribution,Sultan Al Jenaibi,سلطان الجنيبي,Others,Unclassified,19
ADNOCDIST,Abu Dhabi National Oil Company For Distribution,Sareea Saeed Musabbeh Bin Hathboor AlGhfeli,سريعه سعيد مصبح بن حثبور الغفلي,Others,Unclassified,19
ADNOCDIST,Abu Dhabi National Oil Company For Distribution,Shaikah Al Zaabi,شيخة الزعابي,Others,Unclassified,19
ADNOCDIST,Abu Dhabi National Oil Company For Distribution,Federico Spina,فايدريكو سبين,Others,Unclassified,19
ADNOCDIST,Abu Dhabi National Oil Company For Distribution,Elena Sergeevna Alikhanova,ايلينا سيرغافنا اليخانوفا,Others,Unclassified,19
ADNOCDIST,Abu Dhabi National Oil Company For Distribution,Sayed Awais Habib Daimi,سيد عويس حبيب دائمي,Others,Unclassified,19
ADNOCDIST,Abu Dhabi National Oil Company For Distribution,Duha Abdulrahman Almarzooqi,ضحى عبد الرحمان المرزوقي,Others,Unclassified,19
ADNOCDIST,Abu Dhabi National Oil Company For Distribution,Rami Mohamed Abdulmeguid Fahmi,رامي محمد عبدالمجويد فهمي,Others,Unclassified,19
ADNOCDIST,Abu Dhabi National Oil Company For Distribution,Anwar Sultan Amir Sultan,انور سلطان امير سلطان,Others,Unclassified,19
ADNOCDIST,Abu Dhabi National Oil Company For Distribution,Salem Ahmed Salem Ahmed Darwish,سالم احمد سالم درويش,Others,Unclassified,19
ADNOCDIST,Abu Dhabi National Oil Company For Distribution,Salif Perian,ساليف باكومى بيريان  ,Others,Unclassified,19
ADNOCDIST,Abu Dhabi National Oil Company For Distribution,Naser Mohammed Al Ebrahim Alblooshi,ناصر محمد على إبراهيم البلوشي,Others,Unclassified,19
ADNOCDIST,Abu Dhabi National Oil Company For Distribution,Shahzad Abdul Sattar Ali,شهزاد على عبد ستار,Others,Unclassified,19
ADNOCDIST,Abu Dhabi National Oil Company For Distribution,Abdulsalam Abduljabbar Mohamed Al Ali,عبد السلام عبد الجبار محمد عبد الجبار آل علي,Others,Unclassified,19
ADNOCDIST,Abu Dhabi National Oil Company For Distribution,Vivek Raj,فيفاك راج,Others,Unclassified,19
ADNOCDIST,Abu Dhabi National Oil Company For Distribution,Biprajit Roy Choudhury,بيبراجيت روى شودرى,Others,Unclassified,19
ADNOCDIST,Abu Dhabi National Oil Company For Distribution,Ali Mubarak Ali Al Hilali,علي مبارك علي النسى الهلالي,Others,Unclassified,19
ADNOCDIST,Abu Dhabi National Oil Company For Distribution,Naser Ahmed Ali Al Ali,ناصر أحمد علي بن ضاحي آل علي,Others,Unclassified,19
ADNOCDIST,Abu Dhabi National Oil Company For Distribution,Goverdhan Reddy Katla,جوفيردهان ريدى كاتلا,Others,Unclassified,19
ADNOCDIST,Abu Dhabi National Oil Company For Distribution,Jehanara Zafar ,جهنار زافر,Others,Unclassified,19
ADNOCDIST,Abu Dhabi National Oil Company For Distribution,Souheila Hussein,سوهيلى حسين,Others,Unclassified,19
ADNOCDIST,Abu Dhabi National Oil Company For Distribution,Saif Al Suwaidi,سيف عبيد عيسى سلطان السويدي,Others,Unclassified,19
ADNOCDIST,Abu Dhabi National Oil Company For Distribution,Tareq Salim Abdalla Saeed Alkhanbashi ,طارق سالم عبدالله سعيد الخنبشي,Others,Unclassified,19
ADNOCDIST,Abu Dhabi National Oil Company For Distribution,Salma Sultan Ali Saeed Al Senaidi,سلمى سلطان على سعيد السنيدى,Others,Unclassified,19
ADNOCDIST,Abu Dhabi National Oil Company For Distribution,Mohammed Zabani,محمد علي زباني,Others,Unclassified,19
ADNOCDIST,Abu Dhabi National Oil Company For Distribution,Sarah Ilyas Qureshi,سارة الياس قريشي,Others,Unclassified,19
ADNOCDIST,Abu Dhabi National Oil Company For Distribution,Alyaziya Ibrahim Abdulrazzaq Ibrahim Al Tamimi,اليازية إبراهيم عبدالرزاق إبراهيم التميمي,Others,Unclassified,19
ADNOCDIST,Abu Dhabi National Oil Company For Distribution,Pavel Lokshin,بافل لوكشين,Others,Unclassified,19
ADNOCDIST,Abu Dhabi National Oil Company For Distribution,Paula Disberry,باولا ديسبيري,Others,Unclassified,19
ADNOCDIST,Abu Dhabi National Oil Company For Distribution,Bernardo Pinheiro Costa,بيرناردو بينهيرو كوستا,Others,Unclassified,19
ADNOCDIST,Abu Dhabi National Oil Company For Distribution,Soufiane Addou,سفيان عدو,Others,Unclassified,19
ADNOCDIST,Abu Dhabi National Oil Company For Distribution,Hella Ben Said Ep Ayed,هالة بنت حسني بن سعيد عياد,Others,Unclassified,19
ADNOCDIST,Abu Dhabi National Oil Company For Distribution,Vijeet Raj Singh,فيجيت راج سينغ,Others,Unclassified,19
ADNOCDIST,Abu Dhabi National Oil Company For Distribution,Sultan Ali Naser Al Marzooqi ,سلطان علي ناصر المرزوقي,Others,Unclassified,19
ADNOCDIST,Abu Dhabi National Oil Company For Distribution,Tamer Elasmar,تامر الاسمر ,Others,Unclassified,19
ADNOCDIST,Abu Dhabi National Oil Company For Distribution,Sharafudheen Razi Chengasheri Musliyarakath,شرف الدين راضي تشينجاشيري موسل,Others,Unclassified,19
ADNOCDIST,Abu Dhabi National Oil Company For Distribution,Rania Osama Farouk Mustafa Kamel,رانيا أسامة فاروق مصطفى كامل,Others,Unclassified,19
ADNOCDIST,Abu Dhabi National Oil Company For Distribution,Rohan Agrawal Ramesh Chandra Agrawal,روهان اجراوال راميش شاندرا اجراوال,Others,Unclassified,19
ADNOCDIST,Abu Dhabi National Oil Company For Distribution,Rohan Mittal Mukesh Kumar Gupta,روهان ميتال موكيش كومار جوبت,Others,Unclassified,19
ADNOCDIST,Abu Dhabi National Oil Company For Distribution,Maaz Zahid Qureshi Zahid Hussain Qureshi,معاذ زاهد قريشى زاهد حسين قريشى,Others,Unclassified,19
ADNOCDIST,Abu Dhabi National Oil Company For Distribution,Sulthan Mohamed,سلطان محمد,Others,Unclassified,19
ADNOCDIST,Abu Dhabi National Oil Company For Distribution,Fatma Mahmoud Abdelsadek,فاطمة محمود عبد العال عبد الصادق,Others,Unclassified,19
ADNOCDIST,Abu Dhabi National Oil Company For Distribution,Fatema Alhammadi ,فاطمة محمد صالح الحمادي,Others,Unclassified,19
ADNOCDIST,Abu Dhabi National Oil Company For Distribution,Dennis Banta,دينيس بانتا,Others,Unclassified,19
ADNOCDIST,Abu Dhabi National Oil Company For Distribution,Shihabudheen Konderi Muhammed Konderi,شهاب الدين كونديري محمد كونديري,Others,Unclassified,19
ADNOCDIST,Abu Dhabi National Oil Company For Distribution,John Gerard Daly,جون جيرارد دالي,Others,Unclassified,19
ADNOCDIST,Abu Dhabi National Oil Company For Distribution,Praneeth Kumar Mandari,برانيث كومار مانداري,Others,Unclassified,19
ADNOCDIST,Abu Dhabi National Oil Company For Distribution,Olga Rudkovskaya,أولغا رودكوفسكايا,Others,Unclassified,19
ADNOCDIST,Abu Dhabi National Oil Company For Distribution,Nikita Mitin,نكيتا متين,Others,Unclassified,19
ADNOCDIST,Abu Dhabi National Oil Company For Distribution,Bibi Riham Dilshaad Maherally,بيبي ريهام دلشاد ماهرالي,Others,Unclassified,19
ADNOCDIST,Abu Dhabi National Oil Company For Distribution,Reshma Tibbits,ريشما تيبيتس,Others,Unclassified,19
ADNOCDIST,Abu Dhabi National Oil Company For Distribution,Abdelkader Belmahdi,عبد القادر بلمهدي,Others,Unclassified,19
ADNOCDIST,Abu Dhabi National Oil Company For Distribution,Ahood Obaid Jumah Aladoomi Alnqbi,عهود عبيد جمعة العدومي النقبي,Others,Unclassified,19
ADNOCDIST,Abu Dhabi National Oil Company For Distribution,Amna Ibrahim Hasan Abdulla Almarzooqi,امنه ابراهيم حسن عبدالله المرزوقي,Others,Unclassified,19
ADNOCDIST,Abu Dhabi National Oil Company For Distribution,Ishar Kar Santanu Kar,       إيشار كار سانتانو كار,Others,Unclassified,19
ADNOCDIST,Abu Dhabi National Oil Company For Distribution,Rana Serhan,رانا سرحان,Others,Unclassified,19
ADNOCDIST,Abu Dhabi National Oil Company For Distribution,Mohamed Samir Ahmed Zaki,محمد سمير أحمد زكي,Others,Unclassified,19
ADNOCDIST,Abu Dhabi National Oil Company For Distribution,Jose Carlos Urbano Sanchez,خوسيه كارلوس أوربانو سانشيز,Others,Unclassified,19
ADNOCDIST,Abu Dhabi National Oil Company For Distribution,Farah Hamam,فرح حمام,Others,Unclassified,19
ADNOCDIST,Abu Dhabi National Oil Company For Distribution,Mohamed Husasin Alawi Abdulla Musabi,محمد حسين علوي عبد الله المسبحي,Others,Unclassified,19
ADNOCDIST,Abu Dhabi National Oil Company For Distribution,Aaesha Rashed Ali Dahmash Al Teneiji,عائشة راشد علي دهمش التنيجي,Others,Unclassified,19
ADNOCDIST,Abu Dhabi National Oil Company For Distribution,Tochukwunna Israel-Bolarinwa,توشوكوونا إسرائيل-بولارينوا,Others,Unclassified,19
ADNOCDIST,Abu Dhabi National Oil Company For Distribution,Alina Ussenko ,الينا اوسنكو,Others,Unclassified,19
ADNOCDIST,Abu Dhabi National Oil Company For Distribution,Christopher Richmond,كريستوفر ريتشموند,Others,Unclassified,19
ADNOCDIST,Abu Dhabi National Oil Company For Distribution,Dawoud Al Naeimi ,داود خلفان علي النعيمي,Others,Unclassified,19
ADNOCDIST,Abu Dhabi National Oil Company For Distribution,Nasser Saeed Alsuwaidi  ,ناصر سعيد جمعة مبارك السويدي,Others,Unclassified,19
ADNOCDIST,Abu Dhabi National Oil Company For Distribution,Laila Mohammad Saqar Juma Alshaer,ليلى محمد صقر جمعة الشاعر ,Others,Unclassified,19
ADNOCDIST,Abu Dhabi National Oil Company For Distribution,Khalifa Mohamed Abdalla Ahmed Al Ali ,      خليفة محمد عبد الله أحمد العلي,Others,Unclassified,19
ADNOCDIST,Abu Dhabi National Oil Company For Distribution,German Fernando Gonzalez Ramos,جيرمان فيرناندو جونزاليز راموس,Others,Unclassified,19
ADNOCDIST,Abu Dhabi National Oil Company For Distribution,Alexander Bookbinder,الكسندر جوزيف بوكبيندر,Others,Unclassified,19
ADNOCDIST,Abu Dhabi National Oil Company For Distribution,Ayman Saleh Husni Dabash,أيمن صالح حسني دبش,Others,Unclassified,19
ADNOCDRILL,ADNOC Drilling Company PJSC,H.E. Dr. Sultan Ahmed Sultan Essa Aljaber,معالي د. سلطان أحمد سلطان عيسى الجابر,Chairman,Board,1
ADNOCDRILL,ADNOC Drilling Company PJSC,Musabbeh Helal Musabbeh Ali Al Kaabi,مصبح هلال مصبح على الكعبي,Vice Chairman,Board,2
ADNOCDRILL,ADNOC Drilling Company PJSC,Abdulla Nagi Abdulla Ateya Almessabi,عبدالله ناجي عبدالله عطيه المصعبي,CE/ CEO,Management,5
ADNOCDRILL,ADNOC Drilling Company PJSC,Youssef Samy El Sayed Fathy Salem,يوسف سامي السيد فتحي سالم,Top Management,Management,10
ADNOCDRILL,ADNOC Drilling Company PJSC,Mohamed Saif Ali Abed Alaryani,محمد سيف علي عابد العرياني,Board Member,Board,11
ADNOCDRILL,ADNOC Drilling Company PJSC,Abdulmunim Saif Hamoud Ahmad Alkindi,عبدالمنعم سيف حمود احمد الكندي,Board Member,Board,11
ADNOCDRILL,ADNOC Drilling Company PJSC,Katherine Baker Wallgren,كاثرن بيكر والجرن,Board Member,Board,11
ADNOCDRILL,ADNOC Drilling Company PJSC,Dr. Abdulla Humaid Saif Aljarwan Alshamsi,د. عبدالله حميد سيف الجروان الشامسى,Board Member,Board,11
ADNOCDRILL,ADNOC Drilling Company PJSC,Khaled Mohamed Abdulla Alalkeem Alzaabi,خالد محمد  عبدالله العلكيم الزعابي,Board Member,Board,11
ADNOCDRILL,ADNOC Drilling Company PJSC,Hamad Mohammed Saeed Al Rashedi,	حمد محمد سعيد الراشدى,Others,Unclassified,19
ADNOCDRILL,ADNOC Drilling Company PJSC,Asim Yousif Abdalla Ahmed AlZarooni,	عاصم يوسف عبدالله احمد الزرعوني,Others,Unclassified,19
ADNOCDRILL,ADNOC Drilling Company PJSC,Manal Ali Abdulla Khamis Ahmed Almazrouei,	منال علي عبدالله خميس احمد بن خموس المزروعي,Others,Unclassified,19
ADNOCDRILL,ADNOC Drilling Company PJSC,Nandagopal Sundaram,	نانداغوبال سوندارام,Others,Unclassified,19
ADNOCDRILL,ADNOC Drilling Company PJSC,Adolfo Perez,أدولفو رافائيل بيريز أريناس,Others,Unclassified,19
ADNOCDRILL,ADNOC Drilling Company PJSC,Muhammad Usman ,محمد عثمان,Others,Unclassified,19
ADNOCDRILL,ADNOC Drilling Company PJSC,Eisa Ali Salem Alhammadi,	عيسى علي سالم الحمادي,Others,Unclassified,19
ADNOCDRILL,ADNOC Drilling Company PJSC,Nandalal Ayyappan Pillai,ناندالال إيابان بيلاي,Others,Unclassified,19
ADNOCDRILL,ADNOC Drilling Company PJSC,Ammar Fayez Al Allaf,	عمار قايز العلاف,Others,Unclassified,19
ADNOCDRILL,ADNOC Drilling Company PJSC,Yousuf Alkhoori,يوسف الخوري,Others,Unclassified,19
ADNOCDRILL,ADNOC Drilling Company PJSC,Mohamed Abdelazim Elsayed Elhendawy,	محمد عبد العظيم السيد الهندواي,Others,Unclassified,19
ADNOCDRILL,ADNOC Drilling Company PJSC,Khalid Abdulsamad,خالد عبد الصمد,Others,Unclassified,19
ADNOCDRILL,ADNOC Drilling Company PJSC,Iain William Richard Cracknell,إيان ويليام ريتشارد كراكنيل,Others,Unclassified,19
ADNOCDRILL,ADNOC Drilling Company PJSC, Shaikha Ali Ahmed Hamad Aldhaheri,شيخه على احمد حمد الظاهري,Others,Unclassified,19
ADNOCDRILL,ADNOC Drilling Company PJSC,Ibraheem AlHammadi ,	ابراهيم حسن ثاني حسن الحمادي,Others,Unclassified,19
ADNOCDRILL,ADNOC Drilling Company PJSC,Mohamed Hassan Rashid Al Zaabi,محمد حسن راشد الشحصي الزعابي,Others,Unclassified,19
ADNOCDRILL,ADNOC Drilling Company PJSC,Ayman Mohamed Farid Bahnasawy,أيمن محمد فريد بهنسو,Others,Unclassified,19
ADNOCDRILL,ADNOC Drilling Company PJSC,Alexander Kennedy Urquhart,الكسندر  كندى اورقو هارت,Others,Unclassified,19
ADNOCDRILL,ADNOC Drilling Company PJSC,Emri Mahmoud Yousri Mohamed Zeineldin,امري محمود يسري محمد زين الدين,Others,Unclassified,19
ADNOCDRILL,ADNOC Drilling Company PJSC,Ahmed Khaleel Matar Ismaiel Abujarad,أحمد خليل مطر إسماعيل أبوجراد,Others,Unclassified,19
ADNOCDRILL,ADNOC Drilling Company PJSC,Muneef Ibrahim Nabeeh Mohamed Salem,	منيف ابراهيم نبيه محمد سالم,Others,Unclassified,19
ADNOCDRILL,ADNOC Drilling Company PJSC,Anatoly Ivanov,أناتولي إيفانوف,Others,Unclassified,19
ADNOCDRILL,ADNOC Drilling Company PJSC,Khalfan Al Dahmani,خلفان راشد خلفان راشد الدهماني,Others,Unclassified,19
ADNOCDRILL,ADNOC Drilling Company PJSC,Abdulaziz Alremeithi,عبدالعزيز الرميثي,Others,Unclassified,19
ADNOCDRILL,ADNOC Drilling Company PJSC,Ghada Adel Hasan Al Hindi,	غادة عادل حسن الهندي,Others,Unclassified,19
ADNOCDRILL,ADNOC Drilling Company PJSC,Clifford Holmes Kirby,	كليفورد هولميس كيربي,Others,Unclassified,19
ADNOCDRILL,ADNOC Drilling Company PJSC,Hussain Ahmed AbdulQader AbdulHaq Alwahedi,حسين أحمد عبدالقادر عبدالحق الواحدي,Others,Unclassified,19
ADNOCDRILL,ADNOC Drilling Company PJSC,Sameera Mohamed Al Qubati,سميرة محمد القباطي,Others,Unclassified,19
ADNOCDRILL,ADNOC Drilling Company PJSC,Rajesh Deshkulkarni Gopal,راجيش ديشكولكارني جوبال ,Others,Unclassified,19
ADNOCDRILL,ADNOC Drilling Company PJSC,Adel Eidha Al Jaberi,عادل عيضه الجابري,Others,Unclassified,19
ADNOCDRILL,ADNOC Drilling Company PJSC,Pandian Kalyanasundaram,بانديان كالياناسوندارام,Others,Unclassified,19
ADNOCDRILL,ADNOC Drilling Company PJSC,Ismaeel Alkhoori,إسماعيل الخوري,Others,Unclassified,19
ADNOCDRILL,ADNOC Drilling Company PJSC,Mariam Saleh Alhammadi,مريم صالح أحمد الحمادي,Others,Unclassified,19
ADNOCDRILL,ADNOC Drilling Company PJSC,Juliane Patricia Jasmin Faber,جوليان باتريشيا جاسمين فابر ,Others,Unclassified,19
ADNOCDRILL,ADNOC Drilling Company PJSC,Obiageli Ada Nnabuihe,اوبياجيلى ادا ننابوحى,Others,Unclassified,19
ADNOCDRILL,ADNOC Drilling Company PJSC,Prakash Thomas,براكاش توماس ,Others,Unclassified,19
ADNOCDRILL,ADNOC Drilling Company PJSC,Moheeb Nayef Hamdan Obaid,	مهيب نايف حمدان عبيد,Others,Unclassified,19
ADNOCDRILL,ADNOC Drilling Company PJSC,Mena Aziz Salama,مينا عزيز ابراهيم سلامه,Others,Unclassified,19
ADNOCDRILL,ADNOC Drilling Company PJSC,Selvaraj Irudayaraj,سيلفاراج مارياباككسيام ايرودايا راج,Others,Unclassified,19
ADNOCDRILL,ADNOC Drilling Company PJSC,Saeed Mohammed Ali Saeed Alshamsi,سيد محمد علي سيد الشمس,Others,Unclassified,19
ADNOCDRILL,ADNOC Drilling Company PJSC,Syed Najam Us Sehar,سيد نجم لنا صحار,Others,Unclassified,19
ADNOCDRILL,ADNOC Drilling Company PJSC,Abdulrahman Abdulla Hasan Bamajboor Alseiari,عبدالرحمن عبدالله حسن بامجبور الصيعري,Others,Unclassified,19
ADNOCDRILL,ADNOC Drilling Company PJSC,Ahmed Baghdady Elbedwihy,	احمد بغدادى البدويهي,Others,Unclassified,19
ADNOCDRILL,ADNOC Drilling Company PJSC,Fidha Abdul Kareem,فيذا عبدال كريم,Others,Unclassified,19
ADNOCDRILL,ADNOC Drilling Company PJSC,Muhammad Usman Arif,محمد عثمان عريف,Others,Unclassified,19
ADNOCDRILL,ADNOC Drilling Company PJSC,Sanjeev Jawarilal,سانجيف جواريلال,Others,Unclassified,19
ADNOCDRILL,ADNOC Drilling Company PJSC,Khaled Salem Saeed Eissa Aljunaibi,خالد سالم سيد عيسى الجنيبي,Others,Unclassified,19
ADNOCDRILL,ADNOC Drilling Company PJSC,Ayesha Mohamed Al Hammadi,	عائشة محمد نوري عقيل الحمادي,Others,Unclassified,19
ADNOCDRILL,ADNOC Drilling Company PJSC,Neha Chaudhari,نيها تشودري,Others,Unclassified,19
ADNOCDRILL,ADNOC Drilling Company PJSC,Ahmed Elwahsh,احمد الوحش,Others,Unclassified,19
ADNOCDRILL,ADNOC Drilling Company PJSC,Ahmed Hegazy,احمد صلاح حجازى,Others,Unclassified,19
ADNOCDRILL,ADNOC Drilling Company PJSC,Shaikha Saeed Musabbah Bin Hamed Al Mazerouei,شيخة سعيد مصبح بن حامد المزروعي,Others,Unclassified,19
ADNOCDRILL,ADNOC Drilling Company PJSC,Sumaya Eisa Al Harrasi,سميه عيسى سعيد علي الحراصي,Others,Unclassified,19
ADNOCDRILL,ADNOC Drilling Company PJSC,Jamalah Abdullah Ahmed Al Sarti,"""	جماله عبدالله احمد السارطي""",Others,Unclassified,19
ADNOCDRILL,ADNOC Drilling Company PJSC,Amitabh Roy Chowdhury,اميتاب روي شودري,Others,Unclassified,19
ADNOCDRILL,ADNOC Drilling Company PJSC,Asmaa Saleh Alameri,أسماء صالح العامري,Others,Unclassified,19
ADNOCDRILL,ADNOC Drilling Company PJSC,Munira Mubarak Mohammed Al Shamsi,منيره مبارك الشامسي,Others,Unclassified,19
ADNOCDRILL,ADNOC Drilling Company PJSC,Alhanoof Abdulnabi Alhammadi,الهنوف عبرالنبي علي الحمادي,Others,Unclassified,19
ADNOCDRILL,ADNOC Drilling Company PJSC,Fouad Raafat Fouad Abdelshafy,	فؤاد رافت فؤاد عبدالشافي,Others,Unclassified,19
ADNOCDRILL,ADNOC Drilling Company PJSC,Elias Abdelwahab Tarawneh,الياس عبدالوهاب الطراونة,Others,Unclassified,19
ADNOCDRILL,ADNOC Drilling Company PJSC,Waqar Ahmed Malik,وقار احمد مالک,Others,Unclassified,19
ADNOCDRILL,ADNOC Drilling Company PJSC,Mohamed Alaydaroos,محمد شريف أبوبكر عبدالله محمد العيدروس,Others,Unclassified,19
ADNOCDRILL,ADNOC Drilling Company PJSC,Sultan Saeed Saleh Muhsen Almansoori,سلطان سعيد صالح محسن المنصوري,Others,Unclassified,19
ADNOCDRILL,ADNOC Drilling Company PJSC,Massimiliano Cominelli,	ماسيميليانو كومينيلي,Others,Unclassified,19
ADNOCDRILL,ADNOC Drilling Company PJSC,Haleema Malalla Alkhouri,خوري حليمه مال الله محمد,Others,Unclassified,19
ADNOCDRILL,ADNOC Drilling Company PJSC,Kshitij Kohli,	كشيتيج كوهلي,Others,Unclassified,19
ADNOCDRILL,ADNOC Drilling Company PJSC,Hussain Abdalla Hussain Sajwani,حسين عبدالله حسين ساجواني,Others,Unclassified,19
ADNOCDRILL,ADNOC Drilling Company PJSC,Saeed Alwahedi,	سعيد أحمد سعيد الواحدي,Others,Unclassified,19
ADNOCDRILL,ADNOC Drilling Company PJSC,Babu Muthiah Karthiyaini,بابو موثيا كارثيايني,Others,Unclassified,19
ADNOCDRILL,ADNOC Drilling Company PJSC,Wail Mohamed Nour Mahgoub Mohamed,	وائل محمد نور محجوب محمد,Others,Unclassified,19
ADNOCDRILL,ADNOC Drilling Company PJSC,Ahmed Eldemerdash,	أحمد الدمرداش,Others,Unclassified,19
ADNOCDRILL,ADNOC Drilling Company PJSC,Muhammad Ahsan Hafeez,محمد أحسن حفيظ,Others,Unclassified,19
ADNOCDRILL,ADNOC Drilling Company PJSC,Jamil Mahmoud Alhashmi,جميل محمود شريف النهاري الهاشمي,Others,Unclassified,19
ADNOCDRILL,ADNOC Drilling Company PJSC,Adham Kamel,	ادهم خالد صلاح الدين محمد كامل,Others,Unclassified,19
ADNOCDRILL,ADNOC Drilling Company PJSC,Samar Mohamed Alnaqbi,	سمر محمد عبدالرحيم محمد النقبي,Others,Unclassified,19
ADNOCDRILL,ADNOC Drilling Company PJSC,Mechandro John,	ميكاندرو جون,Others,Unclassified,19
ADNOCDRILL,ADNOC Drilling Company PJSC,Ali Al Darwish,	علي حسين درويش آل درويش,Others,Unclassified,19
ADNOCDRILL,ADNOC Drilling Company PJSC,Nesma Aldash,	نسمه الناصر لدين الله قاسم محمد الدش,Others,Unclassified,19
ADNOCDRILL,ADNOC Drilling Company PJSC,Mohamed Mahmoud Abdelkawy Elshazly,	محمد محمود عبد القوي الشاذلي,Others,Unclassified,19
ADNOCDRILL,ADNOC Drilling Company PJSC,Seddik Abdullah Hekmat Alhassan,صديق عبدالله حكمت الحسن,Others,Unclassified,19
ADNOCDRILL,ADNOC Drilling Company PJSC,Vadivel Musiri Sadasivam,	فاديفيل موسيري ساداشيفام,Others,Unclassified,19
ADNOCDRILL,ADNOC Drilling Company PJSC,Makramalla Saber Tawfik Makramalla,	مكرم الله صابر توفيق مكرم الله,Others,Unclassified,19
ADNOCDRILL,ADNOC Drilling Company PJSC,Meera Al Tayer ,	ميره ثاني الطاير,Others,Unclassified,19
ADNOCDRILL,ADNOC Drilling Company PJSC,Rashed Al Shehhi,راشد احمد الشحي,Others,Unclassified,19
ADNOCDRILL,ADNOC Drilling Company PJSC,Mubashir Javed,	مباشر جاويد,Others,Unclassified,19
ADNOCDRILL,ADNOC Drilling Company PJSC,Andrey Nikolayevich Sokhan ,	اندرى سخن,Others,Unclassified,19
ADNOCDRILL,ADNOC Drilling Company PJSC,Joseph Philip,	جوزيف فيليب,Others,Unclassified,19
ADNOCDRILL,ADNOC Drilling Company PJSC,Mohamed Abdulla AlMehairbi,	محمد عبدالله بطي المحيربي,Others,Unclassified,19
ADNOCDRILL,ADNOC Drilling Company PJSC,Yousuf Alhadhrami,يوسف حسن احمد ثابت الحضرمي,Others,Unclassified,19
ADNOCDRILL,ADNOC Drilling Company PJSC,Mohamed Saeed Mohamed Alhajeri,محمد سعيد محمد الهاجري,Others,Unclassified,19
ADNOCDRILL,ADNOC Drilling Company PJSC,Abdulazeez Mohamed Ali Al Obeidli,	عبدالعزيز محمد علي العبيدلي,Others,Unclassified,19
ADNOCDRILL,ADNOC Drilling Company PJSC,Bijesh Kunnappilly Balan,بالان بيجيش كونابيلي,Others,Unclassified,19
ADNOCDRILL,ADNOC Drilling Company PJSC,Ayman Osman,ايمن عثمان احمد عثمان,Others,Unclassified,19
ADNOCDRILL,ADNOC Drilling Company PJSC,Srinivasan Baashkaran,باشكاران سرينفاسان,Others,Unclassified,19
ADNOCDRILL,ADNOC Drilling Company PJSC,Marya Tahsoun Moahammed Hassan Al Shehhi,ماريا تحسون محمد حسن الشحي,Others,Unclassified,19
ADNOCDRILL,ADNOC Drilling Company PJSC,Abdulla Ali Awad Hamad Almenhali,	عبدالله علي عوض حمد المنهالي,Others,Unclassified,19
ADNOCDRILL,ADNOC Drilling Company PJSC,Maha Naser Naser Ali Alawlaqi,مها ناصر ناصر العولقي,Others,Unclassified,19
ADNOCDRILL,ADNOC Drilling Company PJSC,Asma Al Zaabi,	أسماء عبيد يوسف الزعابي,Others,Unclassified,19
ADNOCDRILL,ADNOC Drilling Company PJSC,Safeya Tareq Al Sayed Safeya,	صفية طارق السيد,Others,Unclassified,19
ADNOCDRILL,ADNOC Drilling Company PJSC,Jean Pael,جان بايل,Others,Unclassified,19
ADNOCDRILL,ADNOC Drilling Company PJSC,Maria Pilar Ruiz De Villa,ماريا ديل بيلار رويز دي فيلا,Others,Unclassified,19
ADNOCDRILL,ADNOC Drilling Company PJSC,Matthew Sas,	ماثيو ساس,Others,Unclassified,19
ADNOCDRILL,ADNOC Drilling Company PJSC,Abdulaziz Bader Alameeri,	عبدالعزيز بدر عبدالكريم علي الاميري,Others,Unclassified,19
ADNOCDRILL,ADNOC Drilling Company PJSC,Anwar Alam,عالم انوار,Others,Unclassified,19
ADNOCDRILL,ADNOC Drilling Company PJSC,Adel Mohamed Al Hosani,د. عادل محمد الحوسني,Others,Unclassified,19
ADNOCDRILL,ADNOC Drilling Company PJSC,Adnan Saleh Omar Qatan Al Amri,	عدنان صالح عمر قطن العامري,Others,Unclassified,19
ADNOCDRILL,ADNOC Drilling Company PJSC,Juma Sulaiman Hareb Saeed Al Shamsi,	جمعه سليمان حارب سعيد الشامسي,Others,Unclassified,19
ADNOCDRILL,ADNOC Drilling Company PJSC,Fahad Jaafar,	فهد يوسف أحمد حسن جعفر,Others,Unclassified,19
ADNOCDRILL,ADNOC Drilling Company PJSC,Afzal Kaashif Hussain,أفضل كاشف حسين,Others,Unclassified,19
ADNOCDRILL,ADNOC Drilling Company PJSC,Mohammed Alshehhi,محمد حسن علي احمد الشحي,Others,Unclassified,19
ADNOCDRILL,ADNOC Drilling Company PJSC,Khalifa Rashed Alnuaimi,خليفة راشد حميد النعيمي,Others,Unclassified,19
ADNOCDRILL,ADNOC Drilling Company PJSC,Abhinav Jha,أبهيناف جها,Others,Unclassified,19
ADNOCDRILL,ADNOC Drilling Company PJSC,Eiman Husain Salem Al Dowaila,	ايمان حسين سالم مولى الدويله,Others,Unclassified,19
ADNOCDRILL,ADNOC Drilling Company PJSC,Mouza Zenaid Kenaish Zenaid Alqubaisi,موزة زنيد كنيش زنيد القبيسي,Others,Unclassified,19
ADNOCDRILL,ADNOC Drilling Company PJSC,Shareena Obaid Maizar Salem Alsuwaidi,شرينه عبيد السويدي,Others,Unclassified,19
ADNOCDRILL,ADNOC Drilling Company PJSC,Nasser Obaid Ahmed Saif Alkaabi,ناصر عبيد أحمد سيف الكعبي,Others,Unclassified,19
ADNOCDRILL,ADNOC Drilling Company PJSC,Nasser Mubarak Darwish Mubarak,ناصر مبارك درويش مبارك,Others,Unclassified,19
ADNOCDRILL,ADNOC Drilling Company PJSC,Mansoor Sulaiman Mohammed Taher Alblooshi,	منصور سليمان محمد طاهر البلوشي,Others,Unclassified,19
ADNOCDRILL,ADNOC Drilling Company PJSC,Ayesha Znaid Kenaish Znaid Alqubaisi,	عائشة زنيد كنيش زنيد القبيسي,Others,Unclassified,19
ADNOCDRILL,ADNOC Drilling Company PJSC,Roman Zabirov,	رومان زابيروف,Others,Unclassified,19
ADNOCDRILL,ADNOC Drilling Company PJSC,Mira Jamal Elnachar,ميرا جمال النشار,Others,Unclassified,19
ADNOCDRILL,ADNOC Drilling Company PJSC,Prasanth Deepak Kumar,براسانث ديباك كومار,Others,Unclassified,19
ADNOCDRILL,ADNOC Drilling Company PJSC,Muhammad Naved Akhtar,محمد نافيد أختر,Others,Unclassified,19
ADNOCDRILL,ADNOC Drilling Company PJSC,Oliver James Peter Scott,أوليفر جيمس بيتر سكوت,Others,Unclassified,19
ADNOCDRILL,ADNOC Drilling Company PJSC,Muhammad Nur Iman Bin Aziz,	محمد نور إيمان بن عزيز,Others,Unclassified,19
ADNOCDRILL,ADNOC Drilling Company PJSC,Mayar Ashraf Abdelaziz Elashry,ميار اشرف عبدالعزيز العشرى,Others,Unclassified,19
ADNOCDRILL,ADNOC Drilling Company PJSC,Mariam Salem Hamad Almansoori,	مريم سالم حمد المنصوري,Others,Unclassified,19
ADNOCDRILL,ADNOC Drilling Company PJSC,Johnny Hernan Gutierrez Echevarria,جوني هيرنان غوتيريز إتشيفاريا,Others,Unclassified,19
ADNOCDRILL,ADNOC Drilling Company PJSC,Noura Rashed Khalfan Almazrouei,	نورة راشد خلفان المزروعي,Others,Unclassified,19
ADNOCDRILL,ADNOC Drilling Company PJSC,Haleema Hamad Hasan Abdulla Alfzari,	حليمة حمد حسن عبدالله الفزاري,Others,Unclassified,19
ADNOCDRILL,ADNOC Drilling Company PJSC,Abdo Mohammed Abdullah Al Reyashi,	عبده محمد الرياشي,Others,Unclassified,19
ADNOCDRILL,ADNOC Drilling Company PJSC,Imran Shakoor Abdulshakoor,عمران شكور,Others,Unclassified,19
ADNOCDRILL,ADNOC Drilling Company PJSC,Saoud Mohamed Abdulla Hasan Alhammadi,	سعود محمد عبدالله حسن الحمادي,Others,Unclassified,19
ADNOCDRILL,ADNOC Drilling Company PJSC,Saud Ahmed Abdalla Ahmed Alhammadi,سعود احمد عبدالله الحمادي,Others,Unclassified,19
ADNOCDRILL,ADNOC Drilling Company PJSC,Sarra Eissa Ebrahim Alharan Al Ali,	ساره عيسى ابراهيم الحران ال علي,Others,Unclassified,19
ADNOCDRILL,ADNOC Drilling Company PJSC,Saeed Ateeq Obaid Thani Alremeithi,سعيد عتيق عبيد ثاني الرميثي,Others,Unclassified,19
ADNOCDRILL,ADNOC Drilling Company PJSC,Reem Obaid Rashid Obaid Alrayssi,	ريم عبيد راشد عبيد الريسي,Others,Unclassified,19
ADNOCDRILL,ADNOC Drilling Company PJSC,Mohammed Serhan Amer Alsabea Alsawwafi,	محمد سرحان عامر السبع الصوافي,Others,Unclassified,19
ADNOCDRILL,ADNOC Drilling Company PJSC,Khaled Saleh Ahmed Daifalla Almessabi,خالد صالح احمد المصعبي,Others,Unclassified,19
ADNOCDRILL,ADNOC Drilling Company PJSC,Hafsa Ahmed Jasem Ahmed Alhosani,حفصة أحمد جاسم أحمد الحوسني,Others,Unclassified,19
ADNOCDRILL,ADNOC Drilling Company PJSC,Faisal Braik Mohammed Salem Alkatheeri,	فيصل بريك محمد الكثيري,Others,Unclassified,19
ADNOCDRILL,ADNOC Drilling Company PJSC,Ali Abdulrhman Ali Abdulrhman Ali,علي عبدالرحمن علي عبدالرحمن علي,Others,Unclassified,19
ADNOCDRILL,ADNOC Drilling Company PJSC,Aisha Saeed Awadh Alshawoosh,	عائشة سعيد الشاووش,Others,Unclassified,19
ADNOCDRILL,ADNOC Drilling Company PJSC,Ahmed Mubarak Abdulla Almansoori,احمد مبارك عبدالله المنصوري,Others,Unclassified,19
ADNOCDRILL,ADNOC Drilling Company PJSC,Neha Tiwari,نيها تيواري,Others,Unclassified,19
ADNOCDRILL,ADNOC Drilling Company PJSC,Tarek Abdelfatah Abdelaziz,	طارق عبدالفتاح عبدالعزيز عبدالفتاح,Others,Unclassified,19
ADNOCDRILL,ADNOC Drilling Company PJSC,Hamad Mohamed Abdulla Alharmoodi Alsheebani,حمد محمد عبدالله الهرمودي الشيباني,Others,Unclassified,19
ADNOCDRILL,ADNOC Drilling Company PJSC,Syed Wajid Ahmed,سيد واجد أحمد,Others,Unclassified,19
ADNOCDRILL,ADNOC Drilling Company PJSC,Hazem Hamed Abdelkader Mohamed Elstohy,حازم حامد عبد القادر محمد السطوحي,Others,Unclassified,19
ADNOCDRILL,ADNOC Drilling Company PJSC,Ahmed Saeed Abdulla Bin Hidarah,احمد سعيد عبدالله بن حيدره,Others,Unclassified,19
ADNOCDRILL,ADNOC Drilling Company PJSC,Mohammed Sultan	Shahada Khalil Mohammed Zoghbor,محمد سلطان شحاده خليل محمد زغبر,Others,Unclassified,19
ADNOCDRILL,ADNOC Drilling Company PJSC,Archie Changco Ricaplaza,ارشي تشانغكو ريكابلازا,Others,Unclassified,19
ADNOCDRILL,ADNOC Drilling Company PJSC,Saif Obaid Saif Obaid Almheiri,	سيف عبيد سيف المهيري,Others,Unclassified,19
ADNOCDRILL,ADNOC Drilling Company PJSC,Abdul Kareem Chappayil,	عبدالكريم شابيل,Others,Unclassified,19
ADNOCDRILL,ADNOC Drilling Company PJSC,Nizar Basheer Ahamed ,نزار أحمد,Others,Unclassified,19
ADNOCDRILL,ADNOC Drilling Company PJSC,Abdulla Easa Saeed Bu Alkaila Alshamsi,عبدالله عيسى سعيد بوالكيله الشامسي,Others,Unclassified,19
ADNOCDRILL,ADNOC Drilling Company PJSC,Amira Abdulla Mohamed Salem Alketbi,أميرة عبداللة محمد الكتبي,Others,Unclassified,19
ADNOCDRILL,ADNOC Drilling Company PJSC,Mufaddal Husain,مفضل حسين,Others,Unclassified,19
ADNOCDRILL,ADNOC Drilling Company PJSC,Nada Ali Saif Alyaarbi,ندى علي سيف اليعربي,Others,Unclassified,19
ADNOCDRILL,ADNOC Drilling Company PJSC,Amr Rezk Rezk Ramadan,عمرو رزق رزق رمضان,Others,Unclassified,19
ADNOCDRILL,ADNOC Drilling Company PJSC,Faisal Farouq Aljaberi,فيصل فاروق الجابري,Others,Unclassified,19
ADNOCDRILL,ADNOC Drilling Company PJSC,Hassan Mohammad Khairi,حسن محمد صالح خيري,Others,Unclassified,19
ADNOCDRILL,ADNOC Drilling Company PJSC,Salem Ahmed Ali Babakri Alhadhrami ,سالم احمد علي بابكري الحضرمي,Others,Unclassified,19
ADNOCDRILL,ADNOC Drilling Company PJSC,Nizamuddin Mohammed,نظام الدين محمد,Others,Unclassified,19
ADNOCDRILL,ADNOC Drilling Company PJSC,Muhammad Azeem,محمد عظیم,Others,Unclassified,19
ADNOCDRILL,ADNOC Drilling Company PJSC,Anil Singh Negi,أنيل سينغ نيجي,Others,Unclassified,19
ADNOCDRILL,ADNOC Drilling Company PJSC,Muhammad Arshad,محمد أرشد,Others,Unclassified,19
ADNOCDRILL,ADNOC Drilling Company PJSC,Aysha Abdulrahman Abdulla Mohamed Almarzooqi,عائشة عبدالرحمن عبدالله محمد المرزوقي,Others,Unclassified,19
ADNOCDRILL,ADNOC Drilling Company PJSC,Fahed Salem Alameri,فهد سالم العامري,Others,Unclassified,19
ADNOCDRILL,ADNOC Drilling Company PJSC,John Albert White Jr,جون ألبرت وايت,Others,Unclassified,19
ADNOCDRILL,ADNOC Drilling Company PJSC,Omar Alsayed Sharaf,عمر السيد شرف,Others,Unclassified,19
ADNOCDRILL,ADNOC Drilling Company PJSC,Ahmed Yousif Ahmed Ismal Almarzooqi,احمد يوسف احمد اسماعيل المرزوقي,Others,Unclassified,19
ADNOCDRILL,ADNOC Drilling Company PJSC,Peter Adly Abdelsayed Hanna,بيتر عدلى عبد السيد حنا,Others,Unclassified,19
ADNOCDRILL,ADNOC Drilling Company PJSC,Abdelaziz Mohamed Hamdan Alhantoobi,عبدالعزيز محمد حمدان الحنطوبي,Others,Unclassified,19
ADNOCDRILL,ADNOC Drilling Company PJSC,Ahmed Nasser Saeed Mohamed Alzaabi,احمد ناصر سعيد محمد الزعابي,Others,Unclassified,19
ADNOCDRILL,ADNOC Drilling Company PJSC,Fayeza Jamal Eidha Mubarak Alameri,فايزة جمال عيظه مبارك قبيس العامري,Others,Unclassified,19
ADNOCDRILL,ADNOC Drilling Company PJSC,Ritu Raj Srivastava,ريتو راج سريفاستافا سونيل كومار سريفاستافا,Others,Unclassified,19
ADNOCDRILL,ADNOC Drilling Company PJSC,Alina Chemseddine,ألينا شمس الدين,Others,Unclassified,19
ADNOCDRILL,ADNOC Drilling Company PJSC,Adel Abdulrahman Abdulla Husain Almarzooqi,عادل عبدالرحمن عبدالله حسين المرزوقي,Others,Unclassified,19
ADNOCDRILL,ADNOC Drilling Company PJSC,Jawahir Hassan Ali Matar Alriyami,	جواهر حسن الريامي,Others,Unclassified,19
ADNOCDRILL,ADNOC Drilling Company PJSC,Abdul Raheem Seyed,عبد الرحيم سيد,Others,Unclassified,19
ADNOCDRILL,ADNOC Drilling Company PJSC,Abdesslam Zohir Mordjani,عبد السلام زوهير مرجاني,Others,Unclassified,19
ADNOCDRILL,ADNOC Drilling Company PJSC,Amal Omar Ahmed,امل عمر احمد,Others,Unclassified,19
ADNOCDRILL,ADNOC Drilling Company PJSC,Badreya Ali Naser Shukri Almarzooqi,بدريه علي ناصر,Others,Unclassified,19
ADNOCDRILL,ADNOC Drilling Company PJSC,Saeed Salem Saeed Saad Almenhali,	سعيد سالم سعيد سعد المنهالي,Others,Unclassified,19
ADNOCDRILL,ADNOC Drilling Company PJSC,Wael Ahmed Bahgat Ali Elsayed Alkholy,وائل أحمد بهجت علي السيد الخولي,Others,Unclassified,19
ADNOCDRILL,ADNOC Drilling Company PJSC,Khaled Saeed Rashed Saeed Alshamsi,	خالد سعيد راشد سعيد الشامسي,Others,Unclassified,19
ADNOCDRILL,ADNOC Drilling Company PJSC,Ali Habib Abdulrahman Habibjaafar Alaydaroos,علي حبيب عبد الرحمن العيدروس,Others,Unclassified,19
ADNOCDRILL,ADNOC Drilling Company PJSC,Alia Rashed Sultan Saif Alshamsi,عليا راشد سلطان الشامسي,Others,Unclassified,19
ADNOCDRILL,ADNOC Drilling Company PJSC,Mohammed Saeed Khalifa Salem Alghaithi,محمد سعيد خليفه سالم الغيثي,Others,Unclassified,19
ADNOCDRILL,ADNOC Drilling Company PJSC,Ioanna Evangeli,ايوانا ايفانجلي,Others,Unclassified,19
ADNOCDRILL,ADNOC Drilling Company PJSC,Mohamed Hassan Ibrahim Eid,محمد حسن ابراهيم عيد,Others,Unclassified,19
ADNOCDRILL,ADNOC Drilling Company PJSC,Mohamed Ahmed Saeed Matar Almarshoodi,محمد أحمد سعيد مطر سالم المرشودي,Others,Unclassified,19
ADNOCDRILL,ADNOC Drilling Company PJSC,Abdulla Hasan Malalla Makki Alshehhi,عبدالله حسن مال الله مكي الشحي,Others,Unclassified,19
ADNOCDRILL,ADNOC Drilling Company PJSC,Saooda Mohamed Bakheet Abdulla Almansoori,سعوده محمد بخيت المنصوري,Others,Unclassified,19
ADNOCDRILL,ADNOC Drilling Company PJSC,Faker Outhman Blbisi,فاخر عثمان بلبيسي,Others,Unclassified,19
ADNOCDRILL,ADNOC Drilling Company PJSC,Abdul Wahab Abdul Rahman Alsaleh,	عبدالوهاب عبد الرحمن الصالح,Others,Unclassified,19
ADNOCDRILL,ADNOC Drilling Company PJSC,Ali Mohamed Ibrahim Mohamed Alhosani,علي محمد ابراهيم محمد الحوسني,Others,Unclassified,19
ADNOCDRILL,ADNOC Drilling Company PJSC,Waleed Saeed Ahmed Alshareef Alneaimi,وليد سعيد أحمد النعيمي,Others,Unclassified,19
ADNOCDRILL,ADNOC Drilling Company PJSC,Yaqoob Yousuf Abdulrahman Ali Flamarzi,يعقوب يوسف عبدالرحمن علي فلامرزي,Others,Unclassified,19
ADNOCDRILL,ADNOC Drilling Company PJSC,Ishaq Mohamed Abdalla Mohamed Alyassi,اسحاق محمد عبدالله محمد الياسي,Others,Unclassified,19
ADNOCDRILL,ADNOC Drilling Company PJSC,Helal Ali Salim Humaid Alkindi,هلال علي سالم حميد الكندي,Others,Unclassified,19
ADNOCDRILL,ADNOC Drilling Company PJSC,Ahmed Saeed Ali Alhouli Alsuwaidi,أحمد سعيد علي الهولي السويدي,Others,Unclassified,19
ADNOCDRILL,ADNOC Drilling Company PJSC,Abdulrahman Ahmed Ali Alzubaidi ,عبدالرحمن احمد علي الزبيري,Others,Unclassified,19
ADNOCDRILL,ADNOC Drilling Company PJSC,Obaid Yousef Obaid Saifan Alzaabi,	عبيد يوسف عبيد سيفان الزعابي,Others,Unclassified,19
ADNOCDRILL,ADNOC Drilling Company PJSC,Mohsin Khamis Abdulla Sulaiman Alobeidli,محسن خميس عبدالله سليمان العبيدلي,Others,Unclassified,19
ADNOCDRILL,ADNOC Drilling Company PJSC,Mohamed Elsayed Mohamed Khafagi,محمد السيد محمد خفاجي,Others,Unclassified,19
ADNOCDRILL,ADNOC Drilling Company PJSC,Abdulla Saleh Mohammed Abdulrahim Sharif,عبدالله صالح محمد عبدالرحيم شريف,Others,Unclassified,19
ADNOCDRILL,ADNOC Drilling Company PJSC,Omar Jaafar Hassan Albaiti Alhashmi,عمر جعفر حسن البيتي الهاشمي,Others,Unclassified,19
ADNOCDRILL,ADNOC Drilling Company PJSC,Osama Abdelhamid Ali Mohamed Abdelnaby,	أسامة عبد الحميد علي محمد عبد النبي,Others,Unclassified,19
ADNOCDRILL,ADNOC Drilling Company PJSC,Majed Salem Khodoum Hashel Alkaabi,ماجد سالم الكعبي,Others,Unclassified,19
ADNOCDRILL,ADNOC Drilling Company PJSC,Ramy Gaber Mahmoud Hemdan,	رامي جابر محمود حمدان,Others,Unclassified,19
ADNOCDRILL,ADNOC Drilling Company PJSC,Khalid Abdulrahman Jumaa Sultan AlMarzooqi AlMarzooqi,خالد عبدالرحمن جمعه سلطان المرزوقي,Others,Unclassified,19
ADNOCDRILL,ADNOC Drilling Company PJSC,Reem Salim Ahmad Alhoraizy,	ريم سالم أحمد سعد الحريزي,Others,Unclassified,19
ADNOCDRILL,ADNOC Drilling Company PJSC,Jayesh Vittal Borude,جايش فيتال بورود,Others,Unclassified,19
ADNOCDRILL,ADNOC Drilling Company PJSC,Fouad Nawras Silin,	فؤاد نورس صيلين,Others,Unclassified,19
ADNOCDRILL,ADNOC Drilling Company PJSC,Sanaa Ait El Khadir,	سناء أيت الخضير,Others,Unclassified,19
ADNOCDRILL,ADNOC Drilling Company PJSC,Muna Abdalla Saeed Abdalla Alnaqbi,	منى عبدالله سعيد عبدالله النقبي,Others,Unclassified,19
ADNOCDRILL,ADNOC Drilling Company PJSC,Ali Essa Hoor Alqeshairi Almahri,على عيسى حور القشيرى المهري,Others,Unclassified,19
ADNOCDRILL,ADNOC Drilling Company PJSC,Wael Ibrahim Abdullatif Hussein,	وائل ابراهيم عبد اللطيف حسين,Others,Unclassified,19
ADNOCDRILL,ADNOC Drilling Company PJSC,Ahmed Mohamed Nagib Fahmy Mohamed,	احمد محمد نجيب فهمي محمد,Others,Unclassified,19
ADNOCDRILL,ADNOC Drilling Company PJSC,Mohamed Farouk Marghany Ibrahim,	محمد إبراهيم,Others,Unclassified,19
ADNOCDRILL,ADNOC Drilling Company PJSC,Ahmed Ali Khamees Ali Alhosani,	أحمد علي خميس علي الحوسني,Others,Unclassified,19
ADNOCDRILL,ADNOC Drilling Company PJSC,Abdulla Saeed Ali Rawdha Almansoori,	عبدالله سعيد علي روضة المنصوري,Others,Unclassified,19
ADNOCDRILL,ADNOC Drilling Company PJSC,Amr Abdelsalam Mahmoud Elmikaty,	عمرو عبد السلام محمود الميقاتي,Others,Unclassified,19
ADNOCDRILL,ADNOC Drilling Company PJSC,Sara Abdulla Awad Alderei,سارة عبدالله عوض الدرعي,Others,Unclassified,19
ADNOCDRILL,ADNOC Drilling Company PJSC,Moadh Abdulla Hamad Alrnaaq Alyammahi,	معاذ عبدالله حمد الارناق اليماحي,Others,Unclassified,19
ADNOCDRILL,ADNOC Drilling Company PJSC,Ahmed Mohammed Ali Ghardeqa Alteneiji,أحمد محمد علي غردقه الطنيجي,Others,Unclassified,19
ADNOCDRILL,ADNOC Drilling Company PJSC,Mubarak Eid Ghumail Amer Alyahyaee,مبارك عيد غميل عامر اليحيائي,Others,Unclassified,19
ADNOCDRILL,ADNOC Drilling Company PJSC,Svetlana Vladimir Lukianova,	سفيتلانا لوكيانوفا,Others,Unclassified,19
ADNOCDRILL,ADNOC Drilling Company PJSC,Maryam Ali Saeed Khamis Alabdouli,مريم علي سعيد العبدولي,Others,Unclassified,19
ADNOCDRILL,ADNOC Drilling Company PJSC,Musabbeh Khamis Hamad Salem Alsamahi,	مصبح خميس حمد السماحي,Others,Unclassified,19
ADNOCDRILL,ADNOC Drilling Company PJSC,Alyazia Ali Mohamed Khamis Alshamsi,اليازية علي محمد خميس الشامسي,Others,Unclassified,19
ADNOCDRILL,ADNOC Drilling Company PJSC,Mariam Salem Maizar Salem Alsuwaidi,مريم سالم ميزر سالم السويدي,Others,Unclassified,19
ADNOCDRILL,ADNOC Drilling Company PJSC,Noora Saeed Eida Mohamed Almansoori,خالد سعيد علي محمد المنصوري,Others,Unclassified,19
ADNOCDRILL,ADNOC Drilling Company PJSC,Sara Khalifa Abdulla Yousef Alsalmi,	ساره خليفه عبدالله يوسف السالمي,Others,Unclassified,19
ADNOCDRILL,ADNOC Drilling Company PJSC,Narayanan Ramaswamy Ramaswamy Pillai,نارايانان راماسوامي راماسوامي بيلادي,Others,Unclassified,19
ADNOCDRILL,ADNOC Drilling Company PJSC,Yahya Yousif Ahmed Mohamed Alhammadi,يحيى يوسف أحمد محمد الحمادي,Others,Unclassified,19
ADNOCDRILL,ADNOC Drilling Company PJSC,Ahmed Saeed Helal Ali Al Sulaimani,أحمد ٍعيد هلال علي السليماني,Others,Unclassified,19
ADNOCDRILL,ADNOC Drilling Company PJSC,Mohamed Alsaied Mohamed Ali Mosaad,	محمد السيد محمد على مسعد,Others,Unclassified,19
ADNOCDRILL,ADNOC Drilling Company PJSC,Aya Faisal Ahmed Alkhatib,	ايه فيصل احمد الخطيب,Others,Unclassified,19
ADNOCDRILL,ADNOC Drilling Company PJSC,Nayef Ahmed Yousef Marbouti Almarzooqi,	نايف أحمد المرزوقي,Others,Unclassified,19
ADNOCDRILL,ADNOC Drilling Company PJSC,Noura Obaid Salem Bin Thaiban Almansoori,	نورة عبيد سالم بن ذيبان المنصوري,Others,Unclassified,19
ADNOCDRILL,ADNOC Drilling Company PJSC,Farhan Ali Khan,	فرحان علي خان,Others,Unclassified,19
ADNOCDRILL,ADNOC Drilling Company PJSC,Eyad Ahmad Mohammad Rawashdeh,	اياد احمد رواشده,Others,Unclassified,19
ADNOCDRILL,ADNOC Drilling Company PJSC,Ericson Dumote Asemebo ,	اريكسون اسمبو,Others,Unclassified,19
ADNOCDRILL,ADNOC Drilling Company PJSC,Muhra Yousef Khaleel Ibraheem Alhammadi,	مهره يوسف الحمادي,Others,Unclassified,19
ADNOCDRILL,ADNOC Drilling Company PJSC,Romains Singlere Lieudop,	ليودوب روماينس سينجايري,Others,Unclassified,19
ADNOCDRILL,ADNOC Drilling Company PJSC,Abdulla Mohammed Abdulla Mohammed Alkatheeri,	عبدالله محمد عبدالله محمد الكثيري,Others,Unclassified,19
ADNOCDRILL,ADNOC Drilling Company PJSC,Khaled Abdulmonem Saif Humood Alkindi,خالد عبدالمنعم سيف حمود احمد الكندي,Others,Unclassified,19
ADNOCGAS,ADNOC Gas plc,H.E. Dr. Sultan Ahmed Aljaber,معالي د. سلطان أحمد الجابر,Chairman,Board,1
ADNOCGAS,ADNOC Gas plc,Fatema Mohamed Abdulla Alshaibeh AlNuaimi, فاطمه محمد عبدالله الشيبه النعيمي ,CE/ CEO,Management,5
ADNOCGAS,ADNOC Gas plc,Khalfan Al Dahmani,خلفان الدهماني,Chief Financial Controller,Unclassified,9
ADNOCGAS,ADNOC Gas plc,Mike Baker,مايك بيكر,Chief Financial Controller,Unclassified,9
ADNOCGAS,ADNOC Gas plc,Saud Mohamed Ahmed Eid Al Hammadi,سعود محمد أحمد عيد الحمادي,Top Management,Management,10
ADNOCGAS,ADNOC Gas plc,MOHAMED TAJUDEEN ALSAYED MOHAMED ALHASHMI,محمد تاج الدين السيد محمد الهاشمي,Top Management,Management,10
ADNOCGAS,ADNOC Gas plc,Maitha Ahmed Omar Abdulla Balfaqeeh,ميثاء أحمد عمر عبدالله بلفقيه,Top Management,Management,10
ADNOCGAS,ADNOC Gas plc,Petrus Stephanus Van Driel,بطروس ستفانوس فان دريل,Top Management,Management,10
ADNOCGAS,ADNOC Gas plc,Navneeth Acharya,نافنيت اشاريا,Top Management,Management,10
ADNOCGAS,ADNOC Gas plc,Cornelis Tjalling Wiersma,كورنيليس تجالينج ويرسما,Top Management,Management,10
ADNOCGAS,ADNOC Gas plc,Abdulmunim Saif Alkindi,عبدالمنعم سيف الكندي,Board Member,Board,11
ADNOCGAS,ADNOC Gas plc,Khaled Mohamed Alzaabi,خالد محمد الزعابي ,Board Member,Board,11
ADNOCGAS,ADNOC Gas plc,Nasser Mohamed Almheiri,ناصر المهيري,Board Member,Board,11
ADNOCGAS,ADNOC Gas plc,Musabbeh Helal Alkaabi,مصبح هلال الكعبي,Board Member,Board,11
ADNOCGAS,ADNOC Gas plc,H.E. Kamal Ishaq Almaazmi,سعادة كمال اسحاق المازمي,Board Member,Board,11
ADNOCGAS,ADNOC Gas plc,FATEMA MOHAMED ABDULLA ALSHAIBEH ALNUAIMI,فاطمه محمد عبدالله الشيبه النعيمى,Board Member,Board,11
ADNOCGAS,ADNOC Gas plc,Amro Salman Mubarak Salem,عمرو سلمان مبارك سالم العكبري,Others,Unclassified,19
ADNOCGAS,ADNOC Gas plc,Asma Omar Saleh Alzubaidi,أسماء عمر صالح الزبيدي ,Others,Unclassified,19
ADNOCLS,ADNOC Logistics & Services plc,H.E. Dr. Sultan Ahmed Sultan Essa Aljaber,معالى د. سلطان احمد  سلطان عيسى الجابر,Chairman,Board,1
ADNOCLS,ADNOC Logistics & Services plc,Abdulkareem Mubarak Almessabi,عبدالكريم مبارك احمد عبدالله المصعبي,CE/ CEO,Management,5
ADNOCLS,ADNOC Logistics & Services plc,Adil Mohammed Ali Abdulla Al Maazmi,	عادل محمد علي عبدالله المازمي,Top Management,Management,10
ADNOCLS,ADNOC Logistics & Services plc,Mohamed Ali Mousa Torki Al-Ali,	محمد علي موسى تركي العلي,Top Management,Management,10
ADNOCLS,ADNOC Logistics & Services plc,Ahmad Saeed Obaid Bin Taresh Al Dhaheri,احمد سعيد عبيد بن طارش الظاهري,Top Management,Management,10
ADNOCLS,ADNOC Logistics & Services plc,Justin Sawdon Stewart Murphy,جاستن ميرفي,Top Management,Management,10
ADNOCLS,ADNOC Logistics & Services plc,AMIT PAL,اميت بال,Top Management,Management,10
ADNOCLS,ADNOC Logistics & Services plc,HUGH LAWRENCE BAKER,هوغ لورنس باكر,Top Management,Management,10
ADNOCLS,ADNOC Logistics & Services plc,ANDREW BAIRD,اندريو بايرد,Top Management,Management,10
ADNOCLS,ADNOC Logistics & Services plc,Nasser Mohamed Omeir Yousef Almheiri,ناصر محمد عمير يوسف المهيري,Board Member,Board,11
ADNOCLS,ADNOC Logistics & Services plc,Mashal Saoud Mohamed Alkindi Alseiari,مشعل سعود محمد الكندى الصيعري,Board Member,Board,11
ADNOCLS,ADNOC Logistics & Services plc,Tayba Abdul Rahim Mohamed Alhashmi,طيبه عبدالرحيم محمد الهاشمي,Board Member,Board,11
ADNOCLS,ADNOC Logistics & Services plc,Khaled Mohamed Abdulla Alalkeem Alzaabi,خالد محمد عبدالله العلكيم الزعابي,Board Member,Board,11
ADNOCLS,ADNOC Logistics & Services plc,Khaled Salmeen Anbar Salmeen,	خالد  سالمين عنبر سالمين,Board Member,Board,11
ADNOCLS,ADNOC Logistics & Services plc,Marwan Naim Salem Nijmeh,مروان نعيم سالم نجمه,Board Member,Board,11
ADNOCLS,ADNOC Logistics & Services plc,ADNOC LOGISTICS & SERVICES PLC,أدنوك للإمداد والخدمات بي أل سي,Company,Unclassified,18
ADNOCLS,ADNOC Logistics & Services plc,Tareq Jamal Mohammad Ghanim,طارق جمال محمد غان م,Others,Unclassified,19
ADNOCLS,ADNOC Logistics & Services plc,Iryna Kovalchuk ,إيرينا كوفالتشوك,Others,Unclassified,19
ADNOCLS,ADNOC Logistics & Services plc,Fatema Mohamed 	Al Nuaimi,	فاطمة محمد عبدالله النعيمي,Others,Unclassified,19
ADNOCLS,ADNOC Logistics & Services plc,Duncan Emmanuel	Gracias,	دنكان إيمانويل غراسياس,Others,Unclassified,19
ADNOCLS,ADNOC Logistics & Services plc,Lawrie Christian  Rodney Pattison,	لاوري كريستان رودني باتسيون,Others,Unclassified,19
ADNOCLS,ADNOC Logistics & Services plc,Mohamed Al Katheeri,	محمد عبدالله سعيد بن كده الكثيري,Others,Unclassified,19
ADNOCLS,ADNOC Logistics & Services plc,Mansoor Thani Ali Al Hammadi,	منصور ثاني علي الحمادي,Others,Unclassified,19
ADNOCLS,ADNOC Logistics & Services plc,Charles Auston Rotheram,شارل أوستن روترام ,Others,Unclassified,19
ADNOCLS,ADNOC Logistics & Services plc,Hasan Mohamed Ibrahim Abdulla Alhammadi,	حسن محمد ابراهيم عبدالله الحمادي,Others,Unclassified,19
ADNOCLS,ADNOC Logistics & Services plc,Mashood Tabassum Dar,مشهود تبسم دار,Others,Unclassified,19
ADNOCLS,ADNOC Logistics & Services plc,Muatasem Mohamed Al Nuaimi,	معتصم محمد خميس عبيد النعيمي,Others,Unclassified,19
ADNOCLS,ADNOC Logistics & Services plc,Sumaya 	Mohamed Alobeidli,سمية محمد حسين أحمد العبيدلي,Others,Unclassified,19
ADNOCLS,ADNOC Logistics & Services plc,Khaled Almalood ,	خالد علي هديب عيسى المالود,Others,Unclassified,19
ADNOCLS,ADNOC Logistics & Services plc,Reema Abdulla Ibrahim Alrashed,	ريما عبدالله ابراهيم الراشد,Others,Unclassified,19
ADNOCLS,ADNOC Logistics & Services plc,Ahmed Ali Al Dhaleei,	احمد علي عبدالله علي الضالعي,Others,Unclassified,19
ADNOCLS,ADNOC Logistics & Services plc,Saeed Akeel Al Zarooni,سعيد عقيل عبدالرحيم الزرعونى,Others,Unclassified,19
ADNOCLS,ADNOC Logistics & Services plc,Oleksiy Brykalov,ألكسي بريكالوف,Others,Unclassified,19
ADNOCLS,ADNOC Logistics & Services plc,Reji Manjiparambil Somasundaran,ريجي سوماسانداران,Others,Unclassified,19
ADNOCLS,ADNOC Logistics & Services plc,Omar Al Ahmadi,	عمر علي محمود عبدالله الأحمدي,Others,Unclassified,19
ADNOCLS,ADNOC Logistics & Services plc,Naseeruddin Irfan Mohammed,	نصير الدين عرفان محمد,Others,Unclassified,19
ADNOCLS,ADNOC Logistics & Services plc,Mohamed Abdulla Ahmed Almansoori,محمد عبدالله أحمد يوسف المنصوري,Others,Unclassified,19
ADNOCLS,ADNOC Logistics & Services plc,Nitin Khetawat,نيتن كهيتاوات,Others,Unclassified,19
ADNOCLS,ADNOC Logistics & Services plc,Anand Raj,اناند راج,Others,Unclassified,19
ADNOCLS,ADNOC Logistics & Services plc,Iyad Hammad,اياد حماد,Others,Unclassified,19
ADNOCLS,ADNOC Logistics & Services plc,Andrew Adam Kidd ,اندرو ادم كيد,Others,Unclassified,19
ADNOCLS,ADNOC Logistics & Services plc,Lisa Odegaard,	ليسا اوديجاارد,Others,Unclassified,19
ADNOCLS,ADNOC Logistics & Services plc,Saad Afsarul Mannan,سعد أفسار المنان,Others,Unclassified,19
ADNOCLS,ADNOC Logistics & Services plc,Arfan Sarwar,عرفان سروار,Others,Unclassified,19
ADNOCLS,ADNOC Logistics & Services plc,Anjana Vipin,	انجانه فيبين,Others,Unclassified,19
ADNOCLS,ADNOC Logistics & Services plc,Panagiotis Pantelis,باناجيوتيس بانتيليس,Others,Unclassified,19
ADNOCLS,ADNOC Logistics & Services plc,Kapil Miglani,كابيل ميجلاني,Others,Unclassified,19
ADNOCLS,ADNOC Logistics & Services plc,Abdul-Rahman Al-Bazzaz,	عبد الرحمن البزاز,Others,Unclassified,19
ADNOCLS,ADNOC Logistics & Services plc,Zaid Irfan Samar ,زايد عرفان سامار,Others,Unclassified,19
ADNOCLS,ADNOC Logistics & Services plc,Joshva Martto Joseph Jeyabalan,	جوشفا مارتو جايابلان,Others,Unclassified,19
ADNOCLS,ADNOC Logistics & Services plc,Mohammad Waleed Aamir,محمد وليد عامر,Others,Unclassified,19
ADNOCLS,ADNOC Logistics & Services plc,Vinod Kumar Maheshwari,ؤينؤد كؤمار مهيشؤري,Others,Unclassified,19
ADNOCLS,ADNOC Logistics & Services plc,Arpit Gupta,اربيت جوبتا,Others,Unclassified,19
ADNOCLS,ADNOC Logistics & Services plc,Alka Kumari Pravin Patel,	ألكا كوماري برافين باتيل,Others,Unclassified,19
ADNOCLS,ADNOC Logistics & Services plc,Ihab Musaddiq Abdulsalam Hurzuk,ايةاب ةرؤك,Others,Unclassified,19
ADNOCLS,ADNOC Logistics & Services plc,Shishir Kumar ,شيشير كومار,Others,Unclassified,19
ADNOCLS,ADNOC Logistics & Services plc,Luay Wa'el Manfalouti,	لؤي وائل المنفلوطي,Others,Unclassified,19
ADNOCLS,ADNOC Logistics & Services plc,Navas Pokker Poovamparambil,	بوفام برامبل بونر نواس,Others,Unclassified,19
ADNOCLS,ADNOC Logistics & Services plc,Yaser Ahmed Mohamed Husain Hamdan Budebes,ياسر احمد محمد حسين حمدان بودبس,Others,Unclassified,19
ADNOCLS,ADNOC Logistics & Services plc,Faisal Mohamed Abdulrazaq Ali Alhammadi,	فيصل محمد عبدالرزاق علي الحمادي,Others,Unclassified,19
ADNOCLS,ADNOC Logistics & Services plc,Ibrahim 	Hasan 	Al Zaabi,	ابراهيم حسن علي سعيد الزعابي,Others,Unclassified,19
ADNOCLS,ADNOC Logistics & Services plc,Amer Abu Baker Salem Binmahfoodh,	عامر أبوبكر سالم بن محفوظ,Others,Unclassified,19
ADNOCLS,ADNOC Logistics & Services plc,Ahlam Salem,	أحلام عمر عبدالله سالم,Others,Unclassified,19
ADNOCLS,ADNOC Logistics & Services plc,Ghanim Alhameli,	غانم الهاملي,Others,Unclassified,19
ADNOCLS,ADNOC Logistics & Services plc,Omar Baobaid,عمر أبوبكر أحمد باعبيد,Others,Unclassified,19
ADNOCLS,ADNOC Logistics & Services plc,Maryam Darweish Khameis Masoud Almatrooshi,	مريم درويش خميس المطروشي,Others,Unclassified,19
ADNOCLS,ADNOC Logistics & Services plc,Mohamed Muslim Muliyathil,	محمد مسلم مولياثل,Others,Unclassified,19
ADNOCLS,ADNOC Logistics & Services plc,Mohamed Sijilmassi,	سجلماسي محمد,Others,Unclassified,19
ADNOCLS,ADNOC Logistics & Services plc,Rahoof Khaleel Rahman,رؤوف خليل الرحمن,Others,Unclassified,19
ADNOCLS,ADNOC Logistics & Services plc,Nishith Chawla,	نيشيت شاولا,Others,Unclassified,19
ADNOCLS,ADNOC Logistics & Services plc,Ali Elali,علي العلي,Others,Unclassified,19
ADNOCLS,ADNOC Logistics & Services plc,Ayesha Mohamed Al Hammadi,عائشة محمد نوري عقيل الحمادي,Others,Unclassified,19
ADNOCLS,ADNOC Logistics & Services plc,Klaus Bernhard Alfred Froehlich,كلاوس بيرنهارد الفريد فرويهليش,Others,Unclassified,19
ADNOCLS,ADNOC Logistics & Services plc,Ayman Dabash,	ايمن صالح حسني دبش,Others,Unclassified,19
ADNOCLS,ADNOC Logistics & Services plc,Wafa Ahmed Al Ali,	وفاء أحمد سالم سرحان ال علي,Others,Unclassified,19
ADNOCLS,ADNOC Logistics & Services plc,Abdulaziz Mohamed Ahmed AlAdeeb Al Zaabi,عبد العزيز محمد احمد الاديب الزعابي,Others,Unclassified,19
ADNOCLS,ADNOC Logistics & Services plc,Martin Tardio Velasco,	مارتن ويلسكو,Others,Unclassified,19
ADNOCLS,ADNOC Logistics & Services plc,Abdulbari Berk Saeed Alzubaidi,	عبدالباري بريك سعيد الزبيدي,Others,Unclassified,19
ADNOCLS,ADNOC Logistics & Services plc,Fares Brikhan ,فارس بريخان,Others,Unclassified,19
ADNOCLS,ADNOC Logistics & Services plc,Kavita Sood,كافيتا سود,Others,Unclassified,19
ADNOCLS,ADNOC Logistics & Services plc,Marco Vacca,ماركو فاسا,Others,Unclassified,19
ADNOCLS,ADNOC Logistics & Services plc,Sara Saeed Ateeq Al Suwaidi,سارة سعيد عتيق السويدي,Others,Unclassified,19
ADNOCLS,ADNOC Logistics & Services plc,Danielle Marie	Delbridge,	دانيلي ديلبريدج,Others,Unclassified,19
ADNOCLS,ADNOC Logistics & Services plc,Jasim Mohamed Saeed Mahfoudh,	جاسم محمد سعيد محفوظ,Others,Unclassified,19
ADNOCLS,ADNOC Logistics & Services plc,Omar Abdulla Salem Obaid Alnuaimi,عمر عبدالله سالم عبيد النعيمي,Others,Unclassified,19
ADNOCLS,ADNOC Logistics & Services plc,Rizwan Erfan Syed,	رضوان عرفان سيد,Others,Unclassified,19
ADNOCLS,ADNOC Logistics & Services plc,Yawar Saeed,	ياوار سعيد شرافت سيد,Others,Unclassified,19
ADNOCLS,ADNOC Logistics & Services plc,Adit 	Singh,	اديت سينغ,Others,Unclassified,19
ADNOCLS,ADNOC Logistics & Services plc,Dhruv Sharad Jhaveri Sharad  Hanumanprasad,دروف شاراد جافيري شاراد هانومانبراساد,Others,Unclassified,19
ADNOCLS,ADNOC Logistics & Services plc,Labid  Afif Hamad,لبيد عفيف حمد,Others,Unclassified,19
ADNOCLS,ADNOC Logistics & Services plc,Ali Mohamed  Almehail Aldhanhani,علي محمد علي المحيل الظنحاني,Others,Unclassified,19
ADNOCLS,ADNOC Logistics & Services plc,Mohammed Hamdan Salem Khamis Albadi,محمد حمدان سالم خميس البادي,Others,Unclassified,19
ADNOCLS,ADNOC Logistics & Services plc,Maha Ahmed Masoud Salem Alhashmi ,	مها أحمد مسعود سالم الهاشمي,Others,Unclassified,19
ADNOCLS,ADNOC Logistics & Services plc,Omar Saleh Abdulla Barakat AlBreiki,	عمر صالح عبدالله بركات عبدالصمد البريكي,Others,Unclassified,19
ADNOCLS,ADNOC Logistics & Services plc,Nawsheen Banu Coonjah,ناوشين بانو كونجاه,Others,Unclassified,19
ADNOCLS,ADNOC Logistics & Services plc,Liudmyla Redko,ليودميلا ريدكو,Others,Unclassified,19
ADNOCLS,ADNOC Logistics & Services plc,Adam Affes,ادم بن جمال العفاس,Others,Unclassified,19
ADNOCLS,ADNOC Logistics & Services plc,Peter Michael Budd ,بيتر مايكل بود,Others,Unclassified,19
ADNOCLS,ADNOC Logistics & Services plc,Meera Mussabah Salem Mussabah Alkaabi,ميره مصبح سالم مصبح الكعبي,Others,Unclassified,19
ADNOCLS,ADNOC Logistics & Services plc,Honey Goenka Arun Kumar Goenka,	هونى جوينكا ارون كومار جوينكا,Others,Unclassified,19
ADNOCLS,ADNOC Logistics & Services plc,Hamad Abdulla Husain Eisa Al Ali,حمد عبدالله حسين عيسى آل علي,Others,Unclassified,19
ADNOCLS,ADNOC Logistics & Services plc,Saravanan Varatharajan Varatharajan,سارافانان فاراثاراجان فاراثاراجان,Others,Unclassified,19
ADNOCLS,ADNOC Logistics & Services plc,Carlos Martinez,كارلوس مارتينيز,Others,Unclassified,19
ADNOCLS,ADNOC Logistics & Services plc,Mohamed Ali Rajak,محمد علي رجاك,Others,Unclassified,19
ADNOCLS,ADNOC Logistics & Services plc,Philip Andrew Stone,فيليب أندرو ستون,Others,Unclassified,19
ADNOCLS,ADNOC Logistics & Services plc,Paul David Stevens,بول ديفيد ستيفنز,Others,Unclassified,19
ADNOCLS,ADNOC Logistics & Services plc,Pablo Salvador Di Nieri,بابلو سلفادور دي نييري,Others,Unclassified,19
ADNOCLS,ADNOC Logistics & Services plc,Nicolas Busch,نيكولا بوش,Others,Unclassified,19
ADNOCLS,ADNOC Logistics & Services plc,Matthew Robert Tonge,ماثيو روبرت تونغ,Others,Unclassified,19
ADNOCLS,ADNOC Logistics & Services plc,Jonathan Charles Keats,جوناثان تشارلز كيتس,Others,Unclassified,19
ADNOCLS,ADNOC Logistics & Services plc,Mohamed Ahmed Saif Abdulla Al Maflahi,محمد احمد سيف عبدالله المفلحي,Others,Unclassified,19
ADNOCLS,ADNOC Logistics & Services plc,Gary Paul Brocklesby,غاري بول بروكليسبي,Others,Unclassified,19
ADNOCLS,ADNOC Logistics & Services plc,Rashed Abdulla Mohammed Besher Alteneiji,راشد عبدالله محمد بشر الطنيجي,Others,Unclassified,19
ADNOCLS,ADNOC Logistics & Services plc,Heba Mohamed Saeed El Imam,هبه محمد سعيد الامام,Others,Unclassified,19
ADNOCLS,ADNOC Logistics & Services plc,Abdul Samad Khan Athar Muhammad Khan ,عبدالصمد خان اطهر محمد خان,Others,Unclassified,19
ADNOCLS,ADNOC Logistics & Services plc,Hafiz Fakhar Ul Zaman Abdul Majeed,حافظ فخر عول زمان عبدول مجيد,Others,Unclassified,19
ADNOCLS,ADNOC Logistics & Services plc,Maaike Groeneveld,مايكى جرونيفيلد,Others,Unclassified,19
ADNOCLS,ADNOC Logistics & Services plc,Sameh Fahmy Mohamed Eltayeb,	سامح فهمي محمد الطيب,Others,Unclassified,19
ADNOCLS,ADNOC Logistics & Services plc,Deepak Ghanshyam Jagetia Ghanshyam Bhanwarlal Jagetia,ديباك غانشيام جاجيتيا غانشيام بهانوار لال جاجيتيا,Others,Unclassified,19
ADNOCLS,ADNOC Logistics & Services plc,More Hitesh Gangadhar,مور هيتيش جانجادار,Others,Unclassified,19
ADNOCLS,ADNOC Logistics & Services plc,Andre de Kock,اندرى دى كوك,Others,Unclassified,19
ADNOCLS,ADNOC Logistics & Services plc,Gunjan Jain ,	جونجان جاين,Others,Unclassified,19
ADNOCLS,ADNOC Logistics & Services plc,Lulwa Ali Mohammed Omar Alaidarous,لولوه على محمد عمر العيدروس,Others,Unclassified,19
ADNOCLS,ADNOC Logistics & Services plc,Geraint Dafydd Richards,جيرانت دافيد ريتشاردز,Others,Unclassified,19
ADNOCLS,ADNOC Logistics & Services plc,Sara Yaqoob Yousef Bualrougha Alzaabi,	ساره يعقوب يوسف بوالروغه الزعابي,Others,Unclassified,19
ADNOCLS,ADNOC Logistics & Services plc,Nishit Dewangan Ramgopal Dewangan,نيشيت ديوا نجان رامجوبال ديوانجان,Others,Unclassified,19
ADNOCLS,ADNOC Logistics & Services plc,Loay Mohamed Juma Alsawaya Alnuaimi,لؤى محمد جمعه الصوايه النعيمي,Others,Unclassified,19
ADNOCLS,ADNOC Logistics & Services plc,Salish Kumar Kacheri ,ساليش كومار كاشيرى,Others,Unclassified,19
ADNOCLS,ADNOC Logistics & Services plc,Alaa Abdulbasit Ibrahim Albateeh Alnuaimi,الاء عبدالباسط ابراهيم البطيح النعيمي,Others,Unclassified,19
ADNOCLS,ADNOC Logistics & Services plc,Aditya Mohan Kaushik,أديتيا موهان كوشيك,Others,Unclassified,19
ADNOCLS,ADNOC Logistics & Services plc,Shraddha Shailesh Deshpande Shailesh Sudhakar ,شرادها شايليش ديشباندى شايليش سودهاكار ديشباندى,Others,Unclassified,19
ADNOCLS,ADNOC Logistics & Services plc,Cairong Li,كايرونق لي,Others,Unclassified,19
ADNOCLS,ADNOC Logistics & Services plc,Khaled Abdulla Ahmed Faridi Almarzooqi,خالد عبدالله احمد فريدي المرزوقي,Others,Unclassified,19
ADNOCLS,ADNOC Logistics & Services plc,Talib Obaid Rashed Masood Alalawi,طالب عبيد راشد مسعود العلوي,Others,Unclassified,19
ADNOCLS,ADNOC Logistics & Services plc,Sai Swaroop Saripalli,ساي سواروب ساريبالي,Others,Unclassified,19
ADNOCLS,ADNOC Logistics & Services plc,Saad Kawaf Kalla,سعد محمد زكى كواف كلا,Others,Unclassified,19
ADNOCLS,ADNOC Logistics & Services plc,Kaushik Chatterjee,كوشيك تشاترجي,Others,Unclassified,19
ADNOCLS,ADNOC Logistics & Services plc,Jacob John ,جاكوب جون جيفارجيس جو,Others,Unclassified,19
ADNOCLS,ADNOC Logistics & Services plc,Khaled Elsir Khogali Karrar,خالد السر خوجلى كرار,Others,Unclassified,19
ADNOCLS,ADNOC Logistics & Services plc,Ziad Fawzi Alfar Hafez,زياد فوزي حافظ الفار,Others,Unclassified,19
ADNOCLS,ADNOC Logistics & Services plc,Mohammed Ajjan,محمد يوسف عجان,Others,Unclassified,19
ADNOCLS,ADNOC Logistics & Services plc,Wadih Zahran,وديع زهران,Others,Unclassified,19
ADNOCLS,ADNOC Logistics & Services plc,Sary Latch ,ساري لاتش,Others,Unclassified,19
ADNOCLS,ADNOC Logistics & Services plc,Nasir Mehmood ,ناصر محمود محمد اياز,Others,Unclassified,19
ADNOCLS,ADNOC Logistics & Services plc,Mohamad Fahmi Al Humada ,محمد فهمي الحمادة,Others,Unclassified,19
ADNOCLS,ADNOC Logistics & Services plc,Engy Mohamed Hussein Mohamed Eldishish,انجى محمد حسين محمد الدشيش,Others,Unclassified,19
ADNOCLS,ADNOC Logistics & Services plc,Abhijay Singh ,	أبهيجاي سينغ,Others,Unclassified,19
ADNOCLS,ADNOC Logistics & Services plc,Thomas Backmann,توماس باكمان,Others,Unclassified,19
ADNOCLS,ADNOC Logistics & Services plc,Anmol Karla Bharat Bhushan Karla,انامولكلارا بهارت بهوشنت كلارا,Others,Unclassified,19
ADNOCLS,ADNOC Logistics & Services plc,ABEER MAHMOUD OMAR ALSHAIBANI,عبير محمود عمر الشيبانى,Others,Unclassified,19
ADNOCLS,ADNOC Logistics & Services plc,MASHAEL ABDALLA HASSAN HAJI ALMARZOOQI,مشاعل عبدالله حسن حاجى المرزوقى,Others,Unclassified,19
ADNOCLS,ADNOC Logistics & Services plc,KANISHK PAHWA MOHAN PAHWA,كانيشك باهوا موهان باهوا,Others,Unclassified,19
ADNOCLS,ADNOC Logistics & Services plc,ASMAA NASER AHMED SALEH ALKINDI,اسماء ناصر احمد صالح الكندى,Others,Unclassified,19
ADNOCLS,ADNOC Logistics & Services plc,CHRISTOPH MEIER,كريستوف مير,Others,Unclassified,19
ADNOCLS,ADNOC Logistics & Services plc,AHMED HAMAD MATAR HAMMAD ALSHAMSI,احمد حمد مطر حماد الشامسى,Others,Unclassified,19
ADPORTS,Abu Dhabi Ports Company PJSC,SHADI KHALID TAWFIQ ABDULKHALIQ MALAK,شادى خالد توفيق عبدالخالق ملك,Chairman,Board,1
ADPORTS,Abu Dhabi Ports Company PJSC,Jasim Husain Ahmed Thabit,جاسم حسين أحمد ثابت,Vice Chairman,Board,2
ADPORTS,Abu Dhabi Ports Company PJSC,JOCHEN THEWES,جوشين ثيويس,CE/ CEO,Management,5
ADPORTS,Abu Dhabi Ports Company PJSC,Mohamed Juma Rashed Saeed Al Shamsi,محمد جمعه راشد سعيد الشامسي,CEO and Managing Director ,Board,6
ADPORTS,Abu Dhabi Ports Company PJSC,Mohamed Juma Rashed Saeed AlShamsi,محمد جمعة الشامسي,Managing Director,Board,7
ADPORTS,Abu Dhabi Ports Company PJSC,Martin Ginge Aarup,مارتن جنجي اروب,Top Management,Management,10
ADPORTS,Abu Dhabi Ports Company PJSC,Saif Mohamed Khalfan Saif Al Mazrouei,سيف محمد خلفان سيف المزروعي,Top Management,Management,10
ADPORTS,Abu Dhabi Ports Company PJSC,Ross Thompson ,روس تومبسون,Top Management,Management,10
ADPORTS,Abu Dhabi Ports Company PJSC,Abdulla Humaid Rashed Jaber Alhameli ,عبدالله حميد راشد جابر الهاملي,Top Management,Management,10
ADPORTS,Abu Dhabi Ports Company PJSC,Emil Pellicer,ايميل بيليسير,Top Management,Management,10
ADPORTS,Abu Dhabi Ports Company PJSC,Farouq Hasan Hussein Alzeer,فاروق حسن حسين الزير,Top Management,Management,10
ADPORTS,Abu Dhabi Ports Company PJSC,Ammar Mubarak Abdullah Yaslam Al Shaiba,عمار مبارك عبدالله يسلم الشيبة,Top Management,Management,10
ADPORTS,Abu Dhabi Ports Company PJSC,Sultan Salem Khalfan Saeed Alghaithi,سلطان سالم خلفان سعيد الغيثي,Top Management,Management,10
ADPORTS,Abu Dhabi Ports Company PJSC,BILL ANTHONY O REGAN,بيل انطونى او ريجان,Board Member,Board,11
ADPORTS,Abu Dhabi Ports Company PJSC,BUTHAINA ABDULLA MOHAMED ALI ALMAZROUEI,بثينه عبدالله محمد على المزروعى,Board Member,Board,11
ADPORTS,Abu Dhabi Ports Company PJSC,HAMAD ABDULLA MOHAMED ALSHORAFA ALHAMMADI,حمد عبدالله محمد الشرفاء الحمادى,Board Member,Board,11
ADSB,Abu Dhabi Ship Building Co.,Khaled Ahmed Ali Mohamed Al Zaabi ,خالد أحمد علي محمد الزعابي ,Chairman,Board,1
ADSB,Abu Dhabi Ship Building Co.,Anas Jawdat Ayesh Mustafa Al Baruthi,أنس جودت عايش مصطفى البرغوثي,Vice Chairman,Board,2
ADSB,Abu Dhabi Ship Building Co.,David Massey,دافيد ماسي ,CE/ CEO,Management,5
ADSB,Abu Dhabi Ship Building Co.,Rodrigo Carneiro Da Cunha Torres,رودريجو كارنيرو جا كونها توريس,Board Member,Board,11
ADSB,Abu Dhabi Ship Building Co.,Abdullah Saeed Al Ghafli,عبد الله سعيد الغفلي,Board Member,Board,11
ADSB,Abu Dhabi Ship Building Co.,Khalifa Issa Hamad Abushahab Alsuwaidi,خليفة عيسى حمد أبوشهاب السويدي,Board Member,Board,11
ADSB,Abu Dhabi Ship Building Co.,Dr.Najwa Aaraj ,د.نجوى الأعرج ,Board Member,Board,11
ADSB,Abu Dhabi Ship Building Co.,Omar Alzaabi,عمر الزعابي,Board Member,Board,11
ADSB,Abu Dhabi Ship Building Co.,H.E. Abdulla Ahmed Al Qubaisi ,سعادة عبدالله أحمد القبيسي,Board Member,Board,11
ADSB,Abu Dhabi Ship Building Co.,Mansoor Abdulaziz Janahi,منصور عبدالعزيز جناحي,Board Member,Board,11
ADSB,Abu Dhabi Ship Building Co.,Yasser AbdelKhalek Omar Mohamed ,ياسر عبد الخالق عمر محمد ,Board Secretary,Unclassified,12
AGILITY,Agility Global PLC,Tarek Abdulaziz Sultan Al Essa,طارق عبدالعزيز سلطان العيسى,Chairman,Board,1
AGILITY,Agility Global PLC,FAISAL J S Al Essa,فيصل جميل سلطان العيسى,Vice Chairman,Board,2
AGILITY,Agility Global PLC,Hanadi Anwar Essa Al Saleh,هنادي أنور عيسى الصالح,CE/ CEO,Management,5
AGILITY,Agility Global PLC,Ehab Fikery Aziz Basilios,ايهاب فكري عزيز باسيليوس,Top Management,Management,10
AGILITY,Agility Global PLC,Hanadi Anwar Essa Al Saleh,هنادي أنور عبسى الصالح,Board Member,Board,11
AGILITY,Agility Global PLC,Essa Al Saleh,عيسى الصالح,Board Member,Board,11
AGILITY,Agility Global PLC,Christopher Michael Gordon,كريستوفر مايكل غوردن,Board Member,Board,11
AGILITY,Agility Global PLC,Ashwin Rabin Gungabissoon,أشوين رابن جانجابيسون,Board Secretary,Unclassified,12
AGTHIA,AGTHIA Group,Khalifa Sultan AlSuwaidi,خليفة سلطان السويدي,Chairman,Board,1
AGTHIA,AGTHIA Group,Dhafer Rashed Mohamed Rashed Alqasimi,ظافر راشد محمد راشد القاسمي ,Vice Chairman,Board,2
AGTHIA,AGTHIA Group,SALMEEN OBAID SUWAID ALSEMBARI ALAMERI,سالمين عبيد سويد الصمبارى العامرى,CEO and Managing Director ,Board,6
AGTHIA,AGTHIA Group,NIZAR FAISAL KAYALI,نيزار فيصل  كيالي,Top Management,Management,10
AGTHIA,AGTHIA Group,Ramy Merdan,رامي ميردان,Top Management,Management,10
AGTHIA,AGTHIA Group,Ahmad Taufique Yahya,احمد توفيق يحيى,Top Management,Management,10
AGTHIA,AGTHIA Group,Mohammad Rateb Mohammad Amro,محمد راتب محمد عمرو,Top Management,Management,10
AGTHIA,AGTHIA Group,Hala El Cheikh Elias Hobeiche,هلا الشيخ الياس حبيش,Top Management,Management,10
AGTHIA,AGTHIA Group,JEROEN MICHEL J NIJS,جرن ميتشل ج نيجس,Top Management,Management,10
AGTHIA,AGTHIA Group,ABDULRAHMAN JAWDAT AYESH MUSTAFA ALBARGUTHI,عبدالرحمن جودت عايش مصطفى البرغوثى,Top Management,Management,10
AGTHIA,AGTHIA Group,PATRICK JAMES HIGGINS,باتريك جميس هيجينس,Top Management,Management,10
AGTHIA,AGTHIA Group,Chantal  Charbel ,شنتال شربل,Top Management,Management,10
AGTHIA,AGTHIA Group,EDO NORDER,ايدو نوردر,Top Management,Management,10
AGTHIA,AGTHIA Group,Svetoslav Todorov Varadzhakov,سفيتوسلاف تودوروف   فارجاكادوف,Board Member,Board,11
AGTHIA,AGTHIA Group,FAISAL ABDULLA SULAIMAN MOHAMED ALHAMMADI,فيصل عبدالله سليمان محمد الحمادى,Board Member,Board,11
AGTHIA,AGTHIA Group,HAMAD SAEED ALI SAEED ALSHEHHI,حمد سعيد على سعيد الشحى,Board Member,Board,11
AGTHIA,AGTHIA Group,Magdi Batato,مجدي بطاطو,Board Member,Board,11
AGTHIA,AGTHIA Group,LOUAYE ABOU CHANAB,لؤى ابو شنب,Board Member,Board,11
AGTHIA,AGTHIA Group,REEM ABDULAZIZ AHMAD DARWISH ALDARWISH,ريم عبدالعزيز احمد درويش الدرويش,Board Member,Board,11
AGTHIA,AGTHIA Group,Salmeen Obaid Suwaid Alsembari Alameri,سالمين عبيد سويد الصمبارى العامري,Board Member,Board,11
ALAIN,Al Ain Alahlia Insurance Co.,Mohamed Jouan Rashed Al Badi Al Dhaheri,محمد جوعان راشد البادي الظاهري,Chairman,Board,1
ALAIN,Al Ain Alahlia Insurance Co.,Khaled Mohamed Jouan Albadi Aldhaheri,خالد محمد جوعان البادي الظاهري,Vice Chairman,Board,2
ALAIN,Al Ain Alahlia Insurance Co.,RONALD BAKICA,رونالد باكيسا,Acting CEO,Management,4.1
ALAIN,Al Ain Alahlia Insurance Co.,Saeed Ahmed Omran Almazrouei,	 سعيد أحمد عمران المزروعي,Board Member,Board,11
ALAIN,Al Ain Alahlia Insurance Co.,ABDULLA MUBARAK ABDULLA MUBARAK ALDARMAKI,عبدالله مبارك عبدالله مبارك الدرمكى,Board Member,Board,11
ALAIN,Al Ain Alahlia Insurance Co.,SAIF AHMED SAIF SAQER ALMEHAIRBI,سيف احمد سيف صقر المحيربى,Board Member,Board,11
ALAIN,Al Ain Alahlia Insurance Co.,DR. GHAITH HAMMEL KHADIM ALGHAITH ALQUBAISI,الدكتور غيث هامل خادم ال غيث القبيسى,Board Member,Board,11
ALAIN,Al Ain Alahlia Insurance Co.,ASMA ABDULLA ABDULJALIL ALFAHIM,اسماء عبدالله عبدالجليل الفهيم,Board Member,Board,11
ALAIN,Al Ain Alahlia Insurance Co.,Yaser Ibrahim Adham Hmedan,ياسر ابراهيم ادهم حميدان,Board Secretary,Unclassified,12
ALAIN,Al Ain Alahlia Insurance Co.,Al Ain Ahlia Insurance Co.,شركة العين الأهلية للتأمين,Company,Unclassified,
ALDAR,Aldar Properties PJSC,H.E. Mohamed Khalifa Al Mubarak,معالي/ محمد خليفة المبارك,Chairman,Board,1
ALDAR,Aldar Properties PJSC,H.E. Waleed Ahmed Salem Al Mokarrab Al Muhairi,سعادة/ وليد أحمد سالم المقرب المهيري,Vice Chairman,Board,2
ALDAR,Aldar Properties PJSC,Talal Shaffique Abdullah Al Dhiyebi,طلال شفيق عبد الله الذيبي,General Manager,Management,8
ALDAR,Aldar Properties PJSC,Bayan Hassan Al Hosani,بيان حسن الحوسني,Top Management,Management,10
ALDAR,Aldar Properties PJSC,Faisal Mohammed Abdulrahman Falaknaz,فيصل محمد عبدالرحمن فلكناز,Top Management,Management,10
ALDAR,Aldar Properties PJSC,JONATHAN MICHAEL EMERY,جوناتان مايكل ايمرى,Top Management,Management,10
ALDAR,Aldar Properties PJSC,Hamad Salem Mohammed Al Ameri,حمد سالم محمد العامري,Board Member,Board,11
ALDAR,Aldar Properties PJSC,صوفيه عبداللطيف العسكى,صوفيه عبداللطيف العسكى,Board Member,Board,11
ALDAR,Aldar Properties PJSC,H.E. Mohamed Hassan Mohamed Hassan Al Suwaidi,معالي/ محمد حسن محمد حسن السويدي,Board Member,Board,11
ALDAR,Aldar Properties PJSC,Dr. Bakheet Saeed Bakheet  Salem Al Katheeri,الدكتور/ بخيت سعيد بخيت سالم  الكثيري,Board Member,Board,11
ALDAR,Aldar Properties PJSC,H.E. Saif Saeed Ghobash,معالي/ سيف سعيد غباش,Board Member,Board,11
ALEFEDT,Alef Education Holding plc,Abdulhamid Mohammed Saeed Alahmadi,عبد الحميد محمد سعيد الأحمدي,Chairman,Board,1
ALEFEDT,Alef Education Holding plc,Ahmed Ali Al Sayegh,أحمد علي الصايغ,Vice Chairman,Board,2
ALEFEDT,Alef Education Holding plc,Aishah   Hassan Mohamed Ahmed Alyammahi,عائشة حسن   محمد أحمد اليماحي   ,CE/ CEO,Management,5
ALEFEDT,Alef Education Holding plc,Joe El Sebaaly,جوزيف   السبعلي,CE/ CEO,Management,5
ALEFEDT,Alef Education Holding plc,Geoffrey Simon John Alphonso,جيوفري سيمون   جون الفونسو,CE/ CEO,Management,5
ALEFEDT,Alef Education Holding plc,Amjad Khan,أمجد خان,CE/ CEO,Management,5
ALEFEDT,Alef Education Holding plc,Amit Kumar   Choudhary,اميت كومار   شودريا,Chief Financial Controller,Unclassified,9
ALEFEDT,Alef Education Holding plc,Gregoire   Provot,جريجويرى مارى روجر بروفوت,Top Management,Management,10
ALEFEDT,Alef Education Holding plc,Daniel Raymond Abela,دانيال ريموند ابيل,Top Management,Management,10
ALEFEDT,Alef Education Holding plc,Saeed Abdulla Mohamed Bin Mutlaq Alghfeli,سعيد عبدالله محمد بن مطلق الغفلي,Board Member,Board,11
ALEFEDT,Alef Education Holding plc,Noura bint Mohammed Al Kaabi,نورة بنت محمد الكعبي,Board Member,Board,11
ALEFEDT,Alef Education Holding plc,Rima Ahmed Salim AlMokarrab Almheiri,ريما أحمد المقرب المهيري,Board Member,Board,11
ALEFEDT,Alef Education Holding plc,Omar Abdulla Al Hashmi,عمر عبدالله الهاشمي,Board Member,Board,11
ALEFEDT,Alef Education Holding plc,Jameela Al Mheiri,جميلة المهيري,Board Member,Board,11
ALEFEDT,Alef Education Holding plc,Mikhael Adib ElHachem,مخايل اديب الهاشم,Board Secretary,Unclassified,12
ALEFEDT,Alef Education Holding plc,Huda Qutishat,هدى قطيشات,Board Secretary,Unclassified,12
ALEFEDT,Alef Education Holding plc,Malak Ghassan Obeid,ملاك غسان عبيد,Others,Unclassified,19
ALEFEDT,Alef Education Holding plc,Majdah Abdullah Essa Dagher Alblooshi,ماجده عبدالله عيسى داغر البلوشي,Others,Unclassified,19
ALEFEDT,Alef Education Holding plc,Aldrin Santiago Bersalona,الدرين سانتياجو بيرسالونا,Others,Unclassified,19
ALEFEDT,Alef Education Holding plc,Ahmed Taher Mohamed Elbaz,احمد طاهر محمد الباز,Others,Unclassified,19
ALEFEDT,Alef Education Holding plc,ABDELRAHMAN ESLAM MOHAMED RASHED,عبدالرحمن اسلام محمد راشد,Others,Unclassified,19
ALEFEDT,Alef Education Holding plc,Nilhan  Walid Ahmed Siam,نيلهان وليد احمد صيام,Others,Unclassified,19
ALEFEDT,Alef Education Holding plc,Juventius Prayogi Suhartono,يوفنتوس برايوجي سوهارتونو,Others,Unclassified,19
ALEFEDT,Alef Education Holding plc,Zora Jurriens,زوره جورينس,Others,Unclassified,19
ALEFEDT,Alef Education Holding plc,Zeina Nizar Jizzini,زينه نزار جزيني,Others,Unclassified,19
ALEFEDT,Alef Education Holding plc,Youssef Magdy Moustafa Selim,يوسف مجدي مصطفى سليم,Others,Unclassified,19
ALEFEDT,Alef Education Holding plc,Xin Miao,زين مياو,Others,Unclassified,19
ALEFEDT,Alef Education Holding plc,Umer Saleem,عمر سليم,Others,Unclassified,19
ALEFEDT,Alef Education Holding plc,Leigh Maureen Craig,ليغ موريين كريج,Others,Unclassified,19
ALEFEDT,Alef Education Holding plc,Toghrul Taghiyev,توغرول تاغييف,Others,Unclassified,19
ALEFEDT,Alef Education Holding plc,Kawther Abdel Hafiz M Al-hourani,كوثر عبد الحافظ الحوراني,Others,Unclassified,19
ALEFEDT,Alef Education Holding plc,Iyad Adnan Saleem Al-Darawshah,اياد عدنان سليم الدراوشه,Others,Unclassified,19
ALEFEDT,Alef Education Holding plc,Imad Assaad Haddad,عماد اسعد حداد,Others,Unclassified,19
ALEFEDT,Alef Education Holding plc,Taoufik Mohamed Zahed Jafar,توفيق محمد زاهد جعفر,Others,Unclassified,19
ALEFEDT,Alef Education Holding plc,Humayun Jamal,همايون جمال,Others,Unclassified,19
ALEFEDT,Alef Education Holding plc,Hanan Sharif Abdel Rahman Alsaleh,حنان شريف عبد الرحمن الصالح,Others,Unclassified,19
ALEFEDT,Alef Education Holding plc,Hadeer Magdy Salah Mahmoud,هاجر جولرو كوتلوك,Others,Unclassified,19
ALEFEDT,Alef Education Holding plc,Finto Thomas,فينتو توماس,Others,Unclassified,19
ALEFEDT,Alef Education Holding plc,Faizan Nasir,فيضان ناصر محمد ناصر,Others,Unclassified,19
ALEFEDT,Alef Education Holding plc,Fahim Khan Kundi,فهيم خان كوندى عبدالرحيم خان كوندى,Others,Unclassified,19
ALEFEDT,Alef Education Holding plc,Sarah-Anne Bradfield,ساره ان برادفيلد,Others,Unclassified,19
ALEFEDT,Alef Education Holding plc,Don Crowley,دون كرولى,Others,Unclassified,19
ALEFEDT,Alef Education Holding plc,Samuel John Browning,صامويل جون براونينغ,Others,Unclassified,19
ALEFEDT,Alef Education Holding plc,Sajin Shyamala Mohanan,ساجين كانان ناير موهانان,Others,Unclassified,19
ALEFEDT,Alef Education Holding plc,Dalia Omar Ragab Hadya,داليا عمر رجب هاديه,Others,Unclassified,19
ALEFEDT,Alef Education Holding plc,Raya Yahya Saif Salem Alshkeili,ريه يحيى سيف سالم الشكيلي,Others,Unclassified,19
ALEFEDT,Alef Education Holding plc,Dana Hatem Al Rafei,دانه حاتم الرافعى,Others,Unclassified,19
ALEFEDT,Alef Education Holding plc,Carla Rose Barban,كارلا رز باربان,Others,Unclassified,19
ALEFEDT,Alef Education Holding plc,Rashid Osmansaheb Shaikh,رشيد اوسمانسهيب شيخ اوسمانسهيب منصور سهيب شيخ,Others,Unclassified,19
ALEFEDT,Alef Education Holding plc,Atta Mohammed Deaibes,عطا محمد ديبيس,Others,Unclassified,19
ALEFEDT,Alef Education Holding plc,Ramzi Abdelkarim M. Fawakhir,رمزى عبدالكريم مطصفى الفواخيرى,Others,Unclassified,19
ALEFEDT,Alef Education Holding plc,Rahul Ramdas   Chilamban,راهول رامداس شيلامبان شيلامبان راماداسان,Others,Unclassified,19
ALEFEDT,Alef Education Holding plc,Nour Sukkar,نور سكر,Others,Unclassified,19
ALEFEDT,Alef Education Holding plc,Muhammad Mueed Asif Asif Ali,محمد معید آصف آصف علي,Others,Unclassified,19
ALEFEDT,Alef Education Holding plc,Shakeel Lochun,شاكيل لوشون,Others,Unclassified,19
ALEFEDT,Alef Education Holding plc,Matthew James Cranston Smallwood,ماثيو جيمس كرانستون سمولوود,Others,Unclassified,19
ALEFEDT,Alef Education Holding plc,Walid Nsouli,وليد نصولي,Others,Unclassified,19
ALEFEDT,Alef Education Holding plc,Lynette Marie Warren,لينيت ماري وارن,Others,Unclassified,19
ALEFEDT,Alef Education Holding plc,Hanan Alkhathami,حنان الخثعمي,Others,Unclassified,19
ALEFEDT,Alef Education Holding plc,Peter Francis,بيتر فرانسيس,Others,Unclassified,19
ALEFEDT,Alef Education Holding plc,Refqa A A Ghaith,رفقة أ. أ. غيث,Others,Unclassified,19
ALEFEDT,Alef Education Holding plc,Mohamed Rezk Elsaid Soliman,محمد رزق ,Others,Unclassified,19
ALEFEDT,Alef Education Holding plc,Mohammed Hafez,محمد حافظ,Others,Unclassified,19
ALEFEDT,Alef Education Holding plc,Sreechith Radhakrishnan,سريشيث رادهاكريشنان,Others,Unclassified,19
ALEFEDT,Alef Education Holding plc,Sudha Sharma,سودها شارما راميش كومار شريمالى,Others,Unclassified,19
ALEFEDT,Alef Education Holding plc,Said Qotbi,سعيد قطبى,Others,Unclassified,19
ALEFEDT,Alef Education Holding plc,Sachin Ganpat Palkar,ساشين جانبات بالكار,Others,Unclassified,19
ALEFEDT,Alef Education Holding plc,Reem Abdullah Abd Ali Jabak,ريم عبدالله عبد على جبق,Others,Unclassified,19
ALEFEDT,Alef Education Holding plc,Nathan Beaton,ناثان بيتون,Others,Unclassified,19
ALEFEDT,Alef Education Holding plc,Muhammad Hareb,محمد حارب عبد المجيد,Others,Unclassified,19
ALEFEDT,Alef Education Holding plc,Menatalla Kotb Metwally Ramadan,منة الله قطب متولي رمضان,Others,Unclassified,19
ALEFEDT,Alef Education Holding plc,Mariam M.Morhaf Alwani,مريم محمد مرهف العلواني,Others,Unclassified,19
ALEFEDT,Alef Education Holding plc,Dana Naser Abdulla Saleh Almansoori,دانه ناصر عبدالله صالح المنصوري,Others,Unclassified,19
ALEFEDT,Alef Education Holding plc,Lina Gusso,لينا جوسو,Others,Unclassified,19
ALEFEDT,Alef Education Holding plc,Fatma Saleh Mohamed Barkey,فاطمة صالح محمد بركي,Others,Unclassified,19
ALEFEDT,Alef Education Holding plc,Talha Ghaffar,طلحة غفار,Others,Unclassified,19
ALEFEDT,Alef Education Holding plc,Ossama Tahir,أسامة طاهر,Others,Unclassified,19
ALEFEDT,Alef Education Holding plc,Mustafa Lotia,مصطفى لوتيا,Others,Unclassified,19
ALEFEDT,Alef Education Holding plc,Muhammad Hamza,محمد حمزة,Others,Unclassified,19
ALEFEDT,Alef Education Holding plc,Muhammad Farooq Rasheed,محمد فاروق رشيد,Others,Unclassified,19
ALEFEDT,Alef Education Holding plc,Syed Abuzar Abbas,سيد أبو ذر عباس,Others,Unclassified,19
ALEFEDT,Alef Education Holding plc,Aditi Ketan Chandan,أديتي كيتان تشاندان,Others,Unclassified,19
ALEFEDT,Alef Education Holding plc,Ashik Mudampilamparambil Aboobucker,أشيك مودامبيلامبرامبيل أبوبكر,Others,Unclassified,19
ALEFEDT,Alef Education Holding plc,Mounia Hajji,منية حج ي,Others,Unclassified,19
ALPHADATA,Alpha Data PJSC,Mohamed Hasan Abdulla Omran Alshamsi,محمد حسن عبدالله عمران الشامسي,Chairman,Board,1
ALPHADATA,Alpha Data PJSC,Fayez Saeed Mohamed Ibbini,فايز سعيد محمد العبيني,CE/ CEO,Management,5
ALPHADATA,Alpha Data PJSC,Khurram Shahzad Muhammad Ikram,خرم شهز اد محمد اكرام,Chief Financial Controller,Unclassified,9
ALPHADATA,Alpha Data PJSC,Haytham Ahmed Sulyman Almomany,هيثم احمد سليمان المومنى,Top Management,Management,10
ALPHADATA,Alpha Data PJSC,Amar Singh Ambhukeshwar Sigh,امار سينغ امبهوكيشوار سينغ,Top Management,Management,10
ALPHADATA,Alpha Data PJSC,Sajeev Kumar Perunnely Bhaskran Govindan,ساجيف كومار بيرونيلي بهاسكران جوفيندان ناير,Top Management,Management,10
ALPHADATA,Alpha Data PJSC,Farid Ahmed Abouelfetouh Rizk,فريد احمد ابوالفتوح رزق,Top Management,Management,10
ALPHADATA,Alpha Data PJSC,Layth Ibbini,الاسم : ليث عبيني,Top Management,Management,10
ALPHADATA,Alpha Data PJSC,PARVEZ AHAMED ABDULAZIZ,بارفيز احمد عبدالعزيز,Top Management,Management,10
ALPHADATA,Alpha Data PJSC,Julia Fayez Ibbini,جوليا فايز العبيني,Board Member,Board,11
ALPHADATA,Alpha Data PJSC,Nadeem Zaman,نديم زمان,Board Member,Board,11
ALPHADATA,Alpha Data PJSC,Ahmed Ali Binhamooda Aldhaheri,أحمد علي حمودة بن حمودة الظاهري,Board Member,Board,11
ALPHADATA,Alpha Data PJSC,Khaled Ghanem AliBinhamooda Aldhaheri,خالد غانم علي بن حمودة الظاهري,Board Member,Board,11
ALPHADATA,Alpha Data PJSC,Mario Chawki Bou Tayeh,ماريو شوقي بو طايع,Board Member,Board,11
ALPHADATA,Alpha Data PJSC,Khamis Mohamed Khamis Buharoon Alshamsi,خالد غانم علي بن حمودة الظاهري,Board Member,Board,11
ALPHADATA,Alpha Data PJSC,Zakaria Fayez ibbini,زكريا فايز العبيني,Board Member,Board,11
ALPHADATA,Alpha Data PJSC,"Hamdan Al Kaabi, Advocates and Legal Consultancy - Branch 1",حمدان الكعبي للمحاماة والاستشارات القانونية – فرع 1,Board Secretary,Unclassified,12
ALPHADATA,Alpha Data PJSC,Nevine Fathy Elsayed Eltanahy,نيفين فتحي السيد الطناحى,Company,Unclassified,18
ALPHADATA,Alpha Data PJSC,Suhad Abdelhameed Salah Alrabayah,سهاد عبدالحميد صلاح الربايعه,Company,Unclassified,18
ALPHADATA,Alpha Data PJSC,Sentil Nathan Loganathan,سينتيل ناتان لوجاناتان,Others,Unclassified,19
ALPHADATA,Alpha Data PJSC,Hamad Ghanim Ali Binhamooda Aldhaheri,حمد غانم علي بن حمودة الظاهري,Others,Unclassified,19
ALPHADATA,Alpha Data PJSC,Ali Hamoodah Ali Bin Hamooda Aldhaheri,علي حمودة علي بن حمودة الظاهري,Others,Unclassified,19
ALPHADATA,Alpha Data PJSC,Faraj Ali Binhamoodah Aldhaheri,فرج علي بن حموده الظاهري,Others,Unclassified,19
ALPHADATA,Alpha Data PJSC,AFHAD HOLDING L.L.C., افهاد القابضة ذ.م.م,Others,Unclassified,19
ALPHADATA,Alpha Data PJSC,Ibbini Investment Company LLC ,شركة العبيني للاستثمار ذ م م,Others,Unclassified,19
ALPHADATA,Alpha Data PJSC,BIN HAMOODAH COMPANY - LLC,شركة بن حموده - ذ م م,Others,Unclassified,19
ALPHADATA,Alpha Data PJSC,WISE INVESTMENT L.L.C.,وايز للاستثمار ذ.م.م,Others,Unclassified,19
ALPHADATA,Alpha Data PJSC,NOON INVESTMENT  -SOLE PROPRIETORSHIP L.L.C,نون الاستثمار. شركه الشخص الواحد د م م,Others,Unclassified,19
ALPHADATA,Alpha Data PJSC,KONSTANTINOS DIMITRAKOPOULOS,كونستانتينوس ديميتراكوبولوس,Others,Unclassified,19
ALPHADATA,Alpha Data PJSC,MARILY ANTONIO LUAT,ماريلى انتونتيو لوت,Others,Unclassified,19
ALPHADHABI,Alpha Dhabi Holding PJSC,Mohamed Thani Murshed Ghannam Alrumaithi,محمد ثاني مرشد غنام الرميثي,Chairman,Board,1
ALPHADHABI,Alpha Dhabi Holding PJSC,Sultan Dahi Sultan Maasam Alhemeiri,سلطان ضاحي سلطان معصم الحميري,Vice Chairman,Board,2
ALPHADHABI,Alpha Dhabi Holding PJSC,Hamad Salem Mohammed Binlouteya Alameri,حمد سالم محمد بن لوتيه العامري,Managing Director,Board,7
ALPHADHABI,Alpha Dhabi Holding PJSC,Derek Robert Nicholson,ديريك روبرت نيكولسون,Top Management,Management,10
ALPHADHABI,Alpha Dhabi Holding PJSC,Khalil Charles Massoud,خليل شارل مسعود,Top Management,Management,10
ALPHADHABI,Alpha Dhabi Holding PJSC,Fadi Moukhtar Sleiman,فادي مختار سليمان,Top Management,Management,10
ALPHADHABI,Alpha Dhabi Holding PJSC,Iman Khalid Abdo Ali,ايمان خالد عبده على,Top Management,Management,10
ALPHADHABI,Alpha Dhabi Holding PJSC,Sofia Abdellatif Lasky,صوفيه عبداللطيف العسكي,Board Member,Board,11
ALPHADHABI,Alpha Dhabi Holding PJSC,Syed Basar Shueb Syed Shueb,سيد بصر شعيب سيد شعيب,Board Member,Board,11
ALPHADHABI,Alpha Dhabi Holding PJSC,Mohamed Alsayed Abdelfattah Wahb,محمد السيد عبدالفتاح وهب,Board Secretary,Unclassified,12
ALPHADHABI,Alpha Dhabi Holding PJSC,ALPHA DHABI HOLDING PJSC,الفا ظبي القابضة ش م ع,Company,Unclassified,18
ALPHADHABI,Alpha Dhabi Holding PJSC,LTD RSC SPV INVESTMENTS W,ويست انفستمنتس اس بي في ريستريكتد ليميتد,Company,Unclassified,18
ALPHADHABI,Alpha Dhabi Holding PJSC,CONNAISSANCE INVESTMNET RSC LTD ,كونيسانس للاستثمار ريستركتد ليمتد,Company,Unclassified,18
ALPHADHABI,Alpha Dhabi Holding PJSC,Samy Ben Jaafar,سامي بن جعفر,Others,Unclassified,19
ALPHADHABI,Alpha Dhabi Holding PJSC,Shanti Krishnan,شانتي كريشنان,Others,Unclassified,19
ALPHADHABI,Alpha Dhabi Holding PJSC,Rasha Assaad Abdallah,رشا أسعد عبدالله,Others,Unclassified,19
ALPHADHABI,Alpha Dhabi Holding PJSC,Hassan Tamer Mo Salem,حسن تامر مو سالم,Others,Unclassified,19
ALPHADHABI,Alpha Dhabi Holding PJSC,Amena Kamel Younis,اّمنة كامل يونس,Others,Unclassified,19
ALPHADHABI,Alpha Dhabi Holding PJSC,Neha Tuli Virender Kumar Gandotra,نيها تولى فيريندر كومار جاندوترا,Others,Unclassified,19
ALPHADHABI,Alpha Dhabi Holding PJSC,Sunil Thandasserry Ravikumar Ravikumar Thandasserry Kumaran,سسونيل تانداسيرى رافيكومار رافيكومار تانداسيرى كوماران,Others,Unclassified,19
ALPHADHABI,Alpha Dhabi Holding PJSC,Majda Achchag,ماجده العشاك,Others,Unclassified,19
ALPHADHABI,Alpha Dhabi Holding PJSC,Mary Khamasmieh,ماري انطون خماسمية,Others,Unclassified,19
ALPHADHABI,Alpha Dhabi Holding PJSC,Radhika Falod,راديكا فالود,Others,Unclassified,19
AMR,Americana Restaurants International PLC,Mohamed Ali Rashed Alabbar,محمد علي راشد العبار,Chairman,Board,1
AMR,Americana Restaurants International PLC,Amarpal Singh Sandhu,امربال سينج ساندهو,CE/ CEO,Management,5
AMR,Americana Restaurants International PLC,Dusan Folta,دوسان فولتا,Top Management,Management,10
AMR,Americana Restaurants International PLC,Vishal Bhatia Kumar Bhatia,فيشال بهاتى كومار بهاتى,Top Management,Management,10
AMR,Americana Restaurants International PLC,Harsh Bansal Jawahar Bansal,هارش بانسال جواهر بانسال,Top Management,Management,10
AMR,Americana Restaurants International PLC,Rahul Mathur Uday Kumar Mathur,راهول ماثور عدى كومار ماثور,Top Management,Management,10
AMR,Americana Restaurants International PLC,Abdulmalik Abdullah H AlHogail,عبدالملك بن عبدالله بن حمد الحقيل,Board Member,Board,11
AMR,Americana Restaurants International PLC,Graham Denis Allan,غراهام دنيس ألان,Board Member,Board,11
AMR,Americana Restaurants International PLC,Kesri Singh,كيسرى سينغ,Board Member,Board,11
AMR,Americana Restaurants International PLC,Arif Abdulla Abdulrahman Alharmi Albastaki,عارف عبدالله عبدالرحمن الهرمى البستكي,Board Member,Board,11
AMR,Americana Restaurants International PLC,Majed Khalid H Alassaf,ماجد بن خالد بن حسين العساف,Board Member,Board,11
AMR,Americana Restaurants International PLC,Mariam Saeed Ahmed Saeed Ghobash,مريم سعيد احمد سعيد غباش,Board Member,Board,11
AMR,Americana Restaurants International PLC,Saqib Muhammad Sabir Awan Muhammed Sabir Awan,ثاقب محمد صابر اعوان محمد صابر اعوان,Board Secretary,Unclassified,12
AMR,Americana Restaurants International PLC,MANDEEP SANDHU JARNAIL SINGH SANDHU,مانديب ساندهو جارنايل سينغ ساندهو,Others,Unclassified,19
AMR,Americana Restaurants International PLC,MAHROZ NOOR NOOR AHMED,محروز نور نور احمد,Others,Unclassified,19
AMR,Americana Restaurants International PLC,Deba Prasad Adhya Guru Prasad Adhya,ديبا براساد ادهيا جورو براساد ادهيا,Others,Unclassified,19
AMR,Americana Restaurants International PLC,JASKARAN SINGH HARJINDER JABBAL,جاسكران سينغ باهيوبيندرسينغ جابال,Others,Unclassified,19
AMR,Americana Restaurants International PLC,Muhammad Yahya Zubair Muhammad Zubair Razi ,محمد يحيى زبير محمد زبير راضى,Others,Unclassified,19
AMR,Americana Restaurants International PLC,JACOB KANJIRAMKALAYIL SEBASTIAN,جاكوب كانجير ام كالايل سيبا ستيا ن,Others,Unclassified,19
AMR,Americana Restaurants International PLC,ISLAM AHMED FAWZY KAMEL ABDELGHAFAR,اسلام احمد فوزى كامل عبدالغفار,Others,Unclassified,19
AMR,Americana Restaurants International PLC,HATICE GORKEM AKYAVUZ,هاتيسى جوركيم اكيافوز,Others,Unclassified,19
AMR,Americana Restaurants International PLC,HARVINDER SINGH BALBIR SINGH,هارفيندر سنج بالبير سنج,Others,Unclassified,19
AMR,Americana Restaurants International PLC,Ramandeep Singh Madan Singh Virdi,رامنديب سينغ مادان سينغ  فيردي,Others,Unclassified,19
AMR,Americana Restaurants International PLC,HANY MOHAMED ZAKI ALI ELSHEIKH,هانى محمد زكى على الشيخ,Others,Unclassified,19
AMR,Americana Restaurants International PLC,GAURAV KALRA SHYAM SUNDER KALRA,جاوراف كالرا شيام سوندر كالرا,Others,Unclassified,19
AMR,Americana Restaurants International PLC,GARIMA KAPOOR SHASHI BHUSHAN DHIMAN,جاريما كابور شاشى بهوشان دهيمان,Others,Unclassified,19
AMR,Americana Restaurants International PLC,FAHIM GERGES HEMCHAOUI,فهيم جرجس الحمشاوى,Others,Unclassified,19
AMR,Americana Restaurants International PLC,ESMERALDO PALMA BALDEMECA,اسميرالدو بالما بالديميكا,Others,Unclassified,19
AMR,Americana Restaurants International PLC,EDEN ONGTANGCO SOLIVET,ايدين اونجتانجكسو سوليفيت,Others,Unclassified,19
AMR,Americana Restaurants International PLC,DHANYA VIJAYASARATHY VIJAYASARATHY RAGHAVAN,دهانيا فيجاياساراتى فيجاياساراتى راغافان,Others,Unclassified,19
AMR,Americana Restaurants International PLC,DEEPANSHI GOEL SUSHIL KUMAR GOEL,ديبانشى جويل سوشل كومار جويل,Others,Unclassified,19
AMR,Americana Restaurants International PLC,CLYDE ANDREW HOLTSHOUSEN,كلايد اندرو هولتشوسين,Others,Unclassified,19
AMR,Americana Restaurants International PLC,CHRISTOPHER HUGH  RANS,كريستوفر هوج رانس,Others,Unclassified,19
AMR,Americana Restaurants International PLC,AMRO IBRAHIM EMAM ABDELWAHAB, عمرو ابراهيم امام عبدالوهاب,Others,Unclassified,19
AMR,Americana Restaurants International PLC,AKSHAYA  KHANDOOJA,اكشايا خاندوجا رافيندر كومار خاندوجا,Others,Unclassified,19
AMR,Americana Restaurants International PLC,Ajay Prakash Singh,اجاى براكاش سينج,Others,Unclassified,19
AMR,Americana Restaurants International PLC,AHMED HATEM SEDKY SAID, احمد حاتم صدقى سعيد,Others,Unclassified,19
AMR,Americana Restaurants International PLC,Abdelkrim Ferroudj, عبد الكريم فروج,Others,Unclassified,19
AMR,Americana Restaurants International PLC,tamer zaghlool hussien metwaly,تامر زغلول حسين متولي,Others,Unclassified,19
AMR,Americana Restaurants International PLC,Walid Abdallah Hammed Hammad,وليد عبدالله حامد حماد,Others,Unclassified,19
AMR,Americana Restaurants International PLC,WALID AHMED MOUSTAFA GHAZY,وليد احمد مصطفي غازي,Others,Unclassified,19
AMR,Americana Restaurants International PLC,RANI FOUAD AKKO,رانى فؤاد عكو,Others,Unclassified,19
AMR,Americana Restaurants International PLC,PUSHKAR MALHOTRA,بوشكار مالهوترا,Others,Unclassified,19
AMR,Americana Restaurants International PLC,OWAIS MUNEER SHAFIQ,اويس منير شفيق ناظر,Others,Unclassified,19
AMR,Americana Restaurants International PLC,NAUMAN JILLANI,نعمان الجيلاني,Others,Unclassified,19
AMR,Americana Restaurants International PLC,NAVDEEP AGARWAL BRAHAM SWARUP AGARWAL,نافديب اجاروال براهام سواروب اجاروال,Others,Unclassified,19
AMR,Americana Restaurants International PLC,MOHAMED THARWAT SAYED NASER,محمد ثروت سيد نصر,Others,Unclassified,19
AMR,Americana Restaurants International PLC,MOHAMED SAMY ALI IBRAHIM,محمد سامي علي ابراهيم,Others,Unclassified,19
AMR,Americana Restaurants International PLC,MOAMEN KAMAL EL SAYED EL MASRY, مؤمن كمال السيد المصرى,Others,Unclassified,19
AMR,Americana Restaurants International PLC,Barlin Hussein Mohamed,برلين حسين محمد,Others,Unclassified,19
AMR,Americana Restaurants International PLC,HUSSAIN HAMAD HUSSAIN AL DWAIS,حسين حمد حسين ال دويس,Others,Unclassified,19
AMR,Americana Restaurants International PLC,AYUSH AGARWAL,عيوش أغاروال,Others,Unclassified,19
AMR,Americana Restaurants International PLC,ANAS KADMIRI,انس القدميري,Others,Unclassified,19
AMR,Americana Restaurants International PLC,AHMED FAYEZ AHMED ELSANEE,احمد فايز احمد الصانع,Others,Unclassified,19
AMR,Americana Restaurants International PLC,AHMED ABDELHAMID MAHMOUD MOHAMED,احمد عبدالحميد محمود احمد,Others,Unclassified,19
AMR,Americana Restaurants International PLC,ABDUL QUDDUS MOHAMMED ABDUL QAYYUM MOHAMMED,عبدالقدوس محمد عبدالقيوم محمد,Others,Unclassified,19
AMR,Americana Restaurants International PLC,ABDUL SAMI SYED SYED ABDUL RASHEED,عبدول سامى سيد سيد عبدالرشيد,Others,Unclassified,19
AMR,Americana Restaurants International PLC,SHERIF MOUSSA MOHAMED SAID BEDEIR,شريف موسى محمد سعيد بدير,Others,Unclassified,19
AMR,Americana Restaurants International PLC,Ayman Mohamed Elaraby Abdelghany Selim,ايمن محمد العربي عبدالغنى سليم,Others,Unclassified,19
AMR,Americana Restaurants International PLC,SANJANA KUMAR,سانجانا كومار,Others,Unclassified,19
AMR,Americana Restaurants International PLC,Thippa Reddy Jeereddy,تيبا ريدي جيريردي,Others,Unclassified,19
AMR,Americana Restaurants International PLC,OMAR SALHIN AHMED SAID,عمر صالحين احمد سعيد,Others,Unclassified,19
AMR,Americana Restaurants International PLC,MOHAMED AHMED ABDELSALAM AHMED,محمد احمد عبدالسلام احمد,Others,Unclassified,19
AMR,Americana Restaurants International PLC,MOHAMED AHAMED MOHAMED YOUSSEF SALEH,محمد احمد محمد يوسف صالح,Others,Unclassified,19
AMR,Americana Restaurants International PLC,MELVIN MATHEW MICHAEL,ميلفين ماتيو مايكل,Others,Unclassified,19
AMR,Americana Restaurants International PLC,IGOR KATKOV,ايجور كاتكوف,Others,Unclassified,19
AMR,Americana Restaurants International PLC,FIROZ MOHAMED NALAKATH MOHAMED NALAKATH,فيروز محمد نالاكات محمد نالاكات,Others,Unclassified,19
AMR,Americana Restaurants International PLC,Islam Ahmed Elsayed Awada,اسلام احمد السيد عواده,Others,Unclassified,19
AMR,Americana Restaurants International PLC,ASHRAF SHAABAN ABD ELRAZEK ELKADY,اشرف شعبان عبدالرازق القاضى,Others,Unclassified,19
AMR,Americana Restaurants International PLC,Ehab Elshawadfy Abdelwahab Selim,ايهاب الشوادفي عبدالوهاب سليم,Others,Unclassified,19
AMR,Americana Restaurants International PLC,ADHAM SAAD HAMED SAAD,أدهم سعد حامد سعد,Others,Unclassified,19
AMR,Americana Restaurants International PLC,Islam Mohamed Mohamed Hassan Saleh,إسلام محمد محمد حسن صالح,Others,Unclassified,19
AMR,Americana Restaurants International PLC,Meshell Buddy D Souza,ميشيشل بودى دى سوزا,Others,Unclassified,19
AMR,Americana Restaurants International PLC,NESRINE MOHAMAD YEHIA BARAKAT,نسرين محمد يحييى بركات,Others,Unclassified,19
AMR,Americana Restaurants International PLC,Sandeep Sabharwal Mohan Prakash Sabharwal,سانديب سابهارول موهان براكاش سابهارول,Others,Unclassified,19
AMR,Americana Restaurants International PLC,Saurabh Maruti Limkar,ساورابه ماروتى لمكار,Others,Unclassified,19
AMR,Americana Restaurants International PLC,Abhishek Gupta Naresh Gupta,ابهشك جوبتا ناريش جوبتا,Others,Unclassified,19
AMR,Americana Restaurants International PLC,SHERIEF ABDULAZIZ AYAD,شريف عبدالعزيز حسنين عياد,Others,Unclassified,19
AMR,Americana Restaurants International PLC,Sultan Naim,سلطان نعيم,Others,Unclassified,19
AMR,Americana Restaurants International PLC,Ahmed Ismail Hanafi Gad Mousa,احمد اسماعيل حنفى جاد موسى,Others,Unclassified,19
AMR,Americana Restaurants International PLC,Anubhav Gupta,انو بهاف جوبتا,Others,Unclassified,19
AMR,Americana Restaurants International PLC,MOHAMED ABDALLA GABER MOUSTAFA,محمد عبدالله جابر مصطفي,Others,Unclassified,19
AMR,Americana Restaurants International PLC,Mira Issam Tabikh,ميرا عصام طبيخ,Others,Unclassified,19
AMR,Americana Restaurants International PLC,EHAB SABRY ABDELFATTAH ABDELRAHMAN,ايهاب صبرى عبد الفتاح عبد الرحمن,Others,Unclassified,19
AMR,Americana Restaurants International PLC,ABDEL KARIM NABIL ABDELKARIM HASSAN ELTAWIL,عبدالكريم نبيل عبدالكريم حسن الطويل,Others,Unclassified,19
AMR,Americana Restaurants International PLC,Bhavya Mehta,بهافيا ميهتا,Others,Unclassified,19
AMR,Americana Restaurants International PLC,Mohammed Amin S Khan,محمد بن أمين بن صلاح الدين خان,Others,Unclassified,19
AMR,Americana Restaurants International PLC,Margarita Nurseitova,مارغريتا نورريتوفا,Others,Unclassified,19
AMR,Americana Restaurants International PLC,Mohamed Tarek Mohamed Ali ,محمد طارق محمد علي ,Others,Unclassified,19
AMR,Americana Restaurants International PLC,SYED UMER ALI SYED SHUJAAT ALI,سيد عمر على سيد شجاعت على,Others,Unclassified,19
AMR,Americana Restaurants International PLC,Mark Miller ,مارك ميللر,Others,Unclassified,19
AMR,Americana Restaurants International PLC,SHARON PADILLA CORTEZ,شارون باديلا كورتيز,Others,Unclassified,19
AMR,Americana Restaurants International PLC,SHUMAIL SAJJAD SHAIKH SAJJAD ALI SHAIKH,شميل ساجد شيخ ساجد على شيخ,Others,Unclassified,19
AMR,Americana Restaurants International PLC,Nitish Jalan Santosh Kumar Jalan,نيتيش جالان  سانتوش كومار جالان,Others,Unclassified,19
AMR,Americana Restaurants International PLC,RUPAL AGARWAL ATMARAM AGARWAL,اتمارام,Others,Unclassified,19
AMR,Americana Restaurants International PLC,Youssef Ali Zeineddine ,يوسف على زين الدين,Others,Unclassified,19
AMR,Americana Restaurants International PLC,Ashish Krishna Krishna Singh,اشيش كرشنا كرشنا سنج,Others,Unclassified,19
AMR,Americana Restaurants International PLC,RAJIV ROHILLA RADHEY SHAM,راجيف روهيلا رادهى شام,Others,Unclassified,19
AMR,Americana Restaurants International PLC,PRADEEP KUMAR RAM PRAKASH,براديب كومار رام براكاش,Others,Unclassified,19
AMR,Americana Restaurants International PLC,Supreet Kaur Balbir Singh,سوبريت كاور بالبير سينغ,Others,Unclassified,19
AMR,Americana Restaurants International PLC,PAUL KENNETH MCLOUGHLIN,باول كينيث ماكلوغلين,Others,Unclassified,19
AMR,Americana Restaurants International PLC,NITIN KULSHRESHTHA KAMLESH KUMAR KULSHRESHTHA,نيتن كولشريستا كامليش كومار كولشريستا,Others,Unclassified,19
AMR,Americana Restaurants International PLC,NAVNEET SINGH PARAMJEET SINGH,نافنيت سينغ بارامجيت سينغ,Others,Unclassified,19
AMR,Americana Restaurants International PLC,MUZZAFAR MAQBOOL MOHAMAD MAQBOOL BHAT,مظفر مقبول محمد مقبول بهات,Others,Unclassified,19
AMR,Americana Restaurants International PLC,Ankit Dua Goverdhan Das Dua,انكيت ديوا جوفير دهان داس ديوا,Others,Unclassified,19
AMR,Americana Restaurants International PLC,MOHAMED YASSIN FARRAG MOHAMED MOUSTAFA,محمد يس فراج محمد مصطفى,Others,Unclassified,19
AMR,Americana Restaurants International PLC,ADIL EL AZARIFI,عادل الازاريفي,Others,Unclassified,19
AMR,Americana Restaurants International PLC,Sonika Sahni Gupta Sahni Pradeep Singh,سونكا ساهني جوبتا ساهني براديب سينغ,Others,Unclassified,19
AMR,Americana Restaurants International PLC,MOHAMED MOHAMED ABDALLA ELSHEIKH,محمد محمد عبد الله الشيخ,Others,Unclassified,19
AMR,Americana Restaurants International PLC,SHELDON CRAIG WILLIAMS,شيلدون كريج ويليامز,Others,Unclassified,19
AMR,Americana Restaurants International PLC,Nasser Marwan Haddad,ناصر مروان حداد,Others,Unclassified,19
AMR,Americana Restaurants International PLC,WAEL MAHMOUD SAYED SADIQ SAEED,وائل محمود سيد صادق سعيد,Others,Unclassified,19
AMR,Americana Restaurants International PLC,Hisham Talaat Mohamed Afifi,هشام طلعت محمد عفيفي,Others,Unclassified,19
AMR,Americana Restaurants International PLC,MAYANK SINGHVI KUNDAN LAL SINGHVI,ماينك سنجافى كوندان لال سنجافى,Others,Unclassified,19
AMR,Americana Restaurants International PLC,MOHAMED METWALLY METWALLY MOUSTAFA,محمد متولى متولى مصطفى,Others,Unclassified,19
AMR,Americana Restaurants International PLC,Shashwat Bansal Saurabh Bansal,شاشوات بانسال سوراب بانسال,Others,Unclassified,19
AMR,Americana Restaurants International PLC,Syed Muhammad Saad Pasha,سيد محمد سعد باشا,Others,Unclassified,19
AMR,Americana Restaurants International PLC,Zaynab Ismael Mohammed Hussein,زينب اسماعيل محمد حسين,Others,Unclassified,19
AMR,Americana Restaurants International PLC,Mohamed Abdelrahman Fahmy Ahmed ,محمد عبدالرحمن فهمى احمد,Others,Unclassified,19
AMR,Americana Restaurants International PLC,Wafic Ahmad Alnaboulsi,وفيق احمد النابلسى,Others,Unclassified,19
AMR,Americana Restaurants International PLC,Aman Barasia Umesh Barasia,امان باراسيا اوميش باراسيا,Others,Unclassified,19
AMR,Americana Restaurants International PLC,Ahmed Hafiz Abdelraouf Ammar,احمد حافظ عبدالرؤوف عمار,Others,Unclassified,19
AMR,Americana Restaurants International PLC,Fahad GH F A  Alabduljaleel,فهد غازى فهد احمد العبدالجليل,Others,Unclassified,19
AMR,Americana Restaurants International PLC,Aasim Ansari,عاصم أنصاري,Others,Unclassified,19
AMR,Americana Restaurants International PLC,Vaishali Chakravarty Suneer Kumar Chakravarty,فايشالى شاكر افارتى سونير كومار شاكر افارتى,Others,Unclassified,19
AMR,Americana Restaurants International PLC,Mohamed Sayed Mostafa Mohamed Kotb,محمد سيد مصطفى محمد قطب,Others,Unclassified,19
AMR,Americana Restaurants International PLC,Mohamed Ali Mohamed Elgayed,محمد على محمد الجيد,Others,Unclassified,19
AMR,Americana Restaurants International PLC,Moustafa Emam Moustafa Emam,مصطفى امام مصطفى امام,Others,Unclassified,19
AMR,Americana Restaurants International PLC,Mayur Subhash Agarwal Subhash Rameshwar,مايور سوبهاش اجاروال سوبهاش راميشوار اجاروال,Others,Unclassified,19
AMR,Americana Restaurants International PLC,Aashin Manu Azeem Abdul Raheem Azeem,اشين مانو عظيم عبدالرحيم عظيم,Others,Unclassified,19
AMR,Americana Restaurants International PLC,FABRICE KUMWIMBA KABONGO,فابريس كومويمبا كابونجو,Others,Unclassified,19
AMR,Americana Restaurants International PLC,Deepesh Goel Suresh Chand Goel,ديبيش جويل سوريش تشاند جويل,Others,Unclassified,19
AMR,Americana Restaurants International PLC,Hatem Mahmoud Mohamed Sayed Abdelrahman,حاتم محمود محمد سيد عبدالرحمن,Others,Unclassified,19
AMR,Americana Restaurants International PLC,Sunil Kumar Durga Prasad Jaiswal Durga Prasad,سونيل كومار دورجا براساد جايسوال دورجا براساد فيشوانات,Others,Unclassified,19
AMR,Americana Restaurants International PLC,Rahul Kumar Shankar Lal Bharwani,راهول كومار سنكار لال بهاروانى,Others,Unclassified,19
AMR,Americana Restaurants International PLC,Divya Dua Sunil Dutt Dua,ديفيا دوا سونيل دوت دوا,Others,Unclassified,19
AMR,Americana Restaurants International PLC,Carleen Poole,كارلين بولى,Others,Unclassified,19
AMR,Americana Restaurants International PLC,Vaibhav Grover Manesh Grover,غفايبهاف جروفر ماهيش جروفر,Others,Unclassified,19
AMR,Americana Restaurants International PLC,Ahmed Tharwat Abdelhamid Mohamed Youssef,احمد ثروت عبدالحميد محمد يوسف,Others,Unclassified,19
AMR,Americana Restaurants International PLC,Khaled Badr Mohamed Abdelwahab,خالد بدر محمد عبدالوهاب,Others,Unclassified,19
AMR,Americana Restaurants International PLC,Sana Naim Ammar,سنا نعيم عمار,Others,Unclassified,19
AMR,Americana Restaurants International PLC,Swati Chauhan Jayant Chavhan,سواتى شاوهان جايانت شافهان,Others,Unclassified,19
AMR,Americana Restaurants International PLC,Heidi Orpin,هيدى اوربين,Others,Unclassified,19
AMR,Americana Restaurants International PLC,Abdullah Ghazi Abou Hewelle,عبدالله غازى ابو حويلى,Others,Unclassified,19
AMR,Americana Restaurants International PLC,Madhav Achyut Prabhu Prabhu Achyut Shivram,مادهاف اشيوت برابهو برابهو اشيوت شيقرام,Others,Unclassified,19
AMR,Americana Restaurants International PLC,Priyanka Ketan Udeshi Ketan Vallebh Udeshi,بريانكا كيتان اوديشي كيتان فالاب اوديشي,Others,Unclassified,19
AMR,Americana Restaurants International PLC,Noor Zainab Farooq Ahmed,نور زينب فاروق احمد,Others,Unclassified,19
AMR,Americana Restaurants International PLC,Abdulrahman Mohamed Ali,عبدالرحمن محمد علي,Others,Unclassified,19
AMR,Americana Restaurants International PLC,Ayush Suresh Poduval Suresh Kandampath,ايوش سوريش بودوفال سوريش كاندامبات ايديشير يالينكاز هيل,Others,Unclassified,19
AMR,Americana Restaurants International PLC,Farhan Abdul Karim Jahangir,فرحان عبدالكريم جهانكير,Others,Unclassified,19
AMR,Americana Restaurants International PLC,Osama Helmy Mohamed Helal,اسامه حلمى محمد هلال,Others,Unclassified,19
AMR,Americana Restaurants International PLC,Shoaib Siraj Siddigui Siraj Ahmed Siddiqui,شعيب سراج صديقى سراج احمد صديقى,Others,Unclassified,19
AMR,Americana Restaurants International PLC,Tamer Mohamed Osman Elkhliefy Ahmed Elshekh,تامر محمد عثمان الخليفى احمد الشيخ,Others,Unclassified,19
AMR,Americana Restaurants International PLC,Aparna Ajith Pillai,ابارنا اجيت بيلاي,Others,Unclassified,19
AMR,Americana Restaurants International PLC,Ibrahim Yakub Ibrahim Bagosher,ابراهيم يعقوب ابراهيم باقشير,Others,Unclassified,19
AMR,Americana Restaurants International PLC,Diala Antoine,ديالا انطوان,Others,Unclassified,19
AMR,Americana Restaurants International PLC,Hatem Mamdouh Mostafa Kamel Emam,حاتم ممدوح مصطفى كامل امام,Others,Unclassified,19
AMR,Americana Restaurants International PLC,Maricar Sison Flores,ماريكار سيسون فلوريس,Others,Unclassified,19
AMR,Americana Restaurants International PLC,Zarina Gerkhard,زارينا جيركهارد,Others,Unclassified,19
AMR,Americana Restaurants International PLC,Yugansh Kashyap Yogendra Kashyap,يوجانش كاشياب يوجيندرا كاشياب,Others,Unclassified,19
AMR,Americana Restaurants International PLC,Riya Sara Varghese Varughese Thomas,ريا سارا فارجيس فاروغيس توماس,Others,Unclassified,19
AMR,Americana Restaurants International PLC,Nidhi Ramesh Parwani Ramesh,ندهى راميش بروانى راميش,Others,Unclassified,19
AMR,Americana Restaurants International PLC,ANGELA SUZANNE THOMAS LEE,انجيلا سوزانى توماس لى,Others,Unclassified,19
AMR,Americana Restaurants International PLC,Wasay Ashraf Muhammad Ashraf Butt,واسع اشرف محمد اشرف بت,Others,Unclassified,19
AMR,Americana Restaurants International PLC,Kapilkumar Shriram Sharma Shriram Maliram,كابيلكومار شريرام شارما شريرام ماليرام شارما,Others,Unclassified,19
AMR,Americana Restaurants International PLC,Farhana Riaz Hamad Mirza,فرحانه رياض حمد مرزا,Others,Unclassified,19
AMR,Americana Restaurants International PLC,Hashem Ahmad Hashem Albitar,هاشم احمد عاشم البيطار,Others,Unclassified,19
AMR,Americana Restaurants International PLC,Jainam Yogesh Vora Yogesh Nagindas Vora,جاينام يوجيش فورا يوجيش ناجينداس فورا,Others,Unclassified,19
AMR,Americana Restaurants International PLC,Ankush Ajay Ajay Kumar Bhatia Bhatia, انكوش اجاي اجاي كوماربهاتيا بهاتيا,Others,Unclassified,19
AMR,Americana Restaurants International PLC,Alexandra Artemenko,ألكسندرا أرتيمينكو,Others,Unclassified,19
AMR,Americana Restaurants International PLC,Urvish Rajesh Doshi Rajesh Ratilal Doshi,ارفيش راجيش دوشى راجيش راتيلا دوشى,Others,Unclassified,19
AMR,Americana Restaurants International PLC,Hassan Aly Hussein Hassan,حسن على حسين حسن,Others,Unclassified,19
AMR,Americana Restaurants International PLC,Vijay Krishnan K S Krishnan,فيجاي كريشنان ك س كريشنان,Others,Unclassified,19
AMR,Americana Restaurants International PLC,Karim Sabanali Lakhani Sabanali Kamruddin Lakhani ,كريم سابانالى لاخانى سابانالى قمر الدين لاخانى,Others,Unclassified,19
AMR,Americana Restaurants International PLC,Mohamed Sayed Aly Elsayed Ahmed,محمد سيد على السيد احمد,Others,Unclassified,19
AMR,Americana Restaurants International PLC,Krishna Das Manghat,كريشنا داس مانجات,Others,Unclassified,19
AMR,Americana Restaurants International PLC,Melissa Roger Aoun,مليسا روجه عون,Others,Unclassified,19
AMR,Americana Restaurants International PLC,Aakash Bassi Suraj Prakash,اكاش باسى سوراج باركاش,Others,Unclassified,19
AMR,Americana Restaurants International PLC,Ilia Kopot,اليا كوبوت,Others,Unclassified,19
AMR,Americana Restaurants International PLC,Arifa Lucky Shafi Ahamad,اريفا لاكى شافى احمد,Others,Unclassified,19
AMR,Americana Restaurants International PLC,Farkhod Askarov,فارخود أسكاروف,Others,Unclassified,19
AMR,Americana Restaurants International PLC,Niraj Minesh Patel,نيراج مينش باتل ,Others,Unclassified,19
AMR,Americana Restaurants International PLC,Mohammed Karim Mohammed Hanif Hashmi,محمد كريم محمد حنيف هاشمى,Others,Unclassified,19
AMR,Americana Restaurants International PLC,HESHAM ABDELFATTAH MAHMOUD ABDELFATTAH,هشام عبدالفتاح محمود عبدالفتاح,Others,Unclassified,19
AMR,Americana Restaurants International PLC,Farzana Khan Ahmed Khan,فرزانه خان احمد خان,Others,Unclassified,19
AMR,Americana Restaurants International PLC,Ahmed Salaheldin Abdelgawad Aly,احمد صلاح الدين عبدالجواد على,Others,Unclassified,19
AMR,Americana Restaurants International PLC,Ahmed Saad Mohamed Hassanein,احمد سعد محمد حسانين,Others,Unclassified,19
AMR,Americana Restaurants International PLC,AMR MOHAMED FOUAD MOHAMED MOHAMED,عمرو محمد فؤاد محمد محمد,Others,Unclassified,19
AMR,Americana Restaurants International PLC,AHMED MAHMOUD ARAFA MOHAMMED ELWAN,احمد محمود عرفه محمد علوان,Others,Unclassified,19
AMR,Americana Restaurants International PLC,Ahmed Abdelsattar Hussein Kenawy,احمد عبدالستار حسين قناوى,Others,Unclassified,19
AMR,Americana Restaurants International PLC,Dina Tarek Mohamed Elganzoury,دينا طارق محمد الخنزورى,Others,Unclassified,19
AMR,Americana Restaurants International PLC,Mohamed Monir Abdelglil Elsaid,محمد منير عبدالجليل السعيد,Others,Unclassified,19
AMR,Americana Restaurants International PLC,MANSI JAIN ANIL JAIN,مانسى جين انيل جين,Others,Unclassified,19
AMR,Americana Restaurants International PLC,VINESH REDDY TEEPI,فنيش ريدى تيبى,Others,Unclassified,19
AMR,Americana Restaurants International PLC,Mohamed Yakout Mahmoud Hegazy,محمد ياقوت محمود حجازى,Others,Unclassified,19
AMR,Americana Restaurants International PLC,Jenny Desphy Castillo,جينى ديسفى كاستلو,Others,Unclassified,19
AMR,Americana Restaurants International PLC,Fares Ahmed Mohamed Abdelfattah Hidar,فارس احمد محمد عبدالفتاح حيدر,Others,Unclassified,19
AMR,Americana Restaurants International PLC,DHEERAJ PANT BHAGWATI PRASAD PANT,دهراج بانت بهاجواتى براساد بانت,Others,Unclassified,19
AMR,Americana Restaurants International PLC,KAREEM ABDELMOTEELB FADUL OSMAN,كريم عبدالمطلب فضل عثمان,Others,Unclassified,19
AMR,Americana Restaurants International PLC,JOSLYN BIJU VARGHESE JOSEPH VYLICODATH BIJU,جوسلين بيجو فارجيس جوزيف فيليكودات بيجو,Others,Unclassified,19
AMR,Americana Restaurants International PLC,Md Sameer Akhtar Md Zahid Akhtar,محمد سمير اختر محمد زاهد اختر,Others,Unclassified,19
AMR,Americana Restaurants International PLC,Mritunjay Agrahari Rakesh Kumar,مريتنجاى اغراهارى راكيش كومار,Others,Unclassified,19
AMR,Americana Restaurants International PLC,Neha Bhatia Prithvi Raj Bhatia,نيها بهاتيا بريتفى راج بهاتيا,Others,Unclassified,19
AMR,Americana Restaurants International PLC,Rishabh Singh Rajesh Singh,ريشاب سينغ راجيش سينغ,Others,Unclassified,19
AMR,Americana Restaurants International PLC,Prateek Jagdish Agarwal Agarwal,براتييك جاغديش أغاروال أغاروال,Others,Unclassified,19
AMR,Americana Restaurants International PLC,Shreyansh Jain Surya Kant Jain,شريانش جين سوريا كانط جين,Others,Unclassified,19
AMR,Americana Restaurants International PLC,Tushar Verma Om Prakash Verma,توشار فيرما اوم براكاش فيرما,Others,Unclassified,19
AMR,Americana Restaurants International PLC,Alkesh Kumar,الكيش كومار,Others,Unclassified,19
AMR,Americana Restaurants International PLC,CHINCHU SARA JACOB,جينجو سارا جاكوب,Others,Unclassified,19
AMR,Americana Restaurants International PLC,AHMED Essam Sayed Ahmed Ahmed Abosalem,احمد عصام سيد احمد احمد ابوسالم,Others,Unclassified,19
AMR,Americana Restaurants International PLC,Maria Paula Escobar Yemail,ماريا باولا ايسكوبار يميل,Others,Unclassified,19
AMR,Americana Restaurants International PLC,Aleksei Sedlenek,أليكسي سيدلينك,Others,Unclassified,19
AMR,Americana Restaurants International PLC,APOORVA BARANWAL SURENDRA KUMAR,ابورفا بارانوال سوريندرا كومار,Others,Unclassified,19
AMR,Americana Restaurants International PLC,Hossameldin Hassan Ali Hassan,حسام الدين حسن على حسن,Others,Unclassified,19
AMR,Americana Restaurants International PLC,Abdul Ruhman Naim Naser Abu Jabal,عبدالرحمن نعيم ناصر ابو جبل,Others,Unclassified,19
AMR,Americana Restaurants International PLC,Abdul Basit Muhammad Haroon,عبدالباسط محمد هارون,Others,Unclassified,19
AMR,Americana Restaurants International PLC,Akhil Puri Sudershan Puri,أخيل بوري سوديرشان بوري,Others,Unclassified,19
AMR,Americana Restaurants International PLC,CHANDRA PRAKASH SURESH PRASAD,شاندرا براكاش سوريش براساد,Others,Unclassified,19
AMR,Americana Restaurants International PLC,Gaurav Yadav Ram Singh Yadav,جاوراف ياداف رام سينغ ياداف,Others,Unclassified,19
AMR,Americana Restaurants International PLC,Edward Terres Ching,ايدورد توريس شينغ,Others,Unclassified,19
AMR,Americana Restaurants International PLC,KARIKAT VIVEKANANDA KARIKAT GOVINDA,كاريكات فيفيكاناندا كاريكات جوفيندا,Others,Unclassified,19
AMR,Americana Restaurants International PLC,Kevin Peter Pulakal Kochunny Peter,كيفين بيتر بولاكال كوشونى بيتر,Others,Unclassified,19
AMR,Americana Restaurants International PLC,Guruprasad Kothandapani Madurai Muthu Kothandapani,غوروبرساد كوثانداپاني مادوراي موثور كوثانداپاني,Others,Unclassified,19
AMR,Americana Restaurants International PLC,KAREEM ZAKI SHAKER ABUGHAZALEH,كريم زكى شاكر ابو غزاله,Others,Unclassified,19
AMR,Americana Restaurants International PLC,SHAHZAD NAEEM GHORI NAEEMUDDIN KHAN GHORI,شاهزاد نعيم غورى نعيم الدين خان غورى,Others,Unclassified,19
AMR,Americana Restaurants International PLC,KARIM ABOUELHASSAN ALI MOHAMED,كريم ابو الحسن على محمد,Others,Unclassified,19
AMR,Americana Restaurants International PLC,ILAMARAN ARIVALAGAN ARIVALAGAN,ايلاماران اريفالاجان اريفالاجان,Others,Unclassified,19
AMR,Americana Restaurants International PLC,Hafiz Talha Afzal Muhammad Afzal,حافظ طلحه افضل محمد افضل,Others,Unclassified,19
AMR,Americana Restaurants International PLC,Mohamed Al Azem,محمد العزم,Others,Unclassified,19
AMR,Americana Restaurants International PLC,Leon Youssef Mardini,ليون يوسف ماردينى,Others,Unclassified,19
AMR,Americana Restaurants International PLC,Toni Abi Assaf,طونى بيار ابى عساف,Others,Unclassified,19
AMR,Americana Restaurants International PLC,Ahmed Jafar Khamees Al Jafari,احمد جعفر خميس الجعفرى,Others,Unclassified,19
AMR,Americana Restaurants International PLC,Abdallah Zeid Safieddine,عبدالله زيد صفى الدين,Others,Unclassified,19
AMR,Americana Restaurants International PLC,Mehul Joginder Singh,ميهول جوجيندر سينغ,Others,Unclassified,19
AMR,Americana Restaurants International PLC,Roshan Suresh Hotwani Hotwani Suresh Chotirmal,روشان سوريش هوتوانى هوتوانى سوريش شوتيرمال,Others,Unclassified,19
AMR,Americana Restaurants International PLC,Muhammad Sarmad Ali Muhammad Sarwar,محمد سرمد على محمد سرور,Others,Unclassified,19
AMR,Americana Restaurants International PLC,Tanuj Kodwani Anil Kodwani,تانوج كودوانى انيل كودوانى,Others,Unclassified,19
AMR,Americana Restaurants International PLC,Sumedh Nilkanth Deogade Nilkanth Chimanrao Deogade,سوميد نيلكانت ديوجدى نيلكانت شيمانراو ديوجدى,Others,Unclassified,19
AMR,Americana Restaurants International PLC,Mariedion Mariano Malbas,ماريديون ماريانو مالباس,Others,Unclassified,19
AMR,Americana Restaurants International PLC,Omer Youssef,عمر يوسف,Others,Unclassified,19
AMR,Americana Restaurants International PLC,Ravi Kumar Amarnath Kajla,رافى كومار امارنات كاجلا,Others,Unclassified,19
AMR,Americana Restaurants International PLC,Hasna Tadros Namnoum,حسنا تادروس نمنوم,Others,Unclassified,19
AMR,Americana Restaurants International PLC,Jeff Henry,جيف هينرى,Others,Unclassified,19
AMR,Americana Restaurants International PLC,Robert Guy Lane,روبرت جاي لين,Others,Unclassified,19
AMR,Americana Restaurants International PLC,Prashant Kumar Sita Ram Lal,براشانت كومار سيتا رام لال,Others,Unclassified,19
AMR,Americana Restaurants International PLC,Yara Zabiello,يارا زابيلو,Others,Unclassified,19
AMR,Americana Restaurants International PLC,Yulia Malyshkina,يوليا ماليشكينا,Others,Unclassified,19
AMR,Americana Restaurants International PLC,Ayush Agrawal Tirath Agrawal,ايوش اغاروال تيراث اغاروال,Others,Unclassified,19
AMR,Americana Restaurants International PLC,Veronika Volk,فيرونيكا فولك,Others,Unclassified,19
AMR,Americana Restaurants International PLC,Mehul Vijaykumar Chaturvedi Vijaykumar Bankelal,ميهول فيجايكومار شاتورفيدى فيجايكومار بانكيلال,Others,Unclassified,19
AMR,Americana Restaurants International PLC,Tatiana Ukhunvangkho,تاتيانا أوكونفانغخو,Others,Unclassified,19
AMR,Americana Restaurants International PLC,Harish Singh Nayal Rajender Singh Nayal,هاريش سينغ نايال راجيندر سينغ نايال,Others,Unclassified,19
ANAN,ANAN INVESTMENT HOLDING P.J.S.C,Khalifa Saif Juma Saif Al Mehairbi,خليفة سيف جمعة سيف المحيربي,Chairman,Board,1
ANAN,ANAN INVESTMENT HOLDING P.J.S.C,Dr. Abdulaziz Fahad H Alongary,الدكتور عبد العزيز فهد بن حمد العنقري,Vice Chairman,Board,2
ANAN,ANAN INVESTMENT HOLDING P.J.S.C,SALEM HADHER MUBARAK HADHER ALMHEIRI,سالم حاضر مبارك حاضر المهيري,Top Management,Management,10
ANAN,ANAN INVESTMENT HOLDING P.J.S.C,SALEM HADHER MUBARAK HADHER ALMHEIRI,سالم حاضر مبارك حاضر المهيري,Board Member,Board,11
ANAN,ANAN INVESTMENT HOLDING P.J.S.C,Omar Saeed Juma Alshaikh Al Romaithi,عمر سعيد جمعة الشيخ الرميثي,Board Member,Board,11
ANAN,ANAN INVESTMENT HOLDING P.J.S.C,SALEM HADHER ALMUHIRI,سالم حاضر المهيري,Board Member,Board,11
APEX,APEX INVESTMENT P.S.C,Khalifa Yousif Abdulla Husain Khouri,خليفة يوسف عبدالله حسين خوري,Chairman,Board,1
APEX,APEX INVESTMENT P.S.C,Futoon Hamdan Mohamed Saif Almazrouei ,فتون حمدان محمد سيف المزروعي,Vice Chairman,Board,2
APEX,APEX INVESTMENT P.S.C,Mark Raymond Blackwell,مارك رايموند بلاكويلل,CE/ CEO,Management,5
APEX,APEX INVESTMENT P.S.C,Ahmed Amer Omar Saleh Omar,أحمد عامر عمر صالح عمر,Managing Director,Board,7
APEX,APEX INVESTMENT P.S.C,Rajesh Krishnakant Krishnakant Naginlal Desal Desal,راجيش كرشناكانت كرشناكانت ناجنيلال ديساي ديساي,Top Management,Management,10
APEX,APEX INVESTMENT P.S.C,STEVEN MARK HENDERSON,ستيفن مارك هينترسون,Top Management,Management,10
APEX,APEX INVESTMENT P.S.C,Hamad Khlfan Ali Matar Alshamsi,حمد خلفان علي مطر الشامسى,Board Member,Board,11
APEX,APEX INVESTMENT P.S.C,Saje Thomas,ساجي توماس,Board Member,Board,11
APEX,APEX INVESTMENT P.S.C,Ahmed Amr Aly Hosny Hassan Aly Kandil,احمد عمرو على حسنى حسن على قنديل,Board Secretary,Unclassified,12
APEX,APEX INVESTMENT P.S.C,APEX INVESTMENT P.S.C,ايبيكس للإستثمار ش.م.ع,Company,Unclassified,18
APEX,APEX INVESTMENT P.S.C,A T G C Transport and General Contracting L.L.C.,ي تي جي سي للنقل و المقاولات العامة ذ.م.م,Company,Unclassified,18
APEX,APEX INVESTMENT P.S.C,AL KHALEEJ INVESTMENT P.S.C (KICO),الخليج الاستثمارية ش.م.ع,Company,Unclassified,18
APEX,APEX INVESTMENT P.S.C,Adil Hosgor,عادل هوسجور,Others,Unclassified,19
APEX,APEX INVESTMENT P.S.C,Muhammad Eileh Radwan Nassar,محمد عيله رضوان نصار,Others,Unclassified,19
APEX,APEX INVESTMENT P.S.C,Houssam Ali Al Salman,حسام على السلمان,Others,Unclassified,19
APEX,APEX INVESTMENT P.S.C,Andrew Mark Curtis,اندريو مارك كورتيس,Others,Unclassified,19
APEX,APEX INVESTMENT P.S.C,Hussein Ali Hussein Saleh,حسين على حسين صالح,Others,Unclassified,19
APEX,APEX INVESTMENT P.S.C,Mohmmad Riad Jabr Hassouneh,محمد رياض جبر حسونه,Others,Unclassified,19
APEX,APEX INVESTMENT P.S.C,Mohammad Yahia Alshaddad,محمد يحيى الشداد,Others,Unclassified,19
ARAM,Aram Group,Shaikh Mohammed Bin Sultan Bin Khalifa Al-Nahyan,الشيخ محمد بن سلطان بن خليفة آل نهيان,Chairman,Board,1
ARAM,Aram Group,Ali Nasser Sultan Alyabhouni Aldhaheri,علي ناصر  سلطان اليبهونى الظاهري,Vice Chairman,Board,2
ARAM,Aram Group,Ali Mohd Zaid Ali Musmar,علي محمد زيد علي مسمار,Group CEO and Managing Director ,Board,4
ARAM,Aram Group,Ali Mohd Zaid Ali Musmar,علي محمد زيد علي مسمار,CEO and Managing Director ,Board,6
ARAM,Aram Group,Abdulrahman Abdulla Abdulmohsen Almahmood,عبد الرحمن عبد الله عبد المحسن المحمود,General Manager,Management,8
ARAM,Aram Group,ABDULRAHMAN ABDULLA ABDULMOHSEN ALMAHMOOD,عبدالرحمن عبدالله عبدالمحسن ال محمود,General Manager,Management,8
ARAM,Aram Group,SALAMA ALHAJ ABDULLAH ALAWADHI,سلامه الحاج عبدالله العوضى,Board Member,Board,11
ARAM,Aram Group,ARKADIUSZ JAKUB BAJAK,اركاديوسز جاكوب باجاك,Board Member,Board,11
ARAM,Aram Group,SARAH NICOLE MCLOUGHLIN,ساره نيكول مكلوغلين,Board Secretary,Unclassified,12
ARAM,Aram Group,ARAM GROUP COMPANY,شركة مجموعة أرام,Company,Unclassified,18
ARAM,Aram Group,Sharihan Ziad Abou Mosleh,شريهان زياد ابو مصلح,Others,Unclassified,19
ARAM,Aram Group,Ali Madani,علي مدني,Others,Unclassified,19
ARAM,Aram Group,Farah Nabel Alsuliman Aldaher,فرح نبيل السليمان الظاهر,Others,Unclassified,19
ARAM,Aram Group,ASPIRE CONSULTANCE ME FOR BOOK KEEPING AND TAXATION CO. L.L.C,أسباير كونسلتنس مي لمسك الدفاتر والضرائب شركة الشخص الواحد ذ.م.م,Others,Unclassified,19
ARAM,Aram Group,SHARIHAN ABOU MOSLEH,شريهان زياد ابو مصلح,Others,Unclassified,19
ARAM,Aram Group,Ali Abdelrahman Osman Madani,علي عبدالرحمن عثمان مدني,Others,Unclassified,19
ARAM,Aram Group,Ahmad Ali Fahmi Abood Al Khafaji,احمد علي فهمي عبود الخفاجي,Others,Unclassified,19
ARAM,Aram Group,RAID MALALLA ABDELRAHMAN MOHAMED,رائد مال الله عبدالرحمن محمد,Others,Unclassified,19
ARAM,Aram Group,LENDA KHADR IBRAHIM ABOUEIDA,ليندا خضر ابراهيم ابوعيده,Others,Unclassified,19
ARAM,Aram Group,Farah Nabel Alsuliman Aldaher,فرح نبيل السليمان الظاهر,Others,Unclassified,19
ASM,Al Seer Marine Supplies & Equipment Company Pr.J.S.C,Readh Faraj Ahmed Alkindi,رياض فرج احمد الكندي,Chairman,Board,1
ASM,Al Seer Marine Supplies & Equipment Company Pr.J.S.C,Jasem Yousef Yaqoob Eissa Almansoori,جاسم يوسف يعقوب عيسى المنصوري,Vice Chairman,Board,2
ASM,Al Seer Marine Supplies & Equipment Company Pr.J.S.C,Gunters Pedro Alvarado,جونتيرس بيدرو الفارادو,Top Management,Management,10
ASM,Al Seer Marine Supplies & Equipment Company Pr.J.S.C,Holger Schul Te Hillen,هولجر شولت هيلين,Top Management,Management,10
ASM,Al Seer Marine Supplies & Equipment Company Pr.J.S.C,Eric Malinski,ايريك مالينسكي,Top Management,Management,10
ASM,Al Seer Marine Supplies & Equipment Company Pr.J.S.C,Nitin Mathur ,نيتين ماثور,Top Management,Management,10
ASM,Al Seer Marine Supplies & Equipment Company Pr.J.S.C,Mark Desmond Hawkes,مارك ديسموند هوكس,Top Management,Management,10
ASM,Al Seer Marine Supplies & Equipment Company Pr.J.S.C,Guy Neivens ,جوى نيفينس,Board Member,Board,11
ASM,Al Seer Marine Supplies & Equipment Company Pr.J.S.C,Mohd Loay T A Abdelfattah,محمد لؤي تيسير عبدالفتاح عبدالفتاح,Board Member,Board,11
ASM,Al Seer Marine Supplies & Equipment Company Pr.J.S.C,Ali Rashed Mohammed Rashed Al Rashdi,علي راشد محمد راشد الراشدي,Board Member,Board,11
ASM,Al Seer Marine Supplies & Equipment Company Pr.J.S.C,Reem Allamadani,ريم اللمداني,Board Secretary,Unclassified,12
ASM,Al Seer Marine Supplies & Equipment Company Pr.J.S.C,meghna mary mathews,ميغنا ماري مامثيوس,Others,Unclassified,19
ASM,Al Seer Marine Supplies & Equipment Company Pr.J.S.C,Liliana Paola Escobar Polo,ليليانا باولا ايسكوبار بولو,Others,Unclassified,19
BILDCO,Abu Dhabi National Co. for Building Materials,Rasheed Ali Rasheed Naser Al Omaira,رشيد علي رشيد  ناصر العميره,Chairman,Board,1
BILDCO,Abu Dhabi National Co. for Building Materials,Saeed Saif Darwaish Ahmed Al Ketbi,سعيد سيف درويش احمد الكتبي,Vice Chairman,Board,2
BILDCO,Abu Dhabi National Co. for Building Materials,رشيد علي رشيد ناصر العميره,رشيد علي رشيد ناصر العميره,Group CEO ,Management,3
BILDCO,Abu Dhabi National Co. for Building Materials,Shamsa Sulaiman Abdelkarim Al Fahim,شمسة سليمان عبدالكريم الفهيم ,Acting CEO,Management,4.1
BILDCO,Abu Dhabi National Co. for Building Materials,Ali Rasheed Naser Al Omaira,علي رشيد ناصر العميرة,Board Member,Board,11
BILDCO,Abu Dhabi National Co. for Building Materials,Suhail Saeed Abdulla Al Falasi,سهيل سعيد عبدالله الفلاسي,Board Member,Board,11
BILDCO,Abu Dhabi National Co. for Building Materials,Dina Ali Saif Khalfan Beljaflah,دينا على سيف خلفان بالجافله,Board Member,Board,11
BILDCO,Abu Dhabi National Co. for Building Materials,Hamad Obaid Hamad Taryam Al Shamsi,حمد عبيد حمد تريم الشامسي,Board Member,Board,11
BILDCO,Abu Dhabi National Co. for Building Materials,Shamsa Sulaiman Abdulkarim Alfahim,شمسه سليمان عبدالكريم محمد الفهيم,Board Member,Board,11
BILDCO,Abu Dhabi National Co. for Building Materials,Muchi Lyu,موجي ليو,Board Secretary,Unclassified,12
BILDCO,Abu Dhabi National Co. for Building Materials,Mohamed Hossen Hamtou,محمد حسين حمتوه,Others,Unclassified,19
BILDCO,Abu Dhabi National Co. for Building Materials,Mohamed Ali Rasheed AlOmaira,محمد علي رشيد العميره,Others,Unclassified,19
BILDCO,Abu Dhabi National Co. for Building Materials,Abdulla Ketait,عبدالله كتيت.,Others,Unclassified,19
BILDCO,Abu Dhabi National Co. for Building Materials,Ahmed Alnaqbi,احمد النقبي,Others,Unclassified,19
BILDCO,Abu Dhabi National Co. for Building Materials,Abdulla Ketait,عبدالله كتيت,Others,Unclassified,19
BILDCO,Abu Dhabi National Co. for Building Materials,Ahmed Alnaqbi,احمد النقبي,Others,Unclassified,19
BILDCO,Abu Dhabi National Co. for Building Materials,Abu Dhabi National Co. for Building Materials,شركة أبوظبي الوطنية لمواد البناء,Company,Unclassified,
BOROUGE,Borouge PLC,H.E. Dr. Sultan Ahmed Al Jaber,معالي الدكتور/ سلطان أحمد الجابر,Chairman,Board,1
BOROUGE,Borouge PLC,Martijn Arjen van Koten ,مارتين فان كوتِن ,Vice Chairman,Board,2
BOROUGE,Borouge PLC,Hazeem Al Suwaidi,هزيم  سلطان سلطان هزيم السويدي,CE/ CEO,Management,5
BOROUGE,Borouge PLC,Salem Al Busaeedi,سالم مسعود سالم علي البوسعيدي,Top Management,Management,10
BOROUGE,Borouge PLC,Siegfried Wolfgang Wengler ,ونجلر سيغفريد ولفجانج,Top Management,Management,10
BOROUGE,Borouge PLC,ROLAND JOZEF JANSSEN,رولاند جوزيف جانسين,Top Management,Management,10
BOROUGE,Borouge PLC,Klaus Bernhard Alfred Frohlich,كلاوس بيرنارد ألفريد فروليش,Board Member,Board,11
BOROUGE,Borouge PLC,Daniel Turnheim,دانيل ترنهايم,Board Member,Board,11
BOROUGE,Borouge PLC,Stefan Doboczky ,"الرئيس التنفيذي، شركة ""بورياليس أيه جي""",Board Member,Board,11
BOROUGE,Borouge PLC,Dr Hasan Karam,حسن محمد احمد كرم الفارسى,Board Member,Board,11
BOROUGE,Borouge PLC,Roger Kearns,روجر ليستر كيرنز,Board Member,Board,11
BOROUGE,Borouge PLC,Dr. Rainer Seele,راينر سيل,Board Member,Board,11
BOROUGE,Borouge PLC,Reinhard Florey,راينهارد فلوري,Board Member,Board,11
BOROUGE,Borouge PLC,Rainer Gunz,راينر غونز,Board Member,Board,11
BOROUGE,Borouge PLC,Ahmad Asad Ma'abreh,أحمد أسعد معابرة,Board Secretary,Unclassified,12
BOROUGE,Borouge PLC,Borealis AG,بورياليس إيه جي,Company,Unclassified,18
BOROUGE,Borouge PLC,Accenture Pte Ltd,اكسنتشر .بي تي اي المحدوده,Company,Unclassified,18
BOROUGE,Borouge PLC,McKinsey & Company Singapore PTE LTD,شركة ماكينزي & شركاه شركة سنغافورة الخاصة المحدودة ,Company,Unclassified,18
BOROUGE,Borouge PLC,Saluki Media FZ LLC,سالوكي ميديا شركة ذات مسؤولية محدودة,Company,Unclassified,18
BOROUGE,Borouge PLC,Emperor Design Consultants Limited,امبرور ديزاين كونسالتنتس ليمتد,Company,Unclassified,18
BOROUGE,Borouge PLC,Al Bahiya Investment LLC,الباهية لإلستشمار – كة الشخص الواحد ذمم,Company,Unclassified,18
BOROUGE,Borouge PLC,Orient Capital Limited,شركة أورينت كابيتال المحدودة,Company,Unclassified,18
BOROUGE,Borouge PLC,Leen Irene Walter Rita Van den Eynden,لين آيرين ولتر ريتا فان دين آيندن,Others,Unclassified,19
BOROUGE,Borouge PLC,Leslie Faisal Isaac D’Cruz,ليسلي فيصل أيزاك ديكروز,Others,Unclassified,19
BOROUGE,Borouge PLC,Venkata Sita Rama Kumar Akkaraju,فينكاتا سيتا راما كومار أكاراجو,Others,Unclassified,19
BOROUGE,Borouge PLC,Mohamed Ahmed Mohamed Ahmed Alhammadi,محمد احمد  محمد احمد الحمادي,Others,Unclassified,19
BOROUGE,Borouge PLC,Afra Salem Khamis Bin Kenaid Alfalasi,عفراء سالم خميس بن كنيد الفلاسي,Others,Unclassified,19
BOROUGE,Borouge PLC,Reem Ali Ahmed Mohammed AlHammadi,ريم علي أحمد محمد الحمادي,Others,Unclassified,19
BOROUGE,Borouge PLC,Mohamed Abdulqader Ibrahim Saleh Alhammadi,محمد عبدالقادر إبراهيم صالح الحمادي,Others,Unclassified,19
BOROUGE,Borouge PLC,Mohammed Faisal Younis,محمد فيصل يونس,Others,Unclassified,19
BOROUGE,Borouge PLC,Astuty Tan,أستوتي تان,Others,Unclassified,19
BOROUGE,Borouge PLC,Editha Hasanovic,أديتا هسنوفيك,Others,Unclassified,19
BOS,Bank of Sharjah,Mohamed Bin Saud Al Qassimi (Sheikh),محمد بن سعود بن سلطان القاسمي (الشيخ),Chairman,Board,1
BOS,Bank of Sharjah,Saif Bin Mohamed Bin Butti Al Hamed (Sheikh),سيف بن محمد بن بطي آل حامد (الشيخ),Vice Chairman,Board,2
BOS,Bank of Sharjah,Mr. Mohamed Khadiri,السيد محمد خديري,CE/ CEO,Management,5
BOS,Bank of Sharjah,Mr. Salem Humeid Al Ghammai,السيد سالم حميد الغماي,Board Member,Board,11
BOS,Bank of Sharjah,Mr. Abdul Aziz Mubarak Al Hassawi,السيد عبدالعزيز مبارك عبدالعزيز الحساوي,Board Member,Board,11
BOS,Bank of Sharjah,Mr. Salah Ahmad Abdallah AlNoman AlShamsi,السيد صلاح أحمد عبدالله النومان الشامسي ,Board Member,Board,11
BOS,Bank of Sharjah,Mr. Amer AbdulAziz Hussain Khansaheb ,السيد عامر عبدالعزيز حسين خانصاحب,Board Member,Board,11
BOS,Bank of Sharjah,Mr. Abdulla Mohamed Sharif Abdulla Al Fahim,السيد عبدالله محمد شريف عبدالله الفهيم,Board Member,Board,11
BOS,Bank of Sharjah,Mr. Mubarak Saud AbdulAziz AlBesharah,السيد مبارك سعود عبدالعزيز البشاره,Board Member,Board,11
BOS,Bank of Sharjah,Mr. Talal AbdulAziz Hassan AlMidfa,السيد طلال عبدالعزيز حسن المدفع,Board Member,Board,11
BOS,Bank of Sharjah,Mr. Waleed Ibrahim Mohamed Hussain Al Sayegh,السيد وليد ابراهيم محمد حسين الصايغ ,Board Member,Board,11
BOS,Bank of Sharjah,Mrs. Arwa Mohamed Sultan Mohamed Al Owais,السيدة اروى محمد سلطان محمد العويس,Board Member,Board,11
BOS,Bank of Sharjah,Mr. Damian White ,السيد داميان وايت ,Others,Unclassified,19
BOS,Bank of Sharjah,Bank of Sharjah,بنك الشارقة,Company,Unclassified,
BURJEEL,BURJEEL HOLDINGS PLC,Dr. Shamsheer Vayalil Parambath,الدكتور/ شامشير فاياليل بارامباث,Chairman,Board,1
BURJEEL,BURJEEL HOLDINGS PLC,Mr. Saif Ateeq Sultan Zayed Alfalahi,السيد/ سيف عتيق سلطان زايد الفلاحي ,Vice Chairman,Board,2
BURJEEL,BURJEEL HOLDINGS PLC,Mr. Mustasan Jaleel Basharat Mir,السيد/ مستسان جليل بشارات مير,Top Management,Management,10
BURJEEL,BURJEEL HOLDINGS PLC,Mr. Muhammed Shihabuddin Badakambath Abdul Rahiman,السيد/ محمد شهاب الدين باداكامباث عبدالرحمن,Top Management,Management,10
BURJEEL,BURJEEL HOLDINGS PLC,Mr. Safeer Ahmed Ullatt,السيد/ سفير احمد اولات,Top Management,Management,10
BURJEEL,BURJEEL HOLDINGS PLC,Mr. Mir Mujtaba Ali Khan ,السيد/ مير مجتبى علي خان,Top Management,Management,10
BURJEEL,BURJEEL HOLDINGS PLC,Mr. Chetan Dev Sehgal Ashok,السيد/ شيتان ديف سيهجال أشوك,Top Management,Management,10
BURJEEL,BURJEEL HOLDINGS PLC,Mr. Khaled Mousa Saleh Musallam,السيد/ خالد موسى صالح مسلم,Top Management,Management,10
BURJEEL,BURJEEL HOLDINGS PLC,Mr. Mohd Loay T. A Abdelfattah,السيد/محمد لؤي تيسير عبدالفتاح,Board Member,Board,11
BURJEEL,BURJEEL HOLDINGS PLC,Mr. Omran Mohamedsaleh  Mahmood Husain AlKhoori,السيد/ عمران محمد صالح الخوري,Board Member,Board,11
BURJEEL,BURJEEL HOLDINGS PLC,Mr. Abdul Wahab Al Halabi ,السيد/ عبدالوهاب الحلبي ,Board Member,Board,11
BURJEEL,BURJEEL HOLDINGS PLC,Dr. Shabeena Yusuffali ,الدكتورة/ شبينه يوسف على ,Board Member,Board,11
BURJEEL,BURJEEL HOLDINGS PLC,SHABEENA YUSUFFALI,شبينه يوسف على,Board Member,Board,11
BURJEEL,BURJEEL HOLDINGS PLC,Mr. Ravi Rajagopal,السيد \ رافي راجاجوبال,Board Member,Board,11
BURJEEL,BURJEEL HOLDINGS PLC,Sergei Levitskii,سيرجى ليفيتسكى,Others,Unclassified,19
BURJEEL,BURJEEL HOLDINGS PLC,Vijaykumar Aravindakashan  Aravindakashan,فيجاياكومار ارافينداكشان  ارافينداكشان,Others,Unclassified,19
BURJEEL,BURJEEL HOLDINGS PLC,Mohamed Sarfroz Rahiman,محمد سارفروز رحمن,Others,Unclassified,19
BURJEEL,BURJEEL HOLDINGS PLC,Mohammed Ghazi Faris Salah Qaddoura,محمد غازي فارس صلاح  قدوره,Others,Unclassified,19
CHADX15,Lunate FTSE ADX 15 ETF,Sherif Salem,شريف سالم,Board Member,Board,11
CHADX15,Lunate FTSE ADX 15 ETF,N/A,N/A,Others,Unclassified,19
CHHK,Lunate S&P China HK Shariah ETF,N/A,N/A,Others,Unclassified,19
CHHK,Lunate S&P China HK Shariah ETF,N/A,N/A,Others,Unclassified,19
DANA,DANA GAS PJSC,Abdul Hamid Dhia Jafar,عبد الحميد ضياء جعفر ,Chairman,Board,1
DANA,DANA GAS PJSC,Rashid Saif Al Jarwan,راشد سيف الجروان,Vice Chairman,Board,2
DANA,DANA GAS PJSC,Richard Patrick Hall,ريتشارد باتريك هول,CE/ CEO,Management,5
DANA,DANA GAS PJSC,Abdul Majid Abdul Hamid Jafar,عبد المجيد عبد الحميد ضياء جعفر,Managing Director,Board,7
DANA,DANA GAS PJSC,Christopher James Hearne,كريستوفر جيمس هيرني,Top Management,Management,10
DANA,DANA GAS PJSC,NEVILLE JOHN HENWOOD,نيفيلى جون هينوود,Top Management,Management,10
DANA,DANA GAS PJSC,MICHAEL WILLIAM BUDGE,مايكل ويليام بادج,Top Management,Management,10
DANA,DANA GAS PJSC,Ziad Abdullah Ibrahim Galadari, زياد عبد الله إبراهيم كلداري,Board Member,Board,11
DANA,DANA GAS PJSC,Najla Ahmed Al Midfa,نجلاء أحمد المدفع,Board Member,Board,11
DANA,DANA GAS PJSC,Younis Haji Abdulla Hussain Alkhoori,يونس حاجي عبدالله حسين الخوري,Board Member,Board,11
DANA,DANA GAS PJSC,Shaheen Mohamed Abdul Aziz Al Muhairi,شاهين محمد عبدالعزيز المهيري,Board Member,Board,11
DANA,DANA GAS PJSC,MOHAMED KHALIL MOHAMEDSHARIF FOULATHI ALKHOORI,محمد خليل محمد شريف فولاذى الخورى,Board Member,Board,11
DANA,DANA GAS PJSC,OMAR IBRAHIM ABDALLA AHMED ALMULLA,عمر ابراهيم عبدالله احمد الملا,Board Member,Board,11
DANA,DANA GAS PJSC,MOHAMED ALSAYED MOHAMED EBRAHEEM ALHASHMI,محمد السيد محمد ابراهيم الهاشمى,Board Member,Board,11
DANA,DANA GAS PJSC,Ahmed Abdulhamid Mohammed Saeed Alahmadi,احمد عبدالحميد محمد سعيد الأحمدي,Board Member,Board,11
DANA,DANA GAS PJSC,Omran Ismail Abdulla Mohamed Alzamani,عمران اسماعيل عبدالله محمد الزماني,Board Secretary,Unclassified,12
DANA,DANA GAS PJSC,Dana Gas PJSC,شركه دانه غاز - مساهمه عامة,Others,Unclassified,19
DANA,DANA GAS PJSC,Azfar Aboobakar,أظفر أبوبكر,Financial Controller,Unclassified,
E7,E7 Group PJSC,Ahmed Sulaiman Khalfan Salem Alshamsi,أحمد سليمان خلفان سالم الشامسي,Chairman,Board,1
E7,E7 Group PJSC,Jacob (Jaap) Barend Kalkman,جاكوب (جاب) باريند كالكمان,Vice Chairman,Board,2
E7,E7 Group PJSC,Esteban Gomez Nadal,إستيبان غوميز نادال,CE/ CEO,Management,5
E7,E7 Group PJSC,Mark Adrian Paver,مارك أدريان بافر,Top Management,Management,10
E7,E7 Group PJSC,Saif Nader Ahmed Mohamed Alhammadi,سيف نادر أحمد محمد الحمادي,Board Member,Board,11
E7,E7 Group PJSC,Jan Juul Larsen,جان يول لارسن,Board Member,Board,11
E7,E7 Group PJSC,Mohammad Adnan Abdulrahman Abdulla Sharafi,محمد عدنان عبد الرحمن عبد الله شرفي,Board Member,Board,11
E7,E7 Group PJSC,Iman Abdulghafoor Mohammad Rafi Alqasim,إيمان عبد الغفور محمد رافع القاسم,Board Member,Board,11
E7,E7 Group PJSC,Praneet Gupta,برينيت جوبتا,Board Member,Board,11
EAND,Emirates Telecommunications Group Company PJSC (e&),H.E. Jassem Mohamed Obaid Bu Ataba Alzaabi,معالي جاسم محمد عبيد بوعتابه الزعابي,Chairman,Board,1
EAND,Emirates Telecommunications Group Company PJSC (e&),Essa Abdulfattah Kazim Almulla,عيسى عبدالفتاح كاظم الملا,Vice Chairman,Board,2
EAND,Emirates Telecommunications Group Company PJSC (e&),Masood Mohamed Mohamed Sharif Mahmood,مسعود محمد محمد شريف محمود,CE/ CEO,Management,5
EAND,Emirates Telecommunications Group Company PJSC (e&),Sheikh Ahmed Mohammad Sultan Suroor Aldhahiri ,الشيخ احمد محمد سلطان سرور الظاهري,Board Member,Board,11
EAND,Emirates Telecommunications Group Company PJSC (e&),Hesham Abdulla Qassim Al Qassim,هشام عبدالله قاسم القاسم,Board Member,Board,11
EAND,Emirates Telecommunications Group Company PJSC (e&),Otaiba Khalaf Ahmed Khalaf Alotaiba,عتيبه خلف احمد خلف العتيبة,Board Member,Board,11
EAND,Emirates Telecommunications Group Company PJSC (e&),Khalid Abdulwahid Hassan Alrustamani,خالد عبدالواحد حسن الرستماني,Board Member,Board,11
EAND,Emirates Telecommunications Group Company PJSC (e&),Abdelmonem Bin Eisa Bin Nasser Alserkal,عبد المنعم بن عيسى بن ناصر السركال,Board Member,Board,11
EAND,Emirates Telecommunications Group Company PJSC (e&),Mrs. Mariam Saeed Ahmed Saeed Ghobash ,السيدة مريم سعيد احمد سعيد غباش,Board Member,Board,11
EAND,Emirates Telecommunications Group Company PJSC (e&),Michel Combes,ميشيل كومبس,Board Member,Board,11
EAND,Emirates Telecommunications Group Company PJSC (e&),Mansoor Ibrahim Ahmed Saeed Almansoori,منصور إبراهيم أحمد سعيد المنصوري,Board Member,Board,11
EAND,Emirates Telecommunications Group Company PJSC (e&),Saleh Abdulla Ahmed Alabdooli,صالح عبدالله أحمد العبدولي,Board Member,Board,11
EAND,Emirates Telecommunications Group Company PJSC (e&),HASAN MOHAMED HASAN AHMED ALHOSANI,حسن محمد حسن احمد الحوسني,Board Secretary,Unclassified,12
EASYLEASE,Easy Lease Motorcycle Rental  Pr.J.S.C,Matar Suhail Ali Al Yabhouni Aldhaheri,مطر سهيل علي اليبهوني الظاهري,Chairman,Board,1
EASYLEASE,Easy Lease Motorcycle Rental  Pr.J.S.C,Saeed Bin Mohammed Bin Ahmad alqassimi,سعيد بن محمد بن أحمد القاسمي,Vice Chairman,Board,2
EASYLEASE,Easy Lease Motorcycle Rental  Pr.J.S.C,AHMAD MOHAMMAD ALSAYED IBRAHIM ALSADAH,احمد محمد السيد ابراهيم الساده,Group CEO ,Management,3
EASYLEASE,Easy Lease Motorcycle Rental  Pr.J.S.C,Charbel Nabil Kobrianos,شربل نبيل قبريانوس,Top Management,Management,10
EASYLEASE,Easy Lease Motorcycle Rental  Pr.J.S.C,Ahmed Salah Al Ddin Abbas,احمد صلاح الدين عباس,Board Member,Board,11
EASYLEASE,Easy Lease Motorcycle Rental  Pr.J.S.C,Alwyn Dinesh John Crasta Crasta,الوين دينش جون كراستا كراستا,Board Member,Board,11
EASYLEASE,Easy Lease Motorcycle Rental  Pr.J.S.C,Ahmad Mohammad Alsayed Ibrahim Alsayed Abdulla Al Sadah,أحمد محمد السيد إبراهيم السيد عبدالله السادة,Board Member,Board,11
EASYLEASE,Easy Lease Motorcycle Rental  Pr.J.S.C,Mohamed Serag Hussein Ibrahim,محمد سراج حسين ابراهيم احمد,Board Secretary,Unclassified,12
EMOBILITY,Emirates Mobility Company,Khalifa Abdulla Khamis Al Romaithi,خليفة عبدالله خميس الرميثي,Chairman,Board,1
EMOBILITY,Emirates Mobility Company,Mohamed Haji Abdulla Husain Al Khaoori,محمد حاجي عبدالله حسين الخوري,Vice Chairman,Board,2
EMOBILITY,Emirates Mobility Company,Khaled Mohammed Ali Bin Aamer Alshemeili,خالد محمد علي بن عامر الشميلي,Group CEO ,Management,3
EMOBILITY,Emirates Mobility Company,Ahmad Firas Omar Almasri,احمد فراس عمر المصري,Chief Financial Controller,Unclassified,9
EMOBILITY,Emirates Mobility Company,Ahmad Abdul Fattah Mohd Odeh,احمد عبدالفتاح محمد عوده,Top Management,Management,10
EMOBILITY,Emirates Mobility Company,Mohammed Albraik Mohammed Salmeen Alameri,محمد البريك محمد سالمين العامري,Board Member,Board,11
EMOBILITY,Emirates Mobility Company,Ahmed Ali Matar Khamis Alromaithi,أحمد علي مطر خميس الرميثي,Board Member,Board,11
EMOBILITY,Emirates Mobility Company,Samia Toufic Bou Azza,ساميه توفيق بوعزه,Board Member,Board,11
EMOBILITY,Emirates Mobility Company,Saeed Zakaria Taye,سعيد زكريا طايع,Board Secretary,Unclassified,12
EMOBILITY,Emirates Mobility Company,Emirates Driving Company,شركة الامارات لتعليم قيادة السيارات,Company,Unclassified,
EMSTEEL,EMSTEEL BUILDING MATERIALS PJSC,Hamad Abdulla Mohamed Alshorafa Alhammadi,حمد عبدالله محمد الشرفاء الحمادي,Chairman,Board,1
EMSTEEL,EMSTEEL BUILDING MATERIALS PJSC,Hamad Abdulla Mohamed Alshorafa Alhammadi,حمد عبدالله محمد الشرفاء الحمادي,Chairman,Board,1
EMSTEEL,EMSTEEL BUILDING MATERIALS PJSC,Ahmed Ali Mohamed Ali Alshamsi,احمد علي محمد علي الشامسي,Vice Chairman,Board,2
EMSTEEL,EMSTEEL BUILDING MATERIALS PJSC,Saeed Ghumran Saeed Salem Alremeithi,سعيد غمران سعيد سالم الرميثي,Group CEO ,Management,3
EMSTEEL,EMSTEEL BUILDING MATERIALS PJSC,Saeed Ghumran Saeed Salem Alremeithi,سعيد غمران سعيد سالم الرميثي,CE/ CEO,Management,5
EMSTEEL,EMSTEEL BUILDING MATERIALS PJSC,Hassan Salim Shashaa,حســــــان ســــليم شعشـــــاعة,Top Management,Management,10
EMSTEEL,EMSTEEL BUILDING MATERIALS PJSC,Hugo Enrique Losada Barriola,حجو انريكى لوسادا باريول,Top Management,Management,10
EMSTEEL,EMSTEEL BUILDING MATERIALS PJSC,Mark Tonkens ,مارك تونكينز,Top Management,Management,10
EMSTEEL,EMSTEEL BUILDING MATERIALS PJSC,Farah Abdulla Mohamed Ali Almazrui,فرح عبدالله محمد علي المزروعي,Board Member,Board,11
EMSTEEL,EMSTEEL BUILDING MATERIALS PJSC,Fatima Abdulla Mohamed Sharif Abdulla Alfahim,فاطمة عبد الله محمد شريف عبد الله الفهيم,Board Member,Board,11
EMSTEEL,EMSTEEL BUILDING MATERIALS PJSC,Nabeel Qadir,نبيل قادر,Board Member,Board,11
EMSTEEL,EMSTEEL BUILDING MATERIALS PJSC,Abdulaziz Abdulla Ismail Mohamed Alhajri,عبدالعزيز عبدالله اسماعيل محمد الهاجري,Board Member,Board,11
EMSTEEL,EMSTEEL BUILDING MATERIALS PJSC,Saeed Ghumran Saeed Salem Alremeithi,سعيد غمران سعيد سالم الرميثي,Board Member,Board,11
EMSTEEL,EMSTEEL BUILDING MATERIALS PJSC,Fatima Abdulla Mohamed Sharif Abdulla Alfahim,فاطمة عبدالله محمد شريف عبدالله الفهيم,Board Member,Board,11
EMSTEEL,EMSTEEL BUILDING MATERIALS PJSC,Farah Abdulla Mohamed Ali Almazrui,فرح عبدالله محمد علي المزروعي,Board Member,Board,11
EMSTEEL,EMSTEEL BUILDING MATERIALS PJSC,Abdulaziz Abdulla Ismail Mohamed Alhajri,عبدالعزيز عبدالله إسماعيل محمد الهاجري,Board Member,Board,11
EMSTEEL,EMSTEEL BUILDING MATERIALS PJSC,Gleb Diachkov-Gertcev,جليب ديشكوف جيرتسيف,Others,Unclassified,19
EMSTEEL,EMSTEEL BUILDING MATERIALS PJSC,Daniel Antonio Amaral Vigario,دانيل انطونيو امارال فيجاريو,Others,Unclassified,19
EMSTEEL,EMSTEEL BUILDING MATERIALS PJSC,Rania Nooreldin Ezzat Sekeik,رانيا نور الدين عزات سكيك,Others,Unclassified,19
EMSTEEL,EMSTEEL BUILDING MATERIALS PJSC,Hammam Alhashmi,همام الهاشمي,Others,Unclassified,19
EMSTEEL,EMSTEEL BUILDING MATERIALS PJSC,YASSER ABDELKHALEK OMAR MOHAMED,ياسر عبدالخالق عمر محمد,Others,Unclassified,19
EMSTEEL,EMSTEEL BUILDING MATERIALS PJSC,Arkan Building Materials Company,شركة اركان لمواد البناء,Company,Unclassified,
ESG,ESG EMIRATES STALLIONS GROUP  Pr.J.S.C,Matar Suhail Ali Al Yabhouni Aldhaheri,مطر سهيل علي اليبهوني الظاهري,Chairman,Board,1
ESG,ESG EMIRATES STALLIONS GROUP  Pr.J.S.C,Ali Saeed Abdulla Sulayem Alfalasi,علي سعيد عبدالله سليم الفلاسي,Vice Chairman,Board,2
ESG,ESG EMIRATES STALLIONS GROUP  Pr.J.S.C,Kayed Ali D. Khorma,كايد علي درويش خرما,CE/ CEO,Management,5
ESG,ESG EMIRATES STALLIONS GROUP  Pr.J.S.C,Fawad Abdul Hameed,فواد عبدالحميد,Top Management,Management,10
ESG,ESG EMIRATES STALLIONS GROUP  Pr.J.S.C,Alejandro Fonseca Alvarez,الجاندرو فونسكا الفاريز,Top Management,Management,10
ESG,ESG EMIRATES STALLIONS GROUP  Pr.J.S.C,Seif Fikry,سيف فكري,Board Member,Board,11
ESG,ESG EMIRATES STALLIONS GROUP  Pr.J.S.C,Abdulla Rashed Mohammad Rashed Alrashdi,عبدالله راشد محمد راشد الراشدي,Board Member,Board,11
ESG,ESG EMIRATES STALLIONS GROUP  Pr.J.S.C,Ahmed Ateeq Sultan Zayed Alfalahi,أحمد عتيق سلطان زايد الفلاحي,Board Member,Board,11
ESG,ESG EMIRATES STALLIONS GROUP  Pr.J.S.C,Amal Mohammad Ali Al Satl,أمل محمد علي الصطل,Board Secretary,Unclassified,12
ESG,ESG EMIRATES STALLIONS GROUP  Pr.J.S.C,Ali Adnan Hoteit,علي عدنان حطيط,Others,Unclassified,19
ESG,ESG EMIRATES STALLIONS GROUP  Pr.J.S.C,Wllaa Mohammed Hassan Al Qasem,	ولاء محمد حسن القاسم,Others,Unclassified,19
ESG,ESG EMIRATES STALLIONS GROUP  Pr.J.S.C,KHALID MOHD WALID ABDEL RAHIM AL OTAIBI,خالد محمد وليد عبدالرحيم العتيبى,Others,Unclassified,19
ESG,ESG EMIRATES STALLIONS GROUP  Pr.J.S.C,Tariq Mohammad Ibrahim Ahmed,طارق محمد إبراهيم احمد,Others,Unclassified,19
ESG,ESG EMIRATES STALLIONS GROUP  Pr.J.S.C,CHITRAL BHANDARI RAJESH BHANDARI,شيترال بهاندارى راجيش بهاندارى,Others,Unclassified,19
ESG,ESG EMIRATES STALLIONS GROUP  Pr.J.S.C,FALAK KHURSHID KHAN KHURSHID KHAN,فلك خورشيد خان خورشيد خان,Others,Unclassified,19
ESG,ESG EMIRATES STALLIONS GROUP  Pr.J.S.C,AMR AHMED ABDELMONIEM AHMED IBRAHIM,عمرو احمد عبدالمنعم احمد ابراهيم,Others,Unclassified,19
ESG,ESG EMIRATES STALLIONS GROUP  Pr.J.S.C,ANNA NIKOLAIKO,انا نيكوللايكو,Others,Unclassified,19
ESG,ESG EMIRATES STALLIONS GROUP  Pr.J.S.C,ANUJ RAMESH KAPOOR RAMESH CHAMANLAL KAPOOR,انوج راميش كابور راميش شامانلال كابور,Others,Unclassified,19
ESG,ESG EMIRATES STALLIONS GROUP  Pr.J.S.C,GEL SALUDO VALLAR,جل سالودو فالار,Others,Unclassified,19
ESG,ESG EMIRATES STALLIONS GROUP  Pr.J.S.C,SHREYA VERMA RUPESH VERMA,شريا فيرما روبيش فيرما,Others,Unclassified,19
ESG,ESG EMIRATES STALLIONS GROUP  Pr.J.S.C,VON DARRYL GERALE MABUNA,فون داريل جيرالى مابونا,Others,Unclassified,19
ESG,ESG EMIRATES STALLIONS GROUP  Pr.J.S.C,Alyazia Salem Mohammed Musleh Al Ahbabi,اليازيه سالم محمد مصلح جمهور الا حبابي,Others,Unclassified,19
ESG,ESG EMIRATES STALLIONS GROUP  Pr.J.S.C,SINAN MUWAFAQ ABBAS ALKARIMI,سنان موفق عباس الكريمى,Others,Unclassified,19
ESG,ESG EMIRATES STALLIONS GROUP  Pr.J.S.C,Ghazi Jabr,غازي جبر,Others,Unclassified,19
ESG,ESG EMIRATES STALLIONS GROUP  Pr.J.S.C,AKTHAM IBRAHIM ALSHAMANDI,اكثم ابراهيم الشمندى,Others,Unclassified,19
ESG,ESG EMIRATES STALLIONS GROUP  Pr.J.S.C,Khalid Hammouri,خالد صالح احمد الحموري,Others,Unclassified,19
ESG,ESG EMIRATES STALLIONS GROUP  Pr.J.S.C,Fady Saliba,فادي صليبا,Others,Unclassified,19
ESG,ESG EMIRATES STALLIONS GROUP  Pr.J.S.C,Shiyu Hu,Shiyu Hu,Others,Unclassified,19
ESG,ESG EMIRATES STALLIONS GROUP  Pr.J.S.C,لمياء سالم حسن عبدالله محسن آل محسن,لمياء سالم حسن عبدالله محسن آل محسن,Others,Unclassified,19
ESG,ESG EMIRATES STALLIONS GROUP  Pr.J.S.C,ANAS BAQER JAWAD ALAMEER,انس باقر جواد الامير,Others,Unclassified,19
ESHRAQ,ESHRAQ INVESTMENTS P.J.S.C,H.E Nasser Hassan Mohammad Bin AlShaikh,سعادة / ناصر حسن محمد بن الشيخ,Chairman,Board,1
ESHRAQ,ESHRAQ INVESTMENTS P.J.S.C,Matar Hamdan Sultan Hamad Al Ameri, مطر حمدان سلطان حمد العامري,Vice Chairman,Board,2
ESHRAQ,ESHRAQ INVESTMENTS P.J.S.C,Tanvir Muhammad Haque,تنوير محمد الحق,Acting CEO,Management,4.1
ESHRAQ,ESHRAQ INVESTMENTS P.J.S.C,Wafik Ben Mansour,وفيق بن المنجي بنمنصور,Board Member,Board,11
ESHRAQ,ESHRAQ INVESTMENTS P.J.S.C,Raysa Abdullah Darwish Ahmed Alketbi,ريسه عبدالله درويش احمد الكتبي,Board Member,Board,11
ESHRAQ,ESHRAQ INVESTMENTS P.J.S.C,Mohamed Hamad Obaid Khamis Alshehi,محمد حمد عبيد خميس الشحى,Board Member,Board,11
ESHRAQ,ESHRAQ INVESTMENTS P.J.S.C,Mohammad Yahya Abedrabboh Al Bazaieh,محمد يحيى عبدربه البزايعة,Board Secretary,Unclassified,12
ESHRAQ,ESHRAQ INVESTMENTS P.J.S.C,Eshraq Investments PJSC,اشراق للإستثمار ش.م.ع,Company,Unclassified,18
ESHRAQ,ESHRAQ INVESTMENTS P.J.S.C,AVITA THELMA MENEZES,افيتا ثيلما مينيزيس,Others,Unclassified,19
FAB,First Abu Dhabi Bank,H.H. Sheikh Tahnoon Bin Zayed Al Nahyan,سمو الشيخ طحنون بن زايد آل نهيان,Chairman,Board,1
FAB,First Abu Dhabi Bank,H.E. Sheikh Mohammed Saif Mohammed Khalifa Al-Nahyan,الشيخ محمد بن سيف بن محمد بن خليفة  آل نهيان,Vice Chairman,Board,2
FAB,First Abu Dhabi Bank,Hana Abdulwahid Hassan Mohammad Alrustamani,هناء عبد الواحد حسن محمد الرستماني ,CE/ CEO,Management,5
FAB,First Abu Dhabi Bank,Richard Douglas Shrimpton ,ريشارد ]دوغلاس شريمبتون,CE/ CEO,Management,5
FAB,First Abu Dhabi Bank,KEPPETIYA KANKANAMAGE SUNITH NURENDRA PERERA, كبيتيا كانكاناماج سونيث نوريندرا بريرا,Top Management,Management,10
FAB,First Abu Dhabi Bank,Martin Francois Christian Tricaud,مارتن فرانسوا كريستيان تريبود,Top Management,Management,10
FAB,First Abu Dhabi Bank,Futoon Hamdan Mohamed Saif Almazrouei,فتون حمدان محمد سيف المزروعي,Top Management,Management,10
FAB,First Abu Dhabi Bank,Lars Kramer,لارس كرامر,Top Management,Management,10
FAB,First Abu Dhabi Bank,Keith Malcolm Macdonald,كيث مالكولم ماكدونالد,Top Management,Management,10
FAB,First Abu Dhabi Bank,Divyesh Manilal Vithlani,ديفياش مانيلال فيثلاني,Top Management,Management,10
FAB,First Abu Dhabi Bank,Pantelis Doros Lekkas,بانتيليس دوروس ليكاس,Top Management,Management,10
FAB,First Abu Dhabi Bank,Muhammad Omar Hafeez Muhammad Hafeez,محمد عمر حفيظ محمد حفيظ,Top Management,Management,10
FAB,First Abu Dhabi Bank,Christopher Nial Jaques, كريستوفر نيال جاك,Top Management,Management,10
FAB,First Abu Dhabi Bank,Muzaffar Ahmed Khan,مظفر أحمد خان,Top Management,Management,10
FAB,First Abu Dhabi Bank,RAGHESH BALEBAIL DASANNACHARYA,راجيش باليبايل داساناتشاريا,Top Management,Management,10
FAB,First Abu Dhabi Bank,Mohamed Saif Ghanem Saif AlSuwaidi ,محمد سيف غانم سيف السويدي ,Board Member,Board,11
FAB,First Abu Dhabi Bank,Mohamed Thani Murshed Ghannam Alrumaithi, محمد ثاني مرشد غنام الرميثي ,Board Member,Board,11
FAB,First Abu Dhabi Bank,Sheikh Ahmed Mohammed Sultan Suroor Aldhahiri,الشيخ أحمد محمد سلطان سرور الظاهري,Board Member,Board,11
FAB,First Abu Dhabi Bank,Waleed Ahmed Salem Almokarrab Al Muhairi,وليد احمد سالم المقرب المهيري,Board Member,Board,11
FAB,First Abu Dhabi Bank,H.E Jassem Mohamed Obaid Bu Ataba Alzaabi,معالي جاسم محمد عبيد بوعتابه الزعابي,Board Member,Board,11
FAB,First Abu Dhabi Bank,H.E. Dr. Sultan Ahmed Sultan Essa Aljaber,معالي الدكتور سلطان أحمد سلطان عيسى الجابر,Board Member,Board,11
FAB,First Abu Dhabi Bank,Khalifa Ateeq Mohamed Rabeea Almazrouei,خليفة عتيق محمد ربيع المزروعي,Board Member,Board,11
FAB,First Abu Dhabi Bank,Homaid Abdulla Ali Mohammed Alshimmari,حميد عبد الله علي محمد الشمري,Board Member,Board,11
FAB,First Abu Dhabi Bank,H.E.Mariam Mohammed Saeed Hareb Almheiri,معالي مريم محمد سعيد حارب المهيري,Board Member,Board,11
FBI,Fujairah Building Industries PJSC,AHMED SAEED MOHAMED ALRAQBANI,أحمد سعيد محمد الرقباني,Chairman,Board,1
FBI,Fujairah Building Industries PJSC,Ahmed Saeed M. Al Raqbani,أحـمـد سـعيد مـحمـد الرقـبـانـي,Chairman,Board,1
FBI,Fujairah Building Industries PJSC,KHALIL EBRAHEIM HASSAN SHAHDAD AHMED,خليل ابراهيم حسن شهداد احمد,Vice Chairman,Board,2
FBI,Fujairah Building Industries PJSC,Khalil Ebraheim Hassan,خلــيـــل ابـــراهــيـــم حــســن,Vice Chairman,Board,2
FBI,Fujairah Building Industries PJSC,ASHHAD IQBAL IQBAL SALAM,اشهد اقبال اقبال سلام,Acting CEO,Management,4.1
FBI,Fujairah Building Industries PJSC,Rangaraj Perumal,رانجاراج بيرومال,Top Management,Management,10
FBI,Fujairah Building Industries PJSC,MOHAMMED AHMED A. AL MOATHEN,محمد أحمد عبدالله المؤذن,Board Member,Board,11
FBI,Fujairah Building Industries PJSC,JUMAH SALEM JASSEM SALEM ALAWAANI,جمعة سالم جاسم سالم العواني,Board Member,Board,11
FBI,Fujairah Building Industries PJSC,Maryam Abdulla Mohamed Obaid Almatrooshi,مريم عبدالله محمد عبيد المطروشي,Board Member,Board,11
FBI,Fujairah Building Industries PJSC,Sultan Mohamed Alslami,سلطان محمد السلامي,Board Member,Board,11
FBI,Fujairah Building Industries PJSC,Ali Rashed Alyammahi,علي راشد اليماحي,Board Member,Board,11
FBI,Fujairah Building Industries PJSC,Maryam Abdualla Al Matoshri,مريم عبدالله المطروشي,Board Member,Board,11
FBI,Fujairah Building Industries PJSC,Jumah Salem J. Al Awaani,جـمـعــة سـالـم جاسـم العواني,Board Member,Board,11
FBI,Fujairah Building Industries PJSC,Mohammed Ahmed A. Al Moathen,محـمـد أحـــمــد عبدالله المؤذن,Board Member,Board,11
FBI,Fujairah Building Industries PJSC,Sultan Mohmmed Abdulla Alsalami,سلطان محمدعبدالله السلامي,Board Member,Board,11
FBI,Fujairah Building Industries PJSC,Mahmoud Jallad,محمود جلاد,Board Secretary,Unclassified,12
FBI,Fujairah Building Industries PJSC,Mahmoud Jallad,محمود جلاد,Board Secretary,Unclassified,12
FBI,Fujairah Building Industries PJSC,Fujairah Building Industries P.S.C,شركه الفجيرة لصناعات البناء ش.م.ع,Company,Unclassified,
FBI,Fujairah Building Industries PJSC,Francis Jijo,فرانسيس جيجو,Senior Systems analyst,Unclassified,
FCI,Fujairah Cement Industries,Shaikh Mohammed Bin Hamad Bin Saif Al Sharqi - Representative Government of Fujairah,الشيخ محمد بن حمد بن سيف الشرقي - ممثل حكومة الفجيرة,Chairman,Board,1
FCI,Fujairah Cement Industries,Saad Abdullah AL Hanian,سعد عبدالله الحنيان,Vice Chairman,Board,2
FCI,Fujairah Cement Industries,ADI NARAYANA MURTHY,ادى ناريانا مورتى,CE/ CEO,Management,5
FCI,Fujairah Cement Industries,Saeed Ahmed Ghareib Howaishil Alsereidi,سعيد أحمد غريب هويشل الصريدى,Top Management,Management,10
FCI,Fujairah Cement Industries,Mohamed Sharief Habib Mohamed Rafiee Alawadhi,محمد شريف حبيب محمد رفيع العوضى,Board Member,Board,11
FCI,Fujairah Cement Industries,Maryam Abdulla Mohamed Obaid Almatrooshi,مريم عبدالله محمد عبيد المطروشى,Board Member,Board,11
FCI,Fujairah Cement Industries,Salem Mohamed Abdulla Mohamed Alzahmi,سالم محمد عبدالله محمد الزحمى,Board Member,Board,11
FCI,Fujairah Cement Industries,Yagoub Musaad Yagoub Albuaijan,يعقوب مساعد يعقوب البعيجان,Board Member,Board,11
FCI,Fujairah Cement Industries,Ahmed Rashed Ali Alabd Aldhanhani,أحمد راشد على العبد الظنحانى,Board Member,Board,11
FCI,Fujairah Cement Industries,Bandar Khaled Ibrahim Alhoweish -Representative ISDB,بندر خالد ابراهيم الهويش – ممثل البنك الأسلامى للتنمية,Board Member,Board,11
FCI,Fujairah Cement Industries,Abdulghafour Hashem Abdulghafour Bahroozian - Representative Government of Fujairah,عبد الغفور هاشم عبدالغفور بهروزيان - ممثل حكومة الفجيرة ,Board Member,Board,11
FCI,Fujairah Cement Industries,Fujairah Cement Industries - P.J.S.C,صناعات أسمنت الفجيرة - ش.م.ع,Company,Unclassified,18
FCI,Fujairah Cement Industries,EY CONSULTING L.L.C,   إرنست ويونغ للإستشارات ش.ذ.م.م,Others,Unclassified,19
FERTIGLB,Fertiglobe plc,H.E. Dr. Sultan Ahmed Sultan Essa Al Jaber,معالي الدكتور سلطان احمد سلطان عيسى الجابر ,Chairman,Board,1
FERTIGLB,Fertiglobe plc,Ahmed Khaled El-Hoshy,احمد خالد الحوشى,CE/ CEO,Management,5
FERTIGLB,Fertiglobe plc,Andrew Tait,أندرو تايت,Top Management,Management,10
FERTIGLB,Fertiglobe plc,Haroon Rahmathulla,هارون رحمت الله,Top Management,Management,10
FERTIGLB,Fertiglobe plc,Rainer Seele,راينر سيلي,Board Member,Board,11
FERTIGLB,Fertiglobe plc,Michael James Baker,مايكل جيمس بيكر,Board Member,Board,11
FERTIGLB,Fertiglobe plc,Mohamed Saif Abed Al Aryani,محمد سيف علي عابد العرياني,Board Member,Board,11
FERTIGLB,Fertiglobe plc,Hartwig Dieter Michels,هارتفيغ ديتر ميخيلز,Board Member,Board,11
FERTIGLB,Fertiglobe plc,Ahmed Khaled El-Hoshy,احمد خالد الحوشى,Board Member,Board,11
FERTIGLB,Fertiglobe plc,Ayesha Mohamed Nouri Aqil Alhammadi,عائشه محمد نورى عقيل الحمادى,Board Member,Board,11
FERTIGLB,Fertiglobe plc,ABDULKAREEM MUBARAK AHMED ABDULLA ALMESSABI,عبدالكريم مبارك احمد عبدالله المصعبى,Board Member,Board,11
FERTIGLB,Fertiglobe plc,Ahmed Asad Mohammed Maabreh,احمد اسعد محمد معابره,Board Secretary,Unclassified,12
FERTIGLB,Fertiglobe plc,Fertiglobe plc,شركة فيرتيغلوب ش.ع.م,Company,Unclassified,18
FERTIGLB,Fertiglobe plc,RITA WILLIAM MAURICE GUINDY,ريتا وليم موريس جندى,Others,Unclassified,19
FERTIGLB,Fertiglobe plc,FAREEDA HASAN J ABDULLA,فريده حسن جواد عبدالله,Others,Unclassified,19
GCEM,Gulf Cement Co.,Sheikh Omar Saqer Khaled Humaid Alqssimi,الشيخ عمر بن صقر بن خالد بن حميد القاسمي,Chairman,Board,1
GCEM,Gulf Cement Co.,HUSSAM MOHAMED ELSAYED MOHAMED HUSSEIN,حسام محمد السيد محمد حسين,Vice Chairman,Board,2
GCEM,Gulf Cement Co.,Jose Bernardo Sena Peralta,خوسيه برناردو سنه بيرالتا,CEO and Managing Director ,Board,6
GCEM,Gulf Cement Co.,Mohammed Ahmed Ali Ebrahim Ebrahimouh Al Shehhi,محمد أحمد علي إبراهيم إبراهيموه الشحي,Top Management,Management,10
GCEM,Gulf Cement Co.,Shahzad Alam Qureshi Alam Din Qureshi ,شاهزاد علام قريشي علام دين قريشي,Top Management,Management,10
GCEM,Gulf Cement Co.,Aarefa Saleh Hareb Al Falahi,عارفه صالح حارب فلا حي,Board Member,Board,11
GCEM,Gulf Cement Co.,Esmaeel Hasan Esmaeel Mohammed Alblooshi,إسماعيل حسن إسماعيل محمد البلوشي,Board Member,Board,11
GCEM,Gulf Cement Co.,Jose Bernardo Sena Peralta,خوسيه برناردو سنه بيرالتا,Board Member,Board,11
GCEM,Gulf Cement Co.,DIRK BEESE,ديرك بييز,Board Member,Board,11
GCEM,Gulf Cement Co.,Benedetta Buzzi,بينيديتا بوزي,Board Member,Board,11
GCEM,Gulf Cement Co.,Sherif Hassan Ali Attia Fouda,شريف حسن علي عطيه فوده,Board Secretary,Unclassified,12
GCEM,Gulf Cement Co.,Ahmed Hussam Mohamed Elsayed Mohamed Hussein,احمد حسام محمد السيد محمد حسين,Others,Unclassified,19
GCEM,Gulf Cement Co.,MOISES ARTURO DE MOYA HOLGUIN,مويسس ارتورو دى مويا هولجوين,Others,Unclassified,19
GCEM,Gulf Cement Co.,Gulf Cement Co.,شركة اسمنت الخليج,Company,Unclassified,
GFH,GFH Bank B.S.C,Abdulmohsen Rashed Alrashed,عبد المحسن بن را شد الراشد,Chairman,Board,1
GFH,GFH Bank B.S.C,Ghazi Al Hajeri,غازي الهاجري,Vice Chairman,Board,2
GFH,GFH Bank B.S.C,Hisham Al Rayes,هشام الريس,CE/ CEO,Management,5
GFH,GFH Bank B.S.C,Pietro de Libero,بييترو لايبيرو,Top Management,Management,10
GFH,GFH Bank B.S.C,Nael Alkujok,نائل الكجك,Top Management,Management,10
GFH,GFH Bank B.S.C,Muneera Isa,منيرة عيسى,Top Management,Management,10
GFH,GFH Bank B.S.C,Mohamed Abdulsalam,محمد عبد السلام,Top Management,Management,10
GFH,GFH Bank B.S.C,Baha Al Marzooq,بهاء المرزوق,Top Management,Management,10
GFH,GFH Bank B.S.C,Salah Sharif,صلاح شريف,Top Management,Management,10
GFH,GFH Bank B.S.C,Hammad Younis,حماد يونس,Top Management,Management,10
GFH,GFH Bank B.S.C,Maryam Kohari,مريم كوهري,Top Management,Management,10
GFH,GFH Bank B.S.C,Ayman Zaidan,أيمن أحمد محمد زيدان,Top Management,Management,10
GFH,GFH Bank B.S.C,Bhaskar Mehta,بهسكار ميهتا,Top Management,Management,10
GFH,GFH Bank B.S.C,Osama Nasr,أسامة نصر,Top Management,Management,10
GFH,GFH Bank B.S.C,Khalid Abdulrahman,خالد عبدالرحمن,Top Management,Management,10
GFH,GFH Bank B.S.C,Rajeev Gogia,رجييف غوجيا,Top Management,Management,10
GFH,GFH Bank B.S.C,DARWISH ABDULLA DARWISH AHMED ALKETBI,درويش عبدالله درويش احمد الكتبى,Board Member,Board,11
GFH,GFH Bank B.S.C,Fawaz Al Tamimi,فواز التميمي,Board Member,Board,11
GFH,GFH Bank B.S.C,Ali Murad,علي مراد,Board Member,Board,11
GFH,GFH Bank B.S.C,Rashid Nasser Al Kaabi,راشد ناصر الكعبي,Board Member,Board,11
GFH,GFH Bank B.S.C,H.H. Shaikha Minwa bint Ali Bin Khalifa Alkhalifa,سمو الشیخة منوة بنت علي بن خلیفة آل خلیفة,Board Member,Board,11
GFH,GFH Bank B.S.C,Abdulla Jehad Alzain,عبدلله جھاد الزین,Board Member,Board,11
GFH,GFH Bank B.S.C,Abdulaziz Abdulhamid Albassam,عبدالعزیزعبدالحمید البسام,Board Member,Board,11
GFH,GFH Bank B.S.C,Hisham Al Rayes,هشام الريس,Board Member,Board,11
GFH,GFH Bank B.S.C,GFH Bank B.S.C.,بنك جي إف إتش ش.م.ب,Company,Unclassified,18
GHITHA,GHITHA HOLDING Pr.J.S.C.,Mhd Somar Nassouh Ajalyaqin,محمد سومر نصوح اجليقين ,Chairman,Board,1
GHITHA,GHITHA HOLDING Pr.J.S.C.,Hamad Khlfan Ali Matar Alshamsi,حمد خلفان علي مطر الشامسي,Vice Chairman,Board,2
GHITHA,GHITHA HOLDING Pr.J.S.C.,Salman Asif Sheikh Sheikh Mohamed Asif,سلمان عاصف شيخ شيخ محمد عاصف,Top Management,Management,10
GHITHA,GHITHA HOLDING Pr.J.S.C.,Issa Najib Mir Abdulla Khoory,عيسى نجيب مير عبدالله خوري,Top Management,Management,10
GHITHA,GHITHA HOLDING Pr.J.S.C.,Falal Ameen Valiyavalappil Kizhakeppurayil,فلال امين فاليافالابيل كيزاكيبورايل,Board Member,Board,11
GHITHA,GHITHA HOLDING Pr.J.S.C.,Mohamed Mahmoud Ahmd Ali Alqaisieh,محمد محمود احمد علي القيسيه,Board Member,Board,11
GHITHA,GHITHA HOLDING Pr.J.S.C.,Alwyn Dinesh Crasta,ألوين دينش كراستا,Board Member,Board,11
GHITHA,GHITHA HOLDING Pr.J.S.C.,ASYAD COMPANIES MANAGMENT SP LLC ,اسياد لادارة الشركات - شركة الشخص الواحد ذ.م.م,Company,Unclassified,18
GMPC,Gulf Medical Projects Company,Sheikh Dr. Faisal Bin Khalid khalid Al Qasimi,الشيخ دكتور فيصل بن خالد خالد القاسمي,Chairman,Board,1
GMPC,Gulf Medical Projects Company,Salem Abdulla Salem Al Hosani,سالم عبدالله سالم الحوسني,Vice Chairman,Board,2
GMPC,Gulf Medical Projects Company,Sheikh Majid Bin Faisal Khalid Khalid Al Qasimi,الشيخ ماجد بن فيصل خالد خالد القاسمي,Managing Director,Board,7
GMPC,Gulf Medical Projects Company,Mohammed Salem Abdulla Salem Al Hosani,محمد سالم عبدالله سالم الحوسني,Board Member,Board,11
GMPC,Gulf Medical Projects Company,Sheikh Mohammed Bin Faisal Khalid Khalid Al Qassemi,الشيخ محمد بن فيصل خالد خالد القاسمي,Board Member,Board,11
GMPC,Gulf Medical Projects Company,Ahmad Mohammed Hassan Mohammed AlHosani,أحمد محمد حسن محمد الحوسني,Board Member,Board,11
GMPC,Gulf Medical Projects Company,Sheikha Noor Faisal Bin Khaled Khalid Al Qassemi,الشيخة نور فيصل بن خالد خالد القاسمي,Board Member,Board,11
GMPC,Gulf Medical Projects Company,Ahmed Salem Abdulla Salem AlHosani,احمد سالم عبدالله سالم الحوسني,Board Member,Board,11
GMPC,Gulf Medical Projects Company,Sheikh Nasser Bin Rashid Abdulaziz Al Moalla,الشيخ ناصر بن راشد عبدالعزيز المعلا,Board Member,Board,11
GMPC,Gulf Medical Projects Company,Ali Emad Ali Sayed,علي عماد علي سيد,Board Secretary,Unclassified,12
GMPC,Gulf Medical Projects Company,Gulf Medical Projects Company,شركة الخليج للمشاريع الطبية,Company,Unclassified,
GRMNY,Lunate S&P Germany UCITS ETF,N/A,N/A,Others,Unclassified,19
HAYAH,Hayah Insurance Company P.J.S.C,Mrs. Salama Amer Omar Saleh, السيدة سلامة عامر عمر صالح,Chairman,Board,1
HAYAH,Hayah Insurance Company P.J.S.C,Mr. Marwan Ibrahim Haji Nasser Abdulla Al Nasser,السيد مروان إبراهيم حجي ناصر عبدالله ال ناصر ,Vice Chairman,Board,2
HAYAH,Hayah Insurance Company P.J.S.C,Mr Mohamed Seghir, السيد محمد صغير,CE/ CEO,Management,5
HAYAH,Hayah Insurance Company P.J.S.C,Mr. Mohamed Abdullatif Jasim Kanoo,السيد محمد عبداللطيف جاسم كانو,Board Member,Board,11
HAYAH,Hayah Insurance Company P.J.S.C,Dr Tariq Abdulqader Ibrahim Abdulqader Bin Hendi, الدكتور طارق عبدالقادر ابراهيم عبدالقادر بن هندى,Board Member,Board,11
HAYAH,Hayah Insurance Company P.J.S.C,Mr. Mabkhoot Teleb Nehais Aamer Almenhali,السيد مبخوت طالب نحيس عامر المنهالى,Board Member,Board,11
HAYAH,Hayah Insurance Company P.J.S.C,Mr. Haisam Nizar Odeimeh,السيد هيثم نزار عضيمة,Board Member,Board,11
HAYAH,Hayah Insurance Company P.J.S.C,Mrs Amna Obaid Khalifa Ahmed Alzaabi, السيدة امنه عبيد خليفه احمد الزعابى,Board Member,Board,11
HAYAH,Hayah Insurance Company P.J.S.C,Mr. Patrick Claude Franklin Choffel,السيد باتريك كلود فرانكلين شوفيل,Board Member,Board,11
HAYAH,Hayah Insurance Company P.J.S.C,Mr Majid Sultan Mohamed Sultan Almail, السيد ماجد سلطان محمد سلطان الميل,Board Member,Board,11
ICAP,Investcorp Capital PLC,Mohamed Mahfoodh Saad Al Ardhi,محمد بن محفوظ بن سعد العارضي,Chairman,Board,1
ICAP,Investcorp Capital PLC,Sana Khater,سناء خاطر,CE/ CEO,Management,5
ICAP,Investcorp Capital PLC,Rohit Nanda,روهيت ناندا,Top Management,Management,10
ICAP,Investcorp Capital PLC,Frank Jonathan Dracos,فرانك جوناثون دراكوس,Top Management,Management,10
ICAP,Investcorp Capital PLC,Nawal Khalefa Ahmed Khalefa AlHosany,نوال خليفة أحمد خليفة الحوسني,Board Member,Board,11
ICAP,Investcorp Capital PLC,Pamela Jackson,باميلا جاكسن,Board Member,Board,11
ICAP,Investcorp Capital PLC,Peter Archibald McKellar,بيتر ارجيبالد ماكلر,Board Member,Board,11
ICAP,Investcorp Capital PLC,Mohamed Ebrahim Juma AlShroogi, محمد بن ابراهيم جمعة الشروقي,Board Member,Board,11
ICAP,Investcorp Capital PLC,Yusef Abdulla Yusef Abdulla Ali,  يوسف عبدلله يوسف عبدلله علي,Board Member,Board,11
ICAP,Investcorp Capital PLC,Rishi Kapoor,ريشي كابور,Board Member,Board,11
ICAP,Investcorp Capital PLC,Ghassan Ghaleb Ali Ebrahim Abdulaal,غسان غالب علي ابراهيم عبدالعال,Board Member,Board,11
ICAP,Investcorp Capital PLC,Syed Abbas Marghoob Rizvi,سيد عباس مرغوب رزفي,Board Member,Board,11
ICAP,Investcorp Capital PLC,Puralyn Taloyo Alfonso Fiel,بورالين تالويو الفونسو فيل,Board Secretary,Unclassified,12
ICAP,Investcorp Capital PLC,Alex Ghazi,أليكس غازي,Board Secretary,Unclassified,12
ICAP,Investcorp Capital PLC,Joachim Faber,جوكم فابر,Others,Unclassified,19
ICAP,Investcorp Capital PLC,Fortune Chigwende,فورجيون جيقويندي,Others,Unclassified,19
ICAP,Investcorp Capital PLC,Firas El-Amine,فراس الامين,Others,Unclassified,19
ICAP,Investcorp Capital PLC,Abdulla Mohamed Ali Ghanem AlMazrui,عبدالله محمد علي الغانم المزروعي ,Others,Unclassified,19
ICAP,Investcorp Capital PLC,Khalid Rashid Shaikh Abdulrahman Alzayani,خالد راشد الشيخ عبدالرحمن الزياني,Others,Unclassified,19
ICAP,Investcorp Capital PLC,Abdulrahman Saud F.J. Al-Thani,سعادة الشيخ عبدالرحمن بن سعود فهد جاسم آل ثاني,Others,Unclassified,19
ICAP,Investcorp Capital PLC,Abdulatif Ahmad A AlOthman,عبداللطيف بن احمد بن عبدالله العثمان,Others,Unclassified,19
ICAP,Investcorp Capital PLC,Frances Fragos Townsend,فرانسيس فرايقوس تاونسند,Others,Unclassified,19
ICAP,Investcorp Capital PLC,Yousef H H Alebraheem,يوسف حمد حسن حمد الابراهيم,Others,Unclassified,19
ICAP,Investcorp Capital PLC,Yasir Aqil Mohammed Hadi Mohammed Ali Badri,ياسر عقيل محمد هادي محمد علي بدري,Others,Unclassified,19
IHC,International Holding Company PJSC,H.H. Sheikh Tahnoon Bin Zayed Al Nahyan,سمو الشيخ/ طحنون بن زايد آل نهيان,Chairman,Board,1
IHC,International Holding Company PJSC,Dr. Mohamed Somar Nassouh Ajalyaqin,محمد سومر نصوح اجليقين,Vice Chairman,Board,2
IHC,International Holding Company PJSC,SYED BASAR SHUEB SYED SHUEB,سيد بصر شعيب سيد شعيب,CEO and Managing Director ,Board,6
IHC,International Holding Company PJSC,Syed Basar Shueb Syed Shueb , سيد بصر شعيب سيد شعيب ,Managing Director,Board,7
IHC,International Holding Company PJSC,Alwyn Dinesh Crasta,الوين دانيش كراستا,Top Management,Management,10
IHC,International Holding Company PJSC,Daud Farooq Siddiq,داود فاروق صديق,Top Management,Management,10
IHC,International Holding Company PJSC,Peter Abraam,بيتر ابرام,Top Management,Management,10
IHC,International Holding Company PJSC,Fawad Zahid Zahid Hussain Khan, فؤاد زاهد  زاهد حسين خان,Top Management,Management,10
IHC,International Holding Company PJSC,Mohammed Nasser Saif Howaiden Al Shamsi,محمد ناصر سيف هويدن الشامسي,Board Member,Board,11
IHC,International Holding Company PJSC,Sofia Abdellatif Lasky,صوفيه عبداللطيف العسكى,Board Member,Board,11
IHC,International Holding Company PJSC,Pal Group of Companies LLC,مجموعة شركات بال ذ.م.م,Company,Unclassified,18
IHC,International Holding Company PJSC,Ferengi Gold Investments LLC,فرنجي جولد للاستثمارات ذ.م.م,Company,Unclassified,18
IHC,International Holding Company PJSC,Nerve Commercial Investment LLC,نيرف للاستثمار التجاري ذ.م.م,Company,Unclassified,18
IHC,International Holding Company PJSC, Golden S Investment SPV RSC LTD,جولدن اس انفيستمنت اس بي في ريستركتد ليمتد,Company,Unclassified,18
IHC,International Holding Company PJSC, Black Horse Investment SPV RSC LTD,بلاك هورس انفيستمنت اس بي في ريستركتد ليمتد,Company,Unclassified,18
IHC,International Holding Company PJSC,Lion Heart Investment SPV RSC LTD,ليون هارت انفيستمنت اس بي في ريستركتد  ليمتد,Company,Unclassified,18
IHC,International Holding Company PJSC,AL ATAA INVESTMENT L.L.C,العطاء للإستثمار ذ.م.م,Company,Unclassified,18
IHC,International Holding Company PJSC,BONFOI INVESTMENT RSC LTD,بونفوي انفيستمنت ريستركتد ليمتد,Company,Unclassified,18
IHC,International Holding Company PJSC,International Holding Company ,الشركة العالمية القابضة,Others,Unclassified,19
IHC,International Holding Company PJSC,Linda Mohamad Ballout,ليندا محمد بلوط,Others,Unclassified,19
INB,Invest Bank,H.H. Shaikh Sultan Bin Ahmed Bin Sultan Al Qasimi ,سمو الشيخ سلطان بن أحمد بن سلطان القاسمي,Chairman,Board,1
INB,Invest Bank,Edris Mohammad Rafi Mohammad Saeed AlRafi, أدريس محمد رفيع محمد سعيد الرفيع,CE/ CEO,Management,5
INB,Invest Bank,Jamil El Halabi,جميل ابراهيم الحلبي,Chief Financial Controller,Unclassified,9
INB,Invest Bank,MRIDUL ASHOK BABERWAL ASHOK SHARMA,	 مريدول اشوك بابيروال اشوك شارما,Chief Financial Controller,Unclassified,9
INB,Invest Bank,Krishnakumar Venkatraman,كريشناكومار فينكاترامان,Top Management,Management,10
INB,Invest Bank,Humaida Jawad Redwan Ibrahim ALKhalsan,حميده جواد رضوان ابراهيم الخلصان,Top Management,Management,10
INB,Invest Bank,Prateek Khandelwal Omprakash Khandelwal,براتيك خانديلوال امبراكاش خانديلوال,Top Management,Management,10
INB,Invest Bank,Helmi Ibrahim Mohammad Abdullah,حلمي ابراهيم محمد عبد الله ,Top Management,Management,10
INB,Invest Bank,Tony John Crasta,توني جون كراستا,Top Management,Management,10
INB,Invest Bank,MRIDUL ASHOK BABERWAL ASHOK SHARMA,مريدول اشوك بابيروال اشوك شارما,Top Management,Management,10
INB,Invest Bank,NARINDER PAL SINGH AULUCK,ناريندر بال سينغ اولوك,Top Management,Management,10
INB,Invest Bank,Rakan Khaled Ahmad Shiyab,راكان خالد أحمد شياب,Top Management,Management,10
INB,Invest Bank,Farahnaz Ibrahim Ali Khush Qadam,	 فرحناز ابراهيم علي خوش قدم,Top Management,Management,10
INB,Invest Bank,Ali Hamdan Habib Sajwani,علي حمدان حبيب سجواني,Top Management,Management,10
INB,Invest Bank,Hammad Naqvi Syed Ghayor Ahmed Naqvi,حماد نقفوي سيد غيور أحمد نقوي,Top Management,Management,10
INB,Invest Bank,Venkatesh Srikantan Venkata Subbiah Srikantan,فينكاتيش شريكانتان فينكاتا سوبياه شريكانتان,Top Management,Management,10
INB,Invest Bank,Rajesh Verma Ramesh Prasad Verma,راجيش فيرما راميش براشاد فيرما,Top Management,Management,10
INB,Invest Bank,Nouwaf Mubarak Balaswad Alderei,نواف مبارك بالاسواد الدرعي,Top Management,Management,10
INB,Invest Bank,Ummer Said Mohamed Beeran Ummer,عمر سيد محمد بيران عمر,Board Member,Board,11
INB,Invest Bank,H.E. Halima Humaid Ali Alowais,سعادة حليمة حميد علي العويس,Board Member,Board,11
INB,Invest Bank,Abdalla Ibrahim Abdalla Deaifis Almheiri,عبدالله ابراهيم عبدالله دعيفس المهيري,Board Member,Board,11
INB,Invest Bank,Farooque Ahmed Abdul Qaiyum Tungekar,فاروق أحمد عبد القيوم تونجيكار,Board Member,Board,11
INB,Invest Bank,Mohamed Obaid Rashid Obaid Alshamsi, محمد عبيد راشد عبيد الشامسي,Board Member,Board,11
INB,Invest Bank,Shaikh Mohamed Bin Abdulla Bin Rashed AlNuaimi,الشيخ محمد بن عبد الله بن راشد النعيمي,Board Member,Board,11
INB,Invest Bank,Farahnaz Ibrahim Ali Khush Qadam,فرحناز ابراهيم علي خوش قدم,Board Secretary,Unclassified,12
INB,Invest Bank,Invest Bank,بنك الأستثمار,Company,Unclassified,
INVICTUS,Invictus Investment Company PLC,Osama Daoud Abdellatif,أسامة داود عبد اللطيف,Chairman,Board,1
INVICTUS,Invictus Investment Company PLC,Amir Daowd Abdellatif Ibrahim,امير داود عبد اللطيف ابراهيم,CE/ CEO,Management,5
INVICTUS,Invictus Investment Company PLC,Robert Kipkurui Rotich,روبيرت كيبكوروى روتيتش,Top Management,Management,10
INVICTUS,Invictus Investment Company PLC,Aleem Rauf Khan,عليم رؤوف خان,Top Management,Management,10
INVICTUS,Invictus Investment Company PLC,Syed Basar Shueb, سيد بصر شعيب,Board Member,Board,11
INVICTUS,Invictus Investment Company PLC,Omer Iqbal Khan,عمر إقبال خان ,Board Secretary,Unclassified,12
INVICTUS,Invictus Investment Company PLC,Invictus Holding Limited,انفكتس هولديغ ليميتد,Company,Unclassified,18
INVICTUS,Invictus Investment Company PLC,IHC Capital Holding LLC,اي اتش سي كابيتال القابضة ذ.م.م,Company,Unclassified,18
JPANI,Lunate S&P Japan UCITS ETF,N/A,N/A,Others,Unclassified,19
JULPHAR,Gulf Pharmaceutical Industries,Shaikh Saqer Humaid Abdulla Alqasemi,الشيخ صقر بن حميد عبدالله القاسمي ,Chairman,Board,1
JULPHAR,Gulf Pharmaceutical Industries,Jean Maroun Diab,جان مارون دياب,Vice Chairman,Board,2
JULPHAR,Gulf Pharmaceutical Industries,Basel Nimer Ali Ziyadeh,باسل نمر علي زيادة,CE/ CEO,Management,5
JULPHAR,Gulf Pharmaceutical Industries,Juergen Wolfgang Lauterbach ,جورجن ولفجانج لاوتيرباش ,Top Management,Management,10
JULPHAR,Gulf Pharmaceutical Industries,Gopa Kumar Gopalakrishnan Nair,جوبا كومار جوبالا كريشنان ناير,Top Management,Management,10
JULPHAR,Gulf Pharmaceutical Industries,Malik Metahri,مليك مطهري ,Top Management,Management,10
JULPHAR,Gulf Pharmaceutical Industries,Khalid Zuhair Abdullah Malkawi,خالد زهير عبدالله ملكاوي,Top Management,Management,10
JULPHAR,Gulf Pharmaceutical Industries,KHALED TAWFIK MOHAMED KHALIL,خالد توفيق محمد خليل,Top Management,Management,10
JULPHAR,Gulf Pharmaceutical Industries,Medhat Mohamed Abouelasrar Salama El Gamal,مدحت محمد  ابو الأسرار سلامة الجمل,Board Member,Board,11
JULPHAR,Gulf Pharmaceutical Industries,Olfa Gam,ألفا جام,Board Member,Board,11
JULPHAR,Gulf Pharmaceutical Industries,Raman Garg Mahabir Saran Garg,رامان جارج مهابير ساران جارج,Board Member,Board,11
JULPHAR,Gulf Pharmaceutical Industries,Abdulaziz Abdulla Salem Jasem Al Zaabi, عبدالعزيزعبدالله سالم جاسم الزعابي,Board Member,Board,11
JULPHAR,Gulf Pharmaceutical Industries,Vinod Nagappan Nagappan,فينود ناجابان ناجابان,Board Member,Board,11
JULPHAR,Gulf Pharmaceutical Industries,Taghreed Al Shunnar,تغريد الشنار,Board Member,Board,11
JULPHAR,Gulf Pharmaceutical Industries,DALIA IBRAHIM SADEK ZAGHOU,داليا ابراهيم صادق زغو,Board Member,Board,11
JULPHAR,Gulf Pharmaceutical Industries,Malek Ben Ezzeddine Aloui,مالك بن عز الدين العلوي ,Board Secretary,Unclassified,12
JULPHAR,Gulf Pharmaceutical Industries,Gulf Pharmaceutical Industries,شركة الخليج للصناعات الدوائية,Company,Unclassified,18
KWTI,Lunate S&P Kuwait Shariah ETF,Sherif Salem,شريف سالم,Board Member,Board,11
KWTI,Lunate S&P Kuwait Shariah ETF,N/A,N/A,Others,Unclassified,19
LULU,Lulu Retail Holdings PLC,Yusuffali Musaliam Veettil Abdul Kader,يوسف علي موسليام فيتيل عبد القادر ,Chairman,Board,1
LULU,Lulu Retail Holdings PLC,Kallingal Kuttappan Prasad,كالينجال كوتابان براساد,Chief Financial Controller,Unclassified,9
LULU,Lulu Retail Holdings PLC,Abdu Rasak Chuzhiyangatel Paliyath,عبد الرازق تشوزيانجاتيل باليات,Top Management,Management,10
LULU,Lulu Retail Holdings PLC,Nanda Kumar Vijayappan,ناندا كومار فيجايابان,Top Management,Management,10
LULU,Lulu Retail Holdings PLC,Shabu Puthiyaveettil Abdul Majeed,شابو بوثيافيتيل عبد المجيد,Top Management,Management,10
LULU,Lulu Retail Holdings PLC,Santhoshkumar Raghavan Pillai,سانتوشكومار راجافان بيلاي,Top Management,Management,10
LULU,Lulu Retail Holdings PLC,Salim Musaliam Veettil Aboo,سليم مسليام فيتيل أبو,Top Management,Management,10
LULU,Lulu Retail Holdings PLC,Mohamed Althaf Musliam Veettil Mohamed,محمد ألطاف مسلم فيتيل محمد,Top Management,Management,10
LULU,Lulu Retail Holdings PLC,Jeevan Krishna Velluva Pilakandy Govindan Nambiar,جيفان كريشنا فيلوفا بيلاكاندي جوفيندان نامبيار,Top Management,Management,10
LULU,Lulu Retail Holdings PLC,Parameswaran Nampoothiri Easwaran Nampoothiri,باراميسواران نامبوثيري إيسواران نامبوثيري,Top Management,Management,10
LULU,Lulu Retail Holdings PLC,Mohamed Anish Poovamparambil,محمد أنيش بوفامبارامبيل,Top Management,Management,10
LULU,Lulu Retail Holdings PLC,Abdulrahman Ibrahim H Abaalkhail,عبد الرحمن  بن إبراهيم بن حمد أباالخيل,Board Member,Board,11
LULU,Lulu Retail Holdings PLC,Andre George Sayegh,أندريه جورج صايغ ,Board Member,Board,11
LULU,Lulu Retail Holdings PLC,Salmeen Obaid Suwaid Alsembari Alameri,سالمين عبيد  سويد الصمباري  العامري,Board Member,Board,11
LULU,Lulu Retail Holdings PLC,Reed Hamad Khamis Alsheryani AlDhaheri,ريد حمد خميس الشرياني الظاهري ,Board Member,Board,11
LULU,Lulu Retail Holdings PLC,Abdul Saleem Valiyakath Ibrahim Kutty,عبد السليم فاليكات إبراهيم كوتي,Board Member,Board,11
LULU,Lulu Retail Holdings PLC,Asharf Ali Muslim Veettil Abdul Kader,أشرف علي  مسليام فيتيل عبد القادر,Board Member,Board,11
LULU,Lulu Retail Holdings PLC,Saifuddin Taher Bhai Rupawala,سيف الدين طاهر بهاي روباوالا,Board Member,Board,11
LULU,Lulu Retail Holdings PLC,Nidhin Jose Thekkemuriyil Joseph,نيدين جوس ثيكيمورييل جوزيف,Board Secretary,Unclassified,12
LULU,Lulu Retail Holdings PLC,Dorwin Mugendi Nyaga,دوروين موجيندي نياجا,Others,Unclassified,19
LULU,Lulu Retail Holdings PLC,Nikita Nandwani Lal Nandwani,نيكيتا ناندواني لال ناندواني,Others,Unclassified,19
LULU,Lulu Retail Holdings PLC,Huzefa Shahid Abdul Husain Shahid ,حذيفة شهيد عبد الحسين شهيد,Others,Unclassified,19
LULU,Lulu Retail Holdings PLC,Kajal Chandrashekhar Raikar,كاجال شاندراشيخار رايكار,Others,Unclassified,19
LULU,Lulu Retail Holdings PLC,Muhammad Omar Qureshi,محمد عمر قرشي,Others,Unclassified,19
LULU,Lulu Retail Holdings PLC,Senaka Kumara Senanayake,سيناكا كومارا سيناناياكي,Others,Unclassified,19
LULU,Lulu Retail Holdings PLC,Gautham Dileep Dileep Kumar Kakkanattu Narayanan Nair ,جوثام ديليب ديليب كومار كاكاناتو نارايانان ناير,Others,Unclassified,19
LULU,Lulu Retail Holdings PLC,Meet Prakash Sarvaiya Prakash Madhavji Sarvaiya,ميت براكاش سارفاييا براكاش مادهافجي سارفاييا,Others,Unclassified,19
LULU,Lulu Retail Holdings PLC,Massimo Ottonello,ماسيمو أوتونيلو,Others,Unclassified,19
LULU,Lulu Retail Holdings PLC,Charlotte Boadicea Baker,شارلوت بوديسيا بيكر,Others,Unclassified,19
LULU,Lulu Retail Holdings PLC,Youssef Sherif Azmy Silwanis ,يوسف شريف عزمي سلوانيس,Others,Unclassified,19
LULU,Lulu Retail Holdings PLC,Rajat Agarwal ,راجات أغاروال,Others,Unclassified,19
LULU,Lulu Retail Holdings PLC,Alexandre Kleis,الكسندر كليس,Others,Unclassified,19
LULU,Lulu Retail Holdings PLC,Alexander Rolf Thiel,ألكسندر رولف ثيل,Others,Unclassified,19
LULU,Lulu Retail Holdings PLC,Mirash Puthenparambil Basheer,ميراش بوثنبارامبيل بشير,Others,Unclassified,19
LULU,Lulu Retail Holdings PLC,Amna Shahbaz 	,آمنة شهباز,Others,Unclassified,19
LULU,Lulu Retail Holdings PLC,Ashley Nguyen 	,اشلي نجوين,Others,Unclassified,19
LULU,Lulu Retail Holdings PLC,Sarah Abdulkader Alamoudi   	,سارة عبدالقادر العمودي,Others,Unclassified,19
LULU,Lulu Retail Holdings PLC,Sara Mohamed Saeed Dheyab Alabdouli 	,سارة محمد سعيد ذياب العبدولي,Others,Unclassified,19
LULU,Lulu Retail Holdings PLC,Meera Khaled Hussain Ahmed Alhammadi 	,سارة محمد سعيد ذياب العبدولي,Others,Unclassified,19
LULU,Lulu Retail Holdings PLC,Fatema Mohamed Saeed Dheyab Alabdouli,فاطمة محمد سعيد ذياب العبدولي,Others,Unclassified,19
LULU,Lulu Retail Holdings PLC,Diljith Maman Mamachan Mamachan Kunjachan, ديلجيث مامان ماماشان ماماتشان كونجاتشان,Others,Unclassified,19
LULU,Lulu Retail Holdings PLC,Gabriel Fortes Cotellessa,غابرييل فورتيس كوتليسا,Others,Unclassified,19
LULU,Lulu Retail Holdings PLC,Mary Francis Primo Apolonio,ماري فرانسيس بريمو أبولونيو,Others,Unclassified,19
LULU,Lulu Retail Holdings PLC,Ali Faisal Jaafar Hasan Almahroos,علي فيصل جعفر حسن المحروس,Others,Unclassified,19
LULU,Lulu Retail Holdings PLC,Abdul-Rahman Zaher Mamdouh Bashatwah,عبد الرحمن زاهر ممدوح بشتوة,Others,Unclassified,19
LULU,Lulu Retail Holdings PLC,Alkhalaf Lathifah Khalaf M,الخلف لطيفة خلف م,Others,Unclassified,19
LULU,Lulu Retail Holdings PLC,Joseph Navarro Angeles ,جوزيف نافارو أنجيليس,Others,Unclassified,19
LULU,Lulu Retail Holdings PLC,Wadhah Nasser Mohamed Al-Riyami,وضاح ناصر محمد الريامي,Others,Unclassified,19
LULU,Lulu Retail Holdings PLC,Ramy Ahmed Abou Rass,رامي أحمد أبو راس,Others,Unclassified,19
LULU,Lulu Retail Holdings PLC,Amit Arora ,أميت أرورا,Others,Unclassified,19
LULU,Lulu Retail Holdings PLC,Mazoon Hamed Said Al Jabri ,مزون حامد سعيد الجابري,Others,Unclassified,19
LULU,Lulu Retail Holdings PLC,Al Rubh Manar Hassan A,الروبه منار حسن أ,Others,Unclassified,19
LULU,Lulu Retail Holdings PLC,Mohammed Abdul Majeed Das ,محمد عبد المجيد داس,Others,Unclassified,19
LULU,Lulu Retail Holdings PLC,Mohamed Ahmed Jaafar Alarayyed ,محمد أحمد جعفر العريض,Others,Unclassified,19
LULU,Lulu Retail Holdings PLC,Mitul Jayvantkumar Patel ,ميتول جايفانتكومار باتيل,Others,Unclassified,19
LULU,Lulu Retail Holdings PLC,Jasim Siddeeque,جاسم صديق,Others,Unclassified,19
LULU,Lulu Retail Holdings PLC,Ashuthosh Sharma ,أشوثوش شارما,Others,Unclassified,19
LULU,Lulu Retail Holdings PLC,Asad Najam Ikram Malik Mohammad Ikram ,أسد نجم اكرام مالك محمد اكرام,Others,Unclassified,19
LULU,Lulu Retail Holdings PLC,Ameera Bader Abdullah Al Siyabi ,أميرة بدر عبدالله السيابي,Others,Unclassified,19
LULU,Lulu Retail Holdings PLC,Rita Dagher Ei Dweek ,ريتا داغر إي دويك,Others,Unclassified,19
LULU,Lulu Retail Holdings PLC,Manea Saeed Mohammed Saif Alshehhi,مانع سعيد محمد سيف الشحي,Others,Unclassified,19
LULU,Lulu Retail Holdings PLC,Theresa Sheeja Jaisey Rajesh Antony Zacoria,تيريزا شيجا جايسي راجيش أنتوني زاكوريا,Others,Unclassified,19
LULU,Lulu Retail Holdings PLC,Lakshmi Ramakrishnan Kartha,لاكشمي راماكريشنان كارثا,Others,Unclassified,19
LULU,Lulu Retail Holdings PLC,Deepika Krishnadas Krishnadas,ديبيكا كريشناداس كريشناداس,Others,Unclassified,19
LULU,Lulu Retail Holdings PLC,Nareshkumar Lalchand Sankhlecha Lalchand Hajurmal Sankhlecha ,ناريشكومار لالتشاند سانخليتشا لالشاند هاجورمال سانخليتشا,Others,Unclassified,19
LULU,Lulu Retail Holdings PLC,Farkhod Askarov,فرخود عسكروف,Others,Unclassified,19
LULU,Lulu Retail Holdings PLC,Mikhail Seleznev,ميخائيل سيليزنيف,Others,Unclassified,19
LULU,Lulu Retail Holdings PLC,Robert Guy Lane,روبرت جاي لين,Others,Unclassified,19
LULU,Lulu Retail Holdings PLC,Ekaterina Kurbatova,ايكاترينا كورباتوفا,Others,Unclassified,19
LULU,Lulu Retail Holdings PLC,Yulia Malyshkina,يوليا ماليشكينا,Others,Unclassified,19
LULU,Lulu Retail Holdings PLC,IIia kopot,ثالثا كوبوت,Others,Unclassified,19
LULU,Lulu Retail Holdings PLC,Tatiana Ukhunvangkho,تاتيانا أوكونفانغخو,Others,Unclassified,19
LULU,Lulu Retail Holdings PLC,MALAVIKA MURALIDHARAN MURALIDHARAN AYALUR KODAKARA,مالافيكا موراليدهاران موراليدهاران ايالور كوداكارا,Others,Unclassified,19
MAIR,MAIR GROUP -   P.J.S.C.,Mohamed Juma Alshamsi,محمد جمعة الشامسي,Chairman,Board,1
MAIR,MAIR GROUP -   P.J.S.C.,Nehayan Hamad Balrakad Alameri,نهيان حمد بالركاض العامري,Managing Director,Board,7
MAIR,MAIR GROUP -   P.J.S.C.,Osama Nagey Hussin Sadek,أسامة ناجي حسين صادق,Chief Financial Controller,Unclassified,9
MAIR,MAIR GROUP -   P.J.S.C.,Adeeb Karama Ahmed Brahem Alameri,اديب كرامه احمد براهـم العامري,Top Management,Management,10
MAIR,MAIR GROUP -   P.J.S.C.,HAISAM MOHAMMD SLEIMAN,هيثم محمد سليمان,Top Management,Management,10
MAIR,MAIR GROUP -   P.J.S.C.,Vishal Kapil,فيشال كابل,Top Management,Management,10
MAIR,MAIR GROUP -   P.J.S.C.,Bertrand Loumaye, برتراند لوماي,Top Management,Management,10
MAIR,MAIR GROUP -   P.J.S.C.,Steven Green,ستيفن جرين,Top Management,Management,10
MAIR,MAIR GROUP -   P.J.S.C.,Ahmed R J Al Juneidi ,أحمد راتب جبريل الجنيدي,Top Management,Management,10
MAIR,MAIR GROUP -   P.J.S.C.,Abubaker Seddiq Mohamed Al Khoori,أبوبكر صديق محمد الخوري,Board Member,Board,11
MAIR,MAIR GROUP -   P.J.S.C.,Musabah Alkendi Almarar,مصبح الكندي المرر,Board Member,Board,11
MAIR,MAIR GROUP -   P.J.S.C.,Majed Ateeq Almheiri,ماجد عتيق المهيري ,Board Member,Board,11
MAIR,MAIR GROUP -   P.J.S.C.,Futoon Hamdan Mazrouei,فتون حمدان المزروعي,Board Member,Board,11
MAIR,MAIR GROUP -   P.J.S.C.,Ali Rashed Alrashdi,علي راشد الراشدي,Board Member,Board,11
MAIR,MAIR GROUP -   P.J.S.C.,H.E. Mohamed Haji Al Khoori,سعادة محمد حاجي الخوري,Board Member,Board,11
MAIR,MAIR GROUP -   P.J.S.C.,Sheikh Mansoor Alhamed, الشيخ منصور آل حامد,Board Member,Board,11
MAIR,MAIR GROUP -   P.J.S.C.,Mohammed Fawzy Mansour,محمد فوزي منصور,Board Secretary,Unclassified,12
MAIR,MAIR GROUP -   P.J.S.C.,MAIR GROUP,مجموعة مير,Company,Unclassified,18
MODON,Modon Holding PSC,H.E. Jassem Mohamed Obaid Bu Ataba Alzaabi,معالي جاسم محمد عبيد محمد الزعابي,Chairman,Board,1
MODON,Modon Holding PSC,H.E. Abdulla Mohamed Butti Al Hamed,معالي عبدالله محمد بن بطي ال حامد,Vice Chairman,Board,2
MODON,Modon Holding PSC,Bill Anthony O Regan,بيل انطوني اوريجان,CE/ CEO,Management,5
MODON,Modon Holding PSC,Mohamed Karim Bennis,محمد كريم بينيس,Board Member,Board,11
MODON,Modon Holding PSC,Gregory Howard Fewer,جريجوري هوارد فيور,Board Member,Board,11
MODON,Modon Holding PSC,H.E. Mariam Mohammed Saeed Hareb Almheiri,معالي مريم محمد سعيد حارب المهيري,Board Member,Board,11
MODON,Modon Holding PSC,H.E. Mohamed Ali Mohamed Alshorafa Alhammadi,معالي محمد علي محمد الشرفاء الحمادي,Board Member,Board,11
MODON,Modon Holding PSC,Mr. Hamad Abdulla Mohamed Alshorafa Alhammadi,حمد عبدالله محمد الشرفاء الحمادي,Board Member,Board,11
MODON,Modon Holding PSC,H.E.Abdulla Abdulhameed Merzaali Alsahi , سعادة عبدالله عبدالحميد ميرزا علي الساهي ,Board Member,Board,11
MODON,Modon Holding PSC,H.E. Dr. Ahmed Mubarak Ali Rashed Almazrouei,معالي الدكتور احمد مبارك علي راشد المزروعي ,Board Member,Board,11
MODON,Modon Holding PSC,MARK JAMES FOSTER,مارك جيمس فوستر,Others,Unclassified,19
NCTH,National Corporation for Tourism & Hotels,H.E. Sultan Dhai Sultan Maasam Alhemeiri,معالي / سلطان ضاحي سلطان معصم الحميري,Chairman,Board,1
NCTH,National Corporation for Tourism & Hotels,H.E. ABDULLAH SALAH ABDULRAHMAN MOGRABY,سعادة/عبدالله صلاح عبدالرحمن مغربى,Vice Chairman,Board,2
NCTH,National Corporation for Tourism & Hotels,Mr. Rajiv Saxena,السيد/ راجيف ساكسينا,Chief Financial Controller,Unclassified,9
NCTH,National Corporation for Tourism & Hotels,Mr. Moustafa Sakr,السيد/ مصطفي صقر,Top Management,Management,10
NCTH,National Corporation for Tourism & Hotels,Mr. Rudy Edgard Khoury,السيد/ رودي ادجار خوري,Top Management,Management,10
NCTH,National Corporation for Tourism & Hotels,Mr. Manoj Kumar Dalela,السيد/ مانوج كومار داليلا,Top Management,Management,10
NCTH,National Corporation for Tourism & Hotels,Mr. Shaheen Mohamed Abdul Aziz Al Muhairy,السيد/ شاهين محمد عبد العزيز ربيع المهيري,Board Member,Board,11
NCTH,National Corporation for Tourism & Hotels,HE Shk. Sultan Mohamed Bin Sultan Bin Sorour Al Dhaheri,الشيخ/ سلطان محمد سلطان سرور الظاهري,Board Member,Board,11
NCTH,National Corporation for Tourism & Hotels,Ms. Sofia Abdellatif Lasky,الآنسة / صوفيه عبداللطيف العسكي,Board Member,Board,11
NCTH,National Corporation for Tourism & Hotels,National Corporation for Tourism & Hotels,المؤسسة الوطنية للسياحة و الفنادق,Company,Unclassified,
NMDC,NMDC Group PJSC,Mohamed Thani Murshed Ghannam Alrumaithi,محمد ثاني مرشد غنام الرميثي,Chairman,Board,1
NMDC,NMDC Group PJSC,Mohamed Ibrahim Mohamed Ibrahim Al Hammadi,محمد إبراهيم محمد إبراهيم الحمادي,Vice Chairman,Board,2
NMDC,NMDC Group PJSC,Yasser Nasr Mahmoud  Zaghloul,ياسر نصر محمود زغلول,CE/ CEO,Management,5
NMDC,NMDC Group PJSC,Sreemont Prasad Barua,سريمونت براساد باروا,Top Management,Management,10
NMDC,NMDC Group PJSC,Abdul Ghaffar Abdul Khaleq Abdulla AlKhoori,عبدالغفار عبدالخالق عبدالله  الخوري,Board Member,Board,11
NMDC,NMDC Group PJSC,Yaser Saeed Ahmed Omran Al Mazrouei,ياسر سعيد احمد عمران المزروعي,Board Member,Board,11
NMDC,NMDC Group PJSC,Hamad Salem Mohamed  Binlouteya Al Ameri,حمد سالم محمد بن لوتيه العامري,Board Member,Board,11
NMDC,NMDC Group PJSC,Aaesha Ali Hashem,عائشة علي هاشم,Board Member,Board,11
NMDC,NMDC Group PJSC,Abdulla Mohamed Ahmed Desmal Al Suwaidi,عبدالله محمد أحمد دسمال السويدي,Board Member,Board,11
NMDC,NMDC Group PJSC,Ahmad Asad Mohammed Maabreh,أحمد اسعد محمد معابره,Board Secretary,Unclassified,12
NMDC,NMDC Group PJSC,Murban Energy Limited ,مربان إنرجي ليمتد,Company,Unclassified,18
NMDC,NMDC Group PJSC,National Marine Dredging Co.,شركة الجرافات البحرية الوطنية,Company,Unclassified,
NMDCENR,NMDC Energy P.J.S.C.,H.E. Mohamed Hamad Ghanem Hamad Almehairi,سعادة / محمد حمد غانم حمد المهيري,Chairman,Board,1
NMDCENR,NMDC Energy P.J.S.C.,Yasser Zaghloul,ياسر زغلول,Vice Chairman,Board,2
NMDCENR,NMDC Energy P.J.S.C.,Ahmed Salem Obaid Al Dhaheri ,أحمد سالم عبيد سالم الظاهري,CE/ CEO,Management,5
NMDCENR,NMDC Energy P.J.S.C.,Rahul Agarwal Rajender Prasad Agarwal,راهول اجروال راجيندر برساد اجروال,Top Management,Management,10
NMDCENR,NMDC Energy P.J.S.C.,هشام زكريا محمد عبدالفتاح عوده,هشام زكريا محمد عبدالفتاح عوده,Top Management,Management,10
NMDCENR,NMDC Energy P.J.S.C.,Marwa Ahmed Ali Abdalla Almarzooqi,مروه أحمد علي عبدالله المرزوقي,Board Member,Board,11
NMDCENR,NMDC Energy P.J.S.C.,Nasser Mohamed Omier Yousef Almheiri,ناصر محمد عمير يوسف المهيري,Board Member,Board,11
NMDCENR,NMDC Energy P.J.S.C.,Talal Shaffique Abdullah Al Dhiyebi,طلال شفيق عبدالله الذيبي,Board Member,Board,11
OEIHC,Oman & Emirates Investment Holding Co,Mr. Mohamed Abdulla Mohamed Al Khonji,الفاضل/ محمد عبدالله محمد الخنجي,Chairman,Board,1
OEIHC,Oman & Emirates Investment Holding Co,Dr. Abdullah Masoud Al Harithi,الدكتور/عبدالله مسعود حميد  الحارثي,Vice Chairman,Board,2
OEIHC,Oman & Emirates Investment Holding Co,Raffy kozadhian,رافي كوزادجيان,CE/ CEO,Management,5
OEIHC,Oman & Emirates Investment Holding Co,Mr. Abdul Aziz Masoud Al Harthy,الفاضل/ عبدالعزيز مسعود حميد الحارثي,Board Member,Board,11
OEIHC,Oman & Emirates Investment Holding Co,Mr. Khalid Masud Ansari,الفاضل/ خالد مسعود الأنصاري,Board Member,Board,11
OEIHC,Oman & Emirates Investment Holding Co,Mr. Hassan Sadek Abdowani,الفاضل/ حسن صادق عبدواني,Board Member,Board,11
OEIHC,Oman & Emirates Investment Holding Co,Oman & Emirates Investment Holding Co,شركة عمان والامارات للاستثمار القابضة,Company,Unclassified,
ORAS,ORASCOM CONSTRUCTION PLC,Jérôme Guiraud,جيروم جيرود ,Chairman,Board,1
ORAS,ORASCOM CONSTRUCTION PLC,Osama Bishai,أسامة بشاي,Group CEO ,Management,3
ORAS,ORASCOM CONSTRUCTION PLC,Reham El Beltagy,ريهام البلتاجي,Top Management,Management,10
ORAS,ORASCOM CONSTRUCTION PLC,Hesham El Halaby,هشام الحلبي,Top Management,Management,10
ORAS,ORASCOM CONSTRUCTION PLC,Alexandre Lousada,ألكسندر لوسادا,Top Management,Management,10
ORAS,ORASCOM CONSTRUCTION PLC,Sami Haddad,سامي حداد,Board Member,Board,11
ORAS,ORASCOM CONSTRUCTION PLC,Johan Beerlandt,يوهان بيرلاند,Board Member,Board,11
ORAS,ORASCOM CONSTRUCTION PLC,Nada Shousha,ندى شوشة,Board Member,Board,11
ORAS,ORASCOM CONSTRUCTION PLC,Renad Haj Yahya,ريناد حاج يحيى,Board Member,Board,11
ORAS,ORASCOM CONSTRUCTION PLC,Bjorn Schurrmans,بيورن شورمانز,Board Member,Board,11
ORAS,ORASCOM CONSTRUCTION PLC,Heba Iskander,هبه اسكندر,Board Secretary,Unclassified,12
ORAS,ORASCOM CONSTRUCTION PLC,Abdulwahid Alulama,عبد الواحد العلماء,Others,Unclassified,19
ORAS,ORASCOM CONSTRUCTION PLC,Roger Gaspard,روجر جاسسبارد,Others,Unclassified,19
ORAS,ORASCOM CONSTRUCTION PLC,Tarek Mohanna,طارق مهنا,Others,Unclassified,19
ORAS,ORASCOM CONSTRUCTION PLC,Said Hanafi,سعيد حنفي,Others,Unclassified,19
ORAS,ORASCOM CONSTRUCTION PLC,Walid El Daly,وليد الدالي,Others,Unclassified,19
ORAS,ORASCOM CONSTRUCTION PLC,Mahmoud Ezz,محمود عز,Others,Unclassified,19
ORAS,ORASCOM CONSTRUCTION PLC,Andrew Scott,أندرو سكوت,Others,Unclassified,19
ORAS,ORASCOM CONSTRUCTION PLC,Farah Atef,فرح عاطف,Others,Unclassified,19
ORAS,ORASCOM CONSTRUCTION PLC,Cassy Raby,كاسي رابي,Others,Unclassified,19
ORAS,ORASCOM CONSTRUCTION PLC,Wassim El Mardini,وسيم المارديني,Others,Unclassified,19
ORAS,ORASCOM CONSTRUCTION PLC,Usman Malik,عثمان مالك,Others,Unclassified,19
ORAS,ORASCOM CONSTRUCTION PLC,Ahmed Sultan,أحمد سلطان,Others,Unclassified,19
ORAS,ORASCOM CONSTRUCTION PLC,Sareb Al Mzaini,سارب فرج احنيش,Others,Unclassified,19
ORAS,ORASCOM CONSTRUCTION PLC,Karim Awad,كريم عوض,Others,Unclassified,19
ORAS,ORASCOM CONSTRUCTION PLC,Mohamed Ebeid,محمد عبيد,Others,Unclassified,19
ORAS,ORASCOM CONSTRUCTION PLC,Mostafa Gad,مصطفي جاد,Others,Unclassified,19
ORAS,ORASCOM CONSTRUCTION PLC,Maged El-Ayouti,ماجد العيوطي,Others,Unclassified,19
ORAS,ORASCOM CONSTRUCTION PLC,Karim Meleka,كريم ميليكا,Others,Unclassified,19
ORAS,ORASCOM CONSTRUCTION PLC,Mohamed Gabr,محمد جبر,Others,Unclassified,19
ORAS,ORASCOM CONSTRUCTION PLC,Nicholas Halewood,نيكولاس هاليوود,Others,Unclassified,19
ORAS,ORASCOM CONSTRUCTION PLC,Mariam El Alaily,مريم العليلي,Others,Unclassified,19
ORAS,ORASCOM CONSTRUCTION PLC,Mahmoud Hussein Kamel,محمود حسين كامل,Others,Unclassified,19
ORAS,ORASCOM CONSTRUCTION PLC,Hana Raouf,هناء رؤوف,Others,Unclassified,19
ORAS,ORASCOM CONSTRUCTION PLC,Mohamed Omran,محمد عمران,Others,Unclassified,19
ORAS,ORASCOM CONSTRUCTION PLC,Rana Tarek,رنا طارق,Others,Unclassified,19
ORAS,ORASCOM CONSTRUCTION PLC,Karim Jadayel,كريم جدايل ,Others,Unclassified,19
ORAS,ORASCOM CONSTRUCTION PLC,Mohamed Aly,محمد علي,Others,Unclassified,19
ORAS,ORASCOM CONSTRUCTION PLC,Khaled Shawkat,خالد شوكت,Others,Unclassified,19
ORAS,ORASCOM CONSTRUCTION PLC,Mohamed El-Emam,محمد الإمام,Others,Unclassified,19
ORAS,ORASCOM CONSTRUCTION PLC,Ahmed El Shabasy,أحمد الشباسي,Others,Unclassified,19
ORAS,ORASCOM CONSTRUCTION PLC,Yara Emad,يارا عماد,Others,Unclassified,19
ORAS,ORASCOM CONSTRUCTION PLC,Santhosh Sebastian,سانتوش سيباستيان,Others,Unclassified,19
ORAS,ORASCOM CONSTRUCTION PLC,Omar El Shafey,عمر الشافعي,Others,Unclassified,19
ORAS,ORASCOM CONSTRUCTION PLC,Youssef Abdel Kader,يوسف عبد القادر,Others,Unclassified,19
ORAS,ORASCOM CONSTRUCTION PLC,Mariam Khalil,مريم خليل,Others,Unclassified,19
ORAS,ORASCOM CONSTRUCTION PLC,Thomas Emmet,ثوماس إيميت,Others,Unclassified,19
ORAS,ORASCOM CONSTRUCTION PLC,Oliver Ebner,أوليفر إبنير,Others,Unclassified,19
ORAS,ORASCOM CONSTRUCTION PLC,Hollie McGuinness,هولي ماكغينيس,Others,Unclassified,19
ORAS,ORASCOM CONSTRUCTION PLC,Irfan Chaudhry,عرفان تشودري,Others,Unclassified,19
ORAS,ORASCOM CONSTRUCTION PLC,Cathy Altuna,كاثي ألتونا,Others,Unclassified,19
ORAS,ORASCOM CONSTRUCTION PLC,Anthony Matsis,أنتوني ماتسيس,Others,Unclassified,19
ORAS,ORASCOM CONSTRUCTION PLC,Joep vandne Ejinden,جويب فاندن إيجيندين,Others,Unclassified,19
ORDS,OOREDOO,H.E. Sh. Faisal Bin Thani Al Thani,سعادة الشيخ فيصل بن ثاني آل ثاني,Chairman,Board,1
ORDS,OOREDOO,Dr. Nasser Mohd Marafih,د. ناصر محمد معرفيه,Vice Chairman,Board,2
ORDS,OOREDOO,Sh. Mohammed Abdulla Al Thani,الشيخ محمد عبدالله آل ثاني,CE/ CEO,Management,5
ORDS,OOREDOO,Mikael Grape ,مايكل جرابي,Managing Director,Board,7
ORDS,OOREDOO,Abdulla Ahmed Al Zaman,عبدالله احمد الزمان,Chief Financial Controller,Unclassified,9
ORDS,OOREDOO,Ahmed Yousef Al Naama,احمد يوسف النعمه,Chief Financial Controller,Unclassified,9
ORDS,OOREDOO,Mohd Akhaliq Alemadi,محمد عبدالخالق العمادي,Top Management,Management,10
ORDS,OOREDOO,Sheikh Nasser Hamad Al Thani,الشيخ ناصر حمد آل ثاني,Top Management,Management,10
ORDS,OOREDOO,Sheikh Ali Jaber Al Thani,الشيخ علي جبر آل ثاني,Top Management,Management,10
ORDS,OOREDOO, Abdulla Mubarak Al Khalifa,عبدالله مبارك آل خليفة,Board Member,Board,11
ORDS,OOREDOO,Nasser Rashid Al Humaidi,ناصر راشد الحميدي,Board Member,Board,11
ORDS,OOREDOO,Aziz Aluthman Fakhroo,عزيز العثمان فخرو,Board Member,Board,11
ORDS,OOREDOO,Eissa Hilal Al Kuwari,عيسى هلال الكواري,Board Member,Board,11
ORDS,OOREDOO,Yousef Mohammed Al Obaidli,يوسف محمد العبيدلي,Board Member,Board,11
ORDS,OOREDOO,Mohammed Nasser Al Hajri,محمد ناصر الهاجري,Board Member,Board,11
ORDS,OOREDOO,Sh. Sauod Bin Nasser Al Thani), الشيخ/ سعود بن ناصر آل ثاني,Board Member,Board,11
ORDS,OOREDOO,Mohammed Saif Al Suwaidi, محمد سيف السويدي,Board Member,Board,11
ORDS,OOREDOO, Ahmed Ali Al Hammadi,أحمد بن علي الحمادي,Board Member,Board,11
ORDS,OOREDOO,H.E. Mohammed Nasser Al-Hajri,سعادة السيد محمد ناصر الهاجري,Board Member,Board,11
ORDS,OOREDOO,Mr. Abdulla Mubarak Al Khalifa,السيد عبدالله مبارك آل خليفة,Board Member,Board,11
ORDS,OOREDOO,Mr. Nasser Rashid Al Humaidi,السيد ناصر راشد الحميدي,Board Member,Board,11
ORDS,OOREDOO,Mr. Mohammed Saif Al Sowaidi,السيد محمد سيف السويدي,Board Member,Board,11
ORDS,OOREDOO,H.E. Ahmed Bin Ali Al Hammadi,سعادة السيد أحمد بن علي الحمادي,Board Member,Board,11
ORDS,OOREDOO,H.E. Essa Bin Hilal Al Kuwari,سعادة السيد عيسى بن هلال الكواري,Board Member,Board,11
ORDS,OOREDOO,Eng. Yousef Al Obaidly,المهندس يوسف العبيدلي,Board Member,Board,11
ORDS,OOREDOO,Sh. Saud Bin Nasser Al Thani,الشيخ سعود بن ناصر آل ثاني,Board Member,Board,11
ORDS,OOREDOO,Sanjay Chowdhary,سانجاي شودهاري,Others,Unclassified,19
ORDS,OOREDOO,Saleh Dawood Abulrahman,صالح داوود عدالرحمن,Others,Unclassified,19
ORDS,OOREDOO,Adhy Setiawan,ادهي ستجوان,Others,Unclassified,19
ORDS,OOREDOO,Jenny Dela Cruz,جيني ديلا كروز,Others,Unclassified,19
ORDS,OOREDOO,Devanand Nagarajan ,ديفانند ناجاراجان,Others,Unclassified,19
ORDS,OOREDOO,Jacob Pious Tharakan,جاكوب بيوس ثاراكان,Others,Unclassified,19
ORDS,OOREDOO,Ravindran Devarajan ,رافيندران ديفاراجن ,Others,Unclassified,19
ORDS,OOREDOO,Shehryar Malik 	,شهريار مالك,Others,Unclassified,19
ORDS,OOREDOO,Mounir Mechernene,منير مشرنن,Others,Unclassified,19
ORDS,OOREDOO,Noora Hamad Al Marri,نورة حمد المري,Others,Unclassified,19
ORDS,OOREDOO,Noora Salman Al Obaidli,نورة سلمان العبيدلي,Others,Unclassified,19
ORDS,OOREDOO,Mohammed Sabri Al Zaidan,محمد صبري الزيدان,Others,Unclassified,19
ORDS,OOREDOO,Moza Mohd Darwish, موزة محمد درويش,Others,Unclassified,19
ORDS,OOREDOO,Syed Bilal Kazmi,سيد بلال كازمي,Others,Unclassified,19
ORDS,OOREDOO,Eyas Naif Saleh Assaf,اياس نايف صالح عساف,Others,Unclassified,19
ORDS,OOREDOO,Eisa Mohammed Al-Mohannadi,عيسى محمد المهندى,Others,Unclassified,19
ORDS,OOREDOO,Mohammed Siraj Mohammed Mashood,محمد مشود,Others,Unclassified,19
ORDS,OOREDOO,Noor Mohammed S. A. Al Raeesi,نور محمد صالح الرئيسي,Others,Unclassified,19
ORDS,OOREDOO,Shahjahan Iqbal Baig, شاهجهان اقبال,Others,Unclassified,19
ORDS,OOREDOO,Imran Bashir Ahmed Naziri,عمران بشير احمد نذيري,Others,Unclassified,19
ORDS,OOREDOO,Vikram Liya,فيكرام ليلا	,Others,Unclassified,19
ORDS,OOREDOO,Johan Borsjo,جون بروسج,Others,Unclassified,19
ORDS,OOREDOO,Fahad Imran Butt,فهد امران بيت,Others,Unclassified,19
ORDS,OOREDOO,Hasan Nabeel K A Al Kuwar,حسن نبيل خالد البوعفرة الكواري,Others,Unclassified,19
ORDS,OOREDOO,Bharat Kumar Khimji Vagadia,بهارات كومار كهيمجي فاجاديا,Others,Unclassified,19
ORDS,OOREDOO,Thomas George,توماس جورج,Others,Unclassified,19
ORDS,OOREDOO,Bahaeddine Hajri,بهاء الحجري ,Others,Unclassified,19
ORDS,OOREDOO,Yunus Cicek,يونس سيسك,Others,Unclassified,19
ORDS,OOREDOO,Georges Abi Saab,جورج ابى صعب,Others,Unclassified,19
ORDS,OOREDOO,Tomas Ramirez Gi,تومس رامريز غيل ,Others,Unclassified,19
ORDS,OOREDOO,Robert Namee,روبرت نامي ,Others,Unclassified,19
ORDS,OOREDOO,George Bownribg Challenor,جورج بورينغ شالنور,Others,Unclassified,19
ORDS,OOREDOO,Paolo Pennacchietti,باولو بيناشيتى,Others,Unclassified,19
ORDS,OOREDOO,Thomas Bernard Andre Chevanne,توماس بيرنارد اندري شيفان,Others,Unclassified,19
ORDS,OOREDOO,Laur Hassan Sakilan,لاور ساكيلان,Others,Unclassified,19
ORDS,OOREDOO,Izza Austria Sugian,ازا سوجيان,Others,Unclassified,19
ORDS,OOREDOO,Sara Ibrahim K I Al Sayed,سارة ابراهيم خليل ابراهيم السيد,Others,Unclassified,19
ORDS,OOREDOO,Saim Yaksan,سايم ياكسان,Others,Unclassified,19
ORDS,OOREDOO,Helene Le Caignec,هيلين اوديت لي كايجنيس,Others,Unclassified,19
ORDS,OOREDOO,Mohd Ahmed M A Al-Mohannadi,محمد احمد محمد علي المهندي,Others,Unclassified,19
ORDS,OOREDOO,Sean Michael Borejszo,سيان بوريجسزو,Others,Unclassified,19
ORDS,OOREDOO,Rene Heinz Werner,ريني هاينز ويرنر,Others,Unclassified,19
ORDS,OOREDOO,Nasser Issa S R Al Hitmi,ناصر عيسى الهتمي,Others,Unclassified,19
ORDS,OOREDOO,Hilal Mohammed Al Khulaifi,هلال محمد الخليفي,Others,Unclassified,19
ORDS,OOREDOO,Luelle Pillay,ليولي بيلاي,Others,Unclassified,19
ORDS,OOREDOO,Muhammad Saad Afzal Muhammed Afzal,محمد سعد افضل محمد افضل,Others,Unclassified,19
ORDS,OOREDOO,Zahida Mohsin A Shahbal,زاهده محسن احمد شحبل,Others,Unclassified,19
ORDS,OOREDOO,Kristina Sullano Lumongsod,كريستينا لومنجسود,Others,Unclassified,19
ORDS,OOREDOO,Rita Elias Haddad,ريتا الياس حداد,Others,Unclassified,19
ORDS,OOREDOO,Thet Su Naing,ثيت سو ناينغ,Others,Unclassified,19
ORDS,OOREDOO,Anton Landman,انتون لاندمان,Others,Unclassified,19
ORDS,OOREDOO,Adil Ouriemchi,عادل اورمشي,Others,Unclassified,19
ORDS,OOREDOO,Ali Serdar Yagci,علي سيردار ياغسي,Others,Unclassified,19
ORDS,OOREDOO,Akansha Chamria,اكنشا تشمريا فنود كومار تشمريا,Others,Unclassified,19
ORDS,OOREDOO,Hamad Mohammed Al Mohannadi,حمد محمد المهندي,Others,Unclassified,19
ORDS,OOREDOO,Abeer Abdulla Al Mesalam,عبير عبدالله المسلم,Others,Unclassified,19
PALMS,PALMS SPORTS PrJSC,Abdulmunem Alsayed Mohamed Alsayed Abdulraheem Alhashmi,عبدالمنعم السيد محمد السيد عبدالرحيم الهاشمي,Chairman,Board,1
PALMS,PALMS SPORTS PrJSC,Readh Faraj Ahmed Alkindi,رياض فرج احمد الكندي,Vice Chairman,Board,2
PALMS,PALMS SPORTS PrJSC,Fouad Fahmi Darwish,فؤاد فهمي درويش,CE/ CEO,Management,5
PALMS,PALMS SPORTS PrJSC,Saje Thomas,ساجي توماس,Board Member,Board,11
PALMS,PALMS SPORTS PrJSC,Fouad Fahmi Darwish,فؤاد فهمي درويش,Board Member,Board,11
PALMS,PALMS SPORTS PrJSC,Khalifa Yousif Abdulla Husain Khouri,خليفة يوسف عبدالله حسين خوري,Board Member,Board,11
PALMS,PALMS SPORTS PrJSC,Hatem Mohammad Abdul Fattah Mohammad Elmohr,حاتم محمد عبد الفتاح محمد المهر,Board Secretary,Unclassified,12
PALMS,PALMS SPORTS PrJSC,Sweta Madhavan Rajagopalan,سويتا مادهافان راجاجوبالان,Company,Unclassified,18
PALMS,PALMS SPORTS PrJSC,Harpal Sinh Chudasama,هيربل سين شودشاما,Company,Unclassified,18
PALMS,PALMS SPORTS PrJSC,Kapil Bhatnagar Bhatnagar,كابيل بهاتناجار بهاتناجار,Company,Unclassified,18
PALMS,PALMS SPORTS PrJSC, Dinesh Kumar Khator, دنيش كومار كاتور,Company,Unclassified,18
PALMS,PALMS SPORTS PrJSC,Goel Nimish Goel, نيمش جول جول,Company,Unclassified,18
PALMS,PALMS SPORTS PrJSC,Muhammad Rashid Sajid,محمد راشد ساجد,Company,Unclassified,18
PALMS,PALMS SPORTS PrJSC,Aline Manofer,الين منوفر,Company,Unclassified,18
PALMS,PALMS SPORTS PrJSC,Roba J. M. Obaid, ربا جمال محمد عبيد,Others,Unclassified,19
PALMS,PALMS SPORTS PrJSC,Emad M Ayad,عماد محمد عياد,Others,Unclassified,19
PHX,PHOENIX GROUP     PLC,HE Tareq Abdulraheem Ahmed Rashed Alhosani,طارق عبدالرحيم احمد راشد الحوسني,Chairman,Board,1
PHX,PHOENIX GROUP     PLC,Dheera Haran,دهيرا هاران,Chief Financial Controller,Unclassified,9
PHX,PHOENIX GROUP     PLC,Farah Zafar,فرح ظفر,Top Management,Management,10
PHX,PHOENIX GROUP     PLC,Sheharyar Haider Malhi,شهريار حيدر مالحي,Top Management,Management,10
PHX,PHOENIX GROUP     PLC,Omar Mohamed Maursy,عمر محمد مرسي,Top Management,Management,10
PHX,PHOENIX GROUP     PLC,Lucien Michael Harrington,لوسيان مايكل هارينغتون,Top Management,Management,10
PHX,PHOENIX GROUP     PLC,Elham Abdulghafoor Mohammed Rafi Alqasim,الهام عبدالغفور محمدرفيع القاسم,Board Member,Board,11
PHX,PHOENIX GROUP     PLC,Munaf Ali,مناف علي,Board Member,Board,11
PHX,PHOENIX GROUP     PLC,Fady M Y Dahalan,فادي م. ي. دحلان,Board Member,Board,11
PHX,PHOENIX GROUP     PLC,PHOENIX GROUP PLC,فينيكس كروب بي إل سي,Company,Unclassified,18
PHX,PHOENIX GROUP     PLC,ARTEMIS HOLDINGS LTD,ارتميس القابضة المحدودة,Others,Unclassified,19
PHX,PHOENIX GROUP     PLC,HADES HOLDINGS LTD,هادس القابضة المحدودة,Others,Unclassified,19
PHX,PHOENIX GROUP     PLC,HYPERION HOLDINGS LTD,هيبوريون القابضة المحدودة,Others,Unclassified,19
PHX,PHOENIX GROUP     PLC,ELSA YAHYA MUHAMMAD YAHYA,ايلسا يحيى محمد يحيى,Others,Unclassified,19
PHX,PHOENIX GROUP     PLC,MUHAMMAD SHAHRUKH SAJID MUHAMMAD SAJID HUSSAIN,محمد شاهروخ ساجد محمد ساجد حسين,Others,Unclassified,19
PHX,PHOENIX GROUP     PLC,Alireza Ardebiliasl,علي رضا أردبيلياصل,Others,Unclassified,19
PHX,PHOENIX GROUP     PLC,Rose Shaju Perinchery Perinchery Kochappan Shaju,روز شاجو بيرينشيري بيرينشيري كوتشابان شاجو,Others,Unclassified,19
PHX,PHOENIX GROUP     PLC,Muhammad Aasil Basharat Basharat Ahmed,محمد أصيل بشارات بشارات أحمد,Others,Unclassified,19
PHX,PHOENIX GROUP     PLC,CITADEL INTERNATIONAL HOLDINGS L.L.C.,سيتادل إنترناشونال هولدينغز ذ.م.م,Others,Unclassified,19
PHX,PHOENIX GROUP     PLC,Haroun Khwaja,هارون خواجة,Others,Unclassified,19
PHX,PHOENIX GROUP     PLC,Rajankumar Sureshbhai Palan,راجانكومار سوريشبهاي بالان,Others,Unclassified,19
PHX,PHOENIX GROUP     PLC,AIDA ADEM EDRIS,عايده ادم ادريس,Others,Unclassified,19
PHX,PHOENIX GROUP     PLC,Jitesh Bhatia,جيتيش بهاتيا,Others,Unclassified,19
PHX,PHOENIX GROUP     PLC,MADJID MOHAMMAD EBRAHIM HEIDARI,مجيد محمد ابراهيم حيدرى,Others,Unclassified,19
PHX,PHOENIX GROUP     PLC,HAMED ABBASALI ZAKER,حامد عباسعلى ذاكر,Others,Unclassified,19
PHX,PHOENIX GROUP     PLC,SIMAR PATWALIA MEHRBAN SINGH,سيمار بتواليا ميهربان سينغ,Others,Unclassified,19
PHX,PHOENIX GROUP     PLC,ATIF HAMEED ABDUL HAMEED,عاطف حميد عبدالحميد,Others,Unclassified,19
PHX,PHOENIX GROUP     PLC,PADIDEH AHMADI,بديده احمدى,Others,Unclassified,19
PHX,PHOENIX GROUP     PLC,SARAH FRAZER NICHOLAS FAZIL FRAZER,ساره فرازير نيكولاس فاضل فرازير,Others,Unclassified,19
PHX,PHOENIX GROUP     PLC,NOORSIMRAN SANGHERA,نورسيمران سانغيرا,Others,Unclassified,19
PHX,PHOENIX GROUP     PLC,LACE LYN TAMBA DIMALALUAN,لايس لين تامبا ديمالالوان,Others,Unclassified,19
PHX,PHOENIX GROUP     PLC,SALMAN MEHMOOD FAZAL MEHMOOD,سلمان محمود فضل محمود,Others,Unclassified,19
PRESIGHT,Presight AI Holding PLC,H.E. Mansoor Ibrahim Ahmed Saeed Almansoori,منصور ابراهيم احمد سعيد المنصوري,Chairman,Board,1
PRESIGHT,Presight AI Holding PLC,H.E. Sultan Obaid Ali Al Yabhouni Aldhaheri,سلطان عبيد على اليبهونى الظاهرى,Vice Chairman,Board,2
PRESIGHT,Presight AI Holding PLC,Thana Pramotedham,ثانى براموتدهام,Managing Director,Board,7
PRESIGHT,Presight AI Holding PLC,Xiaodong Zhou,زيادونج زهو,Top Management,Management,10
PRESIGHT,Presight AI Holding PLC,Xiaoyin Yang,شياوين يانغ,Top Management,Management,10
PRESIGHT,Presight AI Holding PLC,Raghupathy Ramadorai Meyoor,راغوباتي رامادوراى ليور ,Top Management,Management,10
PRESIGHT,Presight AI Holding PLC,Adel Salem Saeed Abdulla Alsharji,عادل سالم سعيد عبدالله الشرجي,Top Management,Management,10
PRESIGHT,Presight AI Holding PLC,Magzhan Kenesbai,ماجزهان كينيسبى,Top Management,Management,10
PRESIGHT,Presight AI Holding PLC,Charles Thomas Kelly,تشارلز توماس كيلى,Top Management,Management,10
PRESIGHT,Presight AI Holding PLC,Eva Mourino Bustillo ,إيفا مورينو بوستيلو,Top Management,Management,10
PRESIGHT,Presight AI Holding PLC,Alexander James Brown,الكسندر جايمس براون,Top Management,Management,10
PRESIGHT,Presight AI Holding PLC,Hamda Eid Khamis Almheiri,حمده عيد خميس المهيري,Board Member,Board,11
PRESIGHT,Presight AI Holding PLC,Abdulla Rashed Mohammed Rashed Alrashdi,عبدالله راشد محمد راشد الراشدي,Board Member,Board,11
PRESIGHT,Presight AI Holding PLC,Ismail Ali Mohammad Sulaiman Abdulla,اسماعيل على محمد سليمان عبدالله,Board Member,Board,11
PRESIGHT,Presight AI Holding PLC,Bashar Adel Suleiman Alrosan,بشار عادل سليمان الروسان,Board Member,Board,11
PRESIGHT,Presight AI Holding PLC,Sultan Ahmed Sultan Al Jaber ,الدكتور سلطان أحمد سلطان الجابر ,Others,Unclassified,19
PRESIGHT,Presight AI Holding PLC,Mera Investment,ميرا للاستثمار,Others,Unclassified,19
PRESIGHT,Presight AI Holding PLC,Donya Fredj,دنيا فرج,Others,Unclassified,19
PRESIGHT,Presight AI Holding PLC,Suhaib Ur Rehman,فريديريك جوهانيس ثيريون,Others,Unclassified,19
PRESIGHT,Presight AI Holding PLC,Frederik Johannes Thirion,فريديريك جوهانيس ثيريون,Others,Unclassified,19
PRESIGHT,Presight AI Holding PLC,Peng Xiao,بنج زياو,Others,Unclassified,19
PRESIGHT,Presight AI Holding PLC,Neeraj Kakkar,نيراج كاكار,Others,Unclassified,19
PRESIGHT,Presight AI Holding PLC,Nick Clements,نيكولاس كليمنتس,Others,Unclassified,19
PRESIGHT,Presight AI Holding PLC,Martin Lee Edelman,مارتين لي ايدلمان,Others,Unclassified,19
PRESIGHT,Presight AI Holding PLC,Sanjeev Jain,سانجيف جيان,Others,Unclassified,19
PRESIGHT,Presight AI Holding PLC,Kiril Simeonov Evtimov,كيريل سايمنوف افتيموف,Others,Unclassified,19
PRESIGHT,Presight AI Holding PLC,Peng Yao Jerome Toh,بينق يوه جيرومى توه,Others,Unclassified,19
PRESIGHT,Presight AI Holding PLC,Naveen Bokati,نافين بوكاتى,Others,Unclassified,19
PRESIGHT,Presight AI Holding PLC,Joanne Lesley Norman,جوانى ليسيلى نورمان,Others,Unclassified,19
PRESIGHT,Presight AI Holding PLC,Saroja Raghunathan Raghunathan,ساروجا راغوناتان راغوناتان,Others,Unclassified,19
PRESIGHT,Presight AI Holding PLC,Chaudhry Shoaib Hamid Chaudhry Hamid Sharif,شودرى شعيب حميد شودرى حميد شريف,Others,Unclassified,19
PRESIGHT,Presight AI Holding PLC,Rohan Joab Singh Rajdeep Singh,روهان جواب سينغ راجديب سينغ,Others,Unclassified,19
PRESIGHT,Presight AI Holding PLC,Roger Brian Tejwani,روجر بريان تيجوانى,Others,Unclassified,19
PRESIGHT,Presight AI Holding PLC,Len-Tzan Koh,لين تزان كوه,Others,Unclassified,19
PRESIGHT,Presight AI Holding PLC,Basem Hasan Mousa Mousa,باسم حسن موسى موسى,Others,Unclassified,19
PRESIGHT,Presight AI Holding PLC,Mohamed Faheem Idru,محمد فهيم إدرو,Others,Unclassified,19
PRESIGHT,Presight AI Holding PLC,Francisco Jose Matias Ferreira Leal Goncalves,فرانسيسكو خوسيه ماتياس فيريرا ليل جونكالفيس,Others,Unclassified,19
PRESIGHT,Presight AI Holding PLC,Reem Alyan,ريم عليان,Others,Unclassified,19
PRESIGHT,Presight AI Holding PLC,Nursultan Kozhanov,نور سلطان كوجانوف,Others,Unclassified,19
PRESIGHT,Presight AI Holding PLC,Sara Ali Ahmed Alafreet Alkuwaiti,سارة علي أحمد العفريت الكويتي,Others,Unclassified,19
PRESIGHT,Presight AI Holding PLC,Mukesh Goel Trilok Chand Goel ,موكيش جول تريلوك تشاند جول,Others,Unclassified,19
PRESIGHT,Presight AI Holding PLC,Tarek Alchami,طارق الشامي,Others,Unclassified,19
PRESIGHT,Presight AI Holding PLC,Badsha Anzif Abdulkhader,بادشا أنزيف عبد القادر,Others,Unclassified,19
PRESIGHT,Presight AI Holding PLC,Shamma Abdulla Salem Obaid Alnuaimi,شما عبدالله سالم عبيد النعيمي,Others,Unclassified,19
PRESIGHT,Presight AI Holding PLC,Avita Garhwal,أفيتا جارهوال,Others,Unclassified,19
PRESIGHT,Presight AI Holding PLC,Mher Karkorian,مهير قركوريان,Others,Unclassified,19
PRESIGHT,Presight AI Holding PLC,Tamara Habib,تمارا حبيب,Others,Unclassified,19
PRESIGHT,Presight AI Holding PLC,Mohamad Alkichk,محمد الكشك,Others,Unclassified,19
PRESIGHT,Presight AI Holding PLC,Sheik Muhammad Shameen Hosenbocus,الشيخ محمد شمين هوسنبوكس,Others,Unclassified,19
PRESIGHT,Presight AI Holding PLC,Adithya Srinivasan Raghavan,أديتيا سرينيفاسان راغافان,Others,Unclassified,19
PRESIGHT,Presight AI Holding PLC,Elena Dreyer,ايلينا دراير,Others,Unclassified,19
PRESIGHT,Presight AI Holding PLC,Andrew David Reakes,أندرو ديفيد ريكس,Others,Unclassified,19
PRESIGHT,Presight AI Holding PLC,Mitar Nikola Michael Korjen,ميتار نيكولا مايكل كورجين,Others,Unclassified,19
PRESIGHT,Presight AI Holding PLC,Meirambek Ashirbekov ,ميرامبيك أشيربيكوف,Others,Unclassified,19
PRESIGHT,Presight AI Holding PLC,Georges Haddad,جورج حداد,Others,Unclassified,19
PRESIGHT,Presight AI Holding PLC,Yasir Abdurazak,ياسر عبدالرزاق,Others,Unclassified,19
PRESIGHT,Presight AI Holding PLC,Tomiris Ramazan,توميريس رمضان,Others,Unclassified,19
PRESIGHT,Presight AI Holding PLC,Maxat Koshumbayev,ماكسات كوشومباييف,Others,Unclassified,19
PRESIGHT,Presight AI Holding PLC,Martin Christopher Yates,مارتن كريستوفر ييتس,Others,Unclassified,19
PRESIGHT,Presight AI Holding PLC,Mohamed Tighilt,محمد تيغيلت,Others,Unclassified,19
PRESIGHT,Presight AI Holding PLC,James Westerby Jones,جيمس ويستربي جونز,Others,Unclassified,19
PRESIGHT,Presight AI Holding PLC,Ali Omar Abdin,علي عمر عابدين,Others,Unclassified,19
PRESIGHT,Presight AI Holding PLC,Sian Warren,سيان وارن,Others,Unclassified,19
PRESIGHT,Presight AI Holding PLC,Nigel Hammersley ,نايجل هامرسلي,Others,Unclassified,19
PRESIGHT,Presight AI Holding PLC,Toujan Al Halabi ,توجان الحلبي,Others,Unclassified,19
PRESIGHT,Presight AI Holding PLC,Siti Nur Atiqah Binte Jumad  ,ستي نور عتيقة بنت جمعة,Others,Unclassified,19
PRESIGHT,Presight AI Holding PLC,Henry Curtis ,هنري كيرتس,Others,Unclassified,19
PRESIGHT,Presight AI Holding PLC,Tawanda Chihota ,تاوندا تشيهوتا,Others,Unclassified,19
PRESIGHT,Presight AI Holding PLC,Marta Guasch Salvado,مارتا جواش سالفادو,Others,Unclassified,19
PRESIGHT,Presight AI Holding PLC,Aliyar Alimov,عليار عليموف,Others,Unclassified,19
PRESIGHT,Presight AI Holding PLC,Tanisha Lauren Onyenaoha,تانيشا لورين أونيناوها,Others,Unclassified,19
PRESIGHT,Presight AI Holding PLC,Rajat Goyal Rajesh Kumar Goyal,راجات جويال راجيش كومار جويال,Others,Unclassified,19
PRESIGHT,Presight AI Holding PLC,Ang Wei Ming,أنج وي مينج,Others,Unclassified,19
PRESIGHT,Presight AI Holding PLC,Shadi Falah Kathloum Mashaqbeh,شادي فلاح كثلوم مشاقبة,Others,Unclassified,19
PRESIGHT,Presight AI Holding PLC,You Kein Shin,أنت كين شين,Others,Unclassified,19
PRESIGHT,Presight AI Holding PLC,Oksana Golod,أوكسانا غولود,Others,Unclassified,19
PRESIGHT,Presight AI Holding PLC,Yonghyun Kwon,يونغهيون كوون,Others,Unclassified,19
PRESIGHT,Presight AI Holding PLC,Renella Lanessa Andrade,رينيلا لانيسا اندرادي,Others,Unclassified,19
PRESIGHT,Presight AI Holding PLC,Tina Elie Daher,تينا إيلي ضاهر,Others,Unclassified,19
PRESIGHT,Presight AI Holding PLC,Tarek Bilani,طارق بيلاني,Others,Unclassified,19
PRESIGHT,Presight AI Holding PLC,Kim Taeyoon,كيم تايون,Others,Unclassified,19
PRESIGHT,Presight AI Holding PLC,Selim Tira,سليم تيرا,Others,Unclassified,19
PRESIGHT,Presight AI Holding PLC,Maya Nasri Milan,مايا نصري ميلان,Others,Unclassified,19
PRESIGHT,Presight AI Holding PLC,MAHMOUD MOHAMEDFESAL RAQEB ADI,محمود محمد فيصل رقاب عدي,Others,Unclassified,19
PRESIGHT,Presight AI Holding PLC,Bilal Baloch,بلال بلوش,Others,Unclassified,19
PRESIGHT,Presight AI Holding PLC,Saly Mohamad Jaroudy,سالي محمد جارودي,Others,Unclassified,19
PRESIGHT,Presight AI Holding PLC,Dhanya Issac,دانيا اسحق,Others,Unclassified,19
PRESIGHT,Presight AI Holding PLC,Nurmukhamet Kanture,نورمحمد كانتور,Others,Unclassified,19
PRESIGHT,Presight AI Holding PLC,Dominic Schonken,دومينيك شونكين,Others,Unclassified,19
PRESIGHT,Presight AI Holding PLC,Shuang Liu,تدفق مزدوج,Others,Unclassified,19
PRESIGHT,Presight AI Holding PLC,Mark John Gilligan,مارك جون جيليجان,Others,Unclassified,19
PRESIGHT,Presight AI Holding PLC,Fitim Pajaziti,فيتيم باجازاتي,Others,Unclassified,19
PRESIGHT,Presight AI Holding PLC,Nithin Payyakkil Janardhanan,نيتين باياكيل جاناردهانان,Others,Unclassified,19
PRESIGHT,Presight AI Holding PLC,Gaziz Seilkhanov,غازيز سيلخانوف,Others,Unclassified,19
PRESIGHT,Presight AI Holding PLC,Nitesh Radhesham Mukhi,نيتيش رادهيشام موخي,Others,Unclassified,19
PRESIGHT,Presight AI Holding PLC,Mark Owen Challenor,مارك أوين تشالينور,Others,Unclassified,19
PRESIGHT,Presight AI Holding PLC,Rahul Kamalnayan Champakal,راهول كامالنايان تشامباكال,Others,Unclassified,19
PRESIGHT,Presight AI Holding PLC,Noorul Hijaz Tharola,نور الحجاز ثارولا,Others,Unclassified,19
PRESIGHT,Presight AI Holding PLC,Giacomo Ziani ,جياكومو زياني,Others,Unclassified,19
PRESIGHT,Presight AI Holding PLC,Dean Mclay,دين ماكلاي,Others,Unclassified,19
PRESIGHT,Presight AI Holding PLC,Shamsa Alfalasi,شمسة الفلاسي,Others,Unclassified,19
PRESIGHT,Presight AI Holding PLC,Gabor Erdelyi ,جابور ارديلي,Others,Unclassified,19
PRESIGHT,Presight AI Holding PLC,Amna Darwish Ali Haji Alkhoori,آمنة درويش علي حاجي الخوري,Others,Unclassified,19
PRESIGHT,Presight AI Holding PLC,Kriti Kulshreshtha,كريتي كولشريستا,Others,Unclassified,19
PRESIGHT,Presight AI Holding PLC,Amir Groves,أمير جروف,Others,Unclassified,19
PRESIGHT,Presight AI Holding PLC,David Dujardin,ديفيد دوجاردين,Others,Unclassified,19
PRESIGHT,Presight AI Holding PLC,Ji NI,جي ني,Others,Unclassified,19
PRESIGHT,Presight AI Holding PLC,Fiacc Larkin,فياك لاركين,Others,Unclassified,19
PRESIGHT,Presight AI Holding PLC,Kenty Nkomo ,كينتي نكومو,Others,Unclassified,19
PRESIGHT,Presight AI Holding PLC,Wasim Hamid Beg,وسيم حامد بيك,Others,Unclassified,19
PRESIGHT,Presight AI Holding PLC,ZAYED BADER HARAHSHEH,زايد بدر حراحشه,Others,Unclassified,19
PRESIGHT,Presight AI Holding PLC,Nikolaos Koritsas,نيكولاوس كورساس,Others,Unclassified,19
PRESIGHT,Presight AI Holding PLC,Aristeidis Makrypodis,أريستيديس ماكريبوديس,Others,Unclassified,19
PRESIGHT,Presight AI Holding PLC,Chrysanthi Karlou,كريسانثي كارلو,Others,Unclassified,19
PRESIGHT,Presight AI Holding PLC,Aikaterina Protopapa,أيكاترينا بروتوبابا,Others,Unclassified,19
PRESIGHT,Presight AI Holding PLC,Konstantinos Papakonstantinou,قسطنطينوس باباقسطنطينو,Others,Unclassified,19
PRESIGHT,Presight AI Holding PLC,Andreu Basseda Camara,أندرو باسيدا كامارا,Others,Unclassified,19
PRESIGHT,Presight AI Holding PLC,Annamaria Mangiaracina,أناماريا مانجياراكينا,Others,Unclassified,19
PRESIGHT,Presight AI Holding PLC,Georgia Koutsoukou,جورجيا كوتسوكو,Others,Unclassified,19
PRESIGHT,Presight AI Holding PLC,TUSHAAR GARG,توشار جارج,Others,Unclassified,19
PRESIGHT,Presight AI Holding PLC,Atilla Szenvedi,أتيلا سينفيدي,Others,Unclassified,19
PRESIGHT,Presight AI Holding PLC,Saravan Kumar Penubarthi Penubarthi Varaba Rajarao,سارافان كومار بينوبارثي بينوبارثي فارابا راجاراو,Others,Unclassified,19
PRESIGHT,Presight AI Holding PLC,Mohamed Ahmed Mohamed Ahmed Almehari,محمد أحمد محمد أحمد المهاري,Others,Unclassified,19
PRESIGHT,Presight AI Holding PLC,Magdalena Jadwiga Koning,ماجدالينا جادويجا كونينج,Others,Unclassified,19
PRESIGHT,Presight AI Holding PLC,Adel Subaih Ahmed Alsubaih,عادل صبيح أحمد الصبيح,Others,Unclassified,19
PRESIGHT,Presight AI Holding PLC,Mikhail Roshchin,ميخائيل روشين,Others,Unclassified,19
PRESIGHT,Presight AI Holding PLC,Ali Taleb El Amine,علي طالب الأمين,Others,Unclassified,19
PRESIGHT,Presight AI Holding PLC,Nicholas John Edwards,نيكولاس جون إدواردز,Others,Unclassified,19
PRESIGHT,Presight AI Holding PLC,Patrick David Sutton Mattocks,باتريك ديفيد ساتون ماتوكس,Others,Unclassified,19
PRESIGHT,Presight AI Holding PLC,RUPERT VALENTINE HUTCHISON CHYNE,روبرت فالنتين هاتشيسون تشاين,Others,Unclassified,19
PRESIGHT,Presight AI Holding PLC,Abdullah Baber Raja,عبد الله بابر راجا,Others,Unclassified,19
PRESIGHT,Presight AI Holding PLC,Jaime Echevarria Olaso,خايمي إتشيفاريا أولاسو,Others,Unclassified,19
PRESIGHT,Presight AI Holding PLC,Fabian Raphael Gilg ,فابيان رافائيل جيلج,Others,Unclassified,19
PRESIGHT,Presight AI Holding PLC,Lee Wittlinger,لي ويتلينجر,Others,Unclassified,19
PRESIGHT,Presight AI Holding PLC,Stuart Sim,ستيوارت سيم,Others,Unclassified,19
PRESIGHT,Presight AI Holding PLC,Joe Osnoss,جو أوسنوس,Others,Unclassified,19
PRESIGHT,Presight AI Holding PLC,Ignacio Lopez-Perea,إغناسيو لوبيز بيريا,Others,Unclassified,19
PRESIGHT,Presight AI Holding PLC,HENRI JUHANI JANSSON,هينرى جوهانى جانسون,Others,Unclassified,19
PRESIGHT,Presight AI Holding PLC,Bennett Winther,بينيت وينثر,Others,Unclassified,19
PRESIGHT,Presight AI Holding PLC,MD FAIYAZ ALAM,محمد فياض علم,Others,Unclassified,19
PRESIGHT,Presight AI Holding PLC,ADAM JAMES MARSHALL,ادم جيمس مارشال,Others,Unclassified,19
PRESIGHT,Presight AI Holding PLC,Ryan Glasser,ريان جلاسر,Others,Unclassified,19
PRESIGHT,Presight AI Holding PLC,HIMANSHU MANILAL SAPARIA,هيمانشو مانيلال ساباريا,Others,Unclassified,19
PRESIGHT,Presight AI Holding PLC,NEHA GUPTA,نها جوبتا,Others,Unclassified,19
PRESIGHT,Presight AI Holding PLC,Emily Katz,إميلي كاتز,Others,Unclassified,19
PRESIGHT,Presight AI Holding PLC,ANOOP MOHANDAS MOHANDAS RAMACHANDRAN,انوب موهنداس موهنداس راماشاندران,Others,Unclassified,19
PRESIGHT,Presight AI Holding PLC,Jess Whitman,جيس ويتمان,Others,Unclassified,19
PRESIGHT,Presight AI Holding PLC,Ahmed Khairat,أحمد خيرت,Others,Unclassified,19
PRESIGHT,Presight AI Holding PLC,Anastasia Shkurynska,أناستازيا شكورينسكا,Others,Unclassified,19
PRESIGHT,Presight AI Holding PLC,Ignasi Ferrer Gomez,إغناسي فيرير جوميز,Others,Unclassified,19
PRESIGHT,Presight AI Holding PLC,Emir Susic ,784-1975-7653719-1,Others,Unclassified,19
PRESIGHT,Presight AI Holding PLC,MOHAMMED MAZHAR SHAIKH MOHAMMED BASHIR SHAIKH,محمد مظهر شيخ محمد بشير شيخ,Others,Unclassified,19
PRESIGHT,Presight AI Holding PLC,Rosztiszlav Gohman,روزتيسلاف جوهمان,Others,Unclassified,19
PRESIGHT,Presight AI Holding PLC,Amrita Sebastian ,أمريتا سيباستيان,Others,Unclassified,19
PRESIGHT,Presight AI Holding PLC,Ben Watson,بن واتسون,Others,Unclassified,19
PRESIGHT,Presight AI Holding PLC,JOANNA KATHRINE COOPER,جوانا كثرين كوبر,Others,Unclassified,19
PRESIGHT,Presight AI Holding PLC,Lukas Benedikt Schlund,لوكاس بينيديكت شلوند,Others,Unclassified,19
PRESIGHT,Presight AI Holding PLC,BETHANY JANE BLOOR,بيثانى جانى بلور,Others,Unclassified,19
PRESIGHT,Presight AI Holding PLC,Amer Abdulla Rashed Mohammed Alrashdi,عامر عبدالله راشد محمد الراشدي,Others,Unclassified,19
PRESIGHT,Presight AI Holding PLC,Abdulla Abdulwahab Husain Al-Ali,عبدالله عبدالوهاب حسين العلي,Others,Unclassified,19
PRESIGHT,Presight AI Holding PLC,STUART ALEXANDER JAMES,ستوارت الكسندر جيمس,Others,Unclassified,19
PRESIGHT,Presight AI Holding PLC,MAKTOUM ABDULLA RASHED MOHAMMAD ALRASHDI,مكتوم عبدالله راشد محمد الراشدي,Others,Unclassified,19
PRESIGHT,Presight AI Holding PLC,KIT MUN LEE,كيت مون لى,Others,Unclassified,19
PRESIGHT,Presight AI Holding PLC,MARIAM ABDULLA RASHED MOHAMMAD ALRASHDI,مريم عبدالله راشد محمد الراشدي,Others,Unclassified,19
PRESIGHT,Presight AI Holding PLC,GRANT MURRAY BATTEN,جرانت موراى باتين,Others,Unclassified,19
PRESIGHT,Presight AI Holding PLC,MUBARAK ABDULA RASHED MOHAMMAD ALRASHDI,مبارك عبدالله راشد محمد الراشدي,Others,Unclassified,19
PRESIGHT,Presight AI Holding PLC,ALEXANDRE BRAZEAU,الكسندر برازيو,Others,Unclassified,19
PRESIGHT,Presight AI Holding PLC,SHATDAL SHRIVASTAVA SHARAD SHRIVASTAVA,شاتدال شريفاستافا شاراد شريفاستافا,Others,Unclassified,19
PRESIGHT,Presight AI Holding PLC,TALAL MOUATAZ MUSTAFA KAISSI,طلال معتز مصطفى قيسى,Others,Unclassified,19
PRESIGHT,Presight AI Holding PLC,CAMERON ALAN ROSS COLES,كاميرون الان روس كولس,Others,Unclassified,19
PRESIGHT,Presight AI Holding PLC,TIMOTHY JOHN CASBEN,تيموثى جون كاسبين,Others,Unclassified,19
PRESIGHT,Presight AI Holding PLC,LAKHVIR SINGH MANN,لاخفير سينك مان,Others,Unclassified,19
PRESIGHT,Presight AI Holding PLC,KIMBERLEY HOLLAND,كيمبرلى هولاند,Others,Unclassified,19
PRESIGHT,Presight AI Holding PLC,DARIA SEMENIAKA,داريا سيمينياكا,Others,Unclassified,19
PRESIGHT,Presight AI Holding PLC,RASHED ABDULLA RASHED MOHAMMAD ALRASHDI,راشد عبدالله راشد محمد الراشدي,Others,Unclassified,19
PRESIGHT,Presight AI Holding PLC,Alejandro Aguiar Pardilla ,أليخاندرو أغيار بارديلا,Others,Unclassified,19
PRESIGHT,Presight AI Holding PLC,Felipe Villasuso Guimares,فيليبي فيلاسوسو غيماريس,Others,Unclassified,19
PRESIGHT,Presight AI Holding PLC,Manica Nagpal,مانيكا ناجبال,Others,Unclassified,19
PRESIGHT,Presight AI Holding PLC,JOSE FRANCISCO FERNANDEZ MARTINEZ,جوس فرانسيسكو فيرنانديز مارتينيز,Others,Unclassified,19
PRESIGHT,Presight AI Holding PLC,ANTON ZHDANOV,انطون زهدانوف,Others,Unclassified,19
PRESIGHT,Presight AI Holding PLC,Martin Milenovsky,مارتن ميلينوفسكي,Others,Unclassified,19
PRESIGHT,Presight AI Holding PLC,KEVIN VAN STADEN,كيفن فان ستادن,Others,Unclassified,19
PRESIGHT,Presight AI Holding PLC,Kiren Matharu ,كيرين ماثارو,Others,Unclassified,19
PRESIGHT,Presight AI Holding PLC,KUNAL SHARMA SALIL SHARMA,كونال شارما ساليل شارما,Others,Unclassified,19
PRESIGHT,Presight AI Holding PLC,Mei Pin Puah,مى بين بواه,Others,Unclassified,19
PRESIGHT,Presight AI Holding PLC,SANDOR MARTON BULATH,ساندور مارتون بولات,Others,Unclassified,19
PRESIGHT,Presight AI Holding PLC,Lojain Halawani,لجين حلواني,Others,Unclassified,19
PRESIGHT,Presight AI Holding PLC,SOPHIE LOUISE HELEN GERAERDTS,سوفى لويس هيلين جيرايردتس,Others,Unclassified,19
PUREHEALTH,Pure Health Holding PJSC,Kamal Ishaq Abdulla Ismail Almaazmi,كمال اسحاق عبدالله اسماعيل المازمي,Chairman,Board,1
PUREHEALTH,Pure Health Holding PJSC,Hamad Salem Mohamed Binlouteya Alameri,حمد سالم محمد بن لوتيه العامري,Vice Chairman,Board,2
PUREHEALTH,Pure Health Holding PJSC,Shaista Asif Qayum,شايسته آصف قيوم,Group CEO ,Management,3
PUREHEALTH,Pure Health Holding PJSC,Rashed Saif Rashed Ahmed Alqubaisi,راشد سيف راشد أحمد القبيسي,CE/ CEO,Management,5
PUREHEALTH,Pure Health Holding PJSC,Farhan Abdulshakoor Malik,فرحان عبدالشكور ملك,Managing Director,Board,7
PUREHEALTH,Pure Health Holding PJSC,Jawad Shafique Muhammad Shafique,جواد شفيق محمد شفيق,Board Member,Board,11
PUREHEALTH,Pure Health Holding PJSC,Mohammad Adnan Abdulrahman Abdulla Sharafi,محمد عدنان عبدالرحمن عبدالله شرفي,Board Member,Board,11
PUREHEALTH,Pure Health Holding PJSC,Abdel Kader Ahmed El Khatib, عبدالقادر احمد الخطيب,Board Secretary,Unclassified,12
PUREHEALTH,Pure Health Holding PJSC,Khawaja Asif Kaleem Khawaja Kaleem Akhtar,خواجه‬ اصف كليم خواجه‬ كليم اختر,Others,Unclassified,19
PUREHEALTH,Pure Health Holding PJSC,Shrikant Mandhanya Santosh Mandhanya,‫شريكانت مندهنيا سانتوش مندهنيا,Others,Unclassified,19
PUREHEALTH,Pure Health Holding PJSC,Deepak Kumar Nand Lal,ديباك كومار ناند لال,Others,Unclassified,19
PUREHEALTH,Pure Health Holding PJSC,Umer Saleem Zuberi Saleem Iqbal Zuberi,عمر سليم زبيرى سليم اقبال زبيري,Others,Unclassified,19
PUREHEALTH,Pure Health Holding PJSC,Sudhir Barma Shankar Bahadur Barma,سودير بارما شنكار بهدور بارما,Others,Unclassified,19
PUREHEALTH,Pure Health Holding PJSC,Manzoor Ahmad Noor Muhammad,منظور احمد نور محمد,Others,Unclassified,19
PUREHEALTH,Pure Health Holding PJSC,DANIEL JAMES PATERSON,‫دانيل جيمس باترسون‬,Others,Unclassified,19
PUREHEALTH,Pure Health Holding PJSC,Mossadiq Ali Ghanghro Ali Hassan Ghanghro,مصدق على غنغرو علي حسن غنغرو,Others,Unclassified,19
PUREHEALTH,Pure Health Holding PJSC,Fahad Muslehuddin Mansoor Muhammad Muslehuddin,فهد مسلم الدين منصور محمد مسلم الدين,Others,Unclassified,19
PUREHEALTH,Pure Health Holding PJSC,Muhammad Junaid Khan Wasim Dil Kha,محمد جنيد خان وسيم ديل خان,Others,Unclassified,19
PUREHEALTH,Pure Health Holding PJSC,Sadia Khuram Khuram Alamgir Sulankie,سعديه خورام خورام عالمغير سولانكى‬,Others,Unclassified,19
PUREHEALTH,Pure Health Holding PJSC,Adnan Anjum Muhammad Din Anjum,عدنان انجم محمد دين انجم,Others,Unclassified,19
PUREHEALTH,Pure Health Holding PJSC,Valentyn Kovalov,فالنتين كوفالوف,Others,Unclassified,19
PUREHEALTH,Pure Health Holding PJSC,Mohamed Obaid Mohamed Khamis Alremeithi,محمد عبيد محمد خميس الرميثي,Others,Unclassified,19
PUREHEALTH,Pure Health Holding PJSC,Jessica Lofranco Gamolo,جيسيكا لوفرانكو جامولو,Others,Unclassified,19
PUREHEALTH,Pure Health Holding PJSC,Ayesha Mohamed Nouri Aqil Alhammadi,عائشه محمد نوري عقيل الحمادي,Others,Unclassified,19
PUREHEALTH,Pure Health Holding PJSC,Amena Kamel Younis,امنه كامل يونس,Others,Unclassified,19
PUREHEALTH,Pure Health Holding PJSC,Abdalla Abdelfattah Hassan Shehada,عبدالله عبدالفتاح حسن شحاده,Others,Unclassified,19
PUREHEALTH,Pure Health Holding PJSC,Sanya Raheel Ahmed Raheel Ahmed,سنيا راحيل أحمد راحيل أحمد,Others,Unclassified,19
PUREHEALTH,Pure Health Holding PJSC,Nauman Hassan Sibtul Hassan,نعمان حسن سيبتول حسن,Others,Unclassified,19
PUREHEALTH,Pure Health Holding PJSC,Anastasia Mosunova,انستزيا موسونوفا,Others,Unclassified,19
PUREHEALTH,Pure Health Holding PJSC,Khalil Charles Massoud,خليل شارل مسعود,Others,Unclassified,19
PUREHEALTH,Pure Health Holding PJSC,Ahmed Abdulla Mohammed Abdulkarim Alshamsi,أحمد عبدالله محمد عبدالكريم الشامسي,Others,Unclassified,19
PUREHEALTH,Pure Health Holding PJSC,Fadi Moukhtar Sleiman,فادي مختار سليمان,Others,Unclassified,19
PUREHEALTH,Pure Health Holding PJSC,Deepak Shivrao Kulkarni,ديباك شيفراو كولكارني,Others,Unclassified,19
RAKBANK,The National Bank of Ras Al Khaimah,H.E. Mohamed Omran Alshamsi,سعادة محمد عمران الشامسي,Chairman,Board,1
RAKBANK,The National Bank of Ras Al Khaimah,-	H.H. Shaikha Amneh AlQasimi,-	سمو الشيخة آمنه القاسمي,Vice Chairman,Board,2
RAKBANK,The National Bank of Ras Al Khaimah,Raheel Ahmed,راحيل أحمد,CE/ CEO,Management,5
RAKBANK,The National Bank of Ras Al Khaimah,Mahadevan Radhakanthan,ماهاديفان رادهاكانتان,Top Management,Management,10
RAKBANK,The National Bank of Ras Al Khaimah,Venkat Raghavan,فينكات راجافان ,Top Management,Management,10
RAKBANK,The National Bank of Ras Al Khaimah,Suri Vikas,سورى وكاس,Top Management,Management,10
RAKBANK,The National Bank of Ras Al Khaimah,Jean Pierre Le Roux,جين بيير لى روكس,Top Management,Management,10
RAKBANK,The National Bank of Ras Al Khaimah,Dongjun Choi,دونجون شوي,Top Management,Management,10
RAKBANK,The National Bank of Ras Al Khaimah,Shehzad Faisal Hameed,شهزاد فيصل حميد ,Top Management,Management,10
RAKBANK,The National Bank of Ras Al Khaimah,Ghalieh Omar Mahmoud Bushnaq,غاليه عمر محمود بوشناق,Top Management,Management,10
RAKBANK,The National Bank of Ras Al Khaimah,Safwan Humood Mohammed Ghaleb Al Sebaiha,صفوان حمود محمد غالب الصبيحه ,Top Management,Management,10
RAKBANK,The National Bank of Ras Al Khaimah,Nizar Qaiser Abdulmajid Ali Luqman,نزار قيصر عبدالمجيد علي لقمان,Top Management,Management,10
RAKBANK,The National Bank of Ras Al Khaimah,Farhan Mahmood,فرحان محمود,Top Management,Management,10
RAKBANK,The National Bank of Ras Al Khaimah,Mohammad Jaffer Nini Ahmed Nini,محمد جعفر نينى احمد نينى,Top Management,Management,10
RAKBANK,The National Bank of Ras Al Khaimah,AHMED HAMDAN SAIF ALALKEEM ALZAABI,احمد حمدان سيف العلكيم الزعابى,Top Management,Management,10
RAKBANK,The National Bank of Ras Al Khaimah,Sultan Khalifa Khamis Humaid Al Ali,سلطان خليفة خميس حميد ال على,Top Management,Management,10
RAKBANK,The National Bank of Ras Al Khaimah,Sanjeev Pramod Mulay Mulay Pramod Rangnath,سانجيف برامود مولاى مولاى برامود رانجنات,Top Management,Management,10
RAKBANK,The National Bank of Ras Al Khaimah,Vishal Virendra Shah Virendra Manharlal Shah,فيشال فيريندرا شاه فيريندرا مانهارلال شاه,Top Management,Management,10
RAKBANK,The National Bank of Ras Al Khaimah,Mr. Salem Ali Abdullah Saeed Al Sharhan Al Nuaimi,السيد / سالم علي عبدالله سعيد الشرهان النعيمي,Board Member,Board,11
RAKBANK,The National Bank of Ras Al Khaimah,Mr. Stephen Robert Monaghan,السيد/ ستيفن روبرت موناغان,Board Member,Board,11
RAKBANK,The National Bank of Ras Al Khaimah,Mr. Jonathan Edward Morris,السيد/ جوناتان إدوارد موريس,Board Member,Board,11
RAKBANK,The National Bank of Ras Al Khaimah,Ms. Debra Veronica Ward,السيدة/ ديبرا فيرونيكا وورد,Board Member,Board,11
RAKBANK,The National Bank of Ras Al Khaimah,Mr. Abhijit Choudhury,السيد / أبهيجيت شودهوري,Board Member,Board,11
RAKBANK,The National Bank of Ras Al Khaimah,Mr. Mohammad Abdulrahman Abdulla Al Jallaf,السيد/ محمد عبد الرحمن عبدالله الجلاف,Board Member,Board,11
RAKBANK,The National Bank of Ras Al Khaimah,Shaikh Abdulla Khaled Abdulla Mohammed Al Qassimi,الشيخ عبدالله بن خالد بن عبدالله محمد القاسمي,Board Member,Board,11
RAKBANK,The National Bank of Ras Al Khaimah,The National Bank of Ras Al Khaimah,بنك رأس الخيمه الوطني,Company,Unclassified,
RAKCEC,RAK Ceramics PJSC,Shaikh Saqr Bin Saud Saqr Al Qasimi,الشيخ صقر بن سعود بن صقر القاسمي,Chairman,Board,1
RAKCEC,RAK Ceramics PJSC,Fawaz Suliaman A Al Rajhi,فواز بن سليمان بن عبدالعزيز الراجحي,Vice Chairman,Board,2
RAKCEC,RAK Ceramics PJSC,Abdallah Massaad,عبدالله مسعد,CE/ CEO,Management,5
RAKCEC,RAK Ceramics PJSC,SHAKTI ARORA,شاكتي أرورا,Top Management,Management,10
RAKCEC,RAK Ceramics PJSC,VIBHUTI BHUSHAN,فيبوتي بوشان,Top Management,Management,10
RAKCEC,RAK Ceramics PJSC,Pramod Kumar Chand,برامود كومار شاند,Top Management,Management,10
RAKCEC,RAK Ceramics PJSC,Basavaraj Siddangoud Patil,باسافاراج سيدانجود باتل,Top Management,Management,10
RAKCEC,RAK Ceramics PJSC,DAVID WILLIAM KELLY,ديفيد ويليام كيلي,Top Management,Management,10
RAKCEC,RAK Ceramics PJSC,JASEM MOHAMED RASHED KHALFAN ALKHATERI,جاسم محمد راشد خلفان الخاطري,Top Management,Management,10
RAKCEC,RAK Ceramics PJSC,Wassim Zuhair Moukahhal,وسيم زهير مكحل,Board Member,Board,11
RAKCEC,RAK Ceramics PJSC,Farah Abdulla Mohamed Al Mazrui,فرح عبدالله محمد المزروعي,Board Member,Board,11
RAKCEC,RAK Ceramics PJSC,Sheikh Saqr Omar Saqr Alqassimi,الشيخ صقر بن عمر بن صقر القاسمي,Board Member,Board,11
RAKCEC,RAK Ceramics PJSC,Shaikh Khalid Bin Saud Bin Saqr Alqasimi,الشيخ خالد بن سعود بن صقر القاسمي,Board Member,Board,11
RAKCEC,RAK Ceramics PJSC,Abdulla Rashed Jasem Alabdouli,عبدالله راشد جاسم العبدولي,Board Member,Board,11
RAKCEC,RAK Ceramics PJSC,Shikra Management LLC,شيكرا للادارة ذ.م.م,Company,Unclassified,18
RAKCEC,RAK Ceramics PJSC,الراجحي شركاء ذ.م.م,الراجحي شركاء ذ.م.م,Company,Unclassified,18
RAKCEC,RAK Ceramics PJSC,شركة فالكون للاستثمار ش .ذ.م.م,شركة فالكون للاستثمار ش .ذ.م.م,Company,Unclassified,18
RAKPROP,RAK Properties,Abdul Aziz Abdullah Al Zaabi,عبدالعزيز عبدالله الزعابي,Chairman,Board,1
RAKPROP,RAK Properties,Muhammad Ali Abdullah Musabah Al Nuaimi,محمد علي عبدالله مصبح النعيمي,Vice Chairman,Board,2
RAKPROP,RAK Properties,Sameh H M AlMuhtadi,سامح حلمي محي الدين المهتدي,CE/ CEO,Management,5
RAKPROP,RAK Properties,Mohammed Abdul Razzaq Ahmad A. Al Tair,محمد عبدالرزاق أحمد الطير 	,Top Management,Management,10
RAKPROP,RAK Properties,Omar Husain Al Ali ,عمر  حسين العلي,Top Management,Management,10
RAKPROP,RAK Properties,Ziad Anwar Hanna Hinnawi,زياد أنور حنا حناوي,Top Management,Management,10
RAKPROP,RAK Properties,Rahul pravin Kumar Jogani,راهول برافين كومار جوجاني,Top Management,Management,10
RAKPROP,RAK Properties,Fayez Khouri,فائز خوري,Top Management,Management,10
RAKPROP,RAK Properties,Shadi H T Al Azzeh,شادي هشام طلب العزه,Top Management,Management,10
RAKPROP,RAK Properties,Sheikh Ahmed Omar Al Qassimi,الشيخ أحمد عمرعبدالله القاسمي,Board Member,Board,11
RAKPROP,RAK Properties,Yasser Abdulla Al Ahmad,ياسر عبدالله الأحمد,Board Member,Board,11
RAKPROP,RAK Properties,Mohamed Ghobash Al Marri,محمد غباش المري,Board Member,Board,11
RAKPROP,RAK Properties,Abdallah Al Abdooli,عبدالله العبدولي,Board Member,Board,11
RAKPROP,RAK Properties,Moza Mohammed Majid Salem Al Zaabi,موزة محمد ماجد سالم الزعابي,Board Member,Board,11
RAKPROP,RAK Properties,ماجد عبدالله ناصر المردعي,ماجد عبدالله ناصر المردعي,Board Secretary,Unclassified,12
RAKPROP,RAK Properties,Abdallah Shukri Ahmad Alakhdar,عبدالله شكري أحمد الأخضر,Others,Unclassified,19
RAKPROP,RAK Properties,Sema Ahmad Maher Sarmini, سمه أحمد سارميني,Others,Unclassified,19
RAKPROP,RAK Properties,Shareef M A Al Sheikh Yousuf,شريف محمد على الشيخ يوسف,Others,Unclassified,19
RAKPROP,RAK Properties,Haleimah Mohamed Khalfan Rabei Aldhanhani,حليمة محمد خلفان ربيع الظنحاني,Others,Unclassified,19
RAKPROP,RAK Properties,John Euligeus Lawrence  Lawrence,جون اوليجوس لاورينس لاورينس ,Others,Unclassified,19
RAKPROP,RAK Properties,Shaikha Rubaiya Saeed Rashed Alsuwaidi,شيخة ربيع سعيد راشد السويدي,Others,Unclassified,19
RAKPROP,RAK Properties,Andrew Owen Pugh,آندرو اوين يوغ,Others,Unclassified,19
RAKPROP,RAK Properties,Duaa Masoud Al Mahri,دعاء مسعود المهري,Others,Unclassified,19
RAKPROP,RAK Properties,Binu Abraham Varghese,بينو ابراهام فارجيسى,Others,Unclassified,19
RAKPROP,RAK Properties,RAK Properties,رأس الخيمة العقارية,Company,Unclassified,
RPM,Response Plus Holding PrJSC,Omran Mohammed Saleh Mahmood Husain Alkhoori,عمران محمد صالح محمود حسين الخوري,Chairman,Board,1
RPM,Response Plus Holding PrJSC,Mohamed Monir Mohamed Yaqoub Hayat Khan,محمد منير محمد يعقوب حيات خان,Vice Chairman,Board,2
RPM,Response Plus Holding PrJSC,Dr. Rohil Raghavan Kallayil Raman Raghavan,د. روهيل راغافان كالايل رامان راغافان ,CE/ CEO,Management,5
RPM,Response Plus Holding PrJSC,Sheikh Muhammad Salmaan Ali,شيخ محمد سلمان علي,Chief Financial Controller,Unclassified,9
RPM,Response Plus Holding PrJSC,Baneesh Valia Pediyekal,بانيش فاليا بيديكال,Top Management,Management,10
RPM,Response Plus Holding PrJSC,Hari Mohan Haritas,هاري موهان هاريتاس,Board Member,Board,11
RPM,Response Plus Holding PrJSC,Dr. Shamsheer Vayalil Parambath Pokkinari Hashim,د. شامشير فاياليل بارامبات بوكينار هاشم,Board Member,Board,11
RPM,Response Plus Holding PrJSC,Kashif Shamsi Ashraf Azharuddin Shamsi ,كاشف شمسي أشرف أزهر الدين شمسي,Board Member,Board,11
RPM,Response Plus Holding PrJSC,Amit Kumar Bhatnotra Kishore Kumar,اميت ومار اتنوترا ك شور,Board Secretary,Unclassified,12
SAUDIA,Lunate S&P KSA Shariah ETF,Sherif Salem,شريف سالم,Board Member,Board,11
SAUDIA,Lunate S&P KSA Shariah ETF,N/A,N/A,Others,Unclassified,19
SAUDIA,Lunate S&P KSA Shariah ETF,N/A,N/A,Others,Unclassified,19
SCIDC,Sharjah Cement and Industrial Development Co.,Othman Mohamedsharif Abdalla Zaman,عثمان محمد شريف عبد الله زمان,Chairman,Board,1
SCIDC,Sharjah Cement and Industrial Development Co.,Saeed Abdulla Juma Al Mutawa,سعيد عبدالله جمعة المطوع,Vice Chairman,Board,2
SCIDC,Sharjah Cement and Industrial Development Co.,Pravinchandra Batavia,برافين شندرا بتافيا,General Manager,Management,8
SCIDC,Sharjah Cement and Industrial Development Co.,Jitender Pal Verma,جيتندر بال فيرما,Top Management,Management,10
SCIDC,Sharjah Cement and Industrial Development Co.,Mr. Nawaf Abdullah Mahmood Al-Refaie,نواف عبد الله محمود الرفاعي,Board Member,Board,11
SCIDC,Sharjah Cement and Industrial Development Co.,Mohamed Ahmed Omar Salem Alkarbi,محمد أحمد عمر سالم الكربي,Board Member,Board,11
SCIDC,Sharjah Cement and Industrial Development Co.,Rashid Abdalla Mohamed Ali Burehaima,راشد عبدالله محمد علي بورحيمة,Board Member,Board,11
SCIDC,Sharjah Cement and Industrial Development Co.,Omar Ibrahim Abdalla Ahmed AlMulla,عمر ابراهيم عبدالله احمد الملا,Board Member,Board,11
SCIDC,Sharjah Cement and Industrial Development Co.,H.E. Abdul Rahman Mohamed Nassir Al Owais,معالي/ عبدالرحمن محمد ناصر العويس,Board Member,Board,11
SCIDC,Sharjah Cement and Industrial Development Co.,GHAYA KHALID MOHAMED ABDALLA AL KHAYYAL,غاية خالد محمد عبدالله الخيال,Board Member,Board,11
SCIDC,Sharjah Cement and Industrial Development Co.,MOHAMED OBAID RASHID OBAID ALSHAMSI,محمد عبيد راشد عبيد الشامسي,Board Member,Board,11
SCIDC,Sharjah Cement and Industrial Development Co.,ALAMELDIN GAAFAR MOHAMED ALI MALIK,علم الدين جعفر محمد علي مالك,Board Secretary,Unclassified,12
SCIDC,Sharjah Cement and Industrial Development Co.,POULOSE RIJAN KOONAN,باولوس ريجان كونان,Others,Unclassified,19
SIB,Sharjah Islamic Bank,H.E ABDELRAHMAN MOHAMED NASSIR SALEM ALOWAIS,معالي عبدالرحمن محمد ناصر سالم العويس  ,Chairman,Board,1
SIB,Sharjah Islamic Bank,OTHMAN MOHAMED SHARIF ABDALLA ZAMAN,عثمان محمد شريف عبد الله زمان,Vice Chairman,Board,2
SIB,Sharjah Islamic Bank,Mohamed Ahmed Abdalla Mohamed,محمد أحمد عبدالله محمد ,CE/ CEO,Management,5
SIB,Sharjah Islamic Bank,Mohammed Albahi,محمد الباهي,Chief Financial Controller,Unclassified,9
SIB,Sharjah Islamic Bank,NABIL GHASSAN ABOU ALWAN,نبيل غسان ابو علوان,Top Management,Management,10
SIB,Sharjah Islamic Bank,Mohammad Rizwan,محمد رضوان,Top Management,Management,10
SIB,Sharjah Islamic Bank,Saeed Mohamed Abdallah Ahmed AL Amiri,سعيد محمد عبدالله احمد الأميري,Top Management,Management,10
SIB,Sharjah Islamic Bank,Rahma Mohammed Rahma Humaid AlShamsi,رحمه محمد رحمه حميد الشامسي ,Top Management,Management,10
SIB,Sharjah Islamic Bank,HAKAM ABU ZAROUR,حاكم ابو زعرور,Top Management,Management,10
SIB,Sharjah Islamic Bank,SRIRAM VENKITA SUBRAMANYAM RAMAYYAR VENKITA,سرى رام فينكيتا سوبرامانيام رامايار فينيتا سوبرامنى,Top Management,Management,10
SIB,Sharjah Islamic Bank,MOHAMMED ANISUR RAHMAN KHAN,محمد انيس الرحمن خان,Top Management,Management,10
SIB,Sharjah Islamic Bank,SUMIT MALIK PREM KUMAR MALIK,سميت مالك بريم كومار مالك,Top Management,Management,10
SIB,Sharjah Islamic Bank,AHMED SAAD AHMED IBRAHIM,أحمد سعد أحمد ابراهيم,Top Management,Management,10
SIB,Sharjah Islamic Bank,ALI  SALIM  ALI SALIM Al MAZROUA,علي سالم علي سالم المزروع  ,Board Member,Board,11
SIB,Sharjah Islamic Bank,JASIM MOHAMED ABDALLA AHMED ALKHAYAL,جاسم محمد عبد الله احمد الخيال,Board Member,Board,11
SIB,Sharjah Islamic Bank,KHAWLA ABDELRAHMAN HASSAN ALMULLA  ALSAABRI,  خولة عبد الرحمن حسن الملا الصابري,Board Member,Board,11
SIB,Sharjah Islamic Bank,H.E Dr ABDALLA MOHAMED OBAID BELHAIF ALNUAIMI,معالي الدكتور عبد الله محمد عبيد بلحيف النعيمي,Board Member,Board,11
SIB,Sharjah Islamic Bank,SALAH BUTTI OBAID BINBUTTI ALMHEIRI,صلاح بطي عبيد بن بطي المهيري,Board Member,Board,11
SIB,Sharjah Islamic Bank,EISA SAIF AHMED HANDHAL ALTAMIMI,عيسى سيف احمد حنظل التميمى,Board Member,Board,11
SIB,Sharjah Islamic Bank,NOURA MOHAMED IBRAHIM ALMAYYAHI ALNUAIMI,نوره محمد ابراهيم المياحى النعيمى,Board Member,Board,11
SIB,Sharjah Islamic Bank,Mohammed Ibrahim Mohammed Abdulla, محمد إبراهيم محمد عبدالله,Board Secretary,Unclassified,12
SIB,Sharjah Islamic Bank,ALSHARIF INV.TR GROUP.LLC,مجموعة الشريف الاستثمارية التجارية ذ.م.م,Company,Unclassified,18
SIB,Sharjah Islamic Bank,Athari Khalid Ali Salem Al Ali,عذاري خالد علي سالم آل علي,Others,Unclassified,19
SIB,Sharjah Islamic Bank,KHALAF ABDALLAH KHALAF ABDALLAH,خلف عبدالله خلف عبدالله,Others,Unclassified,19
SIB,Sharjah Islamic Bank,ERAMANGALATH MOHAMMED SAMEERA,ايرامانجالات محمد سميره,Others,Unclassified,19
SIB,Sharjah Islamic Bank,HASNA SAYED KADHEM HASAN MARHOON ALMOSAWI,حسناء السيد كاظم حسن مرهون الموسوى,Others,Unclassified,19
SIB,Sharjah Islamic Bank,Sharjah Islamic Bank,مصرف الشارقة الاسلامي,Company,Unclassified,
SPACE42,SPACE42 PLC,H.E. Mansoor Ibrahim Ahmed Saeed Almansoori ,معالى منصور ابراهيم احمد سعيد المنصورى ,Chairman,Board,1
SPACE42,SPACE42 PLC,Bakheet Saeed Bakheet Salem Alkatheeri,بخيت سعيد بخيت سالم الكثيري,Vice Chairman,Board,2
SPACE42,SPACE42 PLC,Dr. Bakheet Al Katheeri,الدكتور  بخيت الكثيري,Vice Chairman,Board,2
SPACE42,SPACE42 PLC,Hasan Ahmed Rashed Ali Alhosani,حسن احمد راشد علي الحوسني,CE/ CEO,Management,5
SPACE42,SPACE42 PLC,Ali Hashem Sayed Sharif Sayed Khalil AlHashemi,علي هاشم سيد شريف خليل الهاشمي,CE/ CEO,Management,5
SPACE42,SPACE42 PLC,KARIM MICHEL SABBAGH,كريم ميشال صباغ,Managing Director,Board,7
SPACE42,SPACE42 PLC,Andrew Francis Cole,اندرو فرانسس كول,Top Management,Management,10
SPACE42,SPACE42 PLC,Abdulla Saeed Abdulla Rashed Alshamsi,عبدالله سعيد عبدالله راشد الشامسي,Top Management,Management,10
SPACE42,SPACE42 PLC,Andrew Clark Hodgman,اندريو كلاك هودجمان ,Top Management,Management,10
SPACE42,SPACE42 PLC,Christian Rasch Andersen,كريستيان راش انديرسين ,Top Management,Management,10
SPACE42,SPACE42 PLC,MAYMEE KURIAN,مايمى كوريان,Top Management,Management,10
SPACE42,SPACE42 PLC,Sulaiman Yousif Mohamed Ismail Al Ali,سليمان يوسف محمد اسماعيل ال علي,Top Management,Management,10
SPACE42,SPACE42 PLC,H.E. Tareq Abdulraheem Ahmed Rashed Al Hosani,سعادة طارق عبد الرحيم أحمد راشد الحوسنى,Board Member,Board,11
SPACE42,SPACE42 PLC,H.E. Maryam Eid Khamis AlMheiri,سعادة مريم عيد خميس المهيري,Board Member,Board,11
SPACE42,SPACE42 PLC,Ismail Ali Mohammad Sulaiman Abdulla,اسماعيل علي محمد سليمان عبدالله,Board Member,Board,11
SPACE42,SPACE42 PLC,Ismail Ali Mohammad Sulaiman Abdulla,إسماعيل علي محمد سليمان عبدالله,Board Member,Board,11
SPACE42,SPACE42 PLC,H.E. Maryam Eid Khamis AlMheiri,سعادة مريم عيد خميس المهيري,Board Member,Board,11
SPACE42,SPACE42 PLC,H.E. Tareq Abdul Raheem Al Hosani,سعادة طارق عبد الرحيم الحوسني,Board Member,Board,11
SPACE42,SPACE42 PLC,Bashar Adel Sulieman Alrosan ,بشار عادل سليمان الروسان,Board Member,Board,11
SPACE42,SPACE42 PLC,Stephen Harrigan Farmer,ستفان هاريجان فارمر,Board Secretary,Unclassified,12
SPACE42,SPACE42 PLC,Space42 PLC,سبيس42 ,Company,Unclassified,18
SPACE42,SPACE42 PLC,Muna Salem Musabbah Humaid Almheiri,منى سالم مصبح حميد المهيري,Others,Unclassified,19
SPACE42,SPACE42 PLC,Michel El Khoury,ميشال الياس الخوري,Others,Unclassified,19
SPACE42,SPACE42 PLC,Ahmed Almehrzi,احمد علي احمد علي المحرزي,Others,Unclassified,19
SPACE42,SPACE42 PLC,Abdulla Saleh Ebrahim Mohammed Almansoori,عبدالله صالح ابراهيم محمد المنصوري,Others,Unclassified,19
SPACE42,SPACE42 PLC,Yann Dominique Made,يان دومينيك مادى,Others,Unclassified,19
SPACE42,SPACE42 PLC,Vikas Jain,فكاس جاين,Others,Unclassified,19
SPACE42,SPACE42 PLC,Sapan Kumar Aggarwal,سابان كومار اجاروال,Others,Unclassified,19
SPACE42,SPACE42 PLC,Sandeep Sawhney,سانديب ساوني,Others,Unclassified,19
SPACE42,SPACE42 PLC,Ron Carlo Salovlno Yap,رون سارلو سالوفيلو ياب,Others,Unclassified,19
SPACE42,SPACE42 PLC,Rajat Kumar Rath,راجات كومار راث,Others,Unclassified,19
SPACE42,SPACE42 PLC,Muzammil Yasin,مزمل ياسين,Others,Unclassified,19
SPACE42,SPACE42 PLC,Mohamed Ali Abdulaziz Ali AlAli,محمد علي عبدالعزيز العلي,Others,Unclassified,19
SPACE42,SPACE42 PLC,Jassem Nasser,جاسم ناصر,Others,Unclassified,19
SPACE42,SPACE42 PLC,Gary Thomas Hodgson,جيري توماس هودجسون,Others,Unclassified,19
SPACE42,SPACE42 PLC,Elmuiz Abdelrahman Babiker Saad,المعز عبدالرحمن بابكر سعد,Others,Unclassified,19
SPACE42,SPACE42 PLC,Ali Hashem Sayed Sharif Sayed Khalil AlHashemi,علي هاشم سيد شريف خليل الهاشمي,Others,Unclassified,19
SPACE42,SPACE42 PLC,Adnan Awadh Ali Saeed Meshar Almheiri,عدنان عوض علي سعيد مسحار المهيري,Others,Unclassified,19
SPACE42,SPACE42 PLC,MARK CHALLENOR,مارك أوين تشانسلور,Others,Unclassified,19
SPACE42,SPACE42 PLC,Rahul Dalal,راهول دلال,Others,Unclassified,19
SPACE42,SPACE42 PLC,Mohamed Salem Rashed AlHantoobi,محمد سالم راشد الحنطوبي,Others,Unclassified,19
SPACE42,SPACE42 PLC,Kiril Evtimov,كيريل إيفتيموف,Others,Unclassified,19
SPACE42,SPACE42 PLC,Ibrahim Yousef Salim Mubaydeen,ابراهيم يوسف سليم مبيضين,Others,Unclassified,19
SPACE42,SPACE42 PLC,KRISTAPS ZELTINS,كريستابس زيلتينس,Others,Unclassified,19
SPACE42,SPACE42 PLC,ALI TALEB EL AMINE,على طالب الامين,Others,Unclassified,19
SPACE42,SPACE42 PLC,Rasheen Udamal Indrarathna,راشين أودامال إنداراثنا,Others,Unclassified,19
SPACE42,SPACE42 PLC,Lee Wittlinger,لي ويتلينغر,Others,Unclassified,19
SPACE42,SPACE42 PLC,Stuart Sim,ستيوارت سيم,Others,Unclassified,19
SPACE42,SPACE42 PLC,Joe Osnoss,جو أوسنوس,Others,Unclassified,19
SPACE42,SPACE42 PLC,Ignacio Lopez-Perea,إغناسيو لوبيز-بيريا,Others,Unclassified,19
SPACE42,SPACE42 PLC,Bennett Winther,بينيت وينثر,Others,Unclassified,19
SPACE42,SPACE42 PLC,Ryan Glasser,ريان غلاسر,Others,Unclassified,19
SPACE42,SPACE42 PLC,Emily Katz,إميلي كاتز,Others,Unclassified,19
SPACE42,SPACE42 PLC,Jess Whitman,جيس ويتمن,Others,Unclassified,19
SPACE42,SPACE42 PLC,Ahmed Khairat,أحمد خيرت,Others,Unclassified,19
SPACE42,SPACE42 PLC,Hussein Govani,حسين غوفاني,Others,Unclassified,19
SPACE42,SPACE42 PLC,Toufic Moukarzel,توفيق مكرزل,Others,Unclassified,19
SPACE42,SPACE42 PLC,SOPHIE LOUISE HELEN GERAERDTS,سوفى لويس هيلين جيرايردتس,Others,Unclassified,19
SPACE42,SPACE42 PLC,HIMANSHU MANILAL SAPARIA,هيمانشو مانيلال ساباريا,Others,Unclassified,19
SPACE42,SPACE42 PLC,Ignasi Ferrer Gomez,إجناتسي فيرير غوميز,Others,Unclassified,19
SPACE42,SPACE42 PLC,ARSHEYAN ALAM PARVEZ ALAM,ارشيان عالم برويز عالم,Others,Unclassified,19
SPACE42,SPACE42 PLC,Anastasia Shkurynska,أنستاسيا شكورينسكا,Others,Unclassified,19
SPACE42,SPACE42 PLC,SREELAKSHMI ACHUTHAN,سريلاكشمى اشوتان,Others,Unclassified,19
SPACE42,SPACE42 PLC,MD FAIYAZ ALAM,محمد فياض علم,Others,Unclassified,19
SPACE42,SPACE42 PLC,AMRITA REGINA SEBASTIAN,امريثا ريجينا سيباستيان,Others,Unclassified,19
SPACE42,SPACE42 PLC,MARCOS ALONSO DE QUADROS,ماركوس الونسو دى فوادروس,Others,Unclassified,19
SPACE42,SPACE42 PLC,SOPHIE LOUISE HELEN GERAERDTS,سوفى لويس هيلين جيرايردتس,Others,Unclassified,19
SPACE42,SPACE42 PLC,Attilla Szenvedi,أتيلا سينفيدي,Others,Unclassified,19
SPACE42,SPACE42 PLC,Tanya Roos,تانيا روس,Others,Unclassified,19
SPACE42,SPACE42 PLC,JONATHAN DAVID ANDREWS,جوناثان دافيد اندريسس,Others,Unclassified,19
SPACE42,SPACE42 PLC,LUBOMIR LUBOMIROV MITEV,لوبومير لوبوميروف ميتيف,Others,Unclassified,19
SPACE42,SPACE42 PLC,ULVIYYA HASANZADE,يولفيا هاسانزادى,Others,Unclassified,19
SUDATEL,Sudatel Telecommunications Group Company Limited,Ibrahim Gabir Ibrahim Karima,ابراهيم جابر ابراهيم كريمه,Chairman,Board,1
SUDATEL,Sudatel Telecommunications Group Company Limited,Hassan Osman Abdalla Sakouta,حسن عثمان عبدالله سكوته,Vice Chairman,Board,2
SUDATEL,Sudatel Telecommunications Group Company Limited,Magdi Mohamed Abdalla Taha,مجدي محمد عبدالله طه,CE/ CEO,Management,5
SUDATEL,Sudatel Telecommunications Group Company Limited,Gafar Salih Gafar Salih,جعفر صالح جعفر صالح,Top Management,Management,10
SUDATEL,Sudatel Telecommunications Group Company Limited,Ibrahim Mamoun Ibrahim Hassan,إبراهيم مأمون إبراهيم حسن,Top Management,Management,10
SUDATEL,Sudatel Telecommunications Group Company Limited,Osama Mohamedkhair Osman Elkhalifa,أسامة محمد خير عثمان الخليفة,Top Management,Management,10
SUDATEL,Sudatel Telecommunications Group Company Limited,Balbinder Ranbir Singh Panesar,بالبيندر رانبيرسين بانيسار   ,Top Management,Management,10
SUDATEL,Sudatel Telecommunications Group Company Limited,Hisham Mohamed Abushama Abdelmahmoud,هشام محمد ابوشامة عبدالمحمود,Top Management,Management,10
SUDATEL,Sudatel Telecommunications Group Company Limited,Taha Eltayib Ahmed Elimam,طه الطيب أحمد الامام,Board Member,Board,11
SUDATEL,Sudatel Telecommunications Group Company Limited,Mohammed Elfatih Hassan Osman,محمد الفاتح حسن عثمان,Board Member,Board,11
SUDATEL,Sudatel Telecommunications Group Company Limited,Ahmed Mahmoud Ahmed Abdelkawi,احمد محمود احمد عبدالقوي,Board Member,Board,11
SUDATEL,Sudatel Telecommunications Group Company Limited,El Gaily Al Taj Abu Shama Abdelmahmoud,الجيلى تاج الدين ابو شامة عبد المحمود,Board Member,Board,11
SUDATEL,Sudatel Telecommunications Group Company Limited,Badr Nasir Mohamed Alsuwaidan,بدر بن ناصر بن محمد السويدان,Board Member,Board,11
SUDATEL,Sudatel Telecommunications Group Company Limited,Amna Mirghani Hassan Eltoum,امنة ميرغني حسن التوم,Board Member,Board,11
SUDATEL,Sudatel Telecommunications Group Company Limited,Sally Mikhail Younan Mikhail,سالي ميخائيل يونان ميخائيل,Board Secretary,Unclassified,12
SUDATEL,Sudatel Telecommunications Group Company Limited,Mustafa Abdelmalik Mohamed Abdelrahman,مصطفى عبدالملك محمد عبدالرحمن,Others,Unclassified,19
SUKUK,Chimera Umbrella Fund - Chimera JP Morgan Global     Sukuk,NA,NA,Others,Unclassified,19
TKFL,Abu Dhabi National Takaful Co.,Khamis Mohamed Khamis Buharoon AlShamsi,خميس محمد خميس بوهارون الشامسي,Chairman,Board,1
TKFL,Abu Dhabi National Takaful Co.,Khalid Abdalla Khalifa Deemas Alsuwaidi,خالد عبدالله خليفه ديماس السويدي,Vice Chairman,Board,2
TKFL,Abu Dhabi National Takaful Co.,Osama Abdel-Raouf Omar Abdeen,أسامه عبدالرؤوف عمر عابدين,CE/ CEO,Management,5
TKFL,Abu Dhabi National Takaful Co.,Nazih Mohamad Dib Haidar,نزيه محمد ديب حيدر,Top Management,Management,10
TKFL,Abu Dhabi National Takaful Co.,Evan Zuhair Ibrahim Ramadan,ايفان زهير ابراهيم رمضان,Top Management,Management,10
TKFL,Abu Dhabi National Takaful Co.,Sainudeen Faizan Mohamed,زين الدين فيزان محمد,Top Management,Management,10
TKFL,Abu Dhabi National Takaful Co.,Bilal Mahmood Mahmood Siddiqi, بلال محمود محمود صديقي,Top Management,Management,10
TKFL,Abu Dhabi National Takaful Co.,Syed Abbas Ali Shah,سيد عباس علي شاه,Top Management,Management,10
TKFL,Abu Dhabi National Takaful Co.,Mohd Bashar A B Al Bakri,محمد بشار عبدالوهاب البكرى,Top Management,Management,10
TKFL,Abu Dhabi National Takaful Co.,Khalid Ali Ibrahim Jasem Almansoori,خالد علي ابراهيم جاسم المنصوري,Board Member,Board,11
TKFL,Abu Dhabi National Takaful Co.,Naser Mohamed Naser Almur Alzaabi,ناصر محمد ناصر المر الزعابى,Board Member,Board,11
TKFL,Abu Dhabi National Takaful Co.,Abdulla Zaid Mohamed Alhelali Alshehhi,عبدالله زيد محمد الهلالي الشحي,Board Member,Board,11
TKFL,Abu Dhabi National Takaful Co.,Aysha Ahmed Sultan Al Hallami,عائشه احمد سلطان الحلامى,Board Member,Board,11
TKFL,Abu Dhabi National Takaful Co.,Abdullatif Abdulla Ahmad Almulla,عبداللطيف عبدالله احمد الملا,Board Member,Board,11
TKFL,Abu Dhabi National Takaful Co.,Obaid Alhairi Salem Alketbi,عبيد الحيري سالم الكتبي,Board Member,Board,11
TKFL,Abu Dhabi National Takaful Co.,Bushrah Abdulla Ahmed Bibi Alshehhi,بشره عبدالله احمد بيبى الشحى,Board Member,Board,11
TKFL,Abu Dhabi National Takaful Co.,Abu Dhabi National Takaful Co.,شركة أبو ظبي الوطنية للتكافل,Company,Unclassified,
TURKI,Lunate S&P Turkey Shariah ETF,Sherif Salem,شريف سالم,Board Member,Board,11
TURKI,Lunate S&P Turkey Shariah ETF,N/A,N/A,Others,Unclassified,19
UAB,United Arab Bank,Mohammed Bin Faisal Bin Sultan Al Qassimi(Sheikh),الشيخ محمد بن فيصل بن سلطان القاسمي,Chairman,Board,1
UAB,United Arab Bank,Mr.Omar Hussain Al Fardan,السيد عمر حسين الفردان,Vice Chairman,Board,2
UAB,United Arab Bank,Shireesh Bhide,شيريش بهيدى,CE/ CEO,Management,5
UAB,United Arab Bank,Abdul Haleem Sheikh ,عبدالحليم شيخ ,Top Management,Management,10
UAB,United Arab Bank,Zsombor Brommer,زومبور برومير,Top Management,Management,10
UAB,United Arab Bank,Biju Nair,بيجوناير ,Top Management,Management,10
UAB,United Arab Bank,Bhaskar Sen,بهاسكار  سين,Top Management,Management,10
UAB,United Arab Bank,Nael Mourad,نائل مراد,Top Management,Management,10
UAB,United Arab Bank,Fadi Mudarres,فادي مودارس,Top Management,Management,10
UAB,United Arab Bank,Padmanabhan SV,بادمانابهان اس في ,Top Management,Management,10
UAB,United Arab Bank,Abdulla Al Taee,عبد الله الطائي ,Top Management,Management,10
UAB,United Arab Bank,Carla Ajaka,كارلا أجاكا,Top Management,Management,10
UAB,United Arab Bank,Hind Al Attar ,هند العطار ,Top Management,Management,10
UAB,United Arab Bank,Mr.Fahad AbdulRahman Badar,السيد فهد عبدالرحمن بادار,Board Member,Board,11
UAB,United Arab Bank,H.E.Najla Al Midfa,سعادة نجلاء أحمد المدفع,Board Member,Board,11
UAB,United Arab Bank,Mr.Ahmed Mohd Bakheet Khalfan,السيد أحمد محمد بخيت خلفان,Board Member,Board,11
UAB,United Arab Bank,Sheikh Abdullah Bin Ali Bin Jabor A Thani ,الشيخ عبدالله بن على بن جبر آل ثاني,Board Member,Board,11
UAB,United Arab Bank,Ms.Asma AlQaseer,السيدة أسماء القصير ,Board Member,Board,11
UAB,United Arab Bank,H.E.Dr.Mohamed Omar  Balfaqeeh ,سعادة الدكتور محمد عمر بلفقيه,Board Member,Board,11
UAB,United Arab Bank,Mr.Nureddin Sharif Mousa Sehweil,السيد نورالدين شريف موسى سحويل ,Board Member,Board,11
UAB,United Arab Bank,H.E khalid Eisa Al Shamsi ,سعادة خالد عيسى الشامسي,Board Member,Board,11
UAB,United Arab Bank,Mr.Stephen Moss,السيد ستيفن موس ,Board Member,Board,11
UAB,United Arab Bank,sereen Makahleh ,سيرين مكاحله ,Board Secretary,Unclassified,12
UAB,United Arab Bank,United Arab Bank,البنك العربي المتحد,Company,Unclassified,
UAEA,Lunate S&P UAE Shariah ETF,Syed Basar Shueb,سيد بصر شعيب,Chairman,Board,1
UAEA,Lunate S&P UAE Shariah ETF,Ahmed Mohamed Al Dehaim,أحمد محمد الدحيم,Others,Unclassified,19
UAEA,Lunate S&P UAE Shariah ETF,Majed Fuad Mohammed Odeh,ماجد فؤاد محمد عودة,Others,Unclassified,19
UAED,Lunate S&P UAE UCITS ETF,Sherif Salem,شريف سالم,Board Member,Board,11
UAED,Lunate S&P UAE UCITS ETF,N/A,N/A,Others,Unclassified,19
USVALUE,Lunate S&P US Shariah Value ETF,Sherif Salem,شريف سالم,Board Member,Board,11
USVALUE,Lunate S&P US Shariah Value ETF,N/A,N/A,Others,Unclassified,19
WAHA,Waha Capital Company,Waleed Ahmed Salem Al Mokkarab AlMuhairi,وليد أحمد سالم المقرب المهيري,Chairman,Board,1
WAHA,Waha Capital Company,;,سعادة/ وليد المقرب المهيري,Chairman,Board,1
WAHA,Waha Capital Company,AHMED ALI KHALFAN ALMUTAWA ALDHAHERI,احمد على خلفان المطوع الظاهرى,Vice Chairman,Board,2
WAHA,Waha Capital Company,Said Djebbar,سعيد جبار,Top Management,Management,10
WAHA,Waha Capital Company,Paul Luke Myers,باول لوكى ميرس,Top Management,Management,10
WAHA,Waha Capital Company,Khalid Meah,خالد مية,Top Management,Management,10
WAHA,Waha Capital Company,James Finucane,جيمس فينوكين,Top Management,Management,10
WAHA,Waha Capital Company,Mohamed Hussain Jasim Al Nowais,محمد حسين جاسم النويس,Top Management,Management,10
WAHA,Waha Capital Company,Mohamed Hussain Jasim Al Nowais,محمد حسين جاسم النويس,Board Member,Board,11
WAHA,Waha Capital Company,Rasheed Ali Rasheed Naser Al Omaira,رشيد علي رشيد ناصر العميرة,Board Member,Board,11
WAHA,Waha Capital Company,Nader AHmed Mohamed Ebrahim Alhammadi,نادر أحمد محمد إبراهيم الحمادي,Board Member,Board,11
WAHA,Waha Capital Company,Humaid Abdulla Ali Mohammed Al Shimmari,حميد عبدالله علي محمد الشمري,Board Member,Board,11
WAHA,Waha Capital Company,DARWISH ABDULLA DARWISH ALKETBI,درويش عبداللة درويش الكتبي,Board Member,Board,11
WAHA,Waha Capital Company,AHMAD BIN MOHAMMAD BIN AHMAD ALQASSIMI,احمد بن محمد بن احمد القاسمى,Board Member,Board,11
WAHA,Waha Capital Company,Sanaa Alketbi,صنعـى الكتبـي,Board Member,Board,11
WAHA,Waha Capital Company,Paul Luke Myers,باول لوكى ميرس,Board Secretary,Unclassified,12
WAHA,Waha Capital Company,Waha Capital,واحة كابيتال,Company,Unclassified,18
WAHA,Waha Capital Company,Ashley Jadwiga Krysiak,أشلي جادويقا كرزياك,Others,Unclassified,19
WAHA,Waha Capital Company,Natali Georges Samia,ناتالي جورج سميا,Others,Unclassified,19
WAHA,Waha Capital Company,اشراى تاندون راجيش تاندون,اشراى تاندون راجيش تاندون,Others,Unclassified,19
WAHA,Waha Capital Company,Yagiz Tandon,ياجيز تاندون,Others,Unclassified,19
WAHA,Waha Capital Company,Aankhi Goswami,انخي جوسوامي,Others,Unclassified,19
WAHA,Waha Capital Company,Hazem Saeed Ali Yousef Alnowais,حازم سعيد علي يوسف النويس,Others,Unclassified,19
WAHA,Waha Capital Company,Amira Khalid Javed,أميرة خالد جاويد,Others,Unclassified,19
WAHA,Waha Capital Company,Abdelilah El Hadfaoui,عبد الإله الحضفاوي,Others,Unclassified,19
WAHA,Waha Capital Company,ARTEM BOYKO,ارتيم بويكو,Others,Unclassified,19
WAHA,Waha Capital Company,Stephen David Laycock,ستيفن ديفيد لايكوك ,Others,Unclassified,19
WAHA,Waha Capital Company,ليلى محمد خليفه سعيد المهيرى,ليلى محمد خليفه سعيد المهيرى,Others,Unclassified,19
WAHA,Waha Capital Company,Shamma Nasser Alriyami,شماء ناصر الريامي,Others,Unclassified,19
