exchange,symbol,date,title,period,priorPeriod,revenueAED,expenseAED,netProfitAED,eps,cashAndEquivalentsAED,totalAssetsAED,totalLiabilitiesAED,totalEquityAED,balanceSheetReconciled,liabilitiesDerived,unitHint,balanceSheetReason,engPdfUrl
ADX,2POINTZERO,2026-07-30 00:00:00.0,"TWO POINT ZERO GROUP - P.J.S.C Financial Results for the Period Ended June 30,2026",Q2 2026,Q2 2025,21854000000,-15548000000,7729000000,0.206,11245000000,146821745,50918140,95903605,true,false,AED'000,,https://apigateway.adx.ae/adx/cdn/1.0/content/download/5229012
ADX,2POINTZERO,2026-05-04 00:00:00.0,"TWO POINT ZERO GROUP - P.J.S.C Financial Results for the Period Ended March 31,2026",Q1 2026,Q1 2025,9942000000,-6928000000,2285000000,0.056,7253000000,135400105,47029874,88370231,true,false,,,https://apigateway.adx.ae/adx/cdn/1.0/content/download/4860205
ADX,2POINTZERO,2026-02-06 00:00:00.0,"TWO POINT ZERO GROUP - P.J.S.C Financial Results for the Period Ended December 31,2025",2025,2024,7004000000,-3548000000,3628000000,0.246,7220000000,133668546,39023968,94644578,false,true,,,https://apigateway.adx.ae/adx/cdn/1.0/content/download/4686232
ADX,2POINTZERO,2025-10-29 00:00:00.0,"Multiply Group PJSC Financial Results for the Period Ended September 30,2025",Q3 2025,Q3 2024,2241000000,-2304000000,2691000000,0.24,1999000000,53254951,19377430,33877521,true,false,,,https://apigateway.adx.ae/adx/cdn/1.0/content/download/4577137
ADX,ABNIC,2026-08-14 00:00:00.0,"Al Buhaira National Insurance Company Financial Results for the Period Ended June 30,2026",Q2 2026,Q2 2025,873357000,-647314000,77235000,30.89,57983000,,,,,,,no-reconciling-total-assets-liabilities-equity,https://apigateway.adx.ae/adx/cdn/1.0/content/download/5268915
ADX,ABNIC,2026-05-14 00:00:00.0,"Al Buhaira National Insurance Company Financial Results for the Period Ended March 31,2026",Q1 2026,Q1 2025,431541000,-311234000,30969000,12.39,61839000,,,,,,,no-reconciling-total-assets-liabilities-equity,https://apigateway.adx.ae/adx/cdn/1.0/content/download/4908488
ADX,ABNIC,2026-03-31 00:00:00.0,"Al Buhaira National Insurance Company Financial Results for the Period Ended December 31,2025",2025,2024,1646000000,-1397000000,6000000,2.27,108000000,,,,,,,no-reconciling-total-assets-liabilities-equity,https://apigateway.adx.ae/adx/cdn/1.0/content/download/4797890
ADX,ABNIC,2025-11-13 00:00:00.0,"Al Buhaira National Insurance Company Financial Results for the Period Ended September 30,2025",Q3 2025,Q3 2024,1238000000,-1099000000,58000000,23.037,97000000,,,,,,,no-reconciling-total-assets-liabilities-equity,https://apigateway.adx.ae/adx/cdn/1.0/content/download/4597462
ADX,ADAVIATION,2026-08-06 00:00:00.0,"Abu Dhabi Aviation Co. Financial Results for the Period Ended June 30,2026",Q2 2026,Q2 2025,4662000000,-3987000000,421000000,0.29,1813000000,16141287,7261125,8880162,false,true,AED'000,,https://apigateway.adx.ae/adx/cdn/1.0/content/download/5241433
ADX,ADAVIATION,2026-05-12 00:00:00.0,"Abu Dhabi Aviation Co. Financial Results for the Period Ended March 31,2026",Q1 2026,Q1 2025,2007000000,-1681000000,124000000,0.07,1992000000,,,,,,,no-reconciling-total-assets-liabilities-equity,https://apigateway.adx.ae/adx/cdn/1.0/content/download/4899888
ADX,ADAVIATION,2026-02-11 00:00:00.0,"Abu Dhabi Aviation Co. Financial Results for the Period Ended December 31,2025",2025,2024,7819000000,-6407000000,1066000000,0.785,3006000000,16077776,7037983,9039793,false,true,,,https://apigateway.adx.ae/adx/cdn/1.0/content/download/4695327
ADX,ADAVIATION,2025-11-13 00:00:00.0,"Abu Dhabi Aviation Co. Financial Results for the Period Ended September 30,2025",Q3 2025,Q3 2024,5547000000,-4564000000,698000000,0.516,2117000000,15478044,6792879,8685165,true,false,AED'000,,https://apigateway.adx.ae/adx/cdn/1.0/content/download/4599034
ADX,ADCB,2026-07-23 00:00:00.0,"Abu Dhabi Commercial Bank Financial Results for the Period Ended June 30,2026",Q2 2026,Q2 2025,22022000000,-14415000000,6737000000,0.82,72514000000,833184,743930,89254,true,false,,,https://apigateway.adx.ae/adx/cdn/1.0/content/download/5211994
ADX,ADCB,2026-04-23 00:00:00.0,"Abu Dhabi Commercial Bank Financial Results for the Period Ended March 31,2026",Q1 2026,Q1 2025,10746000000,-6965000000,3361000000,0.4,95033000000,808857,723083,85774,true,false,,,https://apigateway.adx.ae/adx/cdn/1.0/content/download/4839656
ADX,ADCB,2026-01-29 00:00:00.0,"Abu Dhabi Commercial Bank Financial Results for the Period Ended December 31,2025",2025,2024,42618000000,-29784000000,11445000000,1.45,75566000000,773654,684913,88741,true,false,,,https://apigateway.adx.ae/adx/cdn/1.0/content/download/4676640
ADX,ADCB,2025-10-27 00:00:00.0,"Abu Dhabi Commercial Bank Financial Results for the Period Ended September 30,2025",Q3 2025,Q3 2024,31813000000,-22716000000,8103999999.999999,1.04,66694999999.99999,,,,,,,no-reconciling-total-assets-liabilities-equity,https://apigateway.adx.ae/adx/cdn/1.0/content/download/4572977
ADX,ADIB,2025-10-22 00:00:00.0,"Abu Dhabi Islamic Bank Financial Results for the Period Ended September 30,2025",Q3 2025,Q3 2024,13207000000,-3096000000,5316000000,1.307,18555000000,,,,,,,no-reconciling-total-assets-liabilities-equity,https://apigateway.adx.ae/adx/cdn/1.0/content/download/4567270
ADX,ADNH,2026-07-23 00:00:00.0,"Abu Dhabi National Hotels Co. Financial Results for the Period Ended June 30,2026",Q2 2026,Q2 2025,1546000000,-1317000000,102000000,0,685000000,,,,,,,no-reconciling-total-assets-liabilities-equity,https://apigateway.adx.ae/adx/cdn/1.0/content/download/5211831
ADX,ADNH,2026-04-20 00:00:00.0,"Abu Dhabi National Hotels Co. Financial Results for the Period Ended March 31,2026",Q1 2026,Q1 2025,863300000,-688277000,108321000,0.008,611324000,,,,,,,no-reconciling-total-assets-liabilities-equity,https://apigateway.adx.ae/adx/cdn/1.0/content/download/4837843
ADX,ADNH,2026-02-13 00:00:00.0,"Abu Dhabi National Hotels Co. Financial Results for the Period Ended December 31,2025",2025,2024,3486000000,-2637000000,1146000000,0.09,1096000000,,,,,,,no-reconciling-total-assets-liabilities-equity,https://apigateway.adx.ae/adx/cdn/1.0/content/download/4699612
ADX,ADNH,2025-11-13 00:00:00.0,"Abu Dhabi National Hotels Co. Financial Results for the Period Ended September 30,2025",Q3 2025,Q3 2024,2444000000,-1908000000,348000000,0.024,407000000,,,,,,,no-reconciling-total-assets-liabilities-equity,https://apigateway.adx.ae/adx/cdn/1.0/content/download/4599696
ADX,ADNHC,2026-07-17 00:00:00.0,"A D N H Catering plc Financial Results for the Period Ended June 30,2026",Q2 2026,Q2 2025,921515000,-805012000,60399000,0.026,174140000,,,,,,,no-reconciling-total-assets-liabilities-equity,https://apigateway.adx.ae/adx/cdn/1.0/content/download/5192988
ADX,ADNHC,2026-04-17 00:00:00.0,"A D N H Catering plc Financial Results for the Period Ended March 31,2026",Q1 2026,Q1 2025,464401000,-405071000,31382000,0.014,108851000,,,,,,,no-reconciling-total-assets-liabilities-equity,https://apigateway.adx.ae/adx/cdn/1.0/content/download/4831419
ADX,ADNHC,2026-02-06 00:00:00.0,"A D N H Catering plc Financial Results for the Period Ended December 31,2025",2025,2024,1743000000,-1449000000,176000000,0.078,162000000,,,,,,,no-reconciling-total-assets-liabilities-equity,https://apigateway.adx.ae/adx/cdn/1.0/content/download/4686027
ADX,ADNHC,2025-11-05 00:00:00.0,"A D N H Catering plc Financial Results for the Period Ended September 30,2025",Q3 2025,Q3 2024,1265000000,-1048000000,124000000,0.056,112000000,,,,,,,no-reconciling-total-assets-liabilities-equity,https://apigateway.adx.ae/adx/cdn/1.0/content/download/4594448
ADX,ADNIC,2026-08-12 00:00:00.0,"Abu Dhabi National Insurance Company Financial Results for the Period Ended June 30,2026",Q2 2026,Q2 2025,4088000000,-4647000000,201000000,0.37,520000000,12968244,9303392,3664852,true,false,,,https://apigateway.adx.ae/adx/cdn/1.0/content/download/5256799
ADX,ADNIC,2026-05-14 00:00:00.0,"Abu Dhabi National Insurance Company Financial Results for the Period Ended March 31,2026",Q1 2026,Q1 2025,1888000000,-1965000000,88000000,0.17,348000000,10542106,7020714,3521392,true,false,,,https://apigateway.adx.ae/adx/cdn/1.0/content/download/4908931
ADX,ADNIC,2026-02-10 00:00:00.0,"Abu Dhabi National Insurance Company Financial Results for the Period Ended December 31,2025",2025,2024,8254000000,-4523000000,480000000,0.83,653000000,10441671,6703990,3737681,true,false,,,https://apigateway.adx.ae/adx/cdn/1.0/content/download/4733709
ADX,ADNIC,2025-11-11 00:00:00.0,"Abu Dhabi National Insurance Company Financial Results for the Period Ended September 30,2025",Q3 2025,Q3 2024,6087000000,-3267000000,355000000,0.61,375000000,10616214,7004957,3611257,true,false,,,https://apigateway.adx.ae/adx/cdn/1.0/content/download/4594663
ADX,ADNOCDIST,2026-08-05 00:00:00.0,"Abu Dhabi National Oil Company For Distribution Financial Results for the Period Ended June 30,2026",Q2 2026,Q2 2025,22035000000,-17783000000,2128000000,0.167,2191000000,20353199,16781533,3571666,true,false,AED'000,,https://apigateway.adx.ae/adx/cdn/1.0/content/download/5238692
ADX,ADNOCDIST,2026-05-13 00:00:00.0,"Abu Dhabi National Oil Company For Distribution Financial Results for the Period Ended March 31,2026",Q1 2026,Q1 2025,8834000000,-7010000000,786000000,0.062,2379000000,18179869,15312379,2867490,true,false,AED'000,,https://apigateway.adx.ae/adx/cdn/1.0/content/download/4906238
ADX,ADNOCDIST,2026-02-03 00:00:00.0,"Abu Dhabi National Oil Company For Distribution Financial Results for the Period Ended December 31,2025",2025,2024,35897000000,-28951000000,2851000000,0.224,2361000000,17675365,14214568,3460797,true,false,AED'000,,https://apigateway.adx.ae/adx/cdn/1.0/content/download/4680117
ADX,ADNOCDIST,2025-10-31 00:00:00.0,"Abu Dhabi National Oil Company For Distribution Financial Results for the Period Ended September 30,2025",Q3 2025,Q3 2024,26437000000,-21342000000,2167000000,0.17,2951000000,18393643,15624981,2768662,true,false,AED'000,,https://apigateway.adx.ae/adx/cdn/1.0/content/download/4570668
ADX,ADNOCDRILL,2026-07-30 00:00:00.0,"ADNOC Drilling Company PJSC Financial Results for the Period Ended June 30,2026",Q2 2026,Q2 2025,2460000000,-1566000000,706000000,0.044,355000000,8601813,4314500,4287313,true,false,,,https://apigateway.adx.ae/adx/cdn/1.0/content/download/5225656
ADX,ADNOCDRILL,2026-05-11 00:00:00.0,"ADNOC Drilling Company PJSC Financial Results for the Period Ended March 31,2026",Q1 2026,Q1 2025,1228000000,-796000000,347000000,0.022,331000000,8408367,3964481,4443886,true,false,,,https://apigateway.adx.ae/adx/cdn/1.0/content/download/4892212
ADX,ADNOCDRILL,2026-02-12 00:00:00.0,"ADNOC Drilling Company PJSC Financial Results for the Period Ended December 31,2025",2025,2024,4903000000,-3106000000,1449000000,0.091,236000000,,,,,,,no-reconciling-total-assets-liabilities-equity,https://apigateway.adx.ae/adx/cdn/1.0/content/download/4695411
ADX,ADNOCDRILL,2025-10-28 00:00:00.0,"ADNOC Drilling Company PJSC Financial Results for the Period Ended September 30,2025",Q3 2025,Q3 2024,3626000000,-2300000000,1060000000,0.066,272000000,,,,,,,no-reconciling-total-assets-liabilities-equity,https://apigateway.adx.ae/adx/cdn/1.0/content/download/4574061
ADX,ADNOCGAS,2026-08-10 00:00:00.0,"ADNOC Gas plc Financial Results for the Period Ended June 30,2026",Q2 2026,Q2 2025,7146000000,-5769000000,1744000000,0.023,1485000000,31788750,7180826,24607924,true,false,,,https://apigateway.adx.ae/adx/cdn/1.0/content/download/5251658
ADX,ADNOCGAS,2026-05-12 00:00:00.0,"ADNOC Gas plc Financial Results for the Period Ended March 31,2026",Q1 2026,Q1 2025,4034000000,-3105000000,1079000000,0.014,4213000000,33385377,7606200,25779177,true,false,,,https://apigateway.adx.ae/adx/cdn/1.0/content/download/4901736
ADX,ADNOCGAS,2026-02-17 00:00:00.0,"ADNOC Gas plc Financial Results for the Period Ended December 31,2025",2025,2024,18509000000,-13948000000,5166000000,0.067,3702000000,,,,,,,no-reconciling-total-assets-liabilities-equity,https://apigateway.adx.ae/adx/cdn/1.0/content/download/4703731
ADX,ADNOCGAS,2025-11-13 00:00:00.0,"ADNOC Gas plc Financial Results for the Period Ended September 30,2025",Q3 2025,Q3 2024,14183000000,-10622000000,3993000000,0.052,3433000000,31153301,6711765,24441536,true,false,,,https://apigateway.adx.ae/adx/cdn/1.0/content/download/4597511
ADX,ADNOCLS,2026-08-11 00:00:00.0,"ADNOC Logistics & Services plc Financial Results for the Period Ended June 30,2026",Q2 2026,Q2 2025,3667000000,-2318000000,1173000000,0.15,543000000,10808133,2657251,8150882,true,false,,,https://apigateway.adx.ae/adx/cdn/1.0/content/download/5254960
ADX,ADNOCLS,2026-05-14 00:00:00.0,"ADNOC Logistics & Services plc Financial Results for the Period Ended March 31,2026",Q1 2026,Q1 2025,1083000000,-802000000,222000000,0.03,695000000,,,,,,,no-reconciling-total-assets-liabilities-equity,https://apigateway.adx.ae/adx/cdn/1.0/content/download/4910417
ADX,ADNOCLS,2026-02-11 00:00:00.0,"ADNOC Logistics & Services plc Financial Results for the Period Ended December 31,2025",2025,2024,5016000000,-3908000000,863000000,0.11,338000000,,,,,,,no-reconciling-total-assets-liabilities-equity,https://apigateway.adx.ae/adx/cdn/1.0/content/download/4695109
ADX,ADNOCLS,2025-11-11 00:00:00.0,"ADNOC Logistics & Services plc Financial Results for the Period Ended September 30,2025",Q3 2025,Q3 2024,3705000000,-2889000000,631000000,0.08,284000000,,,,,,,no-reconciling-total-assets-liabilities-equity,https://apigateway.adx.ae/adx/cdn/1.0/content/download/4594566
ADX,ADPORTS,2026-08-14 00:00:00.0,"Abu Dhabi Ports Company PJSC Financial Results for the Period Ended June 30,2026",Q2 2026,Q2 2025,12834000000,-9861000000,1489000000,0.22,2788000000,75781119,45715825,30065294,true,false,,,https://apigateway.adx.ae/adx/cdn/1.0/content/download/5266207
ADX,ADPORTS,2026-05-13 00:00:00.0,"Abu Dhabi Ports Company PJSC Financial Results for the Period Ended March 31,2026",Q1 2026,Q1 2025,5750000000,-4215000000,653000000,0.1,4559000000,73998466,43404009,30594457,true,false,,,https://apigateway.adx.ae/adx/cdn/1.0/content/download/4906252
ADX,ADPORTS,2026-03-05 00:00:00.0,"Abu Dhabi Ports Company PJSC Financial Results for the Period Ended December 31,2025",2025,2024,20765000000,-15136000000,2071000000.0000002,0.32,2712000000,69398222,39300613,30097609,true,false,,,https://apigateway.adx.ae/adx/cdn/1.0/content/download/4742559
ADX,ADPORTS,2025-11-14 00:00:00.0,"Abu Dhabi Ports Company PJSC Financial Results for the Period Ended September 30,2025",Q3 2025,Q3 2024,14811000000,-10873000000,1504000000,0.23,2178000000,68904710,39262116,29642594,true,false,,,https://apigateway.adx.ae/adx/cdn/1.0/content/download/4600382
ADX,ADSB,2026-08-12 00:00:00.0,"Abu Dhabi Ship Building Co. Financial Results for the Period Ended June 30,2026",Q2 2026,Q2 2025,665770000,-727273000,-96671000,-0.456,867311000,4300931,4117688,183243,true,false,,,https://apigateway.adx.ae/adx/cdn/1.0/content/download/5261162
ADX,ADSB,2026-05-14 00:00:00.0,"Abu Dhabi Ship Building Co. Financial Results for the Period Ended March 31,2026",Q1 2026,Q1 2025,426017000,-398353000,6345000,0.03,261189000.00000003,,,,,,,no-reconciling-total-assets-liabilities-equity,https://apigateway.adx.ae/adx/cdn/1.0/content/download/4913172
ADX,ADSB,2026-03-22 00:00:00.0,"Abu Dhabi Ship Building Co. Financial Results for the Period Ended December 31,2025",2025,2024,1408000000,-1389000000,30000000,0.14,287000000,,,,,,,no-reconciling-total-assets-liabilities-equity,https://apigateway.adx.ae/adx/cdn/1.0/content/download/4781322
ADX,ADSB,2025-11-14 00:00:00.0,"Abu Dhabi Ship Building Co. Financial Results for the Period Ended September 30,2025",Q3 2025,Q3 2024,820000000,-839000000,-10000000,-0.05,52000000,3066571,2786363,280208,true,false,,,https://apigateway.adx.ae/adx/cdn/1.0/content/download/4600747
ADX,AGILITY,2026-08-06 00:00:00.0,"Agility Global PLC Financial Results for the Period Ended June 30,2026",Q2 2026,Q2 2025,2922000000,-2768000000,97000000,0.73,563000000,,,,,,,no-reconciling-total-assets-liabilities-equity,https://apigateway.adx.ae/adx/cdn/1.0/content/download/5244855
ADX,AGILITY,2026-05-09 00:00:00.0,"Agility Global PLC Financial Results for the Period Ended March 31,2026",Q1 2026,Q1 2025,1410000000,-1258000000,40000000,0.26,597000000,,,,,,,no-reconciling-total-assets-liabilities-equity,https://apigateway.adx.ae/adx/cdn/1.0/content/download/4889734
ADX,AGILITY,2026-03-13 00:00:00.0,"Agility Global PLC Financial Results for the Period Ended December 31,2025",2025,2024,5073000000,-4447000000,305000000,2.45,590000000,3342400,2524524,806819,true,false,,,https://apigateway.adx.ae/adx/cdn/1.0/content/download/4892935
ADX,AGILITY,2025-11-11 00:00:00.0,"Agility Global PLC Financial Results for the Period Ended September 30,2025",Q3 2025,Q3 2024,3652000000,-3425000000,143000000,0.98,667000000,,,,,,,no-reconciling-total-assets-liabilities-equity,https://apigateway.adx.ae/adx/cdn/1.0/content/download/4594499
ADX,AGTHIA,2026-08-04 00:00:00.0,"AGTHIA Group Financial Results for the Period Ended June 30,2026",Q2 2026,Q2 2025,2602000000,-1805000000,121000000,0.135,800000000,6472844,3670709,2802135,true,false,AED'000,,https://apigateway.adx.ae/adx/cdn/1.0/content/download/5237962
ADX,AGTHIA,2026-05-12 00:00:00.0,"AGTHIA Group Financial Results for the Period Ended March 31,2026",Q1 2026,Q1 2025,1327000000,-908000000,97000000,0.111,373000000,,,,,,,scanned-image,https://apigateway.adx.ae/adx/cdn/1.0/content/download/4901785
ADX,AGTHIA,2026-03-03 00:00:00.0,"AGTHIA Group Financial Results for the Period Ended December 31,2025",2025,2024,4846000000,-4633000000,101000000,0.103,398000000,6313178,3525593,2787585,true,false,,,https://apigateway.adx.ae/adx/cdn/1.0/content/download/4734164
ADX,AGTHIA,2025-11-05 00:00:00.0,"AGTHIA Group Financial Results for the Period Ended September 30,2025",Q3 2025,Q3 2024,3560000000,-3435000000,53000000,0.05,243000000,,,,,,,scanned-image,https://apigateway.adx.ae/adx/cdn/1.0/content/download/4586929
ADX,ALAIN,2026-08-12 00:00:00.0,"Al Ain Alahlia Insurance Co. Financial Results for the Period Ended June 30,2026",Q2 2026,Q2 2025,547011000,-546212000,-9103000,-0.61,65107000,,,,,,,no-reconciling-total-assets-liabilities-equity,https://apigateway.adx.ae/adx/cdn/1.0/content/download/5256605
ADX,ALAIN,2026-05-14 00:00:00.0,"Al Ain Alahlia Insurance Co. Financial Results for the Period Ended March 31,2026",Q1 2026,Q1 2025,272260000,-16379000.000000002,8057000,0.54,64010000.00000001,,,,,,,no-reconciling-total-assets-liabilities-equity,https://apigateway.adx.ae/adx/cdn/1.0/content/download/4911587
ADX,ALAIN,2026-03-16 00:00:00.0,"Al Ain Alahlia Insurance Co. Financial Results for the Period Ended December 31,2025",2025,2024,1157000000,-685000000,28000000,1.85,57000000,,,,,,,no-reconciling-total-assets-liabilities-equity,https://apigateway.adx.ae/adx/cdn/1.0/content/download/4772777
ADX,ALAIN,2025-11-12 00:00:00.0,"Al Ain Alahlia Insurance Co. Financial Results for the Period Ended September 30,2025",Q3 2025,Q3 2024,874000000,-539000000,6000000,0.38,30000000,,,,,,,no-reconciling-total-assets-liabilities-equity,https://apigateway.adx.ae/adx/cdn/1.0/content/download/4597588
ADX,ALDAR,2026-07-29 00:00:00.0,"Aldar Properties PJSC Financial Results for the Period Ended June 30,2026",Q2 2026,Q2 2025,16843000000,-10595000000,4860000000,0.529,16831000000,125523772,73724703,51799069,true,false,AED'000,,https://apigateway.adx.ae/adx/cdn/1.0/content/download/5223228
ADX,ALDAR,2026-04-28 00:00:00.0,"Aldar Properties PJSC Financial Results for the Period Ended March 31,2026",Q1 2026,Q1 2025,8734000000,-5411000000,2291000000,0.254,13859000000,119685505,68972775,50712730,true,false,AED'000,,https://apigateway.adx.ae/adx/cdn/1.0/content/download/4847550
ADX,ALDAR,2026-02-09 00:00:00.0,"Aldar Properties PJSC Financial Results for the Period Ended December 31,2025",2025,2024,33817999999.999996,-22243000000,8834000000,0.955,14161000000,109574490,60822500,48751990,true,false,,,https://apigateway.adx.ae/adx/cdn/1.0/content/download/4692155
ADX,ALDAR,2025-10-28 00:00:00.0,"Aldar Properties PJSC Financial Results for the Period Ended September 30,2025",Q3 2025,Q3 2024,23553000000,-15459000000,5966000000,0.644,12299000000,102058064,56664089,45393975,true,false,AED'000,,https://apigateway.adx.ae/adx/cdn/1.0/content/download/4574559
ADX,ALEFEDT,2026-08-05 00:00:00.0,"Alef Education Holding plc Financial Results for the Period Ended June 30,2026",Q2 2026,Q2 2025,361561000,-111385000,236355000,3.38,644943000,,,,,,,no-reconciling-total-assets-liabilities-equity,https://apigateway.adx.ae/adx/cdn/1.0/content/download/5240413
ADX,ALEFEDT,2026-05-12 00:00:00.0,"Alef Education Holding plc Financial Results for the Period Ended March 31,2026",Q1 2026,Q1 2025,180757000,-56642000,118141000,1.69,675567000,1149993769,425501967,724491802,true,false,,,https://apigateway.adx.ae/adx/cdn/1.0/content/download/4901567
ADX,ALEFEDT,2026-02-11 00:00:00.0,"Alef Education Holding plc Financial Results for the Period Ended December 31,2025",2025,2024,769473000,-257666000,481082000,6.87,619512000,980509916,150187050,830322866,true,false,,,https://apigateway.adx.ae/adx/cdn/1.0/content/download/4695834
ADX,ALEFEDT,2025-10-29 00:00:00.0,"Alef Education Holding plc Financial Results for the Period Ended September 30,2025",Q3 2025,Q3 2024,572765000,-184321000,364707000,5.21,492815000,877355699,162540843,714814856,true,false,,,https://apigateway.adx.ae/adx/cdn/1.0/content/download/4578901
ADX,ALPHADATA,2026-08-04 00:00:00.0,"Alpha Data PJSC Financial Results for the Period Ended June 30,2026",Q2 2026,Q2 2025,1456000000,-1263000000,80000000,0.08,79000000,1283534761,964428979,319105782,true,false,,,https://apigateway.adx.ae/adx/cdn/1.0/content/download/5238145
ADX,ALPHADATA,2026-05-05 00:00:00.0,"Alpha Data PJSC Financial Results for the Period Ended March 31,2026",Q1 2026,Q1 2025,649839000,-558624000,35501000,0.04,68158000,1339441803,1004442770,334999033,true,false,,,https://apigateway.adx.ae/adx/cdn/1.0/content/download/4874778
ADX,ALPHADATA,2026-02-05 00:00:00.0,"Alpha Data PJSC Financial Results for the Period Ended December 31,2025",2025,2024,2487000000,-2144000000.0000002,143000000,0.14,101000000,1150772060,847792725,302979335,true,false,,,https://apigateway.adx.ae/adx/cdn/1.0/content/download/4685051
ADX,ALPHADATA,2025-11-05 00:00:00.0,"Alpha Data PJSC Financial Results for the Period Ended September 30,2025",Q3 2025,Q3 2024,1842000000,-1589000000,98000000,0.1,-48000000,,,,,,,no-reconciling-total-assets-liabilities-equity,https://apigateway.adx.ae/adx/cdn/1.0/content/download/4582003
ADX,ALPHADHABI,2026-08-03 00:00:00.0,"Alpha Dhabi Holding PJSC Financial Results for the Period Ended June 30,2026",Q2 2026,Q2 2025,37579000000,-28685000000,9790000000,0.65,28727000000,,,,,,,no-reconciling-total-assets-liabilities-equity,https://apigateway.adx.ae/adx/cdn/1.0/content/download/5233822
ADX,ALPHADHABI,2026-05-04 00:00:00.0,"Alpha Dhabi Holding PJSC Financial Results for the Period Ended March 31,2026",Q1 2026,Q1 2025,18792000000,-14637000000,3801000000,0.22,27246000000,,,,,,,no-reconciling-total-assets-liabilities-equity,https://apigateway.adx.ae/adx/cdn/1.0/content/download/4868808
ADX,ALPHADHABI,2026-02-10 00:00:00.0,"Alpha Dhabi Holding PJSC Financial Results for the Period Ended December 31,2025",2025,2024,78775000000,-59996000000,15032000000,0.79,25380000000,,,,,,,no-reconciling-total-assets-liabilities-equity,https://apigateway.adx.ae/adx/cdn/1.0/content/download/4691802
ADX,ALPHADHABI,2025-11-03 00:00:00.0,"Alpha Dhabi Holding PJSC Financial Results for the Period Ended September 30,2025",Q3 2025,Q3 2024,54940000000,-42304000000,10422000000,0.54,22049000000,,,,,,,no-reconciling-total-assets-liabilities-equity,https://apigateway.adx.ae/adx/cdn/1.0/content/download/4586289
ADX,AMR,2026-07-29 00:00:00.0,"Americana Restaurants International PLC Financial Results for the Period Ended June 30,2026",Q2 2026,Q2 2025,1365000000,-598000000,147000000,0.018,140000000,,,,,,,no-reconciling-total-assets-liabilities-equity,https://apigateway.adx.ae/adx/cdn/1.0/content/download/5223533
ADX,AMR,2026-04-28 00:00:00.0,"Americana Restaurants International PLC Financial Results for the Period Ended March 31,2026",Q1 2026,Q1 2025,649736000,-287985000,63050000,0.007,139485000,,,,,,,no-reconciling-total-assets-liabilities-equity,https://apigateway.adx.ae/adx/cdn/1.0/content/download/4851134
ADX,AMR,2026-02-08 00:00:00.0,"Americana Restaurants International PLC Financial Results for the Period Ended December 31,2025",2025,2024,2509000000,-1144000000,218000000,0.026,154000000,,,,,,,no-reconciling-total-assets-liabilities-equity,https://apigateway.adx.ae/adx/cdn/1.0/content/download/4691617
ADX,AMR,2025-10-30 00:00:00.0,"Americana Restaurants International PLC Financial Results for the Period Ended September 30,2025",Q3 2025,Q3 2024,1840000000,-852000000,135000000,0.016,71000000,,,,,,,no-reconciling-total-assets-liabilities-equity,https://apigateway.adx.ae/adx/cdn/1.0/content/download/4579824
ADX,ANAN,2026-08-13 00:00:00.0,"ANAN INVESTMENT HOLDING P.J.S.C Financial Results for the Period Ended June 30,2026",Q2 2026,Q2 2025,423949000,-268593000,33672000,0.015,199241000,,,,,,,no-reconciling-total-assets-liabilities-equity,https://apigateway.adx.ae/adx/cdn/1.0/content/download/5261043
ADX,ANAN,2026-03-31 00:00:00.0,"ANAN INVESTMENT HOLDING P.J.S.C Financial Results for the Period Ended December 31,2025",2025,2024,385835000,-298093000,47599000,0.021,288553000,,,,,,,scanned-image,https://apigateway.adx.ae/adx/cdn/1.0/content/download/4801847
ADX,APEX,2026-07-27 00:00:00.0,"APEX INVESTMENT P.S.C Financial Results for the Period Ended June 30,2026",Q2 2026,Q2 2025,421341000,-335393000,-26753000,-0.007,495703000,2396445801,379467278,2016978523,true,false,,,https://apigateway.adx.ae/adx/cdn/1.0/content/download/5221065
ADX,APEX,2026-04-28 00:00:00.0,"APEX INVESTMENT P.S.C Financial Results for the Period Ended March 31,2026",Q1 2026,Q1 2025,210706000,-167634000,-94625000,-0.027,488788000,,,,,,,no-reconciling-total-assets-liabilities-equity,https://apigateway.adx.ae/adx/cdn/1.0/content/download/4850262
ADX,APEX,2026-01-28 00:00:00.0,"APEX INVESTMENT P.S.C Financial Results for the Period Ended December 31,2025",2025,2024,865158000,-675774000,37999000,0.011,591075000,2573035849,528680775,2044355074,true,false,,,https://apigateway.adx.ae/adx/cdn/1.0/content/download/4672272
ADX,APEX,2025-10-27 00:00:00.0,"APEX INVESTMENT P.S.C Financial Results for the Period Ended September 30,2025",Q3 2025,Q3 2024,633020000,-497416000,54435000,0.015,603371000,,,,,,,scanned-image,https://apigateway.adx.ae/adx/cdn/1.0/content/download/4569490
ADX,ARAM,2026-08-10 00:00:00.0,"Aram Group Financial Results for the Period Ended June 30,2026",Q2 2026,Q2 2025,6590000,-4197000,849000,0.011,6313000,,,,,,,no-reconciling-total-assets-liabilities-equity,https://apigateway.adx.ae/adx/cdn/1.0/content/download/5254422
ADX,ARAM,2026-05-14 00:00:00.0,"Aram Group Financial Results for the Period Ended March 31,2026",Q1 2026,Q1 2025,3049000,-1631000,1147000,0.015,1788000,207518030,50550069,156967961,true,false,,,https://apigateway.adx.ae/adx/cdn/1.0/content/download/4915785
ADX,ARAM,2026-03-05 00:00:00.0,"Aram Group Financial Results for the Period Ended December 31,2025",2025,2024,21883000,-7478000,13175000,0.167,449000,,,,,,,no-reconciling-total-assets-liabilities-equity,https://apigateway.adx.ae/adx/cdn/1.0/content/download/4744727
ADX,ARAM,2025-11-13 00:00:00.0,"Aram Group Financial Results for the Period Ended September 30,2025",Q3 2025,Q3 2024,8639000,-5363000,3035000,0.038,2051000.0000000002,174109341,28364009,145745332,true,false,,,https://apigateway.adx.ae/adx/cdn/1.0/content/download/4598043
ADX,ASM,2026-07-28 00:00:00.0,"Al Seer Marine Supplies & Equipment Company P.J.S.C Financial Results for the Period Ended June 30,2026",Q2 2026,Q2 2025,578938000,-510509000,-233453000,-0.23,493882000,7830388,3931223,3899165,false,true,AED'000,,https://apigateway.adx.ae/adx/cdn/1.0/content/download/5223862
ADX,ASM,2026-01-29 00:00:00.0,"Al Seer Marine Supplies & Equipment Company P.J.S.C Financial Results for the Period Ended December 31,2025",2025,2024,1348000000,-1184000000,-293000000,-0.293,384000000,8028706,3903360,4125346,true,false,,,https://apigateway.adx.ae/adx/cdn/1.0/content/download/4815257
ADX,BILDCO,2026-08-12 00:00:00.0,"Abu Dhabi National Co. for Building Materials Financial Results for the Period Ended June 30,2026",Q2 2026,Q2 2025,34150000,-22207000,-95658000,-0.065,4910000,2430200535,323151033,2107049502,true,false,,,https://apigateway.adx.ae/adx/cdn/1.0/content/download/5260869
ADX,BILDCO,2026-05-12 00:00:00.0,"Abu Dhabi National Co. for Building Materials Financial Results for the Period Ended March 31,2026",Q1 2026,Q1 2025,16722999.999999998,-10937000,-103523000,-0.072,9997000,,,,,,,no-reconciling-total-assets-liabilities-equity,https://apigateway.adx.ae/adx/cdn/1.0/content/download/4903464
ADX,BILDCO,2026-02-23 00:00:00.0,"Abu Dhabi National Co. for Building Materials Financial Results for the Period Ended December 31,2025",2025,2024,46078000,-42007000,-26770000,-0.09,13336000,,,,,,,scanned-image,https://apigateway.adx.ae/adx/cdn/1.0/content/download/4708626
ADX,BILDCO,2025-11-14 00:00:00.0,"Abu Dhabi National Co. for Building Materials Financial Results for the Period Ended September 30,2025",Q3 2025,Q3 2024,33622000,-27740000,-20477000,-0.07,14949000,,,,,,,scanned-image,https://apigateway.adx.ae/adx/cdn/1.0/content/download/4600941
ADX,BOROUGE,2026-07-31 00:00:00.0,"Borouge PLC Financial Results for the Period Ended June 30,2026",Q2 2026,Q2 2025,2581000000,-1632000000,347000000,0.01,194000000,8595755,4847724,3748031,true,false,,,https://apigateway.adx.ae/adx/cdn/1.0/content/download/5228462
ADX,BOROUGE,2026-04-30 00:00:00.0,"Borouge PLC Financial Results for the Period Ended March 31,2026",Q1 2026,Q1 2025,1175000000,-766000000,156000000,0.01,686000000,8604100,4358496,4245604,true,false,,,https://apigateway.adx.ae/adx/cdn/1.0/content/download/4854002
ADX,BOROUGE,2026-02-04 00:00:00.0,"Borouge PLC Financial Results for the Period Ended December 31,2025",2025,2024,5848000000,-3566000000,1099000000,0.04,427000000,8489104,4373422,4115682,true,false,,,https://apigateway.adx.ae/adx/cdn/1.0/content/download/4680437
ADX,BOROUGE,2025-10-29 00:00:00.0,"Borouge PLC Financial Results for the Period Ended September 30,2025",Q3 2025,Q3 2024,4171999999.9999995,-2552000000,769000000,0.03,197000000,,,,,,,no-reconciling-total-assets-liabilities-equity,https://apigateway.adx.ae/adx/cdn/1.0/content/download/4576387
ADX,BOS,2026-07-16 00:00:00.0,"Bank of Sharjah Financial Results for the Period Ended June 30,2026",Q2 2026,Q2 2025,544688000,-150760000,361912000,0.121,209294000,53210427,48423907,4786520,true,false,,,https://apigateway.adx.ae/adx/cdn/1.0/content/download/5187390
ADX,BOS,2026-05-06 00:00:00.0,"Bank of Sharjah Financial Results for the Period Ended March 31,2026",Q1 2026,Q1 2025,663000000,-498000000,151000000,0.05,1423000000,54693696,49948267,4745429,true,false,,,https://apigateway.adx.ae/adx/cdn/1.0/content/download/4878057
ADX,BOS,2026-03-17 00:00:00.0,"Bank of Sharjah Financial Results for the Period Ended December 31,2025",2025,2024,2842000000,-2039000000,729000000,0.24,2702000000,48371413,43737270,4634143,true,false,,,https://apigateway.adx.ae/adx/cdn/1.0/content/download/4775801
ADX,BOS,2025-10-22 00:00:00.0,"Bank of Sharjah Financial Results for the Period Ended September 30,2025",Q3 2025,Q3 2024,1987000000,-1507000000,435000000,0.145,1889000000,,,,,,,no-reconciling-total-assets-liabilities-equity,https://apigateway.adx.ae/adx/cdn/1.0/content/download/4567371
ADX,BURJEEL,2025-11-03 00:00:00.0,"BURJEEL HOLDINGS PLC Financial Results for the Period Ended September 30,2025",Q3 2025,Q3 2024,4099000000,-3650000000,362000000,0.07,146000000,,,,,,,no-reconciling-total-assets-liabilities-equity,https://apigateway.adx.ae/adx/cdn/1.0/content/download/4586504
ADX,DANA,2026-08-07 00:00:00.0,"DANA GAS PJSC Financial Results for the Period Ended June 30,2026",Q2 2026,Q2 2025,224000000,-104000000,107000000,0.055,194000000,,,,,,,no-reconciling-total-assets-liabilities-equity,https://apigateway.adx.ae/adx/cdn/1.0/content/download/5245890
ADX,DANA,2026-05-14 00:00:00.0,"DANA GAS PJSC Financial Results for the Period Ended March 31,2026",Q1 2026,Q1 2025,145000000,-48000000,74000000,0.039,198000000,,,,,,,no-reconciling-total-assets-liabilities-equity,https://apigateway.adx.ae/adx/cdn/1.0/content/download/4910914
ADX,DANA,2026-03-12 00:00:00.0,"DANA GAS PJSC Financial Results for the Period Ended December 31,2025",2025,2024,348000000,-156000000,130000000,0.068,188000000,,,,,,,no-reconciling-total-assets-liabilities-equity,https://apigateway.adx.ae/adx/cdn/1.0/content/download/4759098
ADX,DANA,2025-11-07 00:00:00.0,"DANA GAS PJSC Financial Results for the Period Ended September 30,2025",Q3 2025,Q3 2024,255000000,-108000000,103000000,0.054,154000000,,,,,,,no-reconciling-total-assets-liabilities-equity,https://apigateway.adx.ae/adx/cdn/1.0/content/download/4589608
ADX,E7,2026-08-10 00:00:00.0,"E7 Group PJSC Financial Results for the Period Ended June 30,2026",Q2 2026,Q2 2025,358209000,-240001000,60976000,0.03,143389000,,,,,,,scanned-image,https://apigateway.adx.ae/adx/cdn/1.0/content/download/5253654
ADX,E7,2026-05-11 00:00:00.0,"E7 Group PJSC Financial Results for the Period Ended March 31,2026",Q1 2026,Q1 2025,169340000,-114085000,28058000,0.01,265075000,1539322,368457,1170865,true,false,,,https://apigateway.adx.ae/adx/cdn/1.0/content/download/4895732
ADX,E7,2026-03-26 00:00:00.0,"E7 Group PJSC Financial Results for the Period Ended December 31,2025",2025,2024,675645000,-456321000,104175000,0.05,373424000,1571174,428367,1142807,true,false,,,https://apigateway.adx.ae/adx/cdn/1.0/content/download/4789316
ADX,E7,2025-11-12 00:00:00.0,"E7 Group PJSC Financial Results for the Period Ended September 30,2025",Q3 2025,Q3 2024,465000000,-319000000,59000000,0.03,275000000,1528645,431279,1097366,true,false,,,https://apigateway.adx.ae/adx/cdn/1.0/content/download/4597664
ADX,EAND,2026-07-30 00:00:00.0,"Emirates Telecom. Group Company PJSC Financial Results for the Period Ended June 30,2026",Q2 2026,Q2 2025,38143000000,-25603000000,7007000000,0.69,8496000000,200866965,137306923,63560042,true,false,,,https://apigateway.adx.ae/adx/cdn/1.0/content/download/5226967
ADX,EAND,2026-04-28 00:00:00.0,"Emirates Telecom. Group Company PJSC Financial Results for the Period Ended March 31,2026",Q1 2026,Q1 2025,19417000000,-13497000000,3372000000,0.33,5949000000,207682452,147825320,59857132,true,false,,,https://apigateway.adx.ae/adx/cdn/1.0/content/download/4851116
ADX,EAND,2026-02-24 00:00:00.0,"Emirates Telecom. Group Company PJSC Financial Results for the Period Ended December 31,2025",2025,2024,72858000000,-50414000000,16155999999.999998,1.65,7106000000,,,,,,,no-reconciling-total-assets-liabilities-equity,https://apigateway.adx.ae/adx/cdn/1.0/content/download/4705300
ADX,EAND,2025-10-29 00:00:00.0,"Emirates Telecom. Group Company PJSC Financial Results for the Period Ended September 30,2025",Q3 2025,Q3 2024,53539000000,-36758000000,13183000000,1.36,7049000000,194055883,132606060,61449823,true,false,AED'000,,https://apigateway.adx.ae/adx/cdn/1.0/content/download/4577170
ADX,EASYLEASE,2026-07-23 00:00:00.0,"Easy Lease Motorcycle Rental PJSC Financial Results for the Period Ended June 30,2026",Q2 2026,Q2 2025,398441000,-286090000,44869000,1.31,82264000,1078951797,694592323,384359474,true,false,,,https://apigateway.adx.ae/adx/cdn/1.0/content/download/5211340
ADX,EASYLEASE,2026-04-29 00:00:00.0,"Easy Lease Motorcycle Rental PJSC Financial Results for the Period Ended March 31,2026",Q1 2026,Q1 2025,189724000,-134082000,20703000,0.59,87386000,1040122940,679929577,360193363,true,false,,,https://apigateway.adx.ae/adx/cdn/1.0/content/download/4853080
ADX,EASYLEASE,2026-01-27 00:00:00.0,"Easy Lease Motorcycle Rental PJSC Financial Results for the Period Ended December 31,2025",2025,2024,713168000,-515317000,90086000,2.35,76536000,997294762,661944281,335350481,true,false,,,https://apigateway.adx.ae/adx/cdn/1.0/content/download/4670580
ADX,EASYLEASE,2025-10-24 00:00:00.0,"Easy Lease Motorcycle Rental PJSC Financial Results for the Period Ended September 30,2025",Q3 2025,Q3 2024,516097999.99999994,-383455000,47722000,1.29,42425000,,,,,,,no-reconciling-total-assets-liabilities-equity,https://apigateway.adx.ae/adx/cdn/1.0/content/download/4568687
ADX,EMOBILITY,2026-07-22 00:00:00.0,"Emirates Mobility Company Financial Results for the Period Ended June 30,2026",Q2 2026,Q2 2025,360625000,-134521000,144682000,0.13,137772000,1936480,510038,1426442,true,false,AED'000,,https://apigateway.adx.ae/adx/cdn/1.0/content/download/5209007
ADX,EMOBILITY,2026-04-27 00:00:00.0,"Emirates Driving Company Financial Results for the Period Ended March 31,2026",Q1 2026,Q1 2025,188974000,-68319000,74562000,0.07,294823000,2073308,716986,1356322,true,false,AED'000,,https://apigateway.adx.ae/adx/cdn/1.0/content/download/4848067
ADX,EMOBILITY,2026-01-29 00:00:00.0,"Emirates Driving Company Financial Results for the Period Ended December 31,2025",2025,2024,770487000,-269238000,345861000,0.31,323478000,2089512,580015,1509497,true,false,,,https://apigateway.adx.ae/adx/cdn/1.0/content/download/4676249
ADX,EMOBILITY,2025-10-23 00:00:00.0,"Emirates Driving Company Financial Results for the Period Ended September 30,2025",Q3 2025,Q3 2024,562662000,-196783000,271896000,0.24,565857000,1804237,368705,1435532,true,false,AED'000,,https://apigateway.adx.ae/adx/cdn/1.0/content/download/4564405
ADX,EMSTEEL,2026-07-31 00:00:00.0,"EMSTEEL BUILDING MATERIALS PJSC Financial Results for the Period Ended June 30,2026",Q2 2026,Q2 2025,4558000000,-3719000000,560000000,0.082,1639000000,11760618,1956354,9804264,true,false,,,https://apigateway.adx.ae/adx/cdn/1.0/content/download/5228348
ADX,EMSTEEL,2026-05-13 00:00:00.0,"EMSTEEL BUILDING MATERIALS PJSC Financial Results for the Period Ended March 31,2026",Q1 2026,Q1 2025,2168000000,-1742000000,299000000,0.044,1524000000,11774714,2232212,9542502,true,false,,,https://apigateway.adx.ae/adx/cdn/1.0/content/download/4901907
ADX,EMSTEEL,2026-03-12 00:00:00.0,"EMSTEEL BUILDING MATERIALS PJSC Financial Results for the Period Ended December 31,2025",2025,2024,8941000000,-7675000000,523000000,0.076,1165000000,,,,,,,no-reconciling-total-assets-liabilities-equity,https://apigateway.adx.ae/adx/cdn/1.0/content/download/4759889
ADX,EMSTEEL,2025-11-12 00:00:00.0,"EMSTEEL BUILDING MATERIALS PJSC Financial Results for the Period Ended September 30,2025",Q3 2025,Q3 2024,6469000000,-5682000000,283000000,0.041,799000000,11090525,2086614,9003911,true,false,,,https://apigateway.adx.ae/adx/cdn/1.0/content/download/4595897
ADX,ESG,2026-07-28 00:00:00.0,"ESG EMIRATES STALLIONS GROUP P.J.S.C Financial Results for the Period Ended June 30,2026",Q2 2026,Q2 2025,766693000,-503057000,166303000,0.57,403515000,,,,,,,no-reconciling-total-assets-liabilities-equity,https://apigateway.adx.ae/adx/cdn/1.0/content/download/5223163
ADX,ESG,2026-04-28 00:00:00.0,"ESG EMIRATES STALLIONS GROUP P.J.S.C Financial Results for the Period Ended March 31,2026",Q1 2026,Q1 2025,370063000,-239506000,68647000,0.21,557612000,,,,,,,no-reconciling-total-assets-liabilities-equity,https://apigateway.adx.ae/adx/cdn/1.0/content/download/4852738
ADX,ESG,2026-01-27 00:00:00.0,"ESG EMIRATES STALLIONS GROUP P.J.S.C Financial Results for the Period Ended December 31,2025",2025,2024,1771000000,-1169000000,342000000,1.2,277000000,,,,,,,no-reconciling-total-assets-liabilities-equity,https://apigateway.adx.ae/adx/cdn/1.0/content/download/4673967
ADX,ESG,2025-10-27 00:00:00.0,"ESG EMIRATES STALLIONS GROUP P.J.S.C Financial Results for the Period Ended September 30,2025",Q3 2025,Q3 2024,1067000000,-710000000,188000000,0.64,216000000,3931825,1165986,2765839,true,false,AED'000,,https://apigateway.adx.ae/adx/cdn/1.0/content/download/4572905
ADX,ESHRAQ,2026-08-12 00:00:00.0,"ESHRAQ INVESTMENTS P.J.S.C Financial Results for the Period Ended June 30,2026",Q2 2026,Q2 2025,91979000,-18384000,75299000,0.028,115994000,1839969,138059,1701910,true,false,,,https://apigateway.adx.ae/adx/cdn/1.0/content/download/5267796
ADX,ESHRAQ,2026-05-13 00:00:00.0,"ESHRAQ INVESTMENTS P.J.S.C Financial Results for the Period Ended March 31,2026",Q1 2026,Q1 2025,4492000,-1198000,-3663000,-0.001,29647000,1768637,141676,1626961,true,false,,,https://apigateway.adx.ae/adx/cdn/1.0/content/download/5098284
ADX,ESHRAQ,2026-03-14 00:00:00.0,"ESHRAQ INVESTMENTS P.J.S.C Financial Results for the Period Ended December 31,2025",2025,2024,15883000,-4989000,64040000.00000001,0.024,114948000,1772861,142239,1630622,true,false,,,https://apigateway.adx.ae/adx/cdn/1.0/content/download/4765887
ADX,ESHRAQ,2025-11-13 00:00:00.0,"ESHRAQ INVESTMENTS P.J.S.C Financial Results for the Period Ended September 30,2025",Q3 2025,Q3 2024,11711000,-3366000,42706000,0.016,107586000,1804244,189359,1614885,true,false,AED'000,,https://apigateway.adx.ae/adx/cdn/1.0/content/download/4598652
ADX,FAB,2026-07-23 00:00:00.0,"First Abu Dhabi Bank Financial Results for the Period Ended June 30,2026",Q2 2026,Q2 2025,39393000000,-26191000000,10765000000,0.93,280425000000,,,,,,,no-reconciling-total-assets-liabilities-equity,https://apigateway.adx.ae/adx/cdn/1.0/content/download/5210881
ADX,FAB,2026-04-23 00:00:00.0,"First Abu Dhabi Bank Financial Results for the Period Ended March 31,2026",Q1 2026,Q1 2025,19184000000,-13060000000,5034000000,0.43,296482000000,,,,,,,no-reconciling-total-assets-liabilities-equity,https://apigateway.adx.ae/adx/cdn/1.0/content/download/4842144
ADX,FAB,2026-01-28 00:00:00.0,"First Abu Dhabi Bank Financial Results for the Period Ended December 31,2025",2025,2024,79174000000,-53974000000,21189000000,1.85,291324000000,,,,,,,no-reconciling-total-assets-liabilities-equity,https://apigateway.adx.ae/adx/cdn/1.0/content/download/4673039
ADX,FAB,2025-10-22 00:00:00.0,"First Abu Dhabi Bank Financial Results for the Period Ended September 30,2025",Q3 2025,Q3 2024,59565000000,-40313000000,16056000000,1.39,288531000000,,,,,,,no-reconciling-total-assets-liabilities-equity,https://apigateway.adx.ae/adx/cdn/1.0/content/download/4566047
ADX,FBI,2026-08-06 00:00:00.0,"Fujairah Building Industries P.S.C Financial Results for the Period Ended June 30,2026",Q2 2026,Q2 2025,132514999.99999999,-71021000,32610999.999999996,0.24,17349000,,,,,,,no-reconciling-total-assets-liabilities-equity,https://apigateway.adx.ae/adx/cdn/1.0/content/download/5244244
ADX,FBI,2026-05-07 00:00:00.0,"Fujairah Building Industries P.S.C Financial Results for the Period Ended March 31,2026",Q1 2026,Q1 2025,67692000,-37422000,17132000,0.13,18652000,,,,,,,no-reconciling-total-assets-liabilities-equity,https://apigateway.adx.ae/adx/cdn/1.0/content/download/4883746
ADX,FBI,2026-02-26 00:00:00.0,"Fujairah Building Industries P.S.C Financial Results for the Period Ended December 31,2025",2025,2024,254843000,-216750000,38104000,0.28,20693000,,,,,,,no-reconciling-total-assets-liabilities-equity,https://apigateway.adx.ae/adx/cdn/1.0/content/download/4717013
ADX,FBI,2025-11-06 00:00:00.0,"Fujairah Building Industries P.S.C Financial Results for the Period Ended September 30,2025",Q3 2025,Q3 2024,195776000,-164616000,31459000,0.231,14236000,,,,,,,no-reconciling-total-assets-liabilities-equity,https://apigateway.adx.ae/adx/cdn/1.0/content/download/4591030
ADX,FCI,2026-07-30 00:00:00.0,"Fujairah Cement Industries Financial Results for the Period Ended June 30,2026",Q2 2026,Q2 2025,275196000,-231542000,-2272000,-0.006,-22989000,,,,,,,scanned-image,https://apigateway.adx.ae/adx/cdn/1.0/content/download/5227749
ADX,FCI,2026-05-14 00:00:00.0,"Fujairah Cement Industries Financial Results for the Period Ended March 31,2026",Q1 2026,Q1 2025,158742000,-128752999.99999999,5678000,0.016,0,,,,,,,scanned-image,https://apigateway.adx.ae/adx/cdn/1.0/content/download/4914643
ADX,FCI,2026-03-26 00:00:00.0,"Fujairah Cement Industries Financial Results for the Period Ended December 31,2025",2025,2024,114989000,-104992000,-91225000,-0.256,10155000,,,,,,,no-reconciling-total-assets-liabilities-equity,https://apigateway.adx.ae/adx/cdn/1.0/content/download/4789296
ADX,FCI,2025-11-13 00:00:00.0,"Fujairah Cement Industries Financial Results for the Period Ended September 30,2025",Q3 2025,Q3 2024,18645000,-20538000,-84521000,-0.241,5587000,,,,,,,no-reconciling-total-assets-liabilities-equity,https://apigateway.adx.ae/adx/cdn/1.0/content/download/4599022
ADX,FERTIGLB,2026-07-28 00:00:00.0,"Fertiglobe plc Financial Results for the Period Ended June 30,2026",Q2 2026,Q2 2025,2001000000,-1376000000,470000000,0.038,1368000000,5641.8,3478.4,2163.4,true,false,,,https://apigateway.adx.ae/adx/cdn/1.0/content/download/5221366
ADX,FERTIGLB,2026-04-29 00:00:00.0,"Fertiglobe plc Financial Results for the Period Ended March 31,2026",Q1 2026,Q1 2025,915000000,-598000000,267900000000000,0.024,924000000,5183.1,3247.8,1935.3,true,false,,,https://apigateway.adx.ae/adx/cdn/1.0/content/download/4853766
ADX,FERTIGLB,2026-03-05 00:00:00.0,"Fertiglobe plc Financial Results for the Period Ended December 31,2025",2025,2024,2827000000,-1942000000,588500000000000,0.053,728200000000000,4949.5,3149.7,1799.8,true,false,,,https://apigateway.adx.ae/adx/cdn/1.0/content/download/4742366
ADX,FERTIGLB,2025-11-10 00:00:00.0,"Fertiglobe plc Financial Results for the Period Ended September 30,2025",Q3 2025,Q3 2024,2019000000.0000002,-1412000000,423600000000000,0.04,631400000000000,4561.6,2794.6,1767,true,false,,,https://apigateway.adx.ae/adx/cdn/1.0/content/download/4591065
ADX,GCEM,2026-08-03 00:00:00.0,"Gulf Cement Co. Financial Results for the Period Ended June 30,2026",Q2 2026,Q2 2025,329818000,-312300000,13211000,0.03,7205000,,,,,,,scanned-image,https://apigateway.adx.ae/adx/cdn/1.0/content/download/5234352
ADX,GCEM,2026-05-12 00:00:00.0,"Gulf Cement Co. Financial Results for the Period Ended March 31,2026",Q1 2026,Q1 2025,157312000,-134623000,22577000,0.05,2203000,,,,,,,scanned-image,https://apigateway.adx.ae/adx/cdn/1.0/content/download/4900986
ADX,GCEM,2026-02-05 00:00:00.0,"Gulf Cement Co. Financial Results for the Period Ended December 31,2025",2025,2024,551569000,-581047000,-7993000,-0.02,2217000,,,,,,,scanned-image,https://apigateway.adx.ae/adx/cdn/1.0/content/download/4683562
ADX,GCEM,2025-11-04 00:00:00.0,"Gulf Cement Co. Financial Results for the Period Ended September 30,2025",Q3 2025,Q3 2024,394851000,-379313000,-9460000,-0.02,10613000,,,,,,,scanned-image,https://apigateway.adx.ae/adx/cdn/1.0/content/download/4588921
ADX,GFH,2026-08-13 00:00:00.0,"GFH Bank B.S.C Financial Results for the Period Ended June 30,2026",Q2 2026,Q2 2025,310000000,232000000,77000000,2.21,902000000,,,,,,,no-reconciling-total-assets-liabilities-equity,https://apigateway.adx.ae/adx/cdn/1.0/content/download/5266469
ADX,GFH,2026-05-14 00:00:00.0,"GFH Bank B.S.C Financial Results for the Period Ended March 31,2026",Q1 2026,Q1 2025,152000000,116000000,34000000,1.01,1164000000,,,,,,,no-reconciling-total-assets-liabilities-equity,https://apigateway.adx.ae/adx/cdn/1.0/content/download/4913190
ADX,GFH,2026-04-07 00:00:00.0,"GFH Financial Group B.S.C Financial Results for the Period Ended December 31,2025",2025,2024,719000000,573000000,146000000,3.92,1133000000,,,,,,,no-reconciling-total-assets-liabilities-equity,https://apigateway.adx.ae/adx/cdn/1.0/content/download/4814866
ADX,GFH,2025-11-14 00:00:00.0,"GFH Financial Group B.S.C Financial Results for the Period Ended September 30,2025",Q3 2025,Q3 2024,557000000,-57000000,105000000,2.83,1058000000,,,,,,,no-reconciling-total-assets-liabilities-equity,https://apigateway.adx.ae/adx/cdn/1.0/content/download/4599831
ADX,GHITHA,2026-07-28 00:00:00.0,"GHITHA HOLDING P.J.S.C. Financial Results for the Period Ended June 30,2026",Q2 2026,Q2 2025,3355000000,-2689000000,128000000,0.34,609000000,,,,,,,no-reconciling-total-assets-liabilities-equity,https://apigateway.adx.ae/adx/cdn/1.0/content/download/5223873
ADX,GHITHA,2026-04-29 00:00:00.0,"GHITHA HOLDING P.J.S.C. Financial Results for the Period Ended March 31,2026",Q1 2026,Q1 2025,1623000000,-1292000000,60000000,0.14,603000000,,,,,,,no-reconciling-total-assets-liabilities-equity,https://apigateway.adx.ae/adx/cdn/1.0/content/download/4854676
ADX,GHITHA,2026-01-29 00:00:00.0,"GHITHA HOLDING P.J.S.C. Financial Results for the Period Ended December 31,2025",2025,2024,5580000000,-4380000000,90000000,0.15,492000000,,,,,,,no-reconciling-total-assets-liabilities-equity,https://apigateway.adx.ae/adx/cdn/1.0/content/download/4674467
ADX,GHITHA,2025-10-27 00:00:00.0,"GHITHA HOLDING P.J.S.C. Financial Results for the Period Ended September 30,2025",Q3 2025,Q3 2024,4003000000,-3123000000,80000000,0.2,555000000,,,,,,,no-reconciling-total-assets-liabilities-equity,https://apigateway.adx.ae/adx/cdn/1.0/content/download/4572569
ADX,GMPC,2026-08-13 00:00:00.0,"Gulf Medical Projects Company Financial Results for the Period Ended June 30,2026",Q2 2026,Q2 2025,405239000,-302648000,68468000,0.08,20673000,,,,,,,no-reconciling-total-assets-liabilities-equity,https://apigateway.adx.ae/adx/cdn/1.0/content/download/5266566
ADX,GMPC,2026-05-11 00:00:00.0,"Gulf Medical Projects Company Financial Results for the Period Ended March 31,2026",Q1 2026,Q1 2025,194389000,-145386000,26679000,0.03,139887000,,,,,,,no-reconciling-total-assets-liabilities-equity,https://apigateway.adx.ae/adx/cdn/1.0/content/download/4892661
ADX,GMPC,2026-02-17 00:00:00.0,"Gulf Medical Projects Company Financial Results for the Period Ended December 31,2025",2025,2024,767523000,-556113000,135167000,0.155,49304000,,,,,,,no-reconciling-total-assets-liabilities-equity,https://apigateway.adx.ae/adx/cdn/1.0/content/download/4703676
ADX,GMPC,2025-11-13 00:00:00.0,"Gulf Medical Projects Company Financial Results for the Period Ended September 30,2025",Q3 2025,Q3 2024,553754000,-406750000,96661000,0.112,15225000,,,,,,,no-reconciling-total-assets-liabilities-equity,https://apigateway.adx.ae/adx/cdn/1.0/content/download/4598061
ADX,HAYAH,2026-08-13 00:00:00.0,"Hayah Insurance Company P.J.S.C Financial Results for the Period Ended June 30,2026",Q2 2026,Q2 2025,91265000,-68355000,306000,0.002,46962000,,,,,,,no-reconciling-total-assets-liabilities-equity,https://apigateway.adx.ae/adx/cdn/1.0/content/download/5261460
ADX,HAYAH,2026-05-14 00:00:00.0,"Hayah Insurance Company P.J.S.C Financial Results for the Period Ended March 31,2026",Q1 2026,Q1 2025,42681000,-30617000,1247000,0.006,39516000,,,,,,,no-reconciling-total-assets-liabilities-equity,https://apigateway.adx.ae/adx/cdn/1.0/content/download/4908638
ADX,HAYAH,2026-03-23 00:00:00.0,"Hayah Insurance Company P.J.S.C Financial Results for the Period Ended December 31,2025",2025,2024,127482000,-118059000,1670000,0.008,34428000,,,,,,,no-reconciling-total-assets-liabilities-equity,https://apigateway.adx.ae/adx/cdn/1.0/content/download/4782590
ADX,HAYAH,2025-11-11 00:00:00.0,"Hayah Insurance Company P.J.S.C Financial Results for the Period Ended September 30,2025",Q3 2025,Q3 2024,86575000,-85635000,-2821000,-0.014,20136000,,,,,,,no-reconciling-total-assets-liabilities-equity,https://apigateway.adx.ae/adx/cdn/1.0/content/download/4602304
ADX,ICAP,2026-07-30 00:00:00.0,"Investcorp Capital PLC Financial Results for the Period Ended June 30,2026",2026,2025,94000000,-9000000,44000000,2.02,,1873,525,1348,true,false,,,https://apigateway.adx.ae/adx/cdn/1.0/content/download/5228608
ADX,ICAP,2026-04-30 00:00:00.0,"Investcorp Capital PLC Financial Results for the Period Ended March 31,2026",Q1 2026,Q1 2025,72000000,-37000000,35000000,1.6,0,2047,704,1343,true,false,,,https://apigateway.adx.ae/adx/cdn/1.0/content/download/4854445
ADX,ICAP,2026-02-11 00:00:00.0,"Investcorp Capital PLC Financial Results for the Period Ended December 31,2025",Q2 2025,Q2 2024,52000000,-25000000,27000000,1.24,,,,,,,,no-reconciling-total-assets-liabilities-equity,https://apigateway.adx.ae/adx/cdn/1.0/content/download/4697845
ADX,ICAP,2025-11-11 00:00:00.0,"Investcorp Capital PLC Financial Results for the Period Ended September 30,2025",Q3 2025,Q3 2024,24000000,-12000000,12000000,-0.55,0,1925,489,1436,true,false,,,https://apigateway.adx.ae/adx/cdn/1.0/content/download/4594393
ADX,ICAP,2025-09-18 00:00:00.0,"Investcorp Capital PLC Financial Results for the Period Ended June 30,2025",2025,2024,124000000,-43000000,81000000,3.7,0,1908,482,1426,true,false,,,https://apigateway.adx.ae/adx/cdn/1.0/content/download/4531192
ADX,IHC,2026-08-05 00:00:00.0,"International Holding Company PJSC Financial Results for the Period Ended June 30,2026",Q2 2026,Q2 2025,64855999999.99999,-48082000000,26225000000,8.21,42744000000,,,,,,,no-reconciling-total-assets-liabilities-equity,https://apigateway.adx.ae/adx/cdn/1.0/content/download/5240972
ADX,IHC,2026-05-06 00:00:00.0,"International Holding Company PJSC Financial Results for the Period Ended March 31,2026",Q1 2026,Q1 2025,31445000000,-23522000000,8186999999.999999,2.32,37353000000,,,,,,,no-reconciling-total-assets-liabilities-equity,https://apigateway.adx.ae/adx/cdn/1.0/content/download/4877965
ADX,IHC,2026-02-13 00:00:00.0,"International Holding Company PJSC Financial Results for the Period Ended December 31,2025",2025,2024,111401000000,-82278000000,34715000000,9.93,34045000000,428602010,177901190,250700820,false,true,,,https://apigateway.adx.ae/adx/cdn/1.0/content/download/4700889
ADX,IHC,2025-11-05 00:00:00.0,"International Holding Company PJSC Financial Results for the Period Ended September 30,2025",Q3 2025,Q3 2024,84638000000,-62103000000,19500000000,4.63,35246000000,,,,,,,no-reconciling-total-assets-liabilities-equity,https://apigateway.adx.ae/adx/cdn/1.0/content/download/4581705
ADX,INB,2026-08-06 00:00:00.0,"Invest Bank Financial Results for the Period Ended June 30,2026",Q2 2026,Q2 2025,448000000,-391000000,75000000,0,2978000000,16132173,14414258,1717915,true,false,,,https://apigateway.adx.ae/adx/cdn/1.0/content/download/5243376
ADX,INB,2026-05-13 00:00:00.0,"Invest Bank Financial Results for the Period Ended March 31,2026",Q1 2026,Q1 2025,208000000,-192000000,22000000,0,2220000000,,,,,,,no-reconciling-total-assets-liabilities-equity,https://apigateway.adx.ae/adx/cdn/1.0/content/download/4906306
ADX,INB,2026-02-23 00:00:00.0,"Invest Bank Financial Results for the Period Ended December 31,2025",2025,2024,802000000,-725000000,161000000,0.001,2249000000,14169274,12526188,1643086,true,false,,,https://apigateway.adx.ae/adx/cdn/1.0/content/download/4708134
ADX,INB,2025-11-07 00:00:00.0,"Invest Bank Financial Results for the Period Ended September 30,2025",Q3 2025,Q3 2024,514000000,-495000000,100000000,0,2158000000,13370993,11790107,1580886,true,false,AED'000,,https://apigateway.adx.ae/adx/cdn/1.0/content/download/4592938
ADX,INVICTUS,2026-08-02 00:00:00.0,"Invictus Investment Company PLC Financial Results for the Period Ended June 30,2026",Q2 2026,Q2 2025,6147000000,-5921000000,26000000,0.027,407000000,,,,,,,no-reconciling-total-assets-liabilities-equity,https://apigateway.adx.ae/adx/cdn/1.0/content/download/5234374
ADX,INVICTUS,2026-02-20 00:00:00.0,"Invictus Investment Company PLC Financial Results for the Period Ended December 31,2025",2025,2024,13256000000,-12644000000,228000000,0.2,897000000,,,,,,,no-reconciling-total-assets-liabilities-equity,https://apigateway.adx.ae/adx/cdn/1.0/content/download/4704598
ADX,JULPHAR,2026-08-13 00:00:00.0,"Gulf Pharmaceutical Industries Financial Results for the Period Ended June 30,2026",Q2 2026,Q2 2025,573000000,-312000000,54000000,0.049,199000000,,,,,,,no-reconciling-total-assets-liabilities-equity,https://apigateway.adx.ae/adx/cdn/1.0/content/download/5266446
ADX,JULPHAR,2026-05-14 00:00:00.0,"Gulf Pharmaceutical Industries Financial Results for the Period Ended March 31,2026",Q1 2026,Q1 2025,273000000,-153000000,35100000000000,0.03,229600000000000,,,,,,,no-reconciling-total-assets-liabilities-equity,https://apigateway.adx.ae/adx/cdn/1.0/content/download/4912785
ADX,JULPHAR,2026-03-27 00:00:00.0,"Gulf Pharmaceutical Industries Financial Results for the Period Ended December 31,2025",2025,2024,1075000000,-1027000000,173000000,14.91,235800000000000,2453.9,1647.7,806.2,true,false,,,https://apigateway.adx.ae/adx/cdn/1.0/content/download/4789320
ADX,JULPHAR,2025-11-13 00:00:00.0,"Gulf Pharmaceutical Industries Financial Results for the Period Ended September 30,2025",Q3 2025,Q3 2024,796000000,-741000000,167300000000000,0.144,221400000000000,1775.7,800.6,975.1,true,false,,,https://apigateway.adx.ae/adx/cdn/1.0/content/download/4598253
ADX,LULU,2026-08-13 00:00:00.0,"Lulu Retail Holdings PLC Financial Results for the Period Ended June 30,2026",Q2 2026,Q2 2025,3991000000,-3089000000,89000000,0.86,299000000,,,,,,,no-reconciling-total-assets-liabilities-equity,https://apigateway.adx.ae/adx/cdn/1.0/content/download/5266770
ADX,LULU,2026-05-11 00:00:00.0,"Lulu Retail Holdings PLC Financial Results for the Period Ended March 31,2026",Q1 2026,Q1 2025,2020000000,-1571000000,47000000,0.45,414000000,,,,,,,no-reconciling-total-assets-liabilities-equity,https://apigateway.adx.ae/adx/cdn/1.0/content/download/4892684
ADX,LULU,2026-03-18 00:00:00.0,"Lulu Retail Holdings PLC Financial Results for the Period Ended December 31,2025",2025,2024,7934000000,-6111000000,205000000,1.98,330000000,,,,,,,no-reconciling-total-assets-liabilities-equity,https://apigateway.adx.ae/adx/cdn/1.0/content/download/4777650
ADX,LULU,2025-11-10 00:00:00.0,"Lulu Retail Holdings PLC Financial Results for the Period Ended September 30,2025",Q3 2025,Q3 2024,5994000000,-4612000000,163000000,1.58,261000000,,,,,,,no-reconciling-total-assets-liabilities-equity,https://apigateway.adx.ae/adx/cdn/1.0/content/download/4594083
ADX,MAIR,2026-08-12 00:00:00.0,"MAIR GROUP -  P.J.S.C. Financial Results for the Period Ended June 30,2026",Q2 2026,Q2 2025,1080000000,-1011000000,94000000,0.042,119000000,5954265,1605419,4348846,true,false,AED'000,,https://apigateway.adx.ae/adx/cdn/1.0/content/download/5261075
ADX,MAIR,2026-05-13 00:00:00.0,"MAIR GROUP -  P.J.S.C. Financial Results for the Period Ended March 31,2026",Q1 2026,Q1 2025,564157000,-519473000,51954000,0.023,353713000,6018572,1616341,4402231,true,false,,,https://apigateway.adx.ae/adx/cdn/1.0/content/download/4908399
ADX,MAIR,2026-03-23 00:00:00.0,"MAIR GROUP -  P.J.S.C. Financial Results for the Period Ended December 31,2025",2025,2024,1956000000,-1867000000,191000000,0.086,323000000,5610945,1260329,4350616,true,false,,,https://apigateway.adx.ae/adx/cdn/1.0/content/download/4782832
ADX,MAIR,2025-11-11 00:00:00.0,"MAIR GROUP -  P.J.S.C. Financial Results for the Period Ended September 30,2025",Q3 2025,Q3 2024,1480000000,-1373000000,106000000,0.05,292000000,5508647,1277707,4230940,true,false,,,https://apigateway.adx.ae/adx/cdn/1.0/content/download/4595486
ADX,MODON,2026-07-29 00:00:00.0,"Modon Holding PSC Financial Results for the Period Ended June 30,2026",Q2 2026,Q2 2025,9188000000,-5987000000,2202000000,0.132,8478999999.999999,,,,,,,no-reconciling-total-assets-liabilities-equity,https://apigateway.adx.ae/adx/cdn/1.0/content/download/5225942
ADX,MODON,2026-02-18 00:00:00.0,"Modon Holding PSC Financial Results for the Period Ended December 31,2025",2025,2024,13829000000,-8804000000,3926000000,0.25,8340000000,87030985,32281001,54749984,false,true,,,https://apigateway.adx.ae/adx/cdn/1.0/content/download/4704274
ADX,NCTH,2026-07-28 00:00:00.0,"National Corporation for Tourism & Hotels Financial Results for the Period Ended June 30,2026",Q2 2026,Q2 2025,1125000000,-724000000,138000000,0.06,367000000,,,,,,,no-reconciling-total-assets-liabilities-equity,https://apigateway.adx.ae/adx/cdn/1.0/content/download/5222426
ADX,NCTH,2026-04-28 00:00:00.0,"National Corporation for Tourism & Hotels Financial Results for the Period Ended March 31,2026",Q1 2026,Q1 2025,615867000,-364937000,96560000,0.04,526895000,6833633,1718714,5114919,false,true,,,https://apigateway.adx.ae/adx/cdn/1.0/content/download/4850619
ADX,NCTH,2026-02-06 00:00:00.0,"National Corporation for Tourism & Hotels Financial Results for the Period Ended December 31,2025",2025,2024,2183000000,-1310000000,401000000,0.18,451000000,,,,,,,no-reconciling-total-assets-liabilities-equity,https://apigateway.adx.ae/adx/cdn/1.0/content/download/4686188
ADX,NCTH,2025-10-31 00:00:00.0,"National Corporation for Tourism & Hotels Financial Results for the Period Ended September 30,2025",Q3 2025,Q3 2024,1534000000,-1046999999.9999999,333000000,0.15,312000000,,,,,,,no-reconciling-total-assets-liabilities-equity,https://apigateway.adx.ae/adx/cdn/1.0/content/download/4570423
ADX,NMDC,2026-07-30 00:00:00.0,"NMDC Group PJSC Financial Results for the Period Ended June 30,2026",Q2 2026,Q2 2025,14133000000,-12131000000,1606000000,1.83,5411000000,,,,,,,no-reconciling-total-assets-liabilities-equity,https://apigateway.adx.ae/adx/cdn/1.0/content/download/5226813
ADX,NMDC,2026-04-30 00:00:00.0,"NMDC Group PJSC Financial Results for the Period Ended March 31,2026",Q1 2026,Q1 2025,6645000000,-6099000000,387000000,0.43,6010000000,,,,,,,no-reconciling-total-assets-liabilities-equity,https://apigateway.adx.ae/adx/cdn/1.0/content/download/4853999
ADX,NMDC,2026-02-06 00:00:00.0,"NMDC Group PJSC Financial Results for the Period Ended December 31,2025",2025,2024,28811000000,-24023000000,4002000000,4.29,4938000000,,,,,,,no-reconciling-total-assets-liabilities-equity,https://apigateway.adx.ae/adx/cdn/1.0/content/download/4686433
ADX,NMDC,2025-10-31 00:00:00.0,"NMDC Group PJSC Financial Results for the Period Ended September 30,2025",Q3 2025,Q3 2024,20545000000,-17324000000,2764000000,3.01,2655000000,,,,,,,no-reconciling-total-assets-liabilities-equity,https://apigateway.adx.ae/adx/cdn/1.0/content/download/4570207
ADX,NMDCENR,2026-07-28 00:00:00.0,"NMDC Energy P.J.S.C. Financial Results for the Period Ended June 30,2026",Q2 2026,Q2 2025,9483000000,-8999000000,251000000,0.05,3288000000,,,,,,,no-reconciling-total-assets-liabilities-equity,https://apigateway.adx.ae/adx/cdn/1.0/content/download/5223876
ADX,NMDCENR,2026-04-29 00:00:00.0,"NMDC Energy P.J.S.C. Financial Results for the Period Ended March 31,2026",Q1 2026,Q1 2025,4964000000,-4794000000,80000000,0.016,3469000000,,,,,,,no-reconciling-total-assets-liabilities-equity,https://apigateway.adx.ae/adx/cdn/1.0/content/download/4855477
ADX,NMDCENR,2026-02-06 00:00:00.0,"NMDC Energy P.J.S.C. Financial Results for the Period Ended December 31,2025",2025,2024,18662000000,-16463999999.999998,1602000000,0.32,4486000000,,,,,,,no-reconciling-total-assets-liabilities-equity,https://apigateway.adx.ae/adx/cdn/1.0/content/download/4721474
ADX,NMDCENR,2025-10-29 00:00:00.0,"NMDC Energy P.J.S.C. Financial Results for the Period Ended September 30,2025",Q3 2025,Q3 2024,13012000000,-11735000000,951000000,0.19,3591000000,,,,,,,no-reconciling-total-assets-liabilities-equity,https://apigateway.adx.ae/adx/cdn/1.0/content/download/4577006
ADX,OEIHC,2026-08-11 00:00:00.0,"Oman & Emirates Investment Holding Co Financial Results for the Period Ended June 30,2026",Q2 2026,Q2 2025,-1204000,-418000,-1621000,-0.013,2298000,,,,,,,scanned-image,https://apigateway.adx.ae/adx/cdn/1.0/content/download/5255293
ADX,OEIHC,2026-05-19 00:00:00.0,"Oman & Emirates Investment Holding Co Financial Results for the Period Ended December 31,2025",Q1 2026,Q1 2025,8000000,-4000000,4000000,0.037,2128000000,,,,,,,scanned-image,https://apigateway.adx.ae/adx/cdn/1.0/content/download/4931133
ADX,OEIHC,2026-02-16 00:00:00.0,"Oman & Emirates Investment Holding Co Financial Results for the Period Ended December 31,2025",2025,2024,4091000,-3326000,736000,0.011,959000,,,,,,,no-reconciling-total-assets-liabilities-equity,https://apigateway.adx.ae/adx/cdn/1.0/content/download/4702800
ADX,OEIHC,2025-11-12 00:00:00.0,"Oman & Emirates Investment Holding Co Financial Results for the Period Ended September 30,2025",Q3 2025,Q3 2024,3561000,-2468000,1092000,0.013,1821000,,,,,,,no-reconciling-total-assets-liabilities-equity,https://apigateway.adx.ae/adx/cdn/1.0/content/download/4596324
ADX,OEIHC,2025-11-12 00:00:00.0,"Oman & Emirates Investment Holding Co Financial Results for the Period Ended September 30,2025",Q3 2025,Q3 2024,3561000,-2468000,1092000,0.013,1821000,,,,,,,no-reconciling-total-assets-liabilities-equity,https://apigateway.adx.ae/adx/cdn/1.0/content/download/4595626
ADX,ORAS,2026-08-14 00:00:00.0,"ORASCOM CONSTRUCTION PLC Financial Results for the Period Ended June 30,2026",Q2 2026,Q2 2025,2978000000,-2688000000,127000000,1.05,1230000000,,,,,,,no-reconciling-total-assets-liabilities-equity,https://apigateway.adx.ae/adx/cdn/1.0/content/download/5266117
ADX,ORAS,2026-05-14 00:00:00.0,"ORASCOM CONSTRUCTION PLC Financial Results for the Period Ended March 31,2026",Q1 2026,Q1 2025,1468000000,-1321000000,58000000000000,0.48,1205000000,,,,,,,no-reconciling-total-assets-liabilities-equity,https://apigateway.adx.ae/adx/cdn/1.0/content/download/4912245
ADX,ORAS,2026-04-21 00:00:00.0,"ORASCOM CONSTRUCTION PLC Financial Results for the Period Ended December 31,2025",2025,2024,5049000000,-4588000000,205700000000000,1.77,1369000000,,,,,,,no-reconciling-total-assets-liabilities-equity,https://apigateway.adx.ae/adx/cdn/1.0/content/download/4839286
ADX,ORAS,2025-11-14 00:00:00.0,"ORASCOM CONSTRUCTION PLC Financial Results for the Period Ended September 30,2025",Q3 2025,Q3 2024,3428000000,-3091000000,137199999999.99998,1.21,1289700000000000,,,,,,,no-reconciling-total-assets-liabilities-equity,https://apigateway.adx.ae/adx/cdn/1.0/content/download/4599138
ADX,ORDS,2026-07-28 00:00:00.0,"OOREDOO Financial Results for the Period Ended June 30,2026",Q2 2026,Q2 2025,12457000000,-9886000000,2146999999.9999998,0.58,9935000000,,,,,,,no-reconciling-total-assets-liabilities-equity,https://apigateway.adx.ae/adx/cdn/1.0/content/download/5223860
ADX,ORDS,2026-04-29 00:00:00.0,"OOREDOO Financial Results for the Period Ended March 31,2026",Q1 2026,Q1 2025,6199000000,-4797000000,1187000000,0.31,11932000000,,,,,,,no-reconciling-total-assets-liabilities-equity,https://apigateway.adx.ae/adx/cdn/1.0/content/download/4855474
ADX,ORDS,2026-02-09 00:00:00.0,"OOREDOO Financial Results for the Period Ended December 31,2025",2025,2024,24604000000,-19242000000,4612000000,1.21,13162000000,,,,,,,no-reconciling-total-assets-liabilities-equity,https://apigateway.adx.ae/adx/cdn/1.0/content/download/4693090
ADX,ORDS,2025-10-29 00:00:00.0,"OOREDOO Financial Results for the Period Ended September 30,2025",Q3 2025,Q3 2024,18177000000,-13914000000,3687000000,0.96,14211000000,63544741,29862433,33682308,false,true,,,https://apigateway.adx.ae/adx/cdn/1.0/content/download/4578511
ADX,PALMS,2026-07-21 00:00:00.0,"PALMS SPORTS PrJSC Financial Results for the Period Ended June 30,2026",Q2 2026,Q2 2025,568949000,-470039000,43088000,0.29,100873000,,,,,,,no-reconciling-total-assets-liabilities-equity,https://apigateway.adx.ae/adx/cdn/1.0/content/download/5205874
ADX,PALMS,2026-04-21 00:00:00.0,"PALMS SPORTS PrJSC Financial Results for the Period Ended March 31,2026",Q1 2026,Q1 2025,288528000,-234729000,18298000,0.12,120498000,,,,,,,no-reconciling-total-assets-liabilities-equity,https://apigateway.adx.ae/adx/cdn/1.0/content/download/4841121
ADX,PALMS,2026-01-20 00:00:00.0,"PALMS SPORTS PrJSC Financial Results for the Period Ended December 31,2025",2025,2024,1162000000,-942000000,114000000,0.77,144000000,,,,,,,scanned-image,https://apigateway.adx.ae/adx/cdn/1.0/content/download/4666828
ADX,PALMS,2025-10-20 00:00:00.0,"PALMS SPORTS PrJSC Financial Results for the Period Ended September 30,2025",Q3 2025,Q3 2024,841929000,-698617000,83556000,0.56,133120000,,,,,,,scanned-image,https://apigateway.adx.ae/adx/cdn/1.0/content/download/4565609
ADX,PALMS,2025-10-20 00:00:00.0,"PALMS SPORTS PrJSC Financial Results for the Period Ended September 30,2025",Q3 2025,Q3 2024,841929000,-698617000,83556000,0.56,133120000,,,,,,,scanned-image,https://apigateway.adx.ae/adx/cdn/1.0/content/download/4564157
ADX,PHX,2026-07-16 00:00:00.0,"PHOENIX GROUP   PLC Financial Results for the Period Ended June 30,2026",Q2 2026,Q2 2025,42320000,-43677000,-91027000,-0.015,11728000,,,,,,,no-reconciling-total-assets-liabilities-equity,https://apigateway.adx.ae/adx/cdn/1.0/content/download/5189022
ADX,PHX,2026-05-12 00:00:00.0,"PHOENIX GROUP   PLC Financial Results for the Period Ended March 31,2026",Q1 2026,Q1 2025,23309000,-23075000,-81036000,-0.013,10565000,,,,,,,no-reconciling-total-assets-liabilities-equity,https://apigateway.adx.ae/adx/cdn/1.0/content/download/4901787
ADX,PHX,2026-02-17 00:00:00.0,"PHOENIX GROUP   PLC Financial Results for the Period Ended December 31,2025",2025,2024,117744000,-156743000,-271654000,-0.045,5404000,,,,,,,no-reconciling-total-assets-liabilities-equity,https://apigateway.adx.ae/adx/cdn/1.0/content/download/4704825
ADX,PHX,2025-10-28 00:00:00.0,"PHOENIX GROUP   PLC Financial Results for the Period Ended September 30,2025",Q3 2025,Q3 2024,92328000,-122888000,-229133000,-0.038,14746000,750084,61667,688417,true,false,,,https://apigateway.adx.ae/adx/cdn/1.0/content/download/4576599
ADX,PRESIGHT,2026-08-11 00:00:00.0,"Presight AI Holding PLC Financial Results for the Period Ended June 30,2026",Q2 2026,Q2 2025,1402000000,-932000000,251000000,0.04,2005000000,6560481,1832351,4728130,true,false,AED'000,,https://apigateway.adx.ae/adx/cdn/1.0/content/download/5255691
ADX,PRESIGHT,2026-05-12 00:00:00.0,"Presight AI Holding PLC Financial Results for the Period Ended March 31,2026",Q1 2026,Q1 2025,689000000,-433000000,134000000.00000001,0.02,2029999999.9999998,6410064,1797690,4612374,true,false,AED'000,,https://apigateway.adx.ae/adx/cdn/1.0/content/download/4900984
ADX,PRESIGHT,2026-02-11 00:00:00.0,"Presight AI Holding PLC Financial Results for the Period Ended December 31,2025",2025,2024,3030000000,-1884000000,665000000,0.1,2170000000,6389503,1915406,4474097,true,false,,,https://apigateway.adx.ae/adx/cdn/1.0/content/download/4695735
ADX,PRESIGHT,2025-11-12 00:00:00.0,"Presight AI Holding PLC Financial Results for the Period Ended September 30,2025",Q3 2025,Q3 2024,1741000000,-1110000000,320000000,0.05,1879000000,5719324,1540965,4178359,true,false,AED'000,,https://apigateway.adx.ae/adx/cdn/1.0/content/download/4597584
ADX,PUREHEALTH,2026-07-31 00:00:00.0,"Pure Health Holding PJSC Financial Results for the Period Ended June 30,2026",Q2 2026,Q2 2025,14851000000,-11232000000,1236000000,0.11,2553000000,,,,,,,no-reconciling-total-assets-liabilities-equity,https://apigateway.adx.ae/adx/cdn/1.0/content/download/5228744
ADX,PUREHEALTH,2026-05-01 00:00:00.0,"Pure Health Holding PJSC Financial Results for the Period Ended March 31,2026",Q1 2026,Q1 2025,7262000000,-5584000000,415000000,0.03,2612000000,,,,,,,no-reconciling-total-assets-liabilities-equity,https://apigateway.adx.ae/adx/cdn/1.0/content/download/4858743
ADX,PUREHEALTH,2026-02-09 00:00:00.0,"Pure Health Holding PJSC Financial Results for the Period Ended December 31,2025",2025,2024,27312000000,-20579000000,2020000000,0.18,4424000000,57161575,38840103,18321472,true,false,,,https://apigateway.adx.ae/adx/cdn/1.0/content/download/4687115
ADX,PUREHEALTH,2025-11-03 00:00:00.0,"Pure Health Holding PJSC Financial Results for the Period Ended September 30,2025",Q3 2025,Q3 2024,20101000000,-18472000000,1550000000,0.14,5900000000,49468258,28588328,20879930,true,false,,,https://apigateway.adx.ae/adx/cdn/1.0/content/download/4586206
ADX,RAKBANK,2026-07-23 00:00:00.0,"The National Bank of Ras Al Khaimah Financial Results for the Period Ended June 30,2026",Q2 2026,Q2 2025,4477000000,-2598000000,1713000000,0.85,10462000000,,,,,,,no-reconciling-total-assets-liabilities-equity,https://apigateway.adx.ae/adx/cdn/1.0/content/download/5212297
ADX,RAKBANK,2026-04-20 00:00:00.0,"The National Bank of Ras Al Khaimah Financial Results for the Period Ended March 31,2026",Q1 2026,Q1 2025,2461000000,-1354000000,1008000000,0.5,13607000000,,,,,,,no-reconciling-total-assets-liabilities-equity,https://apigateway.adx.ae/adx/cdn/1.0/content/download/4837443
ADX,RAKBANK,2026-02-06 00:00:00.0,"The National Bank of Ras Al Khaimah Financial Results for the Period Ended December 31,2025",2025,2024,7701000000,-4837000000,2609000000,1.29,15052000000,,,,,,,no-reconciling-total-assets-liabilities-equity,https://apigateway.adx.ae/adx/cdn/1.0/content/download/4686086
ADX,RAKBANK,2025-10-23 00:00:00.0,"The National Bank of Ras Al Khaimah Financial Results for the Period Ended September 30,2025",Q3 2025,Q3 2024,5809000000,-3525000000,2080000000,1.03,11863000000,,,,,,,no-reconciling-total-assets-liabilities-equity,https://apigateway.adx.ae/adx/cdn/1.0/content/download/4567996
ADX,RAKCEC,2026-08-05 00:00:00.0,"RAK Ceramics PJSC Financial Results for the Period Ended June 30,2026",Q2 2026,Q2 2025,1584000000,-946000000,107000000,0.103,156000000,,,,,,,no-reconciling-total-assets-liabilities-equity,https://apigateway.adx.ae/adx/cdn/1.0/content/download/5241086
ADX,RAKCEC,2026-05-12 00:00:00.0,"RAK Ceramics PJSC Financial Results for the Period Ended March 31,2026",Q1 2026,Q1 2025,760686000,-461319000,38216000,0.036,99532000,,,,,,,no-reconciling-total-assets-liabilities-equity,https://apigateway.adx.ae/adx/cdn/1.0/content/download/4897634
ADX,RAKCEC,2026-02-11 00:00:00.0,"RAK Ceramics PJSC Financial Results for the Period Ended December 31,2025",2025,2024,3185000000,311000000,248000000,0.245,127000000,,,,,,,scanned-image,https://apigateway.adx.ae/adx/cdn/1.0/content/download/4695520
ADX,RAKCEC,2025-11-12 00:00:00.0,"RAK Ceramics PJSC Financial Results for the Period Ended September 30,2025",Q3 2025,Q3 2024,824000000,-1450000000,182700000000000,0.18,103000000,5299372,3035950,2263422,true,false,,,https://apigateway.adx.ae/adx/cdn/1.0/content/download/4597395
ADX,RAKPROP,2026-08-06 00:00:00.0,"RAK Properties Financial Results for the Period Ended June 30,2026",Q2 2026,Q2 2025,533139000,-319207000,76654000,0.026,163198000,,,,,,,scanned-image,https://apigateway.adx.ae/adx/cdn/1.0/content/download/5244377
ADX,RAKPROP,2026-05-12 00:00:00.0,"RAK Properties Financial Results for the Period Ended March 31,2026",Q1 2026,Q1 2025,277985000,-162637000,40091000,0.013,94288000,8819694,2838600,5981094,true,false,,,https://apigateway.adx.ae/adx/cdn/1.0/content/download/4904960
ADX,RAKPROP,2026-03-22 00:00:00.0,"RAK Properties Financial Results for the Period Ended December 31,2025",2025,2024,1837000000,-1130000000,404000000,0.135,236000000,8706168,2764198,5941970,true,false,,,https://apigateway.adx.ae/adx/cdn/1.0/content/download/4780541
ADX,RAKPROP,2025-10-22 00:00:00.0,"RAK Properties Financial Results for the Period Ended September 30,2025",Q3 2025,Q3 2024,1165000000,-715000000,217000000,0.073,129000000,8495260,2737169,5758091,true,false,,,https://apigateway.adx.ae/adx/cdn/1.0/content/download/4567846
ADX,RPM,2026-07-28 00:00:00.0,"Response Plus Holding PrJSC Financial Results for the Period Ended June 30,2026",Q2 2026,Q2 2025,390061000,-345342000,39840000,0.2,22212000,,,,,,,no-reconciling-total-assets-liabilities-equity,https://apigateway.adx.ae/adx/cdn/1.0/content/download/5223756
ADX,RPM,2026-03-26 00:00:00.0,"Response Plus Holding PrJSC Financial Results for the Period Ended December 31,2025",2025,2024,516054999.99999994,-463947000,49956000,0.25,24872000,,,,,,,scanned-image,https://apigateway.adx.ae/adx/cdn/1.0/content/download/4789882
ADX,SCIDC,2026-08-12 00:00:00.0,"Sharjah Cement and Industrial Development Co. Financial Results for the Period Ended June 30,2026",Q2 2026,Q2 2025,485455000,-379626000,77397000,0.127,101841000,,,,,,,no-reconciling-total-assets-liabilities-equity,https://apigateway.adx.ae/adx/cdn/1.0/content/download/5261089
ADX,SCIDC,2026-05-12 00:00:00.0,"Sharjah Cement and Industrial Development Co. Financial Results for the Period Ended March 31,2026",Q1 2026,Q1 2025,227866000,-178402000,37492000,0.062,48708000,2154235,677549,1476686,true,false,AED'000,,https://apigateway.adx.ae/adx/cdn/1.0/content/download/4901794
ADX,SCIDC,2026-03-06 00:00:00.0,"Sharjah Cement and Industrial Development Co. Financial Results for the Period Ended December 31,2025",2025,2024,782600000,-636140000,105891000,0.174,71958000,,,,,,,no-reconciling-total-assets-liabilities-equity,https://apigateway.adx.ae/adx/cdn/1.0/content/download/4746296
ADX,SCIDC,2025-11-13 00:00:00.0,"Sharjah Cement and Industrial Development Co. Financial Results for the Period Ended September 30,2025",Q3 2025,Q3 2024,554925000,-466687000,59197000,0.097,61536000,,,,,,,no-reconciling-total-assets-liabilities-equity,https://apigateway.adx.ae/adx/cdn/1.0/content/download/4596925
ADX,SIB,2026-07-13 00:00:00.0,"Sharjah Islamic Bank Financial Results for the Period Ended June 30,2026",Q2 2026,Q2 2025,1401999999.9999998,-516000000,804000000,0.21,7988000000,,,,,,,no-reconciling-total-assets-liabilities-equity,https://apigateway.adx.ae/adx/cdn/1.0/content/download/5168450
ADX,SIB,2026-04-13 00:00:00.0,"Sharjah Islamic Bank Financial Results for the Period Ended March 31,2026",Q1 2026,Q1 2025,1259000000,-850000000,381000000,0.12,7096000000,,,,,,,no-reconciling-total-assets-liabilities-equity,https://apigateway.adx.ae/adx/cdn/1.0/content/download/4824665
ADX,SIB,2026-02-02 00:00:00.0,"Sharjah Islamic Bank Financial Results for the Period Ended December 31,2025",2025,2024,4930000000,-3559000000,1317000000,0.38,13255000000,,,,,,,no-reconciling-total-assets-liabilities-equity,https://apigateway.adx.ae/adx/cdn/1.0/content/download/4678892
ADX,SIB,2025-10-07 00:00:00.0,"Sharjah Islamic Bank Financial Results for the Period Ended September 30,2025",Q3 2025,Q3 2024,3663000000,-2448000000,1105000000,0.33,7517000000,,,,,,,no-reconciling-total-assets-liabilities-equity,https://apigateway.adx.ae/adx/cdn/1.0/content/download/4551443
ADX,SPACE42,2026-08-05 00:00:00.0,"SPACE42 PLC Financial Results for the Period Ended June 30,2026",Q2 2026,Q2 2025,260000000,-244000000,15000000,0.384,1151000000,3757863,1958187,1799676,true,false,,,https://apigateway.adx.ae/adx/cdn/1.0/content/download/5241374
ADX,SPACE42,2026-05-13 00:00:00.0,"SPACE42 PLC Financial Results for the Period Ended March 31,2026",Q1 2026,Q1 2025,116000000,-64000000,3000000,0.097,1024000000,3620192,1835763,1784429,true,false,,,https://apigateway.adx.ae/adx/cdn/1.0/content/download/4916279
ADX,SPACE42,2026-02-25 00:00:00.0,"SPACE42 PLC Financial Results for the Period Ended December 31,2025",2025,2024,576667000,-657011000,-55434000,-1.752,995017000,3610364,1833265,1777099,true,false,AED'000,,https://apigateway.adx.ae/adx/cdn/1.0/content/download/4716139
ADX,SPACE42,2025-11-06 00:00:00.0,"SPACE42 PLC Financial Results for the Period Ended September 30,2025",Q3 2025,Q3 2024,362646000,-215253000,56060000,0.79,705238000,3485640,1594487,1891153,true,false,AED'000,,https://apigateway.adx.ae/adx/cdn/1.0/content/download/4582021
ADX,SUDATEL,2026-08-04 00:00:00.0,"Sudatel Telecommunications Group Company Limited Financial Results for the Period Ended June 30,2026",Q2 2026,Q2 2025,278890000,-176353000,14359000,0.011,42762000,,,,,,,no-reconciling-total-assets-liabilities-equity,https://apigateway.adx.ae/adx/cdn/1.0/content/download/5237525
ADX,SUDATEL,2026-06-29 00:00:00.0,"Sudatel Telecommunications Group Company Limited Financial Results for the Period Ended March 31,2026",Q1 2026,Q1 2025,140336000,-86594000,5734000,0.004,78331000,,,,,,,no-reconciling-total-assets-liabilities-equity,https://apigateway.adx.ae/adx/cdn/1.0/content/download/5077894
ADX,SUDATEL,2026-04-24 01:00:00.0,"Sudatel Telecommunications Group Company Limited Financial Results for the Period Ended December 31,2025",2025,2024,452475000,-194302000,117535000,0.085,47526000,,,,,,,no-reconciling-total-assets-liabilities-equity,https://apigateway.adx.ae/adx/cdn/1.0/content/download/4842565
ADX,SUDATEL,2025-12-29 00:00:00.0,"Sudatel Telecommunications Group Company Limited Financial Results for the Period Ended September 30,2025",Q3 2025,Q3 2024,327921000,-138857000,71082000,0.051,44574000,,,,,,,no-reconciling-total-assets-liabilities-equity,https://apigateway.adx.ae/adx/cdn/1.0/content/download/4639387
ADX,SUDATEL,2025-10-15 00:00:00.0,"Sudatel Telecommunications Group Company Limited Financial Results for the Period Ended June 30,2025",Q2 2025,Q2 2024,214850000,-90102000,39525000,0.029,40939000,,,,,,,no-reconciling-total-assets-liabilities-equity,https://apigateway.adx.ae/adx/cdn/1.0/content/download/4554549
ADX,TKFL,2026-08-13 00:00:00.0,"Abu Dhabi National Takaful Co. Financial Results for the Period Ended June 30,2026",Q2 2026,Q2 2025,526010999.99999994,-397341000,64143000,0.61,81869000,1695266514,1063739484,633587039,true,false,,,https://apigateway.adx.ae/adx/cdn/1.0/content/download/5266748
ADX,TKFL,2026-05-15 00:00:00.0,"Abu Dhabi National Takaful Co. Financial Results for the Period Ended March 31,2026",Q1 2026,Q1 2025,260611000,-322433000,35927000,0.34,52498000,1622088926,1003025532,619063394,true,false,,,https://apigateway.adx.ae/adx/cdn/1.0/content/download/4912631
ADX,TKFL,2026-03-17 00:00:00.0,"Abu Dhabi National Takaful Co. Financial Results for the Period Ended December 31,2025",2025,2024,962581000,-689400000,132805000,1.26,76852000,1684794552,1082739575,601316465,true,false,,,https://apigateway.adx.ae/adx/cdn/1.0/content/download/4771130
ADX,TKFL,2025-11-12 00:00:00.0,"Abu Dhabi National Takaful Co. Financial Results for the Period Ended September 30,2025",Q3 2025,Q3 2024,676666000,-480639000,89304000,0.85,33113000,,,,,,,scanned-image,https://apigateway.adx.ae/adx/cdn/1.0/content/download/4596339
ADX,UAB,2026-07-22 00:00:00.0,"United Arab Bank Financial Results for the Period Ended June 30,2026",Q2 2026,Q2 2025,784000000,-562000000,201000000,0.06,1205000000,27748079,23709321,4038758,true,false,,,https://apigateway.adx.ae/adx/cdn/1.0/content/download/5209959
ADX,UAB,2026-04-22 00:00:00.0,"United Arab Bank Financial Results for the Period Ended March 31,2026",Q1 2026,Q1 2025,423000000,-269000000,75000000,0.02,-791000000,,,,,,,no-reconciling-total-assets-liabilities-equity,https://apigateway.adx.ae/adx/cdn/1.0/content/download/4839630
ADX,UAB,2026-02-09 00:00:00.0,"United Arab Bank Financial Results for the Period Ended December 31,2025",2025,2024,1508000000,-1077000000,438000000,0.18,2153000000,26999976,22968321,4031655,true,false,,,https://apigateway.adx.ae/adx/cdn/1.0/content/download/4692437
ADX,UAB,2025-10-27 00:00:00.0,"United Arab Bank Financial Results for the Period Ended September 30,2025",Q3 2025,Q3 2024,1113000000,-801000000,316000000,0.14,-1269000000,,,,,,,no-reconciling-total-assets-liabilities-equity,https://apigateway.adx.ae/adx/cdn/1.0/content/download/4572886
ADX,WAHA,2026-07-28 00:00:00.0,"Waha Capital Company Financial Results for the Period Ended June 30,2026",Q2 2026,Q2 2025,478000000,-141000000,338000000,0.18,291000000,5668631,727032,4941599,true,false,,,https://apigateway.adx.ae/adx/cdn/1.0/content/download/5223555
ADX,WAHA,2026-05-14 00:00:00.0,"Waha Capital Company Financial Results for the Period Ended March 31,2026",Q1 2026,Q1 2025,113000000,-56000000,57000000,0.03,186000000,,,,,,,no-reconciling-total-assets-liabilities-equity,https://apigateway.adx.ae/adx/cdn/1.0/content/download/4911823
ADX,WAHA,2026-02-16 00:00:00.0,"Waha Capital Company Financial Results for the Period Ended December 31,2025",2025,2024,1897000000,-615000000,1277000000,0.542,456000000,5595512,795788,4799724,true,false,,,https://apigateway.adx.ae/adx/cdn/1.0/content/download/4702018
ADX,WAHA,2025-11-05 00:00:00.0,"Waha Capital Company Financial Results for the Period Ended September 30,2025",Q3 2025,Q3 2024,1084000000,-471000000,608000000,0.184,904000000,,,,,,,no-reconciling-total-assets-liabilities-equity,https://apigateway.adx.ae/adx/cdn/1.0/content/download/4586918
DFM,AIRARABIA,"Feb 13, 2026 08:57:00",Financial statements for the year of 2025,Yearly 2025,,7787581,,,0.35,,,,,,,,,https://feeds.dfm.ae/documents/2026/Feb/13/73b5a981-71a4-47f1-b4fd-b4944d8ef172/Air%20Arabia%20FS%202025%20130226%200127PM_.pdf
DFM,AJMANBANK,"Jul 23, 2026 16:23:00",Financial statements for the 2nd QTR of 2026,Q2 2026,,,,116848,,,,,,,,,,https://feeds.dfm.ae/documents/2026/Jul/23/17d895e4-740a-4120-9636-3a49a1476dc8/AJMANBANK%20FS%20Q2%20E%2023%2007%202026.Pdf.pdf
DFM,AJMANBANK,"Apr 29, 2026 15:20:09",Financial statements for the 1st QTR of 2026,Q1 2026,,,,129565,0.048,,,,,,,,,https://feeds.dfm.ae/documents/2026/Apr/29/07a04824-b6c7-4169-98a6-36d8e2620e15/AJMANBANK%20FS%20Q1%20E%2029%2004%202026.Pdf.pdf
DFM,AJMANBANK,"Jan 28, 2026 15:07:18",Financial statements for the year of 2025,Yearly 2025,,,,,0.203,,,,,,,,,https://feeds.dfm.ae/documents/2026/Jan/28/dfbe0aef-e630-442a-a286-10c80998380c/AJMANBANK%20FS%20Ann%20E%202.pdf
DFM,ALANSARI,"Aug 13, 2026 19:02:23",Financial statements for the 2nd QTR of 2026,Q2 2026,,320844,,,0.0098,,,,,,,,,https://feeds.dfm.ae/documents/2026/Aug/13/1e8499ec-dc49-455d-8a11-5cdf9113160f/AL%20ANSARI%20FS%20Q2%202026.Pdf.pdf
DFM,ALANSARI,"May 15, 2026 08:45:00",Financial statements for the 1st QTR of 2026,Q1 2026,,326649,,,0.0103,,,,,,,,,https://feeds.dfm.ae/documents/2026/May/15/1fa0c05b-7618-4ff9-865c-04c2be95e58e/AAFS%20FS%20Q1%202026%20Financial%20Statements%20EN.Pdf.pdf
DFM,ALANSARI,"Feb 13, 2026 08:10:00",Financial statements for the year of 2025,Yearly 2025,,1325720,,,0.0536,,,,,,,,,https://feeds.dfm.ae/documents/2026/Feb/13/b2804db9-f8e7-4085-8623-7a3a25482152/AAFS%20FS%202025%20English.pdf
DFM,ALEC,"Aug 13, 2026 13:35:08",Financial statements for the first half of 2026,Q2 2026,,,,237805,,,,,,,,,,https://feeds.dfm.ae/documents/2026/Aug/13/99a72960-6fa6-4fb0-8428-67c18ebdeda2/ALEC%20Holdings%20PJSC%20%20%20CFS%20Q2%202026.Pdf.pdf
DFM,ALEC,"May 08, 2026 16:33:07",Financial statements for the 1st QTR of 2026,Q1 2026,,,,230464,0.046,,,,,,,,,https://feeds.dfm.ae/documents/2026/May/8/99657f6f-4fda-43fe-9cca-a0800dc4ca82/ALEC%20Holdings%20LLC%20%20%20%20CFS%20Q1%202026%20English.Pdf.pdf
DFM,ALEC,"Feb 11, 2026 15:16:00",Financial statements for the year of 2025,Yearly 2025,,,,,0.137,,,,,,,,,https://feeds.dfm.ae/documents/2026/Feb/11/e38cbf0c-5724-43ce-b55d-3fa8af11b85b/ALEC%20Holdings%20%20%20CFS%20.pdf
DFM,ALRAMZ,"Aug 03, 2026 20:10:00",Financial statements for the 2nd QTR of 2026,Q2 2026,,64333,,23750,0.043,,,,,,,,,https://feeds.dfm.ae/documents/2026/Aug/3/431a6257-c4dc-466c-8da6-028f6ec472f4/ENFS%20Al%20Ramz%20Corporation%20Investment%20And%20Developmen.pdf
DFM,ALRAMZ,"May 11, 2026 18:53:00",Financial statements for the 1st QTR of 2026,Q1 2026,,41578,,12082,0.022,,,,,,,,,https://feeds.dfm.ae/documents/2026/May/11/13f0e7eb-1094-404a-bf68-4d9bc4366fb5/ENFS%20Al%20Ramz%20Corporation%20PJSC%20%20%20Q1%202026.Pdf.pdf
DFM,AMAN,"Aug 14, 2026 18:08:01",Financial statements for the 2nd QTR of 2026,Q2 2026,,4909047,,,,,,,,,,,,https://feeds.dfm.ae/documents/2026/Aug/14/bfd059b7-dd4a-42bc-afb2-92682a778ffc/AMAN%20FS%20Q2%20E%2014.08.2026.Pdf.pdf
DFM,AMAN,"Apr 08, 2026 09:33:00",Financial statements for the year of 2025,Yearly 2025,,20345521,,,,,,,,,,,,https://feeds.dfm.ae/documents/2026/Apr/8/fc616ec5-7b47-4502-a746-4d50c1ff34df/AMAN%20FS%20Q4%20E%2008.04.2.pdf
DFM,AMLAK,"Aug 11, 2026 15:41:49",Financial statements for the first half of 2026,Q2 2026,,22550,,15716,0.0161,,,,,,,,,https://feeds.dfm.ae/documents/2026/Aug/11/a2c7624e-5300-4465-a502-f60bf2c00782/Amlak%20Finance%20PJSC%20%20ENG%20%20FS%2030%20Jun%202026.Pdf.pdf
DFM,AMLAK,"May 12, 2026 15:32:21",Financial statements for the 1st QTR of 2026,Q1 2026,,25342,,28214,0.0344,,,,,,,,,https://feeds.dfm.ae/documents/2026/May/12/eb20ee08-b078-4242-a875-175f73ee4eec/Amlak%20Finance%20PJSC%2031%20March%202026%20Consolidated%20%20%20En.pdf
DFM,ARMX,"Aug 05, 2026 17:53:14",Financial statements for the 2nd QTR of 2026,Q2 2026,,,,64391,0.032,,,,,,,,,https://feeds.dfm.ae/documents/2026/Aug/5/ad5b0f8f-a3aa-42e4-b2f2-f8f144ca218d/ARMX%20FS%20Q2%202026%20E%2005%2008%202026.Pdf.pdf
DFM,ARMX,"May 08, 2026 19:55:48",Financial statements for the 1st QTR of 2026,Q1 2026,,,,16844,0.012,,,,,,,,,https://feeds.dfm.ae/documents/2026/May/8/bd16e382-1d27-46ca-b8df-a9bd20755633/ARMX%20FS%20Q1%202026%20E%2008%2005%202026.Pdf.pdf
DFM,ASNIC,"Aug 14, 2026 22:05:42",Financial statements for the 2nd QTR of 2026,Q2 2026,,,,,-0.17,,,,,,,,,https://feeds.dfm.ae/documents/2026/Aug/14/70a5b45a-9eb2-4ca1-9437-2c44d990454f/Al%20Sagr%20National%20Insurance%20Company%20PSC%20Financial%20S.pdf
DFM,ASNIC,"May 15, 2026 20:21:00",Financial statements for the 1st QTR of 2026,Q1 2026,,,,2294911,0.01,,,,,,,,,https://feeds.dfm.ae/documents/2026/May/15/0b2b9d94-9397-4f71-9928-02ce16900bc4/Financials%2031%20%2003%202026%20English.Pdf.pdf
DFM,BHMCAPITAL,"Aug 06, 2026 17:47:00",Financial statements for the first half of 2026,Q2 2026,,,,11389978,0.06,,,,,,,,,https://feeds.dfm.ae/documents/2026/Aug/6/b15e3c2a-7eae-4bc0-9e37-32a4638318ce/BHM%20Capital%20Financials%20English%20%20%20Consolidated%20Inte.pdf
DFM,CBD,"Jul 22, 2026 15:02:10",Financial statements for the 2nd QTR of 2026,Q2 2026,,,,885582,,,,,,,,,,https://feeds.dfm.ae/documents/2026/Jul/22/982c8e48-0b80-44cf-8b5c-31eedba0fa0e/CBD%20Financial%20Statements%2030%20June%202026%20English.Pdf.pdf
DFM,CBD,"Apr 22, 2026 15:02:13",Financial statements for the 1st QTR of 2026,Q1 2026,,,,830030,0.28,,,,,,,,,https://feeds.dfm.ae/documents/2026/Apr/22/b6e6948d-4ac5-4c0b-a7ca-eff7efc9fc21/CBD%20Financial%20Statem.pdf
DFM,CBD,"Jan 21, 2026 15:02:12",Financial statements for the year of 2025,Yearly 2025,,,,,1.13,,,,,,,,,https://feeds.dfm.ae/documents/2026/Jan/21/d1f03e8f-4cf6-4dc3-969e-893c4353800e/CBD%20Financial%20Statem.pdf
DFM,DAMAC,"Mar 25, 2022 08:41:07",Financial statements for the year of 2021,Yearly 2021,,2967132,,,,,,,,,,,,https://feeds.dfm.ae/documents/2022/Mar/25/a0b76672-f231-4968-a4ac-59cf3300028e/DAMAC_FS_2021_E_24_03_2021.pdf
DFM,DEWA,"Aug 12, 2026 11:45:00",Financial statements for the 2nd QTR of 2026,Q2 2026,,8412995,,3328285,0.046,,,,,,,,,https://feeds.dfm.ae/documents/2026/Aug/12/c912af12-eadc-44ab-9cd7-16e60d1a3d8d/Dubai%20Electricity%20And%20Water%20Authority%20PJSC%20%20%20FS%20%20%20.pdf
DFM,DEWA,"May 12, 2026 12:08:04",Financial statements for the 1st QTR of 2026,Q1 2026,,6451762,,941061,0.018,,,,,,,,,https://feeds.dfm.ae/documents/2026/May/12/cd67f020-9be5-42a8-8f89-3045202fde9c/DEWA.ENG.Q1.pdf
DFM,DEWA,"Feb 27, 2026 13:38:10",Financial statements for the year of 2025,Yearly 2025,,,,,0.167,,,,,,,,,https://feeds.dfm.ae/documents/2026/Feb/27/3fc534cd-2159-48c9-a6b7-371fab22cace/DEWA%20Consolidated%20FS.pdf
DFM,DEYAAR,"Aug 03, 2026 16:55:00",Financial statements for the 2nd QTR of 2026,Q2 2026,,505494,,168139,,,,,,,,,,https://feeds.dfm.ae/documents/2026/Aug/3/ff67cbbb-33bf-46bc-841b-f82dde031e82/Deyaar%20Development%20PJSC%20%20%20FS%20ENG%20%2030%20Jun%202026.Pdf.pdf
DFM,DEYAAR,"May 12, 2026 08:31:00",Financial statements for the 1st QTR of 2026,Q1 2026,,447084,,130157,,,,,,,,,,https://feeds.dfm.ae/documents/2026/May/11/bdb1b58d-4106-44e7-a58b-ebc4950e6244/Deyaar%20Development%20PJSC%20FS%2031%20Mar%202026%20English.Pdf.pdf
DFM,DEYAAR,"Feb 11, 2026 16:28:17",Financial statements for the year of 2025,Yearly 2025,,1972114,,,,,,,,,,,,https://feeds.dfm.ae/documents/2026/Feb/11/10c08363-8e8a-483a-a6af-60e5bae617a5/Deyaar%20FS%202025%20%20Engl.pdf
DFM,DIB,"Jul 14, 2026 19:04:22",Financial statements for the 2nd QTR of 2026,Q2 2026,,6142992,,1937578,0.25,,,,,,,,,https://feeds.dfm.ae/documents/2026/Jul/14/3d84c08e-4f2d-42f0-9707-656a294349b8/DIB%20FS%20E%2014%2007%202026.Pdf.pdf
DFM,DIB,"Apr 28, 2026 19:42:22",Financial statements for the 1st QTR of 2026,Q1 2026,,6295942,,1798730,0.24,,,,,,,,,https://feeds.dfm.ae/documents/2026/Apr/28/0172ec10-118c-41b5-bf25-70d71a417a0a/DIB%20FS%20E%2028%2004%202026.Pdf.pdf
DFM,DIC,"Aug 10, 2026 18:01:48",Financial statements for the 2nd QTR of 2026,Q2 2026,,1272789,,642441,0.11,,,,,,,,,https://feeds.dfm.ae/documents/2026/Aug/10/a18f9206-61fe-4f91-bf14-eeba95b07861/Dubai%20Investments%20PJSC%2030%20June%202026%20Consolidated%20%20.pdf
DFM,DIC,"May 11, 2026 19:39:53",Financial statements for the 1st QTR of 2026,Q1 2026,,765730,,,0.04,,,,,,,,,https://feeds.dfm.ae/documents/2026/May/11/ec2c0cc3-7960-4b36-ba5f-0d037d47e14f/DIC%20FS%20E%20Q1%202026%2011%2005%202026.Pdf.pdf
DFM,DIN,"Jul 30, 2026 17:04:26",Financial statements for the 2nd QTR of 2026,Q2 2026,,,,41360,,,,,,,,,,https://feeds.dfm.ae/documents/2026/Jul/30/eea60ab4-ef3e-4485-b8bd-ac5a834a2edb/Dubai%20Insurance%20FS%20%20%20Q2%202026%20%20%20English%20FS%20%20%20Copy.P.pdf
DFM,DIN,"May 11, 2026 17:12:00",Financial statements for the 1st QTR of 2026,Q1 2026,,,,70438,,,,,,,,,,https://feeds.dfm.ae/documents/2026/May/11/5b7031f6-24c7-4345-803f-dd25afcd0e2d/DIN%201Q%20E%202026.Pdf.pdf
DFM,DIN,"Feb 17, 2026 15:48:11",Financial statements for the year of 2025,Yearly 2025,,,,,1.906,,,,,,,,,https://feeds.dfm.ae/documents/2026/Feb/17/e966dbae-fa0d-4c14-972d-9b11461f7f68/DIN%20FINANCIALS%202025%20.pdf
DFM,DRC,"Feb 11, 2026 08:46:00",Financial statements for the year of 2025,Yearly 2025,,,,,,,,,,,,,,https://feeds.dfm.ae/documents/2026/Feb/11/1e633cd7-ed30-403a-9c79-3496f882be2b/Dubai%20Refreshment%20PJ.pdf
DFM,DSI,"Aug 07, 2026 17:30:40",Financial statements for the 2nd QTR of 2026,Q2 2026,,136743,,,0.002,,,,,,,,,https://feeds.dfm.ae/documents/2026/Aug/7/735700f5-c1ee-41e6-ad47-dc62e3ea0955/DSI%20FS%20E%207%208%202026.Pdf.pdf
DFM,DTC,"Jul 23, 2026 19:51:13",Financial statements for the 2nd QTR of 2026,Q2 2026,,,,10414364,0.0042,,,,,,,,,https://feeds.dfm.ae/documents/2026/Jul/23/c42cfa3d-7eb3-4196-9f1e-b67a711176ad/DTC%20FS%20Q2%20E%2023%2007%202026.Pdf.pdf
DFM,DU,"Jul 22, 2026 18:48:52",Financial statements for the 2nd QTR of 2026,Q2 2026,,1800875,,1449267,0.18,,,,,,,,,https://feeds.dfm.ae/documents/2026/Jul/22/9136b93c-0ec5-4923-b223-9fe7b0c3438c/EITC%20Consolidated%20Financial%20Statements%20For%20The%20Per.pdf
DFM,DU,"Apr 22, 2026 18:11:41",Financial statements for the 1st QTR of 2026,Q1 2026,,1845439,,722499,0.18,,,,,,,,,https://feeds.dfm.ae/documents/2026/Apr/22/3873662b-be76-463d-97f8-d01f1b5e286c/EITC%20Consolidated%20Fi.pdf
DFM,EIB,"Oct 23, 2025 07:49:06",Financial statements for the 3rd QTR of 2025,Q3 2025,,,,,,,,,,,,,,https://feeds.dfm.ae/documents/2025/Oct/23/0572279a-c318-48d4-a189-2ed3aaa2be18/1.%20Emirates%20Islamic%20.pdf
DFM,EIB,"Jul 24, 2025 07:56:05",Financial statements for the 2nd QTR of 2025,Q2 2025,,,,853804,,,,,,,,,,https://feeds.dfm.ae/documents/2025/Jul/24/69aa2d23-62ae-486d-84d2-7c9a014bc205/1.%20Emirates%20Islamic%20.pdf
DFM,EIB,"Apr 22, 2025 07:59:10",Financial statements for the 1st QTR of 2025,Q1 2025,,,,1009380,,,,,,,,,,https://feeds.dfm.ae/documents/2025/Apr/21/9b195371-1680-4b7a-ac98-ebe9639c6a96/Emirates%20Islamic%20Ban.pdf
DFM,EIBANK,"Aug 10, 2026 09:03:45",Financial statements for the 2nd QTR of 2026,Q2 2026,,,,,,,,,,,,,,https://feeds.dfm.ae/documents/2026/Aug/10/d4436416-9314-41c3-a4eb-f02985134bac/En%20%20%20EIB%20FS%20Q2%202026%20V4%20%20%20Set.Pdf.pdf
DFM,EIBANK,"May 07, 2026 17:55:02",Financial statements for the 1st QTR of 2026,Q1 2026,,,,,,,,,,,,,,https://feeds.dfm.ae/documents/2026/May/7/4a8394e6-3551-489d-9559-d83b05e49db9/En%20%20%20EIB%20FS%20Q1%202026%20Signed%20Set.Pdf.pdf
DFM,EIBANK,"Feb 11, 2026 17:32:08",Financial statements for the year of 2025,Yearly 2025,,,,,8.36,,,,,,,,,https://feeds.dfm.ae/documents/2026/Feb/11/2aef9f4a-e932-48c7-adf9-1df0e5c2d986/En%20%20%20Eibank%20PJSC%20FS%20.pdf
DFM,EIBANK,"Nov 10, 2025 15:02:08",Financial statements for the 3rd QTR of 2025,Q3 2025,,,,,,,,,,,,,,https://feeds.dfm.ae/documents/2025/Nov/10/2a4133eb-7185-4223-bb5b-39259027a651/En%20%20%20Eibank%20Financia.pdf
DFM,EMAAR,"Aug 07, 2026 08:51:16",Financial statements for the 2nd QTR of 2026,Q2 2026,,11509517,,4736545,0.42,,,,,,,,,https://feeds.dfm.ae/documents/2026/Aug/7/11340cb3-ebb9-4519-ba35-6472803fd7b0/Emaar%20Properties%20PJSC%20And%20Its%20Subsidiaries%2030%20June.pdf
DFM,EMAAR,"May 11, 2026 08:07:27",Financial statements for the 1st QTR of 2026,Q1 2026,,12398012,,6412121,0.57,,,,,,,,,https://feeds.dfm.ae/documents/2026/May/11/ca83f2b5-7d91-4674-86d5-810f5ee11c99/FS%20%20%20Emaar%20Properties%20PJSC%20And%20Its%20Subsidiaries%2031.pdf
DFM,EMAAR,"Feb 12, 2026 16:48:46",Financial statements for the year of 2025,Yearly 2025,,49557263,,,1.99,,,,,,,,,https://feeds.dfm.ae/documents/2026/Feb/12/9e0de168-d6ee-4ebe-a343-58b56a84ab2f/Emaar%20Properties%20PJS.pdf
DFM,EMAARDEV,"Aug 07, 2026 08:51:00",Financial statements for the 2nd QTR of 2026,Q2 2026,,6480280,,3199865,0.66,,,,,,,,,https://feeds.dfm.ae/documents/2026/Aug/7/dfb65009-b6da-490f-bef9-3ccc64fc27f6/Emaar%20Development%20PJSC%20FS%2030%20June%202026%20English.Pdf.pdf
DFM,EMAARDEV,"May 11, 2026 08:01:05",Financial statements for the 1st QTR of 2026,Q1 2026,,6856257,,3506820,0.73,,,,,,,,,https://feeds.dfm.ae/documents/2026/May/11/4cc67623-a590-4b3f-8954-0e0b5bb65133/Emaar%20Development%20PJSC%20FS%2031%20March%202026%20English.Pd.pdf
DFM,EMAARDEV,"Feb 12, 2026 16:36:30",Financial statements for the year of 2025,Yearly 2025,,27485826,,,2.83,,,,,,,,,https://feeds.dfm.ae/documents/2026/Feb/12/3553986b-25f4-430b-be30-92a6ef54a49c/Emaar%20Development%20PJ.pdf
DFM,EMAARDEV,"Nov 06, 2025 15:12:42",Financial statements for the 3rd QTR of 2025,Q3 2025,,,,,,,,,,,,,,https://feeds.dfm.ae/documents/2025/Nov/6/a0c17832-2e8a-4d9c-a88d-537cc95c2c67/Emaar%20Development%20PJ.pdf
DFM,EMAARMALLS,"Nov 11, 2021 17:10:00",Financial statements for the 3rd QTR of 2021,Q3 2021,,,,,,,,,,,,,,https://feeds.dfm.ae/documents/2021/Nov/11/866fea29-f598-4f83-936e-3a3b9a86c0ff/EMAARMALLS_FS_Q3_E_11_11_21.pdf
DFM,EMIRATESNBD,"Jul 23, 2026 07:47:49",Financial statements for the 2nd QTR of 2026,Q2 2026,,,,,,,,,,,,,,https://feeds.dfm.ae/documents/2026/Jul/23/84be7db5-d011-45db-a4a9-748eefcee75e/3.%20Emirates%20NBD%20H1%202026%20Results%20Presentation.Pdf.pdf
DFM,EMIRATESNBD,"Apr 23, 2026 07:55:00",Financial statements for the 1st QTR of 2026,Q1 2026,,,,,,,,,,,,,,https://feeds.dfm.ae/documents/2026/Apr/22/0561fe7b-97b6-4652-8c8f-60d913335a60/Emirates%20NBD%20Q1%202026%20Financial%20Statements%20English.pdf
DFM,EMPOWER,"Aug 06, 2026 09:13:12",Financial statements for the 2nd QTR of 2026,Q2 2026,,888842,,,,,,,,,,,,https://feeds.dfm.ae/documents/2026/Aug/6/e99ef8e9-6bcc-443d-997e-229f82408bb0/EMPOWER%20FS%20Q2%20E%2005%2008%202026.Pdf.pdf
DFM,ERC,"Aug 14, 2026 15:02:15",Financial statements for the 2nd QTR of 2026,Q2 2026,,117961071,,1594011,,,,,,,,,,https://feeds.dfm.ae/documents/2026/Aug/14/aa53eb05-4524-45c1-988c-64afbbbe9094/ERC%20%20Q2%20English%20Financial%20Statement%2030%20June%202026.P.pdf
DFM,ERC,"May 14, 2026 19:47:08",Financial statements for the 1st QTR of 2026,Q1 2026,,72704284,,,,,,,,,,,,https://feeds.dfm.ae/documents/2026/May/14/24079245-bdc3-4488-b204-59d54a07f99f/FS%20English%20ERC%20%20Q1%202026.Pdf.pdf
DFM,ERC,"Mar 09, 2026 00:01:16",Financial statements for the year of 2025,Yearly 2025,,191684656,,,0.027,,,,,,,,,https://feeds.dfm.ae/documents/2026/Mar/7/729ca00a-4411-4ebb-a491-a8eff589ee7d/ERIC%20%20%20Signed%20%20%20FS%20%20.pdf
DFM,ERC,"Nov 13, 2025 15:02:10",Financial statements for the 3rd QTR of 2025,Q3 2025,,,,,,,,,,,,,,https://feeds.dfm.ae/documents/2025/Nov/13/21079c49-8e29-4aea-94ae-ee8b77321290/ERC%20%20%20Q3%202025%20%20%20FS%20E.pdf
DFM,GFH,"Aug 13, 2026 22:43:17",Financial statements for the 2nd QTR of 2026,Q2 2026,,158819,,42231,17,,,,,,,,,https://feeds.dfm.ae/documents/2026/Aug/13/e862134a-2f08-47cc-9522-83e2fd04c642/Signed%20FS%20English.Pdf.pdf
DFM,GFH,"May 14, 2026 19:50:27",Financial statements for the 1st QTR of 2026,Q1 2026,,,,34340,1.01,,,,,,,,,https://feeds.dfm.ae/documents/2026/May/14/65c678ac-66e7-4b8d-b32a-be6f3554ab95/GFH%20Q1%20%202026%20English%20FS%20Full%20Set.Pdf.pdf
DFM,ITHMR,"Aug 12, 2026 15:37:00",Financial statements for the 2nd QTR of 2026,Q2 2026,,186869,,,,,,,,,,,,https://feeds.dfm.ae/documents/2026/Aug/12/02bd2737-32ae-4aab-b332-4ced9f07a125/08122026%20Financials%20Ithmaar%20Holding%2030%20June%202026%20F.pdf
DFM,ITHMR,"May 13, 2026 17:15:15",Financial statements for the 1st QTR of 2026,Q1 2026,,180398,,,0.04,,,,,,,,,https://feeds.dfm.ae/documents/2026/May/13/816f0564-f779-4427-8171-e1d343f33fc2/05132026%20Financials%20Ithmaar%20Holding%2031%20March%202026%20.pdf
DFM,MARKA,"May 30, 2019 14:36:00",Financial statements for the year of 2018,Yearly 2018,,76025,,,,,,,,,,,,https://feeds.dfm.ae/documents/2019/May/30/04b34cce-26b1-49d3-9e01-b2651e0e7d13/MARKA_FS_ANN_2018_E_13_05_2019.pdf
DFM,MASQ,"Jul 30, 2026 15:03:02",Financial statements for the 2nd QTR of 2026,Q2 2026,,,,2120901,19.16,,,,,,,,,https://feeds.dfm.ae/documents/2026/Jul/30/be3df509-10b4-4d31-8314-696369c596ce/Mashreqbank%20PSC%20CFS%202026Q2%20English.Pdf.pdf
DFM,MASQ,"Apr 30, 2026 15:02:00",Financial statements for Q1 2026,Q1 2026,,,,1926668,9.15,,,,,,,,,https://feeds.dfm.ae/documents/2026/Apr/30/0c36261a-9517-4de2-a46b-4cf200be5fb6/Mashreqbank%20PSC%20-%20CFS%202026-Q1.pdf
DFM,MAZAYA,"Jul 29, 2026 20:13:00",Financial Statements for the 2nd QTR of 2026,Q2 2026,,152264,,,,,,,,,,,,https://feeds.dfm.ae/documents/2026/Jul/29/48c23e0f-d3f4-4bbd-ae0f-d6772cb26be8/Mazaya%20FS%20%20E%20Q2%2031%2003%202026.Pdf.pdf
DFM,MAZAYA,"Apr 29, 2026 18:39:00",Financial Statements for the 1st QTR of 2026,Q1 2026,,,,,,,,,,,,,,https://feeds.dfm.ae/documents/2026/Apr/29/6aca4d53-43be-4ffb-8ee2-799ace589921/Mazaya%20FS%20%20E%20Q1%2031%2003%202026.Pdf.pdf
DFM,MKHZN,"May 16, 2026 22:03:00",Financial statements for the 1st QTR of 2026,Q1 2026,,,,,,,,,,,,,,https://feeds.dfm.ae/documents/2026/May/16/db7a46b5-e91d-41b4-ab62-f0a1e040a5d2/Agility%20FS%20Q1%2031%20Mar%202026.Pdf.pdf
DFM,ORIENT,"Aug 03, 2026 17:43:00",Financial statements for the 2nd QTR of 2026,Q2 2026,,,,534210,,,,,,,,,,https://feeds.dfm.ae/documents/2026/Aug/3/51b619c0-8f74-4338-982e-4333b3942905/ORIENT%20FS%20E%2003%2008%202026.Pdf.pdf
DFM,ORIENT,"May 11, 2026 18:02:00",Financial statements for the 1st QTR of 2026,Q1 2026,,,,,,,,,,,,,,https://feeds.dfm.ae/documents/2026/May/11/d3309d03-d585-4ed8-8190-2ab73002a294/ORIENT%20FS%20E%2011%2005%202026.Pdf.pdf
DFM,ORIENTTKAFUL,"Aug 04, 2026 18:04:10",Financial statements for the 2nd QTR of 2026,Q2 2026,,,,28355,,,,,,,,,,https://feeds.dfm.ae/documents/2026/Aug/4/0f9f3dcf-0263-41e7-8658-c5efa1054991/ORIENTTKAFUL%20FS%20Q2%20E%2004.08.2026.Pdf.pdf
DFM,ORIENTTKAFUL,"May 12, 2026 19:12:00",Financial statements for the 1st QTR of 2026,Q1 2026,,,,22700,,,,,,,,,,https://feeds.dfm.ae/documents/2026/May/12/5af44ff5-6a28-44b3-aff3-d51198f1c4c5/ORIENTTKAFUL%20FS%20Q1%20E%2012.05.2026.Pdf.pdf
DFM,PARKIN,"Aug 13, 2026 19:18:40",Financial Statements for the 2nd QTR of 2026,Q2 2026,,359675,,,,,,,,,,,,https://feeds.dfm.ae/documents/2026/Aug/13/4438e409-34ee-4774-b69b-c0ff48365ff9/Parkin%20Q2%202026%20FS%2013%20Aug%202026%20ENG.Pdf.pdf
DFM,PARKIN,"May 06, 2026 19:38:27",Financial Statements for the 1st QTR of 2026,Q1 2026,,379359,,,,,,,,,,,,https://feeds.dfm.ae/documents/2026/May/6/ffffcfe8-fdc6-4f65-b93d-35b3b4a0313a/Q1%202026%20FS%20ENG%206%20May%202026.Pdf.pdf
DFM,SALAMA,"Aug 13, 2026 21:20:27",Financial statements for the 2nd QTR of 2026,Q2 2026,,,,14307,0.021,,,,,,,,,https://feeds.dfm.ae/documents/2026/Aug/13/7d637b48-46a9-4e57-be51-0a8d3090344f/Salama%20FS%20IFRS%2017%20Q2%202026%20%20%20Signed.Pdf.pdf
DFM,SALAMA,"May 15, 2026 19:41:29",Financial statements for the 1st QTR of 2026,Q1 2026,,,,13960,0.023,,,,,,,,,https://feeds.dfm.ae/documents/2026/May/15/6dd5bea4-6c6a-4cfd-b0e4-64a0f4a710ac/Salama%20FS%20IFRS%2017%20Q1%202026.Pdf.pdf
DFM,SALIK,"May 11, 2026 09:17:11",Financial statements for the 1st QTR of 2026,Q1 2026,,728886,,369277,,,,,,,,,,https://feeds.dfm.ae/documents/2026/May/11/b2881521-d6af-456b-8a95-de3a2b91477a/EN%20%20%20SALIK%20Q1%202026%20%20%20Signed%20Financials.Pdf.pdf
DFM,SHUAA,"Aug 13, 2026 21:03:28",Financial statements for the 2nd QTR of 2026,Q2 2026,,,,,,,,,,,,,,https://feeds.dfm.ae/documents/2026/Aug/13/1dfe627c-bdba-4e4b-a5ad-da8825bd2bec/SHUAA%20FS%20Q2%20E%2013%2008%202026.Pdf.pdf
DFM,SPINNEYS,"Aug 10, 2026 17:48:12",Financial statements for the 2nd QTR of 2026,Q2 2026,,895147,,87686,0.025,,,,,,,,,https://feeds.dfm.ae/documents/2026/Aug/10/a26ffc04-8bf1-4542-b0e4-f80ef37a3844/AFS%20Spinneys%201961%20Q2%202026%20English.Pdf.pdf
DFM,SPINNEYS,"May 11, 2026 17:25:37",Financial statements for the 1st QTR of 2026,Q1 2026,,1014191,,86834,0.025,,,,,,,,,https://feeds.dfm.ae/documents/2026/May/11/64f91f8f-42b4-4f78-b709-bb07da448e70/Spinneys%201961%20AFS%20Q1%202026%20English.Pdf.pdf
DFM,SUKOON,"Jul 29, 2026 15:07:21",Financial statements for the 2nd QTR of 2026,Q2 2026,,,,191354,0.3,,,,,,,,,https://feeds.dfm.ae/documents/2026/Jul/29/95069979-cfdc-4227-891c-54678c937332/Sukoon%20Insurance%20PJSC%20%20%20FS%2030%20Jun%202026%20EN.Pdf.pdf
DFM,SUKOON,"Apr 29, 2026 15:20:33",Financial statements for the 1st QTR of 2026,Q1 2026,,,,,0.26,,,,,,,,,https://feeds.dfm.ae/documents/2026/Apr/29/b4bf0c72-3c01-4f5f-9ad5-43f6944435e8/Sukoon%20Insurance%20PJSC%20%20%20FS%2031%20Mar%202026%20EN.Pdf.pdf
DFM,SUKOONTAKAFL,"Jul 29, 2026 17:05:32",Financial statements for the 2nd QTR of 2026,Q2 2026,,,,14458,0.043,,,,,,,,,https://feeds.dfm.ae/documents/2026/Jul/29/46b54c17-1bed-432b-a438-eb2e1d0b28b3/Sukoon%20Takaful%20Q2%202026%20FS%20%20EN.Pdf.pdf
DFM,SUKOONTAKAFL,"Apr 29, 2026 16:48:19",Financial statements for the 1st QTR of 2026,Q1 2026,,,,,0.051,,,,,,,,,https://feeds.dfm.ae/documents/2026/Apr/29/843598a6-2334-4bb6-86eb-710b1f5edef5/Sukoon%20Takaful%20FS%20En.Pdf.pdf
DFM,TAALEEM,"Jul 09, 2026 18:14:03",Financial statements for the 3rd QTR of 2026,Q3 2026,,,,,,,,,,,,,,https://feeds.dfm.ae/documents/2026/Jul/9/a03ff00a-bd5f-4dc1-abe4-9a2f260ad3a0/Taaleem%20Holdings%20Consol%209M%202025%2026%20English%20Signed..pdf
DFM,TAALEEM,"Mar 26, 2026 21:04:54",Financial statements for the 2nd QTR of 2025/26,Q2 2025,,396421587,,106234814,,,,,,,,,,https://feeds.dfm.ae/documents/2026/Mar/26/9eda19aa-45bd-4569-bede-3e7bb59b037c/Taaleem%20Holdings%20Con.pdf
DFM,TAALEEM,"Jan 08, 2026 19:39:43",Financial statements for the 1st QTR of 2025/26,Q1 2025,,369917446,,71322016,,,,,,,,,,https://feeds.dfm.ae/documents/2026/Jan/8/c67b2831-f5e4-4f9f-a585-27a0c72b7c99/Taaleem%20Holdings%20Con.pdf
DFM,TECOM,"Jul 29, 2026 23:26:32",Financial statements for the 2nd QTR of 2026,Q2 2026,,785699,,401250,,,,,,,,,,https://feeds.dfm.ae/documents/2026/Jul/29/d115daea-b109-421a-951c-73e3e0e0fb67/TECOM%20FS%20Q2%20E%2029%2007%202026.Pdf.pdf
DFM,TECOM,"Apr 28, 2026 23:07:53",Financial statements for the 1st QTR of 2026,Q1 2026,,754622,,403428,,,,,,,,,,https://feeds.dfm.ae/documents/2026/Apr/28/79c87a35-675e-4b49-9778-8528b4693207/TECOM%20FS%20Q1%20E%2028%2004%202026.Pdf.pdf
DFM,TECOM,"Feb 02, 2026 23:49:07",Financial statements for the year of 2025,Yearly 2025,,2857895,,,,,,,,,,,,https://feeds.dfm.ae/documents/2026/Feb/2/4f4c420e-a006-401d-9ed0-f795f0779cfe/TECOM%20FS%20ANN%20E%2002%2002.pdf
DFM,UFC,"Aug 07, 2026 23:30:50",Financial statements for the 2nd QTR of 2026,Q2 2026,,,,18615969,,,,,,,,,,https://feeds.dfm.ae/documents/2026/Aug/7/292d8e9e-f772-4b21-ab12-75423ecbda26/Uffsq226signed.Pdf.pdf
DFM,UFC,"May 12, 2026 23:37:52",Financial statements for the 1st QTR of 2026,Q1 2026,,,,16306068,,,,,,,,,,https://feeds.dfm.ae/documents/2026/May/12/12e0aabe-1cf3-4a18-84b0-9313028256f4/Ufcfsq1eng26signed.Pdf.pdf
DFM,UFC,"Feb 13, 2026 15:40:43",Financial statements for the year of 2025,Yearly 2025,,,,,,,,,,,,,,https://feeds.dfm.ae/documents/2026/Feb/13/c2596066-deea-46a8-96a4-c49837172e29/UFC%20FS%202025%20English..pdf
DFM,UFC,"Nov 13, 2025 17:43:42",Financial statements for the 3rd QTR of 2025,Q3 2025,,,,,,,,,,,,,,https://feeds.dfm.ae/documents/2025/Nov/13/56d09a95-a2af-46e8-b4b4-7732cb950cd4/UFCFSQ325%20ENG.Pdf.pdf
DFM,UNIONCOOP,"Aug 10, 2026 18:24:16",Financial statements for the 2nd QTR of 2026,Q2 2026,,,,71351463,,,,,,,,,,https://feeds.dfm.ae/documents/2026/Aug/10/d735743e-3625-4919-b643-9c7571472162/Union%20Coop%20%20%20English%20Q2%202026.Pdf.pdf
DFM,UNIONCOOP,"May 11, 2026 18:26:18",Financial statements for the 1st QTR of 2026,Q1 2026,,,,99357802,,,,,,,,,,https://feeds.dfm.ae/documents/2026/May/11/467df745-a981-4c63-81d4-25f0c9f0e2d9/Union%20Coop%20English%20FS%20%20%20Q1%202026.Pdf.pdf
DFM,UNIONCOOP,"Nov 06, 2025 19:20:22",Financial statements for the 3rd QTR of 2025,Q3 2025,,,,,,,,,,,,,,https://feeds.dfm.ae/documents/2025/Nov/6/7c6ffe6a-b8fb-4ba1-a06b-560cc55f4f5e/Union%20Coop%20Q3%20Englis.pdf
DFM,WATANIA,"Aug 11, 2026 16:46:00",Financial statements for the 2nd QTR of 2026,Q2 2026,,,,17378,,,,,,,,,,https://feeds.dfm.ae/documents/2026/Aug/11/2f2ab3bf-4890-4a93-8dd9-c2ffe4fe9664/Watania%20International%20Holding%20%20Q2%202026.Pdf.pdf
DFM,WATANIA,"Mar 31, 2026 21:58:12",Financial statements for the year of 2025,Yearly 2025,,,,,0.132,,,,,,,,,https://feeds.dfm.ae/documents/2026/Mar/31/893b9a52-5f79-43be-a004-deff3907449f/EN%20Watania%20Internati.pdf
