ticker,name_en,name_ko,filing_id,instrument_type,board_resolution_date,instrument_kind_ko,total_face_value_krw,coupon_rate_pct,maturity_rate_pct,maturity_date,strike_price_krw,strike_ratio_pct,strike_window_start,strike_window_end,refix_floor_price_krw,refix_floor_note,subscription_date,payment_date,private_placement
900260,"ROTHWELL INTERNATIONAL CO., LIMITED",로스웰인터내셔널유한회사,20200601000239,CB,2020-06-01,무기명식 무보증 사모 전환사채,14851200000,0,2,2023-06-30,463,100,2021-06-30,2023-05-30,,,2020-06-01,2020-06-30,private
105840,WOOJIN INC,(주)우진,20180628000419,CB,2018-06-21,무기명식 이권부 담보부 사모 전환사채,9500000000,2,3,2023-06-22,6848,100,2019-06-22,2023-05-22,,,2018-06-22,2018-06-22,private
105840,WOOJIN INC,(주)우진,20170825000369,CB,2017-08-25,무기명식 이권부 무보증 사모 전환사채,10000000000,1,3,2022-08-29,6119,100,2018-08-29,2022-07-29,,,2017-08-29,2017-08-29,private
105840,WOOJIN INC,(주)우진,20211007000372,CB,,,,,,,,,,,,,,,private
105840,WOOJIN INC,(주)우진,20180919000307,EB,2018-09-19,무기명식 이권부 무보증 사모 교환사채,2712900000,0,4,2023-09-27,5699,100,2018-09-28,2023-08-27,,"not applicable (EB is exchanged for already-issued shares, not newly issued)",2018-09-21,2018-09-27,private
217500,"RUSSELL CO., LTD.",(주)러셀,20210412003099,CB,2021-04-12,무기명식 이권부 무보증 사모 전환사채,10000000000,0,0,2026-04-14,6060,100,2022-04-14,2026-03-14,4245,,2021-04-14,2021-04-14,private
900300,ORGANIC TEA COSMETICS HOLDINGS COMPANY LIMITED,오가닉티코스메틱스홀딩스컴퍼니리미티드,20211018000282,CB,2020-04-24,해외 기명식 무보증 사모 전환사채,24704000000,1,,2023-05-14,1650,100,2021-05-14,2023-05-14,1155,,2020-04-24,2020-05-14,private
900300,ORGANIC TEA COSMETICS HOLDINGS COMPANY LIMITED,오가닉티코스메틱스홀딩스컴퍼니리미티드,20210901000475,CB,2021-09-01,"해외 기명식 무보증
사모 전환사채",15137200000,0,5,2024-09-30,1155,100,2022-09-30,2024-09-29,809,,2021-09-01,2021-09-30,private
900300,ORGANIC TEA COSMETICS HOLDINGS COMPANY LIMITED,오가닉티코스메틱스홀딩스컴퍼니리미티드,20210514001395,CB,2021-04-23,해외 기명식 무보증 사모 전환사채,5028300000,0,5,2024-05-14,1155,100,2022-05-14,2024-04-14,808,,2021-04-23,2021-05-14,private
900300,ORGANIC TEA COSMETICS HOLDINGS COMPANY LIMITED,오가닉티코스메틱스홀딩스컴퍼니리미티드,20230518000172,CB,2023-05-12,"해외 기명식 무보증
사모 전환사채",6510000000,1,6,2026-05-18,217,100,2024-05-19,2026-04-18,152,,2023-05-12,2023-05-19,private
900300,ORGANIC TEA COSMETICS HOLDINGS COMPANY LIMITED,오가닉티코스메틱스홀딩스컴퍼니리미티드,20241104000284,CB,2024-11-04,"해외 기명식 무보증

사모 전환사채",20736000000,0,6,2027-11-12,72,100,2025-11-13,2026-11-12,51,,2024-11-06,2024-11-13,private
900300,ORGANIC TEA COSMETICS HOLDINGS COMPANY LIMITED,오가닉티코스메틱스홀딩스컴퍼니리미티드,20251017000449,CB,2025-10-17,"해외 기명식 무보증
사모 전환사채",14157000000,0,6,2028-10-26,363,100,2026-10-27,2027-10-26,255,,2025-10-21,2025-10-27,private
900300,ORGANIC TEA COSMETICS HOLDINGS COMPANY LIMITED,오가닉티코스메틱스홀딩스컴퍼니리미티드,20260121000004,CB,2026-01-20,"해외 기명식 무보증
 사모 전환사채",11051250000,0,6,2029-01-29,194,100,2027-01-30,2028-01-29,136,,2026-01-22,2026-01-30,private
053060,SAE DONG CO. LTD,(주)세동,20200226003660,CB,2020-02-26,무기명식 이권부 무보증 사모 전환사채,1000000000,2,5,2025-03-03,808,100,2021-03-03,2025-02-03,,,2020-02-28,2020-03-03,private
053060,SAE DONG CO. LTD,(주)세동,20191018000130,CB,2019-10-18,무기명식 이권부 무보증 사모 전환사채,1800000000,2,5,2022-10-21,778,100,2020-10-21,2022-09-21,,,2019-10-21,2019-10-21,private
006910,"BOSUNG POWER TECHNOLOGY CO., LTD.",보성파워텍(주),20180713000523,CB,2018-07-13,무기명식 이권부 무보증 사모 전환사채,15000000000,0,0,2023-07-17,3270,100,2019-07-17,2023-06-17,,,2018-07-17,2018-07-17,private
053450,"SEKONIX CO., LTD.",(주)세코닉스,20190704000188,CB,2019-07-04,무기명식 이권부 무보증 사모 전환사채,20000000000,0,0,2022-07-08,7645,100,2020-07-08,2022-06-08,,,2019-07-08,2019-07-08,private
117730,"T-Robotics co., Ltd.",(주)티로보틱스,20191226000337,CB,2019-12-26,무기명식 무보증 사모 전환사채,10000000000,0,0,2022-12-27,10572,100,2020-12-27,2022-11-27,,,2019-12-27,2019-12-27,private
117730,"T-Robotics co., Ltd.",(주)티로보틱스,20210610000444,CB,2021-06-10,무기명식 무보증 사모 전환사채,5000000000,0,0,2026-06-18,8842,100,2022-06-18,2026-05-18,6189,,2021-06-10,2021-06-18,private
117730,"T-Robotics co., Ltd.",(주)티로보틱스,20221116000157,CB,2022-11-16,무기명식 이권부 무보증 사모 전환사채,10500000000,0,3,2027-11-18,6263,100,2023-11-18,2027-10-18,4385,,2022-11-18,2022-11-18,private
117730,"T-Robotics co., Ltd.",(주)티로보틱스,20241008000363,CB,2024-10-08,무기명식 무이권부 무보증 사모 전환사채,27600000000,0,0,2029-10-11,8767,100,2025-10-11,2029-09-11,7891,,2024-10-11,2024-10-11,private
117730,"T-Robotics co., Ltd.",(주)티로보틱스,20230621000408,BW,2023-06-21,무기명식 이권부 무보증 사모 신주인수권부사채,40000000000,0,1,2028-06-23,16762,100,2024-06-23,2028-05-23,11734,,2023-06-23,2023-06-23,private
015860,"ILJIN HOLDINGS CO.,LTD",일진홀딩스(주),20250911000378,EB,2025-09-11,무기명식 무보증 사모 교환사채,100000000000,0,0,2030-10-20,42212,100,2025-10-27,2030-09-20,,"not applicable (EB is exchanged for already-issued shares, not newly issued)",2025-09-15,2025-10-20,private
299030,"HANA TECHNOLOGY CO.,LTD.",(주)하나기술,20211022000358,CB,2021-10-22,무기명식 이권부 무보증 사모 전환사채,47000000000,0,0,2026-10-26,56902,100,2022-10-26,2026-09-26,,,2021-10-26,2021-10-26,private
299030,"HANA TECHNOLOGY CO.,LTD.",(주)하나기술,20240426000933,CB,2024-04-26,무기명식 무이권부 무보증 사모 전환사채,60000000000,0,0,2029-04-30,54723,100,2025-04-30,2029-03-30,49251,,2024-04-30,2024-04-30,private
299030,"HANA TECHNOLOGY CO.,LTD.",(주)하나기술,20260213001049,CB,2026-02-13,무기명식 무보증 사모 전환사채,54000000000,0,0,2031-02-23,31402,100,2027-02-23,2031-01-23,25122,,2026-02-23,2026-02-23,private
281740,"Lake Materials Co., Ltd.",(주)레이크머티리얼즈,20260513000690,CB,2026-05-13,무기명식 이권부 무보증 사모 전환사채,50000000000,0,0,2031-05-21,23839,100,2027-05-21,2031-04-21,,,2026-05-21,2026-05-21,private
189300,INTELLIAN TECHNOLOGIES Inc.,(주)인텔리안테크놀로지스,20180725000318,CB,2018-07-25,무기명식 무보증 무담보 사모 전환사채,10000000000,0,0,2023-07-27,13761,100,2019-07-27,2023-06-27,,,2018-07-27,2018-07-27,private
214260,"Raphas Co., Ltd.",(주)라파스,20210819000205,CB,2021-08-19,무기명식 무보증 사모 전환사채,30000000000,0,0,2026-08-23,51079,100,2022-08-23,2026-07-23,40864,,2021-08-23,2021-08-23,private
214260,"Raphas Co., Ltd.",(주)라파스,20230427000516,CB,2023-04-25,무기명식 이권부 무보증 사모 전환사채,20000000000,0,3,2026-04-27,24930,100,2024-04-27,2026-03-27,19944,,2023-04-27,2023-04-27,private
214260,"Raphas Co., Ltd.",(주)라파스,20250205000510,CB,2025-02-05,무기명식 이권부 무보증 사모 전환사채,19000000000,0,3,2028-02-07,14469,100,2026-02-07,2028-01-07,,,2025-02-07,2025-02-07,private
214260,"Raphas Co., Ltd.",(주)라파스,20230825000575,EB,2023-08-25,무기명식 이권부 무보증 사모 교환사채,8000000000,0,2,2026-08-29,31121,100,2023-09-29,2026-07-29,,"not applicable (EB is exchanged for already-issued shares, not newly issued)",2023-08-29,2023-08-29,private
109820,GENEMATRIX INC.,(주)진매트릭스,20181205000209,CB,2018-12-05,무기명식 이권부 무보증 사모 전환사채,4200000000,0.5,3.5,2021-12-06,4460,100,2019-12-06,2021-11-29,,,2018-12-05,2018-12-06,private
109820,GENEMATRIX INC.,(주)진매트릭스,20160803000368,CB,2015-07-24,무기명식 이권부 무보증 사모 전환사채,5000000000,1,3,2020-07-27,3950,100,2016-07-27,2020-07-26,,,2015-07-27,2015-07-27,private
109820,GENEMATRIX INC.,(주)진매트릭스,20180129000314,CB,2018-01-29,무기명식 이권부 무보증 사모 전환사채,6500000000,1,2.5,2021-01-30,4480,100,2019-01-30,2020-12-30,,,2018-01-29,2018-01-30,private
109820,GENEMATRIX INC.,(주)진매트릭스,20180129000315,CB,2018-01-29,무기명식 이권부 무보증 사모 전환사채,3500000000,1,2.5,2021-02-09,4480,100,2019-02-09,2021-01-09,,,2018-01-29,2018-02-09,private
335810,Precision Biosensor Inc.,프리시젼바이오(주),20211122000228,CB,2021-11-16,무기명식 무이권부 무보증사모전환사채,15000000000,0,0,2026-11-18,11400,100,2022-11-18,2026-10-18,9690,,2021-11-18,2021-11-18,private
335810,Precision Biosensor Inc.,프리시젼바이오(주),20231114001731,CB,2023-11-13,무기명식 이권부 무보증 사모 전환사채,12000000000,0,3,2028-11-15,5241,100,2024-11-15,2028-10-15,3669,,2023-11-15,2023-11-15,private
335810,Precision Biosensor Inc.,프리시젼바이오(주),20240206000462,CB,2024-02-06,무기명식 이권부 무보증 사모 전환사채,3000000000,0,3,2029-02-08,5028,100,2025-02-08,2029-01-08,3520,,2024-02-08,2024-02-08,private
241710,"COSMECCA KOREA CO., LTD.",(주)코스메카코리아,20180618000106,CB,2018-06-08,무기명식 무이권부 무보증 사모 전환사채,20000000000,0,0,2023-06-14,40000,100,2019-06-14,2023-05-14,,,2018-06-12,2018-06-14,private
109740,"DSK Co.,Ltd.",(주)디에스케이,20180828000381,CB,2018-07-04,무기명식 이권부 무보증 사모 전환사채,30200000000,0,0,2021-10-31,7180,100,2019-10-31,2021-09-30,,,2018-07-06,2018-10-31,private
109740,"DSK Co.,Ltd.",(주)디에스케이,20171121000330,CB,2017-10-17,무기명식 사모 전환사채,25000000000,0,0,2020-12-05,9990,100,2018-12-05,2020-11-05,,,2017-10-19,2017-12-05,private
109740,"DSK Co.,Ltd.",(주)디에스케이,20160407002242,CB,2016-03-11,무기명식 무보증 사모전환사채,10000000000,1,1,2020-04-08,10780,100,2017-04-08,2020-03-08,,,2016-03-11,2016-04-08,private
109740,"DSK Co.,Ltd.",(주)디에스케이,20160516002429,CB,2016-04-07,무기명식 이권부 무보증 사모 전환사채,7160000000,1,1,2020-05-16,30900,100,2017-05-16,2020-04-16,,,2016-04-07,2016-05-16,private
109740,"DSK Co.,Ltd.",(주)디에스케이,20160429001661,BW,2016-03-11,무기명식 이권부 무보증 비분리형 사모 신주인수권부사채,10000000000,1,1,2020-04-29,10780,100,2017-04-29,2020-03-29,,,2016-03-11,2016-04-29,private
109740,"DSK Co.,Ltd.",(주)디에스케이,20160719000176,BW,2016-07-05,무기명식 이권부 무보증 비분리형 사모 신주인수권부사채,20000000000,1,1,2021-07-20,28750,100,2017-07-20,2021-06-20,,,2016-07-05,2016-07-20,private
066830,GENOTECH CORP.,(주)제노텍,20180425000771,CB,2018-04-24,무기명 무보증 사모 전환사채,1000000000,1,5,2021-04-30,4190,100,2019-04-30,2021-03-30,,,2018-04-30,2018-04-30,private
108490,ROBOTIS,(주)로보티즈,20201215000507,CB,2020-12-15,무기명식 무이권부 무보증 사모 전환사채,11000000000,0,0,2025-12-17,13015,100,2021-12-17,2025-12-09,,,2020-12-17,2020-12-17,private
108490,ROBOTIS,(주)로보티즈,20220623000108,CB,2022-06-17,무기명식 이권부 무보증 사모 전환사채,19000000000,0,0,2027-06-24,24393,100,2023-06-24,2027-05-24,,,2022-06-21,2022-06-24,private
108490,ROBOTIS,(주)로보티즈,20220617000440,CB,2022-06-17,무기명식 이권부 무보증 사모 전환사채,6000000000,0,0,2027-06-24,22176,100,2023-06-24,2027-05-24,,,2022-06-21,2022-06-24,private
042000,Cafe24 Corp.,카페24(주),20160114000443,CB,2016-01-12,기명식 사모 전환사채,9000000000,1,4,2019-01-18,62967,100,2017-01-18,2018-12-18,,,2016-01-12,2016-01-18,private
042000,Cafe24 Corp.,카페24(주),20170814002157,BW,2017-08-14,무보증 사모 분리형 신주인수권부사채,27500000000,2.5,2.5,2020-08-16,69264,100,2018-08-16,2020-07-16,,,2017-08-16,2017-08-16,private
065950,Welcron Company Limited,(주)웰크론,20171027000501,CB,2017-10-27,무기명식 이권부 무보증 사모 전환사채,8000000000,0,2,2022-10-30,3003,100,2018-10-30,2022-09-30,,,2017-10-30,2017-10-30,private
065950,Welcron Company Limited,(주)웰크론,20210825000342,CB,2021-08-25,무기명식 이권부 무보증 사모 전환사채,15000000000,0,0,2026-08-27,4426,100,2022-08-27,2026-07-27,3099,,2021-08-27,2021-08-27,private
065950,Welcron Company Limited,(주)웰크론,20250919000484,EB,2025-09-19,무기명식 무보증 사모 교환사채,2295524511,0,0,2028-09-29,2331,100,2025-09-30,2028-08-29,,"not applicable (EB is exchanged for already-issued shares, not newly issued)",2025-09-29,2025-09-29,private
361570,RBW Inc.,주식회사 알비더블유,20231228000385,CB,,,,,,,,,,,,,,,private
361570,RBW Inc.,주식회사 알비더블유,20250821000520,CB,2025-08-21,무기명식 이권부 무보증 사모 전환사채,7000000000,0,2,2030-08-29,2192,100,2026-08-29,2030-07-29,,,2025-08-29,2025-08-29,private
361570,RBW Inc.,주식회사 알비더블유,20250909000218,EB,2025-09-09,제2회 무기명식 무이권부 무보증 사모 교환사채,2839022802,0,0,2028-09-17,2442,100,2025-10-17,2028-08-17,,"not applicable (EB is exchanged for already-issued shares, not newly issued)",2025-09-17,2025-09-17,private
322970,"Moogene Medi Co., Ltd.",주식회사 무진메디,20260402001631,CB,2026-03-12,무기명식 이권부 무보증 사모 전환사채,5000000000,0,3,2029-03-26,2620,100,2027-03-26,2029-02-26,2096,,2026-03-26,2026-03-26,private
192400,"Cuckoo Holdings Co.,Ltd",쿠쿠홀딩스(주),20250916000305,EB,2025-09-12,무기명식 무보증 사모 교환사채,90265715100,0,0,2030-09-22,39050,100,2025-09-29,2030-09-16,,"not applicable (EB is exchanged for already-issued shares, not newly issued)",2025-09-22,2025-09-22,private
371950,"POONGWON PRECISION Co.,Ltd.",풍원정밀(주),20250516000399,CB,2025-05-07,무기명식 이권부 무보증 사모 전환사채,4000000000,0,2,2030-05-16,12197,100,2026-05-16,2030-04-16,8538,,2025-05-09,2025-05-16,private
371950,"POONGWON PRECISION Co.,Ltd.",풍원정밀(주),20240619000137,CB,2024-06-19,무기명식 이권부 무보증 사모 전환사채,20000000000,0,2,2029-06-21,10634,100,2025-06-21,2029-05-21,7444,,2024-06-21,2024-06-21,private
065660,"ANTEROGEN CO., LTD.",(주)안트로젠,20181213000369,CB,2018-06-11,무기명식 무보증 무담보 사모 전환사채,16000000000,0,0,2020-06-12,140601,100,2019-06-12,2020-05-28,,,2018-06-12,2018-06-12,private
065660,"ANTEROGEN CO., LTD.",(주)안트로젠,20170926000313,CB,2017-09-26,무기명식 이권부 무보증 사모 전환사채,10000000000,0,0,2020-09-29,20571,100,2018-09-29,2020-08-29,,,2017-09-28,2017-09-29,private
065660,"ANTEROGEN CO., LTD.",(주)안트로젠,20210122000525,CB,2020-04-23,전환사채,12000000000,0,0,2023-04-24,36550,100,2021-04-23,2023-03-24,29240,,,2020-04-24,private
065660,"ANTEROGEN CO., LTD.",(주)안트로젠,20210305000668,CB,2021-03-05,전환사채,16000000000,0,0,2024-03-08,60500,100,2022-03-08,2024-02-08,,,2021-03-08,2021-03-08,private
006200,"KEC HOLDINGS CO.,LTD",(주)한국전자홀딩스,20260211000749,EB,2026-02-05,무기명식 무보증 사모 교환사채,2198647754,0,0,2031-02-13,746,100,2026-02-19,2031-01-13,,"not applicable (EB is exchanged for already-issued shares, not newly issued)",2026-02-13,2026-02-13,private
110020,"JEONJINBIO CO., LTD.",전진바이오팜(주),20190702000301,CB,2019-06-28,무기명식 이권부 무보증 사모 전환사채,2200000000,0,2.5,2022-07-02,13484,100,2020-07-02,2022-06-02,,,2019-07-02,2019-07-02,private
110020,"JEONJINBIO CO., LTD.",전진바이오팜(주),20200616000212,CB,2020-06-16,무기명식 이권부 무보증 사모 전환사채,3500000000,1,5,2023-06-18,4985,100,2021-06-18,2023-05-18,,,2020-06-18,2020-06-18,private
110020,"JEONJINBIO CO., LTD.",전진바이오팜(주),20170911000396,CB,2017-09-11,무기명식 무보증 사모 전환사채,500000000,0,5,2022-09-12,8000,100,2018-09-12,2022-09-11,,,2017-09-12,2017-09-12,private
110020,"JEONJINBIO CO., LTD.",전진바이오팜(주),20211130001996,CB,2021-11-30,무기명식 이권부 무보증 사모 전환사채,5000000000,1,3,2024-12-27,5164,100,2022-12-27,2024-11-27,,,2021-12-02,2021-12-27,private
110020,"JEONJINBIO CO., LTD.",전진바이오팜(주),20210707000464,CB,2021-07-07,무기명식 이권부 무보증 사모 전환사채,6300000000,1,3,2024-07-09,8931,100,2022-07-09,2024-06-09,6252,,2021-07-09,2021-07-09,private
110020,"JEONJINBIO CO., LTD.",전진바이오팜(주),20240613000389,CB,,,,,,,,,,,,,,,private
336570,"WON TECH CO.,Ltd.",원텍(주),20230913000278,CB,2023-09-13,무기명식 무보증 사모 전환사채,30000000000,0,0,2028-09-15,13480,100,2024-09-15,2028-08-15,9436,,2023-09-15,2023-09-15,private
336570,"WON TECH CO.,Ltd.",원텍(주),20260514000557,CB,2026-05-14,무기명식 무보증 사모 전환사채,75000000000,0,0,2031-05-22,8270,100,2027-05-22,2031-04-22,5789,,2026-05-18,2026-05-22,private
267320,"Naintech. CO.,LTD.",(주)나인테크,20220303000406,CB,2022-02-24,무기명식 이권부 무보증 사모 전환사채,10000000000,0,0,2027-02-28,3694,100,2023-02-28,2027-01-28,2586,,2022-02-28,2022-02-28,private
267320,"Naintech. CO.,LTD.",(주)나인테크,20230316000940,CB,2021-01-19,무기명식 이권부 무보증 사모 전환사채,17000000000,0,5,2026-01-27,5821,100,2022-01-27,2025-12-27,4075,,2021-01-21,2021-01-27,private
267320,"Naintech. CO.,LTD.",(주)나인테크,20240502000387,CB,2024-05-02,무기명식 이권부 무보증 사모 전환사채,10000000000,0,1,2029-05-03,2981,100,2025-05-03,2029-04-03,2087,,2024-05-03,2024-05-03,private
267320,"Naintech. CO.,LTD.",(주)나인테크,20251208000354,CB,2025-12-08,무기명식 이권부 무보증 사모 전환사채,12000000000,0,1,2030-12-16,3333,100,2026-12-16,2030-11-16,2334,,2025-12-09,2025-12-16,private
267320,"Naintech. CO.,LTD.",(주)나인테크,20260624000267,CB,2023-08-10,무기명식 이권부 무보증 사모 영구전환사채,16000000000,0,2,2053-08-14,3613,100,2024-08-15,2053-07-14,,,,2023-08-14,private
351330,"ISAAC Engineering Co., Ltd.",이삭엔지니어링(주),20250822000204,CB,2025-08-22,무기명식 무보증 사모 전환사채,10000000000,0,0,2030-09-01,6668,100,2026-09-01,2030-08-01,,,2025-09-01,2025-09-01,private
206640,Boditech Med Inc.,바디텍메드(주),20170414002218,CB,2017-04-14,"국내 기명식, 무보증, 무담보, 사모 전환사채",15000000000,0,2,2020-04-27,18987,100,2018-04-27,2020-04-26,,,2017-04-18,2017-04-27,private
221840,"HIZEAERO Co.,Ltd.",하이즈항공(주),20210428000743,CB,2021-04-28,무기명식 무이권부 무보증 사모 전환사채,12000000000,0,0,2024-04-30,5330,100,2022-04-30,2024-03-30,4531,,2021-04-30,2021-04-30,private
221840,"HIZEAERO Co.,Ltd.",하이즈항공(주),20210428000737,EB,2021-04-28,무기명식 무이권부 무보증 사모 교환사채,3835041570,0,0,2024-04-30,6390,100,2021-05-30,2024-03-30,,"not applicable (EB is exchanged for already-issued shares, not newly issued)",2021-04-30,2021-04-30,private
289080,SV INVESTMENT CORPORATION,에스브이인베스트먼트 주식회사,20230926000665,CB,2023-09-26,무기명식 이권부 무보증 사모 전환사채,10000000000,0,3,2026-10-25,1885,100,2024-10-25,2026-09-25,1320,,2023-09-27,2023-10-25,private
289080,SV INVESTMENT CORPORATION,에스브이인베스트먼트 주식회사,20250417000522,CB,2025-04-17,무기명식 이권부 무보증 사모 전환사채,8500000000,0,3,2028-04-28,1460,100,2026-04-28,2028-03-28,1022,,2025-04-18,2025-04-28,private
014160,"DAEYOUNG PACKAGING CO.,LTD",대영포장(주),20210813000536,CB,2021-08-13,무기명식 이권부 무보증 사모 전환사채,30000000000,0,0,2024-08-18,3254,100,2022-08-18,2024-07-18,2278,,2021-08-18,2021-08-18,private
174900,AbClon Inc.,앱클론(주),20220920000336,CB,2022-07-26,무기명식 이권부 무보증 사모 전환사채,10000000000,0,2.5,2027-09-28,11398,100,2023-09-28,2027-08-28,7979,,2022-07-28,2022-09-28,private
174900,AbClon Inc.,앱클론(주),20241128001189,CB,2024-11-28,"무
기명식 무보증 사모 전환사채",10100000000,0,5,2029-12-13,14646,100,2025-12-13,2029-11-13,10985,,2024-12-02,2024-12-13,private
174900,AbClon Inc.,앱클론(주),20251001000122,CB,2025-10-01,무기명식 무보증 사모 영구전환사채,25200000000,0,3,2055-10-28,18223,100,2026-10-28,2055-09-28,,,2025-10-20,2025-10-28,private
146320,"BCnC Co., Ltd.",비씨엔씨(주),20250220002283,CB,2025-02-20,무기명식 무이권부 무보증 사모 전환사채,15000000000,0,0,2028-02-25,12320,100,2026-02-25,2028-01-25,,,2025-02-24,2025-02-25,private
241840,"ASTORY Co., Ltd.",(주)에이스토리,20210407002898,CB,2021-04-07,무기명식 이권부 무보증 사모 전환사채,33000000000,0,0,2026-04-09,43372,100,2022-04-09,2026-03-09,30361,,2021-04-09,2021-04-09,private
294630,"SuNAM Co., Ltd.",(주)서남,20211201000325,CB,2021-11-30,무기명식 이권부 무보증 사모 전환사채,5000000000,0,0,2026-12-03,3416,100,2022-12-03,2026-11-03,2392,,2021-12-02,2021-12-03,private
228670,"Ray Co., Ltd.",주식회사 레이,20210422000400,CB,2021-04-20,"무기명식 무보증
사모 전환사채",31500000000,0,0,2026-04-22,56928,100,2022-04-22,2026-03-22,45543,,2021-04-22,2021-04-22,private
228670,"Ray Co., Ltd.",주식회사 레이,20240325000929,CB,2024-03-25,무기명식 이권부 무보증 사모 전환사채,25000000000,0,0,2029-03-27,16854,100,2025-03-27,2029-02-27,11798,,2024-03-27,2024-03-27,private
080520,ODTech,(주)오디텍,20211126000693,CB,2021-11-26,무기명식 이권부 무보증 사모 전환사채,8000000000,0,0,2026-11-30,6705,100,2022-11-30,2026-10-30,4694,,2021-11-30,2021-11-30,private
160550,"Next Entertainment World Co., Ltd.",(주)넥스트엔터테인먼트월드,20161221000165,CB,2016-12-21,기명식 사모 전환사채,5000000000,3.642,3.642,2019-12-21,30000,100,2019-06-21,2019-11-21,,,2016-12-21,2016-12-21,private
160550,"Next Entertainment World Co., Ltd.",(주)넥스트엔터테인먼트월드,20210407000679,CB,2021-03-31,무기명식 이권부 무보증 사모 전환사채,20000000000,0,0,2026-04-08,13650,100,2022-10-08,2026-03-08,10920,,2021-03-31,2021-04-08,private
160550,"Next Entertainment World Co., Ltd.",(주)넥스트엔터테인먼트월드,20230322001071,CB,2023-03-17,무기명식 이권부 무보증 사모 전환사채,25000000000,0,2.5,2027-03-21,7250,100,2024-03-21,2027-02-21,5440,,,2023-03-21,private
160550,"Next Entertainment World Co., Ltd.",(주)넥스트엔터테인먼트월드,20250306000349,CB,2025-02-28,무기명식 이권부 무보증 사모 전환사채,12500000000,0,3,2030-03-05,2280,100,2026-03-05,2030-02-05,1596,,2025-03-05,2025-03-05,private
160550,"Next Entertainment World Co., Ltd.",(주)넥스트엔터테인먼트월드,20250411003334,CB,2025-04-11,무기명식 이권부 무보증 사모 전환사채,7000000000,0,3,2030-04-15,1883,100,2026-04-15,2030-03-15,1319,,2025-04-15,2025-04-15,private
038010,"JEIL TECHNOS CO.,LTD",(주)제일테크노스,20161007000245,CB,2016-10-07,무기명식 이권부 무보증 사모 전환사채,3300000000,0,0,2021-10-11,6470,100,2017-10-11,2021-09-11,,,2016-10-07,2016-10-11,private
038010,"JEIL TECHNOS CO.,LTD",(주)제일테크노스,20161007000264,EB,2016-10-07,국내 무기명식 이권부 무보증 사모 교환사채,2300000000,0,0,2019-10-11,6020,100,2016-11-11,2019-09-11,,"not applicable (EB is exchanged for already-issued shares, not newly issued)",2016-10-07,2016-10-11,private
038010,"JEIL TECHNOS CO.,LTD",(주)제일테크노스,20250911000389,EB,2025-09-11,무기명식 무보증 사모 교환사채,3000000000,0,0,2030-09-19,8509,100,2025-09-26,2030-08-19,,"not applicable (EB is exchanged for already-issued shares, not newly issued)",,2025-09-19,private
038010,"JEIL TECHNOS CO.,LTD",(주)제일테크노스,20220913000281,EB,2022-09-13,무기명식 무보증 사모 교환사채,6840000000,0,0,2025-09-16,10000,100,2022-10-16,2025-08-16,,"not applicable (EB is exchanged for already-issued shares, not newly issued)",,2022-09-16,private
001390,KG Chemical Corporation,KG케미칼(주),20170228001381,EB,2017-02-28,국내 무기명식 이권부 무보증 사모 교환사채,8500000000,0,1,2022-03-03,15250,100,2017-04-03,2022-02-03,,"not applicable (EB is exchanged for already-issued shares, not newly issued)",2017-03-03,2017-03-03,private
122690,"Seojin Automotive Co.,Ltd.",(주)서진오토모티브,20180129000221,CB,2018-01-29,무기명식 무보증 사모 전환사채,10000000000,,2,2021-01-31,5800,100,2019-01-31,2020-12-31,,,2018-01-29,2018-01-31,private
122690,"Seojin Automotive Co.,Ltd.",(주)서진오토모티브,20180129000227,CB,2018-01-29,무기명식 무보증 사모 전환사채,10000000000,,2,2021-01-31,5800,100,2019-03-21,2020-12-31,,,2018-01-29,2018-03-21,private
122690,"Seojin Automotive Co.,Ltd.",(주)서진오토모티브,20220427000327,CB,2022-04-27,무기명식 무보증 사모 전환사채,10000000000,0,0,2027-04-29,3371,100,2023-04-29,2027-03-29,2360,,2022-04-29,2022-04-29,private
122690,"Seojin Automotive Co.,Ltd.",(주)서진오토모티브,20230314000375,CB,2023-03-14,무기명식 무보증 사모 전환사채,10000000000,0,2,2028-03-16,3174,100,2024-03-16,2028-02-16,2222,,2023-03-16,2023-03-16,private
122690,"Seojin Automotive Co.,Ltd.",(주)서진오토모티브,20180621000275,EB,2018-06-21,무기명식 이권부 무보증 사모 교환사채,8000000000,1,3,2023-06-22,1748,100,2019-06-22,2023-05-22,,"not applicable (EB is exchanged for already-issued shares, not newly issued)",2018-06-22,2018-06-22,private
194370,JS Corporation,(주)제이에스코퍼레이션,20211007000109,CB,2021-08-26,무기명식 이권부 무보증 사모전환사채,20000000000,0,0,2026-09-02,21956,100,2022-09-02,2026-08-02,17565,,2021-08-30,2021-09-02,private
194370,JS Corporation,(주)제이에스코퍼레이션,20230921000331,CB,2023-09-21,무기명식 이권부 무보증 사모전환사채,25000000000,0,0,2028-09-25,12790,100,2024-09-25,2028-08-25,10232,,2023-09-25,2023-09-25,private
194370,JS Corporation,(주)제이에스코퍼레이션,20260626000534,CB,2026-06-26,무기명식 이권부 무보증 사모 전환사채,20000000000,0,0,2031-07-06,11668,100,2027-07-06,2031-06-06,9335,,2026-07-06,2026-07-06,private
194370,JS Corporation,(주)제이에스코퍼레이션,20260626000541,CB,2026-06-26,무기명식 이권부 무보증 사모 영구 전환사채,20000000000,0,1,2056-07-06,11668,100,2027-07-06,2056-06-06,,,2026-07-06,2026-07-06,private
194370,JS Corporation,(주)제이에스코퍼레이션,20230921000321,EB,2023-09-21,무기명식 이권부 무보증 사모 교환사채,10000000000,0,0,2028-09-25,14708,100,2023-10-25,2028-08-25,,"not applicable (EB is exchanged for already-issued shares, not newly issued)",2023-09-25,2023-09-25,private
004910,"CHOKWANG PAINT CO.,LTD",조광페인트(주),20220120000395,CB,2022-01-18,무기명식 무이권부 무보증 사모 전환사채,10000000000,0,0,2027-01-26,10279,100,2023-01-26,2026-12-26,,,2022-01-20,2022-01-26,private
004910,"CHOKWANG PAINT CO.,LTD",조광페인트(주),20220120000407,EB,2022-01-18,무기명식무보증사모교환사채,10000000000,0,0,2027-01-26,11350,100,2022-02-26,2026-12-26,,"not applicable (EB is exchanged for already-issued shares, not newly issued)",2022-01-20,2022-01-26,private
004910,"CHOKWANG PAINT CO.,LTD",조광페인트(주),20240124000413,EB,2024-01-24,무기명식 무보증 사모 교환사채,10000000000,0,0,2029-01-26,6840,100,2024-02-26,2029-01-19,,"not applicable (EB is exchanged for already-issued shares, not newly issued)",2024-01-26,2024-01-26,private
004910,"CHOKWANG PAINT CO.,LTD",조광페인트(주),20251215000335,EB,2025-12-15,무기명식 이권부 무보증 사모 교환사채,6825160749,0,0,2030-12-23,5801,100,2025-12-30,2030-11-23,,"not applicable (EB is exchanged for already-issued shares, not newly issued)",2025-12-17,2025-12-23,private
253590,Neosem Inc.,(주)네오셈,20210309000388,CB,2021-03-09,무기명식 이권부 사모 전환사채,22000000000,0,0,2026-03-11,3546,100,2022-03-11,2026-02-11,,,2021-03-11,2021-03-11,private
253590,Neosem Inc.,(주)네오셈,20251219000433,EB,2025-12-19,무기명식 무보증 사모 교환사채,10000000000,0,0,2028-12-29,11530,100,2026-01-29,2028-11-29,,"not applicable (EB is exchanged for already-issued shares, not newly issued)",2025-12-29,2025-12-29,private
083310,"LOTVacuum.Co.,Ltd.",(주)엘오티베큠,20190510000708,CB,2019-05-10,무기명식 무보증 사모 전환사채,20000000000,0,0,2024-05-14,11113,100,2020-05-14,2024-04-14,,,2019-05-14,2019-05-14,private
083310,"LOTVacuum.Co.,Ltd.",(주)엘오티베큠,20170227000388,CB,2017-02-24,무기명식 무보증 사모 전환사채,10000000000,0,0,2022-02-28,13904,100,2018-02-28,2022-01-28,,,2017-02-28,2017-02-28,private
009270,SHINWON CORPORATION,(주)신원,20150722000255,CB,2015-07-22,국내 무기명식 이권부 무보증 사모 전환사채,35000000000,2,5.5,2019-08-06,1875,100,2016-08-07,2019-07-06,,,2015-07-24,2015-08-06,private
009270,SHINWON CORPORATION,(주)신원,20200904000317,CB,2020-09-04,국내 무기명식 이권부 무보증 사모 전환사채,25000000000,2,3,2023-09-08,1465,100,2021-09-08,2023-09-05,1030,,2020-09-08,2020-09-08,private
009270,SHINWON CORPORATION,(주)신원,20220908000402,CB,2022-08-25,국내 무기명식 이권부 무보증 사모 전환사채,25000000000,2.75,3.5,2026-09-15,1730,100,2023-09-15,2026-08-15,1215,,2022-09-15,2022-09-15,private
058610,"SPG CO., LTD",(주)에스피지,20190613000193,CB,2019-06-13,무기명식 무보증 사모 전환사채,10000000000,0,0,2022-06-14,8540,100,2020-06-14,2022-05-14,,,2019-06-14,2019-06-14,private
177830,"PAVONINE CO., LTD.",(주)파버나인,20190129000336,CB,2019-01-29,무기명식 이권부 무보증 전환사채,14500000000,0,4.5,2022-01-30,4885,100,2020-01-30,2021-12-30,,,2019-01-29,2019-01-30,private
177830,"PAVONINE CO., LTD.",(주)파버나인,20210903000237,CB,2021-09-03,무기명식 이권부 무보증 사모 전환사채,15000000000,0,1,2026-09-13,5603,100,2022-09-13,2026-08-13,3923,,2021-09-07,2021-09-13,private
177830,"PAVONINE CO., LTD.",(주)파버나인,20200203000173,CB,2020-01-31,무기명식 이권부 무보증 전환사채,4700000000,1,4,2022-02-03,4904,100,2021-02-03,2023-01-03,,,2020-02-03,2020-02-03,private
177830,"PAVONINE CO., LTD.",(주)파버나인,20240207000622,CB,2024-02-07,무기명식 이권부 무보증 사모 전환사채,15000000000,0,1.5,2029-02-14,3548,100,2025-02-14,2029-01-14,2484,,2024-02-13,2024-02-14,private
177830,"PAVONINE CO., LTD.",(주)파버나인,20260402002645,CB,2026-04-02,무기명식 이권부 무보증 사모 전환사채,14500000000,0,1,2031-04-10,2740,100,2027-04-10,2031-03-10,2192,,2026-04-10,2026-04-10,private
177830,"PAVONINE CO., LTD.",(주)파버나인,20181213000152,BW,2018-12-13,"무기명식 이권부 무보증 비분리형 사모
신주인수권부 사채",9500000000,0,4.5,2021-12-14,5009,100,2019-12-14,2021-11-14,,,2018-12-13,2018-12-14,private
099430,"BioPlus Co., Ltd",바이오플러스 주식회사,20201126000359,CB,2020-11-26,무기명식 이권부 무보증 사모 전환사채,5000000000,1,3.5,2023-11-30,32054,100,2020-12-01,2023-11-29,,,2020-11-27,2020-11-30,private
099430,"BioPlus Co., Ltd",바이오플러스 주식회사,20241105000107,CB,2024-07-29,무기명식 이권부 무보증 사모 전환사채,60000000000,0,1.5,2029-07-31,6550,100,2025-07-31,2029-06-30,4585,,2024-07-31,2024-07-31,private
083500,"FNS TECH. Co.,Ltd.",에프엔에스테크(주),20150528000217,CB,2015-05-27,"기명식 무보증
원화사모전환사채",1500000000,1,5,2018-11-30,6000,100,2015-06-02,2018-11-29,,,,2015-06-01,private
083500,"FNS TECH. Co.,Ltd.",에프엔에스테크(주),20160621000119,CB,2016-06-21,"기명식 무보증
원화사모전환사채",1500000000,1,3,2018-06-23,6000,100,2016-06-25,2018-06-22,,,,2016-06-24,private
083500,"FNS TECH. Co.,Ltd.",에프엔에스테크(주),20180419000576,BW,2018-04-19,무기명식 이권부 무보증 신주인수권부사채,6000000000,0,3,2021-04-20,6131,100,2019-04-20,2021-03-20,,,2018-04-20,2018-04-20,private
083500,"FNS TECH. Co.,Ltd.",에프엔에스테크(주),20210721000059,EB,2021-07-21,무기명식 이권부 무보증사모 교환사채,4500000000,0,0,2024-08-12,15000,100,2021-08-13,2024-07-12,,"not applicable (EB is exchanged for already-issued shares, not newly issued)",2021-07-23,2021-08-12,private
083500,"FNS TECH. Co.,Ltd.",에프엔에스테크(주),20240619000385,EB,2024-06-19,무기명식 이권부 무보증 사모 교환사채,9570000000,0,2,2029-06-25,16500,100,2024-07-25,2029-05-25,,"not applicable (EB is exchanged for already-issued shares, not newly issued)",2024-06-21,2024-06-25,private
204020,"GRITEE, Inc.",(주)그리티,20181029000322,CB,2018-10-19,무기명식 이권부 무보증 사모 전환사채,4000000000,0,1,2021-11-02,10787,100,2019-11-02,2021-10-02,,,2018-10-23,2018-11-02,private
122640,"YEST Co.,Ltd.",(주)예스티,20190305000526,CB,2019-03-05,무기명식 이권부 무보증 사모 전환사채,20000000000,0,0,2024-03-07,10087,100,2020-03-07,2024-02-07,,,,2019-03-07,private
122640,"YEST Co.,Ltd.",(주)예스티,20170529000285,CB,2017-05-29,무기명식 이권부 무보증 사모 전환사채,30000000000,0,0,2022-05-31,32825,100,2018-05-31,2022-04-30,,,2017-05-31,2017-05-31,private
122640,"YEST Co.,Ltd.",(주)예스티,20230417000420,CB,2023-04-17,무기명식 이권부 무보증 사모 전환사채,35000000000,0,5,2028-04-19,10191,100,2024-04-19,2028-03-19,7134,,2023-04-19,2023-04-19,private
122640,"YEST Co.,Ltd.",(주)예스티,20230421000210,CB,2021-05-04,무기명식 이권부 무보증 사모 전환사채,20000000000,0,0,2026-05-14,15764,100,2022-05-14,2026-04-14,11034,,,2021-05-14,private
122640,"YEST Co.,Ltd.",(주)예스티,20251209000178,EB,2025-12-04,무기명식 이권부 무보증 사모 교환사채,15425914821,0,0,2030-12-12,19937,100,2025-12-19,2030-11-12,,"not applicable (EB is exchanged for already-issued shares, not newly issued)",2025-12-12,2025-12-12,private
100030,"Inzisoft Co., Ltd.",(주)인지소프트,20200428000858,EB,2020-04-28,무기명식 이권부 무보증 사모교환사채,10350000000,1,7,2023-05-04,34500,100,2020-05-08,2023-04-04,,"not applicable (EB is exchanged for already-issued shares, not newly issued)",2020-04-28,2020-05-04,private
036810,FINE SEMITECH Corp.,(주)에프에스티,20160721000396,CB,2016-07-21,무기명식 무보증 사모 전환사채,15000000000,0,2,2019-07-25,4445,100,2017-07-25,2019-06-25,,,2016-07-25,2016-07-25,private
036810,FINE SEMITECH Corp.,(주)에프에스티,20250917000093,EB,2025-09-17,무기명식 무보증 사모 교환사채,20000000000,0,0,2030-09-25,32413,100,2025-10-02,2030-08-25,,"not applicable (EB is exchanged for already-issued shares, not newly issued)",2025-09-25,2025-09-25,private
036810,FINE SEMITECH Corp.,(주)에프에스티,20230403000604,EB,2023-04-03,무기명식 이권부 무보증 사모 교환사채,15000000000,0,0,2026-04-04,25350,100,2023-04-11,2026-03-04,,"not applicable (EB is exchanged for already-issued shares, not newly issued)",2023-04-04,2023-04-04,private
196700,"WAPS Co., Ltd.",(주)웹스,20191011000135,CB,2019-10-11,무기명식 무보증 사모 전환사채,2000000000,0,2.5,2021-10-15,3717,100,2016-10-15,2021-09-15,,,2015-10-15,2015-10-15,private
173940,"FNC ENTERTAINMENT Co., Ltd.",(주)에프엔씨엔터테인먼트,20190308000877,CB,2019-03-08,무기명식 이권부 무보증 사모 전환사채,15000000000,0,2.5,2024-03-12,10216,100,2020-03-12,2024-02-12,,,,2019-03-12,private
173940,"FNC ENTERTAINMENT Co., Ltd.",(주)에프엔씨엔터테인먼트,20210506000446,CB,2021-05-06,무기명식 이권부 무보증 사모 전환사채,7000000000,0,2,2026-05-06,5809,100,2022-05-06,2026-04-06,4648,,2021-05-06,2021-05-06,private
173940,"FNC ENTERTAINMENT Co., Ltd.",(주)에프엔씨엔터테인먼트,20241004000312,CB,2024-10-04,무기명식 이권부 무보증 사모 전환사채,20000000000,2,2,2029-10-04,3561,100,2025-10-04,2029-09-04,2849,,2024-10-04,2024-10-04,private
173940,"FNC ENTERTAINMENT Co., Ltd.",(주)에프엔씨엔터테인먼트,20260511000523,CB,2026-04-20,무기명식 이권부 무보증 사모 전환사채,12000000000,3,3,2031-05-19,4638,100,2028-05-19,2031-04-19,3711,,2026-05-19,2026-05-19,private
229500,"NovMetaPharma Co., Ltd.",(주)노브메타파마,20210819000333,CB,2021-08-18,무기명식이권부무보증사모전환사채,3000000000,0,4,2025-08-20,24056,100,2022-08-20,2025-08-04,16840,,2021-08-18,2021-08-20,private
011810,STX CORPORATION,(주)STX,20190801000388,CB,2019-08-01,무기명식 이권부 무보증 사모전환사채,6500000000,0,0,2020-09-02,9624,100,2020-08-02,2020-08-09,,,2019-08-02,2019-08-02,private
011810,STX CORPORATION,(주)STX,20190801000432,CB,2019-08-01,무기명식 이권부 무보증 사모전환사채,2300000000,0,0,2022-08-05,9624,100,2020-08-05,2022-07-05,,,2019-08-02,2019-08-05,private
011810,STX CORPORATION,(주)STX,20190319000596,CB,2019-03-18,무기명식 이권부 무보증 사모전환사채,10000000000,5,5,2049-03-18,16276,100,2020-03-18,2049-02-18,,,2019-03-18,2019-03-18,private
011810,STX CORPORATION,(주)STX,20200624000439,CB,2020-06-24,"무기명식 이권부 무보증
사모전환사채",10000000000,5,,2050-06-29,6056,100,2021-06-29,2050-05-29,,,2020-06-24,2020-06-29,private
011810,STX CORPORATION,(주)STX,20190426000166,CB,2019-04-26,"무기명식 이권부 무보증
사모전환사채",5000000000,5,,2049-04-26,15089,100,2020-04-26,2049-03-26,,,2019-04-26,2019-04-26,private
011810,STX CORPORATION,(주)STX,20190513000088,CB,2019-05-13,"무기명식 이권부 무보증
사모전환사채",10200000000,5,,2049-05-13,13798,100,2020-05-13,2049-04-13,,,2019-05-13,2019-05-13,private
011810,STX CORPORATION,(주)STX,20200407002831,CB,2020-04-06,"무기명식 이권부 무보증
사모전환사채",10000000000,5,,2050-04-28,4810,100,2021-04-28,2050-03-28,,,2020-04-09,2020-04-28,private
011810,STX CORPORATION,(주)STX,20241115000316,CB,2024-11-15,"무기명식 이권부 무보증 
사모 전환사채",13000000000,5,,2054-11-15,4842,100,2025-11-15,2054-10-15,,,2024-11-15,2024-11-15,private
243840,"SHIN HEUNG ENERGY & ELECTRONICS CO., LTD.",신흥에스이씨(주),20181129000502,CB,2018-11-19,무기명식 무보증 사모 전환사채,50000000000,0,0,2023-11-21,43194,100,2019-11-21,2023-10-21,,,2018-11-21,2018-11-21,private
006260,LS Corp.,(주)LS,20220830001465,EB,2022-05-19,"무기명식 이권부 무보증
사모 교환사채",470607070087,2.5,2.5,2027-08-30,40513,100,2024-01-01,2027-08-20,,"not applicable (EB is exchanged for already-issued shares, not newly issued)",2022-08-30,2022-08-30,private
006260,LS Corp.,(주)LS,20250516000417,EB,2025-05-16,"무
기명식 이권부 무보증 
사모 교환사채",65000000000,0,2,2030-06-02,167800,100,2025-12-02,2030-05-02,,"not applicable (EB is exchanged for already-issued shares, not newly issued)",2025-06-02,2025-06-02,private
060720,"KH VATEC Co., LTD",(주)케이에이치바텍,20181115000211,CB,2018-11-15,무기명식 무보증 사모 전환사채,17000000000,0,0,2023-11-19,8814,100,2019-11-19,2023-10-19,,,2018-11-19,2018-11-19,private
060720,"KH VATEC Co., LTD",(주)케이에이치바텍,20170626000267,CB,2017-06-23,무기명식 이권부 무보증 사모 전환사채,15000000000,0,0,2022-06-27,12217,100,2018-06-27,2022-05-27,,,2017-06-27,2017-06-27,private
060720,"KH VATEC Co., LTD",(주)케이에이치바텍,20210906000292,EB,2021-09-06,무기명식 무보증 사모 교환사채,33500000000,0,0,2026-09-08,33500,100,2021-09-16,2026-08-08,,"not applicable (EB is exchanged for already-issued shares, not newly issued)",2021-09-08,2021-09-08,private
060720,"KH VATEC Co., LTD",(주)케이에이치바텍,20250912000464,EB,2025-09-12,무기명식 이권부 무보증 사모 교환사채,25023120000,0,0,2030-09-22,15258,100,2025-10-22,2030-08-22,,"not applicable (EB is exchanged for already-issued shares, not newly issued)",2025-09-22,2025-09-22,private
278280,"Chunbo Co., Ltd.",(주)천보,20220221000951,CB,2022-02-18,무기명식 무이권부 무보증 사모 전환사채,250000000000,0,0,2027-02-22,318150,100,2023-02-22,2027-01-22,,,2022-02-22,2022-02-22,private
278280,"Chunbo Co., Ltd.",(주)천보,20241128000632,CB,2024-11-27,무기명식 이권부 무보증 사모 전환사채,200000000000,0,2,2029-11-29,43541,100,2025-11-29,2029-10-29,30479,,2024-11-29,2024-11-29,private
278280,"Chunbo Co., Ltd.",(주)천보,20220222002020,BW,2022-02-18,무기명식 무이권부 사모 비분리형 신주인수권부사채,50000000000,0,0,2027-02-22,318150,100,2023-02-22,2027-01-22,,,2022-02-22,2022-02-22,private
278280,"Chunbo Co., Ltd.",(주)천보,20241118000118,BW,2024-11-18,무기명식 이권부 무보증 비분리형사모 영구 신주인수권부사채,100000000000,0,0,2054-11-20,41743,100,2025-11-20,2054-10-20,,,2024-11-20,2024-11-20,private
003350,"HANKOOK COSMETICS MANUFACTURING CO.,LTD",(주)한국화장품제조,20251001000573,EB,2025-10-01,무기명식 무보증 사모  교환사채,58155484167,0,0,2030-10-14,64119,100,2025-10-21,2030-09-14,,"not applicable (EB is exchanged for already-issued shares, not newly issued)",2025-10-14,2025-10-14,private
046940,"Woowon Development Co., Ltd.",우원개발(주),20170615000327,CB,2017-06-15,무기명식 이권부 담보부 사모 전환사채,15000000000,0,1,2022-06-16,5647,100,2018-06-16,2022-05-16,,,2017-06-16,2017-06-16,private
044960,"Eagle Veterinary Technology Co.,Ltd",(주)이글벳,20251215000267,EB,2025-12-15,무기명식 무보증 사모 교환사채,1776212240,0,0,2030-12-23,4840,100,2026-01-23,2030-11-23,,"not applicable (EB is exchanged for already-issued shares, not newly issued)",2025-12-23,2025-12-23,private
365270,"curacle co., ltd.",(주)큐라클,20230628000264,CB,2023-06-26,무기명식 이권부 무보증 사모 전환사채,20000000000,0,3,2028-06-28,10567,100,2024-06-28,2028-05-28,7397,,2023-06-28,2023-06-28,private
025320,Synopex Inc.,(주)시노펙스,20180326000499,CB,2018-03-26,무기명식 무보증 사모전환사채,11000000000,1,4,2021-03-26,4270,100,2019-03-26,2021-02-26,,,2018-03-26,2018-03-26,private
025320,Synopex Inc.,(주)시노펙스,20170629000424,CB,2017-06-29,무기명식 무보증 사모전환사채,10000000000,1,4.3,2020-06-30,1944,100,2018-06-30,2020-06-29,,,2017-06-30,2017-06-30,private
025320,Synopex Inc.,(주)시노펙스,20210226003618,CB,2021-02-26,국내 무기명식 이권부 무보증 사모 전환사채,15000000000,0,0,2026-03-03,4155,100,2022-03-03,2026-02-03,2910,,2021-03-03,2021-03-03,private
025320,Synopex Inc.,(주)시노펙스,20160304000408,EB,2016-03-04,,,,,,,,,,,"not applicable (EB is exchanged for already-issued shares, not newly issued)",,,private
254120,"XAVIS CO., Ltd.",(주)자비스,20210624000252,BW,2021-06-24,무기명식 이권부 무보증 비분리형 사모 신주인수권부사채,6000000000,0,0,2026-06-28,2558,100,2022-06-28,2026-05-28,2175,,2021-06-28,2021-06-28,private
010820,"FIRSTEC CO.,LTD.",퍼스텍(주),20180726000004,CB,2018-07-25,무기명식 이권부 모보증 사모 전환사채,16000000000,0,0,2023-07-27,4021,100,2019-07-27,2023-06-27,,,2018-07-27,2018-07-27,private
032280,SamIl,(주)삼일,20240412002972,CB,2024-04-12,무기명식 이권부 무보증 사모 전환사채,8000000000,4.6,4.6,2027-04-18,2000,100,2025-04-18,2027-03-18,,,2024-04-16,2024-04-18,private
001550,"CHOBI CO.,LTD",(주)조비,20150427000738,CB,2015-04-27,무기명식 이권부 무보증 사모 전환사채,15000000000,0,1.5,2018-04-29,12852,100,2016-04-29,2018-03-29,,,2015-04-29,2015-04-29,private
005030,"PUSAN CAST IRON CO.,LTD",부산주공(주),20180906000264,CB,2018-09-06,무기명식 이권무 무보증 사모 전환사채,1855000000,3,5,2021-09-07,780,100,2019-09-07,2021-08-07,,,2018-09-07,2018-09-07,private
005030,"PUSAN CAST IRON CO.,LTD",부산주공(주),20180313000799,CB,2018-03-13,무기명식 이권무 무보증 사모 전환사채,5000000000,3,5,2021-03-14,1677,100,2019-03-14,2021-02-14,,,2018-03-14,2018-03-14,private
005030,"PUSAN CAST IRON CO.,LTD",부산주공(주),20171024000070,CB,2017-09-28,국내 무기명식 이권부 무보증 공모 전환사채,9000000000,1,4,2020-10-31,1251,100,2017-11-30,2020-09-30,,,2017-10-26,2017-10-31,public
005030,"PUSAN CAST IRON CO.,LTD",부산주공(주),20170721000238,CB,2017-07-21,무기명식 이권부 무보증 사모 전환사채,4000000000,2,5,2021-07-25,1817,100,2018-07-25,2021-06-25,,,2017-07-25,2017-07-25,private
005030,"PUSAN CAST IRON CO.,LTD",부산주공(주),20160427000666,CB,2016-04-27,무기명식 이권부 모부증 사모 전환사채,7000000000,3,5,2020-04-29,1975,100,2017-04-29,2020-03-29,,,,2016-04-29,private
005030,"PUSAN CAST IRON CO.,LTD",부산주공(주),20210202000470,CB,2021-02-02,"무기명식 이권부
무보증 사모 전환사채",2500000000,3,5,2023-02-03,708,100,2022-02-03,2023-01-03,500,,,2021-02-03,private
005030,"PUSAN CAST IRON CO.,LTD",부산주공(주),20210723000309,CB,2021-07-23,무기명식 이권부 무보증 사모 전환사채,1400000000,2,5,2025-07-27,634,100,2022-07-27,2025-06-27,500,,,2021-07-27,private
005030,"PUSAN CAST IRON CO.,LTD",부산주공(주),20201217000251,CB,2020-12-17,"무기명식 이권부
무보증 사모 전환사채",2500000000,3,5,2022-12-18,810,100,2021-12-18,2022-11-18,567,,,2020-12-18,private
005030,"PUSAN CAST IRON CO.,LTD",부산주공(주),20201110000354,CB,2020-11-10,,,,,,,,,,,,,,private
005030,"PUSAN CAST IRON CO.,LTD",부산주공(주),20230203000529,CB,2023-02-03,무기명식 이권부 무보증 사모 전환사채,2500000000,3,5,2025-02-07,636,100,2024-02-07,2025-01-07,500,,,2023-02-07,private
005030,"PUSAN CAST IRON CO.,LTD",부산주공(주),20241217000250,CB,2024-12-17,무기명식 이권부 무보증 사모 전환사채,2500000000,3,5,2026-12-18,500,100,2025-12-18,2026-11-18,,,2024-12-18,2024-12-18,private
005030,"PUSAN CAST IRON CO.,LTD",부산주공(주),20170116000499,BW,2017-01-03,국내 무기명식 무보증 공모 신주인수권부사채,5000000000,0,3,2020-01-24,2865,100,2017-02-24,2019-12-24,,,2017-01-19,2017-01-24,public
361390,"Genohco, Inc",주식회사 제노코,20240809000455,CB,2024-08-09,무기명식 무이권부 무보증 사모 전환사채,20000000000,0,0,2029-08-13,16815,100,2025-08-13,2029-07-13,,,2024-08-13,2024-08-13,private
037030,POWERNET TECHNOLOGIES CORPORATION,주식회사 파워넷,20180829000003,CB,2018-08-28,무기명식 무보증 사모 전환사채,15000000000,0,0,2021-08-29,6720,100,2019-08-29,2021-07-29,,,2018-08-28,2018-08-29,private
037030,POWERNET TECHNOLOGIES CORPORATION,주식회사 파워넷,20190528000329,CB,2019-05-28,무기명식 무보증 사모 전환사채,12000000000,0,0,2022-05-29,5687,100,2020-05-29,2022-04-29,,,2019-05-29,2019-05-29,private
037030,POWERNET TECHNOLOGIES CORPORATION,주식회사 파워넷,20210208000726,CB,2021-02-08,무기명식 무보증 사모 전환사채,10000000000,0,0,2026-02-09,6193,100,2022-02-09,2026-01-09,4336,,2021-02-09,2021-02-09,private
037030,POWERNET TECHNOLOGIES CORPORATION,주식회사 파워넷,20210506000532,CB,2021-05-06,무기명식 무보증 사모 전환사채,10000000000,2,2,2026-05-07,5900,100,2022-05-07,2026-04-07,4130,,2021-05-07,2021-05-07,private
037030,POWERNET TECHNOLOGIES CORPORATION,주식회사 파워넷,20200916000372,CB,2020-09-16,무기명식 이권부 무보증 사모 전환사채,5000000000,0,0,2025-09-18,4721,100,2021-09-18,2025-08-18,3305,,2020-09-18,2020-09-18,private
037030,POWERNET TECHNOLOGIES CORPORATION,주식회사 파워넷,20220620000313,CB,2022-06-20,무기명식 무보증 사모 전환사채,10000000000,0,0,2027-06-21,4553,100,2023-06-21,2027-05-21,,,2022-06-21,2022-06-21,private
037030,POWERNET TECHNOLOGIES CORPORATION,주식회사 파워넷,20231017000310,CB,2023-10-17,무기명식 이권부 무보증 사모 전환사채,10000000000,0,1,2028-10-18,3096,100,2024-10-18,2028-09-18,2168,,2023-10-18,2023-10-18,private
395400,"SK REIT Co., Ltd.",에스케이위탁관리부동산투자회사 주식회사,20221202000649,CB,2022-12-02,무기명식 이권부 무보증 사모 전환사채,109000000000,4,5.5,2025-12-12,4779,100,2023-12-13,2025-11-12,,,2022-12-06,2022-12-13,private
395400,"SK REIT Co., Ltd.",에스케이위탁관리부동산투자회사 주식회사,20221006000581,CB,2022-10-06,무기명식 이권부 무보증 사모 전환사채,29000000000,2,2.5,2025-10-07,5135,100,2023-10-07,2025-09-07,,,2022-10-07,2022-10-07,private
395400,"SK REIT Co., Ltd.",에스케이위탁관리부동산투자회사 주식회사,20230313000796,CB,2023-03-13,무기명식 이권부 무보증 사모 전환사채,23100000000,3.5,4.5,2026-03-15,5103,100,2024-03-15,2026-02-15,,,2023-03-15,2023-03-15,private
037760,"CENIT CO., LTD",(주)쎄니트,20160120000247,CB,2016-01-20,무기명 이권부 무보증 사모 전환사채,5000000000,0,2,2021-01-21,1692,100,2017-01-21,2020-12-21,,,2016-01-21,2016-01-21,private
037760,"CENIT CO., LTD",(주)쎄니트,20150616000281,EB,2015-06-16,무기명식 이권부 무보증사모교환사채,2873000000,0,2,2019-06-17,1634,100,2015-06-18,2019-05-17,,"not applicable (EB is exchanged for already-issued shares, not newly issued)",,2015-06-17,private
037760,"CENIT CO., LTD",(주)쎄니트,20250915000229,EB,2025-09-15,무기명식 무이권부 무보증 사모 교환사채,6801690000,0,2,2030-09-23,1983,100,2025-10-23,2030-08-23,,"not applicable (EB is exchanged for already-issued shares, not newly issued)",2025-09-23,2025-09-23,private
129920,"Daesung Hi-Tech Co., Ltd.",(주)대성하이텍,20230619000202,CB,2023-06-19,무기명식 무이권부 무보증 사모 전환사채,12000000000,0,0,2026-06-21,10360,100,2024-12-21,2026-05-21,7260,,2023-06-21,2023-06-21,private
129920,"Daesung Hi-Tech Co., Ltd.",(주)대성하이텍,20240724000424,CB,2024-07-24,"무
기명식 이권부 무보증 사모 전환사채",3000000000,0,5,2029-07-26,4262,100,2026-01-26,2029-06-26,2984,,2024-07-26,2024-07-26,private
129920,"Daesung Hi-Tech Co., Ltd.",(주)대성하이텍,20250416000376,CB,2025-04-16,무기명식 무보증 사모 전환사채,15000000000,0,0,2030-04-18,3926,100,2026-04-18,2030-03-18,2749,,2025-04-18,2025-04-18,private
129920,"Daesung Hi-Tech Co., Ltd.",(주)대성하이텍,20260511000476,CB,2026-05-11,무기명식 무보증 사모 전환사채,10000000000,0,3,2031-05-19,9688,100,2027-05-19,2031-04-19,6782,,2026-05-19,2026-05-19,private
036890,JINSUNG T.E.C,(주)진성티이씨,20250819000215,EB,2025-08-19,무기명식 무보증 사모 교환사채,15147939992,0,0,2028-08-27,12134,100,2025-08-28,2028-07-27,,"not applicable (EB is exchanged for already-issued shares, not newly issued)",2025-08-27,2025-08-27,private
265560,"Younghwa Tech Co., Ltd.",영화테크(주),20220615000407,CB,2022-06-15,무기명식 이권부 무보증 사모 전환사채,10000000000,0,0,2027-06-17,16157,100,2023-06-17,2027-05-17,,,2022-06-17,2022-06-17,private
265560,"Younghwa Tech Co., Ltd.",영화테크(주),20220615000412,CB,2022-06-15,무기명식 이권부 무보증 사모 전환사채,2000000000,0,0,2027-06-24,16157,100,2023-06-24,2027-05-24,,,2022-06-17,2022-06-24,private
900270,HENG SHENG HOLDING GROUP COMPANY LIMITED,헝셩그룹유한회사,20240610000380,CB,2024-06-10,"무기명 이권부 무보증
사모 전환사채",2000000000,0,6,2027-06-10,364,100,2025-06-11,2027-05-10,255,,2024-06-11,2024-06-11,private
900270,HENG SHENG HOLDING GROUP COMPANY LIMITED,헝셩그룹유한회사,20240610000388,CB,2024-06-10,"무기명 이권부 무보증
사모 전환사채",1000000000,0,6,2027-06-10,364,100,2025-06-11,2027-05-10,255,,2024-06-11,2024-06-11,private
900270,HENG SHENG HOLDING GROUP COMPANY LIMITED,헝셩그룹유한회사,20250425000604,CB,2025-03-24,"무기명식 이권부 무보증

사모 전환사채",4000000000,0,6,2028-04-28,247,100,2026-04-29,2028-03-28,173,,,2025-04-29,private
900270,HENG SHENG HOLDING GROUP COMPANY LIMITED,헝셩그룹유한회사,20260213002703,CB,2026-02-13,"해외 무기명식 이권부
무보증 사모 전환사채",2977280000,0,6,2029-02-25,174,100,2027-02-25,2029-01-25,122,,2026-02-20,2026-02-25,private
004830,"DCKSUNG CO.,LTD",(주)덕성,20250922000203,EB,2025-09-22,무기명식 무보증 사모 교환사채,9848128200,0,0,2030-09-30,6540,100,2025-10-14,2030-09-23,,"not applicable (EB is exchanged for already-issued shares, not newly issued)",2025-09-30,2025-09-30,private
089980,"SANG-A  FRONTEC CO., LTD.",(주)상아프론테크,20171023000225,CB,2017-10-23,무기명식 이권부 무보증 무담보 사모 전환사채,20000000000,,,2021-10-25,13687,100,2018-10-25,2021-09-25,,,2017-10-25,2017-10-25,private
089980,"SANG-A  FRONTEC CO., LTD.",(주)상아프론테크,20200924000106,CB,2020-09-24,무기명식 이권부 무보증 무담보 사모 전환사채,10000000000,,,2023-05-28,44650,100,2021-09-28,2023-04-28,,,2020-09-28,2020-09-28,private
089980,"SANG-A  FRONTEC CO., LTD.",(주)상아프론테크,20200924000110,CB,2020-09-24,무기명식 이권부 무보증 무담보 사모 전환사채,20000000000,,,2025-09-28,44650,100,2021-09-28,2025-08-28,,,2020-09-28,2020-09-28,private
089980,"SANG-A  FRONTEC CO., LTD.",(주)상아프론테크,20230508000614,CB,2023-05-08,무기명식 무이권부 무보증 사모 전환사채,60000000000,0,0,2028-05-10,31327,100,2024-05-10,2028-04-10,,,2023-05-10,2023-05-10,private
089980,"SANG-A  FRONTEC CO., LTD.",(주)상아프론테크,20260429000835,CB,2026-04-28,무기명식 무보증 사모 전환사채,45000000000,0,0,2031-05-07,28876,100,2027-05-07,2031-04-07,,,2026-05-07,2026-05-07,private
089980,"SANG-A  FRONTEC CO., LTD.",(주)상아프론테크,20250923000297,EB,2025-09-23,무기명식 무이권부 무보증 사모 교환사채,8241254414,0,0,2030-10-01,20681,100,2025-11-01,2030-09-01,,"not applicable (EB is exchanged for already-issued shares, not newly issued)",2025-10-01,2025-10-01,private
089980,"SANG-A  FRONTEC CO., LTD.",(주)상아프론테크,20210414001330,EB,2021-04-14,무기명식 무보증 사모 교환사채,31051261000,0,0,2026-04-16,58600,100,2021-05-16,2026-03-16,,"not applicable (EB is exchanged for already-issued shares, not newly issued)",2021-04-16,2021-04-16,private
399720,"GAONCHIPS CO., LTD.",(주)가온칩스,20250401003248,CB,2025-04-01,무기명식 무이권부 무보증 사모 전환사채,34500000000,0,0,2030-04-03,43410,100,2026-04-03,2030-03-03,36899,,2025-04-03,2025-04-03,private
171010,"RAM TECHNOLOGY CO., LTD.",램테크놀러지(주),20191205000002,CB,2019-12-04,제 1회 무기명식 이권부 무보증 무담보 사모 전환사채,7500000000,0,3,2024-12-06,7542,100,2020-12-06,2024-11-06,,,2019-12-06,2019-12-06,private
171010,"RAM TECHNOLOGY CO., LTD.",램테크놀러지(주),20191205000003,BW,2019-12-04,"제 2회 무기명식 이권부 무보증 
사모 비분리형 신주인수권부사채",2500000000,0,3,2024-12-06,7542,100,2020-12-06,2024-11-06,,,2019-12-06,2019-12-06,private
171090,"SUNIC SYSTEM Co., Ltd.",(주)선익시스템,20240605000268,CB,2024-06-04,무기명식 무이권부 무보증 사모 전환사채,42000000000,0,0,2029-06-21,61988,100,2025-06-21,2029-05-21,49591,,2024-06-07,2024-06-21,private
171090,"SUNIC SYSTEM Co., Ltd.",(주)선익시스템,20240604000386,EB,2024-06-04,무기명식 무이권부 무보증 사모 교환사채,18000000000,0,0,2029-06-21,68186,100,2024-07-21,2029-05-21,,"not applicable (EB is exchanged for already-issued shares, not newly issued)",2024-06-07,2024-06-21,private
441270,"Fine M-Tec Co.,Ltd.",(주)파인엠텍,20250123000273,CB,2025-01-21,무기명식 무이권부 무보증 사모 전환사채,30000000000,0,0,2030-01-23,5594,100,2026-01-23,2029-12-23,3916,,2025-01-23,2025-01-23,private
441270,"Fine M-Tec Co.,Ltd.",(주)파인엠텍,20260521000737,CB,2026-05-21,무기명식 무이권부 무보증 사모 전환사채,35000000000,0,0,2031-05-29,9920,100,2027-05-29,2031-04-29,7936,,2026-05-29,2026-05-29,private
207760,Mr. Blue Corporation,미스터블루(주),20220216000800,CB,2022-02-07,"무기명식 무보증 
사모 
전환사채",15000000000,0,1,2027-02-11,8427,100,2023-02-11,2027-02-10,6742,,2022-02-07,2022-02-11,private
207760,Mr. Blue Corporation,미스터블루(주),20240509000558,CB,2024-05-09,무기명식 무보증 사모전환사채,10000000000,0,0,2029-05-13,2707,100,2025-05-13,2029-04-13,2166,,2024-05-13,2024-05-13,private
207760,Mr. Blue Corporation,미스터블루(주),20220216000802,BW,2022-02-07,"무기명식
무보증
사모
신주인수권부사채",10000000000,0,1,2027-02-11,8427,100,2023-02-11,2027-02-10,6742,,2022-02-07,2022-02-11,private
094480,"GalaxiaMoneytree Co.,Ltd.",갤럭시아머니트리(주),20150529001118,CB,2015-05-29,무기명식 이권부 무보증 전환사채,10000000000,0,3,2018-06-02,6687,100,2016-06-02,2018-05-02,,,2015-06-02,2015-06-02,private
191600,"BLUETOP CO.,LTD.",(주)블루탑,20170417000077,CB,2017-04-14,무기명식 이권부 사모 전환사채,3000000000,0.5,5,2020-04-17,4000,100,2018-04-18,2020-04-16,,,,2017-04-17,private
191600,"BLUETOP CO.,LTD.",(주)블루탑,20220725000344,CB,2022-07-25,무기명식 이권부 무보증 사모 전환사채,2000000000,0,2,2026-07-28,8000,100,2023-07-28,2026-06-28,,,2022-07-27,2022-07-28,private
047310,POWER LOGICS,(주)파워로직스,20160517000270,CB,2016-05-17,무기명식 무보증 이권부 사모 전환사채,5000000000,0,1.5,2021-05-18,4170,100,2017-05-18,2021-04-18,,,2016-05-18,2016-05-18,private
047310,POWER LOGICS,(주)파워로직스,20210709000198,CB,2021-07-09,국내 무기명식 이권부 무보증 사모 전환사채,15000000000,0,0,2026-07-13,9780,100,2022-07-13,2026-06-13,6850,,2021-07-13,2021-07-13,private
085910,"NEOTECHNICALSYSTEMCO.,LTD",(주)네오티스,20191227000603,CB,2019-12-27,무기명식 이권부 무보증 사모 전환사채,10000000000,0,1,2025-01-03,4005,100,2021-01-03,2024-12-03,,,2020-01-02,2020-01-03,private
085910,"NEOTECHNICALSYSTEMCO.,LTD",(주)네오티스,20210713000464,CB,2021-07-13,무기명식 이권부 무보증 사모 전환사채,14500000000,0,1,2026-07-14,5370,100,2022-07-14,2026-06-14,3760,,2021-07-13,2021-07-14,private
092200,DAE-IL Corporation,(주)디아이씨,20210720000349,CB,2021-07-20,무기명식 이권부 무보증 사모 전환사채,4000000000,0,3,2024-07-21,7064,100,2022-07-21,2024-06-21,5652,,2021-07-21,2021-07-21,private
092200,DAE-IL Corporation,(주)디아이씨,20190308000916,BW,2019-03-08,무기명식 이권부 무보증 비분리형 사모 신주인수권부사채,20500000000,0,2.5,2024-03-15,6795,100,2020-03-15,2024-02-15,,,2019-03-12,2019-03-15,private
015260,AUTOMOBILE & PCB,(주)에이엔피,20210930000223,CB,2021-07-16,무기명식 이권부 무보증 사모 전환사채,5010000000,2,5,2024-10-01,2239,100,2022-10-01,2024-09-01,1568,,2021-10-01,2021-10-01,private
015260,AUTOMOBILE & PCB,(주)에이엔피,20210930000227,CB,2021-07-16,무기명식 이권부 무보증 사모 전환사채,5010000000,2,5,2024-10-01,2239,100,2022-10-01,2024-09-01,1568,,2021-10-01,2021-10-01,private
015260,AUTOMOBILE & PCB,(주)에이엔피,20220620000029,CB,2022-05-23,무기명식 이권부 무보증 사모 전환사채,5000000000,2,4,2025-06-20,2413,100,2023-06-20,2025-05-20,1690,,2022-05-23,2022-06-20,private
015260,AUTOMOBILE & PCB,(주)에이엔피,20211210000339,CB,2021-09-29,무기명식 이권부 무보증 사모 전환사채,2800000000,2,5,2024-12-07,2097,100,2022-12-07,2024-11-07,1468,,2021-12-07,2021-12-07,private
015260,AUTOMOBILE & PCB,(주)에이엔피,20220415000313,CB,2022-03-11,무기명식 이권부 무보증 사모 전환사채,12000000000,2,4,2025-04-15,2350,100,2023-04-15,2025-03-15,1645,,2022-03-11,2022-04-15,private
015260,AUTOMOBILE & PCB,(주)에이엔피,20240327000320,CB,2024-03-26,무기명식 이권부 무보증 사모 전환사채,5000000000,2,5,2027-03-28,1237,100,2025-03-28,2027-02-28,866,,2024-03-28,2024-03-28,private
015260,AUTOMOBILE & PCB,(주)에이엔피,20250409002413,CB,2025-04-09,무기명식 이권부 무보증 사모 전환사채,9000000000,2,4,2028-04-11,500,100,2026-04-11,2028-03-11,,,2025-04-11,2025-04-11,private
081580,"SUNGWOOELECTRONICSCO.,LTD.",성우전자(주),20240621000381,CB,2024-06-19,무기명식 이권부 무보증 사모 전환사채,10000000000,2,2,2029-06-21,3538,100,2025-06-21,2029-05-21,2477,,2024-06-21,2024-06-21,private
337840,"UXN Co., Ltd.",주식회사 유엑스엔,20260821000596,CB,,무기명식 무이권부 무보증 사모 전환사채,,,,,,,,,,,,,private
337840,"UXN Co., Ltd.",주식회사 유엑스엔,20211006000506,BW,2021-09-29,무기명식 이권부 무보증 사모 신주인수권부사채,18000000000,0,3,2031-10-06,21735,100,2022-10-08,2031-09-06,15215,,2021-09-29,2021-10-07,private
014280,"KUMKANG KIND CO.,LTD",금강공업(주),20180704000270,CB,2018-07-04,무기명식 이권부 무보증 사모 전환사채,28000000000,0,0,2023-07-06,28770,100,2019-07-06,2023-06-06,,,2018-07-06,2018-07-06,private
014280,"KUMKANG KIND CO.,LTD",금강공업(주),20260601001516,EB,2026-06-01,무기명식 무이권부 무보증 사모 교환사채,31000000000,0,0,2031-07-02,14347,100,2026-07-09,2031-06-02,,"not applicable (EB is exchanged for already-issued shares, not newly issued)",2026-07-02,2026-07-02,private
317120,RANIX INC.,주식회사 라닉스,20210512000801,CB,2021-05-12,무기명식 무보증 사모 전환사채,15000000000,0,0,2024-05-14,11487,100,2022-05-14,2024-04-14,8041,,2021-05-14,2021-05-14,private
317120,RANIX INC.,주식회사 라닉스,20250411002196,CB,2025-04-11,무기명식 이권부 무보증 사모 전환사채,3000000000,2,5,2029-04-15,2766,100,2026-04-15,2029-03-15,1937,,2025-04-15,2025-04-15,private
317120,RANIX INC.,주식회사 라닉스,20250924000459,CB,2025-09-24,무기명식 이권부 무보증 사모 전환사채,3000000000,2,5,2029-10-02,1577,100,2026-10-02,2029-09-02,1104,,2025-10-02,2025-10-02,private
317120,RANIX INC.,주식회사 라닉스,20230808000408,BW,2023-08-08,무기명식 무보증 비분리형 사모 신주인수권부사채,8000000000,0,2.5,2026-08-10,4880,100,2024-08-10,2026-07-10,,,2023-08-10,2023-08-10,private
140410,"Mezzion Pharma Co., Ltd.",(주)메지온,20150714000395,CB,2015-07-14,무기명식 이권부 무보증 사모 전환사채,42000000000,0,1,2020-07-16,43591,100,2016-07-16,2020-06-16,,,2015-07-16,2015-07-16,private
140410,"Mezzion Pharma Co., Ltd.",(주)메지온,20211112001199,CB,2021-11-12,무기명식 이권부 무보증 후순위 전환사채,20000000000,0,0,2051-11-16,156113,100,2022-11-17,2051-10-16,,,2021-11-16,2021-11-16,private
140410,"Mezzion Pharma Co., Ltd.",(주)메지온,20250613000445,CB,2025-06-10,무기명식 이권부 무보증 사모 전환사채,21000000000,0,6,2030-06-20,39284,100,2026-06-20,2030-05-20,27499,,2025-06-20,2025-06-20,private
140410,"Mezzion Pharma Co., Ltd.",(주)메지온,20250613000447,CB,2025-06-10,무기명식 이권부 무보증 사모 전환사채,2000000000,0,6,2030-06-20,39284,100,2026-06-20,2030-05-20,27499,,2025-06-20,2025-06-20,private
140410,"Mezzion Pharma Co., Ltd.",(주)메지온,20260430000109,CB,2026-04-30,무기명식 이권부 무보증 사모 전환사채,36500000000,0,2,2031-05-12,96301,100,2027-05-12,2031-04-12,67411,,2026-04-30,2026-05-12,private
140410,"Mezzion Pharma Co., Ltd.",(주)메지온,20160901000235,BW,2016-09-01,무기명식이권부무모증 비분리형 사모 신주인수권부사채,15000000000,0,1,2021-09-05,30000,100,2017-09-05,2021-08-05,,,2016-09-05,2016-09-05,private
046970,"WOORIRO CO., LTD",(주)우리로,20151106000462,CB,2015-11-06,무기명식 무보증 사모 전환사채,5000000000,3,3,2018-11-09,7938,100,2016-11-09,2018-10-09,,,2015-11-09,2015-11-09,private
046970,"WOORIRO CO., LTD",(주)우리로,20150902000263,CB,2015-09-02,무기명식 무보증 사모 전환사채,5000000000,0,3,2018-09-02,5308,100,2016-09-02,2018-08-02,,,2015-09-02,2015-09-02,private
046970,"WOORIRO CO., LTD",(주)우리로,20150902000265,CB,2015-09-02,무기명식 무보증 사모 전환사채,2500000000,0,3,2018-09-02,5308,100,2016-09-02,2018-08-02,,,2015-09-02,2015-09-02,private
046970,"WOORIRO CO., LTD",(주)우리로,20181220000435,CB,2018-12-20,무기명식 무보증 사모 전환사채,6000000000,0,4,2021-12-26,2118,100,2019-12-26,2021-11-26,,,2018-12-24,2018-12-26,private
046970,"WOORIRO CO., LTD",(주)우리로,20190110000456,CB,2018-12-20,무기명식 무보증 사모 전환사채,5000000000,4,4,2022-01-10,2118,100,2020-01-10,2021-12-10,,,2018-12-24,2019-01-10,private
046970,"WOORIRO CO., LTD",(주)우리로,20180118000409,CB,2018-01-18,무기명식 무보증 사모 전환사채,10000000000,4,4,2021-01-24,3098,100,2019-01-24,2020-12-24,,,2018-01-22,2018-01-24,private
046970,"WOORIRO CO., LTD",(주)우리로,20161027000282,CB,,,,,,,,,,,,,,,private
046970,"WOORIRO CO., LTD",(주)우리로,20161027000322,CB,2016-10-27,무기명식 무보증 사모 전환사채,5000000000,3,3,2019-10-28,2367,100,2017-10-28,2019-09-28,,,2016-10-27,2016-10-28,private
215360,"WOORY INDUSTRIAL CO.,LTD.",우리산업(주),20160629000756,CB,2016-06-29,무기명 사모 전환사채,3000000000,0,2.5,2019-06-30,32963,100,2017-07-10,2019-05-30,,,2016-06-29,2016-06-30,private
215360,"WOORY INDUSTRIAL CO.,LTD.",우리산업(주),20171115000261,CB,2017-11-15,무기명 사모 전환사채,10000000000,0,,2046-11-17,35428,100,2018-11-18,2046-11-17,,,,2017-11-17,private
215360,"WOORY INDUSTRIAL CO.,LTD.",우리산업(주),20171115000271,CB,2017-11-15,무기명 사모 전환사채,10000000000,0,,2047-11-17,35428,100,2018-11-18,2047-11-17,,,,2017-11-17,private
032350,"LOTTE TOUR DEVELOPMENT CO.,LTD",롯데관광개발(주),20170816000055,CB,2017-08-16,무기명식 이권부 무보증 사모전환사채,40000000000,0,1,2020-08-18,8300,100,2018-08-18,2020-07-18,,,2017-08-18,2017-08-18,private
032350,"LOTTE TOUR DEVELOPMENT CO.,LTD",롯데관광개발(주),20211203000508,CB,2021-11-24,무기명식 사모 전환사채,10000000000,0,4.5,2025-11-29,18231,100,2022-11-29,2025-11-24,12762,,2021-11-26,2021-11-29,private
032350,"LOTTE TOUR DEVELOPMENT CO.,LTD",롯데관광개발(주),20220916000493,CB,2022-09-16,기명식 무보증 무담보 해외전환사채,71040000000,15,10.53,2025-09-20,13850,100,2020-09-20,2025-08-21,,,2019-09-17,2019-09-20,private
032350,"LOTTE TOUR DEVELOPMENT CO.,LTD",롯데관광개발(주),20230426000721,CB,2023-04-26,무기명식 사모 전환사채,6000000000,4,8,2027-04-27,11440,100,2024-04-27,2027-04-20,8008,,2023-04-27,2023-04-27,private
032350,"LOTTE TOUR DEVELOPMENT CO.,LTD",롯데관광개발(주),20230222003213,CB,2023-02-22,무기명식 사모 전환사채,25000000000,4,8,2027-02-23,14413,100,2024-02-23,2027-02-16,10090,,2023-02-23,2023-02-23,private
032350,"LOTTE TOUR DEVELOPMENT CO.,LTD",롯데관광개발(주),20230828000644,CB,2023-08-28,무기명식 사모 전환사채,16300000000,8,8,2027-08-29,16131,100,2024-08-29,2027-08-23,11292,,2023-08-29,2023-08-29,private
032350,"LOTTE TOUR DEVELOPMENT CO.,LTD",롯데관광개발(주),20230828000646,CB,2023-08-28,무기명식 사모 전환사채,4000000000,8,8,2027-08-29,16131,100,2024-09-13,2027-08-23,11292,,2023-08-29,2023-09-13,private
032350,"LOTTE TOUR DEVELOPMENT CO.,LTD",롯데관광개발(주),20240116000430,CB,2024-01-16,무기명식 무보증 무담보 사모 전환사채,37000000000,2.5,6.5,2025-01-14,15550,100,2022-01-15,2025-01-07,13250,,2021-01-15,2021-01-15,private
032350,"LOTTE TOUR DEVELOPMENT CO.,LTD",롯데관광개발(주),20240116000424,CB,2024-01-16,무기명식 무보증 무담보 사모 전환사채,57260000000,2.5,6.5,2025-01-14,15550,100,2022-03-11,2025-01-07,13250,,2021-01-19,2021-03-11,private
032350,"LOTTE TOUR DEVELOPMENT CO.,LTD",롯데관광개발(주),20251022000296,CB,2025-10-20,무기명식 사모 전환사채,70000000000,0,4.7,2026-11-29,18231,100,2022-11-29,2026-11-23,12762,,2021-11-26,2021-11-29,private
123860,"Anapass, Inc.",(주)아나패스,20190927000647,CB,2019-09-27,무기명식 이권부 무보증 사모 전환사채,18000000000,0,0,2024-09-30,26198,100,2020-09-30,2024-08-30,,,2019-09-30,2019-09-30,private
123860,"Anapass, Inc.",(주)아나패스,20210105000515,CB,2021-01-05,무기명식 이권부 무보증 사모 전환사채,2000000000,0,0,2026-01-07,26504,100,2022-01-07,2025-12-07,18553,,2021-01-07,2021-01-07,private
123860,"Anapass, Inc.",(주)아나패스,20260612000335,CB,2026-06-12,무기명식 무이권부 무보증 사모 전환사채,20000000000,0,0,2034-06-22,17000,100,2027-06-22,2034-05-22,,,2026-06-22,2026-06-22,private
123860,"Anapass, Inc.",(주)아나패스,20190927000651,BW,2019-09-27,무기명식 이권부 무보증 사모 비분리형 신주인수권부사채,15000000000,0,0,2024-09-30,26198,100,2020-09-30,2024-08-30,,,2019-09-30,2019-09-30,private
123860,"Anapass, Inc.",(주)아나패스,20210105000519,BW,2021-01-05,무기명식 이권부 무보증 사모 비분리형 신주인수권부사채,5000000000,0,0,2026-01-07,26504,100,2022-01-07,2025-12-07,18553,,2021-01-07,2021-01-07,private
123860,"Anapass, Inc.",(주)아나패스,20201124000208,EB,2020-11-24,무기명식 이권부 무보증 사모 교환사채,3000000000,0,0,2025-11-25,25153,100,2021-02-25,2025-10-25,,"not applicable (EB is exchanged for already-issued shares, not newly issued)",,2020-11-25,private
123860,"Anapass, Inc.",(주)아나패스,20171115000172,EB,2017-09-27,무기명 이권부 무보증 사모 교환사채,12288807080,0,1,2020-11-15,18170,100,2017-12-15,2020-10-15,,"not applicable (EB is exchanged for already-issued shares, not newly issued)",2017-11-15,2017-11-15,private
245450,"CNSLINK Co., Ltd",(주)씨앤에스링크,20170602000514,CB,2017-06-02,기명식 이권부 보증 사모 전환사채,700000000,0.5,3,2022-06-09,5000,100,2018-06-12,2022-06-08,,,2017-06-07,2017-06-09,private
038620,"WIZ CORP, Inc.",위즈코프(주),20200721000323,CB,2020-07-20,무기명식 이권부 무보증 사모 전환사채,3400000000,2,2,2025-07-22,1144,100,2021-07-22,2025-06-22,801,,2020-07-22,2020-07-22,private
038620,"WIZ CORP, Inc.",위즈코프(주),20230602000357,CB,2023-06-02,무기명식 이권부 무보증 사모 전환사채,10500000000,0,2,2026-06-07,849,100,2024-06-07,2026-05-07,595,,2023-06-07,2023-06-07,private
264850,"Elensys Co.,Ltd.",(주)이랜시스,20201029000435,EB,2020-10-29,무기명식 이권부 무보증 사모 교환사채,3183320000,0,2,2022-11-07,2500,100,2020-12-07,2022-10-07,,"not applicable (EB is exchanged for already-issued shares, not newly issued)",2020-11-05,2020-11-05,private
140520,"DaeChang Steel CO., LTD.",(주)대창스틸,20160407001621,CB,2016-04-07,기명식 이권부 무보증 사모 전환사채,3300000000,0.5,1.8,2021-04-07,4250,100,2017-04-08,2021-04-07,,,2016-04-07,2016-04-07,private
121890,"SD system  Co., Ltd",(주)에스디시스템,20200122000442,CB,,,,,,,,,,,,,,,private
121890,"SD system  Co., Ltd",(주)에스디시스템,20200122000448,CB,,,,,,,,,,,,,,,private
121890,"SD system  Co., Ltd",(주)에스디시스템,20190911000390,CB,2019-05-24,무기명식 이권부 무보증 사모전환사채,6000000000,3,4,2022-09-11,4573,100,2020-09-11,2022-08-11,,,2019-09-11,2019-09-11,private
393890,"W-SCOPE CHUNGJU PLANT Co., Ltd.",더블유씨피(주),20250908000281,CB,2025-09-08,무기명식 이권부 무보증 사모 전환사채,36000000000,3,5,2030-09-25,7396,100,2026-09-25,2030-08-25,5178,,2025-09-10,2025-09-25,private
393890,"W-SCOPE CHUNGJU PLANT Co., Ltd.",더블유씨피(주),20260511000705,CB,2026-04-07,무기명식 이권부 무보증 사모전환사채,36000000000,3,5,2031-05-06,14137,100,2027-05-06,2031-04-06,9896,,2026-04-30,2026-05-06,private
179900,UTI INC.,(주)유티아이,20240626000144,CB,2024-06-26,무기명식 무이권부 무보증 사모 전환사채,6300000000,0,0,2029-06-28,30654,100,2025-06-28,2029-05-28,21458,,2024-06-28,2024-06-28,private
179900,UTI INC.,(주)유티아이,20250624000407,CB,2025-06-24,무기명식 이권부 무보증 사모 전환사채,15000000000,1,3,2030-07-07,22651,100,2026-07-07,2030-06-07,15856,,2025-07-07,2025-07-07,private
179900,UTI INC.,(주)유티아이,20251119000290,CB,2025-11-19,무기명식 이권부 무보증 사모 전환사채,52000000000,1,3,2030-11-21,24575,100,2026-11-21,2030-10-21,17203,,2025-11-21,2025-11-21,private
179900,UTI INC.,(주)유티아이,20260521000583,CB,2026-05-21,무기명식 이권부 무보증 사모 전환사채,10000000000,0,2,2031-05-29,21178,100,2027-05-29,2031-04-29,14825,,2026-05-29,2026-05-29,private
179900,UTI INC.,(주)유티아이,20260813001276,CB,2024-05-20,무기명식 무이권부 무보증 사모 전환사채,54150000000,1,1,2029-05-22,36559,100,2025-05-22,2029-04-22,25592,,2024-05-22,2024-05-22,private
179900,UTI INC.,(주)유티아이,20260707000469,CB,2026-07-07,무기명식 이권부 무보증 사모 전환사채,2500000000,1,3,2030-07-15,4795,100,2027-07-15,2030-06-15,3357,,2026-07-15,2026-07-15,private
179900,UTI INC.,(주)유티아이,20250924000446,EB,2025-09-24,무기명식 무보증 사모 교환사채,5200000000,0,2,2030-10-02,24750,100,2025-11-02,2030-09-25,,"not applicable (EB is exchanged for already-issued shares, not newly issued)",2025-10-02,2025-10-02,private
082920,"VITZROCELL Co.,Ltd.",(주)비츠로셀,20201203000263,CB,2020-12-03,"무기명
식 무이권부 무보증 사모 전환사채",10000000000,0,0,2025-12-04,16670,100,2022-12-04,2025-11-04,15003,,2020-12-04,2020-12-04,private
082920,"VITZROCELL Co.,Ltd.",(주)비츠로셀,20201203000295,CB,2020-12-03,"무기명
식 무이권부 무보증 사모 전환사채",10000000000,0,1,2025-12-04,16670,100,2021-12-04,2025-11-04,15003,,2020-12-04,2020-12-04,private
049120,"FINE DNC CO.,LTD.",(주)파인디앤씨,20160719000279,CB,2016-07-19,무기명식 이권부 무보증 사모 전환사채,10000000000,0,2,2021-07-21,1881,100,2017-07-21,2021-06-21,,,,2016-07-21,private
049120,"FINE DNC CO.,LTD.",(주)파인디앤씨,20170830000752,CB,2017-08-28,무기명식 이권부 무보증 사모 전환사채,7600000000,0,1.5,2022-08-30,2987,100,2018-08-30,2022-07-30,,,,2017-08-30,private
049120,"FINE DNC CO.,LTD.",(주)파인디앤씨,20170830000756,CB,2017-08-28,무기명식 이권부 무보증 사모 전환사채,6000000000,0,1.5,2022-08-30,2987,100,2018-08-30,2022-07-30,,,,2017-08-30,private
049120,"FINE DNC CO.,LTD.",(주)파인디앤씨,20200922000387,CB,2020-09-22,무기명식 이권부 무보증 사모 전환사채,7500000000,0,3,2025-09-24,1950,100,2021-09-24,2025-08-24,1365,,2020-09-24,2020-09-24,private
049120,"FINE DNC CO.,LTD.",(주)파인디앤씨,20241231000314,CB,2022-10-26,무기명식 이권부 무보증 사모 전환사채,19700000000,0,3,2027-10-28,1065,100,2023-10-28,2027-09-28,960,,2022-10-28,2022-10-28,private
049120,"FINE DNC CO.,LTD.",(주)파인디앤씨,20241231000296,CB,2024-12-27,무기명식 이권부 무보증 사모 전환사채,4800000000,1,2,2027-12-31,1065,100,2026-06-30,2027-11-30,746,,2024-12-31,2024-12-31,private
049120,"FINE DNC CO.,LTD.",(주)파인디앤씨,20241231000322,CB,2023-04-26,무기명식 이권부 무보증 사모 전환사채,5000000000,0,3,2028-04-28,1065,100,2024-04-28,2028-03-28,775,,2023-04-28,2023-04-28,private
049120,"FINE DNC CO.,LTD.",(주)파인디앤씨,20241231000327,CB,2023-09-06,무기명식 이권부 무보증 사모 전환사채,5000000000,0,3,2028-09-08,1065,100,2024-09-08,2028-08-08,746,,2023-09-08,2023-09-08,private
049120,"FINE DNC CO.,LTD.",(주)파인디앤씨,20250717000233,CB,2025-07-15,무기명식 이권부 무보증 사모 전환사채,2000000000,1,3,2028-07-17,904,100,2026-07-17,2028-06-17,633,,2025-07-17,2025-07-17,private
049120,"FINE DNC CO.,LTD.",(주)파인디앤씨,20241231000310,BW,2021-07-06,무기명식 이권부 무보증 사모 비분리형 신주인수권부사채,20000000000,0,1.5,2026-07-08,1065,100,2022-07-08,2026-06-08,1065,,2021-07-08,2021-07-08,private
049120,"FINE DNC CO.,LTD.",(주)파인디앤씨,20241226000502,EB,2024-12-26,무기명식 이권부 무보증 사모 교환사채,8700000000,0,0,2027-12-30,6060,100,2025-01-30,2027-11-30,,"not applicable (EB is exchanged for already-issued shares, not newly issued)",2024-12-30,2024-12-30,private
002070,VIVIEN CORPORATION,(주)비비안,20200402002261,CB,2020-04-02,무기명식 이권부 무보증 사모 전환사채,10000000000,2,2,2023-04-03,964,100,2021-04-03,2023-03-03,,,2020-04-02,2020-04-03,private
002070,VIVIEN CORPORATION,(주)비비안,20200311000708,CB,2020-03-02,무기명식 이권부 무보증 사모 전환사채,5000000000,2,2,2023-03-03,1345,100,2021-03-03,2023-02-03,,,2020-03-02,2020-03-03,private
002070,VIVIEN CORPORATION,(주)비비안,20251217000190,CB,2025-12-10,비비안 제4회차 무기명식 이권부 무보증 사모 전환사채,10000000000,7,10,2028-12-17,653,100,2026-12-17,2028-11-17,500,,2025-12-10,2025-12-17,private
002070,VIVIEN CORPORATION,(주)비비안,20260320000784,CB,2021-11-25,무기명식 이권부 무보증 사모 전환사채,10000000000,15,15,2027-04-20,500,100,2023-04-20,2027-03-20,500,,2021-11-25,2022-04-20,private
002070,VIVIEN CORPORATION,(주)비비안,20260206002094,CB,2026-01-21,비비안 제5회차 무기명식 이권부 무보증 사모 전환사채,15000000000,7,10,2029-01-29,579,100,2027-01-29,2028-12-29,500,,2026-01-21,2026-01-29,private
002070,VIVIEN CORPORATION,(주)비비안,20260520000247,CB,2026-05-20,비비안 제5회차 무기명식 이권부 무보증 사모 전환사채,1200000000,3,7,2029-05-28,10095,100,2027-05-28,2029-04-28,7067,,2026-05-20,2026-05-28,private
056080,"Yujin Robot Co., Ltd.",(주) 유진로봇,20160107000235,CB,2016-01-07,무기명식 무보증 사모  전환사채,3000000000,1.5,2,2019-01-11,6411,100,2017-01-11,2018-12-11,,,2016-01-11,2016-01-11,private
090710,"Hyulim ROBOT Co.,Ltd.",휴림로봇(주),20151221000129,CB,2015-12-21,무기명식 이권부 무보증 사모전환사채,1000000000,1,6.64,2019-12-22,4897,100,2016-12-22,2019-12-21,,,2015-12-22,2015-12-22,private
090710,"Hyulim ROBOT Co.,Ltd.",휴림로봇(주),20171129001156,CB,2017-11-29,무기명식 이권부 무보증 사모전환사채,3000000000,4,6,2020-11-30,2073,100,2018-11-30,2020-10-30,,,2017-11-29,2017-11-30,private
090710,"Hyulim ROBOT Co.,Ltd.",휴림로봇(주),20160831001587,CB,2016-08-26,무기명식 이권부 무보증 사모전환사채,2000000000,2,6,2019-09-01,6606,100,2017-09-01,2019-08-31,,,2016-08-26,2016-09-01,private
090710,"Hyulim ROBOT Co.,Ltd.",휴림로봇(주),20161010000618,CB,2016-09-07,,,,,,,,,,,,,,private
090710,"Hyulim ROBOT Co.,Ltd.",휴림로봇(주),20170214000632,CB,2017-02-14,무기명식 이권부 무보증 사모전환사채,4000000000,2,4,2020-02-14,4533,100,2017-02-14,2020-02-13,,,2017-01-20,2017-02-14,private
090710,"Hyulim ROBOT Co.,Ltd.",휴림로봇(주),20170215000226,CB,2017-02-15,무기명식 이권부 무보증 사모전환사채,14400000000,3,5,2020-02-15,3153,100,2018-02-15,2020-02-14,,,2016-11-28,2017-02-15,private
090710,"Hyulim ROBOT Co.,Ltd.",휴림로봇(주),20170908000024,CB,2017-08-08,무기명식 이권부 무보증 사모전환사채,7000000000,4,5,2020-09-08,2288,100,2018-09-08,2020-09-07,,,2017-08-08,2017-09-08,private
090710,"Hyulim ROBOT Co.,Ltd.",휴림로봇(주),20170908000527,CB,2017-09-08,무기명식 이권부 무보증 사모전환사채,2000000000,4,5,2020-09-08,2346,100,2018-09-08,2020-09-07,,,2017-09-08,2017-09-08,private
090710,"Hyulim ROBOT Co.,Ltd.",휴림로봇(주),20220929000551,CB,2021-11-29,무기명식 이권부 무보증 사모전환사채,10000000000,5,5,2025-09-29,757,100,2023-09-29,2025-09-28,200,,2021-11-29,2022-09-29,private
090710,"Hyulim ROBOT Co.,Ltd.",휴림로봇(주),20200228006272,CB,2019-06-11,무기명식 이권부 담보부 사모전환사채,10000000000,6,6,2023-02-28,941,100,2021-02-28,2023-02-27,,,2020-02-20,2020-02-28,private
090710,"Hyulim ROBOT Co.,Ltd.",휴림로봇(주),20200228006282,CB,2020-02-20,무기명식 이권부 무보증 사모전환사채,1010000000,1,4,2023-02-28,941,100,2021-02-28,2023-02-27,,,2020-02-20,2020-02-28,private
090710,"Hyulim ROBOT Co.,Ltd.",휴림로봇(주),20200304000557,CB,2020-02-28,무기명식 이권부 무보증 사모전환사채,9000000000,6,6,2023-02-28,917,100,2021-02-28,2023-02-27,,,2020-02-28,2020-02-28,private
090710,"Hyulim ROBOT Co.,Ltd.",휴림로봇(주),20201230000684,CB,2020-12-28,무기명식 이권부 담보부 사모전환사채,10000000000,3,5,2023-12-28,1755,100,2021-12-28,2023-12-27,200,,2020-12-28,2020-12-28,private
090710,"Hyulim ROBOT Co.,Ltd.",휴림로봇(주),20201230000723,CB,2020-12-28,무기명식 이권부 담보부 사모전환사채,4000000000,3,5,2023-12-28,1755,100,2021-12-28,2023-12-27,200,,2020-12-28,2020-12-28,private
090710,"Hyulim ROBOT Co.,Ltd.",휴림로봇(주),20250221002074,CB,2024-01-19,무기명식 이권부 무보증 사모전환사채,15000000000,5,5,2027-07-17,2366,100,2025-07-17,2027-06-17,,,2024-07-12,2024-07-17,private
057540,"OmnisystemCo.,Ltd",옴니시스템(주),20180817000280,CB,2018-08-17,무기명식 무보증 사모 전환사채,10000000000,0,2,2022-02-23,2595,100,2019-08-24,2022-02-22,,,2018-08-21,2018-08-24,private
119830,"ITEK, Inc.",아이텍주식회사,20180813000637,CB,2018-06-15,"무기명식
무보증 사모전환사채",48000000000,0,2,2021-08-14,6978,100,2019-08-14,2021-07-14,,,2018-06-15,2018-08-14,private
119830,"ITEK, Inc.",아이텍주식회사,20201109000346,CB,2020-11-09,무기명식 무보증 무담보 사모 전환사채,20000000000,1,1,2023-11-13,7050,100,2021-11-13,2023-10-13,500,,2020-11-05,2020-11-13,private
119830,"ITEK, Inc.",아이텍주식회사,20200707000086,CB,2020-07-06,무기명식 무보증 무담보 사모 전환사채,11500000000,1,1,2023-07-15,6069,100,2021-07-15,2023-06-15,500,,2020-07-06,2020-07-15,private
119830,"ITEK, Inc.",아이텍주식회사,20230420000407,CB,2023-01-17,무기명식 무보증 무담보 사모 전환사채,20100000000,1,4,2026-04-28,8956,100,2024-04-28,2026-03-28,6270,,2023-04-24,2023-04-28,private
119830,"ITEK, Inc.",아이텍주식회사,20240411004068,CB,2024-04-09,무기명식 이권부 무보증 사모 전환사채,20500000000,0,3,2027-04-11,8235,100,2025-04-11,2027-03-11,5765,,2024-04-11,2024-04-11,private
119830,"ITEK, Inc.",아이텍주식회사,20260219002701,CB,2026-02-13,무기명식 이권부 무보증 사모 전환사채,40000000000,0,2,2031-02-27,8882,100,2027-02-27,2031-01-27,6218,,2026-02-27,2026-02-27,private
119830,"ITEK, Inc.",아이텍주식회사,20181011000366,BW,2018-06-15,"무기명식
무보증 사모  비분리형
신주인수권부사채",10000000000,0,2,2021-11-12,6978,100,2019-11-12,2021-10-12,,,2018-06-15,2018-11-12,private
119830,"ITEK, Inc.",아이텍주식회사,20200602000141,BW,2020-06-02,무기명식 무보증 사모 비분리형 신주인수권부사채,3500000000,0,3,2023-06-04,6850,100,2021-06-04,2023-05-04,,,2020-06-02,2020-06-04,private
121600,"Advanced Nano Products Co., Ltd.",(주)나노신소재,20230920000385,CB,2023-09-19,무기명식 무이권부 무보증 사모 전환사채,33000000000,0,0,2028-09-21,155997,100,2024-09-21,2028-08-21,109198,,2023-09-21,2023-09-21,private
121600,"Advanced Nano Products Co., Ltd.",(주)나노신소재,20230920000049,CB,2023-09-19,무기명식 무이권부 무보증 사모 전환사채,62000000000,0,0,2028-09-21,155997,100,2024-09-21,2028-08-21,109198,,2023-09-21,2023-09-21,private
121600,"Advanced Nano Products Co., Ltd.",(주)나노신소재,20230919000336,BW,2023-09-19,무기명식 무이권부 무보증 사모 신주인수권부사채,100000000000,0,0,2028-09-21,155997,100,2024-09-21,2028-08-21,109198,,2023-09-21,2023-09-21,private
113810,"Dgenx Co., Ltd.",디젠스(주),20161101000361,CB,2016-11-01,무기명식 이권부 무보증 사모 전환사채,3000000000,0,1.5,2021-11-03,1920,100,2017-11-03,2021-10-03,,,2016-11-03,2016-11-03,private
059120,"AJINEXTEK Co., Ltd.",(주)아진엑스텍,20161124000270,CB,2016-11-24,무기명식 이권부 무보증 사모 전환사채,10000000000,0,3,2019-11-28,8116,100,2017-11-28,2019-10-28,,,2016-11-28,2016-11-28,private
425040,"TEMC Co., Ltd.",티이엠씨 주식회사,20231012000367,CB,2023-10-12,무기명식 무보증 사모 전환사채,30000000000,0,2,2028-10-16,38306,100,2024-10-16,2028-09-16,,,2023-10-16,2023-10-16,private
094360,"Chips&Media, Inc.",(주)칩스앤미디어,20251208000387,EB,2025-12-08,무기명식 무이권부 무보증 사모 교환사채,10000000000,0,0,2030-12-17,19541,100,2025-12-24,2030-11-17,,"not applicable (EB is exchanged for already-issued shares, not newly issued)",2025-12-17,2025-12-17,private
119610,INTEROJO CO. LTD.,(주)인터로조,20190423000157,CB,2019-04-23,무기명식 무보증 사모 전환사채,20000000000,0,0,2024-04-25,24833,100,2020-04-25,2024-03-25,,,2019-04-25,2019-04-25,private
119610,INTEROJO CO. LTD.,(주)인터로조,20230517000224,EB,2023-05-17,무기명식 무보증 사모 교환사채,12000000000,0,0,2026-05-19,40000,100,2023-05-22,2026-04-19,,"not applicable (EB is exchanged for already-issued shares, not newly issued)",2023-05-19,2023-05-19,private
119610,INTEROJO CO. LTD.,(주)인터로조,20250710000322,EB,2024-09-12,무기명식 무보증 이권부 사모 교환사채,10000000000,2,5,2027-09-13,24900,100,2024-09-19,2027-08-13,,"not applicable (EB is exchanged for already-issued shares, not newly issued)",2024-09-13,2024-09-13,private
119610,INTEROJO CO. LTD.,(주)인터로조,20210611000302,EB,2021-06-11,무기명식무보증 사모 교환사채,8500000000,0,0,2024-06-15,28350,100,2021-09-15,2024-05-15,,"not applicable (EB is exchanged for already-issued shares, not newly issued)",2021-06-15,2021-06-15,private
032080,AZTECH WB CO. LTD,(주)아즈텍더블유비이,20210720000131,CB,2021-07-20,무기명식 이권부 무보증 사모 전환사채,10000000000,0,0,2026-07-22,3027,100,2022-07-22,2026-06-22,2119,,2021-07-22,2021-07-22,private
187270,"Shin Hwa Contech Co.,Ltd.",(주)신화콘텍,20220620000107,EB,2022-06-20,무기명식 이권부 무보증 사모 교환사채,6649675302,0,0,2027-06-22,7041,100,2022-07-22,2027-05-22,,"not applicable (EB is exchanged for already-issued shares, not newly issued)",2022-06-22,2022-06-22,private
187270,"Shin Hwa Contech Co.,Ltd.",(주)신화콘텍,20250905000534,EB,2025-09-05,무기명식 무이권부 무보증 사모 교환사채,3350000000,0,0,2030-09-15,4228,100,2025-10-15,2030-08-15,,"not applicable (EB is exchanged for already-issued shares, not newly issued)",2025-09-15,2025-09-15,private
014910,"SUNGMOON ELECTRONICS CO.,LTD",성문전자(주),20210811000366,CB,2021-08-11,무기명식 무보증 사모 전환사채,10000000000,0,0,2024-08-13,2449,100,2022-08-13,2024-07-13,1715,,2021-08-12,2021-08-13,private
276240,"Elivision Co., Ltd.",(주)엘리비젼,20250924000448,CB,2025-09-22,무기명식 이권부 무보증 사모전환사채,200000000,0,5,2027-09-30,500,100,2026-09-30,2027-08-31,,,2025-09-30,2025-09-30,private
170920,"LTC CO.,LTD.",엘티씨(주),20191128000703,CB,2019-11-28,무기명식 이권부 무보증 사모 전환사채,6000000000,0,1,2024-11-29,11033,100,2020-11-29,2024-10-29,,,2019-11-29,2019-11-29,private
170920,"LTC CO.,LTD.",엘티씨(주),20161117000139,CB,2016-11-17,기명식 사모 전환사채,4000000000,1,2,2019-11-30,12148,100,2017-11-30,2019-10-30,,,2016-11-21,2016-11-30,private
170920,"LTC CO.,LTD.",엘티씨(주),20220217001153,CB,2022-02-17,무기명식 이권부 무보증 사모 전환사채,10000000000,0,0,2025-02-21,13956,100,2023-02-21,2025-01-21,9770,,2022-02-21,2022-02-21,private
170920,"LTC CO.,LTD.",엘티씨(주),20231208000648,CB,2023-12-08,무기명식 이권부 무보증 사모 전환사채,12000000000,0,1,2026-12-15,13140,100,2024-12-15,2026-11-15,9198,,2023-12-12,2023-12-15,private
170920,"LTC CO.,LTD.",엘티씨(주),20220217001172,BW,2022-02-17,무기명식 이권부 무보증 비분리형 사모 신주인수권부사채,10000000000,0,0,2025-02-21,13956,100,2023-02-21,2025-01-21,9770,,2022-02-21,2022-02-21,private
052330,KORTEK CORPORATION,(주)코텍,20221019000305,CB,2022-10-19,무기명식 무보증 사모 전환사채,25000000000,0,1,2027-10-28,9841,100,2023-10-28,2027-09-28,7873,,2022-10-21,2022-10-28,private
052330,KORTEK CORPORATION,(주)코텍,20221019000309,EB,2022-10-19,무기명식 무보증 사모 교환사채,13000000000,0,1,2027-10-28,10825,100,2022-11-28,2027-09-28,,"not applicable (EB is exchanged for already-issued shares, not newly issued)",2022-10-21,2022-10-28,private
025980,Ananti Inc.,(주)아난티,20190423000318,CB,2019-04-16,무기명식 이권부 무보증 사모 전환사채,45000000000,1.5,3.5,2022-04-23,15639,100,2020-04-23,2022-03-23,,,,2019-04-23,private
025980,Ananti Inc.,(주)아난티,20210315000920,CB,2021-03-15,무기명식 이권부 무보증 사모 전환사채,60000000000,0,1.5,2024-03-22,7362,100,2022-03-22,2024-02-22,5154,,2021-03-17,2021-03-22,private
025980,Ananti Inc.,(주)아난티,20210721000325,CB,2021-07-21,무기명식 이권부 무보증 사모 전환사채,30000000000,0,1,2024-07-28,9542,100,2022-07-28,2024-06-28,6680,,2021-07-23,2021-07-28,private
025980,Ananti Inc.,(주)아난티,20240716000309,CB,2024-07-16,무기명식 이권부 무보증 사모 전환사채,50000000000,0,2,2029-07-18,5766,100,2025-07-18,2029-06-18,4037,,2024-07-18,2024-07-18,private
025980,Ananti Inc.,(주)아난티,20260706000476,CB,2026-07-06,무기명식 이권부 무보증 사모 전환사채,60000000000,0,1,2031-07-14,4187,100,2027-07-14,2031-06-14,2931,,2026-07-14,2026-07-14,private
365590,HiDeep Inc.,(주)하이딥,20220824000160,CB,2022-08-24,무기명식 무보증 사모 전환사채,14000000000,0,0,2027-08-26,1604,100,2023-08-26,2027-07-26,,,2022-08-26,2022-08-26,private
365590,HiDeep Inc.,(주)하이딥,20250408001706,CB,2025-04-08,무기명식 무보증 사모 전환사채,10000000000,0,0,2030-04-10,734,100,2026-04-10,2030-03-10,,,2025-04-10,2025-04-10,private
003160,DI CORPORATION,(주)디아이,20240605000504,EB,2024-06-05,무기명식 이권부 무보증 사모 교환사채,20000000000,0,0,2029-06-18,25836,100,2024-06-20,2029-05-18,,"not applicable (EB is exchanged for already-issued shares, not newly issued)",2024-06-10,2024-06-18,private
003160,DI CORPORATION,(주)디아이,20251120000281,EB,2025-11-13,무기명식 무보증 이권부 사모 교환사채,30000000000,0,0,2030-11-21,27176,100,2025-12-21,2030-10-21,,"not applicable (EB is exchanged for already-issued shares, not newly issued)",2025-11-21,2025-11-21,private
121850,"KOYJ. CO.,LTD",(주)코이즈,20180524000418,CB,2018-05-24,무기명식 이권부 무보증사모전환사채,5000000000,,2,2022-05-28,3812,100,2019-05-28,2022-04-28,,,2018-05-28,2018-05-28,private
121850,"KOYJ. CO.,LTD",(주)코이즈,20260526000120,CB,2026-05-22,무기명식 무이권부 무보증 사모 전환사채,1000000000,,,2029-06-01,3190,100,2027-06-01,2029-05-01,,,2026-05-22,2026-06-01,private
142210,"Unitrontech Co., Ltd.",(주)유니트론텍,20181005000718,CB,2018-10-05,무기명식 이권부 무보증 사모 전환사채,14000000000,0,0,2023-10-08,5545,100,2019-10-08,2023-09-08,,,2018-10-08,2018-10-08,private
142210,"Unitrontech Co., Ltd.",(주)유니트론텍,20161026000288,CB,2016-10-07,무기명식 이권부 무보증 사모 전환사채,11000000000,0,1,2021-10-11,9349,100,2017-10-11,2021-09-11,,,2016-10-11,2016-10-11,private
142210,"Unitrontech Co., Ltd.",(주)유니트론텍,20250711000410,CB,2025-04-22,무기명식 무보증 사모 전환사채,12000000000,0,4,2030-05-21,6233,100,2026-05-21,2030-04-21,4364,,2025-05-13,2025-05-21,private
078600,"DaejooElectronicMaterialsCo.,Ltd.",대주전자재료(주),20160331000448,CB,2016-03-31,무기명식 이권부 무보증 사모 전환사채,5000000000,1,3,2019-03-31,5190,100,2017-03-31,2019-02-28,,,2016-03-31,2016-03-31,private
078600,"DaejooElectronicMaterialsCo.,Ltd.",대주전자재료(주),20211019000176,CB,2021-10-12,무기명식 이권부 무보증 사모 전환사채,79999921188,0,0,2028-11-15,103356,100,2022-11-16,2028-10-25,,,2021-10-12,2021-11-15,private
078600,"DaejooElectronicMaterialsCo.,Ltd.",대주전자재료(주),20240607000369,CB,2024-06-07,무기명식 이권부 무보증 사모 전환사채,43000000000,0,2,2029-06-14,123922,100,2025-06-14,2029-05-14,99138,,2024-06-11,2024-06-14,private
078600,"DaejooElectronicMaterialsCo.,Ltd.",대주전자재료(주),20240607000382,CB,2024-06-07,무기명식 이권부 무보증 사모 전환사채,18000000000,0,2,2029-06-17,123922,100,2025-06-17,2029-05-17,99138,,2024-06-11,2024-06-17,private
078600,"DaejooElectronicMaterialsCo.,Ltd.",대주전자재료(주),20151125000340,EB,2015-11-25,"무기명식 이권부
무보증 사모 교환사채",2250000000,0,1.5,2019-11-27,5235,100,2015-12-27,2019-10-27,,"not applicable (EB is exchanged for already-issued shares, not newly issued)",2015-11-27,2015-11-27,private
078600,"DaejooElectronicMaterialsCo.,Ltd.",대주전자재료(주),20231101000427,EB,2023-11-01,무기명식 이권부 무보증 사모 신종 교환사채,38400000000,0,2,2053-11-21,83153,100,2023-11-21,2053-10-21,,"not applicable (EB is exchanged for already-issued shares, not newly issued)",2023-11-03,2023-11-21,private
199290,BIO PROTECH INC.,(주)바이오프로테크,20210318001022,CB,2021-03-18,무기명 무보증 무담보,2000000000,0,1,2024-03-18,500,100,2022-03-18,2024-02-18,,,2021-03-18,2021-03-18,private
199290,BIO PROTECH INC.,(주)바이오프로테크,20210406002305,CB,2021-04-06,무기명 무보증 무담보,540000000,0,1,2024-04-06,500,100,2022-04-06,2024-03-07,,,2021-04-06,2021-04-06,private
199290,BIO PROTECH INC.,(주)바이오프로테크,20220124000228,CB,,,,,,,,,,,,,,,private
199290,BIO PROTECH INC.,(주)바이오프로테크,20211228000629,CB,,,,,,,,,,,,,,,private
199290,BIO PROTECH INC.,(주)바이오프로테크,20210409002028,CB,2021-04-09,무기명 무보증 무담보,2000000000,0,1,2024-04-19,500,100,2022-04-19,2024-03-20,,,2021-04-09,2021-04-19,private
199290,BIO PROTECH INC.,(주)바이오프로테크,20220210000156,CB,2022-02-09,무기명 무보증 무담보,500000000,0,3,2027-02-10,800,100,2023-02-10,2027-01-10,,,2022-02-09,2022-02-10,private
199290,BIO PROTECH INC.,(주)바이오프로테크,20260709000082,CB,2021-07-08,무기명 무보증 무담보,50000000,0,1,2028-07-09,500,100,2022-06-09,2028-06-09,,,2021-07-08,2021-07-09,private
199290,BIO PROTECH INC.,(주)바이오프로테크,20250515000661,CB,2025-05-15,무기명 무보증 무담보,500000000,0,3,2027-02-14,3150,100,2021-02-14,2027-01-15,3150,,2020-02-14,2020-02-14,private
199290,BIO PROTECH INC.,(주)바이오프로테크,20260416000490,CB,2026-04-16,무기명 무보증 무담보,1100000000,0,3,2027-02-14,3150,100,2020-07-11,2027-01-15,3150,,2019-07-09,2019-07-11,private
199290,BIO PROTECH INC.,(주)바이오프로테크,20260416000434,CB,2026-04-16,무기명 무보증 무담보,1000000000,0,3,2027-02-14,3150,100,2020-08-05,2027-01-15,3150,,2019-08-02,2019-08-05,private
307280,"Wonbiogen Co.,Ltd.",(주)원바이오젠,20211029000194,CB,2021-10-29,무기명식 이권부 무보증 사모 전환사채,8000000000,0,0,2026-11-01,2360,100,2022-11-01,2026-10-01,1888,,2021-11-01,2021-11-01,private
086040,"BiotoxtechCo.,Ltd.",(주)바이오톡스텍,20210820000301,CB,2021-08-20,무기명식 이권부 무보증 사모 전환사채,18000000000,0,0,2026-08-24,10356,100,2022-08-24,2026-07-24,7250,,2021-08-24,2021-08-24,private
086040,"BiotoxtechCo.,Ltd.",(주)바이오톡스텍,20240702000460,BW,2024-07-02,무기명식 무보증 비분리형 사모 신주인수권부사채,12000000000,0,2,2029-07-08,5055,100,2025-07-08,2029-06-08,,,2024-07-04,2024-07-08,private
036620,"GAMSUNG Corporation Co., Ltd.",감성코퍼레이션(주),20151002000155,CB,2015-10-02,무기명식 이권부 무보증 사모 전환사채,500000000,1,7.5,2018-10-02,2130,100,2016-10-02,2018-09-02,,,2015-10-02,2015-10-02,private
036620,"GAMSUNG Corporation Co., Ltd.",감성코퍼레이션(주),20200618000368,CB,2019-03-26,무기명식 이권부 무보증 사모 전환사채,15600000000,2.5,2.5,2022-10-01,809,100,2020-10-01,2022-09-01,,,2019-09-19,2019-10-01,private
036620,"GAMSUNG Corporation Co., Ltd.",감성코퍼레이션(주),20190502000651,CB,2019-03-04,무기명식 이권부 무보증 사모 전환사채,10000000000,2,2,2022-05-30,730,100,2020-05-30,2022-04-30,,,2019-03-04,2019-05-30,private
036620,"GAMSUNG Corporation Co., Ltd.",감성코퍼레이션(주),20160324000457,CB,2016-03-24,무기명식 이권부 무보증 사모 전환사채,1000000000,5,5,2019-03-24,1710,100,2017-03-24,2019-02-24,,,2016-03-24,2016-03-24,private
036620,"GAMSUNG Corporation Co., Ltd.",감성코퍼레이션(주),20220128000452,CB,2022-01-28,무기명식 이권부 무보증 사모 전환사채,6000000000,0,1.5,2025-02-07,2250,100,2023-02-07,2025-01-24,1575,,2022-01-28,2022-02-07,private
036620,"GAMSUNG Corporation Co., Ltd.",감성코퍼레이션(주),20160512000307,BW,2016-04-26,국내 무기명식 이권부 무보증 신주인수권부사채,5000000000,1,5,2021-05-19,1765,100,2016-08-19,2021-04-19,,,2016-05-17,2016-05-19,public
223250,DreamCIS INC.,(주)드림씨아이에스,20250922000174,CB,2025-09-22,무기명식 이권부 무보증 사모 전환사채,15000000000,0,1,2028-09-30,3847,100,2026-09-30,2028-08-30,2693,,2025-09-30,2025-09-30,private
261200,"DENTIS CO.,LTD",주식회사 덴티스,20210827000736,CB,2021-08-25,무기명식 무보증 사모 전환사채,20000000000,0,0,2026-08-27,12902,100,2022-08-27,2026-07-27,9032,,2021-08-27,2021-08-27,private
261200,"DENTIS CO.,LTD",주식회사 덴티스,20240820000329,CB,2024-08-20,"무
기명식무보증 사모 전환사채",10500000000,0,3,2029-08-22,8452,100,2025-08-22,2029-07-22,5917,,2024-08-22,2024-08-22,private
261200,"DENTIS CO.,LTD",주식회사 덴티스,20260812000755,CB,2026-08-12,무기명식 무보증 사모 전환사채,8000000000,0,3,2031-08-20,3102,100,2027-08-20,2031-07-20,,,2026-08-20,2026-08-20,private
089590,"JEJUAIR, CO., LTD.",(주)제주항공,20201110000345,CB,2020-11-10,,,,,,,,,,,,,,private
089590,"JEJUAIR, CO., LTD.",(주)제주항공,20211224000416,CB,2021-12-21,무기명식 사모전환사채,30000000000,5.1,5.1,2051-12-28,16840,100,2022-12-28,2051-11-28,,,2021-12-28,2021-12-28,private
089590,"JEJUAIR, CO., LTD.",(주)제주항공,20201223000407,CB,2020-12-18,무기명식 사모전환사채,40000000000,2.3,5,2050-12-28,17978,100,2021-12-28,2050-11-28,,,2020-12-28,2020-12-28,private
089590,"JEJUAIR, CO., LTD.",(주)제주항공,20201223000408,CB,2020-12-18,무기명식 사모전환사채,6400000000,5,5,2050-12-28,17978,100,2021-12-28,2050-11-28,,,2020-12-28,2020-12-28,private
024740,HanilForgingIndustrial,한일단조공업(주),20210913000266,CB,2021-09-13,무기명식 이권부 무보증 사모 전환사채,10000000000,0,0,2026-09-24,3742,100,2022-09-24,2026-08-24,2620,,2021-09-15,2021-09-24,private
043200,"PARU CO., LTD.",(주)파루,20151016000012,BW,2015-10-06,"무기명식 이권부 무보증 
신주인수권부사채",20000000000,2,4,2020-10-23,4445,100,2015-11-23,2020-09-23,,,2015-10-20,2015-10-23,public
126340,"VINA TECH CO.,LTD",비나텍주식회사,20240828000844,CB,2024-08-28,무기명식 이권부 무보증 사모 영구 전환사채,20000000000,0,0,2054-09-02,39290,100,2025-09-02,2054-08-02,,,2024-08-30,2024-09-02,private
126340,"VINA TECH CO.,LTD",비나텍주식회사,20260319000390,CB,2026-03-12,무기명식 이권부 무보증 사모 전환사채,41000000000,0,3,2031-03-20,147686,100,2028-03-20,2031-02-20,,,2026-03-20,2026-03-20,private
126340,"VINA TECH CO.,LTD",비나텍주식회사,20260814003891,CB,2026-08-14,무기명식 이권부 무보증 사모 전환사채,22000000000,0,0,2031-08-24,78818,100,2027-08-24,2031-07-24,,,2026-08-24,2026-08-24,private
126340,"VINA TECH CO.,LTD",비나텍주식회사,20240828000863,EB,2024-08-28,무기명식 이권부 무보증 사모 영구 교환사채,7000000000,0,0,2054-09-02,45184,100,2024-10-02,2054-08-02,,"not applicable (EB is exchanged for already-issued shares, not newly issued)",2024-08-30,2024-09-02,private
214680,DRTECH Corporation,(주)디알텍,20190419000507,CB,2019-04-19,무기명식 이권부 무보증 사모 전환사채,12000000000,0,0,2024-04-23,1852,100,2020-04-23,2024-03-23,,,2019-04-23,2019-04-23,private
214680,DRTECH Corporation,(주)디알텍,20170420000585,CB,2017-04-20,무기명식 이권부 무보증 사모 전환사채,10000000000,0,0,2022-04-24,2150,100,2018-04-24,2022-03-24,,,2017-04-24,2017-04-24,private
214680,DRTECH Corporation,(주)디알텍,20200721000340,CB,2020-07-21,무기명식 이권부 무보증 사모 전환사채,20000000000,0,0,2025-07-23,1720,100,2021-07-23,2025-06-23,1204,,2020-07-23,2020-07-23,private
214680,DRTECH Corporation,(주)디알텍,20230626000403,CB,2023-06-26,무기명식 이권부 무보증 사모 전환사채,20000000000,0,2,2028-07-03,3577,100,2024-07-03,2028-06-03,2504,,2023-06-28,2023-07-03,private
214680,DRTECH Corporation,(주)디알텍,20240522000495,CB,2024-05-22,무기명식 이권부 무보증 사모 전환사채,14000000000,0,2,2029-05-24,3919,100,2025-05-24,2029-04-24,2744,,2024-05-24,2024-05-24,private
214680,DRTECH Corporation,(주)디알텍,20250219001966,CB,2025-02-19,무기명식 무이권부 무보증 사모 전환사채,22000000000,0,1,2030-02-21,2287,100,2026-02-21,2030-01-21,1601,,2025-02-21,2025-02-21,private
214680,DRTECH Corporation,(주)디알텍,20260611000651,CB,2026-06-11,무기명식 무이권부 무보증 사모 전환사채,27000000000,0,1,2031-06-23,1360,100,2027-06-23,2031-05-23,952,,2026-06-23,2026-06-23,private
038460,"BioSmart Co., Ltd.",(주)바이오스마트,20160930000784,CB,2016-09-30,무기명식 이권부 무보증 사모 전환사채,12000000000,0,2,2021-04-05,6693,100,2017-10-05,2021-03-05,,,2016-10-05,2016-10-05,private
038460,"BioSmart Co., Ltd.",(주)바이오스마트,20210714000442,CB,2021-07-14,무기명식 이권부 무보증 사모 전환사채,20000000000,0,0,2026-07-16,8802,100,2022-07-16,2026-06-16,500,,2021-07-16,2021-07-16,private
038540,"Sangsangin Co., Ltd.",(주)상상인,20220211000963,EB,2022-02-11,무기명식 무보증 사모 교환사채,5768553350,0,1,2027-02-15,9550,100,2022-05-15,2027-01-15,,"not applicable (EB is exchanged for already-issued shares, not newly issued)",,2022-02-15,private
038390,"RedcapTour Co., Ltd.",(주)레드캡투어,20201125000729,EB,2020-11-25,무기명식 이권부 무보증 사모 교환사채,11768250000,0,0,2023-11-27,23650,100,2020-12-27,2023-10-27,,"not applicable (EB is exchanged for already-issued shares, not newly issued)",2020-11-27,2020-11-27,private
017800,"HYUNDAI ELEVATOR CO.,LTD",현대엘리베이터(주),20151105000295,CB,2015-11-05,무기명식 이권부 무보증 사모 전환사채,205000000000,1.6,4,2020-11-06,53112,100,2016-11-06,2020-11-05,,,2015-11-06,2015-11-06,private
054450,TelechipsInc.,(주)텔레칩스,20210112000314,CB,2021-01-12,무기명식 이권부 사모 전환사채,20000000000,0,0,2026-01-14,17248,100,2022-01-14,2025-12-14,15524,,2021-01-14,2021-01-14,private
425420,"TFE Co., Ltd.",(주)티에프이,20240205000428,CB,2024-02-05,무기명식 이권부 무보증 사모 전환사채,30000000000,0,0,2029-02-08,31050,100,2025-02-08,2029-01-08,,,2024-02-07,2024-02-08,private
425420,"TFE Co., Ltd.",(주)티에프이,20260119000169,EB,2026-01-13,무기명식 무보증 사모 교환사채,10525000000,0,0,2031-01-21,42100,100,2026-01-22,2030-12-21,,"not applicable (EB is exchanged for already-issued shares, not newly issued)",2026-01-21,2026-01-21,private
003380,"Harim Holdings Co., Ltd.",(주)하림지주,20250904000421,EB,2025-09-04,무기명식 무보증 사모 교환사채,143212745720,0,1,2030-09-12,9713,100,2025-09-15,2030-08-12,,"not applicable (EB is exchanged for already-issued shares, not newly issued)",2025-09-08,2025-09-12,private
003380,"Harim Holdings Co., Ltd.",(주)하림지주,20220706000363,EB,2022-07-06,무기명식 무보증 사모 교환사채,112000000000,0,0.5,2027-07-08,6983,100,2022-07-22,2027-06-08,,"not applicable (EB is exchanged for already-issued shares, not newly issued)",2022-07-08,2022-07-08,private
003380,"Harim Holdings Co., Ltd.",(주)하림지주,20220616000327,EB,2022-06-16,무기명식 무보증 사모 교환사채,44200000000,0,2,2026-11-20,13000,100,2022-06-21,2026-11-13,,"not applicable (EB is exchanged for already-issued shares, not newly issued)",2022-06-20,2022-06-20,private
183300,KoMiCo Ltd.,(주)코미코,20180605000439,CB,2018-06-05,무기명식 이권부 무보증 사모 전환사채,5000000000,0,0,2023-06-15,32300,100,2019-06-15,2023-05-15,,,2018-06-08,2018-06-15,private
183300,KoMiCo Ltd.,(주)코미코,20180605000441,CB,2018-06-05,무기명식 이권부 무보증 사모 전환사채,15000000000,0,0,2023-06-25,32300,100,2019-06-25,2023-05-25,,,2018-06-08,2018-06-25,private
183300,KoMiCo Ltd.,(주)코미코,20180605000433,BW,2018-06-05,무기명식 이권부 무보증 사모  비분리형 신주인수권부사채,15000000000,0,0,2023-06-08,32300,100,2019-06-08,2023-05-08,,,2018-06-08,2018-06-08,private
094170,"DONGWOON ANATECH CO.,LTD.",(주)동운아나텍,20180816000286,CB,2018-08-16,무기명식 이권부 무보증 사모 전환사채,7000000000,0,0,2023-08-24,6405,100,2019-08-24,2023-07-24,,,2018-08-20,2018-08-24,private
094170,"DONGWOON ANATECH CO.,LTD.",(주)동운아나텍,20220727000182,CB,2022-07-27,"무기명식 이권부 무보증
사모 전환사채",2000000000,0,0,2027-07-29,9176,100,2023-07-29,2027-06-29,7800,,2022-07-29,2022-07-29,private
094170,"DONGWOON ANATECH CO.,LTD.",(주)동운아나텍,20210713000229,BW,2021-07-13,무기명식 이권부 무보증 사모 비분리형 신주인수권부사채,5000000000,0,0,2026-07-15,8196,100,2022-07-15,2026-06-15,6557,,2021-07-15,2021-07-15,private
094170,"DONGWOON ANATECH CO.,LTD.",(주)동운아나텍,20220727000175,BW,2022-07-27,"무기명식 이권부 무보증
사모 비분리형 신주인수권부사채",5000000000,0,0,2027-07-29,9176,100,2023-07-29,2027-06-29,7800,,2022-07-29,2022-07-29,private
094170,"DONGWOON ANATECH CO.,LTD.",(주)동운아나텍,20201120000427,EB,2020-11-20,무기명식 무보증 사모 교환사채,13000000000,0,0,2025-11-24,10362,100,2021-02-24,2025-10-24,,"not applicable (EB is exchanged for already-issued shares, not newly issued)",2020-11-24,2020-11-24,private
214430,i3system Inc.,아이쓰리시스템(주),20241120000399,CB,2024-11-20,무기명식 무이권부 무보증 사모 전환사채,11000000000,0,0.5,2029-11-27,43900,115,2025-11-27,2029-10-27,,,2024-11-22,2024-11-27,private
092300,"HYUNWOOINDUSTRIALCO.,LTD",현우산업(주),20180420000400,CB,2018-04-20,무기명식 이권부 무보증 사모 전환사채,5000000000,0,0,2021-04-24,4144,100,2019-04-25,2021-03-24,,,2018-04-24,2018-04-24,private
092300,"HYUNWOOINDUSTRIALCO.,LTD",현우산업(주),20201021000169,CB,2020-10-21,무기명식 이권부 무보증 사모 전환사채,10000000000,0,1,2024-10-22,3127,100,2021-10-22,2024-09-22,2189,,2020-10-22,2020-10-22,private
092300,"HYUNWOOINDUSTRIALCO.,LTD",현우산업(주),20230922000276,CB,2023-09-22,무기명식 이권부 무보증 사모 전환사채,12000000000,0,1,2027-09-26,4545,100,2024-09-26,2027-08-26,3182,,2023-09-26,2023-09-26,private
092300,"HYUNWOOINDUSTRIALCO.,LTD",현우산업(주),20251121000388,CB,2025-11-20,무기명식 이권부 무보증 사모 전환사채,10000000000,0,2,2028-11-28,3587,100,2026-11-28,2028-10-28,2511,,2025-11-28,2025-11-28,private
214330,"Kumho HT, Inc.",(주)금호에이치티,20200113000433,CB,2019-11-19,무기명식 무보증 사모 전환사채.,10000000000,2,4,2023-01-16,5825,100,2021-01-16,2022-12-16,,,2019-11-19,2020-01-16,private
214330,"Kumho HT, Inc.",(주)금호에이치티,20200113000451,CB,2019-11-19,무기명식 무보증 사모 전환사채.,10000000000,2,4,2023-01-17,5825,100,2021-01-17,2022-12-17,,,2019-11-19,2020-01-17,private
214330,"Kumho HT, Inc.",(주)금호에이치티,20181210000370,CB,2018-10-26,무기명식 무보증 사모 전환사채.,7000000000,2,4,2021-12-14,4831,100,2019-12-14,2021-11-14,,,2018-10-26,2018-12-14,private
214330,"Kumho HT, Inc.",(주)금호에이치티,20190111000271,CB,2018-10-26,무기명식 무보증 사모 전환사채.,7000000000,2,4,2022-01-15,4831,100,2020-01-15,2021-12-15,,,2018-10-26,2019-01-15,private
214330,"Kumho HT, Inc.",(주)금호에이치티,20190128000249,CB,2018-10-26,무기명식 무보증 사모 전환사채.,7000000000,2,4,2022-01-30,4831,100,2020-01-30,2021-12-30,,,2018-10-26,2019-01-30,private
214330,"Kumho HT, Inc.",(주)금호에이치티,20190213000500,CB,2018-10-26,무기명식 무보증 사모 전환사채,7000000000,2,4,2022-02-15,4831,100,2020-02-15,2022-01-15,,,2018-10-26,2019-02-15,private
214330,"Kumho HT, Inc.",(주)금호에이치티,20221103000294,CB,2022-11-03,무기명식 이권부 무보증 사모 전환사채,8700000000,2,2,2025-11-09,1018,100,2023-11-09,2025-10-09,713,,2022-11-03,2022-11-09,private
214330,"Kumho HT, Inc.",(주)금호에이치티,20200113000421,CB,2019-11-19,무기명식 무보증 사모 전환사채.,10000000000,2,4,2023-01-08,5825,100,2021-01-08,2022-12-08,,,2019-11-19,2020-01-08,private
214330,"Kumho HT, Inc.",(주)금호에이치티,20230914000303,CB,2020-04-07,무기명식 이권부 무보증 사모 전환사채,15000000000,2,4,2024-04-27,5319,100,2021-10-27,2024-03-27,3723,,2020-09-24,2020-10-27,private
163730,Finger Inc.,㈜핑거,20260518000193,CB,2026-04-21,무기명식 이권부 무보증 사모 전환사채,50000000000,0,0,2029-05-20,12509,100,2027-05-21,2029-04-20,,,2026-04-21,2026-05-20,private
163730,Finger Inc.,㈜핑거,20260821000597,CB,2026-08-21,무기명식 이권부 무보증 사모 전환사채,30000000000,0,0,2029-08-31,10860,100,2027-08-31,2029-07-31,,,2026-08-21,2026-08-31,private
163730,Finger Inc.,㈜핑거,20260630001073,BW,2026-04-21,"무기명식 이권부 무보증 사모
신주인수권부사채",30000000000,0,0,2029-05-20,12509,100,2027-05-21,2029-04-20,,,2026-04-21,2026-05-20,private
108860,SELVAS AI Inc.,(주)셀바스에이아이,20221230000474,CB,2022-08-12,무기명식 무보증 사모 전환사채,3000000000,0,2,2024-08-22,7416,100,2023-08-22,2024-07-22,5192,,2022-08-17,2022-08-22,private
096690,"Aroot Co., Ltd.",(주)에이루트,20190620000239,CB,2019-05-16,무기명식 무보증 사모 전환사채,10000000000,1,3,2022-06-20,1830,100,2020-06-20,2022-05-20,,,2019-05-16,2019-06-20,private
096690,"Aroot Co., Ltd.",(주)에이루트,20200320000457,CB,2019-05-17,무기명식 무보증 사모 전환사채,10000000000,1,3,2023-03-20,1000,100,2021-03-20,2023-02-20,,,2020-03-20,2020-03-20,private
096690,"Aroot Co., Ltd.",(주)에이루트,20200320000460,CB,2019-05-17,무기명식 무보증 사모 전환사채,10000000000,1,3,2023-03-20,1000,100,2021-03-20,2023-02-20,,,2020-03-20,2020-03-20,private
096690,"Aroot Co., Ltd.",(주)에이루트,20190704000352,CB,2019-05-16,무기명식 무보증 사모 전환사채,10000000000,1,3,2022-07-04,1830,100,2020-07-04,2022-06-04,,,2019-05-16,2019-07-04,private
096690,"Aroot Co., Ltd.",(주)에이루트,20190806000311,CB,2019-05-16,무기명식 무보증 사모 전환사채,5001000000,1,3,2022-08-06,1830,100,2020-08-06,2022-07-06,,,2019-05-16,2019-08-06,private
096690,"Aroot Co., Ltd.",(주)에이루트,20191011000155,CB,2019-05-16,무기명식 무보증 사모 전환사채,20000000000,1,3,2022-10-10,1830,100,2020-10-10,2022-09-10,,,2019-05-16,2019-10-10,private
096690,"Aroot Co., Ltd.",(주)에이루트,20191011000156,CB,2019-05-16,무기명식 무보증 사모 전환사채,7900000000,1,3,2022-10-10,1830,100,2020-10-10,2022-09-10,,,2019-05-16,2019-10-10,private
096690,"Aroot Co., Ltd.",(주)에이루트,20191011000157,CB,2019-05-16,무기명식 무보증 사모 전환사채,20000000000,1,3,2022-10-10,1830,100,2020-10-10,2022-09-10,,,2019-05-16,2019-10-10,private
096690,"Aroot Co., Ltd.",(주)에이루트,20191011000159,CB,2019-05-17,무기명식 무보증 사모 전환사채,5100000000,1,3,2022-10-10,1830,100,2020-10-10,2022-09-10,,,2019-05-17,2019-10-10,private
096690,"Aroot Co., Ltd.",(주)에이루트,20160822000369,CB,2016-08-22,무기명식 이권부 무보증 사모 전환사채,1986000000,0,5,2019-08-22,947,100,2017-08-22,2019-07-22,,,2016-08-22,2016-08-22,private
096690,"Aroot Co., Ltd.",(주)에이루트,20160822000370,CB,2016-08-22,무기명식 이권부 무보증 사모 전환사채,2600000000,0,5,2019-08-23,947,100,2017-08-23,2019-07-23,,,2016-08-22,2016-08-23,private
096690,"Aroot Co., Ltd.",(주)에이루트,20160127000208,CB,2016-01-25,무기명식 이권부 무보증 사모 전환사채,5000000000,2,5,2019-01-28,10203,100,2017-01-28,2018-12-28,,,2016-01-26,2016-01-28,private
096690,"Aroot Co., Ltd.",(주)에이루트,20160825000143,CB,2016-08-25,무기명식 이권부 무보증 사모 전환사채,7000000000,1,3,2019-08-25,947,100,2017-08-25,2019-07-25,,,2016-08-25,2016-08-25,private
096690,"Aroot Co., Ltd.",(주)에이루트,20160217000370,CB,2016-02-17,무기명식 이권부 무보증 사모 전환사채,5000000000,0,1,2019-02-26,12361,100,2017-02-26,2019-01-26,,,2016-02-18,2016-02-26,private
096690,"Aroot Co., Ltd.",(주)에이루트,20210422000730,CB,2019-05-17,무기명식 무보증 사모 전환사채,10000000000,1,3,2023-03-20,1000,100,2021-03-20,2023-02-20,500,,2020-03-20,2020-03-20,private
096690,"Aroot Co., Ltd.",(주)에이루트,20211129001001,CB,2021-11-29,무기명식 이권부 사모 전환사채,10000000000,2,2,2025-01-14,612,100,2023-01-14,2024-12-14,500,,2021-11-29,2022-01-14,private
096690,"Aroot Co., Ltd.",(주)에이루트,20260623000421,CB,2026-05-19,무기명식 이권부 무보증 사모 전환사채,7850000000,3,4,2029-06-23,5783,100,2027-06-23,2029-05-23,4049,,2026-06-23,2026-06-23,private
140610,Ensol Biosciences Inc.,(주)엔솔바이오사이언스,20210205000670,CB,2021-02-05,무기명식 이권부 무보증 사모 전환사채,3000000000,0,0,2026-02-16,18200,100,2022-02-16,2026-01-16,12750,,2021-02-15,2021-02-16,private
140610,Ensol Biosciences Inc.,(주)엔솔바이오사이언스,20211224000187,CB,2021-12-24,무기명식 이권부 무보증 사모 전환사채,2000000000,0,0,2027-01-04,14150,100,2023-01-04,2026-12-04,9950,,2022-01-03,2022-01-04,private
140610,Ensol Biosciences Inc.,(주)엔솔바이오사이언스,20220603000452,CB,2022-04-11,무기명식 이권부 무보증 사모 전환사채,2930000000,0,0,2027-06-09,14850,100,2023-06-09,2027-05-09,10400,,2022-06-03,2022-06-09,private
140610,Ensol Biosciences Inc.,(주)엔솔바이오사이언스,20250228006159,CB,2024-09-09,무기명식 이권부 무보증 사모 전환사채,1000000000,0,5,2029-09-20,6300,100,2025-09-20,2029-08-20,4410,,2024-09-13,2024-09-20,private
140610,Ensol Biosciences Inc.,(주)엔솔바이오사이언스,20241107000060,CB,2024-11-06,무기명식 이권부 무보증 사모 전환사채,1500000000,0,5,2029-11-13,12710,100,2025-11-14,2029-10-14,8900,,2024-11-13,2024-11-14,private
140610,Ensol Biosciences Inc.,(주)엔솔바이오사이언스,20250228006110,CB,2024-08-12,무기명식 이권부 무보증 사모 전환사채,1500000000,0,5,2029-08-27,5830,100,2025-08-27,2029-07-27,4085,,2024-08-26,2024-08-27,private
328130,Lunit Inc.,주식회사 루닛,20240502000384,CB,2024-04-25,무기명식 이권부 무보증 사모 전환사채,166500000000,1,8,2029-05-03,54892,100,2025-05-04,2029-04-03,38425,,2024-04-29,2024-05-03,private
328130,Lunit Inc.,주식회사 루닛,20240528000490,CB,2024-05-28,무기명식 이권부 무보증 사모 전환사채,5000000000,1,8,2029-05-31,55693,100,2025-06-01,2029-04-30,38986,,2024-05-30,2024-05-31,private
013310,"A-JIN INDUSTRY CO.,LTD",아진산업(주),20180528000273,CB,2018-05-28,무기명식 이권부 무보증 사모 전환사채,17500000000,0,0,2021-05-30,3289,100,2019-05-30,2021-04-30,,,2018-05-30,2018-05-30,private
013310,"A-JIN INDUSTRY CO.,LTD",아진산업(주),20180711000240,CB,2018-06-27,무기명식 이권부 무보증 사모 전환사채,7000000000,0,0,2021-06-28,2979,100,2019-06-28,2021-05-28,,,2018-06-28,2018-06-28,private
013310,"A-JIN INDUSTRY CO.,LTD",아진산업(주),20170329000410,CB,2017-03-27,무기명식 이권부 무보증 사모 전환사채,24500000000,0,0,2022-03-29,9355,100,2018-03-29,2022-02-28,,,2017-03-29,2017-03-29,private
002220,"HANIL IRON & STEEL CO.,LTD",한일철강(주),20180817000177,CB,2018-08-17,국내 무기명식 이권부 무보증 사모 전환사채,7000000000,0,1.5,2022-08-21,23800,100,2019-08-21,2022-07-21,,,2018-08-21,2018-08-21,private
187790,"NANO. Co., Ltd.",(주)나노,20150826000417,CB,2015-08-26,무기명식 이권부 무보증 사모 전환사채,14000000000,,2.5,2019-08-28,2700,100,2016-08-28,2019-07-28,,,,2015-08-28,private
187790,"NANO. Co., Ltd.",(주)나노,20190117000218,CB,2019-01-17,무기명식 이권부 무보증 사모 전환사채,7500000000,0,0,2022-01-21,2250,100,2020-01-21,2021-12-21,,,2019-01-21,2019-01-21,private
187790,"NANO. Co., Ltd.",(주)나노,20171017000201,CB,2017-10-17,무기명식 이권부 무보증 사모 전환사채,5000000000,2,2,2020-10-18,1339,100,2018-10-19,2020-09-18,,,2017-10-18,2017-10-18,private
187790,"NANO. Co., Ltd.",(주)나노,20210625000395,CB,2021-06-25,무기명식 이권부 무보증 사모 전환사채,6000000000,0,0,2024-06-29,1828,100,2022-06-29,2024-05-29,914,,2021-06-29,2021-06-29,private
208370,"SELVAS Healthcare, Inc.",(주)셀바스헬스케어,20210708000329,CB,2021-07-08,무기명식 무보증 사모 전환사채,6000000000,0,1.5,2024-07-08,2801,100,2022-07-08,2024-06-08,1961,,2021-07-08,2021-07-08,private
143540,"YoungWoo DSP Co.,Ltd.",(주)영우디에스피,20190430000900,CB,2019-04-30,무기명식 이권부 무보증 사모 전환사채,7600000000,1,4,2022-05-03,1270,100,2020-05-03,2022-04-03,,,2019-05-03,2019-05-03,private
143540,"YoungWoo DSP Co.,Ltd.",(주)영우디에스피,20170425000745,CB,2017-04-25,무기명식 이권부 무보증 사모 전환사채,18000000000,0,0,2022-04-27,10844,100,2018-04-27,2022-03-27,,,2017-04-27,2017-04-27,private
143540,"YoungWoo DSP Co.,Ltd.",(주)영우디에스피,20161007000608,CB,2016-10-07,무기명식 이권부 무보증 사모 전환사채,9000000000,0,1,2021-10-12,20802,100,2017-10-12,2021-09-12,,,2016-10-11,2016-10-12,private
143540,"YoungWoo DSP Co.,Ltd.",(주)영우디에스피,20161007000606,BW,2016-10-07,무기명식 이권부 무보증 사모 비분리형 신주인수권부사채,6000000000,0,1,2021-10-12,20802,100,2017-10-12,2021-09-12,,,2016-10-11,2016-10-12,private
016920,Cas,(주)카스,20181023000011,CB,2018-10-19,무기명식 이권부 무보증 전환사채,4000000000,0,2,2023-10-26,1360,100,2019-10-26,2023-09-26,,,2018-10-23,2018-10-26,private
016920,Cas,(주)카스,20201216000405,CB,2020-12-16,무기명식 무보증 사모 전환사채,10000000000,0,0,2025-12-18,2501,100,2021-12-18,2025-11-18,1751,,2020-12-18,2020-12-18,private
274090,Kencoa Aerospace Corporation,켄코아에어로스페이스(주),20210223003223,CB,2021-02-23,무기명식 이권부 무보증 사모 전환사채,30000000000,0,0,2026-02-25,15369,100,2022-02-25,2026-01-25,12296,,2021-02-25,2021-02-25,private
274090,Kencoa Aerospace Corporation,켄코아에어로스페이스(주),20220725000316,CB,2022-07-25,무기명식 이권부 무보증 사모 전환사채,10000000000,0,0,2027-07-27,11467,100,2023-07-27,2027-06-27,8027,,2022-07-27,2022-07-27,private
274090,Kencoa Aerospace Corporation,켄코아에어로스페이스(주),20230221002184,CB,2023-02-21,무기명식 이권부 무보증 사모 전환사채,33000000000,0,1,2028-02-23,15684,100,2024-02-23,2028-01-23,,,2023-02-23,2023-02-23,private
274090,Kencoa Aerospace Corporation,켄코아에어로스페이스(주),20250331004234,CB,2024-01-18,무기명식 사모 영구 전환사채,130000000000,3,3,2054-04-28,13995,100,2026-04-11,2054-03-11,,,2024-01-22,2024-04-11,private
012280,"YEONGHWA METAL CO.,LTD",영화금속(주),20190911000311,CB,2019-09-11,무기명식 이권부 무보증 사모 전환사채,9000000000,0,2,2024-09-17,1401,100,2020-09-17,2024-08-17,,,2019-09-17,2019-09-17,private
012280,"YEONGHWA METAL CO.,LTD",영화금속(주),20210825000197,CB,2021-08-25,무기명식 이권부 무보증 사모 전환사채,10000000000,0,2,2026-08-27,1884,100,2022-08-27,2026-07-27,1319,,2021-08-27,2021-08-27,private
241590,"HWASEUNG ENTERPRISE CO.,LTD",주식회사 화승엔터프라이즈,20200303000417,CB,2020-02-24,무기명식 이권부 무보증 후순위 사모 전환사채,150000000000,0,2,2050-03-17,17542,100,2021-03-17,2050-02-17,,,2020-02-26,2020-03-17,private
241590,"HWASEUNG ENTERPRISE CO.,LTD",주식회사 화승엔터프라이즈,20240927000726,CB,2024-07-01,무기명식 이권부 무보증 사모 전환사채,14000000000,1,3,2028-09-30,8028,100,2025-09-30,2028-08-30,5620,,2024-07-03,2024-09-30,private
241590,"HWASEUNG ENTERPRISE CO.,LTD",주식회사 화승엔터프라이즈,20240701000429,CB,2024-07-01,무기명식 이권부 무보증 사모 전환사채,2000000000,1,3,2028-09-30,8028,100,2025-09-30,2028-08-30,5620,,2024-07-03,2024-09-30,private
241590,"HWASEUNG ENTERPRISE CO.,LTD",주식회사 화승엔터프라이즈,20240927000653,CB,2024-07-01,무기명식 이권부 무보증 후순위 사모 전환사채,50000000000,2,6.5,2054-09-30,8028,100,2025-09-30,2054-08-30,,,2024-07-03,2024-09-30,private
241590,"HWASEUNG ENTERPRISE CO.,LTD",주식회사 화승엔터프라이즈,20240927000650,CB,2024-07-01,무기명식 이권부 무보증 후순위 사모 전환사채,56000000000,2,6.5,2054-09-30,8028,100,2025-09-30,2054-08-30,,,2024-07-03,2024-09-30,private
241590,"HWASEUNG ENTERPRISE CO.,LTD",주식회사 화승엔터프라이즈,20240927000740,CB,2024-07-01,무기명식 이권부 무보증 후순위 사모 전환사채,8000000000,2,6.5,2054-09-30,8028,100,2025-09-30,2054-08-30,,,2024-07-03,2024-09-30,private
058730,"Development  Advance Solution Co., Ltd.",다스코(주),20221109000212,CB,2022-11-09,무기명식 무보증 사모 전환사채,14000000000,0,0,2027-11-11,6329,100,2023-11-11,2027-10-11,5064,,,2022-11-11,private
058730,"Development  Advance Solution Co., Ltd.",다스코(주),20200921000412,CB,2020-09-01,무기명식 무보증 사모 전환사채,20000000000,0,0,2025-09-03,4839,100,2021-09-03,2025-08-03,3872,,2020-09-03,2020-09-03,private
058730,"Development  Advance Solution Co., Ltd.",다스코(주),20241202000323,BW,2024-12-02,무기명식 이권부 무보증 사모 신주인수권부사채,18000000000,0,0,2029-12-06,3502,100,2025-12-06,2029-11-06,2802,,2024-12-04,2024-12-06,private
417500,"JI-TECH Co., Ltd.",(주)제이아이테크,20240307000570,CB,2024-03-07,무기명식 이권부 무보증 사모 전환사채,10000000000,0,0,2029-03-13,5845,100,2025-03-13,2029-02-13,,,2024-03-11,2024-03-13,private
017860,"DS DANSUK CO., LTD.",주식회사 디에스단석,20260520000164,CB,2026-05-20,무기명식 무보증 사모 전환사채,30000000000,0,1,2031-05-28,20601,100,2027-05-28,2031-04-28,14421,,2026-05-28,2026-05-28,private
188260,"SANIGEN Co., Ltd.",(주)세니젠,20260415000580,CB,2026-04-15,무기명식 이권부 무보증 사모 전환사채,5000000000,0,4,2029-05-13,2190,100,2027-05-13,2029-04-13,1533,,2026-05-13,2026-05-13,private
271830,"PAMTEK CO., LTD.",팸텍주식회사,20200227001670,CB,2020-02-27,기명식 무보증 사모 전환사채,1000000000,1,6,2023-01-19,4300,100,2020-02-29,2023-01-18,,,2020-02-28,2020-02-28,private
271830,"PAMTEK CO., LTD.",팸텍주식회사,20200121000044,CB,2020-01-17,"기명식 무보증 
사모 전환사채",3000000000,1,6,2023-01-19,4300,100,2020-01-21,2023-01-19,,,2020-01-20,2020-01-20,private
271830,"PAMTEK CO., LTD.",팸텍주식회사,20260730000429,CB,2026-07-02,무기명식 무이권부 무보증 사모 전환사채,10000000000,0,0.5,2031-07-10,1524,100,2027-07-10,2031-06-10,,,2026-07-02,2026-07-10,private
005950,"ISU CHEMICAL CO.,LTD",(주)이수화학                             ,20180817000243,CB,2018-08-14,무기명식 이권부 무보증 후순위 사모전환사채,50000000000,3,3,2048-08-16,11284,100,2019-08-16,2048-07-16,,,2018-08-16,2018-08-16,private
067990,DEUTSCH MOTORS INC.,도이치모터스(주),20180503000487,CB,2018-03-16,무기명식 무보증 사모 전환사채,15000000000,0,1.5,2023-04-27,6537,100,2019-04-27,2023-04-26,,,2018-03-20,2018-04-27,private
067990,DEUTSCH MOTORS INC.,도이치모터스(주),20210226005453,CB,2021-02-23,무기명식 무보증 사모 전환사채,30000000000,0,1,2026-02-26,7236,100,2022-02-26,2026-01-26,5065,,2021-02-25,2021-02-26,private
020400,DaedongMetal,대동금속(주),20180712000312,CB,2018-07-12,무기명식 무보증 사모 전환사채,7500000000,0,0,2021-07-18,52666,100,2019-07-18,2021-06-18,,,2018-07-16,2018-07-18,private
260930,"CTK Co., Ltd",(주)씨티케이,20241202000215,CB,2024-12-02,무기명식 이권부 무보증 사모 전환사채,7000000000,0,0,2029-12-06,8832,100,2025-12-06,2029-11-06,,,2024-12-06,2024-12-06,private
033160,MKElectron,엠케이전자(주),20210818000138,CB,2021-07-28,무기명식 이권부 사모 후순위 전환사채,5000000000,1.5,,2051-08-19,15268,100,2022-08-19,2051-07-19,,,2021-07-30,2021-08-19,private
033160,MKElectron,엠케이전자(주),20210818000140,CB,2021-07-28,무기명식 이권부 사모 선순위 전환사채,30000000000,1,3,2026-08-19,15268,100,2022-08-19,2026-07-19,10688,,2021-07-30,2021-08-19,private
033160,MKElectron,엠케이전자(주),20241010000623,CB,2024-10-10,무보증식 이권부 사모 전환사채,17000000000,2.5,5,2029-10-14,7988,100,2025-10-14,2029-09-14,5592,,2024-10-14,2024-10-14,private
033160,MKElectron,엠케이전자(주),20250805000270,CB,2025-08-05,무보증식 이권부 사모 전환사채,3000000000,2.5,5,2029-10-14,8117,100,2026-08-13,2029-09-14,5682,,2025-08-13,2025-08-13,private
033160,MKElectron,엠케이전자(주),20250902000261,EB,2025-09-02,무보증식 사모 교환사채,10676880000,0,2,2030-09-10,9182,100,2025-09-17,2030-08-10,,"not applicable (EB is exchanged for already-issued shares, not newly issued)",2025-09-10,2025-09-10,private
033160,MKElectron,엠케이전자(주),20210818000135,EB,2021-07-28,무기명식 이권부 무보증 후순위 교환사채,10000000000,1.5,,2051-08-19,15268,100,2021-08-20,2051-07-19,,"not applicable (EB is exchanged for already-issued shares, not newly issued)",2021-07-30,2021-08-19,private
096240,"Creverse, Inc.",(주)크레버스,20250113000227,EB,2024-12-18,무기명식 이권부 무보증 사모 신종 교환사채,13000000000,7,7,2055-01-15,14815,100,2026-10-15,2054-12-15,,"not applicable (EB is exchanged for already-issued shares, not newly issued)",,2025-01-15,private
096240,"Creverse, Inc.",(주)크레버스,20260128000489,EB,2026-01-28,무기명식 이권부 무보증 사모 교환사채(신종자본증권),4000000000,7,7,2056-02-05,12097,100,2027-08-05,2056-01-05,,"not applicable (EB is exchanged for already-issued shares, not newly issued)",2026-02-05,2026-02-05,private
210980,"SK D&D Co.,Ltd.",SK디앤디(주),20160705000416,CB,2016-07-05,국내 무기명식 이권부 무보증 사모 전환사채,80000000000,0,2,2019-07-07,56549,100,2017-07-07,2019-06-07,,,,2016-07-07,private
263020,"DK&D CO.,LTD",(주)디케이앤디,20210420000313,CB,2021-04-20,무기명식 이권부 무보증 사모 전환사채,20000000000,0,0,2026-04-22,10439,100,2022-04-22,2026-03-22,8352,,2021-04-22,2021-04-22,private
069140,"Nuriplan Co.,Ltd.",(주)누리플랜,20180221000333,CB,2018-02-21,무기명식 이권부 무보증 사모 전환사채,5000000000,0,3,2022-02-23,5323,100,2019-02-23,2022-01-23,,,2018-02-23,2018-02-23,private
069140,"Nuriplan Co.,Ltd.",(주)누리플랜,20190613000154,CB,2019-06-12,무기명식 이권부 무보증 사모 전환사채,2000000000,0,3,2023-06-14,6121,100,2020-06-14,2023-05-14,,,2019-06-14,2019-06-14,private
069140,"Nuriplan Co.,Ltd.",(주)누리플랜,20190531001786,CB,2019-05-16,무기명식 이권부 무보증 사모 전환사채,5000000000,0,3,2023-05-20,6880,100,2020-05-20,2023-04-20,,,2019-05-20,2019-05-20,private
069140,"Nuriplan Co.,Ltd.",(주)누리플랜,20220530001048,CB,2022-05-30,무기명식 이권부 무보증 사모 전환사채,3000000000,0,0,2027-06-03,7162,100,2023-06-03,2027-05-03,5014,,2022-06-02,2022-06-03,private
069140,"Nuriplan Co.,Ltd.",(주)누리플랜,20230621000440,CB,2023-06-21,무기명식 이권부 무보증 사모 전환사채,3000000000,0,2,2028-06-23,5254,100,2024-06-23,2028-05-23,3678,,2023-06-23,2023-06-23,private
069140,"Nuriplan Co.,Ltd.",(주)누리플랜,20241206000378,CB,2024-12-06,무기명식 이권부 무보증 사모 전환사채,3000000000,0,2,2028-12-10,1154,100,2025-12-10,2028-11-10,808,,2024-12-10,2024-12-10,private
093640,"Korea Robot Manufacturing Co., Ltd.",(주)케이알엠,20190401003128,CB,2019-03-29,"무기명식
무보증 사모
전환사채",10000000000,4,4,2022-04-08,3963,100,2020-04-08,2022-03-09,,,2019-03-29,2019-04-09,private
093640,"Korea Robot Manufacturing Co., Ltd.",(주)케이알엠,20211020000308,CB,2021-08-26,무기명식 무보증 사모 전환사채,20000000000,0,1,2024-10-20,3593,100,2022-10-20,2024-09-19,2515,,2021-10-20,2021-10-20,private
093640,"Korea Robot Manufacturing Co., Ltd.",(주)케이알엠,20211020000312,CB,2021-08-27,무기명식 무보증 사모 전환사채,5000000000,0,1,2024-10-20,3749,100,2022-10-20,2024-09-19,2625,,2021-10-20,2021-10-20,private
093640,"Korea Robot Manufacturing Co., Ltd.",(주)케이알엠,20230428001040,CB,2023-04-28,무기명식 이권부 무보증 사모 전환사채,20000000000,0,1,2026-07-14,8690,100,2024-07-14,2026-06-13,6083,,2023-05-03,2023-07-14,private
093640,"Korea Robot Manufacturing Co., Ltd.",(주)케이알엠,20230616000330,CB,2023-06-16,무기명식 이권부 무보증 사모 전환사채,80000000000,0,1,2026-06-19,5689,100,2024-06-19,2026-05-19,,,2023-01-31,2023-06-19,private
432470,"KNS CO., LTD",(주)케이엔에스,20250904000437,CB,2025-09-03,무기명식 무보증 사모 전환사채,10000000000,,,2030-09-11,11400,100,2026-09-11,2030-08-11,,,2025-09-11,2025-09-11,private
034310,"NICE Holdings Co., Ltd",(주)NICE홀딩스,20151007000174,CB,2015-10-06,국내 기명식 무보증 사모 전환사채,8000000000,0,4,2020-10-07,10623,100,2016-10-07,2020-10-06,,,2015-10-07,2015-10-07,private
389030,GENINUS Inc.,지니너스 주식회사,20250519000282,CB,2025-05-19,무기명식 무이권부 무보증 사모 전환사채,10000000000,0,5,2030-05-22,1723,100,2026-05-22,2030-04-22,1207,,2025-05-22,2025-05-22,private
020150,LOTTE ENERGY MATERIALS CORPORATION,롯데에너지머티리얼즈(주),20211129001067,CB,2021-11-29,무기명식 무이권부 무보증 사모 전환사채,150000000000,0,0,2026-12-01,165500,100,2022-12-01,2026-11-01,149000,,2021-12-01,2021-12-01,private
020150,LOTTE ENERGY MATERIALS CORPORATION,롯데에너지머티리얼즈(주),20241125000377,BW,2024-11-25,무기명식 무보증 비분리형 자본인정형 영구사모 신주인수권부사채,150000000000,0,0,2055-02-25,28612,100,2026-02-25,2055-02-25,,,2024-11-27,2025-02-25,private
077970,"STX Engine Co,.Ltd",STX엔진(주),20230222002080,CB,2018-12-19,무기명식 무보증 사모 전환사채,94350660733,1,1,2048-12-21,7553,100,2022-12-22,2048-11-21,,,2018-12-21,2018-12-21,private
101240,"CQV Co., Ltd.",씨큐브(주),20240628000001,CB,2024-06-19,무기명식 이권부 무보증 사모 전환사채,15000000000,2,6,2027-06-28,5760,100,2025-06-28,2027-05-28,4032,,2024-06-19,2024-06-28,private
012860,"MOBASE ELECTRONICS CO.,LTD.",(주)모베이스전자,20191029000243,CB,2019-10-29,후순위 무기명식 무보증 사모 전환사채(신종자본증권),20000000000,3,,2049-10-30,2137,100,2020-10-30,2049-07-30,,,2019-10-30,2019-10-30,private
042510,"RaonSecure Co., Ltd.",라온시큐어(주),20211130001950,CB,2021-11-30,무기명식 무보증 사모 전환사채,20000000000,0,0,2024-12-20,4401,100,2022-12-20,2024-11-20,3085,,2021-12-02,2021-12-20,private
042510,"RaonSecure Co., Ltd.",라온시큐어(주),20201222000518,CB,2019-08-26,무기명식 이권부 무보증 사모 전환사채,18000000000,0,0,2022-08-28,2785,100,2020-08-28,2022-07-28,500,,2019-08-28,2019-08-28,private
064260,"DANAL CO., LTD.",(주)다날,20190312001174,CB,2019-03-08,"무기명식 이권부 무보증
사모 전환사채",15000000000,0,1,2023-03-12,3725,100,2020-03-12,2023-02-12,,,2019-03-12,2019-03-12,private
064260,"DANAL CO., LTD.",(주)다날,20160825000294,CB,2016-08-24,무기명식 이권부 무보증 사모 전환사채,38000000000,0,0,2019-08-26,6953,100,2017-08-26,2019-07-26,,,2016-08-26,2016-08-26,private
064260,"DANAL CO., LTD.",(주)다날,20170613000300,CB,2017-06-13,무기명식 이권부 무보증 사모 전환사채,29000000000,0,1,2020-06-15,6038,100,2018-06-15,2020-05-15,,,2017-06-15,2017-06-15,private
064260,"DANAL CO., LTD.",(주)다날,20241030000506,CB,2024-10-28,무기명식 무이권부 무보증 사모 전환사채,35000000000,0,0,2029-10-30,3136,100,2025-10-30,2029-09-30,2196,,2024-10-30,2024-10-30,private
064260,"DANAL CO., LTD.",(주)다날,20210721000028,BW,2021-07-21,무기명식 무보증 사모 비분리형 신주인수권부사채,35000000000,0,0,2026-07-23,6825,100,2022-07-23,2026-07-22,4778,,2021-07-23,2021-07-23,private
068790,"DMS Co.,Ltd.",(주)디엠에스,20191018000126,CB,2019-10-18,무기명식 이권부 사모 전환사채,7000000000,0,1,2021-10-30,5352,100,2020-10-30,2021-10-29,,,2019-10-18,2019-10-30,private
054920,Hancom WITH Inc.,(주)한컴위드,20210304000001,EB,2021-03-03,무기명식 이권부 무보증 사모 교환사채,13000000000,3,3,2029-03-19,8873,100,2023-01-01,2029-03-19,,"not applicable (EB is exchanged for already-issued shares, not newly issued)",2021-03-05,2021-03-19,private
054920,Hancom WITH Inc.,(주)한컴위드,20150731000391,EB,2015-07-31,무기명식 사모 교환사채,5000000000,0,1,2020-08-03,25000,100,2015-09-03,2020-08-03,,"not applicable (EB is exchanged for already-issued shares, not newly issued)",2015-08-03,2015-08-03,private
054920,Hancom WITH Inc.,(주)한컴위드,20170728000263,EB,2017-07-28,무기명식 무보증 무담보 사모 교환사채,5000000000,0,0,2022-08-01,21000,100,2017-09-01,2022-07-01,,"not applicable (EB is exchanged for already-issued shares, not newly issued)",2017-08-01,2017-08-01,private
002990,"KUMHO Engineering & Construction Co., Ltd.",금호건설(주),20181005000450,EB,2018-10-05,무기명식 무보증 사모 교환사채,13809880000,0,1,2023-10-08,13050,100,2018-11-08,2023-09-08,,"not applicable (EB is exchanged for already-issued shares, not newly issued)",2018-10-08,2018-10-08,private
452160,"JNB Co.,Ltd",(주)제이엔비,20250527000190,CB,2025-05-27,무기명식 무이권부 무보증 사모 전환사채,8000000000,0,0,2028-05-29,5222,100,2026-05-29,2028-04-29,,,2025-05-29,2025-05-29,private
128820,"DAESUNG INDUSTRIAL CO., LTD.",대성산업(주),20150302000452,CB,2015-02-27,무기명식 이권부 무보증 사모 전환사채,9700000000,8.57,10.07,2018-03-02,7316,100,2016-03-03,2018-02-01,,,2015-03-02,2015-03-02,private
128820,"DAESUNG INDUSTRIAL CO., LTD.",대성산업(주),20150420000240,CB,2015-04-17,무기명식 이권부 무보증 사모 전환사채,16800000000,8.23,9.73,2018-04-20,5445,100,2016-04-20,2018-03-19,,,2015-04-20,2015-04-20,private
128820,"DAESUNG INDUSTRIAL CO., LTD.",대성산업(주),20180719000277,EB,2018-06-14,"무기명식 무보증
사모 교환사채",5000000000,0,3,2021-06-15,7180,100,2018-06-18,2021-05-15,,"not applicable (EB is exchanged for already-issued shares, not newly issued)",2018-06-15,2018-06-15,private
128820,"DAESUNG INDUSTRIAL CO., LTD.",대성산업(주),20190722000348,EB,2019-07-22,"무기명식 무보증
사모 교환사채",10000000000,0,2,2022-07-24,5130,100,2019-07-25,2022-06-24,,"not applicable (EB is exchanged for already-issued shares, not newly issued)",2019-07-24,2019-07-24,private
128820,"DAESUNG INDUSTRIAL CO., LTD.",대성산업(주),20220503000399,EB,2022-05-03,무기명식 무보증 사모 교환사채,10000000000,0,1,2027-05-06,6152,100,2022-05-09,2027-04-06,,"not applicable (EB is exchanged for already-issued shares, not newly issued)",2022-05-06,2022-05-06,private
057680,"T Scientific Co.,Ltd",(주)티사이언티픽,20150710000695,CB,2015-07-03,무기명 이권부 전환사채,2000000000,0,1,2020-07-06,3917,100,2016-07-06,2020-06-06,,,2015-07-06,2015-07-06,private
057680,"T Scientific Co.,Ltd",(주)티사이언티픽,20190917000468,CB,2019-08-26,무기명식 이권부 무보증 사모 전환사채,2000000000,1,3,2022-10-10,1142,100,2020-10-10,2022-09-10,,,2019-08-26,2019-10-10,private
057680,"T Scientific Co.,Ltd",(주)티사이언티픽,20191008000388,CB,2019-10-08,무기명식 이권부 무보증 사모 전환사채,12000000000,0,2,2022-10-11,1616,100,2020-10-11,2022-09-11,,,2019-10-08,2019-10-11,private
057680,"T Scientific Co.,Ltd",(주)티사이언티픽,20170601000260,CB,2017-06-01,무기명 이권부 전환사채,1100000000,0,3,2022-06-01,3701,100,2018-06-01,2022-05-01,,,2017-06-01,2017-06-01,private
057680,"T Scientific Co.,Ltd",(주)티사이언티픽,20170814001739,CB,2017-07-24,무기명 이권부 전환사채,5000000000,0,3,2020-08-14,5080,100,2018-08-14,2020-07-14,,,2017-07-24,2017-08-14,private
057680,"T Scientific Co.,Ltd",(주)티사이언티픽,20160531001674,CB,2016-05-31,무기명 이권부 전환사채,5500000000,0,0,2021-06-02,3557,100,2017-06-02,2021-05-02,,,2016-06-02,2016-06-02,private
057680,"T Scientific Co.,Ltd",(주)티사이언티픽,20170220000106,CB,2017-02-20,무기명 이권부 전환사채,7000000000,1,3,2022-02-20,3125,100,2018-02-20,2022-01-20,,,2017-02-20,2017-02-20,private
057680,"T Scientific Co.,Ltd",(주)티사이언티픽,20170831000429,CB,2017-07-24,무기명 이권부 전환사채,10000000000,0,3,2020-08-31,5080,100,2018-08-31,2020-07-31,,,2017-07-24,2017-08-31,private
057680,"T Scientific Co.,Ltd",(주)티사이언티픽,20220927000483,CB,2022-07-29,무기명식 이권부 무보증 사모 전환사채,16000000000,0,0,2027-09-30,2923,100,2023-09-30,2027-08-30,2047,,2022-09-29,2022-09-30,private
057680,"T Scientific Co.,Ltd",(주)티사이언티픽,20240122000401,CB,2024-01-22,무기명식 무이권부 무보증 사모 전환사채,5000000000,0,0,2029-01-23,1650,100,2025-01-23,2028-12-23,1155,,2024-01-23,2024-01-23,private
057680,"T Scientific Co.,Ltd",(주)티사이언티픽,20250327001197,CB,2025-03-27,무기명식 이권부 무보증 사모 전환사채,9000000000,0,0,2030-03-31,853,100,2026-03-31,2030-02-28,598,,2025-03-31,2025-03-31,private
057680,"T Scientific Co.,Ltd",(주)티사이언티픽,20210104000469,BW,2021-01-04,무기명식 무보증 사모 비분리형 신주인수권부사채,10000000000,0,0,2024-01-12,3443,100,2022-01-12,2023-12-11,2411,,2021-01-04,2021-01-12,private
057680,"T Scientific Co.,Ltd",(주)티사이언티픽,20200824000377,BW,2020-08-24,무기명식 이권부 무보증 비분리형 사모 신주인수권부사채,5500000000,0,3,2023-08-25,4432,100,2021-08-25,2023-07-25,3103,,2020-08-25,2020-08-25,private
057680,"T Scientific Co.,Ltd",(주)티사이언티픽,20210310000992,BW,2021-03-10,무기명식 무보증 비분리형 사모 신주인수권부사채,5000000000,0,0,2024-03-19,3366,100,2022-03-19,2024-02-19,2357,,2021-03-12,2021-03-19,private
057680,"T Scientific Co.,Ltd",(주)티사이언티픽,20220127000365,BW,2021-11-25,무기명식 무보증 사모 비분리형 신주인수권부사채,30000000000,1,1,2025-02-03,3698,100,2023-02-03,2025-01-03,2589,,2022-01-28,2022-02-03,private
418420,RAONTECH INC.,주식회사 라온텍,20250818000222,CB,2025-08-18,무기명식 무보증 사모 전환사채,15000000000,0,0,2030-08-26,4906,100,2026-08-26,2030-07-26,,,2025-08-26,2025-08-26,private
078890,"KAON Group Co., Ltd.",가온그룹(주),20160802000127,CB,2016-08-02,무기명식 이권부 무보증 사모 전환사채,15000000000,0,0,2021-08-10,12012,100,2017-08-10,2021-08-03,,,2016-08-02,2016-08-10,private
078890,"KAON Group Co., Ltd.",가온그룹(주),20210602000417,CB,2021-06-02,무기명식 이권부 무보증 사모 전환사채,10500000000,0,0,2051-06-04,12315,100,2022-06-04,2051-05-04,8621,,2021-06-04,2021-06-04,private
112290,"YCCHEM CO., LTD.",와이씨켐(주),20250115000389,CB,2025-01-15,무기명식 이권부 무보증 무담보 사모 전환사채,9000000000,0,2.5,2027-01-17,20217,100,2026-01-17,2026-12-17,,,2025-01-17,2025-01-17,private
112290,"YCCHEM CO., LTD.",와이씨켐(주),20250929000280,CB,2025-09-29,무기명식 이권부 무보증 무담보 사모 전환사채,11000000000,0,4.5,2027-10-14,21093,100,2026-10-14,2027-09-14,,,2025-10-14,2025-10-14,private
112290,"YCCHEM CO., LTD.",와이씨켐(주),20250929000286,BW,2025-09-29,무기명식 이권부 무보증 무담보 비분리형 사모 신주인수권부사채,22000000000,0,0,2030-10-14,21093,100,2026-10-14,2030-09-14,17930,,2025-10-14,2025-10-14,private
041020,Polaris Office Corp.,(주)폴라리스오피스,20200702000274,CB,2020-03-09,무기명식 이권부 무보증 사모 전환사채,10000000000,3,3,2023-07-02,1007,100,2021-07-02,2023-06-02,,,2020-04-09,2020-07-02,private
108230,"TOPTEC COMPANY,LIMITED",(주)톱텍,20181231000321,CB,,기명식 무보증 무담보 사모 전환사채,,,,,,,,,,,,,private
108230,"TOPTEC COMPANY,LIMITED",(주)톱텍,20190125000459,CB,2019-01-25,기명식 무보증 무담보 사모 전환사채,10000000000,0,1,2021-01-24,11000,100,2020-01-25,2020-12-25,,,2019-01-25,2019-01-25,private
108230,"TOPTEC COMPANY,LIMITED",(주)톱텍,20231027000378,CB,2023-10-27,무기명식 이권부 무보증 사모전환사채,27000000000,0,2,2028-11-03,7870,100,2024-11-03,2028-10-03,6300,,2023-10-31,2023-11-03,private
137940,"NextEye Co., Ltd.",(주)넥스트아이,20160405002005,CB,2015-12-07,무기명식 이권부 사모 전환사채,10000000000,2,3,2019-04-01,5790,100,2017-04-01,2019-03-01,,,2015-12-07,2016-04-01,private
137940,"NextEye Co., Ltd.",(주)넥스트아이,20170120000034,CB,2016-12-09,무기명식 이권부 사모 전환사채,10000000000,2,3,2020-01-20,19350,100,2018-01-20,2019-12-20,,,2016-12-09,2017-01-20,private
137940,"NextEye Co., Ltd.",(주)넥스트아이,20170120000261,CB,2016-12-09,무기명식 이권부 사모 전환사채,10000000000,2,3,2020-01-24,19350,100,2018-01-24,2019-12-24,,,2016-12-09,2017-01-24,private
137940,"NextEye Co., Ltd.",(주)넥스트아이,20201110000146,CB,2020-11-05,무기명식 이권부 무보증 사모 전환사채,5000000000,1,6,2023-11-10,1925,100,2021-11-10,2023-10-10,1348,,2020-11-05,2020-11-10,private
137940,"NextEye Co., Ltd.",(주)넥스트아이,20201030000323,CB,2020-08-25,무기명식 이권부 무보증 사모 전환사채,8600000000,1,3.5,2023-11-04,1480,100,2021-11-04,2023-10-04,1036,,2020-08-25,2020-11-04,private
137940,"NextEye Co., Ltd.",(주)넥스트아이,20220810000441,CB,,,,,,,,,,,,,,,private
137940,"NextEye Co., Ltd.",(주)넥스트아이,20160407001613,BW,2015-12-07,"무기명식 이권부
비분리형 사모
신주인수권부사
채",10000000000,2,3,2019-02-04,5790,100,2017-02-04,2019-01-04,,,2015-12-07,2016-02-04,private
137940,"NextEye Co., Ltd.",(주)넥스트아이,20220810000444,EB,,무기명식 무보증 사모 교환사채,,,,,,,,,,"not applicable (EB is exchanged for already-issued shares, not newly issued)",,,private
900120,CXI Healthcare Technology Group Limited,씨엑스아이헬스케어테크놀리지그룹리미티드,20210324000906,CB,2021-03-18,해외 기명식 무보증 사모 전환사채,679080000,0,5,2024-03-24,378,100,2022-03-24,2024-03-24,265,,2021-03-18,2021-03-24,private
008260,"NI STEEL CO.,LTD",(주)NI스틸,20170524000404,CB,2017-05-24,무기명식 이권부 무보증 사모 전환사채,20000000000,0,0,2020-05-26,4040,100,2018-05-26,2020-04-26,,,2017-05-26,2017-05-26,private
008420,"MOONBAE STEEL CO.,LTD",문배철강(주),20170726000324,EB,2017-07-26,무기명식 이권부 무보증 사모 교환사채,5000000000,0,0,2020-07-28,3905,100,2017-08-28,2020-06-28,,"not applicable (EB is exchanged for already-issued shares, not newly issued)",2017-07-28,2017-07-28,private
076610,"Haesung Optics Co.,Ltd",해성옵틱스(주),20190918000470,CB,2019-09-18,무기명식 이권부 무보증 사모 전환사채,2500000000,2,4,2024-09-25,2082,100,2020-09-25,2024-08-25,,,2019-09-18,2019-09-25,private
076610,"Haesung Optics Co.,Ltd",해성옵틱스(주),20170203000232,CB,2017-01-26,무기명식 이권부 무보증 사모 전환사채,20000000000,0,2,2021-01-31,5173,100,2018-01-31,2020-12-31,,,2017-01-26,2017-01-31,private
076610,"Haesung Optics Co.,Ltd",해성옵틱스(주),20210305000490,CB,2021-03-05,,,,,,,,,,1256,,,,private
076610,"Haesung Optics Co.,Ltd",해성옵틱스(주),20201106000493,CB,2020-11-06,무기명식 이권부 사모 전환사채,5010000000,3,5,2023-11-09,1681,100,2021-11-09,2023-10-09,1177,,2020-11-09,2020-11-09,private
076610,"Haesung Optics Co.,Ltd",해성옵틱스(주),20230330001165,CB,2023-03-30,무기명식 이권부 무보증 사모 전환사채,6000000000,5,5,2026-04-03,541,100,2024-04-03,2026-03-03,500,,2023-03-30,2023-04-03,private
076610,"Haesung Optics Co.,Ltd",해성옵틱스(주),20240208001181,CB,2020-11-06,무기명식 이권부 사모 전환사채,5010000000,3,5,2024-02-09,1681,100,2021-11-09,2024-01-09,1177,,2020-11-09,2020-11-09,private
076610,"Haesung Optics Co.,Ltd",해성옵틱스(주),20231020000588,CB,2023-10-20,무기명식 이권부 무보증 사모 전환사채,15000000000,0,3,2028-10-20,500,100,2024-10-20,2028-09-20,500,,2023-10-20,2023-10-20,private
076610,"Haesung Optics Co.,Ltd",해성옵틱스(주),20240207000887,CB,2024-02-07,무기명식 이권부 무보증 사모 전환사채,3000000000,0,0,2029-02-07,1712,100,2025-02-07,2029-01-07,500,,2024-02-07,2024-02-07,private
076610,"Haesung Optics Co.,Ltd",해성옵틱스(주),20240701000470,CB,2024-07-01,무기명식 이권부 무보증 사모 전환사채,3000000000,0,0,2029-07-01,1379,100,2025-07-01,2029-06-01,500,,2024-07-01,2024-07-01,private
076610,"Haesung Optics Co.,Ltd",해성옵틱스(주),20240521000272,CB,2024-05-17,무기명식 이권부 무보증 사모 전환사채,5000000000,3,6,2027-05-21,1718,100,2025-05-21,2027-04-21,500,,2024-05-17,2024-05-21,private
076610,"Haesung Optics Co.,Ltd",해성옵틱스(주),20250225005004,CB,2025-01-22,무기명식 이권부 무보증 사모 전환사채,1000000000,0,8,2028-01-24,1021,100,2026-01-24,2027-12-24,715,,2025-01-22,2025-01-24,private
076610,"Haesung Optics Co.,Ltd",해성옵틱스(주),20250626000452,CB,2025-06-26,무기명식 이권부 무보증 사모 전환사채,1000000000,0,8,2028-06-27,599,100,2026-06-27,2028-05-27,500,,2025-06-27,2025-06-27,private
076610,"Haesung Optics Co.,Ltd",해성옵틱스(주),20191120000336,BW,2019-10-10,"국내 무기명식 이권부 무보증 
공모 신주인수권부사채",13000000000,2,4,2022-11-11,1746,100,2019-12-11,2022-10-11,,,2019-11-06,2019-11-11,public
033500,"DONGSUNG FINETEC CO., Ltd",(주)동성화인텍,20190924000701,CB,2019-09-24,무기명식 무보증 사모 전환사채,40000000000,0,0,2024-10-01,11643,100,2020-10-01,2024-09-01,,,2019-09-26,2019-10-01,private
033500,"DONGSUNG FINETEC CO., Ltd",(주)동성화인텍,20211103000310,EB,2021-11-03,무기명식 무보증 사모 교환사채,12316500000,0,0,2026-11-05,13685,100,2022-02-05,2026-10-05,,"not applicable (EB is exchanged for already-issued shares, not newly issued)",2021-11-05,2021-11-05,private
310200,ANIPLUS INC.,(주)애니플러스,20210310000972,CB,2021-03-10,무기명식 무보증 사모 전환사채,12000000000,0,0,2026-03-12,1554,100,2022-03-12,2026-02-12,1088,,2021-03-12,2021-03-12,private
310200,ANIPLUS INC.,(주)애니플러스,20210928000464,CB,2021-09-27,무기명식 무보증 사모 전환사채,25000000000,0,0,2026-09-29,3845,100,2022-09-29,2026-08-29,2692,,2021-09-29,2021-09-29,private
310200,ANIPLUS INC.,(주)애니플러스,20230420000532,CB,2023-04-20,무기명식 이권부 무보증 사모 전환사채,25000000000,0,0,2028-04-21,4510,100,2024-04-21,2028-03-21,3157,,2023-04-21,2023-04-21,private
310200,ANIPLUS INC.,(주)애니플러스,20240419000526,CB,2024-04-19,무기명식 이권부 무보증 사모 전환사채,12000000000,0,1,2027-04-22,3367,100,2026-10-22,2027-03-22,,,2024-04-22,2024-04-22,private
097520,"MCNEX CO.,LTD",(주)엠씨넥스,20170203000401,CB,2017-02-03,무기명식 이권부 무보증 사모 전환사채,8000000000,0,2,2021-08-07,20725,100,2018-02-07,2021-07-07,,,2017-02-07,2017-02-07,private
012340,"NUIN TEK CO., LTD",(주)뉴인텍,20210705000102,CB,2021-07-05,무기명식  무보증 사모 전환사채,20000000000,0,1.5,2026-07-08,4137,100,2022-07-08,2026-06-08,2896,,2021-07-07,2021-07-08,private
012340,"NUIN TEK CO., LTD",(주)뉴인텍,20240529000337,CB,2024-05-29,무기명식 무보증 사모 전환사채,5000000000,0,3,2029-05-31,816,100,2025-05-31,2029-04-30,572,,2024-05-31,2024-05-31,private
064820,CAPE INDUSTRIES LTD.,(주)케이프,20180221000265,CB,2018-02-21,국내 무보증 이권부 사모 전환사채,8000000000,1,3,2021-02-23,3185,100,2019-02-23,2021-01-23,,,2018-02-23,2018-02-23,private
064820,CAPE INDUSTRIES LTD.,(주)케이프,20180222000426,CB,2018-02-22,국내 무보증 이권부 사모 전환사채,4000000000,1,3,2021-02-26,3195,100,2019-02-26,2021-01-26,,,2018-02-26,2018-02-26,private
064820,CAPE INDUSTRIES LTD.,(주)케이프,20160610000367,CB,2016-06-10,국내 무보증 이권부 사모 전환사채,15000000000,2,3.5,2019-06-14,2140,100,2017-06-14,2019-05-14,,,2016-06-14,2016-06-14,private
054780,"KEYEAST Co., Ltd.",(주)키이스트,20150916000292,CB,2015-09-16,"국내 무기명식 무보증 
사모 전환사채",1000000000,,3,2018-09-20,3915,100,2016-09-21,2018-08-20,,,2015-09-16,2015-09-21,private
054780,"KEYEAST Co., Ltd.",(주)키이스트,20191118000149,CB,2019-11-18,무기명식 이권부 무보증 사모 전환사채,12000000000,0,0,2022-11-20,2841,100,2020-11-20,2022-10-20,,,2019-11-20,2019-11-20,private
054780,"KEYEAST Co., Ltd.",(주)키이스트,20220316000902,CB,2022-03-16,"무기명식 
무이권부 무보증 사모 전환사채",10000000000,0,0,2027-03-18,12579,100,2023-03-18,2027-02-18,8806,,2022-03-18,2022-03-18,private
054780,"KEYEAST Co., Ltd.",(주)키이스트,20240621000710,CB,2024-06-21,무기명식 이권부 무보증 사모 전환사채,14500000000,0,1,2029-06-25,6080,100,2025-06-25,2029-05-25,4864,,2024-06-25,2024-06-25,private
054780,"KEYEAST Co., Ltd.",(주)키이스트,20191118000151,BW,2019-11-18,"무기명식 이권부 무보증 비분리형 
사모 신주인수권부사채",3000000000,0,0,2022-11-20,2841,100,2020-11-20,2022-10-20,,,2019-11-20,2019-11-20,private
024800,"YOOSUNG T&S CO.,LTD",(주)유성티엔에스,20150304000535,CB,2015-03-04,무기명식 이권부 무보증 사모 전환사채,10000000000,6.5,6.5,2018-03-05,3181,100,2016-03-05,2018-02-05,,,2015-03-05,2015-03-05,private
024800,"YOOSUNG T&S CO.,LTD",(주)유성티엔에스,20180718000269,CB,2018-07-13,무기명식 이권부 무보증 사모 전환사채,10000000000,4.5,4.5,2021-07-18,3510,100,2019-07-18,2021-06-18,,,2018-07-18,2018-07-18,private
024800,"YOOSUNG T&S CO.,LTD",(주)유성티엔에스,20200519000240,CB,2020-05-19,무기명식 이권부 무보증 사모 전환사채,14000000000,3.5,3.5,2023-05-26,2435,100,2021-05-26,2023-04-26,,,2020-05-26,2020-05-26,private
043910,"NatureandEnvironmentCo.,Ltd.",(주)자연과환경,20201207000150,CB,2020-11-24,무기명식 이권부 무보증 공모 전환사채,11000000000,2,4,2023-12-14,1255,100,2021-01-14,2023-11-14,879,,2020-12-09,2020-12-14,public
043910,"NatureandEnvironmentCo.,Ltd.",(주)자연과환경,20230717000375,CB,2023-07-17,무기명식 무보증 사모 전환사채,2000000000,0,5,2026-07-19,1395,100,2024-07-19,2026-06-19,977,,2023-07-19,2023-07-19,private
043910,"NatureandEnvironmentCo.,Ltd.",(주)자연과환경,20250819000264,CB,2025-08-19,무기명식 무보증 사모 전환사채,2000000000,0,5,2028-08-27,763,100,2026-08-27,2028-07-27,535,,2025-08-27,2025-08-27,private
272110,"KnJ Co.,Ltd.",(주)케이엔제이,20200401002283,CB,2020-04-01,기명식 무보증 사모 전환사채,3000000000,0,1,2025-04-03,5284,100,2021-04-03,2025-03-03,,,2020-04-02,2020-04-03,private
272110,"KnJ Co.,Ltd.",(주)케이엔제이,20200323001006,CB,2020-03-23,무기명식 무보증 사모 전환사채,5000000000,0,1,2025-03-25,5127,100,2021-03-25,2025-03-25,,,2020-03-25,2020-03-25,private
272110,"KnJ Co.,Ltd.",(주)케이엔제이,20260127000029,CB,2026-01-06,무기명식 이권부 사모 전환사채,20000000000,0,0,2033-01-27,21475,100,2027-01-27,2032-12-27,15032,,2026-01-27,2026-01-27,private
102460,"REYON PHARMACEUTICAL CO., LTD",이연제약(주),20171130001450,CB,2017-07-20,무기명식 이권부 무보증 사모 전환사채,40000000000,0,0,2022-07-21,21296,100,2018-07-21,2022-06-21,,,2017-07-21,2017-07-21,private
102460,"REYON PHARMACEUTICAL CO., LTD",이연제약(주),20210804000325,CB,2021-05-14,무기명식 이권부 무보증 사모 전환사채,70000000000,0,0,2026-07-26,22857,100,2022-07-26,2026-07-20,19429,,2021-05-18,2021-07-26,private
102460,"REYON PHARMACEUTICAL CO., LTD",이연제약(주),20241108000348,CB,2024-10-14,무기명식 무이권부 무보증 사모 전환사채,85000000000,0,5,2029-10-25,13950,100,2025-10-26,2029-10-18,11858,,2024-10-16,2024-10-25,private
355150,"KOSTECSYS. CO., LTD.",(주)코스텍시스,20250722000215,EB,2025-07-22,무기명식 이권부 무보증 사모 교환사채,6354307078,0,0,2028-08-08,14351,100,2025-08-09,2028-07-08,,"not applicable (EB is exchanged for already-issued shares, not newly issued)",2025-08-08,2025-08-08,private
206400,"BENO TNR, Inc.",(주)베노티앤알,20210421000404,CB,2021-04-12,무기명 무보증 사모 전환사채,7500000000,0,1,2024-04-22,6730,100,2022-04-22,2024-03-21,4711,,2021-04-12,2021-04-22,private
206400,"BENO TNR, Inc.",(주)베노티앤알,20180704000396,CB,2018-06-15,무기명식 무보증 사모 전환사채,10000000000,4,4,2021-07-04,2494,100,2019-07-05,2021-06-04,,,2018-06-19,2018-07-05,private
206400,"BENO TNR, Inc.",(주)베노티앤알,20191017000097,CB,2019-09-19,무기명 무보증 사모 전환사채,10000000000,0,1,2022-10-17,730,100,2020-10-17,2022-09-16,,,2019-09-20,2019-10-17,private
206400,"BENO TNR, Inc.",(주)베노티앤알,20181016000125,CB,2018-10-16,무기명 이권부 무보증 사모 전환사채,7010000000,0,0,2048-10-23,2728,100,2020-04-24,2048-09-23,,,2018-10-16,2018-10-24,private
206400,"BENO TNR, Inc.",(주)베노티앤알,20180125000155,CB,2018-01-12,무기명식 무보증 사모 전환사채,5000000000,0,3,2021-01-26,1820,100,2019-01-26,2020-12-26,,,2018-01-12,2018-01-26,private
206400,"BENO TNR, Inc.",(주)베노티앤알,20210929000064,CB,2021-08-17,무기명 무보증 사모 전환사채,5000000000,1,2,2024-09-29,5560,100,2022-09-29,2024-08-29,3892,,2021-09-28,2021-09-29,private
206400,"BENO TNR, Inc.",(주)베노티앤알,20210928000487,CB,2021-08-17,무기명 무보증 사모 전환사채,15000000000,1,2,2024-09-29,5560,100,2022-09-29,2024-08-29,3892,,2021-09-28,2021-09-29,private
206400,"BENO TNR, Inc.",(주)베노티앤알,20230519000414,CB,2023-03-20,무기명식 무보증 사모 전환사채,22000000000,0,1,2026-05-19,2731,100,2024-05-19,2026-04-18,,,2023-03-21,2023-05-19,private
206400,"BENO TNR, Inc.",(주)베노티앤알,20260211001003,CB,,,,,,,,,,,,,,,private
084870,"TBH GLOBAL CO.,LTD",(주)티비에이치글로벌,20170323000162,CB,2017-03-21,국내 무기명식 이권부 무보증 사모 전환사채,10000000000,0,0,2022-03-23,7940,100,2018-03-23,2022-02-23,,,2017-03-23,2017-03-23,private
115440,"Woori-Net Co., Ltd.",(주)우리넷,20180424000494,CB,2018-04-16,무기명식 이권부 무보증 사모 전환사채,10000000000,3.5,3.5,2023-04-17,10309,100,2019-04-17,2023-03-17,,,2018-04-17,2018-04-17,private
115440,"Woori-Net Co., Ltd.",(주)우리넷,20201221000400,CB,2020-12-21,무기명식 무이권부 무보증 사모 전환사채,20000000000,0,0,2025-12-22,9362,100,2021-12-22,2025-11-22,7490,,2020-12-22,2020-12-22,private
115440,"Woori-Net Co., Ltd.",(주)우리넷,20180424000505,BW,2018-04-16,"무기명 이권부 무보증 비분리형 사모 신주인수권
부사채",10000000000,3.5,3.5,2023-04-17,10309,100,2019-04-17,2023-04-17,,,2018-04-17,2018-04-17,private
250030,"JINCOSTECH CO.,LTD.",주식회사 진코스텍,20180712000094,CB,2018-07-11,무기명식 이권부 무보증 사모 전환사채,3000000000,0,2,2021-07-13,110000,100,2019-01-13,2021-06-13,,,2018-07-13,2018-07-13,private
004770,"SUNNY ELECTRONICS CO.,LTD",써니전자(주),20150807000350,CB,2015-08-07,무기명식 이권부 무보증 사모 전환사채,8000000000,0,2.5,2019-08-10,2390,100,2016-08-10,2019-07-10,,,2015-08-10,2015-08-10,private
004770,"SUNNY ELECTRONICS CO.,LTD",써니전자(주),20190513000463,CB,2018-06-18,무기명식 이권부 무보증 사모 전환사채,10000000000,0,2,2023-06-19,2755,100,2019-06-19,2023-05-19,,,2018-06-19,2018-06-19,private
264660,"C&G Hi Tech Co., Ltd",씨앤지하이테크(주),20210727000317,CB,2021-07-27,무기명식 무보증 사모전환사채,20000000000,0,0,2026-07-30,14099,100,2022-07-30,2026-06-30,12690,,2021-07-29,2021-07-30,private
264660,"C&G Hi Tech Co., Ltd",씨앤지하이테크(주),20250828001200,EB,2025-08-28,무기명식 무보증 사모 교환사채,4459332920,0,0,2030-09-05,14780,100,2025-09-12,2030-08-29,,"not applicable (EB is exchanged for already-issued shares, not newly issued)",2025-09-05,2025-09-05,private
009440,"KC Green Holdings Co.,Ltd.",케이씨그린홀딩스(주),20240819000139,CB,2023-10-18,무기명식 이권부 무보증 사모 전환사채,13000000000,0,3,2028-10-20,3020,100,2024-10-20,2028-09-20,2114,,2023-10-20,2023-10-20,private
168360,PEMTRON Corporation,(주)펨트론,20250409002175,CB,2025-04-09,무기명식 무이권부 무보증 사모 전환사채,20000000000,0,0,2030-04-11,10060,100,2026-04-11,2030-03-11,8048,,2025-04-11,2025-04-11,private
376180,"picogram Co., Ltd.",주식회사 피코그램,20230802000174,CB,2023-08-02,무기명식이권부무보증사모전환사채,20000000000,0,2,2028-08-04,7300,100,2024-08-04,2028-07-04,5110,,2023-08-04,2023-08-04,private
451760,"CONTEC Co.,Ltd",(주)컨텍,20240628000114,CB,2024-06-11,무기명식 이권부 무보증 사모 전환사채,30000000000,0,2,2029-06-28,15873,100,2025-06-28,2029-05-28,,,2024-06-13,2024-06-28,private
082800,"VIVOZON PHARMACEUTICAL CO., LTD.",(주)비보존제약,20200107000557,CB,2019-11-18,무기명식 무보증 사모 전환사채,10000000000,2,4,2023-01-16,1594,100,2021-01-16,2022-12-16,,,2019-11-18,2020-01-16,private
082800,"VIVOZON PHARMACEUTICAL CO., LTD.",(주)비보존제약,20200116000067,CB,2019-11-18,무기명식 무보증 사모 전환사채,10000000000,2,4,2023-01-16,1594,100,2021-01-16,2022-12-16,,,2019-11-18,2020-01-16,private
082800,"VIVOZON PHARMACEUTICAL CO., LTD.",(주)비보존제약,20180711000435,CB,2018-05-11,무기명식 이권부 모부증 사모 전환사채,8170000000,2,4,2021-07-17,1634,100,2019-07-17,2021-06-17,,,,2018-07-17,private
082800,"VIVOZON PHARMACEUTICAL CO., LTD.",(주)비보존제약,20180726000076,CB,2018-05-31,무기명식 이권부 무보증 사모 전환사채,10000000000,2,4,2021-07-30,2490,100,2019-07-30,2021-06-30,,,2018-05-31,2018-07-30,private
082800,"VIVOZON PHARMACEUTICAL CO., LTD.",(주)비보존제약,20190404001512,CB,2019-04-04,무기명식 무보증 사모 전환사채,20000000000,2,4,2022-04-22,1492,100,2020-04-22,2022-03-22,,,2019-04-04,2019-04-22,private
082800,"VIVOZON PHARMACEUTICAL CO., LTD.",(주)비보존제약,20180904000147,CB,2018-08-23,무기명식 이권부 무보증 사모 전환사채,10000000000,2,4,2021-09-10,1752,100,2019-09-10,2021-08-10,,,2018-08-23,2018-09-10,private
082800,"VIVOZON PHARMACEUTICAL CO., LTD.",(주)비보존제약,20190424000119,CB,2019-04-04,무기명식 무보증 사모 전환사채,7000000000,2,4,2022-04-25,1492,100,2020-04-25,2022-03-25,,,2019-04-04,2019-04-25,private
082800,"VIVOZON PHARMACEUTICAL CO., LTD.",(주)비보존제약,20190424000121,CB,2019-04-05,무기명식 무보증 사모 전환사채,4300000000,2,4,2022-04-25,1512,100,2020-04-25,2022-03-25,,,2019-04-05,2019-04-25,private
082800,"VIVOZON PHARMACEUTICAL CO., LTD.",(주)비보존제약,20160705000460,CB,2016-07-05,무기명식 이권부 모부증 사모 전환사채,3000000000,3,5,2020-07-07,1217,100,2017-07-07,2020-06-07,,,,2016-07-07,private
082800,"VIVOZON PHARMACEUTICAL CO., LTD.",(주)비보존제약,20211130002004,CB,2021-05-10,무기명식 무보증 사모 전환사채,10000000000,2,4,2024-12-17,1103,100,2022-12-17,2024-11-17,773,,2021-12-02,2021-12-17,private
082800,"VIVOZON PHARMACEUTICAL CO., LTD.",(주)비보존제약,20200109000081,CB,2019-11-18,무기명식 무보증 사모 전환사채,10000000000,2,4,2023-01-17,1594,100,2021-01-17,2022-12-17,,,2019-11-18,2020-01-17,private
082800,"VIVOZON PHARMACEUTICAL CO., LTD.",(주)비보존제약,20201105000265,CB,2020-05-06,무기명식 무보증 사모 전환사채,10000000000,2,4,2023-11-05,1871,100,2021-11-05,2023-10-05,1309,,2020-05-06,2020-11-05,private
082800,"VIVOZON PHARMACEUTICAL CO., LTD.",(주)비보존제약,20200625000467,CB,2020-05-06,무기명식 무보증 사모 전환사채,10000000000,2.1,4.1,2023-06-29,1871,100,2021-06-29,2023-06-29,,,2020-05-06,2020-06-29,private
082800,"VIVOZON PHARMACEUTICAL CO., LTD.",(주)비보존제약,20200626000630,CB,2020-05-06,무기명식 무보증 사모 전환사채,10000000000,2.1,2.1,2023-06-29,1871,100,2021-06-29,2023-05-29,,,2020-05-06,2020-06-29,private
082800,"VIVOZON PHARMACEUTICAL CO., LTD.",(주)비보존제약,20240319000356,CB,2022-11-11,무기명식 무보증 사모 전환사채,3100000000,6,10,2025-12-20,739,100,2023-12-20,2025-11-20,518,,2022-11-11,2022-12-20,private
082800,"VIVOZON PHARMACEUTICAL CO., LTD.",(주)비보존제약,20241206000329,CB,2024-11-29,무기명식 무보증 사모 전환사채,3000000000,2,5,2028-12-12,7820,100,2025-12-12,2028-11-12,2500,,2024-12-03,2024-12-12,private
082800,"VIVOZON PHARMACEUTICAL CO., LTD.",(주)비보존제약,20260123000399,CB,2026-01-23,무기명식 무보증 사모 전환사채,20000000000,2,4,2028-01-31,2762,100,2021-01-31,2027-12-31,1934,,2019-12-16,2020-01-31,private
082800,"VIVOZON PHARMACEUTICAL CO., LTD.",(주)비보존제약,20180302000090,BW,2018-02-20,무기명식 이권부 무보증 공모 신주인수권부사채,5000000000,1,5,2023-03-09,958,100,2018-04-09,2023-02-09,,,2018-03-06,2018-03-09,public
148150,"Se Gyung Hi Tech Co., Ltd.",(주)세경하이테크,20200219000947,CB,2020-02-19,"무기명식 이권부 무보증 
사모 전환사채",20000000000,0,0,2025-02-21,39719,100,2021-02-21,2025-01-21,,,2020-02-20,2020-02-21,private
148150,"Se Gyung Hi Tech Co., Ltd.",(주)세경하이테크,20200219000780,BW,2020-02-19,"무기명식 이권부 무보증사모 비분리형 
신주인수권부사채",10000000000,0,0,2025-02-21,39719,100,2021-02-21,2025-01-21,,,2020-02-20,2020-02-21,private
227610,"Outin Futures Co., Ltd.",(주)아우딘퓨쳐스,20200602000169,CB,2020-06-02,무기명식 이권부 무보증 사모 전환사채,8500000000,0,1,2025-06-04,5130,100,2021-06-04,2025-05-04,,,2020-06-04,2020-06-04,private
227610,"Outin Futures Co., Ltd.",(주)아우딘퓨쳐스,20220622000001,CB,2022-06-21,무기명식 이권부 무보증 사모 전환사채,5000000000,2,2,2025-06-22,1407,100,2023-06-22,2025-05-22,985,,2022-06-21,2022-06-22,private
227610,"Outin Futures Co., Ltd.",(주)아우딘퓨쳐스,20221213000002,CB,2022-12-12,무기명식 이권부 무보증 사모 전환사채,5000000000,4,4,2025-12-20,2249,100,2023-12-20,2025-11-20,1575,,2022-12-14,2022-12-20,private
227610,"Outin Futures Co., Ltd.",(주)아우딘퓨쳐스,20230213000709,CB,2023-02-13,무기명식 이권부 무보증 사모 전환사채,3300000000,4,4,2026-02-16,2027,100,2024-02-16,2026-01-16,1419,,2023-02-15,2023-02-16,private
227610,"Outin Futures Co., Ltd.",(주)아우딘퓨쳐스,20260608000337,CB,2023-02-28,무기명식 이권부 무보증 사모 전환사채,5100000000,4,4,2027-01-28,1730,100,2024-06-28,2026-12-28,1211,,2023-03-03,2023-06-28,private
227610,"Outin Futures Co., Ltd.",(주)아우딘퓨쳐스,20221220000215,BW,2022-12-13,무기명식 이권부 무보증 사모 신주인수권부사채,1500000000,4,4,2025-12-20,2748,100,2023-12-20,2025-11-20,1924,,2022-12-14,2022-12-20,private
300080,Flitto Inc.,(주)플리토,20211029000587,CB,2021-10-29,무기명식 이권부 무보증 사모  전환사채,10000000000,0,0,2026-11-02,25100,100,2022-11-03,2026-10-02,17600,,2021-11-02,2021-11-02,private
269620,"SYSWORK CO., LTD",(주)시스웍,20190508000258,CB,2019-05-08,무기명식 무보증 사모 전환사채,10000000000,0,0,2022-05-10,3169,100,2020-05-10,2022-04-10,,,2019-05-10,2019-05-10,private
269620,"SYSWORK CO., LTD",(주)시스웍,20210622000339,CB,2020-11-27,무기명식 이권부 무보증 사모 전환사채,5000000000,1,5.5,2023-11-30,3317,100,2021-11-30,2023-10-30,2322,,,2020-11-30,private
269620,"SYSWORK CO., LTD",(주)시스웍,20210609000292,CB,2021-04-14,무기명식 이권부 사모 전환사채,20000000000,2,6.5,2024-04-28,2269,100,2022-04-28,2024-03-28,100,,2021-04-14,2021-04-28,private
269620,"SYSWORK CO., LTD",(주)시스웍,20210602000469,CB,2021-06-02,무기명식 이권부 무보증 사모 전환사채,10000000000,3,3,2024-06-02,2010,100,2022-06-02,2024-05-02,100,,2021-06-02,2021-06-02,private
269620,"SYSWORK CO., LTD",(주)시스웍,20201008000443,CB,2020-08-19,무기명식 이권부 무보증 사모 전환사채,5000000000,1,1,2023-10-08,2636,100,2021-10-08,2023-09-08,1845,,2020-08-21,2020-10-08,private
269620,"SYSWORK CO., LTD",(주)시스웍,20201008000450,CB,2020-08-19,무기명식 이권부 무보증 사모 전환사채,10000000000,1,1,2023-10-08,2636,100,2021-10-08,2023-09-08,1845,,2020-08-21,2020-10-08,private
269620,"SYSWORK CO., LTD",(주)시스웍,20211105000137,BW,2021-08-25,무기명식 이권부 무보증 공모 분리형 신주인수권부사채,30000000000,1,4,2024-11-05,1215,100,2021-12-05,2024-10-05,851,,2021-10-28,2021-11-05,public
269620,"SYSWORK CO., LTD",(주)시스웍,20201008000437,BW,2020-08-19,무기명식 이권부 무보증 비분리형 사모 신주인수권부사채,15000000000,1,1,2023-10-08,2636,100,2021-10-08,2023-09-08,1845,,2020-08-19,2020-10-08,private
130740,"TPC CO., LTD",(주)티피씨,20180712000249,CB,2018-07-11,무기명식 이권부 무보증 사모 전환사채,6000000000,0,1.3,2023-07-18,3265,100,2019-07-18,2023-06-18,,,2018-07-11,2018-07-18,private
130740,"TPC CO., LTD",(주)티피씨,20171117000356,CB,2017-11-16,무기명식 이권부 무보증 사모 전환사채,6000000000,0,1.3,2022-11-17,3121,100,2018-11-17,2022-10-17,,,2017-11-17,2017-11-17,private
130740,"TPC CO., LTD",(주)티피씨,20230906000257,EB,2023-09-06,무기명식 무이권부 무보증 사모 교환사채,5000000000,0,0,2028-09-08,7500,100,2023-09-15,2028-09-01,,"not applicable (EB is exchanged for already-issued shares, not newly issued)",2023-09-08,2023-09-08,private
002410,"BUMYANG CONSTRUCTION CO.,LTD",범양건영(주),20160823000296,CB,2016-08-23,무보증 사모 전환사채,10000000000,3.5,7.5,2019-08-24,13222,100,2017-08-24,2019-07-24,,,2016-08-24,2016-08-24,private
002410,"BUMYANG CONSTRUCTION CO.,LTD",범양건영(주),20160418000360,CB,2016-04-18,무기명식 이권부 무보증 사모 전환사채,10000000000,2,6,2019-04-19,12009,100,2017-04-19,2019-03-19,,,2016-04-19,2016-04-19,private
039830,AURORA WORLD Corporation,오로라월드(주),20251114001498,EB,2025-11-07,무기명식 무보증 사모 교환사채,17000000000,0,0,2030-11-17,25950,100,2025-11-18,2030-10-17,,"not applicable (EB is exchanged for already-issued shares, not newly issued)",2025-11-17,2025-11-17,private
186230,"GREEN PLUS Co., Ltd.",주식회사 그린플러스,20250320000979,CB,2025-03-14,무기명식 이권부 무보증 사모 영구 전환사채,15000000000,0,6,2055-03-17,7631,100,2026-03-17,2055-02-17,,,2025-03-17,2025-03-17,private
186230,"GREEN PLUS Co., Ltd.",주식회사 그린플러스,20250620000596,CB,2020-06-15,기명식 무보증 사모 전환사채,10000000000,,,2027-06-22,7423,100,2021-06-22,2027-06-21,5197,,2020-06-17,2020-06-22,private
317830,"SP SYSTEMS CO.,LTD.",주식회사 에스피시스템스,20210628000264,CB,2021-06-25,"무기명식 이권부
무보증 사모 전환사채",10000000000,1,1,2024-06-29,7805,100,2022-06-29,2024-05-29,5464,,2021-06-29,2021-06-29,private
317830,"SP SYSTEMS CO.,LTD.",주식회사 에스피시스템스,20251106000137,EB,2025-10-31,무기명식 이권부 무보증 사모 교환사채,6903091364,0,0,2030-11-10,11446,100,2025-12-10,2030-10-10,,"not applicable (EB is exchanged for already-issued shares, not newly issued)",2025-11-10,2025-11-10,private
078590,"HYULIM A-TECH Co., Ltd.",(주)휴림에이텍,20200306000557,CB,2020-03-06,무기명식 이권부 사모 전환사채,48012000000,0,0,2050-03-14,2119,100,2021-03-06,2050-02-06,,,2020-03-06,2020-03-06,private
078590,"HYULIM A-TECH Co., Ltd.",(주)휴림에이텍,20190717000374,CB,2019-07-08,무기명식 무보증 사모 전환사채,9900000000,0,3,2022-07-17,1050,100,2020-07-17,2022-06-17,,,2019-07-08,2019-07-17,private
078590,"HYULIM A-TECH Co., Ltd.",(주)휴림에이텍,20190730000051,CB,,무기명식 무보증 사모 전환사채,,,,,,,,,,,,,private
078590,"HYULIM A-TECH Co., Ltd.",(주)휴림에이텍,20190730000053,CB,,무기명식 무보증 사모 전환사채,,,,,,,,,,,,,private
078590,"HYULIM A-TECH Co., Ltd.",(주)휴림에이텍,20190730000054,CB,,무기명식 무보증 사모 전환사채,,,,,,,,,,,,,private
078590,"HYULIM A-TECH Co., Ltd.",(주)휴림에이텍,20190730000055,CB,,무기명식 무보증 사모 전환사채,,,,,,,,,,,,,private
078590,"HYULIM A-TECH Co., Ltd.",(주)휴림에이텍,20190730000056,CB,,무기명식 무보증 사모 전환사채,,,,,,,,,,,,,private
078590,"HYULIM A-TECH Co., Ltd.",(주)휴림에이텍,20170425000610,CB,2017-04-25,무기명식 이권부 무보증 사모 전환사채,5000000000,0,0,2022-04-27,2994,100,2018-04-27,2022-03-27,,,2017-04-27,2017-04-27,private
078590,"HYULIM A-TECH Co., Ltd.",(주)휴림에이텍,20210830001227,CB,,무기명식 이권부 무보증 사모 전환사채,,,,,,,,,,,,,private
078590,"HYULIM A-TECH Co., Ltd.",(주)휴림에이텍,20201127001261,CB,2019-11-04,무기명식 이권부 무보증 사모 전환사채,20000000000,0,3,2023-04-23,1367,100,2021-04-23,2023-03-23,200,,2019-11-04,2020-04-23,private
078590,"HYULIM A-TECH Co., Ltd.",(주)휴림에이텍,20201127001263,CB,2020-02-21,무기명식 이권부 무보증 사모 전환사채,30000000000,2.5,5.5,2023-02-21,1961,100,2021-02-21,2023-01-21,200,,2020-02-21,2020-02-21,private
078590,"HYULIM A-TECH Co., Ltd.",(주)휴림에이텍,20201127001252,CB,2019-03-13,무기명식 이권부 무보증 사모 전환사채,3500000000,0,3,2022-04-08,3744,100,2020-04-08,2022-03-08,500,,2019-03-13,2019-04-08,private
078590,"HYULIM A-TECH Co., Ltd.",(주)휴림에이텍,20200421000295,CB,2020-04-20,무기명식 이권부 사모 전환사채,27382500000,0,0,2050-04-20,4309,100,2021-04-20,2050-03-20,,,2020-04-20,2020-04-20,private
078590,"HYULIM A-TECH Co., Ltd.",(주)휴림에이텍,20201230000595,CB,2020-04-20,무기명식 이권부 사모 전환사채,76062500000,0,0,2050-04-20,4309,100,2021-04-20,2050-03-20,,,2020-04-20,2020-04-20,private
078590,"HYULIM A-TECH Co., Ltd.",(주)휴림에이텍,20241217000002,CB,2024-12-16,무기명식 이권부 무보증 사모전환사채,8000000000,4,4,2027-12-17,536,100,2025-12-17,2027-11-17,500,,2024-12-16,2024-12-17,private
078590,"HYULIM A-TECH Co., Ltd.",(주)휴림에이텍,20241217000448,CB,2024-12-16,무기명식 이권부 무보증 사모전환사채,10000000000,4,4,2027-12-17,536,100,2025-12-17,2027-11-17,500,,2024-12-16,2024-12-17,private
078590,"HYULIM A-TECH Co., Ltd.",(주)휴림에이텍,20260122000532,CB,2026-01-22,무기명식 이권부 무보증 사모전환사채,10000000000,4,4,2029-01-30,845,100,2027-01-30,2028-12-30,592,,2026-01-22,2026-01-30,private
078590,"HYULIM A-TECH Co., Ltd.",(주)휴림에이텍,20190730000058,BW,,무기명식 이권부 사모 비분리형 신주인수권부사채,,,,,,,,,,,,,private
078590,"HYULIM A-TECH Co., Ltd.",(주)휴림에이텍,20190730000059,BW,,무기명식 이권부 사모 비분리형 신주인수권부사채,,,,,,,,,,,,,private
078590,"HYULIM A-TECH Co., Ltd.",(주)휴림에이텍,20190730000060,BW,,무기명식 이권부 사모 비분리형 신주인수권부사채,,,,,,,,,,,,,private
078590,"HYULIM A-TECH Co., Ltd.",(주)휴림에이텍,20190730000061,BW,,무기명식 이권부 사모 비분리형 신주인수권부사채,,,,,,,,,,,,,private
078590,"HYULIM A-TECH Co., Ltd.",(주)휴림에이텍,20190730000062,BW,,무기명식 이권부 사모 비분리형 신주인수권부사채,,,,,,,,,,,,,private
078590,"HYULIM A-TECH Co., Ltd.",(주)휴림에이텍,20190730000063,BW,,무기명식 이권부 사모 비분리형 신주인수권부사채,,,,,,,,,,,,,private
078590,"HYULIM A-TECH Co., Ltd.",(주)휴림에이텍,20190730000064,BW,,무기명식 이권부 사모 비분리형 신주인수권부사채,,,,,,,,,,,,,private
078590,"HYULIM A-TECH Co., Ltd.",(주)휴림에이텍,20190730000065,BW,,무기명식 이권부 사모 비분리형 신주인수권부사채,,,,,,,,,,,,,private
051780,"CUROHOLDINGS Co., Ltd.",(주)큐로홀딩스,20150227001069,CB,2015-02-27,무기명식 이권부 무보증 사모 전환사채,12789000000,0,6.9,2018-02-27,753,100,2016-02-27,2018-01-27,,,,2015-02-27,private
051780,"CUROHOLDINGS Co., Ltd.",(주)큐로홀딩스,20190612000486,CB,2019-06-12,무기명식 이권부 무보증 사모 전환사채,3500000000,0,3,2022-06-13,643,100,2020-06-13,2022-05-13,,,,2019-06-13,private
051780,"CUROHOLDINGS Co., Ltd.",(주)큐로홀딩스,20190726000379,CB,2019-07-24,무기명식 이권부 무보증 사모 전환사채,8000000000,0,8,2022-07-24,633,100,2020-07-24,2022-06-24,,,2019-07-24,2019-07-24,private
051780,"CUROHOLDINGS Co., Ltd.",(주)큐로홀딩스,20190416000426,CB,2019-04-16,무기명식 이권부 무보증 사모 전환사채,5000000000,4,8,2022-04-17,612,100,2020-04-17,2022-03-17,,,,2019-04-17,private
051780,"CUROHOLDINGS Co., Ltd.",(주)큐로홀딩스,20180124000420,CB,2018-01-24,무기명식 이권부 무보증 사모 전환사채,6000000000,0,5,2021-01-24,1083,100,2019-01-24,2020-12-24,,,,2018-01-24,private
051780,"CUROHOLDINGS Co., Ltd.",(주)큐로홀딩스,20160905000067,CB,2016-09-05,무기명식 이권부 무보증 사모 전환사채,5000000000,4,8,2019-09-06,2109,100,2017-09-06,2019-08-06,,,,2016-09-06,private
051780,"CUROHOLDINGS Co., Ltd.",(주)큐로홀딩스,20220415000286,CB,2022-03-24,무기명식이권부 무보증 사모전환사채,10000000000,1,5,2026-04-15,625,100,2023-04-15,2026-03-15,500,,2022-03-28,2022-04-15,private
051780,"CUROHOLDINGS Co., Ltd.",(주)큐로홀딩스,20200117000606,CB,2020-01-17,무기명식 이권부 무보증 사모 전환사채,3500000000,0,1,2023-01-21,1201,100,2021-01-21,2022-12-21,,,2020-01-21,2020-01-21,private
051780,"CUROHOLDINGS Co., Ltd.",(주)큐로홀딩스,20250327001186,CB,2025-03-27,무기명식이권부 무보증 사모전환사채,10000000000,2,8,2029-03-28,577,100,2026-03-28,2029-02-28,500,,2025-03-28,2025-03-28,private
396270,"Nextchip Co., Ltd.",(주)넥스트칩,20231010000544,CB,2023-10-10,무기명식 무보증 사모 전환사채,30000000000,0,0,2028-10-12,16665,100,2024-10-12,2028-09-12,12499,,2023-10-12,2023-10-12,private
396270,"Nextchip Co., Ltd.",(주)넥스트칩,20260714000458,CB,2026-07-14,무기명식 무보증 사모 전환사채,1500000000,0,0,2029-07-22,2491,100,2027-07-22,2029-06-22,1744,,2026-07-22,2026-07-22,private
378800,Shaperon Inc.,주식회사 샤페론,20260407003428,CB,2026-04-07,무기명식 이권부 무보증 사모 전환사채,8600000000,0,3,2031-04-15,1685,100,2027-04-15,2031-03-15,,,2026-04-15,2026-04-15,private
417010,NanoTIM Co. Ltd.,나노팀 주식회사,20251117000193,CB,2025-11-13,무기명식 무보증 사모 전환사채,10000000000,0,0,2030-11-21,5500,100,2026-11-21,2030-10-21,,,2025-11-18,2025-11-21,private
089030,"Techwing, Inc.",(주)테크윙,20161019000209,CB,2016-10-19,무기명식 이권부 무보증 사모 전환사채,25000000000,0,0,2021-10-21,12575,100,2017-10-21,2021-09-21,,,2016-10-21,2016-10-21,private
089030,"Techwing, Inc.",(주)테크윙,20251002000523,EB,2025-10-02,무기명식 무이권부 무보증 사모 교환사채,93313931260,0,0,2030-10-20,71060,100,2026-01-20,2030-09-20,,"not applicable (EB is exchanged for already-issued shares, not newly issued)",2025-10-20,2025-10-20,private
162120,"LUKEN Technologies Co., Ltd.",(주)루켄테크놀러지스,20180628000493,CB,2018-06-19,무기명식 이권부 무보증 사모 전환사채,2000000000,2,3,2023-06-27,9500,1,2019-06-27,2023-05-27,,,2018-06-19,2018-06-27,private
162120,"LUKEN Technologies Co., Ltd.",(주)루켄테크놀러지스,20251024000543,CB,2025-10-24,무기명식 무이권부 무보증 사모 전환사채,7000000000,0,4,2030-10-31,6100,100,2026-10-31,2030-09-30,,,2025-10-31,2025-10-31,private
093370,"FOOSUNG CO.,LTD",(주)후성,20251023000318,CB,2025-10-23,기명식 무보증 사모 전환사채,27000000000,0,5.7,2030-11-05,6857,100,2026-11-05,2030-10-05,,,2025-11-05,2025-11-05,private
093370,"FOOSUNG CO.,LTD",(주)후성,20251215000358,EB,2025-12-15,무기명식 무보증 사모 교환사채,50000000000,0,0,2030-12-23,38150,100,2026-01-23,2030-11-23,,"not applicable (EB is exchanged for already-issued shares, not newly issued)",2025-12-23,2025-12-23,private
011930,"SHINSUNG E&G Co.,LTD.",주식회사 신성이엔지,20170315000553,CB,2017-01-23,국내 무기명식 무보증 사모 전환사채,9500000000,1,4.5,2020-01-23,2250,100,2018-01-23,2019-12-23,,,2017-01-23,2017-01-23,private
011930,"SHINSUNG E&G Co.,LTD.",주식회사 신성이엔지,20190226003431,BW,2019-02-01,국내 무기명식 이권부 무보증 공모 신주인수권부사채,30000000000,2,4,2022-03-07,1140,100,2019-04-07,2022-02-07,,,2019-03-04,2019-03-07,public
011930,"SHINSUNG E&G Co.,LTD.",주식회사 신성이엔지,20170622000318,EB,2017-06-21,무기명식 이권부 무보증 교환사채,10000000000,0,0,2020-06-26,2105,100,2017-06-27,2020-06-23,,"not applicable (EB is exchanged for already-issued shares, not newly issued)",2017-06-26,2017-06-26,private
018470,"CHOIL ALUMINUM CO., LTD",조일알미늄(주),20200326000792,CB,2020-03-26,무기명식 이권부 무보증 사모 전환사채,3000000000,1,3,2023-03-27,500,100,2021-03-27,2023-02-27,,,2020-03-27,2020-03-27,private
018470,"CHOIL ALUMINUM CO., LTD",조일알미늄(주),20180628000325,CB,2018-06-28,무기명식 이권부 무보증 사모 전환사채,20000000000,0,2.5,2021-06-29,1188,100,2019-06-29,2021-05-29,,,2018-06-29,2018-06-29,private
018470,"CHOIL ALUMINUM CO., LTD",조일알미늄(주),20191220000225,CB,2019-12-19,무기명식 이권부 무보증 사모 전환사채,16000000000,1,3,2022-12-20,750,100,2020-12-20,2022-11-20,,,2019-12-20,2019-12-20,private
018470,"CHOIL ALUMINUM CO., LTD",조일알미늄(주),20230720000364,BW,2023-07-20,무기명식 무보증 비분리형 사모 신주인수권부사채,30000000000,0,0,2029-08-10,2980,100,2024-08-10,2029-07-19,,,2023-07-24,2023-08-10,private
317860,"Nordmason Co.,LTD",주식회사 노드메이슨,20260826000330,CB,2023-08-30,무보증 사모전환사채,3000000000,5,5,2026-10-01,5340,100,2024-09-01,2026-09-20,3740,,2023-08-31,2023-09-01,private
389020,"Zaram Technology,Inc.",(주)자람테크놀로지,20240729000284,CB,2024-07-29,무기명식 이권부 무보증 사모 전환사채,33000000000,0,3,2027-07-31,44995,100,2025-07-31,2027-06-30,31497,,2024-07-31,2024-07-31,private
389020,"Zaram Technology,Inc.",(주)자람테크놀로지,20240729000293,EB,2024-07-29,무기명식 이권부 무보증 사모 교환사채,2337525000,0,3,2027-07-31,45000,100,2024-08-31,2027-06-30,,"not applicable (EB is exchanged for already-issued shares, not newly issued)",2024-07-31,2024-07-31,private
317770,Xperix Inc.,(주)엑스페릭스,20240315000660,CB,2023-10-17,무기명식 이권부 무보증 사모 전환사채,10500000000,0,2,2027-02-28,4183,100,2025-02-28,2027-01-28,2929,,2023-10-17,2024-02-28,private
317770,Xperix Inc.,(주)엑스페릭스,20240522000428,CB,2024-05-22,무기명식 이권부 무보증 사모 전환사채,4000000000,0,3,2027-05-23,4715,100,2025-05-23,2027-04-23,3301,,2024-05-23,2024-05-23,private
317770,Xperix Inc.,(주)엑스페릭스,20250806000035,CB,2025-07-29,제5회 무기명식 이권부 무보증 사모 전환사채,4000000000,2,5,2028-08-06,3930,100,2026-08-06,2028-07-06,2751,,2025-07-29,2025-08-06,private
317770,Xperix Inc.,(주)엑스페릭스,20260507000567,CB,2026-05-07,제6회 무기명식 이권부 무보증 사모 전환사채,15500000000,0,3,2029-05-15,3780,100,2027-05-15,2029-04-15,2646,,2026-05-15,2026-05-15,private
317770,Xperix Inc.,(주)엑스페릭스,20260818000218,CB,2026-05-07,제7회 무기명식 이권부 무보증 사모 전환사채,10000000000,0,3,2029-09-30,3780,100,2027-09-30,2029-08-30,2646,,2026-09-30,2026-09-30,private
317770,Xperix Inc.,(주)엑스페릭스,20240226005356,BW,2024-02-26,"무기명식 이권부 무보증 사모 비분리형 
신주인수권부사채",11600000000,0,3,2027-02-28,5721,100,2025-02-28,2027-01-28,4005,,2024-02-28,2024-02-28,private
317770,Xperix Inc.,(주)엑스페릭스,20240226005392,BW,2024-02-26,"무기명식 이권부 무보증 사모 비분리형 
신주인수권부사채",8000000000,0,2,2027-02-28,5721,100,2025-02-28,2027-01-28,4005,,2024-02-28,2024-02-28,private
137400,"PEOPLE & TECHNOLOGY, INC.",(주)피엔티,20180502001533,CB,2018-05-02,무기명식 무보증 사모 전환사채,20000000000,0,0,2023-05-04,15131,100,2019-05-04,2023-04-04,,,2018-05-04,2018-05-04,private
137400,"PEOPLE & TECHNOLOGY, INC.",(주)피엔티,20170523000143,BW,2017-05-22,무기명식 이권부 무보증 신주인수권부사채,10000000000,0,0,2020-05-24,13272,100,2018-05-24,2020-04-24,,,2017-05-24,2017-05-24,private
137400,"PEOPLE & TECHNOLOGY, INC.",(주)피엔티,20251210000435,EB,2025-12-04,무기명식 이권부 무보증 사모 교환사채,18763100000,0,0,2030-12-12,48591,100,2026-01-12,2030-11-12,,"not applicable (EB is exchanged for already-issued shares, not newly issued)",2025-12-12,2025-12-12,private
035600,"KGINICIS CO.,LTD.",(주)케이지이니시스,20150202000046,CB,2015-02-02,국내 무기명식 무보증 사모 전환사채,45000000000,0,1,2019-02-04,24197,100,2016-02-04,2019-02-04,,,2015-02-04,2015-02-04,private
290550,"DK TECH CO.,LTD",(주)디케이티,20210720000081,CB,2021-07-20,무기명식 이권부 무보증 사모 전환사채,30000000000,0,0,2026-07-22,24222,100,2022-07-22,2026-06-22,16956,,2021-07-22,2021-07-22,private
003280,"HEUNG-A SHIPPING CO.,LTD.",흥아해운(주),20190411001010,CB,2019-03-18,무기명식 무보증 공모 전환사채,20000000000,0,2,2022-04-18,500,100,2019-05-18,2022-03-18,,,2019-04-15,2019-04-18,public
003280,"HEUNG-A SHIPPING CO.,LTD.",흥아해운(주),20170414001860,CB,2017-04-14,무기명식 이권부 무보증 전환사채,15000000000,0,0,2022-04-18,1751,100,2018-04-18,2022-03-18,,,2017-04-18,2017-04-18,private
406820,"BEAUTYSKIN Co., Ltd.",(주)뷰티스킨,20241108000497,CB,2024-11-08,무기명식 무이권부 무보증 사모 전환사채,10000000000,0,3,2029-11-12,14372,100,2025-11-12,2029-10-12,,,2024-11-12,2024-11-12,private
406820,"BEAUTYSKIN Co., Ltd.",(주)뷰티스킨,20251226000459,CB,2025-12-17,무기명식 무보증 사모 전환사채,7500000000,0,3,2030-12-26,13046,100,2026-12-26,2030-11-26,10437,,2025-12-26,2025-12-26,private
406820,"BEAUTYSKIN Co., Ltd.",(주)뷰티스킨,20251224000568,EB,2025-12-17,무기명식 무보증 사모 교환사채,1700996220,0,0,2028-12-26,13860,100,2025-12-30,2028-11-26,,"not applicable (EB is exchanged for already-issued shares, not newly issued)",2025-12-26,2025-12-26,private
018290,"VT Co., Ltd.",(주)브이티,20190613000296,CB,2019-06-13,무기명식 이권부 무보증 무담보 사모전환사채,8000000000,0,1,2022-06-14,10383,100,2020-06-14,2022-05-14,,,2019-06-13,2019-06-14,private
018290,"VT Co., Ltd.",(주)브이티,20160708000102,CB,2016-05-30,무기명식 이권부 무보증 사모 전환사채,1200000000,0,2,2019-07-08,3000,100,2017-07-08,2019-06-08,,,2016-07-08,2016-07-08,private
018290,"VT Co., Ltd.",(주)브이티,20170518000139,CB,2017-05-12,무기명식 이권부 담보부 사모 전환사채,10000000000,1,3,2020-05-15,4878,100,2018-05-15,2020-04-15,,,2017-05-15,2017-05-15,private
018290,"VT Co., Ltd.",(주)브이티,20170131000185,CB,2017-01-24,무기명식 이권부 무보증 사모 전환사채,4100000000,1,3,2020-01-25,5379,100,2018-01-25,2019-12-25,,,2017-01-25,2017-01-25,private
018290,"VT Co., Ltd.",(주)브이티,20170817000145,CB,2017-05-12,무기명식 이권부 담보부 사모 전환사채,3000000000,1,4.5,2020-08-18,4100,100,2018-08-18,2020-07-18,,,2017-08-17,2017-08-18,private
018290,"VT Co., Ltd.",(주)브이티,20170817000146,CB,2017-08-17,무기명식 이권부 무보증 사모 전환사채,1000000000,1,4.5,2020-08-18,4100,100,2018-08-18,2020-07-18,,,2017-08-17,2017-08-18,private
018290,"VT Co., Ltd.",(주)브이티,20160610000490,CB,2016-05-30,무기명식 이권부 무보증 사모 전환사채,9000000000,0,2,2019-06-10,3000,100,2017-06-10,2019-05-10,,,2016-06-10,2016-06-10,private
018290,"VT Co., Ltd.",(주)브이티,20210205000399,BW,2021-02-05,무기명식 이권부 무보증 무담보 사모 비분리형 신주인수권부사채,10500000000,0,2,2024-02-08,8577,100,2022-02-08,2024-01-08,6004,,2021-02-08,2021-02-08,private
018290,"VT Co., Ltd.",(주)브이티,20220316000938,EB,2022-03-16,무기명식 이권부 무보증 사모 교환사채,10600000000,0,1,2025-03-18,7417,100,2023-03-18,2025-02-18,,"not applicable (EB is exchanged for already-issued shares, not newly issued)",2022-03-18,2022-03-18,private
018290,"VT Co., Ltd.",(주)브이티,20200305000581,EB,2020-03-05,무기명식 이권부 무보증 사모 교환사채,14000000000,0,2,2022-03-09,11000,100,2020-09-09,2022-03-04,,"not applicable (EB is exchanged for already-issued shares, not newly issued)",2020-03-09,2020-03-09,private
126600,"BGFecomaterials CO., LTD.",(주)비지에프에코머티리얼즈,20150610000159,CB,2015-06-10,무기명식 이권부 무보증 사모 전환사채,10000000000,1,2.5,2020-06-17,17229,100,2016-06-17,2020-05-17,,,2015-06-02,2015-06-17,private
126600,"BGFecomaterials CO., LTD.",(주)비지에프에코머티리얼즈,20211104000327,CB,2021-11-04,기명식 이권부 무보증 사모 전환사채,25632040000,1,2,2024-12-22,8713,100,2022-12-22,2024-12-21,6100,,2021-11-04,2021-12-22,private
126600,"BGFecomaterials CO., LTD.",(주)비지에프에코머티리얼즈,20220222002701,BW,2021-11-04,기명식 무보증 비분리형 사모 신주인수권부사채,43500000000,0,0,2024-12-22,8713,100,2022-12-22,2024-12-21,6100,,2021-11-04,2021-12-22,private
288980,"Moadata Co., Ltd.",(주)모아데이타,20220706000385,CB,2022-07-06,무기명식 이권부 무보증 사모 전환사채,10000000000,0,2,2027-07-15,18750,100,2023-07-15,2027-06-15,13125,,2022-07-08,2022-07-15,private
288980,"Moadata Co., Ltd.",(주)모아데이타,20231120000772,CB,2023-09-18,무기명식 이권부 무보증 사모 전환사채,10000000000,0,3,2028-09-20,2660,100,2024-09-20,2028-08-20,1862,,2023-09-20,2023-09-20,private
288980,"Moadata Co., Ltd.",(주)모아데이타,20250703000267,CB,2025-06-30,무기명식 이권부 무보증 사모 전환사채,2000000000,2,7,2029-07-03,1484,100,2026-07-03,2029-06-03,1039,,2025-06-30,2025-07-03,private
288980,"Moadata Co., Ltd.",(주)모아데이타,20250718000367,CB,2025-07-18,무기명식 이권부 무보증 사모 전환사채,5000000000,2,7,2029-07-24,1385,100,2026-07-24,2029-06-24,970,,2025-07-18,2025-07-24,private
288980,"Moadata Co., Ltd.",(주)모아데이타,20260227008678,CB,2026-02-27,무기명식 이권부 무보증 사모 전환사채,2000000000,2,7,2030-03-09,690,100,2027-03-09,2030-02-09,500,,2026-02-27,2026-03-09,private
288980,"Moadata Co., Ltd.",(주)모아데이타,20260422000504,CB,2025-12-22,무기명식 이권부 무보증 사모 전환사채,2000000000,2,7,2029-12-30,950,100,2026-12-30,2029-11-30,665,,2025-12-24,2025-12-30,private
288980,"Moadata Co., Ltd.",(주)모아데이타,20260415000467,CB,2024-09-12,무기명식 이권부 무보증 사모 전환사채,7000000000,3,7,2028-09-20,1468,100,2025-09-20,2028-08-20,1028,,2024-09-12,2024-09-20,private
288980,"Moadata Co., Ltd.",(주)모아데이타,20260610000668,CB,2026-04-01,무기명식 이권부 무보증 사모 전환사채,4900000000,3,5,2029-06-18,1063,100,2027-06-18,2029-05-18,,,2026-06-10,2026-06-18,private
288980,"Moadata Co., Ltd.",(주)모아데이타,20240115000218,BW,2024-01-15,무기명식 이권부 무보증 사모 비분리형 신주인수권부사채,10000000000,0,3,2029-01-17,2513,100,2025-01-17,2028-12-17,1759,,2024-01-17,2024-01-17,private
263600,"DERKWOO ELECTRONICS CO.,LTD.",덕우전자(주),20230829000575,CB,2023-08-29,무기명식 무보증 사모 전환사채,20000000000,0,0,2028-08-31,9393,100,2024-08-31,2028-07-31,7985,,2023-08-31,2023-08-31,private
247660,"NANOCMS CO., LTD",나노씨엠에스(주),20211125000535,CB,2021-11-25,국내 무기명식 이권부 무보증 사모 전환사채,17000000000,0,0,2026-11-29,78200,100,2022-11-29,2026-10-29,54800,,2021-11-29,2021-11-29,private
247660,"NANOCMS CO., LTD",나노씨엠에스(주),20240620000250,CB,2024-06-20,국내 무기명식 이권부 무보증 사모 전환사채,8000000000,0,3.5,2029-06-24,10150,100,2025-06-24,2029-06-18,7105,,2024-06-24,2024-06-24,private
417840,"Justem.CO.,LTD",주식회사 저스템,20230502000094,CB,2023-05-02,무기명식 이권부 무보증 사모 전환사채,15000000000,0,2,2028-05-04,17293,100,2024-05-04,2028-04-04,12106,,2023-05-04,2023-05-04,private
050890,"Solid, Inc.",(주)쏠리드,20200513000569,CB,2020-05-13,무기명식 이권부 무보증 사모 전환사채,10000000000,0,0,2022-05-20,5884,100,2021-05-20,2022-04-20,,,2020-05-13,2020-05-20,private
050890,"Solid, Inc.",(주)쏠리드,20160510002728,CB,2016-05-10,무기명식 무보증 사모 전환사채,35000000000,1,5,2021-05-11,4731,100,2017-05-12,2021-04-11,,,2016-05-11,2016-05-11,private
050890,"Solid, Inc.",(주)쏠리드,20160510002734,CB,2016-05-10,무기명식 무보증 사모 전환사채,2000000000,1,5,2021-05-11,4731,100,2017-05-12,2021-04-11,,,2016-05-11,2016-05-11,private
031980,PSK HOLDINGS INC.,피에스케이홀딩스(주),20200626000165,EB,2020-06-26,무기명식 무보증 무담보 사모 교환사채,10000000000,0,0,2025-06-30,8156,100,2020-07-01,2025-05-30,,"not applicable (EB is exchanged for already-issued shares, not newly issued)",2020-06-30,2020-06-30,private
003680,"HANSUNG ENTERPRISE CO.,LTD",한성기업(주),20170814001680,CB,2017-08-11,국내 무기명식 이권부 무보증 사모 전환사채,5500000000,0,3,2020-08-16,7320,100,2018-08-16,2020-07-15,,,2017-08-16,2017-08-16,private
348340,"Neuromeka Co., Ltd.",주식회사 뉴로메카,20230704000493,CB,2023-07-04,무기명식 무이권부 무보증 사모 전환사채,40000000000,0,0,2028-07-06,35347,100,2024-07-06,2028-06-06,28278,,2023-07-06,2023-07-06,private
348340,"Neuromeka Co., Ltd.",주식회사 뉴로메카,20241129001210,CB,2024-11-29,무기명식 무이권부 무보증 사모 전환사채,10000000000,0,1,2029-12-03,23931,100,2025-12-03,2029-11-03,,,2024-12-03,2024-12-03,private
066410,"BUCKET STUDIO Co.,Ltd.",(주)버킷스튜디오,20191206000454,CB,2018-06-19,무기명식 무보증 사모 전환사채,8000000000,,3,2021-07-30,1620,100,2019-07-30,2021-06-30,,,2018-06-21,2018-07-30,private
066410,"BUCKET STUDIO Co.,Ltd.",(주)버킷스튜디오,20201204000244,CB,2020-10-27,무기명식 무보증 사모 전환사채,20000000000,2,2,2023-12-04,1816,100,2021-12-04,2023-11-04,1272,,2020-10-29,2020-12-04,private
066410,"BUCKET STUDIO Co.,Ltd.",(주)버킷스튜디오,20230324000742,CB,,,,,,,,,,,,,,,private
066410,"BUCKET STUDIO Co.,Ltd.",(주)버킷스튜디오,20180730000317,CB,,,0,,,,,,,,,,,,private
066410,"BUCKET STUDIO Co.,Ltd.",(주)버킷스튜디오,20191002000514,CB,2019-10-02,무기명식 무보증 사모 전환사채,5000000000,,3,2022-10-11,1972,100,2020-10-11,2022-09-11,,,2019-10-07,2019-10-11,private
066410,"BUCKET STUDIO Co.,Ltd.",(주)버킷스튜디오,20181004000424,CB,2018-09-06,무기명식 무보증 사모 전환사채,3600000000,,3,2021-10-29,1115,100,2019-10-29,2021-09-29,,,2018-10-08,2018-10-29,private
066410,"BUCKET STUDIO Co.,Ltd.",(주)버킷스튜디오,20210528000743,CB,2021-05-28,무기명식 이권부 무보증 사모 전환사채,40000000000,2,2,2024-05-28,1942,100,2022-05-28,2024-04-28,1360,,2021-05-28,2021-05-28,private
066410,"BUCKET STUDIO Co.,Ltd.",(주)버킷스튜디오,20210331002567,CB,2021-03-19,무기명식 무보증 사모 전환사채,15000000000,2,2,2024-03-31,1820,100,2022-03-31,2024-02-28,1274,,2021-03-23,2021-03-31,private
066410,"BUCKET STUDIO Co.,Ltd.",(주)버킷스튜디오,20220419000434,CB,2021-11-02,무기명식 이권부 무보증 사모 전환사채,30000000000,3,3,2025-04-20,3883,100,2023-04-20,2025-03-20,500,,2022-04-19,2022-04-20,private
090460,"BHCo.,Ltd.",(주)비에이치,20171010000608,CB,2017-09-13,무기명식 무보증 사모 전환사채,50000000000,0,0,2022-09-15,22717,100,2018-09-15,2022-08-15,,,2017-09-15,2017-09-15,private
090460,"BHCo.,Ltd.",(주)비에이치,20250915000280,EB,2025-09-15,무기명식 무보증 사모 교환사채,27000000000,0,0,2030-09-23,21600,100,2025-10-23,2030-08-23,,"not applicable (EB is exchanged for already-issued shares, not newly issued)",2025-09-23,2025-09-23,private
001570,"KUMYANG CO.,LTD",(주)금양,20200220000861,CB,2020-02-20,무기명식 이권부 무보증 사모전환사채,10000000000,1,3,2025-02-24,2665,100,2021-02-24,2025-01-24,,,2020-02-24,2020-02-24,private
001570,"KUMYANG CO.,LTD",(주)금양,20210216001049,CB,2021-02-16,무기명식 이권부 무보증 사모전환사채,20000000000,1,3,2026-02-18,5874,100,2022-02-18,2026-01-18,4112,,2021-02-18,2021-02-18,private
001570,"KUMYANG CO.,LTD",(주)금양,20200825000308,CB,2020-08-25,무기명식 이권부 무보증 사모전환사채,7000000000,1,3,2025-08-27,4140,100,2021-08-27,2025-07-27,2900,,2020-08-27,2020-08-27,private
001570,"KUMYANG CO.,LTD",(주)금양,20200807000390,CB,2020-08-07,무기명식 이권부 무보증 사모전환사채,17000000000,1,3,2025-08-11,4695,100,2021-08-11,2025-07-11,3287,,2020-08-11,2020-08-11,private
001570,"KUMYANG CO.,LTD",(주)금양,20171220000297,EB,2017-12-20,무기명식 이권부 무보증 사모 교환사채,5000000000,0,0,2020-12-22,2450,100,2018-01-02,2020-11-23,,"not applicable (EB is exchanged for already-issued shares, not newly issued)",2017-12-22,2017-12-22,private
001570,"KUMYANG CO.,LTD",(주)금양,20170526000297,EB,2017-05-26,무기명식 이권부 무보증 사모 교환사채,3000000000,0,0,2020-05-29,2480,100,2017-06-08,2020-04-29,,"not applicable (EB is exchanged for already-issued shares, not newly issued)",2017-05-29,2017-05-29,private
080580,"OKins Electronics Co.,Ltd.",(주)오킨스전자,20180905000194,CB,2018-09-05,무기명식 무보증 무담보 사모 전환사채,5500000000,,,2023-09-07,3449,100,2019-09-07,2023-08-07,,,2018-09-07,2018-09-07,private
080580,"OKins Electronics Co.,Ltd.",(주)오킨스전자,20190424000364,CB,2019-04-24,무기명식 무보증 무담보 사모 전환사채,2500000000,0,0,2024-04-26,3789,100,2020-04-26,2024-03-26,,,2019-04-26,2019-04-26,private
080580,"OKins Electronics Co.,Ltd.",(주)오킨스전자,20160727000197,CB,2016-07-26,"무기명식 이권부 무보증 
사모전환사채",9000000000,0,0,2021-08-03,7354,100,2017-08-03,2021-07-03,,,2016-07-28,2016-08-03,private
080580,"OKins Electronics Co.,Ltd.",(주)오킨스전자,20230302000561,CB,2023-03-02,무기명식 이권부 무보증 사모 전환사채,5000000000,2,2,2028-03-03,19995,100,2024-03-03,2028-02-03,13997,,2023-03-03,2023-03-03,private
080580,"OKins Electronics Co.,Ltd.",(주)오킨스전자,20230912000226,CB,2023-09-12,무기명식 무이권부 무보증 사모 전환사채,18000000000,0,0,2028-09-14,5276,100,2024-09-14,2028-08-14,3694,,2023-09-14,2023-09-14,private
080580,"OKins Electronics Co.,Ltd.",(주)오킨스전자,20210616000340,BW,2021-06-16,무기명식 무보증 비분리형 사모 신주인수권부사채,12000000000,0,0,2026-06-18,23916,100,2022-06-18,2026-05-18,16742,,2021-06-18,2021-06-18,private
080580,"OKins Electronics Co.,Ltd.",(주)오킨스전자,20260108000626,EB,2026-01-08,무기명식 무이권부 무보증 사모 교환사채,5803928340,0,0,2031-01-19,12180,100,2026-01-26,2030-12-19,,"not applicable (EB is exchanged for already-issued shares, not newly issued)",2026-01-19,2026-01-19,private
170030,"HYUNDAI INDUSTRIAL CO.,LTD",(주)현대공업,20251127001205,EB,2025-11-27,무기명식 무이권부 무보증 사모 교환사채,2653796586,0,0,2030-12-15,6713,100,2026-01-15,2030-11-15,,"not applicable (EB is exchanged for already-issued shares, not newly issued)",2025-12-15,2025-12-15,private
001430,SeAH Besteel Holdings Corporation,(주)세아베스틸지주,20200312000387,EB,2020-03-12,무기명식 이권부 무보증 후순위 교환사채,100000000000,3.51,,2050-03-16,22500,100,2021-03-16,2050-02-16,,"not applicable (EB is exchanged for already-issued shares, not newly issued)",2020-03-16,2020-03-16,private
027360,"AJU IB INVESTMENT CO., LTD.",아주아이비투자(주),20201030000509,CB,2020-10-30,무기명식 이권부 무보증 사모 전환사채,5000000000,0,3,2023-11-05,2693,100,2021-11-05,2023-10-05,1886,,2020-11-03,2020-11-05,private
027360,"AJU IB INVESTMENT CO., LTD.",아주아이비투자(주),20250812000729,EB,2025-08-12,무기명식 이권부 무보증 사모 교환사채,6654632250,1,3,2028-08-19,2625,100,2025-09-19,2028-07-19,,"not applicable (EB is exchanged for already-issued shares, not newly issued)",,2025-08-19,private
027360,"AJU IB INVESTMENT CO., LTD.",아주아이비투자(주),20201030000525,EB,2020-10-30,무기명식 이권부 무보증 사모 교환사채,5000000000,0,3,2023-11-05,2693,100,2021-11-05,2023-10-05,,"not applicable (EB is exchanged for already-issued shares, not newly issued)",2020-11-03,2020-11-05,private
058820,"CMG Pharmaceutical Co., Ltd.",(주)CMG제약,20230327000980,CB,2023-03-27,무기명식 이권부 무보증 사모 전환사채,14600000000,0,1.5,2026-03-28,2096,100,2024-03-29,2026-02-28,1677,,2023-03-28,2023-03-28,private
058820,"CMG Pharmaceutical Co., Ltd.",(주)CMG제약,20240709000388,CB,2024-07-09,무기명식 무이권부 무보증 사모 전환사채,45000000000,0,1.5,2029-07-11,2161,100,2025-07-11,2029-06-11,1729,,2024-07-11,2024-07-11,private
058820,"CMG Pharmaceutical Co., Ltd.",(주)CMG제약,20260629000588,CB,2026-06-29,무기명식 무이권부 무보증 사모 전환사채,45000000000,0,0,2031-07-07,968,100,2027-07-07,2031-06-07,872,,2026-07-07,2026-07-07,private
192390,"WINHITECH CO., Ltd.",(주)윈하이텍,20180515000348,CB,2018-05-10,무기명식 무보증 무담보 사모 전환사채,5000000000,0,0,2023-05-17,5473,100,2019-05-17,2023-04-17,,,,2018-05-17,private
192390,"WINHITECH CO., Ltd.",(주)윈하이텍,20171213000204,CB,2017-12-13,무기명식 이권부 무보증 사모 전환사채,7000000000,0,0,2022-12-15,4465,100,2018-12-15,2022-11-15,,,2017-12-15,2017-12-15,private
192390,"WINHITECH CO., Ltd.",(주)윈하이텍,20211005000199,CB,2021-10-01,무기명식 무보증 사모 전환사채,7000000000,0,0,2026-10-06,5328,100,2022-10-06,2026-09-06,3730,,2021-10-06,2021-10-06,private
192390,"WINHITECH CO., Ltd.",(주)윈하이텍,20250225003464,BW,2025-02-25,무기명식 무이권부 무보증 사모 신주인수권부사채,7000000000,0,0,2030-02-27,4020,100,2026-02-27,2030-01-27,,,2025-02-27,2025-02-27,private
338220,"VUNO, Inc.",주식회사 뷰노,20221115000285,CB,2022-11-01,무기명식 이권부 무보증 사모 전환사채,5000000000,0,0,2027-11-02,5904,100,2023-11-02,2027-10-02,4133,,2022-11-02,2022-11-02,private
338220,"VUNO, Inc.",주식회사 뷰노,20240321000974,CB,2024-03-21,무기명식 이권부 무보증 사모 영구전환사채,10400000000,0,2,2054-03-26,33155,100,2025-03-26,2054-02-26,,,2024-03-25,2024-03-26,private
338220,"VUNO, Inc.",주식회사 뷰노,20241224000154,CB,2024-12-24,무기명식 이권부 무보증 사모 영구전환사채,23729201772,0,5,2054-12-27,25337,100,2025-12-27,2054-11-27,,,2024-12-27,2024-12-27,private
338220,"VUNO, Inc.",주식회사 뷰노,20260212001094,CB,2026-02-12,무기명식 이권부 무보증 사모 영구전환사채,10000000000,0,5,2056-02-27,20095,100,2027-02-27,2056-01-27,,,2026-02-27,2026-02-27,private
338220,"VUNO, Inc.",주식회사 뷰노,20251202000243,CB,2025-12-02,무기명식 이권부 무보증 사모 영구전환사채,10000000000,0,5,2055-12-10,27667,100,2026-12-10,2055-11-10,,,2025-12-10,2025-12-10,private
140070,"SurplusGLOBAL,Inc.",(주)서플러스글로벌,20250923000393,CB,2025-09-23,무기명식 이권부 무보증 무담보 사모 전환사채,8326400000,0,0,2030-10-01,2602,100,2026-10-01,2030-09-01,,,2025-09-25,2025-10-01,private
140070,"SurplusGLOBAL,Inc.",(주)서플러스글로벌,20250925000271,EB,2025-09-23,무기명식 무보증 사모 교환사채,6518880000,0,0,2030-10-01,3018,100,2025-10-08,2030-09-24,,"not applicable (EB is exchanged for already-issued shares, not newly issued)",2025-09-25,2025-10-01,private
099190,"i-SENS, Inc.",(주)아이센스,20240426000737,CB,2024-04-26,"무기명식 무이권부 무보증 
사모 전환사채",50000000000,0,0,2029-04-30,19279,100,2025-04-30,2029-03-30,16388,,2024-04-30,2024-04-30,private
451220,"IMT Co., Ltd.",(주)아이엠티,20260401003103,CB,2026-04-01,무기명식 이권부 무보증 사모 전환사채,12000000000,0,0,2031-04-09,12661,100,2027-04-09,2031-03-09,,,2026-04-09,2026-04-09,private
451220,"IMT Co., Ltd.",(주)아이엠티,20260820000313,CB,2026-08-20,무기명식 이권부 무보증 사모 전환사채,10000000000,0,0,2031-08-28,12661,100,2027-08-28,2031-07-28,,,2026-08-28,2026-08-28,private
451220,"IMT Co., Ltd.",(주)아이엠티,20250409001971,BW,2024-05-28,무기명식 무이권부 무보증 사모 신주인수권부사채,20000000000,0,0,2029-05-30,22323,100,2025-05-30,2029-04-30,,,2024-05-30,2024-05-30,private
033540,Paratech Company Limited,주식회사 파라텍,20221005000446,CB,2022-10-05,무기명식 이권부 무보증 사모전환사채,5000000000,3,5,2025-10-05,1132,100,2023-10-05,2025-10-04,200,,2022-10-05,2022-10-05,private
033540,Paratech Company Limited,주식회사 파라텍,20220930000712,CB,2021-11-29,무기명식 이권부 무보증 사모전환사채,10000000000,2,6,2025-10-04,1132,100,2023-10-04,2025-09-03,200,,2022-09-30,2022-10-04,private
033540,Paratech Company Limited,주식회사 파라텍,20250429000897,CB,2024-08-23,무기명식 이권부 무보증 사모전환사채,,,,,,,,,,,,,private
033540,Paratech Company Limited,주식회사 파라텍,20250812000820,CB,2024-08-23,무기명식 이권부 무보증 사모전환사채,15010000000,3,5,2027-12-12,1428,100,2025-12-12,2027-11-12,1000,,2024-12-10,2024-12-12,private
033540,Paratech Company Limited,주식회사 파라텍,20260728000381,CB,2026-01-23,무기명식 이권부 무보증 사모전환사채,10000000000,3,3,2029-08-18,4745,100,2027-08-18,2029-07-18,3325,,2026-01-23,2026-08-18,private
282720,"KUMYANG GREEN POWER CO., Ltd.",금양그린파워(주),20260421000466,CB,2026-04-21,무기명식 무보증 사모 전환사채(채권형 신종자본증권),22000000000,2,5,2056-04-29,15447,100,2027-04-29,2056-03-29,,,2026-04-29,2026-04-29,private
009620,"SAMBO Industrial Co., Ltd.",삼보산업 주식회사,20180704000479,CB,2018-06-27,무기명식 무보증 사모 전환사채,7500000000,2,4,2021-07-06,8062,100,2019-07-06,2021-06-06,,,2018-06-29,2018-07-06,private
009620,"SAMBO Industrial Co., Ltd.",삼보산업 주식회사,20200917000431,CB,2020-09-17,"무기명식 이권부 
무보증 사모 전환사채",5000000000,0,0,2023-09-21,698,100,2021-09-21,2023-08-21,489,,,2020-09-21,private
009620,"SAMBO Industrial Co., Ltd.",삼보산업 주식회사,20221028000518,CB,2022-10-28,"무기명식 이권부
무보증 사모 전환사채",5000000000,0,0,2025-11-01,1038,100,2023-11-01,2025-10-01,727,,,2022-11-01,private
009620,"SAMBO Industrial Co., Ltd.",삼보산업 주식회사,20260129000697,CB,2026-01-29,무기명식 이권부 무보증 사모 전환사채,4600000000,1,6,2029-02-06,1784,100,2027-02-06,2029-01-06,1249,,2026-01-29,2026-02-06,private
007530,"YM CO., LTD.",(주)와이엠,20180214000165,CB,2018-02-14,무기명식 이권부 무보증 사모 전환사채,4000000000,3,3,2021-02-14,3940,100,2019-02-14,2021-01-14,,,2018-02-14,2018-02-14,private
179720,"MoneyMove Co., Ltd.",(주)머니무브,20170714000210,BW,2017-07-12,무보증 사모 비분리형,1470000000,0,10,2020-07-13,1000,100,2018-07-13,2020-07-12,,,2017-07-13,2017-07-14,private
389260,Dae Myoung Energy Co. Ltd.,대명에너지 주식회사,20230315000530,CB,2023-03-15,무기명식 무보증 사모 전환사채,20000000000,0,0,2029-04-05,23086,100,2024-04-05,2029-03-15,,,2023-03-17,2023-04-05,private
389260,Dae Myoung Energy Co. Ltd.,대명에너지 주식회사,20230315000542,BW,2023-03-15,"무기명식 무보증 비분리형 
신주인수권부사채",20000000000,0,0,2029-04-05,23086,100,2024-04-05,2029-03-15,,,2023-03-17,2023-04-05,private
051500,CJ Freshway Corporation,씨제이프레시웨이(주),20180509002396,CB,2018-05-09,"무기명식 이권부 무보증
후순위 전환사채",26000000000,3.3,3.3,2048-05-09,43660,100,2019-05-09,2048-04-09,,,2018-05-09,2018-05-09,private
122830,"ONE4U CO.,LTD",(주)원포유,20260226005712,CB,2026-02-11,무기명식 이권부 무보증 사모 전환사채,1000000000,0,6,2031-02-26,1776,100,2027-02-26,2031-01-26,1244,,2026-02-26,2026-02-26,private
053270,"GUYOUNG TECHNOLOGY CO., LTD.",(주)구영테크,20211126000597,CB,2021-11-24,무기명식 무보증 사모 전환사채,10000000000,0,0,2026-11-26,3501,100,2022-11-26,2026-10-26,2801,,2021-11-26,2021-11-26,private
053270,"GUYOUNG TECHNOLOGY CO., LTD.",(주)구영테크,20211124000419,EB,2021-11-24,무기명식 무보증 사모 교환사채,2500000000,0,0,2026-11-26,3851,100,2021-12-26,2026-10-26,,"not applicable (EB is exchanged for already-issued shares, not newly issued)",2021-11-26,2021-11-26,private
014790,HL D&I HALLA CORPORATION,에이치엘디앤아이한라(주),20160217000360,CB,2016-02-17,무보증 사모 전환사채,7900000000,7.82,7.82,2019-02-17,5000,100,2017-02-17,2019-01-17,,,2016-02-17,2016-02-17,private
014790,HL D&I HALLA CORPORATION,에이치엘디앤아이한라(주),20160418000381,CB,2016-04-18,무보증 사모 전환사채,4000000000,7.76,7.76,2019-04-18,5000,100,2017-04-18,2019-03-18,,,2016-04-18,2016-04-18,private
300120,LaonPeople Inc.,라온피플 주식회사,20211027000221,CB,2021-10-27,무기명식 무보증 사모 전환사채,30000000000,0,0,2026-10-29,17581,100,2022-10-29,2026-09-29,,,2021-10-29,2021-10-29,private
300120,LaonPeople Inc.,라온피플 주식회사,20240117000341,CB,2024-01-17,무기명식 무보증 사모 전환사채,26000000000,0,1,2029-01-19,7408,100,2025-01-19,2028-12-19,5186,,2024-01-19,2024-01-19,private
300120,LaonPeople Inc.,라온피플 주식회사,20250219001884,CB,2025-02-19,무기명식 이권부 무보증 사모 전환사채,6000000000,0,1,2030-02-21,4902,100,2026-02-21,2030-01-21,3432,,2025-02-21,2025-02-21,private
131370,"RSUPPORT Co., Ltd.",알서포트(주),20240618000324,EB,2024-06-18,무기명식 무이권부 무보증 사모 교환사채,3688000000,0,0,2029-06-20,4610,100,2024-07-20,2029-05-20,,"not applicable (EB is exchanged for already-issued shares, not newly issued)",2024-06-20,2024-06-20,private
131370,"RSUPPORT Co., Ltd.",알서포트(주),20260213002359,EB,2026-02-03,무기명식 무이권부 무보증 사모 교환사채,3003000000,0,0,2031-02-11,2860,100,2026-02-23,2031-01-11,,"not applicable (EB is exchanged for already-issued shares, not newly issued)",2026-02-11,2026-02-11,private
295310,"HVM CO.,LTD.",(주)에이치브이엠,20250723000218,CB,2025-07-04,무기명식 이권부 무보증 사모 전환사채,40000000000,0,0.5,2030-07-28,32278,100,2026-07-28,2030-06-28,,,2025-07-08,2025-07-28,private
295310,"HVM CO.,LTD.",(주)에이치브이엠,20260402002584,CB,2026-04-02,무기명식 이권부 무보증 사모 전환사채,92000000000,0,0,2031-04-10,90916,100,2027-04-10,2031-03-10,,,2026-04-03,2026-04-10,private
001620,"KBI DONGKOOK IND CO., LTD",케이비아이동국실업(주),20170216000196,CB,2017-02-15,무기명식 이권부 무보증 사모 전환사채,10000000000,0,0,2022-02-16,3157,100,2018-02-16,2022-01-16,,,2017-02-16,2017-02-16,private
001620,"KBI DONGKOOK IND CO., LTD",케이비아이동국실업(주),20210310000547,CB,2021-03-10,무기명식 이권부 무보증 사모 전환사채,16500000000,0,0,2026-03-12,961,100,2022-03-12,2026-02-12,673,,2021-03-12,2021-03-12,private
114810,"Hansol IONES Co., Ltd.",한솔아이원스(주),20160819000336,CB,2016-08-19,무기명식 이권부 무보증 사모 전환사채,20000000000,0,0,2021-08-23,22886,100,2017-08-23,2021-07-23,,,2016-08-23,2016-08-23,private
114810,"Hansol IONES Co., Ltd.",한솔아이원스(주),20160113000412,BW,2016-01-05,국내 무기명식 이권부 무보증 신주인수권부사채,15000000000,0,4,2019-01-21,28050,100,2016-02-21,2018-12-21,,,2016-01-18,2016-01-21,public
015750,"SUNGWOO HITECH CO., LTD",(주)성우하이텍,20171220000290,CB,2017-12-20,무기명식 이권부 사모 전환사채,10000000000,1.5,2.5,2021-12-22,10000,100,2021-03-22,2021-11-22,,,2017-12-22,2017-12-22,private
089790,JT Corporation.,(주)제이티,20160624000474,CB,2016-06-24,무기명식 이권부 무보증 사모 전환사채,7000000000,0,1,2021-06-28,3587,100,2017-06-28,2021-05-28,,,2016-06-28,2016-06-28,private
196490,"DA Technology Co.,Ltd.",(주)디에이테크놀로지,20181016000202,CB,2018-06-11,무기명식 이권부 무보증 사모전환사채,30000000000,0,4,2021-10-16,17752,100,2019-10-16,2021-09-16,,,2018-06-11,2018-10-16,private
196490,"DA Technology Co.,Ltd.",(주)디에이테크놀로지,20161214000351,CB,2016-12-14,무기명식 이권부 무보증 사모전환사채,10000000000,0,3.5,2019-12-14,12776,100,2017-12-14,2019-12-13,,,2016-10-07,2016-12-14,private
196490,"DA Technology Co.,Ltd.",(주)디에이테크놀로지,20210208000714,CB,2021-02-08,"무기명식 이권부 
무보증 사모 전환사채",9000000000,1,4,2024-02-09,7310,100,2022-02-09,2024-01-09,2500,,2021-02-08,2021-02-09,private
196490,"DA Technology Co.,Ltd.",(주)디에이테크놀로지,20211129000991,CB,2021-11-29,"무기명식 이권부 무보증 
사모 전환사채",7500000000,1,4,2024-11-30,8255,100,2022-11-30,2024-10-30,2500,,2021-11-29,2021-11-30,private
196490,"DA Technology Co.,Ltd.",(주)디에이테크놀로지,20210823000433,CB,2021-06-30,"무기명식 이권부 무보증 
사모 전환사채",10000000000,1,5,2024-07-07,5953,100,2022-07-07,2024-06-07,2500,,2021-06-30,2021-07-07,private
196490,"DA Technology Co.,Ltd.",(주)디에이테크놀로지,20210823000448,CB,2021-08-11,무기명식 이권부 무보증 사모 전환사채,5000000000,1,4,2024-08-12,6269,100,2022-08-12,2024-07-12,2500,,2021-08-11,2021-08-12,private
196490,"DA Technology Co.,Ltd.",(주)디에이테크놀로지,20210823000439,CB,2021-06-30,"무기명식 이권부 무보증
 사모 전환사채",2000000000,1,4,2024-07-05,5953,100,2022-07-05,2024-06-05,2500,,2021-06-30,2021-07-05,private
196490,"DA Technology Co.,Ltd.",(주)디에이테크놀로지,20220506000448,CB,2022-05-06,무기명식 이권부 무보증 사모 전환사채,6100000000,1,4,2025-05-10,4741,100,2023-05-10,2025-04-10,2500,,2022-05-06,2022-05-10,private
196490,"DA Technology Co.,Ltd.",(주)디에이테크놀로지,20230612000001,CB,2023-03-10,무기명식 이권부 무보증 사모 전환사채,5900000000,1,1,2026-06-09,3645,100,2024-06-09,2026-05-09,2500,,2023-06-09,2023-06-09,private
196490,"DA Technology Co.,Ltd.",(주)디에이테크놀로지,20231122000362,CB,2023-11-22,무기명식 이권부 무보증 사모 전환사채,11000000000,3,9,2026-11-24,3328,100,2024-11-24,2026-10-24,2500,,2023-11-22,2023-11-24,private
196490,"DA Technology Co.,Ltd.",(주)디에이테크놀로지,20161215000431,BW,2016-12-15,무기명식 이권부 무보증 비분리형 사모 신주인수권부사채,10000000000,0,3.5,2019-12-16,14351,100,2017-12-16,2019-11-16,,,2016-10-28,2016-12-16,private
196490,"DA Technology Co.,Ltd.",(주)디에이테크놀로지,20181011000135,BW,2018-06-11,무기명식 이권부 무보증 비분리형 사모 신주인수권부사채,30000000000,0,4,2021-10-11,17752,100,2019-10-11,2021-09-11,,,2018-06-11,2018-10-11,private
351870,"Chai Communication Co., LTD.",(주)차이커뮤니케이션,20260422000508,CB,2026-04-22,"무기명식 이권부 무보증
사모 전환사채",10000000000,0,3,2028-04-30,4105,100,2027-04-30,2028-03-30,,,2026-04-30,2026-04-30,private
351870,"Chai Communication Co., LTD.",(주)차이커뮤니케이션,20251121000421,CB,2025-11-21,무기명식 이권부 무보증 사모 전환사채,5500000000,0,3,2027-12-01,4853,100,2026-12-01,2027-11-01,,,2025-12-01,2025-12-01,private
001780,"ALUKO CO.,LTD.",(주)알루코,20190626000404,CB,2019-06-26,무기명식 무보증 사모 전환사채,32000000000,0,0,2024-06-28,2993,100,2020-06-28,2024-05-28,,,2019-06-28,2019-06-28,private
001780,"ALUKO CO.,LTD.",(주)알루코,20210806000235,CB,2021-08-04,무기명식 이권부 무보증 사모 전환사채,12000000000,0,0,2024-08-06,4810,100,2022-08-06,2024-07-06,,,2021-08-06,2021-08-06,private
001780,"ALUKO CO.,LTD.",(주)알루코,20210806000254,BW,2021-08-04,무기명식 무보증 사모 신주인수권부사채,20000000000,0,0,2024-08-06,4810,100,2022-08-06,2024-07-06,,,2021-08-06,2021-08-06,private
234300,"STraffic Co.,Ltd.",에스트래픽 주식회사,20180912000330,CB,2018-09-12,"무기명식 
이권부 
무보증 사모 전환사채",23500000000,0,0,2023-09-19,16200,100,2019-09-19,2023-08-19,,,2018-09-14,2018-09-19,private
234300,"STraffic Co.,Ltd.",에스트래픽 주식회사,20210506000568,CB,2021-05-03,무기명식 무보증 사모 전환사채,20000000000,0,0,2026-05-06,7812,100,2022-05-06,2026-04-06,5469,,2021-05-06,2021-05-06,private
067390,"AeroSpace Technology of Korea, Inc.",(주)아스트,20150810000321,CB,2015-08-10,무기명식 이권부 무보증 사모 전환사채,20000000000,0,1,2020-08-11,34020,100,2016-08-11,2020-08-04,,,2015-08-11,2015-08-11,private
067390,"AeroSpace Technology of Korea, Inc.",(주)아스트,20181029000305,CB,2018-10-29,무기명식 이권부 무보증 사모 전환사채,26000000000,0,1,2023-10-30,11191,100,2019-10-30,2023-10-23,,,2018-10-30,2018-10-30,private
067390,"AeroSpace Technology of Korea, Inc.",(주)아스트,20170223000147,CB,2017-02-23,무기명식 이권부 무보증 사모 전환사채,20000000000,0,0,2022-02-27,17700,100,2018-02-27,2022-02-21,,,2017-02-27,2017-02-27,private
067390,"AeroSpace Technology of Korea, Inc.",(주)아스트,20230308000750,CB,2023-03-08,무기명식 이권부 무보증 사모 전환사채,40000000000,5,8,2027-04-14,4465,100,2024-04-14,2027-03-14,3126,,2022-12-23,2023-04-14,private
067390,"AeroSpace Technology of Korea, Inc.",(주)아스트,20240306000439,CB,2024-03-06,무기명식 이권부 무보증 사모 전환사채,56000000000,1,5.5,2027-09-12,500,100,2025-03-13,2027-08-12,,,2024-03-06,2024-03-12,private
067390,"AeroSpace Technology of Korea, Inc.",(주)아스트,20240304000591,CB,2024-03-04,무기명식 이권부 무보증 사모 전환사채,52500000000,3,3,2054-03-12,500,100,2027-09-13,2054-02-12,,,2024-03-04,2024-03-12,private
067390,"AeroSpace Technology of Korea, Inc.",(주)아스트,20240329003212,CB,2024-03-29,무기명식 무보증 사모 전환사채,36000000000,1,5.5,2027-10-12,500,100,2025-04-13,2027-09-12,,,2024-03-29,2024-04-12,private
067390,"AeroSpace Technology of Korea, Inc.",(주)아스트,20240329003286,CB,2024-03-29,무기명식 무보증 사모 전환사채,25000000000,3,3,2054-04-12,500,100,2027-09-13,2054-03-12,,,2024-03-29,2024-04-12,private
067390,"AeroSpace Technology of Korea, Inc.",(주)아스트,20240329003313,CB,2024-03-29,무기명식 무보증 사모 전환사채,30000000000,3,3,2029-04-12,500,100,2027-09-13,2029-03-12,,,2024-03-29,2024-04-12,private
067390,"AeroSpace Technology of Korea, Inc.",(주)아스트,20240530001144,CB,2024-03-04,무기명식 이권부 무보증 사모 전환사채,50000000000,1.5,1.5,2054-03-12,500,100,2027-09-13,2054-02-12,,,2024-03-04,2024-03-12,private
067390,"AeroSpace Technology of Korea, Inc.",(주)아스트,20220106000105,BW,2021-12-15,무기명식 이권부 무보증 공모 분리형 신주인수권부사채,40000000000,1,3,2025-01-13,5657,100,2022-04-13,2024-12-13,3960,,2022-01-10,2022-01-13,public
067390,"AeroSpace Technology of Korea, Inc.",(주)아스트,20240119000469,BW,2020-12-30,무기명식 이권부 무보증 공모 분리형 신주인수권부사채,30000000000,1,3,,5178,100,2021-04-19,2023-12-19,3625,,2021-01-14,2021-01-19,public
000660,SK hynix Inc.,에스케이하이닉스(주),20230404000050,EB,2023-04-03,외화 해외교환사채,2237710000000,1.75,1.75,2030-04-11,111180,100,2023-05-22,2030-04-01,,"not applicable (EB is exchanged for already-issued shares, not newly issued)",2023-04-03,2023-04-11,private
041510,"SM ENTERTAINMENT CO., Ltd.",(주)에스엠엔터테인먼트,20230306000008,CB,2023-03-06,,,,,,,,,,,,,,private
034730,SK Inc.,SK(주),20260803000002,CB,2026-07-31,무기명식 무보증 사모 전환사채,8700600000,0,0,2028-08-18,544785,100,2027-08-18,2028-08-10,,,2026-08-18,2026-08-18,private
096760,JW HOLDINGS CORPORATION,JW홀딩스(주),20150522000477,CB,2015-05-19,무기명식 무보증 사모전환사채,30000000000,1,3.5,2019-11-26,7304,100,2016-05-26,2019-10-26,,,2015-05-21,2015-05-26,private
096760,JW HOLDINGS CORPORATION,JW홀딩스(주),20160906000289,EB,2016-08-22,"무기명식 이권부 무보증
사모 교환사채",50500000000,0,2.5,2021-09-07,72400,100,2017-03-07,2021-08-06,,"not applicable (EB is exchanged for already-issued shares, not newly issued)",2016-09-07,2016-09-07,private
096760,JW HOLDINGS CORPORATION,JW홀딩스(주),20160822000209,EB,2016-08-22,"무기명식 이권부 무보증
사모 교환사채",26500000000,0,2.5,2021-09-07,72400,100,2017-03-07,2021-08-06,,"not applicable (EB is exchanged for already-issued shares, not newly issued)",2016-09-07,2016-09-07,private
096760,JW HOLDINGS CORPORATION,JW홀딩스(주),20151211000498,EB,2015-12-11,무기명식 이권부 무보증 사모 교환사채,14999985000,0,3,2020-12-14,27000,100,2017-02-01,2020-11-14,,"not applicable (EB is exchanged for already-issued shares, not newly issued)",2015-12-14,2015-12-14,private
185490,"EyeGene,Inc",아이진(주),20200424000448,CB,2017-12-12,"기명식 이권부 무보증 
전환사채",5400000000,0.5,3.75,2021-12-14,17400,100,2018-12-14,2021-12-07,,,2017-12-13,2017-12-14,private
185490,"EyeGene,Inc",아이진(주),20180920000574,CB,2018-09-20,무기명식 이권부 무보증 사모 전환사채,18500000000,0,0,2023-09-28,25700,100,2019-09-28,2023-08-28,,,2018-09-27,2018-09-28,private
185490,"EyeGene,Inc",아이진(주),20200916000417,BW,2020-09-16,무기명식 이권부 무보증 비분리형 사모 신주인수권부사채,22000000000,0,0,2025-09-18,14098,100,2021-09-18,2025-08-18,11279,,2020-09-18,2020-09-18,private
039840,DIO Corporation,(주)디오,20190613000214,CB,2019-06-13,"무기명식 무보증
사모 전환사채",10000000000,1,1,2024-06-17,39354,100,2020-06-17,2024-05-17,,,2019-06-14,2019-06-17,private
039840,DIO Corporation,(주)디오,20180312000284,CB,2018-03-12,무기명식 무보증 사모 전환사채,10000000000,0,6,2023-03-27,39539,100,2019-03-27,2023-02-26,,,2018-03-12,2018-03-27,private
039840,DIO Corporation,(주)디오,20240807000211,CB,2024-03-08,무기명식 무보증 사모채권형 신종자본증권,70000000000,3,8,2054-04-12,20629,100,2025-04-12,2054-04-11,,,2024-03-12,2024-04-12,private
262260,"APRO Co., LTD",(주)에이프로,20250409001845,CB,2025-04-09,무기명식 이권부 무보증 사모 전환사채,5000000000,0,0,2028-04-10,4922,100,2026-04-10,2028-03-10,3938,,2025-04-10,2025-04-10,private
142760,MOA Life Plus Co. Ltd.,(주)모아라이프플러스,20190227004207,CB,2019-02-27,무기명식 이권부 무보증 사모 전환사채,15000000000,0,2,2022-03-22,13159,100,2020-03-22,2022-02-22,,,2019-03-04,2019-03-22,private
142760,MOA Life Plus Co. Ltd.,(주)모아라이프플러스,20190315000984,CB,2019-03-15,무기명식 이권부 무보증 사모 전환사채,4000000000,0,2,2022-03-29,15246,100,2020-03-29,2022-02-28,,,2019-03-19,2019-03-29,private
142760,MOA Life Plus Co. Ltd.,(주)모아라이프플러스,20190426000670,CB,2019-01-21,무기명식 이권부 무보증 사모 전환사채,7100000000,0,2,2022-04-26,11980,100,2020-04-26,2022-03-25,,,2019-01-23,2019-04-26,private
142760,MOA Life Plus Co. Ltd.,(주)모아라이프플러스,20180315000331,CB,2018-02-02,무기명식 이권부 무보증 사모 전환사채,30000000000,0,2,2021-03-21,12360,100,2019-03-21,2021-02-21,,,2018-02-06,2018-03-21,private
142760,MOA Life Plus Co. Ltd.,(주)모아라이프플러스,20210216001415,CB,2021-02-16,무기명식 이권부 무보증 사모 전환사채,13000000000,0,0,2026-02-18,5744,100,2022-02-18,2026-01-18,4021,,,2021-02-18,private
142760,MOA Life Plus Co. Ltd.,(주)모아라이프플러스,20211129001118,CB,2021-11-29,무기명식 이권부 무보증 사모 전환사채,5000000000,0,0,2026-11-30,8344,100,2022-11-30,2026-10-30,5841,,,2021-11-30,private
142760,MOA Life Plus Co. Ltd.,(주)모아라이프플러스,20240328000456,CB,2024-03-14,무기명식 이권부 무보증 사모 전환사채,15000000000,2,7,2027-03-29,2398,100,2025-03-29,2027-02-28,1679,,2024-03-14,2024-03-29,private
142760,MOA Life Plus Co. Ltd.,(주)모아라이프플러스,20231229000594,CB,2023-12-29,무기명식 이권부 무보증 사모 전환사채,2000000000,0,0,2027-01-02,2112,100,2025-01-02,2026-12-02,1479,,2023-12-29,2024-01-02,private
142760,MOA Life Plus Co. Ltd.,(주)모아라이프플러스,20241211000441,CB,2024-12-11,무기명식 이권부 무보증 사모 전환사채,3000000000,0,4,2028-12-13,1154,100,2025-12-13,2028-11-13,808,,2024-12-13,2024-12-13,private
142760,MOA Life Plus Co. Ltd.,(주)모아라이프플러스,20260820000310,CB,2026-04-16,무기명식 이권부 무보증 사모 전환사채,5000000000,2,4,2029-10-20,795,100,2027-10-20,2029-09-20,,,2026-08-20,2026-10-20,private
142760,MOA Life Plus Co. Ltd.,(주)모아라이프플러스,20180315000410,BW,2018-03-12,무기명식 이권부 무보증 비분리형 사모 신주인수권부 사채,10000000000,0,2,2021-03-15,16290,100,2019-03-15,2021-02-15,,,2018-03-14,2018-03-15,private
142760,MOA Life Plus Co. Ltd.,(주)모아라이프플러스,20180315000429,BW,2018-03-12,무기명식 이권부 무보증 비분리형 사모 신주인수권부 사채,14000000000,0,2,2021-03-15,16290,100,2019-03-15,2021-02-15,,,2018-03-14,2018-03-15,private
142760,MOA Life Plus Co. Ltd.,(주)모아라이프플러스,20211129001107,EB,2021-11-29,무기명식 이권부 무보증 사모 교환사채,8000000000,0,1,2026-11-29,1506,100,2022-01-01,2026-11-01,,"not applicable (EB is exchanged for already-issued shares, not newly issued)",,2021-12-01,private
184230,"SGA Solutions Co.,Ltd.",에스지에이 솔루션즈(주),20200708000349,CB,2020-07-08,무기명식 이권부 무보증 사모 전환사채,3000000000,2,3,2023-07-10,969,100,2021-07-10,2023-06-10,679,,2020-07-10,2020-07-10,private
184230,"SGA Solutions Co.,Ltd.",에스지에이 솔루션즈(주),20180618000368,CB,2018-06-18,무기명식 이권부 사모 전환사채,15000000000,0,0,2023-06-20,2319,100,2019-06-20,2023-05-20,,,2018-06-20,2018-06-20,private
184230,"SGA Solutions Co.,Ltd.",에스지에이 솔루션즈(주),20160302000537,CB,2016-03-02,무기명식 이권부 사모 전환사채,18000000000,0,1,2021-03-04,3112,100,2017-03-04,2021-02-04,,,2016-03-04,2016-03-04,private
184230,"SGA Solutions Co.,Ltd.",에스지에이 솔루션즈(주),20210728000415,CB,2021-07-28,무기명식 이권부 무보증 사모 전환사채,18500000000,0,1,2024-07-30,1651,100,2022-07-30,2024-06-30,1156,,,2021-07-30,private
184230,"SGA Solutions Co.,Ltd.",에스지에이 솔루션즈(주),20210224003387,CB,2021-02-24,무기명식 이권부 무보증 사모 전환사채,2500000000,0,3,2024-03-02,1226,100,2022-03-02,2024-02-02,859,,2021-02-24,2021-03-02,private
184230,"SGA Solutions Co.,Ltd.",에스지에이 솔루션즈(주),20200522000404,CB,2020-05-20,무기명식 이권부 무보증 사모 전환사채,3800000000,3,3,2023-05-22,983,100,2021-05-22,2023-04-22,,,2020-05-20,2020-05-22,private
184230,"SGA Solutions Co.,Ltd.",에스지에이 솔루션즈(주),20200805000382,CB,2020-01-08,무기명식 이권부 사모 전환사채,2000000000,3,3,2023-01-13,1260,100,2021-01-13,2022-12-13,882,,2020-01-13,2020-01-13,private
184230,"SGA Solutions Co.,Ltd.",에스지에이 솔루션즈(주),20240502000567,CB,2024-05-02,무기명식 이권부 무보증 사모 전환사채,10000000000,1,3,2028-05-07,707,100,2025-05-07,2028-04-07,495,,2024-05-07,2024-05-07,private
184230,"SGA Solutions Co.,Ltd.",에스지에이 솔루션즈(주),20251229000713,CB,2025-12-19,무기명식 이권부 무보증 사모 전환사채,9000000000,0,2,2029-12-29,681,100,2026-12-29,2029-11-29,477,,2025-12-29,2025-12-29,private
101140,"INBIOGEN CO.,Ltd",(주)인바이오젠,20170228001448,CB,2016-01-27,무기명식 무보증 사모 전환사채,1000000000,0,0,2019-01-29,1877,100,2017-01-29,2018-12-29,,,2016-01-29,2016-01-29,private
101140,"INBIOGEN CO.,Ltd",(주)인바이오젠,20210830000926,CB,2020-11-25,무기명식 이권부 무보증 사모 전환사채,15000000000,1,2,2024-08-31,3639,100,2022-08-31,2024-07-31,2548,,2021-02-24,2021-08-31,private
101140,"INBIOGEN CO.,Ltd",(주)인바이오젠,20201125000824,CB,2020-10-16,무기명식 이권부 무보증 사모 전환사채,20000000000,1,2,2023-11-30,3733,100,2021-11-30,2023-10-30,2614,,2020-10-20,2020-11-30,private
101140,"INBIOGEN CO.,Ltd",(주)인바이오젠,20230925000298,CB,,,,,,,,,,,,,,,private
180640,HANJINKAL,(주)한진칼,20200626000057,BW,2020-06-01,국내 무기명식 이권부 무보증 신주인수권부사채,300000000000,2,3.75,2023-07-03,82500,100,2020-08-03,2023-06-03,,,2020-06-30,2020-07-03,public
180640,HANJINKAL,(주)한진칼,20201201000459,EB,2020-11-16,무기명식 사모교환사채,300000000000,2.25,4,2025-12-03,24317,100,2021-01-03,2025-11-23,,"not applicable (EB is exchanged for already-issued shares, not newly issued)",2020-12-03,2020-12-03,private
290650,"L&C BIO Co., Ltd",(주)엘앤씨바이오,20200306000744,CB,2020-03-06,무기명식 무보증 사모 전환사채,10000000000,0,0,2023-03-16,55700,100,2021-03-16,2023-02-16,,,2020-03-06,2020-03-16,private
290650,"L&C BIO Co., Ltd",(주)엘앤씨바이오,20250612000459,CB,2025-04-01,무기명식 무보증 사모 전환사채,60000000000,0,0,2029-04-23,21200,100,2026-04-23,2029-03-23,16960,,2025-04-01,2025-04-23,private
290650,"L&C BIO Co., Ltd",(주)엘앤씨바이오,20250523000641,CB,2022-06-28,무기명식 무보증 사모 전환사채,60000000000,0,0,2025-06-29,34200,100,2023-06-29,2025-05-29,23940,,2022-06-29,2022-06-29,private
290650,"L&C BIO Co., Ltd",(주)엘앤씨바이오,20200306000770,BW,2020-03-06,"무기명식 무보증 사모 비분리형 
신주인수권부사채",5000000000,0,0,2023-03-16,55700,100,2021-03-16,2023-02-16,,,2020-03-06,2020-03-16,private
065150,Daesan F&B Inc.,(주)대산에프앤비,20150923000097,CB,2015-09-23,무기명시 무보증사모전환사채,8550000000,0,2,2018-09-23,3560,100,2016-09-23,2018-08-23,,,2015-09-23,2015-09-23,private
065150,Daesan F&B Inc.,(주)대산에프앤비,20190801000223,CB,2019-08-01,무기명식 이권부 무보증 사모 담보부 전환사채 발행의 건,5000000000,2,6,2022-08-01,827,100,2020-08-01,2022-07-01,,,2019-08-01,2019-08-01,private
065150,Daesan F&B Inc.,(주)대산에프앤비,20190930000550,CB,2019-09-30,무기명식 이권부 무보증 사모 담보부 전환사채,1000000000,2,4,2022-09-30,827,100,2020-09-30,2022-08-30,,,2019-09-30,2019-09-30,private
065150,Daesan F&B Inc.,(주)대산에프앤비,20161104000265,CB,2016-11-04,무기명식 이권부 무보증 사모 전환사채,10000000000,0,1,2021-11-08,2014,100,2017-11-08,2021-10-08,,,2016-11-08,2016-11-08,private
065150,Daesan F&B Inc.,(주)대산에프앤비,20230208000499,CB,2023-02-08,무기명식 이권부 무보증 사모 전환사채,8000000000,3,4,2028-02-09,420,100,2024-02-09,2028-01-09,294,,2023-02-08,2023-02-09,private
065150,Daesan F&B Inc.,(주)대산에프앤비,20240108000523,CB,2023-07-20,무기명식 이권부 무보증 사모 전환사채,2000000000,3,4,2028-07-21,344,100,2024-07-21,2028-06-21,241,,2023-07-20,2023-07-21,private
222670,"Plumbline Life Sciences, Inc.",(주)플럼라인생명과학,20190808000331,CB,2019-08-08,무기명식 이권부 무보증 무담보 사모 전환사채,450000000,0,4,2022-08-16,10000,100,2020-08-16,2022-07-16,,,2019-08-08,2019-08-16,private
222670,"Plumbline Life Sciences, Inc.",(주)플럼라인생명과학,20220127000214,CB,2022-01-27,무기명식 이권부 무보증 모담보 사모 전환사채,60000000,4,5,2025-02-09,10000,100,2023-02-10,2025-01-09,7000,,2022-01-27,2022-02-10,private
222670,"Plumbline Life Sciences, Inc.",(주)플럼라인생명과학,20260102000071,CB,2021-12-27,무기명식 이권부 무보증 무담보 사모 전환사채,400000000,4,5,2027-01-04,10000,100,2023-01-04,2026-12-04,7000,,2021-12-27,2022-01-03,private
222670,"Plumbline Life Sciences, Inc.",(주)플럼라인생명과학,20250407002380,CB,2022-09-06,무기명식 이권부 무보증 무담보 사모 전환사채,100000000,0,4,2025-09-07,5000,100,2023-09-07,2025-08-08,3500,,2022-09-06,2022-09-07,private
222670,"Plumbline Life Sciences, Inc.",(주)플럼라인생명과학,20220318000638,CB,2019-03-14,무기명식 이권주 무보증 사모 전환사채,1000000000,0,12,2023-03-21,10000,100,2022-06-22,2022-12-22,7000,,2019-03-14,2019-03-22,private
222670,"Plumbline Life Sciences, Inc.",(주)플럼라인생명과학,20250407003000,CB,2023-04-06,무기명식 이권부 무보증 무담보 사모 전환사채,50000000,0,4,2026-04-07,5610,100,2024-04-07,2026-03-08,3930,,2023-04-06,2023-04-07,private
222670,"Plumbline Life Sciences, Inc.",(주)플럼라인생명과학,20250428000404,CB,2023-10-23,"무기명식 이권부 무보증 무담보
사모 전환사채",500120000,0,4,2026-10-24,6180,100,2024-10-24,2026-09-24,,,2023-10-23,2023-10-24,private
065350,"SHINSUNG DELTA TECH CO., LTD",신성델타테크(주),20180919000308,CB,2018-09-19,무기명식 무보증 사모 전환사채,10000000000,0,0,2023-09-21,4320,100,2019-09-21,2023-08-21,,,2018-09-21,2018-09-21,private
124560,"Taewoong Logistics Co., Ltd.",주식회사 태웅로직스,20260422000229,CB,2026-04-22,무기명식 이권부 무보증 사모 전환사채,15000000000,0,0,2031-04-30,2774,100,2027-04-30,2031-03-30,,,2026-04-22,2026-04-30,private
301300,VAIV company Inc.,(주)바이브컴퍼니,20210518000342,CB,2021-05-14,무기명식 이권부 무보증 사모 전환사채,30000000000,0,0,2026-05-18,31590,100,2022-11-18,2026-04-18,25272,,2021-05-18,2021-05-18,private
301300,VAIV company Inc.,(주)바이브컴퍼니,20231207000337,CB,2023-12-07,무기명식 이권부 무보증 사모 전환사채,10500000000,0,2,2028-12-08,7072,100,2024-12-08,2028-11-08,4951,,2023-12-08,2023-12-08,private
226950,"OliX Pharmaceuticals, Inc.",올릭스 주식회사,20201119000213,CB,2020-11-19,무기명식 무보증 사모 전환사채,29050000000,0,1,2025-11-27,70206,100,2021-11-27,2025-10-27,49145,,2020-11-19,2020-11-27,private
226950,"OliX Pharmaceuticals, Inc.",올릭스 주식회사,20250307000984,CB,2023-12-07,무기명식 무보증 사모 전환사채,23600000000,0,4,2026-12-15,13526,100,2024-12-15,2026-11-15,9469,,2023-12-11,2023-12-15,private
226950,"OliX Pharmaceuticals, Inc.",올릭스 주식회사,20240321000004,CB,2024-03-20,무기명식 이권부 무보증 사모 전환사채,14700000000,0,3.5,2029-03-22,16283,100,2025-03-22,2029-02-22,11399,,2024-03-22,2024-03-22,private
082850,"WOOREE BIO CO., LTD",우리바이오(주),20150602000301,CB,2015-06-02,무기명식 무보증 사모 전환사채,10000000000,1,3,2020-06-08,2585,100,2016-06-08,2020-05-08,,,2015-06-04,2015-06-08,private
082850,"WOOREE BIO CO., LTD",우리바이오(주),20170707000585,CB,2017-07-07,무기명식 이권부 무보증 사모 전환사채,6000000000,0,3,2022-07-11,1588,100,2018-07-11,2022-06-11,,,2017-07-11,2017-07-11,private
082850,"WOOREE BIO CO., LTD",우리바이오(주),20170918000274,EB,2017-09-18,무기명식 이권부 무보증 사모 교환사채,5000000000,0,3,2020-09-20,1182,100,2017-09-21,2020-08-20,,"not applicable (EB is exchanged for already-issued shares, not newly issued)",2017-09-20,2017-09-20,private
082850,"WOOREE BIO CO., LTD",우리바이오(주),20160328000865,EB,2016-03-28,무기명식 이권부 무보증 사모 교환사채,9100000000,0,3,2019-03-30,1547,100,2016-03-31,2019-02-28,,"not applicable (EB is exchanged for already-issued shares, not newly issued)",2016-03-30,2016-03-30,private
082850,"WOOREE BIO CO., LTD",우리바이오(주),20190401004893,EB,2019-04-01,무기명식 이권부 무보증 사모 교환사채,2800000000,0,3,2022-04-03,1061,100,2019-04-04,2022-03-03,,"not applicable (EB is exchanged for already-issued shares, not newly issued)",2019-04-03,2019-04-03,private
082850,"WOOREE BIO CO., LTD",우리바이오(주),20150602000305,EB,2015-06-02,무기명식 무보증 사모 교환사채,5000000000,0,1,2020-06-08,2585,100,2015-06-09,2020-05-08,,"not applicable (EB is exchanged for already-issued shares, not newly issued)",2015-06-04,2015-06-08,private
460870,"SMCG CO.,Ltd",(주)에스엠씨지,20250922000288,EB,2025-09-22,무기명식 무보증 사모 교환사채,3398008194,0,0,2029-09-30,7518,100,2025-10-30,2029-08-30,,"not applicable (EB is exchanged for already-issued shares, not newly issued)",2025-09-30,2025-09-30,private
065060,"Great New wave Coming Co., Ltd.",(주)지엔코,20150318000733,CB,2015-03-18,무기명식 이권부 무보증 외화표시 전환사채,1862620000,7.5,7.5,2018-03-20,1222,100,2016-03-21,2018-02-19,,,2015-03-20,2015-03-20,private
065060,"Great New wave Coming Co., Ltd.",(주)지엔코,20151216000303,CB,2015-12-16,무기명식 이권부 무보증 사모 전환사채,6000000000,4,8,2018-12-17,1351,100,2016-12-17,2018-11-17,,,2015-12-17,2015-12-17,private
065060,"Great New wave Coming Co., Ltd.",(주)지엔코,20150902000273,CB,2015-09-02,무기명식 이권부 무보증 사모 전환사채,4000000000,4,4,2018-09-03,1236,100,2016-09-03,2018-08-03,,,2015-09-03,2015-09-03,private
065060,"Great New wave Coming Co., Ltd.",(주)지엔코,20190122000240,CB,2019-01-22,무기명식 이권부 무보증 사모 전환사채,20000000000,3,6,2022-01-28,1766,100,2020-01-28,2021-12-28,,,2019-01-22,2019-01-28,private
065060,"Great New wave Coming Co., Ltd.",(주)지엔코,20160711000026,CB,2016-07-11,무기명식 이권부 무보증 사모 전환사채,2260000000,1,8,2019-07-12,3105,100,2017-07-12,2019-06-12,,,,2016-07-12,private
065060,"Great New wave Coming Co., Ltd.",(주)지엔코,20180126000377,CB,2018-01-26,"무기명식 이권부 
무보증 사모 전환사채",20000000000,0,3,2021-01-30,2887,100,2019-01-30,2020-12-30,,,,2018-01-30,private
065060,"Great New wave Coming Co., Ltd.",(주)지엔코,20211025000273,CB,2021-10-25,무기명식 이권부 무보증 사모 전환사채,20000000000,3,6,2025-10-27,868,100,2022-10-27,2025-09-27,500,,2021-10-27,2021-10-27,private
065060,"Great New wave Coming Co., Ltd.",(주)지엔코,20250908000230,CB,2025-08-28,무기명식이권부 무보증 사모전환사채,10000000000,3,9.5,2029-09-10,855,100,2026-09-10,2029-08-10,599,,2025-09-08,2025-09-10,private
009320,"AJIN ELECTRONIC COMPONENTS CO.,LTD",아진전자부품(주),20230227006366,CB,2023-02-27,기명식 이권부 사모 전환사채,2000000000,3,7,2026-02-27,1526,100,2024-02-27,2026-01-27,1069,,2023-02-27,2023-02-27,private
119650,"KC Cottrell Co., Ltd.",케이씨코트렐(주),20211124000326,CB,2021-11-24,무기명식 이권부 무보증 무담보 사모 전환사채,11000000000,1,2,2024-11-26,6826,100,2022-11-26,2024-10-26,,,2021-11-26,2021-11-26,private
119650,"KC Cottrell Co., Ltd.",케이씨코트렐(주),20220323001203,CB,2022-03-23,무보증 사모 전환사채,7500000000,1,2,2025-03-25,6108,100,2023-03-25,2025-02-25,4887,,2022-03-25,2022-03-25,private
119650,"KC Cottrell Co., Ltd.",케이씨코트렐(주),20220728000002,CB,2022-07-04,무기명 이권부 무보증 공모 전환사채,12500000000,1,2,2025-08-04,4372,100,2022-09-04,2025-07-04,3498,,2022-08-01,2022-08-04,public
475580,"ALUX Co., Ltd.",주식회사 에이럭스,20250908000110,CB,2025-09-08,무기명식 무보증 사모 전환사채,30000000000,0,0,2029-09-16,11590,100,2026-09-16,2029-08-16,10431,,2025-09-16,2025-09-16,private
215480,"TOEBOX KOREA, Ltd.",(주)토박스코리아,20190917000701,CB,2019-09-11,무기명식 이권부 무보증 사모 전환사채,7000000000,0,2,2024-09-18,1205,100,2020-09-18,2024-08-18,,,2019-09-17,2019-09-18,private
215480,"TOEBOX KOREA, Ltd.",(주)토박스코리아,20171018000120,CB,2017-10-18,무기명식 이권부 무보증 사모 전환사채,5000000000,0,0,2022-10-20,2083,100,2018-10-20,2022-09-20,,,2017-10-20,2017-10-20,private
215480,"TOEBOX KOREA, Ltd.",(주)토박스코리아,20171018000122,BW,2017-10-18,"무기명식 이권부 무보증 사모 비분리형
신주인수권부사채",5000000000,0,0,2022-10-20,2083,100,2018-10-20,2022-09-20,,,2017-10-20,2017-10-20,private
372320,Curocell Inc.,주식회사 큐로셀,20250219001783,CB,2025-02-19,무기명식 이권부 무보증 사모 전환사채,33000000000,0,1,2030-02-21,32400,100,2026-02-21,2030-01-21,25950,,2025-02-21,2025-02-21,private
372320,Curocell Inc.,주식회사 큐로셀,20250917000327,CB,2025-09-17,무기명식 이권부 무보증 사모 전환사채,10000000000,0,1,2030-09-26,41950,100,2026-09-26,2030-08-26,33600,,2025-09-26,2025-09-26,private
372320,Curocell Inc.,주식회사 큐로셀,20260417000568,CB,2026-04-17,무기명식 이권부 무보증 사모 전환사채,36350000000,0,1,2031-04-27,60200,100,2027-04-27,2031-03-27,42150,,2026-04-27,2026-04-27,private
105550,"Edge Foundry Co.,Ltd",엣지파운드리(주),20191213000229,CB,2019-06-18,무기명식 이권부 무보증 사모 전환사채,6000000000,2,3,2022-12-23,6237,100,2020-12-23,2022-11-23,,,2019-12-13,2019-12-23,private
105550,"Edge Foundry Co.,Ltd",엣지파운드리(주),20200303000519,CB,2020-03-03,무기명식 이권부 무보증 사모 전환사채,7000000000,1,3,2023-03-03,4412,100,2021-03-04,2023-02-04,,,2020-03-03,2020-03-04,private
105550,"Edge Foundry Co.,Ltd",엣지파운드리(주),20190318000887,CB,2019-03-18,무기명식 이권부 무보증 사모 전환사채,6000000000,1,3,2022-03-19,5624,100,2020-03-19,2022-02-19,,,2019-03-18,2019-03-19,private
105550,"Edge Foundry Co.,Ltd",엣지파운드리(주),20170808000179,CB,2017-02-14,무기명식 이권부 보증 사모 전환사채,5000000000,1,3,2020-02-16,7690,100,2018-02-16,2020-01-16,,,2017-02-16,2017-02-16,private
105550,"Edge Foundry Co.,Ltd",엣지파운드리(주),20160504000920,CB,2016-05-03,무기명식 무보증 사모전환사채,5000000000,1,3,2021-05-04,7250,100,2017-05-04,2021-04-04,,,2016-05-04,2016-05-04,private
105550,"Edge Foundry Co.,Ltd",엣지파운드리(주),20210122000503,CB,2021-01-22,"무기명식
이권부
무보증 사모 전환사채",7000000000,0,3,2024-01-26,5183,100,2022-01-26,2023-12-26,3628,,2021-01-26,2021-01-26,private
105550,"Edge Foundry Co.,Ltd",엣지파운드리(주),20211126000355,CB,2021-11-26,"무기명식 이권부 무보증 
사모 전환사채",5000000000,1.5,3,2024-11-30,8386,100,2022-11-30,2024-10-30,5871,,2021-11-30,2021-11-30,private
105550,"Edge Foundry Co.,Ltd",엣지파운드리(주),20260828001885,CB,2023-08-29,"무기명식 이권부 모부증 
사모 전환사채",10000000000,0,0,2026-11-30,2953,100,2024-08-29,2026-07-29,,,2023-08-29,2023-09-12,private
105550,"Edge Foundry Co.,Ltd",엣지파운드리(주),20240208001239,CB,2020-12-09,"무기명식 이권부
무보증 사모 전환사채",7000000000,3,3,2024-04-10,1870,100,2021-12-10,2024-03-10,1309,,2020-12-09,2020-12-10,private
105550,"Edge Foundry Co.,Ltd",엣지파운드리(주),20250228005847,CB,2025-02-06,무기명식 이권부 무보증 사모 전환사채,6000000000,3,3,2028-03-05,2739,100,2026-03-05,2028-02-05,,,2025-02-06,2025-03-05,private
105550,"Edge Foundry Co.,Ltd",엣지파운드리(주),20241217000195,CB,2024-05-23,무기명식 이권부 무보증 사모전환사채,15000000000,4,4,2027-12-17,2260,100,2025-12-17,2027-11-17,1582,,2024-08-08,2024-12-17,private
105550,"Edge Foundry Co.,Ltd",엣지파운드리(주),20260608000379,CB,2026-05-27,무기명식 이권부 무보증 사모전환사채,10000000000,5,5,2029-06-16,754,100,2027-06-16,2029-05-16,528,,2026-05-27,2026-06-16,private
105550,"Edge Foundry Co.,Ltd",엣지파운드리(주),20200528000409,BW,2020-04-08,국내 무기명식 이권부 무보증 공모 신주인수권부사채,20000000000,2,4,2025-06-09,3842,100,2020-07-09,2025-05-09,,,2020-06-01,2020-06-09,public
352820,"HYBE Co., Ltd.",(주)하이브,20211104000023,CB,2021-11-03,무기명식 무이권부 무보증 사모 전환사채,400000000000,0,0,2026-11-05,385500,100,2022-11-05,2026-10-05,,,2021-11-05,2021-11-05,private
352820,"HYBE Co., Ltd.",(주)하이브,20241015000082,CB,2024-10-15,무기명식 무이권부 무보증 사모 전환사채,400000000000,0,0,2029-10-17,218000,100,2025-10-17,2029-09-17,,,2024-10-17,2024-10-17,private
111110,Hojeon Limited,호전실업 주식회사,20201027000039,CB,2020-10-22,무기명식 이권부 무보증 사모 전환사채,20000000000,0,2,2025-10-26,7800,100,2021-10-26,2025-09-26,5460,,2020-10-26,2020-10-26,private
111110,Hojeon Limited,호전실업 주식회사,20210727000289,CB,2021-07-27,무기명식 이권부 무보증 사모 전환사채,15000000000,0,0,2026-07-29,14126,100,2022-07-29,2026-06-29,9889,,2021-07-29,2021-07-29,private
111110,Hojeon Limited,호전실업 주식회사,20211022000288,CB,2021-10-21,무기명식 이권부 무보증 사모 전환사채,22500000000,0,0,2026-10-25,15500,100,2022-10-25,2026-09-25,10850,,2021-10-25,2021-10-25,private
357880,"SKAI worldwide Co., Ltd.",(주)스카이월드와이드,20220706000148,CB,2022-07-06,무기명식 이권부 무보증 사모 전환사채,28000000000,0,3.5,2027-07-08,11292,100,2023-07-08,2027-07-01,7905,,2022-07-08,2022-07-08,private
357880,"SKAI worldwide Co., Ltd.",(주)스카이월드와이드,20251128001932,CB,,무기명식 이권부 무보증 사모 전환사채,,,,,,,,,,,,,private
357880,"SKAI worldwide Co., Ltd.",(주)스카이월드와이드,20250724000539,CB,2024-11-18,무기명식 이권부 무보증 사모 전환사채,5001000000,5,5,2028-07-25,2130,100,2026-07-25,2028-06-25,,,2024-11-18,2025-07-25,private
357880,"SKAI worldwide Co., Ltd.",(주)스카이월드와이드,20250212001053,CB,2024-11-18,무기명식 이권부 무보증 사모 전환사채,10000000000,1,3,2028-02-14,1977,100,2026-02-14,2028-01-14,1384,,2025-02-12,2025-02-14,private
357880,"SKAI worldwide Co., Ltd.",(주)스카이월드와이드,20250930000779,CB,2024-11-18,무기명식 이권부 무보증 사모 전환사채,5010000000,1,3,2028-10-01,2324,100,2026-10-01,2028-09-01,,,2025-10-01,2025-10-01,private
357880,"SKAI worldwide Co., Ltd.",(주)스카이월드와이드,20260722000475,CB,2026-07-22,무기명식 이권부 무보증 사모 전환사채,3000000000,4,4,2029-07-30,2691,100,2027-07-30,2029-06-30,1884,,2026-07-30,2026-07-30,private
050110,CammSys Corp.,(주)캠시스,20150424000644,CB,2015-04-24,무기명식 무보증 사모 전환사채,20000000000,0.5,2.5,2018-04-28,2039,100,2016-04-28,2018-03-28,,,2015-04-28,2015-04-28,private
050110,CammSys Corp.,(주)캠시스,20161018000093,CB,2016-10-18,무기명 무보증 사모 전환사채,10000000000,0,0,2021-10-20,2745,100,2017-10-20,2021-09-20,,,2016-10-20,2016-10-20,private
050110,CammSys Corp.,(주)캠시스,20221026000212,CB,2022-10-26,무기명식 이권부 무보증 사모 전환사채,16000000000,0,1,2027-10-28,2308,100,2023-10-28,2027-09-28,1616,,2022-10-28,2022-10-28,private
050110,CammSys Corp.,(주)캠시스,20250623000172,CB,2025-06-23,무기명식 이권부 무보증 사모 전환사채,5000000000,0,4,2030-06-25,808,100,2026-06-25,2030-05-25,566,,2025-06-23,2025-06-25,private
050110,CammSys Corp.,(주)캠시스,20170731000342,BW,2017-06-16,무기명식 이권부 무보증 공모 분리형 신주인수권부사채,25000000000,1,3,2021-08-10,2665,100,2017-09-10,2021-07-10,,,2017-08-02,2017-08-10,public
050110,CammSys Corp.,(주)캠시스,20201208000453,EB,2019-11-26,무기명식 무보증 사모교환사채,11000000000,1,4,2024-11-28,12498,100,2020-11-28,2024-10-28,,"not applicable (EB is exchanged for already-issued shares, not newly issued)",2019-11-28,2019-11-28,private
000520,"SAMIL PHARMACEUTICAL CO.,LTD",삼일제약(주),20190812000031,CB,2019-08-02,무기명식 이권부 무보증 사모 전환사채,30000000000,0,0,2024-08-12,22622,100,2020-08-13,2024-07-11,,,2019-08-06,2019-08-12,private
000520,"SAMIL PHARMACEUTICAL CO.,LTD",삼일제약(주),20220726000314,CB,2022-07-26,무기명식 이권부 무보증 사모 전환사채,5000000000,0,0,2027-07-28,8242,100,2023-07-28,2027-06-28,6594,,2022-07-28,2022-07-28,private
000520,"SAMIL PHARMACEUTICAL CO.,LTD",삼일제약(주),20230417000353,CB,2023-04-17,무기명식 이권부 무보증 사모 전환사채,12000000000,0,4.5,2028-04-19,7701,100,2024-04-19,2028-03-19,6161,,2023-04-19,2023-04-19,private
000520,"SAMIL PHARMACEUTICAL CO.,LTD",삼일제약(주),20260611000446,CB,2026-06-11,무기명식 이권부 무보증 사모 전환사채,10000000000,0,0,2031-06-19,7245,100,2027-06-19,2031-05-19,,,2026-06-19,2026-06-19,private
000520,"SAMIL PHARMACEUTICAL CO.,LTD",삼일제약(주),20210611000263,BW,2021-06-11,무기명식 무보증 비분리형 사모 신주인수권부사채,35000000000,0,0,2026-06-15,9672,100,2022-06-15,2026-05-15,7738,,2021-06-15,2021-06-15,private
000520,"SAMIL PHARMACEUTICAL CO.,LTD",삼일제약(주),20190812000033,EB,2019-08-02,무기명식 이권부 무보증 사모 교환사채,5000000000,0,0,2024-08-12,24885,100,2019-08-17,2024-07-11,,"not applicable (EB is exchanged for already-issued shares, not newly issued)",2019-08-06,2019-08-12,private
000520,"SAMIL PHARMACEUTICAL CO.,LTD",삼일제약(주),20250411002771,EB,2025-04-11,무기명식 이권부 무보증 사모 교환사채,4000000000,0,3,2028-04-16,12477,100,2025-05-16,2028-03-16,,"not applicable (EB is exchanged for already-issued shares, not newly issued)",2025-04-15,2025-04-16,private
000520,"SAMIL PHARMACEUTICAL CO.,LTD",삼일제약(주),20220726000339,EB,2022-07-26,무기명식 이권부 무보증 사모 교환사채,4000000000,0,0,2027-07-28,9067,100,2022-08-28,2027-06-28,,"not applicable (EB is exchanged for already-issued shares, not newly issued)",2022-07-28,2022-07-28,private
093240,HYUNGJI ELITE INC.,(주)형지엘리트,20210604000346,CB,2021-06-04,무기명식 이권부 무보증 사모 전환사채,10000000000,0,1,2026-06-08,5437,100,2022-06-08,2026-05-08,3805,,2021-06-08,2021-06-08,private
093240,HYUNGJI ELITE INC.,(주)형지엘리트,20230403003828,CB,2023-04-03,무기명식 이권부 무보증 사모 전환사채,5000000000,0,3,2026-04-05,1233,100,2024-04-05,2026-03-05,864,,2023-04-05,2023-04-05,private
093240,HYUNGJI ELITE INC.,(주)형지엘리트,20240205000094,CB,2024-02-05,무기명식 이권부 무보증 사모 전환사채,3500000000,0,3,2027-02-07,1344,100,2025-02-07,2027-01-07,941,,2024-02-07,2024-02-07,private
445090,"ASICLAND Co.,Ltd",(주)에이직랜드,20260313000791,CB,2026-03-13,무기명식 이권부 무보증 사모 전환사채,45000000000,0,1,2031-03-23,31517,100,2027-03-23,2031-02-23,25214,,2026-03-17,2026-03-23,private
073640,"TERA SCIENCE Co.,LTD",테라사이언스(주),20180502001823,CB,2018-05-02,무기명식 이권부 무보증사모전환사채,1550000000,3,3,2021-05-02,1311,100,2019-05-02,2021-05-01,,,2018-05-02,2018-05-02,private
073640,"TERA SCIENCE Co.,LTD",테라사이언스(주),20200224002738,CB,2019-12-09,무기명식 이권부 무보증 사모 전환사채,5000000000,3,3,2022-12-10,1194,100,2020-12-10,2022-11-10,,,2019-12-09,2019-12-10,private
073640,"TERA SCIENCE Co.,LTD",테라사이언스(주),20190304000102,CB,2019-02-20,무기명식 이권부 무보증 사모 전환사채,4500000000,0,2,2022-03-04,1995,100,2020-03-04,2022-02-04,,,2019-02-20,2019-03-04,private
073640,"TERA SCIENCE Co.,LTD",테라사이언스(주),20170321000193,CB,2017-03-14,무기명식 이권부 무보증사모전환사채,1000000000,5,5,2020-03-20,674,100,2018-03-20,2020-03-19,,,2017-03-20,2017-03-20,private
073640,"TERA SCIENCE Co.,LTD",테라사이언스(주),20171030000506,CB,2017-10-30,무기명식 이권부 무보증사모전환사채,2350000000,3,3,2020-10-30,834,100,2018-10-30,2020-10-29,,,2017-10-30,2017-10-30,private
073640,"TERA SCIENCE Co.,LTD",테라사이언스(주),20170526000567,CB,2017-05-26,무기명식 이권부 무보증사모전환사채,1000000000,3,3,2020-05-26,770,100,2018-05-26,2020-05-25,,,2017-05-26,2017-05-26,private
073640,"TERA SCIENCE Co.,LTD",테라사이언스(주),20170531000202,CB,,무기명식 이권부 무보증 사모전환사채,,,,,,,,,,,,,private
073640,"TERA SCIENCE Co.,LTD",테라사이언스(주),20210104000362,CB,2021-01-04,무기명식 이권부 무보증 사모 전환사채,10000000000,2,5,2024-01-08,2177,100,2022-01-08,2023-12-08,100,,2021-01-05,2021-01-08,private
073640,"TERA SCIENCE Co.,LTD",테라사이언스(주),20210426000423,CB,2021-04-26,무기명식이권부 무보증 사모 전환사채,18000000000,0,2,2024-04-26,2576,100,2022-04-26,2024-03-26,1803,,2021-04-26,2021-04-26,private
073640,"TERA SCIENCE Co.,LTD",테라사이언스(주),20220803000309,CB,2021-11-29,무기명식 이권부 무보증 사모 전환사채,6000000000,2,4,2025-08-08,1766,100,2023-08-08,2025-07-08,100,,2022-08-03,2022-08-08,private
073640,"TERA SCIENCE Co.,LTD",테라사이언스(주),20200525000311,CB,2020-05-11,무기명식 이권부 무보증 사모 전환사채,5500000000,0,3,2023-05-25,1672,100,2021-05-25,2023-05-25,,,2020-05-18,2020-05-25,private
073640,"TERA SCIENCE Co.,LTD",테라사이언스(주),20200722000170,CB,2020-05-11,무기명식 이권부 무보증 사모 전환사채,4100000000,0,3,2023-07-22,1672,100,2021-07-22,2023-07-22,1170,,2020-05-18,2020-07-22,private
073640,"TERA SCIENCE Co.,LTD",테라사이언스(주),20230809000469,EB,2023-01-20,무기명식 무보증 사모 교환사채,14776500000,0,0,2026-05-10,2400,100,2023-11-10,2026-04-10,,"not applicable (EB is exchanged for already-issued shares, not newly issued)",2023-01-25,2023-05-10,private
079970,"TOBESOFT Co., Ltd.",(주)투비소프트,20180920000523,CB,2018-05-28,"무기명식
무보증
전환사채",10500000000,3,5,2021-09-20,6593,100,2019-09-20,2021-09-19,,,2018-05-28,2018-09-20,private
079970,"TOBESOFT Co., Ltd.",(주)투비소프트,20160704002554,CB,2016-07-04,무기명식 무보증 사모 전환사채,5000000000,0,1.5,2019-07-06,9019,100,2017-07-06,2019-07-05,,,2016-07-06,2016-07-06,private
079970,"TOBESOFT Co., Ltd.",(주)투비소프트,20171218000187,CB,2017-12-18,"무기명식
무보증
전환사채",6000000000,0,1.5,2020-12-18,7115,100,2018-12-18,2020-12-17,,,2017-12-18,2017-12-18,private
079970,"TOBESOFT Co., Ltd.",(주)투비소프트,20171222000813,CB,2017-12-22,"무기명식
무보증
전환사채",2000000000,0,1.5,2021-01-12,7714,100,2019-01-12,2021-01-11,,,2017-12-22,2018-01-12,private
079970,"TOBESOFT Co., Ltd.",(주)투비소프트,20171123000279,CB,2017-11-22,무기명식 무보증 사모 전환사채,10000000000,0,4,2020-11-23,7091,100,2018-11-23,2020-11-22,,,2017-11-22,2017-11-23,private
079970,"TOBESOFT Co., Ltd.",(주)투비소프트,20160928000399,CB,2016-09-28,무기명식 무보증 사모 전환사채,5000000000,0,1.5,2019-09-30,8097,100,2017-09-30,2019-09-29,,,2016-09-30,2016-09-30,private
079970,"TOBESOFT Co., Ltd.",(주)투비소프트,20170628000299,CB,2017-06-28,무기명식 무보증 사모 전환사채,3000000000,0,1.5,2020-06-28,7928,100,2018-06-28,2020-06-27,,,2017-06-28,2017-06-28,private
079970,"TOBESOFT Co., Ltd.",(주)투비소프트,20160108000493,CB,2016-01-08,무기명식 무보증 사모 전환사채,15000000000,0,1.5,2019-01-12,10435,100,2017-01-12,2019-01-11,,,2016-01-12,2016-01-12,private
079970,"TOBESOFT Co., Ltd.",(주)투비소프트,20160425000616,CB,2016-04-25,무기명식 무보증 사모 전환사채,5000000000,1,2,2019-04-26,13039,100,2017-04-26,2019-04-25,,,2016-04-26,2016-04-26,private
079970,"TOBESOFT Co., Ltd.",(주)투비소프트,20210916000260,CB,2021-09-16,무기명식 이권부 무보증 사모 전환사채,3000000000,2,4,2024-09-17,2380,100,2022-09-17,2024-09-10,500,,2021-09-16,2021-09-17,private
079970,"TOBESOFT Co., Ltd.",(주)투비소프트,20201112000001,CB,2020-11-11,무기명식 무보증 전환사채,7000000000,0,3,2023-11-17,2335,100,2021-11-17,2023-10-17,1635,,2020-11-11,2020-11-17,private
079970,"TOBESOFT Co., Ltd.",(주)투비소프트,20220404003284,CB,2021-09-24,무기명식 이권부 무보증 사모 전환사채,,,,,,,,,,,,,private
079970,"TOBESOFT Co., Ltd.",(주)투비소프트,20211130001649,CB,2021-11-30,무기명식 이권부 무보증 사모 전환사채,30000000000,2,5,2024-12-08,2250,100,2022-12-08,2024-11-08,500,,2021-11-30,2021-12-08,private
079970,"TOBESOFT Co., Ltd.",(주)투비소프트,20220413002588,CB,2022-04-13,무기명식 이권부 무보증 사모 전환사채,5000010000,0,1.135,2025-04-13,1525,100,2023-04-13,2025-03-13,500,,2022-04-13,2022-04-13,private
079970,"TOBESOFT Co., Ltd.",(주)투비소프트,20240115000132,CB,2024-01-15,무기명식 이권부 무보증 사모 전환사채,2600000000,0,2,2027-01-15,544,100,2025-01-15,2026-12-15,500,,2024-01-15,2024-01-15,private
020560,Asiana Airlines Inc.,아시아나항공(주),20200629000283,CB,2020-06-29,무기명식 무보증 영구 사모 전환사채,300000000000,7.2,7.2,2050-06-30,5000,100,2020-06-30,2050-06-30,,,2020-06-30,2020-06-30,private
020560,Asiana Airlines Inc.,아시아나항공(주),20190627000184,CB,2019-06-27,무기명식 무보증 사모 전환사채(Hybrid채권형),100000000000,7.2,7.2,2049-06-28,5834,100,2020-06-29,2049-05-28,,,2019-06-28,2019-06-28,private
020560,Asiana Airlines Inc.,아시아나항공(주),20190417000510,CB,2018-03-29,무기명식 이권부 무보증 사모 전환사채,100000000000,2,5,2023-04-13,5000,100,2019-04-13,2023-04-12,,,2018-04-13,2018-04-13,private
020560,Asiana Airlines Inc.,아시아나항공(주),20201116000265,CB,2020-11-16,무기명식 무보증 사모 영구전환사채,300000000000,7.2,7.2,2050-12-29,13650,100,2021-12-30,2050-11-28,,,2020-11-16,2020-12-29,private
020560,Asiana Airlines Inc.,아시아나항공(주),20201223000450,CB,2020-12-23,무기명식 이권부 무보증 사모 영구전환사채,60000000000,7.3,7.3,2050-12-29,14000,100,2021-12-30,2050-11-29,,,,2020-12-29,private
020560,Asiana Airlines Inc.,아시아나항공(주),20220609000528,CB,2022-06-09,무기명식 이권부 무보증 사모 영구전환사채,175000000000,4.7,5.1,2052-06-10,18734,100,2023-06-10,2052-05-10,,,,2022-06-10,private
020560,Asiana Airlines Inc.,아시아나항공(주),20231113000745,CB,2023-11-02,무기명식 무보증 사모 영구전환사채,300000000000,4.7,4.7,2053-11-13,11130,100,2024-11-13,2053-10-13,,,2023-11-02,2023-11-13,private
020560,Asiana Airlines Inc.,아시아나항공(주),20240618000367,CB,2024-06-18,무기명식 무보증 사모 영구전환사채,175000000000,5.1,5.1,2054-06-26,10720,100,2025-06-26,2054-05-26,,,2024-06-18,2024-06-26,private
020560,Asiana Airlines Inc.,아시아나항공(주),20251104000252,CB,2025-11-04,무기명식 무보증 사모 영구전환사채,300000000000,4.7,4.7,2055-11-13,8860,100,2026-11-13,2055-10-13,,,2025-11-05,2025-11-13,private
298690,"Air Busan Co., Ltd",에어부산 주식회사,20200626000429,CB,2020-06-26,무기명식 이권부 무보증 사모 영구전환사채,50000000000,7.2,7.2,2050-06-30,3938,100,2021-07-01,2050-05-30,,,2020-06-30,2020-06-30,private
298690,"Air Busan Co., Ltd",에어부산 주식회사,20210624000387,CB,2021-06-24,무기명식 이권부 무보증 사모 영구전환사채,30000000000,7.2,7.2,2051-06-24,3527,100,2022-06-25,2051-05-24,,,2021-06-24,2021-06-24,private
298690,"Air Busan Co., Ltd",에어부산 주식회사,20210323000494,CB,2021-03-23,무기명식 이권부 무보증 사모 영구전환사채,30000000000,7.2,7.2,2051-03-24,3916,100,2022-03-25,2051-02-24,,,2021-03-24,2021-03-24,private
298690,"Air Busan Co., Ltd",에어부산 주식회사,20220719000326,CB,2022-07-18,무기명식 이권부 무보증 사모 영구전환사채,10000000000,5.9,6.7,2052-07-19,1412,100,2023-07-19,2052-06-19,,,2022-07-19,2022-07-19,private
298690,"Air Busan Co., Ltd",에어부산 주식회사,20250513000764,CB,2025-05-13,무기명식 이권부 무보증 사모 영구전환사채,100000000000,5.53,5.53,2055-05-14,2161,100,2026-05-15,2055-04-14,,,2025-05-14,2025-05-14,private
017180,"MYUNGMOON PHARM CO.,LTD",명문제약(주),20190125000504,CB,2019-01-25,무기명식 이권부 무보증 사모 전환사채,15000000000,0,1,2024-01-29,5576,100,2020-01-29,2023-12-29,,,2019-01-29,2019-01-29,private
019660,"GLOBON CO., LTD.",글로본(주),20180418000337,CB,2018-04-18,무기명식 이권부 무보증 사모 전환사채,10000000000,2,5,2021-04-20,4740,100,2019-04-20,2021-03-20,,,2018-04-18,2018-04-20,private
019660,"GLOBON CO., LTD.",글로본(주),20220527000477,CB,,,,,,,,,,,,,,,private
019660,"GLOBON CO., LTD.",글로본(주),20171228000180,CB,2017-12-28,무기명식 이권부 무보증 사모 전환사채,5000000000,2,5,2020-12-28,2680,100,2018-12-28,2020-11-28,,,2017-12-28,2017-12-28,private
019660,"GLOBON CO., LTD.",글로본(주),20210106000454,CB,2021-01-06,무기명식 이권부 무보증 사모 전환사채,2996250000,0,0,2024-01-06,4395,100,2022-01-06,2023-12-06,,,2021-01-06,2021-01-06,private
019660,"GLOBON CO., LTD.",글로본(주),20221208000502,CB,,,,,,,,,,,,,,,private
019660,"GLOBON CO., LTD.",글로본(주),20201130001648,CB,2020-11-30,무기명식 이권부 무보증 사모 전환사채,11000000000,1,4,2023-11-30,3540,100,2021-11-30,2023-10-30,2478,,2020-10-29,2020-11-30,private
019660,"GLOBON CO., LTD.",글로본(주),20251105000304,CB,2025-10-30,무기명식 이권부 무보증 사모 전환사채,4200000000,1,3,2028-11-07,2860,100,2026-11-07,2028-10-07,,,2025-10-30,2025-11-07,private
002380,KCC Corporation,(주)케이씨씨,20250704000050,EB,2025-07-03,기명식 무담보 선순위 외화표시 해외교환사채,882765000000,1.75,1.75,2030-07-10,429650,100,2025-08-20,2030-06-30,,"not applicable (EB is exchanged for already-issued shares, not newly issued)",2025-07-03,2025-07-10,private
003030,SeAH Steel Holdings Corporation,(주)세아제강지주,20251001000445,EB,2025-10-01,무기명식 무보증 사모 교환사채,19341200000,0,0,2030-10-17,191126,100,2025-11-17,2030-09-17,,"not applicable (EB is exchanged for already-issued shares, not newly issued)",2025-10-17,2025-10-17,private
052900,"KX HITECH CO.,LTD",(주)케이엑스하이텍,20160212000218,CB,2016-01-18,기명식 무보증 국내 사모 전환사채,2500000000,0,3,2019-02-05,1350,100,2017-02-05,2019-01-05,,,2016-02-05,2016-02-05,private
052900,"KX HITECH CO.,LTD",(주)케이엑스하이텍,20160212000409,CB,2016-02-12,기명식 무보증 국내 사모 전환사채,1500000000,0,3,2019-02-16,1350,100,2017-02-16,2019-01-16,,,2016-02-16,2016-02-16,private
052900,"KX HITECH CO.,LTD",(주)케이엑스하이텍,20210824000363,CB,2021-08-24,무기명식 이권부 무보증 사모 전환사채,16000000000,1,2,2024-08-25,2052,100,2022-08-25,2024-07-25,1437,,2021-08-24,2021-08-25,private
052900,"KX HITECH CO.,LTD",(주)케이엑스하이텍,20230221002150,CB,2023-02-21,무기명식 이권부 무보증 사모 전환사채,11000000000,0,2,2028-02-23,1391,100,2024-02-23,2028-01-23,974,,2023-02-23,2023-02-23,private
052900,"KX HITECH CO.,LTD",(주)케이엑스하이텍,20230221002172,CB,2023-02-21,무기명식 이권부 무보증 사모 전환사채,10000000000,2,2,2026-02-27,1391,100,2024-02-27,2026-01-27,974,,2023-02-23,2023-02-27,private
052900,"KX HITECH CO.,LTD",(주)케이엑스하이텍,20200814000047,CB,2020-03-24,무기명식 이권부 무보증 사모 전환사채,3500000000,1,2,2023-06-30,738,100,2021-06-30,2023-05-30,517,,2020-03-24,2020-06-30,private
052900,"KX HITECH CO.,LTD",(주)케이엑스하이텍,20260819000309,CB,2026-08-19,무기명식 무이권부 무보증 사모 전환사채,11000000000,0,0,2031-08-27,1264,100,2027-08-27,2031-07-27,885,,2026-08-27,2026-08-27,private
043260,SUNGHO ELECTRONICS CORP.,성호전자(주),20190717000380,CB,2019-07-17,무기명식 이권부 무보증 전환사채,3500000000,0,0,2024-10-04,983,100,2020-10-04,2024-09-04,,,2019-07-18,2019-10-04,private
043260,SUNGHO ELECTRONICS CORP.,성호전자(주),20190604000214,CB,2019-06-03,무기명식 이권부 무보증 전환사채,6000000000,0,0,2024-06-04,1006,100,2020-06-04,2024-05-04,,,2019-06-04,2019-06-04,private
043260,SUNGHO ELECTRONICS CORP.,성호전자(주),20230131000138,CB,2023-01-31,무기명식 이권부 무보증 전환사채,10000000000,0,3.2,2028-02-08,1282,100,2024-02-08,2028-01-08,898,,2023-02-02,2023-02-08,private
043260,SUNGHO ELECTRONICS CORP.,성호전자(주),20250728000144,CB,2025-07-24,무기명식 이권부 무보증 사모 전환사채,5000000000,0,4.5,2028-08-01,1150,100,2026-08-01,2028-07-01,,,2025-08-01,2025-08-01,private
043260,SUNGHO ELECTRONICS CORP.,성호전자(주),20250724000313,CB,2025-07-24,무기명식 이권부 무보증 사모 전환사채,12000000000,0,5,2028-08-01,1150,100,2027-02-01,2028-07-01,,,2025-08-01,2025-08-01,private
043260,SUNGHO ELECTRONICS CORP.,성호전자(주),20260908000103,CB,2026-08-31,무기명식 무보증 사모 전환사채,13000000000,0,0,2029-09-08,17192,100,2027-09-08,2029-08-08,,,2026-09-08,2026-09-08,private
043260,SUNGHO ELECTRONICS CORP.,성호전자(주),20260413003092,CB,2025-12-08,무기명식 이권부 무보증 사모 전환사채,50000000000,0,0,2029-01-07,2895,100,2027-01-07,2028-12-07,,,2026-01-07,2026-01-07,private
043260,SUNGHO ELECTRONICS CORP.,성호전자(주),20260814001990,CB,2026-08-06,무기명식 무보증 사모 전환사채,89500000000,0,0,2029-08-14,19114,100,2027-08-14,2029-07-14,,,2026-08-14,2026-08-14,private
043260,SUNGHO ELECTRONICS CORP.,성호전자(주),20240927000614,BW,2024-09-27,무기명식 이권부 무보증 사모 신주인수권부사채,11000000000,0,1,2026-10-02,1659,100,2025-10-02,2026-09-02,,,2024-10-02,2024-10-02,private
043260,SUNGHO ELECTRONICS CORP.,성호전자(주),20260413003081,BW,2025-12-08,무기명식 이권부 무보증 사모 신주인수권부사채,30000000000,0,0,2029-01-07,2895,100,2027-01-07,2028-12-07,,,2026-01-07,2026-01-07,private
348080,Quratis Inc.,(주)큐라티스,20230925000430,CB,2023-09-25,무기명식 이권부 무보증 사모 전환사채,4000000000,0,7,2028-11-30,3472,100,2024-11-30,2028-10-30,,,2023-09-27,2023-11-30,private
348080,Quratis Inc.,(주)큐라티스,20251218000322,CB,2024-10-31,"무기명식 이권부 무보증 사모 
전환사채",15000000000,0,3,2030-02-21,641,100,2026-02-22,2026-02-28,500,,2024-02-04,2025-02-21,private
115570,"STARFLEX CO., LTD",(주)스타플렉스,20190520000207,CB,2019-05-17,무기명식 이권부 무보증 사모 전환사채,7400000000,0,1.5,2024-05-21,5252,100,2020-05-21,2024-04-21,,,2019-05-21,2019-05-21,private
192250,"KSIGN CO., Ltd.",(주)케이사인,20191002000446,CB,2019-10-02,무기명식 이권부 무보증 사모 전환사채,6000000000,0,0,2022-10-07,1300,100,2020-10-07,2022-09-07,,,2019-10-07,2019-10-07,private
192250,"KSIGN CO., Ltd.",(주)케이사인,20161005000427,CB,2016-10-05,무기명식 이권부 무보증 사모 전환사채,20000000000,0,0,2019-10-06,2503,100,2017-10-06,2019-09-06,,,2016-10-06,2016-10-06,private
030350,"Dragonfly GF Co., Ltd.",(주)드래곤플라이,20150409000001,CB,2015-04-08,무기명식 이권부 무보증 사모 전환사채,10000000000,0,2,2019-10-13,11950,100,2016-04-14,2019-09-13,,,2015-04-10,2015-04-13,private
030350,"Dragonfly GF Co., Ltd.",(주)드래곤플라이,20160321000427,CB,2016-03-21,무기명식 이권부 무보증 사모 전환사채,9000000000,0,1.5,2020-09-23,6590,100,2017-03-23,2020-08-23,,,2016-03-23,2016-03-23,private
030350,"Dragonfly GF Co., Ltd.",(주)드래곤플라이,20210127000507,CB,2021-01-27,무기명식 이권부 무보증 사모 전환사채,10000000000,1,1,2024-01-29,2601,100,2022-01-29,2024-01-29,500,,2021-01-29,2021-01-29,private
030350,"Dragonfly GF Co., Ltd.",(주)드래곤플라이,20210917000617,CB,2021-09-17,무기명식 이권부 무보증 전환사채,3000000000,1,1,2024-10-05,2515,100,2022-10-05,2024-09-05,500,,2021-09-17,2021-10-05,private
030350,"Dragonfly GF Co., Ltd.",(주)드래곤플라이,20240827000588,CB,2023-11-27,무기명식 이권부 무보증 전환사채,3000000000,0,6,2027-08-28,500,100,2025-08-28,2027-07-28,500,,2024-08-27,2024-08-28,private
030350,"Dragonfly GF Co., Ltd.",(주)드래곤플라이,20250320001677,CB,2025-03-20,무기명식 이권부 무보증 전환사채,1000000000,2,6,2028-03-21,1096,100,2026-03-21,2028-02-21,768,,2025-03-20,2025-03-21,private
030350,"Dragonfly GF Co., Ltd.",(주)드래곤플라이,20250915000168,CB,,,,,,,,,,,,,,,private
030350,"Dragonfly GF Co., Ltd.",(주)드래곤플라이,20150409000002,EB,2015-04-08,무기명식 무보증 사모 교환사채,5000000000,0,0,2018-04-13,13150,100,2015-05-14,2018-03-13,,"not applicable (EB is exchanged for already-issued shares, not newly issued)",2015-04-10,2015-04-13,private
046310,BG T&A Co.,(주)백금티앤에이,20170516000267,CB,2017-05-16,무기명식 이권부 무보증 무담보 사모 전환사채,7000000000,0,1,2022-05-18,2749,100,2018-05-18,2022-04-18,,,2017-05-18,2017-05-18,private
389500,"SBB TECH Co., Ltd.",(주)에스비비테크,20230524000462,CB,2023-05-24,무기명식 이권부 무보증 사모 전환사채,30000000000,0,1,2028-05-26,44400,100,2024-05-26,2028-04-26,31100,,2023-05-26,2023-05-26,private
089010,"CHEMTRONICSCo.,Ltd.",(주)켐트로닉스,20171226000416,CB,2017-12-26,"국내 무기명식 이권부 사모 
전환사채",5500000000,1,3,2024-01-12,5772,100,2019-01-12,2023-12-12,,,2017-12-28,2018-01-12,private
089010,"CHEMTRONICSCo.,Ltd.",(주)켐트로닉스,20170426000243,CB,2015-07-28,국내 무기명식 이권부 무보증 사모 전환사채,12000000000,0,2,2020-07-30,7585,100,2016-07-30,2020-06-30,,,2015-07-30,2015-07-30,private
089010,"CHEMTRONICSCo.,Ltd.",(주)켐트로닉스,20210330000495,CB,2021-03-30,국내 무기명식 이권부 무보증 사모 전환사채,25000000000,0,0,2026-04-01,26482,100,2022-04-01,2026-03-01,21186,,2021-04-01,2021-04-01,private
211050,"INCAR FINANCIAL SERVICE Co.,Ltd.",인카금융서비스(주),20190329000784,CB,2017-08-11,무기명식 이권부 무보증 사모 전환사채,3000000000,3,4.5,2022-08-14,11543,100,2020-08-14,2022-07-14,,,2017-08-14,2017-08-14,private
243070,"HUONS CO., LTD.",(주)휴온스,20201111000423,CB,2020-11-11,무기명식 이권부 무보증 사모 전환사채,50000000000,0,0,2025-11-13,61500,100,2021-11-13,2025-10-13,49200,,2020-11-13,2020-11-13,private
243070,"HUONS CO., LTD.",(주)휴온스,20251120000503,EB,2025-11-10,무기명식 무보증 사모 교환사채,7050584634,0,0,2030-11-25,32002,100,2025-12-25,2030-10-25,,"not applicable (EB is exchanged for already-issued shares, not newly issued)",2025-11-25,2025-11-25,private
333620,"Nsys Co., Ltd.",(주)엔시스,20220126000507,CB,2022-01-26,무기명식 이권부 무보증 사모 전환사채,12000000000,0,0,2027-01-28,23000,100,2023-01-28,2026-12-28,,,2022-01-26,2022-01-28,private
333620,"Nsys Co., Ltd.",(주)엔시스,20240425000562,CB,2024-04-25,무기명식 이권부 무보증 사모 전환사채,10000000000,0,2,2029-04-29,8238,100,2025-04-29,2029-03-29,6591,,2024-04-29,2024-04-29,private
078160,"MEDIPOSTCO.,LTD.",메디포스트(주),20190308000905,CB,2019-03-08,무기명식 무보증 사모전환사채,40000000000,0,1,2024-03-26,85984,100,2020-03-26,2024-02-26,,,2019-03-12,2019-03-26,private
078160,"MEDIPOSTCO.,LTD.",메디포스트(주),20220524000430,CB,2022-03-16,무기명식 무보증 사모전환사채,35000000000,0,2,2029-04-08,19700,100,2023-04-08,2029-03-08,14775,,2022-03-18,2022-04-08,private
078160,"MEDIPOSTCO.,LTD.",메디포스트(주),20220524000416,CB,2022-03-16,무기명식 무보증 사모전환사채,35000000000,0,2,2029-03-28,19700,100,2023-03-28,2029-02-28,14775,,2022-03-18,2022-03-28,private
078160,"MEDIPOSTCO.,LTD.",메디포스트(주),20260106000615,CB,2025-12-16,무기명식 무보증 사모전환사채,100000000000,0,5,2030-01-06,17981,100,2027-01-06,2029-12-06,12587,,2025-12-18,2026-01-06,private
078160,"MEDIPOSTCO.,LTD.",메디포스트(주),20260106000610,CB,2025-12-16,무기명식 무보증 사모전환사채,30000000000,0,5,2029-12-30,17981,100,2026-12-30,2029-11-30,12587,,2025-12-18,2025-12-30,private
078160,"MEDIPOSTCO.,LTD.",메디포스트(주),20260106000614,CB,2025-12-16,무기명식 무보증 사모전환사채,25000000000,0,5,2029-12-30,17981,100,2026-12-30,2029-11-30,12587,,2025-12-18,2025-12-30,private
078160,"MEDIPOSTCO.,LTD.",메디포스트(주),20260106000616,CB,2025-12-16,무기명식 무보증 사모전환사채,50000000000,0,5,2030-01-13,17981,100,2027-01-13,2029-12-13,12587,,2025-12-18,2025-01-13,private
297090,"CS BEARING Co., Ltd.",씨에스베어링 주식회사,20200916000339,CB,2020-09-16,"무기명식 이권부 
무보증 사모 전환사채",10000000000,0,0,2025-09-18,31626,100,2021-09-18,2025-08-18,28464,,,2020-09-18,private
297090,"CS BEARING Co., Ltd.",씨에스베어링 주식회사,20200916000345,BW,2020-09-16,"무기명식 이권부 무보증 
비분리형 사모 신주인수권부사채",10000000000,0,0,2025-09-18,31626,100,2021-09-18,2025-08-18,28464,,,2020-09-18,private
112610,CS Wind Corporation,씨에스윈드(주),20180221000125,EB,2018-02-21,국내 무기명식 무보증 사모교환사채,40500000000,0,0,2023-02-23,42800,100,2018-02-28,2023-01-23,,"not applicable (EB is exchanged for already-issued shares, not newly issued)",2018-02-23,2018-02-23,private
112610,CS Wind Corporation,씨에스윈드(주),20240725000467,EB,2024-07-25,무기명식 이권부 무보증 사모 신종교환사채,44552416100,0,0,2054-07-31,60050,100,2024-08-07,2054-06-30,,"not applicable (EB is exchanged for already-issued shares, not newly issued)",2024-07-29,2024-07-31,private
086900,Medy-Tox Inc.,(주)메디톡스,20200528001039,CB,2020-05-21,무기명식 무보증 사모 전환사채,30000000000,0,3,2023-05-29,143000,100,2021-05-29,2023-05-19,,,2020-05-21,2020-05-29,private
191420,"Tego Science, Inc.",테고사이언스(주),20160627000272,CB,2016-06-27,기명식 이권부 무보증 사모 전환사채,1000000000,0,1,2019-06-29,34708,100,2017-06-29,2019-06-28,,,2016-06-29,2016-06-29,private
191420,"Tego Science, Inc.",테고사이언스(주),20161019000036,CB,2016-10-19,무기명식 무보증 이권부 사모 전환사채,15000000000,0,0,2021-10-21,49075,100,2017-10-21,2021-09-21,,,2016-10-21,2016-10-21,private
191420,"Tego Science, Inc.",테고사이언스(주),20250523000652,CB,2025-05-23,"무기명식
 무보증 사모 전환사채",27000000000,0,0,2030-05-27,17713,100,2026-05-27,2030-04-27,,,2025-05-27,2025-05-27,private
109070,JOOSUNG CORPORATION,(주)주성코퍼레이션,20210317001282,CB,2018-06-07,무기명식 무보증 사모 전환사채,8000000000,0,4,2022-06-07,11536,100,2019-06-07,2022-06-06,,,2018-06-07,2018-06-07,private
109070,JOOSUNG CORPORATION,(주)주성코퍼레이션,20210317001236,CB,2018-04-16,무기명식 이권부 무보증 사모 전환사채,1750000000,0,4,2022-04-20,6290,100,2019-04-20,2022-04-19,,,2018-03-29,2018-04-20,private
109070,JOOSUNG CORPORATION,(주)주성코퍼레이션,20210317001294,CB,2018-08-24,무기명식 무보증 사모 전환사채,7000000000,3,5,2022-08-27,9367,100,2019-08-27,2022-08-26,,,2018-08-22,2008-08-27,private
109070,JOOSUNG CORPORATION,(주)주성코퍼레이션,20191108000363,CB,2018-02-06,무기명식 이권부 무보증 사모 전환사채,1000000000,0,5,2021-02-06,3935,100,2019-02-06,2021-01-06,,,2018-02-06,2018-02-06,private
109070,JOOSUNG CORPORATION,(주)주성코퍼레이션,20171220000302,CB,2017-12-20,무기명식 이권부 무보증 사모 전환사채,1000000000,0,5,2020-12-20,4011,100,2018-12-20,2020-11-20,,,2017-12-20,2017-12-20,private
109070,JOOSUNG CORPORATION,(주)주성코퍼레이션,20180116000205,CB,2018-01-16,무기명식 이권부 무보증 사모 전환사채,2000000000,0,5,2021-01-16,3260,100,2019-01-16,2020-12-16,,,2018-01-16,2018-01-16,private
109070,JOOSUNG CORPORATION,(주)주성코퍼레이션,20161123000245,CB,2016-11-23,무기명식 이권부 무보증 사모 전환사채,2000000000,0,5,2019-11-23,1036,100,2017-11-23,2019-10-23,,,2016-11-23,2016-11-23,private
109070,JOOSUNG CORPORATION,(주)주성코퍼레이션,20160502001506,CB,2016-05-02,무기명식 무보증 사모 전환사채,1000000000,0,5,2019-05-02,1344,100,2017-05-02,2018-04-02,,,2016-05-02,2016-05-02,private
109070,JOOSUNG CORPORATION,(주)주성코퍼레이션,20170901000282,CB,2017-09-01,무기명식 이권부 무보증 사모 전환사채,1000000000,0,5,2020-09-01,500,100,2018-09-01,2020-08-01,,,2017-09-01,2017-09-01,private
109070,JOOSUNG CORPORATION,(주)주성코퍼레이션,20210317001062,CB,2018-04-13,무기명식 이권부 무보증 사모 전환사채,3000000000,1,5,2022-04-13,5395,100,2019-04-13,2022-04-12,,,2018-03-14,2018-04-13,private
109070,JOOSUNG CORPORATION,(주)주성코퍼레이션,20260805000262,CB,2026-07-09,무기명식 이권부 무보증 사모 전환사채,30000000000,0,0,2029-09-18,1476,100,2027-09-18,2029-08-18,1034,,2026-08-05,2026-09-18,private
048550,"SM Culture & Contents Co., Ltd.",(주)에스엠컬처앤콘텐츠,20170718000247,CB,2017-07-17,무기명식무보증사모전환사채,7700000000,0,2,2020-10-18,3097,100,2018-10-19,2020-09-18,,,2017-07-17,2017-10-19,private
156100,"L&K BIOMED CO., LTD.",(주)엘앤케이바이오메드,20180605000347,CB,2018-05-25,무기명식 이권부 무보증 사모 전환사채,6000000000,0,0,2023-06-01,9950,100,2019-06-01,2023-05-01,,,2018-05-29,2018-06-01,private
156100,"L&K BIOMED CO., LTD.",(주)엘앤케이바이오메드,20170518000226,CB,2017-05-18,무기명식 이권부 무보증 사모 전환사채,10000000000,0,2,2020-05-22,7273,100,2018-05-22,2020-04-22,,,2017-05-22,2017-05-22,private
156100,"L&K BIOMED CO., LTD.",(주)엘앤케이바이오메드,20210716000088,CB,2021-07-15,무기명식 무보증 사모 전환사채,20000000000,0,0,2026-07-16,20773,100,2022-07-16,2026-06-16,14542,,2021-07-16,2021-07-16,private
156100,"L&K BIOMED CO., LTD.",(주)엘앤케이바이오메드,20250526000396,CB,2025-05-26,무기명식 이권부 무보증 사모 전환사채,1000000000,2,4,2030-05-28,6249,100,2026-05-28,2030-04-28,4375,,2025-05-28,2025-05-28,private
156100,"L&K BIOMED CO., LTD.",(주)엘앤케이바이오메드,20240508000398,CB,2024-05-07,무기명식 이권부 무보증 사모 전환사채,20000000000,2,4,2029-05-09,9064,100,2025-05-09,2029-04-09,6345,,2024-05-09,2024-05-09,private
156100,"L&K BIOMED CO., LTD.",(주)엘앤케이바이오메드,20260109000381,CB,2026-01-09,무기명식 이권부 무보증 사모 전환사채,32000000000,0,1,2031-01-19,13534,100,2027-01-19,2030-12-19,9474,,2026-01-19,2026-01-19,private
047820,"CHOROKBAEM MEDIA CO.,LTD.",(주)초록뱀미디어,20151208000034,CB,2015-12-08,"무기명식 무보증
국내사모 전환사채",37949740000,0,3,2018-12-10,5100,100,2016-12-10,2018-12-10,,,2015-12-10,2015-12-10,private
047820,"CHOROKBAEM MEDIA CO.,LTD.",(주)초록뱀미디어,20180517000111,CB,2018-04-06,무기명식 무보증 국내사모 전환사채,20000000000,0,2,2021-05-18,1720,100,2019-05-18,2021-04-18,,,2018-04-06,2018-05-18,private
047820,"CHOROKBAEM MEDIA CO.,LTD.",(주)초록뱀미디어,20191115000347,CB,2019-11-15,무기명식 무보증 국내사모 전환사채,3100000000,0,3,2022-12-27,1475,100,2020-12-27,2022-11-27,,,2019-11-15,2019-12-27,private
047820,"CHOROKBAEM MEDIA CO.,LTD.",(주)초록뱀미디어,20200909000406,CB,2020-09-09,무기명식 무보증 국내사모 전환사채,12300000000,1,1,2023-09-18,2120,100,2021-09-18,2023-08-18,500,,2020-09-09,2020-09-18,private
047820,"CHOROKBAEM MEDIA CO.,LTD.",(주)초록뱀미디어,20211202000373,CB,2021-11-09,무기명식 무보증 국내사모 전환사채,30000000000,0,2,2024-12-10,3205,100,2022-12-10,2024-11-10,500,,2021-11-09,2021-12-10,private
047820,"CHOROKBAEM MEDIA CO.,LTD.",(주)초록뱀미디어,20250326001268,CB,2025-03-26,무기명식 무보증 사모 전환사채,20000000000,4,8,2030-03-28,5400,100,2026-03-28,2030-03-27,5000,,2025-03-27,2025-03-28,private
047820,"CHOROKBAEM MEDIA CO.,LTD.",(주)초록뱀미디어,20250326001275,CB,2025-03-26,무기명식 무보증 사모 전환사채,30000000000,4,8,2030-03-28,5400,100,2026-03-28,2030-03-27,5000,,2025-03-27,2025-03-28,private
037440,Heerim Architects & Planners,(주)희림종합건축사사무소,20170628000227,CB,2017-06-28,기명식 무보증 사모 전환사채,9000000000,1,4.9,2020-06-30,5104,100,2018-06-30,2020-06-23,,,2017-06-30,2017-06-30,private
048410,"HYUNDAI BIOSCIENCE CO., LTD.",현대바이오사이언스(주),20151127000783,CB,2015-11-25,무기명식 이권부 무보증 사모 전환사채,10000000000,1,4,2018-11-27,7412,100,2016-11-27,2018-11-20,,,2015-11-27,2015-11-27,private
048410,"HYUNDAI BIOSCIENCE CO., LTD.",현대바이오사이언스(주),20190107000044,CB,2019-01-07,무기명식 이권부 무보증 사모 전환사채,7000000000,1,4,2022-01-07,5511,100,2020-01-07,2021-12-31,,,2019-01-07,2019-01-07,private
048410,"HYUNDAI BIOSCIENCE CO., LTD.",현대바이오사이언스(주),20160803000504,CB,2016-08-03,무기명식 이권부 무보증 사모 전환사채,8000000000,1,4,2019-08-05,7888,100,2017-08-07,2019-07-29,,,2016-08-05,2016-08-05,private
048410,"HYUNDAI BIOSCIENCE CO., LTD.",현대바이오사이언스(주),20160512000865,CB,2016-05-12,무기명식 이권부 무보증 사모 전환사채,3000000000,1,4,2019-05-12,6245,100,2017-05-12,2019-05-06,,,2016-05-12,2016-05-12,private
048410,"HYUNDAI BIOSCIENCE CO., LTD.",현대바이오사이언스(주),20200918000481,CB,2020-09-18,무기명식 이권부 무보증 사모 전환사채,32000000000,0,1,2024-09-22,11697,100,2021-09-22,2024-08-22,8188,,2020-09-22,2020-09-22,private
048410,"HYUNDAI BIOSCIENCE CO., LTD.",현대바이오사이언스(주),20240516002252,CB,2024-05-16,무기명식 이권부 무보증 사모 전환사채,18000000000,2,7,2027-05-20,20963,100,2025-05-20,2027-04-20,14675,,2024-05-17,2024-05-20,private
048410,"HYUNDAI BIOSCIENCE CO., LTD.",현대바이오사이언스(주),20250120000304,CB,2024-06-17,무기명식 이권부 무보증 사모 전환사채,3000000000,0,7,2027-06-19,19127,100,2025-06-19,2027-05-19,13389,,2024-06-19,2024-06-19,private
048410,"HYUNDAI BIOSCIENCE CO., LTD.",현대바이오사이언스(주),20250925000643,CB,2025-09-24,무기명식 이권부 무보증 사모 전환사채,15000000000,1,4,2028-10-02,5804,100,2026-10-02,2028-09-02,4063,,2025-09-24,2025-10-02,private
048410,"HYUNDAI BIOSCIENCE CO., LTD.",현대바이오사이언스(주),20260615000419,CB,2026-06-15,무기명식 이권부 무보증 사모 전환사채,10000000000,0,4,2029-06-23,10201,100,2027-06-23,2029-05-23,7141,,2026-06-22,2026-06-23,private
076080,"WELCRON HANTEC CO.,LTD.",(주)웰크론한텍,20171027000503,CB,2017-10-27,무기명식 이권부 무보증 사모 전환사채,4000000000,0,2,2022-10-30,3585,100,2018-10-30,2022-09-30,,,2017-10-30,2017-10-30,private
076080,"WELCRON HANTEC CO.,LTD.",(주)웰크론한텍,20210910000293,CB,2021-09-10,무기명식 무보증사모 전환사채,10000000000,0,0,2026-09-14,4385,100,2022-09-14,2026-08-14,3070,,2021-09-14,2021-09-14,private
079160,"CJ CGV CO.,LTD.",씨제이씨지브이(주),20210527000003,CB,2021-04-16,무기명식 이권부 무보증 후순위 전환사채,300000000000,1,,2051-06-08,26600,100,2021-07-08,2051-05-08,,,2021-06-03,2021-06-08,public
079160,"CJ CGV CO.,LTD.",씨제이씨지브이(주),20220708000007,CB,2022-05-31,무기명식 이권부 무보증 후순위 전환사채,400000000000,0.5,,2052-07-21,22000,100,2022-08-21,2052-06-21,,,2022-07-12,2022-07-21,public
219130,"TIGER ELEC CO.,LTD.",주식회사 타이거일렉,20260512000631,CB,2026-05-12,무기명식 무이권부 무보증 사모 전환사채,30000000000,0,0,2031-05-20,58879,100,2027-05-20,2031-04-20,50048,,,2026-05-20,private
042700,"HANMI Semiconductor CO., LTD.",한미반도체(주),20160921000295,EB,2016-09-21,무기명식 무보증 이권부 사모 교환사채,37500000000,1,1,2022-09-23,15000,100,2017-09-23,2022-08-23,,"not applicable (EB is exchanged for already-issued shares, not newly issued)",2016-07-27,2016-09-23,private
007690,"KUKDO CHEMICAL CO.,LTD",국도화학(주),20250827000516,EB,2025-08-27,무기명식 무보증 사모 교환사채,30183696000,0,0,2030-09-03,44750,100,2025-09-04,2030-08-03,,"not applicable (EB is exchanged for already-issued shares, not newly issued)",2025-09-03,2025-09-03,private
065570,"Samyung ENC Co., Ltd.",삼영이엔씨(주),20200117000275,CB,2020-01-17,무기명식 이권부 무보증 사모 전환사채,10000000000,0,2,2024-01-21,6226,100,2021-01-21,2023-12-21,,,2020-01-21,2020-01-21,private
065570,"Samyung ENC Co., Ltd.",삼영이엔씨(주),20220311000958,CB,2022-03-11,무기명식 이권부 무보증 사모 전환사채,20000000000,0,0,2027-03-16,7365,100,2023-03-16,2027-02-16,5156,,2022-03-15,2022-03-16,private
065570,"Samyung ENC Co., Ltd.",삼영이엔씨(주),20230922000361,CB,2023-09-22,무기명식 이권부 무보증 사모 전환사채,4200000000,0,2,2028-09-26,4680,100,2024-09-26,2028-08-26,3276,,2023-09-26,2023-09-26,private
065570,"Samyung ENC Co., Ltd.",삼영이엔씨(주),20241209000364,CB,,,,,,,,,,,,,,,private
065570,"Samyung ENC Co., Ltd.",삼영이엔씨(주),20250512000789,CB,,,,,,,,,,,,,,,private
003220,"DAEWON PHARMACEUTICAL CO.,LTD",대원제약(주),20210520000102,CB,2021-05-20,무기명식 이권부 무보증 사모 전환사채,12000000000,0,0,2026-05-24,16631,100,2022-05-24,2026-04-24,11642,,2021-05-24,2021-05-24,private
003220,"DAEWON PHARMACEUTICAL CO.,LTD",대원제약(주),20250902000253,EB,2025-09-02,무기명식 이권부 무보증 사모 교환사채,15857590944,0,0,2030-09-09,15951,100,2025-09-16,2030-09-02,,"not applicable (EB is exchanged for already-issued shares, not newly issued)",2025-09-02,2025-09-09,private
208350,"Jiransecurity Co., Ltd.",(주)지란지교시큐리티,20170719000260,EB,2017-07-19,무기명식 이권부 사모 교환사채,7000000000,,,2022-08-02,17142,100,2017-09-03,2022-07-02,,"not applicable (EB is exchanged for already-issued shares, not newly issued)",2017-08-03,2017-08-03,private
218410,RFHIC CORPORATION,알에프에이치아이씨(주),20180724000262,CB,2018-07-24,무기명식 이권부 무보증 사모 전환사채,10000000000,0,0,2022-01-26,25050,100,2019-07-26,2021-12-26,,,2018-07-26,2018-07-26,private
218410,RFHIC CORPORATION,알에프에이치아이씨(주),20180405001707,CB,2018-04-05,무기명식 이권부 무보증 사모 전환사채,18000000000,0,1.3,2021-10-09,18650,100,2019-04-09,2021-09-08,,,2018-04-09,2018-04-09,private
218410,RFHIC CORPORATION,알에프에이치아이씨(주),20200730000218,CB,2020-07-30,무기명식 이권부 사모 전환사채,30000000000,0,0,2024-08-03,38214,100,2021-08-03,2024-07-03,36000,,2020-08-03,2020-08-03,private
218410,RFHIC CORPORATION,알에프에이치아이씨(주),20210205000467,BW,2021-02-05,무기명식 이권부 무보증 비분리형 사모 신주인수권부사채,30000000000,0,0,2024-08-09,45289,100,2022-02-09,2024-07-09,,,2021-02-09,2021-02-09,private
218410,RFHIC CORPORATION,알에프에이치아이씨(주),20251001000656,EB,2025-10-01,무기명식 무보증 사모 교환사채,31000000000,0,0,2028-10-16,34212,100,2025-11-03,2028-09-16,,"not applicable (EB is exchanged for already-issued shares, not newly issued)",,2025-10-16,private
222800,"SIMMTECH Co., Ltd.",(주)심텍,20240308000879,CB,2024-03-08,무기명식 이권부 무보증 사모 전환사채,100000000000,0,1,2029-03-12,30276,100,2025-03-12,2029-02-12,21194,,2024-03-12,2024-03-12,private
222800,"SIMMTECH Co., Ltd.",(주)심텍,20250611000341,CB,2025-06-11,"무기명식 이권부 무보증 
영구사모 전환사채",50000000000,4,4,2055-06-20,21556,100,2026-06-20,2055-05-20,,,2025-06-13,2025-06-20,private
222800,"SIMMTECH Co., Ltd.",(주)심텍,20240308000871,BW,2024-03-08,"무기명식 이권부 무보증 
사모 신주인수권부사채",20000000000,0,1,2029-03-12,30276,100,2025-03-12,2029-02-12,21194,,2024-03-12,2024-03-12,private
318160,"Cell Bio Human Tech Co., Ltd",주식회사 셀바이오휴먼텍,20251217000571,EB,2025-12-12,무기명식 무보증 사모 교환사채,6000002800,0,0,2032-12-22,9680,100,2026-01-05,2032-12-08,,"not applicable (EB is exchanged for already-issued shares, not newly issued)",2025-12-22,2025-12-22,private
318160,"Cell Bio Human Tech Co., Ltd",주식회사 셀바이오휴먼텍,20250918000403,EB,2025-09-18,무보증 사모 교환사채,3500000000,0,0,2032-09-26,10236,100,2025-10-26,2032-08-26,,"not applicable (EB is exchanged for already-issued shares, not newly issued)",2025-09-22,2025-09-26,private
277880,"TSI Co., Ltd.",주식회사 티에스아이,20211019000097,CB,2021-05-31,무기명식 무보증 사모전환사채,22000000000,0,0,2026-06-08,12320,100,2022-06-09,2026-06-07,8624,,2021-06-02,2021-06-08,private
277880,"TSI Co., Ltd.",주식회사 티에스아이,20211019000104,CB,2021-10-15,무기명식 이권부 무보증 사모 전환사채,12000000000,0,0,2026-10-19,14644,100,2022-10-19,2026-09-19,,,2021-10-19,2021-10-19,private
277880,"TSI Co., Ltd.",주식회사 티에스아이,20221019000311,CB,2022-10-19,무기명식 무보증 사모 전환사채,6000000000,0,0,2027-09-30,9160,100,2023-10-21,2027-08-30,8244,,2022-10-21,2022-10-21,private
277880,"TSI Co., Ltd.",주식회사 티에스아이,20221019000325,CB,2022-10-19,무기명식 무보증 사모 전환사채,4000000000,0,0,2027-09-30,9160,100,2023-10-21,2027-08-30,8244,,2022-10-21,2022-10-21,private
277880,"TSI Co., Ltd.",주식회사 티에스아이,20220926000168,CB,2022-09-26,무기명식 무보증 사모 전환사채,14000000000,0,0,2027-09-30,9714,100,2023-09-30,2027-08-30,8743,,2022-09-28,2022-09-30,private
456070,"ENCell Co., Ltd.",이엔셀(주),20251204000358,CB,2025-12-04,무기명식 이권부 무보증 사모 전환사채,22500000000,0,3,2030-12-12,14295,100,2026-12-12,2030-11-12,11436,,2025-12-12,2025-12-12,private
166090,Hana Materials Inc.,하나머티리얼즈(주),20260804000510,EB,2026-08-04,무기명식 무이권부 무보증 사모 교환사채,100000000000,0,0,2028-09-14,34388,100,2026-09-15,2028-08-14,,"not applicable (EB is exchanged for already-issued shares, not newly issued)",2026-09-14,2026-09-14,private
402490,"Green Resource Co.,Ltd",주식회사 그린리소스,20240605000359,CB,2024-06-05,무기명식 무이권부 무보증 사모 전환사채,10000000000,0,0,2029-06-10,33531,100,2025-06-10,2029-05-10,,,2024-06-10,2024-06-10,private
402490,"Green Resource Co.,Ltd",주식회사 그린리소스,20260602000337,CB,2026-06-02,무기명식 무보증 사모 전환사채,20000000000,0,0,2031-06-10,15912,100,2027-06-10,2031-05-10,,,2026-06-10,2026-06-10,private
402490,"Green Resource Co.,Ltd",주식회사 그린리소스,20240605000361,BW,2024-06-05,무기명식 무보증 비분리형 사모 신주인수권부사채,10000000000,0,0,2029-06-10,33531,100,2025-06-10,2029-05-10,,,2024-06-10,2024-06-10,private
402490,"Green Resource Co.,Ltd",주식회사 그린리소스,20260602000358,BW,2026-06-02,무기명식 무보증 비분리형 사모 신주인수권부사채,10000000000,0,0,2031-06-10,15912,100,2027-06-10,2031-05-10,,,2026-06-10,2026-06-10,private
412540,"JEIL M&S CO., LTD",(주)제일엠앤에스,20250225004081,CB,2025-02-25,"무기명식 무
이권부 무보증 사모 전환사채",19000000000,0,1,2030-02-27,7936,100,2026-02-27,2030-01-27,6349,,2025-02-27,2025-02-27,private
123040,"MS AUTOTECH COMPANY, LIMITED",(주)엠에스오토텍,20200625000413,CB,2020-06-25,무기명식 이권부 무보증 사모 전환사채,23000000000,2,3,2025-06-29,5745,100,2021-06-29,2025-05-29,,,,2020-06-29,private
123040,"MS AUTOTECH COMPANY, LIMITED",(주)엠에스오토텍,20170411002091,CB,2017-04-11,국내 무기명식 이권부 무보증 사모 전환사채,20000000000,0,2,2022-04-13,5790,100,2018-04-13,2022-03-13,,,2017-04-13,2017-04-13,private
123040,"MS AUTOTECH COMPANY, LIMITED",(주)엠에스오토텍,20170713000419,CB,2017-07-13,국내 무기명식 이권부 무보증 사모 전환사채,6000000000,3,9,2019-07-14,8214,100,2018-07-14,2019-06-14,,,2017-07-13,2017-07-14,private
123040,"MS AUTOTECH COMPANY, LIMITED",(주)엠에스오토텍,20160114000045,BW,2016-01-04,"무기명식 이권부 무보증 
신주인수권부사채",15000000000,3,4,2021-01-21,4695,100,2016-02-21,2020-12-21,,,2016-01-18,2016-01-21,public
123040,"MS AUTOTECH COMPANY, LIMITED",(주)엠에스오토텍,20240416000117,EB,2024-04-15,무기명식 이권부 사모 교환사채,30000000000,3.5,8.2,2029-04-25,110800,100,2024-10-25,2029-03-25,,"not applicable (EB is exchanged for already-issued shares, not newly issued)",2024-05-03,2024-05-03,private
123040,"MS AUTOTECH COMPANY, LIMITED",(주)엠에스오토텍,20260514001117,EB,2026-05-14,무기명식 이권부 사모 교환사채,66000000000,0,0,2031-05-22,13644,100,2026-06-22,2031-04-22,,"not applicable (EB is exchanged for already-issued shares, not newly issued)",2026-05-15,2026-05-22,private
123040,"MS AUTOTECH COMPANY, LIMITED",(주)엠에스오토텍,20210216001101,EB,2021-02-16,무기명식 이권부 무보증 사모 교환사채,25000000000,1,3,2026-02-24,45000,100,2021-03-24,2026-01-24,,"not applicable (EB is exchanged for already-issued shares, not newly issued)",2021-02-24,2021-02-24,private
123040,"MS AUTOTECH COMPANY, LIMITED",(주)엠에스오토텍,20210701000150,EB,2021-07-01,무기명식 이권부 무보증 사모 교환사채,25000000000,1,3,2026-07-16,45000,100,2021-08-16,2026-06-16,,"not applicable (EB is exchanged for already-issued shares, not newly issued)",2021-07-16,2021-07-16,private
123040,"MS AUTOTECH COMPANY, LIMITED",(주)엠에스오토텍,20240416000115,EB,2024-04-15,무기명식 이권부 사모 교환사채,49000000000,1,2,2029-04-25,14960,100,2024-10-25,2029-03-25,,"not applicable (EB is exchanged for already-issued shares, not newly issued)",2024-04-25,2024-04-25,private
123040,"MS AUTOTECH COMPANY, LIMITED",(주)엠에스오토텍,20211206000364,EB,2021-11-26,무기명식 무보증 사모 교환사채,20000000000,0,1,2024-12-08,28550,100,2022-06-08,2024-12-03,,"not applicable (EB is exchanged for already-issued shares, not newly issued)",,2021-12-08,private
123040,"MS AUTOTECH COMPANY, LIMITED",(주)엠에스오토텍,20240415001235,EB,2024-04-15,무기명식 이권부 사모 교환사채,120000000000,3.5,8.2,2029-04-25,110800,100,2024-10-25,2029-03-25,,"not applicable (EB is exchanged for already-issued shares, not newly issued)",2024-04-25,2024-04-25,private
266350,"PangSky Co., Ltd.",(주)팡스카이,20210819000147,CB,2021-08-18,기명식 사모전환사채,1000000000,0,3,2024-08-18,14000,100,2021-09-18,2024-08-18,,,2021-08-18,2021-08-18,private
266350,"PangSky Co., Ltd.",(주)팡스카이,20211231000456,CB,2021-12-30,기명식 사모전환사채,500000000,0,4.5,2022-12-30,14000,100,2022-06-30,2022-12-29,,,2021-12-30,2021-12-30,private
266350,"PangSky Co., Ltd.",(주)팡스카이,20220331002667,CB,2022-03-23,기명식 사모전환사채,800000000,0,3,2025-03-31,14000,100,2022-04-01,2025-03-30,,,2022-03-31,2022-03-31,private
266350,"PangSky Co., Ltd.",(주)팡스카이,20240322000632,CB,2024-03-21,무기명식 이권부 무보증 사모 전환사채,1000000000,0,4,2027-03-22,3000,100,2024-04-22,2027-03-21,,,2024-03-22,2024-03-22,private
266350,"PangSky Co., Ltd.",(주)팡스카이,20240207000427,CB,2024-02-06,무기명식 이권부 무보증 사모 전환사채,100000000,2,8,2027-02-08,3000,100,2024-03-09,2027-02-07,,,2024-02-08,2024-02-08,private
266350,"PangSky Co., Ltd.",(주)팡스카이,20240618000316,CB,2024-06-03,무기명식 이권부 무보증 사모 전환사채,600000000,0,4,2027-06-18,3000,100,2024-07-18,2027-06-17,,,2024-06-18,2024-06-18,private
266350,"PangSky Co., Ltd.",(주)팡스카이,20250205000467,CB,2025-02-05,무기명식 이권부 무보증 사모 전환사채,500000000,2,8,2029-02-08,3000,100,2025-02-08,2029-01-08,,,2024-02-08,2024-02-08,private
266350,"PangSky Co., Ltd.",(주)팡스카이,20251002000420,CB,2025-10-02,무기명식 무보증 사모 영구 전환사채,569112500,0,0,2055-10-15,500,100,2026-10-15,2055-10-14,,,2025-10-15,2025-10-15,private
266350,"PangSky Co., Ltd.",(주)팡스카이,20210524000246,BW,2020-07-28,무기명식 사모분리형 신주인수권부사채,3000000000,0,3,2023-07-28,14000,100,2020-10-29,2023-07-28,,,2020-07-29,2020-07-29,private
136540,"WINS Technet Co., Ltd",(주)윈스테크넷,20160809000305,CB,2016-06-15,무보증사모전환사채,20000000000,1,2,2022-08-10,12000,100,2017-08-10,2022-08-10,,,2016-06-17,2016-08-10,private
136540,"WINS Technet Co., Ltd",(주)윈스테크넷,20160809000306,BW,2016-06-15,무기명식비분리형사모신주인수권부사채,4000000000,1,2,2022-08-10,12000,100,2017-08-10,2022-08-10,,,2016-06-17,2016-08-10,private
035720,Kakao Corp.,(주)카카오,20160411002443,CB,2016-04-11,무기명식 무보증 사모 전환사채,250000000000,0,0,2021-04-14,120014,100,2017-04-14,2021-03-14,,,2016-04-14,2016-04-14,private
035720,Kakao Corp.,(주)카카오,20250527000422,CB,2025-05-22,무기명식 무보증 사모 전환사채,50182840320,0,0,2028-05-30,37527,100,2026-05-30,2028-05-23,,,2025-05-30,2025-05-30,private
035720,Kakao Corp.,(주)카카오,20201022000004,EB,2020-10-21,외화 해외교환사채,339570000000,0,0,2023-04-28,477225,100,2021-01-01,2023-04-18,,"not applicable (EB is exchanged for already-issued shares, not newly issued)",2020-10-21,2020-10-28,private
035720,Kakao Corp.,(주)카카오,20240423000177,EB,2024-04-22,외화표시 무보증 선순위 교환사채,292963320000,2.625,2.625,2029-04-29,63700,100,2024-06-09,2029-04-19,,"not applicable (EB is exchanged for already-issued shares, not newly issued)",2024-04-22,2024-04-29,private
035720,Kakao Corp.,(주)카카오,20180903000213,EB,2016-04-25,"보증부
원화표시 외화지급
해외교환사채",230000000000,0,0,2021-05-11,128386,100,2016-06-21,2021-04-30,,"not applicable (EB is exchanged for already-issued shares, not newly issued)",2016-04-25,2016-05-11,private
046120,"Orbitech Co., Ltd.",(주)오르비텍,20160525000296,CB,2016-05-25,무기명식 이권부 무보증 사모 전환사채,10000000000,0,1,2021-05-26,5372,100,2017-05-26,2021-05-18,,,2016-05-26,2016-05-26,private
046120,"Orbitech Co., Ltd.",(주)오르비텍,20210806000409,CB,2021-08-06,무기명식 이권부 무보증 사모 전환사채,5000000000,1,3,2024-08-13,7785,100,2022-08-13,2024-07-13,5450,,2021-08-06,2021-08-13,private
046120,"Orbitech Co., Ltd.",(주)오르비텍,20210329001106,CB,2021-01-05,무기명식 이권부 무보증 사모 전환사채,10000000000,1,3,2024-03-29,4761,100,2022-03-29,2024-02-29,3333,,2021-01-05,2021-03-29,private
046120,"Orbitech Co., Ltd.",(주)오르비텍,20240530001430,CB,2024-05-23,무기명식 이권부 무보증 사모 전환사채,10200000000,0,2,2027-05-31,3053,100,2025-05-31,2027-04-30,2138,,2024-05-23,2024-05-31,private
046120,"Orbitech Co., Ltd.",(주)오르비텍,20241213000640,CB,,,,,,,,,,,,,,,private
046120,"Orbitech Co., Ltd.",(주)오르비텍,20251128000119,CB,2025-11-20,무기명식 이권부 무보증 사모 전환사채,3000000000,2,5,2028-11-28,4072,100,2026-11-28,2028-10-27,2850,,2025-11-20,2025-11-28,private
046120,"Orbitech Co., Ltd.",(주)오르비텍,20251223000778,CB,2025-11-10,무기명식 이권부 무보증 사모 전환사채,5000000000,0,0,2028-12-26,4229,100,2026-12-26,2028-11-26,2961,,2025-11-10,2025-12-26,private
046120,"Orbitech Co., Ltd.",(주)오르비텍,20251127000853,CB,2025-11-27,무기명식 이권부 무보증 사모 전환사채,5000000000,2,5,2028-12-08,3958,100,2026-12-08,2028-11-07,2771,,2025-11-27,2025-12-08,private
046120,"Orbitech Co., Ltd.",(주)오르비텍,20251218000456,CB,2025-12-18,무기명식 이권부 무보증 사모 전환사채,3000000000,0,0,2028-12-26,4179,100,2026-12-26,2028-11-26,2926,,2025-12-18,2025-12-26,private
046120,"Orbitech Co., Ltd.",(주)오르비텍,20260407002639,CB,2026-03-12,무기명식 이권부 무보증 사모 전환사채,10000000000,0,0,2029-04-10,6401,100,2027-04-10,2029-03-10,4481,,2026-03-12,2026-04-10,private
046120,"Orbitech Co., Ltd.",(주)오르비텍,20260827000953,CB,2026-08-24,무기명식 이권부 무보증 사모 전환사채,5000000000,2,5,2029-09-01,4514,100,2027-09-01,2029-08-01,3160,,2026-08-28,2026-09-01,private
069640,"HANSAEMK CO.,LTD.",한세엠케이(주),20241011000461,CB,2024-10-11,무기명식 이권부 무보증 사모 전환사채,10000000000,0,2,2029-10-15,1747,100,2025-10-15,2029-09-15,,,2024-10-15,2024-10-15,private
069640,"HANSAEMK CO.,LTD.",한세엠케이(주),20230626000338,EB,2023-06-26,무기명식 이권부 무보증 사모 교환사채,9142821725,0,4,2027-06-28,3425,100,2023-07-28,2027-05-28,,"not applicable (EB is exchanged for already-issued shares, not newly issued)",2023-06-28,2023-06-28,private
068050,"PANENTERTAINMENTCO.,LTD.",(주)팬엔터테인먼트,20210603000184,CB,2021-06-03,"무기명식 이권부
무보증 사모 전환사채",20000000000,0,0,2026-06-07,7669,100,2022-06-07,2026-05-07,5369,,2021-06-07,2021-06-07,private
068050,"PANENTERTAINMENTCO.,LTD.",(주)팬엔터테인먼트,20231107000206,EB,2023-11-07,무기명식 무보증 사모교환사채,2494079775,0,0,2028-11-09,3825,100,2023-11-16,2028-11-02,,"not applicable (EB is exchanged for already-issued shares, not newly issued)",2023-11-09,2023-11-09,private
067310,HanaMicronInc.,하나마이크론(주),20190228006118,CB,2019-02-28,무기명식 이권부 무보증 사모 전환사채,15000000000,0,0,2023-03-05,4386,100,2020-03-05,2023-02-05,,,2019-03-05,2019-03-05,private
067310,HanaMicronInc.,하나마이크론(주),20170120000229,CB,2017-01-20,무기명식 이권부 무보증 사모 전환사채,25000000000,0,1,2022-01-24,5472,100,2018-01-24,2021-12-24,,,2017-01-24,2017-01-24,private
067310,HanaMicronInc.,하나마이크론(주),20230313000944,CB,2023-03-13,무기명식 이권부 무보증 사모 영구전환사채,48000000000,0,2.5,2053-03-15,10632,100,2024-03-15,2053-02-15,,,2023-03-15,2023-03-15,private
368600,"ICH Co., Ltd.",(주)아이씨에이치,20230203000554,CB,2023-02-03,무기명식 이권부 무보증 사모 전환사채,20000000000,0,1,2026-02-07,7332,100,2024-02-07,2026-01-07,5133,,2023-02-07,2023-02-07,private
368600,"ICH Co., Ltd.",(주)아이씨에이치,20250521000320,CB,2025-05-21,무기명식 이권부 무보증 사모 전환사채,3300000000,0,3,2030-05-23,3012,100,2026-05-23,2030-04-23,2109,,2025-05-23,2025-05-23,private
368600,"ICH Co., Ltd.",(주)아이씨에이치,20250120000396,CB,2025-01-20,무기명식 이권부 무보증 사모 전환사채,19000000000,0,3,2030-01-22,3528,100,2026-01-22,2029-12-22,2470,,2025-01-22,2025-01-22,private
368600,"ICH Co., Ltd.",(주)아이씨에이치,20230330000778,EB,2023-03-30,무기명식 이권부 무보증 사모 교환사채,3002770000,0,1,2027-04-03,8548,100,2023-05-03,2027-03-03,,"not applicable (EB is exchanged for already-issued shares, not newly issued)",2023-04-03,2023-04-03,private
005490,POSCO Holdings Inc.,포스코홀딩스(주),20210826000004,EB,2021-08-13,외화 해외교환사채,1449965088000,0,-0.78,2026-09-01,494450,100,2021-10-12,2026-08-22,,"not applicable (EB is exchanged for already-issued shares, not newly issued)",2021-08-13,2021-09-01,private
244920,"A Plus Asset Advisor Co., Ltd.",주식회사 에이플러스에셋어드바이저,20161013000392,CB,2016-10-12,무기명식 이권부 무보증    사모 전환사채,4000000000,1.5,4,2021-10-13,8620,100,2017-10-13,2021-09-13,,,2016-10-13,2016-10-13,private
244920,"A Plus Asset Advisor Co., Ltd.",주식회사 에이플러스에셋어드바이저,20160607000238,CB,2016-05-20,무기명식 이권부 무보증 사모 전환사채,4000000000,1.5,4,2021-05-24,8620,100,2017-05-24,2021-04-24,,,2016-05-24,2016-05-24,private
244920,"A Plus Asset Advisor Co., Ltd.",주식회사 에이플러스에셋어드바이저,20170601000442,BW,2017-05-24,"무기명식 이권부 
무보증 분리형 사모 신주인수권부사채",20000000000,1,4,2019-05-25,7000,100,2018-05-25,2022-05-25,,,2017-05-25,2017-05-25,private
114630,"POLARIS UNO, Inc.",(주)폴라리스우노,20210608000333,CB,2021-06-08,무기명식 이권부 무보증 사모 전환사채,30000000000,1,1,2025-06-10,6004,100,2022-06-10,2025-05-10,500,,2021-06-10,2021-06-10,private
114630,"POLARIS UNO, Inc.",(주)폴라리스우노,20251127001361,CB,2025-11-27,무기명식 이권부 무보증 사모 전환사채,15000000000,3,3,2028-12-08,500,100,2026-12-08,2028-11-08,,,,2025-12-08,private
064240,"homecast CO., LTD.",(주)홈캐스트,20160830000571,CB,2016-08-01,"국내 무기명식 이권부 
무보증 사모 전환사채",11000000000,4,4,2019-08-31,10650,100,2017-08-31,2019-07-31,,,2016-08-02,2016-08-31,private
199430,KNR SYSTEMS Inc.,(주)케이엔알시스템,20260219001739,CB,2026-02-13,무기명식 이권부 무보증 사모 전환사채,15800000000,0,1,2031-02-26,32161,100,2027-02-26,2031-01-26,,,2026-02-25,2026-02-26,private
042370,"Vitzro Tech Co.,LTD.",(주)비츠로테크,20180913000477,CB,2018-09-13,무기명식 무이권부 무보증 사모 전환사채,20000000000,1,2,2023-09-14,7420,100,2019-09-14,2023-09-13,,,2018-09-14,2018-09-14,private
192410,"ONEUL E&M co.,Ltd",(주)오늘이엔엠,20181101000002,CB,,,,,,,,,,,,,,,private
192410,"ONEUL E&M co.,Ltd",(주)오늘이엔엠,20210210000001,CB,2021-02-09,무기명식 이권부 무보증 사모 전환사채,8000000000,0,3,2024-02-17,2455,100,2022-04-30,2024-01-17,500,,2021-02-09,2021-02-17,private
192410,"ONEUL E&M co.,Ltd",(주)오늘이엔엠,20210216001387,CB,2021-02-09,무기명식 이권부 무보증 사모 전환사채,3000000000,0,3,2024-04-20,2992,100,2022-04-30,2024-03-20,500,,2021-02-16,2021-04-20,private
192410,"ONEUL E&M co.,Ltd",(주)오늘이엔엠,20210430000775,CB,2021-02-09,무기명식 이권부 무보증 사모 전환사채,9030000000,0,3,2024-04-30,2455,100,2022-04-30,2024-03-30,500,,2021-02-09,2021-04-30,private
192410,"ONEUL E&M co.,Ltd",(주)오늘이엔엠,20200824000392,CB,2017-06-12,무기명식 이권부 무보증 사모 전환사채,10000000000,4,0,2022-12-30,2250,100,2020-11-18,2022-12-29,500,,2017-06-12,2017-09-12,private
192410,"ONEUL E&M co.,Ltd",(주)오늘이엔엠,20230127000689,CB,2023-01-27,무기명식 무보증 사모 전환사채,,,,,,,,,,,,,private
192410,"ONEUL E&M co.,Ltd",(주)오늘이엔엠,20230127000690,CB,2023-01-27,무기명식 무보증 사모 전환사채,,,,,,,,,,,,,private
192410,"ONEUL E&M co.,Ltd",(주)오늘이엔엠,20240802000402,CB,2024-07-01,무기명식 이권부 무보증 사모전환사채,40000000000,1,6,2027-08-02,10641,100,2025-08-02,2027-07-02,500,,2024-07-01,2024-08-02,private
192410,"ONEUL E&M co.,Ltd",(주)오늘이엔엠,20181101000004,BW,,,,,,,,,,,,,,,private
192410,"ONEUL E&M co.,Ltd",(주)오늘이엔엠,20200824000393,BW,2017-06-12,"무기명식 이권부 무보증 사모 
비분리형 신주인수권부사채",10000000000,4,0,2022-12-30,2148,100,2020-11-18,2022-12-29,500,,2017-06-12,2017-08-14,private
314130,Genome&Company,(주)지놈앤컴퍼니,20230405003122,CB,2023-04-05,무기명식 이권부 무보증 사모 전환사채,23000000000,0,3,2028-04-07,20960,100,2024-04-07,2028-03-07,14680,,2023-04-07,2023-04-07,private
314130,Genome&Company,(주)지놈앤컴퍼니,20240717000406,CB,2024-07-17,무기명식 이권부 무보증 사모 전환사채,4500000000,0,3,2029-07-19,8360,100,2025-07-19,2029-06-19,5860,,2024-07-19,2024-07-19,private
314130,Genome&Company,(주)지놈앤컴퍼니,20250424000581,CB,2025-04-24,기명식 무이권부 무보증 사모 영구전환사채,27066097613,0,3,2055-04-28,3025,100,2026-04-28,2055-03-28,,,2025-04-28,2025-04-28,private
314130,Genome&Company,(주)지놈앤컴퍼니,20260305001673,CB,2026-03-05,무기명식 이권부 무보증 사모 전환사채,27000000000,0,2,2031-03-13,6420,100,2027-03-13,2031-02-13,4495,,2026-03-13,2026-03-13,private
330860,Nepes Ark Corporation,주식회사 네패스아크,20220630000608,CB,2022-06-20,무기명식 이권부 무보증 사모 전환사채,30000000000,1,2,2052-06-30,34570,100,2023-06-30,2052-05-30,,,2022-06-22,2022-06-30,private
289930,Wavice Inc.,(주)웨이비스,20251016000204,BW,2025-10-16,무기명식 무보증 비분리형 사모 신주인수권부사채,33500000000,0,0,2030-10-24,8690,100,2026-10-24,2030-09-24,,,2025-10-24,2025-10-24,private
348370,"Enchem Co., Ltd.",(주)엔켐,20230509000699,CB,2023-05-09,국내 사모 무기명 무보증 전환사채,31500000000,0,5,,73305,100,2024-05-11,2028-04-11,51314,,2023-05-11,2023-05-11,private
348370,"Enchem Co., Ltd.",(주)엔켐,20230705000401,CB,2023-07-05,무기명식 이권부 무보증 사모 전환사채,50000000000,0,5,2028-07-07,70711,100,2024-07-07,2028-06-07,49498,,2023-07-07,2023-07-07,private
348370,"Enchem Co., Ltd.",(주)엔켐,20241111000414,CB,2023-05-17,무기명식 이권부 무보증 사모 전환사채,110000000000,0,5,2028-06-02,68048,100,2024-06-02,2028-05-02,47634,,2023-06-02,2023-06-02,private
348370,"Enchem Co., Ltd.",(주)엔켐,20241122000083,CB,2024-10-14,무기명식 이권부 무보증 공모 전환사채,250000000000,1,3,2029-11-29,140800,100,2024-12-29,2029-10-29,112700,,2024-11-26,2024-11-29,public
348370,"Enchem Co., Ltd.",(주)엔켐,20251226000515,CB,2025-12-26,무기명식 무보증 사모 전환사채,18700000000,0,3,2029-01-05,72686,100,2027-01-05,2028-12-05,50900,,2025-12-26,2026-01-05,private
348370,"Enchem Co., Ltd.",(주)엔켐,20260130000758,CB,2026-01-30,무기명식 무보증 사모 전환사채,7500000000,0,3,2029-01-30,63833,100,2027-01-31,2028-12-30,44700,,2026-01-22,2026-01-30,private
348370,"Enchem Co., Ltd.",(주)엔켐,20260122000527,CB,2026-01-22,무기명식 무보증 사모 전환사채,3000000000,0,3,2029-01-30,62937,100,2027-01-31,2028-12-30,44100,,2026-01-22,2026-01-30,private
348370,"Enchem Co., Ltd.",(주)엔켐,20211125000368,BW,2021-11-25,국내 사모 무기명 무보증 비분리 신주인수권부사채,90000000000,0,0,2026-11-29,112730,100,2022-11-29,2026-10-29,78911,,2021-11-29,2021-11-29,private
240600,"YUJIN TECHNOLOGY CO.,LTD.",(주)유진테크놀로지,20230906000276,CB,2019-11-14,무기명식무보증사모전환사채,5000000000,1,5,2024-11-27,7500,100,2019-11-28,2024-11-27,,,2019-11-28,2019-11-28,private
049180,"CELLUMED CO., LTD.",(주)셀루메드,20150311000608,CB,2015-03-11,무기명식 이권부 무보증 사모 전환사채,10000000000,2,5,2018-03-12,3295,100,2016-03-12,2018-02-12,,,,2015-03-12,private
049180,"CELLUMED CO., LTD.",(주)셀루메드,20150528000469,CB,2015-05-28,무기명식 이권부 무보증 사모 전환사채,2000000000,2,5,2018-05-29,6400,100,2016-05-29,2018-04-29,,,,2015-05-29,private
049180,"CELLUMED CO., LTD.",(주)셀루메드,20150716000260,CB,2015-07-16,"무기명식
이권부 무보증 사모 전환사채",2000000000,2,5,2018-07-20,5520,100,2016-07-20,2018-06-20,,,,2015-07-20,private
049180,"CELLUMED CO., LTD.",(주)셀루메드,20151109000252,CB,2015-11-09,"무기명식
이권부 무보증 사모 전환사채",4000000000,8,8,2018-11-09,4954,100,2016-11-09,2018-10-09,,,,2015-11-09,private
049180,"CELLUMED CO., LTD.",(주)셀루메드,20180426000851,CB,2018-04-26,"무기명식 이권부 무보증 
사모 전환사채",9760000000,2,4,2021-04-30,22250,100,2019-04-30,2021-03-29,,,2018-04-26,2018-04-30,private
049180,"CELLUMED CO., LTD.",(주)셀루메드,20190806000345,CB,2019-08-06,"무기명식 이권부 
무보증 사모 전환사채",6325000500,,3,2022-08-07,6600,100,2020-08-07,2022-07-07,,,2019-08-06,2019-08-07,private
049180,"CELLUMED CO., LTD.",(주)셀루메드,20190517000216,CB,2019-05-17,"무기명식 이권부 무보증 
사모 전환사채",4000000000,1,3,2022-05-20,9330,100,2020-05-20,2022-04-20,,,2019-05-17,2019-05-20,private
049180,"CELLUMED CO., LTD.",(주)셀루메드,20160909000410,CB,2016-09-09,"무기명식
이권부 무보증 사모 전환사채",3000000000,8,8,2019-09-09,2037,100,2017-09-09,2019-08-09,,,,2016-09-09,private
049180,"CELLUMED CO., LTD.",(주)셀루메드,20170602000398,CB,2017-05-29,무기명식 이권부 무보증 사모 전환사채,6180000000,0,3,2020-06-05,5850,100,2018-06-05,2020-06-05,,,2017-05-29,2017-06-05,private
049180,"CELLUMED CO., LTD.",(주)셀루메드,20161220000175,CB,2016-12-20,무기명식 이권부 무보증 사모 전환사채,2500000000,6,6,2019-12-20,1874,100,2017-12-20,2019-11-19,,,2016-12-20,2016-12-20,private
049180,"CELLUMED CO., LTD.",(주)셀루메드,20170719000159,CB,2017-07-19,무기명식 이권부 무보증 사모 전환사채,900000000,0,0,2020-07-21,8830,100,2018-07-21,2020-07-21,,,2017-07-19,2017-07-21,private
049180,"CELLUMED CO., LTD.",(주)셀루메드,20170215000268,CB,2017-02-15,무기명식 이권부 무보증 사모 전환사채,1470000000,2,4,2020-02-16,1405,100,2018-02-16,2020-01-15,,,2017-02-16,2017-02-16,private
049180,"CELLUMED CO., LTD.",(주)셀루메드,20210527000669,CB,2021-05-14,"무기명식 이권부 
무보증 사모 전환사채",10000000000,2,5,2024-06-02,6950,100,2022-06-02,2024-05-02,500,,2021-05-14,2021-06-02,private
049180,"CELLUMED CO., LTD.",(주)셀루메드,20210527000674,CB,2021-05-14,"무기명식 이권부 
무보증 사모 전환사채",5000000000,2,5,2024-06-02,6950,100,2022-06-02,2024-05-02,500,,2021-05-14,2021-06-02,private
049180,"CELLUMED CO., LTD.",(주)셀루메드,20230329001203,CB,2023-03-29,무기명식 이권부 무보증 사모 전환사채,5000000000,2,5,2026-04-05,5590,100,2024-04-05,2026-03-05,3913,,2023-03-29,2023-04-05,private
049180,"CELLUMED CO., LTD.",(주)셀루메드,20230831001592,CB,2023-08-31,무기명식 이권부 무보증 사모 전환사채,2000000000,2,5,2026-09-01,3975,100,2024-09-01,2026-08-01,2783,,2023-08-31,2023-09-01,private
049180,"CELLUMED CO., LTD.",(주)셀루메드,20231006000469,CB,2023-10-06,무기명식 이권부 무보증 사모 전환사채,3000000000,2,5,2026-10-06,3490,100,2024-10-06,2026-09-06,2443,,2023-10-06,2023-10-06,private
049180,"CELLUMED CO., LTD.",(주)셀루메드,20241106000304,CB,2024-11-06,무기명식 이권부 무보증 사모 전환사채,1000000000,2,6,2027-11-12,2823,100,2025-11-12,2027-10-12,1977,,2024-11-06,2024-11-12,private
049180,"CELLUMED CO., LTD.",(주)셀루메드,20231221000584,BW,,무기명 이권부 무보증 공모 신주인수권부사채,,,,,,,,,,,,,public
021040,dhSteel,(주)대호특수강,20180814001783,CB,2018-08-14,무기명식 무보증 사모 전환사채,15000000000,0,1.5,2022-08-16,1250,100,2019-08-17,2022-08-15,,,2018-08-14,2018-08-17,private
021040,dhSteel,(주)대호특수강,20210728000051,CB,2021-07-28,무기명식 이권부 무보증 사모 전환사채,11000000000,0,2,2024-07-30,989,100,2022-07-30,2024-06-30,693,,2021-07-30,2021-07-30,private
021040,dhSteel,(주)대호특수강,20220808000166,CB,2022-08-08,무기명식 이권부 무보증 사모 전환사채,7000000000,0,3,2025-08-11,730,100,2023-08-11,2025-07-11,511,,2022-08-10,2022-08-11,private
021040,dhSteel,(주)대호특수강,20230719000333,CB,2023-07-19,무기명식 이권부 무보증 사모 전환사채,5000000000,2,5,2026-07-21,5177,100,2024-07-21,2026-06-21,5000,,2023-07-21,2023-07-21,private
226400,"OSTEONIC Co., Ltd.",(주)오스테오닉,20180615000010,CB,2018-06-14,무기명식 이권부 무보증 사모 전환사채,7000000000,0,0,2021-06-18,6620,100,2019-06-18,2021-05-18,,,,2018-06-18,private
226400,"OSTEONIC Co., Ltd.",(주)오스테오닉,20190326000933,CB,2019-03-26,무기명식 이권부 무보증 사모 전환사채,5000000000,0,0,2022-03-28,5074,100,2020-03-28,2022-02-28,,,,2019-03-28,private
226400,"OSTEONIC Co., Ltd.",(주)오스테오닉,20170323000495,CB,2017-03-23,기명식 전환사채,2000000000,0,5,2022-03-23,4500,100,2018-03-24,2022-03-22,,,,2017-03-24,private
226400,"OSTEONIC Co., Ltd.",(주)오스테오닉,20170330001421,CB,2017-03-30,기명식 전환사채,1000000000,0,5,2022-03-30,4500,100,2018-03-31,2022-03-29,,,,2017-03-31,private
226400,"OSTEONIC Co., Ltd.",(주)오스테오닉,20170410001757,CB,2017-04-10,기명식 전환사채,500000000,0,5,2022-04-10,4500,100,2018-04-11,2022-04-09,,,,2017-04-11,private
226400,"OSTEONIC Co., Ltd.",(주)오스테오닉,20161124000309,CB,2016-11-24,기명식 전환사채,1000000000,0,5,2021-11-27,4500,100,2017-11-28,2021-11-26,,,,2016-11-28,private
226400,"OSTEONIC Co., Ltd.",(주)오스테오닉,20170307000511,CB,2017-03-07,기명식 전환사채,1000000000,0,5,2022-03-07,4500,100,2018-03-08,2022-03-06,,,,2017-03-08,private
226400,"OSTEONIC Co., Ltd.",(주)오스테오닉,20201013000321,CB,2020-10-13,무기명식 무보증 사모 전환사채,12000000000,0,1,2025-10-15,3427,100,2021-10-15,2025-09-15,2399,,2020-10-15,2020-10-15,private
226400,"OSTEONIC Co., Ltd.",(주)오스테오닉,20240805000434,EB,2024-08-05,무기명식 무보증 사모 교환사채,4974120052,0,0,2027-08-09,5786,100,2024-08-12,2027-07-09,,"not applicable (EB is exchanged for already-issued shares, not newly issued)",2024-08-07,2024-08-09,private
456010,"ICTK Co., Ltd.",아이씨티케이 주식회사,20250516000317,CB,2025-05-16,무기명식 무보증 사모 전환사채,21000000000,0,0,2029-05-23,17533,100,2026-05-23,2029-04-23,12274,,2025-05-22,2025-05-23,private
009200,"MOORIM PAPER CO.,LTD",무림페이퍼(주),20151211000476,EB,2015-12-11,"무기명식 이권부 
무보증 사모 교환사채",15000000000,1.5,3,2020-12-15,8100,100,2016-01-15,2020-11-15,,"not applicable (EB is exchanged for already-issued shares, not newly issued)",2015-12-15,2015-12-15,private
009200,"MOORIM PAPER CO.,LTD",무림페이퍼(주),20151211000074,EB,2015-12-11,"무기명식 이권부 
무보증 사모 교환사채",19020000000,1.5,3,2020-12-15,8100,100,2016-01-15,2020-11-15,,"not applicable (EB is exchanged for already-issued shares, not newly issued)",2015-12-15,2015-12-15,private
059210,"METABIOMED.CO.,LTD",(주)메타바이오메드,20240307000750,CB,2024-03-07,무기명식 무이권부 무보증 사모 전환사채,24000000000,0,0,2029-03-11,4795,100,2025-03-11,2029-02-11,4076,,2024-03-11,2024-03-11,private
064550,BIONEERCORPORATION,(주)바이오니아,20191028000317,CB,2019-10-28,무기명식 무보증 사모 전환사채,20000000000,0,2,2024-10-31,7577,100,2020-10-31,2024-09-30,,,2019-10-30,2019-10-31,private
042520,HANS BIOMED CORPORATION,한스바이오메드(주),20201215000190,CB,2020-12-15,무기명식 이권부 무보증 사모 전환사채,20000000000,0,2.6,2023-12-18,12808,100,2021-12-18,2023-12-11,8966,,2020-12-15,2020-12-18,private
042520,HANS BIOMED CORPORATION,한스바이오메드(주),20211022000407,BW,2021-08-31,무보증사모신주인수권부사채,15000000000,0,0,2024-10-26,15193,100,2022-10-26,2024-10-21,10636,,2021-09-02,2021-10-26,private
260660,"KOREA ARLICO PHARM CO.,LTD.",알리코제약(주),20220211000906,CB,2022-02-11,무기명식 이권부 무보증 사모 전환사채,10000000000,,1,2025-02-18,7802,100,2023-02-18,2025-01-18,6242,,2022-02-15,2022-02-18,private
260660,"KOREA ARLICO PHARM CO.,LTD.",알리코제약(주),20231108000333,CB,2023-11-08,무기명식 이권부 무보증 사모 전환사채,10000000000,0,1,2028-11-10,6221,100,2024-11-10,2028-10-10,4977,,2023-11-10,2023-11-10,private
260660,"KOREA ARLICO PHARM CO.,LTD.",알리코제약(주),20251217000606,CB,2025-12-17,무기명식 이권부 무보증 사모 전환사채,10500000000,0,2,2031-01-07,4075,100,2027-01-07,2030-12-07,3260,,2026-01-07,2026-01-07,private
138610,"NIBEC CO., LTD.",(주)나이벡,20150226000334,CB,2015-02-26,무기명 이권부 무보증 사모 전환사채,2000000000,1,5,2020-03-02,7121,100,2016-03-02,2020-02-02,,,,2015-03-02,private
138610,"NIBEC CO., LTD.",(주)나이벡,20171222000659,CB,2017-12-22,무기명식 이권부 무보증 사모 전환사채,5000000000,0,4,2020-12-26,10566,100,2018-12-26,2020-11-26,,,2017-12-22,2017-12-26,private
138610,"NIBEC CO., LTD.",(주)나이벡,20160331002013,CB,2016-03-30,무기명 이권부 무보증 사모 전환사채,6000000000,0,4,2021-03-31,10707,100,2017-03-31,2021-02-28,,,,2016-03-31,private
138610,"NIBEC CO., LTD.",(주)나이벡,20201223000625,CB,2020-12-23,무기명 이권부 무보증 사모 전환사채,10000000000,0,0,2025-12-28,40781,100,2021-12-28,2025-11-28,28546,,2020-12-28,2020-12-28,private
138610,"NIBEC CO., LTD.",(주)나이벡,20221118000539,CB,2022-11-18,무기명식 이권부 무보증 사모 전환사채,25000000000,0,3,2027-11-22,21175,100,2023-11-22,2027-10-22,14823,,2022-11-22,2022-11-22,private
138610,"NIBEC CO., LTD.",(주)나이벡,20201223000652,BW,2020-12-23,무기명식 이권부 무보증 사모 비분리형 신주인수권부사채,10000000000,0,0,2025-12-28,40781,100,2021-12-28,2025-11-28,28546,,2020-12-28,2020-12-28,private
253840,"Sugentech, Inc.",(주)수젠텍,20190919000306,CB,2019-09-19,무기명 이권부 무보증 사모 전환사채,10000000000,0,0,2024-09-23,6320,100,2020-09-23,2024-08-23,,,2019-09-23,2019-09-23,private
253840,"Sugentech, Inc.",(주)수젠텍,20210709000543,CB,2021-07-08,무기명 이권부 무보증 사모 전환사채,20000000000,0,0,2024-07-16,23031,100,2022-07-16,2024-06-16,16122,,2021-07-12,2021-07-16,private
253840,"Sugentech, Inc.",(주)수젠텍,20250829002038,EB,2025-08-29,무기명식 무보증 사모 교환사채,12506195000,0,0,2030-09-08,8604,100,2025-09-15,2030-09-01,,"not applicable (EB is exchanged for already-issued shares, not newly issued)",2025-09-08,2025-09-08,private
465770,STX Green Logis Ltd,(주)STX 그린 로지스,20241002000460,CB,2024-10-02,무기명식 이권부 무보증 사모 전환사채,8000000000,0,3,2028-10-07,15085,100,2025-10-07,2028-09-07,10560,,2024-10-07,2024-10-07,private
465770,STX Green Logis Ltd,(주)STX 그린 로지스,20250522000162,CB,2023-12-27,"무기명식 이권부 무보증

사모전환사채",15000000000,5,,2053-12-28,13252,100,2024-12-28,2053-12-28,,,2023-12-28,2023-12-28,private
465770,STX Green Logis Ltd,(주)STX 그린 로지스,20241224000394,CB,2024-12-24,무기명식 이권부 무보증사모 전환사채,13000000000,5,,2054-12-24,8263,100,2025-12-24,2054-11-24,,,2024-12-24,2024-12-24,private
084110,"Huons Global Co., Ltd.",(주)휴온스글로벌,20211028000125,CB,2021-10-28,"무기명식 무보증
사모 전환사채",50000000000,0,0,2026-11-01,51333,100,2022-11-01,2026-10-01,41067,,2021-11-01,2021-11-01,private
084110,"Huons Global Co., Ltd.",(주)휴온스글로벌,20251120000499,EB,2025-11-10,무기명식 무보증 사모 교환사채,23073882428,0,0,2030-11-25,64066,100,2025-12-25,2030-10-25,,"not applicable (EB is exchanged for already-issued shares, not newly issued)",2025-11-25,2025-11-25,private
036830,"Soulbrain Holdings Co., Ltd.",솔브레인홀딩스(주),20260615000412,CB,2026-06-15,무기명식 무이권부 무보증 사모 전환사채,45000000000,0,0,2031-06-30,48704,100,2027-07-01,2031-05-31,,,2026-06-30,2026-06-30,private
308430,"Cellbion Co., Ltd",주식회사 셀비온,20260422000658,CB,2026-04-15,무기명식 무보증 사모 전환사채,25000000000,0,0,2031-04-23,36048,100,2027-04-23,2031-03-23,30641,,2026-04-23,2026-04-23,private
144960,"New Power Plasma Co.,Ltd",(주)뉴파워프라즈마,20260128000412,EB,2026-01-28,무기명식 이권부 무보증 사모 교환사채,21000000000,0,0,2031-02-05,7000,100,2026-02-06,2031-01-05,,"not applicable (EB is exchanged for already-issued shares, not newly issued)",2026-02-05,2026-02-05,private
039200,OSCOTECInc.,(주)오스코텍,20150108000696,CB,2015-01-08,무기명식 이권부 무보증 사모 전환사채,2000000000,0,3.5,2019-01-09,1916,100,2016-01-09,2018-12-09,,,,2015-01-09,private
039200,OSCOTECInc.,(주)오스코텍,20151202000088,CB,2015-12-01,무기명식 이권부 무보증 사모 전환사채,6000000000,1,2,2018-12-03,5518,100,2016-12-03,2018-11-03,,,,2015-12-03,private
039200,OSCOTECInc.,(주)오스코텍,20191218000361,CB,2019-12-18,무기명식 이권부 무보증 사모 전환사채,5500000000,0,2,2022-12-26,22850,100,2020-12-26,2022-11-26,,,2019-12-18,2019-12-26,private
039200,OSCOTECInc.,(주)오스코텍,20180904000383,CB,2018-09-04,무기명식 이권부 무보증 사모 전환사채,10000000000,0,2,2021-09-11,26850,100,2019-09-11,2021-08-11,,,2018-09-04,2018-09-11,private
039200,OSCOTECInc.,(주)오스코텍,20171222000775,CB,2017-12-22,무기명식 이권부 무보증 사모 전환사채,10000000000,0,2,2020-12-26,11750,100,2018-12-26,2020-11-26,,,2017-12-22,2017-12-26,private
187420,"HLB Genex, Inc.",에이치엘비제넥스(주),20200821000234,CB,2020-08-21,무기명식 무보증 사모 전환사채,10000000000,0,3,2025-08-24,6799,100,2021-08-24,2025-07-24,4760,,2020-08-24,2020-08-24,private
187420,"HLB Genex, Inc.",에이치엘비제넥스(주),20241029000378,CB,2024-10-28,무기명식 무보증 사모 전환사채,55000000000,1,2,2027-12-12,3081,100,2025-12-12,2027-11-12,2157,,2024-10-30,2024-12-12,private
187420,"HLB Genex, Inc.",에이치엘비제넥스(주),20240610000001,CB,2022-06-28,무기명식 무보증 사모 전환사채,23200000000,0,2,2027-07-06,5747,100,2023-07-06,2027-06-06,4023,,2022-06-30,2022-07-06,private
086520,"ECOPRO CO.,LTD",(주)에코프로,20150727000228,CB,2015-07-27,전환사채,22000000000,1,3,2019-07-29,9210,100,2016-07-29,2019-06-29,,,2015-07-29,2015-07-29,private
086520,"ECOPRO CO.,LTD",(주)에코프로,20210728000392,CB,2021-07-23,무기명식 이권부 무보증 사모 전환사채,150000000000,0,0,2026-07-27,64300,100,2022-07-27,2026-06-27,45050,,2021-07-26,2021-07-27,private
086520,"ECOPRO CO.,LTD",(주)에코프로,20241021000263,EB,2024-10-21,무기명식 이권부 무보증 사모 신종 교환사채,75000000000,0,2,2054-10-23,92200,100,2024-11-24,2054-09-23,,"not applicable (EB is exchanged for already-issued shares, not newly issued)",2024-10-23,2024-10-23,private
086520,"ECOPRO CO.,LTD",(주)에코프로,20160615000284,EB,2016-06-15,"무기명 무보증 
이권부 교환사채",16500000000,0,0,2021-06-17,10000,100,2016-07-17,2021-06-10,,"not applicable (EB is exchanged for already-issued shares, not newly issued)",2016-06-17,2016-06-17,private
086520,"ECOPRO CO.,LTD",(주)에코프로,20200610000427,EB,2020-06-10,무기명식 이권부 무보증 사모 교환사채,80000000000,0,1,2023-06-12,133100,100,2020-07-12,2023-05-12,,"not applicable (EB is exchanged for already-issued shares, not newly issued)",2020-06-12,2020-06-12,private
086520,"ECOPRO CO.,LTD",(주)에코프로,20241226000355,EB,2024-12-26,무기명식 이권부 무보증 사모 신종 교환사채,30000000000,0,2,2054-12-30,73200,100,2025-01-31,2054-11-30,,"not applicable (EB is exchanged for already-issued shares, not newly issued)",2024-12-30,2024-12-30,private
065370,"WISE iTech Co., Ltd.",(주)위세아이텍,20181121000055,CB,2018-11-20,무기명식 무보증 사모 전환사채,1000000000,0,1,2021-11-28,9000,100,2019-11-28,2021-11-27,,,2018-11-22,2018-11-28,private
065370,"WISE iTech Co., Ltd.",(주)위세아이텍,20201012000348,CB,2020-10-12,무기명식 무보증 사모 전환사채,12000000000,0,1,2025-10-14,18920,100,2021-10-14,2025-09-14,13244,,2020-10-14,2020-10-14,private
229000,Gencurix Inc.,(주)젠큐릭스,20200211000449,CB,2020-02-10,"기명식 무보증
사모 전환사채",1299999000,4,8,2023-02-10,19500,100,2021-02-11,2023-02-09,,,2020-02-10,2020-02-11,private
229000,Gencurix Inc.,(주)젠큐릭스,20210531002617,CB,2021-05-31,"기명식 무보증
사모 전환사채",18000000000,1,1,2026-06-08,25050,100,2022-06-08,2026-05-08,20050,,2021-06-02,2021-06-08,private
229000,Gencurix Inc.,(주)젠큐릭스,20200131000389,CB,2020-01-28,"기명식 무보증
사모 전환사채",3000003000,4,8,2023-01-30,19500,100,2021-01-31,2023-01-29,,,2020-01-29,2020-01-31,private
229000,Gencurix Inc.,(주)젠큐릭스,20200131000383,CB,2020-01-28,"기명식 무보증
사모 전환사채",1000018500,3,3,2023-01-30,19500,100,2021-01-31,2023-01-29,,,2020-01-28,2020-01-31,private
229000,Gencurix Inc.,(주)젠큐릭스,20231226000463,CB,2023-12-26,"무기명식 무이권부 
무보증 사모 전환사채",2000000000,0,0,2028-12-27,5604,100,2024-12-27,2028-11-27,,,2023-12-26,2023-12-27,private
229000,Gencurix Inc.,(주)젠큐릭스,20251224000712,CB,2025-12-23,"무기명식 무이권부 
무보증 사모 전환사채",100000000,0,3,2030-12-31,1520,100,2026-12-31,2030-11-30,,,2025-12-23,2025-12-31,private
229000,Gencurix Inc.,(주)젠큐릭스,20260903000307,CB,2026-09-03,"무기명식
이권부
무보증 사모 전환사채",500000000,2,4,2029-09-11,1919,100,2027-09-11,2029-08-10,1344,,2026-09-04,2026-09-11,private
105560,KB Financial Group Inc.,(주)KB금융지주,20200618000181,EB,2020-06-18,기명식 무보증 무담보사모교환사채,240000000000,,,2025-06-30,48000,100,2020-08-29,2025-06-16,,"not applicable (EB is exchanged for already-issued shares, not newly issued)",2020-06-30,2020-06-30,private
054620,APS Inc.,(주)에이피에스,20260805000477,CB,2026-08-05,무기명식 이권부 무보증 사모 전환사채,10000000000,1,2,2031-08-14,4151,100,2027-08-15,2031-07-14,,,2026-08-14,2026-08-14,private
054620,APS Inc.,(주)에이피에스,20231018000376,EB,2021-11-17,무기명식 무보증 사모 교환사채,18642026746,2,5,2025-11-19,18642,100,2021-11-24,2025-10-19,,"not applicable (EB is exchanged for already-issued shares, not newly issued)",2021-11-19,2021-11-19,private
054620,APS Inc.,(주)에이피에스,20241128000960,EB,2024-11-28,무기명식 이권부 무보증 사모 교환사채,28000000000,0,1,2029-12-02,70000,100,2025-03-02,2029-11-02,,"not applicable (EB is exchanged for already-issued shares, not newly issued)",2024-12-02,2024-12-02,private
237690,"ST PHARM CO., LTD.",에스티팜(주),20201207000434,CB,2020-12-07,무기명식 무보증 사모 전환사채,110000000000,0,0,2025-12-11,98183,100,2021-12-11,2025-11-11,68729,,2020-12-09,2020-12-11,private
237690,"ST PHARM CO., LTD.",에스티팜(주),20230807000401,CB,2023-08-07,무기명식 무이권부 무보증 사모 전환사채,100000000000,0,0,2028-08-09,79648,100,2024-08-09,2028-07-09,71684,,2023-08-09,2023-08-09,private
464080,"SOS LAB Co., Ltd.",(주)에스오에스랩,20250801000380,CB,2025-08-01,무기명식 이권부 무보증 무담보 사모 전환사채,43000000000,0,0,2030-08-11,10857,100,2026-08-11,2030-07-11,7600,,2025-08-11,2025-08-11,private
459100,"WITS Co., Ltd.",(주)위츠,20250814003928,CB,2025-08-14,무기명식 무보증 사모 전환사채,24000000000,0,0,2030-08-22,7025,100,2026-08-22,2030-07-22,6323,,2025-08-19,2025-08-22,private
017810,Pulmuone Corporate,(주)풀무원,20150804000320,CB,2015-08-04,"무기명식 이권부 
무보증 후순위 사모 전환사채",30000000000,2.5,2.5,2045-08-06,236585,100,2016-08-06,2045-07-06,,,2015-08-06,2015-08-06,private
017810,Pulmuone Corporate,(주)풀무원,20190930000444,CB,2019-09-09,무기명식 이권부 무보증 후순위 전환사채,70000000000,4.8,4.8,2049-09-30,27000,100,2019-10-30,2049-08-30,,,2019-09-25,2019-09-30,public
017810,Pulmuone Corporate,(주)풀무원,20230901000271,CB,2023-09-01,무기명식 이권부 무보증 후순위 사모 전환사채,60000000000,2,9.5,2053-09-05,11319,100,2026-09-06,2053-08-05,,,2023-09-05,2023-09-05,private
017810,Pulmuone Corporate,(주)풀무원,20230901000246,CB,2023-09-01,무기명식 이권부 무보증 후순위 사모 전환사채,40000000000,2,8,2053-09-05,11319,100,2024-09-06,2053-08-05,,,2023-09-05,2023-09-05,private
017810,Pulmuone Corporate,(주)풀무원,20150804000328,BW,2015-08-04,"무기명식 이권부 무보증 
후순위 비분리형 사모 신주인수권부사채",40000000000,2.5,2.5,2045-08-06,236585,100,2016-08-06,2045-07-06,,,2015-08-06,2015-08-06,private
065500,Orient Precision Industries Inc.,(주)오리엔트정공,20160114000128,CB,2016-01-14,무기명식 이권부 무보증 사모 전환사채,3000000000,2,4,2020-01-14,1290,100,2017-01-15,2019-12-14,,,2016-01-14,2016-01-14,private
133820,"FINEBESTEEL CO., LTD",(주)화인베스틸,20210428000267,CB,2021-04-28,무기명식 이권부 무보증 사모 전환사채,10000000000,0,1,2024-04-30,3147,100,2022-04-30,2024-03-30,2203,,,2021-04-30,private
133820,"FINEBESTEEL CO., LTD",(주)화인베스틸,20230705000170,CB,2023-07-05,무기명식 이권부 무보증 사모 전환사채,2460000000,0,1,2028-07-07,2592,100,2024-07-07,2028-06-07,1815,,,2023-07-07,private
133820,"FINEBESTEEL CO., LTD",(주)화인베스틸,20230705000183,CB,2023-07-05,무기명식 이권부 무보증 사모 전환사채,17000000000,0,3,2028-07-07,2592,100,2024-07-07,2028-06-07,1815,,2023-07-07,2023-07-07,private
204270,"JNTC CO.,LTD.",(주)제이앤티씨,20251103000188,EB,2025-11-03,무기명식 무보증 사모 교환사채,12402693000,0,0,2030-11-11,32553,100,2025-11-18,2030-10-11,,"not applicable (EB is exchanged for already-issued shares, not newly issued)",2025-11-04,2025-11-11,private
091580,"SANGSINENERGYDISPLAYPRECISIONCO.,LTD",상신이디피(주),20190726000469,CB,2019-07-26,무기명식 무보증 사모 전환사채,10000000000,0,0,2024-07-31,10476,100,2020-07-31,2024-06-30,,,2019-07-30,2019-07-31,private
091580,"SANGSINENERGYDISPLAYPRECISIONCO.,LTD",상신이디피(주),20260506000755,CB,2026-04-30,무기명식 이권부 무보증 사모 전환사채,10000000000,0,2,2031-05-08,27109,100,2027-11-08,2031-04-08,,,2026-05-08,2026-05-08,private
201490,"ME2ON CO., LTD",(주)미투온,20171128000248,CB,2017-11-28,무기명식 무보증 사모 전환사채,30000000000,0,2,2022-11-29,9777,100,2018-11-29,2022-11-28,,,,2017-11-29,private
201490,"ME2ON CO., LTD",(주)미투온,20221124000429,CB,2022-11-23,무기명식 무보증 사모 전환사채,18000000000,0,3,2027-11-25,4687,100,2023-11-25,2027-10-25,,,2022-11-25,2022-11-25,private
201490,"ME2ON CO., LTD",(주)미투온,20241115000344,CB,2024-11-15,무기명식 이권부 무보증 사모 전환사채,9000000000,0,1,2028-11-19,2042,100,2025-11-19,2028-10-19,,,2024-11-19,2024-11-19,private
139990,"AJUSTEEL CO.,LTD.",아주스틸(주),20250410002460,CB,2024-12-06,무기명식 이권부 무보증 사모 전환사채,30000000000,1,5,2027-12-11,4232,100,2025-12-11,2027-11-11,2963,,2024-12-11,2024-12-11,private
139990,"AJUSTEEL CO.,LTD.",아주스틸(주),20250321001571,BW,2024-04-05,무기명식 이권부 무보증 사모 비분리형 신주인수권부사채,18300000000,1,5,2029-04-09,6561,100,2025-04-09,2029-03-09,4593,,2024-04-09,2024-04-09,private
139990,"AJUSTEEL CO.,LTD.",아주스틸(주),20260203000135,EB,2026-01-26,무기명식 이권부 무보증 사모교환사채,2891547150,0,0,2031-02-06,3294,100,2026-02-13,2031-01-06,,"not applicable (EB is exchanged for already-issued shares, not newly issued)",2026-02-04,2026-02-06,private
127980,"Finecircuit CO.,LTD.",(주)화인써키트,20230328000568,CB,2023-03-28,무기명식 이권부 무보증 사모 전환사채,10500000000,0,2,2028-03-30,13462,100,2024-03-30,2028-02-29,9424,,2023-03-30,2023-03-30,private
127980,"Finecircuit CO.,LTD.",(주)화인써키트,20260402003319,CB,2026-04-02,무기명식  무보증 사모 전환사채,10000000000,0,1,2029-04-10,5151,100,2027-04-10,2029-03-10,,,2026-04-10,2026-04-10,private
234920,"Zaigle Co., Ltd.",자이글(주),20180515001478,CB,2018-05-14,무기명식 이권부 무보증 사모 전환사채,14000000000,0,0,2024-05-14,6780,100,2021-05-14,2024-04-14,,,2018-05-14,2018-05-14,private
234920,"Zaigle Co., Ltd.",자이글(주),20210517001229,CB,2021-05-14,기명식 사모 전환사채,10000000000,2.48,,2022-05-16,7100,100,2022-05-14,2022-05-16,7100,,2021-05-14,2021-05-14,private
001230,"DONGKUK HOLDINGS CO.,LTD.",동국홀딩스(주),20161214000328,CB,2016-12-14,기명식 이권부 무보증 사모전환사채,50000000000,2,4.64,2020-06-16,11552,100,2017-12-16,2020-06-15,,,,2016-12-16,private
018260,"SAMSUNG SDS CO., LTD.",삼성에스디에스(주),20260415000014,CB,2026-04-15,무기명식 무보증 사모 전환사채,1220000000000,2.5,2.5,2032-04-30,180000,100,2027-04-30,2032-04-23,,,2026-04-30,2026-04-30,private
419050,"SAMKEE ENERGY SOLUTIONS CO.,LTD",(주)삼기에너지솔루션즈,20231006000399,CB,2023-10-06,무기명식 이권부 무보증 사모 전환사채,20000000000,0,2,2028-10-11,3898,100,2024-10-11,2028-09-11,2729,,2023-10-11,2023-10-11,private
419050,"SAMKEE ENERGY SOLUTIONS CO.,LTD",(주)삼기에너지솔루션즈,20250902000329,CB,2025-09-02,무기명식 이권부 무보증 사모 전환사채,30000000000,0,1,2030-09-11,2237,100,2026-09-11,2030-08-11,1790,,2025-09-11,2025-09-11,private
419050,"SAMKEE ENERGY SOLUTIONS CO.,LTD",(주)삼기에너지솔루션즈,20231006000409,BW,2023-10-06,무기명식 이권부 무보증 사모 신주인수권부사채,20000000000,0,2,2028-10-11,3898,100,2024-10-11,2028-09-11,2729,,2023-10-11,2023-10-11,private
382800,"GnBS eco Co.,Ltd",(주)지앤비에스 에코,20230410002867,CB,2023-04-10,무기명식 이권부 무보증 사모 전환사채,10000000000,1,2,2026-05-04,18874,100,2024-05-04,2026-04-04,,,2023-04-12,2023-05-04,private
042040,"KPM TECH CO., LTD.",(주)케이피엠테크,20200403002152,CB,2019-01-15,무기명식 무이권부 무보증 사모 전환사채,10000080000,0,0,2022-01-15,1118,100,2020-01-15,2021-12-15,,,2019-01-15,2019-01-15,private
042040,"KPM TECH CO., LTD.",(주)케이피엠테크,20190326001107,CB,2019-03-26,무기명식 이권부 무보증 사모 전환사채,10000000000,4,4,2022-03-27,1362,100,2020-03-27,2022-02-27,,,2019-03-26,2019-03-27,private
042040,"KPM TECH CO., LTD.",(주)케이피엠테크,20180314000920,CB,2018-02-27,무기명식 이권부 무보증 사모 전환사채,500000000,,,2021-02-27,1468,100,2019-02-27,2021-01-27,,,2018-02-27,2018-02-27,private
042040,"KPM TECH CO., LTD.",(주)케이피엠테크,20171123000295,CB,2017-11-23,무기명식 무이권부 무보증 사모 전환사채,550000000,,,2020-11-23,1712,100,2018-11-23,2020-11-22,,,,2017-11-23,private
042040,"KPM TECH CO., LTD.",(주)케이피엠테크,20160825000314,CB,2016-07-13,무기명식 무보증 사모 전환사채,18000000000,1,4,2019-08-26,9470,100,2017-08-26,2019-08-25,,,2016-07-13,2016-08-26,private
042040,"KPM TECH CO., LTD.",(주)케이피엠테크,20170831000005,CB,2017-08-30,무기명식 무보증 사모 전환사채,13500000000,0,4,2020-08-30,1694,100,2018-08-30,2020-08-30,,,,2017-08-30,private
042040,"KPM TECH CO., LTD.",(주)케이피엠테크,20210118000203,CB,2021-01-18,국내 무기명식 이권부 무보증 사모 전환사채,10000000000,4,4,2024-01-18,2825,100,2022-01-18,2023-12-18,100,,2021-01-18,2021-01-18,private
042040,"KPM TECH CO., LTD.",(주)케이피엠테크,20200821000423,CB,2020-08-21,국내 무기명식 이권부 무보증 사모 전환사채,6300000000,4,4,2023-08-24,1080,100,2021-08-24,2023-07-24,100,,2020-08-24,2020-08-24,private
042040,"KPM TECH CO., LTD.",(주)케이피엠테크,20240524000392,CB,2024-05-24,국내 무기명식 이권부 무보증 사모 전환사채,2000000000,3,4,2027-05-27,375,100,2025-05-27,2027-04-27,263,,2024-05-24,2024-05-27,private
042040,"KPM TECH CO., LTD.",(주)케이피엠테크,20240627000595,CB,2024-06-27,국내 무기명식 이권부 무보증 사모 전환사채,12000000000,2,6,2027-06-28,334,100,2025-06-28,2027-05-28,234,,2024-06-27,2024-06-28,private
042040,"KPM TECH CO., LTD.",(주)케이피엠테크,20251208000403,CB,2025-12-08,무기명식 이권부 무보증 사모 전환사채,12000000000,2,6,2028-12-16,225,100,2026-12-16,2028-11-16,158,,2025-12-08,2025-12-16,private
042040,"KPM TECH CO., LTD.",(주)케이피엠테크,20170803000117,BW,2017-07-12,국내 무기명식 이권부 무보증 신주인수권부사채,30000000000,1,4,2022-08-10,1895,100,2017-09-10,2022-07-10,,,2017-08-07,2017-08-10,public
040350,"CreoSG Co.,Ltd.",(주)크레오에스지,20190416000318,CB,2019-04-16,무기명식 이권부 무보증 사모 전환사채,6000000000,4,8,2022-04-17,1350,100,2020-04-17,2022-03-17,,,,2019-04-17,private
040350,"CreoSG Co.,Ltd.",(주)크레오에스지,20171205000318,CB,2017-11-30,무기명식 이권부 무보증 사모 전환사채,5300000000,0,3,2020-12-01,3340,100,2018-12-01,2020-11-01,,,,2017-12-01,private
040350,"CreoSG Co.,Ltd.",(주)크레오에스지,20160720000049,CB,2016-07-20,무기명식 이권부 무보증 사모 전환사채,6000000000,4,8,2019-07-21,3448,100,2017-07-21,2019-06-21,,,,2016-07-21,private
040350,"CreoSG Co.,Ltd.",(주)크레오에스지,20160905000106,CB,2016-09-05,무기명식 이권부 무보증 사모 전환사채,6000000000,4,8,2019-09-06,3280,100,2017-09-06,2019-08-06,,,,2016-09-06,private
040350,"CreoSG Co.,Ltd.",(주)크레오에스지,20160404001536,CB,2016-04-04,무기명식 이권부 무보증 사모 전환사채,3000000000,1,8,2019-04-04,1911,100,2017-04-04,2019-03-04,,,,2016-04-04,private
040350,"CreoSG Co.,Ltd.",(주)크레오에스지,20160414001899,CB,2016-04-14,무기명식 이권부 무보증 사모 전환사채,5700000000,1,8,2019-04-15,2171,100,2017-04-15,2019-03-15,,,,2016-04-15,private
040350,"CreoSG Co.,Ltd.",(주)크레오에스지,20161223000247,CB,2016-12-23,무기명식 이권부 무보증 사모 전환사채,4000000000,0,6,2019-12-26,3360,100,2017-12-26,2019-11-26,,,,2016-12-26,private
040350,"CreoSG Co.,Ltd.",(주)크레오에스지,20200806000161,CB,2020-08-06,무기명식이권부 무보증 사모전환사채,3000000000,0,1,2023-08-06,2423,100,2021-08-06,2023-07-06,1697,,2020-08-06,2020-08-06,private
040350,"CreoSG Co.,Ltd.",(주)크레오에스지,20220329001169,CB,2022-03-24,무기명식이권부 무보증 사모전환사채,6000000000,1,5,2026-03-30,1159,100,2023-03-30,2026-02-28,812,,2022-03-28,2022-03-30,private
040350,"CreoSG Co.,Ltd.",(주)크레오에스지,20230807000260,CB,2023-08-07,무기명식 이권부 무보증 사모 전환사채,6000000000,0,5,2026-08-07,500,100,2024-08-07,2026-07-07,500,,2023-08-07,2023-08-07,private
040350,"CreoSG Co.,Ltd.",(주)크레오에스지,20251210000147,CB,2025-11-27,무기명식 이권부 무보증 사모 전환사채,2000000000,0,8,2028-12-08,550,100,2026-12-08,2028-11-08,500,,2025-11-27,2025-12-08,private
040350,"CreoSG Co.,Ltd.",(주)크레오에스지,20260508000571,CB,2026-05-08,무기명식 이권부 무보증 사모 전환사채,3000000000,0,6,2029-05-18,3585,100,2027-05-18,2029-04-18,2510,,2026-05-08,2026-05-18,private
200710,"ADTechnology Co., Ltd.",(주)에이디테크놀로지,20190820000229,CB,2019-08-20,무기명식 이권부 무보증 사모 전환사채,15000000000,0,0,2024-08-28,17650,100,2020-08-28,2024-07-28,,,2019-08-22,2019-08-28,private
200710,"ADTechnology Co., Ltd.",(주)에이디테크놀로지,20161114000882,CB,2016-10-26,무기명식 무보증 이권부 사모 전환사채,6000000000,0,0,2020-10-28,5537,100,2017-10-28,2020-09-28,,,2016-10-28,2016-10-28,private
200710,"ADTechnology Co., Ltd.",(주)에이디테크놀로지,20260421000499,CB,2026-04-21,무기명식 이권부 무보증 사모 전환사채,130000000000,0,0,2031-04-29,54603,100,2027-04-29,2031-03-29,,,2026-04-29,2026-04-29,private
001630,CHONGKUNDANG HOLDINGS CORP.,(주)종근당홀딩스,20251015000373,EB,2025-10-15,무기명식 이권부 무보증 사모 교환사채,14085619500,0,0,2030-10-23,56500,100,2025-10-24,2030-09-23,,"not applicable (EB is exchanged for already-issued shares, not newly issued)",2025-10-23,2025-10-23,private
002020,KOLON CORPORATION,(주)코오롱,20260306000988,EB,2026-03-06,무기명식 무이권부 무보증 사모 교환사채,60000000000,0,0,2031-04-06,101665,100,2026-04-13,2031-03-06,,"not applicable (EB is exchanged for already-issued shares, not newly issued)",2026-04-06,2026-04-06,private
065690,"PAKERS CO., Ltd.",(주)파커스,20170828000217,CB,2017-08-28,무기명식 이권부 무보증 사모 전환사채,10000000000,0,0,2022-08-29,4161,100,2018-08-29,2022-07-29,,,2017-08-29,2017-08-29,private
065690,"PAKERS CO., Ltd.",(주)파커스,20170828000223,CB,2017-08-28,무기명식 이권부 무보증 사모 전환사채,6000000000,0,0,2022-08-29,4161,100,2018-08-29,2022-07-29,,,2017-08-29,2017-08-29,private
074430,"AMINOLOGICS CO.,LTD.",(주)아미노로직스,20250626000317,CB,2025-06-26,무기명식 무이권부 무보증 사모 전환사채,20000000000,0,0,2028-06-30,957,100,2026-06-30,2028-05-30,766,,2025-06-30,2025-06-30,private
065130,Top Engineering Company Limited,(주)탑엔지니어링,20210709000264,CB,2021-07-09,국내 무기명식 이권부 무보증 사모 전환사채,10000000000,0,0,2026-07-13,9150,100,2022-07-13,2026-06-13,6410,,2021-07-13,2021-07-13,private
008040,"SAJODONGAONE CO.,LTD",사조동아원(주),20160223000412,CB,2016-02-23,무기명 무보증 사모 전환사채,60000000000,4,5.5,2021-02-26,2054,100,2017-02-26,2021-01-26,,,2016-02-25,2016-02-26,private
008040,"SAJODONGAONE CO.,LTD",사조동아원(주),20160330003756,CB,2016-03-30,무기명 무보증 사모 전환사채,40000000000,4,5.5,2021-03-30,2002,100,2017-03-31,2021-03-31,,,2016-03-31,2016-03-31,private
013890,ZINUS INC.,(주)지누스,20191128000830,CB,2018-10-25,무기명식 이권부 무보증 사모 전환사채,10000000000,0,3,2021-10-28,50000,100,2019-10-28,2021-09-28,,,2018-10-29,2018-10-29,private
088800,Ace Technologies Corp.,(주)에이스테크놀로지,20180503001399,CB,2018-05-02,무기명식 이권부 무보증 사모 전환사채,25000000000,0,1,2023-05-04,4306,100,2019-05-04,2023-04-04,,,2018-05-04,2018-05-04,private
088800,Ace Technologies Corp.,(주)에이스테크놀로지,20200522000443,CB,2020-05-22,무기명식 이권부 무보증 사모 전환사채,35000000000,0,0,2023-05-26,8825,100,2021-05-26,2023-04-26,,,2020-05-26,2020-05-26,private
088800,Ace Technologies Corp.,(주)에이스테크놀로지,20161107000394,CB,2016-11-07,무기명식 이권부 무보증 사모 전환사채,20000000000,0,0,2021-11-09,3363,100,2017-11-09,2021-10-09,,,2016-11-09,2016-11-09,private
088800,Ace Technologies Corp.,(주)에이스테크놀로지,20170628000278,CB,2017-06-28,무기명식 이권부 무보증 사모 전환사채,15000000000,7.5,7.5,2019-06-29,5113,100,2018-06-29,2019-05-29,,,2017-06-29,2017-06-29,private
088800,Ace Technologies Corp.,(주)에이스테크놀로지,20170704000291,CB,2017-07-04,무기명식 이권부 무보증 사모 전환사채,15000000000,7.5,7.5,2019-07-05,5019,100,2018-07-05,2019-06-05,,,2017-07-05,2017-07-05,private
088800,Ace Technologies Corp.,(주)에이스테크놀로지,20170727000353,CB,2017-07-27,무기명식 이권부 무보증 사모 전환사채,10000000000,7.5,7.5,2019-07-28,5087,100,2018-07-28,2019-06-28,,,2017-07-28,2017-07-28,private
088800,Ace Technologies Corp.,(주)에이스테크놀로지,20210726000254,CB,2021-07-26,무기명식 이권부 무보증 사모 전환사채,25000000000,0,0,2024-07-28,19514,100,2022-07-28,2024-06-28,14636,,2021-07-28,2021-07-28,private
088800,Ace Technologies Corp.,(주)에이스테크놀로지,20200819000203,CB,2020-08-19,무기명식 이권부 무보증 사모 전환사채,25000000000,0,2,2023-08-21,29407,100,2021-08-21,2023-07-21,20585,,2020-08-21,2020-08-21,private
088800,Ace Technologies Corp.,(주)에이스테크놀로지,20240904000477,CB,2022-08-18,무기명식 이권부 무보증 사모 전환사채,40000000000,0,0,2025-09-01,7684,100,2023-09-01,2025-08-25,5379,,2022-08-22,2022-09-01,private
088800,Ace Technologies Corp.,(주)에이스테크놀로지,20240904000473,CB,2022-04-19,무기명식 이권부 무보증 사모 전환사채,10000000000,0,0,2025-04-21,11378,100,2023-04-21,2025-04-14,7965,,2022-04-21,2022-04-21,private
088800,Ace Technologies Corp.,(주)에이스테크놀로지,20240904000455,BW,2021-07-26,무기명식 이권부 무보증 사모 비분리형 신주인수권부사채,25000000000,0,0,2025-08-09,19514,100,2022-08-09,2025-07-09,14636,,2021-07-28,2021-08-09,private
127710,"The Asia Business Daily Co., Ltd.",(주)아시아경제,20180202000550,CB,2018-02-02,"무기명식 
이권부 
무보증 
사모 전환사채",20000000000,0,1,2021-02-05,3400,100,2019-02-05,2021-01-05,,,2018-02-05,2018-02-05,private
127710,"The Asia Business Daily Co., Ltd.",(주)아시아경제,20220811000391,CB,2022-08-11,무기명식 이권부 무보증 사모 전환사채,12500000000,1,3,2027-08-12,2200,100,2023-08-12,2027-07-12,1540,,2022-08-11,2022-08-12,private
127710,"The Asia Business Daily Co., Ltd.",(주)아시아경제,20240404002827,CB,2024-02-21,무기명식 이권부 무보증 사모 전환사채,9200000000,2,4,2029-02-22,1208,100,2025-02-22,2029-01-22,846,,2024-02-21,2024-02-22,private
127710,"The Asia Business Daily Co., Ltd.",(주)아시아경제,20200408001000,BW,2020-04-08,무기명식 이권부 무보증 사모 비분리형,10100000000,0,1,2023-04-08,1075,100,2021-04-08,2023-03-08,,,2020-03-25,2020-04-08,private
217190,Genesem Inc.,제너셈(주),20161220000206,CB,2016-12-20,무기명식 이권부 무보증 사모 전환사채,5000000000,0,2,2021-12-22,5346,100,2017-12-22,2021-11-22,,,2016-12-22,2016-12-22,private
122310,"GENORAY Co., LTD.",(주)제노레이,20260122000311,EB,2026-01-22,무기명식 무보증 사모 교환사채,4941000000,0,0,2031-01-30,4941,100,2026-02-06,2031-01-20,,"not applicable (EB is exchanged for already-issued shares, not newly issued)",2026-01-30,2026-01-30,private
227950,"N2TECH CO.,LTD",(주)엔투텍,20201204000330,CB,2020-11-06,무기명식 무보증 사모 전환사채,5000000000,2,2,2023-12-04,3263,100,2021-12-04,2023-11-03,2285,,2020-11-06,2020-12-04,private
227950,"N2TECH CO.,LTD",(주)엔투텍,20200504000237,CB,2019-09-23,무기명식 사모 전환사채,10000000000,2,2.1,2022-10-15,2623,100,2020-10-15,2022-09-14,,,2019-09-23,2019-10-15,private
227950,"N2TECH CO.,LTD",(주)엔투텍,20200504000240,CB,2019-09-23,무기명식 사모 전환사채,5000000000,2,3,2022-10-15,2623,100,2020-10-15,2022-09-14,,,2019-09-23,2019-10-15,private
227950,"N2TECH CO.,LTD",(주)엔투텍,20200504000245,CB,2019-09-23,무기명식 사모 전환사채,10000000000,2,2,2022-11-21,2623,100,2020-11-21,2022-10-20,,,2019-09-23,2019-11-21,private
227950,"N2TECH CO.,LTD",(주)엔투텍,20190321000838,CB,2019-01-10,무기명식 사모 전환사채,4999999338,2,3,2022-03-21,1438,100,2020-03-21,2022-02-20,,,2019-01-10,2019-03-21,private
227950,"N2TECH CO.,LTD",(주)엔투텍,20191015000124,CB,2019-09-23,무기명식 사모 전환사채,2000000000,2,2.5,2022-10-15,2623,100,2020-10-15,2022-09-14,,,2019-09-23,2019-10-15,private
227950,"N2TECH CO.,LTD",(주)엔투텍,20211014000448,CB,2021-10-14,무기명식 무보증 사모 전환사채,10000000000,2,2,2024-10-27,1702,100,2022-10-27,2024-09-26,100,,2021-10-14,2021-10-27,private
227950,"N2TECH CO.,LTD",(주)엔투텍,20210617000301,CB,2021-06-17,무기명식 무보증 사모 전환사채,10000000000,2,2,2024-07-09,2238,100,2022-07-09,2024-06-08,100,,2021-06-17,2021-07-09,private
227950,"N2TECH CO.,LTD",(주)엔투텍,20201113001007,CB,2020-11-13,무기명식 무보증 사모 전환사채,5000000000,2,2,2023-12-11,5355,100,2021-12-11,2023-11-10,100,,2020-11-13,2020-12-11,private
227950,"N2TECH CO.,LTD",(주)엔투텍,20260825000349,CB,2026-08-20,무기명식 이권부 무보증 사모 전환사채,12000000000,4,4,2029-09-10,1519,100,2027-09-10,2029-08-10,1064,,2026-08-20,2026-09-10,private
227950,"N2TECH CO.,LTD",(주)엔투텍,20200424000582,CB,2020-03-24,무기명식 사모 전환사채,10000000000,1,1.8,2023-04-24,1545,100,2021-04-24,2023-03-23,,,2020-03-24,2020-04-24,private
227950,"N2TECH CO.,LTD",(주)엔투텍,20200424000590,CB,2020-03-24,무기명식 사모 전환사채,8000000000,1,1.9,2023-04-24,1545,100,2021-04-24,2023-03-23,,,2020-03-24,2020-04-24,private
227950,"N2TECH CO.,LTD",(주)엔투텍,20200424000595,CB,2020-03-24,무기명식 사모 전환사채,1000000000,1,2,2023-04-24,1545,100,2021-04-24,2023-03-23,,,2020-03-24,2020-04-24,private
227950,"N2TECH CO.,LTD",(주)엔투텍,20200424000599,CB,2020-03-24,무기명식 사모 전환사채,1000000000,1,2.1,2023-04-24,1545,100,2021-04-24,2023-03-23,,,2020-03-24,2020-04-24,private
227950,"N2TECH CO.,LTD",(주)엔투텍,20201020000289,CB,2020-06-29,무기명식 무보증 사모 전환사채,10000000000,2,2,2023-10-20,3340,100,2021-10-20,2023-09-19,2338,,2020-06-29,2020-10-20,private
227950,"N2TECH CO.,LTD",(주)엔투텍,20250723000221,CB,2025-07-07,무기명식 이권부 무보증 사모 전환사채,10000000000,4,4,2028-07-25,385,100,2026-07-25,2028-06-25,270,,2025-06-27,2025-07-25,private
227950,"N2TECH CO.,LTD",(주)엔투텍,20260904000356,CB,2026-08-20,무기명식 무보증 공모 전환사채,2999000000,4,4,2029-10-08,1519,100,2026-11-08,2029-09-08,1064,,2026-10-08,2026-10-08,public
227950,"N2TECH CO.,LTD",(주)엔투텍,20200416000405,BW,2019-01-10,무기명식 무보증 사모 비분리 신주인수권부사채,9000000000,2,3,2022-04-16,1438,100,2020-04-16,2022-03-15,,,2019-01-10,2019-04-16,private
239890,"P&H TECH Co., Ltd.",(주)피엔에이치테크,20220527000441,CB,2022-05-27,"무기명식 무이권부 무보증 
사모 전환사채",20000000000,0,0,2027-05-31,25189,100,2023-05-31,2027-04-30,17633,,2022-05-31,2022-05-31,private
162300,"SHIN STEEL CO.,LTD.",주식회사 신스틸,20231027000483,CB,2023-10-27,무기명식 이권부 무보증 사모 전환사채,20000000000,0,0.5,2028-10-31,3040,100,2024-10-31,2028-09-30,2435,,2023-10-31,2023-10-31,private
162300,"SHIN STEEL CO.,LTD.",주식회사 신스틸,20251021000246,CB,2025-10-21,무기명식 무이권부 무보증 사모 전환사채,10000000000,0,0,2030-10-29,1968,100,2026-10-29,2030-09-29,,,2025-10-21,2025-10-29,private
382150,"Oncocross Co.,Ltd.",주식회사 온코크로스,20250721000245,CB,2025-07-21,무기명식 이권부 무보증 사모 전환사채,12500000000,0,2,2030-07-25,11436,100,2026-07-25,2030-06-25,8006,,2025-07-25,2025-07-25,private
382150,"Oncocross Co.,Ltd.",주식회사 온코크로스,20260130000682,CB,2026-01-30,무기명식 이권부 무보증 사모 전환사채,7000000000,0,2,2031-02-09,11436,100,2027-02-09,2031-01-09,8006,,2026-02-09,2026-02-09,private
355690,"ATUM CO., LTD.",(주)에이텀,20250429000931,CB,2025-04-28,국내 무기명식 이권부 무보증 사모 전환사채,1000000000,0,4,2028-04-29,6471,100,2026-04-29,2028-03-29,4530,,2025-04-29,2025-04-29,private
355690,"ATUM CO., LTD.",(주)에이텀,20250124000767,CB,2025-01-24,국내 무기명식 이권부 무보증 사모 전환사채,1500000000,0,2,2028-02-03,6420,100,2026-02-03,2028-01-03,4494,,2025-02-03,2025-02-03,private
355690,"ATUM CO., LTD.",(주)에이텀,20250226005562,CB,2025-02-24,국내 무기명식 이권부 무보증 사모 전환사채,4000000000,0,2,2028-02-27,7231,100,2026-02-27,2028-01-27,5062,,2025-02-26,2025-02-27,private
355690,"ATUM CO., LTD.",(주)에이텀,20250227002414,CB,2025-02-24,국내 무기명식 이권부 무보증 사모 전환사채,1000000000,0,2,2028-02-27,7231,100,2026-02-27,2028-01-27,5062,,2025-02-26,2025-02-27,private
355690,"ATUM CO., LTD.",(주)에이텀,20251017000145,CB,2025-10-17,국내 무기명식 이권부 무보증 사모 전환사채,2000000000,0,2,2030-10-27,9501,100,2026-10-27,2030-09-27,6651,,2025-10-27,2025-10-27,private
355690,"ATUM CO., LTD.",(주)에이텀,20251017000142,CB,2025-10-17,국내 무기명식 이권부 무보증 사모 전환사채,2000000000,0,2,2030-10-27,9501,100,2026-10-27,2030-09-27,6651,,2025-10-27,2025-10-27,private
417860,OBZEN Inc.,오브젠 주식회사,20241111000215,CB,2024-11-11,무기명식 이권부 무보증 사모 전환사채,10000000000,0,2.2,2029-11-15,9923,100,2025-11-15,2029-10-15,6947,,2024-11-13,2024-11-15,private
417860,OBZEN Inc.,오브젠 주식회사,20251202000182,BW,2025-12-02,무기명식 무보증 비분리형사모 신주인수권부사채,10000000000,0,2.2,2030-12-11,14074,100,2026-12-11,2030-11-11,9852,,2025-12-03,2025-12-11,private
418250,"SecuLetter Co., Ltd.",시큐레터 주식회사,20260430001325,CB,2026-04-30,무기명식 이권부 무보증 사모 전환사채,2000000000,6,9,2031-05-08,1974,100,2027-05-08,2031-04-08,1382,,2026-05-08,2026-05-08,private
229640,LS Eco Energy Ltd.,엘에스에코에너지 주식회사,20260727000002,CB,2026-07-27,무이표부 무담보 사모 전환사채,30000000000,0,0,2031-08-04,48500,100,2029-08-04,2031-07-04,,,2026-08-04,2026-08-04,private
265520,Advanced Process Systems Corporation,에이피시스템(주),20240617000314,EB,2024-06-17,무기명식 이권부 무보증 사모 교환사채,7838610000,0,1,2027-06-19,30000,100,2024-07-19,2027-05-19,,"not applicable (EB is exchanged for already-issued shares, not newly issued)",2024-06-19,2024-06-19,private
448900,"PIM KOREA Co.,Ltd.",한국피아이엠(주),20260714000488,CB,2026-07-10,무기명식 이권부 무보증 사모 전환사채,40000000000,0,0,2031-07-20,54431,100,2027-07-20,2031-06-20,46267,,2026-07-20,2026-07-20,private
046390,"SAMHWA NETWORKS Co.,Ltd.",(주)삼화네트웍스,20211207000294,EB,2021-12-07,무기명식 무보증 사모 교환사채,10000000000,0,1,2024-12-10,3500,100,2022-03-10,2024-11-10,,"not applicable (EB is exchanged for already-issued shares, not newly issued)",2021-12-07,2021-12-10,private
209640,"YJLINK CO.,LTD.",와이제이링크(주),20260421000444,CB,2026-04-21,무기명식 이권부 무보증 사모 전환사채,25000000000,0,0,2031-05-07,6308,100,2027-05-07,2031-04-07,,,2026-05-07,2026-05-07,private
027740,"MANIKER CO.,LTD.",(주)마니커,20170428002007,CB,2017-04-28,무기명식 이권부 무보증 사모 전환사채,17000000000,0,1,2022-05-18,832,100,2018-05-18,2022-04-18,,,2017-05-04,2017-05-18,private
206650,"EuBiologics Co., Ltd.",(주)유바이오로직스,20200227005329,BW,2018-02-12,무보증 비분리형 사모 신주인수권부사채,20000000000,0,3,2023-04-30,5102,100,2019-05-01,2023-04-30,,,2018-02-14,2018-04-30,private
099220,SDN Company Ltd.,에스디엔(주),20200529001817,CB,2020-05-29,무기명식 이권부 무보증 사모 전환사채,10000000000,0,1,2024-06-02,2666,100,2021-06-02,2024-05-02,,,2020-05-29,2020-06-02,private
099220,SDN Company Ltd.,에스디엔(주),20181019000393,CB,2018-10-19,무기명식 이권부 무보증 사모 전환사채,6000000000,0,1,2022-10-24,1633,100,2019-10-24,2022-09-24,,,2018-10-19,2018-10-24,private
099220,SDN Company Ltd.,에스디엔(주),20170510003007,CB,2017-05-10,무기명식 이권부 무보증 사모 전환사채,3000000000,4,4,2020-05-12,1390,100,2018-05-12,2020-04-12,,,2017-05-12,2017-05-12,private
099220,SDN Company Ltd.,에스디엔(주),20170810000467,CB,2017-08-10,무기명식 이권부 무보증 사모 전환사채,10000000000,1,4,2021-08-22,1835,100,2018-08-22,2021-07-22,,,2017-08-14,2017-08-22,private
099220,SDN Company Ltd.,에스디엔(주),20200724000660,CB,2020-07-24,무기명식 이권부 무보증 사모 전환사채,8000000000,0,1,2025-07-28,2766,100,2021-07-28,2025-06-28,1937,,2020-07-24,2020-07-28,private
099220,SDN Company Ltd.,에스디엔(주),20230926000656,CB,2023-09-26,무기명식 이권부 무보증 사모 전환사채,10000000000,0,1,2027-09-27,1456,100,2024-09-27,2027-08-27,1019,,2023-09-26,2023-09-27,private
002680,Hantop Inc.,(주)한탑,20200318000871,CB,2018-12-17,무기명식 이권부 무보증 사모 전환사채,17200000000,0,4,2021-12-19,2619,100,2019-12-19,2021-11-19,,,2018-12-19,2018-12-19,private
002680,Hantop Inc.,(주)한탑,20240422000382,CB,2024-01-17,무기명식 이권부 무보증 사모 전환사채,3500000000,,5,2027-01-19,1294,100,2025-01-19,2026-12-19,906,,2024-01-19,2024-01-19,private
035810,"Easy Holdings Co., Ltd.",(주)이지홀딩스,20151218000104,CB,2015-12-18,무기명식 무보증 사모 전환사채,20000000000,0,1,2020-12-21,5694,100,2016-12-21,2020-12-20,,,2015-12-18,2015-12-21,private
255440,"YAS Co., Ltd",(주)야스,20251223000603,EB,2025-12-23,무기명식 무보증 사모 교환사채,11937701984,0,0,2030-12-31,12064,100,2026-01-06,2030-12-24,,"not applicable (EB is exchanged for already-issued shares, not newly issued)",2025-12-26,2025-12-31,private
004920,"CITECH CO.,LTD",(주)씨아이테크,20150617000254,CB,2015-06-17,"무기명식 이권부 
무보증 사모 전환사채",3000000000,3.5,5.5,2018-06-19,1390,100,2016-06-19,2018-05-19,,,,2015-06-19,private
004920,"CITECH CO.,LTD",(주)씨아이테크,20161121000042,CB,2016-11-21,무보증 사모 전환사채,1000000000,,,2019-02-21,879,100,2018-11-21,2019-02-20,,,,2016-11-21,private
004920,"CITECH CO.,LTD",(주)씨아이테크,20170811000298,CB,2017-06-09,무기명식 이권부 사모 점환사채,3000000000,1,5,2020-08-11,730,100,2018-08-11,2020-07-11,,,2017-08-11,2017-08-11,private
004920,"CITECH CO.,LTD",(주)씨아이테크,20170124000350,CB,2017-01-24,무기명식 이권부 사모 전환사채,4000000000,1,5,2020-01-25,888,100,2018-01-25,2019-12-25,,,,2017-01-25,private
004920,"CITECH CO.,LTD",(주)씨아이테크,20210629000573,CB,2021-06-29,무기명식 이권부 사모 전환사채,6000000000,4,6,2024-07-01,1534,100,2022-07-01,2024-06-01,1074,,2021-07-01,2021-07-01,private
004920,"CITECH CO.,LTD",(주)씨아이테크,20220211000453,CB,2022-02-11,무기명식 이권부 사모 전환사채,4000000000,0,2,2025-02-28,1339,100,2023-02-28,2025-01-28,,,2022-02-14,2022-02-28,private
004920,"CITECH CO.,LTD",(주)씨아이테크,20200421000415,CB,2020-04-21,무기명 이권부 사모 전환사채,10000000000,6,6,2023-04-24,674,100,2021-04-24,2023-03-24,,,2020-03-31,2020-04-24,private
004920,"CITECH CO.,LTD",(주)씨아이테크,20221028000273,CB,,무기명식 이권부 사모 전환사채,,,,,,,,,,,,,private
004920,"CITECH CO.,LTD",(주)씨아이테크,20250207000284,CB,2024-07-09,무기명식 이권부 사모 전환사채,3000000000,5,8,2028-02-07,1123,100,2026-02-07,2028-01-07,,,2024-07-09,2025-02-07,private
197140,"DigiCAP Co., Ltd.",(주)디지캡,20190724000228,CB,2019-06-14,무기명식 이권부 무보증 사모 전환사채,6000000000,0,3,2024-07-01,4845,100,2020-07-01,2024-06-01,,,2019-06-14,2019-07-01,private
197140,"DigiCAP Co., Ltd.",(주)디지캡,20211124000488,CB,,,,,,,,,,,,,,,private
197140,"DigiCAP Co., Ltd.",(주)디지캡,20211124000489,BW,,,,,,,,,,,,,,,private
197140,"DigiCAP Co., Ltd.",(주)디지캡,20260528000965,EB,2026-05-28,무기명식 무보증 사모 교환사채,9500000000,0,0,2031-06-09,4640,100,2026-07-09,2031-05-09,,"not applicable (EB is exchanged for already-issued shares, not newly issued)",2026-06-09,2026-06-09,private
197140,"DigiCAP Co., Ltd.",(주)디지캡,20180411002308,EB,2018-04-11,"무기명식 무보증 
사모 교환사채",1600000000,,3,2021-04-13,8000,100,2018-05-14,2021-03-13,,"not applicable (EB is exchanged for already-issued shares, not newly issued)",,2018-04-13,private
317240,"TS Trillion Co., Ltd.",(주)티에스트릴리온,20210607000164,CB,2021-04-09,무기명식 이권부 무보증 사모 전환사채,12000000000,1,2,2026-04-12,1522,100,2022-04-12,2026-03-12,1142,,2021-04-12,2021-04-12,private
317240,"TS Trillion Co., Ltd.",(주)티에스트릴리온,20240417000425,CB,,,,,,,,,,,,,,,private
317240,"TS Trillion Co., Ltd.",(주)티에스트릴리온,20251210000543,CB,2025-12-10,무기명식 무보증사모 전환사채,4900000000,0,1,2029-01-09,244,100,2027-01-09,2028-12-09,,,2025-12-10,2026-01-09,private
317240,"TS Trillion Co., Ltd.",(주)티에스트릴리온,20260507000568,CB,2026-05-07,무기명식 무보증사모 전환사채,1000000000,0,3,2029-05-15,1585,100,2027-05-15,2029-04-15,1110,,2026-05-15,2026-05-15,private
086960,MDS Tech Inc.,(주)MDS테크,20220801000225,CB,2022-08-01,무기명식 이권부 무보증 사모 전환사채,10000000000,3,3,2025-08-30,16450,100,2023-08-30,2025-07-30,11515,,2022-08-03,2022-08-30,private
086960,MDS Tech Inc.,(주)MDS테크,20241118000155,CB,2024-11-18,무기명식 이권부 무보증 사모 전환사채,19000000000,0,4,2028-11-20,974,100,2025-11-20,2028-10-20,682,,2024-11-20,2024-11-20,private
086960,MDS Tech Inc.,(주)MDS테크,20210928000454,EB,2021-09-28,무기명식 이권부 무보증 사모 교환사채,12043130000,0,2,2025-10-07,20112,100,2021-11-08,2025-10-07,,"not applicable (EB is exchanged for already-issued shares, not newly issued)",2021-09-28,2021-10-08,private
064520,"TechL Co., LTD.",(주)테크엘,20150825000323,CB,2015-08-25,무기명식 이권부 무보증 사모 전환사채,5000000000,3,3,2020-08-27,1160,100,2016-08-27,2020-07-27,,,2015-08-27,2015-08-27,private
064520,"TechL Co., LTD.",(주)테크엘,20210427000231,CB,2021-04-22,무기명식 이권부 무보증 사모 전환사채,13000000000,2,5,2024-04-28,520,100,2022-04-28,2024-03-27,500,,2021-04-23,2021-04-28,private
064520,"TechL Co., LTD.",(주)테크엘,20221229000107,CB,2022-09-23,무기명식 이권부 무보증 사모 전환사채,4000000000,0,0,2026-01-10,5699,100,2024-01-10,2025-12-10,3990,,2022-12-29,2023-01-10,private
064520,"TechL Co., LTD.",(주)테크엘,20221013000335,CB,2022-09-23,무기명식 이권부 무보증 사모 전환사채,5000000000,2,2,2025-10-27,5673,100,2023-10-27,2025-09-27,3972,,2022-09-23,2022-10-27,private
064520,"TechL Co., LTD.",(주)테크엘,20221220000187,CB,2022-09-23,무기명식 이권부 무보증 사모 전환사채,20000000000,2,2,2026-01-10,5488,100,2024-01-10,2025-12-10,3842,,2022-12-20,2023-01-10,private
064520,"TechL Co., LTD.",(주)테크엘,20221031000232,CB,2019-12-26,무기명 사모 일반 전환사채,5000000000,2,2,2024-12-26,5000,100,2020-12-26,2024-11-25,,,,2019-12-26,private
064520,"TechL Co., LTD.",(주)테크엘,20220923000541,CB,2022-09-23,무기명식 이권부 무보증 사모 전환사채,15000000000,2,2,2025-10-28,5673,100,2023-10-28,2025-09-28,3972,,2022-09-23,2022-10-28,private
052710,"Amotech Co., Ltd.",(주)아모텍,20200610000261,EB,2020-06-10,무기명식 무보증 사모 교환사채,25000000000,0,0,2023-06-12,15070,100,2020-07-12,2023-05-12,,"not applicable (EB is exchanged for already-issued shares, not newly issued)",2020-06-12,2020-06-12,private
313760,"CARRY CO., LTD.",(주)캐리,20220826000755,CB,2022-08-26,무기명식 이권부 무보증 사모 전환사채,10000000000,2,7,2025-08-29,11300,100,2023-08-29,2025-07-29,7910,,2022-08-26,2022-08-29,private
313760,"CARRY CO., LTD.",(주)캐리,20240509000004,CB,2024-05-03,무기명식 이권부 무보증 사모 전환사채,5400000000,,4,2027-05-10,7670,100,2025-05-10,2027-04-10,5370,,2024-05-03,2024-05-10,private
313760,"CARRY CO., LTD.",(주)캐리,20250526000486,CB,2023-06-13,무기명식 이권부 무보증 사모 전환사채,11000000000,0,4,2028-05-27,5430,100,2026-05-27,2028-04-27,3805,,2025-05-26,2025-05-27,private
285800,"JINYOUNG CO., LTD",(주)진영,20260406001930,CB,2026-04-06,무기명식 무이권부 무보증 사모 전환사채,8000000000,0,0,2031-04-14,1911,100,2027-04-14,2031-03-14,1625,,2026-04-14,2026-04-14,private
285800,"JINYOUNG CO., LTD",(주)진영,20240325000589,CB,2024-03-25,무기명식 이권부 무보증 사모 전환사채,10000000000,0,1,2029-03-27,3896,100,2025-03-27,2029-02-27,2728,,2024-03-27,2024-03-27,private
099320,"SatrecInitiativeCo.,Ltd.",주식회사쎄트렉아이,20210113000002,CB,2021-01-12,기명식 무보증 사모 전환사채,50000000000,0,0,2024-01-15,38219,100,2022-01-16,2024-01-08,26753,,2021-01-12,2021-01-15,private
092040,"Amicogen, Inc.",아미코젠(주),20210625000407,CB,2021-06-23,무기명식 무보증 사모 전환사채,50000000000,0,0,2026-06-29,41552,100,2022-06-29,2026-05-29,29087,,2021-06-25,2021-06-29,private
092040,"Amicogen, Inc.",아미코젠(주),20220718000320,CB,2022-07-18,무기명식 무보증 사모 전환사채,40000000000,0,0,2027-07-20,24653,100,2023-07-20,2027-06-20,17258,,2022-07-20,2022-07-20,private
092040,"Amicogen, Inc.",아미코젠(주),20240716000307,CB,2024-07-16,무기명식 이권부 무보증 사모 전환사채,13000000000,0,2,2029-07-18,5685,100,2025-07-18,2029-06-18,3980,,2024-07-18,2024-07-18,private
092040,"Amicogen, Inc.",아미코젠(주),20241028000369,CB,2024-10-28,무기명식 이권부 무보증 사모 전환사채,4000000000,0,2,2029-10-29,4434,100,2025-10-29,2029-09-29,3104,,2024-10-29,2024-10-29,private
092040,"Amicogen, Inc.",아미코젠(주),20250801000703,CB,2025-08-01,무기명식 이권부 무보증 사모 전환사채,7000000000,0,2,2028-08-11,4108,100,2026-08-11,2028-07-11,2876,,2025-08-01,2025-08-11,private
092040,"Amicogen, Inc.",아미코젠(주),20220509000816,EB,2022-05-09,무기명식 이권부 무보증 사모 교환사채,8700000000,0,0,2027-05-11,29000,100,2022-05-18,2027-04-11,,"not applicable (EB is exchanged for already-issued shares, not newly issued)",2022-05-11,2022-05-11,private
067000,JoyCity Corporation,(주)조이시티,20181023000366,CB,2018-10-23,무기명식 무보증 사모 전환사채,16000000000,0,0,2023-10-26,13455,100,2019-10-26,2023-09-26,,,2018-10-23,2018-10-26,private
019680,"DAEKYO CO.,LTD",(주)대교,20250922000209,EB,2025-09-22,무기명식 이권부 무보증 사모 교환사채,5000000000,0,1,2030-10-02,2551,100,2025-10-10,2030-09-02,,"not applicable (EB is exchanged for already-issued shares, not newly issued)",2025-10-02,2025-10-02,private
000640,"Dong-A Socio Holdings Co.,Ltd",동아쏘시오홀딩스(주),20170302000004,BW,2017-01-24,무기명식 이권부 무보증 공모 분리형 신주인수권부사채,100000000000,0,2,2022-03-16,128500,100,2017-04-16,2022-02-16,,,2017-03-06,2017-03-16,public
170900,"DONG-A ST CO.,LTD",동아에스티(주),20210722000006,CB,2021-06-09,국내 무기명식 이권부 무보증 공모 전환사채,100000000000,0,1,2026-08-03,86800,100,2021-09-03,2026-07-03,73800,,2021-07-29,2021-08-03,public
413630,"CP SYSTEM CO.,LTD",씨피시스템(주),20260826000286,CB,2026-08-26,무기명식 무이권부 무보증 사모 전환사채,10000000000,0,0,2031-09-03,5106,100,2027-09-03,2031-08-03,,,,2026-09-03,private
254490,"MIRAI SEMICONDUCTORS CO., LTD.",미래반도체(주),20251028000276,CB,2025-10-28,무기명식 이권부 무보증 사모 전환사채,47000000000,0,0,2030-11-06,18245,100,2026-11-06,2030-10-06,,,2025-11-04,2025-11-06,private
222980,"Mcnulty Korea Co., Ltd",한국맥널티(주),20190131000438,CB,2019-01-31,무기명식 이권부 무보증 사모 전환사채,5000000000,0,0,2024-02-08,12800,100,2020-02-08,2024-01-08,,,2019-02-07,2019-02-08,private
222980,"Mcnulty Korea Co., Ltd",한국맥널티(주),20210812000414,CB,2021-08-12,무기명식 이권부 무보증 사모 전환사채,10000000000,0,0,2026-08-19,9120,100,2022-08-19,2026-07-19,7300,,2021-08-17,2021-08-19,private
222980,"Mcnulty Korea Co., Ltd",한국맥널티(주),20201028000500,CB,2020-10-28,무기명식 이권부 무보증 사모 전환사채,5000000000,0,0,2025-11-02,6410,100,2021-11-02,2025-10-02,5130,,2020-10-30,2020-11-02,private
222980,"Mcnulty Korea Co., Ltd",한국맥널티(주),20241016000173,CB,2024-10-16,무기명식 이권부 무보증 사모 전환사채,5000000000,0,0,2029-10-18,4208,100,2025-10-18,2029-09-18,,,2024-10-18,2024-10-18,private
023410,EUGENE Corporation,유진기업(주),20160713000276,CB,2016-07-13,"무기명식 이권부 무보증
사모 전환사채",40000000000,0,1,2019-07-15,5455,70,2017-07-15,2019-06-15,,,,2016-07-15,private
031310,EYESVISION CORPORATION,(주)아이즈비전,20200618000304,CB,2020-06-18,무기명식 무보증 사모 전환사채,10000000000,0,0,2025-06-19,4112,100,2021-06-19,2025-05-19,,,2020-06-19,2020-06-19,private
031310,EYESVISION CORPORATION,(주)아이즈비전,20250219001785,CB,2025-02-19,무기명식 무보증 사모 전환사채,9000000000,0,3,2030-02-21,1914,100,2026-02-21,2030-01-21,1340,,2025-02-21,2025-02-21,private
031310,EYESVISION CORPORATION,(주)아이즈비전,20220411003401,CB,2022-04-11,무기명식 무보증 사모 전환사채,10000000000,0,0,2027-04-13,3945,100,2023-04-13,2027-03-13,2762,,2022-04-13,2022-04-13,private
031310,EYESVISION CORPORATION,(주)아이즈비전,20240229002384,EB,2024-02-29,무기명식 무보증 사모 교환사채,3000000000,5,5,2027-03-11,7000,100,2024-03-25,2027-03-04,,"not applicable (EB is exchanged for already-issued shares, not newly issued)",2024-03-11,2024-03-11,private
031310,EYESVISION CORPORATION,(주)아이즈비전,20220425000592,EB,2022-04-25,무기명식 이권부 무보증 사모 교환사채,3480000000,0,0,2025-04-27,3480,100,2022-04-28,2025-03-27,,"not applicable (EB is exchanged for already-issued shares, not newly issued)",2022-04-27,2022-04-27,private
092460,"HANLA IMS Co., LTD",한라아이엠에스(주),20210119000411,EB,2021-01-19,무기명식 무보증 사모 교환사채,2000000000,0,0,2026-01-21,7001,100,2021-01-28,2026-01-14,,"not applicable (EB is exchanged for already-issued shares, not newly issued)",2021-01-21,2021-01-21,private
178600,"DAEDONG KOREA GINSENG CO.,LTD.",대동고려삼(주),20160628000782,CB,2016-06-28,"기명식 
무보증 사모 전환사채",2500000000,1,6,2020-06-29,10500,100,2017-06-29,2020-05-29,,,2016-06-30,2016-06-30,private
126880,"JNK Global Co., Ltd.",제이엔케이글로벌(주),20180426000845,CB,2018-04-26,무기명식 이권부 무보증 사모 전환사채,20000000000,0,0,2023-05-02,5240,100,2019-05-02,2023-04-02,,,2018-04-30,2018-05-02,private
126880,"JNK Global Co., Ltd.",제이엔케이글로벌(주),20161117000112,CB,2016-11-17,무기명식 이권부 무보증 사모 전환사채,10000000000,0,0,2021-11-21,3835,100,2017-11-21,2021-10-21,,,2016-11-21,2016-11-21,private
353190,"Hurum Co., Ltd.",(주)휴럼,20220509000373,CB,2022-05-09,무기명식 무보증 사모 전환사채,11000000000,0,0,2027-05-11,1887,100,2023-05-11,2027-04-11,1510,,2022-05-11,2022-05-11,private
353190,"Hurum Co., Ltd.",(주)휴럼,20240806000137,CB,2024-08-06,무기명식 무이권부 무보증 사모 전환사채,12000000000,0,0,2029-08-08,1073,100,2025-08-08,2029-07-08,,,2024-08-08,2024-08-08,private
011040,KyungdongPharm,경동제약(주),20200819000104,CB,2020-08-19,무기명식 이권부 무보증 사모 전환사채,28000000000,0,0,2024-09-27,8212,100,2020-09-27,2024-08-27,5749,,2019-09-27,2019-09-27,private
011040,KyungdongPharm,경동제약(주),20251222000363,EB,2025-12-16,무기명식 무보증 사모 교환사채,10000000000,0,0,2030-12-24,6688,100,2026-01-02,2030-11-24,,"not applicable (EB is exchanged for already-issued shares, not newly issued)",2025-12-18,2025-12-24,private
006620,"DongKoo Bio & Pharma Co., Ltd.",(주)동구바이오제약,20250327001247,EB,2025-03-27,무기명식 무보증 사모 교환사채,8683861052,0,0,2030-03-31,6103,100,2025-04-01,2030-02-28,,"not applicable (EB is exchanged for already-issued shares, not newly issued)",2025-03-31,2025-03-31,private
005010,"HUSTEEL CO.,LTD",(주)휴스틸,20161205000149,CB,2016-12-05,무기명식 이권부 무보증 사모 전환사채,20000000000,0,0,2021-12-07,15711,100,2017-12-07,2021-11-07,,,,2016-12-07,private
200670,"Humedix Co., Ltd.",(주)휴메딕스,20210402001957,CB,2021-04-02,무기명식 이권부 무보증 사모 전환사채,45000000000,0,0,2026-04-06,26800,100,2022-04-06,2026-03-06,21450,,2021-04-06,2021-04-06,private
009460,"HANCHANG PAPER CO.,LTD",(주)한창제지,20250805000155,CB,2025-08-05,무기명식 이권부 무보증 사모 전환사채,8000000000,0,1,2030-08-13,692,100,2026-08-13,2030-07-13,500,,2025-08-13,2025-08-13,private
246960,SCL Science Inc.,(주)에스씨엘사이언스,20210401003019,CB,2021-04-01,무기명식 무보증 사모 전환사채,7500000000,0,0,2026-04-09,16507,100,2022-04-09,2026-03-09,13206,,2021-04-05,2021-04-09,private
246960,SCL Science Inc.,(주)에스씨엘사이언스,20241230000452,CB,2024-12-30,무기명식 무보증 사모 전환사채,14000000000,2,4,2030-01-03,8282,100,2026-01-03,2029-12-03,5798,,2025-01-02,2025-01-03,private
001540,"AHN-GOOK PHARMACEUTICAL Co., Ltd.",안국약품(주),20150826000293,CB,2015-08-25,무기명 사모 전환사채,4200000000,0,0,2020-08-27,19322,100,2016-08-27,2020-07-27,,,2015-08-27,2015-08-27,private
001540,"AHN-GOOK PHARMACEUTICAL Co., Ltd.",안국약품(주),20150825000137,EB,2015-08-25,무기명 사모 교환사채,5000000000,0,0,2020-08-27,19322,100,2015-09-27,2020-07-27,,"not applicable (EB is exchanged for already-issued shares, not newly issued)",2015-08-27,2015-08-27,private
001360,"SAMSUNG PHARMACEUTICAL.CO.,Ltd.",삼성제약(주),20150213000624,CB,2015-02-13,무기명식 이권부 무보증 사모 전환사채,3700000000,0,4,2018-02-13,3369,100,2016-02-13,2018-01-13,,,2015-02-13,2015-02-13,private
001360,"SAMSUNG PHARMACEUTICAL.CO.,Ltd.",삼성제약(주),20150401002298,CB,2015-04-01,무기명식 이권부 무보증 사모 전환사채,5000000000,0,4,2018-04-03,6467,100,2016-04-03,2018-03-03,,,2015-04-03,2015-04-03,private
001360,"SAMSUNG PHARMACEUTICAL.CO.,Ltd.",삼성제약(주),20150401002204,CB,2015-04-01,무기명식 이권부 무보증 사모 전환사채,10100000000,0,4,2018-04-03,6467,100,2016-04-03,2018-03-03,,,2015-04-03,2015-04-03,private
001360,"SAMSUNG PHARMACEUTICAL.CO.,Ltd.",삼성제약(주),20151020000206,CB,2015-10-19,무기명식 무보증 사모 전환사채,3300000000,0,4,2018-10-23,14007,100,2016-10-23,2018-09-23,,,2015-10-21,2015-10-23,private
001360,"SAMSUNG PHARMACEUTICAL.CO.,Ltd.",삼성제약(주),20151020000215,CB,2015-10-19,무기명식 무보증 사모 전환사채,11200000000,0,4,2018-10-23,14007,100,2016-10-23,2018-09-23,,,2015-10-21,2015-10-23,private
001360,"SAMSUNG PHARMACEUTICAL.CO.,Ltd.",삼성제약(주),20200214000594,CB,2020-02-14,"무기명식
이권부
무보증 사모 전환사채",,0,2,2023-02-14,4526,100,2021-02-14,2023-01-14,,,2020-02-14,2020-02-14,private
001360,"SAMSUNG PHARMACEUTICAL.CO.,Ltd.",삼성제약(주),20170519000361,CB,2017-05-19,"무기명식
이권부
무보증 사모
전환사채",1500000000,0,3,2020-05-19,3688,100,2018-05-19,2020-04-19,,,2017-05-19,2017-05-19,private
001360,"SAMSUNG PHARMACEUTICAL.CO.,Ltd.",삼성제약(주),20161024000260,CB,2016-10-24,"무기명식 이권부 무보증 사모 
전환사채",5650000000,0,4,2019-10-24,4983,100,2017-10-24,2019-09-24,,,2016-10-24,2016-10-24,private
001360,"SAMSUNG PHARMACEUTICAL.CO.,Ltd.",삼성제약(주),20170207000273,CB,2017-02-06,"무기명식
이권부
무보증 사모
전환사채",10200000000,0,4,2020-02-06,4102,100,2018-02-06,2020-01-06,,,2017-02-06,2017-02-06,private
001360,"SAMSUNG PHARMACEUTICAL.CO.,Ltd.",삼성제약(주),20250820000220,CB,2025-08-08,국내 무기명식 이권부 무보증 사모 전환사채,26900000000,1,3,2030-08-21,1591,100,2026-08-21,2030-07-21,,,2025-08-08,2025-08-21,private
001360,"SAMSUNG PHARMACEUTICAL.CO.,Ltd.",삼성제약(주),20260902000227,CB,2026-09-02,국내 무기명식 이권부 무보증 사모 전환사채,6000000000,1,6,2029-09-11,1346,100,2027-09-11,2029-08-11,943,,2026-09-02,2026-09-11,private
003520,"YUNGJIN PHARM. CO., LTD",영진약품(주),20231117000218,CB,2023-11-17,무기명식 이권부 무보증 사모 전환사채,30300000000,0,2,2028-11-21,2305,100,2024-11-21,2028-10-21,,,2023-11-21,2023-11-21,private
003520,"YUNGJIN PHARM. CO., LTD",영진약품(주),20251120000602,CB,2025-11-20,무기명식 이권부 무보증 사모 전환사채,25100000000,0,0,2030-11-28,1999,100,2026-11-28,2030-10-28,,,2025-11-28,2025-11-28,private
000220,"Yuyu Pharma, Inc.",(주)유유제약,20180614000680,CB,2018-06-14,국내 무기명식 이권부 무보증 사모 전환사채,20000000000,0,0,2023-06-22,17550,100,2019-06-22,2023-05-22,,,2018-06-18,2018-06-22,private
000220,"Yuyu Pharma, Inc.",(주)유유제약,20200422000465,CB,2020-04-22,"국내 무기명식 이권부 
무보증 사모 전환사채",10000000000,0,0,2025-04-24,11700,100,2021-04-24,2025-03-24,,,2020-04-24,2020-04-24,private
000220,"Yuyu Pharma, Inc.",(주)유유제약,20210611000247,CB,2021-06-11,국내 무기명식 이권부 무보증 사모 전환사채,30000000000,0,0,2026-06-15,9360,100,2022-06-15,2026-06-15,6560,,2021-06-15,2021-06-15,private
000220,"Yuyu Pharma, Inc.",(주)유유제약,20230518000270,CB,2023-05-18,무기명식 이권부 무보증 사모 전환사채,24500000000,0,0,2028-05-22,6150,100,2024-05-22,2028-04-22,4305,,2023-05-22,2023-05-22,private
002390,HANDOK Inc.,(주)한독,20241209000450,CB,2024-12-09,무기명식 이권부 무보증 사모 전환 사채,30000000000,0,2,2027-12-13,12830,100,2025-12-13,2027-11-13,8990,,2024-12-09,2024-12-13,private
005720,NEXEN CORPORATION,(주)넥센,20250922000273,EB,2025-09-22,무기명식 무보증 사모 교환사채,23542986600,0,0,2030-09-30,7686,100,2025-10-30,2030-08-30,,"not applicable (EB is exchanged for already-issued shares, not newly issued)",2025-09-30,2025-09-30,private
226340,"Bonne Co., Ltd.",(주)본느,20200219001002,CB,2020-02-19,무기명식 이권부 무보증 사모 전환사채,15000000000,0,0,2025-02-27,4500,100,2021-02-27,2025-01-27,,,2020-02-19,2020-02-27,private
226340,"Bonne Co., Ltd.",(주)본느,20210129000463,CB,2021-01-29,무기명식 이권부 무보증 사모 전환사채,12000000000,0,0,2026-02-18,2785,100,2022-02-18,2026-01-18,1950,,2021-02-02,2021-02-18,private
226340,"Bonne Co., Ltd.",(주)본느,20220218001690,CB,2022-02-18,무기명식 이권부 무보증 사모 전환사채,10500000000,0,0,2027-02-22,2535,100,2023-02-22,2027-01-22,1775,,2022-02-22,2022-02-22,private
226340,"Bonne Co., Ltd.",(주)본느,20260731000813,CB,2026-07-31,무기명식 이권부 무보증 사모 전환사채,10000000000,3,5,2029-08-28,1396,100,2027-08-28,2029-07-28,,,2026-08-28,2026-08-28,private
226340,"Bonne Co., Ltd.",(주)본느,20260731000816,CB,2026-07-31,무기명식 이권부 무보증 사모 전환사채,10000000000,3,5,2029-08-28,1396,100,2027-08-28,2029-07-28,,,2026-08-28,2026-08-28,private
308100,"Hyungji Global Co., Ltd.",(주)형지글로벌,20210604000410,CB,2021-06-04,무기명식 이권부 무보증 사모 전환사채,20000000000,0,0,2026-06-08,15286,100,2022-06-08,2026-05-08,10701,,2021-06-08,2021-06-08,private
308100,"Hyungji Global Co., Ltd.",(주)형지글로벌,20230915000474,CB,2023-09-15,무기명식 이권부 무보증 사모 전환사채,2200000000,4,4,2026-09-22,5606,100,2024-09-22,2026-08-22,3925,,2023-09-19,2023-09-22,private
308100,"Hyungji Global Co., Ltd.",(주)형지글로벌,20250408000002,CB,2024-03-13,무기명식 이권부 무보증 사모 전환사채,7000000000,2,10,2027-03-15,4413,100,2025-03-15,2027-02-15,3090,,2024-03-14,2024-03-15,private
308100,"Hyungji Global Co., Ltd.",(주)형지글로벌,20250919000586,CB,2025-09-19,무기명식 이권부 무보증 사모 전환사채,5000000000,0,5,2030-09-29,2008,100,2026-09-29,2030-08-29,1406,,2025-09-24,2025-09-29,private
308100,"Hyungji Global Co., Ltd.",(주)형지글로벌,20250408000004,BW,2024-03-25,무기명식 이권부 무보증 사모 신주인수권부사채,3000000000,2,10,2027-03-28,4351,100,2025-03-28,2027-02-28,3046,,2024-03-27,2024-03-28,private
282880,"COWINTECH Co., Ltd",주식회사 코윈테크,20230221001282,CB,2023-02-21,무기명식 이권부 무보증 사모 전환사채,8000000000,0,0,2028-02-23,24943,100,2024-02-23,2028-01-23,,,2023-02-23,2023-02-23,private
282880,"COWINTECH Co., Ltd",주식회사 코윈테크,20220727000156,CB,2022-07-25,무기명식 이권부 무보증 사모 전환사채,33000000000,0,0,2027-07-27,25667,100,2023-07-27,2027-06-27,,,2022-07-27,2022-07-27,private
282880,"COWINTECH Co., Ltd",주식회사 코윈테크,20211216000437,EB,2021-11-09,무기명식 무보증 사모 교환사채,9500000000,0,0,2026-11-11,38000,100,2021-11-16,2026-11-04,,"not applicable (EB is exchanged for already-issued shares, not newly issued)",2021-11-11,2021-11-11,private
067080,"DAE HWA PHARM CO., LTD",대화제약(주),20190508000407,CB,2019-03-28,무기명식 이권부 무보증 사모 전환사채,20000000000,0,2,2024-03-29,21154,100,2020-03-29,2024-02-29,,,2019-03-29,2019-03-29,private
067080,"DAE HWA PHARM CO., LTD",대화제약(주),20250919000549,EB,2025-09-19,무기명식 무이권부 무보증 사모 교환사채,6053740000,0,0,2030-09-26,15724,100,2025-10-26,2030-08-26,,"not applicable (EB is exchanged for already-issued shares, not newly issued)",2025-09-23,2025-09-26,private
053030,"Binex Co., Ltd.",(주)바이넥스,20150518000209,CB,2015-05-18,"제4-1회, 제4-2회 무기명식 무보증 사모 전환사채",20000000000,1.5,5,2020-06-01,14400,100,2016-06-01,2020-05-01,,,2015-05-20,2015-06-01,private
053030,"Binex Co., Ltd.",(주)바이넥스,20200928000124,CB,2020-09-28,무기명식 무보증 사모 전환사채,38000000000,0,0,2025-10-06,30950,100,2021-10-06,2025-09-06,21665,,2020-09-28,2020-10-06,private
053030,"Binex Co., Ltd.",(주)바이넥스,20200928000315,EB,2020-09-28,무기명식 무보증 사모 교환사채,12000000000,0,0,2025-10-06,30950,100,2021-04-06,2025-09-06,,"not applicable (EB is exchanged for already-issued shares, not newly issued)",2020-09-28,2020-10-06,private
053030,"Binex Co., Ltd.",(주)바이넥스,20251104000052,EB,2025-10-28,무기명식 무이권부 무보증사모 교환사채,15548248544,0,0,2030-11-06,18587,100,2025-12-06,2030-10-06,,"not applicable (EB is exchanged for already-issued shares, not newly issued)",2025-11-06,2025-11-06,private
034940,"ChoA Pharmaceutical Co., LTD.",조아제약(주),20171020000207,CB,2017-10-20,무기명식 이권부 무보증 사모 전환사채,12000000000,0,0,2022-04-24,4390,100,2018-10-24,2022-03-24,,,2017-10-24,2017-10-24,private
068760,Celltrion Pharm Inc.,(주)셀트리온제약,20150227001331,CB,2015-02-13,"무기명식
사모 전환사채",30000000000,1.5,5.9,2019-02-26,13270,100,2016-02-26,2019-02-25,,,2015-02-13,2015-02-27,private
068760,Celltrion Pharm Inc.,(주)셀트리온제약,20150120000290,BW,2015-01-20,"무기명식 사모 비분리형
신주인수권부사채",50000000000,1.5,5.9,2020-01-19,10330,100,2016-01-20,2020-01-18,,,,2015-01-20,private
084990,"Helixmith Co., Ltd",(주)헬릭스미스,20200219001161,CB,2020-02-19,무기명식 무보증 사모 전환사채,80000000000,0,0,2023-02-21,72897,100,2021-02-21,2023-01-21,,,2020-02-21,2020-02-21,private
084990,"Helixmith Co., Ltd",(주)헬릭스미스,20180919000284,CB,2018-09-19,무기명식 무보증 사모 전환사채,100000000000,0,0,2023-09-21,242965,100,2019-09-21,2023-08-21,,,2018-09-21,2018-09-21,private
084990,"Helixmith Co., Ltd",(주)헬릭스미스,20210122000350,CB,2021-01-20,무기명식 무보증 사모 전환사채,20000000000,0,0,2026-01-22,30417,100,2022-01-22,2025-12-22,21292,,2021-01-22,2021-01-22,private
950160,"Kolon TissueGene, Inc.",코오롱티슈진(주),20220831001348,CB,2022-08-31,기명식 무이권부 무보증 사모 영구전환사채,33000000000,0,5.8,2052-09-07,58500,100,2023-09-07,2052-08-07,,,2022-09-07,2022-09-07,private
950160,"Kolon TissueGene, Inc.",코오롱티슈진(주),20240627000674,CB,2024-06-27,기명식 무이권부 무보증 사모 전환사채,24500000000,0,0,2029-07-05,71285,100,2025-07-05,2029-06-05,,,2024-07-01,2024-07-05,private
950160,"Kolon TissueGene, Inc.",코오롱티슈진(주),20250219001923,CB,2025-02-19,기명식 무이권부 무보증 사모 전환사채,56500000000,0,0,2030-02-26,192210,100,2026-02-26,2030-01-26,172989,,2025-02-26,2025-02-26,private
950160,"Kolon TissueGene, Inc.",코오롱티슈진(주),20250912000305,CB,2025-09-12,기명식 무이권부 무보증 사모 전환사채,122500000000,0,0,2030-09-26,218090,100,2026-09-26,2030-08-26,185376,,2025-09-26,2025-09-26,private
216400,"INVITES BIOCORE CO., LTD",인바이츠바이오코아(주),20251126000719,CB,2021-02-17,제1회 무기명식 이권부 무보증 사모 전환사채,21000000000,2,2,2026-12-05,13640,100,2022-02-26,2026-11-30,9540,,2021-02-17,2021-02-26,private
185750,Chong Kun Dang Pharmaceutical Corp.,(주)종근당,20250930000617,EB,2025-09-30,무기명식 무보증 사모 교환사채,61104420000,0,0,2030-10-14,97500,100,2025-11-14,2030-09-14,,"not applicable (EB is exchanged for already-issued shares, not newly issued)",2025-10-14,2025-10-14,private
008830,DaedongGear,대동기어(주),20251016000315,CB,2025-10-16,무기명식 무이권부 무보증 사모 전환사채,10000000000,0,1,2030-10-24,15552,100,2026-10-24,2030-09-24,13220,,2025-10-24,2025-10-24,private
044820,"COSMAX BTI, INC.",코스맥스비티아이(주),20210601000340,CB,2021-06-01,무기명식 무보증 사모 전환사채,15000000000,0,0,2026-06-03,19098,100,2022-06-03,2026-05-29,15279,,2021-06-03,2021-06-03,private
092220,KEC CORPORATION,(주)케이이씨,20150605000289,CB,2015-06-05,무기명식 무보증 사모 전환사채,26000000000,0,1,2020-06-09,1368,100,2016-06-09,2020-05-09,,,2015-06-09,2015-06-09,private
092220,KEC CORPORATION,(주)케이이씨,20201019000132,CB,2020-10-14,무기명식 이권부 무보증 사모 전환사채,40000000000,0,0,2025-10-27,1428,100,2021-10-27,2025-09-27,1143,,2020-10-16,2020-10-27,private
092190,"SEOUL VIOSYS CO., LTD.",서울바이오시스(주),20251210000358,CB,2025-12-10,무기명식 이권부 무보증 사모 영구 전환사채,30000000000,4.6,4.6,2055-12-18,2634,100,2026-12-18,2055-11-18,,,2025-12-16,2025-12-18,private
092190,"SEOUL VIOSYS CO., LTD.",서울바이오시스(주),20251210000370,BW,2025-12-10,무기명식 이권부 무보증 사모 영구 신주인수권부사채,30000000000,4.6,4.6,2055-12-22,2634,100,2026-12-22,2055-11-22,,,2025-12-16,2025-12-22,private
066700,"THERAGEN ETEX CO.,LTD.",(주)테라젠이텍스,20181023000348,CB,2018-10-23,무기명식 무보증 사모 전환사채,20000000000,0,1,2022-10-25,12700,100,2019-10-25,2022-09-25,,,2018-10-23,2018-10-25,private
066700,"THERAGEN ETEX CO.,LTD.",(주)테라젠이텍스,20160223000187,CB,2016-02-22,무기명식 무보증 사모 전환사채,10650000000,1,3,2019-02-23,6548,100,2017-02-23,2019-01-23,,,2016-02-23,2016-02-23,private
066700,"THERAGEN ETEX CO.,LTD.",(주)테라젠이텍스,20250410002811,CB,2024-12-06,무기명식 이권부 무보증 사모 전환사채,3800000000,0,4,2029-04-18,2949,100,2026-04-18,2029-03-18,2065,,2025-04-16,2025-04-18,private
066700,"THERAGEN ETEX CO.,LTD.",(주)테라젠이텍스,20230426000665,EB,2023-04-07,무기명식 이권부 무보증 사모 교환사채,10000000000,0,4,2026-04-27,26350,100,2023-10-27,2026-03-27,,"not applicable (EB is exchanged for already-issued shares, not newly issued)",2023-04-26,2023-04-27,private
250060,"Mobiis Co., Ltd.",(주)모비스,20210503000424,CB,2021-05-03,무기명식 이권부 무보증 사모 전환사채,11000000000,0,0,2026-05-06,3117,100,2022-05-06,2026-04-06,,,2021-05-06,2021-05-06,private
250060,"Mobiis Co., Ltd.",(주)모비스,20240612000125,CB,2024-06-12,무기명식 이권부 무보증 사모 전환사채,10000000000,0,0,2029-06-14,4082,100,2025-06-14,2029-05-14,,,2024-06-14,2024-06-14,private
250060,"Mobiis Co., Ltd.",(주)모비스,20201123000154,EB,2020-11-23,무기명식 무보증 사모 교환사채,3104000000,0,0,2023-11-25,6208,100,2020-12-02,2023-10-25,,"not applicable (EB is exchanged for already-issued shares, not newly issued)",2020-11-25,2020-11-25,private
365340,"SungEel HiTech Co., Ltd.",성일하이텍 주식회사,20240425000614,CB,2024-04-25,무기명식 이권부 무보증 사모 전환사채,50000000000,0,2,2027-04-30,79171,100,2025-10-30,2027-03-30,55420,,2024-04-29,2024-04-30,private
365340,"SungEel HiTech Co., Ltd.",성일하이텍 주식회사,20251128001687,CB,2025-11-28,무기명식 이권부 무보증 사모 전환사채,20000000000,1,4,2030-12-10,41896,100,2026-12-10,2030-11-10,33517,,2025-12-10,2025-12-10,private
365340,"SungEel HiTech Co., Ltd.",성일하이텍 주식회사,20251017000299,CB,2025-10-17,무기명식 이권부 무보증 사모 전환사채,53000000000,1,4,2030-10-27,41336,100,2026-10-27,2030-09-27,33069,,2025-10-22,2025-10-27,private
004090,KOREA PETROLEUM INDUSTRIES COMPANY,한국석유공업(주),20250905000042,CB,2025-09-05,무기명식 무이권부 무보증 사모 전환사채,20000000000,0,0,2030-09-08,15409,100,2026-09-08,2030-08-08,,,2025-09-08,2025-09-08,private
004090,KOREA PETROLEUM INDUSTRIES COMPANY,한국석유공업(주),20240509000495,EB,2024-05-07,무기명식 무이권부 무보증 사모 교환사채,9646826020,0,0,2029-05-09,19279,100,2024-05-10,2029-04-09,,"not applicable (EB is exchanged for already-issued shares, not newly issued)",2024-05-09,2024-05-09,private
035620,Barunson Entertainment & Arts Corporation,(주)바른손이앤에이,20200416000381,CB,2020-04-16,무기명식 이권부 무보증 사모 전환사채,5000000000,0,2,2025-04-21,2252,100,2021-04-21,2025-03-21,,,2020-04-20,2020-04-21,private
035620,Barunson Entertainment & Arts Corporation,(주)바른손이앤에이,20160817000128,CB,2016-08-17,무기명식 무보증 사모 전환사채,5000000000,0,6,2019-08-19,2805,100,2017-08-19,2019-07-19,,,2016-08-19,2016-08-19,private
035620,Barunson Entertainment & Arts Corporation,(주)바른손이앤에이,20170424000500,CB,2017-04-24,무기명식 이권부 무보증 사모 전환사채,4300000000,0,4,2021-04-28,2795,100,2018-04-28,2021-04-21,,,2017-04-24,2017-04-28,private
035620,Barunson Entertainment & Arts Corporation,(주)바른손이앤에이,20160415000153,CB,2016-04-15,무기명식 담보부 사모 전환사채,5000000000,0,2,2019-04-15,2890,100,2017-04-15,2019-03-15,,,2016-04-15,2016-04-15,private
035620,Barunson Entertainment & Arts Corporation,(주)바른손이앤에이,20231010000686,EB,2023-10-10,무기명식 이권부 무보증 사모 교환사채,10000000000,0,1,2026-10-12,17324,100,2023-11-12,2026-09-12,,"not applicable (EB is exchanged for already-issued shares, not newly issued)",2023-10-10,2023-10-12,private
035620,Barunson Entertainment & Arts Corporation,(주)바른손이앤에이,20170424000502,EB,2017-04-24,무기명식 이권부 무보증 사모 교환사채,3100000000,2,6,2022-04-28,29500,100,2017-05-28,2022-04-21,,"not applicable (EB is exchanged for already-issued shares, not newly issued)",2017-04-24,2017-04-28,private
035620,Barunson Entertainment & Arts Corporation,(주)바른손이앤에이,20251020000321,EB,2025-10-14,무기명식 이권부 무보증 사모 교환사채,2900000000,0,1,2028-10-22,15683,100,2025-11-22,2028-09-22,,"not applicable (EB is exchanged for already-issued shares, not newly issued)",2025-10-22,2025-10-22,private
437730,"SAMHYUN CO.,LTD",(주)삼현,20251022000306,CB,2025-10-21,무기명식 무이권부 무보증 사모 전환사채,48500000000,0,0,2030-10-29,32672,100,2026-10-29,2030-09-29,,,2025-10-29,2025-10-29,private
019010,"VenueG Co.,Ltd.",베뉴지(주),20240726000500,EB,2024-07-26,무기명식 이권부 무보증 사모 교환사채,20000000000,0,0,2026-08-06,94000,100,2024-08-08,2026-07-06,,"not applicable (EB is exchanged for already-issued shares, not newly issued)",2024-07-30,2024-08-06,private
019010,"VenueG Co.,Ltd.",베뉴지(주),20260720000119,EB,2026-07-16,무기명식 무이권부 무보증 사모 교환사채,37615500000,0,0,2028-07-24,376155,100,2026-07-31,2028-06-24,,"not applicable (EB is exchanged for already-issued shares, not newly issued)",2026-07-24,2026-07-24,private
036420,ContentreeJoongAng corp.,(주)콘텐트리중앙,20201119000315,CB,2020-11-19,무기명식 이권부 무보증 사모 전환사채,50000000000,0,0,2023-11-27,30836,100,2021-11-27,2023-10-27,24669,,2020-11-19,2020-11-27,private
036420,ContentreeJoongAng corp.,(주)콘텐트리중앙,20260630000851,CB,2021-04-28,무기명식 이권부 무보증 사모 전환사채,100000000000,0,,,46777,100,2022-05-15,,32744,,2021-04-30,2021-05-14,private
036420,ContentreeJoongAng corp.,(주)콘텐트리중앙,20170912000412,EB,2017-09-12,무기명식 무보증 무담보 사모 교환사채,39880000000,2,4.5,2023-09-15,714895,100,2018-09-15,2023-08-15,,"not applicable (EB is exchanged for already-issued shares, not newly issued)",2017-09-15,2017-09-15,private
194480,Devsisters corporation,데브시스터즈(주),20250922000245,EB,2025-09-22,무기명식 무보증 사모 교환사채,39451636800,0,0,2030-09-30,61800,100,2025-10-14,2030-09-23,,"not applicable (EB is exchanged for already-issued shares, not newly issued)",2025-09-30,2025-09-30,private
006110,"SAMA ALUMINIUM CO.,LTD",삼아알미늄(주),20230112000130,CB,2022-12-22,무기명식 무보증 사모 전환사채,10000000000,0,3,2028-01-31,34712,100,2024-01-27,2027-12-31,24299,,2022-12-26,2023-01-27,private
096530,"SEEGENE, INC.",(주)씨젠,20150724000083,CB,2015-07-24,무기명식 이권부 무보증 사모 전환사채,50000000000,0.5,0.9,2020-07-28,68128,100,2016-07-28,2020-06-28,,,2015-07-28,2015-07-28,private
163280,"Airrane Co., Ltd.",㈜에어레인,20250826000420,CB,2025-08-14,무기명식 이권부 무보증 사모 전환사채,10000000000,1.1,1.1,2030-08-22,19393,100,2026-08-22,2030-07-22,,,2025-08-22,2025-08-22,private
163280,"Airrane Co., Ltd.",㈜에어레인,20250826000434,BW,2025-08-14,무기명식 이권부 무보증 사모 신주인수권부사채,10000000000,1.1,1.1,2030-08-22,19393,100,2026-08-22,2030-07-22,,,2025-08-22,2025-08-22,private
069330,"U.I.DISPLAY CO.,LTD.",(주)유아이디,20200330002906,CB,2020-03-30,무기명식 이권부 무보증 사모 전환사채,900000000,5,5,2023-04-01,1055,100,2021-04-01,2023-03-01,,,2020-03-30,2020-04-01,private
069330,"U.I.DISPLAY CO.,LTD.",(주)유아이디,20200506000507,CB,2020-05-06,무기명식 이권부 무보증 사모 전환사채,1530000000,5,5,2023-05-08,1055,100,2021-05-08,2023-04-08,,,2020-05-06,2020-05-08,private
069330,"U.I.DISPLAY CO.,LTD.",(주)유아이디,20170614000001,EB,2017-06-13,"무기명식 이권부
무보증 사모 교환사채",4500000000,0,0,2021-06-14,5400,100,2017-06-15,2021-05-14,,"not applicable (EB is exchanged for already-issued shares, not newly issued)",2017-06-14,2017-06-14,private
190510,"Namuga Co.,Ltd",(주)나무가,20190612000411,CB,2019-06-04,무기명식 이권부 무보증 사모 전환사채,10685161600,1,2,2025-06-12,35350,100,2020-06-12,2025-05-12,,,2019-06-07,2019-06-12,private
190510,"Namuga Co.,Ltd",(주)나무가,20200917000269,BW,2020-09-17,무기명식 이권부 무보증 사모 비분리형 신주인수권부사채,20000000000,0,3,2025-09-23,21630,100,2021-09-23,2025-08-23,15141,,2020-09-21,2020-09-23,private
190510,"Namuga Co.,Ltd",(주)나무가,20190612000406,EB,2019-06-04,무기명식 이권부 무보증 사모 교환사채,9314838400,1,1,2024-06-12,38900,100,2019-06-13,2024-06-04,,"not applicable (EB is exchanged for already-issued shares, not newly issued)",2019-06-07,2019-06-12,private
238200,BIFIDO. Co. Ltd,주식회사 비피도,20231128000940,CB,2023-11-28,무기명식 이권부 무보증 사모 전환사채,2000000000,0,1,2028-11-29,5504,100,2024-11-29,2028-10-29,3853,,2023-11-29,2023-11-29,private
238200,BIFIDO. Co. Ltd,주식회사 비피도,20230925000368,CB,2023-09-25,무기명식 이권부 무보증 사모 전환사채,15000000000,0,1,2028-10-04,6677,100,2024-10-04,2028-09-04,4674,,2023-09-27,2023-10-04,private
404990,"Shinhan Seobu T&D REIT Co., Ltd.",주식회사 신한서부티엔디위탁관리부동산투자회사,20230907000205,CB,2023-08-31,무기명식 이권부 무보증 사모 전환사채,20000000000,4,5,2026-09-05,3335,100,2024-09-05,2026-08-05,,,2023-09-04,2023-09-05,private
404990,"Shinhan Seobu T&D REIT Co., Ltd.",주식회사 신한서부티엔디위탁관리부동산투자회사,20240222002142,CB,2024-02-22,무기명식 이권부 무보증 사모 전환사채,35000000000,3,6,2027-02-26,3776,100,2025-02-26,2027-01-26,,,2024-02-26,2024-02-26,private
033240,"JAHWA ELECTRONICS CO.,LTD",자화전자(주),20210609000267,CB,2021-06-09,무기명식 이권부 무보증 사모 전환사채,50000000000,0,0,2024-06-11,21531,100,2022-06-11,2024-05-11,15072,,2021-06-10,2021-06-11,private
033240,"JAHWA ELECTRONICS CO.,LTD",자화전자(주),20240216000966,EB,2024-02-16,무기명식 무보증 사모 교환사채,37500000000,0,0,2029-02-20,35068,100,2024-03-20,2029-02-13,,"not applicable (EB is exchanged for already-issued shares, not newly issued)",2024-02-20,2024-02-20,private
171120,"LION CHEMTECH CO., Ltd.",(주)라이온켐텍,20201104000372,CB,,,,,,,,,,,,,,,private
171120,"LION CHEMTECH CO., Ltd.",(주)라이온켐텍,20230412001050,CB,2023-04-10,무기명식 무보증 사모전환사채,10100000000,0,10,2025-04-12,6686,100,2023-04-12,2025-03-12,,,2023-04-12,2023-04-12,private
171120,"LION CHEMTECH CO., Ltd.",(주)라이온켐텍,20230412001066,BW,2023-04-10,무기명식 무보증 사모 신주인수권부사채,10100000000,0,10,2025-04-12,6686,100,2024-04-12,2025-03-12,,,2023-04-12,2023-04-12,private
056090,"CG MedTech Co.,Ltd.",(주)시지메드텍,20191210000377,CB,2019-12-10,무기명식 이권부 무보증 사모 전환사채,8000000000,0,4,2024-12-12,5635,100,2020-12-12,2024-11-12,,,2019-12-12,2019-12-12,private
056090,"CG MedTech Co.,Ltd.",(주)시지메드텍,20171221000305,CB,2017-12-21,무기명식 무보증 무담보 사모 전환사채,16000000000,0,0,2022-12-22,12663,100,2018-12-22,2022-11-22,,,2017-12-22,2017-12-22,private
056090,"CG MedTech Co.,Ltd.",(주)시지메드텍,20210707000411,CB,2021-07-07,무기명식 무보증 사모 전환사채,10000000000,0,0,2026-07-09,5253,100,2022-07-09,2026-06-09,3678,,2021-07-09,2021-07-09,private
056090,"CG MedTech Co.,Ltd.",(주)시지메드텍,20220718000027,CB,2022-02-10,무기명식 이권부 사모 전환사채,20000000000,0,5,2025-07-18,6891,100,2023-07-18,2025-07-11,,,2022-02-10,2022-07-18,private
056090,"CG MedTech Co.,Ltd.",(주)시지메드텍,20220718000024,CB,2022-02-10,무기명식 이권부 사모 전환사채,20000000000,0,5,2025-07-15,6891,100,2023-07-15,2025-07-08,,,2022-02-10,2022-07-15,private
056090,"CG MedTech Co.,Ltd.",(주)시지메드텍,20220718000029,CB,2022-02-10,무기명식 이권부 사모 전환사채,20000000000,0,5,2025-07-19,6891,100,2023-07-19,2025-07-14,,,2022-02-10,2022-07-19,private
056090,"CG MedTech Co.,Ltd.",(주)시지메드텍,20220721000388,BW,2022-02-10,무기명식 이권부 사모 비분리형 신주인수권부사채,10100000000,2,4,2025-07-21,6891,100,2023-07-21,2025-06-21,,,2022-02-10,2022-07-21,private
131290,"TSE CO.,Ltd",(주)티에스이,20260710000416,CB,2026-07-10,무기명식 무보증 사모 전환사채,100000000000,0,0,2031-07-22,238664,100,2027-07-22,2031-06-22,,,2026-07-22,2026-07-22,private
088390,INNOXCorporation,(주)이녹스,20230407002393,CB,2023-04-07,무기명식 이권부 무보증 사모 전환사채,15000000000,0,2,2028-04-11,34954,100,2024-04-11,2028-03-11,,,2023-04-11,2023-04-11,private
088390,INNOXCorporation,(주)이녹스,20250724000361,CB,2025-07-24,무기명식 이권부 무보증 사모 전환사채,13000000000,0,2,2030-08-01,12550,100,2026-08-01,2030-07-01,,,2025-08-01,2025-08-01,private
088390,INNOXCorporation,(주)이녹스,20210428000657,EB,2021-04-27,무기명식 이권부 무보증사모 교환사채,13031084000,0,0,2026-04-29,22000,100,2021-05-29,2026-03-29,,"not applicable (EB is exchanged for already-issued shares, not newly issued)",2021-04-29,2021-04-29,private
109610,"SY CO., LTD.",에스와이(주),20190531001424,CB,2019-05-31,무기명식 이권부 무보증 무담보 사모 전환사채,5000000000,,,2024-06-04,4981,100,2020-06-04,2024-05-04,,,2019-06-04,2019-06-04,private
109610,"SY CO., LTD.",에스와이(주),20170607000133,CB,2017-06-05,무기명식 이권부 무보증 무담보 사모 전환사채,30000000000,,,2022-06-08,8987,100,2018-06-08,2022-05-08,,,2017-06-08,2017-06-08,private
109610,"SY CO., LTD.",에스와이(주),20190124000029,BW,2019-01-03,국내 무기명식 이권부 무보증 공모 분리형 신주인수권부사채,25000000000,2,4,2022-01-31,5725,100,2019-02-28,2021-12-31,,,2019-01-28,2019-01-31,public
003470,"Yuanta Securities Korea Co., Ltd.",유안타증권(주),20151217000277,CB,2015-12-02,무기명식 이권부 무보증 전환사채,76500000000,1,2.1,2018-12-17,5000,100,2016-01-17,2018-11-17,,,,2015-12-17,public
019990,ENERTORK LTD.,(주)에너토크,20250711000354,CB,2025-07-11,무기명식 이권부 무보증 사모 전환사채,5000000000,1,5,2030-07-14,7508,100,2026-07-14,2030-06-14,5256,,2025-07-14,2025-07-14,private
199800,ToolGen Incorporated,(주)툴젠,20231031000352,CB,2023-10-31,무기명식 이권부 무보증 사모 전환사채,33000000000,0,1,2028-11-02,34847,100,2024-11-02,2028-10-02,29620,,2023-11-02,2023-11-02,private
096630,"S Connect Co., LTD",주식회사에스코넥,20200416000185,CB,2020-04-16,무기명식 이권부 무보증 사모 전환사채,18500000000,0,0,2025-04-21,2084,100,2021-04-21,2025-03-21,,,2020-04-20,2020-04-21,private
096630,"S Connect Co., LTD",주식회사에스코넥,20220520000481,CB,2022-05-20,무기명식 이권부 무보증 사모 전환사채,20000000000,0,1,2027-05-27,1361,100,2023-05-27,2027-04-27,1020,,2022-05-20,2022-05-27,private
122450,"KX Innovation Co., Ltd.",(주)케이엑스이노베이션,20171227000565,CB,2017-02-22,"무기명식 이권부
무보증 사모 전환사채",10000000000,0,1,2020-02-24,8420,100,2018-02-24,2020-01-24,,,2017-02-24,2017-02-24,private
122450,"KX Innovation Co., Ltd.",(주)케이엑스이노베이션,20180118000416,CB,2018-01-18,"무기명식 이권부
무보증 사모 전환사채",3800000000,0,1,2021-01-18,10834,100,2019-01-18,2020-12-18,,,2018-01-18,2018-01-18,private
122450,"KX Innovation Co., Ltd.",(주)케이엑스이노베이션,20201102000002,CB,2020-09-01,"무기명식 이권부
무보증 사모 전환사채",20000000000,0,1,2023-10-30,8760,100,2021-10-30,2023-09-30,6132,,2020-09-01,2020-10-30,private
187220,"Dt&C Co., Ltd.",(주)디티앤씨,20180813000611,CB,2018-08-13,무기명식 이권부 무보증 사모 전환사채,10000000000,0,3,2021-08-27,9755,100,2019-08-27,2021-07-27,,,2018-08-16,2018-08-27,private
187220,"Dt&C Co., Ltd.",(주)디티앤씨,20190925001365,CB,2019-09-25,무기명식 이권부 무보증 사모 전환사채,6000000000,0,3,2022-10-01,8611,100,2020-10-01,2022-09-01,,,2019-09-25,2019-10-01,private
187220,"Dt&C Co., Ltd.",(주)디티앤씨,20161014000101,CB,2016-10-14,무기명식 이권부 무보증 사모 전환사채,10000000000,0,2,2019-10-26,10391,100,2017-10-26,2019-09-26,,,2016-10-18,2016-10-26,private
187220,"Dt&C Co., Ltd.",(주)디티앤씨,20230707000578,CB,2023-07-07,무기명식 이권부 무보증 사모 전환사채,12000000000,0,0,2028-07-11,5540,100,2024-07-11,2028-06-11,3878,,2023-07-11,2023-07-11,private
187220,"Dt&C Co., Ltd.",(주)디티앤씨,20250613000433,CB,2025-06-13,무기명식 이권부 무보증 사모 전환사채,9000000000,0,0,2030-06-17,2924,100,2026-06-17,2030-05-17,2486,,2025-06-17,2025-06-17,private
187220,"Dt&C Co., Ltd.",(주)디티앤씨,20200917000445,BW,2020-09-17,무기명식 이권부 무보증 사모 비분리형 신주인수권부사채,7000000000,0,2,2023-09-18,7207,100,2021-09-18,2023-08-17,5045,,2020-09-17,2020-09-18,private
187220,"Dt&C Co., Ltd.",(주)디티앤씨,20200925000103,BW,2020-09-17,무기명식 이권부 무보증 사모 비분리형 신주인수권부사채,5000000000,0,2,2023-09-23,7207,100,2021-09-23,2023-08-22,5045,,2020-09-17,2020-09-23,private
272290,"INNOX Advanced Materials Co., Ltd.",(주)이녹스첨단소재,20180622000360,CB,2018-06-22,"무기명식 무보증 
사모 전환사채",50000000000,0,0,2023-06-29,66255,100,2019-06-29,2023-06-22,,,2018-06-26,2018-06-29,private
272290,"INNOX Advanced Materials Co., Ltd.",(주)이녹스첨단소재,20251211000312,EB,2025-12-11,무기명식 무이권부 무보증 사모 교환사채,17888526216,0,0,2030-12-19,28248,100,2026-01-19,2030-11-19,,"not applicable (EB is exchanged for already-issued shares, not newly issued)",2025-12-19,2025-12-19,private
272290,"INNOX Advanced Materials Co., Ltd.",(주)이녹스첨단소재,20210317001084,EB,2021-03-17,무기명식 이권부 무보증사모 교환사채,21910952000,0,0,2026-03-19,56000,100,2021-04-19,2026-02-19,,"not applicable (EB is exchanged for already-issued shares, not newly issued)",2021-03-19,2021-03-19,private
090850,"HYUNDAI EZWEL CO., LTD.",(주)현대이지웰,20170713000312,CB,2017-07-13,무기명식 이권부 무보증 사모 전환사채,11000000000,0,0,2022-07-14,7600,100,2018-07-14,2022-06-14,,,2017-07-14,2017-07-14,private
090850,"HYUNDAI EZWEL CO., LTD.",(주)현대이지웰,20200720000232,EB,2020-07-20,무기명식 무보증 사모 교환사채,6543118850,0,0,2022-07-22,11470,100,2020-07-23,2022-06-22,,"not applicable (EB is exchanged for already-issued shares, not newly issued)",2020-07-22,2020-07-22,private
040160,"NuriFlex Co.,Ltd.",(주)누리플렉스,20170425000386,CB,2017-04-25,무기명식 이권부 무보증 사모 전환사채,10000000000,0,0,2022-04-27,10338,100,2018-04-27,2022-03-27,,,2017-04-27,2017-04-27,private
040160,"NuriFlex Co.,Ltd.",(주)누리플렉스,20211129000667,CB,2021-11-29,무기명식 이권부 무보증 사모 전환사채,15000000000,0,0,2026-12-01,9346,100,2022-12-01,2026-11-01,7477,,2021-12-01,2021-12-01,private
217730,"KANGSTEM BIOTECH CO., LTD.",주식회사 강스템바이오텍,20160907000218,CB,2016-09-07,무기명식 이권부 무보증 사모 전환사채,30000000000,0,1,2021-09-08,14450,100,2017-09-08,2021-08-08,,,2016-09-08,2016-09-08,private
048870,"Synergy Innovation Co., Ltd.",(주)시너지이노베이션,20170322000289,CB,2017-03-22,무기명 무보증 사모 전환사채,4000000000,0,5,2022-04-25,3704,100,2018-04-25,2022-03-25,,,2017-03-24,2017-04-25,private
048870,"Synergy Innovation Co., Ltd.",(주)시너지이노베이션,20160719000308,CB,2016-07-19,무기명 무보증 사모 전환사채,35000000000,0,5,2021-08-12,9377,100,2017-08-12,2021-07-12,,,2016-07-21,2016-08-12,private
048870,"Synergy Innovation Co., Ltd.",(주)시너지이노베이션,20200731000803,CB,2020-07-31,국내 무보증 사모 전환사채,12000000000,0,0,2024-08-03,2021,100,2021-08-03,2024-07-03,1415,,2020-07-31,2020-08-03,private
048870,"Synergy Innovation Co., Ltd.",(주)시너지이노베이션,20210903000448,CB,2021-08-12,국내 무보증 사모 전환사채,15000000000,0,0,2025-08-13,5418,100,2022-08-13,2025-07-13,3793,,2021-08-12,2021-08-13,private
048870,"Synergy Innovation Co., Ltd.",(주)시너지이노베이션,20210910000489,CB,2021-09-10,국내 무보증 사모 전환사채,7000000000,0,0,2025-08-13,5418,100,2022-09-13,2025-07-13,3793,,2021-09-10,2021-09-13,private
048870,"Synergy Innovation Co., Ltd.",(주)시너지이노베이션,20231212000095,CB,2023-12-11,국내 무기명식 무보증 사모 전환사채,39000000000,0,1,2027-12-22,2799,100,2024-12-22,2027-11-22,1960,,2023-12-12,2023-12-22,private
041590,"Flask Co., Ltd.",(주)플래스크,20180202000465,CB,2018-01-03,"무기명식 이권부 무보증 
사모 전환사채",14230000000,0,4,2021-02-02,4837,100,2019-02-02,2021-01-02,,,2018-01-03,2018-02-02,private
041590,"Flask Co., Ltd.",(주)플래스크,20150601001115,CB,2015-06-01,무기명식 이권부 무보증 사모 전환사채,23300000000,0,4,2018-06-05,9198,100,2016-06-05,2018-05-05,,,2015-06-03,2015-06-05,private
041590,"Flask Co., Ltd.",(주)플래스크,20150701000411,CB,2015-07-01,무기명식 이권부 무보증 사모 전환사채,10300000000,0,4,2018-07-03,15137,100,2016-07-03,2018-06-03,,,2015-07-03,2015-07-03,private
041590,"Flask Co., Ltd.",(주)플래스크,20151008000186,CB,2015-10-08,무기명식 무보증 사모 전환사채,3400000000,0,4,2018-10-08,11643,100,2016-10-08,2018-09-08,,,2015-10-08,2015-10-08,private
041590,"Flask Co., Ltd.",(주)플래스크,20200626000540,CB,2020-06-26,국내 무기명식 무보증 담보부 사모 전환사채,10000000000,0,3,2023-06-29,809,100,2021-06-29,2023-05-29,,,2020-06-26,2020-06-29,private
041590,"Flask Co., Ltd.",(주)플래스크,20200626000573,CB,2020-06-26,"국내 무기명식 무보증 사모
전환사채",2800000000,0,3,2023-06-29,809,100,2021-06-29,2023-05-29,,,2020-06-26,2020-06-29,private
041590,"Flask Co., Ltd.",(주)플래스크,20200330003132,CB,2020-03-30,국내 무기명식 무보증 사모 전환사채,8400000000,0,3,2023-03-30,810,100,2021-03-30,2023-02-28,,,2020-03-30,2020-03-30,private
041590,"Flask Co., Ltd.",(주)플래스크,20190211000437,CB,2019-02-11,무기명식 무보증 사모 전환사채,10000000000,0,3,2022-02-11,2225,100,2020-02-11,2022-01-11,,,2019-02-11,2019-02-11,private
041590,"Flask Co., Ltd.",(주)플래스크,20170314000700,CB,2017-03-14,무기명식 이권부 무보증 사모 전환사채,11000000000,0,4,2020-03-29,3593,100,2018-03-29,2020-02-29,,,2017-03-14,2017-03-29,private
041590,"Flask Co., Ltd.",(주)플래스크,20180124000187,CB,2018-01-24,"무기명식 이권부 무보증 
사모 전환사채",10000000000,4,4,2021-01-24,4448,100,2019-01-24,2020-12-24,,,2018-01-24,2018-01-24,private
041590,"Flask Co., Ltd.",(주)플래스크,20161115000129,CB,2016-11-15,무기명식 무보증 사모 전환사채,4600000000,4,4,2019-11-15,4058,100,2017-11-15,2019-10-15,,,2016-11-15,2016-11-15,private
041590,"Flask Co., Ltd.",(주)플래스크,20161115000132,CB,2016-11-15,"무기명식 이권부 무보증 사모 
전환사채",8500000000,4,4,2019-11-15,4058,100,2017-11-15,2019-10-15,,,2016-11-15,2016-11-15,private
041590,"Flask Co., Ltd.",(주)플래스크,20220304000715,CB,2022-01-13,"국내 무기명식 무보증
사모 전환사채",30000000000,0,3,2025-03-04,1251,100,2023-03-04,2025-02-04,,,2022-01-13,2022-03-04,private
041590,"Flask Co., Ltd.",(주)플래스크,20211209000398,CB,2021-12-09,"국내 무기명식 무보증 담보부 
사모 전환사채",7300000000,0,3,2024-12-09,1208,100,2022-12-09,2024-11-09,,,2021-12-09,2021-12-09,private
041590,"Flask Co., Ltd.",(주)플래스크,20240409003640,CB,,,,,,,,,,,,,,,private
304840,"PeopleBio, Inc.",(주)피플바이오,20210621000249,CB,2021-06-21,무기명식 이권부 무보증 사모 전환사채,25000000000,0,0,2026-06-29,26163,100,2022-06-29,2026-05-29,18315,,2021-06-23,2021-06-29,private
304840,"PeopleBio, Inc.",(주)피플바이오,20211214000445,CB,,무기명식 이권부 무보증 사모 전환사채,6000000000,0,0,2026-11-29,17100,100,2022-11-29,2026-10-29,11970,,2021-11-29,2021-11-29,private
304840,"PeopleBio, Inc.",(주)피플바이오,20240710000696,CB,2024-07-10,무기명식 이권부 무보증 사모 전환사채,4200000000,0,2.5,2027-07-12,3800,100,2025-07-12,2027-06-12,2660,,2024-07-12,2024-07-12,private
304840,"PeopleBio, Inc.",(주)피플바이오,20240710000702,CB,2024-07-10,무기명식 이권부 무보증 사모 전환사채,10000000000,0,2.5,2027-07-12,3800,100,2025-07-12,2027-06-12,2660,,2024-07-12,2024-07-12,private
304840,"PeopleBio, Inc.",(주)피플바이오,20251229000542,CB,2025-11-12,무기명식 이권부 무보증 사모 영구 전환사채,35600000000,2,2,2055-12-31,1235,100,2026-12-31,2055-11-30,,,2025-12-23,2025-12-31,private
218150,"MILAE BIORESOURCES CO., LTD.",(주)미래생명자원,20210312000481,CB,2021-03-12,무기명식 이권부 사모 전환사채,15000000000,0,0,2026-03-16,5962,100,2022-03-16,2026-02-16,,,2021-03-16,2021-03-16,private
380550,NEUROPHET Inc.,뉴로핏 주식회사,20260410002638,CB,2026-04-10,무기명식 무이권부 무보증 사모 전환사채,16000000000,0,1.5,2031-04-20,23014,100,2027-04-20,2031-03-20,16110,,2026-04-20,2026-04-20,private
376900,ROKIT HEALTHCARE Inc.,주식회사 로킷헬스케어,20211129000420,CB,2021-11-26,기명식 무보증 사모 전환사채,1000000000,0,2,2026-12-03,30000,100,2022-12-03,2026-12-02,,,2021-12-02,2021-12-03,private
376900,ROKIT HEALTHCARE Inc.,주식회사 로킷헬스케어,20211025000084,CB,2021-10-22,기명식 무보증 사모 전환사채,2000000000,0,2,2026-10-26,30000,100,2022-10-26,2026-10-25,,,2021-10-22,2021-10-26,private
376900,ROKIT HEALTHCARE Inc.,주식회사 로킷헬스케어,20220722000320,CB,2022-07-21,기명식 무보증 사모 전환사채,5000000000,0,2,2027-07-22,22000,100,2023-07-22,2027-07-21,,,2022-07-21,2022-07-22,private
376900,ROKIT HEALTHCARE Inc.,주식회사 로킷헬스케어,20211214000298,CB,2021-12-13,기명식 무보증 사모 전환사채,900000000,0,2,2026-12-15,30000,100,2022-12-15,2026-12-14,,,2021-12-14,2021-12-15,private
376900,ROKIT HEALTHCARE Inc.,주식회사 로킷헬스케어,20220408002897,CB,2022-04-07,기명식 무보증 사모 전환사채,1120000000,0,2,2027-04-08,30000,100,2023-04-08,2027-04-07,,,2022-04-07,2022-04-08,private
376900,ROKIT HEALTHCARE Inc.,주식회사 로킷헬스케어,20220913000004,CB,2022-09-07,기명식 무보증 사모 전환사채,500000000,0,2,2027-09-08,22000,100,2023-09-08,2027-09-07,,,2022-09-07,2022-09-08,private
376900,ROKIT HEALTHCARE Inc.,주식회사 로킷헬스케어,20220525000128,CB,2022-05-24,기명식 무보증 사모 전환사채,500000000,0,2,2027-05-27,30000,100,2023-05-27,2027-05-26,,,2022-05-24,2022-05-27,private
376900,ROKIT HEALTHCARE Inc.,주식회사 로킷헬스케어,20230727000240,CB,2023-07-25,기명식 무보증 사모 전환사채,577000000,0,2,2028-07-25,22000,100,2024-07-26,2028-07-24,,,2023-07-25,2023-07-26,private
376900,ROKIT HEALTHCARE Inc.,주식회사 로킷헬스케어,20251219000235,CB,2025-07-16,무기명식 이권부 무보증 무담보 사모 전환사채,30000000000,1,2,2028-07-18,16672,100,2026-07-18,2028-06-18,,,2025-07-18,2025-07-18,private
336680,"TOP RUN TOTAL SOLUTION CO.,LTD",(주)탑런토탈솔루션,20260211000622,CB,2026-02-10,무기명식 무이권부 무보증 사모 전환사채,20000000000,0,0,2031-03-03,5009,100,2027-03-03,2031-02-03,4258,,2026-03-03,2026-03-03,private
336680,"TOP RUN TOTAL SOLUTION CO.,LTD",(주)탑런토탈솔루션,20260210000604,CB,2026-02-10,무기명식 이권부 무보증 후순위 사모 영구전환사채,7500000000,0,4,2056-03-03,5009,100,2027-03-03,2056-02-03,,,2026-03-03,2026-03-03,private
238090,"NDFOS CO., LTD.",(주)앤디포스,20181004000550,CB,2018-10-01,무기명식 이권부 무보증 사모 전환사채,20000000000,2,2,2021-11-21,8170,100,2019-11-21,2021-10-21,,,2018-10-04,2018-11-21,private
238090,"NDFOS CO., LTD.",(주)앤디포스,20220401003096,CB,2022-04-01,무기명식 이권부 무보증 사모 전환사채,10000000000,1,2,2025-04-05,8989,100,2023-04-05,2025-03-05,,,2022-04-01,2022-04-05,private
238090,"NDFOS CO., LTD.",(주)앤디포스,20201007000436,CB,2020-03-25,무기명식 이권부 무보증 사모 전환사채,13000000000,1,2,2023-03-31,2635,100,2021-03-31,2023-02-28,,,2020-03-25,2020-03-31,private
238090,"NDFOS CO., LTD.",(주)앤디포스,20260617000378,CB,2026-06-17,무기명식 이권부 무보증 사모 전환사채,20000000000,0,4,2029-06-25,2633,100,2027-06-25,2029-05-25,,,2026-06-25,2026-06-25,private
238090,"NDFOS CO., LTD.",(주)앤디포스,20260324000706,CB,2026-03-16,무기명식 이권부 무보증 사모 전환사채,11000000000,0,4,2029-03-24,2871,100,2027-03-24,2029-02-24,,,2026-03-24,2026-03-24,private
238090,"NDFOS CO., LTD.",(주)앤디포스,20181026000584,BW,2018-10-01,무기명식 이권부 무보증 비분리형 사모 신주인수권부사채,10000000000,2,2,2021-11-21,8170,100,2019-11-21,2021-10-21,,,2018-10-04,2018-11-21,private
238090,"NDFOS CO., LTD.",(주)앤디포스,20191120000528,BW,2019-10-25,무기명식 이권부 무보증 비분리형 사모 신주인수권부사채,15000000000,0,3,2022-11-20,4945,100,2020-11-20,2022-10-20,,,2019-10-29,2019-11-20,private
065450,"VICTEK. Co., Ltd.",(주)빅텍,20180720000309,CB,2018-07-20,무기명식 이권부 무보증 사모 전환사채,10000000000,,2,2023-07-27,2915,100,2019-07-27,2023-06-27,,,2018-07-24,2018-07-27,private
065450,"VICTEK. Co., Ltd.",(주)빅텍,20220503000360,CB,2022-05-03,무기명식 무이권부 무보증 사모 전환사채,15000000000,0,0,2027-05-06,7093,100,2023-05-06,2027-04-06,,,2022-05-06,2022-05-06,private
065450,"VICTEK. Co., Ltd.",(주)빅텍,20240417000527,CB,2024-04-17,무기명식 무이권부 무보증 사모 전환사채,10000000000,0,0,2029-04-19,5372,100,2025-04-19,2029-03-19,4567,,2024-04-19,2024-04-19,private
309710,"IT-CHEM Co., Ltd.",(주)아이티켐,20260219002548,CB,2026-02-19,무기명식 무보증 사모 전환사채,40000000000,0,1,2030-02-27,33633,100,2027-02-28,2030-01-27,26907,,2026-02-24,2026-02-27,private
085310,"NK CO.,LTD.",(주)엔케이,20150924000360,CB,2015-09-24,무기명식 무보증 사모 전환사채,23000000000,1,2,2019-09-25,6400,100,2016-09-25,2019-08-25,,,2015-09-25,2015-09-25,private
085310,"NK CO.,LTD.",(주)엔케이,20180531002039,CB,2018-05-31,무기명식 무보증 사모 전환사채,17000000000,1,3,2021-06-04,2072,100,2019-06-04,2021-05-04,,,2018-06-04,2018-06-04,private
085310,"NK CO.,LTD.",(주)엔케이,20200526000313,CB,2020-05-26,무기명식 무보증 사모 전환사채,11000000000,1,4,2023-05-27,933,100,2021-05-27,2023-04-27,,,2020-05-27,2020-05-27,private
089140,"NEXTURN&ROLLKOREA Co., Ltd",(주)넥스턴앤롤코리아,20210513000933,CB,2021-04-09,무기명식 이권부 무보증 사모 전환사채,15000000000,1,3,2025-04-19,20363,100,2022-04-19,2025-03-19,500,,2021-04-09,2021-04-19,private
089140,"NEXTURN&ROLLKOREA Co., Ltd",(주)넥스턴앤롤코리아,20210419000498,CB,2021-04-19,무기명식 이권부 무보증 사모 전환사채,7000000000,1,3.5,2024-04-20,19450,100,2022-04-20,2024-03-20,500,,2021-04-19,2021-04-20,private
089140,"NEXTURN&ROLLKOREA Co., Ltd",(주)넥스턴앤롤코리아,20211029000510,CB,2021-10-29,무기명식 이권부 무보증 사모 전환사채,10000000000,2.5,4.5,2024-11-04,7700,100,2022-11-04,2024-10-04,500,,2021-10-29,2021-11-04,private
089140,"NEXTURN&ROLLKOREA Co., Ltd",(주)넥스턴앤롤코리아,20210419000517,CB,2021-04-19,무기명식 이권부 무보증 사모 전환사채,6000000000,1,4.5,2024-04-20,19450,100,2022-04-20,2024-03-20,500,,2021-04-19,2021-04-20,private
089140,"NEXTURN&ROLLKOREA Co., Ltd",(주)넥스턴앤롤코리아,20230801000197,CB,2023-07-24,무기명식 이권부 무보증 사모 전환사채,8000000000,1,4,2026-07-26,8885,100,2024-07-26,2026-06-26,2500,,2023-07-24,2023-07-26,private
089140,"NEXTURN&ROLLKOREA Co., Ltd",(주)넥스턴앤롤코리아,20230913000351,CB,2023-06-13,무기명식 이권부 무보증 사모 전환사채,7000000000,1,3,2026-08-07,9697,100,2024-08-07,2026-07-07,2500,,2023-06-13,2023-08-07,private
089140,"NEXTURN&ROLLKOREA Co., Ltd",(주)넥스턴앤롤코리아,20260820000407,CB,2026-08-20,무기명식 이권부 무보증 사모 전환사채,11000000000,1,4,2029-08-28,2500,100,2027-08-28,2029-07-28,2500,,2026-08-20,2026-08-28,private
089140,"NEXTURN&ROLLKOREA Co., Ltd",(주)넥스턴앤롤코리아,20250929000406,CB,2025-08-25,무기명식 이권부 무보증 사모 전환사채,1001000000,3,4,2028-09-29,2500,100,2026-09-29,2028-08-29,2500,,2025-08-25,2025-09-29,private
089140,"NEXTURN&ROLLKOREA Co., Ltd",(주)넥스턴앤롤코리아,20260820000403,CB,2024-11-28,무기명식 이권부 무보증 사모 전환사채,6000000000,1,4,2027-12-13,3896,100,2025-12-13,2027-11-13,2500,,2024-11-28,2024-12-13,private
089140,"NEXTURN&ROLLKOREA Co., Ltd",(주)넥스턴앤롤코리아,20260820000411,CB,2026-08-20,무기명식 이권부 무보증 사모 전환사채,9000000000,2,6,2029-08-28,2500,100,2027-08-28,2029-07-28,2500,,2026-08-20,2026-08-28,private
096770,"SK Innovation Co., Ltd.",SK이노베이션(주),20251022000248,CB,2025-10-22,무기명식 무보증 사모 전환사채,600009437500,0,0,2027-10-31,123642,100,2026-10-31,2027-10-25,,,2025-10-31,2025-10-31,private
096770,"SK Innovation Co., Ltd.",SK이노베이션(주),20250625000489,EB,2025-06-25,무기명식 이권부 무보증 사모 교환사채,376742401992,0,0,2026-12-31,110673,100,2025-07-03,2026-12-23,,"not applicable (EB is exchanged for already-issued shares, not newly issued)",2025-06-27,2025-07-02,private
217880,"TILON Co.,Ltd.",(주)틸론,20190724000409,CB,2019-07-23,무보증사모전환사채,1000000000,2,6.5,2022-07-23,12500,100,2020-07-23,2022-07-22,,,2019-07-23,2019-07-23,private
217880,"TILON Co.,Ltd.",(주)틸론,20190429000879,CB,2019-04-29,무보증 사모 전환사채,1000000000,2,6.5,2022-04-29,12500,100,2020-04-29,2022-04-28,,,2019-04-29,2019-04-29,private
217880,"TILON Co.,Ltd.",(주)틸론,20250404003874,CB,2025-03-27,"무기명식 이권부 
무보증 사모 전환사채",5000000000,0,3,2028-04-03,5000,100,2026-04-03,2028-03-03,3500,,2025-03-27,2025-04-03,private
060560,"HC HomeCenter Co.,Ltd",주식회사 에이치씨홈센타,20170323000476,CB,2017-03-22,무기명식 이권부 무보증 사모 전환사채,25000000000,0,0,2020-03-24,4311,100,2018-03-24,2020-02-24,,,2017-03-24,2017-03-24,private
060560,"HC HomeCenter Co.,Ltd",주식회사 에이치씨홈센타,20240223002359,CB,2024-02-23,무기명식 무이권부 무보증 사모 전환사채,20000000000,0,0,2029-02-27,1183,100,2025-02-27,2029-01-27,947,,2024-02-27,2024-02-27,private
225530,"HC BoKwang Industry Co.,Ltd",(주)에이치씨보광산업,20240223002434,CB,2024-02-23,무기명식 무이권부 무보증 사모 전환사채,20000000000,0,0,2029-02-27,5321,100,2025-02-27,2029-01-27,,,2024-02-27,2024-02-27,private
225530,"HC BoKwang Industry Co.,Ltd",(주)에이치씨보광산업,20260213002818,CB,2026-02-13,무기명식 무이권부 무보증 사모 전환사채,7000000000,0,3,2031-02-26,2945,100,2027-02-26,2031-01-26,2356,,2026-02-26,2026-02-26,private
007720,"SONO SQUARE CO.,LTD.",(주)소노스퀘어,20260130000452,BW,2016-05-19,기명식 사모 비분리형 신주인수권부사채,30000000000,2,3.5,2026-06-02,2300,100,2018-12-02,2026-05-02,1610,,2016-05-23,2016-06-02,private
001470,"SAMBU CONSTRUCTION CO.,LTD",삼부토건(주),20201221000427,CB,2020-08-05,국내 무기명식 이권부 모보증 사모 전환사채,35000000000,3,4,2023-12-23,1000,100,2021-12-23,2023-11-23,1000,,2020-08-05,2020-12-23,private
001470,"SAMBU CONSTRUCTION CO.,LTD",삼부토건(주),20170915000418,CB,2017-09-15,무기명식 이권부 무보증 사모 전환사채,22800000000,3,4.25,2020-03-15,8600,100,2018-09-15,2020-02-15,,,2017-09-15,2017-09-15,private
001470,"SAMBU CONSTRUCTION CO.,LTD",삼부토건(주),20240509000497,CB,2023-01-05,국내 무기명식 이권부 무보증 사모 전환사채,29900000000,6,6,2026-06-30,1296,100,2024-06-30,2026-05-30,1000,,2023-01-05,2023-06-30,private
001470,"SAMBU CONSTRUCTION CO.,LTD",삼부토건(주),20210629000653,BW,2019-11-29,국내 무기명식 이권부 무보증 사모 비분리형 신주인수권부사채,25001000000,3,4,2022-11-29,1000,100,2020-11-29,2022-10-29,1000,,2019-11-28,2019-11-29,private
060150,INSUN ENVIRONMENTAL NEW TECHNOLOGY CO.,인선이엔티(주),20150901000426,CB,2015-09-01,무기명식 무보증 사모 전환사채,11500000000,0,2.5,2020-09-03,5490,100,2016-09-03,2020-08-03,,,2015-09-03,2015-09-03,private
060150,INSUN ENVIRONMENTAL NEW TECHNOLOGY CO.,인선이엔티(주),20160510002526,CB,2016-05-10,무기명식 무보증 사모 전환사채,15000000000,0,1,2021-05-12,6545,100,2017-05-12,2021-04-12,,,2016-05-12,2016-05-12,private
354200,"NGeneBio Co., Ltd.",주식회사 엔젠바이오,20220830000628,CB,2022-08-30,무기명식 무이권부 무보증 사모 전환사채,20000000000,0,0,2027-09-01,9290,100,2023-09-01,2027-08-01,,,2022-09-01,2022-09-01,private
354200,"NGeneBio Co., Ltd.",주식회사 엔젠바이오,20251015000276,CB,2025-10-15,무기명식 이권부 무보증 사모 전환사채,25000000000,2,6,2028-10-23,1704,100,2026-10-23,2028-09-23,,,2025-10-15,2025-10-23,private
354200,"NGeneBio Co., Ltd.",주식회사 엔젠바이오,20240604000287,CB,2024-05-31,무기명식 이권부 무보증 사모 전환사채,3000000000,0,2,2029-06-14,3398,100,2025-06-14,2029-05-14,2379,,2024-06-04,2024-06-14,private
354200,"NGeneBio Co., Ltd.",주식회사 엔젠바이오,20240920000386,CB,2024-09-20,무기명식 이권부 무보증 사모 전환사채,2510000000,0,2,2029-09-25,2670,100,2025-09-25,2029-08-25,1869,,2024-09-24,2024-09-25,private
089230,"THE E&M Co., Ltd.",더이앤엠(주),20191129001785,CB,,,,,,,,,,,,,,,private
089230,"THE E&M Co., Ltd.",더이앤엠(주),20200117000550,CB,2020-01-17,무기명식 이권부 무보증 사모 전환사채,4360000000,2,3,2023-01-17,894,100,2021-01-17,2022-12-17,,,2020-01-17,2020-01-17,private
089230,"THE E&M Co., Ltd.",더이앤엠(주),20181123000081,CB,2018-11-22,무기명식 이권부 담보부 사모 전환사채,10000000000,0,3,2021-11-23,882,100,2019-11-23,2021-10-23,,,2018-11-22,2018-11-23,private
089230,"THE E&M Co., Ltd.",더이앤엠(주),20180528000252,CB,2018-05-28,무기명식 이권부 무보증 사모 전환사채,8477000000,0,3,2021-06-19,1450,100,2019-06-19,2021-05-19,,,2018-05-28,2018-06-20,private
089230,"THE E&M Co., Ltd.",더이앤엠(주),20180601000532,CB,2018-05-25,무기명식 이권부 무보증 사모 전환사채,6000000000,0,3,2021-06-07,1520,100,2019-06-07,2021-05-07,,,2018-05-25,2018-06-08,private
089230,"THE E&M Co., Ltd.",더이앤엠(주),20181221000448,CB,2018-11-22,무기명식 이권부 무보증 사모 전환사채,7500000000,0,0,2021-12-23,882,100,2019-12-24,2021-11-24,,,2018-11-22,2018-12-24,private
089230,"THE E&M Co., Ltd.",더이앤엠(주),20190730000352,CB,2019-07-02,무기명식 이권부 무보증 사모 전환사채,8100000000,2,1,2022-07-30,1075,100,2020-07-30,2022-06-30,,,2019-07-02,2019-07-30,private
089230,"THE E&M Co., Ltd.",더이앤엠(주),20191029000339,CB,2019-10-29,무기명식 이권부 무보증 사모 전환사채,2000000000,2,3,2022-10-29,1096,100,2020-10-29,2022-09-29,,,2019-10-29,2019-10-29,private
089230,"THE E&M Co., Ltd.",더이앤엠(주),20181016000254,CB,2018-10-16,무기명식 이권부 무보증 사모 전환사채,1000000000,0,3,2021-10-16,816,100,2019-10-16,2021-09-16,,,2018-10-16,2018-10-17,private
089230,"THE E&M Co., Ltd.",더이앤엠(주),20181016000261,CB,2018-10-16,무기명식 이권부 무보증 사모 전환사채,400000000,0,3,2021-10-16,816,100,2019-10-16,2021-09-16,,,2018-10-16,2018-10-17,private
089230,"THE E&M Co., Ltd.",더이앤엠(주),20210118000306,CB,2021-01-18,무기명식 이권부 무보증 사모 전환사채,7000000000,3,5,2024-01-18,1273,100,2022-01-18,2023-12-18,100,,2021-01-18,2021-01-18,private
089230,"THE E&M Co., Ltd.",더이앤엠(주),20230406002853,CB,2023-04-06,무기명식 이권부 무보증 사모 전환사채,5000000000,2,2,2026-04-19,290,100,2024-04-19,2026-03-19,203,,2023-04-06,2023-04-19,private
089230,"THE E&M Co., Ltd.",더이앤엠(주),20241126000670,CB,2021-06-28,무기명식 이권부 무보증 사모 전환사채,5000000000,1,1,2025-06-28,1074,100,2022-06-28,2025-05-28,752,,2021-06-28,2021-06-28,private
089230,"THE E&M Co., Ltd.",더이앤엠(주),20240321001882,CB,2021-04-16,무기명식 이권부 무보증 사모 전환사채,4000000000,0,0,2025-04-21,1139,100,2022-04-21,2025-03-21,100,,2021-04-16,2021-04-21,private
089230,"THE E&M Co., Ltd.",더이앤엠(주),20240417000504,CB,2024-03-15,무기명식 이권부 무보증 사모 전환사채,2000000000,1,3,2027-06-18,2050,100,2025-06-18,2027-05-18,1435,,2024-03-15,2024-06-18,private
089230,"THE E&M Co., Ltd.",더이앤엠(주),20250516000322,CB,2025-05-16,무기명식 이권부 무보증 사모 전환사채,1000000000,3,6,2028-05-20,1000,100,2026-05-20,2028-04-20,,,2025-05-16,2025-05-20,private
089230,"THE E&M Co., Ltd.",더이앤엠(주),20260211001117,CB,2021-08-18,무기명식 이권부 무보증 사모 전환사채,5000000000,0,0,2027-03-19,952,100,2022-08-19,2027-02-19,100,,2021-08-18,2021-08-19,private
089230,"THE E&M Co., Ltd.",더이앤엠(주),20260211001112,CB,2020-11-27,무기명식 이권부 무보증 사모 전환사채,5000000000,0,2,2027-03-18,1272,100,2021-12-18,2027-02-18,100,,2020-11-27,2020-12-18,private
089230,"THE E&M Co., Ltd.",더이앤엠(주),20251223000799,CB,2025-05-16,무기명식 이권부 무보증 사모 전환사채,8000000000,3,6,2028-05-20,1000,100,2026-05-20,2028-04-20,,,2025-05-16,2025-05-20,private
089230,"THE E&M Co., Ltd.",더이앤엠(주),20260211001130,CB,2023-05-03,무기명식 이권부 무보증 사모 전환사채,5000000000,3,6,2027-05-10,293,100,2024-05-10,2027-04-10,100,,2023-05-03,2023-05-10,private
089230,"THE E&M Co., Ltd.",더이앤엠(주),20260211001126,CB,2022-02-21,무기명식 이권부 무보증 사모 전환사채,5000000000,1,1,2027-03-22,742,100,2023-02-22,2027-02-22,520,,2022-02-21,2022-02-22,private
089230,"THE E&M Co., Ltd.",더이앤엠(주),20260313001309,CB,2026-03-13,무기명식 이권부 무보증 사모 전환사채,5000000000,0,6,2029-04-10,1659,100,2027-04-10,2029-03-10,1162,,2026-03-13,2026-04-10,private
089230,"THE E&M Co., Ltd.",더이앤엠(주),20260312001436,CB,2026-03-12,무기명식 이권부 무보증 사모 전환사채,8500000000,0,6,2029-04-10,1466,100,2027-04-10,2029-03-10,1027,,2026-03-12,2026-04-10,private
089230,"THE E&M Co., Ltd.",더이앤엠(주),20260429000752,CB,2026-04-09,무기명식 이권부 무보증 사모 전환사채,10000000000,2,6,2029-05-08,2268,100,2027-05-08,2029-04-08,1588,,2026-05-08,2026-05-08,private
335870,WING'S FOOT INC.,(주)윙스풋,20241105000233,CB,2024-11-05,무기명식 이권부 무보증 사모 전환사채,10000000000,0,2,2028-03-31,1251,100,2026-03-31,2028-03-31,,,2024-11-07,2025-03-31,private
217480,"SD BIOTECHNOLOGIES CO., LTD.",(주)에스디생명공학,20210616000353,CB,2021-06-16,무기명식 이권부 무보증 사모 전환사채,17000000000,0,0,2026-06-18,4504,100,2022-06-18,2026-05-18,3378,,2021-06-18,2021-06-18,private
217480,"SD BIOTECHNOLOGIES CO., LTD.",(주)에스디생명공학,20201028000393,CB,2020-10-28,무기명식 이권부 무보증 사모 전환사채,21000000000,0,0,2025-10-30,5568,100,2021-10-30,2025-09-30,4176,,2020-10-30,2020-10-30,private
217480,"SD BIOTECHNOLOGIES CO., LTD.",(주)에스디생명공학,20230127000485,CB,2023-01-26,무기명식 이권부 무보증 사모 전환사채,20000000000,2,6,2026-01-27,1604,100,2024-01-27,2025-12-27,1123,,2023-01-26,2023-01-27,private
217480,"SD BIOTECHNOLOGIES CO., LTD.",(주)에스디생명공학,20231218000336,CB,2023-12-15,무보증 사모전환사채,25000000000,3,5,2028-12-19,500,100,2024-12-19,2028-12-18,,,,2023-12-20,private
200470,"APACT Co., Ltd.",(주)에이팩트,20180921000113,CB,2018-09-21,기명식 이권부 무보증 사모 전환사채,5000000000,0,2.5,2025-09-27,6230,100,2020-09-27,2025-09-26,,,2018-09-21,2018-09-27,private
200470,"APACT Co., Ltd.",(주)에이팩트,20250717000319,CB,2025-07-17,무기명식 무보증 사모 전환사채,10100000000,0,3,2030-07-18,2323,100,2026-07-18,2030-06-18,1627,,2025-07-18,2025-07-18,private
200470,"APACT Co., Ltd.",(주)에이팩트,20260626000406,CB,2026-05-29,무기명식 무보증 사모 전환사채,25000000000,0,3,2031-06-10,9635,100,2027-06-10,2031-05-12,6745,,2026-06-10,2026-06-10,private
200470,"APACT Co., Ltd.",(주)에이팩트,20251119000256,BW,2025-11-19,무기명식 이권부 무보증 비분리형 사모 신주인수권부사채,23400000000,0,1,2030-11-27,4813,100,2026-11-27,2030-10-27,,,2025-11-27,2025-11-27,private
023960,"SC ENGINEERING CO., LTD",에쓰씨엔지니어링(주),20151221000210,CB,2015-12-21,무기명식 무보증 이권부 사모 전환사채,3000000000,0.5,3,2020-02-23,4901,100,2017-02-23,2020-01-23,,,2015-12-23,2016-02-23,private
023960,"SC ENGINEERING CO., LTD",에쓰씨엔지니어링(주),20151221000383,CB,2015-12-21,무기명식 무보증 이권부 사모 전환사채,8000000000,0.5,3,2019-12-23,4901,100,2016-12-23,2019-11-23,,,2015-12-23,2015-12-23,private
023960,"SC ENGINEERING CO., LTD",에쓰씨엔지니어링(주),20210514001426,CB,2021-05-13,무기명식 이권부 무보증 사모 전환사채,11000000000,1,3,2024-05-17,4455,100,2022-05-17,2024-04-17,3119,,2021-05-17,2021-05-17,private
023960,"SC ENGINEERING CO., LTD",에쓰씨엔지니어링(주),20210817002141,CB,2021-08-17,무기명식 이권부 무보증 사모 전환사채,10000000000,0,2,2024-08-19,5801,100,2022-08-19,2024-07-19,4061,,2021-08-19,2021-08-19,private
023960,"SC ENGINEERING CO., LTD",에쓰씨엔지니어링(주),20220823000201,CB,2021-11-22,무기명식 이권부 무보증 사모 전환사채,10000000000,2,3,2025-08-26,3437,100,2023-08-26,2025-07-26,500,,2021-11-24,2022-08-26,private
023960,"SC ENGINEERING CO., LTD",에쓰씨엔지니어링(주),20251127001415,CB,2024-11-28,무기명식 이권부 무보증 사모 전환사채,15000000000,3,5,2028-12-24,1236,100,2026-12-24,2028-11-24,866,,2025-11-27,2025-12-24,private
023960,"SC ENGINEERING CO., LTD",에쓰씨엔지니어링(주),20251127001444,CB,2024-11-28,무기명식 이권부 무보증 사모 전환사채,15000000000,3,5,2028-12-24,1236,100,2026-12-24,2028-11-24,866,,2025-11-27,2025-12-24,private
182400,"NKGen Biotech Korea Co., Ltd.",(주)엔케이젠바이오텍코리아,20150326000472,CB,2015-02-23,기명식 무보증 사모 전환사채,6267000000,,,2020-03-09,10000,100,2015-03-11,2020-03-08,,,2015-03-10,2015-03-10,private
182400,"NKGen Biotech Korea Co., Ltd.",(주)엔케이젠바이오텍코리아,20150427000528,CB,2015-04-27,기명식 무보증 사모 전환사채,6500000000,,,2020-04-27,10000,100,2015-04-28,2020-04-26,,,2015-04-28,2015-04-28,private
182400,"NKGen Biotech Korea Co., Ltd.",(주)엔케이젠바이오텍코리아,20150506000010,CB,2015-05-04,기명식 무보증 사모 전환사채,1170000000,,4,2020-05-03,10000,100,2015-05-04,2020-05-02,,,2015-05-04,2015-05-04,private
182400,"NKGen Biotech Korea Co., Ltd.",(주)엔케이젠바이오텍코리아,20200428000706,CB,2020-04-28,무기명식 이권부 무보증 사모 전환사채,10000000000,0,1,2025-05-04,12447,100,2021-05-04,2025-04-04,,,2020-05-04,2020-05-04,private
182400,"NKGen Biotech Korea Co., Ltd.",(주)엔케이젠바이오텍코리아,20180803000358,CB,2018-03-28,무기명식 이권부 무보증 무담보 사모 전환사채,9000000000,0,0,2023-03-30,20395,100,2019-03-30,2023-02-28,,,2018-03-30,2018-03-30,private
182400,"NKGen Biotech Korea Co., Ltd.",(주)엔케이젠바이오텍코리아,20180803000372,CB,2018-06-22,무기명식 이권부 무보증 사모 전환사채,27500000000,0,0,2023-06-26,16463,100,2019-06-26,2023-05-26,,,2018-06-26,2018-06-26,private
182400,"NKGen Biotech Korea Co., Ltd.",(주)엔케이젠바이오텍코리아,20160825000304,CB,2016-08-25,"무기명식, 무보증, 무담보,사모전환사채",30000000000,0,0,2021-08-29,48660,100,2017-08-29,2021-08-28,,,2016-08-29,2016-08-29,private
182400,"NKGen Biotech Korea Co., Ltd.",(주)엔케이젠바이오텍코리아,20210610000261,CB,2021-06-08,무기명식 이권부 무보증 사모 전환사채,14400000000,0,1,2026-06-10,14058,100,2022-06-10,2026-05-10,9841,,2021-06-10,2021-06-10,private
182400,"NKGen Biotech Korea Co., Ltd.",(주)엔케이젠바이오텍코리아,20201126000676,CB,2020-11-26,무기명식 이권부 무보증 사모 전환사채,23200000000,0,1,2025-11-30,13389,100,2021-11-30,2025-10-30,9373,,2020-11-30,2020-11-30,private
182400,"NKGen Biotech Korea Co., Ltd.",(주)엔케이젠바이오텍코리아,20220407002632,CB,2022-04-07,무기명식 이권부 무보증 사모 전환사채,36000000000,0,7,2025-04-15,20975,100,2023-04-15,2025-03-15,14683,,2022-04-11,2022-04-15,private
182400,"NKGen Biotech Korea Co., Ltd.",(주)엔케이젠바이오텍코리아,20200525000408,CB,2020-05-25,무기명식 이권부 무보증 사모 전환사채,20000000000,0,1,2025-05-27,14227,100,2021-05-27,2025-04-27,,,2020-05-27,2020-05-27,private
182400,"NKGen Biotech Korea Co., Ltd.",(주)엔케이젠바이오텍코리아,20230908000520,CB,2023-09-08,무기명식 이권부 무보증 사모 전환사채,8500000000,0,7,2026-09-12,14977,100,2024-09-12,2026-08-12,10484,,2023-09-12,2023-09-12,private
182400,"NKGen Biotech Korea Co., Ltd.",(주)엔케이젠바이오텍코리아,20230911000426,BW,2023-09-11,무기명식 이권부 무보증 사모 신주인수권부사채,7500000000,0,0,2026-09-13,14880,100,2024-09-13,2026-09-12,10416,,2023-09-13,2023-09-13,private
073570,Lithium-for-earth Inc ,(주)리튬포어스,20180524000361,CB,2018-05-23,무기명식 이권부 무보증 사모전환사채,6000000000,2.5,5,2021-05-24,10057,100,2019-05-24,2021-04-24,,,2018-05-24,2018-05-24,private
073570,Lithium-for-earth Inc ,(주)리튬포어스,20180713000561,CB,2017-12-22,무기명식 무보증 사모전환사채,7000000000,2,4,2021-06-28,5288,100,2019-06-28,2021-05-28,,,2017-12-22,2018-06-28,private
073570,Lithium-for-earth Inc ,(주)리튬포어스,20160804000116,CB,2016-08-04,무기명식 무보증 사모전환사채,3000000000,2,2,2019-08-04,2893,100,2017-08-04,2019-07-04,,,2016-08-04,2016-08-04,private
073570,Lithium-for-earth Inc ,(주)리튬포어스,20160115000400,CB,2016-01-15,무기명식 이권부 무보증 사모 전환사채,5000000000,9,9,2019-01-15,1825,100,2017-01-15,2018-12-15,,,2016-01-15,2016-01-15,private
073570,Lithium-for-earth Inc ,(주)리튬포어스,20160829000002,CB,2016-08-26,무기명식 무보증 사모전환사채,800000000,2,2,2019-08-26,2184,100,2017-08-26,2019-07-26,,,2016-08-26,2016-08-26,private
073570,Lithium-for-earth Inc ,(주)리튬포어스,20161227000220,CB,2016-12-27,무기명식 무보증 사모전환사채,4700000000,2,2,2019-12-27,1390,100,2017-12-27,2019-11-27,,,2016-12-27,2016-12-27,private
073570,Lithium-for-earth Inc ,(주)리튬포어스,20160509000001,CB,2016-05-04,무기명식 이권부 무보증 사모 전환사채,500000000,6,6,2019-05-04,2562,100,2017-05-04,2019-04-04,,,2016-05-04,2016-05-04,private
073570,Lithium-for-earth Inc ,(주)리튬포어스,20160519000069,CB,2016-05-19,무기명식 이권부 무보증 사모 전환사채,500000000,2,2,2019-05-19,2536,100,2017-05-19,2019-04-19,,,2016-05-19,2016-05-19,private
073570,Lithium-for-earth Inc ,(주)리튬포어스,20160519000360,CB,2016-05-19,무기명식 이권부 무보증 사모 전환사채,890000000,4,6,2019-05-20,2536,100,2017-05-20,2019-04-20,,,2016-05-19,2016-05-20,private
073570,Lithium-for-earth Inc ,(주)리튬포어스,20160527000268,CB,2016-04-25,무기명식 이권부 무보증 사모 전환사채,700000000,6,6,2019-04-25,2566,100,2017-04-25,2019-03-25,,,2016-04-25,2016-04-25,private
073570,Lithium-for-earth Inc ,(주)리튬포어스,20160608000413,CB,2016-06-07,무기명식 이권부 무보증 사모 전환사채,2420000000,4,6,2019-06-09,2342,100,2017-06-09,2019-05-09,,,2016-06-07,2016-06-09,private
073570,Lithium-for-earth Inc ,(주)리튬포어스,20160613000283,CB,2016-06-13,무기명식 이권부 무보증 사모 전환사채,510000000,4.5,6,2019-06-13,2449,100,2017-06-13,2019-05-13,,,2016-06-13,2016-06-13,private
073570,Lithium-for-earth Inc ,(주)리튬포어스,20210617000371,CB,2021-06-17,무기명식 무보증 사모 전환사채,5000000000,0,2,2024-06-21,1655,100,2022-06-21,2024-05-21,1160,,2021-06-21,2021-06-21,private
073570,Lithium-for-earth Inc ,(주)리튬포어스,20220804000320,CB,,,,,,,,,,,,,,,private
073570,Lithium-for-earth Inc ,(주)리튬포어스,20221005000383,CB,2022-10-05,국내 무기명식 이권부 무보증 사모 전환사채,10000000000,0,2,2024-06-21,1655,100,2022-06-21,2024-05-21,1160,,2021-06-21,2021-06-21,private
073570,Lithium-for-earth Inc ,(주)리튬포어스,20230116000283,CB,2023-01-16,무기명식 무보증 사모 전환사채,35000000000,0,3,2026-01-18,4575,100,2024-01-18,2025-12-18,,,2022-09-20,2023-01-18,private
010960,SAMHO DEVELOPMENT CO,삼호개발(주),20250912000257,EB,2025-09-12,무기명식 이권부 무보증 사모 교환사채,4500000000,0,0,2030-09-22,3979,100,2025-10-22,2030-08-22,,"not applicable (EB is exchanged for already-issued shares, not newly issued)",2025-09-16,2025-09-22,private
034020,"DOOSAN ENERBILITY CO., LTD.",두산에너빌리티(주),20170420000542,BW,2017-02-27,국내 무기명식 이권부 무보증 공모 분리형 신주인수권부사채,500000000000,1,2,2022-05-04,23450,100,2017-06-04,2022-04-04,,,2017-04-24,2017-05-04,public
095610,"TESCO.,LTD.",(주)테스,20250917000329,EB,2025-09-17,무기명식 무보증 사모 교환사채,28516200000,0,0,2030-09-25,47527,100,2025-10-02,2030-08-25,,"not applicable (EB is exchanged for already-issued shares, not newly issued)",2025-09-25,2025-09-25,private
095610,"TESCO.,LTD.",(주)테스,20251029000089,EB,2025-10-22,무기명식 무보증 사모 교환사채,15666900000,0,0,2030-10-30,52223,100,2025-11-06,2030-09-30,,"not applicable (EB is exchanged for already-issued shares, not newly issued)",2025-10-30,2025-10-30,private
417180,"Finger Story CO., LTD.",(주)핑거스토리,20230615000352,CB,2023-06-15,무기명식 무보증 사모 전환사채,6300000000,0,0,2027-06-20,5375,100,2024-06-20,2027-05-20,3763,,2023-06-19,2023-06-20,private
417180,"Finger Story CO., LTD.",(주)핑거스토리,20240618000288,CB,2024-06-18,무기명식 이권부 무보증 사모 전환사채,7500000000,0,0,2029-06-25,3617,100,2025-06-25,2029-05-25,2532,,2024-06-20,2024-06-25,private
417180,"Finger Story CO., LTD.",(주)핑거스토리,20251110000200,CB,2025-11-10,무기명식 무이권부 무보증 사모 전환사채,8500000000,0,0,2030-11-18,1995,100,2026-11-18,2030-10-18,1397,,2025-11-12,2025-11-18,private
290670,"DAEBO MAGNETIC CO.,LTD.",대보마그네틱(주),20190705000532,CB,2019-06-12,무기명식 이권부 무보증 사모 전환사채,10000000000,0,2,2023-07-05,48776,100,2020-07-05,2023-06-05,,,2019-06-12,2019-07-05,private
290670,"DAEBO MAGNETIC CO.,LTD.",대보마그네틱(주),20190724000261,CB,2019-07-24,무기명식 이권부 무보증 사모 전환사채,14000000000,0,2,2023-07-31,48288,100,2020-07-31,2023-06-30,,,2019-07-24,2019-07-31,private
103840,"WOOYANG  Co., Ltd.",(주)우양,20221006000336,CB,2022-10-06,무기명식 이권부 무보증 사모 전환사채,7000000000,0,0,2027-10-11,2988,100,2023-10-11,2027-09-11,,,2022-10-11,2022-10-11,private
103840,"WOOYANG  Co., Ltd.",(주)우양,20240426000992,CB,2024-04-26,무기명식 무이권부 무보증 사모 전환사채,2600000000,0,0,2029-04-30,4447,100,2025-04-30,2029-03-30,,,2024-04-30,2024-04-30,private
103840,"WOOYANG  Co., Ltd.",(주)우양,20240828000561,CB,2024-08-28,무기명식 무이권부 무보증 사모 전환사채,4000000000,0,0,2029-08-30,5055,100,2025-08-30,2029-07-30,,,2024-08-30,2024-08-30,private
043100,"Alpha AI Co.,Ltd.",(주)알파에이아이,20150428000589,CB,2015-04-28,무기명식 이권부 무보증 사모 전환사채,3000000000,9,9,2018-04-29,786,100,2016-04-29,2018-03-29,,,2015-04-29,2015-04-29,private
043100,"Alpha AI Co.,Ltd.",(주)알파에이아이,20160830000320,CB,2016-08-29,무기명식 이권부 무보증 사모 전환사채,3500000000,5,5,2019-08-30,1224,100,2017-08-30,2019-07-30,,,2016-08-30,2016-08-30,private
043100,"Alpha AI Co.,Ltd.",(주)알파에이아이,20210429000327,CB,2021-04-29,무기명식 이권부 무보증 전환사채,2100000000,3,5,2024-04-29,500,100,2022-04-29,2024-03-29,500,,2021-04-29,2021-04-29,private
043100,"Alpha AI Co.,Ltd.",(주)알파에이아이,20220927000501,CB,2021-04-28,무기명식 이권부 무보증 전환사채,3000000000,3,5,2024-04-28,500,100,2022-04-28,2024-03-28,500,,2021-04-28,2021-04-28,private
043100,"Alpha AI Co.,Ltd.",(주)알파에이아이,20231124000542,CB,2023-11-24,무기명식 이권부 무보증 사모 전환사채,900000000,2,4,2028-11-24,500,100,2024-11-24,2028-10-24,500,,2023-11-24,2023-11-24,private
043100,"Alpha AI Co.,Ltd.",(주)알파에이아이,20240315000243,CB,2024-03-14,무기명식 이권부 무보증 사모 전환사채,7000000000,3,5,2027-03-14,515,100,2025-03-14,2027-02-14,500,,2024-03-14,2024-03-14,private
043100,"Alpha AI Co.,Ltd.",(주)알파에이아이,20250918000398,CB,2025-07-31,무기명식 이권부 무보증 사모 전환사채,5500000000,3,5,2028-09-22,2000,100,2026-09-22,2028-08-21,,,2025-09-22,2025-09-22,private
043100,"Alpha AI Co.,Ltd.",(주)알파에이아이,20260820000287,CB,,무기명식 이권부 무보증 사모 전환사채,,,,,,,,,,,,,private
043100,"Alpha AI Co.,Ltd.",(주)알파에이아이,20260820000280,CB,,무기명식 이권부 무보증 사모 전환사채,,,,,,,,,,,,,private
043100,"Alpha AI Co.,Ltd.",(주)알파에이아이,20251002000572,CB,2025-10-01,무기명식 이권부 무보증 사모 전환사채,5000000000,2,3,2028-10-15,1570,100,2027-10-15,2028-09-14,1099,,2025-10-01,2025-10-15,private
043100,"Alpha AI Co.,Ltd.",(주)알파에이아이,20260203000456,CB,2026-01-26,무기명식 이권부 무보증 사모 전환사채,6600000000,3,5,2029-02-03,2040,100,2027-02-03,2029-01-02,1428,,2026-01-15,2026-02-03,private
060900,"Agent AI Co.,Ltd.",(주)에이전트에이아이,20150923000334,CB,2015-09-23,무기명식 이권부 무보증 사모 전환사채,1000000000,0,0,2018-09-24,6300,100,2016-09-24,2018-08-24,,,2015-09-24,2015-09-24,private
060900,"Agent AI Co.,Ltd.",(주)에이전트에이아이,20190708000055,CB,2019-07-05,무기명식 이권부 무보증 사모 전환사채,3000000000,4,4,2022-07-08,874,100,2020-07-08,2022-07-07,,,2019-07-08,2019-07-08,private
060900,"Agent AI Co.,Ltd.",(주)에이전트에이아이,20190808000352,CB,2019-08-05,무기명식 이권부 무보증 사모 전환사채,10000000000,2,5,2022-08-09,972,100,2020-08-09,2022-08-08,,,2019-08-06,2019-08-09,private
060900,"Agent AI Co.,Ltd.",(주)에이전트에이아이,20190826000334,CB,2019-08-26,무기명식 이권부 무보증 사모 전환사채,5000000000,6,6,2022-08-27,966,100,2020-08-27,2022-08-26,,,2019-08-27,2019-08-27,private
060900,"Agent AI Co.,Ltd.",(주)에이전트에이아이,20171031000386,CB,2017-09-22,무기명식 이권부 무보증 사모 전환사채,4530800000,6,6,2020-10-31,1196,100,2018-10-31,2020-09-30,,,2017-09-28,2017-10-31,private
060900,"Agent AI Co.,Ltd.",(주)에이전트에이아이,20160824000320,CB,2016-08-24,기명식 이권부 무보증 사모 전환사채,1000000000,0,5,2019-08-23,1440,100,2017-08-24,2019-08-22,,,2016-08-24,2016-08-24,private
060900,"Agent AI Co.,Ltd.",(주)에이전트에이아이,20160901000406,CB,2016-09-01,기명식 이권부 무보증 사모 전환사채,1000000000,0,1,2018-03-01,1760,100,2017-09-01,2018-02-28,,,2016-09-01,2016-09-01,private
060900,"Agent AI Co.,Ltd.",(주)에이전트에이아이,20160912000443,CB,2016-09-12,기명식 이권부 무보증 사모 전환사채,1000000000,0,5,2019-09-11,1440,100,2017-09-12,2019-09-10,,,2016-09-12,2016-09-12,private
060900,"Agent AI Co.,Ltd.",(주)에이전트에이아이,20160913000254,CB,2016-09-13,기명식 이권부 무보증 사모 전환사채,580000000,0,1,2018-03-12,1760,100,2017-09-13,2018-03-11,,,2016-09-13,2016-09-13,private
060900,"Agent AI Co.,Ltd.",(주)에이전트에이아이,20170531001376,CB,2017-05-31,무기명식 무보증 사모 전환사채,500000000,0,3,2019-05-30,1100,100,2018-05-31,2019-05-29,,,2017-05-31,2017-05-31,private
060900,"Agent AI Co.,Ltd.",(주)에이전트에이아이,20170608000392,CB,2017-06-07,무기명식 무보증 사모 전환사채,1000000000,5,5,2019-06-07,1100,100,2018-06-08,2019-06-07,,,2017-06-07,2017-06-08,private
060900,"Agent AI Co.,Ltd.",(주)에이전트에이아이,20170117000343,CB,2017-01-12,무기명식 무보증 사모 전환사채,2000000000,,3,2020-01-11,1440,100,2018-01-12,2020-01-10,,,2017-01-12,2017-01-12,private
060900,"Agent AI Co.,Ltd.",(주)에이전트에이아이,20170921000190,CB,2017-09-21,무기명식 이권부 무보증 사모 전환사채,2000000000,3,4,2020-09-27,1181,100,2018-09-27,2020-08-27,,,2017-09-25,2017-09-27,private
060900,"Agent AI Co.,Ltd.",(주)에이전트에이아이,20200730000387,CB,2020-02-20,무기명식 이권부 무보증 사모 전환사채,10000000000,1,5,2023-09-18,1092,100,2021-09-18,2023-09-17,100,,2020-06-29,2020-09-18,private
060900,"Agent AI Co.,Ltd.",(주)에이전트에이아이,20200923000394,CB,2020-01-28,무기명식 이권부 무보증 사모 전환사채,20000000000,6,8,2023-10-28,1008,100,2021-10-28,2023-10-27,100,,2020-09-25,2020-10-28,private
060900,"Agent AI Co.,Ltd.",(주)에이전트에이아이,20230427000778,CB,2022-08-08,무기명식 이권부 무보증 사모 전환사채,8000000000,3,8,2026-04-28,565,100,2024-04-28,2026-03-28,100,,2023-04-28,2023-04-28,private
060900,"Agent AI Co.,Ltd.",(주)에이전트에이아이,20240226004762,CB,2022-12-12,무기명식 이권부 무보증 사모 전환사채,10100000000,3,8,2027-02-27,1330,100,2025-02-27,2027-01-27,1000,,2024-02-26,2024-02-27,private
060900,"Agent AI Co.,Ltd.",(주)에이전트에이아이,20250919000003,CB,2025-09-18,무기명식 무보증 사모 전환사채,8000000000,5,5,2028-10-17,1041,100,2026-10-17,2028-09-17,1000,,2025-09-18,2025-10-17,private
060900,"Agent AI Co.,Ltd.",(주)에이전트에이아이,20260629000445,CB,2026-06-19,무기명식 이권부 무보증 사모 전환사채,1500000000,3,8,2029-06-29,4875,100,2027-06-29,2029-05-29,3413,,2026-06-29,2026-06-29,private
086820,"Bio Solution Co.,Ltd.",주식회사 바이오솔루션,20260805000524,CB,2021-07-28,무기명식 이권부 무보증 사모 전환사채,42000000000,0,4,2027-08-13,29644,100,2022-08-14,2027-08-05,20751,,2021-07-29,2021-08-13,private
305090,"Micro Digital Co., Ltd.",(주)마이크로디지탈,20210906000379,CB,2021-09-01,무기명식 이권부 무보증 사모 전환사채,12000000000,0,0,2026-09-17,26931,100,2022-09-17,2026-08-17,21545,,2021-09-03,2021-09-17,private
305090,"Micro Digital Co., Ltd.",(주)마이크로디지탈,20240318000738,CB,2024-03-18,무기명식 무보증 사모 전환사채,9000000000,0,2.5,2029-03-20,5370,100,2025-03-20,2029-02-20,3759,,2024-03-20,2024-03-20,private
305090,"Micro Digital Co., Ltd.",(주)마이크로디지탈,20250723000335,CB,2024-09-05,무기명식 무보증 사모전환사채,8500000000,0,2,2029-09-09,13844,100,2025-09-09,2029-08-09,9691,,2024-09-09,2024-09-09,private
305090,"Micro Digital Co., Ltd.",(주)마이크로디지탈,20250723000363,CB,2025-07-23,무기명식 이권부 무보증 무담보 사모 전환사채,16500000000,0,1,2030-07-31,10214,100,2026-07-31,2030-06-30,,,2025-07-31,2025-07-31,private
018700,"JOLSE CO.,LTD.",(주)졸스,20150925000499,CB,2015-09-25,무기명식 무보증 사모 전환사채,1500000000,0,5,2018-10-01,2425,100,2016-10-01,2018-09-01,,,2015-10-01,2015-10-01,private
018700,"JOLSE CO.,LTD.",(주)졸스,20180629000491,CB,2018-06-29,무기명식 무보증 사모 전환사채,1000000000,0,4,2021-07-09,2885,100,2019-07-09,2021-06-09,,,2018-07-03,2018-07-09,private
018700,"JOLSE CO.,LTD.",(주)졸스,20201214000282,CB,2020-12-14,무기명식 무보증 사모 전환사채,5000000000,0,4,2023-12-15,3370,100,2021-12-15,2023-11-15,2359,,2020-12-14,2020-12-15,private
018700,"JOLSE CO.,LTD.",(주)졸스,20230526000721,CB,2023-05-26,무기명식 무보증 사모 전환사채,2000000000,0,5,2026-05-31,2390,100,2024-05-31,2026-04-30,1675,,2023-05-30,2023-05-31,private
018700,"JOLSE CO.,LTD.",(주)졸스,20231208000404,CB,2023-12-08,무기명식 무보증 사모 전환사채,3000000000,0,5,2026-12-11,1880,100,2024-12-11,2025-11-10,1320,,2023-12-08,2023-12-11,private
018700,"JOLSE CO.,LTD.",(주)졸스,20250527000384,CB,2025-05-27,무기명식 무보증 사모 전환사채,1200000000,,5.5,2028-05-29,1000,100,2026-05-29,2028-04-29,1000,,2025-05-27,2025-05-29,private
018700,"JOLSE CO.,LTD.",(주)졸스,20260720000333,CB,2026-07-20,"무기명식 무보증 
사모 전환사채",2000000000,,1,2029-07-29,1216,100,2027-07-29,2029-06-29,1000,,2026-07-29,2026-07-29,private
018700,"JOLSE CO.,LTD.",(주)졸스,20250602000964,EB,2025-06-02,무기명식 이권부 무보증 교환사채,600000000,0,5,2028-06-05,1000,100,2025-07-05,2028-05-05,,"not applicable (EB is exchanged for already-issued shares, not newly issued)",2025-06-02,2025-06-05,private
138080,"OE Solutions Co., Ltd.",(주)오이솔루션,20240709000442,CB,2024-07-09,"무기
명식 이권부 무보증 사모 전환사채",25000000000,0,1,2029-07-11,12508,100,2025-07-11,2029-06-11,10007,,2024-07-11,2024-07-11,private
384470,"Coreline Soft Co., Ltd",주식회사 코어라인소프트,20240402003067,CB,2024-04-02,무기명식 이권부 무보증 사모 전환사채,18000000000,0,4,2029-04-04,16672,100,2025-04-04,2029-03-04,,,2024-04-04,2024-04-04,private
384470,"Coreline Soft Co., Ltd",주식회사 코어라인소프트,20260212001671,CB,2026-02-12,무기명식 이권부 무보증 사모 전환사채,12500000000,0,4,2031-02-20,4100,100,2027-02-20,2031-01-20,,,2026-02-20,2026-02-20,private
394800,3billion Inc.,(주)쓰리빌리언,20260423000749,CB,2026-04-23,무기명식 이권부 무보증 사모 전환사채,12500000000,0,0,2031-05-13,12501,100,2027-05-13,2031-04-13,8751,,2026-05-13,2026-05-13,private
180060,"Topsun co.,Ltd",(주)탑선,20190222001727,CB,2018-05-17,기명식무보증 사모전환사채,1060000000,0,3,2023-05-21,10000,100,2019-05-22,2023-05-20,,,2018-05-17,2018-05-21,private
180060,"Topsun co.,Ltd",(주)탑선,20260826000370,CB,2022-05-30,무기명식 이권부 무보증 사모전환사채,87143580000,0,3,2026-12-28,20000,100,2023-06-29,2026-11-28,,,2022-05-30,2022-06-28,private
054180,"MEDICOX Co., Ltd.",(주)메디콕스,20181106000373,CB,2018-06-01,무기명식 이권부 무보증 사모 전환사채,6600000000,0,1,2021-11-06,3329,100,2019-11-06,2021-10-06,,,2018-11-06,2018-11-06,private
054180,"MEDICOX Co., Ltd.",(주)메디콕스,20190521000459,CB,2018-02-22,무기명식 이권부 무보증 사모 전환사채,6000000000,1,4,2022-05-22,3034,100,2020-05-22,2022-04-22,,,2019-05-21,2019-05-22,private
054180,"MEDICOX Co., Ltd.",(주)메디콕스,20161214000407,CB,2016-12-14,무기명식 이권부 무보증 사모 전환사채,7000000000,0,1,2019-12-20,2165,100,2017-12-20,2019-11-20,,,2016-12-16,2016-12-20,private
054180,"MEDICOX Co., Ltd.",(주)메디콕스,20210603000303,CB,2021-06-02,"무기명식 이권부 무
보증 사모 전환사채",20000000000,3,5,2024-06-04,1395,100,2022-06-04,2024-05-04,500,,2021-06-02,2021-06-04,private
054180,"MEDICOX Co., Ltd.",(주)메디콕스,20220426000523,CB,2021-11-30,무기명식 이권부 무보증 사모 전환사채,5000000000,3,5,2025-04-20,1023,100,2023-04-20,2025-03-20,500,,2021-11-30,2022-04-20,private
054180,"MEDICOX Co., Ltd.",(주)메디콕스,20230814003171,CB,,,,,,,,,,,,,,,private
054180,"MEDICOX Co., Ltd.",(주)메디콕스,20230814003173,CB,,,,0,8,,,,,,,,,,private
054180,"MEDICOX Co., Ltd.",(주)메디콕스,20201020000274,CB,2020-09-21,무기명식 이권부 무보증 사모 전환사채,4000000000,1,3,2023-10-20,1944,100,2021-10-20,2023-09-20,500,,2020-09-21,2020-10-20,private
054180,"MEDICOX Co., Ltd.",(주)메디콕스,20221229000234,CB,2022-12-27,무기명식 이권부 무보증 사모 전환사채,22500000000,1.5,8,2025-12-29,3571,100,2023-12-29,2025-11-29,500,,2022-12-27,2022-12-29,private
054180,"MEDICOX Co., Ltd.",(주)메디콕스,20200810000247,CB,2018-02-22,무기명식 이권부 무보증 사모 전환사채,9996000000,0,0,2023-07-08,1356,100,2021-07-08,2023-06-08,500,,2020-06-01,2020-07-08,private
054180,"MEDICOX Co., Ltd.",(주)메디콕스,20200828001379,CB,2020-08-05,무기명식 이권부 무보증 사모 전환사채,7100000000,0,0,2023-08-28,1192,100,2021-08-28,2023-07-28,500,,2020-08-05,2020-08-28,private
054180,"MEDICOX Co., Ltd.",(주)메디콕스,20241126000754,CB,2024-03-07,무기명식 이권부 무보증 사모 전환사채,3000000000,0,0,2027-11-26,500,100,2025-11-26,2027-10-26,500,,2024-11-26,2024-11-26,private
033230,"INSUNG INFORMATION CO., LTD",(주)인성정보,20151118000088,CB,2015-11-18,무기명식 이권부 무보증 사모 전환사채,12000000000,0,2,2020-11-19,4410,100,2016-11-19,2020-10-19,,,2015-11-19,2015-11-19,private
033230,"INSUNG INFORMATION CO., LTD",(주)인성정보,20151125000315,CB,2015-11-25,무기명식 이권부 무보증 사모 전환사채,3000000000,0,2,2020-11-26,4595,100,2016-11-26,2020-10-26,,,2015-11-26,2015-11-26,private
033230,"INSUNG INFORMATION CO., LTD",(주)인성정보,20180831001756,CB,2018-08-31,무기명식 이권부 무보증 사모 전환사채,5000000000,0,3,2023-09-04,4110,100,2019-09-04,2023-08-04,,,2018-09-04,2018-09-04,private
033230,"INSUNG INFORMATION CO., LTD",(주)인성정보,20191114002189,CB,2019-11-14,무기명식 이권부 무보증 사모 전환사채,6000000000,1,4,2024-11-15,2250,100,2020-11-15,2024-10-15,,,2019-11-15,2019-11-15,private
097780,"Eco Volt Co.,Ltd.",에코볼트(주),20180628000250,CB,2018-05-14,무기명식 무보증 사모 전환사채.,11000000000,2,4,2021-07-02,2083,100,2019-07-02,2021-06-02,,,2018-05-14,2018-07-02,private
097780,"Eco Volt Co.,Ltd.",에코볼트(주),20180323000938,CB,2018-02-20,무기명식 무보증 사모 전환사채.,1500000000,2,4,2021-03-26,1333,100,2019-03-26,2021-02-26,,,2018-02-20,2018-03-26,private
097780,"Eco Volt Co.,Ltd.",에코볼트(주),20181002000112,CB,2018-05-15,무기명식 무보증 사모 전환사채.,12700000000,2,4,2021-10-05,2043,100,2019-10-05,2021-09-05,,,2018-05-15,2018-10-05,private
097780,"Eco Volt Co.,Ltd.",에코볼트(주),20180327000361,CB,2018-02-20,무기명식 무보증 사모 전환사채.,1300000000,2,4,2021-03-28,1333,100,2019-03-28,2021-02-28,,,2018-02-20,2018-03-28,private
097780,"Eco Volt Co.,Ltd.",에코볼트(주),20161005000299,CB,2016-09-20,무기명식 무보증 사모 전환사채.,10000000000,2,4,2019-10-06,7635,100,2017-10-06,2019-09-06,,,2016-09-20,2016-10-06,private
097780,"Eco Volt Co.,Ltd.",에코볼트(주),20161012000210,CB,2016-09-20,무기명식 무보증 사모 전환사채.,10000000000,2,4,2019-10-13,7635,100,2017-10-13,2019-09-13,,,2016-09-20,2016-10-13,private
097780,"Eco Volt Co.,Ltd.",에코볼트(주),20160511002102,CB,2016-04-27,무기명식 무보증 사모 전환사채,6200000000,2,4,2019-05-12,7786,100,2017-05-12,2019-04-11,,,2016-05-11,2016-05-12,private
097780,"Eco Volt Co.,Ltd.",에코볼트(주),20160513002734,CB,2016-04-27,무기명식 무보증 사모 전환사채,2000000000,0,3,2019-05-17,7729,100,2017-05-17,2019-04-16,,,2016-04-27,2016-05-17,private
097780,"Eco Volt Co.,Ltd.",에코볼트(주),20160513002774,CB,2016-04-27,무기명식 무보증 사모 전환사채,2400000000,0,3,2019-05-24,7729,100,2017-05-24,2019-04-23,,,2016-04-27,2016-05-24,private
097780,"Eco Volt Co.,Ltd.",에코볼트(주),20160513002817,CB,2016-04-27,무기명식 무보증 사모 전환사채,3000000000,0,3,2019-05-31,7729,100,2017-05-31,2019-04-30,,,2016-04-27,2016-05-31,private
097780,"Eco Volt Co.,Ltd.",에코볼트(주),20160620000324,CB,2016-06-20,무기명식 무보증 사모 전환사채.,7000000000,2,4,2019-06-30,7181,100,2017-06-30,2019-05-29,,,2016-06-20,2016-06-30,private
097780,"Eco Volt Co.,Ltd.",에코볼트(주),20200506000286,CB,2020-05-06,무기명식 무보증 사모 전환사채,6000000000,2,4,2023-05-22,1494,100,2021-05-22,2023-04-22,,,2020-05-06,2020-05-22,private
097780,"Eco Volt Co.,Ltd.",에코볼트(주),20200526000255,CB,2020-05-06,무기명식 무보증 사모 전환사채,6000000000,2,4,2023-05-29,1494,100,2021-05-29,2023-04-29,,,2020-05-06,2020-05-29,private
307180,"IL CO.,LTD.",(주)아이엘,20210804000254,CB,2021-08-03,무기명식 이권부 무보증 사모 전환사채,5000000000,0,2,2024-08-05,3758,100,2022-08-05,2024-07-05,2631,,2021-08-05,2021-08-05,private
307180,"IL CO.,LTD.",(주)아이엘,20211008000315,CB,2021-10-06,무기명식 이권부 무보증 사모 전환사채,10000000000,2,5,2024-10-08,4065,100,2022-10-08,2024-09-08,2846,,2021-10-06,2021-10-08,private
307180,"IL CO.,LTD.",(주)아이엘,20201104000281,CB,2020-11-04,무기명식 이권부 무보증 사모 전환사채,6000000000,0,2,2023-11-05,3212,100,2021-11-05,2023-10-05,2249,,2020-11-05,2020-11-05,private
307180,"IL CO.,LTD.",(주)아이엘,20230918000315,CB,2023-09-18,무기명식 이권부 무보증 사모 전환사채,20000000000,0,3.5,2026-09-20,3562,100,2024-09-20,2026-08-20,2672,,2023-09-20,2023-09-20,private
307180,"IL CO.,LTD.",(주)아이엘,20240910000337,CB,2024-09-09,무기명식 이권부 무보증 사모 전환사채,7500000000,0,2,2027-09-11,3397,100,2025-09-11,2027-08-11,2378,,2024-09-11,2024-09-11,private
307180,"IL CO.,LTD.",(주)아이엘,20251023000367,CB,2025-10-23,무기명식 이권부 무보증 사모 전환사채,9000000000,2,6,2028-10-31,2691,100,2026-10-31,2028-09-30,1884,,2025-10-23,2025-10-31,private
307180,"IL CO.,LTD.",(주)아이엘,20260529001709,CB,2026-05-29,무기명식 무보증 사모 전환사채,17200000000,0,0,2031-06-08,8467,100,2027-06-08,2031-05-08,6774,,2026-06-08,2026-06-08,private
362320,"CHUNGDAMGLOBAL Co., Ltd.",주식회사 청담글로벌,20240705000510,CB,2024-07-05,무기명식 무이권부 무보증 사모 전환사채,20000000000,0,3,2027-07-09,12846,100,2026-01-09,2027-06-09,,,2024-07-09,2024-07-09,private
362320,"CHUNGDAMGLOBAL Co., Ltd.",주식회사 청담글로벌,20260204000472,BW,2026-02-04,무기명식 무보증 비분리형 사모 신주인수권부사채,32800000000,0,4,2029-02-12,6951,100,2028-02-12,2029-01-12,,,2026-02-12,2026-02-12,private
362320,"CHUNGDAMGLOBAL Co., Ltd.",주식회사 청담글로벌,20251210000151,EB,2025-12-05,무기명식 무이권부 무보증 사모 교환사채,6660972649,0,0,2030-12-15,8297,100,2026-01-15,2030-11-15,,"not applicable (EB is exchanged for already-issued shares, not newly issued)",2025-12-15,2025-12-15,private
064090,InkredibleBuzz Inc.,(주)인크레더블버즈,20151020000177,CB,2015-10-20,무기명식 무보증 국내 사모 전환사채,2000000000,2,2,2018-10-21,14700,100,2016-10-21,2018-09-20,,,2015-10-21,2015-10-21,private
064090,InkredibleBuzz Inc.,(주)인크레더블버즈,20151103000282,CB,2015-11-03,무기명식 무보증 국내 사모 전환사채,2550000000,4,4,2018-11-04,15055,100,2016-11-04,2018-10-03,,,2015-11-04,2015-11-04,private
064090,InkredibleBuzz Inc.,(주)인크레더블버즈,20151015000249,CB,2015-10-15,무기명식 무보증 국내 사모 전환사채,1500000000,2,2,2018-10-16,11300,100,2016-10-16,2018-09-15,,,2015-10-16,2015-10-16,private
064090,InkredibleBuzz Inc.,(주)인크레더블버즈,20150901000330,CB,2015-08-31,국내 무기명식 무보증 사모 전환사채,3000000000,4,4,2018-09-01,6579,100,2016-09-01,2018-08-01,,,2015-09-01,2015-09-01,private
064090,InkredibleBuzz Inc.,(주)인크레더블버즈,20150810000001,CB,2015-08-07,국내 무기명식 무보증 사모 전환사채,1500000000,0,0,2018-08-07,6562,100,2016-08-07,2018-07-30,,,2015-08-07,2015-08-07,private
064090,InkredibleBuzz Inc.,(주)인크레더블버즈,20180523000235,CB,2018-04-03,무기명식 무보증 국내 사모 전환사채,15000000000,1,2,2021-04-04,3465,100,2019-04-04,2021-03-04,,,2018-04-04,2018-04-04,private
064090,InkredibleBuzz Inc.,(주)인크레더블버즈,20160630000575,CB,2016-06-30,무기명식 무보증 이권부 국내 사모 전환사채,3500000000,2,4,2019-07-01,2795,100,2017-07-01,2019-05-31,,,2016-07-01,2016-07-01,private
064090,InkredibleBuzz Inc.,(주)인크레더블버즈,20160201000146,CB,2016-02-01,무기명식 무보증 이권부 국내 사모 전환사채,500000000,0,2,2019-02-01,6041,100,2017-02-01,2018-12-31,,,2016-02-01,2016-02-01,private
064090,InkredibleBuzz Inc.,(주)인크레더블버즈,20170504000403,CB,2017-05-02,무기명식 무보증 국내 사모 전환사채,12000000000,0,2,2020-06-15,1476,100,2018-06-15,2020-05-14,,,2017-05-08,2017-06-15,private
064090,InkredibleBuzz Inc.,(주)인크레더블버즈,20160304000390,CB,2016-03-03,무기명식 무보증 이권부 국내 사모 전환사채,2000000000,3,3,2019-03-04,4115,100,2017-03-04,2019-02-03,,,2016-03-04,2016-03-04,private
064090,InkredibleBuzz Inc.,(주)인크레더블버즈,20170825000266,CB,2017-08-25,무기명식 무보증 국내 사모 전환사채,6000000000,2,4,2020-08-28,2714,100,2018-08-28,2020-07-27,,,2017-08-28,2017-08-28,private
064090,InkredibleBuzz Inc.,(주)인크레더블버즈,20211222000323,CB,2021-07-14,무기명식 무보증 이권부 사모 전환사채,6000000000,2,4,2024-07-21,3218,100,2022-07-21,2024-06-20,500,,2021-07-21,2021-07-21,private
064090,InkredibleBuzz Inc.,(주)인크레더블버즈,20220930000315,CB,2022-09-30,,,,,,,,,,,,,,private
064090,InkredibleBuzz Inc.,(주)인크레더블버즈,20230227007011,CB,2023-02-24,무기명식 무보증 국내 사모 전환사채,25000000000,0,1,2026-04-11,1848,100,2024-04-11,2026-03-11,,,2023-02-24,2023-04-11,private
064090,InkredibleBuzz Inc.,(주)인크레더블버즈,20250207000681,CB,,,,,,,,,,,,,,,private
064090,InkredibleBuzz Inc.,(주)인크레더블버즈,20250207000685,CB,,,,,,,,,,,,,,,private
064090,InkredibleBuzz Inc.,(주)인크레더블버즈,20250207000686,CB,,,,,,,,,,,,,,,private
261780,ARIBIOLAB,(주)아리바이오랩,20231115000399,CB,2023-11-15,무기명식 이권부 무보증 사모 전환사채,10000000000,0,3,2028-11-17,5470,100,2024-11-17,2028-10-17,,,2023-11-17,2023-11-17,private
261780,ARIBIOLAB,(주)아리바이오랩,20240904000386,CB,2024-09-04,무기명식 이권부 무보증 사모 전환사채,10000000000,0,3,2029-09-05,4622,100,2025-09-05,2029-08-05,,,2024-09-05,2024-09-05,private
261780,ARIBIOLAB,(주)아리바이오랩,20260605000576,CB,2026-05-14,무기명식 이권부 무보증 사모 전환사채,4000000000,2,8,2029-06-05,3210,100,2027-06-05,2029-05-05,2247,,2026-05-14,2026-06-05,private
011330,"UNICHEM CO.,LTD",(주)유니켐,20151014000161,CB,2015-10-14,무기명식 이권부 무보증 사모 전환사채,1000000000,6,6,2018-10-15,1788,100,2016-10-15,2018-09-15,,,2015-10-15,2015-10-15,private
011330,"UNICHEM CO.,LTD",(주)유니켐,20150903000261,CB,2015-08-24,무기명식 이권부 무보증 사모 전환사채,1501000000,4,4,2018-09-03,1788,100,2016-09-03,2018-08-03,,,2015-09-03,2015-09-03,private
011330,"UNICHEM CO.,LTD",(주)유니켐,20181121000303,CB,2018-11-21,무기명식 이권부 무보증 사모 전환사채,2000000000,0,2,2021-11-23,1493,100,2019-11-23,2021-10-23,,,2018-11-23,2018-11-23,private
011330,"UNICHEM CO.,LTD",(주)유니켐,20180611000408,CB,2018-06-11,무기명식 이권부 무보증 사모 전환사채,5000000000,0,0,2021-06-12,1683,100,2019-06-12,2021-05-12,,,2018-06-12,2018-06-12,private
011330,"UNICHEM CO.,LTD",(주)유니켐,20170327000334,CB,2017-03-27,무기명식 이권부 무보증 사모 전환사채,2000000000,2,4,2020-03-29,1652,100,2018-03-29,2020-02-29,,,2017-03-29,2017-03-29,private
011330,"UNICHEM CO.,LTD",(주)유니켐,20160928000110,CB,2016-09-28,무기명식 이권부 무보증 사모 전환사채,3800000000,2,6,2019-09-29,1788,100,2017-09-29,2019-08-29,,,2016-09-29,2016-09-29,private
011330,"UNICHEM CO.,LTD",(주)유니켐,20170619000290,CB,2017-06-19,무기명식 이권부 무보증 사모 전환사채,5000000000,1,4.5,2020-06-20,1598,100,2018-06-20,2020-05-20,,,2017-06-20,2017-06-20,private
011330,"UNICHEM CO.,LTD",(주)유니켐,20160622000361,CB,2016-06-22,무기명식 이권부 무보증 사모 전환사채,4100000000,10,10,2019-06-24,1788,100,2017-06-24,2019-05-24,,,2016-06-24,2016-06-24,private
011330,"UNICHEM CO.,LTD",(주)유니켐,20210208000634,CB,2021-02-08,무기명식 이권부 무보증 사모 전환사채,10000000000,0,0,2025-02-10,1495,100,2022-02-10,2025-01-10,1047,,2021-02-10,2021-02-10,private
011330,"UNICHEM CO.,LTD",(주)유니켐,20200908000331,CB,2020-09-08,무기명식 이권부 무보증 사모 전환사채,23000000000,0,0,2024-09-09,1363,100,2021-09-09,2024-08-09,955,,2020-09-09,2020-09-09,private
011330,"UNICHEM CO.,LTD",(주)유니켐,20250908000117,CB,2025-09-08,기명식 무이권부 무보증 사모 전환사채,6120000000,0,3,2028-09-16,1656,100,2026-09-16,2028-08-16,,,2025-09-16,2025-09-16,private
011330,"UNICHEM CO.,LTD",(주)유니켐,20230116000187,BW,2022-12-27,"무기명식 이권부 무보증
공모 신주인수권부사채",20000000000,3,5,2026-01-25,1174,100,2023-02-25,2025-12-25,822,,2023-01-18,2023-01-25,public
011330,"UNICHEM CO.,LTD",(주)유니켐,20251103000117,BW,2025-10-02,"무기명식 이권부 무보증 
공모 분리형 신주인수권부사채",30000000000,3,5,2028-11-10,1305,100,2025-12-10,2028-10-10,914,,2025-11-05,2025-11-10,public
069260,"TKG Huchems Co.,Ltd.",티케이지휴켐스(주),20260408003312,CB,2026-04-08,무기명식 무이권부 무보증 사모 전환사채,50000000000,0,1,2031-04-23,17735,100,2027-04-24,2031-03-23,,,2026-04-23,2026-04-23,private
069260,"TKG Huchems Co.,Ltd.",티케이지휴켐스(주),20170315000517,EB,2017-03-15,국내 무기명식 이권부 무보증 교환사채,59191623200,0,0,2020-03-17,25700,100,2017-03-18,2020-03-03,,"not applicable (EB is exchanged for already-issued shares, not newly issued)",2017-03-17,2017-03-17,private
065770,CS CORPORATION,(주)씨에스,20160517000001,CB,2016-05-16,무기명식 이권부 무보증 사모 전환사채,3000000000,0,2,2021-06-03,1871,100,2017-06-03,2021-05-03,,,2016-05-18,2016-06-03,private
065770,CS CORPORATION,(주)씨에스,20210628000276,CB,2021-06-28,무기명식 이권부 무보증 사모 전환사채,7000000000,0,0,2026-06-30,6576,100,2022-06-30,2026-05-30,4604,,,2021-06-30,private
065770,CS CORPORATION,(주)씨에스,20260528001002,CB,2026-05-21,무기명식 이권부 무보증 사모 전환사채,5000000000,0,2,2029-05-29,3424,100,2027-05-29,2029-04-29,2397,,2026-05-29,2026-05-29,private
065770,CS CORPORATION,(주)씨에스,20150130000330,EB,2015-01-30,무기명식 이권부 무보증 사모 교환사채,2000000000,0,4,2018-01-30,5237,100,2015-03-30,2017-12-30,,"not applicable (EB is exchanged for already-issued shares, not newly issued)",2015-01-30,2015-01-30,private
047920,"HLB PHARMACEUTICAL CO., LTD.",에이치엘비제약(주),20191206000502,CB,2019-10-16,무기명식 이권부 무보증 사모 전환사채,10000000000,1,1,2022-12-10,5240,100,2020-12-10,2022-11-10,,,2019-10-18,2019-12-10,private
047920,"HLB PHARMACEUTICAL CO., LTD.",에이치엘비제약(주),20160727000257,CB,2016-07-27,무기명식 이권부 무보증 사모 전환사채,5000000000,1,1,2019-07-28,8180,100,2017-07-28,2019-06-28,,,2016-07-28,2016-07-28,private
047920,"HLB PHARMACEUTICAL CO., LTD.",에이치엘비제약(주),20210210000749,CB,2021-02-10,무기명식 무보증 사모 전환사채,13200000000,0,0,2024-03-12,16152,100,2022-03-12,2024-02-12,11307,,2021-02-10,2021-03-12,private
047920,"HLB PHARMACEUTICAL CO., LTD.",에이치엘비제약(주),20201007000406,CB,2020-10-07,무기명식 이권부 무보증 사모 전환사채,20000000000,1,1,2023-10-19,5652,100,2021-10-19,2023-09-19,3957,,2020-05-06,2020-10-19,private
047920,"HLB PHARMACEUTICAL CO., LTD.",에이치엘비제약(주),20201007000413,CB,2020-10-07,무기명식 무보증 사모 전환사채,10000000000,1,1,2023-10-19,6689,100,2021-10-19,2023-09-19,4682,,2020-08-31,2020-10-19,private
047920,"HLB PHARMACEUTICAL CO., LTD.",에이치엘비제약(주),20201007000440,CB,2020-10-07,무기명식 무보증 사모 전환사채,10000000000,1,1,2023-10-19,6689,100,2021-10-19,2023-09-19,4682,,2020-08-31,2020-10-19,private
047920,"HLB PHARMACEUTICAL CO., LTD.",에이치엘비제약(주),20220809000224,CB,2022-08-09,무기명식 무보증 사모 전환사채,20000000000,2,2,2025-08-10,15045,100,2023-08-10,2025-07-10,10532,,2022-08-09,2022-08-10,private
047920,"HLB PHARMACEUTICAL CO., LTD.",에이치엘비제약(주),20160727000264,BW,2016-07-27,무기명식 이권부 무보증 사모 비분리형 신주인수권부사채,10000000000,1,1,2019-07-28,8180,100,2017-07-28,2019-06-28,,,2016-07-28,2016-07-28,private
110790,"Creas F&C Co., Ltd",(주)크리스에프앤씨,20211029000471,CB,2021-10-29,무기명식 무보증 사모 전환사채,20000000000,0,0,2026-11-19,44250,100,2022-11-19,2026-10-19,30975,,2021-11-01,2021-11-19,private
110790,"Creas F&C Co., Ltd",(주)크리스에프앤씨,20220819000218,CB,2022-08-19,무기명식 이권부 무보증 사모 전환사채,20000000000,0,0,2027-08-23,34073,100,2023-08-23,2027-07-23,,,2022-08-23,2022-08-23,private
110790,"Creas F&C Co., Ltd",(주)크리스에프앤씨,20240726000496,CB,2024-07-26,무기명식 무이권부 무보증 사모 전환사채,20000000000,0,3,2029-07-31,7869,100,2025-07-31,2029-06-30,5509,,2024-07-30,2024-07-31,private
110790,"Creas F&C Co., Ltd",(주)크리스에프앤씨,20211029000479,EB,2021-10-29,무기명식 무보증 사모 교환사채,10000000000,0,0,2026-11-19,44250,100,2021-12-19,2026-10-19,,"not applicable (EB is exchanged for already-issued shares, not newly issued)",2021-11-01,2021-11-19,private
110790,"Creas F&C Co., Ltd",(주)크리스에프앤씨,20240726000507,EB,2024-07-26,무기명식 무이권부 무보증 사모 교환사채,10000000000,0,3,2029-07-31,7869,100,2024-10-31,2029-06-30,,"not applicable (EB is exchanged for already-issued shares, not newly issued)",2024-07-30,2024-07-31,private
110790,"Creas F&C Co., Ltd",(주)크리스에프앤씨,20211116000096,EB,2021-11-16,무기명식 무보증 사모 교환사채,10000000000,0,0,2026-11-19,42150,100,2021-12-19,2026-10-19,,"not applicable (EB is exchanged for already-issued shares, not newly issued)",2021-11-16,2021-11-19,private
048770,TPC Robotics Corporation,(주)티피씨로보틱스,20150604000039,CB,2015-06-04,"무보증
사모 전환사채",1200000000,1,4.5,2018-12-08,20000,100,2016-06-08,2018-12-07,,,2015-06-08,2015-06-08,private
048770,TPC Robotics Corporation,(주)티피씨로보틱스,20181004000660,CB,2018-10-04,무기명식 이권부 무보증 사모 전환사채,16000000000,0,0,2023-10-12,4871,100,2019-10-12,2023-09-12,,,2018-10-08,2018-10-12,private
038870,"EcoSimplex Co., Ltd",에코심플렉스(주),20170123000328,CB,2017-01-23,무기명식 이권부 무보증 사모 전환사채,20000000000,0,0,2022-01-25,11718,100,2018-01-25,2021-12-25,,,2017-01-25,2017-01-25,private
038870,"EcoSimplex Co., Ltd",에코심플렉스(주),20210602000359,CB,2021-06-02,무기명식 이권부 무보증 사모 전환사채,21000000000,0,0,2026-06-04,8443,100,2022-06-04,2026-05-04,5911,,2021-06-04,2021-06-04,private
095190,"SHINHWAPRITECH CO., LTD.",(주)신화프리텍,20150601000117,CB,2015-06-01,무보증사모전환사채,1500000000,0,2.5,2018-12-03,6461,110,2016-06-03,2018-12-02,,,2015-06-03,2015-06-03,private
095190,"SHINHWAPRITECH CO., LTD.",(주)신화프리텍,20190925001395,CB,2019-09-25,무기명식 이권부 무보증 사모 전환사채,24000000000,0,0,2024-09-27,5372,100,2020-09-27,2024-08-27,,,2019-09-27,2019-09-27,private
095190,"SHINHWAPRITECH CO., LTD.",(주)신화프리텍,20160525000341,CB,2016-05-25,무기명식 이권부 무보증 사모 전환사채,14500000000,0,1,2021-05-27,4780,100,2017-05-27,2021-04-27,,,2016-05-27,2016-05-27,private
095190,"SHINHWAPRITECH CO., LTD.",(주)신화프리텍,20230614000352,CB,2023-06-14,무기명식 이권부 무보증 사모 전환사채,27000000000,0,1.5,2028-06-16,2860,100,2024-06-16,2028-05-16,2002,,2023-06-16,2023-06-16,private
095190,"SHINHWAPRITECH CO., LTD.",(주)신화프리텍,20260901000319,CB,2026-09-01,무기명식 무이권부 무보증 사모 전환사채,21000000000,0,0,2031-09-09,1869,100,2027-09-09,2031-08-09,,,2026-09-09,2026-09-09,private
096610,"RFsemiTechnologies,Inc.",주식회사알에프세미,20181015000539,CB,2018-10-15,무기명식 이권부 무보증 사모 전환사채,6000000000,0,3,2023-10-17,5700,100,2019-10-17,2023-09-17,,,2018-10-17,2018-10-17,private
096610,"RFsemiTechnologies,Inc.",주식회사알에프세미,20210406001782,CB,2021-04-06,무기명식 이권부 무보증 사모 전환사채,10000000000,0,0,2026-04-08,5783,100,2022-04-08,2026-03-08,4049,,2021-04-08,2021-04-08,private
096610,"RFsemiTechnologies,Inc.",주식회사알에프세미,20231116000501,CB,2023-03-31,,,,,,,,,,,,,,private
096610,"RFsemiTechnologies,Inc.",주식회사알에프세미,20231130001819,CB,,,,,,,,,,,,,,,private
096610,"RFsemiTechnologies,Inc.",주식회사알에프세미,20200603000404,BW,2020-06-03,무기명식 이권부 무보증 사모 비분리형 신주인수권부사채,6000000000,0,0,2023-06-05,4430,100,2021-06-05,2023-05-05,,,2020-06-05,2020-06-05,private
025560,MIRAE CORPORATION,미래산업(주),20150427000513,CB,2015-04-27,무기명식 이권부 무보증 사모 전환사채,3500000000,1,5,2018-04-28,251,100,2016-04-28,2018-03-28,,,2015-04-28,2015-04-28,private
025560,MIRAE CORPORATION,미래산업(주),20190226003474,CB,2016-12-26,무기명식 이권부 무보증 사모 전환사채,10000000000,1,3,2020-02-01,281,100,2018-02-01,2020-01-01,,,2016-12-26,2017-02-01,private
025560,MIRAE CORPORATION,미래산업(주),20210204000490,CB,2021-02-04,무기명식 무이권부 무보증 무담보 사모 전환사채,1100000800,0,0,2023-02-04,3171,100,2022-02-04,2023-01-04,100,,2021-02-04,2021-02-04,private
025560,MIRAE CORPORATION,미래산업(주),20211125000536,CB,2021-11-25,무기명식 이권부 무보증 사모 전환사채,10000000000,0,3,2024-12-15,13650,100,2022-12-15,2024-11-15,500,,2021-11-25,2021-12-15,private
025560,MIRAE CORPORATION,미래산업(주),20200707000511,CB,2020-07-03,무기명식 이권부 무보증 사모 전환사채,10000000000,2,2,2023-07-08,3860,100,2021-07-08,2023-06-08,100,,2020-07-07,2020-07-08,private
025560,MIRAE CORPORATION,미래산업(주),20231108000352,CB,2023-06-26,무기명식 이권부 무보증 사모 전환사채,2600000000,3,5,2026-10-31,3610,100,2024-10-31,2026-09-30,500,,2023-10-31,2023-10-31,private
025560,MIRAE CORPORATION,미래산업(주),20230913000470,CB,2023-05-24,무기명식 이권부 무보증 사모 전환사채,10000000000,1.5,3,2026-09-21,26900,100,2024-09-21,2026-08-21,500,,2023-05-24,2023-09-21,private
222110,Pangen Biotech Inc.,(주)팬젠,20230418000408,CB,2023-04-18,무기명식 이권부 무보증 사모 전환사채,3200000000,0,2,2027-04-20,5938,100,2024-04-20,2027-03-20,4157,,2023-04-20,2023-04-20,private
058450,"HANJOO ART Co.,LTD.",한주에이알티(주),20230608000319,CB,2023-06-08,무기명식 이권부 무보증 사모 전환사채,9000000000,3,4,2026-06-16,830,100,2024-06-16,2026-05-16,581,,2023-03-27,2023-06-16,private
058450,"HANJOO ART Co.,LTD.",한주에이알티(주),20230317001050,CB,2023-03-17,무기명식 이권부 무보증 사모 전환사채,1600000000,4,5,2026-04-07,861,100,2024-04-07,2026-03-07,603,,2023-03-21,2023-04-07,private
058450,"HANJOO ART Co.,LTD.",한주에이알티(주),20240626000521,CB,2024-06-26,무기명식 이권부 무보증 사모 전환사채,10100000000,2,4,2027-06-27,4109,100,2025-06-27,2027-05-27,2877,,2024-06-26,2024-06-27,private
058450,"HANJOO ART Co.,LTD.",한주에이알티(주),20240718000437,CB,2024-04-12,무기명식 이권부 무보증 사모 전환사채,5100000000,2,4,2029-07-19,3861,100,2025-07-19,2029-06-19,2703,,2024-07-18,2024-07-19,private
058450,"HANJOO ART Co.,LTD.",한주에이알티(주),20260313000738,CB,2026-03-06,무기명식 이권부 무보증 사모 영구전환사채,4565664000,1,1,2056-03-17,529,100,2027-03-17,2056-02-17,,,2026-03-06,2026-03-17,private
058450,"HANJOO ART Co.,LTD.",한주에이알티(주),20260313000742,CB,2026-03-11,무기명식 이권부 무보증 사모 영구전환사채,500000000,1,1,2056-03-20,524,100,2027-03-20,2056-02-20,,,2026-03-11,2026-03-20,private
040910,"ICD Co.,Ltd",(주)아이씨디,20161128000307,CB,2016-11-28,무기명식 이권부 무보증 사모 전환사채,30000000000,0,0,2021-11-30,14700,100,2017-11-30,2021-10-30,,,,2016-11-30,private
040910,"ICD Co.,Ltd",(주)아이씨디,20211126000323,CB,2021-11-25,무기명식 이권부 무보증 사모 전환사채,18000000000,0,0,2026-11-29,13053,100,2022-11-29,2026-10-29,9138,,2021-11-29,2021-11-29,private
040910,"ICD Co.,Ltd",(주)아이씨디,20240424000512,CB,2024-04-24,무기명식 이권부 무보증 사모 전환사채,25000000000,0,0,2029-04-26,9169,100,2025-04-26,2029-03-26,6419,,2024-04-26,2024-04-26,private
040910,"ICD Co.,Ltd",(주)아이씨디,20260511000677,BW,2026-05-11,무기명식 무이권부 무보증 비분리형 사모 신주인수권부사채,25000000000,0,0,2031-05-19,6246,100,2027-05-19,2031-04-19,4997,,2026-05-19,2026-05-19,private
150900,"FASOO AI Co.,Ltd.",(주)파수에이아이,20181121000291,CB,2018-11-21,무기명식 이권부 무보증 사모 전환사채,5500000000,0,0,2023-11-23,3581,100,2019-11-23,2023-10-23,,,2018-11-23,2018-11-23,private
150900,"FASOO AI Co.,Ltd.",(주)파수에이아이,20170110000298,CB,2017-01-09,무기명 이권부 무보증 사모 전환사채,2000000000,0,1,2022-01-11,6253,100,2018-01-11,2021-12-11,,,2017-01-11,2017-01-11,private
150900,"FASOO AI Co.,Ltd.",(주)파수에이아이,20161014000484,BW,2015-12-16,"무기명 이권부
비분리형 사모
신주인수권부사채",3000000000,1,3,2018-12-18,8615,100,2016-12-19,2018-12-17,,,2015-12-18,2015-12-18,private
123840,"NUON CO., LTD.",(주)뉴온,20200528000682,CB,2020-05-28,무기명식 이권부 무보증 사모 전환사채,1000000000,2,3,2023-05-29,597,100,2021-05-29,2023-04-29,,,2020-05-28,2020-05-29,private
123840,"NUON CO., LTD.",(주)뉴온,20180309000753,CB,2018-03-09,무기명식 이권부 무보증 사모 전환사채,1000000000,,,2021-03-09,2754,100,2019-03-09,2021-02-09,,,2018-03-09,2018-03-09,private
123840,"NUON CO., LTD.",(주)뉴온,20180404001223,CB,2018-04-04,무기명식 무이권부 무보증 사모 전환사채,1500000000,,,2021-04-04,2383,100,2019-04-04,2021-03-04,,,2018-04-04,2018-04-04,private
123840,"NUON CO., LTD.",(주)뉴온,20160317000013,CB,2016-03-16,무기명식 이권부 무보증 사모 전환사채,2000000000,0,1,2020-09-17,3140,100,2017-03-17,2020-09-16,,,2016-03-17,2016-03-17,private
123840,"NUON CO., LTD.",(주)뉴온,20161028000062,CB,2016-10-28,무기명식 이권부 무보증 사모 전환사채,5100000000,0,3.2,2021-04-30,3700,100,2017-10-31,2021-03-31,,,2016-10-31,2016-10-31,private
123840,"NUON CO., LTD.",(주)뉴온,20160428001031,CB,2016-04-28,무기명식 이권부 무보증 사모 전환사채,5000000000,0,3.2,2020-10-29,3232,100,2017-04-29,2020-09-29,,,2016-04-29,2016-04-29,private
123840,"NUON CO., LTD.",(주)뉴온,20170124000261,CB,2017-01-24,무기명식 이권부 무보증 사모 전환사채,5000000000,0,3.2,2020-01-25,3270,100,2018-01-25,2019-12-25,,,2017-01-25,2017-01-25,private
123840,"NUON CO., LTD.",(주)뉴온,20160518000288,CB,2016-05-18,무기명식 이권부 무보증 사모 전환사채,6000000000,0,3.2,2020-11-19,3014,100,2017-05-19,2020-10-19,,,2016-05-19,2016-05-19,private
123840,"NUON CO., LTD.",(주)뉴온,20201103000234,CB,2020-11-03,무기명식 이권부 무보증 사모 전환사채,5000000000,3,5,2023-11-03,1414,100,2021-11-03,2023-10-03,989,,2020-11-03,2020-11-03,private
123840,"NUON CO., LTD.",(주)뉴온,20211104000133,CB,2021-11-02,무기명식 이권부 무보증 사모 전환사채,8000000000,4,4,2024-11-04,834,100,2022-11-04,2024-10-04,100,,2021-11-04,2021-11-04,private
123840,"NUON CO., LTD.",(주)뉴온,20250115000342,CB,2025-01-15,무기명식 이권부 무보증 사모 전환사채,5000000000,6,6,2028-01-16,1560,100,2026-01-16,2027-12-16,1092,,2025-01-15,2025-01-16,private
123840,"NUON CO., LTD.",(주)뉴온,20240126000455,CB,2024-01-26,무기명식 이권부 무보증 사모 전환사채,2000000000,4,4,2027-01-30,542,100,2025-01-30,2026-12-30,380,,2024-01-26,2024-01-30,private
123840,"NUON CO., LTD.",(주)뉴온,20250115000341,CB,2025-01-15,무기명식 이권부 무보증 사모 전환사채,2000000000,4,4,2028-01-16,1560,100,2026-01-16,2027-12-16,1092,,2025-01-15,2025-01-16,private
123840,"NUON CO., LTD.",(주)뉴온,20240418000420,CB,2024-03-05,무기명식 이권부 무보증 사모 전환사채,5000000000,4,4,2027-03-08,537,100,2025-03-08,2027-02-08,376,,2024-03-05,2024-03-08,private
123840,"NUON CO., LTD.",(주)뉴온,20240418000424,EB,2024-04-03,무기명식 무이권부 무보증 사모 교환사채,10000000000,0,0,2027-04-04,447,100,2024-05-04,2027-03-04,,"not applicable (EB is exchanged for already-issued shares, not newly issued)",2024-04-03,2024-04-04,private
452280,"HANSUN ENGINEERING CO., LTD.",한선엔지니어링(주),20250121000359,CB,2025-01-21,무기명식 무이권부 무보증 사모 전환사채,21000000000,0,0,2030-01-23,8287,100,2026-01-23,2029-12-23,7459,,2025-01-23,2025-01-23,private
258790,"SOFTCAMP Co., Ltd.",소프트캠프(주),20210708000240,CB,2021-07-08,무기명식 이권부 무보증 사모 전환사채,10000000000,0,0,2026-07-12,4543,100,2022-07-12,2026-06-12,3180,,2021-07-12,2021-07-12,private
388870,"Pharos iBio Co., Ltd.",주식회사 파로스아이바이오,20251203000360,CB,2025-12-03,무기명식 이권부 무보증 무담보 사모 전환사채,19000000000,0,3,2030-12-19,8935,100,2026-12-19,2030-11-19,8000,,2025-12-19,2025-12-19,private
042660,"Hanwha Ocean Co., Ltd.",한화오션(주),20230601000229,CB,2016-12-23,사모 무기명식 무보증 전환사채,1000000000000,1,1,2046-12-29,40350,100,2017-12-30,2046-11-29,,,2016-12-29,2016-12-29,private
042660,"Hanwha Ocean Co., Ltd.",한화오션(주),20230601000234,CB,2017-06-28,사모 무기명식 무보증 전환사채,1284775000000,1,1,2047-06-28,40350,100,2018-06-29,2047-05-28,,,2017-06-28,2017-06-28,private
042660,"Hanwha Ocean Co., Ltd.",한화오션(주),20230601000238,CB,2018-02-20,사모 무기명식 무보증 전환사채,48057256181,1,1,2048-03-14,40350,100,2019-03-15,2048-02-14,,,2018-03-14,2018-03-14,private
393970,DAEJIN ADVANCED MATERIALS Inc.,대진첨단소재(주),20250806000380,CB,2025-08-06,무기명식 이권부 무보증 사모 전환사채,6500000000,0,5.5,2028-08-14,9349,100,2026-08-14,2028-07-14,,,2025-08-14,2025-08-14,private
393970,DAEJIN ADVANCED MATERIALS Inc.,대진첨단소재(주),20250806000384,CB,2025-08-06,무기명식 이권부 무보증 사모 전환사채,9300000000,0,5.5,2028-08-14,9349,100,2026-08-14,2028-07-14,,,2025-08-14,2025-08-14,private
393970,DAEJIN ADVANCED MATERIALS Inc.,대진첨단소재(주),20260714000506,CB,,무기명식 이권부 무보증 사모 전환사채,,,,,,,,,,,,,private
003580,"HLB GLOBAL Co., Ltd.",에이치엘비글로벌(주),20180814002429,CB,2017-12-14,무기명식 무보증 사모 전환사채,20000000000,0,0,2021-08-16,3976,100,2019-08-16,2021-07-16,,,2017-12-18,2018-08-16,private
003580,"HLB GLOBAL Co., Ltd.",에이치엘비글로벌(주),20191011000349,CB,2019-10-08,무기명식 무보증 사모 전환사채,8500000000,1,1,2024-10-11,4650,100,2020-10-11,2024-09-11,,,2019-10-08,2019-10-11,private
003580,"HLB GLOBAL Co., Ltd.",에이치엘비글로벌(주),20191025000466,CB,2019-10-21,무기명식 무보증 사모 전환사채,10000000000,1,1,2024-10-25,5090,100,2020-10-25,2024-09-25,,,2019-10-21,2019-10-25,private
003580,"HLB GLOBAL Co., Ltd.",에이치엘비글로벌(주),20191115000238,CB,2018-07-02,무기명식 무보증 사모 전환사채,20000000000,0,3,2021-09-13,5168,100,2019-09-13,2021-08-13,,,2018-07-02,2018-09-13,private
003580,"HLB GLOBAL Co., Ltd.",에이치엘비글로벌(주),20191115000246,CB,2018-07-02,무기명식 무보증 사모 전환사채,22000000000,0,1,2023-08-10,5168,100,2020-02-10,2023-07-10,,,2018-07-02,2018-08-10,private
003580,"HLB GLOBAL Co., Ltd.",에이치엘비글로벌(주),20191115000250,CB,2018-07-02,무기명식 무보증 사모 전환사채,10000000000,0,3,2021-08-10,5168,100,2019-08-10,2021-07-10,,,2018-07-02,2018-08-10,private
003580,"HLB GLOBAL Co., Ltd.",에이치엘비글로벌(주),20191115000260,CB,2018-10-01,무기명식 무보증 사모 전환사채,3500000000,0,1,2021-10-05,12104,100,2019-10-05,2021-09-05,,,2018-10-01,2018-10-05,private
003580,"HLB GLOBAL Co., Ltd.",에이치엘비글로벌(주),20170512003144,CB,2016-11-17,무기명식 무보증 사모 전환사채,9400000000,4,4,2020-05-12,39410,100,2018-05-12,2020-04-12,,,2016-11-21,2017-05-12,private
003580,"HLB GLOBAL Co., Ltd.",에이치엘비글로벌(주),20220906000240,CB,2022-09-06,무기명식 이권부 무보증 사모 전환사채,8208000000,2,2,2025-09-06,8175,100,2023-09-06,2025-08-06,5723,,2022-09-06,2022-09-06,private
003580,"HLB GLOBAL Co., Ltd.",에이치엘비글로벌(주),20230406002160,CB,2023-04-06,무기명식 이권부 무보증 사모 전환사채,21400000000,2,2,2026-04-20,6207,100,2024-04-20,2026-03-20,4345,,2023-04-10,2023-04-20,private
003580,"HLB GLOBAL Co., Ltd.",에이치엘비글로벌(주),20231024000272,CB,2023-10-24,무기명식 이권부 무보증 사모 전환사채,11200000000,3,5,2026-10-31,3783,100,2024-10-31,2026-09-30,2649,,2023-10-26,2023-10-31,private
003580,"HLB GLOBAL Co., Ltd.",에이치엘비글로벌(주),20240709000372,CB,2024-06-25,무기명식 이권부 무보증 사모 전환사채,6000000000,2,2,2027-07-16,4515,100,2025-07-16,2027-06-16,3161,,2024-06-27,2024-07-16,private
003580,"HLB GLOBAL Co., Ltd.",에이치엘비글로벌(주),20250905000505,CB,2025-09-05,무기명식 무보증 사모 전환사채,3000000000,2,2,2028-09-15,2275,100,2026-09-15,2028-08-15,1593,,2025-09-09,2025-09-15,private
003580,"HLB GLOBAL Co., Ltd.",에이치엘비글로벌(주),20251203000193,CB,2025-12-03,제36회 무기명식 무보증 사모 전환사채,8500000000,2,4,2028-12-18,2386,100,2026-12-18,2028-11-18,1671,,2025-12-09,2025-12-18,private
003580,"HLB GLOBAL Co., Ltd.",에이치엘비글로벌(주),20260806000407,CB,2026-08-06,"무기명식 무보증 사모 영구 전환사채
(채권형 신종자본증권)",3000000000,0,0,2056-08-18,1433,100,2027-08-18,2056-08-17,,,2026-08-18,2026-08-18,private
003580,"HLB GLOBAL Co., Ltd.",에이치엘비글로벌(주),20210624000428,BW,2021-06-23,무기명식 이권부 무보증사모 비분리형 신주인수권부사채,24000000000,1,2,2024-07-15,13350,100,2022-07-15,2024-06-15,9350,,2021-06-25,2021-07-15,private
003580,"HLB GLOBAL Co., Ltd.",에이치엘비글로벌(주),20221202000539,BW,2022-12-01,무기명식 무보증 사모 비분리형 신주인수권부사채,14000000000,0,0,2028-01-18,6980,100,2024-01-18,2027-12-18,4886,,2022-12-05,2023-01-18,private
003580,"HLB GLOBAL Co., Ltd.",에이치엘비글로벌(주),20200602000145,BW,2020-06-01,무기명식 이권부 무보증사모 비분리형 신주인수권부사채,19000000000,1,2,2025-06-02,6510,100,2021-06-02,2025-05-02,,,2020-06-01,2020-06-02,private
003580,"HLB GLOBAL Co., Ltd.",에이치엘비글로벌(주),20200602000146,BW,2020-06-01,무기명식 이권부 보증사모 비분리형 신주인수권부사채,2000000000,1,2,2025-06-02,6510,100,2021-06-02,2025-05-02,,,2020-06-01,2020-06-02,private
278990,"EMB CO.,LTD.",(주)이엠비,20240110000587,CB,2024-01-10,무기명식 이권부 무보증 사모 전환사채,12000000000,2,5,2029-01-12,11939,100,2025-01-12,2028-12-12,10746,,2024-01-10,2024-01-12,private
278990,"EMB CO.,LTD.",(주)이엠비,20251117000128,CB,2025-11-13,무기명식 이권부 무보증 사모 전환사채,5000000000,2,5,2030-11-21,3400,100,2026-11-21,2030-10-21,2380,,2025-11-21,2025-11-21,private
289010,"i-Scream Edu Co., Ltd.",(주)아이스크림에듀,20230411002112,CB,2023-04-11,무기명식 이권부 무보증 사모 전환사채,16000000000,0,2,2028-04-13,5417,100,2024-04-13,2028-03-13,3792,,2023-04-13,2023-04-13,private
289010,"i-Scream Edu Co., Ltd.",(주)아이스크림에듀,20250408002869,CB,2025-04-08,무기명식 이권부 무보증 사모 전환사채,8500000000,1,4,2030-04-11,2510,100,2026-04-11,2030-03-11,1757,,2025-04-11,2025-04-11,private
060260,"NUVOTEC Co., Ltd",(주)뉴보텍,20210730000117,CB,2021-07-28,무기명식 이권부 무보증 사모 전환사채,5000000000,0,0,2026-07-30,1667,100,2022-07-30,2026-06-30,1167,,2021-07-30,2021-07-30,private
060260,"NUVOTEC Co., Ltd",(주)뉴보텍,20201126000280,CB,2020-11-25,무기명식 이권부 무보증 사모 전환사채,10000000000,0,0,2025-11-27,1595,100,2021-11-27,2025-10-27,1117,,2020-11-27,2020-11-27,private
118000,"METACARE Co., Ltd.",(주)메타케어,20150714000384,CB,2015-07-14,무기명식 무보증 사모 전환사채,2000000000,6,6,2018-07-16,3707,100,2016-07-16,2018-06-16,,,2015-07-16,2015-07-16,private
118000,"METACARE Co., Ltd.",(주)메타케어,20200925000406,CB,2020-08-28,무기명식 이권부 무보증 사모 전환사채,15000000000,1,1,2023-09-25,4779,100,2021-09-25,2023-08-25,500,,2020-09-01,2020-09-25,private
118000,"METACARE Co., Ltd.",(주)메타케어,20180919000324,CB,2018-07-04,무기명식 이권부 무보증 사모 전환사채,10000000000,5,5,2021-09-19,3390,100,2019-09-19,2021-08-19,,,2018-08-28,2018-09-19,private
118000,"METACARE Co., Ltd.",(주)메타케어,20180919000328,CB,2018-07-04,무기명식 이권부 무보증 사모 전환사채,10000000000,5,5,2021-09-19,3343,100,2019-09-19,2021-08-19,,,2018-07-09,2018-09-19,private
118000,"METACARE Co., Ltd.",(주)메타케어,20190513000750,CB,2019-01-31,무기명식 이권부 무보증 사모 전환사채,15000000000,1,1,2022-05-13,2537,100,2020-05-13,2022-04-13,,,2019-02-07,2019-05-13,private
118000,"METACARE Co., Ltd.",(주)메타케어,20160420000383,CB,2016-04-18,무기명식 무보증 사모 전환사채,8000000000,5,5,2019-04-22,3074,100,2017-04-22,2019-03-22,,,2016-04-20,2016-04-22,private
118000,"METACARE Co., Ltd.",(주)메타케어,20200911000026,CB,2020-06-16,무기명식 이권부 무보증 사모 전환사채,3000000000,1,1,2023-09-11,5477,100,2021-09-11,2023-08-11,500,,2020-09-11,2020-09-11,private
118000,"METACARE Co., Ltd.",(주)메타케어,20200925000402,CB,2020-08-28,무기명식 이권부 무보증 사모 전환사채,15000000000,1,1,2023-09-25,4779,100,2021-09-25,2023-08-25,500,,2020-09-01,2020-09-25,private
118000,"METACARE Co., Ltd.",(주)메타케어,20200925000404,CB,2020-08-28,무기명식 이권부 무보증 사모 전환사채,15000000000,1,1,2023-09-25,4779,100,2021-09-25,2023-08-25,500,,2020-09-01,2020-09-25,private
118000,"METACARE Co., Ltd.",(주)메타케어,20250925000539,CB,2025-09-17,무기명식 이권부 무보증 사모 전환사채,10000000000,4,4,2028-09-25,500,100,2026-09-25,2028-08-24,500,,2025-09-17,2025-09-25,private
099520,"DG-ITX Co., Ltd.",(주)디지아이티엑스,20190712000165,CB,2019-07-11,무기명식 이권부 무보증 사모 전환사채,2000000000,2,2,2022-07-15,1764,100,2020-07-15,2022-06-15,,,2019-07-15,2019-07-15,private
099520,"DG-ITX Co., Ltd.",(주)디지아이티엑스,20201218000602,CB,2020-03-18,무기명식 이권부 무보증 사모 전환사채,10000000000,2,4,2023-12-21,1300,100,2021-12-21,2023-11-21,,,2020-03-18,2020-12-21,private
099520,"DG-ITX Co., Ltd.",(주)디지아이티엑스,20210426000567,CB,,--,,,,,,,,,,,,,private
099520,"DG-ITX Co., Ltd.",(주)디지아이티엑스,20201020000267,CB,2020-03-18,무기명식 이권부 무보증 사모 전환사채,7500000000,2,4,2023-10-20,1300,100,2021-10-20,2023-09-20,,,2020-03-18,2020-10-20,private
353590,AUTO& Inc.,오토앤(주),20230804000116,CB,2023-08-04,무기명식 무이권부 무보증 사모 전환사채,15000000000,0,0,2028-08-08,9663,100,2024-08-08,2028-07-08,8697,,2023-08-08,2023-08-08,private
353590,AUTO& Inc.,오토앤(주),20251120000396,CB,2025-11-20,무기명식 무이권부 무보증 사모 전환사채,8500000000,0,0,2030-11-28,3503,100,2026-11-28,2030-10-28,2803,,2025-11-26,2025-11-28,private
101160,"WORLDEXINDUSTRY&TRADINGCO.,LTD",(주)월덱스,20150810000514,CB,2015-08-10,무기명식 무보증 사모 전환사채,5000000000,0,4.5,2018-08-11,2540,100,2016-08-11,2018-07-11,,,2015-08-11,2015-08-11,private
032820,"Woori Technology, Incorporation",(주)우리기술,20180809000417,CB,2018-08-08,국내 무기명식 이권부 무보증 사모 전환사채,14500000000,3,5,2022-08-10,1730,100,2019-08-10,2022-07-10,,,2018-08-10,2018-08-10,private
032820,"Woori Technology, Incorporation",(주)우리기술,20200612000109,CB,2020-06-12,무기명식 이권부 무보증 사모 전환사채,2100000000,2,4,2023-06-12,833,100,2021-06-12,2023-05-12,,,2020-06-12,2020-06-12,private
032820,"Woori Technology, Incorporation",(주)우리기술,20190527000525,CB,2019-05-27,국내 무기명식 이권부 무보증 사모 전환사채,11200000000,3,5,2024-05-29,1225,100,2020-05-29,2024-04-29,,,2019-05-29,2019-05-29,private
032820,"Woori Technology, Incorporation",(주)우리기술,20180416001051,CB,2018-04-16,무기명식이권부사모전환사채,8000000000,3,5,2021-05-17,782,100,2019-05-17,2021-05-17,,,2018-04-16,2018-05-17,private
032820,"Woori Technology, Incorporation",(주)우리기술,20160601000431,CB,2016-06-01,무기명식 이권부 사모 전환사채,1500000000,3,5,2019-06-02,794,100,2017-06-02,2019-06-02,,,2016-06-02,2016-06-02,private
032820,"Woori Technology, Incorporation",(주)우리기술,20211130001965,CB,2021-11-29,무기명식 무보증 이권부 사모 전환사채,10000000000,2,3,2025-01-28,1955,100,2023-01-28,2024-12-28,1370,,2021-11-29,2022-01-28,private
032820,"Woori Technology, Incorporation",(주)우리기술,20201022000335,CB,2020-10-22,무기명식 무보증 이권부 사모 전환사채,5000000000,2,5,2023-10-23,1340,100,2021-10-23,2023-09-23,500,,2020-10-22,2020-10-23,private
032820,"Woori Technology, Incorporation",(주)우리기술,20201111000355,CB,2020-11-11,무기명식 무보증 이권부 사모 전환사채,10000000000,3,5,2023-11-13,1285,100,2021-11-13,2023-10-13,500,,2020-11-11,2020-11-13,private
032820,"Woori Technology, Incorporation",(주)우리기술,20211104000126,CB,2021-11-04,무기명식 무보증 이권부 사모 전환사채,10000000000,1,3,2024-11-15,2225,100,2022-11-15,2024-10-15,1560,,2021-11-04,2021-11-15,private
032820,"Woori Technology, Incorporation",(주)우리기술,20231205000469,CB,2023-12-05,무기명식 이권부 무보증 사모 전환사채,10000000000,0,2,2028-12-07,1349,100,2024-12-07,2028-11-07,945,,2023-12-07,2023-12-07,private
032820,"Woori Technology, Incorporation",(주)우리기술,20241023000293,CB,2024-10-23,무기명식 무이권부 무보증 사모 전환사채,7000000000,0,3,2029-10-25,2394,100,2025-10-25,2029-09-25,1676,,2024-10-25,2024-10-25,private
032820,"Woori Technology, Incorporation",(주)우리기술,20240827000865,CB,2024-08-27,무기명식 이권부 무보증 사모 전환사채,10000000000,0,5,2029-08-29,2252,100,2026-02-28,2029-07-29,1577,,2024-08-29,2024-08-29,private
032820,"Woori Technology, Incorporation",(주)우리기술,20250428000705,CB,2025-04-28,무기명식 이권부 무보증 사모 전환사채,5000000000,0,3,2030-04-30,1971,100,2026-04-30,2030-03-30,1380,,2025-04-29,2025-04-30,private
032820,"Woori Technology, Incorporation",(주)우리기술,20250717000413,CB,2025-07-17,무기명식 이권부 무보증 사모 전환사채,10800000000,0,0,2030-07-21,3955,100,2026-07-21,2030-06-21,2769,,2025-07-21,2025-07-21,private
032820,"Woori Technology, Incorporation",(주)우리기술,20251120000565,CB,2025-11-20,무기명식 이권부 무보증 사모 전환사채,22000000000,0,2,2030-11-28,3767,100,2026-11-28,2030-10-28,2637,,2025-11-28,2025-11-28,private
032820,"Woori Technology, Incorporation",(주)우리기술,20260805000463,CB,2026-08-05,무기명식 무보증 사모 전환사채,40000000000,0,0,2031-08-13,10717,100,2027-08-13,2031-07-13,8574,,2026-08-13,2026-08-13,private
123330,"Genic Co.,Ltd",(주)제닉,20170110000239,CB,2017-01-10,무기명식 이권부 무보증 사모전환사채,5000000000,1,2,2020-01-10,14583,100,2018-01-10,2020-01-09,,,2017-01-10,2017-01-10,private
039240,"Kyeong Nam Steel Co., LTD",경남스틸(주),20170228001109,CB,2017-02-28,"기명식 이권부 무보증
 사모 전환사채",3300000000,0.5,1.8,2022-02-28,10583,100,2018-03-02,2022-02-28,,,2017-02-28,2017-02-28,private
005110,HANCHANG CORPORATION,(주)한창,20210224003156,CB,2021-02-24,국내 무기명식 이권부 무보증 사모 전환사채,10000000000,3,5,2024-02-26,1360,100,2022-02-26,2024-01-26,500,,2021-02-26,2021-02-26,private
005110,HANCHANG CORPORATION,(주)한창,20201223000598,CB,2020-12-23,무기명식 이권부 무보증 사모 전환사채,1500000000,3,5,2023-12-28,1443,100,2021-12-28,2023-11-28,1011,,2020-12-28,2020-12-28,private
005110,HANCHANG CORPORATION,(주)한창,20220630000482,CB,2021-08-17,무기명식 이권부 무보증 사모 전환사채,2000000000,5,6,2025-06-30,1082,100,2023-12-30,2025-05-31,758,,2022-06-30,2022-06-30,private
005110,HANCHANG CORPORATION,(주)한창,20221118000342,CB,2020-03-02,무기명식 이권부 무보증 사모 전환사채,6000000000,4,5,2023-03-04,2690,100,2021-03-04,2024-02-04,1613,,2020-03-04,2020-03-04,private
005110,HANCHANG CORPORATION,(주)한창,20221118000361,CB,2020-01-15,무기명식 이권부 무보증 사모 전환사채,14000000000,5,6,2024-01-22,2762,100,2021-01-22,2023-12-22,1933,,2020-01-15,2020-01-22,private
005110,HANCHANG CORPORATION,(주)한창,20260630000496,CB,2023-07-21,국내 무기명식 이권부 무보증 사모 전환사채,11000000000,0,3,2029-12-30,2500,100,2027-12-30,2029-11-30,1750,,2026-12-30,2026-12-30,private
005110,HANCHANG CORPORATION,(주)한창,20260630000435,CB,2023-03-29,무기명식 이권부 무보증 사모 전환사채,9000000000,3,5,2029-12-30,2500,100,2027-12-30,2029-11-30,1750,,2026-12-30,2026-12-30,private
005110,HANCHANG CORPORATION,(주)한창,20220623000069,BW,2022-05-25,국내 무기명식 이권부 무보증 신주인수권부사채,30000000000,2,4,2025-06-30,1010,100,2022-07-30,2025-05-30,710,,2022-06-27,2022-06-30,public
005110,HANCHANG CORPORATION,(주)한창,20201223000603,EB,2020-12-23,무기명식 이권부 무보증 사모 교환사채,3500000000,0,5,2023-12-28,54854,100,2021-01-28,2023-11-28,,"not applicable (EB is exchanged for already-issued shares, not newly issued)",2020-12-28,2020-12-28,private
036170,"HMNEX Co.,Ltd.",(주)에이치엠넥스,20180509002568,CB,2018-04-17,무기명식 이권부 무보증 사모 전환사채,29000000000,3,3,2021-05-10,3807,100,2019-05-10,2021-04-10,,,2018-04-17,2018-05-10,private
036170,"HMNEX Co.,Ltd.",(주)에이치엠넥스,20171101000473,CB,2017-09-22,무기명식 이권부 무보증 사모 전환사채,10000000000,2,2,2020-12-01,2336,100,2018-12-01,2020-11-01,,,2017-09-22,2017-12-01,private
036170,"HMNEX Co.,Ltd.",(주)에이치엠넥스,20171220000354,CB,2017-09-27,무기명식 이권부 무보증 사모 전환사채,10000000000,3,3,2020-11-01,2465,100,2018-11-01,2020-10-01,,,2017-09-27,2017-11-01,private
036170,"HMNEX Co.,Ltd.",(주)에이치엠넥스,20200401002465,CB,2020-01-15,무기명식 이권부 무보증 사모 전환사채,15500000000,5,5,2023-04-14,1251,100,2021-04-14,2023-03-14,,,2020-03-19,2020-04-14,private
067290,JW SHINYAK CORPORATION,제이더블유신약(주),20191121000312,CB,2019-11-21,무기명식 이권부 무보증 후순위 사모전환사채,25000000000,4.6,5.1,2049-11-22,5000,100,2020-11-22,2049-08-22,,,2019-11-22,2019-11-22,private
067290,JW SHINYAK CORPORATION,제이더블유신약(주),20160328000779,CB,2016-03-28,무기명식 이권부 무보증 사모 전환사채,19000000000,2,3,2021-03-30,7799,100,2017-03-30,2021-02-28,,,2016-03-30,2016-03-30,private
067290,JW SHINYAK CORPORATION,제이더블유신약(주),20160328000780,CB,2016-03-28,무기명식 이권부 무보증 사모 전환사채,6000000000,2,3,2021-03-30,7799,100,2017-03-30,2021-02-28,,,2016-03-30,2016-03-30,private
067290,JW SHINYAK CORPORATION,제이더블유신약(주),20241121000506,CB,2024-11-21,"무기명식 이권부 무보증 사모전환사채
(채권형 신종자본증권)",10000000000,5.5,6,2054-11-22,2000,100,2025-11-22,2053-08-22,,,2024-11-22,2024-11-22,private
067290,JW SHINYAK CORPORATION,제이더블유신약(주),20260521000483,CB,2026-05-21,"무기명식 이권부 무보증 사모전환사채
(채권형 신종자본증권)",15000000000,4.7,5.2,2056-05-22,3000,100,2027-05-23,2056-04-22,,,2026-05-22,2026-05-22,private
069920,Exion Group Company Limited,(주)엑시온그룹,20180620000266,CB,2018-06-20,무기명식 이권부 무보증 사모 전환사채,12000000000,0,2,2021-06-22,4859,100,2019-06-22,2021-05-22,,,2018-06-22,2018-06-22,private
069920,Exion Group Company Limited,(주)엑시온그룹,20250410002880,CB,,,,,,,,,,,,,,,private
069920,Exion Group Company Limited,(주)엑시온그룹,20250410002914,CB,,,,,,,,,,,,,,,private
069920,Exion Group Company Limited,(주)엑시온그룹,20241204000343,CB,2024-11-26,무기명식 무보증 사모 전환사채,3000000000,10,18,2027-12-06,1125,100,2025-12-06,2027-11-06,788,,2024-11-26,2024-12-06,private
069920,Exion Group Company Limited,(주)엑시온그룹,20240718000450,CB,2024-07-18,무기명식 이권부 무보증 사모 전환사채,3999000000,0,2,2027-07-18,2810,100,2025-07-18,2027-06-18,1967,,2024-07-18,2024-07-18,private
069920,Exion Group Company Limited,(주)엑시온그룹,20240619000377,CB,2024-06-18,무기명식 무보증 사모 전환사채,11154000000,3,5,2027-06-18,2670,100,2025-06-18,2027-05-18,1869,,2024-06-18,2024-06-18,private
069920,Exion Group Company Limited,(주)엑시온그룹,20241104000362,CB,2024-11-04,무기명식 이권부 무보증 사모 영구 전환사채,5500000000,3,3,2054-11-04,1386,100,2025-11-04,2054-10-04,,,2024-11-04,2024-11-04,private
069920,Exion Group Company Limited,(주)엑시온그룹,20250609000166,CB,2025-06-09,무기명식 무보증 사모 영구 전환사채권,6500000000,0,4,2055-06-09,2159,100,2026-06-09,2055-05-09,,,,2025-06-09,private
069920,Exion Group Company Limited,(주)엑시온그룹,20251105000312,CB,2025-11-05,무기명식 무보증 사모 전환사채,10001000000,0,4,2028-11-13,1231,100,2026-11-13,2028-10-13,862,,2025-11-05,2025-11-13,private
069920,Exion Group Company Limited,(주)엑시온그룹,20260225006014,CB,2026-02-25,무기명식 무보증 사모 전환사채,8000000000,0,4,2029-03-06,727,100,2027-03-06,2029-02-06,509,,2026-02-25,2026-03-06,private
069920,Exion Group Company Limited,(주)엑시온그룹,20210329001154,EB,2021-03-29,무기명식 무보증 사모 교환사채,2400000000,0,0,2026-03-31,4398,100,2021-04-30,2026-02-28,,"not applicable (EB is exchanged for already-issued shares, not newly issued)",2021-03-31,2021-03-31,private
104620,"Yellow Balloon Tour Co., Ltd.",(주)노랑풍선,20210310000614,CB,2021-03-10,무기명식 이권부 무보증 사모 전환사채,10000000000,0,0,2026-03-12,24616,100,2022-03-12,2026-02-12,17232,,2021-03-12,2021-03-12,private
104620,"Yellow Balloon Tour Co., Ltd.",(주)노랑풍선,20240719000397,CB,2024-07-19,"무기
명식 이권부 무보증 사모 전환사채",15000000000,0,5.5,2029-07-30,6670,100,2025-07-30,2029-06-30,4669,,2024-07-19,2024-07-30,private
104620,"Yellow Balloon Tour Co., Ltd.",(주)노랑풍선,20210310000639,BW,2021-03-10,무기명식 이권부 무보증 사모 비분리형 신주인수권부사채,10000000000,0,0,2026-03-12,24616,100,2022-03-12,2026-02-12,17232,,2021-03-12,2021-03-12,private
149980,"Hironic Co.,Ltd",(주)하이로닉,20211215000502,CB,2021-12-15,무기명식 이권부 무보증 사모 전환사채,3000000000,0,5,2024-12-17,7288,100,2023-12-17,2024-11-17,5102,,2021-12-17,2021-12-17,private
250930,"YeSUN Tech Co., Ltd.",(주)예선테크,20240326000886,CB,2024-03-26,"무
기명식 이권부 무보증 사모 전환사채",2500000000,0,3,2029-03-28,731,100,2025-03-28,2029-02-28,512,,2024-03-28,2024-03-28,private
082740,"Hanwha Engine Co., Ltd.",한화엔진(주),20180621000310,CB,2018-06-21,무기명식 이권부 담보부 사모전환사채,45000000000,5,8,2023-06-22,4667,100,2019-06-22,2023-05-22,,,2018-06-22,2018-06-22,private
084850,"ITM Semiconductor Co., Ltd",(주)아이티엠반도체,20230328000343,CB,2023-03-28,무기명식 무이권부 무보증 사모 전환사채,20000000000,0,0,2028-03-30,26133,100,2024-03-30,2028-02-29,,,2023-03-30,2023-03-30,private
084850,"ITM Semiconductor Co., Ltd",(주)아이티엠반도체,20260722000510,CB,2026-07-22,무기명식 무보증 사모 전환사채,20000000000,0,0,2031-07-30,8344,100,2027-07-30,2031-06-30,7510,,2026-07-30,2026-07-30,private
084850,"ITM Semiconductor Co., Ltd",(주)아이티엠반도체,20230718000172,EB,2023-07-18,무기명식 이권부 무보증 사모 신종교환사채,21500000000,0,2.5,2053-07-20,23100,100,2023-07-21,2053-06-20,,"not applicable (EB is exchanged for already-issued shares, not newly issued)",,2023-07-20,private
211270,Asia Pacific Satellite lnc.,에이피위성(주),20260626000709,CB,2026-06-26,무기명식 무이권부 무보증 사모 전환사채,40000000000,0,0,2031-07-06,13262,100,2027-07-06,2031-06-06,,,,2026-07-06,private
310210,"Voronoi, Inc.",보로노이(주),20250627000897,CB,2025-06-27,무기명식 이권부 무보증 사모 전환사채,50000000000,0,2,2030-07-04,108381,100,2026-07-04,2030-06-04,75867,,2025-07-04,2025-07-04,private
310210,"Voronoi, Inc.",보로노이(주),20251002000532,EB,2025-10-02,무기명식 무이권부 무보증 사모 교환사채,35985200000,0,0,2030-10-10,179926,100,2025-12-10,2030-09-10,,"not applicable (EB is exchanged for already-issued shares, not newly issued)",2025-10-10,2025-10-10,private
060370,"LS Marine Solution Co., Ltd.",엘에스마린솔루션 주식회사,20251211000246,EB,2025-11-28,무기명식 이권부 무보증 사모 교환사채,37415325000,1,1,2029-06-17,27800,100,2026-06-27,2029-05-17,,"not applicable (EB is exchanged for already-issued shares, not newly issued)",2025-12-17,2025-12-17,private
006360,GS Engineering & Construction Corp,지에스건설(주),20160708000436,CB,2016-07-07,무보증 무담보 기명식 해외전환사채,173634000000,4.5,4.5,2021-07-21,34125,100,2017-07-21,2021-07-14,,,2016-07-07,2016-07-21,private
006360,GS Engineering & Construction Corp,지에스건설(주),20160408002059,CB,2016-04-08,무기명식 이권부 무보증 사모 전환사채,250000000000,2.9,2.9,2021-04-12,29471,100,2017-04-12,2021-03-12,,,2016-04-12,2016-04-12,private
006360,GS Engineering & Construction Corp,지에스건설(주),20150410001877,EB,2015-04-10,무기명식 이권부 무보증 후순위 사모 교환사채,56995527600,2.9,2.9,2045-04-14,39600,100,2015-05-14,2045-03-14,,"not applicable (EB is exchanged for already-issued shares, not newly issued)",2015-04-14,2015-04-14,private
078150,"HB Technology CO.,LTD.",(주)에이치비테크놀러지,20210709000505,CB,2021-07-09,무기명식 무보증 사모 전환사채,40000000000,0,0,2026-08-13,2914,100,2022-08-13,2026-07-13,2040,,2021-07-13,2021-08-13,private
033530,"SJG SEJONG CO.,LTD",에스제이지세종(주),20151020000171,CB,2015-10-20,무기명식 무보증 사모 전환사채,10000000000,0,0,2020-10-21,11450,100,2016-10-21,2020-10-14,,,2015-10-21,2015-10-21,private
033530,"SJG SEJONG CO.,LTD",에스제이지세종(주),20190416000349,CB,2019-04-16,무기명식 이권부 무보증 사모 전환사채,32000000000,0,0,2024-04-24,7660,100,2020-04-24,2024-03-24,,,2019-04-16,2019-04-24,private
033530,"SJG SEJONG CO.,LTD",에스제이지세종(주),20171116000031,CB,2017-11-15,무기명식 이권부 무보증 사모 전환사채,20000000000,0,0,2022-11-16,7990,100,2018-11-16,2022-10-16,,,2017-11-16,2017-11-16,private
010690,"HWASHIN CO.,LTD",(주)화신,20211013000408,EB,2021-10-13,무기명식 무보증 사모 교환사채,23212819200,0,0,2026-10-15,11632,100,2021-10-25,2026-10-08,,"not applicable (EB is exchanged for already-issued shares, not newly issued)",2021-10-15,2021-10-15,private
059270,"Haisung Aero-Robotics Co., Ltd.",해성에어로보틱스(주),20240416000355,CB,,,,,,,,,,,,,,,private
059270,"Haisung Aero-Robotics Co., Ltd.",해성에어로보틱스(주),20260522000366,CB,2026-05-19,무기명식 이권부 무보증 사모 전환사채,20000000000,2,4,2029-05-27,10352,100,2027-05-27,2029-04-27,7247,,2026-05-19,2026-05-27,private
086670,"BMTCo.,Ltd.",(주)비엠티,20210514001692,CB,2021-05-12,무기명식 이권부 사모 전환사채,20000000000,0,0,2026-05-28,14050,100,2022-05-28,2026-02-28,11240,,2021-05-14,2021-05-28,private
332570,"Pentastone Electronics, Inc.",(주)피에스일렉트로닉스,20211223000429,CB,,,,,,,,,,,,,,,private
332570,"Pentastone Electronics, Inc.",(주)피에스일렉트로닉스,20221028000537,CB,2022-10-19,무기명식 이권부 무보증 사모 전환사채,28000000000,0,0,2027-10-21,3390,100,2023-10-21,2027-09-21,2882,,2022-10-21,2022-10-21,private
332570,"Pentastone Electronics, Inc.",(주)피에스일렉트로닉스,20211223000434,BW,,,,,,,,,,,,,,,private
332570,"Pentastone Electronics, Inc.",(주)피에스일렉트로닉스,20260423000454,EB,2026-04-23,무기명식 무보증 사모 교환사채,11871890800,0,0,2031-05-04,140164,100,2026-05-11,2031-04-04,,"not applicable (EB is exchanged for already-issued shares, not newly issued)",2026-04-27,2026-05-04,private
332570,"Pentastone Electronics, Inc.",(주)피에스일렉트로닉스,20220222001845,EB,2022-02-22,무기명식 무보증 사모 교환사채,6000000000,0,0,2025-02-24,60000,100,2022-03-03,2025-01-24,,"not applicable (EB is exchanged for already-issued shares, not newly issued)",2022-02-24,2022-02-24,private
332570,"Pentastone Electronics, Inc.",(주)피에스일렉트로닉스,20241203000251,EB,2024-12-03,무기명식 무보증 사모 교환사채,20000000000,0,0,2029-12-05,33412,100,2024-12-12,2029-11-05,,"not applicable (EB is exchanged for already-issued shares, not newly issued)",2024-12-05,2024-12-05,private
332570,"Pentastone Electronics, Inc.",(주)피에스일렉트로닉스,20260423000475,EB,2026-04-23,무기명식 무보증 사모 교환사채,3849510000,0,0,2031-05-04,111580,100,2026-05-11,2031-04-04,,"not applicable (EB is exchanged for already-issued shares, not newly issued)",2026-04-27,2026-05-04,private
332570,"Pentastone Electronics, Inc.",(주)피에스일렉트로닉스,20260423000517,EB,2026-04-23,무기명식 무보증 사모 교환사채,1956744000,0,0,2031-05-04,81531,100,2026-05-11,2031-04-04,,"not applicable (EB is exchanged for already-issued shares, not newly issued)",2026-04-27,2026-05-04,private
332570,"Pentastone Electronics, Inc.",(주)피에스일렉트로닉스,20260423000467,EB,2026-04-23,무기명식 무보증 사모 교환사채,1952755200,0,0,2031-05-04,47168,100,2026-05-11,2031-04-04,,"not applicable (EB is exchanged for already-issued shares, not newly issued)",2026-04-27,2026-05-04,private
332570,"Pentastone Electronics, Inc.",(주)피에스일렉트로닉스,20260423000500,EB,2026-04-23,무기명식 무보증 사모 교환사채,1256628300,0,0,2031-05-04,9047,100,2026-05-11,2031-04-04,,"not applicable (EB is exchanged for already-issued shares, not newly issued)",2026-04-27,2026-05-04,private
332570,"Pentastone Electronics, Inc.",(주)피에스일렉트로닉스,20260423000509,EB,2026-04-23,무기명식 무보증 사모 교환사채,1134930000,0,0,2031-05-04,37831,100,2026-05-11,2031-04-04,,"not applicable (EB is exchanged for already-issued shares, not newly issued)",2026-04-27,2026-05-04,private
332570,"Pentastone Electronics, Inc.",(주)피에스일렉트로닉스,20220126000470,EB,2022-01-26,무기명식 무보증 사모 교환사채,10000000000,0,0,2025-01-28,59500,100,2022-02-04,2024-12-28,,"not applicable (EB is exchanged for already-issued shares, not newly issued)",2022-01-28,2022-01-28,private
004540,"KleanNara Co., Ltd.",깨끗한나라(주),20250721000243,CB,2025-07-21,무기명식 이권부 무보증 사모 전환사채,12000000000,2,4,2030-07-29,2220,100,2026-07-29,2030-06-29,1554,,2025-07-28,2025-07-29,private
440110,FADU INC.,(주)파두,20260630000628,CB,2025-05-21,무기명식 무보증 사모 전환사채,11990000000,0,0,2035-05-23,10735,100,2027-05-23,2035-04-23,,,2025-05-23,2025-05-23,private
049080,"GIGALANE Co., Ltd.",(주)기가레인,20151113000775,CB,2015-11-13,무기명식 이권부 무보증 사모 전환사채,11000000000,0,1,2020-11-16,5431,100,2016-11-16,2020-10-16,,,2015-11-16,2015-11-16,private
049080,"GIGALANE Co., Ltd.",(주)기가레인,20200313000340,CB,2020-03-13,기가레인 무기명식 사모 전환사채,9000000000,1,4,2023-03-20,1126,100,2021-03-20,2023-02-20,,,2020-03-13,2020-03-20,private
049080,"GIGALANE Co., Ltd.",(주)기가레인,20180525000319,CB,2018-03-15,무기명식 사모 전환사채,10000000000,1,3,2022-03-30,3030,100,2019-03-30,2022-02-28,,,2018-03-15,2018-03-30,private
049080,"GIGALANE Co., Ltd.",(주)기가레인,20181018000146,CB,2018-10-18,무기명식 사모 전환사채,13000000000,1,3,2023-10-30,2552,100,2019-10-30,2023-09-30,,,2018-10-18,2018-10-30,private
049080,"GIGALANE Co., Ltd.",(주)기가레인,20160906000390,CB,2016-09-06,무기명식 이권부 무보증 사모 전환사채,11500000000,0,1,2019-09-07,6617,100,2017-09-07,2019-08-07,,,2016-09-07,2016-09-07,private
049080,"GIGALANE Co., Ltd.",(주)기가레인,20170623000393,CB,2017-06-09,무기명식 이권부 무보증 사모 전환사채,5000000000,0,1,2020-06-27,6809,100,2018-06-27,2020-05-27,,,2017-06-23,2017-06-27,private
049080,"GIGALANE Co., Ltd.",(주)기가레인,20200730000366,CB,2020-07-30,기가레인 무기명식 사모 전환사채,7000000000,1,4,2023-08-07,1117,100,2021-08-07,2023-07-07,782,,2020-07-30,2020-08-07,private
091810,"Trinity Airways Co., Ltd.",(주)트리니티항공,20200831000571,CB,2020-05-21,무기명식 이권부 무보증 사모 전환사채,10000000000,1,4.5,2025-05-29,3735,100,2021-05-29,2025-05-28,2615,,2020-05-29,2020-05-29,private
091810,"Trinity Airways Co., Ltd.",(주)트리니티항공,20250808000003,CB,2025-08-07,국내 후순위 무기명식 무보증 사모영구전환사채(채권형 신종자본증권),40000000000,5.5,5.5,2055-08-21,1954,100,2026-08-22,2055-07-21,,,2025-08-07,2025-08-21,private
091810,"Trinity Airways Co., Ltd.",(주)트리니티항공,20250808000037,BW,2025-08-07,국내 후순위 무기명식 무보증 비분리형 사모영구신주인수권부사채(채권형 신종자본증권),50000000000,5.5,5.5,2055-08-21,1954,100,2026-08-22,2055-07-21,,,2025-08-07,2025-08-21,private
387570,"Finemedix Co., Ltd.",주식회사 파인메딕스,20251222000523,EB,2025-12-22,무기명식 이권부 무보증 사모 교환사채,1177209836,0,0,2030-12-30,9532,100,2026-01-06,2030-11-30,,"not applicable (EB is exchanged for already-issued shares, not newly issued)",2025-12-24,2025-12-30,private
270870,"Newtree Co., Ltd.",(주)뉴트리,20210819000229,CB,2021-08-19,무기명식 무보증 사모 전환사채,10000000000,0,0,2026-02-23,31457,100,2022-08-23,2026-01-23,22020,,2021-08-23,2021-08-23,private
270870,"Newtree Co., Ltd.",(주)뉴트리,20210819000233,BW,2021-08-19,무기명식 무보증 비분리형 사모 신주인수권부사채,10000000000,0,0,2026-02-23,31457,100,2022-08-23,2026-01-23,22020,,2021-08-23,2021-08-23,private
063170,SeoulAuctionCo.Ltd..,(주)서울옥션,20230626000239,EB,2023-06-26,무기명식 무보증 사모교환사채,12500000000,0,3,2028-07-05,16640,100,2024-07-05,2028-06-05,,"not applicable (EB is exchanged for already-issued shares, not newly issued)",2023-07-04,2023-07-05,private
068940,"Cellfie Global Co.,Ltd.",(주)셀피글로벌,20191108000325,CB,2019-11-08,무기명식 무보증 사모 전환사채,8000000000,0,3,2022-11-12,1848,100,2020-11-12,2022-10-12,,,2019-11-12,2019-11-12,private
068940,"Cellfie Global Co.,Ltd.",(주)셀피글로벌,20230314001096,CB,,,,,,,,,,,,,,,private
068940,"Cellfie Global Co.,Ltd.",(주)셀피글로벌,20260731000765,CB,2026-04-30,무기명식 이권부 무보증 사모 전환사채,1000000000,6,8,2029-10-30,522,100,2027-10-30,2029-09-30,366,,2026-04-30,2026-10-30,private
068940,"Cellfie Global Co.,Ltd.",(주)셀피글로벌,20210504000615,BW,2021-05-04,무기명식 무보증 비분리형 사모 신주인수권부사채,8500000000,0,1,2024-05-07,3784,100,2022-05-07,2024-04-07,2649,,2021-05-04,2021-05-07,private
357580,"Amosense Co., Ltd.",주식회사 아모센스,20220427000459,CB,2022-04-27,무기명식 이권부 무보증 사모 전환사채,20000000000,0,0,2027-04-29,19813,100,2023-04-29,2027-03-29,,,2022-04-29,2022-04-29,private
357580,"Amosense Co., Ltd.",주식회사 아모센스,20250716000250,CB,2025-07-16,무기명식 이권부 무보증 사모 전환사채,10000000000,0,0,2030-07-18,7537,100,2026-07-18,2030-06-18,5276,,2025-07-18,2025-07-18,private
357580,"Amosense Co., Ltd.",주식회사 아모센스,20240424000380,CB,2024-04-24,무기명식 이권부 무보증 사모 전환사채,10000000000,0,0,2029-04-26,11517,100,2025-04-26,2029-03-26,8062,,2024-04-26,2024-04-26,private
357580,"Amosense Co., Ltd.",주식회사 아모센스,20240612000284,CB,2024-06-12,무기명식 이권부 무보증 사모 전환사채,10000000000,0,0,2029-06-14,13057,100,2025-06-14,2029-05-14,9140,,2024-06-14,2024-06-14,private
241790,"TEMC CNS Co., Ltd.",티이엠씨씨엔에스(주),20170331001972,CB,2017-03-31,무기명식 이권부 무보증 사모전환사채,7000000000,0,1.5,2020-04-03,10250,100,2018-04-03,2020-03-03,,,2017-03-31,2017-04-03,private
241790,"TEMC CNS Co., Ltd.",티이엠씨씨엔에스(주),20170331002019,CB,2017-03-31,무기명식 이권부 무보증 사모전환사채,500000000,0,1.5,2020-04-03,10250,100,2018-04-03,2020-03-03,,,2017-03-31,2017-04-03,private
257370,"People & Technology Ms, Inc.",(주)피엔티 엠에스,20200818000190,CB,2020-08-18,무기명식 이권부 무보증 사모 전환사채,2600000000,0,2,2023-08-19,16344,100,2021-08-19,2023-08-04,11441,,2020-08-05,2020-08-19,private
257370,"People & Technology Ms, Inc.",(주)피엔티 엠에스,20260424000810,CB,2026-04-24,무기명식 이권부 무보증 사모 전환사채,5000000000,2,5,2029-05-06,3242,100,2027-05-06,2029-04-06,,,2026-05-06,2026-05-06,private
257370,"People & Technology Ms, Inc.",(주)피엔티 엠에스,20260326001094,CB,2026-03-26,무기명식 이권부 무보증 사모 전환사채,5000000000,2,5,2029-04-03,3191,100,2027-04-03,2029-03-03,2234,,2026-04-03,2026-04-03,private
257370,"People & Technology Ms, Inc.",(주)피엔티 엠에스,20200818000197,BW,2020-08-18,무기명식 이권부 무보증 사모 비분리형 신주인수권부사채,2600000000,0,2,2023-08-19,16344,100,2021-08-19,2023-08-04,11441,,2020-08-05,2020-08-19,private
187660,Penetrium Bioscience Inc.,페니트리움바이오사이언스(주),20240626000464,CB,2024-06-26,무기명식 이권부 무보증 사모 전환사채,12000000000,2,6,2027-06-27,2921,100,2025-06-27,2027-05-27,2045,,2024-06-26,2024-06-27,private
285130,"SK Chemicals Co., Ltd.",에스케이케미칼(주),20250919000150,EB,2025-09-19,무기명식 무보증 사모 교환사채,220000000000,0,0,2030-10-20,57555,100,2025-11-20,2030-09-20,,"not applicable (EB is exchanged for already-issued shares, not newly issued)",2025-10-20,2025-10-20,private
400760,"NH All-One REIT Co., Ltd.",㈜엔에이치올원위탁관리부동산투자회사,20230810000961,CB,2023-08-10,무기명식 이권부 무보증 사모 전환사채,10000000000,4,5,2026-08-17,3189,100,2024-08-17,2026-07-17,,,2023-08-14,2023-08-17,private
347890,MX On CORPORATION,(주)엠엑스온,20251127000435,EB,2025-11-25,무기명식 무보증 사모 교환사채,5293335780,0,0,2030-12-03,7220,100,2025-12-10,2030-11-03,,"not applicable (EB is exchanged for already-issued shares, not newly issued)",2025-12-03,2025-12-03,private
034810,"Haesung Industrial Co., Ltd.",해성산업(주),20230811001715,EB,2023-08-11,무기명식 무보증 사모 교환사채,38491536272,0,2,2028-08-16,1318,100,2023-08-31,2028-07-16,,"not applicable (EB is exchanged for already-issued shares, not newly issued)",2023-08-16,2023-08-16,private
034810,"Haesung Industrial Co., Ltd.",해성산업(주),20251124000171,EB,2025-11-21,무기명식 무보증 사모 교환사채,17203370000,0,0,2030-12-01,8839,100,2026-01-01,2030-11-01,,"not applicable (EB is exchanged for already-issued shares, not newly issued)",2025-12-01,2025-12-01,private
381620,"ZENIX ROBOTICS CO.,LTD",제닉스로보틱스(주),20251211000152,CB,2025-11-28,무기명식 이권부 무보증 무담보 사모 전환사채,14000000000,0,2,2028-12-10,15893,100,2026-12-10,2028-11-10,12714,,2025-12-02,2025-12-10,private
039610,"HS VALVE CO., LTD",화성밸브(주),20150708000423,EB,2015-07-08,무기명식 무보증 사모 교환사채,5000000000,0.5,3,2017-07-09,8105,100,2015-08-09,2017-07-03,,"not applicable (EB is exchanged for already-issued shares, not newly issued)",2015-07-09,2015-07-09,private
278650,"HLB bioStep Co.,Ltd.",에이치엘비바이오스텝(주),20220113000289,CB,2021-12-27,무기명식 이권부 무보증 사모 전환사채,54600000000,0,1,2025-01-13,34144,100,2023-07-13,2025-01-06,23901,,2021-12-29,2022-01-13,private
278650,"HLB bioStep Co.,Ltd.",에이치엘비바이오스텝(주),20220113000297,CB,2021-12-27,무기명식 이권부 무보증 사모 전환사채,26500000000,0,1,2025-01-13,34144,100,2023-01-13,2025-01-06,23901,,2021-12-29,2022-01-13,private
278650,"HLB bioStep Co.,Ltd.",에이치엘비바이오스텝(주),20241029000222,CB,2024-04-25,무기명식 무보증 사모 영구전환사채,1438165744,0,0,2054-05-09,4016,100,2025-05-09,2054-04-09,,,2024-04-29,2024-05-09,private
278650,"HLB bioStep Co.,Ltd.",에이치엘비바이오스텝(주),20250212000769,CB,2025-02-12,무기명식 무보증 사모 전환사채,20000000000,0,2,2028-02-20,2282,100,2026-02-20,2028-01-20,1598,,2025-02-14,2025-02-20,private
278650,"HLB bioStep Co.,Ltd.",에이치엘비바이오스텝(주),20250923000288,EB,2025-09-23,제5회 무기명식 무이권부 무보증 사모 교환사채,1945479031,0,0,2028-10-01,1493,100,2025-11-01,2028-09-01,,"not applicable (EB is exchanged for already-issued shares, not newly issued)",2025-10-01,2025-10-01,private
083420,"GREEN CHEMICAL CO.,LTD.",그린케미칼(주),20250912000308,EB,2025-09-12,무기명식 이권부 무보증 사모 교환사채,5940474968,0,0,2030-09-22,8818,100,2025-10-22,2030-08-22,,"not applicable (EB is exchanged for already-issued shares, not newly issued)",2025-09-22,2025-09-22,private
290720,"FOODNAMOO, INC.",(주)푸드나무,20231108000461,CB,2023-11-08,무기명식 이권부 무보증 사모 전환사채,8000000000,0,0,2028-11-10,8532,100,2024-11-10,2028-10-10,7253,,2023-11-10,2023-11-10,private
290720,"FOODNAMOO, INC.",(주)푸드나무,20250422000404,CB,2025-04-22,무기명식 이권부 무보증 사모 전환사채,6990000000,0,3,2030-04-24,2208,100,2026-04-24,2030-03-24,1546,,2025-04-22,2025-04-24,private
290720,"FOODNAMOO, INC.",(주)푸드나무,20240701000581,EB,2022-02-22,무기명식 이권부 무보증 사모 교환사채,6500000000,0,0,2027-02-25,170000,100,2022-02-28,2027-02-19,,"not applicable (EB is exchanged for already-issued shares, not newly issued)",2022-02-25,2022-02-25,private
019490,EXICURE HITRON INC.,(주)엑시큐어하이트론,20181105000338,CB,2018-11-05,기명식 사모전환사채,1900000000,3.913,3.913,2019-12-06,30000,100,2019-11-06,2019-12-05,,,2018-11-06,2018-11-06,private
019490,EXICURE HITRON INC.,(주)엑시큐어하이트론,20190701000243,CB,2019-06-25,기명식 사모전환사채,1450000000,3.913,3.913,2022-06-26,30000,100,2020-06-26,2022-06-25,,,2019-06-26,2019-06-26,private
019490,EXICURE HITRON INC.,(주)엑시큐어하이트론,20180625000377,CB,2018-06-25,기명식 사모전환사채,1000000000,4.275,4.275,2019-07-27,30000,100,2019-06-27,2019-07-26,,,2018-06-27,2018-06-27,private
019490,EXICURE HITRON INC.,(주)엑시큐어하이트론,20190412002296,CB,2019-04-12,무기명식 이권부 무보증 사모 전환사채,5000000000,0,2,2024-04-19,3695,100,2020-04-19,2024-03-19,,,2019-04-16,2019-04-19,private
019490,EXICURE HITRON INC.,(주)엑시큐어하이트론,20210209000950,CB,2021-02-05,무기명식 이권부 무보증 사모 전환사채,15000000000,0,1,2024-02-18,6977,100,2022-02-18,2024-01-18,4883,,2021-02-09,2021-02-18,private
019490,EXICURE HITRON INC.,(주)엑시큐어하이트론,20210616000001,CB,2021-06-14,"무기명식 이권부 무보증 
사모 전환사채",999000000,0,0,2023-06-15,11900,100,2022-06-15,2023-05-15,8330,,2021-06-14,2021-06-15,private
019490,EXICURE HITRON INC.,(주)엑시큐어하이트론,20241105000275,CB,,,,,,,,,,,,,,,private
019490,EXICURE HITRON INC.,(주)엑시큐어하이트론,20241105000276,CB,,,,,,,,,,,,,,,private
019490,EXICURE HITRON INC.,(주)엑시큐어하이트론,20230830001554,CB,2021-05-20,무기명식 이권부 무보증 사모 전환사채,18000000000,3,7,2026-08-31,500,100,2024-08-31,2026-07-31,,,2023-08-30,2023-08-31,private
019490,EXICURE HITRON INC.,(주)엑시큐어하이트론,20241203000383,CB,2024-09-06,무기명식 이권부 무보증 전환사채,10000000000,2.9,2.9,2027-10-15,901,100,2025-10-15,2027-09-15,,,2024-09-06,2024-10-15,private
019490,EXICURE HITRON INC.,(주)엑시큐어하이트론,20241203000399,CB,2024-09-06,무기명식 이권부 무보증 전환사채,10000000000,2.9,2.9,2027-09-19,901,100,2025-09-19,2027-08-19,,,2024-09-06,2024-09-19,private
019490,EXICURE HITRON INC.,(주)엑시큐어하이트론,20250910000482,CB,2025-09-10,무기명식 이권부 무보증 사모 전환사채,3000000000,3,7,2028-09-18,692,100,2026-09-18,2028-08-18,500,,2025-09-18,2025-09-18,private
019490,EXICURE HITRON INC.,(주)엑시큐어하이트론,20260630000509,CB,2024-09-06,무기명식 이권부 무보증 전환사채,10000000000,2.9,2.9,2029-12-30,684,100,2027-12-30,2029-11-30,500,,2025-04-15,2026-12-30,private
019490,EXICURE HITRON INC.,(주)엑시큐어하이트론,20191023000330,EB,2019-10-23,무기명식 이권부 무보증 사모 교환사채,700000000,0,0,2024-10-25,3557,100,2019-10-30,2024-09-25,,"not applicable (EB is exchanged for already-issued shares, not newly issued)",2019-10-25,2019-10-25,private
019490,EXICURE HITRON INC.,(주)엑시큐어하이트론,20190412002309,EB,2019-04-12,무기명식 이권부 무보증 사모 교환사채,1000000000,0,0,2024-04-19,3695,100,2019-04-24,2024-03-19,,"not applicable (EB is exchanged for already-issued shares, not newly issued)",2019-04-16,2019-04-19,private
198940,"HANJOO LIGHT METAL CO., LTD.",한주라이트메탈(주),20230629000683,CB,2023-06-29,무기명식 이권부 무보증 사모 전환사채,20000000000,0,1,2028-06-30,5527,100,2024-06-30,2028-05-30,3869,,2023-06-30,2023-06-30,private
198940,"HANJOO LIGHT METAL CO., LTD.",한주라이트메탈(주),20250620000468,CB,2025-06-20,무기명식 이권부 무보증 사모 전환사채,4175000000,2,5,2030-06-27,783,100,2026-06-27,2030-05-27,627,,2025-06-27,2025-06-27,private
000990,"DB HiTek Co.,LTD",주식회사 DB하이텍,20250915000241,EB,2025-09-15,무기명식 무이권부 무보증 사모 교환사채,125567640000,0,0,2030-09-23,56562,100,2025-10-23,2030-08-23,,"not applicable (EB is exchanged for already-issued shares, not newly issued)",2025-09-23,2025-09-23,private
119850,"GnCenergy Co., Ltd.",(주)지엔씨에너지,20200603000396,EB,2020-06-03,무기명식 무보증 사모 교환사채,2080000000,0,0,2023-06-08,5200,100,2020-09-08,2023-05-08,,"not applicable (EB is exchanged for already-issued shares, not newly issued)",2020-06-08,2020-06-08,private
119850,"GnCenergy Co., Ltd.",(주)지엔씨에너지,20250328001656,EB,2025-03-28,무기명식 무보증 사모  교환사채,10000000000,0,0,2028-04-15,17120,100,2025-05-15,2028-03-15,,"not applicable (EB is exchanged for already-issued shares, not newly issued)",2025-04-01,2025-04-15,private
119850,"GnCenergy Co., Ltd.",(주)지엔씨에너지,20250910000511,EB,2025-09-10,무기명식 무보증 사모  교환사채,14675837800,0,0,2028-09-19,34450,100,2025-10-19,2028-08-19,,"not applicable (EB is exchanged for already-issued shares, not newly issued)",2025-09-19,2025-09-19,private
298540,"THE NATURE HOLDINGS CO., LTD",(주)더네이쳐홀딩스,20210707000341,CB,2021-07-07,무기명식 이권부 무보증 사모 전환사채,50000000000,0,0,2025-07-09,71067,100,2022-07-09,2025-06-09,56854,,2021-07-09,2021-07-09,private
154040,"Dasan Solueta Co.,Ltd.",(주)다산솔루에타,20180207000385,CB,2016-03-29,기명식 무보증 전환사채,32000000000,1,2.5,2021-04-06,7500,100,2017-04-06,2021-04-05,,,2016-03-31,2016-04-06,private
154040,"Dasan Solueta Co.,Ltd.",(주)다산솔루에타,20180514005952,CB,2018-05-14,무기명식 이권부 무보증 무담보 사모 전환사채,12000000000,0,1,2023-05-16,5160,100,2019-05-16,2023-04-16,,,2018-05-16,2018-05-16,private
154040,"Dasan Solueta Co.,Ltd.",(주)다산솔루에타,20200512000817,CB,2020-05-12,무기명식 이권부 무보증 사모 전환사채,5600000000,0,1,2024-05-14,2485,100,2021-05-14,2024-04-14,,,2020-05-14,2020-05-14,private
154040,"Dasan Solueta Co.,Ltd.",(주)다산솔루에타,20210114000354,CB,2021-01-14,"무기명식 이권부 무보증
사모 전환사채",10000000000,0,2,2025-01-18,4635,100,2022-01-18,2024-12-18,3245,,2021-01-18,2021-01-18,private
154040,"Dasan Solueta Co.,Ltd.",(주)다산솔루에타,20210125000476,CB,2021-01-14,"무기명식 이권부 무보증
사모 전환사채",8000000000,0,2,2025-01-18,4635,100,2022-01-18,2024-12-18,3245,,2021-01-18,2021-01-18,private
154040,"Dasan Solueta Co.,Ltd.",(주)다산솔루에타,20210531002662,CB,2021-05-31,"무기명식 이권부 무보증
사모 전환사채",4000000000,0,3,2024-06-01,4000,100,2022-06-01,2024-05-27,2800,,2021-06-01,2021-06-01,private
154040,"Dasan Solueta Co.,Ltd.",(주)다산솔루에타,20210125000470,CB,2020-05-12,무기명식 이권부 무보증 사모 전환사채,3000000000,0,1,2024-05-14,2485,100,2021-05-14,2024-04-14,1740,,2020-05-14,2020-05-14,private
154040,"Dasan Solueta Co.,Ltd.",(주)다산솔루에타,20240523000354,CB,2021-05-31,"무기명식 이권부 무보증
사모 전환사채",25000000000,0,4.541,2026-06-01,4000,100,2022-06-01,2026-05-25,2800,,2021-06-01,2021-06-01,private
090470,JAS Robotics Inc.,(주)제이스로보틱스,20230105000400,CB,2021-07-20,무기명식 이권부 무보증 사모 전환사채,19000000000,0,0,2026-07-23,8250,100,2022-07-23,2026-06-23,6600,,2021-07-22,2021-07-23,private
215790,INNO INSTRUMENT INC.,(주)이노인스트루먼트,20180411002499,CB,2018-04-11,무기명식 이권부 무보증 사모 전환사채,30000000000,0,0,2023-04-13,2040,100,2019-04-13,2023-03-13,,,2018-04-13,2018-04-13,private
307750,"KUKJEON Co.,Ltd",(주)국전,20220914000213,CB,2022-09-14,무기명식 이권부 무보증 사모 전환사채,65000000000,0,0,2027-09-16,8791,100,2023-09-16,2027-08-16,6154,,2022-09-16,2022-09-16,private
307750,"KUKJEON Co.,Ltd",(주)국전,20240826000312,BW,2024-08-23,무기명식 무보증 사모 신주인수권부사채,43000000000,0,0,2029-08-27,5090,100,2025-08-27,2029-07-27,3565,,2024-08-27,2024-08-27,private
005420,"COSMOCHEMICALCO.,LTD",코스모화학(주),20180914000442,CB,2018-09-14,무기명식 이권부 무보증 사모 전환사채,23000000000,0,0,2023-09-21,17950,100,2019-09-21,2023-08-21,,,2018-09-18,2018-09-21,private
005420,"COSMOCHEMICALCO.,LTD",코스모화학(주),20160629000589,CB,2014-12-26,무기명식 무보증 사모전환사채,10000000000,3,6,2018-12-29,5000,100,2015-12-29,2018-11-29,,,2014-12-29,2014-12-29,private
005420,"COSMOCHEMICALCO.,LTD",코스모화학(주),20170307000454,CB,2017-03-07,무기명식이권부무보증사모전환사채,2800000000,4,7,2020-03-09,5560,100,2018-03-09,2020-02-09,,,2017-03-09,2017-03-09,private
005420,"COSMOCHEMICALCO.,LTD",코스모화학(주),20200311000828,CB,2020-03-04,무기명식 이권부 무보증 사모 전환사채,20000000000,0,0,2024-03-05,8820,100,2021-03-05,2024-02-05,,,2020-03-04,2020-03-05,private
005420,"COSMOCHEMICALCO.,LTD",코스모화학(주),20170307000486,EB,2017-03-07,무기명식이권부무보증사모교환사채,1400000000,4,7,2020-03-09,5000,100,2017-09-09,2020-02-09,,"not applicable (EB is exchanged for already-issued shares, not newly issued)",2017-03-09,2017-03-09,private
459510,"NAUROBOTICS  Co., Ltd.",(주)나우로보틱스,20260115000430,CB,2026-01-06,무기명식 무보증 사모 전환사채,33000000000,0,0,2031-01-14,22142,100,2027-01-14,2030-12-14,,,2026-01-14,2026-01-14,private
092780,"DYP CO.,LTD",디와이피(주),20251023000207,CB,2025-10-23,무기명식 무이권부 무보증 사모 전환사채,10000000000,0,0,2030-10-31,3626,100,2026-10-31,2030-09-30,2539,,2025-10-31,2025-10-31,private
262840,"IQUEST Co., Ltd.",(주)아이퀘스트,20240214001426,EB,2024-02-14,무기명식 이권부 무보증 사모 교환사채,2238200000,0,1,2029-02-19,7220,100,2024-03-19,2029-01-19,,"not applicable (EB is exchanged for already-issued shares, not newly issued)",2024-02-14,2024-02-19,private
001340,"PKC Co., Ltd.",피케이씨(주),20250515002388,CB,2025-03-27,무기명식 무이권부 무보증 사모 전환사채,40000000000,0,0,2030-03-31,6798,100,2026-03-31,2030-02-28,5439,,2025-03-31,2025-03-31,private
001340,"PKC Co., Ltd.",피케이씨(주),20151223000439,EB,2015-12-23,무기명식 무보증 사모 교환사채,6000000000,1,4.5,2018-12-24,2028,100,2015-12-28,2018-11-24,,"not applicable (EB is exchanged for already-issued shares, not newly issued)",2015-12-24,2015-12-24,private
001340,"PKC Co., Ltd.",피케이씨(주),20170703000377,EB,2017-07-03,무기명식 이권부 무보증 사모 교환사채,5000000000,0,2,2022-07-07,3003,100,2017-07-10,2022-06-07,,"not applicable (EB is exchanged for already-issued shares, not newly issued)",2017-07-05,2017-07-07,private
183490,ENZYCHEM LIFESCIENCES CORPORATION,(주)엔지켐생명과학,20201104000290,CB,2020-11-04,무기명식 이권부 무보증 사모 전환사채,50000000000,0,0,2025-11-06,100196,100,2021-11-06,2025-10-06,70138,,2020-11-06,2020-11-06,private
266470,BioInfra Life Science Inc.,(주)바이오인프라생명과학,20180928000708,CB,2018-09-27,무기명 무보증 사모 전환사채,500000000,0,4,2023-10-12,5500,100,2019-10-12,2023-10-12,,,2018-10-12,2018-10-12,private
266470,BioInfra Life Science Inc.,(주)바이오인프라생명과학,20191219000409,BW,2019-12-13,"무기명식 이권부 보증 사모
 분리형 신주인수권부사채",4000000000,0,4,2024-12-18,5500,100,2020-12-18,2024-11-18,,,2019-12-18,2019-12-18,private
357120,"KORAMCO LIFE INFRA REIT CO.,LTD",(주)코람코라이프인프라위탁관리부동산투자회사,20241029000333,CB,2024-02-02,무기명식 이권부 무보증 사모 전환사채,11000000000,3.5,4.5,2027-02-06,4925,100,2025-02-06,2027-01-06,,,2024-02-06,2024-02-06,private
357120,"KORAMCO LIFE INFRA REIT CO.,LTD",(주)코람코라이프인프라위탁관리부동산투자회사,20260226006908,CB,2026-02-26,무기명식 이권부 무보증 사모 전환사채,5000000000,3.5,4.7,2029-03-06,4925,100,2027-03-07,2029-02-06,,,2026-03-06,2026-03-06,private
357120,"KORAMCO LIFE INFRA REIT CO.,LTD",(주)코람코라이프인프라위탁관리부동산투자회사,20260226006922,CB,2026-02-26,무기명식 이권부 무보증 사모 전환사채,12000000000,3.5,4.7,2029-03-06,4925,100,2027-03-07,2029-02-06,,,2026-03-06,2026-03-06,private
007980,TP Inc.,티피(주),20160420000436,CB,2016-04-20,무기명식 이권부 무보증 사모 전환사채,20000000000,1,4,2021-04-22,4808,100,2017-04-22,2021-03-22,,,2016-04-22,2016-04-22,private
007980,TP Inc.,티피(주),20210526000348,CB,2021-05-26,무기명식 이권부 무보증 사모 전환사채,25000000000,0,0,2026-05-28,2640,100,2022-05-28,2026-04-28,1848,,2021-05-28,2021-05-28,private
007980,TP Inc.,티피(주),20160420000438,BW,2016-04-20,무기명식 이권부 무보증 사모 비분리형 신주인수권부사채,3000000000,1,4,2021-04-22,4808,100,2017-04-22,2021-03-22,,,2016-04-22,2016-04-22,private
007980,TP Inc.,티피(주),20170601000466,BW,2017-06-01,무기명식 이권부 무보증 사모 비분리형 신주인수권부사채,10000000000,0,3,2019-06-02,3984,100,2018-06-02,2019-05-02,,,2017-06-02,2017-06-02,private
007980,TP Inc.,티피(주),20170522000311,EB,2017-05-22,무기명식 이권부 무보증 사모 교환사채,5000000000,0,3,2020-05-23,4047,100,2017-11-24,2020-04-23,,"not applicable (EB is exchanged for already-issued shares, not newly issued)",2017-05-23,2017-05-23,private
440320,"Openknowl Co.,Ltd.",주식회사 오픈놀,20241111000456,CB,2024-10-16,무기명식 이권부 무보증 사모 전환사채,12000000000,0,0,2029-10-18,6039,100,2025-10-18,2029-09-18,,,2024-10-18,2024-10-18,private
440320,"Openknowl Co.,Ltd.",주식회사 오픈놀,20260619000313,CB,2026-06-19,무기명식 이권부 무보증 사모 전환사채,8500000000,0,0,2031-06-29,3575,100,2027-06-29,2031-05-29,,,2026-06-19,2026-06-29,private
000720,"HYUNDAI ENGINEERING & CONSTRUCTION CO.,LTD",현대건설(주),20260609000517,CB,2026-06-09,무기명식 무보증 사모 전환사채,500000000000,0,0,2031-07-07,150607,100,2027-07-07,2031-06-07,,,2026-07-07,2026-07-07,private
032580,"Fidelix Co., Ltd.",(주)피델릭스,20190709000253,CB,2019-07-09,무기명식 이권부 무보증 사모 전환사채,7000000000,1,3,2022-07-11,1699,100,2020-07-11,2022-06-11,,,2019-07-11,2019-07-11,private
032580,"Fidelix Co., Ltd.",(주)피델릭스,20170616000396,CB,2017-06-16,무기명식 이권부 무보증 사모 전환사채,6500000000,2,4,2020-06-20,2325,100,2018-06-20,2020-05-20,,,2017-06-20,2017-06-20,private
041910,Polaris AI Pharma Corp.,(주)폴라리스에이아이파마,20260326001332,CB,2026-03-18,무기명식 이권부 무보증 사모 전환사채,10000000000,0,0,2030-03-26,9106,100,2027-03-26,2030-02-26,6375,,2026-03-26,2026-03-26,private
419540,"Bistos Co., Ltd.",주식회사 비스토스,20260731000679,CB,2026-03-20,무기명식 무보증 사모 전환사채,4000000000,3,5,2029-03-30,920,100,2027-03-30,2029-02-28,645,,2026-03-20,2026-03-30,private
215090,"SolDefense Co., Ltd.",(주)솔디펜스,20220121000499,CB,2021-07-19,,,,,,,,,,,,,,private
215090,"SolDefense Co., Ltd.",(주)솔디펜스,20210802000112,CB,2021-05-24,무기명식 이권부 무보증 사모 전환사채,3000000000,0,0,2024-07-30,1200,100,2022-07-30,2024-06-30,100,,2021-05-31,2021-07-30,private
215090,"SolDefense Co., Ltd.",(주)솔디펜스,20220408001738,CB,2021-09-03,무기명식 이권부 무보증 사모 전환사채,50000000000,0,1.5,2024-09-07,2645,100,2022-09-08,2024-08-07,100,,2021-09-06,2021-09-07,private
215090,"SolDefense Co., Ltd.",(주)솔디펜스,20200207000420,CB,2019-07-31,무기명식 이권부 무보증 사모 전환사채,5100000000,3,4,2023-02-07,1440,100,2021-02-07,2023-01-07,,,2020-02-07,2020-02-07,private
215090,"SolDefense Co., Ltd.",(주)솔디펜스,20250827000666,CB,2025-08-27,무기명식 이권부 무보증 사모 전환사채,2600000000,0,0,2030-09-04,838,100,2028-09-04,2030-08-04,,,2025-08-27,2025-09-04,private
322510,"JLK, Inc.",(주)제이엘케이,20250630000600,CB,2025-06-30,무기명식 무이권부 무보증 사모 전환사채,11900000000,0,0,2030-07-02,6709,100,2026-07-02,2030-06-02,,,2025-07-02,2025-07-02,private
085670,"NEWFLEXTECHNOLGYCo.,LTD.",(주)뉴프렉스,20181123000195,CB,2018-11-16,무기명식 무보증 사모 전환사채,10000000000,0,0,2021-11-21,3120,100,2019-11-21,2021-10-21,,,2018-11-20,2018-11-21,private
085670,"NEWFLEXTECHNOLGYCo.,LTD.",(주)뉴프렉스,20160201000232,CB,2016-02-01,무기명식 이권부 사모 전환사채,5000000000,0,2,2021-02-04,2664,100,2017-02-04,2021-01-04,,,2016-02-03,2016-02-04,private
900110,Deep Commerce Limited,딥커머스리미티드,20150616000275,CB,2015-06-16,,,,,,,,,,,,,,private
900110,Deep Commerce Limited,딥커머스리미티드,20201203000302,CB,2018-06-11,기명식 사모 전환사채,2100000000,5,10,2021-12-04,364,100,2019-06-11,2021-12-03,364,,2018-06-11,2018-06-11,private
900110,Deep Commerce Limited,딥커머스리미티드,20201203000318,CB,2018-07-10,기명식 사모 전환사채,1400000000,5,10,2021-12-04,306,100,2019-07-11,2021-12-03,306,,2018-07-10,2018-07-11,private
900110,Deep Commerce Limited,딥커머스리미티드,20201203000342,CB,2018-12-04,기명식 사모 전환사채,4600000000,5,10,2021-12-04,300,100,2019-12-05,2021-12-03,300,,2018-12-04,2018-12-05,private
004870,Tway Holdings Incorporation,(주)티웨이홀딩스,20220324000317,CB,2022-03-23,무기명식 이권부 무보증 사모 전환사채,6500000000,0,0,2025-03-25,728,100,2023-03-25,2025-02-25,619,,2022-03-25,2022-03-25,private
004870,Tway Holdings Incorporation,(주)티웨이홀딩스,20201015000194,BW,2020-09-28,무기명식 이권부 무보증 공모 분리형 신주인수권부사채,30000000000,2,4,2023-10-22,902,100,2020-11-22,2023-09-22,632,,2020-10-19,2020-10-22,public
178780,"ILWOUL GML Co.,Ltd",(주)일월지엠엘,20180226000253,CB,2016-08-17,무기명이권부전환사채,5000000000,4,5,2019-08-23,10077,100,2017-08-23,2019-08-23,,,2016-08-17,2016-08-23,private
178780,"ILWOUL GML Co.,Ltd",(주)일월지엠엘,20180226000316,CB,2016-11-28,무기명식 이권부 무보증 사모 전환사채,2510000000,2,3,2019-11-28,8514,100,2017-11-28,2019-11-27,,,2016-11-28,2016-11-28,private
178780,"ILWOUL GML Co.,Ltd",(주)일월지엠엘,20180727000295,CB,2018-04-26,무기명식 이권부 무보증 사모 전환사채,5000000000,3,5,2021-04-30,6252,100,2019-04-30,2021-03-31,,,2018-04-26,2018-04-30,private
178780,"ILWOUL GML Co.,Ltd",(주)일월지엠엘,20190315000631,CB,2019-03-15,무기명식 이권부 담보부 사모 전환사채,5001000000,3,5,2022-03-15,1850,100,2020-03-15,2022-02-15,,,2019-03-15,2019-03-15,private
178780,"ILWOUL GML Co.,Ltd",(주)일월지엠엘,20190430001399,CB,,무기명식 이권부 무보증 사모 전환사채,,,,,,,,,,,,,private
178780,"ILWOUL GML Co.,Ltd",(주)일월지엠엘,20190516000230,CB,2019-05-16,무기명식 이권부 무보증 사모 전환사채,2500000000,4,4,2022-05-17,1238,100,2020-05-17,2022-04-17,,,2019-05-17,2019-05-17,private
178780,"ILWOUL GML Co.,Ltd",(주)일월지엠엘,20160830000248,CB,2016-04-18,무기명 이권부 전환사채,6000000000,0,1,2021-04-20,6928,100,2017-04-20,2021-04-19,,,2016-04-20,2016-04-20,private
178780,"ILWOUL GML Co.,Ltd",(주)일월지엠엘,20170420000410,CB,2017-04-20,무기명식 이권부 무보증 사모 전환사채,2510000000,4,5,2020-04-20,7459,100,2018-04-20,2020-04-19,,,2017-04-20,2017-04-20,private
178780,"ILWOUL GML Co.,Ltd",(주)일월지엠엘,20161117000236,CB,2016-11-17,무기명식 이권부 무보증 사모 전환사채,5000000000,,,,,,,,,,2016-08-30,,private
178780,"ILWOUL GML Co.,Ltd",(주)일월지엠엘,20170804000351,CB,2017-08-04,무기명식 이권부 무보증 사모 전환사채,1050000000,3,5,2020-08-04,5379,100,2018-08-04,2020-08-03,,,2017-08-04,2017-08-04,private
178780,"ILWOUL GML Co.,Ltd",(주)일월지엠엘,20170905000176,CB,2017-09-05,무기명식 이권부  담보부 사모 전환사채,5000000000,5,5,2020-09-11,5045,100,2018-09-11,2020-09-10,,,2017-09-05,2017-09-11,private
178780,"ILWOUL GML Co.,Ltd",(주)일월지엠엘,20170913000538,CB,2017-09-13,무기명식 이권부  무보증 사모 전환사채,3000000000,3,5,2020-09-14,5270,100,2018-09-14,2020-09-13,,,2017-09-13,2017-09-14,private
178780,"ILWOUL GML Co.,Ltd",(주)일월지엠엘,20210427000493,CB,2020-08-13,무기명식 이권부 담보부 사모 전환사채,2510000000,6,6,2024-04-29,1250,100,2022-04-29,2024-03-29,500,,2021-04-27,2021-04-29,private
178780,"ILWOUL GML Co.,Ltd",(주)일월지엠엘,20201030000181,CB,2020-06-22,무기명식 이권부 무보증 사모 전환사채,6000000000,1,4,2023-10-30,1993,100,2021-10-30,2023-09-30,500,,2020-06-22,2020-10-30,private
178780,"ILWOUL GML Co.,Ltd",(주)일월지엠엘,20230424000275,CB,2023-04-19,무기명식 이권부 무보증 사모 전환사채,7000000000,1,4,2026-05-25,2000,100,2024-05-25,2026-04-25,1400,,2023-04-19,2023-05-25,private
178780,"ILWOUL GML Co.,Ltd",(주)일월지엠엘,20230424000288,CB,2023-04-19,무기명식 이권부 무보증 사모 전환사채,3000000000,1,4,2026-05-25,2000,100,2024-05-25,2026-04-25,1400,,2023-04-19,2023-05-25,private
013000,"SEWOO GLOBAL CO,. LTD",(주)세우글로벌,20171019000365,CB,2017-10-19,무기명식 무보증 사모 전환사채,7000000000,0,3,2022-11-13,1573,100,2018-11-13,2022-10-13,,,2017-10-19,2017-11-13,private
131100,"TN entertainment Co., Ltd.",(주)티엔엔터테인먼트,20180605000397,CB,2018-01-29,무기명식 무보증 사모전환사채,5000000000,0,3,2021-05-09,11700,100,2019-05-09,2021-04-09,,,2018-01-29,2018-05-09,private
131100,"TN entertainment Co., Ltd.",(주)티엔엔터테인먼트,20180605000405,CB,2018-01-29,무기명식 무보증 사모전환사채,5000000000,0,3,2021-05-09,11700,100,2019-05-09,2021-04-09,,,2018-01-29,2018-05-09,private
131100,"TN entertainment Co., Ltd.",(주)티엔엔터테인먼트,20180605000409,CB,2018-03-12,무기명식 무보증 사모전환사채,11300000000,0,3,2021-04-30,29000,100,2019-04-30,2021-03-30,,,2018-04-25,2018-04-30,private
131100,"TN entertainment Co., Ltd.",(주)티엔엔터테인먼트,20190408002444,CB,2018-12-17,무기명식 무보증 담보부 사모 전환사채,10000000000,7,10,2022-04-08,4470,100,2020-04-08,2022-03-08,,,2019-04-03,2019-04-08,private
131100,"TN entertainment Co., Ltd.",(주)티엔엔터테인먼트,20191002000371,CB,2019-09-02,무기명식 무보증 담보부 사모 전환사채,15800000000,7,10,2022-10-02,4840,100,2020-10-02,2022-09-02,,,2019-10-02,2019-10-02,private
131100,"TN entertainment Co., Ltd.",(주)티엔엔터테인먼트,20170315000646,CB,2017-03-15,무기명식 무보증 사모전환사채,1500000000,0,5,2020-03-15,1675,100,2018-03-15,2020-02-15,,,2017-03-15,2017-03-15,private
131100,"TN entertainment Co., Ltd.",(주)티엔엔터테인먼트,20170323000508,CB,2017-03-23,무기명식 무보증 사모전환사채,1800000000,0,0,2020-03-23,1640,100,2018-03-23,2020-02-23,,,2017-03-23,2017-03-23,private
131100,"TN entertainment Co., Ltd.",(주)티엔엔터테인먼트,20160825000002,CB,2016-08-16,무기명식 이권부 무보증 사모 전환사채,10000000000,4,4,2019-08-25,3432,100,2017-08-25,2019-07-25,,,2016-08-16,2016-08-25,private
131100,"TN entertainment Co., Ltd.",(주)티엔엔터테인먼트,20170802000291,CB,2017-08-02,무기명식 무보증 사모전환사채,1500000000,0,5,2020-08-17,1205,100,2018-08-17,2020-07-17,,,2017-08-02,2017-08-17,private
131100,"TN entertainment Co., Ltd.",(주)티엔엔터테인먼트,20170203000198,CB,2017-02-02,무기명식 무보증 사모전환사채,1000000000,0,6,2020-02-03,2110,100,2018-02-03,2020-01-03,,,2017-02-02,2017-02-03,private
131100,"TN entertainment Co., Ltd.",(주)티엔엔터테인먼트,20170817000136,CB,2017-08-01,무기명식 무보증 사모전환사채,6360000000,2,5,2020-08-17,1205,100,2018-08-17,2020-07-17,,,2017-08-01,2017-08-17,private
131100,"TN entertainment Co., Ltd.",(주)티엔엔터테인먼트,20170307000722,CB,2016-08-16,무기명식 이권부 사모 전환사채,5000000000,5,5,2020-03-07,3432,100,2018-03-07,2020-02-07,,,2016-08-16,2017-03-07,private
131100,"TN entertainment Co., Ltd.",(주)티엔엔터테인먼트,20201109000264,CB,2020-07-30,무기명식 무보증 사모 전환사채,5000000000,0,4,2023-11-16,2435,100,2021-11-16,2023-10-16,100,,2020-11-09,2020-11-16,private
131100,"TN entertainment Co., Ltd.",(주)티엔엔터테인먼트,20210915000107,CB,2021-09-15,무기명식 무보증 사모 전환사채,17000000000,0,2,2024-09-23,1005,100,2022-09-23,2024-08-23,,,2021-09-15,2021-09-23,private
131100,"TN entertainment Co., Ltd.",(주)티엔엔터테인먼트,20211229000670,CB,2021-12-29,무기명식 무보증 사모 전환사채,17000000000,0,2,2024-12-30,3970,100,2022-12-30,2024-11-30,,,2021-12-30,2021-12-30,private
131100,"TN entertainment Co., Ltd.",(주)티엔엔터테인먼트,20220531002239,CB,2022-05-31,무기명식 무보증 사모 전환사채,20000000000,0,2,2025-06-08,3116,100,2023-06-08,2025-05-08,,,2022-05-31,2022-06-08,private
131100,"TN entertainment Co., Ltd.",(주)티엔엔터테인먼트,20220127000390,CB,2022-01-27,무기명식 무보증 사모 전환사채,7600000000,0,2,2025-02-04,3779,100,2023-02-04,2025-01-04,,,2022-01-28,2022-02-04,private
131100,"TN entertainment Co., Ltd.",(주)티엔엔터테인먼트,20220512000989,CB,2022-05-12,무기명식 무보증 사모 전환사채,10453500000,0,2,2025-05-13,3280,100,2023-05-13,2025-04-13,,,2022-05-09,2022-05-13,private
131100,"TN entertainment Co., Ltd.",(주)티엔엔터테인먼트,20220609000362,CB,2022-06-09,무기명식 무보증 사모 전환사채,18400000000,0,2,2025-07-01,3116,100,2023-07-01,2025-06-01,,,2022-05-31,2022-07-01,private
131100,"TN entertainment Co., Ltd.",(주)티엔엔터테인먼트,20200226001300,CB,2019-08-28,무기명식 무보증 사모 전환사채,5000000000,0,4,2023-02-27,2940,100,2021-02-27,2023-01-27,,,2020-02-26,2020-02-27,private
095700,"Genexine, Inc.",(주)제넥신,20201214000516,CB,2020-12-11,기명식 무보증 사모 전환사채,20000000000,0,0,2025-12-17,140950,100,2021-12-17,2025-12-16,119807,,2020-12-11,2020-12-17,private
095700,"Genexine, Inc.",(주)제넥신,20180518000109,CB,2018-03-20,기명식 무보증 사모 전환사채,50000000000,0,0,2023-05-18,102680,100,2019-05-18,2023-05-17,,,2018-03-22,2018-05-18,private
095700,"Genexine, Inc.",(주)제넥신,20160707000509,CB,2016-06-29,무기명 무보증 사모 해외 전환사채,19990300000,2,4,2021-07-08,58406,100,2017-07-08,2021-07-07,,,2016-07-01,2016-07-08,private
095700,"Genexine, Inc.",(주)제넥신,20250924000208,CB,2025-09-23,무기명식 이권부 무보증 무담보 사모 전환사채,19400000000,0,5,2030-10-01,5478,100,2026-10-01,2030-09-01,3835,,2025-09-25,2025-10-01,private
223310,"Satoshi Holdings Co., Ltd.",사토시홀딩스(주),20190213000629,CB,2018-07-03,국내 무기명식 이권부 무보증 사모 전환사채,3000000000,0,3,2022-02-13,818,100,2020-02-13,2022-01-13,,,2018-07-03,2019-02-13,private
223310,"Satoshi Holdings Co., Ltd.",사토시홀딩스(주),20190213000637,CB,2018-07-03,국내 무기명식 이권부 무보증 사모 전환사채,3000000000,0,3,2022-02-13,818,100,2020-02-13,2022-01-13,,,2018-07-13,2019-02-13,private
223310,"Satoshi Holdings Co., Ltd.",사토시홀딩스(주),20190411002017,CB,2018-10-04,국내 무기명식 이권부 무보증 사모 전환사채,3000000000,3,5,2022-04-11,453,100,2020-04-11,2022-03-11,,,2018-10-04,2019-04-11,private
223310,"Satoshi Holdings Co., Ltd.",사토시홀딩스(주),20180323001076,CB,2017-01-25,국내 무기명식 이권부 무보증 사모 전환사채,15000000000,2,3,2020-04-10,1050,100,2018-04-10,2020-03-10,,,2017-01-25,2017-04-10,private
223310,"Satoshi Holdings Co., Ltd.",사토시홀딩스(주),20181002000404,CB,2018-04-02,내 무기명식 이권부 무보증 사모 전환사채,10000000000,0,2,2021-10-02,950,100,2019-10-02,2021-09-02,,,2018-04-02,2018-10-02,private
223310,"Satoshi Holdings Co., Ltd.",사토시홀딩스(주),20191113000669,CB,2018-04-02,국내 무기명식 이권부 무보증 사모 전환사채,10000000000,4,5,2021-07-06,952,100,2019-07-06,2021-06-06,,,2018-04-02,2018-07-06,private
223310,"Satoshi Holdings Co., Ltd.",사토시홀딩스(주),20170825000458,CB,2016-11-24,국내 무기명식 무보증 사모전환사채,3000000000,0,3,2019-11-28,1060,100,2017-11-28,2019-08-28,,,2016-11-28,2016-11-28,private
223310,"Satoshi Holdings Co., Ltd.",사토시홀딩스(주),20240823000495,CB,2024-08-20,무기명식 이권부 무보증 사모 전환사채,6000000000,3,5,2027-08-26,3177,100,2025-08-26,2027-07-26,100,,2024-08-20,2024-08-26,private
223310,"Satoshi Holdings Co., Ltd.",사토시홀딩스(주),20240627000803,CB,2024-04-19,무기명식이권부 무보증 사모 전환사채,4000000000,3,3,2027-07-01,1529,100,2025-07-01,2027-06-24,100,,2024-04-19,2024-07-01,private
223310,"Satoshi Holdings Co., Ltd.",사토시홀딩스(주),20251215000366,CB,2025-12-15,무기명식 이권부 무보증 사모 전환사채,3000000000,3,5,2028-12-23,2077,100,2026-12-23,2028-11-23,1454,,2025-12-23,2025-12-23,private
223310,"Satoshi Holdings Co., Ltd.",사토시홀딩스(주),20260227007101,CB,2026-02-27,무기명식 이권부 무보증 사모 전환사채,11700000000,4,4,2029-03-09,1758,100,2027-03-09,2029-02-09,1231,,2026-03-09,2026-03-09,private
223310,"Satoshi Holdings Co., Ltd.",사토시홀딩스(주),20260507000641,CB,2025-06-23,무기명식 이권부 무보증 사모 전환사채,40000000000,4,4,2028-07-21,2957,100,2026-07-21,2028-06-21,,,2025-07-21,2025-07-21,private
223310,"Satoshi Holdings Co., Ltd.",사토시홀딩스(주),20260710000425,CB,2026-07-10,무기명식 이권부 무보증 사모 전환사채,2000000000,4,4,2029-07-20,4566,100,2027-07-20,2029-06-20,3197,,2026-07-20,2026-07-20,private
223310,"Satoshi Holdings Co., Ltd.",사토시홀딩스(주),20260622000392,CB,2026-06-22,무기명식 이권부 무보증 사모 전환사채,10000000000,4,4,2029-06-30,5247,100,2027-06-30,2029-05-31,3673,,2026-06-30,2026-06-30,private
223310,"Satoshi Holdings Co., Ltd.",사토시홀딩스(주),20180323001068,BW,2017-01-25,무기명식 이권부 무보증 비분리형 사모 신주인수권부사채,15000000000,2,3,2020-04-10,1050,100,2018-04-10,2020-03-10,,,2017-01-25,2017-04-10,private
900140,"LVMC Holdings CO,.LTD",엘브이엠씨홀딩스(주),20181109000481,CB,2018-11-09,해외 무기명식 무보증 사모 전환사채,33552000000,2,7.5,2021-11-09,2664,100,2019-11-10,2021-10-09,,,2018-11-09,2018-11-09,private
900140,"LVMC Holdings CO,.LTD",엘브이엠씨홀딩스(주),20220426000470,CB,2022-04-12,해외 무기명식 무보증 사모 전환사채,36960000000,2,7.5,2027-04-12,3391,100,2023-04-12,2027-03-11,2374,,2022-04-12,2022-04-12,private
900140,"LVMC Holdings CO,.LTD",엘브이엠씨홀딩스(주),20251030000227,CB,2025-10-29,무기명 무보증 사모 전환사채,30000000000,2,6.5,2029-11-06,1756,100,2026-11-06,2029-10-06,1230,,2025-11-06,2025-11-06,private
900140,"LVMC Holdings CO,.LTD",엘브이엠씨홀딩스(주),20210420000250,EB,2021-04-20,무기명식 이권부 무보증 사모 교환사채,8100000000,0,2,2022-10-23,1368,100,2021-04-28,2021-12-30,,"not applicable (EB is exchanged for already-issued shares, not newly issued)",2021-04-23,2021-04-23,private
005070,"COSMO ADVANCED MATERIALS & TECHNOLOGY CO., LTD",코스모신소재(주),20181207000409,CB,2018-12-07,무기명식 무보증 이권부 사모 전환사채,10000000000,1.5,,2021-12-11,18774,100,2019-12-12,2021-12-10,,,2018-12-11,2018-12-11,private
005070,"COSMO ADVANCED MATERIALS & TECHNOLOGY CO., LTD",코스모신소재(주),20161205000279,CB,2016-11-08,해외 무기명식 담보 사모 전환사채,11416000000,2,5,2021-12-02,5318,100,2017-12-02,2021-11-02,,,2016-11-08,2016-12-02,private
005070,"COSMO ADVANCED MATERIALS & TECHNOLOGY CO., LTD",코스모신소재(주),20210527000162,CB,2021-05-27,무기명식 이권부 무보증 사모 전환사채,15000000000,0,1.5,2024-05-31,26602,100,2022-05-31,2024-05-30,,,2021-05-31,2021-05-31,private
005070,"COSMO ADVANCED MATERIALS & TECHNOLOGY CO., LTD",코스모신소재(주),20260116000490,CB,2026-01-16,무기명식 이권부 무보증 사모 전환사채,120000000000,1.2,4.8,2031-01-30,44051,100,2027-01-30,2030-12-30,,,2026-01-30,2026-01-30,private
246710,"T&R Biofab Co., Ltd",(주)티앤알바이오팹,20210721000495,CB,2021-07-21,무기명식 이권부 사모 전환사채,35000000000,0,1,2026-08-06,47890,100,2022-08-06,2026-07-06,33530,,2021-07-23,2021-08-06,private
246710,"T&R Biofab Co., Ltd",(주)티앤알바이오팹,20240725000248,CB,2024-07-23,"무기명식 이권부 무보증 
사모 전환사채",7000000000,1,5,2029-08-05,6258,100,2025-08-05,2029-07-05,4381,,2024-07-25,2024-08-05,private
246710,"T&R Biofab Co., Ltd",(주)티앤알바이오팹,20260129000358,CB,2023-07-26,무기명식 이권부 무보증사모 전환사채,24000000000,0,3,2028-08-04,11807,100,2024-08-04,2028-07-04,8265,,2023-07-28,2023-08-04,private
012030,DB Inc.,(주) DB Inc.,20150930000265,CB,2015-09-24,"국내 무기명식
무보증 사모전환사채",10000000000,6.8,7.8,2018-09-25,6720,100,2016-09-25,2018-08-25,,,2015-09-25,2015-09-25,private
101490,S&S TECH CORPORATION,(주)에스앤에스텍,20250904000229,EB,2025-08-26,무기명식 무이권부 무보증 사모 교환사채,35758000893,0,0,2030-09-03,61351,100,2025-09-04,2030-08-03,,"not applicable (EB is exchanged for already-issued shares, not newly issued)",2025-08-28,2025-09-03,private
070960,"MONA YONGPYONG CO.,LTD ",모나용평(주),20250620000268,EB,2025-06-20,무기명식 이권부 무보증 사모 교환사채,4600000000,0,0,2030-06-27,5648,100,2025-06-30,2030-05-27,,"not applicable (EB is exchanged for already-issued shares, not newly issued)",,2025-06-27,private
288180,"KP Aero Industries Co., Ltd.",케이피항공산업(주),20250731000436,CB,2025-07-30,무기명식 무보증 사모 전환사채,4000000000,0,5,2030-07-31,9537,100,2026-08-02,2030-07-30,,,2025-08-01,2025-08-01,private
347700,Sphere Corp.,(주)스피어코퍼레이션,20211129000990,CB,2021-11-29,"무기명식 무보증
사모 전환사채",14500000000,0,0,2026-12-01,9329,100,2022-12-01,2026-11-01,7464,,2021-12-01,2021-12-01,private
347700,Sphere Corp.,(주)스피어코퍼레이션,20241227000767,CB,2024-07-22,무기명식 무보증 사모 전환사채,15200000000,1,7,2027-11-28,1924,100,2025-11-28,2027-10-28,,,2024-07-22,2024-11-28,private
347700,Sphere Corp.,(주)스피어코퍼레이션,20250306000675,CB,2024-11-29,무기명식 이권부 무보증 사모 전환사채,15000000000,3,6,2028-03-07,3448,100,2026-03-07,2028-02-07,,,2024-12-05,2025-03-07,private
347700,Sphere Corp.,(주)스피어코퍼레이션,20260129000562,CB,2026-01-02,"무기명식 이권부 
무보증 사모 전환사채",25000000000,1,2,2029-01-30,14213,100,2027-01-30,2028-12-30,11371,,2026-01-06,2026-01-30,private
347700,Sphere Corp.,(주)스피어코퍼레이션,20260422000651,CB,2026-04-22,"무기명식 이권부
무보증 사모 전환사채",37500000000,0,0,2031-04-30,44929,100,2027-04-30,2031-03-30,,,2026-04-22,2026-04-30,private
037460,"SAMJI ELECTRONICS CO., LTD.",삼지전자(주),20190510000501,EB,2019-05-02,무기명식이권부무보증사모교환사채,12700000000,1,5,2024-05-13,2500,100,2020-05-13,2024-05-06,,"not applicable (EB is exchanged for already-issued shares, not newly issued)",2019-05-13,2019-05-13,private
037460,"SAMJI ELECTRONICS CO., LTD.",삼지전자(주),20190510000483,EB,2019-05-02,무기명식이권부무보증사모교환사채,7300155000,1,5,2024-05-13,15000,100,2020-05-13,2024-05-06,,"not applicable (EB is exchanged for already-issued shares, not newly issued)",2019-05-13,2019-05-13,private
015360,"INVENI Co., Ltd.",(주)INVENI,20250903000295,EB,2025-09-03,무기명식 무보증 사모 교환사채,46835800000,0,0,2030-09-11,69800,100,2025-09-19,2030-09-04,,"not applicable (EB is exchanged for already-issued shares, not newly issued)",2025-09-11,2025-09-11,private
047810,"KOREA AEROSPACE INDUSTRIES, LTD.",한국항공우주산업(주),20260205000384,CB,2026-02-05,무기명식 무보증 사모 전환사채,500000000000,0,0,2031-03-04,185165,100,2027-03-04,2031-02-04,,,2026-03-04,2026-03-04,private
090410,"DUKSHINEPC CO., LTD.",(주)덕신이피씨,20180409002341,CB,2018-03-19,무기명식 이권부 무보증 사모 전환사채,10000000000,0,1,2023-04-02,1896,100,2019-04-02,2023-03-02,,,2018-03-19,2018-04-02,private
267790,"BARREL Co., Ltd.",(주)배럴,20260522000373,CB,2021-06-03,무기명식 무이권부 무보증 사모 전환사채,10000000000,0,2,2027-06-07,12474,100,2022-06-07,2027-05-07,8732,,2021-06-07,2021-06-07,private
234690,GC WellBeing Corporation,(주)녹십자웰빙,20250212001030,CB,2025-02-12,무기명식 무보증 사모 전환사채,20000000000,0,3,2030-02-14,9478,100,2026-02-14,2030-01-14,6635,,2025-02-14,2025-02-14,private
290660,"Dynamic solution Co.,Ltd.",(주)다이나믹솔루션,20190703000484,CB,2019-07-03,무기명식 이권부 무보증 사모 전환사채,14000000000,0,1.5,2024-07-05,6068,100,2020-07-05,2024-06-05,,,2019-07-05,2019-07-05,private
290660,"Dynamic solution Co.,Ltd.",(주)다이나믹솔루션,20230412000784,CB,2023-01-06,무기명식 이권부 무보증 사모 전환사채,2600000000,2,2,2023-04-06,1495,100,2024-04-06,2026-03-06,1047,,2023-01-10,2023-04-06,private
290660,"Dynamic solution Co.,Ltd.",(주)다이나믹솔루션,20230419000431,CB,2023-04-19,무기명식 이권부 무보증 사모 전환사채,4000000000,2,2,2026-04-27,1446,100,2024-04-27,2026-03-27,1012,,2023-04-19,2023-04-27,private
290660,"Dynamic solution Co.,Ltd.",(주)다이나믹솔루션,20230714000525,CB,2023-07-14,무기명식 이권부 무보증 사모 전환사채,6000000000,2,2,2026-07-21,1516,100,2024-07-21,2026-06-21,1061,,2023-07-14,2023-07-21,private
290660,"Dynamic solution Co.,Ltd.",(주)다이나믹솔루션,20250912000319,CB,2025-09-12,무기명식 무보증 사모 영구 전환사채권,1000000000,0,0,2055-09-19,1285,100,2026-09-19,2055-08-19,900,,2025-09-12,2025-09-19,private
290660,"Dynamic solution Co.,Ltd.",(주)다이나믹솔루션,20251002000338,CB,2025-10-02,무기명식 무보증 사모 영구 전환사채권,1000000000,0,0,2055-10-13,973,100,2026-10-13,2055-09-13,,,2025-10-02,2025-10-13,private
290660,"Dynamic solution Co.,Ltd.",(주)다이나믹솔루션,20260320000762,CB,2023-01-06,무기명식 이권부 무보증 사모 전환사채,3000000000,2,2,2026-10-13,1495,100,2024-04-13,2026-09-13,1047,,2023-01-10,2023-04-13,private
290660,"Dynamic solution Co.,Ltd.",(주)다이나믹솔루션,20260403003461,CB,2023-04-18,무기명식 이권부 무보증 사모 전환사채,7000000000,2,2,2026-10-27,1438,100,2024-04-27,2026-09-27,1007,,2023-04-18,2023-04-27,private
290660,"Dynamic solution Co.,Ltd.",(주)다이나믹솔루션,20260527000608,CB,2026-03-24,무기명식 이권부 무보증 사모 전환사채,10800000000,3,5,2029-06-05,1103,100,2027-06-05,2029-05-05,773,,2026-06-05,2026-06-05,private
290660,"Dynamic solution Co.,Ltd.",(주)다이나믹솔루션,20260513000875,CB,2026-05-13,무기명식 이권부 무보증 사모 전환사채,5000000000,2,4,2029-05-21,1141,100,2027-05-21,2029-04-21,799,,2026-05-21,2026-05-21,private
419530,"SAMG ENTERTAINMENT CO.,LTD",(주)에스에이엠지엔터테인먼트,20230811001886,CB,2023-08-11,무기명식 이권부 무보증 사모 전환사채,30000000000,0,2.5,2028-08-18,23923,100,2025-08-18,2028-07-18,16746,,2023-08-16,2023-08-18,private
071850,"CASTEC KOREA CO.,LTD",(주)캐스텍코리아,20180831001320,CB,2018-05-09,무기명식 이권부 무보증 사모 전환사채,,,,,,100,,,,,,,private
071850,"CASTEC KOREA CO.,LTD",(주)캐스텍코리아,20170607000185,CB,2017-06-07,무기명식 이권부 무보증 사모 전환사채,15000000000,0,0,2022-06-09,5618,100,2018-06-09,2022-05-09,,,2017-06-09,2017-06-09,private
071850,"CASTEC KOREA CO.,LTD",(주)캐스텍코리아,20210811000201,CB,,,,,,,,,,,,,,,private
071850,"CASTEC KOREA CO.,LTD",(주)캐스텍코리아,20211019000247,CB,2021-10-19,무기명식 이권부 무보증 사모 전환사채,8000000000,0,2,2026-10-21,3907,100,2022-10-21,2026-09-21,2735,,,2021-10-21,private
014830,"UNID CO.,LTD",(주)유니드,20240621000363,EB,2024-06-21,무기명식 이권부 무보증 사모 교환사채,15420833337,0,0,2029-06-25,119847,100,2024-06-27,2029-05-25,,"not applicable (EB is exchanged for already-issued shares, not newly issued)",2024-06-25,2024-06-25,private
214610,"RollingStone Co., Ltd.",롤링스톤(주),20180515001223,CB,2018-05-15,기명식 이권부 무보증 사모 전환사채,5000000000,1,3,2021-05-23,6510,100,2019-05-23,2021-04-23,,,2018-05-15,2018-05-23,private
214610,"RollingStone Co., Ltd.",롤링스톤(주),20191028000051,CB,2019-10-14,무기명식 이권부 무보증 사모전환사채,5000000000,0,1.5,2022-10-28,6570,100,2020-10-28,2022-09-28,,,2019-10-14,2019-10-28,private
214610,"RollingStone Co., Ltd.",롤링스톤(주),20211130002053,CB,2021-11-29,무기명식 이권부 무보증 사모 전환사채,20000000000,0,0,2026-12-06,9762,100,2022-12-06,2026-11-06,8298,,2021-12-01,2021-12-06,private
214610,"RollingStone Co., Ltd.",롤링스톤(주),20221014000464,CB,2022-10-14,무기명식 이권부 무보증 사모 전환사채,9000000000,0,0,2027-10-18,5884,100,2023-10-18,2027-09-18,4119,,2022-10-18,2022-10-18,private
214610,"RollingStone Co., Ltd.",롤링스톤(주),20250509000701,CB,2024-12-30,무기명식 이권부 무보증 사모 전환사채,3000000000,2,7,2027-12-31,1486,100,2025-12-31,2027-11-30,1041,,2024-12-30,2024-12-31,private
214610,"RollingStone Co., Ltd.",롤링스톤(주),20241230000237,CB,2024-12-27,무기명식 이권부 무보증 사모 영구전환사채,10000000000,0,0,2054-12-27,1513,100,2025-12-27,2054-11-27,,,2024-12-27,2024-12-27,private
214610,"RollingStone Co., Ltd.",롤링스톤(주),20250715000295,CB,2025-07-10,무기명식 이권부 무보증 사모 전환사채,2432000000,2,3,2028-07-10,5331,100,2026-07-10,2028-06-10,3732,,2025-07-10,2025-07-10,private
214610,"RollingStone Co., Ltd.",롤링스톤(주),20250711000004,CB,2025-07-10,무기명식 이권부 무보증 사모 전환사채,5000000000,8,8,2028-07-25,5331,100,2026-07-25,2028-06-25,3732,,2025-07-10,2025-07-25,private
068270,"Celltrion, Inc.",(주)셀트리온,20150619000294,EB,2015-05-20,국내 무기명식 이권부 무보증 사모교환사채,112000000000,2,5,2018-06-19,82540,100,2015-12-19,2018-05-19,,"not applicable (EB is exchanged for already-issued shares, not newly issued)",2015-05-21,2015-06-19,private
011690,"Y2 Solution CO.,LTD",(주)와이투솔루션,20180206000301,CB,2018-02-06,"무보증
사모전환사채",10000000000,0,0,2021-02-08,7010,100,2019-02-08,2021-01-08,,,2018-02-08,2018-02-08,private
011690,"Y2 Solution CO.,LTD",(주)와이투솔루션,20181031000285,CB,2018-10-31,"무보증
사모전환사채",30000000000,1,3,2021-11-27,6820,100,2019-11-27,2021-10-27,,,2018-11-02,2018-11-27,private
011690,"Y2 Solution CO.,LTD",(주)와이투솔루션,20160923000304,CB,2016-09-22,"무보증
사모전환사채",10000000000,1,1,2019-10-25,3580,100,2017-10-25,2019-09-25,,,,2016-10-25,private
011690,"Y2 Solution CO.,LTD",(주)와이투솔루션,20170119000252,CB,2016-12-23,"무보증
사모전환사채",10000000000,0,3,2020-01-20,3185,100,2018-01-20,2019-12-20,,,2017-01-20,2017-01-20,private
011690,"Y2 Solution CO.,LTD",(주)와이투솔루션,20170905000192,CB,2017-08-28,"무보증
사모전환사채",3000000000,0,3,2020-09-29,3950,100,2018-09-29,2020-08-29,,,2017-08-30,2017-09-29,private
011690,"Y2 Solution CO.,LTD",(주)와이투솔루션,20211210000643,CB,2021-11-26,"무기명식
이권부
무보증
 사모전환사채",7000000000,2,4,2024-12-13,550,100,2022-12-13,2024-11-13,500,,2021-11-26,2021-12-13,private
011690,"Y2 Solution CO.,LTD",(주)와이투솔루션,20211210000646,CB,2021-11-26,"무기명식
이권부
무보증
 사모전환사채",6000000000,2,4,2025-01-25,550,100,2023-01-25,2024-12-25,500,,2021-11-26,2022-01-25,private
011690,"Y2 Solution CO.,LTD",(주)와이투솔루션,20250702000476,CB,2025-06-04,무기명식 이권부 무보증 사모 전환사채,15000000000,0,3,2028-07-03,3235,100,2026-07-03,2028-06-03,2500,,2025-07-03,2025-07-03,private
011690,"Y2 Solution CO.,LTD",(주)와이투솔루션,20180110000422,EB,2018-01-10,무기명식무보증사모교환사채,22000000000,0,0,2021-01-12,40550,100,2018-04-12,2020-12-12,,"not applicable (EB is exchanged for already-issued shares, not newly issued)",2018-01-12,2018-01-12,private
024720,"KOLMAR HOLDINGS CO.,LTD.",콜마홀딩스(주),20170908000286,EB,2017-08-25,무기명식 무보증 사모 교환사채,11000000000,0,8,2022-09-08,6573,100,2018-03-08,2022-08-08,,"not applicable (EB is exchanged for already-issued shares, not newly issued)",2017-08-29,2017-09-08,private
024720,"KOLMAR HOLDINGS CO.,LTD.",콜마홀딩스(주),20170908000280,EB,2017-08-25,무기명식 무보증 사모 교환사채,41500000000,0,8,2022-09-08,25953,100,2018-03-08,2022-08-08,,"not applicable (EB is exchanged for already-issued shares, not newly issued)",2017-08-29,2017-09-08,private
051380,"PC Direct, Inc.",(주)피씨디렉트,20151223000445,CB,2015-12-23,무기명식 이권부 무보증 사모 전환사채,3200000000,4,4,2018-12-24,4375,100,2016-12-25,2018-12-23,,,2015-12-24,2015-12-24,private
017940,E1 Corporation,(주)E1,20170726000395,EB,2017-07-26,"무기명식 이권부
무보증 사모 교환사채",75479430000,2,2,2022-07-31,70000,100,2017-08-31,2022-06-30,,"not applicable (EB is exchanged for already-issued shares, not newly issued)",2017-07-31,2017-07-31,private
061040,"RFTECH CO., LTD",(주)알에프텍,20190118000328,CB,2018-12-05,무기명식 이권부 무보증 사모 전환사채,50000000000,2,2,2022-01-21,5648,100,2020-01-21,2021-12-21,,,2018-12-05,2019-01-21,private
061040,"RFTECH CO., LTD",(주)알에프텍,20170414000293,CB,2017-04-14,무기명식 이권부 무보증 사모 전환사채,20000000000,0,0,2020-04-17,8000,100,2018-04-17,2020-03-17,,,2017-04-17,2017-04-17,private
061040,"RFTECH CO., LTD",(주)알에프텍,20230623000350,CB,2023-06-23,무기명식 이권부 무보증 사모 전환사채,30000000000,2,4,2028-07-04,4327,100,2024-07-04,2028-06-04,3029,,2023-06-26,2023-07-04,private
053290,"NE Neungyule, Inc.",(주)엔이능률,20180202000001,CB,2018-02-01,무기명식 이권부 무보증 사모 전환사채,5000000000,0,1,2023-02-07,4716,100,2019-02-07,2023-01-07,,,2018-02-01,2018-02-07,private
071950,"KOAS CO., LTD",(주)코아스,20251107000390,CB,2024-07-05,무기명식 이권부 무보증 사모 전환사채,10000000000,0,0,2027-09-11,4293,100,2025-09-11,2027-08-11,3006,,2024-07-08,2024-09-11,private
071950,"KOAS CO., LTD",(주)코아스,20250822000398,CB,2024-07-05,무기명식 이권부 무보증 사모 전환사채,10000000000,0,0,2027-09-11,4293,100,2025-09-11,2027-08-11,3006,,2024-07-08,2024-09-11,private
071950,"KOAS CO., LTD",(주)코아스,20250822000404,CB,2024-07-05,무기명식 이권부 무보증 사모 전환사채,10000000000,0,0,2027-09-11,4293,100,2025-09-11,2027-08-11,3006,,2024-07-08,2024-09-11,private
071950,"KOAS CO., LTD",(주)코아스,20260722000410,CB,2025-12-09,무기명식 이권부 무보증 사모 전환사채,2510000000,0,0,2029-10-23,2132,100,2027-10-23,2029-09-23,1493,,2026-10-23,2026-10-23,private
071950,"KOAS CO., LTD",(주)코아스,20251107000383,BW,2024-07-05,무기명식 이권부 무보증 비분리형 사모 신주인수권부사채,10000000000,0,0,2027-09-11,4293,100,2025-09-11,2027-08-11,3006,,2024-07-08,2024-09-11,private
036530,"SNT Holdings CO.,LTD ",(주)SNT홀딩스,20251211000244,CB,2025-12-11,무기명식 무보증 사모 전환사채,29999979526,0,1,2028-04-09,63086,100,2027-01-11,2028-03-09,,,2025-12-15,2026-01-09,private
036530,"SNT Holdings CO.,LTD ",(주)SNT홀딩스,20250523000507,EB,2025-05-23,무기명식 이권부 무보증 사모 교환사채,70000000000,,1,2028-01-14,43193,100,2025-07-15,2027-12-14,,"not applicable (EB is exchanged for already-issued shares, not newly issued)",2025-05-27,2025-07-14,private
036530,"SNT Holdings CO.,LTD ",(주)SNT홀딩스,20251211000224,EB,2025-12-11,무기명식 이권부 무보증 사모 교환사채,41254123265,0,1,2028-04-16,42605,100,2026-01-19,2028-03-16,,"not applicable (EB is exchanged for already-issued shares, not newly issued)",2025-12-15,2026-01-16,private
036530,"SNT Holdings CO.,LTD ",(주)SNT홀딩스,20250523000511,EB,2025-05-23,무기명식 이권부 무보증 사모 교환사채,20000000000,,1,2028-01-14,45829,100,2025-07-15,2027-12-14,,"not applicable (EB is exchanged for already-issued shares, not newly issued)",2025-05-27,2025-07-14,private
036530,"SNT Holdings CO.,LTD ",(주)SNT홀딩스,20251211000230,EB,2025-12-11,무기명식 이권부 무보증 사모 교환사채,77150137774,0,1,2028-04-16,49871,100,2026-01-19,2028-03-16,,"not applicable (EB is exchanged for already-issued shares, not newly issued)",2025-12-15,2026-01-16,private
083790,"CG Invites Co., Ltd.",씨지인바이츠(주),20150721000190,CB,2015-07-21,무기명식 이권부 무보증 사모 전환사채,12000000000,0,2.5,2020-07-22,18018,100,2016-07-22,2020-06-22,,,2015-07-22,2015-07-22,private
083790,"CG Invites Co., Ltd.",씨지인바이츠(주),20181030000463,CB,2018-10-30,무기명식 이권부 무보증 사모 전환사채,49700000000,0,0,2023-11-07,20426,100,2019-11-07,2023-10-07,,,2018-11-01,2018-11-07,private
083790,"CG Invites Co., Ltd.",씨지인바이츠(주),20181030000465,BW,2018-10-30,무기명식 이권부 무보증 사모 신주인수권부사채,9200000000,0,0,2023-11-07,20426,100,2019-11-07,2023-10-07,,,2018-11-01,2018-11-07,private
097230,"HJ SHIPBUILDING & CONSTRUCTION CO.,LTD",(주)에이치제이중공업,20160715000370,CB,2016-07-15,"무기명식 이권부
무보증 사모 전환사채",84699000000,1,3,2018-12-31,4035,100,2017-07-19,2018-11-30,,,2016-07-19,2016-07-19,private
097230,"HJ SHIPBUILDING & CONSTRUCTION CO.,LTD",(주)에이치제이중공업,20160715000393,CB,2016-07-15,"무기명식 이권부
무보증 사모 전환사채",70000000000,1,3,2018-12-31,4035,100,2017-07-19,2018-11-30,,,2016-07-19,2016-07-19,private
297890,"HB SOLUTION CO.,LTD.",에이치비솔루션(주),20211007000446,CB,2021-10-07,무기명식 무보증 사모 전환사채,40000000000,0,0,2026-10-22,20661,100,2022-10-22,2026-09-22,14463,,2021-10-12,2021-10-22,private
115450,"HLB Therapeutics Co.,Ltd.",에이치엘비테라퓨틱스(주),20150306000196,CB,2015-03-06,무기명식 이권부 무보증 사모  전환사채,8000000000,0,5,2018-03-10,4840,100,2016-03-10,2018-02-10,,,2015-03-10,2015-03-10,private
115450,"HLB Therapeutics Co.,Ltd.",에이치엘비테라퓨틱스(주),20150526001022,CB,2015-05-26,"무기명식 사모 
전환사채",2500000000,3.5,3.5,2018-05-28,9160,100,2016-05-29,2018-04-28,,,2015-05-28,2015-05-28,private
115450,"HLB Therapeutics Co.,Ltd.",에이치엘비테라퓨틱스(주),20190917000505,CB,2019-09-17,무기명식 이권부 무보증 사모 전환사채,14000000000,0,3,2022-09-19,22433,100,2020-09-19,2022-08-19,,,2019-09-19,2019-09-19,private
115450,"HLB Therapeutics Co.,Ltd.",에이치엘비테라퓨틱스(주),20191031000272,CB,2019-10-31,무기명식 이권부 무보증 사모 전환사채,10000000000,0,3,2022-11-22,21965,100,2020-11-22,2022-10-22,,,2019-11-04,2019-11-22,private
115450,"HLB Therapeutics Co.,Ltd.",에이치엘비테라퓨틱스(주),20181017000299,CB,2018-10-17,무기명식 이권부 무보증 사모 전환사채,7500000000,0,3,2021-10-19,30100,100,2019-10-19,2021-09-19,,,2018-10-19,2018-10-19,private
115450,"HLB Therapeutics Co.,Ltd.",에이치엘비테라퓨틱스(주),20181026000457,CB,2018-10-26,무기명식 이권부 무보증 사모 전환사채,2000000000,0,3,2021-10-31,25300,100,2019-10-31,2021-09-30,,,2018-10-30,2018-10-31,private
115450,"HLB Therapeutics Co.,Ltd.",에이치엘비테라퓨틱스(주),20170706000338,CB,2017-06-28,무기명식 이권부 무보증 사모 전환사채,6200000000,0,3,2020-07-06,16950,100,2018-07-06,2020-06-06,,,2017-06-30,2017-07-06,private
115450,"HLB Therapeutics Co.,Ltd.",에이치엘비테라퓨틱스(주),20170828000158,CB,2017-08-22,무기명식 이권부 무보증 사모 전환사채,8000000000,0,3,2020-08-28,18250,100,2018-08-28,2020-07-28,,,2017-08-24,2017-08-28,private
115450,"HLB Therapeutics Co.,Ltd.",에이치엘비테라퓨틱스(주),20211027000208,CB,2021-09-13,무기명식 이권부 무보증 사모 전환사채,10000000000,0,1,2024-11-16,10580,100,2022-11-16,2024-10-16,7406,,2021-09-13,2021-11-16,private
115450,"HLB Therapeutics Co.,Ltd.",에이치엘비테라퓨틱스(주),20211027000213,CB,2021-09-13,무기명식 이권무 무보증 사모 전환사채,45000000000,0,1,2024-11-16,10580,100,2022-12-16,2024-10-16,7406,,2021-09-13,2021-11-16,private
115450,"HLB Therapeutics Co.,Ltd.",에이치엘비테라퓨틱스(주),20210728000339,CB,2021-07-28,무기명식 이권부 사모 전환사채,,,,,,,,,,,,,private
115450,"HLB Therapeutics Co.,Ltd.",에이치엘비테라퓨틱스(주),20210106000146,CB,2021-01-06,무기명식 이권부 무보증 사모 전환사채,10000000000,0,3,2026-01-08,29541,100,2022-01-08,2025-12-08,20679,,2021-01-08,2021-01-08,private
115450,"HLB Therapeutics Co.,Ltd.",에이치엘비테라퓨틱스(주),20230616000541,CB,2023-06-16,무기명식 이권부 무보증 사모 전환사채,2500000000,0,1,2026-06-16,5149,100,2024-06-16,2026-05-15,3604,,2023-06-16,2023-06-16,private
115450,"HLB Therapeutics Co.,Ltd.",에이치엘비테라퓨틱스(주),20240327001147,CB,2024-03-22,무기명식 무보증 사모 전환사채,20000000000,1,2,2027-04-01,10376,100,2025-04-01,2027-02-28,7264,,2024-03-26,2024-04-01,private
115450,"HLB Therapeutics Co.,Ltd.",에이치엘비테라퓨틱스(주),20250620000292,CB,2025-06-20,무기명식 무보증 사모 전환사채,10000000000,1,2,2028-07-03,9329,100,2026-07-03,2028-06-02,6531,,2025-06-25,2025-07-03,private
115450,"HLB Therapeutics Co.,Ltd.",에이치엘비테라퓨틱스(주),20251120000562,CB,2025-11-20,무기명식 무보증 사모 전환사채,17000000000,1,2,2028-12-04,3342,100,2026-12-04,2028-11-03,2340,,2025-11-27,2025-12-04,private
115450,"HLB Therapeutics Co.,Ltd.",에이치엘비테라퓨틱스(주),20260821000006,CB,2025-02-26,무기명식 무보증 사모 전환사채,5000000000,1,2,2028-02-28,10169,100,2026-02-28,2028-01-27,7119,,2025-02-26,2025-02-28,private
115450,"HLB Therapeutics Co.,Ltd.",에이치엘비테라퓨틱스(주),20260821000007,CB,2024-11-15,무기명식 무보증 사모 전환사채,6000000000,1,2,2027-11-21,9585,100,2025-11-21,2027-10-20,6710,,2024-11-19,2024-11-21,private
115450,"HLB Therapeutics Co.,Ltd.",에이치엘비테라퓨틱스(주),20160609000313,EB,2016-06-09,"무기명식무보증
사모
교환사채",8000000000,1.5,3,2019-06-10,18200,100,2016-09-10,2019-05-10,,"not applicable (EB is exchanged for already-issued shares, not newly issued)",2016-06-10,2016-06-10,private
260870,SK Signet Inc.,SK시그넷(주),20180619000342,CB,2018-06-19,무기명식 이권부 무보증 사모전환사채,10000000000,0,2,2023-06-19,15357,100,2019-06-19,2023-06-18,,,2018-06-19,2018-06-19,private
260870,SK Signet Inc.,SK시그넷(주),20171221000108,CB,2017-12-20,기명식 무보증 사모 전환사채,4300000000,2,6,2022-12-21,13000,100,2018-12-21,2022-12-20,,,2017-12-21,2017-12-21,private
260870,SK Signet Inc.,SK시그넷(주),20180126000179,CB,2018-01-25,기명식 무보증 사모 전환사채,6700000000,2,6,2023-01-26,15357,100,2019-01-26,2023-01-25,,,2018-01-26,2018-01-26,private
260870,SK Signet Inc.,SK시그넷(주),20170530000115,CB,2017-05-11,기명식 무보증 사모 전환사채,2000000000,1,7,2027-05-12,10000,100,2017-05-12,2027-05-11,,,2017-05-12,2017-05-12,private
260870,SK Signet Inc.,SK시그넷(주),20161227000322,CB,2016-12-19,기명식 무보증 사모 전환사채,500000000,0,0,2021-12-18,10000,100,2016-12-19,2021-12-17,,,2016-12-19,2016-12-19,private
260870,SK Signet Inc.,SK시그넷(주),20170726000289,CB,2017-07-25,기명식 무보증 사모 전환사채,4000000000,1,8,2022-07-26,13000,100,2017-08-26,2022-07-25,,,2017-07-26,2017-07-26,private
194700,"NOVAREX Co., Ltd.",(주)노바렉스,20251210000288,EB,2025-12-10,무기명식 무보증 사모 교환사채,8757500000,0,0,2030-06-30,17515,100,2026-01-30,2030-05-30,,"not applicable (EB is exchanged for already-issued shares, not newly issued)",2025-12-30,2025-12-30,private
215600,"SillaJen, Inc.",신라젠(주),20200423000193,CB,2020-04-23,무기명식 무보증 사모 전환사채,5000000000,0,0,2025-04-24,13016,100,2021-04-24,2025-03-24,,,2020-04-24,2020-04-24,private
215600,"SillaJen, Inc.",신라젠(주),20200423000196,CB,2020-04-23,무기명식 무보증 사모 전환사채,5000000000,0,1,2025-04-24,13016,100,2021-04-24,2025-03-24,,,2020-04-24,2020-04-24,private
215600,"SillaJen, Inc.",신라젠(주),20200423000215,CB,2020-04-23,무기명식 무보증 사모 전환사채,10000000000,0,3,2025-04-24,13016,100,2021-04-24,2025-03-24,,,2020-04-24,2020-04-24,private
215600,"SillaJen, Inc.",신라젠(주),20190319000619,CB,2019-03-19,무기명식 무보증 사모 전환사채,110000000000,1,3,2024-03-21,70111,100,2020-03-21,2024-02-21,,,2019-03-21,2019-03-21,private
215600,"SillaJen, Inc.",신라젠(주),20160128000097,CB,2016-01-27,기명식 무보증 사모 전환사채,22500000000,0,6,2020-07-28,20187,100,2017-01-28,2020-06-28,,,2016-01-28,2016-01-28,private
215600,"SillaJen, Inc.",신라젠(주),20160203000273,CB,2016-02-02,기명식 무보증사모 전환사채,4900000000,0,6,2020-08-03,20187,100,2017-02-03,2020-07-03,,,2016-02-03,2016-02-03,private
215600,"SillaJen, Inc.",신라젠(주),20160401001934,CB,2016-03-31,기명식 무보증사모 전환사채,12600000000,0,6,2020-10-01,20187,100,2017-04-01,2020-09-01,,,2016-04-01,2016-04-01,private
215600,"SillaJen, Inc.",신라젠(주),20250326001290,CB,2025-03-26,무기명식 이권부 무보증 사모 전환사채,1000000000,,3,2028-04-01,2360,100,2026-04-01,2028-03-01,,,2025-03-28,2025-04-01,private
214450,"PharmaResearch Co., Ltd.",(주)파마리서치,20211026000296,CB,2021-10-26,무기명식 이권부 무보증 사모 전환사채,25000000000,0,0,2026-10-28,88011,100,2022-10-28,2026-09-28,,,2021-10-28,2021-10-28,private
214450,"PharmaResearch Co., Ltd.",(주)파마리서치,20211026000301,BW,2021-10-26,무기명식 이권부 무보증 사모 신주인수권부사채,25000000000,0,0,2026-10-28,88011,100,2022-10-28,2026-09-28,,,2021-10-28,2021-10-28,private
203650,"Dream Security Co.,Ltd.",(주)드림시큐리티,20210705000222,CB,2021-07-05,무기명식 사모 전환사채,40000000000,0,0,2024-07-07,5565,100,2022-07-07,2024-06-07,3896,,2021-07-07,2021-07-07,private
203650,"Dream Security Co.,Ltd.",(주)드림시큐리티,20240403003428,CB,2024-04-03,무기명식 사모 전환사채,10000000000,0,0,2027-04-05,3686,100,2025-04-05,2027-03-05,2581,,2024-04-05,2024-04-05,private
203650,"Dream Security Co.,Ltd.",(주)드림시큐리티,20260722000529,CB,2026-07-22,무기명식 무보증 사모 전환사채,25000000000,0,0,2031-07-30,2118,100,2027-07-30,2031-06-30,,,2026-07-30,2026-07-30,private
299900,"WYSIWYG STUDIOS CO., LTD.",(주)위지윅스튜디오,20250618000260,CB,2025-06-18,무기명식 이권부 무보증 사모 전환사채,22300000000,0,0,2028-06-20,1377,100,2026-06-20,2028-05-20,964,,2025-06-20,2025-06-20,private
307870,"B2En Co., Ltd.",(주)비투엔,20220223003418,CB,2022-02-23,무기명식 이권부 무보증 사모 전환사채,9000000000,0,3,2026-02-25,3360,100,2023-02-25,2026-01-25,2355,,,2022-02-25,private
307870,"B2En Co., Ltd.",(주)비투엔,20240115000347,CB,2024-01-15,무기명식 이권부 무보증 사모 전환사채,2000000000,0,3,2027-01-17,2100,100,2025-01-17,2026-12-17,1470,,2024-01-17,2024-01-17,private
307870,"B2En Co., Ltd.",(주)비투엔,20240425000219,CB,2023-07-18,무기명식 이권부 무보증 사모 전환사채,5000000000,2,6,2027-04-26,1678,100,2025-04-26,2027-03-26,1175,,2024-04-25,2024-04-26,private
307870,"B2En Co., Ltd.",(주)비투엔,20240425000216,CB,2023-07-13,무기명식 이권부 무보증 사모 전환사채,7000000000,2,6,2027-04-26,1678,100,2025-04-26,2027-03-26,1175,,2024-04-25,2024-04-26,private
307870,"B2En Co., Ltd.",(주)비투엔,20260324000486,CB,2026-03-20,무기명식 이권부 무보증 사모 전환사채,15000000000,2,6,2029-03-30,1051,100,2027-03-30,2029-02-28,736,,2026-03-24,2026-03-30,private
263920,"HuM&C Co., Ltd.",(주)휴엠앤씨,20190108000439,CB,2018-11-01,"무기명식 이권부
무보증 
사모전환사채",50000000000,0,5,2022-01-08,4965,100,2020-01-09,2021-12-08,,,2018-11-01,2019-01-08,private
263920,"HuM&C Co., Ltd.",(주)휴엠앤씨,20191107000329,CB,2019-03-12,"무기명식 이권부
무보증 사모전환사채",,4,5,2022-11-07,15650,100,2020-11-08,2022-10-07,,,2019-03-12,2019-11-07,private
432720,"QUALITAS SEMICONDUCTOR CO., LTD.",(주)퀄리타스반도체,20250902000219,CB,2025-09-02,무기명식 이권부 무보증 사모 전환사채,30000000000,0,0,2030-09-10,12942,100,2026-09-10,2030-08-10,11001,,2025-09-10,2025-09-10,private
016100,"LEADERS COSMETICS CO., LTD.",(주)리더스코스메틱,20151013000305,CB,2015-10-13,무기명식 무보증 사모 전환사채,8000000000,0,1,2020-10-14,37172,100,2016-10-14,2020-09-14,,,2015-10-14,2015-10-14,private
016100,"LEADERS COSMETICS CO., LTD.",(주)리더스코스메틱,20190731000576,CB,2019-07-31,무기명식 이권부 무보증 사모 전환사채,21500000000,0,2,2024-02-02,7395,100,2020-08-02,2024-01-02,,,2019-08-02,2019-08-02,private
016100,"LEADERS COSMETICS CO., LTD.",(주)리더스코스메틱,20151013000306,BW,2015-10-13,무기명식 이권부 무보증 비분리형 신주인수권부사채,8000000000,0,1,2020-10-14,37172,100,2016-10-14,2020-09-14,,,2015-10-14,2015-10-14,private
016100,"LEADERS COSMETICS CO., LTD.",(주)리더스코스메틱,20191021000179,EB,2019-10-21,무기명식 이권부 무보증 사모 교환사채,4000000000,0,0,2022-10-23,6245,100,2019-11-06,2022-09-23,,"not applicable (EB is exchanged for already-issued shares, not newly issued)",2019-10-23,2019-10-23,private
016100,"LEADERS COSMETICS CO., LTD.",(주)리더스코스메틱,20151013000298,EB,2015-10-13,무기명식 이권부 무보증 교환사채,10000000000,0,0,2020-10-14,40889,100,2015-11-14,2020-09-14,,"not applicable (EB is exchanged for already-issued shares, not newly issued)",2015-10-14,2015-10-14,private
109960,APTOCROM Inc.,(주)앱토크롬,20150617000100,CB,2015-05-26,무기명무보증사모전환사채,10000000000,1,4,2018-06-17,8020,100,2016-06-17,2018-05-17,,,2015-05-26,2015-06-17,private
109960,APTOCROM Inc.,(주)앱토크롬,20170110000773,CB,2016-11-08,무기명무보증사모전환사채,20000000000,2,4,2020-01-11,4515,100,2018-01-11,2019-12-11,,,2016-11-09,2017-01-11,private
109960,APTOCROM Inc.,(주)앱토크롬,20160620000400,CB,2016-06-10,무기명무보증사모전환사채,19200000000,1,4,2019-06-22,6030,100,2017-06-22,2019-05-22,,,2016-06-10,2016-06-22,private
109960,APTOCROM Inc.,(주)앱토크롬,20230718000266,BW,2023-06-09,무기명식 이권부 무보증 공모 신주인수권부사채,40000000000,3,5,2026-07-25,1276,100,2023-08-25,2026-06-25,894,,2023-07-20,2023-07-25,public
145020,"Hugel, Inc.",휴젤(주),20230714000596,CB,2017-04-16,무기명식 무보증 사모 전환사채,99999984000,0,0,2026-07-14,124800,100,2018-07-14,2026-07-14,,,2017-04-18,2017-07-14,private
369370,"Blitzway Entertainment Co., Ltd.",(주)블리츠웨이엔터테인먼트,20231024000113,CB,2023-10-24,국내 무기명식 이권부 무보증 사모 전환사채,3000000000,0,3,2028-10-27,2101,100,2024-11-16,2028-09-27,,,2023-10-26,2023-10-27,private
369370,"Blitzway Entertainment Co., Ltd.",(주)블리츠웨이엔터테인먼트,20231025000419,CB,2023-10-24,국내 무기명식 이권부 무보증 사모 전환사채,2000000000,0,3,2028-11-16,2101,100,2024-11-16,2028-10-16,,,2023-10-26,2023-11-16,private
950220,"NeoImmuneTech, Inc.",주식회사 네오이뮨텍,20240925000391,CB,2024-09-25,"무기명식 이권부 
무보증 사모 전환사채",12000000000,0,7,2027-09-30,7950,100,2025-09-30,2027-08-31,5965,,2024-09-27,2024-09-30,private
424960,"Smart Radar System, Inc.",(주)스마트레이더시스템,20240514001614,CB,2024-05-14,무기명식 이권부 무보증 사모전환사채,10000000000,0,0,2027-05-17,12765,100,2025-05-17,2027-04-17,10212,,2024-05-17,2024-05-17,private
424960,"Smart Radar System, Inc.",(주)스마트레이더시스템,20260317000696,CB,2026-03-17,무기명식 이권부 무보증 사모 전환사채,25000000000,0,0,2031-03-25,6795,100,2027-03-25,2031-02-25,,,2026-03-25,2026-03-25,private
405000,"Plasmapp Co., Ltd.",주식회사 플라즈맵,20231221000516,CB,2023-12-21,무기명식 이권부 무보증 사모 전환사채,2000000000,0,5,2026-12-28,4080,100,2024-12-28,2026-11-28,2860,,2023-12-26,2023-12-28,private
405000,"Plasmapp Co., Ltd.",주식회사 플라즈맵,20250326001273,CB,2023-01-25,무기명식 무이권부 무보증 사모 전환사채,12000000000,0,0,2028-01-30,6440,100,2024-01-30,2027-12-30,4510,,2023-01-27,2023-01-30,private
002630,ORIENTBIO Inc.,(주)오리엔트바이오,20151014000380,CB,2015-10-14,무기명식 이권부 무보증 사모 전환사채,7000000000,0,3,2018-10-16,1215,100,2016-10-16,2018-09-16,,,2015-10-16,2015-10-16,private
002630,ORIENTBIO Inc.,(주)오리엔트바이오,20160602000277,CB,2016-06-01,무기명식 이권부 무보증 사모 전환사채,10000000000,0,2,2019-06-03,2510,100,2017-06-03,2019-05-03,,,,2016-06-03,private
002630,ORIENTBIO Inc.,(주)오리엔트바이오,20170518000028,BW,2017-04-14,국내 무기명식 이권부 무보증 신주인수권부사채,30000000000,0,3,2021-05-25,1205,100,2017-06-25,2021-04-25,,,2017-05-22,2017-05-25,public
002630,ORIENTBIO Inc.,(주)오리엔트바이오,20180205000416,BW,2018-01-24,국내 무기명식 이권부 무보증 신주인수권부사채,20000000000,0,3,2021-02-13,1135,100,2018-03-13,2021-01-13,,,2018-02-08,2018-02-13,public
001440,"Taihan Cable & Solution Co., Ltd.",대한전선(주),20241119000120,CB,2024-11-19,"무기명식 무이권부 무보증
사모 전환사채",110000000000,0,0,2027-11-29,11524,100,2025-11-30,2027-10-29,,,2024-11-21,2024-11-29,private
159910,"EcoGlow Co., Ltd.",(주)에코글로우,20150302001097,CB,2015-02-26,무기명식 무보증  사모 전환사채,7800000000,1,4,2018-03-04,5893,100,2016-03-04,2018-03-02,,,2015-03-02,2015-03-04,private
159910,"EcoGlow Co., Ltd.",(주)에코글로우,20150904000369,CB,2015-09-04,무기명식 이권부 무보증 사모 전환사채,11000000000,2,5,2018-09-08,1793,100,2016-09-08,2018-08-08,,,2015-09-08,2015-09-08,private
159910,"EcoGlow Co., Ltd.",(주)에코글로우,20150904000390,CB,2015-09-04,무기명식 이권부 무보증 사모 전환사채,5400000000,2,5,2018-09-08,1793,100,2016-09-08,2018-08-08,,,2015-09-08,2015-09-08,private
159910,"EcoGlow Co., Ltd.",(주)에코글로우,20180622000548,CB,,,0,0,0,,,,,,,,,,private
159910,"EcoGlow Co., Ltd.",(주)에코글로우,20170324001323,CB,2017-01-11,무기명 이권부 무보증 사모 전환사채,,2,5,2020-03-24,1076,100,2018-03-24,2020-02-24,,,2017-01-13,2017-03-24,private
159910,"EcoGlow Co., Ltd.",(주)에코글로우,20171205000461,CB,2017-12-05,무기명 이권부 무보증 사모 전환사채,9026957456,,1,2020-12-05,1212,100,2018-12-05,2020-11-05,,,2017-12-05,2017-12-05,private
159910,"EcoGlow Co., Ltd.",(주)에코글로우,20160114000327,CB,2016-01-14,무기명 이권부 무보증 사모 전환사채,2000000000,1,3,2019-01-13,2023,100,2017-01-15,2019-01-11,,,2016-01-14,2016-01-14,private
159910,"EcoGlow Co., Ltd.",(주)에코글로우,20170510002502,CB,2017-05-10,무기명 이권부 무보증 사모 전환사채,3002000000,,3,2020-05-10,1120,100,2018-05-10,2020-04-10,,,2017-05-10,2017-05-10,private
159910,"EcoGlow Co., Ltd.",(주)에코글로우,20260721001320,CB,2026-07-21,무기명식 이권부 무보증 사모 전환사채,500000000,0,5,2029-07-29,3065,100,2027-07-29,2029-06-29,2146,,2026-07-29,2026-07-29,private
159910,"EcoGlow Co., Ltd.",(주)에코글로우,20240828000917,CB,2024-07-29,무기명식 이권부 무보증 사모 전환사채,2000000000,0,6,2027-08-30,1134,100,2025-08-30,2027-07-30,794,,2024-07-31,2024-08-30,private
159910,"EcoGlow Co., Ltd.",(주)에코글로우,20250404004115,CB,2025-02-13,무기명식 이권부 무보증 사모 전환사채,2000000000,2,6,2028-02-19,654,100,2026-02-19,2028-01-19,458,,2025-02-17,2025-02-19,private
159910,"EcoGlow Co., Ltd.",(주)에코글로우,20251216000499,CB,2025-05-19,무기명식 이권부 무보증 사모 전환사채,2000000000,2,6,2028-12-16,759,100,2026-12-16,2028-11-16,532,,2025-12-10,2025-12-16,private
159910,"EcoGlow Co., Ltd.",(주)에코글로우,20251212000487,CB,2025-05-19,무기명식 이권부 무보증 사모 전환사채,6000000000,0,0,2030-12-16,759,100,2026-12-16,2030-11-16,,,2025-12-12,2025-12-16,private
159910,"EcoGlow Co., Ltd.",(주)에코글로우,20251212000504,CB,2024-07-29,무기명식 이권부 무보증 사모 전환사채,4000000000,2,6,2028-01-22,616,100,2026-01-22,2027-12-22,432,,2025-01-21,2025-01-22,private
159910,"EcoGlow Co., Ltd.",(주)에코글로우,20260515002466,CB,2026-05-14,무기명식 이권부 무보증 사모 전환사채,9500000000,2,6,2029-05-22,3420,100,2027-05-22,2029-04-22,2394,,2026-05-22,2026-05-22,private
159910,"EcoGlow Co., Ltd.",(주)에코글로우,20260212001185,CB,2026-02-12,무기명식 이권부 무보증 사모 전환사채,1000000000,0,0,2029-03-11,586,100,2027-03-11,2029-02-11,,,2026-03-11,2026-03-11,private
159910,"EcoGlow Co., Ltd.",(주)에코글로우,20170102000322,BW,2016-12-09,무기명식 이권부 무보증 사모 비분리형 신주인수권부사채,8000000000,7,7,2020-01-02,936,100,2018-01-02,2019-12-02,,,2016-12-13,2017-01-02,private
352770,Celestra Inc.,주식회사 셀레스트라,20210702000169,CB,2021-07-02,무기명식 이권부 무보증  무담보 사모 전환사채,30000000000,0,0,2026-07-07,15629,100,2022-07-07,2026-06-07,10940,,2021-07-06,2021-07-07,private
352770,Celestra Inc.,주식회사 셀레스트라,20240503000002,CB,2023-12-15,제2회 무기명식 이권부 무보증 사모 전환사채,13000016250,0,0,2027-05-07,1819,100,2025-05-07,2027-04-07,1274,,2024-05-02,2024-05-07,private
352770,Celestra Inc.,주식회사 셀레스트라,20240514001349,CB,2024-05-14,제4회 무기명식 이권부 무보증 사모 전환사채,4000000000,0,0,2027-05-17,1554,100,2025-05-17,2027-04-17,1088,,2024-05-14,2024-05-17,private
352770,Celestra Inc.,주식회사 셀레스트라,20240503000661,CB,2023-12-15,제3회 무기명식 이권부 무보증 사모 전환사채,12000000000,3,9,2027-05-08,1819,100,2025-05-08,2027-04-08,1273,,2024-05-02,2024-05-08,private
352770,Celestra Inc.,주식회사 셀레스트라,20250318001060,CB,2024-08-07,제5회 무기명식 이권부 무보증 사모 전환사채,5500000000,2,2,2028-03-18,666,100,2026-03-18,2028-02-18,467,,2025-03-10,2025-03-18,private
352770,Celestra Inc.,주식회사 셀레스트라,20230221001580,EB,2023-02-21,무기명식 무보증 사모 교환사채,2300000000,0,3,2028-02-27,8707,100,2023-02-28,2028-01-27,,"not applicable (EB is exchanged for already-issued shares, not newly issued)",2023-02-23,2023-02-27,private
298000,Hyosung Chemical Corporation,효성화학(주),20251031000547,CB,2025-10-31,무기명식 이권부 무보증 후순위 전환사채,100000000000,4,4,2055-12-03,38900,100,2026-12-04,2055-11-03,,,2025-12-03,2025-12-03,private
180400,"Dx & Vx Co., Ltd.",디엑스앤브이엑스(주),20180412002410,CB,2018-02-26,무기명식 이권부 무보증 사모 전환사채,10000000000,1,2.5,2023-04-13,57100,100,2019-04-13,2023-03-13,,,2018-02-28,2018-04-13,private
180400,"Dx & Vx Co., Ltd.",디엑스앤브이엑스(주),20220908000604,CB,2022-09-07,무기명식 무보증 사모 전환사채,17800000000,0,0,2025-09-08,5010,100,2023-09-08,2025-08-08,,,2022-09-08,2022-09-08,private
180400,"Dx & Vx Co., Ltd.",디엑스앤브이엑스(주),20221006000396,CB,2022-10-06,무기명식 무보증 사모 전환사채,17000000000,0,0,2025-10-06,5010,100,2024-04-06,2025-09-06,,,2022-10-06,2022-10-06,private
180400,"Dx & Vx Co., Ltd.",디엑스앤브이엑스(주),20171116000106,BW,2017-10-30,"무기명식 이권부 무보증 비분리형
사모 신주인수권부사채",5000000000,1,2.5,2022-11-23,16600,100,2018-11-23,2022-10-23,,,2017-11-01,2017-11-23,private
180400,"Dx & Vx Co., Ltd.",디엑스앤브이엑스(주),20171221000325,BW,2017-10-30,"무기명식 이권부 무보증 비분리형
사모 신주인수권부사채",5000000000,1,2.5,2020-12-22,16600,100,2018-12-22,2020-11-22,,,2017-11-01,2017-12-22,private
056730,CNT85 Inc.,씨앤티85(주),20150406002188,CB,2015-04-03,무기명식 이권부 무보증 사모 전환사채,500000000,,4,2018-04-06,1311,100,2016-04-06,2018-03-06,,,2015-04-03,2015-04-03,private
056730,CNT85 Inc.,씨앤티85(주),20150528000664,CB,2015-05-28,무기명식 이권부 무보증 사모 전환사채,1000000000,,4,2018-05-28,1139,100,2016-05-28,2018-04-28,,,2015-05-28,2015-05-28,private
056730,CNT85 Inc.,씨앤티85(주),20181108000384,CB,2018-11-08,무기명식 이권부 무보증 사모 전환사채,4000000000,5,5,2021-11-09,1895,100,2019-11-09,2021-10-09,,,2018-11-09,2018-11-09,private
056730,CNT85 Inc.,씨앤티85(주),20191108000273,CB,2018-02-01,무기명식 이권부 무보증 사모 전환사채,5000000000,6,6,2021-02-12,3203,100,2019-02-12,2021-01-12,,,2018-02-01,2018-02-12,private
056730,CNT85 Inc.,씨앤티85(주),20191108000320,CB,2018-11-23,무기명식 이권부 무보증 사모 전환사채,20000000000,5,5,2021-12-12,2148,100,2019-12-12,2021-11-12,,,2018-11-26,2018-12-12,private
056730,CNT85 Inc.,씨앤티85(주),20190531001817,CB,,무기명식 이권부 무보증 사모 전환사채,,,,,,,,,,,,,private
056730,CNT85 Inc.,씨앤티85(주),20160803000508,CB,2016-08-03,무기명식 이권부 무보증 사모 전환사채,1000000000,4,4,2019-08-04,1379,100,2017-08-04,2019-07-03,,,2016-08-04,2016-08-04,private
056730,CNT85 Inc.,씨앤티85(주),20160811000372,CB,2016-08-11,무기명식 이권부 무보증 사모 전환사채,900000000,4,4,2021-08-11,1346,100,2017-08-11,2021-07-11,,,2016-08-11,2016-08-11,private
056730,CNT85 Inc.,씨앤티85(주),20160826000372,CB,2016-08-26,무기명식 담보부 사모 전환사채,1200000000,4,4,2019-08-30,1282,100,2017-08-30,2019-07-30,,,2016-08-30,2016-08-30,private
056730,CNT85 Inc.,씨앤티85(주),20160902000207,CB,2016-09-02,무기명식 담보부 사모 전환사채,1000000000,4,4,2019-09-02,1333,100,2017-09-02,2019-08-02,,,2016-09-02,2016-09-02,private
056730,CNT85 Inc.,씨앤티85(주),20160322000433,CB,2016-03-22,무기명식 이권부 무보증 사모 전환사채,2000000000,9,9,2019-03-23,2173,100,2017-03-23,2019-02-23,,,2016-03-22,2016-03-23,private
056730,CNT85 Inc.,씨앤티85(주),20170613000280,CB,2017-06-13,무기명식 이권부 무보증 사모 전환사채,5000000000,6,6,2020-06-15,4982,100,2018-06-15,2020-05-15,,,2017-06-12,2017-06-15,private
056730,CNT85 Inc.,씨앤티85(주),20170613000304,CB,2017-06-13,무기명식 이권부 무보증 사모 전환사채,3000000000,4,4,2020-06-16,5566,100,2018-06-16,2020-05-16,,,2017-06-15,2017-06-16,private
056730,CNT85 Inc.,씨앤티85(주),20170113000468,CB,2017-01-12,무기명식 이권부 무보증 사모 전환사채,2000000000,9,9,2020-01-12,3506,100,2018-01-12,2019-12-12,,,2017-01-12,2017-01-12,private
056730,CNT85 Inc.,씨앤티85(주),20170210000503,CB,2017-02-10,무기명식 이권부 무보증 사모 전환사채,3000000000,9,9,2020-02-13,5338,100,2018-02-13,2020-01-13,,,2017-02-10,2017-02-13,private
056730,CNT85 Inc.,씨앤티85(주),20170303000476,CB,2017-01-12,무기명식 이권부 무보증 사모 전환사채,10000000000,4,4,2020-03-03,3506,100,2018-03-03,2020-02-03,,,2017-01-17,2017-03-03,private
056730,CNT85 Inc.,씨앤티85(주),20210317000692,CB,2021-03-17,무기명식 무보증 이권부사모 전환사채,5300000000,2,5,2024-03-18,500,100,2022-03-18,2024-02-18,500,,2021-03-17,2021-03-18,private
056730,CNT85 Inc.,씨앤티85(주),20201023000567,CB,2020-10-23,무기명식 무보증 이권부사모 전환사채 (담보有),5000000000,2,5,2023-10-23,500,100,2021-10-23,2023-09-23,500,,2020-10-23,2020-10-23,private
056730,CNT85 Inc.,씨앤티85(주),20201023000568,CB,2020-10-23,무기명식 무보증 이권부사모 전환사채 (담보有),5000000000,2,5,2023-10-23,500,100,2021-10-23,2023-09-23,500,,2020-10-23,2020-10-23,private
056730,CNT85 Inc.,씨앤티85(주),20201023000569,CB,2020-10-23,무기명식 무보증 이권부사모 전환사채,20000000000,2,5,2023-10-23,500,100,2021-10-23,2023-09-23,500,,2020-10-23,2020-10-23,private
056730,CNT85 Inc.,씨앤티85(주),20190531001822,BW,,무기명식 이권부 무보증 사모 비분리형 신주인수권부사채,,,,,,,,,,,,,private
064350,Hyundai-Rotem Co.,현대로템(주),20200605000090,CB,2020-03-25,국내 무기명식 이권부 무보증 공모 전환사채,240000000000,1,3.7,2023-06-17,9750,100,2020-07-17,2023-05-17,,,2020-06-12,2020-06-17,public
291650,Aptamer Sciences Inc,주식회사 압타머사이언스,20221004000378,CB,2022-10-04,무기명식 이권부 무보증 사모 전환사채,16500000000,0,0,2027-10-06,8116,100,2023-10-06,2027-09-06,,,2022-10-06,2022-10-06,private
291650,Aptamer Sciences Inc,주식회사 압타머사이언스,20250925000611,CB,2025-09-08,무기명식 무보증 사모 전환사채,12000000000,0,1,2028-10-23,1070,100,2026-10-24,2028-09-23,,,2025-10-24,2025-10-24,private
291650,Aptamer Sciences Inc,주식회사 압타머사이언스,20260121000383,CB,2026-01-16,무기명식 무보증 사모 전환사채,7000000000,0,1,2029-02-11,960,100,2027-02-12,2029-01-12,,,2026-02-12,2026-02-12,private
122900,iMarketKorea Inc.,(주)아이마켓코리아,20250513000712,EB,2025-05-13,무기명식 무보증 사모 교환사채,18957425000,0,0,2030-05-15,9650,100,2025-05-22,2030-04-15,,"not applicable (EB is exchanged for already-issued shares, not newly issued)",2025-05-15,2025-05-15,private
122900,iMarketKorea Inc.,(주)아이마켓코리아,20230510000727,EB,2023-05-10,무기명식 무보증 사모 교환사채,23269502500,0,0,2028-05-12,11845,100,2023-05-19,2028-04-12,,"not applicable (EB is exchanged for already-issued shares, not newly issued)",2023-05-12,2023-05-12,private
117670,"Alphachips, Inc.",(주)알파칩스,20180828000257,CB,2018-08-27,무기명식 이권부 무보증 사모 전환사채,14000000000,0,3,2022-09-04,13800,100,2020-09-04,2022-08-04,,,2018-08-27,2018-09-04,private
117670,"Alphachips, Inc.",(주)알파칩스,20190425000001,CB,2019-04-24,무기명식 이권부 무보증 사모 전환사채,14300000000,1,3,2022-04-26,10800,100,2020-04-26,2022-03-26,,,2019-04-24,2019-04-26,private
117670,"Alphachips, Inc.",(주)알파칩스,20180914000194,CB,2018-08-27,무기명식 이권부 무보증 사모 전환사채,9000000000,1,3,2021-09-14,13800,100,2019-11-14,2021-08-14,,,2018-08-27,2018-09-14,private
117670,"Alphachips, Inc.",(주)알파칩스,20190529000095,CB,2019-05-29,무기명식 이권부 무보증 사모 전환사채,1500000000,2,3,2022-05-30,10050,100,2020-05-30,2022-04-30,,,2019-05-29,2019-05-30,private
117670,"Alphachips, Inc.",(주)알파칩스,20171219000405,CB,2017-12-19,무기명식 이권부 무보증 사모 전환사채,15000000000,2,3,2021-03-30,9560,100,2019-03-30,2021-02-28,,,2017-12-19,2018-03-30,private
117670,"Alphachips, Inc.",(주)알파칩스,20170929000754,CB,2016-08-23,"무기명식 이권부 무보증 
사모 전환사채",,3.5,3.5,2020-10-30,9560,100,2018-10-30,2020-09-30,,,2016-08-23,2017-10-30,private
117670,"Alphachips, Inc.",(주)알파칩스,20210201000476,CB,2021-01-29,무기명식 이권부 무보증 사모 전환사채,3000000000,1,3,2024-02-01,6720,100,2022-02-01,2024-01-01,500,,2021-01-29,2021-02-01,private
117670,"Alphachips, Inc.",(주)알파칩스,20210427000461,CB,2021-04-27,무기명식 이권부 무보증 사모 전환사채,5000000000,1,3,2024-04-28,4720,100,2022-04-28,2024-03-28,500,,2021-04-27,2021-04-28,private
117670,"Alphachips, Inc.",(주)알파칩스,20220228006277,CB,2022-02-28,"무기명식 이권부 무보증
사모 전환사채",6000000000,2,3,2025-03-02,3285,100,2023-03-02,2025-02-02,500,,2022-02-28,2022-03-02,private
117670,"Alphachips, Inc.",(주)알파칩스,20220905000222,CB,2020-12-08,"무기명식 이권부 무보증
사모 전환사채",6000000000,1,3,2024-01-29,5030,100,2022-09-29,2023-12-29,500,,2020-12-08,2021-01-29,private
117670,"Alphachips, Inc.",(주)알파칩스,20161125000229,BW,2016-11-25,무기명식 이권부 무보증 비분리형  사모 신주인수권부사채,13000000000,3.5,3.5,2019-11-25,10450,100,2017-11-25,2019-10-25,,,2016-11-25,2016-11-25,private
064800,"PonyLink Co., Ltd.",(주)포니링크,20151218000409,CB,2015-12-17,무기명식 이권부 무보증 사모 전환사채,10000000000,3.75,3.75,2018-12-18,15650,100,2016-12-18,2018-12-18,,,2015-12-18,2015-12-18,private
064800,"PonyLink Co., Ltd.",(주)포니링크,20181212000367,CB,2017-02-14,무기명식 무보증 사모 전환사채,21500000000,0,4,2020-03-30,3457,100,2018-03-30,2020-02-29,,,2017-02-14,2017-03-30,private
064800,"PonyLink Co., Ltd.",(주)포니링크,20181212000372,CB,2017-03-30,무기명식 이권부 무보증 사모 전환사채,12200000000,3.75,3.75,2020-03-31,4902,100,2018-03-31,2020-02-29,,,2017-03-31,2017-03-31,private
064800,"PonyLink Co., Ltd.",(주)포니링크,20181212000379,CB,2018-01-22,무기명식 무보증 사모 전환사채,7000000000,0,4,2021-01-22,3487,100,2019-01-22,2020-12-22,,,2018-01-22,2018-01-22,private
064800,"PonyLink Co., Ltd.",(주)포니링크,20181213000429,CB,2017-03-30,무기명식 이권부 무보증 사모 전환사채,14900000000,3.75,3.75,2020-05-10,4127,100,2018-05-10,2020-04-10,,,2017-04-28,2017-05-10,private
064800,"PonyLink Co., Ltd.",(주)포니링크,20200518000167,CB,2020-05-18,국내 무기명식 무보증 사모 전환사채,5600000000,0,2,2023-05-18,1214,100,2021-05-18,2023-04-18,,,2020-05-18,2020-05-18,private
064800,"PonyLink Co., Ltd.",(주)포니링크,20160725000012,CB,2016-07-22,무기명식 이권부 무보증 사모 전환사채,10000000000,3,3,2019-07-25,6530,100,2017-07-25,2019-06-25,,,2016-07-25,2016-07-25,private
064800,"PonyLink Co., Ltd.",(주)포니링크,20160224000189,CB,2016-02-22,무기명식 이권부 무보증 사모 전환사채,5000000000,3.75,3.75,2019-02-24,14400,100,2017-02-24,2019-01-24,,,2016-02-24,2016-02-24,private
064800,"PonyLink Co., Ltd.",(주)포니링크,20161116000130,CB,2016-11-16,무기명식 이권부 무보증 사모 전환사채,6000000000,3.75,3.75,2019-12-02,4445,100,2017-12-02,2019-11-02,,,2016-11-18,2016-12-02,private
064800,"PonyLink Co., Ltd.",(주)포니링크,20160415000312,CB,2016-04-15,무기명식 무보증 사모 전환사채,2200000000,0,0,2019-04-19,23100,100,2017-04-19,2019-04-19,,,2016-04-19,2016-04-19,private
064800,"PonyLink Co., Ltd.",(주)포니링크,20210630000768,CB,2021-06-30,"국내 무기명식 
무보증 사모 전환사채",16600000000,0,2,2024-06-30,2008,100,2022-06-30,2024-05-30,1406,,2021-06-30,2021-06-30,private
064800,"PonyLink Co., Ltd.",(주)포니링크,20210630000747,CB,2021-06-30,국내 무기명식 무보증 사모 전환사채,5000000000,0,2,2024-06-30,2008,100,2022-06-30,2024-05-30,1406,,2021-06-30,2021-06-30,private
064800,"PonyLink Co., Ltd.",(주)포니링크,20241202000453,CB,2024-12-02,,,,,,,,,,,,,,private
064800,"PonyLink Co., Ltd.",(주)포니링크,20241129001798,CB,2024-02-27,"국내 무기명식 무보증 
사모 전환사채",15200000000,0,1,2027-11-29,1490,100,2025-11-29,2027-10-29,,,2024-11-29,2024-11-29,private
064800,"PonyLink Co., Ltd.",(주)포니링크,20250114000404,CB,2024-05-14,"국내 무기명식 
무보증 사모 전환사채",15300000000,0,3,2028-02-13,1292,100,2026-02-13,2028-01-13,,,2025-01-14,2025-02-13,private
064800,"PonyLink Co., Ltd.",(주)포니링크,20260616000268,CB,2026-05-29,국내 무기명식 무보증 사모 전환사채,10300000000,0,3,2031-06-16,2881,100,2027-06-16,2031-05-16,,,2026-06-08,2026-06-16,private
064800,"PonyLink Co., Ltd.",(주)포니링크,20160315000001,EB,2016-03-14,무기명식 이권부 무보증 사모 교환사채,9800000000,0,1,2019-03-22,14000,100,2016-09-22,2019-02-22,,"not applicable (EB is exchanged for already-issued shares, not newly issued)",2016-03-16,2016-03-22,private
002900,TYM CORPORATION,주식회사 티와이엠,20191224000124,CB,2019-12-19,국내 무기명식 이권부 무보증 사모 전환사채,7500000000,0,2.5,2022-12-27,952,100,2020-12-27,2022-11-27,,,2019-12-20,2019-12-27,private
002900,TYM CORPORATION,주식회사 티와이엠,20200103000182,CB,2020-01-03,국내 무기명식 이권부 무보증 사모 전환사채,6000000000,0,2.5,2023-01-07,1320,100,2021-01-07,2022-12-07,,,2020-01-07,2020-01-07,private
002900,TYM CORPORATION,주식회사 티와이엠,20200921000094,CB,2020-09-21,"국내 무기명식 이권부 
무보증 사모 전환사채",15000000000,0,0,2025-09-23,1365,100,2021-09-23,2025-08-23,956,,2020-09-23,2020-09-23,private
003240,"TAEKWANG INDUSTRIAL CO.,LTD",태광산업(주),20251124000030,EB,2025-11-24,,,0,0,,,,,,,"not applicable (EB is exchanged for already-issued shares, not newly issued)",,,private
059090,MiCo Ltd.,(주)미코,20150119000311,CB,2015-01-19,무기명식 이권부 무보증 사모 전환사채,5500000000,2,5,2019-07-20,1585,100,2016-01-20,2019-06-20,,,,2015-01-20,private
059090,MiCo Ltd.,(주)미코,20200529001687,CB,2020-05-29,무기명식 무보증 사모 전환사채,20000000000,0,0,2026-06-12,9523,100,2021-06-12,2026-05-12,,,2020-05-29,2020-06-12,private
059090,MiCo Ltd.,(주)미코,20210122000474,CB,2021-01-18,"무기명식 무보증 
사모 전환사채",12500000000,0,0,2027-01-25,16348,100,2022-01-25,2026-12-25,13896,,2021-01-18,2021-01-25,private
059090,MiCo Ltd.,(주)미코,20220412002398,CB,2022-04-12,"무기명식 무보증 
사모 전환사채",25000000000,0,0,2027-04-14,12928,100,2023-04-14,2027-03-14,,,2022-04-12,2022-04-14,private
059090,MiCo Ltd.,(주)미코,20220510000619,EB,2022-05-10,"무기명식 무보증 
사모 교환사채",29000000000,0,1,2027-05-13,97132,100,2023-05-13,2027-04-13,,"not applicable (EB is exchanged for already-issued shares, not newly issued)",2022-05-10,2022-05-13,private
059090,MiCo Ltd.,(주)미코,20220412002457,EB,2022-04-12,"무기명식 무보증 
사모 교환사채",15000000000,0,1,2027-04-14,55498,100,2023-04-14,2027-03-14,,"not applicable (EB is exchanged for already-issued shares, not newly issued)",2022-04-12,2022-04-14,private
059090,MiCo Ltd.,(주)미코,20220412002431,EB,2022-04-12,"무기명식 무보증 
사모 교환사채",15000000000,0,1,2027-04-14,35941,100,2023-04-14,2027-03-14,,"not applicable (EB is exchanged for already-issued shares, not newly issued)",2022-04-12,2022-04-14,private
050090,"BK Holdings CO.,LTD.",(주)비케이홀딩스,20151109000272,CB,2015-11-09,무기명식 무보증 이권부 사모 전환사채,3000000000,5,5,2018-11-12,1332,100,2016-11-12,2018-10-12,,,2015-11-11,2015-11-12,private
050090,"BK Holdings CO.,LTD.",(주)비케이홀딩스,20150828000591,CB,2015-08-28,무기명식 무보증 이권부 사모 전환사채,3500000000,2,5,2018-09-01,808,100,2016-09-01,2018-08-01,,,2015-09-01,2015-09-01,private
050090,"BK Holdings CO.,LTD.",(주)비케이홀딩스,20151228000311,CB,2015-12-28,무기명식 무보증 이권부 사모 전환사채,2000000000,5,5,2018-12-30,1498,100,2016-12-30,2018-11-30,,,,2015-12-30,private
103660,"CIAAT Co., Ltd.",(주)씨앗,20190927000549,CB,2019-09-26,"무기명식 이권부 무보증 사모
전환사채",2500000000,4.334,4.334,2022-09-27,5000,100,2019-09-30,2022-09-20,,,2019-09-26,2019-09-27,private
293780,Aptabio Therapeutics Inc.,압타바이오(주),20230816000330,CB,2023-08-16,"무기명식 이권부 무보증 
사모 전환사채",38900000000,0,3,2028-08-24,10342,100,2024-08-24,2028-07-24,7240,,2023-08-17,2023-08-24,private
402420,CALTH. Inc,주식회사 켈스,20250717000295,CB,2025-07-16,기명식 무보증 사모전환사채,2299999500,1,8,2030-07-23,4500,100,2028-07-24,2030-07-23,,,2025-07-24,2025-07-24,private
115480,CU MEDICAL SYSTEMS Inc.,(주)씨유메디칼시스템,20150710000293,CB,2015-07-10,무기명식 이권부 무보증 사모 전환사채,4000000000,1,3.5,2020-01-10,9550,100,2016-07-11,2019-12-10,,,2015-07-10,2015-07-10,private
115480,CU MEDICAL SYSTEMS Inc.,(주)씨유메디칼시스템,20200310000614,CB,2020-03-10,무기명식 이권부 무보증 사모 전환사채,6000000000,2,5,2023-03-17,2124,100,2021-03-17,2023-02-17,,,2020-03-12,2020-03-17,private
115480,CU MEDICAL SYSTEMS Inc.,(주)씨유메디칼시스템,20210329000393,CB,2021-03-26,무기명식 이권부 무보증 사모 전환사채,2000000000,4,7,2024-03-29,1893,100,2022-03-29,2024-02-29,1326,,2021-03-29,2021-03-29,private
115480,CU MEDICAL SYSTEMS Inc.,(주)씨유메디칼시스템,20180808000308,CB,2018-08-03,무기명식 이권부 무보증 사모 전환사채,6500000000,0,3,2021-08-10,3067,100,2019-08-10,2021-07-10,,,2018-08-07,2018-08-10,private
115480,CU MEDICAL SYSTEMS Inc.,(주)씨유메디칼시스템,20191112000099,CB,2019-05-16,무기명식 이권부 무보증 사모 전환사채,8000000000,1,4,2022-11-12,2709,100,2020-11-12,2022-10-12,,,2019-05-16,2019-11-12,private
115480,CU MEDICAL SYSTEMS Inc.,(주)씨유메디칼시스템,20190529000597,CB,2019-05-16,무기명식 이권부 무보증 사모 전환사채,5000000000,1,4,2022-05-31,2709,100,2020-05-31,2022-04-30,,,2019-05-16,2019-05-31,private
115480,CU MEDICAL SYSTEMS Inc.,(주)씨유메디칼시스템,20151221000299,CB,2015-12-21,무기명식 이권부 무보증 사모 전환사채,4000000000,1,3.5,2020-06-23,5702,100,2016-12-23,2020-05-23,,,2015-12-23,2015-12-23,private
115480,CU MEDICAL SYSTEMS Inc.,(주)씨유메디칼시스템,20260317000894,CB,2026-03-17,무기명식 무보증 사모 전환사채,7000000000,2,5,2029-03-30,533,100,2027-03-30,2029-02-28,374,,2026-03-19,2026-03-30,private
124500,"ITCENGLOBAL CO.,LTD.",(주)아이티센글로벌,20150727000233,CB,2015-07-24,무기명식 이권부 무보증 사모 전환사채,3700000000,0,2,2018-07-27,19650,100,2016-07-27,2018-06-27,,,2015-07-27,2015-07-27,private
124500,"ITCENGLOBAL CO.,LTD.",(주)아이티센글로벌,20180809000497,CB,2018-08-09,무기명식 무보증 사모 전환사채,13000000000,2,2,2023-08-28,3806,100,2019-08-28,2023-08-27,,,2018-08-13,2018-08-28,private
124500,"ITCENGLOBAL CO.,LTD.",(주)아이티센글로벌,20170201000327,CB,2017-02-01,무기명식 이권부 무보증 사모 전환사채,3000000000,0,1,2020-02-01,5308,100,2018-02-01,2020-01-01,,,2017-02-01,2017-02-01,private
124500,"ITCENGLOBAL CO.,LTD.",(주)아이티센글로벌,20210907000237,CB,2021-09-07,무기명식 이권부 무보증 사모 전환사채,16400000000,1,2,2026-09-15,5383,100,2022-09-15,2026-08-15,3769,,2021-09-07,2021-09-15,private
124500,"ITCENGLOBAL CO.,LTD.",(주)아이티센글로벌,20260508000526,CB,2026-04-30,무기명식 이권부 무보증 사모 전환사채,40000000000,0,1,2031-05-08,54315,100,2027-05-08,2031-04-29,38020,,2026-04-30,2026-05-08,private
079940,"GABIA,Inc.",(주)가비아,20241216000279,EB,2024-12-16,무기명식 무보증 사모 교환사채,2292160000,0,0,2029-12-18,17632,100,2025-01-18,2029-11-18,,"not applicable (EB is exchanged for already-issued shares, not newly issued)",2024-12-18,2024-12-18,private
079940,"GABIA,Inc.",(주)가비아,20241216000277,EB,2024-12-16,무기명식 무보증 사모 교환사채,9491450000,0,0,2029-12-18,9991,100,2025-01-18,2029-11-18,,"not applicable (EB is exchanged for already-issued shares, not newly issued)",2024-12-18,2024-12-18,private
168330,"Naturalendo Tech Co., Ltd",(주)내츄럴엔도텍,20190812000180,CB,2016-12-16,무기명식 무보증 사모 전환사채,30000000000,0,5,2022-12-20,17800,100,2017-12-21,2022-11-20,,,2016-12-20,2016-12-20,private
168330,"Naturalendo Tech Co., Ltd",(주)내츄럴엔도텍,20160830000106,CB,2016-08-30,무기명식 무보증 사모 전환사채,5000000000,0,3,2019-08-31,17800,100,2017-08-31,2019-07-31,,,2016-08-31,2016-08-31,private
168330,"Naturalendo Tech Co., Ltd",(주)내츄럴엔도텍,20161010000475,CB,2016-10-10,무기명식 무보증 사모 전환사채,5000000000,0,3,2019-10-11,17500,100,2017-10-11,2019-09-11,,,2016-10-11,2016-10-11,private
168330,"Naturalendo Tech Co., Ltd",(주)내츄럴엔도텍,20200629000399,CB,2020-05-27,무기명식 무보증 사모 전환사채,4000000000,0,3,2023-07-09,2525,100,2021-07-10,2023-06-30,,,2020-07-09,2020-07-09,private
372800,ITEYES Inc.,주식회사 아이티아이즈,20230725000030,CB,2023-07-18,무기명식 이권부 무보증 사모 전환사채,12000000000,1,2,2028-07-28,9487,100,2024-07-28,2028-06-28,6641,,2023-07-20,2023-07-28,private
372800,ITEYES Inc.,주식회사 아이티아이즈,20250115000254,CB,2025-01-15,무기명식 이권부 무보증 사모 전환사채,8000000000,0,3,2028-01-17,4797,100,2026-01-17,2027-12-17,3358,,2025-01-17,2025-01-17,private
372800,ITEYES Inc.,주식회사 아이티아이즈,20260224001624,CB,2026-02-03,무기명식 이권부 무보증 사모 전환사채,4100000000,0,3,2029-02-11,6372,100,2027-02-11,2029-01-11,4461,,2026-02-11,2026-02-11,private
372800,ITEYES Inc.,주식회사 아이티아이즈,20260204000306,EB,2026-02-03,무기명식 이권부 무보증 사모 교환사채,1000000000,0,0,2031-02-11,15464,100,2026-03-11,2031-01-11,,"not applicable (EB is exchanged for already-issued shares, not newly issued)",2026-02-11,2026-02-11,private
172670,"ALT Co.,Ltd.",(주)에이엘티,20240611000432,CB,2024-06-11,무기명식 무이권부 무보증 사모 전환사채,20000000000,0,0,2029-06-13,25500,100,2026-12-13,2029-05-13,,,2024-06-13,2024-06-13,private
016600,"Q Capital Partners Co., Ltd.",큐캐피탈파트너스(주),20190409002702,CB,2019-04-09,무기명식 이권부 무보증 사모 전환사채,13000000000,0,3.5,2022-04-10,693,100,2020-04-10,2022-03-10,,,2019-04-10,2019-04-10,private
016600,"Q Capital Partners Co., Ltd.",큐캐피탈파트너스(주),20170330001564,CB,2017-03-30,무기명식 이권부 무보증 사모 전환사채,7500000000,0,1,2020-03-31,1153,100,2018-03-31,2020-02-29,,,2017-03-31,2017-03-31,private
016600,"Q Capital Partners Co., Ltd.",큐캐피탈파트너스(주),20170717000290,CB,2017-07-17,무기명식 이권부 무보증 사모 전환사채,15000000000,0,1,2020-07-18,1159,100,2018-07-18,2020-06-18,,,2017-07-18,2017-07-18,private
016600,"Q Capital Partners Co., Ltd.",큐캐피탈파트너스(주),20230504000579,CB,2023-05-04,무기명식 이권부 무보증 사모 전환사채,9000000000,3,6.72,2024-06-08,702,100,2021-06-08,2024-05-08,500,,2020-06-03,2020-06-08,private
063080,Com2uS Holdings Corporation,(주)컴투스홀딩스,20220210000743,CB,2022-02-10,무기명식 무보증 무이권부 사모 전환사채,60000000000,0,0,2027-02-14,165900,100,2023-02-14,2027-01-14,,,2022-02-14,2022-02-14,private
037370,"EG Co., Ltd",(주)이지,20200811000144,CB,2020-08-11,무기명식 이권부 무보증 사모 전환사채,10000000000,0,0,2025-08-13,8889,100,2021-08-13,2025-07-13,6223,,2020-08-13,2020-08-13,private
024840,"KBI METAL CO., LTD.",케이비아이메탈(주),20170725000457,CB,2017-07-21,무기명식 이권부 무보증 사모 전환사채 발행의 건,15000000000,0,0,2022-07-25,3067,100,2018-07-25,2022-06-25,,,2017-07-25,2017-07-25,private
024840,"KBI METAL CO., LTD.",케이비아이메탈(주),20210517000765,CB,2021-05-17,무기명식 이권부 무보증 사모 전환사채,15000000000,0,0,2026-05-25,2538,100,2022-05-25,2026-04-25,1777,,2021-05-20,2021-05-25,private
024840,"KBI METAL CO., LTD.",케이비아이메탈(주),20240619000231,CB,2024-06-19,무기명식 무이권부 무보증 사모 전환사채,20000000000,0,1,2029-06-21,3126,100,2025-06-21,2029-05-21,2189,,2024-06-21,2024-06-21,private
024840,"KBI METAL CO., LTD.",케이비아이메탈(주),20260617000357,CB,2026-06-17,무기명식 무이권부 무보증 사모 전환사채,40000000000,0,0,2031-06-25,5140,100,2027-06-25,2031-05-25,4112,,2026-06-25,2026-06-25,private
044480,"Billions Co.,Ltd.",(주)빌리언스,20190517000372,CB,2019-05-17,무기명식 이권부 무보증 사모 전환사채,7500000000,5,5,2022-05-21,8620,100,2020-05-21,2022-04-21,,,2019-05-20,2019-05-21,private
044480,"Billions Co.,Ltd.",(주)빌리언스,20191122000366,CB,2019-11-06,무기명식 이권부 무보증 사모 전환사채,20000000000,5,5,2022-11-27,7570,100,2020-11-27,2022-11-26,,,2019-11-06,2019-11-27,private
044480,"Billions Co.,Ltd.",(주)빌리언스,20180111000530,CB,2017-11-13,무기명식 이권부 무보증 사모 전환사채,15000000000,3,3,2021-01-12,6756,100,2019-01-12,2021-01-11,,,2017-11-13,2018-01-12,private
044480,"Billions Co.,Ltd.",(주)빌리언스,20211130001738,CB,2021-11-24,무기명식 이권부 무보증 사모 전환사채,5000000000,5,5,2024-11-29,4041,100,2022-11-29,2024-11-22,500,,2021-11-24,2021-11-29,private
044480,"Billions Co.,Ltd.",(주)빌리언스,20260416000187,CB,2026-03-19,무기명식 이권부 무보증 사모 전환사채,15000000000,3,4,2029-04-17,1505,100,2027-04-17,2029-03-17,,,2026-04-17,2026-04-17,private
044480,"Billions Co.,Ltd.",(주)빌리언스,20241129001761,CB,2021-11-30,무기명식 이권부 무보증 사모 전환사채,6000000000,5,5,2026-12-10,4019,100,2022-12-10,2026-12-03,500,,2021-11-30,2021-12-10,private
044480,"Billions Co.,Ltd.",(주)빌리언스,20260113000666,CB,2023-01-06,무기명식 이권부 무보증 사모 전환사채,10000000000,5,8,2028-02-01,1534,100,2024-02-01,2028-01-20,500,,2023-01-06,2023-02-01,private
045970,CoAsia Corporation,(주)코아시아,20151110000195,CB,2015-04-14,무보증,37000000000,0,6,2020-04-21,5357,100,2016-04-21,2020-03-21,,,2015-04-16,2015-04-21,private
045970,CoAsia Corporation,(주)코아시아,20171226000472,CB,2017-12-26,무기명식 이권부 무보증 사모 전환사채,2500000000,1,4,2021-12-28,5550,100,2018-12-28,2021-12-27,,,2017-12-28,2017-12-28,private
045970,CoAsia Corporation,(주)코아시아,20170602000401,CB,2017-06-02,무기명식 이권부 무보증 사모 전환사채,5500000000,1,4,2021-06-07,5982,100,2018-06-07,2021-06-06,,,2017-06-07,2017-06-07,private
045970,CoAsia Corporation,(주)코아시아,20200508000316,EB,2020-05-08,무기명식 무보증 사모 교환사채,11000000000,1,2,2023-05-12,8412,100,2021-05-12,2023-04-12,,"not applicable (EB is exchanged for already-issued shares, not newly issued)",2020-05-12,2020-05-12,private
045970,CoAsia Corporation,(주)코아시아,20231027000520,EB,2023-10-27,무기명식 무보증 사모 교환사채,12000000000,0,2,2026-10-31,6539,100,2023-11-30,2026-09-30,,"not applicable (EB is exchanged for already-issued shares, not newly issued)",2023-10-31,2023-10-31,private
005690,"Pharmicell Co.,Ltd.",파미셀(주),20210610000227,CB,2021-06-10,무기명식 이권부 무보증 사모 전환사채,22000000000,0,0,2026-06-14,17236,100,2022-06-14,2026-05-14,12066,,2021-06-14,2021-06-14,private
033790,FINO INC.,(주)피노,20201223000406,CB,2020-12-23,무기명식 이권부 무보증 사모 전환사채,1300000000,,4,2022-12-23,1100,100,2021-12-23,2022-11-23,,,2020-12-23,2020-12-23,private
033790,FINO INC.,(주)피노,20240627000767,CB,2023-06-27,무기명식 이권부 무보증 사모 전환사채,70000000000,0,1,2027-07-18,1515,100,2025-07-18,2027-06-18,,,2024-04-29,2024-07-18,private
033790,FINO INC.,(주)피노,20170616000298,BW,2017-03-03,무기명식 이권부 무보증 사모 신주인수권부사채,8000000000,2,5,2019-06-16,4345,100,2018-06-16,2019-05-16,,,2017-03-03,2017-06-16,private
007460,"Aprogen, Inc",(주)에이프로젠,20180201000411,CB,2017-11-09,무기명무보증사모전환사채,50000000000,0,4,2020-12-22,2172,100,2018-12-22,2020-11-22,,,2017-11-09,2017-12-22,private
007460,"Aprogen, Inc",(주)에이프로젠,20180221000160,CB,2017-11-09,무기명무보증사모전환사채,50000000000,0,1,2023-01-15,2172,100,2019-01-15,2022-12-15,,,2017-11-09,2018-01-15,private
007460,"Aprogen, Inc",(주)에이프로젠,20180913000451,CB,2018-09-13,무기명무보증사모전환사채,70000000000,0,2,2023-09-14,10550,100,2019-09-14,2023-08-14,,,2018-09-13,2018-09-14,private
007460,"Aprogen, Inc",(주)에이프로젠,20180319000396,CB,2018-02-13,무기명무보증사모전환사채,20000000000,1,1,2021-03-20,13650,100,2019-03-20,2021-02-20,,,2018-02-13,2018-03-20,private
007460,"Aprogen, Inc",(주)에이프로젠,20190531001985,CB,2019-05-17,무기명무보증사모전환사채,20000000000,1,1,2022-05-24,3480,100,2020-05-25,2022-04-24,,,2019-05-17,2019-05-24,private
007460,"Aprogen, Inc",(주)에이프로젠,20190531002046,CB,2019-05-17,무기명무보증사모전환사채,50000000000,1,1,2022-05-24,3480,100,2020-05-25,2022-04-24,,,2019-05-17,2019-05-24,private
007460,"Aprogen, Inc",(주)에이프로젠,20210107000440,CB,2021-01-07,무기명이권부무보증사모전환사채,20000000000,1,1,2024-01-21,2118,100,2022-01-22,2023-12-21,1483,,2021-01-07,2021-01-21,private
007460,"Aprogen, Inc",(주)에이프로젠,20201013000330,CB,2020-10-12,무기명이권부무보증사모전환사채,50000000000,1,1,2023-10-13,1920,100,2021-10-14,2023-09-13,1345,,2020-10-12,2020-10-13,private
007460,"Aprogen, Inc",(주)에이프로젠,20200318000784,CB,,무기명이권부무보증사모전환사채,,,,,,,,,,,,,private
007460,"Aprogen, Inc",(주)에이프로젠,20200318000792,CB,,무기명이권부무보증사모전환사채,,,,,,,,,,,,,private
007460,"Aprogen, Inc",(주)에이프로젠,20200630000658,CB,2020-02-06,무기명이권부무보증사모전환사채,20000000000,0,3,2023-02-28,2657,100,2021-03-01,2023-01-28,,,2020-02-06,2020-02-28,private
007460,"Aprogen, Inc",(주)에이프로젠,20230908000419,CB,2023-09-08,무기명이권부무보증사모전환사채,70000000000,2,4,2028-09-14,2005,100,2024-09-15,2028-08-14,1404,,2023-09-08,2023-09-14,private
007460,"Aprogen, Inc",(주)에이프로젠,20240229001741,CB,2023-03-30,무기명이권부무보증사모전환사채,20000000000,3,6,2026-04-03,1532,100,2024-04-03,2026-03-03,500,,2023-03-30,2023-04-03,private
007460,"Aprogen, Inc",(주)에이프로젠,20260810000727,CB,2026-08-10,무기명이권부무보증사모전환사채,50000000000,2,4,2031-08-21,2552,100,2027-08-22,2031-07-21,1787,,2026-08-10,2026-08-21,private
007460,"Aprogen, Inc",(주)에이프로젠,20250425000651,CB,2021-09-15,무기명이권부무보증사모전환사채,55000000000,0,4,2028-09-15,1362,100,2023-09-16,2028-08-15,954,,2021-09-15,2022-09-15,private
007460,"Aprogen, Inc",(주)에이프로젠,20260428000783,CB,2026-04-28,무기명이권부무보증사모전환사채,12000000000,2,4,2029-05-08,4583,100,2027-05-09,2029-04-08,3209,,2026-04-28,2026-05-08,private
007460,"Aprogen, Inc",(주)에이프로젠,20260410003675,CB,2022-11-01,무기명이권부무보증사모전환사채,40000000000,6,6,2027-05-20,1967,100,2024-02-21,2027-04-20,1377,,2022-11-01,2023-02-20,private
007460,"Aprogen, Inc",(주)에이프로젠,20260521000742,CB,2026-05-21,무기명이권부무보증사모전환사채,10000000000,2,4,2031-05-29,5350,100,2027-05-30,2031-04-29,3745,,2026-05-21,2026-05-29,private
007460,"Aprogen, Inc",(주)에이프로젠,20260810000708,CB,2026-08-10,무기명이권부무보증사모전환사채,2000000000,2,4,2031-08-21,2552,100,2027-08-22,2031-07-21,1787,,2026-08-10,2026-08-21,private
007460,"Aprogen, Inc",(주)에이프로젠,20260713000435,CB,2026-07-13,무기명이권부무보증사모전환사채,2000000000,2,4,2031-07-23,2437,100,2027-07-24,2031-06-23,1706,,2026-07-13,2026-07-23,private
007460,"Aprogen, Inc",(주)에이프로젠,20260903000285,CB,2026-09-03,무기명이권부무보증사모전환사채,20000000000,0,4,2031-09-11,2396,100,2027-09-12,2031-08-11,1678,,2026-09-03,2026-09-11,private
043710,"CosLeaguer Global Co., Ltd.",(주)코스리거글로벌,20150410002244,CB,2015-04-10,주식회사 로켓모바일 무기명식 무보증 사모 전환사채,2000000000,6,6,2018-04-13,2975,100,2016-04-13,2018-03-13,,,2015-04-13,2015-04-13,private
043710,"CosLeaguer Global Co., Ltd.",(주)코스리거글로벌,20181207000415,CB,2018-12-07,무기명식 이권부 무보증 사모 전환사채,13000000000,0,0,2021-12-27,2560,100,2019-12-27,2021-11-26,,,2018-12-10,2018-12-27,private
043710,"CosLeaguer Global Co., Ltd.",(주)코스리거글로벌,20160727000426,CB,2016-03-15,주식회사 로켓모바일 제3회 무보증 사모 전환사채,0,4,4,2019-09-30,7210,100,2017-09-30,2019-08-30,,,2016-03-16,2016-09-30,private
043710,"CosLeaguer Global Co., Ltd.",(주)코스리거글로벌,20260731000575,CB,2025-12-08,무기명식 무보증 사모 전환 사채,50000000000,0,4.6,2028-12-16,4565,100,2026-12-17,2028-11-16,,,2025-12-17,2025-12-17,private
043710,"CosLeaguer Global Co., Ltd.",(주)코스리거글로벌,20200218000241,BW,2020-01-23,국내 무기명식 이권부 무보증 공모 신주인수권부사채,20000000000,2,4,2023-02-25,1418,100,2020-03-25,2023-01-25,,,2020-02-20,2020-02-25,public
054410,"Korea Plasma Technology U Co.,Ltd",(주)케이피티유,20210804000327,CB,2021-08-04,무기명식 이권부 무보증 사모 전환사채,5000000000,0,0,2024-08-06,8573,100,2022-08-06,2024-07-06,6002,,2021-08-06,2021-08-06,private
054410,"Korea Plasma Technology U Co.,Ltd",(주)케이피티유,20210804000338,BW,2021-08-04,무기명식 이권부 무보증 사모 신주인수권부사채,5000000000,0,0,2024-08-06,8573,100,2022-08-06,2024-07-06,6002,,2021-08-06,2021-08-06,private
224060,"THE CODI Co., LTD.",(주)더코디,20180510002851,CB,2016-11-24,무기명식 이권부 무보증 사모 전환사채,25000000000,2,3,2023-05-10,740,100,2019-05-10,2023-04-10,,,2018-03-28,2018-05-10,private
224060,"THE CODI Co., LTD.",(주)더코디,20160315000416,CB,2016-03-15,무기명식 이권부 무보증 사모 전환사채,10000000000,0,2,2021-03-17,12953,100,2017-03-17,2021-02-17,,,,2016-03-17,private
224060,"THE CODI Co., LTD.",(주)더코디,20161021000378,CB,2016-08-22,무기명식 이권부 무보증 사모 전환사채,20000000000,3,3,2021-10-21,11936,100,2017-10-21,2021-09-21,,,2016-08-22,2016-10-21,private
224060,"THE CODI Co., LTD.",(주)더코디,20161021000385,CB,2016-08-22,무기명식 이권부 무보증 사모 전환사채,10000000000,3,3,2021-10-21,11936,100,2017-10-21,2021-09-21,,,2016-08-22,2016-10-21,private
224060,"THE CODI Co., LTD.",(주)더코디,20200922000305,CB,2019-12-17,무기명식 이권부 무보증 사모 전환사채,7510000000,4,6,2023-09-22,258,100,2021-09-22,2023-08-22,100,,2020-09-22,2020-09-22,private
224060,"THE CODI Co., LTD.",(주)더코디,20240812000507,CB,2023-09-05,무기명식 이권부 무보증 사모 전환사채,4000000000,5,7,2026-09-20,6574,100,2024-09-20,2026-08-20,4602,,2023-09-05,2023-09-20,private
224060,"THE CODI Co., LTD.",(주)더코디,20241202000396,CB,2024-05-28,무기명식 이권부 무보증 사모 전환사채,3500000000,5,7,2027-05-31,5635,100,2025-05-31,2027-04-30,3945,,2024-05-28,2024-05-31,private
224060,"THE CODI Co., LTD.",(주)더코디,20260908000001,CB,2026-09-07,무기명식 이권부 무보증 사모 전환사채,30000000000,3,4,2029-10-06,3550,100,2027-10-06,2029-09-06,,,2026-09-07,2026-10-06,private
224060,"THE CODI Co., LTD.",(주)더코디,20260909000001,CB,2026-09-08,무기명식 이권부 무보증 사모 전환사채,3000000000,3,4,2029-10-06,4463,100,2027-10-06,2029-09-06,3125,,2026-10-06,2026-10-06,private
950170,JTC Inc.,주식회사 제이티씨,20210616000004,CB,2021-06-15,무기명식 이권부 무보증 사모 전환사채,14000000000,0,1,2026-06-29,6598,100,2022-06-30,2026-05-29,4619,,2021-06-17,2021-06-30,private
950170,JTC Inc.,주식회사 제이티씨,20220114000413,CB,2022-01-14,무기명식 이권부 무보증 사모 전환사채,6034378000,0,1,2027-01-30,3865,100,2023-01-31,2026-12-30,2706,,2022-01-18,2022-01-31,private
008970,"KBI DONG YANG STEEL PIPE CO.,LTD",케이비아이동양철관(주),20150720000224,CB,2015-07-20,무기명식 이권부 무보증 사모 전환사채,10000000000,0.5,2,2018-07-22,1210,100,2016-07-22,2018-06-22,,,2015-07-22,2015-07-22,private
008970,"KBI DONG YANG STEEL PIPE CO.,LTD",케이비아이동양철관(주),20230303000566,CB,2023-03-03,무기명식 이권부 무보증 사모 전환사채,30000000000,0,2.5,2028-03-07,1043,100,2024-03-07,2028-02-07,731,,2023-03-07,2023-03-07,private
021650,CUBIC KOREA INC.,(주)한국큐빅,20170530000488,CB,2017-05-29,무기명식 이권부 무보증 무담보 사모 전환사채,10000000000,0,2,2021-05-31,4407,100,2018-05-31,2021-04-30,,,2017-05-31,2017-05-31,private
462510,"LAMEDITECH Co., Ltd.",(주)라메디텍,20251107000452,CB,2025-11-07,무기명식 무보증 사모 전환사채,8300000000,0,0,2030-11-17,7043,100,2026-11-17,2030-10-17,5635,,2025-11-17,2025-11-17,private
418550,"JEIO Co., Ltd.",(주)제이오,20250204000002,CB,,,,,,,,,,,,,,,private
418550,"JEIO Co., Ltd.",(주)제이오,20240507000559,EB,2024-05-02,무기명식 이권부 무보증 사모 신종 교환사채,50000000000,0,2,2054-05-09,28128,100,2024-08-09,2054-04-30,,"not applicable (EB is exchanged for already-issued shares, not newly issued)",,2024-05-09,private
067370,"SunBio, Inc.",선바이오(주),20190513000480,CB,2019-05-13,무기명식 이권부 사모 전환사채,2000000000,0,4,2022-05-13,22200,100,2020-05-14,2022-05-04,,,2019-05-13,2019-05-13,private
067370,"SunBio, Inc.",선바이오(주),20240903000278,CB,2024-09-03,무기명식 무이권부 무보증 사모 전환사채,5000000000,,,2029-09-05,7393,100,2025-09-05,2029-08-05,5915,,2024-09-05,2024-09-05,private
104540,"Corentec Co., Ltd.",(주)코렌텍,20201203000334,CB,2020-11-03,무기명식 무보증 사모 전환사채,15000000000,0,0,2025-12-04,8900,100,2021-12-04,2025-11-04,6230,,2020-11-03,2020-12-04,private
104540,"Corentec Co., Ltd.",(주)코렌텍,20161108000274,CB,2016-11-08,기명식 무보증 사모전환사채,20000000000,0,0,2021-11-23,16000,100,2017-11-24,2021-11-23,,,2016-11-08,2016-11-23,private
104540,"Corentec Co., Ltd.",(주)코렌텍,20211028000312,CB,2021-10-28,무기명식 무보증 사모 전환사채,20000000000,0,0,2026-11-10,14534,100,2022-11-10,2026-10-10,10174,,2021-10-28,2021-11-10,private
104540,"Corentec Co., Ltd.",(주)코렌텍,20251219000364,CB,2025-12-19,무기명식 이권부 무보증 사모 전환사채,4800000000,0,5,2027-06-29,6176,100,2026-12-29,2027-05-29,,,2025-12-23,2025-12-29,private
004960,"HANSHIN CONSTRUCTION CO.,LTD",한신공영(주),20150818000047,CB,2015-08-17,무기명식 이권부 무보증 사모 전환사채,28000000000,1.5,4,2018-08-19,23450,100,2016-08-19,2018-07-19,,,2015-08-19,2015-08-19,private
175250,Icure Pharmaceutical Incorporation,아이큐어(주),20190416000355,CB,2019-04-16,무기명식 이권부 무보증 사모 전환사채,35000000000,0,0,2024-04-18,42558,100,2020-04-18,2024-03-18,,,2019-04-18,2019-04-18,private
175250,Icure Pharmaceutical Incorporation,아이큐어(주),20190416000357,CB,2019-04-16,무기명식 이권부 무보증 사모 전환사채,5000000000,0.5,0.5,2024-04-18,42558,100,2020-04-18,2024-03-18,,,2019-04-18,2019-04-18,private
175250,Icure Pharmaceutical Incorporation,아이큐어(주),20171026000450,CB,2017-10-26,기명식 사모 전환사채,15000000000,0,4,2020-10-27,31000,100,2018-10-27,2020-10-26,,,2017-10-27,2017-10-27,private
175250,Icure Pharmaceutical Incorporation,아이큐어(주),20210129000262,CB,2021-01-29,무기명식 이권부 무보증 사모 전환사채,50000000000,0,0,2026-02-02,61890,100,2022-02-02,2026-01-02,49512,,,2021-02-02,private
175250,Icure Pharmaceutical Incorporation,아이큐어(주),20240925000526,CB,2023-07-07,무기명식 이권부 무보증 사모 전환사채,5000000000,2,6,2026-07-11,2851,100,2024-07-11,2026-06-11,1996,,2023-07-07,2023-07-11,private
175250,Icure Pharmaceutical Incorporation,아이큐어(주),20250822000294,CB,2024-12-24,무기명식 이권부 무보증 사모 전환사채,9000000000,2,6,2027-12-27,2003,100,2025-12-27,2027-11-27,1403,,2024-12-26,2024-12-27,private
101360,"Eco&Dream Co., Ltd.",(주)에코앤드림,20191119000135,CB,2019-11-19,기명식,1000000000,0,6,2022-11-26,3970,100,2020-11-26,2022-10-26,,,2019-11-19,2019-11-26,private
101360,"Eco&Dream Co., Ltd.",(주)에코앤드림,20160516003168,CB,2016-05-16,무기명식,1000000000,1,6,2021-05-17,5510,100,2017-05-17,2021-05-16,,,2016-05-17,2016-05-17,private
101360,"Eco&Dream Co., Ltd.",(주)에코앤드림,20210215001146,CB,2021-02-15,무기명식 이권부 무보증 사모 전환사채,30000000000,0.1,0.1,2026-02-17,39869,100,2022-02-17,2026-01-17,27909,,2021-02-17,2021-02-17,private
101360,"Eco&Dream Co., Ltd.",(주)에코앤드림,20240305000194,EB,2024-03-05,무기명식 이권부 무보증 사모 교환사채,13000000000,0,15,2025-03-07,88400,100,2024-06-07,2025-02-07,,"not applicable (EB is exchanged for already-issued shares, not newly issued)",2024-03-07,2024-03-07,private
112190,"KC INDUSTRY CO.,LTD.",(주)케이씨산업,20160824000091,CB,2016-08-23,무기명식 이권부 무보증 사모 전환사채,1000000000,4.5,8,2019-08-25,3595,100,2017-08-25,2019-07-25,,,2016-08-25,2016-08-25,private
112190,"KC INDUSTRY CO.,LTD.",(주)케이씨산업,20220826000598,CB,2019-08-27,무기명식 이권부 무보증 사모 전환사채,6000000000,7,7,2049-08-27,4200,100,2021-08-27,2049-08-26,2980,,2019-08-27,2019-08-27,private
112190,"KC INDUSTRY CO.,LTD.",(주)케이씨산업,20241007000204,CB,2024-08-27,무기명식 이권부 무보증 사모 전환사채,4000000000,0,10,2028-10-04,4200,100,2020-08-27,2028-10-03,,,2019-08-27,2019-08-27,private
112190,"KC INDUSTRY CO.,LTD.",(주)케이씨산업,20240913000795,CB,2024-09-13,무기명식 이권부 무보증 사모 전환사채,10000000000,0,10,2028-10-04,4200,100,2025-10-05,2028-09-03,,,2024-09-13,2024-10-04,private
112190,"KC INDUSTRY CO.,LTD.",(주)케이씨산업,20240913000793,BW,2024-09-13,신주인수권부사채,10000000000,0,10,2028-10-04,4200,100,2025-10-05,2028-09-03,,,2024-09-13,2024-10-04,private
112190,"KC INDUSTRY CO.,LTD.",(주)케이씨산업,20241007000207,BW,2024-08-27,무기명식 이권부 무보증 비분리형 사모 신주인수권부사채,10000000000,0,10,2028-10-04,4200,100,2020-08-27,2028-10-03,,,2019-08-27,2019-08-27,private
115160,"HUMAX CO., LTD.",(주)휴맥스,20180809000461,CB,2018-08-09,국내 무기명식 이권부 무보증 사모 전환사채,20000000000,0,0,2023-08-21,7790,100,2019-08-21,2023-07-21,,,2018-08-13,2018-08-21,private
115160,"HUMAX CO., LTD.",(주)휴맥스,20200611000292,CB,2020-06-11,"국내 무기명식 이권부 
무보증 사모 전환사채",12000000000,0,0,2025-06-15,3680,100,2021-06-15,2025-05-15,,,2020-06-15,2020-06-15,private
115160,"HUMAX CO., LTD.",(주)휴맥스,20170217000150,CB,2017-02-16,무기명식 이권부 무보증 사모 전환사채,20000000000,0,0,2022-02-20,11950,100,2018-02-20,2022-01-20,,,,2017-02-20,private
115160,"HUMAX CO., LTD.",(주)휴맥스,20200902000003,CB,2020-09-01,"국내 무기명식 이권부 
무보증 사모 전환사채",4000000000,0,0,2025-09-03,5060,100,2021-09-03,2025-08-03,3545,,2020-09-03,2020-09-03,private
115160,"HUMAX CO., LTD.",(주)휴맥스,20221212000120,CB,2022-12-12,무기명식 이권부 무보증 사모 전환사채,20000000000,5,9,2025-12-14,8650,100,2024-06-14,2025-11-14,,,2022-12-14,2022-12-14,private
115160,"HUMAX CO., LTD.",(주)휴맥스,20230310000750,CB,2023-03-10,무기명식 이권부 무보증 사모 전환사채,13000000000,1,3,2028-03-14,4027,100,2024-03-14,2028-02-14,2819,,2023-03-14,2023-03-14,private
115160,"HUMAX CO., LTD.",(주)휴맥스,20250307000651,CB,2025-03-07,무기명식 이권부 무보증 사모 전환사채,10000000000,0,3,2030-03-11,1209,100,2026-03-11,2030-02-11,847,,2025-03-11,2025-03-11,private
177350,"Vessel Co., Ltd.",(주)베셀,20180702000517,CB,2018-07-02,무기명식 이권부 무보증 사모 전환사채,8500000000,0,0,2023-07-06,6156,100,2019-07-06,2023-06-06,,,2018-07-04,2018-07-06,private
177350,"Vessel Co., Ltd.",(주)베셀,20200804000271,CB,2020-08-04,무기명식 무보증 사모 전환사채,2000000000,0,0,2023-08-06,3463,100,2021-08-06,2023-07-06,2425,,2020-08-06,2020-08-06,private
177350,"Vessel Co., Ltd.",(주)베셀,20210427000387,CB,2021-04-27,무기명식 이권부 무보증 사모 전환사채,6000000000,0,0,2024-04-28,5870,100,2022-04-28,2024-03-28,4109,,2021-04-27,2021-04-28,private
177350,"Vessel Co., Ltd.",(주)베셀,20210427000391,CB,2021-04-27,무기명식 이권부 무보증 사모 전환사채,4500000000,1,3.5,2024-04-28,5870,100,2022-04-28,2024-03-28,4109,,2021-04-27,2021-04-28,private
177350,"Vessel Co., Ltd.",(주)베셀,20230915000310,CB,,무기명식 이권부 무보증 사모 전환사채,,,,,,,,,,,,,private
177350,"Vessel Co., Ltd.",(주)베셀,20230915000325,CB,,무기명식 이권부 무보증 사모 전환사채,,,,,,,,,,,,,private
177350,"Vessel Co., Ltd.",(주)베셀,20260515000002,CB,2023-06-12,무기명식 이권부 무보증 사모 전환사채,3500000000,4,4,2027-06-14,4945,100,2024-06-14,2027-05-14,3465,,2023-06-14,2023-06-14,private
177350,"Vessel Co., Ltd.",(주)베셀,20260330001837,CB,2025-09-12,무기명식 이권부 무보증 사모 전환사채,8000000000,2,6,2028-10-30,1495,100,2026-10-30,2026-09-30,1047,,2025-10-22,2025-10-30,private
177350,"Vessel Co., Ltd.",(주)베셀,20200804000274,EB,2020-08-04,무기명식 무보증 사모 교환사채,2000000000,0,0,2023-08-06,3463,100,2020-08-07,2023-07-06,,"not applicable (EB is exchanged for already-issued shares, not newly issued)",2020-08-06,2020-08-06,private
141080,LigaChem Biosciences Inc.,(주)리가켐 바이오사이언스,20160830000622,CB,2016-08-30,기명식 이권부 무보증 사모전환사채,10500000000,0.5,3.75,2021-09-07,45100,100,2017-09-07,2021-08-06,,,2016-09-01,2016-09-07,private
141080,LigaChem Biosciences Inc.,(주)리가켐 바이오사이언스,20260722000069,CB,2026-06-25,무기명식 무이권부 무보증 사모 전환사채,170000000000,0,0,2036-07-24,121400,100,2028-07-24,2036-06-23,97200,,2026-07-23,2026-07-24,private
003620,KG Mobility Corp.,케이지모빌리티(주),20230313000032,CB,2023-03-10,무기명식 이권부 무보증 사모 전환사채,5000000000,1,2,2028-03-24,5040,100,2024-03-24,2028-02-24,,,2023-03-24,2023-03-24,private
003620,KG Mobility Corp.,케이지모빌리티(주),20230313000028,CB,2023-03-10,무기명식 이권부 무보증 사모 전환사채,73500000000,1,2,2028-03-17,5040,100,2024-03-17,2028-02-17,,,2023-03-17,2023-03-17,private
003620,KG Mobility Corp.,케이지모빌리티(주),20230313000030,CB,2023-03-10,무기명식 사모 전환사채,30000000000,0,2,2028-03-24,5040,100,2024-03-24,2028-02-24,,,2023-03-10,2023-03-24,private
003620,KG Mobility Corp.,케이지모빌리티(주),20260803000001,CB,2026-08-02,무기명식 무이권부 무보증 사모 전환사채,108142500000,0,1,2029-08-11,2760,100,2027-08-11,2029-07-11,,,2026-08-11,2026-08-11,private
003620,KG Mobility Corp.,케이지모빌리티(주),20260827000861,CB,2026-08-27,무기명식 무이권부 무보증 사모 전환사채,154500000000,0,3,2031-09-11,2713,100,2027-09-11,2031-08-11,1900,,2026-09-11,2026-09-11,private
003620,KG Mobility Corp.,케이지모빌리티(주),20231128000275,BW,2023-10-19,무기명식 이권부 무보증 분리형 공모 신주인수권부사채,150500000000,0,3,2028-12-05,8411,100,2024-01-05,2028-11-05,6729,,2023-11-30,2023-12-05,public
403490,"WooDeumGee Farm Co., Ltd",농업회사법인 우듬지팜 주식회사,20260402003727,CB,2026-04-02,무기명식 무보증 사모 전환사채,7000000000,0,0,2029-04-10,1336,100,2027-04-10,2029-03-10,,,2026-04-10,2026-04-10,private
085660,"Chabiotech Co.,Ltd.",(주)차바이오텍,20201231000481,CB,2020-06-17,무기명식 이권부 무보증 사모 전환사채,25000000000,0,0,2025-06-19,23047,100,2021-06-19,2025-05-19,16133,,2020-06-19,2020-06-19,private
085660,"Chabiotech Co.,Ltd.",(주)차바이오텍,20250619000321,CB,2024-05-08,무기명식 무이권부 무보증 사모 전환사채,10300000000,0,3.5,2029-05-16,17354,100,2025-05-16,2029-04-16,12148,,2024-05-10,2024-05-16,private
085660,"Chabiotech Co.,Ltd.",(주)차바이오텍,20201231000492,BW,2020-06-17,무기명식 이권부 무보증 사모 비분리형 신주인수권부사채,50000000000,0,0,2025-06-19,23047,100,2021-06-19,2025-05-19,16133,,2020-06-19,2020-06-19,private
085660,"Chabiotech Co.,Ltd.",(주)차바이오텍,20250619000322,BW,2024-05-08,무기명식 무이권부 무보증 사모 신주인수권부사채,20000000000,0,3.5,2029-05-16,17354,100,2025-05-16,2029-04-16,12148,,2024-05-10,2024-05-16,private
085660,"Chabiotech Co.,Ltd.",(주)차바이오텍,20241213000281,EB,2024-12-13,무기명식 이권부 사모 교환사채,120000000000,1,9,2029-12-20,27300,100,2025-12-20,2029-11-20,,"not applicable (EB is exchanged for already-issued shares, not newly issued)",2024-12-20,2024-12-20,private
220100,"FutureChem Co., Ltd.",(주)퓨쳐켐,20180326000904,CB,2018-03-26,무기명식 이권부 무보증 사모 전환사채,30000000000,0,0,2023-03-29,22480,100,2019-03-29,2023-02-28,,,2018-03-26,2018-03-29,private
220100,"FutureChem Co., Ltd.",(주)퓨쳐켐,20240905000427,CB,2024-09-05,무기명식 이권부 무보증 사모 전환사채,6500000000,0,2,2029-09-13,22436,100,2025-09-13,2029-08-13,15706,,2024-09-09,2024-09-13,private
060280,"CUREXO, INC.",큐렉소(주),20191001000087,CB,2019-09-24,무기명식 이권부 무보증 사모 전환사채,400000000,0,3,2022-09-30,6236,100,2020-09-30,2022-08-30,,,2019-09-24,2019-09-30,private
060280,"CUREXO, INC.",큐렉소(주),20210526000448,CB,2021-05-13,"무기명식 무보증
사모 전환사채",15000000000,0,0,2026-05-20,10459,100,2022-05-20,2026-04-20,7321,,2021-05-17,2021-05-20,private
060280,"CUREXO, INC.",큐렉소(주),20260422000573,CB,2026-04-22,무기명식 무보증 사모 전환사채,500000000,3,4,2029-04-30,16039,100,2027-04-30,2029-03-31,,,2026-04-30,2026-04-30,private
193250,Linked Inc.,(주)링크드,20200506000707,CB,2020-05-06,무기명식 무보증 사모 전환사채,2200000000,,2.5,2025-05-21,1585,100,2021-05-21,2025-04-21,,,2020-05-06,2020-05-21,private
193250,Linked Inc.,(주)링크드,20200520000386,CB,2020-05-20,무기명식 무보증 사모 전환사채,2000000000,,2.5,2025-05-28,1620,100,2021-05-28,2025-04-28,,,2020-05-20,2020-05-28,private
193250,Linked Inc.,(주)링크드,20170727000326,CB,2017-07-27,무기명식 이권부 무보증 사모 전환사채,25000000000,0.5,2.5,2022-07-31,3335,100,2018-07-31,2022-06-30,,,2017-07-31,2017-07-31,private
193250,Linked Inc.,(주)링크드,20210811000291,CB,2021-08-11,무기명식 무보증 사모 전환사채,7500000000,,,2026-08-18,2794,100,2022-08-18,2026-07-18,1956,,2021-08-11,2021-08-18,private
193250,Linked Inc.,(주)링크드,20251201000107,CB,2025-11-17,무기명식 이권부 무보증 사모 전환사채,2000000000,0,1,2030-11-26,446,100,2026-11-26,2030-10-26,313,,2025-11-17,2025-11-26,private
193250,Linked Inc.,(주)링크드,20251229000446,EB,2025-12-29,무기명식 무보증 사모 교환사채,3000000000,0,1,2031-01-29,2226,100,2026-01-30,2030-12-29,,"not applicable (EB is exchanged for already-issued shares, not newly issued)",2026-01-06,2026-01-29,private
193250,Linked Inc.,(주)링크드,20260212001278,EB,2026-02-12,무기명식 무보증 사모 교환사채,7000000000,0,1,2031-03-16,2547,100,2026-03-17,2031-02-16,,"not applicable (EB is exchanged for already-issued shares, not newly issued)",2026-02-13,2026-03-16,private
193250,Linked Inc.,(주)링크드,20250806000307,EB,2025-08-06,무기명식 이권부 사모 교환사채,2500000000,0,1,2027-08-14,12600,100,2026-02-14,2027-07-14,,"not applicable (EB is exchanged for already-issued shares, not newly issued)",2025-08-14,2025-08-14,private
193250,Linked Inc.,(주)링크드,20250407003837,EB,2025-04-07,무기명식 이권부 사모 교환사채,4500000000,0,7,2027-04-09,12600,100,2025-10-09,2027-03-09,,"not applicable (EB is exchanged for already-issued shares, not newly issued)",2025-04-09,2025-04-09,private
208640,"Thumbage Co., Ltd.",(주)썸에이지,20190930000301,CB,2019-09-06,무기명식 무이권부 무보증 무담보 사모 전환사채,5500000000,0,0,2022-09-10,644,100,2020-09-10,2022-08-10,,,2019-09-10,2019-09-10,private
208640,"Thumbage Co., Ltd.",(주)썸에이지,20180320000382,CB,2018-03-19,무기명식 무이권부 무보증 무담보 사모 전환사채,30000000000,0,0,2021-03-28,4455,100,2019-03-28,2021-02-28,,,2018-03-21,2018-03-28,private
208640,"Thumbage Co., Ltd.",(주)썸에이지,20220810000322,CB,2022-08-10,무기명식 무이권부 무보증 무담보 사모 전환사채,10000000000,0,0,2027-08-12,1233,100,2023-08-12,2027-07-12,864,,2022-08-12,2022-08-12,private
273060,Wise birds Inc.,(주)와이즈버즈,20240227007413,CB,2024-02-27,무기명식 이권부 무보증 사모 전환사채,16000000000,1,2,2027-02-28,1586,100,2025-08-29,2027-02-22,,,2024-02-27,2024-02-29,private
273060,Wise birds Inc.,(주)와이즈버즈,20240227004886,CB,2024-02-27,무기명식 이권부 무보증 사모 전환사채,20000000000,2,6,2027-02-28,1586,100,2025-02-28,2027-01-28,1111,,2024-02-27,2024-02-28,private
034220,"LG Display Co., Ltd.",엘지디스플레이(주),20190802000441,CB,2019-07-30,기명식 무보증 해외전환사채,813426670000,1.5,1.5,2024-08-22,19845,100,2020-08-23,2024-08-12,,,2019-07-30,2019-08-22,private
069540,LIGHTRON FIBER-OPTIC DEVICES INC.,(주)빛과전자,20180221000359,CB,2018-02-14,무기명시 이권부 무보증 사모 전환사채,5024000000,1,5,2021-02-20,5800,100,2019-03-20,2021-01-20,,,2018-02-14,2018-02-20,private
069540,LIGHTRON FIBER-OPTIC DEVICES INC.,(주)빛과전자,20190614000493,CB,,무기명식 이권부 무보증 사모 전환사채,,,,,,,,,,,,,private
069540,LIGHTRON FIBER-OPTIC DEVICES INC.,(주)빛과전자,20181219000356,CB,2018-12-14,무기명식 이권부 무보증 사모 전환사채,2000000000,4,5,2021-12-14,8735,100,2019-12-14,2021-11-14,,,,2018-12-14,private
069540,LIGHTRON FIBER-OPTIC DEVICES INC.,(주)빛과전자,20170315000616,CB,2017-01-31,제2회차 무기명식 무보증 사모 전환사채,5000000000,2,6,2020-03-17,6757,100,2018-03-17,2020-02-17,,,,2017-03-17,private
069540,LIGHTRON FIBER-OPTIC DEVICES INC.,(주)빛과전자,20170317000597,CB,2017-01-31,제3회차 무기명식 무보증 사모 전환사채,5000000000,4,7,2019-03-17,6834,100,2018-03-17,2019-02-17,,,,2017-03-17,private
069540,LIGHTRON FIBER-OPTIC DEVICES INC.,(주)빛과전자,20161114001899,CB,,,,,,,,,,,,,,,private
069540,LIGHTRON FIBER-OPTIC DEVICES INC.,(주)빛과전자,20170116000294,CB,2016-11-14,제1회차 무기명식 무보증 사모 전환사채,5500000000,1,6,2019-12-14,7629,100,2017-12-14,2019-11-14,,,2016-11-14,2016-12-14,private
069540,LIGHTRON FIBER-OPTIC DEVICES INC.,(주)빛과전자,20211125000367,CB,2021-11-25,무기명식 이권부 무보증 사모 전환사채,7000000000,1,5,2024-11-26,4788,100,2022-11-26,2024-10-26,3352,,2021-11-25,2021-11-26,private
069540,LIGHTRON FIBER-OPTIC DEVICES INC.,(주)빛과전자,20211125000374,CB,2021-11-25,무기명식 이권부 무보증 사모 전환사채,3000000000,1,5,2024-11-26,4788,100,2022-11-26,2024-10-26,3352,,2021-11-25,2021-11-26,private
069540,LIGHTRON FIBER-OPTIC DEVICES INC.,(주)빛과전자,20220324000483,CB,2021-11-29,무기명식 이권부 무보증 사모 전환사채,15200000000,1,3,2025-03-28,4267,100,2023-03-28,2025-02-28,2987,,2022-03-24,2022-03-28,private
069540,LIGHTRON FIBER-OPTIC DEVICES INC.,(주)빛과전자,20230504000292,CB,2023-05-04,무기명식 이권부 무보증 사모 전환사채,5000000000,2,4,2026-05-04,3567,100,2024-05-04,2026-04-04,2497,,2023-05-04,2023-05-04,private
069540,LIGHTRON FIBER-OPTIC DEVICES INC.,(주)빛과전자,20230427000455,CB,2023-04-26,무기명식 이권부 무보증 사모 전환사채,8000000000,2,8,2026-04-28,3630,100,2024-04-28,2026-03-28,2541,,2023-04-26,2023-04-28,private
069540,LIGHTRON FIBER-OPTIC DEVICES INC.,(주)빛과전자,20260417000521,CB,2026-03-20,무기명식 이권부 무보증 사모 전환사채,5000000000,3,3,2029-04-17,1692,100,2027-04-17,2029-03-17,500,,2026-04-17,2026-04-17,private
069540,LIGHTRON FIBER-OPTIC DEVICES INC.,(주)빛과전자,20230525000280,CB,2023-05-25,무기명식 이권부 무보증 사모 전환사채,3000000000,3,9,2026-05-30,3320,100,2024-05-30,2026-04-30,2324,,2023-05-25,2023-05-30,private
069540,LIGHTRON FIBER-OPTIC DEVICES INC.,(주)빛과전자,20240625000286,CB,2023-11-08,무기명식 이권부 무보증 사모 전환사채,11000000000,2,8,2027-06-28,3585,100,2025-06-28,2027-05-28,2510,,2024-06-25,2024-06-28,private
069540,LIGHTRON FIBER-OPTIC DEVICES INC.,(주)빛과전자,20260107000643,CB,2026-01-07,무기명식 이권부 무보증 사모 전환사채,1050000000,3,3,2029-01-15,760,100,2027-01-15,2028-12-15,532,,,2026-01-15,private
069540,LIGHTRON FIBER-OPTIC DEVICES INC.,(주)빛과전자,20250520000157,CB,2025-05-15,무기명식 이권부 무보증 사모 전환사채,11000000000,2,8,2028-05-20,920,100,2026-05-20,2028-04-20,644,,2025-05-15,2025-05-20,private
069540,LIGHTRON FIBER-OPTIC DEVICES INC.,(주)빛과전자,20251219000568,CB,2025-12-17,무기명식 이권부 무보증 사모 전환사채,4000000000,1,2,2028-12-29,708,100,2026-12-29,2028-11-29,500,,,2025-12-29,private
069540,LIGHTRON FIBER-OPTIC DEVICES INC.,(주)빛과전자,20260515002359,CB,2026-05-15,무기명식 이권부 무보증 사모 전환사채,8000000000,2,6.5,2029-05-26,5769,100,2027-05-26,2029-04-26,4039,,2026-05-15,2026-05-26,private
069540,LIGHTRON FIBER-OPTIC DEVICES INC.,(주)빛과전자,20260729000387,CB,2026-07-22,무기명식 이권부 무보증 사모 전환사채,16000000000,2,6.5,2029-08-05,2395,100,2027-08-05,2029-07-05,1676,,2026-07-29,2026-08-05,private
069540,LIGHTRON FIBER-OPTIC DEVICES INC.,(주)빛과전자,20170413001780,BW,2017-04-13,무기명식 이권부 무보증 사모 비분리형 신주인수권부사채,10000000000,5,5,2020-04-14,7247,100,2018-04-14,2020-03-14,,,2017-04-14,2017-04-14,private
069540,LIGHTRON FIBER-OPTIC DEVICES INC.,(주)빛과전자,20180509002707,BW,2018-02-13,무기명식 이권부 무보증 사모 비분리형     신주인수권부사채,5000000000,2,5,2021-05-09,5799,100,2019-05-09,2021-04-09,,,2018-02-13,2018-05-09,private
069540,LIGHTRON FIBER-OPTIC DEVICES INC.,(주)빛과전자,20180525000348,BW,2018-02-13,무기명식 이권부 무보증 사모 비분리형신주인수권부사채,5000000000,5,5,2021-05-25,5799,100,2019-05-25,2021-04-25,,,2018-02-13,2018-05-25,private
212560,"NEOOTO CO.,LTD.",(주)네오오토,20240207000501,CB,2024-02-05,무기명식 이권부 무보증 사모 전환사채,9000000000,1,2,2029-02-15,9647,100,2025-02-15,2029-01-15,6753,,2024-02-05,2024-02-15,private
006740,"Blue Industrial Development Co., Ltd.",블루산업개발 주식회사,20260202001343,CB,2026-01-21,무기명식 이권부 무보증 사모 전환사채,3000000000,1,2,2029-01-30,847,100,2027-01-30,2028-12-30,593,,,2026-01-30,private
006740,"Blue Industrial Development Co., Ltd.",블루산업개발 주식회사,20260612000523,CB,2026-05-08,무기명식 이권부 무보증 사모 전환사채,10000000000,1,2,2029-06-15,5664,100,2027-06-15,2029-05-15,3964,,2026-06-15,2026-06-15,private
006740,"Blue Industrial Development Co., Ltd.",블루산업개발 주식회사,20260515002713,CB,2026-04-15,무기명식 이권부 무보증 사모 전환사채,8000000000,1,2,2029-05-18,7497,100,2027-05-18,2029-04-18,5248,,2026-05-15,2026-05-18,private
006740,"Blue Industrial Development Co., Ltd.",블루산업개발 주식회사,20260610000522,CB,2026-04-15,무기명식 이권부 무보증 사모 전환사채,15000000000,1,2,2029-06-18,5788,100,2027-06-18,2029-05-18,4052,,2026-06-18,2026-06-18,private
006740,"Blue Industrial Development Co., Ltd.",블루산업개발 주식회사,20260904000543,CB,2026-06-12,무기명식 이권부 무보증 사모 전환사채,2500000000,1,2,2029-06-22,5664,100,2027-06-22,2029-05-22,3964,,2026-06-12,2026-06-22,private
006740,"Blue Industrial Development Co., Ltd.",블루산업개발 주식회사,20260807000743,CB,2026-07-08,무기명식 이권부 무보증 사모 전환사채,5000000000,1,2,2029-11-30,4665,100,2027-08-10,2029-07-10,3266,,2026-11-30,2026-11-30,private
044180,KD Corporation,KD(주),20190220000826,CB,2019-02-15,"무기명식
이권부 무보증
사모 전환사채",9000000000,15,15,2022-02-20,107,100,2020-02-20,2022-01-20,,,2019-02-15,2019-02-20,private
044180,KD Corporation,KD(주),20171208000086,CB,2017-12-07,"무기명식
이권부 무보증
사모 전환사채",10000000000,12,12,2020-12-11,161,100,2018-12-11,2020-11-11,,,2017-12-07,2017-12-11,private
044180,KD Corporation,KD(주),20161109000302,CB,2016-11-09,"무기명식
이권부 무보증
사모 전환사채",3000000000,5,5,2019-11-09,219,100,2017-11-09,2019-10-09,,,,2016-11-09,private
044180,KD Corporation,KD(주),20210115000575,CB,2020-12-11,무기명식이권부 무보증사모 전환사채,3000000000,12,12,2023-12-11,1546,100,2021-12-11,2023-11-11,,,2020-12-11,2020-12-11,private
288330,"PARATAXIS KOREA, INC.",파라택시스 코리아(주),20250626000476,CB,2025-06-20,무기명식 무보증 사모 전환사채,5000000000,0,0,2028-07-01,789,100,2026-07-01,2028-06-30,,,2025-06-20,2025-07-01,private
079190,"KESPION Co., Ltd.",(주)케스피온,20160121000104,CB,2016-01-21,무기명식 무보증 이권부 사모 전환사채,5000000000,1,5,2020-01-25,2349,100,2017-01-25,2019-12-25,,,2016-01-25,2016-01-25,private
079190,"KESPION Co., Ltd.",(주)케스피온,20211109000321,CB,2021-11-09,무기명식 이권부 무보증 사모 전환사채,8000000000,1,2,2026-11-11,1800,100,2022-11-11,2026-10-11,1260,,2021-11-10,2021-11-11,private
079190,"KESPION Co., Ltd.",(주)케스피온,20260120000386,CB,2026-01-20,무기명식 이권부 무보증 사모 전환사채,2089000000,0,1,2031-01-28,500,100,2027-01-28,2030-12-27,,,2026-01-28,2026-01-28,private
115180,"Qurient Co., Ltd.",(주)큐리언트,20231221000487,CB,2023-12-19,무기명식 이권부 무보증 사모 영구전환사채,3500000000,2,2,2053-12-27,5169,100,2024-12-27,2053-12-27,,,2023-12-21,2023-12-27,private
115180,"Qurient Co., Ltd.",(주)큐리언트,20241119000095,CB,2024-11-19,무기명식 이권부 무보증 사모 영구전환사채,6000000000,0,0,2054-11-22,4565,100,2025-11-22,2054-10-22,,,2024-11-21,2024-11-22,private
115180,"Qurient Co., Ltd.",(주)큐리언트,20251029000238,CB,2025-10-29,무기명식 무이권부 무보증 사모 전환사채,12800000000,0,3,2030-11-06,19072,100,2026-11-06,2030-10-06,13351,,2025-11-06,2025-11-06,private
115180,"Qurient Co., Ltd.",(주)큐리언트,20251029000232,BW,2025-10-29,무기명식 무이권부 무보증 사모 신주인수권부사채,9000000000,0,3,2030-11-06,19072,100,2026-11-06,2030-10-06,13351,,2025-11-06,2025-11-06,private
086220,"Kwangdong Healthbio Co., Ltd.",광동헬스바이오(주),20170329000979,CB,2017-03-29,무기명식 이권부 무보증 사모 전환사채,3000000000,1,4,2020-03-30,3500,100,2018-03-30,2020-02-29,,,2017-03-30,2017-03-30,private
220260,"Chemtros Co., Ltd.",(주)켐트로스,20180726000288,CB,2018-07-25,무기명식 이권부 무보증 사모 전환사채,6000000000,0,0,2023-08-03,4389,100,2019-08-03,2023-07-03,,,2018-07-27,2018-08-03,private
220260,"Chemtros Co., Ltd.",(주)켐트로스,20211029000540,CB,2021-10-29,무기명식 무이권부 무보증 사모 전환사채,20000000000,0,0,2026-11-08,15086,100,2022-11-08,2026-10-08,,,2021-11-02,2021-11-08,private
220260,"Chemtros Co., Ltd.",(주)켐트로스,20180726000271,BW,2018-07-25,무기명식 이권부 무보증 비분리형 사모 신주인수권부사채,8000000000,0,0,2023-08-03,4389,100,2019-08-03,2023-07-03,,,2018-07-27,2018-08-03,private
220260,"Chemtros Co., Ltd.",(주)켐트로스,20240729000214,BW,2024-04-29,무기명식 이권부 무보증 사모 비분리형 신주인수권부사채,35000000000,0,4,2034-07-30,6910,100,2025-07-30,2034-06-30,4837,,2024-05-01,2024-07-30,private
320000,"HanWool Semiconductor, Inc.",(주)한울반도체,20230711000284,CB,2023-03-14,무기명식 이권부 무보증 사모 전환사채,10000000000,2,8,2026-07-21,3231,100,2024-07-21,2026-06-21,2262,,2023-07-11,2023-07-21,private
320000,"HanWool Semiconductor, Inc.",(주)한울반도체,20251231000309,CB,2025-11-13,무기명식 이권부 무보증 사모 전환사채,6000000000,5,6,2028-12-30,2041,100,2026-12-30,2028-11-30,1429,,2025-11-13,2025-12-30,private
320000,"HanWool Semiconductor, Inc.",(주)한울반도체,20251231000312,CB,2025-11-13,무기명식 이권부 무보증 사모 전환사채,6000000000,5,6,2028-12-30,2041,100,2026-12-30,2028-11-30,1429,,2025-11-13,2025-12-30,private
320000,"HanWool Semiconductor, Inc.",(주)한울반도체,20260127000287,CB,2026-01-27,무기명식 이권부 무보증 사모 전환사채,5000000000,3,7,2029-02-04,1952,100,2027-02-04,2029-01-04,1367,,2026-01-27,2026-02-04,private
320000,"HanWool Semiconductor, Inc.",(주)한울반도체,20241129001935,BW,2024-03-04,"무기명식 무보증 사모
비분리형 신주인수권부사채",10000000000,0,1,2027-07-22,2240,100,2025-07-22,2027-06-22,,,2024-03-04,2024-07-22,private
217820,"WONIK PNE CO., LTD.",(주)원익피앤이,20191022000078,CB,2019-10-22,무기명식 이권부 무보증 사모 전환사채,10000000000,0,0,2024-10-24,6259,100,2020-10-24,2024-09-24,,,2019-10-24,2019-10-24,private
033920,Muhak,(주)무학,20251017000545,EB,2025-10-17,무기명식 무보증 사모 교환사채,10000000000,0,0,2030-10-28,9319,100,2025-11-04,2030-09-28,,"not applicable (EB is exchanged for already-issued shares, not newly issued)",2025-10-21,2025-10-28,private
377030,"BITMAX CO., LTD",비트맥스(주),20221108000247,CB,2022-11-08,무기명식 이권부 무보증 사모 전환사채,21000000000,0,0,2027-11-10,11044,100,2023-11-10,2027-10-10,7731,,2022-11-10,2022-11-10,private
377030,"BITMAX CO., LTD",비트맥스(주),20250714000248,CB,2025-06-16,무기명식 이권부 무보증사모 전환사채,25010000000,5,5,2028-07-14,4289,100,2026-07-14,2028-06-14,,,2025-07-14,2025-07-14,private
377030,"BITMAX CO., LTD",비트맥스(주),20260306000241,CB,2025-01-15,무기명식 이권부 무보증 사모 전환사채,25000000000,0,0,2028-02-13,1323,100,2026-02-13,2028-01-13,,,2025-02-12,2025-02-13,private
377030,"BITMAX CO., LTD",비트맥스(주),20260306000243,CB,2025-02-14,무기명식 이권부 무보증사모 전환사채,15000000000,0,0,2028-03-13,1442,100,2026-03-13,2028-02-13,,,2025-03-13,2025-03-13,private
377030,"BITMAX CO., LTD",비트맥스(주),20260306000249,CB,2025-05-23,무기명식 이권부 무보증사모 전환사채,50000000000,0,0,2028-06-20,2456,100,2026-06-20,2028-05-20,,,2025-06-20,2025-06-20,private
377030,"BITMAX CO., LTD",비트맥스(주),20260527000592,CB,2026-05-27,무기명식 이권부 무보증 사모 전환사채,1500000000,3,3,2029-06-04,2636,100,2027-06-04,2029-05-04,1846,,2026-06-04,2026-06-04,private
377030,"BITMAX CO., LTD",비트맥스(주),20260428000479,CB,2026-04-28,무기명식 이권부 무보증 사모 전환사채,61650000000,3,3,2029-05-07,2612,100,2027-05-07,2029-04-07,,,2026-05-07,2026-05-07,private
221800,"ZGOO Holdings Co., Ltd.",지구홀딩스(주),20190417000264,CB,2019-04-12,무기명식 무보증 사모 전환사채,7000000000,0,3,2022-04-18,14000,100,2021-04-18,2022-03-18,,,2019-04-12,2019-04-18,private
221800,"ZGOO Holdings Co., Ltd.",지구홀딩스(주),20160809000086,CB,2016-08-09,기명식 무보증 사모 전환사채,1500000000,0,3,2019-08-09,20000,100,2017-08-10,2019-08-09,,,2016-08-09,2016-08-10,private
373200,Xplus Inc.,(주)엑스플러스,20230724000313,CB,2023-07-24,무기명식 이권부 무보증 사모 전환사채,3000000000,0,1,2028-07-26,5523,100,2024-07-26,2028-06-26,3867,,2023-07-26,2023-07-26,private
373200,Xplus Inc.,(주)엑스플러스,20250226000002,CB,2025-02-25,무기명식 이권부 무보증 사모 전환사채,15650000000,0,4,2028-02-25,617,100,2026-02-25,2028-01-25,,,2024-12-18,2025-02-25,private
373200,Xplus Inc.,(주)엑스플러스,20250613000268,CB,2025-06-13,무기명식 이권부 무보증 사모 전환사채,1500000000,3,3,2028-06-13,668,100,2026-06-13,2028-05-13,,,2025-06-13,2025-06-13,private
373200,Xplus Inc.,(주)엑스플러스,20250709000410,CB,2025-03-24,무기명식 이권부 무보증 사모 전환사채,14000000000,2,7,2028-04-10,710,100,2026-04-10,2028-03-10,497,,2025-04-10,2025-04-10,private
373200,Xplus Inc.,(주)엑스플러스,20230724000315,BW,2023-07-24,무기명식 이권부 무보증 사모 신주인수권부사채,10000000000,0,1,2028-07-26,5523,100,2024-07-26,2028-06-26,3867,,2023-07-26,2023-07-26,private
372170,"YUNSUNG F&C Co.,Ltd",주식회사 윤성에프앤씨,20250428000514,CB,2025-04-28,무기명식 이권부 무보증 사모 전환사채,40000000000,0,0,2030-04-30,34570,100,2026-04-30,2030-03-30,27656,,2025-04-30,2025-04-30,private
115530,"CNPLUS Co., Ltd.",(주)씨엔플러스,20151215000176,CB,2015-10-12,무기명식 무보증 사모 전환사채,7200000000,3,5,2018-12-15,20250,100,2016-12-15,2018-12-14,,,2015-12-15,2015-12-15,private
115530,"CNPLUS Co., Ltd.",(주)씨엔플러스,20190102000101,CB,2018-12-31,"무기명식 이권부 무보증 
사모 전환사채",,,,,,,,,,,,,private
115530,"CNPLUS Co., Ltd.",(주)씨엔플러스,20180703000144,CB,2018-07-02,무기명식 이권부 무보증 사모 전환사채,500000000,5,5,2021-07-04,722,100,2019-07-04,2021-06-04,,,2018-07-04,2018-07-04,private
115530,"CNPLUS Co., Ltd.",(주)씨엔플러스,20170116000270,CB,2016-11-24,무기명식 무보증 사모 전환사채,6000000000,7,7,2020-01-17,4520,100,2018-01-17,2020-01-16,,,2016-11-24,2017-01-17,private
115530,"CNPLUS Co., Ltd.",(주)씨엔플러스,20211029000611,CB,2021-10-29,무기명식 이권부 부모증 사모 영구전환사채,1500000000,,,2051-10-31,215,100,2022-11-01,2051-10-01,,,2021-11-01,2021-11-01,private
115530,"CNPLUS Co., Ltd.",(주)씨엔플러스,20200925000720,CB,2017-02-24,무기명식 무보증 사모 전환사채,5500000000,3,5,2021-04-26,590,100,2018-05-26,2021-04-25,100,,2017-02-24,2017-05-26,public
115530,"CNPLUS Co., Ltd.",(주)씨엔플러스,20260729000472,CB,2022-08-16,무기명식 이권부 무보증 사모 전환사채,5000000000,8,8,2026-11-17,685,100,2023-11-17,2026-10-17,480,,2022-08-18,2022-11-17,private
115530,"CNPLUS Co., Ltd.",(주)씨엔플러스,20260729000504,CB,2022-09-23,무기명식 이권부 무보증 사모전환사채,5000000000,8,8,2026-11-17,663,100,2023-11-17,2026-10-17,465,,2022-09-23,2022-11-17,private
028080,"Humax Holdings Co., Ltd",(주)휴맥스홀딩스,20250314000928,CB,2025-03-14,무보증 사모 전환사채,3000000000,0,3,2030-03-18,2451,100,2026-03-18,2030-02-18,1716,,2025-03-18,2025-03-18,private
028080,"Humax Holdings Co., Ltd",(주)휴맥스홀딩스,20250905000376,EB,2025-09-05,무기명식 무보증 사모 교환사채,1000000000,0,4,2029-09-15,1917,100,2025-09-16,2029-08-15,,"not applicable (EB is exchanged for already-issued shares, not newly issued)",2025-09-15,2025-09-15,private
321550,"TiumBio Co., Ltd.",주식회사 티움바이오,20210827000812,CB,2021-08-27,무기명식 무보증 사모 전환사채,25000000000,0,0,2026-08-31,21000,100,2022-08-31,2026-07-31,17850,,2021-08-31,2021-08-31,private
321550,"TiumBio Co., Ltd.",주식회사 티움바이오,20231013000258,CB,2023-10-13,무기명식 이권부 무보증 사모 전환사채,18500000000,0,3.5,2028-10-23,7500,100,2024-10-23,2028-09-23,5250,,2023-10-17,2023-10-23,private
321550,"TiumBio Co., Ltd.",주식회사 티움바이오,20250324000767,EB,2025-03-20,무기명식 무보증 사모 교환사채,10000000000,0,8,2029-03-27,36000,100,2026-08-07,2029-02-27,,"not applicable (EB is exchanged for already-issued shares, not newly issued)",2025-03-27,2025-03-27,private
129260,"INTERGIS CO., LTD",인터지스(주),20150810000428,CB,2015-08-10,무기명식 무보증 사모 전환사채,5000000000,0,0,2020-08-12,4364,100,2016-08-12,2020-07-12,,,,2015-08-12,private
065170,BL Pharmtech Corp.,(주)비엘팜텍,20190325001023,CB,2019-03-25,무기명식 무보증 사모 전환사채,9000000000,0,0,2024-03-27,1971,100,2020-03-27,2024-02-27,,,2019-03-27,2019-03-27,private
065170,BL Pharmtech Corp.,(주)비엘팜텍,20200103000492,CB,2020-01-03,무기명식 무보증 사모 전환사채,6500000000,0,3,2025-01-07,1427,100,2021-01-07,2024-12-07,,,2020-01-07,2020-01-07,private
065170,BL Pharmtech Corp.,(주)비엘팜텍,20180312000749,CB,2018-03-12,무기명식 이권부 무보증사모 전환사채,9000000000,,2,2021-03-15,2735,100,2019-03-15,2021-02-15,,,2018-03-14,2018-03-15,private
065170,BL Pharmtech Corp.,(주)비엘팜텍,20160829000452,CB,2016-08-29,무기명식 이권부 무보증 사모 전환사채,11000000000,1,4,2020-09-01,2483,100,2017-09-01,2020-08-01,,,2016-08-31,2016-09-01,private
065170,BL Pharmtech Corp.,(주)비엘팜텍,20211129001125,CB,2021-11-29,무기명식 이권부 무보증 사모 전환사채,6000000000,1,2,2026-12-01,1434,100,2022-12-01,2026-11-01,1004,,2021-12-01,2021-12-01,private
065170,BL Pharmtech Corp.,(주)비엘팜텍,20210329001036,CB,2021-03-29,무기명식 이권부 무보증 사모 전환사채,10400000000,0,1,2026-03-31,1408,100,2022-03-31,2026-02-28,986,,2021-03-31,2021-03-31,private
065170,BL Pharmtech Corp.,(주)비엘팜텍,20230622000508,CB,2023-06-22,무기명식 이권부 무보증 사모 전환사채,2500000000,3,5,2027-12-28,696,100,2024-06-28,2027-11-28,500,,2023-06-26,2023-06-28,private
065170,BL Pharmtech Corp.,(주)비엘팜텍,20231027000484,CB,2023-06-22,무기명식 이권부 무보증 사모 전환사채,2000000000,3,5,2028-04-30,696,100,2024-10-30,2028-03-30,500,,2023-06-26,2023-10-30,private
065170,BL Pharmtech Corp.,(주)비엘팜텍,20260615000228,CB,2025-07-22,무기명식 이권부 무보증 사모 전환사채,1040000000,0,3,2028-07-30,848,100,2026-07-30,2028-06-30,,,2025-07-23,2025-07-30,private
066430,"I-ROBOTICS,Co.,Ltd.",(주)아이로보틱스,20150417000473,CB,2015-04-17,"무기명식 이권부 무보증
사모 전환사채",700000000,4,5,2018-04-17,1255,100,2016-04-17,2018-03-17,,,2015-04-17,2015-04-17,private
066430,"I-ROBOTICS,Co.,Ltd.",(주)아이로보틱스,20151016000232,CB,2015-10-16,"무기명식 이권부 무보증
사모 전환사채",4800000000,0,0,2018-10-16,3070,100,2016-10-16,2018-09-16,,,2015-10-16,2015-10-16,private
066430,"I-ROBOTICS,Co.,Ltd.",(주)아이로보틱스,20180518000351,CB,2018-05-18,"무기명식 이권부 무보증
사모 전환사채",8000000000,0,0,2021-05-23,8220,100,2019-05-23,2021-04-23,,,2018-05-18,2018-05-23,private
066430,"I-ROBOTICS,Co.,Ltd.",(주)아이로보틱스,20180608000437,CB,2018-05-18,"무기명식 이권부 무보증
사모 전환사채",15000000000,0,3,2021-06-11,8220,100,2019-06-11,2021-05-11,,,2018-05-18,2018-06-11,private
066430,"I-ROBOTICS,Co.,Ltd.",(주)아이로보틱스,20190523000437,CB,2019-05-17,"무기명식 이권부 무보증
사모 전환사채",10000000000,5,5,2022-05-27,7694,100,2020-05-27,2022-04-27,,,2019-05-23,2019-05-27,private
066430,"I-ROBOTICS,Co.,Ltd.",(주)아이로보틱스,20211123000339,CB,2021-11-23,무기명식 이권부 무보증 사모 전환사채,3000000000,0,3,2024-11-25,2390,100,2022-11-25,2024-10-25,500,,2021-11-25,2021-11-25,private
079810,"APS Innovation Co., Ltd.",APS이노베이션 주식회사,20181116000258,CB,2018-11-16,무기명식 무보증 사모 전환사채,6500000000,0,0,2023-11-20,2327,100,2019-11-20,2023-11-13,,,2018-11-20,2018-11-20,private
079810,"APS Innovation Co., Ltd.",APS이노베이션 주식회사,20171109000276,CB,2017-11-09,무기명식 이권부 무보증 사모 전환사채,12000000000,0,0,2021-11-10,5269,100,2018-11-10,2021-10-10,,,2017-11-10,2017-11-10,private
079810,"APS Innovation Co., Ltd.",APS이노베이션 주식회사,20160107000436,CB,2016-01-06,무기명식 이권부 사모 전환사채,7000000000,2,2,2020-01-07,3679,100,2017-01-07,2019-12-07,,,2016-01-07,2016-01-07,private
073490,"LIG Accuver Co.,Ltd.",(주)엘아이지아큐버,20181106000266,CB,2018-09-20,기명식 무보증 사모 전환사채,13000000000,5.5,5.5,2021-11-07,17686,100,2019-11-07,2021-10-07,,,2018-11-07,2018-11-07,private
298060,"POONGJEON PHARMACY CO.,LTD.",풍전약품(주),20250930000508,CB,2025-09-08,무기명식 무보증 사모 전환사채,2000000000,4,4,2028-10-02,1182,100,2026-10-02,2028-09-02,828,,2025-09-08,2025-10-02,private
298060,"POONGJEON PHARMACY CO.,LTD.",풍전약품(주),20250905000550,CB,2025-09-05,무기명식 무보증 사모 전환사채,4000000000,2,2,2028-09-15,1262,100,2026-09-15,2028-08-15,884,,2025-09-05,2025-09-15,private
298060,"POONGJEON PHARMACY CO.,LTD.",풍전약품(주),20260610000611,CB,2026-06-10,무기명식 무보증 사모 전환사채,2000000000,2,2,2029-06-18,3332,100,2027-06-18,2029-05-18,2500,,2026-06-15,2026-06-18,private
060310,"3S KOREA CO., LTD",(주)삼에스코리아,20150330001555,CB,2015-03-30,무기명식 이권부 무보증 사모 전환사채,3940000000,3,5,2020-03-31,3367,100,2016-03-31,2020-02-29,,,2015-03-31,2015-03-31,private
060310,"3S KOREA CO., LTD",(주)삼에스코리아,20190124000394,CB,2019-01-24,무기명식 이권부 무보증 사모 전환사채,1910000000,2,4,2022-01-29,2442,100,2020-01-29,2021-12-28,,,2019-01-28,2019-01-29,private
060310,"3S KOREA CO., LTD",(주)삼에스코리아,20161215000441,CB,2016-12-15,무기명식 이권부 무보증 사모 전환사채,3380000000,3,5,2019-12-16,2667,100,2017-12-16,2019-11-16,,,2016-12-16,2016-12-16,private
060310,"3S KOREA CO., LTD",(주)삼에스코리아,20160427000713,CB,2016-04-27,무기명식 이권부 무보증 사모 전환사채,2200000000,3,5,2019-04-28,4601,100,2017-04-28,2019-03-27,,,2016-04-28,2016-04-28,private
060310,"3S KOREA CO., LTD",(주)삼에스코리아,20241217000407,CB,2024-12-09,무기명식 이권부 무보증 사모 전환사채,5000000000,2,4,2029-12-17,1945,100,2025-12-17,2029-11-17,1362,,2024-12-11,2024-12-17,private
416180,"Shinsung ST Co., Ltd.",신성에스티(주),20251031000336,EB,2025-10-29,무기명식 무보증 사모 교환사채,8775388800,0,0,2030-11-06,56400,100,2025-11-13,2030-10-30,,"not applicable (EB is exchanged for already-issued shares, not newly issued)",2025-11-06,2025-11-06,private
161580,"PHILOPTICS CO., LTD.",주식회사 필옵틱스,20181203000380,CB,2018-12-03,무기명식 무이권부 무보증 사모 전환사채,18000000000,0,0,2023-12-10,8130,100,2019-12-10,2023-11-10,,,2018-12-05,2018-12-10,private
161580,"PHILOPTICS CO., LTD.",주식회사 필옵틱스,20200213000574,CB,2020-02-13,무기명식 이권부 무보증 사모 전환사채,25000000000,0,1,2025-02-17,12500,100,2021-02-17,2025-01-17,,,2020-02-17,2020-02-17,private
215570,"CRONEX.CO.,LTD",크로넥스(주),20210917000573,CB,2021-08-31,무기명식 이권부 담보보증 사모 전환사채,,0,4,2024-09-13,5993,100,2022-09-14,2024-08-14,4195,,2021-08-31,2021-09-14,private
215570,"CRONEX.CO.,LTD",크로넥스(주),20201127000252,CB,2020-11-26,무기명식 이권부 무보증 사모 전환사채,1600005000,1,7,2023-11-29,5500,100,2022-11-30,2023-11-28,3850,,2020-11-30,2020-11-30,private
215570,"CRONEX.CO.,LTD",크로넥스(주),20231122000063,CB,2023-11-22,무기명식 이권부 무보증 사모 전환사채,977000000,0,12,2026-11-29,1102,100,2024-11-30,2026-10-29,772,,2023-11-22,2023-11-30,private
215570,"CRONEX.CO.,LTD",크로넥스(주),20250915000266,CB,2021-09-17,무기명식 이권부 무보증 사모 전환사채,4000000000,0,4,2026-09-22,5786,100,2022-09-23,2024-08-23,4051,,2021-09-17,2021-09-23,private
215570,"CRONEX.CO.,LTD",크로넥스(주),20260323001604,CB,2023-03-21,무기명식 이권부 무보증 사모 전환사채,1000000000,4,7,2029-03-30,1906,100,2024-04-01,2029-03-23,1335,,2023-03-21,2023-03-30,private
028100,Dong-Ah Geological Engineering Company LTD.,(주)동아지질,20190808000349,CB,2019-06-14,"무기명식 이권부 무보증 
사모 전환사채",20000000000,0.5,1,2025-08-16,21604,100,2020-08-16,2025-07-16,,,2019-06-14,2019-08-16,private
028100,Dong-Ah Geological Engineering Company LTD.,(주)동아지질,20190808000358,BW,2019-06-14,무기명식 이권부 무보증 사모 비분리형 신주인수권부사채,20000000000,0.5,1,2025-08-16,21604,100,2020-08-16,2025-07-16,,,2019-06-14,2019-08-16,private
079370,"ZEUSCO.,LTD.",(주)제우스,20210202000133,EB,2021-02-01,무기명식 무보증 사모교환사채,9127760000,0,0,2026-02-03,33803,100,2021-02-10,2026-01-27,,"not applicable (EB is exchanged for already-issued shares, not newly issued)",2021-02-03,2021-02-03,private
079370,"ZEUSCO.,LTD.",(주)제우스,20251215000408,EB,2025-12-15,무기명식 이권부 무보증 사모 교환사채,8500011324,0,0,2030-12-23,18102,100,2025-12-30,2030-11-23,,"not applicable (EB is exchanged for already-issued shares, not newly issued)",2025-12-23,2025-12-23,private
079370,"ZEUSCO.,LTD.",(주)제우스,20230530000941,EB,2023-05-30,무기명식 무보증 사모교환사채,4801654000,0,0,2028-06-01,32600,100,2023-06-15,2028-05-25,,"not applicable (EB is exchanged for already-issued shares, not newly issued)",2023-06-01,2023-06-01,private
318060,Graphy Inc.,주식회사 그래피,20260713000436,CB,2026-07-13,무기명식 무이권부 무보증 사모 전환사채,48300000000,0,0,2031-07-21,18318,100,2027-07-21,2031-06-21,,,2026-07-21,2026-07-21,private
200230,TELCON RF PHARMACEUTICAL. Inc.,(주)텔콘알에프제약,20180510003333,CB,2018-05-10,무기명식 이권부 무보증 사모 전환사채,7000000000,5,5,2021-05-10,13514,100,2019-05-10,2021-04-10,,,2018-05-10,2018-05-10,private
200230,TELCON RF PHARMACEUTICAL. Inc.,(주)텔콘알에프제약,20200604000281,CB,2020-06-04,무기명식 이권부 무보증 사모 전환사채,18000000000,3,5,2023-06-08,4987,100,2021-06-08,2023-05-08,,,2020-06-04,2020-06-08,private
200230,TELCON RF PHARMACEUTICAL. Inc.,(주)텔콘알에프제약,20180308000176,CB,2018-03-08,무기명식 이권부 무보증 사모 전환사채,2405130000,5,5,2021-03-08,13359,100,2019-03-08,2021-02-08,,,2018-03-08,2018-03-08,private
200230,TELCON RF PHARMACEUTICAL. Inc.,(주)텔콘알에프제약,20180314000686,CB,2018-03-14,무기명식 이권부 무보증 사모 전환사채,3000000000,6,6,2021-03-14,13850,100,2019-03-14,2021-02-14,,,2018-03-14,2018-03-14,private
200230,TELCON RF PHARMACEUTICAL. Inc.,(주)텔콘알에프제약,20190524000542,CB,2019-05-24,무기명식 이권부 무보증 사모 전환사채,10000000000,5,5,2022-05-31,6898,100,2020-05-31,2022-04-30,,,2019-05-24,2019-05-31,private
200230,TELCON RF PHARMACEUTICAL. Inc.,(주)텔콘알에프제약,20171113000900,CB,2017-11-13,무기명식 이권부 무보증 사모 전환사채,4500000000,5,5,2020-11-14,7300,100,2018-11-14,2020-10-14,,,2017-11-14,2017-11-14,private
200230,TELCON RF PHARMACEUTICAL. Inc.,(주)텔콘알에프제약,20171114002338,CB,2017-11-13,무기명식 이권부 무보증 사모 전환사채,5000000000,6,6,2020-11-14,7300,100,2018-11-14,2020-10-14,,,2017-11-14,2017-11-14,private
200230,TELCON RF PHARMACEUTICAL. Inc.,(주)텔콘알에프제약,20171208000157,CB,2017-12-08,무기명식 이권부 무보증 사모 전환사채,21810000000,5,5,2020-12-08,17633,100,2018-12-08,2020-11-08,,,2017-12-08,2017-12-08,private
200230,TELCON RF PHARMACEUTICAL. Inc.,(주)텔콘알에프제약,20160801002128,CB,2016-08-01,무기명식 이권부 무보증 전환사채,8000000000,5,5,2019-08-02,28850,100,2017-08-02,2019-07-02,,,2016-08-02,2016-08-02,private
200230,TELCON RF PHARMACEUTICAL. Inc.,(주)텔콘알에프제약,20160809000342,CB,2016-07-01,무기명식 무보증 사모 전환사채,12681199010,0,0,2021-08-09,11675,100,2017-08-09,2021-08-08,,,2016-07-01,2016-08-09,private
200230,TELCON RF PHARMACEUTICAL. Inc.,(주)텔콘알에프제약,20170612000355,CB,2017-06-12,무기명식 이권부 무보증 사모 전환사채,7000000000,6,6,,6150,100,2018-06-19,2020-05-19,,,2017-06-12,2017-06-19,private
200230,TELCON RF PHARMACEUTICAL. Inc.,(주)텔콘알에프제약,20160520000149,CB,2016-05-20,무기명식 무보증 사모 전환사채,1000000000,0,1,2019-05-20,31098,100,2017-11-20,2019-05-19,,,2016-05-20,2016-05-20,private
200230,TELCON RF PHARMACEUTICAL. Inc.,(주)텔콘알에프제약,20170302000570,CB,2017-03-02,무기명식 이권부 무보증 사모 전환사채,7000000000,6,6,2020-03-03,5370,100,2018-03-03,2020-02-03,,,2017-03-03,2017-03-03,private
200230,TELCON RF PHARMACEUTICAL. Inc.,(주)텔콘알에프제약,20170302000571,CB,2017-03-02,무기명식 이권부 무보증 사모 전환사채,10000000000,6,6,2020-03-06,5370,100,2018-03-06,2020-02-06,,,2017-03-03,2017-03-06,private
200230,TELCON RF PHARMACEUTICAL. Inc.,(주)텔콘알에프제약,20210108000774,CB,2020-11-03,무기명식 이권부 무보증 사모 전환사채,4290000000,3,5,2023-11-03,6737,100,2021-11-03,2023-10-03,100,,2020-11-03,2020-11-03,private
200230,TELCON RF PHARMACEUTICAL. Inc.,(주)텔콘알에프제약,20210108000779,CB,2020-11-03,무기명식 이권부 무보증 사모 전환사채,22000000000,3,5,2023-11-03,6737,100,2021-11-03,2023-10-03,100,,2020-11-03,2020-11-03,private
200230,TELCON RF PHARMACEUTICAL. Inc.,(주)텔콘알에프제약,20210108000790,CB,2020-11-03,무기명식 이권부 무보증 사모 전환사채,14360000000,3,5,2023-11-03,6737,100,2021-11-03,2023-10-03,100,,2020-11-03,2020-11-03,private
200230,TELCON RF PHARMACEUTICAL. Inc.,(주)텔콘알에프제약,20201016000177,CB,2020-09-28,무기명식 이권부 무보증 사모 전환사채,30000000000,2.1,2.1,2030-10-16,9232,100,2021-10-16,2030-09-16,100,,2020-09-28,2020-10-16,private
200230,TELCON RF PHARMACEUTICAL. Inc.,(주)텔콘알에프제약,20231226000369,CB,2023-12-26,무기명식 무이권부 무보증 사모 전환사채,6000000000,0,0,2026-12-27,870,100,2024-12-27,2026-11-27,609,,2023-12-26,2023-12-27,private
200230,TELCON RF PHARMACEUTICAL. Inc.,(주)텔콘알에프제약,20250421000372,CB,2025-04-21,무기명식 이권부 무보증 사모 전환사채,12000000000,2,5,2028-04-22,3317,100,2026-04-22,2028-03-22,2322,,2025-04-21,2025-04-22,private
200230,TELCON RF PHARMACEUTICAL. Inc.,(주)텔콘알에프제약,20240419000001,CB,2024-04-18,무기명식 이권부 무보증 사모 전환사채,22000000000,2,5,2027-04-19,736,100,2025-04-19,2027-03-19,516,,2024-04-18,2024-04-19,private
200230,TELCON RF PHARMACEUTICAL. Inc.,(주)텔콘알에프제약,20241211000507,EB,2024-12-11,무기명식 이권부 무보증 사모 교환사채,2500000000,8,8,2027-12-12,7350,100,2025-02-12,2027-11-12,,"not applicable (EB is exchanged for already-issued shares, not newly issued)",,2024-12-12,private
200230,TELCON RF PHARMACEUTICAL. Inc.,(주)텔콘알에프제약,20241211000506,EB,2024-12-11,무기명식 이권부 무보증 사모 교환사채,2500000000,8,8,2027-12-12,228,100,2025-02-12,2027-11-12,,"not applicable (EB is exchanged for already-issued shares, not newly issued)",,2024-12-12,private
266170,"Redwoods Co., Ltd",(주)레드우즈,20180730000422,CB,2018-07-30,무기명식 이권부 무보증 사모 전환사채,720000000,6,6,2023-07-31,4815,100,2019-07-31,2023-06-30,,,2018-07-31,2018-07-31,private
266170,"Redwoods Co., Ltd",(주)레드우즈,20190604000330,CB,2019-06-04,무기명식 이권부 무보증 사모 전환사채,4500000000,3,6,2024-06-05,7047,100,2020-06-05,2024-05-05,,,2019-05-27,2019-06-05,private
266170,"Redwoods Co., Ltd",(주)레드우즈,20230310000891,CB,2023-03-10,무기명식 이권부 무보증 사모 전환사채,1000000000,8,10,2028-03-15,750,100,2024-03-15,2028-02-15,525,,2023-03-14,2023-03-15,private
266170,"Redwoods Co., Ltd",(주)레드우즈,20231012000307,CB,2018-10-18,무기명식 이권부 무보증 사모 전환사채,1050000000,6,6,2023-11-19,4525,100,2019-10-19,2023-09-19,3170,,2018-10-19,2018-10-19,private
266170,"Redwoods Co., Ltd",(주)레드우즈,20240320001412,CB,2024-03-05,무기명식 이권부 무보증 사모 전환사채,1020000000,0,4,2029-03-21,576,100,2025-03-21,2029-02-21,500,,2024-03-07,2024-03-21,private
266170,"Redwoods Co., Ltd",(주)레드우즈,20240521000149,CB,2024-03-25,무기명식 이권부 무보증 사모 전환사채,510000000,0,4,2029-05-21,500,100,2025-05-21,2029-04-21,500,,2024-03-27,2024-05-21,private
266170,"Redwoods Co., Ltd",(주)레드우즈,20240620000323,CB,2024-06-19,무기명식 이권부 무보증 사모 전환사채,600000000,0,4,2029-06-21,500,100,2025-06-21,2029-05-21,500,,2024-06-21,2024-06-21,private
232680,RAON ROBOTICS Inc.,(주)라온로보틱스,20240520000118,CB,2024-05-20,무기명식 무이권부 무보증 사모 전환사채,10000000000,0,0,2029-05-23,9386,100,2025-05-23,2029-04-23,,,2024-05-22,2024-05-23,private
039560,"DASAN Networks, Inc.",(주)다산네트웍스,20150401002457,CB,2015-04-01,기명식 무보증 사모 전환사채,33000000000,1,4,2019-04-09,7050,100,2016-04-09,2019-04-08,,,2015-04-03,2015-04-09,private
039560,"DASAN Networks, Inc.",(주)다산네트웍스,20180509003235,CB,2018-05-09,무기명식 이권부 무보증 사모 전환사채,10000000000,0,1,2022-05-11,6760,100,2019-05-11,2022-04-11,,,2018-05-11,2018-05-11,private
039560,"DASAN Networks, Inc.",(주)다산네트웍스,20160808000287,CB,2016-08-08,무기명식 이권부 무보증 사모 전환사채,28000000000,0,1,2021-08-10,7813,100,2017-08-10,2021-07-10,,,2016-08-10,2016-08-10,private
039560,"DASAN Networks, Inc.",(주)다산네트웍스,20190716000230,BW,2019-07-16,"국내 무기명식 이권부 무보증 비분리형 사모 
신주인수권부사채",31000000000,0,0,2024-07-18,9810,100,2020-07-18,2024-06-18,,,2019-07-18,2019-07-18,private
039560,"DASAN Networks, Inc.",(주)다산네트웍스,20230913000259,BW,2023-09-13,무기명식 무보증 비분리형 사모 신주인수권부사채,21000000000,0,3,2028-09-15,4990,100,2024-09-15,2028-08-15,3493,,2023-09-15,2023-09-15,private
039560,"DASAN Networks, Inc.",(주)다산네트웍스,20180509003236,EB,2018-05-09,무기명식 이권부 무보증 사모 교환사채,10000000000,0,0,2022-05-11,6760,100,2018-06-11,2022-04-11,,"not applicable (EB is exchanged for already-issued shares, not newly issued)",2018-05-11,2018-05-11,private
388720,"Yuilrobotics.  co., Ltd",(주)유일로보틱스,20230502000632,CB,2023-04-28,무기명식 무이권부 무보증 사모 전환사채,33000000000,,,2028-05-03,29978,100,2024-05-03,2028-04-03,23983,,2023-05-03,2023-05-03,private
134580,"Topco Media Co.,Ltd.",주식회사 탑코미디어,20170510002879,CB,,,,,,,,,,,,,,,private
134580,"Topco Media Co.,Ltd.",주식회사 탑코미디어,20211231000001,CB,2021-11-09,무기명식 이권부 무보증 사모 전환사채,20000000000,0,4,2024-12-23,3052,100,2022-12-23,2024-11-23,,,2021-11-09,2021-12-23,private
134580,"Topco Media Co.,Ltd.",주식회사 탑코미디어,20211230000677,CB,2021-11-09,무기명식 이권부 무보증 사모 전환사채,8700000000,0,4,2024-12-07,3052,100,2022-12-07,2024-11-07,,,2021-11-09,2021-12-07,private
134580,"Topco Media Co.,Ltd.",주식회사 탑코미디어,20170510002927,BW,,,,,,,,,,,,,,,private
002880,"DYA CO.,LTD",(주)디와이에이,20180523000275,CB,2018-05-23,무기명식 이권부 무보증 사모 전환사채,25000000000,1,6,2023-05-25,1444,100,2019-05-25,2023-05-24,,,2018-05-25,2018-05-25,private
002880,"DYA CO.,LTD",(주)디와이에이,20210408001859,CB,2021-04-08,무기명식 이권부 무보증 사모 전환사채,11000000000,0,1,2026-04-16,1123,100,2022-04-16,2026-03-16,787,,2021-04-12,2021-04-16,private
002880,"DYA CO.,LTD",(주)디와이에이,20160520000458,CB,2016-05-20,무기명식 이권부 무보증 사모 전환사채,25000000000,0,1.5,2021-05-27,2256,100,2017-05-27,2021-04-27,,,2016-05-20,2016-05-27,private
002880,"DYA CO.,LTD",(주)디와이에이,20210217001279,CB,2021-02-17,무기명식 이권부 무보증 사모 전환사채,5000000000,3,6,2024-02-18,1161,100,2022-02-18,2024-02-17,813,,2021-02-18,2021-02-18,private
002880,"DYA CO.,LTD",(주)디와이에이,20220523000001,CB,2022-04-22,무기명식 이권부 무보증 공모 전환사채,40000000000,2,4,2025-05-30,1060,100,2022-06-30,2025-04-30,742,,2022-05-25,2022-05-30,public
002880,"DYA CO.,LTD",(주)디와이에이,20250616000277,CB,2024-06-13,무기명식 이권부 무보증 사모 전환사채,11500000000,4,5,2029-06-18,1260,100,2025-06-18,2029-05-18,882,,2024-06-17,2024-06-18,private
002880,"DYA CO.,LTD",(주)디와이에이,20240425000601,BW,2024-04-25,무기명식 이권부 무보증 사모신주인수권부사채,2000000000,4,6,2027-04-29,1196,100,2025-04-29,2027-03-29,838,,2024-04-29,2024-04-29,private
046440,"KG Financial Co., Ltd.",(주)케이지파이낸셜,20180410000689,EB,2018-04-10,국내 무기명식 이권부 무보증 사모 교환사채,9800000000,0,0,2023-04-12,10800,100,2018-05-12,2023-03-12,,"not applicable (EB is exchanged for already-issued shares, not newly issued)",2018-04-12,2018-04-12,private
060230,"JK Synapse Co., Ltd.",제이케이시냅스(주),20180629000622,CB,2017-10-24,무기명식 무보증 사모 전환사채,20000000000,5,5,2021-01-10,1005,100,2019-01-10,2020-12-10,,,2017-10-26,2018-01-10,private
060230,"JK Synapse Co., Ltd.",제이케이시냅스(주),20180629000645,CB,2018-01-23,무기명식 무보증 사모 전환사채,1500000000,5,5,2021-02-02,1265,100,2019-02-02,2021-01-02,,,2018-01-25,2018-02-02,private
060230,"JK Synapse Co., Ltd.",제이케이시냅스(주),20190226003077,CB,2019-01-24,무기명식 무보증 사모 전환사채,20000000000,0,1,2022-02-28,1365,100,2020-02-28,2022-01-28,,,2019-01-25,2019-02-28,private
060230,"JK Synapse Co., Ltd.",제이케이시냅스(주),20160314000658,CB,2016-03-14,무기명식 이권부 무보증 사모 전환사채,4500000000,0,4,2019-03-16,1600,100,2017-03-16,2019-02-16,,,,2016-03-16,private
060230,"JK Synapse Co., Ltd.",제이케이시냅스(주),20170124000363,CB,2017-01-24,무기명식 이권부 무보증 사모 전환사채,7500000000,,7,2020-02-01,1518,100,2018-02-01,2020-01-01,,,2017-01-26,2017-02-01,private
060230,"JK Synapse Co., Ltd.",제이케이시냅스(주),20170124000365,CB,2017-01-24,무기명식 이권부 무보증 사모 전환사채,2500000000,5,5,2020-02-01,1518,100,2018-02-01,2020-01-01,,,2017-01-26,2017-02-01,private
060230,"JK Synapse Co., Ltd.",제이케이시냅스(주),20220503000768,CB,2022-05-03,무기명식이권부무보증사모전환사채,3000000000,3,3,2025-05-11,1050,100,2023-05-11,2025-04-11,500,,2022-05-03,2022-05-11,private
060230,"JK Synapse Co., Ltd.",제이케이시냅스(주),20220627000383,CB,2022-06-27,무기명식 이권부 무보증 사모 전환사채,1000000000,1,1,2025-07-05,4704,100,2023-07-05,2025-06-05,2500,,2022-06-27,2022-07-05,private
060230,"JK Synapse Co., Ltd.",제이케이시냅스(주),20230214001094,CB,2021-09-30,무기명식 이권부 무보증 사모 전환사채,30000000000,2,4,2024-10-08,2089,100,2022-10-08,2024-09-08,500,,2021-09-30,2021-10-08,private
060230,"JK Synapse Co., Ltd.",제이케이시냅스(주),20230214001102,CB,2021-09-30,무기명식 이권부 무보증 사모 전환사채,20000000000,2,4,2024-10-08,2089,100,2022-10-08,2024-09-08,500,,2021-09-30,2021-10-08,private
060230,"JK Synapse Co., Ltd.",제이케이시냅스(주),20230704000484,CB,2023-07-04,무기명식 이권부 무보증 사모전환사채,3000000000,1,1,2026-07-04,4990,100,2024-07-04,2026-06-04,3493,,2023-07-04,2023-07-04,private
060230,"JK Synapse Co., Ltd.",제이케이시냅스(주),20231115000293,CB,2023-11-15,무기명식 이권부 무보증 사모전환사채,4000000000,5,5,2026-11-15,2500,100,2024-11-15,2026-10-15,2500,,2023-11-15,2023-11-15,private
060230,"JK Synapse Co., Ltd.",제이케이시냅스(주),20241230000642,CB,2024-12-27,무기명식 이권부 무보증 사모전환사채,2500000000,1,1,2027-12-31,1046,100,2026-01-31,2027-11-30,733,,2024-12-31,2024-12-31,private
060230,"JK Synapse Co., Ltd.",제이케이시냅스(주),20240909000283,CB,2024-09-06,무기명식 이권부 무보증 사모전환사채,3150000000,2,4,2027-09-06,5880,100,2025-09-06,2027-08-06,2500,,2024-09-06,2024-09-06,private
060230,"JK Synapse Co., Ltd.",제이케이시냅스(주),20250408003072,CB,2024-09-13,기명식 이권부 무보증 사모전환사채,1010000000,2,4,2028-04-08,672,100,2026-04-08,2028-03-08,500,,2025-04-08,2025-04-08,private
060230,"JK Synapse Co., Ltd.",제이케이시냅스(주),20250214002832,CB,2022-02-16,무기명식이권부무보증사모전환사채,6500000000,1,1,2025-03-24,1319,100,2023-02-25,2025-03-17,500,,2022-02-16,2022-02-24,private
060230,"JK Synapse Co., Ltd.",제이케이시냅스(주),20250502000273,CB,2024-10-02,기명식 이권부 무보증 사모전환사채,5010000000,7,7,2028-05-02,568,100,2026-05-02,2028-04-02,500,,2025-05-02,2025-05-02,private
060230,"JK Synapse Co., Ltd.",제이케이시냅스(주),20260313001194,CB,2026-01-28,무기명식 이권부 무보증 사모전환사채,7510000000,3,3,2029-03-23,412,100,2027-03-23,2029-02-23,289,,2026-03-16,2026-03-23,private
060230,"JK Synapse Co., Ltd.",제이케이시냅스(주),20260824000196,CB,2023-01-13,무기명식 이권부 무보증 사모전환사채,20000000000,2,8,2027-09-13,3479,100,2024-09-13,2027-08-13,2500,,2023-09-08,2023-09-13,private
060230,"JK Synapse Co., Ltd.",제이케이시냅스(주),20260824000200,CB,2023-09-08,무기명식 이권부 무보증 사모전환사채,10000000000,2,8,2027-09-13,3479,100,2024-09-13,2027-08-13,2500,,2023-09-08,2023-09-13,private
027580,"SANGBOCo.,Ltd",(주)상보,20201110000063,CB,2020-10-22,무기명식 이권부 무보증 사모 전환사채,7000000000,1,4,2023-10-29,1325,100,2021-10-29,2023-09-29,928,,2020-10-23,2020-10-29,private
027580,"SANGBOCo.,Ltd",(주)상보,20171123000105,BW,2017-09-11,무기명식 이권부 무보증 공모 분리형 신주인수권부사채,17000000000,1,4,2021-12-05,1915,100,2018-01-05,2021-11-05,,,2017-11-27,2017-12-05,public
002100,KYUNGNONG CORPORATION,(주)경농,20260608000384,EB,2026-06-08,무기명식 무이권부 무보증 사모 교환사채,6258000000,0,0,2029-06-16,21000,100,2026-07-16,2029-05-16,,"not applicable (EB is exchanged for already-issued shares, not newly issued)",2026-06-16,2026-06-16,private
032500,KMW CO. LTD.,(주)케이엠더블유,20180523000162,CB,2018-05-23,무기명식 이권부 무보증 사모 전환사채,25000000000,0,3,2022-05-25,24753,100,2019-05-25,2022-04-25,,,2018-05-25,2018-05-25,private
032500,KMW CO. LTD.,(주)케이엠더블유,20240704000354,CB,2024-07-04,무기명식 무이권부 무보증 사모 전환사채,30000000000,0,0,2028-07-08,13577,100,2025-07-08,2028-06-08,10862,,2024-07-08,2024-07-08,private
032500,KMW CO. LTD.,(주)케이엠더블유,20150324000112,EB,2015-03-23,무기명식 무보증 사모 교환사채,24050000000,0,1.5,2019-03-25,18500,100,2015-04-25,2019-02-25,,"not applicable (EB is exchanged for already-issued shares, not newly issued)",2015-03-25,2015-03-25,private
032500,KMW CO. LTD.,(주)케이엠더블유,20170823000100,EB,2017-08-23,무기명식 무보증 사모 교환사채,18000000000,3,3,2021-08-25,13540,100,2017-08-28,2021-07-25,,"not applicable (EB is exchanged for already-issued shares, not newly issued)",2017-08-25,2017-08-25,private
311960,"InterRoid Co., Ltd.",주식회사 인터로이드,20240520000230,EB,2024-05-20,무기명식 이권부 무보증 사모 교환사채,500000000,0,3,2027-05-21,10065,100,2024-11-21,2027-04-21,,"not applicable (EB is exchanged for already-issued shares, not newly issued)",2024-05-21,2024-05-21,private
058110,"MEKICS Co., Ltd",(주)멕아이씨에스,20190708000290,CB,2019-07-08,무기명식 이권부 무보증 사모 전환사채,2500000000,0,3,2021-01-10,4678,100,2020-07-10,2020-12-10,,,,2019-07-10,private
058110,"MEKICS Co., Ltd",(주)멕아이씨에스,20200420000378,CB,2020-04-20,무기명 이권부 .무보증 사모 전환사채,3651000000,0,1,2023-04-24,18314,100,2021-04-24,2023-03-24,,,2020-04-24,2020-04-24,private
058110,"MEKICS Co., Ltd",(주)멕아이씨에스,20160712000045,CB,2016-07-12,무기명식 이권부 무보증 사모 전환사채,7000000000,0.5,1,2021-07-14,8490,100,2017-07-15,2021-06-14,,,,2016-07-14,private
419080,"ENJET Co.,LTD",엔젯 주식회사,20251211000323,CB,2025-12-11,무기명식 이권부 무보증 사모 전환사채,6000000000,0,0,2030-12-19,6664,100,2026-12-19,2030-11-19,,,2025-12-11,2025-12-19,private
419080,"ENJET Co.,LTD",엔젯 주식회사,20260520000262,BW,2026-05-20,무기명식 이권부 무보증 사모 신주인수권부사채,5000000000,0,1.5,2031-05-28,5424,100,2027-05-28,2031-04-28,,,2026-05-20,2026-05-28,private
474170,Lumir Inc.,루미르 주식회사,20260430001305,CB,2026-04-30,무기명식 무보증 사모 전환사채(채권형 신종자본증권),30000000000,0,2,2056-05-08,16641,100,2027-05-08,2056-04-08,,,2026-05-08,2026-05-08,private
474170,Lumir Inc.,루미르 주식회사,20260430001308,CB,2026-04-30,무기명식 무보증 사모 전환사채(채권형 신종자본증권),3000000000,0,2,2056-05-29,16641,100,2027-05-29,2056-04-29,,,2026-05-29,2026-05-29,private
347000,"SENKO Co.,Ltd.",주식회사 센코,20210426000292,CB,2021-03-31,무기명식 무보증 사모 전환사채,12500000000,0,1,2026-04-27,24047,100,2022-04-28,2026-03-27,,,2021-04-27,2021-04-27,private
331920,"Celemics, Inc.",주식회사 셀레믹스,20260227008947,CB,2026-02-03,무기명식 이권부 무보증 사모 전환사채,4000000000,3,5,2029-02-27,2966,100,2027-02-27,2029-01-27,,,2026-02-20,2026-02-27,private
331920,"Celemics, Inc.",주식회사 셀레믹스,20260429000003,CB,2026-03-30,무기명식 이권부 무보증 사모 전환사채,14700000000,3,5,2029-04-28,8324,100,2027-04-28,2029-03-28,,,2026-04-21,2026-04-28,private
304100,SALTLUX Inc,(주)솔트룩스,20210726000161,CB,2021-07-26,무기명식 무보증 사모 전환사채,10000000000,0,0,2026-07-28,34628,100,2022-07-28,2026-06-28,24240,,2021-07-28,2021-07-28,private
304100,SALTLUX Inc,(주)솔트룩스,20210726000162,BW,2021-07-26,무기명식 무보증 사모 신주인수권부사채,10000000000,0,0,2026-07-28,34628,100,2022-07-28,2026-06-28,24240,,2021-07-28,2021-07-28,private
176750,"DuChemBio Co, LTD",(주)듀켐바이오,20150312000611,CB,2015-03-12,무기명 이권부 무보증 사모 전환사채,2000000000,2,5,2018-03-18,15000,100,2016-03-18,2018-02-18,,,2015-03-12,2015-03-18,private
176750,"DuChemBio Co, LTD",(주)듀켐바이오,20150727000260,CB,2015-07-27,무기명 이권부 무보증 사모 전환사채,3000000000,3,3,2018-07-28,19500,100,2016-07-28,2018-06-28,,,2015-07-27,2015-07-28,private
176750,"DuChemBio Co, LTD",(주)듀켐바이오,20180313000923,CB,2018-03-12,무기명 이권부 무보증 사모 전환사채,2000000000,3,3,2021-03-12,11750,100,2019-03-12,2021-02-12,,,2018-03-12,2018-03-12,private
176750,"DuChemBio Co, LTD",(주)듀켐바이오,20200923000437,CB,2020-09-23,무기명 이권부 무보증 사모 전환사채,4500000000,4,6,2022-09-29,9810,100,2021-09-29,2022-08-29,6870,,2020-09-23,2020-09-29,private
066910,"SONOKONGCO.,LTD.",(주)손오공,20210903000264,CB,2021-09-03,국내 무기명식 이권부 무보증 사모 전환사채,5000000000,0,1,2024-09-07,2720,100,2022-09-07,2024-08-07,1905,,2021-09-07,2021-09-07,private
066910,"SONOKONGCO.,LTD.",(주)손오공,20250625000314,CB,2025-05-30,국내 무기명식 이권부 무보증 사모 전환사채,3000000000,2,5,2028-06-27,943,100,2026-06-27,2028-05-27,661,,2025-05-30,2025-06-27,private
066910,"SONOKONGCO.,LTD.",(주)손오공,20240117000213,CB,2023-08-04,국내 무기명식 이권부 무보증 사모 전환사채,5000000000,0,1,2027-01-19,2127,100,2025-01-19,2026-12-19,1489,,2023-08-04,2024-01-19,private
066910,"SONOKONGCO.,LTD.",(주)손오공,20240118000048,CB,2023-08-04,국내 무기명식 이권부 무보증 사모 전환사채,4600000000,0,1,2027-01-19,2127,100,2025-01-19,2026-12-19,1489,,2023-08-04,2024-01-19,private
066910,"SONOKONGCO.,LTD.",(주)손오공,20240625000361,CB,,,,,,,,,,,,,,,private
066910,"SONOKONGCO.,LTD.",(주)손오공,20250620000527,CB,2025-05-30,국내 무기명식 이권부 무보증 사모 전환사채,20000000000,2,5,2028-06-18,943,100,2026-06-18,2028-05-18,661,,2025-05-30,2025-06-18,private
066910,"SONOKONGCO.,LTD.",(주)손오공,20250625000324,CB,2025-05-30,국내 무기명식 이권부 무보증 사모 전환사채,5000000000,2,5,2028-06-27,943,100,2026-06-27,2028-05-27,661,,2025-05-30,2025-06-27,private
456160,"G2GBIO, Inc.",(주)지투지바이오,20260305001328,CB,2026-02-23,무기명식 이권부 무보증 사모 전환사채,75000000000,0,2,2031-03-12,91700,100,2027-03-12,2031-02-12,64200,,2026-03-12,2026-03-12,private
456160,"G2GBIO, Inc.",(주)지투지바이오,20260316000004,CB,2026-03-16,무기명식 이권부 무보증 사모 전환사채,20000000000,0,2,2031-03-23,116900,100,2027-03-23,2031-02-23,81900,,2026-03-23,2026-03-23,private
052020,STCUBE,(주)에스티큐브,20180425000508,CB,2018-04-25,무기명식 이권부 무보증 사모 전환사채,28000000000,0,2,2023-05-25,15028,100,2019-05-26,2023-04-25,,,2018-04-27,2018-05-25,private
052020,STCUBE,(주)에스티큐브,20160114000300,CB,2016-01-14,무기명식 무보증 사모 전환사채,5000000000,1,3.5,2019-01-15,4859,100,2017-01-15,2018-12-15,,,2016-01-15,2016-01-15,private
412350,Laserssel Co. Ltd.,레이저쎌 주식회사,20240123000323,CB,2024-01-23,무기명식 무이권부 무보증 사모 전환사채,8000000000,0,0,2029-01-25,9707,100,2025-01-25,2028-12-25,6795,,2024-01-25,2024-01-25,private
412350,Laserssel Co. Ltd.,레이저쎌 주식회사,20260403003664,CB,2026-04-03,무기명식 이권부 무보증 사모 전환사채,1000000000,0,2,2029-04-13,7481,100,2027-04-13,2029-03-13,5237,,2026-04-13,2026-04-13,private
412350,Laserssel Co. Ltd.,레이저쎌 주식회사,20260720000049,CB,2026-01-15,무기명식 이권부 무보증 사모 전환사채,2000000000,3,9,2028-01-23,1765,100,2027-01-23,2027-12-23,,,2026-01-23,2026-01-23,private
263050,"Eutilex Co.,Ltd.",(주)유틸렉스,20200424000565,CB,2020-04-24,무기명식 이권부 무보증 사모 전환사채,29000000000,0,0,2025-05-04,65603,100,2021-05-04,2025-04-04,,,2020-04-24,2020-05-04,private
084680,"E-WORLD CO.,LTD.",(주)이월드,20191219000434,CB,2018-12-10,무기명식 이권부 무보증 사모전환사채,110000000000,10.91,10.91,2049-02-14,2795,100,2020-02-17,2049-01-14,,,2018-12-10,2019-02-14,private
078350,"HANYANG DIGITECH CO.,LTD.",한양디지텍(주),20190110000066,CB,2019-01-09,무기명식 무보증 사모 전환사채,8000000000,0,4,2022-01-10,3095,100,2020-01-10,2021-12-10,,,2019-01-09,2019-01-10,private
078350,"HANYANG DIGITECH CO.,LTD.",한양디지텍(주),20190826000308,CB,2019-08-26,무기명식 무보증 사모 전환사채,12000000000,0,3,2022-08-27,4512,100,2020-08-27,2022-07-27,,,2019-08-26,2019-08-27,private
078140,"Daebonglsco.,Ltd",대봉엘에스(주),20240904000181,CB,2024-09-04,무기명식 이권부 무보증 사모 전환사채,30000000000,0,0,2029-09-06,16982,100,2025-09-06,2029-08-06,,,2024-09-06,2024-09-06,private
066970,"L&F CO.,LTD",(주)엘앤에프,20150415000359,CB,2015-04-15,무기명식 무보증 사모 전환사채,10000000000,0,2,2020-04-16,8093,100,2016-04-17,2020-03-16,,,2015-04-17,2015-04-17,private
066970,"L&F CO.,LTD",(주)엘앤에프,20190729000176,CB,2019-07-29,무기명식 무보증 사모전환사채,5000000000,0.1,2.12,2022-07-31,30850,100,2020-07-31,2022-07-30,,,2019-07-31,2019-07-31,private
066970,"L&F CO.,LTD",(주)엘앤에프,20210209000677,CB,2021-02-09,무기명식 무보증 사모 전환사채,9000000000,0,0,2026-02-17,82184,100,2022-02-17,2026-01-17,73966,,2021-02-15,2021-02-17,private
066970,"L&F CO.,LTD",(주)엘앤에프,20211018000192,CB,2021-10-13,무기명식 이권부 무보증 사모 전환사채,99999967452,0,0,2028-11-15,186802,100,2022-11-15,2028-10-25,177462,,2021-10-13,2021-11-15,private
066970,"L&F CO.,LTD",(주)엘앤에프,20241216000384,CB,2024-12-16,무기명식 이권부 무보증 사모 전환사채,99999967452,0,2,2030-01-10,103974,100,2026-01-10,2029-12-20,,,2024-12-18,2025-01-10,private
066970,"L&F CO.,LTD",(주)엘앤에프,20210209000705,BW,2021-02-09,무기명식 무보증 사모 신주인수권부사채,30000000000,0,0,2026-02-17,82184,100,2022-02-17,2026-01-17,73966,,2021-02-15,2021-02-17,private
066970,"L&F CO.,LTD",(주)엘앤에프,20250828001220,BW,2025-07-15,무기명식 이권부 무보증 공모 분리형 신주인수권부사채,300000000000,1,3,2030-09-09,50002,100,2025-10-09,2030-08-09,35002,,2025-09-01,2025-09-09,public
066970,"L&F CO.,LTD",(주)엘앤에프,20230420000029,EB,2023-04-19,외화 해외 교환사채,662850000000,2.5,2.5,2030-04-26,438100,100,2023-06-06,2030-04-16,,"not applicable (EB is exchanged for already-issued shares, not newly issued)",2023-04-19,2023-04-26,private
226590,"Mdevice Co., Ltd",엠디바이스 주식회사,20210813001028,CB,2021-08-13,무기명식 무보증 사모전환사채,3000000000,1,5,2026-08-19,15000,100,2021-09-19,2026-08-18,500,,2021-08-18,2021-08-19,private
226590,"Mdevice Co., Ltd",엠디바이스 주식회사,20210315000500,CB,2021-03-12,무기명식 무보증 사모 전환사채,3000000000,1,5,2026-03-17,10000,100,2021-04-17,2026-03-16,500,,2021-03-16,2021-03-17,private
226590,"Mdevice Co., Ltd",엠디바이스 주식회사,20210924000206,CB,2021-09-13,무기명식 무보증 사모전환사채,1500000000,1,5,2026-09-24,15000,100,2021-10-24,2026-09-23,500,,2021-09-24,2021-09-24,private
226590,"Mdevice Co., Ltd",엠디바이스 주식회사,20210929000288,CB,2021-09-29,무기명식 무보증 사모전환사채,500000000,1,5,2026-09-30,15000,100,2022-09-30,2026-09-18,500,,2021-09-29,2021-09-30,private
226590,"Mdevice Co., Ltd",엠디바이스 주식회사,20210928000230,CB,2021-09-28,무기명식 무보증 사모전환사채,1000000000,1,5,2026-09-28,15000,100,2022-09-28,2026-09-16,500,,2021-09-28,2021-09-28,private
226590,"Mdevice Co., Ltd",엠디바이스 주식회사,20240517000179,CB,2024-05-14,무기명식 무보증 사모전환사채,1000000000,1,5,2029-05-17,15000,100,2024-06-17,2029-05-16,500,,2024-05-16,2024-05-17,private
226590,"Mdevice Co., Ltd",엠디바이스 주식회사,20250911000339,CB,2025-09-11,무기명식 이권부 무보증 사모 전환사채,25000000000,0,0,2030-09-19,11450,100,2026-09-19,2030-08-19,9160,,2025-09-19,2025-09-19,private
336040,"TASCOM Co.,Ltd.",주식회사 타스컴,20250324000571,CB,2025-03-12,무기명식 무보증 사모 전환사채,300000000,0,6,2028-03-13,4222,100,2026-03-13,2028-02-13,2955,,2025-03-13,2025-03-13,private
178320,"SEOJIN SYSTEM CO.,LTD",(주)서진시스템,20200522000314,CB,2020-05-22,무기명식 무보증 이권부 전환사채,20000000000,2.5,2.5,2025-06-01,29000,100,2021-06-01,2025-05-01,,,2020-05-26,2020-06-01,private
178320,"SEOJIN SYSTEM CO.,LTD",(주)서진시스템,20210318001175,CB,2021-02-17,무기명식 무보증 이권부 전환사채,70000000000,2.5,2.5,2026-03-22,47000,100,2022-03-22,2026-02-22,,,2021-03-18,2021-03-22,private
178320,"SEOJIN SYSTEM CO.,LTD",(주)서진시스템,20210318001179,CB,2021-02-17,무기명식 무보증 이권부 전환사채,40000000000,2.5,2.5,2026-03-25,47000,100,2022-03-25,2026-02-25,,,2021-03-18,2021-03-25,private
178320,"SEOJIN SYSTEM CO.,LTD",(주)서진시스템,20211216000163,CB,2021-12-16,무기명식 이권부 무보증 사모 전환사채,18000000000,2.5,2.5,2026-12-23,47000,100,2022-12-23,2026-11-23,,,2021-12-20,2021-12-23,private
178320,"SEOJIN SYSTEM CO.,LTD",(주)서진시스템,20211216000170,CB,2021-12-16,기명식 이권부 무보증 사모 전환사채,60000000000,4.25,,2052-02-04,47000,100,2023-02-04,2052-01-04,,,2021-12-20,2022-02-04,private
178320,"SEOJIN SYSTEM CO.,LTD",(주)서진시스템,20220110000388,CB,2021-12-16,기명식 이권부 무보증 사모 전환사채,110000000000,4.25,,2052-02-04,47000,100,2023-02-04,2052-01-04,,,2022-01-12,2022-02-04,private
178320,"SEOJIN SYSTEM CO.,LTD",(주)서진시스템,20200324000434,CB,2020-03-24,무기명식 이권부 무보증 사모 전환사채,30000000000,2.5,2.5,2025-03-31,29000,100,2021-04-01,2025-02-28,,,2020-03-17,2020-03-31,private
178320,"SEOJIN SYSTEM CO.,LTD",(주)서진시스템,20200324000439,CB,2020-03-24,무기명식 이권부 무보증 사모 전환사채,60000000000,2.5,2.5,2025-04-02,29000,100,2021-04-03,2025-03-02,,,2020-03-17,2020-04-02,private
178320,"SEOJIN SYSTEM CO.,LTD",(주)서진시스템,20240813001371,CB,2024-08-06,무기명식 이권부 무보증 사모 전환사채,45000000000,1.5,3,2028-08-08,26494,100,2025-08-08,2028-07-08,,,2024-08-08,2024-08-08,private
178320,"SEOJIN SYSTEM CO.,LTD",(주)서진시스템,20260901000180,CB,2026-08-24,무기명식 이권부 무보증 사모 영구 전환사채,37500000000,2,5,2056-09-01,33255,100,2027-09-01,2056-08-01,,,2026-08-27,2026-09-01,private
178320,"SEOJIN SYSTEM CO.,LTD",(주)서진시스템,20260824000337,CB,2026-08-24,무기명식 이권부 무보증 사모 전환사채,32500000000,0,2,2030-09-04,36950,100,2027-09-04,2030-08-04,29560,,2026-08-27,2026-09-04,private
178320,"SEOJIN SYSTEM CO.,LTD",(주)서진시스템,20260824000325,CB,2026-08-24,무기명식 이권부 무보증 사모 전환사채,67500000000,0,2,2030-09-01,36950,100,2027-09-01,2030-08-01,29560,,2026-08-27,2026-09-01,private
178320,"SEOJIN SYSTEM CO.,LTD",(주)서진시스템,20260901000219,CB,2026-08-24,무기명식 이권부 무보증 사모 영구 전환사채,62500000000,2,5,2056-09-04,33255,100,2027-09-04,2056-08-04,,,2026-08-27,2026-09-04,private
178320,"SEOJIN SYSTEM CO.,LTD",(주)서진시스템,20240806000311,BW,2024-08-06,무기명식 이권부 무보증 사모 신주인수권부사채,55000000000,1.5,3,2028-08-08,26494,100,2025-08-08,2028-07-08,,,2024-08-08,2024-08-08,private
246720,"ASTA Co., Ltd.",(주)아스타,20251224000724,CB,2025-03-06,무기명식 이권부 무보증 사모 전환사채,3000000000,1,7,2028-03-10,5165,100,2026-03-10,2028-02-10,,,2025-03-10,2025-03-10,private
131760,"FINETEK CO., LTD.",(주)파인텍,20170510002552,CB,2017-05-10,국내 무기명식 사모전환사채,15000000000,0,4,2020-05-12,9224,100,2018-05-12,2020-04-12,,,2017-05-12,2017-05-12,private
131760,"FINETEK CO., LTD.",(주)파인텍,20200902000166,CB,2020-09-02,무기명식 이권부 무보증 사모 전환사채,5000000000,0,3,2023-09-04,1640,100,2021-09-04,2023-08-04,1148,,2020-09-04,2020-09-04,private
131760,"FINETEK CO., LTD.",(주)파인텍,20160809000152,BW,2016-08-02,무기명식사모비분리형 신주인수권부사채,18200000000,0,4,2019-08-09,6858,100,2017-08-09,2019-07-09,,,2016-08-04,2016-08-09,private
131760,"FINETEK CO., LTD.",(주)파인텍,20180427000162,BW,2018-03-20,국내 무기명식 이권부 무보증 공모 신주인수권부사채,25000000000,1,5,2021-05-11,3850,100,2018-06-11,2021-04-11,,,2018-05-02,2018-05-11,public
078130,"KUK-IL PAPER MFG CO.,LTD",국일제지(주),20150922000144,CB,2015-09-04,"무기명식
무보증사모
전환사채",4000000000,0,6,2016-09-22,2085,100,2016-09-22,2016-09-22,,,2015-09-04,2015-09-22,private
078130,"KUK-IL PAPER MFG CO.,LTD",국일제지(주),20181206000343,CB,2018-12-05,무기명식 무보증 사모 전환사채,2000000000,1,5,2021-12-07,836,100,2019-12-07,2021-11-07,,,2018-12-06,2018-12-07,private
078130,"KUK-IL PAPER MFG CO.,LTD",국일제지(주),20191001000417,CB,2019-10-01,무기명식 무보증 사모 전환사채,8000000000,0,4,2022-10-04,5180,100,2020-10-04,2022-09-04,,,,2019-10-04,private
078130,"KUK-IL PAPER MFG CO.,LTD",국일제지(주),20161025000401,CB,2016-10-25,"기명식 사모
전환사채",2000000000,1,15,2019-10-28,2958,100,2017-10-28,2019-10-21,,,2016-10-25,2016-10-28,private
078130,"KUK-IL PAPER MFG CO.,LTD",국일제지(주),20160411001569,CB,2016-03-31,"무기명식
무보증사모
전환사채",3000000000,3,9,2019-04-18,3405,100,2017-04-18,2019-03-18,,,2016-04-04,2016-04-18,private
078130,"KUK-IL PAPER MFG CO.,LTD",국일제지(주),20170626000177,CB,2017-05-04,"무기명식
무보증사모
전환사채",,0,3,2020-06-26,440,100,2018-06-26,2020-05-26,,,2017-05-10,2017-06-26,private
078130,"KUK-IL PAPER MFG CO.,LTD",국일제지(주),20211126000734,CB,2021-11-26,무기명식 무보증 사모 전환사채,10500000000,0,2,2024-11-30,4190,100,2022-11-30,2024-10-30,2933,,2021-11-26,2021-11-30,private
078130,"KUK-IL PAPER MFG CO.,LTD",국일제지(주),20220421000497,CB,2022-04-21,무기명식 무보증 사모 전환사채,10000000000,0,1,2027-04-29,3431,100,2023-04-29,2027-03-29,2402,,2022-04-25,2022-04-29,private
007680,"DAEWON CO., LTD.",(주)대원,20181205000388,CB,2018-12-05,무기명식 이권부 무보증 사모 전환사채,17000000000,0,2,2023-12-07,12363,100,2019-12-09,2023-11-07,,,2018-12-07,2018-12-07,private
007680,"DAEWON CO., LTD.",(주)대원,20190730000333,CB,2019-07-30,무기명식 이권부 무보증 사모 전환사채,20000000000,0,2,2024-08-01,13550,100,2020-08-01,2024-07-01,,,2019-08-01,2019-08-01,private
026040,"J.ESTINA Co.,Ltd",(주)제이에스티나,20150129000224,EB,2015-01-29,무기명식 이권부 무보증 사모 교환사채,10000000000,0,0,2019-01-30,17500,100,2015-02-28,2018-12-30,,"not applicable (EB is exchanged for already-issued shares, not newly issued)",2015-01-30,2015-01-30,private
018000,"UNISON CO., LTD.",유니슨(주),20170327000874,CB,2017-03-27,무기명식 이권부 무보증 전환사채,1600000000,3,6,2020-03-28,1503,100,2018-03-28,2020-02-28,,,2017-03-28,2017-03-28,private
018000,"UNISON CO., LTD.",유니슨(주),20200824000001,CB,2020-08-21,무기명식 이권부 무보증 사모 전환사채,30000000000,3,7,2025-08-24,2177,100,2021-08-24,2025-07-24,1524,,2020-08-24,2020-08-24,private
018000,"UNISON CO., LTD.",유니슨(주),20241213000001,CB,2024-12-12,무기명식 이권부 무보증 사모 전환사채,17000000000,7,7,2027-12-12,781,100,2025-12-12,2027-11-12,547,,2024-12-12,2024-12-12,private
018000,"UNISON CO., LTD.",유니슨(주),20250522000310,CB,2025-05-22,무기명식 이권부 무보증 사모 전환사채,37600000000,0,12,2027-05-26,1783,100,2026-05-26,2027-04-26,1249,,2025-05-26,2025-05-26,private
018000,"UNISON CO., LTD.",유니슨(주),20260609000001,CB,2026-05-29,무기명식 무보증 사모 전환사채,32000000000,0,12,2028-06-08,1071,100,2027-06-08,2028-05-08,750,,2026-06-08,2026-06-08,private
018000,"UNISON CO., LTD.",유니슨(주),20190308000100,BW,2019-02-21,국내 무기명식 이권부 무보증 공모 신주인수권부사채,25000000000,2,4.75,2022-03-15,1430,100,2019-04-15,2022-02-15,,,2019-03-12,2019-03-15,public
018000,"UNISON CO., LTD.",유니슨(주),20230607000018,BW,2023-05-12,무기명식 이권부 무보증 공모 분리형 신주인수권부사채,30000000000,2,5,2026-06-13,1598,100,2023-07-13,2026-05-13,1119,,2023-06-08,2023-06-13,public
004140,"DONGBANG TRANSPORT & LOGISTICS CO.,LTD",(주)동방,20190711000205,CB,2019-07-11,무기명식 무보증 사모 전환사채,10000000000,0,0,2022-07-15,1985,100,2020-07-15,2022-06-15,,,2019-07-15,2019-07-15,private
004140,"DONGBANG TRANSPORT & LOGISTICS CO.,LTD",(주)동방,20260820000396,CB,2026-08-20,무기명식 무이권부 무보증 사모 전환사채,12000000000,0,1.5,2031-08-28,2213,100,2027-08-28,2031-07-28,1550,,2026-08-28,2026-08-28,private
004410,"SEOUL FOOD IND CO.,LTD",서울식품공업(주),20191021000145,CB,2019-10-21,무기명식 이권부 무보증 사모 전환사채,5000000000,0,1,2024-10-24,180,100,2020-10-24,2024-09-24,,,2019-10-23,2019-10-24,private
004410,"SEOUL FOOD IND CO.,LTD",서울식품공업(주),20171215000167,CB,2017-12-15,무기명식 이권부 무보증 사모 전환사채,5000000000,1,3,2022-12-19,292,100,2018-12-19,2022-11-19,,,2017-12-19,2017-12-19,private
004410,"SEOUL FOOD IND CO.,LTD",서울식품공업(주),20210511000437,CB,2021-05-11,무기명식 무이권부 무보증 사모 전환사채,3000000000,0,0,2026-05-13,386,100,2022-05-13,2026-04-13,271,,2021-05-13,2021-05-13,private
004410,"SEOUL FOOD IND CO.,LTD",서울식품공업(주),20230315000597,CB,2023-03-15,무기명식 이권부 무보증 사모 전환사채,2000000000,0,3,2027-03-17,200,100,2024-03-17,2027-02-17,140,,2023-03-17,2023-03-17,private
004410,"SEOUL FOOD IND CO.,LTD",서울식품공업(주),20240827000618,CB,2024-08-27,무기명식 이권부 무보증 사모 전환사채,3500000000,0,2,2029-08-29,170,100,2025-08-29,2029-07-29,119,,2024-08-29,2024-08-29,private
004410,"SEOUL FOOD IND CO.,LTD",서울식품공업(주),20260122000408,CB,2026-01-22,무기명식 이권부 무보증 사모 전환사채,1500000000,0,2,2030-01-30,146,100,2027-01-30,2029-12-30,103,,2026-01-30,2026-01-30,private
017960,"HANKUK CARBON CO.,LTD",(주)한국카본,20250331003204,CB,2025-03-31,무기명식 이권부 무보증 사모 전환사채,20000000000,0,0,2030-04-02,14408,100,2026-04-02,2030-03-02,10086,,2025-04-02,2025-04-02,private
017960,"HANKUK CARBON CO.,LTD",(주)한국카본,20250331003140,EB,2025-03-31,무기명식 이권부 무보증 사모 교환사채,19883500000,0,0,2028-04-02,17290,100,2025-05-02,2028-03-02,,"not applicable (EB is exchanged for already-issued shares, not newly issued)",2025-04-02,2025-04-02,private
102370,K Auction Inc.,(주)케이옥션,20260623000423,CB,2022-09-22,무기명식 무이권부 무보증 사모 전환사채,29500000000,0,0,2027-09-26,6564,100,2023-09-26,2027-08-26,,,2022-09-26,2022-09-26,private
082270,"GemVax & KAEL Co.,Ltd.",(주)젬백스&카엘,20150410001924,CB,2015-04-10,무기명식 이권부 무보증 사모 전환사채,7000000000,1,4,2018-04-14,18658,100,2016-04-14,2018-03-14,,,2015-04-14,2015-04-14,private
082270,"GemVax & KAEL Co.,Ltd.",(주)젬백스&카엘,20150410001937,CB,2015-04-10,기명식 이권부 무보증 사모 전환사채,3000000000,1,4,2018-04-14,18658,100,2016-04-14,2018-03-14,,,2015-04-14,2015-04-14,private
082270,"GemVax & KAEL Co.,Ltd.",(주)젬백스&카엘,20180801000408,CB,2018-08-01,"무기명식
이권부
무보증 사모 전환사채",5000000000,0,2,2023-08-10,13509,100,2019-08-10,2023-07-10,,,2018-08-01,2018-08-10,private
082270,"GemVax & KAEL Co.,Ltd.",(주)젬백스&카엘,20171109000207,CB,2017-11-09,"무기명식 무보증
사모 전환사채",14000000000,,4,2020-11-09,12518,100,2018-11-09,2020-10-09,,,2017-11-09,2017-11-09,private
082270,"GemVax & KAEL Co.,Ltd.",(주)젬백스&카엘,20170529000160,CB,2017-05-29,무기명식 이권부 무보증 사모 전환사채,47800000000,0,4,2021-05-29,13030,100,2018-05-29,2021-04-29,,,2017-05-29,2017-05-29,private
082270,"GemVax & KAEL Co.,Ltd.",(주)젬백스&카엘,20260428000822,CB,2026-04-28,국내 무기명식 담보부 무보증 사모 전환사채,7400000000,0,0,2029-05-06,26178,100,2027-05-06,2029-04-06,,,2026-04-28,2026-05-06,private
082270,"GemVax & KAEL Co.,Ltd.",(주)젬백스&카엘,20260428000824,CB,2026-04-28,국내 기명식 담보부 무보증 사모 전환사채,8900000000,0,0,2029-05-06,26178,100,2027-05-06,2029-04-06,,,2026-04-28,2026-05-06,private
082270,"GemVax & KAEL Co.,Ltd.",(주)젬백스&카엘,20260522000597,CB,2026-05-22,"국내 무기명식
 무보증 사모 전환사채",7000000000,0,2,2031-06-01,18659,100,2027-06-01,2031-05-01,,,2026-05-22,2026-06-01,private
082270,"GemVax & KAEL Co.,Ltd.",(주)젬백스&카엘,20250204000591,BW,2024-11-28,무기명식 무보증 사모 비분리형 신주인수권부사채,12000000000,0,3,2028-02-04,14949,100,2026-02-04,2028-01-04,,,2025-01-07,2025-02-04,private
082270,"GemVax & KAEL Co.,Ltd.",(주)젬백스&카엘,20241206000509,BW,2024-11-28,무기명식 무보증 사모 비분리형 신주인수권부사채,5700000000,0,3,2027-12-06,16544,100,2025-12-06,2027-11-06,,,2024-11-28,2024-12-06,private
082270,"GemVax & KAEL Co.,Ltd.",(주)젬백스&카엘,20240322000964,BW,2024-03-22,무기명식 무보증 사모 비분리형 신주인수권부사채,17600000000,0,3,2027-03-25,12032,100,2025-03-25,2027-02-25,,,2024-03-22,2024-03-25,private
082270,"GemVax & KAEL Co.,Ltd.",(주)젬백스&카엘,20240712000485,BW,2024-07-12,"무기명식 무보증 사모 비분리형 
신주인수권부사채",11700000000,0,3,2027-07-16,11886,100,2025-07-16,2027-06-16,,,2024-07-12,2024-07-16,private
082270,"GemVax & KAEL Co.,Ltd.",(주)젬백스&카엘,20250221002109,BW,2024-07-12,"무기명식 무보증 사모 비분리형 
신주인수권부사채",10000000000,0,1,2028-02-21,11886,100,2026-02-21,2028-01-21,,,2024-07-12,2025-02-21,private
082270,"GemVax & KAEL Co.,Ltd.",(주)젬백스&카엘,20260123000378,BW,2025-12-24,무기명식 무보증 사모 비분리형 신주인수권부사채,26400000000,0,3,2029-01-23,24668,100,2027-01-23,2028-12-23,,,2026-01-23,2026-01-23,private
005960,Dongbu Corporation,동부건설(주),20240828000842,CB,2023-06-15,무기명식 이권부 무보증 사모 전환사채,12500000000,6,9,2026-06-22,7697,100,2025-06-22,2026-06-15,5388,,2023-06-15,2023-06-22,private
005960,Dongbu Corporation,동부건설(주),20240828000860,CB,2023-06-15,무기명식 이권부 무보증 사모 전환사채,12500000000,6,9,2026-06-22,7697,100,2024-06-22,2026-06-15,5388,,2023-06-15,2023-06-22,private
005960,Dongbu Corporation,동부건설(주),20260416000470,CB,2026-04-16,무기명식 이권부 무보증 사모 전환사채,40000000000,3,6,2030-04-24,9589,100,2027-04-24,2030-03-24,6713,,2026-04-20,2026-04-24,private
196450,"CoAsia CM Co.,Ltd",(주)코아시아씨엠,20171218000131,CB,2017-12-15,"무기명식 이권부 무보증 
공모 전환사채",999999250,3,5,2020-12-20,877,100,2018-01-20,2020-11-20,,,2017-12-20,2017-12-20,public
196450,"CoAsia CM Co.,Ltd",(주)코아시아씨엠,20171218000297,CB,2017-12-18,"무기명식 이권부 무보증 
사모 전환사채",1000000000,3,5,2020-12-20,873,100,2018-12-20,2020-11-20,,,2017-12-20,2017-12-20,private
196450,"CoAsia CM Co.,Ltd",(주)코아시아씨엠,20160830000613,CB,2016-08-30,"무기명식 이권부 무보증 
사모 전환사채",2474330650,0,2,2019-08-30,5048,100,2017-08-30,2019-07-30,,,2016-08-30,2016-08-30,private
196450,"CoAsia CM Co.,Ltd",(주)코아시아씨엠,20160906000076,CB,2016-08-09,"무기명식 이권부 무보증 
사모 전환사채",2510000000,2,6,2021-09-06,5048,100,2017-09-06,2021-08-06,,,2016-08-30,2016-09-06,private
196450,"CoAsia CM Co.,Ltd",(주)코아시아씨엠,20160218000270,CB,2015-11-30,무기명식 이권부 무보증 사모 전환사채,16500000000,4,6,2021-02-18,3959,100,2017-02-18,2021-02-17,,,2015-12-02,2016-02-18,private
196450,"CoAsia CM Co.,Ltd",(주)코아시아씨엠,20170203000451,CB,2017-02-03,"무기명식 이권부 무보증 
사모 전환사채",2800000000,0,1,2019-02-03,2885,100,2018-02-03,2019-02-02,,,2017-02-03,2017-02-03,private
196450,"CoAsia CM Co.,Ltd",(주)코아시아씨엠,20210727000396,CB,2021-07-27,"무기명식 이권부 
무보증 사모 전환사채",9400000000,1,2,2023-07-27,3269,100,2022-07-27,2023-07-27,2300,,2021-07-27,2021-07-27,private
196450,"CoAsia CM Co.,Ltd",(주)코아시아씨엠,20220510000764,CB,2022-05-10,"무기명식 이권부
무보증 사모 전환사채",15000000000,0,0,2027-05-12,2630,100,2023-05-12,2027-04-12,2400,,2022-05-12,2022-05-12,private
196450,"CoAsia CM Co.,Ltd",(주)코아시아씨엠,20220630001013,CB,2022-06-30,무기명식 이권부 무보증 사모 전환사채,11000000000,0,2,2027-06-30,2300,100,2023-06-30,2027-05-30,,,2022-06-30,2022-06-30,private
196450,"CoAsia CM Co.,Ltd",(주)코아시아씨엠,20200915000316,BW,,국내 무기명식 이권부 무보증 공모 신주인수권부 사채,,,,,,,,,,,,,public
217950,"PHARMARESEARCH BIO Co., Ltd.",(주)파마리서치바이오,20190904000103,CB,2017-07-20,무기명식 이권 부 무보증 사모 전환사채,1500000000,0,6,2025-07-20,20850,100,2018-07-21,2025-06-20,,,2017-07-20,2017-07-20,private
217950,"PHARMARESEARCH BIO Co., Ltd.",(주)파마리서치바이오,20170628000314,CB,2017-06-28,기명식 전환사채,1000000000,0,7,2023-06-29,20500,100,2018-06-30,2023-06-28,,,2017-06-28,2017-06-29,private
217950,"PHARMARESEARCH BIO Co., Ltd.",(주)파마리서치바이오,20211124000140,CB,2021-11-24,무기명식 이권부 무보증 사모 전환사채,30000000000,0,0,2026-11-26,30150,100,2022-11-26,2026-10-26,21105,,2021-11-26,2021-11-26,private
217950,"PHARMARESEARCH BIO Co., Ltd.",(주)파마리서치바이오,20240219002000,CB,2024-02-19,무기명식 이권부 무보증 사모 전환사채,10000000000,0,4.5,2029-02-22,28242,100,2025-02-22,2029-01-22,19770,,2024-02-18,2024-02-22,private
347850,D&D Pharmatech Inc.,(주)디앤디파마텍,20250611000051,CB,2025-06-11,무기명식 이권부 무보증 사모 후순위 영구전환사채,34326120000,0,0,2055-06-20,84067,100,2026-06-20,2055-06-20,58847,,2025-06-20,2025-06-20,private
347850,D&D Pharmatech Inc.,(주)디앤디파마텍,20260415000050,CB,2026-04-15,무기명식 무보증 사모 전환사채,226500000000,0,0,2031-04-30,77736,100,2027-04-30,2031-03-30,54416,,2026-04-30,2026-04-30,private
259630,mPlus Corp,(주)엠플러스,20180426000539,CB,2018-04-26,무기명식 무보증 무담보 사모 전환사채,20000000000,0,0,2023-04-27,29908,100,2019-04-27,2023-03-27,,,2018-04-27,2018-04-27,private
259630,mPlus Corp,(주)엠플러스,20200824000216,CB,2020-08-24,무기명식 무보증 사모 전환사채,10000000000,0,0,2025-08-25,24564,100,2021-08-25,2025-07-25,20880,,2020-08-25,2020-08-25,private
259630,mPlus Corp,(주)엠플러스,20220510000793,CB,2022-05-10,무기명식 무보증 사모 전환사채,40000000000,0,0,2026-05-24,18487,100,2023-05-24,2026-04-24,16639,,2022-05-10,2022-05-24,private
259630,mPlus Corp,(주)엠플러스,20241010000602,CB,2024-10-10,무기명식 이권부 무보증 사모 전환사채,15000000000,0,2,2029-10-11,10656,100,2025-10-11,2029-09-11,,,2024-10-11,2024-10-11,private
259630,mPlus Corp,(주)엠플러스,20241010000608,CB,2024-10-10,무기명식 이권부 무보증 사모 전환사채,10000000000,0,2,2029-10-11,10656,100,2025-10-11,2029-09-11,,,2024-10-11,2024-10-11,private
270660,EVERYBOT Inc.,에브리봇(주),20240329002828,CB,2024-03-29,무기명식 무보증 사모 전환사채,20000000000,0,0,2029-04-02,25441,100,2025-04-02,2029-03-02,17809,,2024-04-02,2024-04-02,private
294090,"EOFlow Co., Ltd.",이오플로우(주),20210121000129,CB,2021-01-19,무기명식 이권부 무보증 사모 전환사채,35000000000,0,0,2026-01-21,72624,100,2022-01-21,2025-12-21,58100,,2021-01-21,2021-01-21,private
294090,"EOFlow Co., Ltd.",이오플로우(주),20230221002039,CB,2023-02-21,무기명식 이권부 무보증 사모 전환사채,32000000000,1,3,2028-02-27,22848,100,2024-02-27,2028-01-27,18279,,2023-02-23,2023-02-27,private
294090,"EOFlow Co., Ltd.",이오플로우(주),20240208001311,CB,2024-02-06,무기명식 이권부 무보증 사모 전환사채,17000000000,,5,2027-02-08,3759,100,2025-02-08,2027-01-08,2632,,,2024-02-08,private
294090,"EOFlow Co., Ltd.",이오플로우(주),20240618000371,CB,2024-06-18,무기명식 이권부 무보증 사모 전환사채,12000000000,,3,2029-06-21,11650,100,2025-06-21,2029-05-21,8155,,2024-06-20,2024-06-21,private
294090,"EOFlow Co., Ltd.",이오플로우(주),20260511000348,CB,2026-05-11,무기명식 이권부 무보증 사모 전환사채,3000000000,0,3,2029-06-09,3000,100,2027-06-10,2029-05-09,2100,,2026-06-10,2026-06-10,private
294090,"EOFlow Co., Ltd.",이오플로우(주),20260901000151,CB,2026-08-18,"무기명식 무보증 사모 전환사채
(채권형 신종자본증권)",1700000000,0,5,2056-09-08,3000,100,2027-09-09,2056-06-08,,,2026-09-09,2026-09-09,private
206560,"Dexter studios Co., Ltd.",(주)덱스터스튜디오,20170426000757,CB,2017-04-26,"무기명식 이권부
무보증 사모전환사채",25000000000,0,2,2022-04-28,7389,100,2018-04-28,2022-03-28,,,2017-04-28,2017-04-28,private
004370,"NONGSHIM CO.,LTD",(주)농심,20240830001810,EB,2024-08-30,무기명식 무보증 사모 교환사채,138458768500,0,0,2029-09-03,461500,100,2024-09-10,2029-08-27,,"not applicable (EB is exchanged for already-issued shares, not newly issued)",2024-09-03,2024-09-03,private
007390,"NATURECELL CO.,LTD.",(주)네이처셀,20150311000161,CB,2015-03-11,무기명 무보증 전환사채,2300000000,3,7,2018-03-13,1555,100,2016-03-13,2018-02-13,,,2015-03-11,2015-03-13,private
007390,"NATURECELL CO.,LTD.",(주)네이처셀,20160720000047,CB,2016-06-30,무기명 무보증 전환사채,5000000000,3,5,2019-07-19,6214,100,2017-07-20,2019-06-19,,,2016-06-30,2016-07-20,private
007390,"NATURECELL CO.,LTD.",(주)네이처셀,20200824000160,CB,2020-08-24,무기명식 이권부 무보증 사모 전환사채,10000000000,1,1,2023-08-26,10539,100,2021-08-26,2023-07-26,7378,,2020-08-24,2020-08-26,private
007390,"NATURECELL CO.,LTD.",(주)네이처셀,20220520000312,CB,2022-04-12,"무기명식 이권부
사모 전환사채",30000000000,1,2,2025-05-20,17652,100,2023-05-20,2025-04-20,,,2022-04-12,2022-05-20,private
007390,"NATURECELL CO.,LTD.",(주)네이처셀,20260722000378,CB,2026-07-22,무기명식 이권부 무보증 사모 전환사채,17000000000,0,6,2029-08-07,24307,100,2027-08-07,2029-07-07,17015,,2026-08-06,2026-08-07,private
023530,"LOTTE SHOPPING CO.,LTD.",롯데쇼핑(주),20180315000003,EB,2018-03-14,기명식무보증무담보해외교환사채,303600000000,0,0.5,2023-04-04,85840,100,2018-05-14,2023-03-24,,"not applicable (EB is exchanged for already-issued shares, not newly issued)",2018-03-14,2018-04-04,private
073010,"KSPCO.,LTD",(주)케이에스피,20250909000100,CB,2025-09-09,무기명식 무이권부 무보증 사모 전환사채,20000000000,0,0,2030-09-17,6830,100,2026-09-17,2030-08-17,,,2025-09-17,2025-09-17,private
476040,ORGANOIDSCIENCES LTD.,오가노이드사이언스(주),20260429001149,CB,2026-04-29,무기명식 무보증 사모 전환사채,24000000000,0,1,2031-05-07,23528,100,2027-05-07,2031-04-07,16470,,2026-05-07,2026-05-07,private
011370,Seohan,(주)서한,20210726000305,BW,2021-07-26,무기명식 무보증 비분리형 사모 신주인수권부사채,15000000000,0,0,2026-07-28,2436,100,2022-07-28,2026-06-28,1706,,2021-07-28,2021-07-28,private
277410,INSAN Inc.,(주)인산가,20191127000654,CB,2019-11-27,무기명식 이원부 무보증 사모 전환사채,10000000000,0,0.5,2022-12-04,2239,100,2020-12-04,2022-11-21,,,2019-11-29,2019-12-04,private
277410,INSAN Inc.,(주)인산가,20211130002031,CB,2021-11-30,무기명식 이권부 무보증 사모 전환사채,12000000000,0,0.5,2024-12-08,2201,100,2022-12-08,2024-11-08,1541,,2021-11-30,2021-12-08,private
277410,INSAN Inc.,(주)인산가,20260422000430,CB,2026-04-22,무기명식 이권부 무보증 사모 전환사채,11000000000,0,0,2031-04-30,1185,100,2027-04-30,2031-03-30,830,,2026-04-30,2026-04-30,private
277410,INSAN Inc.,(주)인산가,20240507000556,BW,2024-04-26,무기명식 이권부 무보증 비분리형 사모 신주인수권부사채,15000000000,0,0.5,2027-05-08,1941,100,2025-05-08,2027-04-08,1359,,2024-04-30,2024-05-08,private
226330,"SyntekaBio,Inc.",(주)신테카바이오,20211207000402,CB,2021-11-25,무기명식 이권부 무보증 사모 전환사채,25000000000,0,2,2026-11-30,13459,100,2022-11-30,2026-10-30,9422,,2021-11-26,2021-11-30,private
226330,"SyntekaBio,Inc.",(주)신테카바이오,20230727000558,CB,2023-07-21,무기명식 이권부 무보증 사모 전환사채,10000000000,0,3,2028-07-28,10492,100,2024-07-28,2028-06-28,7345,,2023-07-25,2023-07-28,private
226330,"SyntekaBio,Inc.",(주)신테카바이오,20240401003150,CB,2024-03-28,무기명식 이권부 무보증 사모 전환사채,10000000000,0,3,2027-04-26,11534,100,2025-04-26,2027-03-26,8074,,2024-04-01,2024-04-26,private
226330,"SyntekaBio,Inc.",(주)신테카바이오,20250912000367,CB,2025-09-03,무기명식 이권부 무보증 사모 전환사채,10000000000,2,6,2028-09-12,5660,100,2026-09-12,2028-08-12,3962,,2025-09-03,2025-09-12,private
003060,Aprogen Biologics Inc.,(주)에이프로젠바이오로직스,20160329001190,CB,2016-03-29,무기명식 무보증 사모 전환사채,23000000000,2.5,4.5,2019-03-30,4095,100,2017-03-30,2019-03-29,,,2016-03-30,2016-03-30,private
003060,Aprogen Biologics Inc.,(주)에이프로젠바이오로직스,20160620000254,CB,2016-05-31,무기명식 이권부 무보증 사모 전환사채,11600000000,2,4,2019-06-21,6510,100,2017-06-21,2019-05-21,,,2016-06-21,2016-06-21,private
003060,Aprogen Biologics Inc.,(주)에이프로젠바이오로직스,20230413000938,CB,2023-04-13,무기명이권부무보증사모전환사채,40000000000,6,6,2028-04-14,500,100,2024-04-15,2028-03-14,500,,2023-04-13,2023-04-14,private
003060,Aprogen Biologics Inc.,(주)에이프로젠바이오로직스,20230421000538,CB,2023-04-21,무기명이권부무보증사모전환사채,20000000000,6,6,2028-04-24,500,100,2024-04-24,2028-03-24,500,,2023-04-21,2023-04-24,private
003060,Aprogen Biologics Inc.,(주)에이프로젠바이오로직스,20240704000504,CB,2024-07-04,무기명식 이권부 무보증 사모 전환사채,40000000000,5,5,2029-07-19,1049,100,2025-07-19,2029-06-19,735,,2024-07-04,2024-07-19,private
003060,Aprogen Biologics Inc.,(주)에이프로젠바이오로직스,20250526000361,CB,2025-03-26,무기명식 이권부 무보증 사모 전환사채,65000000000,3,3,2030-03-27,792,100,2026-03-27,2030-02-27,555,,2025-03-26,2025-03-27,private
003060,Aprogen Biologics Inc.,(주)에이프로젠바이오로직스,20251016000361,CB,2025-10-16,무기명식 이권부 무보증 사모 전환사채,15000000000,3,3,2030-10-24,605,100,2026-10-24,2030-09-24,500,,2025-10-23,2025-10-24,private
003060,Aprogen Biologics Inc.,(주)에이프로젠바이오로직스,20260521000775,CB,2026-05-21,무기명식 이권부 무보증 사모 전환사채,10000000000,2,4,2031-05-29,4433,100,2027-05-29,2031-04-29,3103,,2026-05-28,2026-05-29,private
003060,Aprogen Biologics Inc.,(주)에이프로젠바이오로직스,20260629000396,CB,2026-06-23,무기명식 이권부 무보증 사모 전환사채,50800000000,2,4,2029-07-01,2353,100,2027-07-01,2029-06-01,1648,,2026-06-30,2026-07-01,private
003060,Aprogen Biologics Inc.,(주)에이프로젠바이오로직스,20170714000200,BW,2017-06-13,무기명식 이권부 무보증 공모 분리형 신주인수권부사채,50000000000,2,4,2022-07-20,3755,100,2017-08-20,2022-06-20,,,2017-07-17,2017-07-20,public
002320,HANJIN Logistics Corporation,(주)한진,20200721000056,CB,2020-07-20,국내 무기명식 이권부 무보증 사모 전환사채,20000000000,1,2.5,2025-07-22,51300,100,2021-07-22,2025-06-22,41050,,2020-07-22,2020-07-22,private
002320,HANJIN Logistics Corporation,(주)한진,20230711000434,CB,2023-07-11,국내 무기명식 이권부 무보증 사모 전환사채,30000000000,0,2.5,2028-07-24,19170,100,2024-07-24,2028-06-24,15340,,2023-07-13,2023-07-24,private
004270,NAMSUNG CORPORATION,(주)남성,20210721000358,EB,2021-07-21,무기명식 이권부 무보증 사모 교환사채,10000000000,0,0,2026-07-23,4101,100,2021-08-23,2026-06-23,,"not applicable (EB is exchanged for already-issued shares, not newly issued)",2021-07-23,2021-07-23,private
004270,NAMSUNG CORPORATION,(주)남성,20170426000766,EB,2017-04-26,"무기명식 이권부
무보증 사모 교환사채",10000000000,0,4,2020-04-28,2286,100,2017-05-28,2020-03-28,,"not applicable (EB is exchanged for already-issued shares, not newly issued)",2017-04-28,2017-04-28,private
004270,NAMSUNG CORPORATION,(주)남성,20230912000372,EB,2023-09-12,무기명식 이권부 무보증 사모 교환사채,5000000000,0,1,2028-09-14,2292,100,2023-12-14,2028-08-14,,"not applicable (EB is exchanged for already-issued shares, not newly issued)",2023-09-14,2023-09-14,private
004270,NAMSUNG CORPORATION,(주)남성,20151029000247,EB,2015-10-29,"무기명식 이권부
무보증 사모 교환사채",10000000000,0,4,2018-11-02,2531,100,2015-12-02,2018-10-02,,"not applicable (EB is exchanged for already-issued shares, not newly issued)",2015-11-02,2015-11-02,private
004270,NAMSUNG CORPORATION,(주)남성,20240130000457,EB,2024-01-30,무기명식 이권부 무보증 사모 교환사채,5000000000,0,1,2029-02-01,2300,100,2024-02-16,2029-01-01,,"not applicable (EB is exchanged for already-issued shares, not newly issued)",2024-02-01,2024-02-01,private
004270,NAMSUNG CORPORATION,(주)남성,20260416000477,EB,2025-12-18,무기명식 무이권부 무보증 사모 교환사채,2700000000,0,0,2030-12-29,10290,100,2026-01-29,2030-11-29,,"not applicable (EB is exchanged for already-issued shares, not newly issued)",2025-12-29,2025-12-29,private
036710,"SIMMTECH HOLDINGS Co., Ltd.",(주)심텍홀딩스,20171027000298,CB,2017-10-27,무기명식 이권부 무보증 사모 전환사채,10000000000,0,2,2020-11-13,2720,100,2018-11-13,2020-10-13,,,2017-10-31,2017-11-13,private
036710,"SIMMTECH HOLDINGS Co., Ltd.",(주)심텍홀딩스,20260410002882,EB,2026-04-10,무기명식 무보증 사모 교환사채,19800000000,0,4,2029-04-22,73555,100,2028-04-23,2029-04-16,,"not applicable (EB is exchanged for already-issued shares, not newly issued)",2026-04-13,2026-04-22,private
036710,"SIMMTECH HOLDINGS Co., Ltd.",(주)심텍홀딩스,20260410002935,EB,2026-04-10,무기명식 무보증 사모 교환사채,46200000000,0,4,2029-04-22,73555,100,2026-05-22,2029-04-16,,"not applicable (EB is exchanged for already-issued shares, not newly issued)",2026-04-13,2026-04-22,private
006340,"DAWON CABLE CO.,LTD",대원전선(주),20190719000049,CB,2019-07-19,무기명식 이권부 무보증 사모 전환사채,3000000000,0,4,2024-07-23,1309,100,2020-07-23,2024-06-23,,,2019-07-23,2019-07-23,private
006340,"DAWON CABLE CO.,LTD",대원전선(주),20210524000274,CB,2021-05-24,무기명식 무보증 사모전환사채,5000000000,0,1.2,2024-05-26,1583,100,2022-05-26,2024-04-26,1109,,2021-05-26,2021-05-26,private
006340,"DAWON CABLE CO.,LTD",대원전선(주),20240909000134,CB,2024-09-09,무기명식 이권부 무보증 사모전환사채,10000000000,0,0,2029-09-11,2911,100,2025-09-11,2029-08-11,,,2024-09-11,2024-09-11,private
006340,"DAWON CABLE CO.,LTD",대원전선(주),20260610000335,CB,2026-06-10,무기명식 이권부 무보증 사모전환사채,50000000000,0,0,2029-06-18,11650,100,2027-06-18,2029-05-18,,,2026-06-12,2026-06-18,private
066590,"SMOTRONIC CO., LTD.",(주)스모트로닉,20191128000912,CB,2019-11-28,무기명식 이권부 무보증 사모 전환사채,13000000000,2,3,2022-12-02,3142,100,2020-12-02,2022-11-02,,,2019-11-28,2019-12-02,private
066590,"SMOTRONIC CO., LTD.",(주)스모트로닉,20190808000173,CB,2019-08-08,무기명식 이권부 무보증 사모 전환사채,15000000000,2,3,2022-08-09,3336,100,2020-08-09,2022-07-09,,,2019-08-09,2019-08-09,private
066590,"SMOTRONIC CO., LTD.",(주)스모트로닉,20201116002160,CB,2020-10-12,무기명식 이권부 무보증 사모 전환사채,20000000000,2,3,2023-11-16,4375,100,2021-11-16,2023-10-16,3062,,2020-08-31,2020-11-16,private
066590,"SMOTRONIC CO., LTD.",(주)스모트로닉,20220526000065,CB,2021-11-30,무기명식이권부 무보증 사모 전환사채,5000000000,2,4,2025-05-27,4596,100,2023-05-27,2025-04-27,3218,,2021-11-30,2022-05-27,private
066590,"SMOTRONIC CO., LTD.",(주)스모트로닉,20220526000067,CB,2021-11-30,무기명식이권부 무보증 사모 전환사채,5000000000,2,4,2025-05-27,4596,100,2023-05-27,2025-04-27,3218,,2021-11-30,2022-05-27,private
043090,"The Technology Co., Ltd.",(주)더 테크놀로지,20180209000340,CB,2018-02-09,무기명식 무보증 사모전환사채,3000000000,4,5,2021-02-22,6529,100,2019-02-22,2021-01-22,,,2018-02-09,2018-02-22,private
043090,"The Technology Co., Ltd.",(주)더 테크놀로지,20150608000422,CB,2015-06-08,무기명식 무보증 사모전환사채,2000000000,1,5.5,2019-06-10,6754,100,2016-06-10,2019-05-10,,,2015-06-10,2015-06-10,private
043090,"The Technology Co., Ltd.",(주)더 테크놀로지,20150610000380,CB,2015-03-16,무기명식 무보증 사모전환사채,2000000000,1,5.5,2019-03-18,7310,100,2016-03-18,2019-02-18,,,2015-03-18,2015-03-18,private
043090,"The Technology Co., Ltd.",(주)더 테크놀로지,20151119000114,CB,2015-11-19,무기명식 무보증 사모전환사채,900000000,4,6,2018-11-19,5341,100,2016-11-19,2018-10-19,,,2015-11-19,2015-11-19,private
043090,"The Technology Co., Ltd.",(주)더 테크놀로지,20190222000351,CB,2018-08-02,무기명식 무보증 사모전환사채,6000000000,4,5,2022-02-22,4971,100,2020-02-22,2022-01-22,,,2018-11-29,2019-02-22,private
043090,"The Technology Co., Ltd.",(주)더 테크놀로지,20171206000106,CB,2017-02-09,무기명식 무보증 사모전환사채,3000000000,2,2,2020-12-06,4044,100,2018-12-06,2020-11-06,,,2017-02-09,2017-12-06,private
043090,"The Technology Co., Ltd.",(주)더 테크놀로지,20170531000025,CB,2017-05-30,무기명식 무보증 사모전환사채,1000000000,4,4,2020-05-31,3706,100,2018-05-31,2020-04-30,,,2017-05-30,2017-05-31,private
043090,"The Technology Co., Ltd.",(주)더 테크놀로지,20170531000032,CB,2017-05-30,무기명식 무보증 사모전환사채,2000000000,4,5,2020-05-31,3706,100,2018-05-31,2020-04-30,,,2017-05-30,2017-05-31,private
043090,"The Technology Co., Ltd.",(주)더 테크놀로지,20160113000240,CB,2016-01-13,무기명식 무보증 사모전환사채,2000000000,6,6,2019-01-13,4597,100,2017-01-13,2018-12-13,,,2016-01-13,2016-01-13,private
043090,"The Technology Co., Ltd.",(주)더 테크놀로지,20170222000177,CB,2017-02-22,무기명식 무보증 사모전환사채,1500000000,2,4,2020-02-22,3724,100,2018-02-22,2020-01-22,,,2017-02-22,2017-02-22,private
043090,"The Technology Co., Ltd.",(주)더 테크놀로지,20211027000322,CB,2021-03-29,무기명식 이권부 무보증 사모전환사채,7500000000,2.5,6,2024-10-29,2250,100,2022-10-29,2024-09-29,500,,2021-10-28,2021-10-29,private
043090,"The Technology Co., Ltd.",(주)더 테크놀로지,20211027000331,CB,2021-06-16,무기명식 이권부 무보증 사모 전환사채,7500000000,2.5,6,2024-10-29,2250,100,2022-10-29,2024-09-29,500,,2021-10-28,2021-10-29,private
043090,"The Technology Co., Ltd.",(주)더 테크놀로지,20211019000305,CB,2021-10-19,무기명식 이권부 무보증 사모 전환사채,8000000000,2,5,2024-10-21,1994,100,2022-10-21,2024-09-21,1396,,2021-10-21,2021-10-21,private
043090,"The Technology Co., Ltd.",(주)더 테크놀로지,20221019000348,CB,2022-08-04,무기명식 이권부 무보증 사모 전환사채,15000000000,0,3,2025-10-17,2367,100,2023-10-17,2025-09-17,1657,,2022-08-04,2022-10-17,private
043090,"The Technology Co., Ltd.",(주)더 테크놀로지,20230329001473,CB,2023-03-29,무기명식 이권부 무보증 사모 전환사채,8400000000,1.5,3,2026-03-29,1286,100,2024-03-29,2026-02-28,500,,2023-03-29,2023-03-29,private
043090,"The Technology Co., Ltd.",(주)더 테크놀로지,20250627000173,BW,,무기명식 이권부 무보증 사모 비분리형 신주인수권부사채,,,,,,,,,,,,,private
043090,"The Technology Co., Ltd.",(주)더 테크놀로지,20250714000231,BW,,무기명식 이권부 무보증 사모 비분리형 신주인수권부사채,,,,,,,,,,,,,private
043090,"The Technology Co., Ltd.",(주)더 테크놀로지,20240701000571,BW,,무기명식 이권부 무보증 사모 비분리형 신주인수권부사채,,,,,,,,,,,,,private
043090,"The Technology Co., Ltd.",(주)더 테크놀로지,20240229001273,BW,2024-02-27,무기명식 이권부 무보증 사모 비분리형 신주인수권부사채,6300000000,3,6,2027-02-28,500,100,2025-03-01,2027-01-28,500,,2024-02-29,2024-02-29,private
043090,"The Technology Co., Ltd.",(주)더 테크놀로지,20150316000654,EB,2015-03-16,무기명식 무보증 사모교환사채,3000000000,1,5.5,2019-03-18,8041,100,2015-04-18,2019-02-18,,"not applicable (EB is exchanged for already-issued shares, not newly issued)",2015-03-18,2015-03-18,private
020760,"ILJIN DISPLAY CO.,LTD.",일진디스플레이(주),20210712000444,CB,2021-07-12,무기명식 이권부 무보증 사모 전환사채,20000000000,0,6,2024-07-14,4388,100,2022-07-14,2024-06-14,3072,,2021-07-14,2021-07-14,private
020760,"ILJIN DISPLAY CO.,LTD.",일진디스플레이(주),20230116000171,CB,2023-01-16,무기명식 이권부 무보증 사모 전환사채,10000000000,0,7,2026-01-18,1284,100,2024-01-18,2025-12-18,899,,2023-01-18,2023-01-18,private
020760,"ILJIN DISPLAY CO.,LTD.",일진디스플레이(주),20240710000773,CB,2024-07-10,무기명식 이권부 무보증 사모 전환사채,10000000000,0,7,2027-07-12,1093,100,2025-07-12,2027-06-12,766,,2024-07-12,2024-07-12,private
092790,"NEXTEEL CO.,LTD.",넥스틸(주),20260629000433,CB,2026-06-22,무기명식 무이권부 무보증 사모 전환사채,50000000000,0,0,2031-06-30,16134,100,2027-06-30,2031-05-30,12908,,2026-06-30,2026-06-30,private
051910,LG CHEM LTD,(주)LG화학,20180411000039,EB,2018-04-10,기명식 무보증 해외교환사채,234850000000,0,0,2021-04-16,460000,100,2018-05-27,2021-04-06,,"not applicable (EB is exchanged for already-issued shares, not newly issued)",2018-04-10,2018-04-16,private
051910,LG CHEM LTD,(주)LG화학,20230712000062,EB,2023-07-11,기명식 무보증 해외교환사채,1295000000000,1.25,1.25,2028-07-18,687500,100,2023-08-28,2028-07-11,,"not applicable (EB is exchanged for already-issued shares, not newly issued)",2023-07-11,2023-07-18,private
051910,LG CHEM LTD,(주)LG화학,20250516000280,EB,2025-05-15,기명식 무보증 해외교환사채,1394500000000,1.75,1.75,2028-06-16,337700,100,2025-07-27,2028-06-09,,"not applicable (EB is exchanged for already-issued shares, not newly issued)",2025-05-15,2025-06-16,private
051910,LG CHEM LTD,(주)LG화학,20230712000063,EB,2023-07-11,기명식 무보증 해외교환사채,1295000000000,1.6,1.6,2030-07-18,715000,100,2023-08-28,2030-07-11,,"not applicable (EB is exchanged for already-issued shares, not newly issued)",2023-07-11,2023-07-18,private
051910,LG CHEM LTD,(주)LG화학,20180411000043,EB,2018-04-10,기명식 무보증 해외교환사채,414655056000,0,0,2021-04-16,533600,100,2018-05-27,2021-04-06,,"not applicable (EB is exchanged for already-issued shares, not newly issued)",2018-04-10,2018-04-16,private
067630,"HLB Life Science CO.,LTD.",에이치엘비생명과학(주),20150615000429,CB,2015-06-12,무기명식 무보증 사모 전환사채,13000000000,0,6,2018-07-24,5650,100,2016-07-24,2018-06-24,,,2015-06-15,2015-07-24,private
067630,"HLB Life Science CO.,LTD.",에이치엘비생명과학(주),20180803000263,CB,2018-08-03,무기명식 무보증 사모 전환사채,10000000000,0,0,2023-10-11,16954,100,2019-10-11,2023-09-11,,,2018-08-07,2018-10-11,private
067630,"HLB Life Science CO.,LTD.",에이치엘비생명과학(주),20180312000068,CB,2018-03-12,무기명식 무보증 사모 전환사채,79487560800,0,2,2021-03-21,9252,100,2019-03-21,2021-02-21,,,2018-03-14,2018-03-21,private
067630,"HLB Life Science CO.,LTD.",에이치엘비생명과학(주),20180312000279,CB,2018-03-12,무기명식 무보증 사모 전환사채,15000000000,0,2,2021-03-21,9252,100,2019-03-21,2021-02-21,,,2018-03-14,2018-03-21,private
067630,"HLB Life Science CO.,LTD.",에이치엘비생명과학(주),20190524000490,CB,2019-05-24,무기명식 무보증 사모 전환사채,60000000000,0,2,2022-05-29,15342,100,2020-05-29,2022-04-29,,,2019-05-28,2019-05-29,private
067630,"HLB Life Science CO.,LTD.",에이치엘비생명과학(주),20160803000429,CB,2016-08-03,기명식 무보증 사모 전환사채,3700000000,0,0,2019-08-02,6056,100,2017-09-03,2019-05-02,,,,2016-08-03,private
067630,"HLB Life Science CO.,LTD.",에이치엘비생명과학(주),20160803000444,CB,2016-08-03,무기명식 무보증 사모 전화사채,14000000000,3.8,3.8,2019-08-03,6056,100,2017-08-04,2019-07-03,,,,2016-08-04,private
067630,"HLB Life Science CO.,LTD.",에이치엘비생명과학(주),20220629000557,CB,2022-05-31,무기명식 무보증 사모 전환사채,45000000000,0,1,2027-07-01,16886,100,2023-07-01,2027-06-01,11821,,2022-05-31,2022-07-01,private
067630,"HLB Life Science CO.,LTD.",에이치엘비생명과학(주),20231107000219,CB,2023-11-07,무기명식 무보증 사모 전환사채,28800000000,2,2,2026-11-07,9586,100,2024-11-07,2026-10-06,6711,,2023-11-07,2023-11-07,private
067630,"HLB Life Science CO.,LTD.",에이치엘비생명과학(주),20230704000543,CB,2023-06-29,무기명식 무보증 사모 전환사채,8300000000,0,1,2028-07-07,10204,100,2024-07-07,2028-06-07,7143,,2023-06-29,2023-07-07,private
067630,"HLB Life Science CO.,LTD.",에이치엘비생명과학(주),20250108000490,CB,2025-01-08,무기명식 무보증 사모 전환사채,5000000000,1,2,2030-01-10,10713,100,2026-01-10,2029-12-10,7500,,2025-01-10,2025-01-10,private
067630,"HLB Life Science CO.,LTD.",에이치엘비생명과학(주),20240821000354,CB,2024-08-21,무기명식 무보증 사모 전환사채,50000000000,1,2,2027-08-29,11439,100,2025-08-29,2027-07-29,8008,,2024-08-23,2024-08-29,private
067630,"HLB Life Science CO.,LTD.",에이치엘비생명과학(주),20260528000687,CB,2026-05-28,무기명식 이권부 무보증 사모 전환사채,10000000000,0,5,2031-06-08,3529,100,2027-06-08,2031-05-08,2471,,2026-06-02,2026-06-08,private
067630,"HLB Life Science CO.,LTD.",에이치엘비생명과학(주),20220602000106,BW,2022-04-14,무기명식 이권부 무보증 공모 분리형 신주인수권부사채,100000000000,0,2,2025-06-15,11925,100,2022-07-15,2025-05-15,8348,,2022-06-07,2022-06-15,public
067630,"HLB Life Science CO.,LTD.",에이치엘비생명과학(주),20251103000295,EB,2025-11-03,기명식 무보증 해외교환사채,7137000000,5,5,2030-11-13,48917,100,2025-12-23,2030-11-03,,"not applicable (EB is exchanged for already-issued shares, not newly issued)",2025-11-03,2025-11-13,private
067630,"HLB Life Science CO.,LTD.",에이치엘비생명과학(주),20260122000412,EB,2026-01-22,"무기명식 무이권부 무보증
사모 교환사채",15700000000,0,0,2029-02-20,56363,100,2026-03-07,2029-01-20,,"not applicable (EB is exchanged for already-issued shares, not newly issued)",2026-01-23,2026-02-20,private
348150,"KoBioLabs, Inc.",주식회사 고바이오랩,20211110000509,CB,2021-11-10,무기명식 이권부 무보증 사모 전환사채,11000000000,0,0,2026-11-19,25250,100,2022-11-19,2026-10-19,17675,,2021-11-12,2021-11-19,private
348150,"KoBioLabs, Inc.",주식회사 고바이오랩,20211221000406,CB,2021-12-21,무기명식 이권부 무보증 사모 전환사채,2350000000,0,0,2026-12-30,25250,100,2022-12-30,2026-11-30,17675,,2021-12-23,2021-12-30,private
302550,"REMED CO.,LTD.",(주)리메드,20200814000696,CB,2020-08-11,무기명식 이권부 무보증 사모 전환사채,30000000000,0,0,2035-08-14,29052,100,2021-08-14,2035-07-14,,,2020-08-13,2020-08-14,private
302550,"REMED CO.,LTD.",(주)리메드,20240226005312,CB,2024-02-26,무기명식 무이권부 무보증 사모 전환사채,8000000000,0,1,2029-02-28,2799,100,2025-02-28,2029-01-28,,,2024-02-28,2024-02-28,private
000890,"BOHAE BREWERY CO.,LTD",보해양조(주),20180425000750,CB,2018-04-25,무기명식 이권부 무보증 사무 전환사채,26000000000,0,0,2023-04-27,1182,100,2019-04-27,2023-03-27,,,2018-04-27,2018-04-27,private
000890,"BOHAE BREWERY CO.,LTD",보해양조(주),20191217000232,CB,2019-12-17,무기명식 이권부 무보증 사모 전환사채,9500000000,0,1,2024-12-18,1024,100,2020-12-18,2024-11-18,,,2019-12-18,2019-12-18,private
009810,"Playgram Co., Ltd.",(주)플레이그램,20150107000001,CB,2015-01-06,무기명식 무보증 사모 전환사채,2000000000,3,6.5,2018-01-07,931,100,2016-01-07,2017-12-07,,,2015-01-07,2015-01-07,private
009810,"Playgram Co., Ltd.",(주)플레이그램,20160725000206,CB,2016-07-21,무기명식 이권부 무보증 사모 전환사채,5000000000,0,2,2019-07-25,1210,100,2017-07-25,2019-06-25,,,2016-07-25,2016-07-25,private
009810,"Playgram Co., Ltd.",(주)플레이그램,20161209000284,CB,2016-12-09,무기명식 무보증 사모 전환사채,6000000000,0,2,2019-12-09,931,100,2017-12-09,2019-11-09,,,2016-12-09,2016-12-09,private
009810,"Playgram Co., Ltd.",(주)플레이그램,20211101000260,CB,2021-09-09,무기명식 무보증 사모 전환사채,10000000000,0,2,2024-11-01,989,100,2022-11-01,2024-10-01,692,,2021-09-09,2021-11-01,private
009810,"Playgram Co., Ltd.",(주)플레이그램,20210908000452,CB,2021-09-08,무기명식 이권부 무보증 사모 전환사채,25000000000,0,2,2024-10-29,934,100,2022-10-29,2024-09-29,654,,2021-09-08,2021-10-29,private
009810,"Playgram Co., Ltd.",(주)플레이그램,20220714000507,CB,2022-07-14,무기명식 무보증 사모 전환사채,10000000000,0,5,2025-07-15,1219,100,2023-07-15,2025-06-15,853,,2022-07-14,2022-07-15,private
009810,"Playgram Co., Ltd.",(주)플레이그램,20220704000328,CB,2022-07-04,무기명식 이권부 무보증 사모 전환사채,20000000000,2.5,5,2025-07-12,1209,100,2023-07-12,2025-06-12,846,,2022-07-06,2022-07-12,private
009810,"Playgram Co., Ltd.",(주)플레이그램,20231122000249,CB,2023-11-22,무기명식 이권부 무보증 사모 전환사채,6000000000,5,5,2026-12-08,578,100,2024-12-08,2026-11-08,405,,2023-12-07,2023-12-08,private
009810,"Playgram Co., Ltd.",(주)플레이그램,20240110000709,CB,2024-01-10,무기명식 이권부 무보증 사모 전환사채,3000000000,5,5,2027-01-12,614,100,2025-01-12,2026-12-12,430,,2024-01-12,2024-01-12,private
009810,"Playgram Co., Ltd.",(주)플레이그램,20220720000379,BW,2022-07-20,무기명식 이권부 무보증 신주인수권부사채,10000000000,6,6,2025-07-21,1210,100,2023-07-21,2025-06-21,847,,2022-07-20,2022-07-21,private
009810,"Playgram Co., Ltd.",(주)플레이그램,20240214002567,EB,2024-02-14,무기명식 무보증 사모 교환사채,5000000000,5,5,2027-02-23,2600,100,2024-03-08,2027-02-15,,"not applicable (EB is exchanged for already-issued shares, not newly issued)",2024-02-16,2024-02-23,private
009810,"Playgram Co., Ltd.",(주)플레이그램,20220920000396,EB,2022-09-20,무기명식 무보증 사모 교환사채,15000000000,0,6,2025-09-22,20000,100,2022-10-06,2025-09-15,,"not applicable (EB is exchanged for already-issued shares, not newly issued)",2022-09-22,2022-09-22,private
435570,"ERCOHS Agricultural Corporation Co., Ltd.",(주)에르코스 농업회사법인,20260116000488,CB,2026-01-16,무기명식 무보증 사모 전환사채,13500000000,0,0,2031-01-26,12924,100,2027-01-26,2030-12-26,,,2026-01-26,2026-01-26,private
204620,"Global Tax Free Co., Ltd.",글로벌텍스프리(주),20180622000485,CB,2018-06-22,무기명식 무보증 사모 전환사채,30000000000,0,0,2023-06-25,9098,100,2019-06-25,2023-05-25,,,2018-06-25,2018-06-25,private
204620,"Global Tax Free Co., Ltd.",글로벌텍스프리(주),20211020000114,CB,2021-10-20,무기명식 무보증 사모 전환사채,13000000000,0,2,2024-10-29,3664,100,2022-10-29,2024-09-29,2565,,2021-10-20,2021-10-29,private
204620,"Global Tax Free Co., Ltd.",글로벌텍스프리(주),20230510000731,CB,2023-05-10,무기명식 무보증 사모 전환사채,5000000000,0,0,2028-06-15,3969,100,2024-06-15,2028-05-15,2779,,2023-05-12,2023-06-15,private
204620,"Global Tax Free Co., Ltd.",글로벌텍스프리(주),20210308000206,EB,2021-02-15,무기명식 무보증 사모 교환사채,3480000000,0,0,2022-08-19,3134,100,2021-03-18,2022-08-12,,"not applicable (EB is exchanged for already-issued shares, not newly issued)",2021-02-15,2021-02-18,private
204620,"Global Tax Free Co., Ltd.",글로벌텍스프리(주),20210810000208,EB,2021-08-10,무기명식 무보증 사모 교환사채,1200000000,0,0,2024-01-05,3458,100,2021-09-13,2023-12-05,,"not applicable (EB is exchanged for already-issued shares, not newly issued)",2021-08-10,2021-08-13,private
100090,"SK oceanplant Co.,Ltd",에스케이오션플랜트(주),20190705000428,CB,2019-07-05,무기명식 이권부 무보증 사모 전환사채,15000000000,0,1,2024-07-09,4916,100,2020-07-09,2024-06-09,,,2019-07-09,2019-07-09,private
100090,"SK oceanplant Co.,Ltd",에스케이오션플랜트(주),20190705000432,CB,2019-07-05,무기명식 이권부 무보증 사모 전환사채,5000000000,0,1,2024-07-12,4916,100,2020-07-12,2024-06-12,,,2019-07-09,2019-07-12,private
100090,"SK oceanplant Co.,Ltd",에스케이오션플랜트(주),20180921000466,CB,2018-09-21,무기명식 이권부 무보증 사모 전환사채,10000000000,0,1,2023-09-28,4316,100,2019-09-28,2023-08-28,,,2018-09-28,2018-09-28,private
100090,"SK oceanplant Co.,Ltd",에스케이오션플랜트(주),20170126000448,CB,2017-01-26,무기명식 이권부 무보증 사모 전환사채,20500000000,0,1.5,2022-01-31,5994,100,2018-01-31,2021-12-31,,,2017-01-31,2017-01-31,private
100090,"SK oceanplant Co.,Ltd",에스케이오션플랜트(주),20201120000532,CB,2020-11-20,무기명식 이권부 무보증 사모 전환사채,34000000000,0,0,2024-11-25,18758,100,2021-11-25,2024-10-25,13131,,2020-11-24,2020-11-25,private
100090,"SK oceanplant Co.,Ltd",에스케이오션플랜트(주),20220720000384,CB,2021-11-16,무기명식 이권부 무보증 사모 전환사채,50000000000,0,0,2027-08-31,21760,100,2023-09-01,2027-07-31,15232,,2021-11-16,2022-08-31,private
100090,"SK oceanplant Co.,Ltd",에스케이오션플랜트(주),20220720000383,CB,2021-11-16,무기명식 이권부 무보증 사모 전환사채,116856705280,0,0,2027-08-31,21760,100,2023-09-01,2027-07-31,15232,,2021-11-16,2022-08-31,private
090150,"iWIN CO.,LTD",(주)아이윈,20210122000489,CB,2020-12-04,국내 무기명식 무보증 사모 전환사채,10000000000,0,4,2024-01-25,4061,100,2022-01-25,2023-12-25,2843,,2020-12-08,2021-01-25,private
090150,"iWIN CO.,LTD",(주)아이윈,20211020000280,CB,2021-10-06,국내 무기명식 이권부 무보증 사모 전환사채,12000000000,1,5,2024-10-21,8918,100,2022-10-21,2024-09-21,6243,,2021-10-08,2021-10-21,private
090150,"iWIN CO.,LTD",(주)아이윈,20221026000336,CB,2022-10-26,국내 무기명식 이권부 무보증 사모 전환사채,4000000000,1,3,2025-10-28,1675,100,2023-10-28,2025-09-28,1173,,2022-10-28,2022-10-28,private
090150,"iWIN CO.,LTD",(주)아이윈,20220520000634,CB,2022-05-17,국내 무기명식 이권부 무보증 사모 전환사채,17000000000,1,3,2025-05-27,2423,100,2023-05-27,2025-04-27,1697,,2022-05-19,2022-05-27,private
090150,"iWIN CO.,LTD",(주)아이윈,20230823000455,CB,2023-08-23,국내 무기명식 이권부 무보증 사모 전환사채,7700000000,2,4,2026-08-24,1590,100,2024-08-24,2026-07-24,1113,,,2023-08-24,private
090150,"iWIN CO.,LTD",(주)아이윈,20240226005996,CB,2024-02-26,국내 무기명식 이권부 무보증 사모 전환사채,6000000000,3,7,2027-02-28,1389,100,2025-02-28,2027-01-28,973,,2024-02-28,2024-02-28,private
090150,"iWIN CO.,LTD",(주)아이윈,20240507000384,CB,2024-05-07,국내 무기명식 이권부 무보증 사모 전환사채,7000000000,3,7,2027-05-09,1199,100,2025-05-09,2027-04-09,500,,2024-05-09,2024-05-09,private
272450,"JIN AIR CO,.LTD.",주식회사 진에어,20211109000115,EB,2021-03-26,무기명식 무보증 사모 교환사채,15859713850,0,0,2024-04-01,23050,100,2021-04-08,2024-03-02,,"not applicable (EB is exchanged for already-issued shares, not newly issued)",2021-03-30,2021-04-01,private
120110,"KOLON INDUSTRIES, INC.",코오롱인더스트리(주),20260213001447,EB,2026-02-13,무기명식 무이권부 무보증 사모 교환사채,100000000000,0,0,2029-02-23,45852,100,2026-03-03,2029-01-23,,"not applicable (EB is exchanged for already-issued shares, not newly issued)",2026-02-23,2026-02-23,private
083660,"CSA COSMIC CO., LTD.",(주)씨에스에이코스믹,20151021000040,CB,2015-10-19,무기명식 무보증 사모 전환사채,16000000000,0,2,2018-10-21,2765,100,2016-10-21,2018-09-21,,,2015-10-21,2015-10-21,private
083660,"CSA COSMIC CO., LTD.",(주)씨에스에이코스믹,20250721000278,CB,2025-06-18,무기명식 이권부 무보증 사모 전환사채,8000000000,,4,2028-07-28,1990,100,2026-07-28,2028-06-28,1393,,2025-06-18,2025-07-28,private
083660,"CSA COSMIC CO., LTD.",(주)씨에스에이코스믹,20260202001286,CB,2026-01-21,무기명식 이권부 무보증 사모 전환사채,5000000000,1,2,2029-01-30,471,100,2027-01-30,2028-12-30,330,,2026-01-21,2026-01-30,private
083660,"CSA COSMIC CO., LTD.",(주)씨에스에이코스믹,20260121000413,CB,2026-01-21,무기명식 이권부 무보증 사모 전환사채,5000000000,1,2,2029-01-30,471,100,2027-01-30,2028-12-30,330,,2026-01-21,2026-01-30,private
083660,"CSA COSMIC CO., LTD.",(주)씨에스에이코스믹,20260813001447,CB,2026-06-11,무기명식 이권부 무보증 사모 전환사채,5000000000,1,2,2029-09-30,1883,100,2027-09-30,2029-08-30,1319,,2026-06-11,2026-09-30,private
214420,"TONYMOLY CO., LTD.",(주)토니모리,20171026000270,CB,2017-10-26,무기명식 이권부 무보증 사모 전환사채,30000000000,0,0,2022-10-27,19394,100,2018-10-27,2022-09-27,,,2017-10-27,2017-10-27,private
214420,"TONYMOLY CO., LTD.",(주)토니모리,20191127000513,BW,2019-11-27,무기명식 이권부 무보증 비분리형 사모 신주인수권부사채,25000000000,0,0,2024-11-29,9700,100,2020-11-29,2024-10-29,,,2019-11-29,2019-11-29,private
080220,Jeju Semiconductor Corp.,(주)제주반도체,20181102000399,CB,2018-02-22,무기명식 이권부 무보증 사모 전환사채,6500000000,0,3,2021-02-26,6084,100,2019-02-26,2021-01-26,,,2018-02-26,2018-02-26,private
080220,Jeju Semiconductor Corp.,(주)제주반도체,20181102000408,CB,2018-03-09,무기명식 이권부 무보증 사모 전환사채,8000000000,0,3,2021-03-15,5953,100,2019-03-15,2021-02-15,,,2018-03-13,2018-03-15,private
080220,Jeju Semiconductor Corp.,(주)제주반도체,20190214000968,CB,2019-02-08,무기명식 무보증 사모 전환사채,17500000000,0,0,2024-02-12,3850,100,2020-02-12,2024-01-12,,,2019-02-12,2019-02-12,private
080220,Jeju Semiconductor Corp.,(주)제주반도체,20160804000141,CB,2016-08-04,기명식 무보증 사모 전환사채,12000000000,0,3,2020-08-10,4910,100,2017-08-10,2020-07-10,,,2016-08-05,2016-08-10,private
080220,Jeju Semiconductor Corp.,(주)제주반도체,20250224003927,CB,2025-02-20,무기명식 무이권부 무보증 사모 전환사채,6000000000,0,0,2028-02-26,18862,100,2027-02-26,2028-01-26,,,2025-02-24,2025-02-26,private
080220,Jeju Semiconductor Corp.,(주)제주반도체,20260313000558,CB,2026-03-13,무기명식 무이권부 무보증 사모 전환사채,45000000000,0,2,2031-03-23,44300,100,2027-03-23,2031-02-23,31050,,2026-03-23,2026-03-23,private
080220,Jeju Semiconductor Corp.,(주)제주반도체,20260313000568,BW,2026-03-13,무기명식 이권부 무보증 사모 신주인수권부사채,62000000000,0,2,2031-03-23,44300,100,2027-03-23,2031-02-23,31050,,2026-03-23,2026-03-23,private
080220,Jeju Semiconductor Corp.,(주)제주반도체,20260313000576,BW,2026-03-13,무기명식 이권부 무보증 사모 신주인수권부사채,10000000000,0,2,2031-04-10,44300,100,2027-04-10,2031-03-10,31050,,2026-04-10,2026-04-10,private
267250,"HD HYUNDAI CO.,LTD.",에이치디현대(주),20241011000438,EB,2024-10-11,무기명식 무보증 사모 교환사채,265000000000,0,0,2029-11-11,369531,100,2024-11-12,2029-10-11,,"not applicable (EB is exchanged for already-issued shares, not newly issued)",2024-10-15,2024-11-11,private
083640,"INCON Co., Ltd.",(주)인콘,20180524000263,CB,2018-05-18,무기명식 이권부 무보증 사모 전환사채,12000000000,2,2,2021-05-24,12946,100,2019-05-24,2021-04-24,,,2018-05-23,2018-05-24,private
083640,"INCON Co., Ltd.",(주)인콘,20200428000760,CB,2020-04-28,무기명식 이권부 무보증 사모 전환사채,2000000000,1,3,2023-04-28,1207,100,2021-04-28,2023-03-28,,,2020-04-28,2020-04-28,private
083640,"INCON Co., Ltd.",(주)인콘,20171109000199,CB,2017-11-09,무기명식 이권부 무보증 사모 전환사채,12000000000,2,2,2020-11-22,21844,100,2018-11-22,2020-10-22,,,2017-11-13,2017-11-22,private
083640,"INCON Co., Ltd.",(주)인콘,20171109000203,CB,2017-11-09,무기명식 이권부 무보증 사모 전환사채,4000000000,2,2,2020-11-28,21844,100,2018-11-28,2020-10-28,,,2017-11-13,2017-11-28,private
083640,"INCON Co., Ltd.",(주)인콘,20210623000467,CB,2021-06-23,"무기명식 이권부 
무보증 사모 전환사채",11000000000,1,1,2024-07-02,2543,100,2022-07-02,2024-06-02,500,,2021-06-25,2021-07-02,private
083640,"INCON Co., Ltd.",(주)인콘,20200709000321,CB,2020-07-09,"무기명식 이권부 
무보증 사모 전환사채",3000000000,2,2,2023-07-10,930,100,2021-07-10,2023-06-10,200,,2020-07-10,2020-07-10,private
083640,"INCON Co., Ltd.",(주)인콘,20221110000359,CB,2022-11-10,무기명식 이권부 무보증 사모 전환사채,10000000000,3,7,2025-11-10,1159,100,2023-11-10,2025-10-10,500,,2022-11-10,2022-11-10,private
083640,"INCON Co., Ltd.",(주)인콘,20200626000056,CB,2020-06-12,무기명식 이권부 무보증 사모 전환사채,5000000000,2.9,2.9,2023-06-26,962,100,2021-06-26,2023-05-26,,,2020-06-26,2020-06-26,private
083640,"INCON Co., Ltd.",(주)인콘,20260825000396,CB,2026-05-14,무기명식 이권부 무보증 사모 전환사채,15000000000,2,3,2029-09-10,6855,100,2027-09-10,2029-08-10,,,2026-09-10,2026-09-10,private
083640,"INCON Co., Ltd.",(주)인콘,20181031000417,BW,2018-10-29,"무기명식 무보증 사모
비분리형 신주인수권부사채",15000000000,2.4,2.4,2021-11-01,1915,100,2019-11-01,2021-10-01,,,2018-10-31,2018-11-01,private
083640,"INCON Co., Ltd.",(주)인콘,20190222001335,BW,2019-02-18,"무기명식 무보증 사모
비분리형 신주인수권부사채",3000000000,2.9,2.9,2022-02-22,1275,100,2020-02-22,2022-01-22,,,2019-02-20,2019-02-22,private
296160,"ProGen, Co,, LTD.",(주)프로젠,20250417000543,CB,2025-04-17,무기명식 이권부 무보증 사모 전환사채,14000000000,2,3,2030-04-25,6085,100,2026-04-25,2030-03-25,4260,,2025-04-21,2025-04-25,private
296160,"ProGen, Co,, LTD.",(주)프로젠,20260709000665,CB,2026-07-02,무기명식 이권부 무보증 사모 전환사채,2774000000,0,4,2031-07-10,3172,100,2027-07-10,2031-06-10,2221,,2026-07-02,2026-07-10,private
091440,"HanWool Materials Science, Inc.",(주)한울소재과학,20180511003661,CB,2018-05-11,무기명식 이권부 무보증 사모 전환사채,9000000000,0,0,2023-05-15,5550,100,2019-05-15,2023-04-15,,,2018-05-15,2018-05-15,private
091440,"HanWool Materials Science, Inc.",(주)한울소재과학,20200410002009,CB,2020-04-10,무기명식 이권부 무보증 사모 전환사채,5000000000,0,0,2025-04-14,4010,100,2021-04-14,2025-03-14,,,2020-04-14,2020-04-14,private
091440,"HanWool Materials Science, Inc.",(주)한울소재과학,20161017000251,CB,2016-10-17,무기명식 이권부 무보증 사모 전환사채,7000000000,0,1,2021-10-19,4672,100,2017-10-19,2021-09-19,,,2016-10-19,2016-10-19,private
091440,"HanWool Materials Science, Inc.",(주)한울소재과학,20240326000996,CB,2023-11-30,무기명식 무보증 사모 전환사채,20000000000,0,1,2027-01-25,2304,100,2025-01-25,2026-12-25,,,2023-11-30,2024-01-25,private
091440,"HanWool Materials Science, Inc.",(주)한울소재과학,20240502000558,CB,2024-05-02,무기명식 무보증 이권부 사모 전환사채,3500000000,3.5,3.5,2027-05-07,12317,100,2025-05-07,2027-04-07,,,2024-05-02,2024-05-07,private
091440,"HanWool Materials Science, Inc.",(주)한울소재과학,20240621000524,CB,2023-11-30,무기명식 무보증 사모 전환사채,9000000000,0,1,2027-01-25,2304,100,2025-01-25,2026-12-25,,,2023-11-30,2024-01-25,private
091440,"HanWool Materials Science, Inc.",(주)한울소재과학,20250811000481,CB,2025-08-11,무기명식 이권부 무보증 사모 전환사채,7000000000,1,2,2028-08-19,2344,100,2026-08-19,2028-07-19,,,2025-08-11,2025-08-19,private
091440,"HanWool Materials Science, Inc.",(주)한울소재과학,20240621000508,BW,2023-11-30,무기명식 무보증 사모 비분리형 신주인수권부사채,5000000000,0,1,2027-03-27,2304,100,2025-03-27,2027-02-27,,,2023-11-30,2024-03-27,private
091440,"HanWool Materials Science, Inc.",(주)한울소재과학,20240326000985,BW,2023-11-30,무기명식 무보증 사모 비분리형 신주인수권부사채,30000000000,0,1,2027-01-25,2304,100,2025-01-25,2026-12-25,,,2023-11-30,2024-01-25,private
091440,"HanWool Materials Science, Inc.",(주)한울소재과학,20240621000517,BW,2023-12-27,무기명식 무보증 사모 비분리형 신주인수권부사채,8000000000,0,1,2027-01-25,10869,100,2025-01-25,2026-12-25,,,2023-12-29,2024-01-25,private
204840,GL Pharm Tech Corp.,지엘팜텍(주),20180514002817,CB,2018-05-11,무기명식 이권부 무보증 사모 전환사채,7000000000,,3,2023-05-13,4620,100,2019-05-14,2023-04-13,,,2018-05-14,2018-05-14,private
204840,GL Pharm Tech Corp.,지엘팜텍(주),20200507000566,CB,2020-05-07,"기명식 이권부 무보증 
사모전환사채",3100000000,0,4.5,2025-05-12,809,100,2021-05-12,2025-04-12,,,2020-05-11,2020-05-13,private
204840,GL Pharm Tech Corp.,지엘팜텍(주),20180117000075,CB,2018-01-17,기명식 이권부 무보증 사모 전환사채,2000000000,2.5,2.5,2025-01-16,4955,100,2019-01-18,2024-12-16,,,2018-01-17,2018-01-17,private
204840,GL Pharm Tech Corp.,지엘팜텍(주),20201123000301,CB,2020-11-23,"기명식 이권부 무보증 
사모전환사채",4500000000,2,4,2025-11-29,909,100,2021-11-30,2025-11-29,636,,2020-11-23,2020-11-30,private
263860,"GENIANS, INC.",지니언스(주),20250908000236,EB,2025-09-08,무기명식 무이권부 무보증 사모 교환사채,8341356000,0,0,2030-09-16,22423,100,2025-10-16,2030-08-16,,"not applicable (EB is exchanged for already-issued shares, not newly issued)",2025-09-16,2025-09-16,private
397030,"AprilBio Co.,Ltd.",주식회사 에이프릴바이오,20230419000287,CB,2023-04-19,무기명식 이권부 무보증 사모 전환사채,15000000000,0,2,2028-04-21,25655,100,2024-04-21,2028-03-21,17959,,2023-04-21,2023-04-21,private
083470,"EMnI Co., Ltd.",(주)이엠앤아이,20180524000329,CB,2018-05-24,무기명식 이권부 무보증사모전환사채,2000000000,3,3,2021-05-24,1517,100,2019-05-24,2021-04-24,,,2018-05-24,2018-05-24,private
083470,"EMnI Co., Ltd.",(주)이엠앤아이,20180912000505,CB,2018-09-12,무기명식 이권부 무보증사모전환사채,3000000000,3,3,2021-09-12,1317,100,2019-09-12,2021-08-12,,,2018-09-12,2018-09-12,private
083470,"EMnI Co., Ltd.",(주)이엠앤아이,20180913000350,CB,2018-09-13,무기명식 이권부 무보증사모전환사채,15000000000,3,3,2021-11-09,1340,100,2019-11-09,2021-10-09,,,2018-09-13,2018-11-09,private
083470,"EMnI Co., Ltd.",(주)이엠앤아이,20191111000361,CB,2018-06-21,무기명식 이권부 무보증사모전환사채,15000000000,3,3,2021-06-21,1344,100,2019-06-21,2021-05-21,,,2018-06-21,2018-06-21,private
083470,"EMnI Co., Ltd.",(주)이엠앤아이,20170106000730,CB,2017-01-06,무기명식 이권부 무보증 사모 전환사채,15000000000,5,5,2020-02-27,3975,100,2018-02-27,2020-01-27,,,2017-01-06,2017-02-27,private
083470,"EMnI Co., Ltd.",(주)이엠앤아이,20200224000003,CB,2020-02-21,무기명식 이권부 무보증 사모 전환사채,500000000,0,3,2023-02-21,500,100,2021-02-21,2023-01-21,,,2020-02-21,2020-02-21,private
083470,"EMnI Co., Ltd.",(주)이엠앤아이,20200518000226,CB,2020-05-13,무기명식 이권부 무보증 사모 전환사채,5150000000,0,5,2023-05-13,500,100,2021-05-13,2023-04-13,,,2020-05-13,2020-05-13,private
083470,"EMnI Co., Ltd.",(주)이엠앤아이,20240405002811,CB,2024-04-05,무기명식 이권부 무보증 사모 전환사채,1500000000,3,5,2027-04-09,2013,100,2025-04-09,2027-03-09,1410,,2024-04-09,2024-04-09,private
083470,"EMnI Co., Ltd.",(주)이엠앤아이,20251229000465,CB,2025-12-29,무기명식 이권부 무보증 사모 전환사채,1500000000,0,3,2029-01-07,820,100,2027-01-07,2028-12-07,574,,2026-01-05,2026-01-07,private
083470,"EMnI Co., Ltd.",(주)이엠앤아이,20231027000222,BW,2023-03-28,"무기명식 이권부 무보증 사모 
비분리형 신주인수권부사채",3100000000,3,5,2026-11-01,2032,100,2024-11-01,2026-10-01,1423,,2023-10-31,2023-11-01,private
131970,DOOSAN TESNA Inc.,(주)두산테스나,20190605000475,CB,2019-06-05,무기명식 이권부 무보증 사모 전환사채,30000000000,0,0,2024-06-12,48483,100,2020-06-12,2024-05-12,,,2019-06-10,2019-06-12,private
131970,DOOSAN TESNA Inc.,(주)두산테스나,20191125000316,BW,2019-10-10,무기명식 무보증사모 신주인수권부사채,50000000000,0,0,2024-11-29,44238,100,2020-11-30,2024-10-29,,,2019-10-10,2019-11-29,private
099440,"SMEC CO.,LTD",(주) 스맥,20181226000356,CB,2018-12-26,무기명식 이권부 무보증 사모 전환사채,13000000000,0,0,2023-12-27,2921,100,2019-12-27,2023-12-19,,,2018-12-27,2018-12-27,private
099440,"SMEC CO.,LTD",(주) 스맥,20160329000965,CB,2016-03-29,무기명식 이권부 무보증 전환사채,20000000000,0,0,2021-03-30,4088,100,2017-03-30,2021-03-23,,,2016-03-30,2016-03-30,private
099440,"SMEC CO.,LTD",(주) 스맥,20211026000238,CB,2021-10-26,무기명식 이권부 무보증 사모 전환사채,10000000000,0,0,2024-10-28,1788,100,2022-10-28,2024-09-28,1252,,2021-10-28,2021-10-28,private
095910,"S-EnergyCO.,LTD.",(주)에스에너지,20150623000231,CB,2015-06-23,무기명식 이권부 무보증 사모 전환사채,20000000000,0,2.5,2019-06-25,10000,100,2016-06-25,2019-05-25,,,,2015-06-25,private
095910,"S-EnergyCO.,LTD.",(주)에스에너지,20190625000258,CB,2019-06-24,무기명식 이권부 무보증 사모 전환사채,8000000000,0,0,2024-06-26,4790,100,2020-06-26,2024-05-26,,,2019-06-26,2019-06-26,private
095910,"S-EnergyCO.,LTD.",(주)에스에너지,20170626000324,CB,2017-06-26,무기명식 이권부 무보증 사모 전환사채,10000000000,0,0,2022-06-28,9370,100,2018-06-28,2022-05-28,,,,2017-06-28,private
095910,"S-EnergyCO.,LTD.",(주)에스에너지,20230913000425,BW,2023-09-13,무기명식 이권부 무보증 사모 비분리형 신주인수권부사채,7000000000,1,2,2028-09-15,2051,100,2024-09-15,2028-08-15,1436,,2023-09-15,2023-09-15,private
094860,"NEORIGIN Co., Ltd.",(주)네오리진,20210513000768,CB,2021-05-11,무기명식 이권부 무보증 사모 전환사채,5000000000,4,7,2024-05-13,2052,100,2022-05-13,2024-04-13,1437,,2021-05-13,2021-05-13,private
094860,"NEORIGIN Co., Ltd.",(주)네오리진,20220330001387,CB,2022-03-30,무기명식 이권부 무보증 사모 전환사채,600000000,0,0,2027-04-01,930,100,2023-04-01,2027-03-01,651,,2022-04-01,2022-04-01,private
094860,"NEORIGIN Co., Ltd.",(주)네오리진,20221114002282,CB,2022-11-14,무기명식 이권부 무보증 사모 전환사채,3700000000,4,8,2025-11-16,679,100,2023-11-16,2025-10-16,476,,2022-11-16,2022-11-16,private
094860,"NEORIGIN Co., Ltd.",(주)네오리진,20230419000449,CB,2023-04-19,무기명식 이권부 무보증 사모 전환사채,6000000000,4,10,2026-05-04,530,100,2024-05-04,2026-04-04,371,,2023-03-16,2023-05-04,private
246690,T.S.Investment Corporation,주식회사 티에스인베스트먼트,20190424000264,CB,2019-04-24,무기명식 이권부 무보증 사모 전환사채,3000000000,0,2,2024-04-29,2640,100,2020-04-29,2024-03-29,,,2019-04-26,2019-04-29,private
246690,T.S.Investment Corporation,주식회사 티에스인베스트먼트,20170814000588,CB,2017-06-05,무기명식 이권부 무보증 사모 전환사채,12000000000,0,2,2022-06-08,4130,100,2017-06-08,2022-05-08,,,2017-06-08,2017-06-08,private
246690,T.S.Investment Corporation,주식회사 티에스인베스트먼트,20210625000428,CB,2021-06-25,무기명식 이권부 무보증 사모 전환사채,20000000000,0,0,2026-06-29,4100,100,2022-06-29,2026-05-29,2870,,2021-06-29,2021-06-29,private
246690,T.S.Investment Corporation,주식회사 티에스인베스트먼트,20250321000681,CB,2025-03-21,무기명식 이권부 무보증 사모 전환사채,14000000000,0,1,2030-03-25,1305,100,2026-03-25,2030-02-25,914,,2025-03-25,2025-03-25,private
189980,"HYUNGKUK F&B Co.,Ltd",(주)흥국에프엔비,20220429001211,CB,2022-04-29,무기명식 이권부 무보증 사모 전환사채,20000000000,0,0,2027-05-06,4513,100,2023-05-06,2027-04-06,3385,,2022-05-03,2022-05-06,private
189980,"HYUNGKUK F&B Co.,Ltd",(주)흥국에프엔비,20250729000174,CB,2025-07-29,무기명식 무보증 사모 전환사채,10000000000,0,0,2030-08-06,1898,100,2026-08-06,2030-07-06,,,2025-07-31,2025-08-06,private
950130,"Access Bio, Inc.",엑세스바이오 인코퍼레이션,20190426000001,CB,2019-04-25,기명식 무이권부 무보증 사모 전환사채,8000000000,0,3,2024-04-26,4200,100,2020-04-26,2024-03-26,,,2019-04-26,2019-04-26,private
950130,"Access Bio, Inc.",엑세스바이오 인코퍼레이션,20161025000002,CB,2016-10-24,기명식 무이권부 무보증 사모 전환사채,12000000000,0,2.5,2021-10-27,6905,100,2017-10-27,2021-09-27,,,2016-10-25,2016-10-27,private
950130,"Access Bio, Inc.",엑세스바이오 인코퍼레이션,20211125000513,CB,2021-11-25,기명식 무이권부 무보증 사모전환사채,30000000000,3,3,2024-12-10,16348,100,2022-12-10,2024-12-09,4905,,2021-11-29,2021-12-10,private
950130,"Access Bio, Inc.",엑세스바이오 인코퍼레이션,20200820000182,CB,2016-03-15,"기명식 이권부 무보증 
사모 전환 사채",9492000000,1,5,2022-03-02,5535,100,2017-03-26,2022-03-01,5535,,,2016-03-26,private
950130,"Access Bio, Inc.",엑세스바이오 인코퍼레이션,20201118000048,CB,2020-11-13,기명식무이권부사모전환사채,11132000000,0,2,2022-11-18,26867,100,2021-11-18,2022-10-17,18807,,2020-11-18,2020-11-18,private
950130,"Access Bio, Inc.",엑세스바이오 인코퍼레이션,20180626000054,EB,2018-06-26,"기명식 무이권부 무보증 사모 
교환사채",4400000000,0,4,2023-06-26,5607,100,2019-06-27,2023-05-25,,"not applicable (EB is exchanged for already-issued shares, not newly issued)",2018-06-26,2018-06-26,private
256940,Keeps Biopharma Inc.,(주)킵스바이오파마,20200413001950,CB,2020-03-30,무기명식 무보증 사모 전환사채,25000000000,0,0,2025-04-13,26159,100,2021-04-13,2025-03-13,,,2020-03-31,2020-04-13,private
256940,Keeps Biopharma Inc.,(주)킵스바이오파마,20200210000632,CB,2020-02-10,무기명식 무보증 사모 전환사채,3000000000,0,0,2023-04-10,16059,100,2021-04-10,2023-03-10,,,2020-02-10,2020-04-10,private
256940,Keeps Biopharma Inc.,(주)킵스바이오파마,20250617000388,CB,2025-06-16,무기명식 무보증 사모 전환사채,23000000000,0,0,2030-06-17,15911,100,2026-06-17,2030-05-17,11138,,2025-06-17,2025-06-17,private
256940,Keeps Biopharma Inc.,(주)킵스바이오파마,20260706000074,CB,2021-08-10,무기명식 무보증 사모 전환사채,32000000000,0,7,2027-08-13,11429,100,2022-08-13,2027-07-13,11429,,2021-08-10,2021-08-13,private
256940,Keeps Biopharma Inc.,(주)킵스바이오파마,20250219001974,EB,2025-02-19,무기명식 무이권부 무보증 사모 교환사채,15000000000,0,4,2030-02-21,17543,100,2025-03-07,2030-01-21,,"not applicable (EB is exchanged for already-issued shares, not newly issued)",2025-02-21,2025-02-21,private
205470,"HUMASIS CO., LTD.",휴마시스(주),20180822000238,CB,2018-08-22,무기명식 무보증 사모 전환사채,8500000000,,,2023-08-24,1936,100,2019-08-24,2023-07-24,,,2018-08-24,2018-08-24,private
097800,WINPAC INC.,(주)윈팩,20190403002170,CB,2019-04-03,무기명식 이권부 무보증 사모 전환사채,6000000000,1,2,2022-04-05,1346,100,2020-04-05,2022-03-05,,,2019-04-05,2019-04-05,private
097800,WINPAC INC.,(주)윈팩,20160218000315,CB,2016-02-04,무기명식 이권부 무보증 사모 전환사채,13000000000,1,4,2020-08-18,6570,100,2017-02-18,2020-07-18,,,2016-02-11,2016-02-18,private
097800,WINPAC INC.,(주)윈팩,20170814001549,CB,2017-08-14,무기명식 이권부 무보증 사모 전환사채,4500000000,4.6,4.6,2021-08-17,2235,100,2018-08-17,2021-07-17,,,2017-08-17,2017-08-17,private
097800,WINPAC INC.,(주)윈팩,20210609000276,CB,2021-06-09,무기명식 이권부 무보증 사모 전환사채,5000000000,0,0,2024-06-11,2326,100,2022-06-11,2024-05-11,1629,,2021-06-11,2021-06-11,private
097800,WINPAC INC.,(주)윈팩,20230731000243,CB,2023-07-31,무기명식 이권부 무보증 사모 전환사채,12000000000,0,2,2028-08-02,1743,100,2024-08-02,2028-07-02,1221,,2023-08-02,2023-08-02,private
097800,WINPAC INC.,(주)윈팩,20230731000244,BW,2023-07-31,무기명식 이권부 무보증 사모 신주인수권부사채,4000000000,0,2,2028-08-02,1743,100,2024-08-02,2028-07-02,1221,,2023-08-02,2023-08-02,private
237880,"CLIO Cosmetics Co., Ltd",(주)클리오,20190225001668,CB,2019-02-25,무기명식 이권부 무보증 사모 전환사채,20000000000,0,0,2024-02-28,16466,100,2020-02-28,2024-01-28,,,2019-02-27,2019-02-28,private
237880,"CLIO Cosmetics Co., Ltd",(주)클리오,20260105000414,EB,2025-12-29,무기명식 무보증 사모 교환사채,8422922380,0,0,2031-01-06,15406,100,2026-01-13,2030-12-27,,"not applicable (EB is exchanged for already-issued shares, not newly issued)",2026-01-06,2026-01-06,private
030720,"DONGWON FISHERIES CO.,LTD",동원수산(주),20160513004422,CB,2016-04-12,무기명식 이권부 무보증 사모 전환사채,5000000000,5,5,2019-04-14,10440,100,2017-04-14,2019-03-14,,,2016-04-14,2016-04-14,private
424980,"MICRO2NANO, INC.",(주)마이크로투나노,20240611000545,CB,2024-06-11,무기명식 무이권부 무보증 사모 전환사채,10000000000,0,0,2029-06-13,14385,100,2025-06-13,2029-05-13,,,2024-06-13,2024-06-13,private
383930,"DT&CRO CO., Ltd.",주식회사 디티앤씨알오,20240221000342,CB,2024-02-20,무기명식 무이권부 무보증 사모 전환사채,16000000000,0,0,2029-02-22,10491,100,2025-02-22,2029-01-22,7344,,2024-02-22,2024-02-22,private
383930,"DT&CRO CO., Ltd.",주식회사 디티앤씨알오,20260226003200,CB,2026-02-04,무보증 사모 전환사채,14000000000,2,5,2031-02-20,2473,100,2027-02-21,2031-02-12,1978,,2026-02-20,2026-02-20,private
383930,"DT&CRO CO., Ltd.",주식회사 디티앤씨알오,20260226003117,BW,2026-02-04,무보증 비분리형 사모 신주인수권부사채,6000000000,2,8,2031-02-20,2473,100,2027-02-21,2031-02-12,1978,,2026-02-20,2026-02-20,private
064290,"INTEKPLUS CO., LTD",(주)인텍플러스,20231130001655,CB,2023-11-30,무기명식 무이권부 무보증 사모 전환사채,20000000000,0,0,2028-12-05,40798,100,2024-12-05,2028-11-05,36719,,2023-12-04,2023-12-05,private
064290,"INTEKPLUS CO., LTD",(주)인텍플러스,20251117000132,EB,2025-11-17,무기명식 이권부 무보증 사모 교환사채,10619472000,0,0,2030-11-25,16047,100,2025-12-09,2030-11-11,,"not applicable (EB is exchanged for already-issued shares, not newly issued)",2025-11-25,2025-11-25,private
217910,"SJ-CHEM Co., Ltd.",주식회사 에스제이켐,20241126000766,CB,2024-11-25,무기명식 이권부 무보증 사모 전환사채,1000000000,0,4,2029-12-03,500,100,2025-12-04,2029-11-04,350,,2024-11-26,2024-12-04,private
217330,"Cytogen, Inc.",(주)싸이토젠,20210517001923,CB,2021-05-17,무기명식 무보증 사모 전환사채,30000000000,0,0,2024-05-20,65599,100,2022-05-20,2024-04-20,45920,,2021-05-20,2021-05-20,private
217330,"Cytogen, Inc.",(주)싸이토젠,20200904000379,CB,2020-09-04,무기명식 이권부 무보증 전환사채,10000000000,0,0,2025-09-25,20200,100,2021-09-25,2025-08-25,15150,,2020-09-04,2020-09-25,private
217330,"Cytogen, Inc.",(주)싸이토젠,20240110000572,CB,2023-12-20,무기명식무보증사모전환사채,15500000000,0,0,2028-12-28,13095,100,2024-12-28,2028-11-28,9167,,2023-12-20,2023-12-28,private
217330,"Cytogen, Inc.",(주)싸이토젠,20260423000730,CB,2024-03-18,무기명식 이권부 무보증 사모 전환사채,9800000000,0,0,2029-03-20,15271,100,2025-03-20,2029-02-20,10690,,2024-03-20,2024-03-20,private
217330,"Cytogen, Inc.",(주)싸이토젠,20260518000364,CB,2026-05-18,무기명식 무보증 사모 전환사채,5200000000,0,0,2031-05-26,5445,100,2027-05-26,2031-04-26,3812,,2026-05-26,2026-05-26,private
219550,"DYD Co.,LTD.",(주)디와이디,20190809000371,CB,2019-08-09,"무기명식 이권부 무보증 
사모 전환사채",3000000000,2,7,2022-08-09,789,100,2020-08-09,2022-07-09,,,2019-08-09,2019-08-09,private
219550,"DYD Co.,LTD.",(주)디와이디,20191028000343,CB,2019-10-25,"무기명식 이권부 무보증 
사모 전환사채",10000000000,2,7,2022-10-25,730,100,2020-10-25,2022-09-25,,,2019-10-25,2019-10-25,private
219550,"DYD Co.,LTD.",(주)디와이디,20190508000612,CB,2019-05-08,무기명식 이권부 무보증 사모 전환사채,,0,2,2022-05-08,2640,100,2020-05-08,2022-04-08,,,2018-09-17,2019-05-08,private
219550,"DYD Co.,LTD.",(주)디와이디,20210609000423,CB,2021-04-27,무기명식 이권부 무보증 사모 전환사채,40000000000,5.5,5.5,2026-04-28,972,100,2022-04-29,2026-03-28,100,,2021-04-27,2021-04-28,private
219550,"DYD Co.,LTD.",(주)디와이디,20230215001581,CB,2023-02-15,무기명식 이권부 무보증 사모 전환사채,10000000000,6.5,8,2026-02-24,1971,100,2024-02-24,2026-01-24,500,,2023-02-15,2023-02-24,private
219550,"DYD Co.,LTD.",(주)디와이디,20231106000352,CB,2023-02-08,무기명식 이권부 무보증 사모 전환사채,10000000000,5,10,2026-02-14,1737,100,2024-02-14,2026-01-14,500,,2023-02-10,2023-02-14,private
219550,"DYD Co.,LTD.",(주)디와이디,20240531002983,CB,2024-05-30,무기명식 이권부 무보증 사모 전환사채,5000000000,6,6,2027-05-31,794,100,2025-05-31,2027-04-30,500,,2024-05-31,2024-05-31,private
219550,"DYD Co.,LTD.",(주)디와이디,20190809000379,BW,2019-06-10,"무기명식 이권부 무보증 비분리형
사모 신주인수권부사채",5100000000,1,3,2022-06-10,1325,100,2020-06-10,2022-05-10,,,2019-06-10,2019-06-10,private
219550,"DYD Co.,LTD.",(주)디와이디,20190508000614,BW,2019-05-08,"무기명식 이권부 무보증 비분리형
사모 신주인수권부사채",,0,2,2022-05-08,2640,100,2020-05-08,2022-04-08,,,2018-09-17,2019-05-08,private
219550,"DYD Co.,LTD.",(주)디와이디,20240820000367,BW,2023-11-29,무기명식 이권부 무보증 공모 분리형 신주인수권부사채,25000000000,3,5,2027-02-22,676,100,2024-05-22,2027-01-22,500,,2024-02-19,2024-02-22,public
377450,"REFINE Co., Ltd.",주식회사 리파인,20250409002021,EB,2025-04-09,무기명식 이권부 무보증 사모 교환사채,35462707677,6,6,2030-04-18,14709,100,2025-05-18,2030-03-18,,"not applicable (EB is exchanged for already-issued shares, not newly issued)",,2025-04-18,private
216080,"JETEMA Co.,Ltd.",(주)제테마,20210702000084,CB,2021-07-01,무기명 무보증 사모 전환사채,70000000000,0,0,2024-07-07,37966,100,2022-07-07,2024-06-07,26577,,2021-07-05,2021-07-07,private
216080,"JETEMA Co.,Ltd.",(주)제테마,20230704000387,CB,2023-07-04,무기명식 이권부 무보증 사모 전환사채,56000000000,0,2,2026-07-06,20210,100,2024-07-06,2026-06-06,14147,,2023-07-06,2023-07-06,private
216080,"JETEMA Co.,Ltd.",(주)제테마,20250625000490,CB,2025-06-25,무기명식 이권부 무보증 무담보 사모 전환사채,12000000000,0,5,2028-06-27,6447,100,2026-06-27,2028-05-27,,,2025-06-27,2025-06-27,private
216080,"JETEMA Co.,Ltd.",(주)제테마,20260619000502,CB,2026-06-19,무기명식 이권부 무보증 사모 전환사채,23000000000,0,0,2031-06-29,5451,100,2027-06-29,2031-05-29,,,2026-06-29,2026-06-29,private
352480,"C&C International Co.,Ltd.",(주)씨앤씨인터내셔널,20240216001266,CB,2023-11-20,무기명식 무보증 사모 전환사채,30000000000,0,3,2028-11-22,53500,100,2024-11-22,2028-10-22,,,2023-11-20,2023-11-22,private
304360,"S.Biomedics Co., Ltd.",주식회사 에스바이오메딕스,20241113000690,CB,2024-11-07,무기명식 이권부 무보증 사모 전환사채,10800000000,0,1.5,2029-11-13,32950,100,2025-11-13,2029-10-13,23065,,2024-11-11,2024-11-13,private
304360,"S.Biomedics Co., Ltd.",주식회사 에스바이오메딕스,20241113000720,CB,2024-11-13,무기명식 이권부 무보증 사모 전환사채,1000000000,0,1.5,2029-11-14,33747,100,2025-11-14,2029-10-14,23623,,2024-11-13,2024-11-14,private
304360,"S.Biomedics Co., Ltd.",주식회사 에스바이오메딕스,20260414002171,CB,2026-04-14,무기명식 이권부 무보증 사모 전환사채,22200000000,0,0,2031-04-22,28266,100,2027-04-22,2031-03-22,,,2026-04-15,2026-04-22,private
277810,Rainbow Robotics,(주)레인보우로보틱스,20211104000291,CB,2021-11-04,무기명식 무보증 사모 전환사채,18000000000,0,0,2026-11-12,19537,100,2022-11-12,2026-10-12,,,2021-11-08,2021-11-12,private
453450,"Gridwiz Co.,Ltd",(주)그리드위즈,20260824000168,CB,2026-08-24,무기명식 무이권부 무보증 사모 전환사채,10000000000,0,0,2031-09-01,14116,100,2027-09-01,2031-08-01,,,2026-09-01,2026-09-01,private
453450,"Gridwiz Co.,Ltd",(주)그리드위즈,20260824000164,CB,2026-08-24,무기명식 무이권부 무보증 사모 전환사채,15000000000,0,0,2031-09-01,14116,100,2027-09-01,2031-08-01,,,2026-09-01,2026-09-01,private
331380,"FOCUS AI Co., Ltd.",(주)포커스에이아이,20240710000401,CB,2024-07-09,무기명식 이권부 무보증 사모 전환사채,3000000000,2,4,2027-09-06,2260,100,2025-09-06,2027-08-06,,,2024-07-09,2024-09-06,private
331380,"FOCUS AI Co., Ltd.",(주)포커스에이아이,20241121000383,CB,2024-07-09,무기명식 이권부 무보증 사모 전환사채,12000000000,2,4,2027-08-30,2260,100,2025-08-30,2027-07-30,,,2024-07-09,2024-08-30,private
331380,"FOCUS AI Co., Ltd.",(주)포커스에이아이,20250325001077,BW,,"무기명식 이권부 무보증

사모 비분리형 신주인수권부사채",,,,,,,,,,,,,private
377480,"MAUM.AI, INC.",(주)마음에이아이,20230315000208,CB,2023-03-14,무기명식 이권부 무보증 사모 전환사채,15000000000,0,1,2028-03-16,25143,100,2024-03-16,2028-02-16,17601,,2023-03-16,2023-03-16,private
377480,"MAUM.AI, INC.",(주)마음에이아이,20250625000504,CB,2025-06-25,무기명식 이권부 무보증 사모 전환사채,8000000000,0,2,2030-06-27,25135,100,2026-06-27,2030-05-27,17595,,2025-06-27,2025-06-27,private
082660,"Cosnine Co., Ltd",(주)코스나인,20150813000696,CB,2015-08-13,무기명식 무보증 사모 전환사채,10000000000,1,3,2020-08-13,2772,100,2016-08-13,2020-07-13,,,2015-08-13,2015-08-13,private
082660,"Cosnine Co., Ltd",(주)코스나인,20190610000196,CB,2019-05-02,"무기명식 이권부 무보증
사모 전환사채",3000000000,3,5,2022-06-10,617,100,2020-06-10,2022-05-10,,,2019-06-10,2019-06-10,private
082660,"Cosnine Co., Ltd",(주)코스나인,20181207000151,CB,2018-09-13,"무기명식 이권부 무보증
사모 전환사채",1000100000,0,4,2021-12-07,985,100,2019-12-07,2021-11-07,,,2018-12-07,2018-12-07,private
082660,"Cosnine Co., Ltd",(주)코스나인,20180629000909,CB,2018-06-25,"무기명식 이권부 무보증
사모 전환사채",5000000000,0,1,2021-07-03,1149,100,2019-07-03,2021-06-03,,,2018-07-03,2018-07-03,private
082660,"Cosnine Co., Ltd",(주)코스나인,20190828000701,CB,2019-06-11,"무기명식 이권부 무보증
사모 전환사채",2000000000,3,5,2022-08-28,2583,100,2020-08-28,2022-07-28,,,2019-08-28,2019-08-28,private
082660,"Cosnine Co., Ltd",(주)코스나인,20190313001049,CB,2019-03-13,"무기명식 이권부 무보증
사모 전환사채",1030000000,0,4,2022-03-13,689,100,2020-03-13,2022-02-13,,,2019-03-13,2019-03-13,private
082660,"Cosnine Co., Ltd",(주)코스나인,20190320000540,CB,2018-10-08,"무기명식 이권부 무보증
사모 전환사채",3000000000,5,8,2022-03-20,728,100,2020-03-20,2022-02-20,,,2019-03-20,2019-03-20,private
082660,"Cosnine Co., Ltd",(주)코스나인,20180913000494,CB,2018-09-13,"무기명식 이권부 무보증
사모 전환사채",4000000000,0,3,2021-09-18,1146,100,2019-09-18,2021-08-18,,,2018-09-13,2018-09-18,private
082660,"Cosnine Co., Ltd",(주)코스나인,20161220000213,CB,2016-12-20,무기명식 이권부 무보증 사모 전환사채,6000000000,0,2,2020-12-22,2139,100,2017-12-22,2020-11-22,,,2016-12-22,2016-12-22,private
082660,"Cosnine Co., Ltd",(주)코스나인,20200814001327,CB,2020-08-14,"무기명식
무보증 사모
전환사채",2000000000,5,7,2023-08-18,1254,100,2021-08-18,2023-07-18,500,,2020-08-14,2020-08-18,private
082660,"Cosnine Co., Ltd",(주)코스나인,20211013000147,CB,2021-10-12,"무기명식 이권부 무보증
사모 전환사채",15000000000,1,5,2024-10-20,1413,100,2022-10-20,2024-09-20,500,,2021-10-12,2021-10-20,private
082660,"Cosnine Co., Ltd",(주)코스나인,20201130001440,CB,2020-11-03,"무기명식 이권부 무보증
사모 전환사채",4000000000,0,4,2023-11-30,1524,100,2021-12-03,2023-11-03,500,,2020-11-30,2020-12-03,private
082660,"Cosnine Co., Ltd",(주)코스나인,20200311000380,CB,2020-02-19,무기명식 담보부 사모 전환사채,20000000000,2,5,2023-03-12,2201,100,2021-03-12,2023-02-12,,,2020-03-11,2020-03-12,private
082660,"Cosnine Co., Ltd",(주)코스나인,20200713000222,CB,2020-07-09,"무기명식
무보증 사모
전환사채",2000000000,4,4,2023-07-10,1296,100,2021-07-10,2023-06-10,500,,2020-07-09,2020-07-10,private
082660,"Cosnine Co., Ltd",(주)코스나인,20230517000274,CB,2023-04-14,무기명식 이권부 무보증 사모 전환사채,14000000000,3,9,2026-05-19,1022,100,2024-05-19,2026-04-19,500,,2023-05-17,2023-05-19,private
082660,"Cosnine Co., Ltd",(주)코스나인,20230728000552,CB,2023-07-19,무기명식 이권부 무보증 사모 전환사채,4000000000,3,9,2026-07-31,1023,100,2024-07-31,2026-06-30,500,,2023-07-19,2023-07-31,private
007370,"JIN YANG PHARMACEUTICAL. CO., LTD",진양제약(주),20211124000162,CB,2021-11-24,무기명식 무보증 사모 전환사채,16000000000,0,0,2026-11-26,6668,100,2022-11-26,2026-10-26,4668,,2021-11-26,2021-11-26,private
234100,"Sewon Co.,Ltd",(주)폴라리스세원,20180424000381,CB,2018-04-23,무기명식 사모 전환사채,10000000000,3,3,2023-06-05,15185,100,2019-06-05,2023-05-05,,,2018-04-23,2018-06-05,private
234100,"Sewon Co.,Ltd",(주)폴라리스세원,20181127000170,CB,2018-11-27,무기명식 사모 전환사채,5000000000,3,3,2021-11-27,2106,100,2019-11-27,2021-10-26,,,2018-11-09,2018-11-27,private
234100,"Sewon Co.,Ltd",(주)폴라리스세원,20180605000427,CB,2018-04-23,무기명식 사모 전환사채,5000000000,,,2023-06-14,15185,100,2019-06-14,2023-05-14,,,2018-04-23,2018-06-14,private
234100,"Sewon Co.,Ltd",(주)폴라리스세원,20210512000745,CB,2021-05-12,무기명식 이권부 무보증 사모 전환사채,20000000000,0,0,2026-05-14,5697,100,2022-05-14,2026-04-14,100,,2021-05-14,2021-05-14,private
101000,"KS Industry Co., Ltd.",(주)케이에스인더스트리,20181224000370,CB,2016-11-04,무기명식 이권부 무보증 사모 전환사채,8000000000,1,5,2020-03-27,2595,100,2018-03-27,2020-02-27,,,,2017-03-27,private
101000,"KS Industry Co., Ltd.",(주)케이에스인더스트리,20181224000376,CB,2017-03-24,무기명식 이권부 무보증 사모 전환사채,4000000000,1,5,2020-03-24,2595,100,2018-03-24,2020-02-24,,,,2017-03-24,private
101000,"KS Industry Co., Ltd.",(주)케이에스인더스트리,20181224000378,CB,2017-07-18,무기명식 이권부 무보증 사모 전환사채,5000000000,1,5,2020-07-18,3915,100,2018-07-18,2020-06-18,,,,2017-07-18,private
101000,"KS Industry Co., Ltd.",(주)케이에스인더스트리,20181224000383,CB,2017-12-15,무기명식 이권부 무보증 사모 전환사채,2000000000,1,5,2020-12-15,3171,100,2018-12-15,2020-11-15,,,2017-12-15,2017-12-15,private
101000,"KS Industry Co., Ltd.",(주)케이에스인더스트리,20181224000394,CB,2018-03-08,무기명식 이권부 무보증 사모 전환사채,9300000000,0,5,2021-03-08,3013,100,2019-03-08,2021-02-08,,,2018-03-08,2018-03-08,private
101000,"KS Industry Co., Ltd.",(주)케이에스인더스트리,20181231000070,CB,2018-12-21,무기명식 무보증 사모 전환사채,14300000000,1,1,2023-12-27,500,100,2019-12-27,2023-11-27,,,,2018-12-27,private
101000,"KS Industry Co., Ltd.",(주)케이에스인더스트리,20180404002773,CB,2018-04-04,무기명식 이권부 무보증 사모 전환사채,9000000000,0,4,2021-04-04,1967,100,2019-04-04,2021-03-04,,,2018-04-04,2018-04-04,private
101000,"KS Industry Co., Ltd.",(주)케이에스인더스트리,20161207000399,CB,2016-12-07,무기명식 이권부 무보증 사모 전환사채,7500000000,0,4,2019-12-08,2580,100,2017-12-08,2019-11-08,,,2016-12-07,2016-12-08,private
101000,"KS Industry Co., Ltd.",(주)케이에스인더스트리,20170106000628,CB,2017-01-06,무기명식 이권부 무보증 사모 전환사채,4000000000,0,4,2020-01-09,2355,100,2018-01-09,2019-12-09,,,2017-01-06,2017-01-09,private
101000,"KS Industry Co., Ltd.",(주)케이에스인더스트리,20220401002445,CB,2022-04-01,무기명식 이권부 무보증 사모 전환사채,5000000000,2,3,2025-04-04,1002,100,2023-04-04,2025-03-04,702,,2022-04-04,2022-04-04,private
101000,"KS Industry Co., Ltd.",(주)케이에스인더스트리,20220401002464,CB,2022-04-01,무기명식 이권부 무보증 사모 전환사채,6000000000,0,3,2025-04-05,1002,100,2023-04-05,2025-03-05,702,,2022-04-05,2022-04-05,private
101000,"KS Industry Co., Ltd.",(주)케이에스인더스트리,20230407002804,CB,2023-04-07,무기명식 이권부 무보증 사모 전환사채,3900000000,2,4,2026-04-07,1328,100,2024-04-07,2026-03-07,924,,2023-04-07,2023-04-07,private
101000,"KS Industry Co., Ltd.",(주)케이에스인더스트리,20230403004578,CB,2023-04-03,무기명식 이권부 무보증 사모 전환사채,6000000000,0,4,2026-04-07,1320,100,2024-04-07,2026-03-07,924,,2023-04-03,2023-04-07,private
101000,"KS Industry Co., Ltd.",(주)케이에스인더스트리,20240708000440,CB,2024-07-08,무기명식 이권부 무보증 사모 전환사채,2000000000,0,2,2029-07-11,2776,100,2026-07-11,2029-06-11,,,2024-07-08,2024-07-11,private
101000,"KS Industry Co., Ltd.",(주)케이에스인더스트리,20241128001433,CB,2024-03-12,무기명식 이권부 무보증 사모 전환사채,6100000000,0,1.67,2027-11-27,2126,100,2025-11-27,2027-10-26,,,2024-11-27,2024-11-27,private
101000,"KS Industry Co., Ltd.",(주)케이에스인더스트리,20250227002578,CB,2025-02-21,무기명식 이권부 무보증 사모 전환사채,1000000000,4.75,6.75,2028-02-27,2146,100,2026-02-27,2028-01-26,,,2025-02-25,2025-02-27,private
101000,"KS Industry Co., Ltd.",(주)케이에스인더스트리,20260331004814,CB,2025-09-04,무기명식 이권부 무보증 사모 전환사채,10100000000,2,2,2031-03-24,1105,100,2027-03-24,2031-02-23,774,,2026-03-16,2026-03-24,private
340360,DAVOLINK Inc.,주식회사 다보링크,20250325000750,CB,2024-09-25,무기명식 이권부 무보증 사모 전환사채,1998945000,,,2027-09-25,2177,100,2025-09-25,2027-08-25,1523,,2024-09-20,2024-09-25,private
340360,DAVOLINK Inc.,주식회사 다보링크,20240618000385,CB,,,,,,,,,,,,,,,private
340360,DAVOLINK Inc.,주식회사 다보링크,20260116000193,CB,2024-09-20,무기명식 이권부 무보증 사모 전환사채,15895587000,,,2028-03-26,1694,100,2026-03-26,2028-02-26,1185,,2025-03-13,2025-03-26,private
340360,DAVOLINK Inc.,주식회사 다보링크,20260831001519,CB,2026-07-16,무기명식 이권부 무보증 사모 전환사채,3000000000,0,2,2029-09-15,890,100,2027-09-15,2029-08-15,623,,,2026-09-15,private
382900,"Bumhan Fuel Cell Co.,Ltd.",범한퓨얼셀 주식회사,20241108000506,CB,2024-11-08,무기명식 이권부 무보증 사모 전환사채,13000000000,0,2,2026-11-12,14098,100,2025-11-12,2026-10-12,,,2024-11-12,2024-11-12,private
382900,"Bumhan Fuel Cell Co.,Ltd.",범한퓨얼셀 주식회사,20251020000305,CB,2025-10-20,무기명식 이권부 무보증 무담보 사모 전환사채,20000000000,0,3,2028-10-28,29302,100,2026-10-28,2028-09-28,,,2025-10-22,2025-10-28,private
382900,"Bumhan Fuel Cell Co.,Ltd.",범한퓨얼셀 주식회사,20260119000161,EB,2026-01-19,무기명식 무보증 사모 교환사채,7028794500,0,0,2031-01-27,39377,100,2026-02-03,2030-12-27,,"not applicable (EB is exchanged for already-issued shares, not newly issued)",2026-01-21,2026-01-27,private
351320,"Nexa Dynamics Co., Ltd.",(주)넥사다이내믹스,20230519000546,CB,2023-05-17,무기명식 이권부 무보증 사모 전환사채,9000000000,0,3,2028-05-19,4351,100,2024-05-19,2028-05-12,3046,,2023-05-19,2023-05-19,private
351320,"Nexa Dynamics Co., Ltd.",(주)넥사다이내믹스,20250528000532,CB,2025-01-31,기명식 이권부 무보증 사모 전환사채,15100000000,2,7,2028-05-30,2598,100,2026-05-30,2028-04-30,1819,,2025-05-28,2025-05-30,private
351320,"Nexa Dynamics Co., Ltd.",(주)넥사다이내믹스,20260414002065,CB,2026-04-13,무기명식 이권부 무보증 사모 전환사채,8500000000,0,3,2029-04-22,1303,100,2027-04-22,2029-03-22,,,2026-04-13,2026-04-22,private
351320,"Nexa Dynamics Co., Ltd.",(주)넥사다이내믹스,20260417000570,CB,2025-11-04,무기명식 이권부 무보증 사모 전환사채,4500000000,2,5,2029-04-21,1414,100,2027-04-21,2029-03-21,990,,2026-04-13,2026-04-21,private
351320,"Nexa Dynamics Co., Ltd.",(주)넥사다이내믹스,20260617000502,CB,2026-04-13,무기명식 이권부 무보증 사모 전환사채,1500000000,3,5,2029-04-30,1303,100,2027-04-30,2029-03-30,913,,2026-04-13,2026-04-30,private
351320,"Nexa Dynamics Co., Ltd.",(주)넥사다이내믹스,20260617000503,CB,2026-04-13,무기명식 이권부 무보증 사모 전환사채,1510000000,3,5,2029-05-08,1367,100,2027-05-08,2029-04-08,957,,2026-04-30,2026-05-08,private
351320,"Nexa Dynamics Co., Ltd.",(주)넥사다이내믹스,20260824000329,CB,2026-08-24,무기명식 이권부 무보증 사모 전환사채,8000000000,3,5,2029-09-22,1238,100,2027-09-22,2029-08-22,867,,2026-08-24,2026-09-22,private
008290,WonpungMulsan,원풍물산(주),20151117000167,CB,2015-11-17,무기명식 이권부 무보증 사모 전환사채,6500000000,0,1.5,2019-11-19,7788,100,2016-11-19,2019-10-19,,,2015-11-19,2015-11-19,private
008290,WonpungMulsan,원풍물산(주),20180905000389,CB,2018-09-05,무기명식 이권부 무보증 사모 전환사채,9500000000,0,0,2021-09-07,4109,100,2019-09-07,2021-08-07,,,2018-09-07,2018-09-07,private
137950,"JC Chemical Corporation, LTD.",제이씨케미칼(주),20171127000219,CB,2017-11-27,무기명식 이권부 무보증 사모 전환사채,10000000000,0,0,2022-11-29,4667,100,2018-11-29,2022-10-29,,,2017-11-29,2017-11-29,private
034830,"Korea Real Estate Investment & Trust Co., Ltd",(주)한국토지신탁,20260115000400,EB,2026-01-15,무기명식 이권부 무보증 사모 교환사채,20000000000,0,1,2031-01-23,1344,100,2026-01-30,2030-12-23,,"not applicable (EB is exchanged for already-issued shares, not newly issued)",2026-01-23,2026-01-23,private
219750,"BTB Korea Co.,Ltd",(주)한국비티비,20200120000324,CB,2020-01-20,무기명식 이권부 무보증 사모 전환사채,5000000000,0,0,2023-01-22,3770,100,2021-01-22,2022-12-22,,,,2020-01-22,private
219750,"BTB Korea Co.,Ltd",(주)한국비티비,20190201000662,CB,2019-02-01,무기명식 이권부 무보증 사모 전환사채,8000000000,0,1,2023-02-12,7222,100,2020-02-12,2023-02-11,,,2019-02-01,2019-02-12,private
219750,"BTB Korea Co.,Ltd",(주)한국비티비,20160727000669,CB,2016-07-26,기명식 사모전환사채,4100000000,0.5,5,2019-07-27,28500,100,2017-07-27,2019-06-26,,,2016-07-27,2016-07-27,private
219750,"BTB Korea Co.,Ltd",(주)한국비티비,20160729000415,CB,2016-07-28,기명식 사모전환사채,500000000,0.5,5,2019-07-27,28500,100,2017-07-29,2019-06-26,,,2016-07-29,2016-07-29,private
219750,"BTB Korea Co.,Ltd",(주)한국비티비,20210128000136,CB,2020-04-20,무보증 사모 전환사채,6500000000,2,2,2024-01-27,3419,100,2022-01-28,2023-12-27,2394,,2020-04-20,2021-01-28,private
219750,"BTB Korea Co.,Ltd",(주)한국비티비,20200812000427,CB,2020-04-20,무보증 사모 전환사채,5400000000,2,2,2023-06-18,3419,100,2021-06-19,2023-05-18,,,2020-04-20,2020-06-19,private
219750,"BTB Korea Co.,Ltd",(주)한국비티비,20200915000237,CB,2020-04-20,무보증 사모 전환사채,10000000000,2,2,2023-09-14,3419,100,2021-09-15,2023-08-14,2394,,2020-04-20,2020-09-15,private
219750,"BTB Korea Co.,Ltd",(주)한국비티비,20221019000300,CB,,무보증 사모 전환사채,,,,,,,,,,,,,private
405100,Quality Reliability Technology Inc.,큐알티 주식회사,20250915000289,EB,2025-09-15,무기명식 무이권부 무보증 사모 교환사채,10725166442,0,0,2030-09-23,17674,100,2025-09-30,2030-09-16,,"not applicable (EB is exchanged for already-issued shares, not newly issued)",2025-09-23,2025-09-23,private
213420,"DUK SAN NEOLUX CO.,LTD",덕산네오룩스(주),20211124000449,CB,2021-11-24,무기명식 무보증 사모 전환사채,20000000000,0,1,2026-11-30,61200,100,2022-11-30,2026-10-30,42850,,2021-11-26,2021-11-30,private
031820,ITCENCTS,(주)아이티센씨티에스,20260831001414,CB,2026-08-31,무기명식 이권부 무보증 사모 전환사채,5000000000,0,2,2028-09-16,6109,100,2027-09-16,2028-08-16,5000,,2026-08-31,2026-09-16,private
101400,"N CITRON, INC.",엔시트론(주),20150831001280,CB,2015-08-27,"무기명식 이권부 무보증 
사모전환사채",700000000,0,1,2018-08-31,2154,100,2016-08-31,2018-08-16,,,2015-08-31,2015-08-31,private
101400,"N CITRON, INC.",엔시트론(주),20191230000593,CB,2019-12-30,,,,,,,,,,,,,,private
101400,"N CITRON, INC.",엔시트론(주),20160708000542,CB,2016-07-08,"무기명식 이권부 무보증 
사모전환사채",6000000000,1,6,2019-07-08,3702,100,2017-07-08,2019-06-23,,,2016-07-08,2016-07-08,private
101400,"N CITRON, INC.",엔시트론(주),20170911000115,CB,2017-05-22,"무기명식 이권부 무보증 
사모전환사채",5000000000,0,2,2020-09-11,667,100,2018-09-11,2020-08-27,,,2017-05-22,2017-09-11,private
101400,"N CITRON, INC.",엔시트론(주),20170911000277,CB,2017-05-22,"무기명식 이권부 무보증 
사모전환사채",5000000000,0,2,2020-09-11,667,100,2018-09-11,2020-08-27,,,2017-05-22,2017-09-11,private
101400,"N CITRON, INC.",엔시트론(주),20170927000119,CB,2017-05-22,"무기명식 이권부 무보증 
사모전환사채",5000000000,0,2,2020-09-27,667,100,2018-09-27,2020-09-12,,,2017-05-22,2017-09-27,private
101400,"N CITRON, INC.",엔시트론(주),20210903000160,CB,2021-02-04,"무기명식 이권부 
무보증 사모전환사채",1242000000,0,1,2026-02-04,860,100,2022-02-04,2026-01-20,,,2021-02-04,2021-02-04,private
101400,"N CITRON, INC.",엔시트론(주),20210218001077,CB,2021-02-18,"무기명식 이권부
무보증 사모전환사채",13000000000,2,2,2024-02-22,817,100,2022-02-22,2024-01-22,,,2021-02-18,2021-02-22,private
101400,"N CITRON, INC.",엔시트론(주),20210218001142,CB,2021-02-18,"무기명식 이권부
무보증 사모전환사채",2000000000,2,2,2024-02-22,817,100,2022-02-22,2024-01-22,,,2021-02-18,2021-02-22,private
101400,"N CITRON, INC.",엔시트론(주),20220121000412,CB,2021-11-23,"무기명식 이권부 
무보증 사모전환사채",12000000000,3,3,2025-01-28,1348,100,2023-01-28,2025-01-14,500,,2021-11-23,2022-01-28,private
101400,"N CITRON, INC.",엔시트론(주),20200317000673,CB,2020-03-17,무기명식 이권부 무보증 사모전환사채,9600000000,0,4,2023-03-17,370,100,2021-03-17,2023-02-17,,,2020-03-17,2020-03-17,private
101400,"N CITRON, INC.",엔시트론(주),20240426000940,CB,2024-04-26,무기명식 이권부 무보증 사모전환사채,2000000000,0,0,2029-05-07,535,100,2025-05-07,2029-04-24,500,,2024-04-30,2024-05-07,private
010580,"SM BEXEL CO.,LTD",(주)에스엠벡셀,20151105000119,CB,2015-11-05,무기명식 이권부 무보증 사모 전환사채,2000000000,0,4,2018-11-05,965,100,2016-11-05,2018-10-05,,,2015-11-05,2015-11-05,private
010580,"SM BEXEL CO.,LTD",(주)에스엠벡셀,20170124000213,CB,2016-11-30,무기명식 이권부 무보증 사모 전환사채,8000000000,6,6,2020-01-24,987,100,2018-01-24,2019-12-24,,,2016-11-30,2017-01-24,private
010580,"SM BEXEL CO.,LTD",(주)에스엠벡셀,20200615000018,CB,,사모 담보부 전환사채,20000000000,4,4,2023-07-31,500,100,2021-07-31,2023-06-30,,,2020-03-26,,private
232140,YC Corporation,(주)와이씨,20180305000517,CB,2018-03-05,무기명식 이권부 무보증 사모 전환사채,43000000000,0,1,2023-03-07,5787,100,2019-03-07,2023-02-07,,,2018-03-07,2018-03-07,private
232830,"ITCENPNS CO.,LTD.",(주)아이티센피엔에스,20241105000201,CB,2024-10-22,무기명식 이권부 무보증 사모 전환사채,10000000000,0,2,2026-10-29,2072,100,2025-10-29,2026-09-28,,,2024-10-22,2024-10-29,private
232830,"ITCENPNS CO.,LTD.",(주)아이티센피엔에스,20260424000592,CB,2026-04-22,무기명식 이권부 무보증 사모 전환사채,10000000000,0,3.5,2031-05-04,3966,100,2027-05-04,2031-04-04,2777,,2026-04-24,2026-05-04,private
327260,"RF Materials Co., Ltd.",알에프머트리얼즈(주),20200629000233,CB,2020-06-29,무기명식 이권부 무보증 사모 전환사채,6000000000,0,0,2024-01-01,19660,100,2021-07-01,2023-12-01,,,2020-07-01,2020-07-01,private
327260,"RF Materials Co., Ltd.",알에프머트리얼즈(주),20200928000358,CB,2020-09-28,무기명식 이권부 무보증 사모 전환사채,5000000000,0,0,2024-04-05,20000,100,2021-10-05,2024-03-05,,,2020-10-05,2020-10-05,private
327260,"RF Materials Co., Ltd.",알에프머트리얼즈(주),20220615000269,CB,2022-06-15,무기명식 이권부 무보증 사모 전환사채,10000000000,0,0,2025-06-17,12463,100,2023-06-17,2025-05-17,,,2022-06-17,2022-06-17,private
206950,VOLVIK INC.,(주)볼빅,20190724000338,CB,2019-07-17,무기명식 무보증 무담보 사모 전환사채,6500000000,0,4,2024-07-19,10000,100,2020-07-19,2024-06-19,,,2019-07-19,2019-07-19,private
206950,VOLVIK INC.,(주)볼빅,20230614000481,CB,2023-06-14,기명식 무보증 사모 전환사채,8000000000,0,10,2028-06-15,3205,100,2025-06-15,2028-05-14,,,2023-06-15,2023-06-15,private
206950,VOLVIK INC.,(주)볼빅,20230628000529,CB,2023-06-28,기명식 무보증 사모 전환사채,3000000000,0,10,2028-07-05,3205,100,2025-07-05,2028-06-04,,,2023-07-05,2023-07-05,private
206950,VOLVIK INC.,(주)볼빅,20251212000540,CB,2025-12-12,기명식 무보증 사모 전환사채,3000000000,0,6,2030-12-22,3205,100,2026-12-22,2030-11-22,,,2025-12-12,2025-12-22,private
206950,VOLVIK INC.,(주)볼빅,20170216000070,EB,2017-02-15,국내 무기명식 이권부 무보증 교환사채,3000000000,2,6,2022-02-16,9244,100,2017-09-16,2022-01-16,,"not applicable (EB is exchanged for already-issued shares, not newly issued)",2017-02-15,2017-02-16,private
106240,"FINE TECHNIX CO., LTD",(주)파인테크닉스,20210616000283,CB,2021-06-16,무기명식 이권부 무보증 사모 전환사채,25000000000,0,0,2026-06-18,7220,100,2022-06-18,2026-05-18,5060,,2021-06-18,2021-06-18,private
106240,"FINE TECHNIX CO., LTD",(주)파인테크닉스,20171115000227,CB,2017-11-15,무기명식 이권부 무보증 사모 전환사채,6500000000,0,1.5,2022-11-17,2835,100,2018-11-17,2022-10-17,,,2017-11-17,2017-11-17,private
106240,"FINE TECHNIX CO., LTD",(주)파인테크닉스,20160622000446,CB,2016-06-22,무기명식 이권부 무보증 사모 전환사채,15000000000,0,2,2021-06-24,3090,100,2017-06-24,2021-05-24,,,,2016-06-24,private
106240,"FINE TECHNIX CO., LTD",(주)파인테크닉스,20230502000721,CB,2023-05-02,무기명식 이권부 무보증 사모 전환사채,20000000000,0,3,2028-05-04,2415,100,2024-05-04,2028-04-04,1691,,2023-05-04,2023-05-04,private
106240,"FINE TECHNIX CO., LTD",(주)파인테크닉스,20210616000290,BW,2021-06-16,무기명식 이권부 무보증 사모 비분리형 신주인수권부사채,25000000000,0,0,2026-06-18,7220,100,2022-06-18,2026-05-18,5060,,2021-06-18,2021-06-18,private
106240,"FINE TECHNIX CO., LTD",(주)파인테크닉스,20250710000528,EB,2025-07-10,무기명식 이권부 무보증 사모 교환사채,11600000000,0,0,2028-07-14,7000,100,2025-08-14,2028-06-14,,"not applicable (EB is exchanged for already-issued shares, not newly issued)",2025-07-14,2025-07-14,private
032300,"KOREA PHARMA Co., Ltd.",(주)한국파마,20211022000263,CB,2021-10-22,무기명식 무이권부 무보증 사모 전환사채,50000000000,0,0,2026-10-26,57302,100,2022-10-26,2026-09-26,40112,,2021-10-26,2021-10-26,private
032300,"KOREA PHARMA Co., Ltd.",(주)한국파마,20231124000557,CB,2023-11-24,무기명식 무이권부 무보증 사모 전환사채,23000000000,0,0,2028-11-28,21862,100,2024-11-28,2028-10-28,,,2023-11-28,2023-11-28,private
032300,"KOREA PHARMA Co., Ltd.",(주)한국파마,20260520000243,CB,2026-05-20,무기명식 무보증 사모 전환사채,15000000000,0,0,2031-05-28,10782,100,2027-05-28,2031-04-28,,,2026-05-28,2026-05-28,private
452450,"PIE CO., LTD.",(주)피아이이,20250807000166,CB,2025-08-04,무기명식 무이권부 무보증 사모 전환사채,46000000000,0,0,2030-08-12,8944,100,2026-08-12,2030-07-12,8050,,2025-08-12,2025-08-12,private
034230,"PARADISE.Co.,Ltd.",(주)파라다이스,20210805000158,CB,2021-08-04,무기명식 이권부 무보증 사모 전환사채,200000000000,0,0,2026-08-12,16819,100,2022-08-12,2026-07-12,14297,,2021-08-06,2021-08-12,private
023790,"DONGIL STEELUX CO., LTD.",동일스틸럭스(주),20210108000222,CB,2021-01-08,"무기명식 이권부
무보증 사모 전환사채",7000000000,2,3,2025-01-12,6145,100,2022-01-12,2024-12-12,4302,,,2021-01-12,private
023790,"DONGIL STEELUX CO., LTD.",동일스틸럭스(주),20220323000317,CB,2022-03-23,무기명식 이권부 무보증 사모 전환사채,10000000000,2,3,2027-03-25,3888,100,2023-03-25,2027-02-25,2722,,,2022-03-25,private
023790,"DONGIL STEELUX CO., LTD.",동일스틸럭스(주),20240624000102,CB,2024-06-24,무기명식 이권부 무보증 사모 전환사채,2000000000,0,6,2027-06-26,1037,100,2025-06-26,2027-05-26,726,,2024-06-26,2024-06-26,private
473980,Knowmerce Corp.,(주)노머스,20260724000196,CB,2026-07-24,무기명식 무이권부 무보증 사모 전환사채,40000000000,0,0,2031-08-03,15520,100,2027-08-03,2031-07-03,,,2026-08-03,2026-08-03,private
092600,"NC& Co., Ltd.",(주)앤씨앤,20180824000073,CB,2018-08-24,무기명식 이권부 무보증 사모 전환사채,7000000000,0,0,2023-08-31,8939,100,2019-08-31,2023-07-31,,,2018-08-28,2018-08-31,private
092600,"NC& Co., Ltd.",(주)앤씨앤,20200730000401,CB,2020-07-29,무기명식 이권부 무보증 사모 전환사채,17500000000,0,0,2025-07-31,2911,100,2021-07-31,2025-06-30,2038,,2020-07-31,2020-07-31,private
038070,"SeouLinBioscienceCO.,LTD.",(주)서린바이오사이언스,20211122000250,CB,2021-11-22,무기명식 이권부 무보증 사모 전환사채,30000000000,0,0,2026-11-24,21853,100,2022-11-24,2026-10-24,15298,,2021-11-24,2021-11-24,private
038070,"SeouLinBioscienceCO.,LTD.",(주)서린바이오사이언스,20250611000515,CB,2025-06-11,무기명식 이권부 무보증 사모 전환사채,15000000000,0,1,2030-06-13,8302,100,2026-06-13,2030-05-13,5812,,2025-06-13,2025-06-13,private
038070,"SeouLinBioscienceCO.,LTD.",(주)서린바이오사이언스,20251216000510,EB,2025-12-11,무기명식 이권부 무보증 사모 교환사채,3335220000,0,0,2030-12-19,7941,100,2026-01-02,2030-11-19,,"not applicable (EB is exchanged for already-issued shares, not newly issued)",2025-12-19,2025-12-19,private
023800,"INZI CONTROLS CO.,LTD",인지컨트롤스(주),20200311000282,CB,2020-01-21,무기명식 이권부 무보증 원화사모전환사채,3000000000,0.1,2.07,2023-01-21,5135,100,2021-01-21,2023-01-20,,,2020-01-21,2020-01-21,private
039860,"NanoenTek,Inc.",(주)나노엔텍,20161019000242,CB,2016-10-19,"무기명식 이권부 무보증 
사모 전환사채",10000000000,0,0,2021-10-21,5958,100,2017-10-21,2021-09-21,,,2016-10-21,2016-10-21,private
095270,"WaveElectronicsCo.,Ltd.",(주)웨이브일렉트로닉스,20190117000300,CB,2019-01-17,무기명식 이권부 무보증 사모 전환사채,3000000000,3,6,2022-01-18,22650,100,2020-01-18,2021-12-18,,,2019-01-18,2019-01-18,private
095270,"WaveElectronicsCo.,Ltd.",(주)웨이브일렉트로닉스,20180627000132,CB,2018-06-27,"국내무기명식무보증사모
전환사채",3000000000,0,3,2022-06-29,27250,100,2019-06-29,2022-05-29,,,2018-06-29,2018-06-29,private
095270,"WaveElectronicsCo.,Ltd.",(주)웨이브일렉트로닉스,20200507000669,CB,2020-05-07,무기명식 이권부 무보증 사모 전환사채,8000000000,4,6,2023-05-08,11720,100,2021-05-08,2023-04-08,,,2020-05-08,2020-05-08,private
095270,"WaveElectronicsCo.,Ltd.",(주)웨이브일렉트로닉스,20190418000327,CB,2019-03-26,무기명식 무보증 사모 전환사채,2000000000,3,6,2024-04-22,23100,100,2020-04-22,2024-03-22,,,2019-03-28,2019-04-22,private
095270,"WaveElectronicsCo.,Ltd.",(주)웨이브일렉트로닉스,20160707000331,CB,2016-07-07,무기명식 이권부 무보증 사모 전환사채,5000000000,0,1.5,2020-07-11,34112,100,2017-07-11,2020-06-11,,,2016-07-11,2016-07-11,private
095270,"WaveElectronicsCo.,Ltd.",(주)웨이브일렉트로닉스,20170817000140,CB,2017-08-17,무기명식 이권부 무보증 사모 전환사채,7000000000,0,3,2020-08-22,24099,100,2018-08-22,2020-07-22,,,2017-08-21,2017-08-22,private
095270,"WaveElectronicsCo.,Ltd.",(주)웨이브일렉트로닉스,20190108000394,EB,2019-01-08,무기명식 이권부 무보증 사모 교환사채,4000000000,1,4,2023-01-10,22305,100,2019-02-10,2022-12-10,,"not applicable (EB is exchanged for already-issued shares, not newly issued)",2019-01-10,2019-01-10,private
095270,"WaveElectronicsCo.,Ltd.",(주)웨이브일렉트로닉스,20250910000152,EB,2025-09-10,무기명식 무보증 사모 교환사채,6981393300,0,3,2030-09-18,5829,100,2025-10-18,2030-08-18,,"not applicable (EB is exchanged for already-issued shares, not newly issued)",2025-09-18,2025-09-18,private
095270,"WaveElectronicsCo.,Ltd.",(주)웨이브일렉트로닉스,20180105000518,EB,2018-01-05,무기명식 이권부 무보증 사모 교환사채,5000000000,0,3,2022-01-09,24338,100,2018-01-10,2021-12-09,,"not applicable (EB is exchanged for already-issued shares, not newly issued)",2018-01-09,2018-01-09,private
255220,"SG CO., LTD.",에스지이(주),20200309000730,CB,2020-03-09,무기명식 무보증 사모 전환사채,10500000000,0,1,2025-03-11,1695,100,2021-03-11,2025-02-11,,,2020-03-11,2020-03-11,private
255220,"SG CO., LTD.",에스지이(주),20200701000207,CB,2020-07-01,무기명식 이권부 무보증 사모 전환사채,14000000000,0,1,2025-07-09,2079,100,2021-07-09,2025-06-09,,,2020-07-03,2020-07-09,private
255220,"SG CO., LTD.",에스지이(주),20180723000290,CB,2018-07-20,무기명 이권부 무보증 사모 전환사채,30000000000,0,2,2023-07-23,10426,100,2019-07-23,2023-06-23,,,2018-07-23,2018-07-23,private
255220,"SG CO., LTD.",에스지이(주),20210115000531,CB,2021-01-15,무기명식 무보증 사모 전환사채,16500000000,0,1,2026-01-19,2157,100,2022-01-19,2025-12-19,1510,,2021-01-19,2021-01-19,private
255220,"SG CO., LTD.",에스지이(주),20230116000245,CB,2023-01-16,무기명식 이권부 무보증 사모 전환사채,7000000000,0,3,2028-01-18,1321,100,2024-01-18,2027-12-18,925,,2023-01-18,2023-01-18,private
255220,"SG CO., LTD.",에스지이(주),20240725000317,CB,2024-07-25,무기명식 이권부 무보증 사모 전환사채,25000000000,0,2,2027-07-29,2241,100,2025-07-29,2027-06-29,1569,,2024-07-29,2024-07-29,private
255220,"SG CO., LTD.",에스지이(주),20230330000128,BW,2023-03-10,무기명식 이권부 무보증 공모 신주인수권부사채,15000000000,3,5.5,2026-04-06,1125,100,2023-05-06,2026-03-06,788,,2023-04-03,2023-04-06,public
255220,"SG CO., LTD.",에스지이(주),20251219000504,EB,2025-12-16,무기명식 이권부 무보증 사모 교환사채,16500001000,0,3,2030-12-24,3260,100,2026-01-24,2030-11-24,,"not applicable (EB is exchanged for already-issued shares, not newly issued)",2025-12-24,2025-12-24,private
900070,Global SM Tech Limited,글로벌에스엠테크리미티드,20150521000103,CB,2015-05-21,무기명식 이권부 무보증 사모 전환사채,13000000000,0,3.5,2018-05-22,1706,100,2016-05-22,2018-05-15,,,2015-05-22,2015-05-22,private
360070,"TOP MATERIAL Co., Ltd",주식회사 탑머티리얼,20231025000510,CB,2023-10-25,무기명식 무보증 사모 전환사채,42000000000,0,0,2028-10-31,64488,100,2024-11-01,2028-10-24,45142,,2023-10-27,2023-10-31,private
360070,"TOP MATERIAL Co., Ltd",주식회사 탑머티리얼,20231025000514,CB,2023-10-25,무기명식 무보증 사모 영구 전환사채,18000000000,1,1,2053-10-31,64488,100,2024-11-01,2053-10-27,45142,,2023-10-27,2023-10-31,private
331520,"VALOFE Co.,Ltd.",(주)밸로프,20240829001654,CB,2024-08-29,무기명식 이권부 무보증 사모 전환사채,3000000000,0,0,2029-09-02,833,100,2025-09-02,2029-08-02,,,2024-09-02,2024-09-02,private
001020,PaperCorea Inc.,페이퍼코리아(주),20190215000763,CB,2019-02-15,국내 무기명식 이권부 무보증 사모 전환사채,40000000000,4.6,7,2024-02-19,934,100,2020-02-19,2024-01-19,,,2019-02-19,2019-02-19,private
001020,PaperCorea Inc.,페이퍼코리아(주),20170908000529,CB,2017-09-08,무기명식 이권부 무보증 사모 전환사채,30000000000,4.6,7,2024-09-29,2737,100,2018-09-29,2024-08-29,,,2017-09-12,2017-09-29,private
001020,PaperCorea Inc.,페이퍼코리아(주),20200818000265,CB,2020-08-18,국내 무기명식 이권부 무보증 사모 전환사채,20000000000,3,6.5,2023-08-20,1735,100,2021-08-20,2023-07-20,1215,,2020-08-20,2020-08-20,private
001020,PaperCorea Inc.,페이퍼코리아(주),20230731000101,CB,2023-07-10,무기명식 이권부 무보증 사모 전환사채,102800000000,4.6,4.6,2053-07-17,1148,100,2024-07-18,2053-06-17,,,2023-07-12,2023-07-17,private
001020,PaperCorea Inc.,페이퍼코리아(주),20160113000426,BW,2015-12-17,국내 무기명식 이권부 무보증 신주인수권부사채,30000000000,1,4,2021-01-21,725,100,2016-02-21,2020-12-21,,,2016-01-18,2016-01-21,public
049630,"JAEYOUNG SOLUTEC CO.,LTD.",재영솔루텍(주),20150813001572,CB,2015-08-13,국내 무기명식 이권부 무보증 사모 전환사채,12000000000,3,9,2020-08-27,1648,100,2016-08-27,2020-08-26,,,2015-08-13,2015-08-27,private
049630,"JAEYOUNG SOLUTEC CO.,LTD.",재영솔루텍(주),20170309000838,CB,2017-03-09,국내 무기명식 이권부 무보증 사모 전환사채,6000000000,2.5,5,2022-03-23,2656,100,2018-03-23,2022-03-22,,,2017-03-13,2017-03-23,private
049630,"JAEYOUNG SOLUTEC CO.,LTD.",재영솔루텍(주),20180125000390,CB,2018-01-25,국내 무기명식 이권부 무보증 사모 전환사채,5000000000,8,8,2020-01-26,2679,100,2019-01-26,2020-01-25,,,2018-01-25,2018-01-26,private
049630,"JAEYOUNG SOLUTEC CO.,LTD.",재영솔루텍(주),20220119000170,CB,2022-01-18,국내 기명식 이권부 무보증 사모 전환사채,4000000000,2,4,2027-01-26,1146,100,2023-01-26,2027-01-25,803,,2022-01-19,2022-01-26,private
049630,"JAEYOUNG SOLUTEC CO.,LTD.",재영솔루텍(주),20230203000228,CB,2021-03-08,국내 기명식 이권부 무보증 사모 전환사채,22000000000,2,4,2026-03-12,945,100,2022-03-12,2026-03-11,662,,2021-03-10,2021-03-12,private
049630,"JAEYOUNG SOLUTEC CO.,LTD.",재영솔루텍(주),20190927000763,BW,2019-07-25,국내 무기명식 이권부 무보증 공모 신주인수권부사채,25000000000,2,4,,1160,100,,,,,,,public
049630,"JAEYOUNG SOLUTEC CO.,LTD.",재영솔루텍(주),20191119000046,BW,2019-10-10,국내 무기명식 이권부 무보증 공모 신주인수권부사채,25000000000,2,4,2024-11-29,1055,100,2020-02-27,2024-10-29,,,2019-11-21,2019-11-29,public
317330,"Duksan Techopia Co., Ltd.",(주)덕산테코피아,20211214000187,CB,2021-11-19,무기명식 무보증 사모 전환사채,50000000000,0,0,2025-12-15,31271,100,2022-12-15,2025-11-15,25017,,2021-11-19,2021-12-15,private
299170,"WSI Co., Ltd.",(주)더블유에스아이,20210723000320,CB,2021-07-23,무기명식 이권부 무보증 사모 전환사채,18300000000,0,0,2026-07-27,3268,100,2022-07-27,2026-06-27,2288,,2021-07-23,2021-07-27,private
299170,"WSI Co., Ltd.",(주)더블유에스아이,20240605000128,CB,2024-05-28,무기명식 이권부 무보증 사모 전환사채,17800000000,1,4,2029-05-30,2137,100,2025-05-30,2029-04-30,1496,,2024-05-29,2024-05-30,private
067570,NVH KOREA INC.,엔브이에이치코리아(주),20200309000801,CB,2020-03-09,무기명식 이권부 무보증 사모 전환사채,11500000000,0,1,2025-03-11,3350,100,2021-03-11,2025-02-11,,,2020-03-11,2020-03-11,private
067570,NVH KOREA INC.,엔브이에이치코리아(주),20170519000518,CB,2017-05-19,무기명식 이권부 무보증 사모전환사채,30000000000,0,1,2020-05-22,3613,100,2018-05-22,2020-04-22,,,2017-05-22,2017-05-22,private
143210,HANDS CORPORATION LTD.,핸즈코퍼레이션(주),20200915000089,CB,2020-09-15,무기명식 이권부 사모 전환사채,10000000000,2,4.5,2025-09-23,9709,100,2021-09-23,2025-08-23,,,2020-09-17,2020-09-23,private
143210,HANDS CORPORATION LTD.,핸즈코퍼레이션(주),20230615000537,BW,2023-05-15,무기명식 이권부 무보증 공모 신주인수권부사채,13470000000,3.5,5.5,2026-06-15,3144,100,2023-07-15,2026-05-15,2201,,2023-06-12,2023-06-15,public
096350,"DAECHANG SOLUTION CO.,LTD.",(주)대창솔루션,20190628000665,CB,,무기명식 담보부 사모전환사채,,,,,,,,,,,,,private
096350,"DAECHANG SOLUTION CO.,LTD.",(주)대창솔루션,20180706000553,CB,2018-04-23,무기명식 이권부 무보증전환사채,10000000000,0,4,2021-07-09,1875,100,2019-07-09,2021-06-09,,,,2018-07-09,private
096350,"DAECHANG SOLUTION CO.,LTD.",(주)대창솔루션,20231013000400,CB,2023-10-13,무기명식 이권부 무보증 사모 전환사채,8000000000,2,4,2028-10-17,557,100,2024-10-17,2028-09-17,390,,2023-10-17,2023-10-17,private
007280,"KOREA STEEL CO.,LTD",(주)한국특강,20210401001840,CB,2021-04-01,"무기명식 이권부
무보증 사모 전환사채",20000000000,0,0,2024-04-05,2028,100,2022-04-05,2024-03-05,1420,,,2021-04-05,private
007280,"KOREA STEEL CO.,LTD",(주)한국특강,20211130001935,CB,2021-11-30,무기명식 이권부 무보증 사모 전환사채,20000000000,0,5,2024-12-02,2978,100,2022-12-02,2024-11-02,2085,,,2021-12-02,private
006840,"AK Holdings, Inc.",AK홀딩스(주),20220902000250,EB,2022-09-02,무기명식 무보증 사모 교환사채,130000000000,0,3,2027-09-06,16150,100,2022-12-06,2027-08-06,,"not applicable (EB is exchanged for already-issued shares, not newly issued)",2022-09-06,2022-09-06,private
035290,"Gold&S Co.,Ltd",(주)골드앤에스,20181213000442,CB,2018-12-13,무기명식 이권부 무보증 사모 전환사채,10000000000,6,6,2021-12-19,2938,100,2019-12-19,2021-11-19,,,2018-12-13,2018-12-19,private
035290,"Gold&S Co.,Ltd",(주)골드앤에스,20180719000165,CB,2018-07-19,무기명식 이권부 무보증 사모 전환사채,15100000000,6,6,2021-07-26,4446,100,2019-07-26,2021-06-26,,,2018-07-19,2018-07-26,private
035290,"Gold&S Co.,Ltd",(주)골드앤에스,20190906000328,CB,2019-01-30,,,,,,,,,,,,,,private
035290,"Gold&S Co.,Ltd",(주)골드앤에스,20171222000799,CB,2017-12-22,무기명식 이권부 무보증 사모 전환사채,2000000000,2,6,2021-01-31,5041,100,2019-01-31,2021-12-31,,,2017-12-22,2018-01-31,private
035290,"Gold&S Co.,Ltd",(주)골드앤에스,20221101000239,CB,2020-12-17,"기명 
무보증
전환사채",5000000000,0,3,2025-12-15,500,100,2021-12-16,2025-11-16,,,,2020-12-16,private
035290,"Gold&S Co.,Ltd",(주)골드앤에스,20230927000642,CB,2023-09-27,"무기명 
무보증 
전환사채",5100000000,2,4,2026-09-27,928,100,2024-09-27,2026-08-27,,,2023-09-27,2023-09-27,private
004720,"PharmGen Science, Inc.",(주)팜젠사이언스,20151030000419,CB,2015-10-30,무기명식 이권부 무보증 사모 전환사채,4000000000,4,4,2018-11-03,7070,100,2016-11-03,2018-10-03,,,2015-11-03,2015-11-03,private
004720,"PharmGen Science, Inc.",(주)팜젠사이언스,20181024000349,CB,2018-10-24,무기명식 이권부 무보증 사모 전환사채,20000000000,2.5,2.5,2021-11-01,7290,100,2019-11-01,2021-10-01,,,2018-10-26,2018-11-01,private
004720,"PharmGen Science, Inc.",(주)팜젠사이언스,20171213000408,CB,2016-03-28,무기명식 이권부 무보증 사모 전환사채,10000000000,5,5,2019-03-30,8110,100,2017-03-30,2019-02-28,,,2016-03-30,2016-03-30,private
004720,"PharmGen Science, Inc.",(주)팜젠사이언스,20210610000397,CB,2021-05-17,무기명식 이권부 무보증 담보부 사모 전환사채,30000000000,3.5,3.5,2026-06-11,13300,100,2022-06-11,2026-05-11,500,,2021-05-20,2021-06-11,private
004720,"PharmGen Science, Inc.",(주)팜젠사이언스,20220303000653,CB,2022-03-03,무기명식 이권부 무보증 사모 전환사채,20000000000,4,4,2025-03-11,9480,100,2023-03-11,2025-03-04,4740,,2022-03-07,2022-03-11,private
004720,"PharmGen Science, Inc.",(주)팜젠사이언스,20201119000326,BW,2020-11-11,"무기명식 이권부 무보증 비분리형 사모
신주인수권부사채",20000000000,2.5,2.5,2023-11-27,14900,100,2021-11-27,2023-10-27,5960,,2020-11-23,2020-11-27,private
036090,"WIZIT Co., Ltd.",(주)위지트,20150325000719,CB,2015-03-25,무기명식 이권부 무보증 사모 전환사채,6000000000,1,5,2018-03-26,1065,100,2016-03-26,2018-02-26,,,2015-03-26,2015-03-26,private
036090,"WIZIT Co., Ltd.",(주)위지트,20180810000557,CB,2018-08-10,무기명식 이권부 무보증 사모 전환사채,10000000000,0,0,2021-08-13,1350,100,2019-08-13,2021-07-13,,,2018-08-10,2018-08-13,private
036090,"WIZIT Co., Ltd.",(주)위지트,20240126000574,CB,2024-01-26,무기명식 이권부 무보증 사모 전환사채,5000000000,5,5,2027-02-02,843,100,2025-02-02,2027-01-02,591,,2024-01-30,2024-02-02,private
036090,"WIZIT Co., Ltd.",(주)위지트,20250723000399,CB,2025-07-23,무기명식 이권부 무보증 사모 전환사채,5000000000,5,5,2028-07-31,762,100,2026-07-31,2028-06-30,534,,2025-07-25,2025-07-31,private
012160,"YOUNGWIRE CO., LTD.",(주)영흥,20191212000421,CB,2019-12-11,무기명식 이권부 무보증 사모 전환사채,15000000000,0,2,2022-12-13,1172,100,2020-12-13,2022-11-13,,,2019-12-13,2019-12-13,private
012160,"YOUNGWIRE CO., LTD.",(주)영흥,20201023000436,CB,2020-10-23,무기명식 이권부 무보증 사모 전환사채,15000000000,0,2,2023-10-28,1115,100,2021-10-28,2023-09-28,781,,2020-10-27,2020-10-28,private
012160,"YOUNGWIRE CO., LTD.",(주)영흥,20220124000219,CB,2022-01-24,무기명식 이권부 무보증 사모 전환사채,7000000000,0,2,2025-01-28,1038,100,2023-01-28,2024-12-28,727,,2022-01-26,2022-01-28,private
012160,"YOUNGWIRE CO., LTD.",(주)영흥,20251222000478,EB,2025-12-18,무기명식 무보증 사모 교환사채,6200000000,0,0,2030-12-26,620,100,2026-01-26,2030-11-26,,"not applicable (EB is exchanged for already-issued shares, not newly issued)",2025-12-23,2025-12-26,private
043590,"WELKEEPS HITECH CO.,LTD",웰킵스하이텍(주),20190425000488,CB,,무기명식 이권부 무보증 사모 전환사채,,,,,,,,,,,,,private
043590,"WELKEEPS HITECH CO.,LTD",웰킵스하이텍(주),20190425000491,CB,,무기명식 이권부 무보증 사모 전환사채,,,,,,,,,,,,,private
038290,"Macrogen, Inc.",(주)마크로젠,20190111000564,CB,2019-01-11,"무기명식 이권부
무보증 사모 전환사채",5000000000,0,0.5,2022-01-15,28876,100,2021-01-15,2021-12-15,,,2019-01-15,2019-01-15,private
009540,"HD KOREA SHIPBUILDING & OFFSHORE ENGINEERING CO., LTD.",에이치디한국조선해양(주),20250225004687,EB,2025-02-25,무기명식 무보증 사모 교환사채,600000000000,0,0,2030-03-28,346705,100,2025-03-31,2030-02-28,,"not applicable (EB is exchanged for already-issued shares, not newly issued)",2025-02-27,2025-03-28,private
009540,"HD KOREA SHIPBUILDING & OFFSHORE ENGINEERING CO., LTD.",에이치디한국조선해양(주),20150611000242,EB,2015-06-10,"보증부 외화표시
해외공모 교환사채",245577120000,0,0,2020-06-29,10491,100,2015-08-10,2020-06-18,,"not applicable (EB is exchanged for already-issued shares, not newly issued)",2015-06-10,2015-06-29,private
009540,"HD KOREA SHIPBUILDING & OFFSHORE ENGINEERING CO., LTD.",에이치디한국조선해양(주),20260401002847,EB,2026-03-31,외화표시 무보증 선순위 해외 교환사채,2372275000000,0,0,2031-05-04,523125,100,2026-06-14,2031-04-27,,"not applicable (EB is exchanged for already-issued shares, not newly issued)",2026-03-31,2026-05-04,private
131400,"EV ADVANCED MATERIAL CO., LTD.",(주)이브이첨단소재,20181212000223,CB,2016-05-16,기명식 이권부 무보증 해외사모 전환사채,4677600000,3.5,15,2018-05-25,4300,100,2017-05-25,2018-04-24,,,2016-05-18,2016-05-25,private
131400,"EV ADVANCED MATERIAL CO., LTD.",(주)이브이첨단소재,20161118000350,CB,2016-11-18,무기명식 이권부 무보증 사모 전환사채,2000000000,2,4,2018-11-24,3665,100,2017-11-24,2018-10-24,,,2016-11-18,2016-11-24,private
131400,"EV ADVANCED MATERIAL CO., LTD.",(주)이브이첨단소재,20161118000351,CB,2016-11-18,무기명식 이권부 무보증 사모 전환사채,2000000000,2,4,2018-11-24,3665,100,2017-11-24,2018-10-24,,,2016-11-18,2016-11-24,private
131400,"EV ADVANCED MATERIAL CO., LTD.",(주)이브이첨단소재,20210506000255,CB,2021-05-06,무기명식 이권부 무보증 사모 전환사채,15000000000,2,4,2024-05-07,5642,100,2022-05-07,2024-04-07,500,,2021-05-06,2021-05-07,private
131400,"EV ADVANCED MATERIAL CO., LTD.",(주)이브이첨단소재,20210721000053,CB,2021-07-01,무기명식 이권부 무보증 사모 전환사채,15000000000,2,4,2024-07-05,5964,100,2022-07-05,2024-06-05,500,,2021-07-01,2021-07-05,private
131400,"EV ADVANCED MATERIAL CO., LTD.",(주)이브이첨단소재,20200928000540,CB,2020-05-18,무기명식 이권부 무보증 사모 전환사채,7000000000,5,7,2023-09-29,4447,100,2021-09-29,2023-08-29,3113,,2020-09-29,2020-09-29,private
131400,"EV ADVANCED MATERIAL CO., LTD.",(주)이브이첨단소재,20201029000287,CB,2020-10-22,무기명식 이권부 담보부 사모 전환사채,10000000000,1,1,2023-10-29,5211,100,2021-10-29,2023-09-29,500,,2020-10-22,2020-10-29,private
131400,"EV ADVANCED MATERIAL CO., LTD.",(주)이브이첨단소재,20241114002262,CB,2024-11-14,무기명식 이권부 무보증 사모 전환사채,11500000000,1,3,2027-11-18,2246,100,2025-11-18,2027-10-18,1797,,2024-11-18,2024-11-18,private
131400,"EV ADVANCED MATERIAL CO., LTD.",(주)이브이첨단소재,20181212000197,BW,2016-05-16,기명식 이권부 무보증 비분리형 신주인수권 부사채,4677600000,3.5,15,2018-05-25,4300,100,2017-05-25,2018-04-24,,,2016-05-18,2016-05-25,private
008600,"THE WILLBES & CO.,LTD",(주)윌비스,20181012000696,CB,2018-10-12,"무기명식이권부
무보증 사모 
전환사채",10000000000,0,0,2022-10-19,1315,100,2019-10-19,2022-09-19,,,2018-10-16,2018-10-19,private
008600,"THE WILLBES & CO.,LTD",(주)윌비스,20201209000417,CB,2020-12-09,무기명식 이권부 무보증 사모 전환사채,8000000000,0,2,2025-12-11,1366,100,2021-12-11,2025-11-11,1093,,2020-12-11,2020-12-11,private
008600,"THE WILLBES & CO.,LTD",(주)윌비스,20260204000134,CB,2026-01-23,"무기명식 이권부 
무보증 사모 전환사채",10000000000,0,5,2029-02-12,1000,100,2027-02-12,2029-01-12,1000,,2026-02-12,2026-02-12,private
008600,"THE WILLBES & CO.,LTD",(주)윌비스,20201209000422,EB,2020-12-09,무기명식 이권부 무보증 사모 교환사채,7000000000,0,0,2025-12-11,1366,100,2020-12-16,2025-11-11,,"not applicable (EB is exchanged for already-issued shares, not newly issued)",2020-12-11,2020-12-11,private
024880,KPF,(주)케이피에프,20161202000228,CB,2016-12-02,무기명식 이권부 무보증 사모 전환사채,23000000000,0,0,2021-12-05,4967,100,2017-12-05,2021-11-05,,,2016-12-05,2016-12-05,private
024880,KPF,(주)케이피에프,20210721000079,CB,2021-07-16,무기명식 이권부 무보증 사모 전환사채,20000000000,0,0,2026-07-20,5131,100,2022-07-20,2026-06-20,4105,,2021-07-20,2021-07-20,private
263700,"Carelabs Co.,Ltd",(주)케어랩스,20181207000286,CB,2018-11-14,무기명식 무보증 사모 전환사채,12000000000,0,1,2021-12-06,21000,100,2019-12-07,2021-12-06,,,2018-11-14,2018-12-07,private
263700,"Carelabs Co.,Ltd",(주)케어랩스,20180709000416,CB,2018-07-09,무기명식 무보증 사모 전환사채,5500000000,0,0,2021-07-09,27226,100,2019-07-10,2021-07-08,,,2018-07-09,2018-07-09,private
263700,"Carelabs Co.,Ltd",(주)케어랩스,20210106000368,CB,2021-01-05,무기명식 무보증 사모 전환사채,20000000000,0,1,2024-01-07,8702,100,2022-01-07,2023-12-07,6092,,2021-01-07,2021-01-07,private
263700,"Carelabs Co.,Ltd",(주)케어랩스,20210310000603,CB,2020-10-28,무기명식 이권부 무보증  사모 전환사채,11000000000,0,1,2024-03-15,11507,100,2022-03-15,2024-02-15,8055,,2021-03-12,2021-03-15,private
263700,"Carelabs Co.,Ltd",(주)케어랩스,20181207000280,BW,2018-11-14,무기명식 무보증 사모 신주인수권부사채,22000000000,0,1,2021-12-06,21000,100,2019-12-07,2021-12-06,,,2018-11-14,2018-12-07,private
042940,"Sangji Construction, Inc.",(주)상지건설,20180424000644,CB,2018-04-24,무기명식 이권부 담보부 사모 전환사채,6000000000,3,3,2021-04-25,2680,100,2019-04-25,2021-03-25,,,2018-04-24,2018-04-25,private
042940,"Sangji Construction, Inc.",(주)상지건설,20181210000445,CB,2018-04-13,무기명식 이권부 무보증 사모 전환사채,6600000000,3,3,2021-12-10,1477,100,2019-12-10,2021-11-10,,,2018-11-02,2018-12-10,private
042940,"Sangji Construction, Inc.",(주)상지건설,20190208000300,CB,2019-01-31,무기명식 이권부 무보증 사모 전환사채,5000000000,3,3,2022-02-08,1957,100,2020-02-08,2022-01-08,,,2019-02-01,2019-02-08,private
042940,"Sangji Construction, Inc.",(주)상지건설,20190305000340,CB,2019-03-05,무기명식 이권부 무보증 사모 전환사채,46000000000,3,6,2022-03-06,1980,100,2020-03-07,2022-03-05,,,2019-03-05,2019-03-06,private
042940,"Sangji Construction, Inc.",(주)상지건설,20190305000352,CB,2019-03-05,무기명식 이권부 무보증 사모 전환사채,4000000000,3,6,2022-03-06,1980,100,2020-03-07,2022-03-05,,,2019-03-05,2019-03-06,private
042940,"Sangji Construction, Inc.",(주)상지건설,20190527000148,CB,2019-01-31,무기명식 이권부 무보증 사모 전환사채,10000000000,3,3,2022-05-27,1957,100,2020-05-27,2022-04-27,,,2019-02-01,2019-05-27,private
042940,"Sangji Construction, Inc.",(주)상지건설,20160715000426,CB,2016-06-14,무기명식 이권부 무보증사모 전환사채,5000000000,6,6,2019-07-15,2356,100,2017-07-15,2019-06-15,,,2016-06-14,2016-07-15,private
042940,"Sangji Construction, Inc.",(주)상지건설,20160715000428,CB,2016-06-14,무기명식 이권부 무보증 사모전환사채,7000000000,4,6,2019-07-15,2356,100,2017-07-15,2019-06-15,,,2016-06-14,2016-07-15,private
042940,"Sangji Construction, Inc.",(주)상지건설,20210527000521,CB,2020-05-26,무기명식 이권부 무보증 사모 전환사채,9000000000,3,6,2023-05-27,1902,100,2021-05-27,2023-05-26,1332,,2020-05-26,2020-05-27,private
042940,"Sangji Construction, Inc.",(주)상지건설,20210910000558,CB,2020-04-03,무기명식 이권부 무보증 사모 전환사채,12200000000,3,6,2023-07-17,1187,100,2021-07-18,2023-07-16,831,,2020-04-03,2020-07-17,private
042940,"Sangji Construction, Inc.",(주)상지건설,20200831001379,CB,2017-06-19,무기명식 이권부  담보부 사모 전환사채,10000000000,6,6,2021-03-02,1346,100,2019-03-02,2021-02-02,,,2017-11-30,2018-03-02,private
042940,"Sangji Construction, Inc.",(주)상지건설,20230802000484,CB,2022-01-28,무기명식 이권부 무보증 사모 전환사채,10000000000,3,3,2025-05-02,1158,100,2023-05-02,2025-04-02,811,,2022-04-25,2022-05-02,private
042940,"Sangji Construction, Inc.",(주)상지건설,20231124000597,CB,2022-09-22,무기명식 이권부 무보증 사모 전환사채,12000000000,0,6,2025-09-23,770,100,2023-09-24,2025-09-18,500,,2022-09-22,2022-09-23,private
042940,"Sangji Construction, Inc.",(주)상지건설,20220922000202,CB,2022-09-22,무기명식 이권부 무보증 사모 전환사채,4000000000,4,8,2025-09-23,770,100,2023-09-24,2025-09-18,500,,2022-09-22,2022-09-23,private
074610,"ENPLUS CO., LTD",(주)이엔플러스,20210316001107,CB,2020-05-11,무기명식 이권부 무보증 사모 전환사채,10000000000,2,5,2024-03-17,4690,100,2022-03-17,2024-02-16,500,,2021-03-16,2021-03-17,private
074610,"ENPLUS CO., LTD",(주)이엔플러스,20190628000691,CB,2017-12-20,무기명식 이권부 무보증 사모 전환사채,10000000000,2,4,2021-01-26,7020,100,2019-01-26,2020-12-25,,,2017-12-22,2018-01-26,private
074610,"ENPLUS CO., LTD",(주)이엔플러스,20190628000697,CB,2018-01-08,무기명식 이권부 무보증 사모 전환사채,20000000000,2,4,2021-04-06,6630,100,2019-04-06,2021-03-05,,,2018-01-10,2018-04-06,private
074610,"ENPLUS CO., LTD",(주)이엔플러스,20190801000325,CB,2019-05-22,무기명식 이권부 무보증 사모 전환사채,10000000000,2,2,2022-06-20,4105,100,2020-06-20,2022-05-19,,,2019-05-22,2019-06-20,private
074610,"ENPLUS CO., LTD",(주)이엔플러스,20190801000335,CB,2019-05-22,무기명식 이권부 무보증 사모 전환사채,10000000000,2,2,2022-07-12,4105,100,2020-07-12,2022-06-11,,,2019-05-22,2019-07-12,private
074610,"ENPLUS CO., LTD",(주)이엔플러스,20200511000681,CB,2020-05-11,무기명식 이권부 담보부 사모 전환사채,10000000000,2,4,2023-05-13,5860,100,2021-05-13,2023-04-12,,,2020-05-11,2020-05-13,private
074610,"ENPLUS CO., LTD",(주)이엔플러스,20200511000757,CB,2020-05-11,무기명식 이권부 무보증 사모 전환사채,5000000000,2,4,2023-05-13,5860,100,2021-05-13,2023-04-12,,,2020-05-11,2020-05-13,private
074610,"ENPLUS CO., LTD",(주)이엔플러스,20190925001411,CB,2019-05-22,무기명식 이권부 무보증 사모 전환사채,10000000000,2,2,2022-09-26,4105,100,2020-09-26,2022-08-25,,,2019-05-22,2019-09-26,private
074610,"ENPLUS CO., LTD",(주)이엔플러스,20191121000309,CB,2019-05-22,무기명식 이권부 무보증 사모 전환사채,10000000000,2,2,2022-11-22,4105,100,2020-11-22,2022-10-21,,,2019-05-22,2019-11-22,private
074610,"ENPLUS CO., LTD",(주)이엔플러스,20160120000102,CB,2016-01-19,무시명식 무보증 공모 전환사채,999000000,,3,2017-01-26,2640,100,2016-02-26,2016-12-26,,,2016-01-26,2016-01-26,public
074610,"ENPLUS CO., LTD",(주)이엔플러스,20180124000142,CB,2017-10-12,무기명식 이권부 무보증 사모 전환사채,6000000000,3,5,2021-01-24,3715,100,2019-01-24,2020-12-23,,,2017-10-12,2018-01-24,private
074610,"ENPLUS CO., LTD",(주)이엔플러스,20180124000144,CB,2017-10-12,무기명식 이권부 무보증 사모 전환사채,6000000000,3,5,2021-01-25,3715,100,2019-01-25,2020-12-24,,,2017-10-12,2018-01-25,private
074610,"ENPLUS CO., LTD",(주)이엔플러스,20170627000289,CB,2017-05-26,무기명식 이권부 무보증 사모 전환사채,7000000000,0,3,2020-07-28,3210,100,2018-07-28,2020-06-27,,,2017-05-26,2017-07-28,private
074610,"ENPLUS CO., LTD",(주)이엔플러스,20170920000222,CB,2017-05-26,무기명식 이권부 무보증 사모 전환사채,7000000000,3,5,2020-09-21,3210,100,2018-09-21,2020-08-20,,,2017-05-26,2017-09-21,private
074610,"ENPLUS CO., LTD",(주)이엔플러스,20220603000364,CB,2022-05-30,무기명식 이권부 무보증 사모 전환사채,5500000000,2,4,2025-06-03,3790,100,2023-06-03,2025-05-02,2655,,2022-05-30,2022-06-03,private
074610,"ENPLUS CO., LTD",(주)이엔플러스,20220523000177,CB,2021-03-16,무기명식 이권부 무보증 사모 전환사채,10100000000,2,4,2025-05-24,3720,100,2023-05-24,2025-04-23,2605,,2021-07-30,2022-05-24,private
074610,"ENPLUS CO., LTD",(주)이엔플러스,20220624000445,CB,2021-06-01,무기명식 이권부 무보증 사모 전환사채,7200000000,2,5,2025-07-01,3720,100,2023-07-01,2025-05-31,500,,2021-07-30,2022-07-01,private
074610,"ENPLUS CO., LTD",(주)이엔플러스,20220705000200,CB,2022-06-17,무기명식 이권부 무보증 사모 전환사채,2000000000,2,4,2025-07-05,3400,100,2023-07-05,2025-06-04,2380,,2022-06-17,2022-07-05,private
074610,"ENPLUS CO., LTD",(주)이엔플러스,20221206000200,CB,2022-10-06,무기명식 이권부 무보증 사모 전환사채,7600000000,2,4,2025-12-06,3870,100,2023-12-06,2025-11-05,2710,,2022-10-06,2022-12-06,private
074610,"ENPLUS CO., LTD",(주)이엔플러스,20230202000191,CB,2022-10-06,무기명식 이권부 무보증 사모 전환사채,7000000000,2,4,2026-04-20,3870,100,2024-04-20,2026-03-19,2710,,2022-10-06,2023-04-20,private
074610,"ENPLUS CO., LTD",(주)이엔플러스,20200916000418,CB,2020-05-11,"무기명식 이권부 무보증
사모 전환사채",5100000000,2,4,2023-09-18,5010,100,2021-09-18,2023-08-17,500,,2020-09-18,2020-09-18,private
074610,"ENPLUS CO., LTD",(주)이엔플러스,20221108000276,CB,2022-10-06,무기명식 이권부 무보증 사모 전환사채,2600000000,2,4,2025-11-09,3870,100,2023-11-09,2025-10-08,2710,,2022-10-06,2022-11-09,private
074610,"ENPLUS CO., LTD",(주)이엔플러스,20230426000526,CB,2022-10-06,무기명식 이권부 무보증 사모 전환사채,7000000000,2,4,2026-05-09,3870,100,2024-05-09,2026-04-08,2710,,2022-10-06,2023-05-09,private
074610,"ENPLUS CO., LTD",(주)이엔플러스,20230608000336,CB,2022-10-06,무기명식 이권부 무보증 사모 전환사채,8000000000,2,4,2026-06-19,3870,100,2024-06-19,2026-05-18,2710,,2022-10-06,2023-06-19,private
074610,"ENPLUS CO., LTD",(주)이엔플러스,20260703000647,CB,2026-07-03,무기명식 이권부 무보증 사모 전환사채,1800000000,6,8,2029-11-03,3875,100,2027-11-03,2029-10-02,2715,,2026-07-03,2026-11-03,private
074610,"ENPLUS CO., LTD",(주)이엔플러스,20230926000701,CB,2023-09-26,무기명식 이권부 무보증 사모 전환사채,8000000000,0,0,2026-10-13,6130,100,2024-10-13,2026-09-12,4291,,2023-09-26,2023-10-13,private
074610,"ENPLUS CO., LTD",(주)이엔플러스,20231226000375,CB,2023-11-14,무기명식 이권부 무보증 사모 전환사채,8100000000,2,4,2026-12-21,4015,100,2024-12-21,2026-11-20,2815,,2023-12-21,2023-12-21,private
074610,"ENPLUS CO., LTD",(주)이엔플러스,20240115000153,CB,2024-01-11,무기명식 이권부 무보증 사모 전환사채,3000000000,2,4,2027-01-15,3650,100,2025-01-15,2026-12-14,2555,,2024-01-15,2024-01-15,private
074610,"ENPLUS CO., LTD",(주)이엔플러스,20240529000506,CB,2024-02-16,무기명식 이권부 무보증 사모 전환사채,10000000000,3,8,2027-02-28,3555,100,2025-02-28,2027-01-27,500,,2024-02-27,2024-02-28,private
140860,Park Systems Corp.,(주)파크시스템스,20201113001197,CB,2020-11-13,무기명식 이권부 무보증 사모 전환사채,20000000000,0,0,2025-11-20,67160,100,2021-11-21,2025-10-20,57086,,2020-11-13,2020-11-20,private
140860,Park Systems Corp.,(주)파크시스템스,20260521000491,BW,2026-05-21,무기명식 이권부 무보증 비분리형 사모 신주인수권부사채(신종자본증권),100000000000,0,0,2056-06-08,267747,100,2027-06-08,2056-05-08,,,2026-06-08,2026-06-08,private
217270,Neptune Company,(주)넵튠,20180228002285,CB,2018-02-28,무기명식 이권부 무보증 사모 전환사채,24000000000,0,0,2021-03-05,15364,100,2019-03-05,2021-02-05,,,2018-03-05,2018-03-05,private
217270,Neptune Company,(주)넵튠,20180228002307,CB,2018-02-28,무기명식 이권부 무보증 사모 전환사채,6000000000,0,0,2021-04-02,15364,100,2019-04-02,2021-03-02,,,2018-03-05,2018-04-02,private
217270,Neptune Company,(주)넵튠,20190509000444,CB,2019-05-09,무기명식 이권부 무보증 사모 전환사채,10000000000,0,0,2022-05-17,12584,100,2020-05-17,2022-04-17,,,2019-05-13,2019-05-17,private
286750,"NanoSilikhan Advanced Materials Co., Ltd.",(주)나노실리칸첨단소재,20210915000367,CB,2021-09-15,무기명식 이권부 무보증 사모 전환사채,12000000000,0,0,2026-09-17,7655,100,2022-09-17,2026-08-17,6124,,2021-09-17,2021-09-17,private
286750,"NanoSilikhan Advanced Materials Co., Ltd.",(주)나노실리칸첨단소재,20250418000615,CB,2025-04-18,무기명식 이권부 무보증 사모 전환사채,8300000000,3,5,2028-04-21,2479,100,2026-04-21,2028-03-21,1735,,2025-03-31,2025-04-21,private
286750,"NanoSilikhan Advanced Materials Co., Ltd.",(주)나노실리칸첨단소재,20260703000458,CB,2026-03-12,무기명식 이권부 무보증 사모 전환사채,5500000000,6.5,6.5,2029-03-31,1418,100,2027-03-31,2029-02-28,993,,2026-03-31,2026-03-31,private
083650,"BHI Co., LTD.",비에이치아이주식회사,20220224003610,CB,2022-02-18,무기명식 이권부 무보증 사모 전환사채,20000000000,0,2,2027-02-28,4045,100,2023-02-28,2027-01-28,,,2022-02-22,2022-02-28,private
047080,HANBIT SOFT Inc.,(주)한빛소프트,20150601000740,CB,2015-06-01,무기명식 이권부 무보증 사모 전환사채,15000000000,0,0,2020-06-02,9566,100,2016-06-02,2020-05-02,,,2015-06-02,2015-06-02,private
047080,HANBIT SOFT Inc.,(주)한빛소프트,20210331002463,CB,2021-03-31,무기명식 무보증 사모 전환사채,13000000000,0,0,2026-04-02,6420,100,2022-04-02,2026-03-02,4494,,2021-04-02,2021-04-02,private
047080,HANBIT SOFT Inc.,(주)한빛소프트,20230322001000,CB,2023-03-22,무기명식 무보증 사모 전환사채,10000000000,0,2,2028-03-24,3288,100,2024-03-24,2028-02-24,2302,,2023-03-24,2023-03-24,private
000680,LS Networks Corporation Limited,(주)LS네트웍스,20230922000070,EB,2023-09-12,무기명식 이권부 무보증 사모 교환사채,25679900658,0,0,2026-09-22,4827,100,2023-10-22,2026-08-22,,"not applicable (EB is exchanged for already-issued shares, not newly issued)",2023-09-14,2023-09-22,private
001290,"SANGSANGININVESTMENT&SECURITIES CO.,LTD.",(주)상상인증권,20190319000806,CB,2018-02-20,무기명식 무보증 사모 전환사채,40000000000,1,1,2024-03-20,1145,100,2020-03-20,2024-02-20,,,2018-02-20,2019-03-20,private
012800,"DAECHANG Co.,Ltd",(주)대창,20251128002190,EB,2025-11-21,무기명식 무이권부 무보증 사모 교환사채,12000000000,0,0,2030-12-01,1513,100,2026-01-01,2030-11-01,,"not applicable (EB is exchanged for already-issued shares, not newly issued)",2025-12-01,2025-12-01,private
010780,"IS DONGSEO CO., LTD.",아이에스동서(주),20160503000280,CB,2016-03-22,무기명식 이권부 무보증 전환사채,200000000000,1,4,2019-05-17,42200,100,2016-06-17,2019-04-17,,,2016-05-12,2016-05-17,public
002710,TCC STEEL,(주)TCC스틸,20151126000300,CB,2015-11-26,국내 기명식 무보증 전환사채,17000000000,1,3,2018-12-31,1921,100,2016-11-27,2018-12-30,,,2015-11-27,2015-11-27,private
002710,TCC STEEL,(주)TCC스틸,20210819000214,CB,2021-08-19,무기명식 이권부 무보증 사모 전환사채,20000000000,0,0,2026-08-23,7370,100,2022-08-23,2026-07-23,5160,,2021-08-23,2021-08-23,private
002710,TCC STEEL,(주)TCC스틸,20240619000300,CB,2024-06-19,무기명식 무이권부 무보증 사모 전환사채,50000000000,0,0,2029-06-28,55000,100,2025-06-28,2029-05-28,38500,,2024-06-21,2024-06-28,private
002710,TCC STEEL,(주)TCC스틸,20260512000554,CB,2026-05-12,무기명식 무이권부 무보증 사모 전환사채,21000000000,0,0,2031-05-20,19150,100,2027-05-20,2031-04-20,,,2026-05-20,2026-05-20,private
037230,"HANKUK PACKAGE CO., LTD.",(주)한국팩키지,20201113001105,CB,2020-11-09,무기명식 무보증 사모 전환사채,6000000000,1,3.8,2025-11-13,3849,100,2021-11-13,2025-11-12,2695,,2020-11-09,2020-11-13,private
037230,"HANKUK PACKAGE CO., LTD.",(주)한국팩키지,20201113001128,BW,2020-11-09,무기명식 무보증 사모 신주인수권부사채,6000000000,1,3.8,2025-11-13,3849,100,2021-11-13,2025-11-12,2695,,2020-11-09,2020-11-13,private
270520,APTN Inc.,(주)앱튼,20220225004460,CB,,,,,,,,,,,,,,,private
270520,APTN Inc.,(주)앱튼,20221221000174,CB,2022-11-10,무기명식 이권부 무보증 사모 전환사채,10000000000,3,3,2025-12-21,2840,100,2023-12-21,2025-11-21,2840,,2022-11-10,2022-12-21,private
270520,APTN Inc.,(주)앱튼,20221221000177,CB,2022-11-10,무기명식 이권부 무보증 사모 전환사채,10000000000,3,3,2025-12-21,2840,100,2023-12-21,2025-11-21,2840,,2022-11-10,2022-12-21,private
270520,APTN Inc.,(주)앱튼,20230223002797,CB,2023-01-03,무기명식 이권부 무보증 사모 전환사채,15000000000,3.1,3.1,2026-04-18,4300,100,2024-04-18,2026-03-18,,,2023-02-23,2023-04-18,private
270520,APTN Inc.,(주)앱튼,20230223002762,CB,2023-01-03,무기명식 이권부 무보증 사모 전환사채,10000000000,3,3,2026-04-18,4300,100,2024-04-18,2026-03-18,,,2023-02-23,2023-04-18,private
270520,APTN Inc.,(주)앱튼,20250109000330,CB,2024-11-27,무기명식 이권부 무보증 사모 전환사채,100000000000,3,3,2027-12-03,1423,100,2025-12-04,2027-11-03,,,2024-11-27,2024-12-03,private
270520,APTN Inc.,(주)앱튼,20240906000356,CB,2024-08-19,무기명식 이권부 무보증 사모 전환사채,21000000000,3,3,2027-09-09,1379,100,2025-09-09,2027-08-09,966,,2024-09-06,2024-09-09,private
270520,APTN Inc.,(주)앱튼,20240906000369,CB,2024-08-19,무기명식 이권부 무보증 사모 전환사채,4200000000,2.9,2.9,2027-09-09,1379,100,2025-09-09,2027-08-09,966,,2024-09-06,2024-09-09,private
270520,APTN Inc.,(주)앱튼,20260515002717,CB,2024-11-27,무기명식 이권부 무보증 사모 전환사채,7600000000,3,3,2029-05-20,1870,100,2027-05-21,2029-04-20,,,2026-05-12,2026-05-20,private
270520,APTN Inc.,(주)앱튼,20260724000372,CB,2026-06-25,무기명식 이권부 무보증 사모 전환사채,10000000000,0,3,2031-07-24,1000,100,2027-07-25,2031-06-24,1000,,2026-07-24,2026-07-24,private
270520,APTN Inc.,(주)앱튼,20260626000003,CB,2026-06-25,무기명식 이권부 무보증 사모 전환사채,10000000000,0,3,2031-07-24,1000,100,2027-07-25,2031-06-24,1000,,2026-06-25,2026-07-24,private
270520,APTN Inc.,(주)앱튼,20220225004585,BW,,,,,,,,,,,,,,,private
388790,"LiComm Co., Ltd.",주식회사 라이콤,20260708000402,CB,2026-07-08,무기명식 무보증 사모 전환사채,20000000000,0,0,2031-07-16,5788,100,2027-07-16,2031-06-16,,,2026-07-16,2026-07-16,private
322780,"COPUS KOREA Co., Ltd.",(주)코퍼스코리아,20210820000347,CB,2021-08-20,무기명식 이권부 무보증 사모 전환사채,30000000000,0,0,2024-08-25,3405,100,2022-08-25,2024-07-25,2724,,2021-08-24,2021-08-25,private
322780,"COPUS KOREA Co., Ltd.",(주)코퍼스코리아,20260130000634,CB,,,,,,,,,,,,,,,private
322780,"COPUS KOREA Co., Ltd.",(주)코퍼스코리아,20260130000642,CB,,,,,,,,,,,,,,,private
322780,"COPUS KOREA Co., Ltd.",(주)코퍼스코리아,20240520000249,CB,2024-05-20,무기명식 무이권부 무보증 사모 전환사채,26000000000,0,0,2028-05-22,1576,100,2025-05-22,2028-04-22,1261,,2024-05-22,2024-05-22,private
322780,"COPUS KOREA Co., Ltd.",(주)코퍼스코리아,20260629000002,CB,2026-06-26,무기명식 무이권부 무보증 사모 전환사채,17500000000,0,0,2031-07-24,1796,100,2027-07-24,2031-06-24,1258,,2026-07-24,2026-07-24,private
322780,"COPUS KOREA Co., Ltd.",(주)코퍼스코리아,20210628000463,EB,2021-06-28,무기명식 이권부 무보증 사모 교환사채,6398050645,0,0,2024-06-30,3395,100,2021-07-30,2024-05-30,,"not applicable (EB is exchanged for already-issued shares, not newly issued)",2021-06-30,2021-06-30,private
003490,"KOREAN AIR LINES CO.,LTD",(주)대한항공,20200618000354,CB,2020-05-13,무기명식 이권부 무보증 사모 전환사채(Hybrid채권형),300000000000,2.28,4.98,,19358,100,2021-06-22,2050-05-22,,,2020-06-22,2020-06-22,private
033640,NEPES Corporation,(주)네패스,20160714000421,CB,2016-07-14,기명식 이권부 사모전환사채,5000000000,1,4,2019-07-19,9271,100,2017-07-19,2019-07-18,,,2016-07-19,2016-07-19,private
033640,NEPES Corporation,(주)네패스,20161219000253,BW,2016-12-19,무기명식 이권부 무보증 사모 비분리형 신주인수권부사채,15000000000,0,0,2021-12-20,7844,100,2017-12-20,2021-11-20,,,2016-12-20,2016-12-20,private
027970,"Hankuk Paper MFG. CO., LTD",한국제지(주),20150330000727,CB,2015-03-30,무기명식 이권부 무보증 사모 전환사채,10000000000,1,3.71,2019-03-30,2650,100,2016-03-30,2019-02-28,,,,2015-03-30,private
100590,MERCURY CORPORATION,(주)머큐리,20191113000558,CB,2019-11-13,무기명식 무보증 사모 전환사채,20000000000,0,0,2024-11-15,10047,100,2020-11-15,2024-10-15,,,2019-11-15,2019-11-15,private
100590,MERCURY CORPORATION,(주)머큐리,20210628000301,CB,2021-06-28,"무기명식 이권부
무보증 사모 전환사채",15000000000,0,0,2026-06-30,10165,100,2022-06-30,2026-05-30,7116,,2021-06-30,2021-06-30,private
100590,MERCURY CORPORATION,(주)머큐리,20240111000247,CB,2024-01-10,"무기명식 이권부
무보증 사모 전환사채",6000000000,0,1,2029-01-12,6000,100,2025-01-12,2028-12-12,4200,,2024-01-12,2024-01-12,private
100590,MERCURY CORPORATION,(주)머큐리,20260513000712,CB,2026-05-13,무기명식 이권부 무보증 사모 전환사채,12000000000,0,0,2031-05-21,10079,100,2027-05-21,2031-04-21,7056,,2026-05-21,2026-05-21,private
151860,"KG Eco Solution Co., Ltd.",케이지에코솔루션(주),20241108000486,EB,2024-11-08,무기명식 무이권부 무보증 사모 교환사채,19500000000,0,0,2029-12-09,8244,100,2025-01-09,2029-11-09,,"not applicable (EB is exchanged for already-issued shares, not newly issued)",2024-11-12,2024-12-09,private
151860,"KG Eco Solution Co., Ltd.",케이지에코솔루션(주),20250610000393,EB,2025-06-10,무기명식 무이권부 무보증 사모 교환사채,41057322053,0,0,2030-06-12,7621,100,2025-07-12,2030-05-12,,"not applicable (EB is exchanged for already-issued shares, not newly issued)",2025-06-12,2025-06-12,private
011790,SKC LTD,SKC(주),20250811000519,EB,2025-08-11,무기명식 이권부 무보증 사모 영구교환사채,125000000000,0,,2055-08-26,114714,100,2025-09-26,2055-07-26,,"not applicable (EB is exchanged for already-issued shares, not newly issued)",,2025-08-26,private
011790,SKC LTD,SKC(주),20250626000588,EB,2025-05-29,무기명식 이권부 무보증 사모 영구교환사채,260000000000,0,,2055-06-30,103842,100,2025-07-30,2055-05-30,,"not applicable (EB is exchanged for already-issued shares, not newly issued)",,2025-06-30,private
066980,"HANSUNG CLEANTECH CO., LTD.",한성크린텍(주),20150520000254,CB,2015-05-20,무기명식 무보증 사모 전환사채,3000000000,0,2,2018-05-22,1942,100,2016-05-22,2018-04-22,,,2015-05-22,2015-05-22,private
066980,"HANSUNG CLEANTECH CO., LTD.",한성크린텍(주),20150520000256,CB,2015-05-20,무기명식 무보증 사모 전환사채,3600000000,0,2,2018-05-22,1942,100,2016-05-22,2018-04-22,,,2015-05-22,2015-05-22,private
066980,"HANSUNG CLEANTECH CO., LTD.",한성크린텍(주),20180702000490,CB,2018-07-02,무기명식 무보증 사모 전환사채,28000000000,0,0,2023-07-10,1308,100,2019-07-10,2023-06-10,,,2018-07-02,2018-07-10,private
066980,"HANSUNG CLEANTECH CO., LTD.",한성크린텍(주),20200623000233,CB,2020-06-23,무기명식 무보증 사모 전환사채,5000000000,0,0,2025-06-30,640,100,2021-06-30,2025-05-30,,,2020-06-23,2020-06-30,private
066980,"HANSUNG CLEANTECH CO., LTD.",한성크린텍(주),20200623000242,CB,2020-06-23,무기명식 무보증 사모 전환사채,5000000000,0,0,2025-06-30,640,100,2021-06-30,2025-05-30,,,2020-06-23,2020-06-30,private
066980,"HANSUNG CLEANTECH CO., LTD.",한성크린텍(주),20160218000243,CB,2016-02-18,무기명식 무보증 사모 전환사채,5000000000,0,2,2019-02-19,1188,100,2017-02-19,2019-01-19,,,2016-02-19,2016-02-19,private
066980,"HANSUNG CLEANTECH CO., LTD.",한성크린텍(주),20160218000248,CB,2016-02-18,무기명식 무보증 사모 전환사채,5000000000,0,2,2019-02-19,1188,100,2017-02-19,2019-01-19,,,2016-02-19,2016-02-19,private
066980,"HANSUNG CLEANTECH CO., LTD.",한성크린텍(주),20210818000325,CB,2021-08-18,무기명식 이권부 무보증 사모 전환사채,16500000000,0,2,2026-08-19,11609,100,2022-08-19,2026-07-19,8127,,2021-08-19,2021-08-19,private
066980,"HANSUNG CLEANTECH CO., LTD.",한성크린텍(주),20201209000394,CB,2020-12-09,무기명식 무보증 사모 전환사채,15000000000,0,2,2026-02-08,549,100,2022-02-08,2026-01-08,500,,2020-12-09,2021-02-08,private
066980,"HANSUNG CLEANTECH CO., LTD.",한성크린텍(주),20230502000935,CB,2023-05-02,무기명식 무보증 사모 전환사채,5000000000,0,0,2028-05-04,2766,100,2024-05-04,2028-04-04,1937,,2023-05-04,2023-05-04,private
066980,"HANSUNG CLEANTECH CO., LTD.",한성크린텍(주),20231117000325,CB,2023-11-17,무기명식 이권부 무보증 사모 전환사채,7000000000,0,3,2028-11-24,1847,100,2024-11-24,2028-10-24,1293,,2023-11-21,2023-11-24,private
066980,"HANSUNG CLEANTECH CO., LTD.",한성크린텍(주),20260605000668,CB,2026-06-05,무기명식 무보증 사모 전환사채,11000000000,0,0,2031-06-15,2257,100,2027-06-15,2031-05-15,1580,,2026-06-15,2026-06-15,private
066980,"HANSUNG CLEANTECH CO., LTD.",한성크린텍(주),20201209000405,BW,2020-12-09,국내 무기명식 무보증 사모 비분리형 신주인수권부사채,15000000000,0,2,2026-02-08,549,100,2022-02-08,2026-01-08,500,,2020-12-09,2021-02-08,private
066980,"HANSUNG CLEANTECH CO., LTD.",한성크린텍(주),20210427000505,EB,2021-04-27,무기명식 무보증 사모 교환사채,11000000000,0,0,2026-04-29,3700,100,2021-04-30,2026-03-29,,"not applicable (EB is exchanged for already-issued shares, not newly issued)",2021-04-29,2021-04-29,private
066980,"HANSUNG CLEANTECH CO., LTD.",한성크린텍(주),20230208000633,EB,2023-02-08,무기명식 무보증 사모 교환사채,10000000000,0,0,2028-02-10,3700,100,2023-02-11,2028-01-10,,"not applicable (EB is exchanged for already-issued shares, not newly issued)",2023-02-10,2023-02-10,private
008250,EAGON INDUSTRIAL LTD,이건산업(주),20170627000213,CB,2017-06-27,무기명식 이권부 무보증 사모 전환사채,15000000000,0,1,2022-06-28,10600,100,2018-06-28,2022-05-28,,,2017-06-28,2017-06-28,private
000230,"ILDONG HOLDINGS CO.,LTD ",일동홀딩스(주),20221124000326,CB,2022-11-15,무기명식 이권부 무보증 사모 전환사채,30000000000,0,2.95,2025-11-30,26100,100,2023-11-30,2025-10-30,18300,,2022-11-17,2022-11-30,private
439580,"BLUEMTEC CO., LTD.",(주)블루엠텍,20260626000531,BW,2026-06-26,"무기명식 무이권부 무보증
사모 신주인수권부사채",8000000000,0,0,2031-07-10,2129,100,2027-07-10,2031-06-10,1704,,2026-07-10,2026-07-10,private
439580,"BLUEMTEC CO., LTD.",(주)블루엠텍,20240711000313,BW,2024-07-11,무기명식 무이권부 무보증 사모 신주인수권부사채,20000000000,0,0,2029-07-15,17297,100,2025-07-15,2029-06-15,13838,,2024-07-15,2024-07-15,private
138360,"NRobotics Co., Ltd.",(주)앤로보틱스,20190228006637,CB,2019-01-03,무기명식 이권부 무보증 사모 전환사채,5500000000,5,5,2022-02-28,4330,100,2020-02-28,2022-01-28,,,2019-01-03,2019-02-28,private
138360,"NRobotics Co., Ltd.",(주)앤로보틱스,20170113000550,CB,2017-01-13,무기명식 이권부 무보증 사모 전환사채,5000000000,0,0,2020-01-17,10983,100,2018-01-17,2019-12-17,,,2017-01-17,2017-01-17,private
138360,"NRobotics Co., Ltd.",(주)앤로보틱스,20221215000227,CB,2021-06-07,무기명식 이권부 사모 전환사채,11000000000,0,4,2024-06-15,4480,100,2022-06-15,2024-05-15,500,,2021-06-07,2021-06-15,private
138360,"NRobotics Co., Ltd.",(주)앤로보틱스,20251113001052,CB,2025-10-13,무기명식 이권부 사모 전환사채,2001000000,0,3,2028-11-14,926,100,2026-11-14,2028-10-14,,,2025-10-13,2025-11-14,private
138360,"NRobotics Co., Ltd.",(주)앤로보틱스,20240709000462,CB,2023-11-16,무기명식 이권부 사모 전환사채,7000000000,0,5,2027-07-09,836,100,2025-07-09,2027-06-09,,,2023-11-16,2024-07-09,private
138360,"NRobotics Co., Ltd.",(주)앤로보틱스,20251029000407,CB,2025-10-29,무기명식 이권부 사모 전환사채,10000000000,0,3,2028-11-28,848,100,2026-11-28,2028-10-28,,,2025-10-29,2025-11-28,private
355390,"CrowdWorks, Inc.",주식회사 크라우드웍스,20260713000442,CB,2026-07-03,무기명식 이권부 무보증 사모 전환사채,4000000000,3,6,2029-07-13,2105,100,2027-07-13,2029-06-13,1474,,2026-07-03,2026-07-13,private
355390,"CrowdWorks, Inc.",주식회사 크라우드웍스,20231201000213,BW,2023-11-29,"무기명식 무보증 사모 비분리형
신주인수권부사채",10000000000,0,0,2028-12-01,27150,100,2024-12-02,2028-11-01,19010,,2023-12-01,2023-12-01,private
038880,"iA, Inc.",(주)아이에이,20180503001842,CB,2018-05-03,무기명식 이권부 무보증 사모 전환사채,5000000000,2,5,2023-05-04,3550,100,2019-05-04,2023-04-04,,,2018-05-04,2018-05-04,private
038880,"iA, Inc.",(주)아이에이,20180607000531,CB,2018-06-07,무기명식 이권부 무보증 사모 전환사채,6000000000,2,5,2023-05-04,3945,100,2019-06-08,2023-04-04,,,2018-06-08,2018-06-08,private
038880,"iA, Inc.",(주)아이에이,20190805000288,CB,2019-08-05,무기명식 이권부 무보증 사모 전환사채,12000000000,0,3,2022-08-09,602,100,2020-08-09,2022-07-09,,,2019-08-07,2019-08-09,private
038880,"iA, Inc.",(주)아이에이,20160325001610,CB,2016-03-25,국내 무기명식 무보증 사모 전환사채,12000000000,2,5,2021-03-29,4800,100,2017-03-29,2021-02-28,,,2016-03-29,2016-03-29,private
038880,"iA, Inc.",(주)아이에이,20250227005706,CB,2025-01-06,"무기명식 이권부 무보증 
사모 전환사채",15500000000,0,8,2030-02-04,272,100,2026-02-04,2030-01-04,191,,2025-01-06,2025-02-04,private
038880,"iA, Inc.",(주)아이에이,20260713000370,CB,2026-07-13,무기명식 이권부 무보증사모 전환사채,5000000000,0,8,2031-07-21,2573,100,2027-07-21,2031-06-21,1802,,2026-07-21,2026-07-21,private
019170,"SHINPOONG PHARMACEUTICAL CO.,LTD",신풍제약(주),20251202000111,EB,2025-11-25,무기명식 무이권부 무보증 사모 교환사채,11500000000,0,0,2030-12-03,16193,100,2026-01-03,2030-11-03,,"not applicable (EB is exchanged for already-issued shares, not newly issued)",2025-12-03,2025-12-03,private
066360,"Cherrybro Co.,Ltd",(주)체리부로,20200917000140,BW,2020-06-05,무기명식 이권부 무보증 공모 분리형 신주인수권부사채,15000000000,1,4,2023-09-24,2530,100,2020-10-24,2023-08-24,1771,,2020-09-21,2020-09-24,public
187870,"DEVICE CO.,Ltd",(주)디바이스,20211015000073,CB,2021-10-13,무기명식 이권부 무보증 사모 전환사채,10000000000,0,0,2026-10-15,27400,100,2022-10-15,2026-09-15,,,2021-10-15,2021-10-15,private
187870,"DEVICE CO.,Ltd",(주)디바이스,20211015000074,BW,2021-10-13,무기명식 무보증 사모 신주인수권부사채,10000000000,0,0,2026-10-15,27400,100,2022-10-15,2026-09-15,,,2021-10-15,2021-10-15,private
051980,"JOONGANG ADVANCED MATERIALS Co., Ltd",(주)중앙첨단소재,20150916000319,CB,2015-09-14,무기명식 이권부 무보증 사모 전환사채,10000000000,3,3,2018-09-16,4371,100,2016-09-16,2018-08-16,,,2015-09-16,2015-09-16,private
051980,"JOONGANG ADVANCED MATERIALS Co., Ltd",(주)중앙첨단소재,20191107000335,CB,,,,,,,,,,,,,,,private
051980,"JOONGANG ADVANCED MATERIALS Co., Ltd",(주)중앙첨단소재,20190605000453,CB,2019-03-18,무기명식 이권부 무보증 사모 전환사채,15000000000,2,5,2022-06-05,1135,100,2020-06-05,2022-05-05,,,2019-03-18,2019-06-05,private
051980,"JOONGANG ADVANCED MATERIALS Co., Ltd",(주)중앙첨단소재,20161006000278,CB,2016-10-06,무기명식 이권부 무보증 사모 전환사채,2600000000,2,5,2019-10-06,5732,100,2017-10-06,2019-09-06,,,2016-10-06,2016-10-06,private
051980,"JOONGANG ADVANCED MATERIALS Co., Ltd",(주)중앙첨단소재,20170228001495,CB,,,,,,,,,,,,,,,private
051980,"JOONGANG ADVANCED MATERIALS Co., Ltd",(주)중앙첨단소재,20230619000226,CB,2023-03-30,무기명식 이권부 무보증 사모 전환사채,10000000000,2,2,2026-06-22,3052,100,2024-06-22,2026-05-22,500,,2023-03-30,2023-06-22,private
051980,"JOONGANG ADVANCED MATERIALS Co., Ltd",(주)중앙첨단소재,20220225004872,CB,2022-02-25,무기명식 이권부 무보증 사모 전환사채,12000000000,3,3,2025-03-03,500,100,2023-03-03,2025-02-03,500,,2022-02-25,2022-03-03,private
051980,"JOONGANG ADVANCED MATERIALS Co., Ltd",(주)중앙첨단소재,20230831001634,CB,2022-12-09,무기명식 이권부 무보증 사모 전환사채,10000000000,6,6,2026-05-03,716,100,2024-05-03,2026-04-03,500,,2022-12-09,2023-05-03,private
051980,"JOONGANG ADVANCED MATERIALS Co., Ltd",(주)중앙첨단소재,20200929000681,CB,2020-01-15,무기명식 이권부 무보증 사모 전환사채,8800000000,2,5,2023-09-29,593,100,2021-09-29,2023-08-29,,,2020-01-15,2020-09-29,private
051980,"JOONGANG ADVANCED MATERIALS Co., Ltd",(주)중앙첨단소재,20201028000223,CB,2020-04-03,무기명식 이권부 무보증 사모 전환사채,13100000000,5,5,2023-10-28,696,100,2021-10-28,2023-09-28,,,2020-08-18,2020-10-28,private
051980,"JOONGANG ADVANCED MATERIALS Co., Ltd",(주)중앙첨단소재,20221020000247,CB,2022-10-06,무기명식 이권부 무보증 사모 전환사채,2600000000,3,3,2025-10-25,500,100,2023-10-25,2025-09-25,500,,2022-10-06,2022-10-25,private
051980,"JOONGANG ADVANCED MATERIALS Co., Ltd",(주)중앙첨단소재,20240627000765,CB,2023-06-20,무기명식 이권부 무보증 사모 전환사채,22000000000,0,0,2026-07-07,4668,100,2024-07-07,2026-06-07,3268,,2023-06-20,2023-07-07,private
200350,Artist Studio Inc.,(주)아티스트스튜디오,20211022000427,CB,2021-09-06,무기명식 무보증 사모 전환사채,2500000000,4.6,4.6,2026-09-07,22239,100,2022-09-07,2026-08-07,15568,,2021-09-06,2021-09-07,private
102940,KOLON LIFE SCIENCE Inc.,코오롱생명과학(주),20211202000442,CB,2021-12-02,무기명식 이권부 무보증 사모 전환사채,15000000000,0,3.5,2051-12-06,32611,100,2022-12-06,2051-11-06,,,2021-12-06,2021-12-06,private
102940,KOLON LIFE SCIENCE Inc.,코오롱생명과학(주),20241008000558,CB,2021-12-02,무기명식 이권부 무보증 사모 전환사채,25000000000,0,4,2051-12-10,21760,100,2022-12-10,2051-11-10,,,2021-12-06,2021-12-10,private
102940,KOLON LIFE SCIENCE Inc.,코오롱생명과학(주),20241122000494,CB,2024-11-22,무기명식 무이권부 무보증 사모 전환사채,12000000000,0,0,2029-11-26,17985,100,2025-11-26,2029-10-26,,,2024-11-26,2024-11-26,private
102940,KOLON LIFE SCIENCE Inc.,코오롱생명과학(주),20260305001172,CB,2025-11-11,무기명식 이권부 무보증 사모 전환사채,30000000000,0,5,2055-11-26,32820,100,2026-11-26,2055-10-26,,,2025-11-12,2025-11-26,private
009310,"Charm Engineering Co.,Ltd.",참엔지니어링(주),20180719000061,CB,2018-07-18,"무기명식 
이권부 
무보증사모전환사채",5500000000,0,2,2022-07-20,1710,100,2019-07-20,2022-06-20,,,2018-07-20,2018-07-20,private
009310,"Charm Engineering Co.,Ltd.",참엔지니어링(주),20180329001179,CB,2018-03-28,"무기명식 
이권부 
무보증사모전환사채",9400000000,0,2,2022-03-30,2383,100,2019-03-30,2022-02-28,,,2018-03-30,2018-03-30,private
009310,"Charm Engineering Co.,Ltd.",참엔지니어링(주),20201204000246,CB,2020-12-04,"무기명식 이권부 무보증 
사모 전환사채",10000000000,0,3,2023-12-08,1716,100,2021-12-08,2023-11-08,1202,,2020-12-08,2020-12-08,private
091120,"EM-Tech.CO.,LTD.",(주)이엠텍,20260416000302,EB,2026-04-16,무기명식 무보증 사모 교환사채,16547236266,0,0,2031-04-24,45622,100,2026-05-01,2031-03-24,,"not applicable (EB is exchanged for already-issued shares, not newly issued)",2026-04-20,2026-04-24,private
095340,"ISC Co., LTD.",(주)아이에스시,20200113000373,CB,2020-01-13,무기명식 이권부 무보증 사모 전환사채,30000000000,0,0,2025-01-15,10905,100,2021-01-15,2024-12-15,,,2020-01-15,2020-01-15,private
095340,"ISC Co., LTD.",(주)아이에스시,20230920000236,EB,2021-08-10,무기명식 이권부 무보증 사모 교환사채,6523050500,5,5,2027-03-09,27250,100,2022-02-10,2027-03-04,,"not applicable (EB is exchanged for already-issued shares, not newly issued)",2021-08-05,2022-02-09,private
095340,"ISC Co., LTD.",(주)아이에스시,20230920000242,EB,2022-02-08,무기명식 이권부 무보증 사모 교환사채,13476949500,5,5,2027-03-09,32524,100,2022-02-10,2027-03-04,,"not applicable (EB is exchanged for already-issued shares, not newly issued)",2022-02-08,2022-02-09,private
082210,OPTRONTEC Inc.,(주)옵트론텍,20150811000001,CB,2015-08-10,무기명식 이권부 무보증 사모 전환사채,13000000000,1,3.5,2018-08-12,5435,100,2016-08-12,2018-07-12,,,2015-08-11,2015-08-12,private
082210,OPTRONTEC Inc.,(주)옵트론텍,20190107000430,CB,2019-01-07,무기명식 이권부 무보증 사모 전환사채,5000000000,,,2024-01-09,4483,100,2020-01-09,2023-12-09,,,2019-01-08,2019-01-09,private
082210,OPTRONTEC Inc.,(주)옵트론텍,20210520000255,CB,2021-05-20,무기명식 이권부 무보증 사모 전환사채,16000000000,0,0,2024-05-26,8149,100,2022-05-26,2024-04-26,,,2021-05-26,2021-05-26,private
082210,OPTRONTEC Inc.,(주)옵트론텍,20201209000504,CB,2020-12-09,무기명식 이권부 무보증 사모 전환사채,12000000000,0,0,2023-12-11,7825,100,2021-12-11,2023-11-11,5478,,2020-12-11,2020-12-11,private
082210,OPTRONTEC Inc.,(주)옵트론텍,20211224000299,CB,2021-12-24,무기명식 이권부 무보증 사모 전환사채,1600000000,0,0,2024-12-30,8626,100,2022-12-30,2024-12-30,,,2021-12-30,2021-12-30,private
082210,OPTRONTEC Inc.,(주)옵트론텍,20221226000243,CB,2022-12-23,무기명식 이권부 무보증 사모 전환사채,4000000000,0,6,2025-12-26,3908,100,2023-12-26,2025-11-26,500,,2022-12-26,2022-12-26,private
082210,OPTRONTEC Inc.,(주)옵트론텍,20221230000369,CB,2022-12-26,무기명식 이권부 무보증 사모 전환사채,2000000000,0,6,2026-01-02,3850,100,2024-01-02,2025-12-02,2695,,2022-12-28,2023-01-02,private
082210,OPTRONTEC Inc.,(주)옵트론텍,20240527000376,CB,2024-05-27,무기명식 이권부 무보증 사모 전환사채,21000000000,0,3,2029-05-31,3959,100,2025-05-31,2029-04-30,2772,,2024-05-29,2024-05-31,private
082210,OPTRONTEC Inc.,(주)옵트론텍,20240923000374,CB,2024-09-23,무기명식 이권부 무보증 사모 전환사채,10000000000,0,3,2029-09-30,2210,100,2025-09-30,2029-08-30,1547,,2024-09-25,2024-09-30,private
082210,OPTRONTEC Inc.,(주)옵트론텍,20240923000394,CB,2024-09-23,무기명식 이권부 무보증 사모 전환사채,8000000000,0,3,2029-10-11,2210,100,2025-10-11,2029-09-11,1547,,2024-09-25,2024-10-11,private
082210,OPTRONTEC Inc.,(주)옵트론텍,20260513000484,CB,2026-05-11,무기명식 이권부 무보증 사모 전환사채,10000000000,0,3,2031-05-29,1922,100,2027-05-29,2031-04-29,1346,,2026-05-29,2026-05-29,private
082210,OPTRONTEC Inc.,(주)옵트론텍,20260513000478,CB,2026-05-11,무기명식 이권부 무보증 사모 전환사채,25000000000,0,3,2031-05-27,1922,100,2027-05-27,2031-04-27,1346,,2026-05-27,2026-05-27,private
082210,OPTRONTEC Inc.,(주)옵트론텍,20230329001295,BW,2023-03-03,무기명식 무보증 사모 신주인수권부사채,8000000000,2,12,2026-03-29,3620,100,2024-03-29,2026-03-28,2534,,2023-03-07,2023-03-29,private
114190,"KANGWON ENERGY Co., Ltd.",(주)강원에너지,20180614000629,CB,2018-06-07,무기명식 이권부 무보증 사모 전환사채,18000000000,0,3,2021-06-14,4608,100,2019-06-14,2021-05-14,,,2018-06-11,2018-06-14,private
114190,"KANGWON ENERGY Co., Ltd.",(주)강원에너지,20171116000123,CB,2017-11-16,무기명식 이권부 무보증 사모 전환사채,5000000000,0,2,2022-11-17,2760,100,2018-11-17,2022-10-17,,,2017-11-17,2017-11-17,private
114190,"KANGWON ENERGY Co., Ltd.",(주)강원에너지,20200630000676,CB,,무기명식 이권부 무보증 사모 전환사채,,,,,,,,,,,,,private
448710,"COTS Technology Co., Ltd.",코츠테크놀로지(주),20250711000379,EB,2025-07-11,무기명식 무보증 사모 교환사채,15000000000,0,0,2030-07-15,28061,100,2025-08-15,2030-06-15,,"not applicable (EB is exchanged for already-issued shares, not newly issued)",2025-07-15,2025-07-15,private
072770,"MemRAY BT Co., LTD.",(주)멤레이비티,20211008000555,CB,2020-04-09,무기명식 이권부 무보증 사모 전환사채,10010000000,1,3,2023-11-25,1538,100,2021-11-25,2023-10-25,,,2020-11-25,2020-11-25,private
072770,"MemRAY BT Co., LTD.",(주)멤레이비티,20211008000576,CB,2020-04-09,무기명식 이권부 무보증 사모 전환사채,5010000000,1,3,2023-11-25,1538,100,2021-11-25,2023-10-25,,,2020-11-25,2020-11-25,private
072770,"MemRAY BT Co., LTD.",(주)멤레이비티,20221122000327,CB,2022-11-22,무기명식 이권부 무보증 사모 전환사채,16000000000,0,3,2025-11-22,1775,100,2023-11-22,2025-10-21,500,,2022-11-22,2022-11-22,private
072770,"MemRAY BT Co., LTD.",(주)멤레이비티,20201109000368,CB,2020-04-09,무기명식 이권부 무보증 사모 전환사채,5010000000,3,5,2023-11-11,1594,100,2021-11-11,2023-10-11,,,2020-11-09,2020-11-11,private
072770,"MemRAY BT Co., LTD.",(주)멤레이비티,20220817000207,CB,2022-08-17,무기명식 이권부 무보증 사모 전환사채,5001000000,2,4,2025-08-19,1739,100,2023-08-19,2025-07-18,500,,2022-08-17,2022-08-19,private
072770,"MemRAY BT Co., LTD.",(주)멤레이비티,20250425000962,CB,2025-04-25,무기명식 이권부 무보증 사모 전환사채,21000000000,0,3,2028-04-29,1680,100,2026-04-29,2028-03-29,1176,,2025-04-25,2025-04-29,private
072770,"MemRAY BT Co., LTD.",(주)멤레이비티,20230119000441,CB,2023-01-19,무기명식 이권부 무보증 사모 전환사채,10000000000,2,6,2025-04-26,1884,100,2023-04-26,2025-03-25,500,,2022-04-22,2022-04-26,private
072770,"MemRAY BT Co., LTD.",(주)멤레이비티,20240112000593,CB,,,,,,,,,,,,,,,private
072770,"MemRAY BT Co., LTD.",(주)멤레이비티,20230823000450,CB,2023-08-23,무기명식 이권부 무보증 사모 전환사채,5001000000,0,4,2026-08-23,2226,100,2024-08-23,2026-07-23,500,,2023-08-23,2023-08-23,private
072770,"MemRAY BT Co., LTD.",(주)멤레이비티,20240731000520,CB,2024-07-31,무기명식 이권부 무보증 사모 전환사채,6000000000,0,4,2029-08-12,2006,100,2025-08-12,2029-07-12,1404,,2024-07-31,2024-08-12,private
072770,"MemRAY BT Co., LTD.",(주)멤레이비티,20240731000531,CB,2024-07-31,무기명식 이권부 무보증 사모 전환사채,6000000000,0,4,2029-08-12,2006,100,2025-08-12,2029-07-12,1404,,2024-07-31,2024-08-12,private
072770,"MemRAY BT Co., LTD.",(주)멤레이비티,20260421000451,CB,2025-10-02,무기명식 이권부 무보증 사모 전환사채,1502000000,4,4,2029-04-29,784,100,2027-04-29,2029-03-29,549,,2026-04-21,2026-04-29,private
012210,"Sammi Metal Products Co., Ltd.",삼미금속(주),20260601001500,CB,2026-06-01,무기명식 무이권부 무보증 사모 전환사채,30000000000,0,0,2031-06-10,13043,100,2027-06-10,2031-05-10,,,2026-06-10,2026-06-10,private
036540,"SFA Semicon Co., Ltd",(주)에스에프에이반도체,20150904000458,CB,2015-07-16,기명식 사모 전환사채,29733000000,6.9,6.9,2045-09-10,2485,100,2016-09-10,2045-08-10,,,2015-07-20,2015-09-10,private
036540,"SFA Semicon Co., Ltd",(주)에스에프에이반도체,20160412002197,BW,2015-07-16,기명식 사모 신주인수권부사채,30000000000,4.6,4.6,2045-09-10,2760,100,2016-09-10,2045-08-10,,,2015-07-20,2015-09-10,private
358570,GI Innovation Inc.,(주)지아이이노베이션,20240730000181,CB,2024-07-30,무기명식 이권부 무보증 사모 전환사채,10000000000,0,3,2029-08-08,11647,100,2025-08-08,2029-07-08,8153,,2024-08-01,2024-08-08,private
032800,Fantagio Corp.,(주)판타지오,20211129000754,CB,2021-11-29,무기명식 이권부 무보증 사모 전환사채,9000000000,1,2,2024-11-29,107,100,2022-11-29,2024-10-29,100,,2021-11-29,2021-11-29,private
032800,Fantagio Corp.,(주)판타지오,20210225003542,CB,2021-02-25,무기명식 무보증 전환사채,,,,,,,,,,,,,private
032800,Fantagio Corp.,(주)판타지오,20210923000324,CB,2021-07-19,무기명식 이권부 무보증 사모 전환사채,10000000000,1,2,2024-07-21,127,100,2022-07-21,2024-06-21,100,,2021-07-21,2021-07-21,private
032800,Fantagio Corp.,(주)판타지오,20251027000312,CB,2022-11-18,무기명식 이권부 무보증 사모 전환사채,13000000000,3,7,2026-11-18,518,100,2023-11-18,2026-11-17,100,,2022-11-18,2022-11-18,private
290560,"Parataxis Ethereum, Inc. ",파라택시스이더리움(주),20251204000469,CB,2025-12-04,무기명식무보증사모전환사채,6000000000,0,2,2030-12-31,7700,100,2026-12-31,2030-11-30,,,2025-12-04,2025-12-31,private
142280,GC Medical Science Corporation,(주)녹십자엠에스,20180103000356,CB,2018-01-03,무기명식 이권부 무보증 사모 전환사채,10000000000,0,0,2023-01-05,12220,100,2019-01-05,2022-12-05,,,2018-01-05,2018-01-05,private
142280,GC Medical Science Corporation,(주)녹십자엠에스,20220128000285,CB,2022-01-27,무기명식 무보증 사모 전환사채,30000000000,0,0,2027-02-04,6603,100,2023-02-04,2027-01-04,5283,,2022-02-03,2022-02-04,private
142280,GC Medical Science Corporation,(주)녹십자엠에스,20180103000375,BW,2018-01-03,무기명식 이권부 무보증 사모 비분리형 신주인수권부사채,10000000000,0,0,2023-01-05,12220,100,2019-01-05,2022-12-05,,,2018-01-05,2018-01-05,private
142280,GC Medical Science Corporation,(주)녹십자엠에스,20241016000313,BW,2024-10-16,무기명식 이권부 무보증 사모 신주인수권부사채,20000000000,0,3,2029-10-18,4043,100,2025-10-18,2029-09-18,2831,,2024-10-18,2024-10-18,private
032790,"MGEN SOLUTIONS CO., LTD.",(주)엠젠솔루션,20180212000403,CB,2018-02-12,무기명식 이권부 무보증 사모 전환사채,7000000000,1,3,2021-02-13,8971,100,2019-02-13,2021-01-13,,,2018-02-13,2018-02-13,private
032790,"MGEN SOLUTIONS CO., LTD.",(주)엠젠솔루션,20180213000346,CB,2018-02-13,무기명식 이권부 무보증 사모 전환사채,3270000000,1,3,2021-02-14,9825,100,2019-02-14,2021-01-14,,,2018-02-14,2018-02-14,private
032790,"MGEN SOLUTIONS CO., LTD.",(주)엠젠솔루션,20181129000844,CB,2018-11-26,무기명식 이권부 무보증 사모 전환사채,7000000000,4,6,2021-11-27,8361,100,2019-11-27,2021-10-27,,,2018-11-26,2018-11-27,private
032790,"MGEN SOLUTIONS CO., LTD.",(주)엠젠솔루션,20181211000333,CB,2018-12-11,무기명식 이권부 무보증 사모 전환사채,1700000000,3,6,2021-12-11,7297,100,2019-12-11,2021-11-11,,,2018-12-11,2018-12-11,private
032790,"MGEN SOLUTIONS CO., LTD.",(주)엠젠솔루션,20180530000656,CB,2018-05-30,무기명식 이권부 무보증 사모 전환사채,3000000000,1,3,2021-05-31,12282,100,2019-05-31,2021-04-30,,,2018-05-31,2018-05-31,private
032790,"MGEN SOLUTIONS CO., LTD.",(주)엠젠솔루션,20180601000373,CB,2018-06-01,무기명식 이권부 무보증 사모 전환사채,1700000000,1,3,2021-06-01,12070,100,2019-06-01,2021-05-01,,,2018-06-01,2018-06-01,private
032790,"MGEN SOLUTIONS CO., LTD.",(주)엠젠솔루션,20190531001891,CB,2019-05-31,무기명식 이권부 무보증 사모 전환사채,7000000000,2,4,2022-06-07,7945,100,2020-06-07,2022-05-07,,,2019-06-04,2019-06-07,private
032790,"MGEN SOLUTIONS CO., LTD.",(주)엠젠솔루션,20171208000278,CB,2017-12-08,무기명식 이권부 무보증 사모 전환사채,2000000000,1,3,2020-12-11,8564,100,2018-12-11,2020-11-10,,,2017-12-11,2017-12-11,private
032790,"MGEN SOLUTIONS CO., LTD.",(주)엠젠솔루션,20161228000324,CB,2016-12-28,무기명식 이권부 무보증 사모 전환사채,2000000000,2,4,2020-01-02,6620,100,2018-01-02,2019-12-01,,,2017-01-02,2017-01-02,private
032790,"MGEN SOLUTIONS CO., LTD.",(주)엠젠솔루션,20160112000252,CB,2016-01-12,무기명식 이권부 사모 전환사채,5000000000,3,3,2019-01-13,4715,100,2017-01-13,2018-12-13,,,,2016-01-13,private
032790,"MGEN SOLUTIONS CO., LTD.",(주)엠젠솔루션,20210831001717,CB,2021-08-31,무기명식 이권부 무보증 사모전환사채,4000000000,0,2,2024-08-31,1800,100,2022-08-31,2024-07-31,,,2021-08-31,2021-08-31,private
032790,"MGEN SOLUTIONS CO., LTD.",(주)엠젠솔루션,20240625000444,CB,2024-06-25,무기명식 이권부 무보증 사모 전환사채,5000000000,1,5,2027-06-27,1534,100,2025-06-27,2027-05-27,1074,,2024-06-25,2024-06-27,private
032790,"MGEN SOLUTIONS CO., LTD.",(주)엠젠솔루션,20230516000301,CB,2023-05-16,무기명식 이권부 무보증 사모 전환사채,6000000000,1,5,2026-05-18,2680,100,2024-05-18,2026-04-18,1876,,2023-05-16,2023-05-18,private
032790,"MGEN SOLUTIONS CO., LTD.",(주)엠젠솔루션,20240308000878,CB,2024-03-08,무기명식 이권부 무보증 사모 전환사채,3000000000,1,4,2027-03-12,1347,100,2025-03-12,2027-02-11,943,,2024-03-08,2024-03-12,private
032790,"MGEN SOLUTIONS CO., LTD.",(주)엠젠솔루션,20240809000605,CB,2024-08-09,무기명식 이권부 무보증 사모 전환사채,6000000000,1,4,2027-08-13,1472,100,2025-08-13,2027-07-12,1031,,2024-08-09,2024-08-13,private
032790,"MGEN SOLUTIONS CO., LTD.",(주)엠젠솔루션,20251202000333,CB,2025-12-01,무기명식 이권부 무보증 사모 전환사채,7500000000,2,6,2028-12-09,1007,100,2026-12-09,2028-11-09,705,,2025-12-01,2025-12-09,private
032790,"MGEN SOLUTIONS CO., LTD.",(주)엠젠솔루션,20260609000437,CB,2026-06-09,무기명식 이권부 무보증 사모 전환사채,3010000000,1,4,2029-06-09,1297,100,2027-06-09,2029-05-09,908,,2026-06-09,2026-06-09,private
146060,"YulChon co., Ltd",(주)율촌,20260605000303,CB,2026-05-22,무기명식 이권부 무보증 사모 전환사채,10000000000,0,0,2031-06-01,1499,100,2027-06-01,2031-05-01,,,2026-06-01,2026-06-01,private
054540,SAMYOUNG M-TEK C0. LTD.,삼영엠텍(주),20200424000597,CB,2020-04-24,무기명식 이권부 무보증 사모 전환사채,5000000000,,2,2023-04-29,3375,100,2021-04-29,2023-03-29,,,2020-04-28,2020-04-29,private
054540,SAMYOUNG M-TEK C0. LTD.,삼영엠텍(주),20251120000026,CB,2025-11-19,무기명식 이권부 무보증 사모 전환사채,4700000000,0,1,2030-11-27,18760,100,2026-11-27,2030-10-27,13132,,2025-11-21,2025-11-27,private
054540,SAMYOUNG M-TEK C0. LTD.,삼영엠텍(주),20251119000305,BW,2025-11-19,"무기명식 이권부 무보증 사모
비분리형 신주인수권부사채",9000000000,0,1,2030-11-27,18760,100,2026-11-27,2030-10-27,13132,,2025-11-21,2025-11-27,private
036630,"Sejong Telecom, Inc.",세종텔레콤(주),20160513003247,CB,2016-05-13,무기명식 이권부 무보증 사모 전환사채,20000000000,0,0,2021-05-17,1247,100,2017-05-17,2021-04-17,,,2016-05-17,2016-05-17,private
036630,"Sejong Telecom, Inc.",세종텔레콤(주),20231211000381,EB,2023-12-11,무기명식 이권부 무보증 사모 교환사채,40000000000,1.5,3.5,2028-12-15,46000,100,2023-12-18,2028-11-15,,"not applicable (EB is exchanged for already-issued shares, not newly issued)",2023-12-13,2023-12-15,private
036630,"Sejong Telecom, Inc.",세종텔레콤(주),20220428000572,EB,2022-04-27,무기명식 무보증 사모 교환사채,35000000000,0,0,2027-04-29,3698,100,2022-05-09,2027-03-29,,"not applicable (EB is exchanged for already-issued shares, not newly issued)",2022-04-29,2022-04-29,private
036630,"Sejong Telecom, Inc.",세종텔레콤(주),20230526000574,EB,2023-05-26,무기명식 이권부 무보증 사모 교환사채,50000000000,0,1,2025-05-31,76200,100,2023-06-08,2025-04-30,,"not applicable (EB is exchanged for already-issued shares, not newly issued)",2023-05-31,2023-05-31,private
043220,"TS Nexgen Co., Ltd.",(주)티에스넥스젠,20181221000211,CB,2018-12-21,무기명식 이권부 무보증 전환사채,6000000000,0,1,2022-01-18,686,100,2020-01-18,2021-12-18,,,2018-12-26,2019-01-18,private
043220,"TS Nexgen Co., Ltd.",(주)티에스넥스젠,20180906000415,CB,2018-09-06,무기명식 이권부 무보증 전환사채,17400000000,0,1,2021-09-07,1590,100,2019-09-07,2021-08-07,,,2018-09-07,2018-09-07,private
043220,"TS Nexgen Co., Ltd.",(주)티에스넥스젠,20180413002425,CB,2017-10-31,무기명식 이권부 무보증 전환사채,,0,,,,,,,,,2017-11-02,,private
043220,"TS Nexgen Co., Ltd.",(주)티에스넥스젠,20171031000185,CB,2017-10-31,무기명식 이권부 무보증 전환사채,2500000000,0,1,2020-11-01,1320,100,2018-11-01,2020-10-01,,,2017-11-01,2017-11-01,private
043220,"TS Nexgen Co., Ltd.",(주)티에스넥스젠,20160901000322,CB,2016-08-22,"무기명식 이권부 무보증 
사모 전환사채",16300000000,1,3,2019-09-01,2585,100,2017-09-01,2019-08-01,,,2016-08-24,2016-09-01,private
043220,"TS Nexgen Co., Ltd.",(주)티에스넥스젠,20161025000344,CB,2016-10-25,무기명식 이권부 무보증 전환사채,8100000000,1,3,2019-11-15,2355,100,2017-11-15,2019-10-15,,,2016-10-27,2016-11-15,private
043220,"TS Nexgen Co., Ltd.",(주)티에스넥스젠,20161107000350,CB,2016-11-07,무기명식 이권부 무보증 전환사채,2000000000,1,3,2019-11-15,2322,100,2017-11-15,2019-10-15,,,2016-11-09,2016-11-15,private
043220,"TS Nexgen Co., Ltd.",(주)티에스넥스젠,20170110000465,CB,2017-01-10,무기명식 이권부 무보증 전환사채,750000000,1,3,2020-01-12,2264,100,2018-01-12,2019-12-12,,,2017-01-12,2017-01-12,private
043220,"TS Nexgen Co., Ltd.",(주)티에스넥스젠,20211111000142,CB,2021-04-26,"무기명식 이권부
무보증 전환사채",33000000000,0,1,2024-04-30,1275,100,2022-04-30,2024-03-31,893,,2021-04-28,2021-04-30,private
043220,"TS Nexgen Co., Ltd.",(주)티에스넥스젠,20211130001598,CB,2021-11-30,무기명식 무보증 사모 전환사채,15000000000,0,3.5,2024-12-17,1651,100,2022-12-17,2024-12-16,500,,2021-12-02,2021-12-17,private
043220,"TS Nexgen Co., Ltd.",(주)티에스넥스젠,20240507000616,CB,2024-05-03,무기명식 이권부 무보증 사모 전환사채,6050000000,0,3,2027-05-07,887,100,2025-05-07,2027-05-06,621,,2024-05-07,2024-05-07,private
043220,"TS Nexgen Co., Ltd.",(주)티에스넥스젠,20240329003676,CB,2024-03-28,무기명식 이권부 무보증 사모 전환사채,19000000000,2,5,2027-04-04,1119,100,2025-04-04,2027-03-04,500,,2024-03-29,2024-04-04,private
043220,"TS Nexgen Co., Ltd.",(주)티에스넥스젠,20150430001472,BW,2015-04-13,무기명식 이권부 무보증 비분리형 사모 신주인수권부사채,6000000000,4,8,2018-05-12,1235,100,2016-05-12,2018-04-12,,,2015-04-13,2015-05-12,private
043220,"TS Nexgen Co., Ltd.",(주)티에스넥스젠,20240912000048,BW,2024-08-29,무기명식 이권부 무보증 비분리형 사모 신주인수권부사채,12500000000,3,8,2027-09-12,509,100,2025-09-12,2027-08-12,500,,2024-09-10,2024-09-12,private
043220,"TS Nexgen Co., Ltd.",(주)티에스넥스젠,20250213001252,BW,,,,,,,,,,,,,,,private
043220,"TS Nexgen Co., Ltd.",(주)티에스넥스젠,20250213001281,BW,,,,,,,,,,,,,,,private
043220,"TS Nexgen Co., Ltd.",(주)티에스넥스젠,20250213001298,BW,,,,,,,,,,,,,,,private
225220,GENOLUTION INC.,(주)제놀루션,20210607000143,CB,2021-06-04,무기명식 이권부 무보증 사모 전환사채,5000000000,1,1,2026-06-08,15852,100,2022-06-08,2026-05-08,11097,,2021-06-08,2021-06-08,private
212310,"Organ Eco Tech Co.,Ltd.",(주)오건에코텍,20191223000395,CB,2018-07-06,사모전환사채,2400000000,,3,2023-08-31,8255,100,2019-08-31,2023-07-31,,,2018-07-06,2018-08-31,private
212310,"Organ Eco Tech Co.,Ltd.",(주)오건에코텍,20220408002489,CB,,,,,,,,,,,,,,,private
212310,"Organ Eco Tech Co.,Ltd.",(주)오건에코텍,20250403003225,CB,,,,,,,,,,,,,,,private
212310,"Organ Eco Tech Co.,Ltd.",(주)오건에코텍,20200901000143,CB,2020-08-28,사모전환사채,500000000,,3,2023-08-31,4815,100,2021-08-31,2023-07-31,3370,,2020-08-28,2020-08-31,private
212310,"Organ Eco Tech Co.,Ltd.",(주)오건에코텍,20250421000384,CB,2022-04-06,사모전환사채,1500000000,,0.1,2025-07-18,4021,100,2023-04-18,2025-03-18,2820,,2022-04-06,2022-04-18,private
212310,"Organ Eco Tech Co.,Ltd.",(주)오건에코텍,20251024000517,CB,2023-04-24,사모전환사채,500000000,,3,2025-12-24,2591,100,2024-04-24,2025-03-24,1813,,2023-04-24,2023-04-24,private
212310,"Organ Eco Tech Co.,Ltd.",(주)오건에코텍,20260313001096,CB,2022-04-11,사모전환사채,1000000000,0,0.1,2026-09-15,3932,100,2023-04-13,2025-03-13,2760,,2022-04-11,2022-04-13,private
352910,Obigo Inc.,(주)오비고,20260406002143,CB,2026-03-25,무기명식 이권부 무보증 사모 전환사채,15000000000,0,1,2029-04-14,4436,100,2027-04-14,2029-03-14,3549,,2026-04-14,2026-04-14,private
249420,"IL DONG PHARMACEUTICAL CO., LTD.",일동제약(주),20210118000221,CB,2021-01-18,무기명식 무이권부 무보증 사모 전환사채,100000000000,0,0,2026-01-28,20000,100,2022-01-28,2025-12-28,16000,,2021-01-20,2021-01-28,private
249420,"IL DONG PHARMACEUTICAL CO., LTD.",일동제약(주),20231018000329,CB,2023-10-18,무기명식 이권부 무보증 사모 전환사채,30000000000,0,3,2028-10-20,18427,100,2024-10-20,2028-09-20,12899,,,2023-10-20,private
011080,HYUNGJI Innovation and Creative Company Limited,(주)형지아이앤씨,20150701000338,CB,2015-07-01,무기명식 이권부 무보증 사모 전환사채,10000000000,0,2,2019-07-03,1590,100,2016-07-03,2019-06-03,,,2015-07-03,2015-07-03,private
011080,HYUNGJI Innovation and Creative Company Limited,(주)형지아이앤씨,20180911000246,CB,2018-09-11,무기명식 이권부 무보증 사모 전환사채,7000000000,0,2,2021-09-13,1050,100,2019-09-13,2021-08-13,,,2018-09-13,2018-09-13,private
011080,HYUNGJI Innovation and Creative Company Limited,(주)형지아이앤씨,20160311000283,CB,2016-03-11,무기명식 이권부 무보증 사모 전환사채,5000000000,0,2,2020-03-15,1705,100,2017-03-15,2020-02-15,,,2016-03-15,2016-03-15,private
011080,HYUNGJI Innovation and Creative Company Limited,(주)형지아이앤씨,20230808000253,CB,2023-08-08,무기명식 이권부 무보증 사모 전환사채,4200000000,2,4,2026-08-10,920,100,2024-08-10,2026-07-10,644,,2023-08-10,2023-08-10,private
011080,HYUNGJI Innovation and Creative Company Limited,(주)형지아이앤씨,20210528000493,BW,2021-04-23,"국내 무기명식 이권부 무보증 
공모 신주인수권부사채",15000000000,2,4,2024-06-04,1838,100,2021-07-04,2024-05-04,1287,,2021-06-01,2021-06-04,public
011080,HYUNGJI Innovation and Creative Company Limited,(주)형지아이앤씨,20240424000494,BW,,무기명식 이권부 무보증 공모 신주인수권부사채,,,,,,,,,,,,,public
011080,HYUNGJI Innovation and Creative Company Limited,(주)형지아이앤씨,20240521000183,BW,2024-05-21,무기명식 이권부 무보증 사모 신주인수권부사채,3500000000,2,5.5,2027-05-23,861,100,2025-05-23,2027-04-23,603,,2024-05-21,2024-05-23,private
461300,"i-Scream Media CO., LTD.",(주)아이스크림미디어,20251112000563,EB,2025-11-06,무기명식 무보증 사모 교환사채,11967400620,0,0,2030-11-14,19980,100,2025-11-21,2030-10-14,,"not applicable (EB is exchanged for already-issued shares, not newly issued)",2025-11-13,2025-11-14,private
026150,TuksuConstruction,(주)특수건설,20180607000562,CB,2018-06-05,국내 무기명식 이권부 무보증 사모 전환사채,5000000000,0,0,2023-06-08,13350,100,2019-06-08,2023-05-08,,,2018-06-08,2018-06-08,private
026150,TuksuConstruction,(주)특수건설,20240528000313,CB,2024-05-28,무기명식 이권부 무보증 사모 전환사채,12000000000,0,0,2029-05-30,7671,100,2025-05-30,2029-04-30,5370,,2024-05-30,2024-05-30,private
026150,TuksuConstruction,(주)특수건설,20181113000730,BW,2018-11-13,"국내 무기명식 이권부 무보증 사모
 비분리형 신주인수권부사채",5000000000,0,0,2023-11-15,5080,100,2019-11-15,2023-10-15,,,2018-11-15,2018-11-15,private
090370,"METALABS CO., LTD.",(주)메타랩스,20180704000484,CB,2018-07-04,사모 기명식전환사채,2000000000,0,4,2021-07-04,4796,100,2019-07-04,2021-06-04,,,2018-07-04,2018-07-04,private
090370,"METALABS CO., LTD.",(주)메타랩스,20180801000361,CB,2018-08-01,"사모기명식
전환사채",3000000000,0,3,2023-08-30,5337,100,2019-08-30,2023-07-30,,,2018-08-01,2018-08-30,private
090370,"METALABS CO., LTD.",(주)메타랩스,20191108000463,CB,2018-03-22,사모 기명식전환사채,11600000000,2,4,2021-03-23,3050,100,2019-03-23,2021-02-23,,,2018-03-23,2018-03-23,private
090370,"METALABS CO., LTD.",(주)메타랩스,20180322000655,CB,2018-03-22,사모 기명식전환사채,11600000000,2,4,2021-03-23,3050,100,2019-03-23,2021-02-23,,,2018-03-23,2018-03-23,private
090370,"METALABS CO., LTD.",(주)메타랩스,20161228000249,CB,2016-12-28,사모 기명식전환사채,11900000000,2,5,2019-12-29,868,100,2017-12-29,2019-11-29,,,2016-12-28,2016-12-29,private
090370,"METALABS CO., LTD.",(주)메타랩스,20211125000282,CB,2021-10-29,무기명식 이권부 무보증 사모 전환사채,12000000000,2,3,2024-10-29,1085,100,2022-10-29,2024-09-29,500,,2021-10-29,2021-10-29,private
090370,"METALABS CO., LTD.",(주)메타랩스,20220422000628,CB,2021-11-25,무기명식 이권부 무보증 사모 전환사채,8000000000,2,3,2025-04-29,881,100,2023-04-29,2025-03-29,500,,2022-04-22,2022-04-29,private
090370,"METALABS CO., LTD.",(주)메타랩스,20240801000164,CB,2024-07-30,무기명식 무이권부 무보증 사모 전환사채,18100000000,0,0,2027-08-02,2500,100,2025-08-02,2027-07-02,2500,,2024-08-01,2024-08-02,private
179530,"ADBIOTECH Co.,Ltd.",(주)애드바이오텍,20200630000389,CB,2020-06-30,기명식 무보증 사모 전환사채,1000000000,0,3,2025-07-09,17800,100,2021-07-10,2025-07-08,,,2020-06-30,2020-07-09,private
179530,"ADBIOTECH Co.,Ltd.",(주)애드바이오텍,20210504000149,CB,2021-04-22,기명식 무보증 사모 전환사채,4500000000,0,0,2024-05-03,26433,100,2022-05-03,2024-05-02,21146,,2021-04-22,2021-05-03,private
179530,"ADBIOTECH Co.,Ltd.",(주)애드바이오텍,20240425000468,CB,2024-04-25,무기명식 무보증 사모 전환사채,4500000000,0,1,2029-04-26,2549,100,2025-04-26,2029-03-26,1785,,2024-04-26,2024-04-26,private
179530,"ADBIOTECH Co.,Ltd.",(주)애드바이오텍,20250703000268,CB,2025-06-05,무기명식 무보증 사모 전환사채,8000000000,0,3,2030-07-03,1865,100,2026-07-03,2030-06-03,1306,,2025-06-05,2025-07-03,private
179530,"ADBIOTECH Co.,Ltd.",(주)애드바이오텍,20251128002185,CB,2025-07-25,무기명식 무보증 사모 전환사채,8200000000,0,3,2030-11-28,3594,100,2026-11-28,2030-10-28,,,2025-07-25,2025-11-28,private
179530,"ADBIOTECH Co.,Ltd.",(주)애드바이오텍,20260220002253,CB,2025-07-25,무기명식 무보증 사모 전환사채,3751000000,0,3,2031-02-20,1810,100,2027-02-20,2031-01-20,,,2025-07-25,2026-02-20,private
179530,"ADBIOTECH Co.,Ltd.",(주)애드바이오텍,20260903000379,CB,2026-05-28,무기명식 무보증 사모 전환사채,2000000000,0,3,2031-10-29,2021,100,2027-10-29,2031-09-29,,,2026-08-21,2026-10-29,private
179530,"ADBIOTECH Co.,Ltd.",(주)애드바이오텍,20260903000385,CB,2026-06-26,무기명식 무보증 사모 전환사채,5500000000,0,3,2031-10-29,2021,100,2027-10-29,2031-09-29,,,2026-08-21,2026-10-29,private
179530,"ADBIOTECH Co.,Ltd.",(주)애드바이오텍,20251014000288,BW,2025-07-25,무기명식 무보증 사모 신주인수권부사채,2510000000,0,0,2030-10-21,3372,100,2026-10-21,2030-09-21,,,2025-07-25,2025-10-21,private
284620,"KAINOS MEDICINE, INC.",주식회사 카이노스메드,20200629000025,CB,2020-06-26,무기명식 무보증 사모 전환사채,20000000000,0,1,2025-06-30,5813,100,2021-06-30,2025-03-30,,,2020-06-30,2020-06-30,private
296640,"INNOAX CO.,LTD",(주)이노에이엑스,20240924000413,BW,2024-09-24,무기명식 이권부 무보증 사모 신주인수권부사채,5000000000,0,1,2026-09-26,5906,100,2025-09-26,2026-08-26,,,2024-09-26,2024-09-26,private
038680,S NET SYSTEMS.INC,에스넷시스템(주),20201118000182,CB,2020-11-18,무기명식 무보증 이권부 사모 전환사채,20000000000,0,0,2023-11-20,7183,100,2021-11-20,2023-10-20,5029,,2020-11-19,2020-11-20,private
038680,S NET SYSTEMS.INC,에스넷시스템(주),20221128000489,CB,2022-11-28,무기명식 이권부 무보증 사모 전환사채,5000000000,4,4,2025-11-30,5264,100,2023-11-30,2025-10-30,4212,,2022-11-30,2022-11-30,private
038680,S NET SYSTEMS.INC,에스넷시스템(주),20221212000258,EB,2022-12-12,무기명식 무보증 사모 교환사채,6000000000,0,2,2025-12-14,5418,100,2023-01-14,2025-11-14,,"not applicable (EB is exchanged for already-issued shares, not newly issued)",2022-12-14,2022-12-14,private
252990,"SEMCNS Co., Ltd.",(주)샘씨엔에스,20211126000514,CB,2021-11-26,무기명식 무보증 사모 전환사채,55000000000,0,0,2026-11-30,6429,100,2022-11-30,2026-10-30,5465,,2021-11-30,2021-11-30,private
347860,Alchera Inc.,주식회사 알체라,20211018000273,CB,2021-09-14,"무기명식 
이권부 무보증 사모 전환사채",26000000000,0,0,2026-09-17,33450,100,2022-09-17,2026-08-17,23415,,2021-09-16,2021-09-17,private
347860,Alchera Inc.,주식회사 알체라,20240228008557,CB,2021-11-25,무기명식 이권부 무보증 사모 전환사채,23000000000,0,4,2026-11-29,38116,100,2022-11-29,2026-10-29,26682,,2021-11-29,2021-11-29,private
347860,Alchera Inc.,주식회사 알체라,20250417000511,CB,2025-04-17,무기명식 이권부 무보증 사모 전환사채,6000000000,0,6,2028-04-21,1639,100,2026-04-21,2028-03-21,,,2025-04-21,2025-04-21,private
347860,Alchera Inc.,주식회사 알체라,20260513000252,CB,2026-05-13,무기명식 이권부 무보증 사모 전환사채,2500000000,0,2,2029-05-21,2476,100,2027-05-21,2029-04-21,1734,,2026-05-21,2026-05-21,private
009730,"IREM Co.,Ltd.",(주)이렘,20180208000505,CB,2018-02-08,무기명식 이권부 무보증 사모 전환사채,11000000000,0,2,2021-02-12,1507,100,2019-02-12,2021-01-12,,,2018-02-12,2018-02-12,private
009730,"IREM Co.,Ltd.",(주)이렘,20200325000001,CB,2020-03-24,무기명식 이권부 담보부 사모 전환사채,8848200000,0,4,2023-03-24,500,100,2021-03-25,2023-02-24,,,2020-03-24,2020-03-24,private
009730,"IREM Co.,Ltd.",(주)이렘,20181218000087,CB,2018-12-12,무기명식 이권부 무보증 사모 전환사채,8000000000,0,2,2022-01-11,1048,100,2020-01-12,2021-12-11,,,2018-12-12,2019-01-11,private
009730,"IREM Co.,Ltd.",(주)이렘,20181218000090,CB,2018-12-12,무기명식 이권부 무보증 사모 전환사채,10000000000,0,2,2022-02-12,1048,100,2020-02-13,2022-01-12,,,2018-12-12,2019-02-12,private
009730,"IREM Co.,Ltd.",(주)이렘,20181218000092,CB,2018-12-12,무기명식 이권부 무보증 사모 전환사채,10000000000,0,2,2022-02-13,1048,100,2020-02-14,2022-01-13,,,2018-12-12,2019-02-13,private
009730,"IREM Co.,Ltd.",(주)이렘,20181218000099,CB,2018-12-12,무기명식 이권부 무보증 사모 전환사채,10000000000,0,2,2022-02-28,1048,100,2020-02-29,2022-01-28,,,2018-12-12,2019-02-28,private
009730,"IREM Co.,Ltd.",(주)이렘,20200227000001,CB,2020-02-26,무기명식 이권부 담보부 사모 전환사채,11827500000,0,4,2023-02-26,988,100,2021-02-27,2023-01-26,,,2020-02-26,2020-02-26,private
009730,"IREM Co.,Ltd.",(주)이렘,20190211000319,CB,2018-12-12,무기명식 이권부 무보증 사모 전환사채,10000000000,0,2,2022-02-11,1048,100,2020-02-12,2022-01-11,,,2018-12-12,2019-02-11,private
009730,"IREM Co.,Ltd.",(주)이렘,20170425000733,CB,2017-04-11,,,,,,,,,,,,,,private
009730,"IREM Co.,Ltd.",(주)이렘,20160503001799,CB,2016-05-02,무기명식 이권부 무보증 전환사채,10000000000,0,3,2021-05-04,1965,100,2017-05-04,2021-04-04,,,2016-05-04,2016-05-04,private
009730,"IREM Co.,Ltd.",(주)이렘,20210917000600,CB,,무기명식 이권부 무보증 사모전환사채,,,,,,,,,,,,,private
009730,"IREM Co.,Ltd.",(주)이렘,20220310000898,CB,2022-03-07,무기명식 무보증 사모 전환사채,9341500000,0,4,2025-03-10,2715,100,2023-03-10,2025-02-10,500,,2022-03-10,2022-03-10,private
009730,"IREM Co.,Ltd.",(주)이렘,20230922000426,CB,2023-09-22,무기명식 이권부 무보증 사모 전환사채,13000000000,2,4,2028-09-26,4755,100,2024-09-26,2028-08-26,500,,2023-09-26,2023-09-26,private
009730,"IREM Co.,Ltd.",(주)이렘,20230922000447,CB,2023-09-22,무기명식 이권부 무보증 사모 전환사채,2000000000,2,4,2028-09-26,4755,100,2024-09-26,2028-08-26,500,,2023-09-26,2023-09-26,private
009730,"IREM Co.,Ltd.",(주)이렘,20240109000115,CB,2024-01-02,무기명식 이권부 무보증 사모 전환사채,7000000000,2,4,2026-01-10,2890,100,2025-01-10,2025-12-10,500,,2024-01-02,2024-01-10,private
009730,"IREM Co.,Ltd.",(주)이렘,20260807000388,CB,2026-08-07,무기명식 이권부 무보증 사모 전환사채,2499000000,0,4,2031-08-18,2130,100,2027-08-18,2031-07-18,1491,,2026-08-07,2026-08-18,private
041960,"KOMIPHARM INTERNATIONAL CO., LTD.",(주)코미팜,20151218000475,CB,2015-12-18,무기명식 이권부 무보증 사모 전환사채,9000000000,3,3,2020-12-24,39895,100,2016-12-24,2020-11-24,,,2015-12-22,2015-12-24,private
041960,"KOMIPHARM INTERNATIONAL CO., LTD.",(주)코미팜,20190605000516,CB,2019-06-05,무기명식 이권부 무보증 사모 전환사채,10000000000,0,0,2024-06-10,26439,100,2020-06-10,2024-05-10,,,,2019-06-10,private
041960,"KOMIPHARM INTERNATIONAL CO., LTD.",(주)코미팜,20180531002201,CB,2018-05-31,무기명식 이권부 무보증 사모 전환사채,10000000000,,,2021-06-04,30627,100,2019-06-04,2021-05-04,,,,2018-06-04,private
041960,"KOMIPHARM INTERNATIONAL CO., LTD.",(주)코미팜,20170112000430,CB,2017-01-12,무기명식 이권부 무보증 사모 전환사채,9000000000,,3,2020-01-16,33626,100,2018-01-16,2019-12-16,,,,2017-01-16,private
041960,"KOMIPHARM INTERNATIONAL CO., LTD.",(주)코미팜,20210331002537,CB,2021-03-31,무기명식 이권부 무보증 사모 전환사채,10000000000,0,0,2024-04-02,10494,100,2022-04-02,2024-03-02,7345,,,2021-04-02,private
041960,"KOMIPHARM INTERNATIONAL CO., LTD.",(주)코미팜,20230704000418,CB,2023-07-04,무기명식 이권부 무보증 사모 전환사채,15000000000,0,2,2026-07-06,7074,100,2024-07-06,2026-06-06,4952,,,2023-07-06,private
041960,"KOMIPHARM INTERNATIONAL CO., LTD.",(주)코미팜,20250730000398,CB,2025-07-30,무기명식 이권부 무보증 사모 전환사채,12000000000,0,0,2030-08-06,5330,100,2026-08-06,2030-07-06,3731,,2025-08-06,2025-08-06,private
105330,"KNW Co., Ltd.",(주)케이엔더블유,20240613000215,CB,2024-06-13,기명식 이권부 무보증 사모 전환사채,50000000000,1,2,2027-07-17,9035,100,2025-07-17,2027-07-16,6325,,2024-06-13,2024-07-17,private
000250,SAM CHUN DANG PHARM CO. LTD,삼천당제약(주),20181115000195,CB,2018-11-15,무기명식 이권부 무보증 사모 전환사채,10000000000,0,0,2021-11-19,35850,100,2019-11-19,2021-10-19,,,2018-11-16,2018-11-19,private
000250,SAM CHUN DANG PHARM CO. LTD,삼천당제약(주),20210225001848,CB,2021-02-24,무기명식 무보증 사모 전환사채,30000000000,0,0,2024-02-26,62163,100,2022-02-26,2024-01-26,43514,,2021-02-26,2021-02-26,private
000250,SAM CHUN DANG PHARM CO. LTD,삼천당제약(주),20181115000190,BW,2018-11-15,무기명식 이권부 무보증 사모 비분리형 신주인수권부사채,10000000000,0,0,2021-11-19,35850,100,2019-11-19,2021-10-19,,,2018-11-16,2018-11-19,private
000250,SAM CHUN DANG PHARM CO. LTD,삼천당제약(주),20250919000111,EB,2025-08-27,무기명식 무보증 사모 교환사채,29541900000,0,1,2029-09-19,196946,100,2025-09-20,2029-08-19,,"not applicable (EB is exchanged for already-issued shares, not newly issued)",2025-09-18,2025-09-19,private
241820,PCL. Inc,피씨엘(주),20210318000736,CB,2021-03-18,무기명식 이권부 사모 전환사채,27500000000,0,0,2026-03-19,34765,100,2022-03-19,2026-02-19,24336,,2021-03-19,2021-03-19,private
241820,PCL. Inc,피씨엘(주),20191023000435,CB,2019-10-23,무기명식 무보증 사모전환사채,6000000000,0,3,2024-10-25,7500,100,2020-10-25,2024-10-18,,,2019-10-24,2019-10-25,private
241820,PCL. Inc,피씨엘(주),20210319001171,CB,2021-03-18,무기명식 이권부 사모 전환사채,10000000000,0,0,2026-03-19,34765,100,2022-03-19,2026-02-19,24336,,2021-03-19,2021-03-19,private
321370,"SENSORVIEW CO., LTD.",주식회사 센서뷰,20260227007913,CB,,,,,,,,,,,,,,,private
321370,"SENSORVIEW CO., LTD.",주식회사 센서뷰,20251002000617,CB,2024-01-26,무기명식 무이권부 무보증 사모 전환사채,10000000000,0,2,2029-01-30,6217,100,2025-01-30,2028-12-30,,,2024-01-30,2024-01-30,private
321370,"SENSORVIEW CO., LTD.",주식회사 센서뷰,20251002000620,BW,2024-01-26,무기명식 무이권부 무보증 비분리형 사모 신주인수권부사채,1500000000,0,2,2029-01-30,6217,100,2025-01-30,2028-12-30,,,2024-01-30,2024-01-30,private
294140,LEMON COMPANY LIMITED,(주)레몬,20190329003958,CB,2019-03-29,기명식 무보증 무담보 사모 전환사채,10000000000,0,1,2022-03-29,8000,100,2020-03-29,2022-02-28,,,2019-03-29,2019-03-29,private
294140,LEMON COMPANY LIMITED,(주)레몬,20190329004019,CB,2019-03-29,기명식 무보증 무담보 사모 전환사채,10000000000,0,1,2022-03-29,8000,100,2020-03-29,2022-02-28,,,2019-03-29,2019-03-29,private
085810,Alticast Corporation,(주)알티캐스트,20191220000426,CB,2019-12-13,무기명식 무보증 사모 전환사채,12000000000,0,0,2024-12-16,2025,100,2020-12-16,2024-11-16,,,2019-12-16,2019-12-16,private
085810,Alticast Corporation,(주)알티캐스트,20230201000378,CB,2023-01-31,무기명식 이권부 무보증 사모 전환사채,5500000000,0,3,2028-02-02,1955,100,2024-02-02,2028-01-02,1369,,2023-02-02,2023-02-02,private
085810,Alticast Corporation,(주)알티캐스트,20230818000163,CB,2023-08-16,무기명식 이권부 무보증 사모 전환사채,3500000000,0,3,2028-08-18,1576,100,2024-08-18,2028-07-18,1103,,2023-08-18,2023-08-18,private
085810,Alticast Corporation,(주)알티캐스트,20250107000511,CB,2024-12-13,무기명식 이권부 무보증 후순위 사모 전환사채,7000000000,0,1,2055-01-10,687,100,2026-01-10,2054-12-10,,,2024-12-17,2025-01-10,private
085810,Alticast Corporation,(주)알티캐스트,20241223000433,CB,2024-12-13,무기명식 이권부 무보증 후순위 사모 전환사채,15000000000,0,1,2054-12-24,687,100,2025-12-24,2054-11-24,,,2024-12-17,2024-12-24,private
154030,"ASIA SEED Co.,Ltd.",농업회사법인아시아종묘(주),20181127000275,CB,2018-11-27,무기명식 이권부 무보증 사모 전환사채,5000000000,0,0,2022-12-05,6074,100,2019-12-05,2022-11-05,,,2018-11-29,2018-12-05,private
154030,"ASIA SEED Co.,Ltd.",농업회사법인아시아종묘(주),20201221000239,CB,2020-12-21,무기명식 무보증 사모 전환사채,5000000000,0,0,2024-12-23,6537,100,2021-12-23,2024-11-23,4576,,2020-12-22,2020-12-23,private
154030,"ASIA SEED Co.,Ltd.",농업회사법인아시아종묘(주),20220824000437,CB,2022-08-23,무기명식 이권부 무보증 사모 전환사채,3000000000,0,0,2026-08-25,4564,100,2023-08-25,2026-07-25,3195,,2022-08-25,2022-08-25,private
000040,"KR MOTORS CO., LTD",KR모터스(주),20150326000658,CB,2015-03-26,무보증 사모 전환사채,20000000000,0,4,2019-03-27,1420,100,2016-03-27,2019-03-20,,,2015-03-27,2015-03-27,private
000040,"KR MOTORS CO., LTD",KR모터스(주),20150710000551,CB,2015-07-10,무보증 사모 전환사채,20500000000,0,4,2019-07-14,1141,100,2016-07-14,2019-07-08,,,2015-07-14,2015-07-14,private
000040,"KR MOTORS CO., LTD",KR모터스(주),20190109000266,CB,2018-12-18,무보증 사모전환사채,27000000000,1,5,2021-12-26,518,100,2019-12-26,2021-12-25,,,2018-12-26,2018-12-26,private
000040,"KR MOTORS CO., LTD",KR모터스(주),20190327000742,CB,2019-03-27,무보증 사모전환사채,5300000000,0,4,2023-03-27,500,100,2020-03-27,2023-03-20,,,,2019-03-27,private
000040,"KR MOTORS CO., LTD",KR모터스(주),20201223000129,CB,2020-12-04,무보증 사모전환사채,35000000000,3,5,2024-12-23,1332,100,2021-12-23,2024-11-23,500,,2020-12-04,2020-12-23,private
000040,"KR MOTORS CO., LTD",KR모터스(주),20250828000174,CB,2025-07-29,무기명식 사모 전환사채,6000000000,2,9,2030-08-20,531,100,2026-08-20,2030-07-20,500,,2025-08-13,2025-08-20,private
000040,"KR MOTORS CO., LTD",KR모터스(주),20260317000516,CB,2026-03-11,무기명식 사모 전환사채,2500000000,2,9,2030-06-19,500,100,2027-03-19,2030-05-19,500,,2026-03-18,2026-03-19,private
000040,"KR MOTORS CO., LTD",KR모터스(주),20260317000525,CB,2026-03-11,무기명식 사모 전환사채,1000000000,2,9,2030-09-19,500,100,2027-03-19,2030-08-19,500,,2026-03-18,2026-03-19,private
000040,"KR MOTORS CO., LTD",KR모터스(주),20251001000766,CB,2025-07-29,무기명식 사모 전환사채,15000000000,2,9,2030-05-20,531,100,2026-08-20,2030-04-20,500,,2025-08-13,2025-08-20,private
000040,"KR MOTORS CO., LTD",KR모터스(주),20260330001122,CB,2026-03-23,무기명식 사모 전환사채,2000000000,2,9,2030-06-30,500,100,2027-03-31,2030-05-31,500,,2026-03-30,2026-03-31,private
000040,"KR MOTORS CO., LTD",KR모터스(주),20260330001154,CB,2026-03-23,무기명식 사모 전환사채,3500000000,2,9,2030-09-30,500,100,2027-03-31,2030-08-31,500,,2026-03-30,2026-03-31,private
000040,"KR MOTORS CO., LTD",KR모터스(주),20170721000079,BW,2017-07-10,국내 무기명식 이권부 무보증 신주인수권부사채,30000000000,1,5,2022-07-28,841,100,2017-08-28,2022-06-28,,,2017-07-26,2017-07-28,public
061250,"HWAIL PHARM. CO., LTD",화일약품(주),20240411003751,CB,2023-10-12,무기명식 이권부 무보증 사모 전환사채,4100000000,2,2,2027-04-18,1608,100,2025-04-18,2027-03-18,1126,,2024-04-11,2024-04-18,private
032860,"The Lamy Co., Ltd.",더라미(주),20191212000412,CB,2019-09-30,무기명식 무보증 사모 전환사채,5000000000,2,3,2022-12-13,562,100,2020-12-13,2022-11-13,,,2019-09-30,2019-12-13,private
032860,"The Lamy Co., Ltd.",더라미(주),20210408002193,CB,2020-07-08,무기명식 이권부 무보증 사모 전환사채,10000000000,2,3,2024-04-13,2590,100,2022-04-13,2024-03-13,2590,,2020-07-08,2021-04-13,private
032860,"The Lamy Co., Ltd.",더라미(주),20180905000062,CB,2018-09-05,무기명식 무보증 사모 전환사채,9000000000,1,1,2021-09-06,852,100,2019-09-06,2021-08-06,,,2018-09-06,2018-09-06,private
032860,"The Lamy Co., Ltd.",더라미(주),20160226001241,CB,2016-02-25,무기명식 무보증 전환사채,3800000000,1,5,2019-03-01,500,100,2017-03-01,2019-02-01,,,,2016-02-29,private
032860,"The Lamy Co., Ltd.",더라미(주),20200130000500,CB,2020-01-30,무기명식 무보증 사모 전환사채,10000000000,2,3,2023-01-30,500,100,2021-01-30,2022-12-30,,,2020-01-30,2020-01-30,private
018680,"SEOUL PHARMA CO.,LTD",(주)서울제약,20150427000716,CB,2015-04-27,무기명식 이권부 사모 전환사채,3500000000,0,3,2020-04-29,16198,100,2016-04-29,2020-03-29,,,2015-04-29,2015-04-29,private
018680,"SEOUL PHARMA CO.,LTD",(주)서울제약,20180718000274,CB,2018-07-18,무기명식 이권부 무보증 사모 전환사채,6000000000,0,0,2021-07-20,11350,100,2019-07-20,2021-06-20,,,2018-07-20,2018-07-20,private
018680,"SEOUL PHARMA CO.,LTD",(주)서울제약,20160420000411,CB,2016-04-08,국내 무기명식 무보증 공모 전환사채,20000000000,0,2,2019-04-28,14100,100,2016-05-28,2019-03-28,,,2016-04-25,2016-04-28,public
018680,"SEOUL PHARMA CO.,LTD",(주)서울제약,20220330001591,CB,2020-02-28,무기명식 이권부 무보증 사모 전환사채,15000000000,0,2,2025-03-27,6830,100,2021-03-27,2025-03-12,,,2020-03-27,2020-03-27,private
247540,"ECOPRO BM CO.,LTD.",(주)에코프로비엠,20230718000385,CB,2023-06-30,무기명식 이권부 무보증 사모 전환사채,440000000000,0,2,2028-07-24,275000,100,2024-07-24,2028-06-24,206250,,2023-07-04,2023-07-24,private
317690,QuantaMatrix Incorporated,주식회사 퀀타매트릭스,20241224000466,CB,2024-03-07,무기명식 이권부 무보증 사모 전환사채,17500000000,0,2.5,2029-03-08,4542,100,2025-03-08,2029-02-08,,,2024-03-08,2024-03-08,private
317690,QuantaMatrix Incorporated,주식회사 퀀타매트릭스,20251222000411,CB,2025-12-22,무기명식 이권부 무보증 후순위 사모 영구전환사채,36000000000,0,3,2055-12-30,4329,100,2026-12-30,2055-11-30,,,2025-12-30,2025-12-30,private
021880,MASON CAPITAL CORPORATION,메이슨캐피탈주식회사,20180528000495,CB,2018-05-28,무기명식 이권부 담보부 사모 전환사채,1700000000,1,5,2021-05-28,505,100,2019-05-28,2021-04-28,,,2018-05-28,2018-05-28,private
021880,MASON CAPITAL CORPORATION,메이슨캐피탈주식회사,20161129000162,CB,2016-11-11,무기명식 이권부 무보증 사모 전환사채,7400000000,2,6,2019-11-29,500,100,2017-11-29,2019-10-29,,,2016-11-11,2016-11-29,private
021880,MASON CAPITAL CORPORATION,메이슨캐피탈주식회사,20170303000562,CB,2017-03-03,무기명식 이권부 무보증 사모 전환사채,3700000000,1,6,2020-03-03,678,100,2018-03-03,2020-02-03,,,2017-02-09,2017-03-03,private
021880,MASON CAPITAL CORPORATION,메이슨캐피탈주식회사,20201106000258,CB,2020-11-06,무기명식 이권부 무보증 담보부 사모 전환사채,10000000000,6,6,2025-11-13,500,100,2021-11-13,2025-10-13,,,2020-11-06,2020-11-13,private
021880,MASON CAPITAL CORPORATION,메이슨캐피탈주식회사,20200521000360,CB,2020-05-21,무기명식 이권부 무보증 사모 전환사채,5000000000,,,,,,,,,,,,private
013720,"CHEONGBO CO., LTD.",청보(주),20200708000318,CB,2020-07-08,무기명식 이권부 무보증 사모 전환사채,4000000000,0,1.6,2023-07-09,2040,100,2021-07-09,2023-06-09,2040,,2020-07-08,2020-07-09,private
013720,"CHEONGBO CO., LTD.",청보(주),20210225002568,CB,2021-02-25,무기명식 이권부 무보증 사모 전환사채,5000000000,2,3,2024-02-26,8730,100,2022-02-26,2024-01-26,6111,,2020-12-02,2021-02-26,private
013720,"CHEONGBO CO., LTD.",청보(주),20210225002741,CB,2021-02-25,무기명식 이권부 무보증 사모 전환사채,10000000000,2,3,2024-02-26,8751,100,2022-02-26,2024-01-26,6126,,2021-01-04,2021-02-26,private
013720,"CHEONGBO CO., LTD.",청보(주),20210225002659,CB,2021-02-25,무기명식 이권부 무보증 사모 전환사채,5000000000,2,3,2024-02-26,8730,100,2022-02-26,2024-01-26,6111,,2020-12-02,2021-02-26,private
013720,"CHEONGBO CO., LTD.",청보(주),20220503000765,CB,2022-05-03,무기명식 이권부 무보증 사무 전환사채,7000000000,2,3,2025-05-04,2183,100,2023-05-04,2025-04-04,1529,,2022-05-04,2022-05-04,private
013720,"CHEONGBO CO., LTD.",청보(주),20230821000416,CB,2023-08-21,무기명식이권부 무보증 사모 전환사채,10000000000,2,8,2026-08-23,1448,100,2024-08-23,2026-07-23,1000,,2023-08-21,2023-08-23,private
013720,"CHEONGBO CO., LTD.",청보(주),20230821000482,CB,2022-07-08,무기명식 이권부 무보증 사모 전환사채,12000000000,2,6,2025-07-12,1382,100,2023-07-12,2025-06-12,100,,2022-07-08,2022-07-12,private
013720,"CHEONGBO CO., LTD.",청보(주),20240228002844,CB,2023-04-24,무기명식이권부 무보증 사모 전환사채,2000000000,3,7,2026-04-27,300,100,2024-04-27,2026-03-27,100,,2023-04-24,2023-04-27,private
013720,"CHEONGBO CO., LTD.",청보(주),20241028000246,CB,2023-04-11,무기명식이권부 무보증 사모 전환사채,6000000000,3,7,2026-04-13,326,100,2024-04-13,2026-03-13,100,,2023-04-11,2023-04-13,private
013720,"CHEONGBO CO., LTD.",청보(주),20260403002195,CB,2025-11-14,무기명식이권부 무보증 사모 전환사채,4100000000,5,7,2028-11-14,1000,100,2026-11-14,2028-10-14,1000,,2025-11-14,2025-11-14,private
013720,"CHEONGBO CO., LTD.",청보(주),20260324000468,CB,2025-03-12,무기명식이권부 무보증 사모 전환사채,10000000000,2,7,2028-03-14,1000,100,2026-03-14,2028-02-14,1000,,2025-03-12,2025-03-14,private
013720,"CHEONGBO CO., LTD.",청보(주),20210326001291,BW,2021-03-26,무기명식 무보증 비분리형 사모 신주인수권부사채,12000000000,1,5,2024-03-29,14200,100,2022-03-29,2024-02-29,9940,,2021-03-26,2021-03-29,private
013720,"CHEONGBO CO., LTD.",청보(주),20230131000270,BW,2021-03-29,무기명식 무보증 비분리형 사모 신주인수권부사채,5000000000,5,8,2024-03-31,14100,100,2022-03-31,2024-02-29,9870,,2021-03-29,2021-03-31,private
013720,"CHEONGBO CO., LTD.",청보(주),20170811001219,EB,2017-08-11,무기명식 이권부 무보증 사모 교환사채,741352810,0,0,2020-08-18,3070,100,2017-09-18,2020-07-18,,"not applicable (EB is exchanged for already-issued shares, not newly issued)",2017-08-18,2017-08-18,private
279060,INNOVEX Company Limited ,(주)이노벡스,20200306000674,CB,2020-03-06,무기명식 이권부 무보증 사모 전환사채,600000000,,3,2025-03-09,2000,100,2021-03-09,2025-02-09,,,2020-03-09,2020-03-09,private
279060,INNOVEX Company Limited ,(주)이노벡스,20230626000331,CB,2023-06-26,무기명식 이권부 무보증 사모 전환사채,1000000000,0,3,2026-06-28,3446,100,2024-06-28,2026-05-28,,,2023-06-26,2023-06-28,private
052420,"OSUNG ADVANCED MATERIALS CO., LTD.",오성첨단소재(주),20190923001214,CB,2019-08-29,무기명식 무보증 사모 전환사채,10000000000,2,4,2022-09-25,1810,100,2020-09-25,2022-08-25,,,2019-08-29,2019-09-25,private
052420,"OSUNG ADVANCED MATERIALS CO., LTD.",오성첨단소재(주),20210317000788,CB,2021-02-04,무기명식 무보증 사모 전환사채,10000000000,2,2,2024-03-19,4080,100,2022-03-19,2024-02-19,2856,,2021-03-17,2021-03-19,private
052420,"OSUNG ADVANCED MATERIALS CO., LTD.",오성첨단소재(주),20210504000402,CB,2021-04-16,무기명식 무보증 사모 전환사채,10000000000,2,2,2024-05-07,4168,100,2022-05-07,2024-04-07,2918,,2021-04-16,2021-05-07,private
052420,"OSUNG ADVANCED MATERIALS CO., LTD.",오성첨단소재(주),20221108000281,CB,2022-11-08,무기명식 무보증 사모 전환사채,2800000000,2,2,2025-11-15,2224,100,2023-11-15,2025-10-15,1557,,2022-11-08,2022-11-15,private
052420,"OSUNG ADVANCED MATERIALS CO., LTD.",오성첨단소재(주),20250930000724,CB,2025-09-30,무기명식 무보증 사모 전환사채,10000000000,4,4,2028-10-23,1715,100,2026-10-23,2028-09-23,1201,,2025-09-30,2025-10-23,private
052420,"OSUNG ADVANCED MATERIALS CO., LTD.",오성첨단소재(주),20251014000295,CB,2025-09-18,무기명식 무보증 사모 전환사채,7000000000,4,4,2028-10-15,1805,100,2026-10-15,2028-09-15,1264,,2025-09-18,2025-10-15,private
052420,"OSUNG ADVANCED MATERIALS CO., LTD.",오성첨단소재(주),20170420000042,BW,2017-03-31,국내 무기명식 무보증 공모 분리형 신주인수권부사채,24000000000,2,5,2022-04-27,761,100,2017-05-27,2022-03-27,,,2017-04-24,2017-04-27,public
228760,Genomictree Inc.,(주)지노믹트리,20210422000519,CB,2021-04-22,무기명식 이권부 무보증 사모 전환사채,50000000000,0,0,2026-04-30,14717,100,2022-04-30,2026-03-30,10302,,2021-04-26,2021-04-30,private
044340,WINIX INC.,(주)위닉스,20220310000360,EB,2022-03-10,무기명식 무보증 사모 교환사채,27000000000,0,0,2027-03-14,20174,100,2022-03-21,2027-02-14,,"not applicable (EB is exchanged for already-issued shares, not newly issued)",2022-03-14,2022-03-14,private
044340,WINIX INC.,(주)위닉스,20260306001019,EB,,,,,,,,,,,,"not applicable (EB is exchanged for already-issued shares, not newly issued)",,,private
044340,WINIX INC.,(주)위닉스,20200304000269,EB,2020-03-04,무기명식 무보증 사모 교환사채,40700000000,0,0,2025-03-06,27100,100,2020-03-16,2025-02-06,,"not applicable (EB is exchanged for already-issued shares, not newly issued)",2020-03-04,2020-03-06,private
244460,OLIPASS CORPORATION,올리패스(주),20191218000336,CB,2019-12-18,무기명식 무보증 사모 전환사채,14000000000,0,0,2024-12-20,23959,100,2020-12-20,2024-11-20,,,2019-12-20,2019-12-20,private
244460,OLIPASS CORPORATION,올리패스(주),20180329001188,CB,2017-08-04,무기명식 이권부 무보증 사모 전환사채,2000020000,0,4,2022-08-09,30000,100,2017-09-11,2022-08-09,,,2017-08-10,2017-08-10,private
244460,OLIPASS CORPORATION,올리패스(주),20180329001208,CB,2017-11-06,무기명식 이권부 무보증 사모 전환사채,19999920000,0,4,2022-11-29,30000,100,2018-12-03,2022-11-28,,,2017-11-30,2017-11-30,private
244460,OLIPASS CORPORATION,올리패스(주),20180329001231,CB,2017-12-04,무기명식 이권부 무보증 사모 전환사채,15000000000,0,4,2022-12-20,30000,100,2018-12-24,2022-12-19,,,2017-12-21,2017-12-21,private
244460,OLIPASS CORPORATION,올리패스(주),20240828000737,CB,,,,,,,,,,,,,,,private
244460,OLIPASS CORPORATION,올리패스(주),20240319000575,CB,2024-03-06,무기명식 이권부 무보증 사모 전환사채,3500000000,0,5,2029-03-21,529,100,2025-03-21,2029-02-21,529,,2024-03-21,2024-03-21,private
244460,OLIPASS CORPORATION,올리패스(주),20240311000001,CB,2023-12-18,무기명식 이권부 무보증 사모 전환사채,2000000000,0,5,2029-03-12,589,100,2025-03-12,2029-02-12,589,,2024-03-12,2024-03-12,private
244460,OLIPASS CORPORATION,올리패스(주),20240528000178,CB,2023-09-04,무기명식 이권부 무보증 사모 전환사채,2501000000,0,5,2029-05-29,1100,100,2025-05-29,2029-04-29,1100,,2024-05-28,2024-05-29,private
244460,OLIPASS CORPORATION,올리패스(주),20250331004241,CB,2025-03-31,무기명식 이권부 무보증 사모 전환상채,2000000000,0,5,2030-04-01,3800,100,2026-04-01,2030-03-01,,,2025-03-31,2025-04-01,private
244460,OLIPASS CORPORATION,올리패스(주),20251218000337,CB,2025-12-18,무기명식 이권부 무보증 사모 전환사채,600000000,0,3,2027-12-29,500,100,2026-12-29,2027-11-29,,,2025-12-29,2025-12-29,private
238500,"Solumix co,.Ltd.",(주)솔루믹스,20220523000194,CB,2022-05-20,무기명식 이권부 무보증 사모전환사채,2000000000,2,3,2025-05-20,1293,100,2023-05-20,2025-05-13,906,,2022-05-20,2022-05-20,private
238500,"Solumix co,.Ltd.",(주)솔루믹스,20240118000071,CB,2024-01-17,무기명식 이권부 무보증 사모전환사채,1000000000,2,3,2027-01-16,855,100,2025-01-17,2027-01-11,599,,2024-01-17,2024-01-17,private
238500,"Solumix co,.Ltd.",(주)솔루믹스,20240215000443,CB,2024-02-14,무기명식 이권부 무보증 사모전환사채,4380000000,2,3,2027-02-14,1182,100,2025-02-14,2027-01-09,827,,2024-02-14,2024-02-14,private
232530,"Energy Material Technology Co., Ltd.",(주)이엠티,20180918000294,CB,2018-09-18,무기명식 사모 전환사채,7500000000,0,4,2020-09-19,1700,100,2019-09-20,2020-08-19,,,2018-09-18,2018-09-20,private
327610,Femtobiomed Inc.,주식회사 펨토바이오메드,20250428000522,CB,,,,,,,,,,,,,,,private
038060,"LUMENS CO., LTD.",(주)루멘스,20180810000572,CB,2018-08-10,무기명식 무보증 사모 전환사채,8000000000,0,2,2023-08-14,3716,100,2019-08-14,2023-07-14,,,2018-08-14,2018-08-14,private
061970,"LB SEMICON, INC.",엘비세미콘(주),20251020000284,CB,2025-10-20,무기명식 이권부 무보증 후순위 사모 영구전환사채,60000000000,2,5,2055-10-30,5473,100,2026-10-30,2055-10-25,,,2025-10-20,2025-10-30,private
061970,"LB SEMICON, INC.",엘비세미콘(주),20250212000799,CB,2025-02-12,무기명식 이권부 무보증 사모 전환사채,14500000000,4,7,2028-02-14,4285,100,2026-02-14,2028-01-14,,,2025-02-14,2025-02-14,private
319660,PSK INC.,피에스케이 주식회사,20200626000158,EB,2020-06-26,무기명식 무보증 무담보 사모 교환사채,15000000000,0,0,2025-06-30,29039,100,2020-07-01,2025-05-30,,"not applicable (EB is exchanged for already-issued shares, not newly issued)",2020-06-30,2020-06-30,private
407400,GGUMBI Inc.,주식회사 꿈비,20240415000955,CB,2024-04-15,무기명식 이권부 무보증 사모 전환사채,20000000000,0,1,2029-04-17,8826,100,2025-04-17,2029-03-17,7944,,2024-04-17,2024-04-17,private
407400,GGUMBI Inc.,주식회사 꿈비,20250702000491,CB,2025-07-02,무기명식 무이권부 무보증  사모 전환사채,15000000000,0,0,2030-07-04,8399,100,2026-07-04,2030-06-04,7560,,2025-07-04,2025-07-04,private
068240,"DAWONSYS CO., LTD",(주)다원시스,20170404002102,CB,2017-04-04,무기명식 이권부 무보증 사모 전환사채,26000000000,0,0.5,2022-04-06,11661,100,2018-04-06,2022-03-06,,,2017-04-06,2017-04-06,private
068240,"DAWONSYS CO., LTD",(주)다원시스,20170404002108,CB,2017-04-04,무기명식 이권부 무보증 사모 전환사채,4000000000,0,0.5,2022-04-06,11661,100,2018-04-06,2022-03-06,,,2017-04-06,2017-04-06,private
068240,"DAWONSYS CO., LTD",(주)다원시스,20221110000162,CB,2022-11-10,무기명식 무보증 사모 전환사채,8000000000,0,0,2025-11-11,17650,100,2023-11-11,2025-10-11,12400,,2022-11-11,2022-11-11,private
068240,"DAWONSYS CO., LTD",(주)다원시스,20250710000607,CB,2025-07-10,무기명식 이권부 무보증 사모 전환사채,21500000000,0,1,2030-07-14,8656,100,2026-07-14,2030-06-14,6060,,2025-07-14,2025-07-14,private
068240,"DAWONSYS CO., LTD",(주)다원시스,20230224003151,BW,2023-02-24,"무기명식 무보증 사모
신주인수권부사채",25000000000,0,5,2026-02-28,14660,100,2024-02-28,2026-01-28,10270,,2023-02-28,2023-02-28,private
253610,"RootLoc Co., Ltd.",(주)루트락,20210319001369,CB,2021-03-15,무기명식 이권부 무보증 사모 전환사채,5450000000,2,4,2026-03-22,3567,100,2022-03-22,2026-02-22,2497,,2021-03-15,2021-03-22,private
253610,"RootLoc Co., Ltd.",(주)루트락,20220408002970,CB,2022-04-08,무기명식 이권부 무보증 사모 전환사채,4195000000,2,4,2027-04-14,2599,100,2023-04-14,2027-03-14,1820,,2022-04-08,2022-04-14,private
253610,"RootLoc Co., Ltd.",(주)루트락,20240618000319,CB,2024-06-17,무기명식 이권무 무보증 사모 전환사채,5170000000,2,4,2029-06-20,1251,100,2025-06-20,2029-05-20,876,,2024-06-19,2024-06-20,private
253610,"RootLoc Co., Ltd.",(주)루트락,20250701000250,CB,2025-06-30,무기명식 이권무 무보증 사모 전환사채,4645000000,2,4,2030-07-02,967,100,2026-07-02,2030-06-02,677,,2025-07-02,2025-07-02,private
087010,"Peptron, Inc.",(주)펩트론,20180129000339,CB,2018-01-29,무기명식 이권부 무보증 사모 전환사채,25500000000,0.5,2,2023-01-31,80674,100,2019-01-31,2023-01-24,,,2018-01-31,2018-01-31,private
087010,"Peptron, Inc.",(주)펩트론,20250728000296,EB,2025-07-28,무기명식 무이권부 무보증 사모 교환사채,24177490000,0,0,2030-08-05,326895,100,2025-08-06,2030-07-05,,"not applicable (EB is exchanged for already-issued shares, not newly issued)",2025-08-05,2025-08-05,private
105740,DK-Lok Corporation,디케이락(주),20201111000314,CB,2020-11-05,무기명 무보증 사모 전환사채,20000000000,0,0,2023-11-13,15018,100,2021-11-13,2023-10-13,10513,,2020-11-09,2020-11-13,private
005320,ONTIDE Corp.,(주)온타이드,20150615000347,CB,2015-06-15,무기명식 이권부 무보증 사모 전환사채,10000000000,1,2,2021-06-17,14150,100,2016-06-17,2021-05-17,,,2015-06-15,2015-06-17,private
005320,ONTIDE Corp.,(주)온타이드,20200625000391,CB,2020-06-25,제11회 무기명식 이권부 무보증 사모 전환사채,13500000000,2,3,2023-06-29,2935,100,2021-06-29,2023-05-29,,,2020-06-29,2020-06-29,private
005320,ONTIDE Corp.,(주)온타이드,20160629000250,CB,2016-06-27,무기명식 이권부 무보증 전환사채,20000000000,0,2,2022-06-29,10550,100,2017-06-29,2022-05-29,,,2016-06-29,2016-06-29,private
005320,ONTIDE Corp.,(주)온타이드,20171219000272,CB,2017-12-19,무기명식 이권부 무보증 전환사채,5500000000,0,2,2023-12-21,3245,100,2018-12-21,2023-11-21,,,2017-12-21,2017-12-21,private
005320,ONTIDE Corp.,(주)온타이드,20200805000400,CB,2020-08-05,제12회 무기명식 이권부 무보증 사모 전환사채,4300000000,2,3,2023-08-07,3211,100,2021-08-07,2023-07-07,500,,2020-08-07,2020-08-07,private
005320,ONTIDE Corp.,(주)온타이드,20210701000409,CB,2021-06-30,제13회 무기명식 이권부 무보증 사모 전환사채,12000000000,2,4,2024-07-05,3610,100,2022-07-05,2024-06-05,500,,2021-06-30,2021-07-05,private
005320,ONTIDE Corp.,(주)온타이드,20221130002016,CB,2022-11-30,제14회 무기명식 이권부 무보증 사모 전환사채,4000000000,3,3,2025-12-01,1202,100,2023-12-01,2025-11-01,500,,2022-11-25,2022-12-01,private
005320,ONTIDE Corp.,(주)온타이드,20200303000113,CB,2020-02-25,제10회 무기명식 이권부 무보증 사모 전환사채,15000000000,2,4,2023-03-04,1122,100,2021-03-04,2023-02-04,,,2020-02-25,2020-03-04,private
005320,ONTIDE Corp.,(주)온타이드,20221130002028,CB,2022-11-30,제15회 무기명식 이권부 무보증 사모 전환사채,5000000000,3,3,2025-12-02,1202,100,2023-12-02,2025-11-02,500,,2022-11-25,2022-12-02,private
005320,ONTIDE Corp.,(주)온타이드,20191217000060,BW,2019-12-05,국내 무기명식 이권부 무보증 신주인수권부사채,20000000000,2,4,2024-12-24,1235,100,2020-01-24,2024-11-24,,,2019-12-19,2019-12-24,public
011200,"HMM CO.,LTD",에이치엠엠(주) ,20150206000388,CB,2015-02-06,무보증 이권부 사모 전환사채,17600000000,8.75,10.25,2018-02-06,10112,100,2016-02-06,2018-01-06,,,2015-02-06,2015-02-06,private
011200,"HMM CO.,LTD",에이치엠엠(주) ,20150327001623,CB,2015-03-27,무보증 이권부 사모 전환사채,12800000000,8.52,10.02,2018-03-30,9517,100,2016-03-30,2018-02-28,,,2015-03-30,2015-03-30,private
011200,"HMM CO.,LTD",에이치엠엠(주) ,20151022000273,CB,2015-10-22,무보증 이권부 사모 전환사채,13600000000,8.62,10.12,2018-10-22,6647,100,2016-10-22,2018-09-22,,,2015-10-22,2015-10-22,private
011200,"HMM CO.,LTD",에이치엠엠(주) ,20151022000275,CB,2015-10-22,무보증 이권부 사모 전환사채,17900000000,8.62,10.12,2018-10-22,6647,100,2016-10-22,2018-09-22,,,2015-10-22,2015-10-22,private
011200,"HMM CO.,LTD",에이치엠엠(주) ,20190624000322,CB,2019-06-20,무기명식 이권부 무보증 사모전환사채,200000000000,3,,2049-06-27,5000,100,2020-06-28,2049-05-26,,,2019-06-27,2019-06-27,private
011200,"HMM CO.,LTD",에이치엠엠(주) ,20201203000079,CB,2020-11-18,무기명식 이권부 무보증 공모 전환사채,240000000000,1,3,2025-12-10,12850,100,2021-01-10,2025-11-10,10300,,2020-12-07,2020-12-10,public
011200,"HMM CO.,LTD",에이치엠엠(주) ,20191023000363,CB,2019-10-23,무기명식 이권부 무보증 사모전환사채,660000000000,3,,2049-10-28,5000,100,2020-10-29,2049-09-27,,,2019-10-25,2019-10-28,private
011200,"HMM CO.,LTD",에이치엠엠(주) ,20190527000378,CB,2019-05-22,무기명식 이권부 무보증 사모전환사채,100000000000,3,,2049-05-24,5000,100,2020-05-24,2049-04-24,,,2019-05-24,2019-05-24,private
011200,"HMM CO.,LTD",에이치엠엠(주) ,20181023000373,CB,2018-10-23,무기명식 이권부 무보증 사모전환사채,400000000000,3,,2048-10-25,5000,100,2019-10-25,2048-09-25,,,2018-10-25,2018-10-25,private
011200,"HMM CO.,LTD",에이치엠엠(주) ,20160803000480,CB,2016-08-02,기명식 이권부 무보증 사모 전환사채,200000000000,0,0.5,2019-06-30,9530,100,2017-08-02,2019-06-29,,,2016-08-02,2016-08-02,private
011200,"HMM CO.,LTD",에이치엠엠(주) ,20161219000261,CB,2016-12-19,기명식 이권부 무보증 사모 전환사채,300000000000,1,3,2021-06-30,6269,100,2017-12-19,2021-06-29,,,2016-12-19,2016-12-19,private
011200,"HMM CO.,LTD",에이치엠엠(주) ,20170307000670,CB,2017-03-07,무기명식 이권부 무보증 사모전환사채,600000000000,3,,2047-03-08,7498,100,2018-03-09,2047-02-08,,,2017-03-09,2017-03-09,private
011200,"HMM CO.,LTD",에이치엠엠(주) ,20200420000446,CB,2020-04-17,무기명식 이권부 무보증 사모전환사채,720000000000,3,,2050-04-23,5000,100,2021-04-24,2050-03-22,,,2020-04-23,2020-04-23,private
011200,"HMM CO.,LTD",에이치엠엠(주) ,20150903000101,BW,2015-08-24,국내 무기명식 이권부 무보증 신주인수권부사채,150000000000,3,7,2019-09-10,5000,100,2015-10-10,2019-08-10,,,2015-09-07,2015-09-10,public
011200,"HMM CO.,LTD",에이치엠엠(주) ,20181023000374,BW,2018-10-23,국내 무기명식 이권부 무보증 신주인수권부사채,600000000000,3,,2048-10-25,5000,100,2019-10-25,2048-09-25,,,2018-10-25,2018-10-25,private
317870,"Envioneer Co., Ltd.",(주)엔바이오니아,20230905000252,CB,2023-09-05,무기명식 이권부 무보증 사모 영구전환사채,12000000000,0,4,2053-09-07,16250,100,2024-09-07,2053-08-07,,,2023-09-07,2023-09-07,private
317870,"Envioneer Co., Ltd.",(주)엔바이오니아,20240308000832,CB,2021-03-10,무기명식 이권부 무보증 사모 전환사채,5000000000,0,0,2026-04-07,9751,100,2022-04-07,2026-03-07,6826,,2021-03-12,2021-04-07,private
317870,"Envioneer Co., Ltd.",(주)엔바이오니아,20250502000131,CB,2025-04-29,무기명식 이권부 무보증 사모 전환사채,20000000000,0,2,2030-05-02,18920,100,2026-05-02,2030-04-02,13244,,2025-05-02,2025-05-02,private
317870,"Envioneer Co., Ltd.",(주)엔바이오니아,20240308000789,BW,2021-03-10,"무기명식 이권부 무보증 비분리형
사모 신주인수권부사채",5000000000,0,0,2026-04-07,9751,100,2022-04-07,2026-03-07,6826,,2021-03-10,2021-04-07,private
208860,"DASAN DMC Co., Ltd.",(주)다산디엠씨,20191212000373,CB,2019-12-12,무기명식 무보증 사모 전환사채,15000000000,0,0,2022-12-13,6533,100,2020-12-13,2022-11-13,,,2019-12-12,2019-12-13,private
208860,"DASAN DMC Co., Ltd.",(주)다산디엠씨,20181203000121,CB,2018-12-03,무기명식 사모 전환사채,13000000000,0,3,2021-12-03,7051,100,2019-12-03,2021-11-03,,,2018-12-03,2018-12-03,private
208860,"DASAN DMC Co., Ltd.",(주)다산디엠씨,20181008000324,CB,2018-10-08,무기명식 무보증 사모 전환사채,1500000000,0,3,2021-10-12,31226,100,2019-10-12,2021-09-12,,,2018-10-08,2018-10-12,private
208860,"DASAN DMC Co., Ltd.",(주)다산디엠씨,20191125000432,CB,2019-11-25,무기명식 무보증 사모 전환사채,7000000000,0,4,2022-11-27,6072,100,2020-11-27,2022-10-27,,,2019-11-27,2019-11-27,private
208860,"DASAN DMC Co., Ltd.",(주)다산디엠씨,20171206000452,CB,2017-12-06,무기명식 이권부 무보증 사모 전환사채,5000000000,0,0,2021-01-05,17670,100,2019-01-05,2020-12-05,,,2017-12-06,2018-01-05,private
208860,"DASAN DMC Co., Ltd.",(주)다산디엠씨,20220907000511,CB,2022-09-06,무기명식 이권부 담보부 사모 전환사채,12000000000,1,7,2025-09-22,2200,100,2023-09-22,2025-08-22,,,2022-09-06,2022-09-22,private
208860,"DASAN DMC Co., Ltd.",(주)다산디엠씨,20250507000471,CB,2025-04-23,무기명식 이권부 무보증 사모 전환 사채,3500000000,0,1,2028-05-08,1900,100,2026-05-08,2028-04-08,,,2025-04-23,2025-05-08,private
208860,"DASAN DMC Co., Ltd.",(주)다산디엠씨,20230504000758,CB,2023-05-04,무기명식 이권부 담보부 사모 전환사채,4560000000,1,7,2026-05-04,2200,100,2024-05-04,2026-04-04,,,2023-05-04,2023-05-04,private
389470,Inventage Lab Inc.,주식회사 인벤티지랩,20230609000357,CB,2023-06-09,무기명식 이권부 무보증 사모 전환사채,15500000000,0,3,2028-06-13,9995,100,2024-06-13,2028-05-13,6997,,2023-06-13,2023-06-13,private
389470,Inventage Lab Inc.,주식회사 인벤티지랩,20250113000300,CB,2025-01-13,무기명식 이권부 무보증 사모 전환사채,4800000000,0,3,2030-01-15,19702,100,2026-01-15,2029-12-15,,,2025-01-15,2025-01-15,private
389470,Inventage Lab Inc.,주식회사 인벤티지랩,20240911000375,CB,2024-09-11,무기명식 이권부 무보증 사모 전환사채,39000000000,0,3,2029-09-20,18984,100,2025-09-20,2029-08-20,,,2024-09-13,2024-09-20,private
389470,Inventage Lab Inc.,주식회사 인벤티지랩,20260306001011,CB,2026-03-06,무기명식 이권부 무보증 사모 전환사채,37250000000,0,3,2031-03-16,91077,100,2027-03-16,2031-02-16,,,2026-03-16,2026-03-16,private
389470,Inventage Lab Inc.,주식회사 인벤티지랩,20260306001015,BW,2026-03-06,무기명식 이권부 무보증 사모 신주인수권부사채,8500000000,0,3,2031-03-16,91077,100,2027-03-16,2031-02-16,,,2026-03-16,2026-03-16,private
010170,"TAIHAN Fiberoptics Co.,LTD",대한광통신(주),20211026000278,CB,2021-10-26,무기명식 이권부 무보증 사모 전환사채,12500000000,0,0,2026-10-28,3527,100,2022-10-28,2026-09-28,2469,,2021-10-28,2021-10-28,private
010170,"TAIHAN Fiberoptics Co.,LTD",대한광통신(주),20231103000395,CB,2023-11-03,무기명식 이권부 무보증 사모 전환사채,23000000000,0,2,2028-11-07,1550,100,2024-11-07,2028-10-07,1085,,2023-11-07,2023-11-07,private
012170,"Ascendio Co., Ltd.",주식회사 아센디오,20150113000248,CB,2015-01-13,"무보증 사모
전환사채",15338262996,3,3,2018-01-13,1401,100,2016-01-13,2018-01-12,,,2015-01-13,2015-01-13,private
012170,"Ascendio Co., Ltd.",주식회사 아센디오,20150304000486,CB,2015-03-04,"무보증 사모
전환사채",2000000000,3,3,2018-03-04,1960,100,2016-03-04,2018-03-03,,,2015-03-04,2015-03-04,private
012170,"Ascendio Co., Ltd.",주식회사 아센디오,20150305000625,CB,2015-03-05,"무보증 사모
전환사채",1800000000,3,3,2018-03-05,1833,100,2016-03-05,2018-03-04,,,2015-03-05,2015-03-05,private
012170,"Ascendio Co., Ltd.",주식회사 아센디오,20150402000703,CB,2015-04-02,"무보증 사모
전환사채",220000000,5,5,2018-04-02,1649,100,2016-04-02,2018-04-01,,,2015-04-02,2015-04-02,private
012170,"Ascendio Co., Ltd.",주식회사 아센디오,20150402000580,CB,2015-04-02,"무보증 사모
전환사채",3875000000,3,7,2018-04-02,1649,100,2016-04-02,2018-04-01,,,2015-04-02,2015-04-02,private
012170,"Ascendio Co., Ltd.",주식회사 아센디오,20150417000449,CB,2015-04-17,"무보증 사모
전환사채",385000000,3,3,2018-04-17,1550,100,2016-04-17,2018-04-16,,,2015-04-17,2015-04-17,private
012170,"Ascendio Co., Ltd.",주식회사 아센디오,20150915000230,CB,2015-09-15,"무보증 사모
전환사채",1500000000,3,3,2018-09-15,742,100,2016-09-15,2018-09-14,,,2015-09-15,2015-09-15,private
012170,"Ascendio Co., Ltd.",주식회사 아센디오,20180705000362,CB,2018-06-27,"무기명식
무보증 사모
전환서채",7500000000,3,3,2021-06-27,584,100,2019-06-27,2021-06-26,,,2018-06-27,2018-06-27,private
012170,"Ascendio Co., Ltd.",주식회사 아센디오,20191120000290,CB,2018-07-24,"무기명식
무보증 사모
전환사채",5800000000,3,3,2021-07-31,507,100,2019-07-31,2021-07-30,,,2018-07-24,2018-07-31,private
012170,"Ascendio Co., Ltd.",주식회사 아센디오,20191120000295,CB,2018-08-03,"무기명식
무보증 사모
전환사채",5000000000,3,3,2021-08-06,500,100,2019-08-06,2021-08-05,,,2018-08-03,2018-08-06,private
012170,"Ascendio Co., Ltd.",주식회사 아센디오,20191120000316,CB,2018-09-28,"무기명식
무보증 사모
전환사채",1500000000,3,3,2021-09-28,500,100,2019-09-28,2021-09-27,,,2018-09-28,2018-09-28,private
012170,"Ascendio Co., Ltd.",주식회사 아센디오,20160704002699,CB,2016-07-04,"무보증 사모
전환사채",20000000000,3,3,2019-07-04,2176,100,2017-07-04,2019-07-03,,,2016-07-04,2016-07-04,private
012170,"Ascendio Co., Ltd.",주식회사 아센디오,20170630000630,CB,2017-06-30,"무보증 사모
전환사채",3700000000,3,3,2020-07-04,1013,100,2018-07-04,2020-07-03,,,2017-06-30,2017-07-04,private
012170,"Ascendio Co., Ltd.",주식회사 아센디오,20160427000677,CB,2016-04-27,"무보증 사모
전환사채",2700000000,3,3,2019-04-27,755,100,2017-04-27,2019-04-26,,,2016-04-27,2016-04-27,private
012170,"Ascendio Co., Ltd.",주식회사 아센디오,20170303000455,CB,2017-03-03,"무보증 사모
전환사채",15000000000,3,5,2020-03-23,1065,100,2018-03-23,2020-03-23,,,2017-03-03,2017-03-23,private
012170,"Ascendio Co., Ltd.",주식회사 아센디오,20211112001078,CB,2021-11-12,국내 무기명식 이권부 무보증 사모 전환사채,5000000000,0,3,2024-11-16,2725,100,2022-11-16,2024-10-16,500,,2021-11-16,2021-11-16,private
012170,"Ascendio Co., Ltd.",주식회사 아센디오,20220107000086,CB,2021-11-12,국내 무기명식 이권부 무보증 사모 전환사채,5000000000,0,1,2024-11-16,2725,100,2022-11-16,2024-10-16,1910,,2021-11-16,2021-11-16,private
012170,"Ascendio Co., Ltd.",주식회사 아센디오,20260226005407,CB,2023-11-22,"국내 무기명식 이권부
무보증 사모 전환사채",6000000000,0,3,2030-02-26,935,100,2028-02-26,2030-01-26,655,,2024-01-10,2027-02-26,private
012170,"Ascendio Co., Ltd.",주식회사 아센디오,20260226005476,CB,2023-11-22,"국내 무기명식 이권부
무보증 사모 전환사채",10000000000,0,3,2030-02-25,1035,100,2028-02-25,2030-01-25,725,,2024-01-29,2027-02-25,private
012170,"Ascendio Co., Ltd.",주식회사 아센디오,20260226005250,CB,2023-11-22,"국내 무기명식 이권부
무보증 사모 전환사채",6000000000,0,3,2030-02-26,935,100,2028-02-26,2030-01-26,655,,2024-01-10,2027-02-26,private
196300,"HLB Pep Co., Ltd.",에이치엘비펩(주),20230602000139,CB,2018-06-05,기명식 무보증 사모전환사채,15000000000,0,5,2024-06-08,19246,100,2019-06-08,2024-05-09,15397,,2018-06-08,2018-06-08,private
196300,"HLB Pep Co., Ltd.",에이치엘비펩(주),20250408002546,CB,2025-03-10,"무기명식
 무보증 사모 전환사채",30000000000,0,2,2028-04-08,8509,100,2026-04-08,2028-03-08,5957,,2025-04-07,2025-04-08,private
003570,"SNT DYNAMICS CO.,Ltd",SNT다이내믹스(주),20250523000597,EB,2025-05-23,무기명식 이권부 무보증 사모 교환사채,110000000000,,1,2028-01-14,43577,100,2025-07-15,2027-12-14,,"not applicable (EB is exchanged for already-issued shares, not newly issued)",2025-05-27,2025-07-14,private
088290,"EWON COMFORTECH CO.,LTD",이원컴포텍(주),20191118000139,CB,2019-10-10,무기명식 무보증 국내사모  전환사채,5000000000,2,4,2022-11-17,3490,100,2020-11-18,2022-11-17,,,2019-10-10,2019-11-18,private
088290,"EWON COMFORTECH CO.,LTD",이원컴포텍(주),20210126000122,CB,2021-01-22,무기명식 이권부 무보증 사모 전환사채,9500000000,2,3,2024-01-26,8223,100,2022-01-26,2023-12-25,500,,2021-01-22,2021-01-26,private
088290,"EWON COMFORTECH CO.,LTD",이원컴포텍(주),20210127000187,CB,2021-01-22,무기명식 이권부 무보증 사모 전환사채,10000000000,2,5,2024-01-28,8223,100,2022-01-28,2023-12-28,500,,2021-01-22,2021-01-28,private
088290,"EWON COMFORTECH CO.,LTD",이원컴포텍(주),20200225000001,CB,2020-02-24,무기명식 무보증 사모 전환사채,9295239300,2,2,2023-02-24,13352,100,2021-02-25,2023-02-24,,,2020-02-24,2020-02-25,private
088290,"EWON COMFORTECH CO.,LTD",이원컴포텍(주),20230306000447,CB,2023-03-02,무기명식 이권부 무보증 사모 전환사채,6400000000,0,5,2026-03-06,7322,100,2024-03-06,2026-02-06,5125,,2023-03-02,2023-03-06,private
088290,"EWON COMFORTECH CO.,LTD",이원컴포텍(주),20230302000601,CB,2023-03-02,무기명식 이권부 무보증 사모 전환사채,13000000000,0,5,2026-03-03,7322,100,2024-03-03,2026-02-03,5125,,2023-03-02,2023-03-03,private
088290,"EWON COMFORTECH CO.,LTD",이원컴포텍(주),20230221002668,CB,2022-02-21,무기명식 이권부 무보증 사모 전환사채,15000000000,2,5,2025-02-21,6998,100,2023-02-21,2025-01-21,5698,,2021-12-21,2022-02-21,private
088290,"EWON COMFORTECH CO.,LTD",이원컴포텍(주),20230619000209,CB,2021-12-21,무기명식 이권부 무보증 사모 전환사채,11000000000,2,5,2025-01-07,8140,100,2023-01-07,2025-01-06,5698,,2021-12-21,2022-01-07,private
088290,"EWON COMFORTECH CO.,LTD",이원컴포텍(주),20240423000416,CB,2024-03-13,무기명식 이권부 부보증 사모 전환사채,11710000000,4,8,2027-04-08,1604,100,2025-04-08,2027-03-08,1123,,2024-03-13,2024-04-08,private
088290,"EWON COMFORTECH CO.,LTD",이원컴포텍(주),20241105000192,CB,2024-11-05,무기명식 이권부 부보증 사모 전환사채,5000000000,3,7,2027-11-06,1149,100,2025-11-06,2027-10-06,805,,2024-11-05,2024-11-06,private
088290,"EWON COMFORTECH CO.,LTD",이원컴포텍(주),20260312001440,CB,2026-03-12,무기명식 이권부 무보증 사모 전환사채,4200000000,3,7,2029-03-20,614,100,2027-03-20,2029-02-20,500,,2026-03-20,2026-03-20,private
095500,"MNTECHCo.,Ltd.",미래나노텍(주),20181212000394,CB,2018-12-11,무기명식 무보증 사모 전환사채,15000000000,0,0,2023-12-12,3318,100,2019-12-12,2023-11-12,,,2018-12-12,2018-12-12,private
095500,"MNTECHCo.,Ltd.",미래나노텍(주),20180824000272,CB,2018-08-24,무기명식 무보증 사모 전환사채,8000000000,0,0,2023-08-28,3639,100,2019-08-28,2023-07-28,,,2018-08-28,2018-08-28,private
095500,"MNTECHCo.,Ltd.",미래나노텍(주),20231027000166,EB,2023-10-27,무기명식 무이권부 무보증 사모 교환사채,30000000000,0,0,2028-10-31,17883,100,2023-11-30,2028-09-30,,"not applicable (EB is exchanged for already-issued shares, not newly issued)",2023-10-31,2023-10-31,private
095500,"MNTECHCo.,Ltd.",미래나노텍(주),20230216000705,EB,2023-02-14,무기명식 무보증 사모 교환사채,30000000000,0,0,2028-02-16,19934,100,2023-03-16,2028-01-16,,"not applicable (EB is exchanged for already-issued shares, not newly issued)",2023-02-16,2023-02-16,private
095500,"MNTECHCo.,Ltd.",미래나노텍(주),20220928000056,EB,2022-09-28,무기명식 무보증 사모 교환사채,10000000000,0,0,2027-09-30,17765,100,2022-10-30,2027-08-30,,"not applicable (EB is exchanged for already-issued shares, not newly issued)",2022-09-30,2022-09-30,private
046210,"HLB PANAGENE Co., LTD.",에이치엘비파나진 주식회사,20230713000391,CB,2023-06-21,무기명식 무이권부 무보증 사모 전환사채,7100000000,0,0,2026-07-18,3489,100,2024-07-18,2026-06-18,2443,,2023-06-23,2023-07-18,private
046210,"HLB PANAGENE Co., LTD.",에이치엘비파나진 주식회사,20230713000394,CB,2023-06-21,무기명식 무이권부 무보증 사모 전환사채,19500000000,0,0,2026-07-18,3489,100,2024-07-18,2026-06-18,2443,,2023-06-23,2023-07-18,private
046210,"HLB PANAGENE Co., LTD.",에이치엘비파나진 주식회사,20240117000302,CB,2024-01-17,무기명식 무이권부 무보증 사모 전환사채,2000000000,0,0,2027-01-24,3999,100,2025-01-24,2026-12-24,,,2024-01-19,2024-01-24,private
046210,"HLB PANAGENE Co., LTD.",에이치엘비파나진 주식회사,20240510000846,CB,2024-05-10,무기명식 무보증 사모 영구전환사채,8500387230,0,0,2054-05-14,4195,100,2025-05-14,2054-04-14,,,2024-05-14,2024-05-14,private
046210,"HLB PANAGENE Co., LTD.",에이치엘비파나진 주식회사,20240510000864,CB,2024-05-10,무기명식 무보증 사모 영구전환사채,422193190,0,0,2054-05-14,4195,100,2025-05-14,2054-04-14,,,2024-05-14,2024-05-14,private
046210,"HLB PANAGENE Co., LTD.",에이치엘비파나진 주식회사,20241205000430,CB,2024-12-05,무기명식 무보증 사모 영구전환사채,1000165888,0,0,2054-12-11,2908,100,2025-12-11,2054-11-11,,,2024-12-09,2024-12-11,private
051160,GAEASOFT ,(주)지어소프트,20170418000466,CB,2017-04-18,"무기명 무보증 공모 
전환사채",999000000,5,5,2020-04-24,1628,100,2017-07-24,2020-03-24,,,2017-04-24,2017-04-24,public
051160,GAEASOFT ,(주)지어소프트,20160212000245,CB,2016-02-12,"무기명 무보증 공모 
전환사채",999000000,6,6,2019-02-15,1519,100,2016-05-15,2019-01-15,,,2016-02-15,2016-02-15,public
051160,GAEASOFT ,(주)지어소프트,20160920000202,CB,2016-09-20,무기명식 이권부 무보증 사모 전환사채,2000000000,4,4,2019-09-22,2522,100,2017-09-22,2019-08-22,,,2016-09-22,2016-09-22,private
051160,GAEASOFT ,(주)지어소프트,20201012000136,CB,2020-09-29,무기명식 무보증 사모 전환사채,10000000000,,,2025-10-08,13533,100,2021-10-08,2025-09-08,10826,,2020-10-06,2020-10-08,private
051160,GAEASOFT ,(주)지어소프트,20201215000183,EB,2020-12-15,무기명식 무보증 사모교환사채,10000000000,,,2025-12-17,455835,100,2020-12-18,2025-11-17,,"not applicable (EB is exchanged for already-issued shares, not newly issued)",2020-12-17,2020-12-17,private
002210,"DONGSUNG PHARMACEUTICAL CO.,LTD",동성제약(주),20180409002681,CB,2018-04-09,무기명식 이권부 무보증 사모 전환사채,24000000000,0,0,2023-04-16,21979,100,2019-04-16,2023-03-16,,,2018-04-11,2018-04-16,private
002210,"DONGSUNG PHARMACEUTICAL CO.,LTD",동성제약(주),20160711000510,CB,2016-07-11,무기명식 이권부 무보증 사모 전환사채,10000000000,0,0,2021-07-12,6073,100,2017-07-12,2021-06-12,,,2016-07-12,2016-07-12,private
002210,"DONGSUNG PHARMACEUTICAL CO.,LTD",동성제약(주),20250213000477,CB,2025-02-11,무기명식 이권부 무보증 사모 전환사채,20000000000,2,8,2028-02-13,4127,100,2026-02-13,2028-01-13,2889,,2025-02-13,2025-02-13,private
002210,"DONGSUNG PHARMACEUTICAL CO.,LTD",동성제약(주),20260403003449,CB,2026-04-01,무기명식 이권부 무보증 사모 전환사채,50000000000,6,10,2029-04-09,1000,100,2027-04-09,2029-03-09,1000,,2026-04-09,2026-04-09,private
002210,"DONGSUNG PHARMACEUTICAL CO.,LTD",동성제약(주),20230720000387,BW,2021-08-13,무기명식 이권부 무보증 사모 신주인수권부사채,8500000000,0,0,2026-08-23,10307,100,2022-08-23,2026-07-23,7215,,2021-08-18,2021-08-23,private
002210,"DONGSUNG PHARMACEUTICAL CO.,LTD",동성제약(주),20230720000407,BW,2023-07-20,무기명식 이권부 무보증 사모 신주인수권부사채,14000000000,1,2,2028-07-24,5878,100,2024-07-24,2028-06-24,4115,,2023-07-24,2023-07-24,private
002210,"DONGSUNG PHARMACEUTICAL CO.,LTD",동성제약(주),20241211000325,EB,2024-12-11,무기명식 이권부 무보증 사모 교환사채,3000000000,0,5,2027-12-13,4360,100,2025-01-13,2027-11-13,,"not applicable (EB is exchanged for already-issued shares, not newly issued)",,2024-12-13,private
002210,"DONGSUNG PHARMACEUTICAL CO.,LTD",동성제약(주),20250520000289,EB,,,,,,,,,,,,"not applicable (EB is exchanged for already-issued shares, not newly issued)",,,private
091970,"LSKAIROBOT CO.,LTD",(주)엘에스케이아이로봇,20180427000914,CB,2018-02-22,무기명 이권부 무보증 사모 전환사채,20000000000,0,3,2023-04-27,4140,100,2019-04-27,2023-04-27,,,2018-02-22,2018-04-27,private
091970,"LSKAIROBOT CO.,LTD",(주)엘에스케이아이로봇,20190730000184,CB,2018-11-02,무기명 이권부 무보증 사모 전환사채,5100000000,0,3,2022-07-30,4802,100,2020-07-30,2022-07-30,,,2019-07-30,2019-07-30,private
091970,"LSKAIROBOT CO.,LTD",(주)엘에스케이아이로봇,20180928000544,CB,2018-09-28,무기명 이권부 무보증 사모 전환사채,5100000000,0,3,2021-09-28,5003,100,2019-09-28,2021-09-28,,,2018-09-14,2018-09-28,private
091970,"LSKAIROBOT CO.,LTD",(주)엘에스케이아이로봇,20250103000243,CB,2024-11-22,무기명식 이권부 무보증 사모 전환사채,3000000000,0,5,2028-01-03,617,100,2026-01-03,2027-12-03,500,,2024-11-22,2025-01-03,private
091970,"LSKAIROBOT CO.,LTD",(주)엘에스케이아이로봇,20200925000390,CB,2020-09-25,무기명 이권부 무보증 사모 전환사채,10010000000,0,4,2023-09-28,2016,100,2021-09-28,2023-09-28,500,,2020-09-28,2020-09-28,private
091970,"LSKAIROBOT CO.,LTD",(주)엘에스케이아이로봇,20231024000053,CB,2023-10-11,무기명식 이권부 무보증 사모 전환사채,3000000000,0,6.5,2026-10-25,820,100,2024-10-25,2026-09-25,574,,2023-10-11,2023-10-25,private
091970,"LSKAIROBOT CO.,LTD",(주)엘에스케이아이로봇,20230707000213,CB,2023-07-06,무기명식 이권부 무보증 사모 전환사채,10000000000,0,6.5,2026-07-11,937,100,2024-07-11,2026-06-11,656,,2023-07-07,2023-07-11,private
091970,"LSKAIROBOT CO.,LTD",(주)엘에스케이아이로봇,20240724000410,CB,2023-10-11,무기명식 이권부 무보증 사모 전환사채,3002500000,0,0,2027-07-29,585,100,2025-07-29,2027-06-29,500,,2024-07-26,2024-07-29,private
091970,"LSKAIROBOT CO.,LTD",(주)엘에스케이아이로봇,20241030000204,CB,2024-10-18,무기명식 이권부 무보증 사모 전환사채,3000000000,5,6,2027-11-01,707,100,2025-11-01,2027-10-01,500,,2024-10-18,2024-11-01,private
091970,"LSKAIROBOT CO.,LTD",(주)엘에스케이아이로봇,20241217000327,CB,2024-10-28,무기명식 이권부 무보증 사모 전환사채,3000000000,5,6,2027-11-27,650,100,2025-11-27,2027-10-27,500,,2024-10-28,2024-11-27,private
091970,"LSKAIROBOT CO.,LTD",(주)엘에스케이아이로봇,20250925000545,CB,2023-10-11,무기명식 이권부 무보증 사모 전환사채,6000000000,5,6,2028-01-04,1065,100,2025-01-04,2027-12-04,500,,2024-01-04,2024-01-04,private
251630,"V-ONE TECH CO., LTD.",(주)브이원텍,20210310000581,CB,2021-03-09,무기명식 이권부 무보증 사모 전환사채,15000000000,0,0,2026-03-12,12131,100,2022-03-13,2026-02-12,10312,,2021-03-11,2021-03-12,private
054210,"Elentec Co., Ltd",(주)이랜텍,20190312001210,CB,2019-03-12,무기명식 이권부 무보증 사모 전환사채,12000000000,0,0,2024-03-18,3760,100,2020-03-18,2024-02-18,,,2019-03-14,2019-03-18,private
054210,"Elentec Co., Ltd",(주)이랜텍,20160105000630,CB,2016-01-05,기명식 무보증 이권부 사모 전환사채,3500000000,0,1.5,2021-01-07,6460,100,2017-01-07,2020-12-07,,,2016-01-07,2016-01-07,private
054210,"Elentec Co., Ltd",(주)이랜텍,20251117000218,EB,2025-11-12,무기명식 무보증 사모 교환사채,4273757530,0,0,2030-11-20,10570,100,2025-11-27,2030-11-13,,"not applicable (EB is exchanged for already-issued shares, not newly issued)",2025-11-20,2025-11-20,private
035890,"SEOHEE CONSTRUCTION CO., LTD.",(주)서희건설,20180213000507,CB,2018-02-07,무기명식 이권부 무보증 사모 전환사채,25000000000,5,5,2021-02-13,1339,100,2019-02-13,2021-01-13,,,2018-02-13,2018-02-13,private
035890,"SEOHEE CONSTRUCTION CO., LTD.",(주)서희건설,20160823000105,CB,2016-08-19,무기명식 이권부 무보증 사모 전환사채,40000000000,5,5,2019-08-25,1645,100,2017-08-25,2019-07-25,,,2016-08-25,2016-08-25,private
095720,"WOONGJIN THINKBIG CO., LTD.",(주)웅진씽크빅,20190429000576,CB,2019-03-14,"기
명식이권부무보증 사모 전환사채",250000000000,1,7,2027-03-22,3840,100,2020-03-23,2027-03-21,,,2019-03-14,2019-03-22,private
095720,"WOONGJIN THINKBIG CO., LTD.",(주)웅진씽크빅,20190429000580,CB,2019-03-14,"기명
식이권부무보증 사모 전환사채",250000000000,1,7,2027-03-22,3840,100,2020-03-23,2027-03-21,,,2019-03-14,2019-03-22,private
038530,KBIO LABS Inc.,(주)케이바이오랩스,20150611000121,CB,2015-06-11,무기명식 이권부 무보증 사모 전환사채,1000000000,9,9,2018-06-11,1757,100,2016-06-11,2018-05-11,,,2015-06-11,2015-06-11,private
038530,KBIO LABS Inc.,(주)케이바이오랩스,20150701000218,CB,2015-07-01,무기명식 이권부 무보증 사모 전환사채,800000000,9,9,2018-07-01,1688,100,2016-07-01,2018-06-01,,,2015-07-01,2015-07-01,private
038530,KBIO LABS Inc.,(주)케이바이오랩스,20190703000537,CB,2019-07-01,무기명식 무보증 사모 전환사채,2000000000,0,0,2022-07-01,2405,100,2020-07-01,2022-06-01,,,2019-07-01,2019-07-01,private
038530,KBIO LABS Inc.,(주)케이바이오랩스,20190703000545,CB,2019-07-01,무기명식 무보증 사모 전환사채,1500000000,0,0,2022-07-01,2405,100,2020-07-01,2022-06-01,,,2019-07-01,2019-07-01,private
038530,KBIO LABS Inc.,(주)케이바이오랩스,20190905000362,CB,2019-07-29,무기명식 무보증 사모 전환사채,10000000000,0,0,2022-10-01,1659,100,2020-09-17,2022-08-17,,,2019-09-05,2019-10-01,private
038530,KBIO LABS Inc.,(주)케이바이오랩스,20190502000667,CB,2019-02-15,무기명식 이권부 무보증 사모 전환사채,30000000000,3.8,3.8,2022-05-02,2125,100,2020-05-02,2022-04-02,,,2019-02-15,2019-05-02,private
038530,KBIO LABS Inc.,(주)케이바이오랩스,20180403002332,CB,2018-04-03,무기명식 이권부 무보증 사모 전환사채,5000000000,5,5,2021-04-04,5482,100,2019-04-04,2021-03-04,,,2018-04-04,2018-04-04,private
038530,KBIO LABS Inc.,(주)케이바이오랩스,20160624000904,CB,2016-06-24,무기명식 이권부 무보증 사모 전환사채,800000000,9,9,2019-06-24,1017,100,2017-06-24,2019-05-24,,,2016-06-24,2016-06-24,private
038530,KBIO LABS Inc.,(주)케이바이오랩스,20160720000112,CB,2016-07-20,무기명식 이권부 무보증 사모 전환사채,2000000000,9,9,2019-07-20,978,100,2017-07-20,2019-06-20,,,2016-07-20,2016-07-20,private
038530,KBIO LABS Inc.,(주)케이바이오랩스,20160908000226,CB,2016-09-08,무기명식 이권부 무보증 사모 전환사채,1000000000,9,9,2019-09-08,802,100,2017-09-08,2019-08-08,,,2016-09-08,2016-09-08,private
038530,KBIO LABS Inc.,(주)케이바이오랩스,20170508002813,CB,2017-05-08,무기명식 이권부 무보증 사모 전환사채,3000000000,4,5,2020-05-12,4152,100,2018-05-12,2020-04-12,,,2017-05-08,2017-05-12,private
038530,KBIO LABS Inc.,(주)케이바이오랩스,20170512006531,CB,2016-11-07,무기명식 이권부 무보증 사모 전환사채,11450000000,4,5,2020-05-12,4152,100,2018-05-12,2020-04-12,,,2017-05-08,2017-05-12,private
038530,KBIO LABS Inc.,(주)케이바이오랩스,20170703000397,CB,2017-07-03,무기명식 이권부 무보증 사모 전환사채,2000000000,0,5,2020-07-03,5023,100,2018-07-03,2020-06-03,,,2017-07-03,2017-07-03,private
038530,KBIO LABS Inc.,(주)케이바이오랩스,20211124000418,CB,2021-10-19,무기명식 무보증 이권부 사모 전환사채,10100000000,1,3,2024-11-24,1841,100,2022-11-24,2024-10-24,500,,2021-10-21,2021-11-24,private
038530,KBIO LABS Inc.,(주)케이바이오랩스,20200914000206,CB,2020-03-24,무기명식 무보증 이권부 사모 전환사채,6000000000,0,4,2023-06-12,1759,100,2021-06-12,2023-05-12,500,,2020-03-24,2020-06-12,private
038530,KBIO LABS Inc.,(주)케이바이오랩스,20200917000288,CB,2020-09-08,무기명식 무보증 이권부 사모 전환사채,10000000000,1,1,2023-09-17,1419,100,2021-09-17,2023-08-17,500,,2020-09-10,2020-09-17,private
038530,KBIO LABS Inc.,(주)케이바이오랩스,20210910000304,BW,2021-01-19,무기명식 무보증 사모 신주인수권부사채,10000000000,1,1,2024-01-22,1571,100,2022-01-22,2023-12-22,,,2021-01-21,2021-01-22,private
011300,"WOOSUNG MATERIALS CO.,LTD",(주)우성머티리얼스,20230127000669,CB,2023-01-02,무기명무담보사모전환사채,501000000,3,3,2026-01-27,874,100,2024-01-27,2026-01-27,500,,2023-01-02,2023-01-27,private
011300,"WOOSUNG MATERIALS CO.,LTD",(주)우성머티리얼스,20230112000471,CB,2023-01-11,무기명식 이권부 무보증 사모 전환사채,8000000000,5,9,2026-01-13,1094,100,2024-01-13,2025-12-13,766,,2023-01-11,2023-01-13,private
011300,"WOOSUNG MATERIALS CO.,LTD",(주)우성머티리얼스,20230313000627,CB,2023-03-13,무기명식 무보증 사모 전환사채,1000000000,0,6,2026-03-14,1044,100,2024-03-14,2026-02-14,731,,2023-03-13,2023-03-14,private
011300,"WOOSUNG MATERIALS CO.,LTD",(주)우성머티리얼스,20230707000599,CB,2023-06-29,무기명식 이권부 무보증 사모 전환사채,5000000000,5,9,2026-06-30,1023,100,2024-06-30,2026-05-30,717,,2023-02-23,2023-06-30,private
011300,"WOOSUNG MATERIALS CO.,LTD",(주)우성머티리얼스,20230829000754,CB,2022-08-01,무기명식 무담보 사모 전환사채,14000000000,0,5,2026-08-30,719,100,2024-08-30,2026-07-30,503,,2022-08-01,2023-08-30,private
011300,"WOOSUNG MATERIALS CO.,LTD",(주)우성머티리얼스,20240605000316,CB,2022-08-01,무기명식 이권부 무보증 사모 전환사채,22200000000,5,9,2027-06-03,719,100,2025-06-03,2027-05-03,503,,2022-08-01,2024-06-03,private
011300,"WOOSUNG MATERIALS CO.,LTD",(주)우성머티리얼스,20240712000432,CB,2024-06-10,무기명식 이권부 무보증 사모 전환사채,1251000000,5,9,2027-07-11,1400,100,2025-07-11,2027-06-11,980,,2024-06-10,2024-07-11,private
011300,"WOOSUNG MATERIALS CO.,LTD",(주)우성머티리얼스,20250328001007,CB,2024-06-10,무기명식 이권부 무보증 사모 전환사채,2500000000,4,7,2028-03-31,408,100,2026-03-31,2028-02-29,286,,2025-03-27,2025-03-31,private
011300,"WOOSUNG MATERIALS CO.,LTD",(주)우성머티리얼스,20260429000942,BW,2022-08-01,무기명식 무담보 사모 비분리형,30000000000,0,0,2029-10-16,4080,100,2027-10-16,2029-09-16,500,,2026-04-16,2026-10-16,private
104040,DSM Corporation,(주)디에스엠,20241105000115,CB,2024-11-05,무기명식 이권부 무보증 사모 전환사채,3500000000,0,3,2029-11-07,1015,100,2025-11-07,2029-10-07,,,2024-11-07,2024-11-07,private
104040,DSM Corporation,(주)디에스엠,20250910000302,CB,2025-09-10,무기명식 무이권부 무보증 사모 전환사채,7000000000,0,5,2029-09-18,1253,100,2026-09-18,2029-08-18,878,,2025-09-18,2025-09-18,private
104040,DSM Corporation,(주)디에스엠,20250910000305,CB,2025-09-10,무기명식 무이권부 무보증 사모 전환사채,2800000000,0,5,2029-09-18,1253,100,2026-09-18,2029-08-18,878,,2025-09-18,2025-09-18,private
104040,DSM Corporation,(주)디에스엠,20260619000665,CB,2026-06-19,무기명식 이권부 무보증 사모 전환사채,10000000000,0,2,2031-06-29,2011,100,2027-06-29,2031-05-29,1408,,2026-06-29,2026-06-29,private
234070,"A ONE CUBETECH CO., LTD.",주식회사 에이원큐브텍,20180502002110,CB,2018-04-30,기명식 사모 전환사채,2000000000,4.2,4.2,2020-01-02,61000,100,2019-05-02,2020-01-01,,,2018-05-02,2018-05-02,private
234070,"A ONE CUBETECH CO., LTD.",주식회사 에이원큐브텍,20180607000339,CB,2018-06-07,기명식 사모 전환사채,4000000000,1,6,2021-06-08,13900,100,2019-06-08,2021-06-07,,,2018-06-07,2018-06-08,private
234070,"A ONE CUBETECH CO., LTD.",주식회사 에이원큐브텍,20180906000104,CB,2018-09-05,기명식 사모 전환사채,2500000000,3.527,3.527,2020-10-05,65000,100,2019-09-05,2020-10-04,,,2018-09-05,2018-09-05,private
234070,"A ONE CUBETECH CO., LTD.",주식회사 에이원큐브텍,20171031000224,CB,2017-10-30,기명식 사모 전환사채,1000000000,4.252,4.252,2018-10-30,29000,100,2017-10-31,2018-10-29,,,2017-10-30,2017-10-30,private
234070,"A ONE CUBETECH CO., LTD.",주식회사 에이원큐브텍,20220530000730,CB,2022-05-27,기명식 무보증 사모 전환사채,12000000000,8,12,2027-06-27,3000,100,2024-06-28,2027-06-26,,,2022-06-20,2022-06-27,private
334970,"Prestige Biologics Co., Ltd.",프레스티지바이오로직스(주),20260622000362,CB,2023-03-14,무기명식 무보증 사모 전환사채,45500000000,0,4.83,2027-03-20,3534,100,2024-03-20,2027-02-20,2474,,2023-03-15,2023-03-20,private
060590,"CTC BIO, INC.",(주)씨티씨바이오,20181002000438,CB,2018-10-02,무기명식 무보증 사모 전환사채,21000000000,0,1,2023-10-04,12950,100,2019-10-04,2023-09-04,,,2018-10-04,2018-10-04,private
060590,"CTC BIO, INC.",(주)씨티씨바이오,20170822000279,CB,2017-08-22,무기명식 이권부 무보증 사모 전환사채,20000000000,0,2,2022-08-25,7120,100,2018-08-25,2022-08-18,,,2017-08-24,2017-08-25,private
060590,"CTC BIO, INC.",(주)씨티씨바이오,20200923000402,BW,2020-09-23,무기명식 이권부 무보증 비분리형 사모 신주인수권부사채,10000000000,0,1,2023-09-25,8519,100,2021-09-25,2023-08-25,5964,,2020-09-25,2020-09-25,private
023440,J Steel Company Holdings Inc.  ,제이스코홀딩스(주),20220615000374,CB,2022-06-14,무기명식 이권부 무보증 사모 전환사채,10000000000,3,7,2025-06-15,2262,100,2023-06-15,2025-05-15,500,,2022-06-14,2022-06-15,private
023440,J Steel Company Holdings Inc.  ,제이스코홀딩스(주),20230427000851,CB,2023-04-12,"무기명식 이권부
 무보증 사모 전환사채",40000000000,2,6.5,2026-04-27,4501,100,2024-04-27,2026-03-27,500,,2023-04-14,2023-04-27,private
023440,J Steel Company Holdings Inc.  ,제이스코홀딩스(주),20230502001015,CB,2021-05-26,무기명식 이권부 무보증 사모 전환사채,38000000000,4.5,4.5,2023-06-04,3498,100,2022-06-04,2023-05-25,2449,,2021-05-26,2021-06-04,private
023440,J Steel Company Holdings Inc.  ,제이스코홀딩스(주),20260622000404,CB,2024-11-19,"무기명식 이권부 
무보증 사모 전환사채",40000000000,7.5,11.2,2028-01-15,1670,100,2026-01-15,2027-12-15,1169,,2025-01-15,2025-01-15,private
023440,J Steel Company Holdings Inc.  ,제이스코홀딩스(주),20260714000457,CB,2026-07-06,"무기명식 이권부 
무보증 사모 전환사채",2500000000,6,6,2029-07-22,506,100,2027-07-22,2029-06-22,500,,2026-07-09,2026-07-22,private
023440,J Steel Company Holdings Inc.  ,제이스코홀딩스(주),20260714000466,CB,2026-07-14,"무기명식 이권부 
무보증 사모 전환사채",2500000000,6,6,2029-07-22,506,100,2027-07-22,2029-06-22,500,,2026-07-14,2026-07-22,private
023440,J Steel Company Holdings Inc.  ,제이스코홀딩스(주),20201203000309,BW,2020-09-16,"국내 무기명식 이권부 무보증 
주주우선공모 분리형 신주인수권부사채",20000000000,2,4,2023-12-04,1715,100,2021-01-04,2023-11-04,1205,,2020-11-26,2020-12-04,public
332290,"NOUSBO CO., LTD",(주)누보,20220901000363,CB,2022-09-01,무기명식 무보증 사모 전환사채,20000000000,0,0,2027-09-06,2791,100,2023-09-06,2027-08-06,2373,,2022-09-01,2022-09-06,private
332290,"NOUSBO CO., LTD",(주)누보,20250828001308,CB,2024-08-23,무기명식 무보증 이권부 사모 전환사채,11000000000,0,2,2029-08-27,1404,100,2025-08-27,2029-07-27,983,,2024-08-27,2024-08-27,private
006380,CAPRO CORPORATION,(주)카프로,20240430001155,CB,,,,,,,,,,,,,,,private
029480,"Kwangmu Co.,Ltd.",(주)광무,20191104000310,CB,2019-06-20,무기명식 이권부 무보증 사모 전환사채,10000000000,2,6,2022-11-06,838,100,2020-11-06,2022-10-06,,,2019-06-20,2019-11-06,private
029480,"Kwangmu Co.,Ltd.",(주)광무,20191104000311,CB,2019-06-20,무기명식 이권부 무보증 사모 전환사채,10000000000,2,5,2022-11-06,838,100,2020-11-06,2022-10-06,,,2019-06-20,2019-11-06,private
029480,"Kwangmu Co.,Ltd.",(주)광무,20180927000371,CB,2018-09-27,무기명식 이권부 무보증 사모 전환사채,1000000000,4,4,2021-09-28,757,100,2019-09-28,2021-08-28,,,2018-09-27,2018-09-28,private
029480,"Kwangmu Co.,Ltd.",(주)광무,20180927000376,CB,2018-09-27,무기명식 이권부 무보증 사모 전환사채,3000000000,4,4,2021-09-28,757,100,2019-09-28,2021-08-28,,,2018-09-27,2018-09-28,private
029480,"Kwangmu Co.,Ltd.",(주)광무,20160318000647,CB,2016-03-18,무기명식 이권부 무보증 사모 전환사채,8000000000,5,5,2019-03-21,2523,100,2017-03-21,2019-02-21,,,2016-03-21,2016-03-21,private
029480,"Kwangmu Co.,Ltd.",(주)광무,20211124000343,CB,2021-10-29,"무기명식 이권부 무보증
 사모 전환사채",35000000000,0,0,2024-11-26,529,100,2022-11-26,2024-10-26,,,2021-10-29,2021-11-26,private
029480,"Kwangmu Co.,Ltd.",(주)광무,20211125000360,CB,2021-10-29,"무기명식 이권부 무보증
 사모 전환사채",5000000000,0,0,2024-11-30,529,100,2022-11-30,2024-10-30,,,2021-10-29,2021-11-30,private
029480,"Kwangmu Co.,Ltd.",(주)광무,20210329000249,CB,2020-08-14,무기명식 이권부 무보증 사모 전환사채,7501000000,8,8,2024-03-29,722,100,2022-03-29,2024-02-29,100,,2021-03-29,2021-03-29,private
029480,"Kwangmu Co.,Ltd.",(주)광무,20210326000665,CB,2020-08-14,무기명식 이권부 무보증 사모 전환사채,5100000000,8,8,2024-03-26,739,100,2022-03-26,2024-02-26,100,,2021-03-26,2021-03-26,private
029480,"Kwangmu Co.,Ltd.",(주)광무,20220118000249,CB,2021-10-29,"무기명식 이권부 무보증
 사모 전환사채",10000000000,0,0,2025-01-20,529,100,2023-01-20,2024-12-20,,,2021-10-29,2022-01-20,private
029480,"Kwangmu Co.,Ltd.",(주)광무,20200330002241,CB,2019-06-20,무기명식 이권부 무보증 사모 전환사채,1000000000,6,6,2023-03-30,484,100,2021-03-30,2023-02-28,,,2020-03-27,2020-03-30,private
029480,"Kwangmu Co.,Ltd.",(주)광무,20200327000435,CB,2019-06-20,무기명식 이권부 무보증 사모 전환사채,5100000000,6,6,2023-03-27,484,100,2021-03-27,2023-02-27,,,2020-03-27,2020-03-27,private
029480,"Kwangmu Co.,Ltd.",(주)광무,20230526000352,CB,2022-08-25,"무기명식 이권부 무보증
 사모 전환사채",5010000000,3,5,2026-05-26,3534,100,2024-05-26,2026-04-26,,,2022-08-25,2023-05-26,private
029480,"Kwangmu Co.,Ltd.",(주)광무,20230623000446,CB,2023-06-23,"무기명식 이권부 무보증
 사모 전환사채",3000000000,4,6,2026-07-03,3408,100,2024-07-03,2026-06-03,2386,,2023-06-23,2023-07-03,private
029480,"Kwangmu Co.,Ltd.",(주)광무,20240830001739,CB,2023-12-05,"무기명식 이권부 무보증
 사모 전환사채",7000000000,3,3,2027-09-27,2069,100,2025-09-27,2027-08-27,,,2023-12-05,2024-09-27,private
029480,"Kwangmu Co.,Ltd.",(주)광무,20240830001770,CB,2023-12-05,"무기명식 이권부 무보증
 사모 전환사채",8000000000,3,3,2027-09-27,2069,100,2025-09-27,2027-08-27,,,2023-12-05,2024-09-27,private
251370,"YMT CO., LTD.",와이엠티(주),20191220000299,CB,2019-12-20,무기명식 무이권부 무보증 사모 전환사채,14000000000,0,1,2024-12-24,29421,100,2020-12-24,2024-12-17,,,,2019-12-24,private
251370,"YMT CO., LTD.",와이엠티(주),20240925000459,CB,2024-09-25,무기명식 이권부 무보증 사모 전환사채,22000000000,0,0,2029-09-27,9867,100,2025-09-27,2029-08-27,,,2024-09-27,2024-09-27,private
251370,"YMT CO., LTD.",와이엠티(주),20221219000246,BW,2022-12-19,"무기명식 이권부 무보증
사모 비분리형 신주인수권부사채",20000000000,0,0,2027-12-21,16122,100,2023-12-21,2027-11-21,11286,,2022-12-21,2022-12-21,private
017000,ShinwonConstruction,신원종합개발(주),20190730000269,CB,2019-07-30,"무기명식 
이권부
무보증
사모
전환사채",5000000000,3,6,2022-07-31,5000,100,2020-09-01,2022-06-30,,,2019-07-31,2019-07-31,private
017000,ShinwonConstruction,신원종합개발(주),20190215000485,CB,2017-09-26,"무기명식 
이권부
무보증
사모
전환사채",7000000000,2,4,2020-09-29,8077,100,2018-09-29,2020-08-29,,,2017-09-29,2017-09-29,private
017000,ShinwonConstruction,신원종합개발(주),20190215000505,CB,2018-09-21,"무기명식 
이권부
무보증
사모
전환사채",13000000000,3,3,2021-09-21,5000,100,2019-09-21,2021-08-21,,,2018-09-21,2018-09-21,private
017000,ShinwonConstruction,신원종합개발(주),20170929000945,CB,2017-09-29,"무기명식 
이권부
무보증
사모
전환사채",,2,4,2020-09-29,8077,100,2018-09-29,2020-08-29,,,2016-10-04,2017-09-29,private
017000,ShinwonConstruction,신원종합개발(주),20170929000948,CB,2017-09-29,"무기명식 
이권부
무보증
사모
전환사채",,2,4,2020-09-29,8077,100,2018-09-29,2020-08-29,,,2016-10-04,2017-09-29,private
017000,ShinwonConstruction,신원종합개발(주),20170929000952,CB,2017-09-29,"무기명식 
이권부
무보증
사모
전환사채",,2,4,2020-09-29,8077,100,2018-09-29,2020-08-29,,,2016-10-04,2017-09-29,private
017000,ShinwonConstruction,신원종합개발(주),20220504000760,CB,2021-11-08,"무기명식 이권부 
무보증 사모 전환사채",7500000000,3,3,2025-05-06,9190,100,2023-05-06,2025-04-06,6440,,2021-11-08,2022-05-06,private
017000,ShinwonConstruction,신원종합개발(주),20220506000088,CB,2021-11-08,"무기명식 이권부 
무보증 사모 전환사채",6000000000,3,3,2025-05-06,9190,100,2023-05-06,2025-04-06,6440,,2021-11-08,2022-05-06,private
222420,"CENOTEC Co., Ltd",(주)쎄노텍,20210517001748,CB,2021-05-14,무기명식 이권무 무보증 사모 전환사채,17500000000,1,2,2026-05-18,2111,100,2022-05-18,2026-04-18,1478,,2021-05-18,2021-05-18,private
222420,"CENOTEC Co., Ltd",(주)쎄노텍,20250610000261,CB,2023-12-13,무기명식 이권부 무보증 사모 전환사채,10000000000,2,4,2026-12-15,1563,100,2024-12-15,2026-11-15,1095,,2023-12-15,2023-12-15,private
222420,"CENOTEC Co., Ltd",(주)쎄노텍,20250610000281,CB,2025-06-10,무기명식 이권부 무보증 사모 전환사채,8000000000,2,4,2029-06-12,861,100,2026-06-12,2029-05-12,603,,2025-06-12,2025-06-12,private
166480,CORESTEMCHEMON Inc.,코아스템켐온 주식회사,20200625000425,CB,2020-06-25,무기명식 무보증 사모 전환사채,41000000000,0,0,2024-06-26,18672,100,2021-06-26,2024-05-26,,,2020-06-26,2020-06-26,private
166480,CORESTEMCHEMON Inc.,코아스템켐온 주식회사,20230118000001,EB,2023-01-17,무기명식 이권부 무보증 사모 교환사채,21500000000,0,1,2027-01-19,8870,100,2023-02-19,2026-12-19,,"not applicable (EB is exchanged for already-issued shares, not newly issued)",2023-01-19,2023-01-19,private
166480,CORESTEMCHEMON Inc.,코아스템켐온 주식회사,20240322000887,EB,2024-03-22,무기명식 이권부 무보증 사모 교환사채,21000000000,0,1,2028-03-24,11200,100,2024-04-26,2028-02-24,,"not applicable (EB is exchanged for already-issued shares, not newly issued)",2024-03-26,2024-03-26,private
166480,CORESTEMCHEMON Inc.,코아스템켐온 주식회사,20230118000003,EB,2023-01-17,무기명식 이권부 무보증 사모 교환사채,10811450000,0,1,2027-01-26,8870,100,2023-02-19,2026-12-26,,"not applicable (EB is exchanged for already-issued shares, not newly issued)",2023-01-19,2023-01-26,private
205100,"EXEM CO., LTD.",(주)엑셈,20180604000393,CB,2018-06-04,무기명식 무보증 사모 전환사채,10000000000,0,,2048-06-07,4000,100,2019-06-08,2048-06-07,,,,2018-06-07,private
205100,"EXEM CO., LTD.",(주)엑셈,20160203000164,CB,2016-02-03,기명식 무보증 사모 전환사채,5000000000,0,0,2021-02-05,4181,100,2017-02-05,2021-02-04,,,2016-02-05,2016-02-05,private
205100,"EXEM CO., LTD.",(주)엑셈,20160419000129,CB,2016-04-19,기명식 무보증 사모 전환사채,10000000000,0,0,2021-04-27,4154,100,2017-04-27,2021-04-26,,,2016-04-20,2016-04-27,private
016880,"WOONGJIN CO., LTD.",(주)웅진,20210610000321,EB,2021-06-10,무기명식 이권부 무보증 사모 교환사채,30000000000,0,0,2026-06-14,4800,100,2021-06-15,2026-05-14,,"not applicable (EB is exchanged for already-issued shares, not newly issued)",2021-06-14,2021-06-14,private
006490,"FreeT, Inc.",(주)프리티,20151209000388,CB,2015-12-09,무기명식 무보증 사모 전환사채,1000000000,2,6,2018-12-11,1646,100,2016-12-11,2018-11-11,,,2015-12-11,2015-12-11,private
006490,"FreeT, Inc.",(주)프리티,20151117000233,CB,2015-11-17,무기명식 무보증 사모 전환사채,1520000000,2,6,2018-11-18,1559,100,2016-11-18,2018-10-18,,,2015-11-18,2015-11-18,private
006490,"FreeT, Inc.",(주)프리티,20150918000309,CB,2015-06-19,무기명식 이권부 무보증 사모 전환사채,3000000000,7,7,2018-06-19,1912,100,2016-06-19,2018-05-19,,,2015-06-19,2015-06-19,private
006490,"FreeT, Inc.",(주)프리티,20150724000368,CB,2015-07-22,무기명식 이권부 무보증 사모 전환사채,1960000000,2,6,2018-07-23,1723,100,2016-07-23,2018-06-23,,,2015-07-23,2015-07-23,private
006490,"FreeT, Inc.",(주)프리티,20150923000156,CB,2015-09-23,무기명식 이권부 무보증 사모 전환사채,2140000000,2,6,2018-09-24,1523,100,2016-09-24,2018-08-24,,,2015-09-24,2015-09-24,private
006490,"FreeT, Inc.",(주)프리티,20180503002017,CB,2018-05-03,무기명식 무보증 사모 전환사채,5050000000,2,4,2021-05-04,12518,100,2019-05-04,2021-04-04,,,2018-05-04,2018-05-04,private
006490,"FreeT, Inc.",(주)프리티,20200421000321,CB,2020-04-21,무기명식 이권부 무보증 사모전환사채,5000000000,3,5,2023-04-23,2886,100,2021-04-23,2023-03-23,,,2020-04-21,2020-04-23,private
006490,"FreeT, Inc.",(주)프리티,20200421000326,CB,2020-04-21,무기명식 이권부 무보증 사모전환사채,5000000000,3,5,2023-04-23,2886,100,2021-04-23,2023-03-23,,,2020-04-21,2020-04-23,private
006490,"FreeT, Inc.",(주)프리티,20190812000422,CB,2019-08-06,무기명식 이권부 무보증 사모전환사채,4602500000,0,3,2022-08-07,2496,100,2020-08-07,2022-07-07,,,2019-08-07,2019-08-07,private
006490,"FreeT, Inc.",(주)프리티,20180326000699,CB,2018-03-26,무기명식 무보증 사모 전환사채,4000000000,2,4,2021-03-27,5486,100,2019-03-27,2021-02-27,,,2018-03-27,2018-03-27,private
006490,"FreeT, Inc.",(주)프리티,20191121000323,CB,2019-11-21,무기명식 이권부 무보증 사모전환사채,3240000000,0,3,2022-11-22,3442,100,2020-11-22,2022-10-22,,,2019-11-22,2019-11-22,private
006490,"FreeT, Inc.",(주)프리티,20180409002489,CB,2018-04-09,무기명식 무보증 사모 전환사채,6150000000,2,4,2021-04-11,8069,100,2019-04-11,2021-03-11,,,2018-04-11,2018-04-11,private
006490,"FreeT, Inc.",(주)프리티,20160219000279,CB,2016-02-19,무기명식 무보증 사모 전환사채,660000000,2,6,2019-02-22,1550,100,2017-02-22,2019-01-22,,,2016-02-22,2016-02-22,private
006490,"FreeT, Inc.",(주)프리티,20160318000648,CB,2016-03-18,무기명식 무보증 사모 전환사채,1520000000,2,6,2019-03-22,2478,100,2017-03-22,2019-02-22,,,2016-03-22,2016-03-22,private
006490,"FreeT, Inc.",(주)프리티,20160406002067,CB,2016-04-06,무기명식 무보증 사모 전환사채,1230000000,2,6,2019-04-07,2415,100,2017-04-07,2019-03-07,,,2016-04-07,2016-04-07,private
006490,"FreeT, Inc.",(주)프리티,20160411002001,CB,2016-04-11,무기명식 무보증 사모 전환사채,500000000,2,6,2019-04-12,2289,100,2017-04-12,2019-03-12,,,2016-04-12,2016-04-12,private
006490,"FreeT, Inc.",(주)프리티,20210802000243,CB,2021-08-02,무기명식 이권부 무보증 사모전환사채,15000000000,2,3,2024-08-05,3170,100,2022-08-05,2024-07-05,500,,2021-07-05,2021-08-05,private
006490,"FreeT, Inc.",(주)프리티,20210125000471,CB,2021-01-25,무기명식 이권부 무보증 사모전환사채,5000000000,0,2,2024-01-27,2425,100,2022-01-27,2023-12-27,500,,2021-01-27,2021-01-27,private
006490,"FreeT, Inc.",(주)프리티,20200925000567,CB,2020-09-25,무기명식 이권부 무보증 사모전환사채,2300000000,0,3,2023-09-28,2748,100,2021-09-28,2023-08-28,500,,2020-09-25,2020-09-28,private
006490,"FreeT, Inc.",(주)프리티,20230503000570,CB,2021-07-05,무기명식 이권부 무보증 사모전환사채,5000000000,2,5,2024-08-05,3170,100,2022-08-05,2024-07-05,500,,2021-07-05,2021-08-05,private
006490,"FreeT, Inc.",(주)프리티,20241004000311,CB,2024-10-04,무기명식 이권부 무보증 사모전환사채,1800000000,3,8,2027-10-11,1275,100,2025-10-11,2027-09-11,893,,2024-10-04,2024-10-04,private
006490,"FreeT, Inc.",(주)프리티,20240805000379,CB,2024-08-01,무기명식 이권부 무보증 사모전환사채,2800000000,3,8,2027-08-07,990,100,2025-08-07,2027-07-07,693,,2024-08-06,2024-08-06,private
006490,"FreeT, Inc.",(주)프리티,20241118000144,CB,2024-11-18,무기명식 이권부 무보증 사모전환사채,1000000000,3,8,2027-11-22,1503,100,2025-11-22,2027-10-22,1052,,2024-11-22,2024-11-22,private
006490,"FreeT, Inc.",(주)프리티,20250929000491,CB,2024-03-04,무기명식 이권부 무보증 사모전환사채,12000000000,3,8,2027-03-05,1301,100,2025-03-05,2027-02-05,911,,2024-03-04,2024-03-05,private
006490,"FreeT, Inc.",(주)프리티,20250305000364,CB,2025-02-21,무기명식 이권부 무보증 사모전환사채,2350000000,3,8,2028-03-06,1751,100,2026-03-06,2028-02-06,1226,,2025-02-21,2025-03-06,private
006490,"FreeT, Inc.",(주)프리티,20250904000433,CB,2025-03-17,무기명식 이권부 무보증 사모전환사채,5000000000,3,8,2028-03-18,1537,100,2026-03-18,2028-02-18,1075,,2025-03-18,2025-03-18,private
006490,"FreeT, Inc.",(주)프리티,20250929000498,CB,2025-04-24,무기명식 이권부 무보증 사모전환사채,5000000000,3,8,2028-06-25,1739,100,2026-06-25,2028-05-25,1217,,2025-06-24,2025-06-25,private
006490,"FreeT, Inc.",(주)프리티,20260828001463,CB,2026-04-03,무기명식 이권부 무보증 사모전환사채,5100000000,2,3,2029-09-30,2500,100,2027-09-30,2029-08-30,2500,,2026-08-28,2026-09-30,private
006490,"FreeT, Inc.",(주)프리티,20161202000377,BW,2015-01-22,무기명식 이권부 무보증 비분리형 신주인수권부사채,5000000000,2.5,5,2018-01-22,2207,100,2016-01-22,2019-12-22,,,2015-01-22,2015-01-22,private
049070,"INTOPS CO., LTD.",인탑스(주),20250923000361,EB,2025-09-23,무기명식 무보증 사모 교환사채,13000000000,0,0,2030-10-01,20609,100,2025-10-15,2030-09-01,,"not applicable (EB is exchanged for already-issued shares, not newly issued)",,2025-10-01,private
308170,"CTR Mobility Co.,Ltd.",(주)씨티알모빌리티,20250314000540,CB,2023-05-09,무기명식 이권부 무보증 사모 전환사채,20000000000,0,1,2028-05-11,16888,100,2024-05-11,2028-04-11,11822,,2023-05-11,2023-05-11,private
007590,DONGBANG AGRO CORP,(주)동방아그로,20200715000221,EB,2020-07-15,무기명식 무보증 사모 교환사채,4259290000,0,0,2023-07-17,5999,100,2020-07-24,2023-06-17,,"not applicable (EB is exchanged for already-issued shares, not newly issued)",2020-07-17,2020-07-17,private
007590,DONGBANG AGRO CORP,(주)동방아그로,20250811000387,EB,2025-08-11,무기명식 무보증 사모 교환사채,6906000000,0,0,2030-08-19,6906,100,2025-09-19,2030-07-19,,"not applicable (EB is exchanged for already-issued shares, not newly issued)",2025-08-19,2025-08-19,private
290120,"DH AUTOLEAD Co.,Ltd.",(주)디에이치오토리드,20190624000249,CB,2019-06-24,무기명식 이권부 무보증 사모 전환사채,13500000000,2,5,2022-06-28,9717,100,2020-06-28,2022-05-28,,,2019-06-26,2019-06-28,private
290120,"DH AUTOLEAD Co.,Ltd.",(주)디에이치오토리드,20210604000056,CB,2021-05-24,"무기명식 이권부
 무보증 공모 전환사채",30000000000,1,3,2024-06-11,7840,100,2021-07-11,2024-05-11,5490,,2021-06-08,2021-06-11,public
290120,"DH AUTOLEAD Co.,Ltd.",(주)디에이치오토리드,20220427000517,CB,2022-04-27,무기명식 이권부 무보증 사모 전환사채,10000000000,4.9,4.9,2024-04-29,6772,100,2023-04-29,2024-03-29,4741,,2022-04-29,2022-04-29,private
290120,"DH AUTOLEAD Co.,Ltd.",(주)디에이치오토리드,20240604000296,CB,2024-06-04,무기명식 이권부 무보증 사모 전환사채,11000000000,1,2,2029-06-07,2930,100,2025-06-07,2029-05-07,2491,,2024-06-07,2024-06-07,private
290120,"DH AUTOLEAD Co.,Ltd.",(주)디에이치오토리드,20230526000247,BW,2023-04-24,무기명식 이권부 무보증 공모 분리형 신주인수권부사채,20000000000,2,4,2026-06-05,5070,100,2023-07-05,2026-05-05,3549,,2023-05-31,2023-06-05,public
290120,"DH AUTOLEAD Co.,Ltd.",(주)디에이치오토리드,20200508000260,BW,2020-04-24,"무기명식 이권부
 무보증 공모 분리형 
신주인수권부사채",25000000000,2,4,2023-05-15,6689,100,2020-06-15,2023-04-15,,,2020-05-12,2020-05-15,public
202960,"PANDORA TV CO.,LTD.",(주)판도라티비,20160923000436,CB,2016-09-22,무기명식 무보증 사모 전환사채,3000000000,0,5,2021-09-27,3000,100,2017-09-27,2021-08-27,,,2016-09-22,2016-09-27,private
086890,"ISU Abxis Co., Ltd.",(주)이수앱지스,20190412002941,CB,2019-02-21,기명식 무보증 사모 전환사채,40000000000,0,0,2024-04-12,8130,100,2020-04-12,2024-03-12,,,2019-02-25,2019-04-12,private
086890,"ISU Abxis Co., Ltd.",(주)이수앱지스,20210628000467,CB,2021-06-28,"무기명식 이권부 무보증 사모
전환사채",80000000000,0,0,2026-06-30,16150,100,2022-06-30,2026-05-30,11350,,2021-06-30,2021-06-30,private
086890,"ISU Abxis Co., Ltd.",(주)이수앱지스,20231212000023,CB,2023-10-12,무기명식 이권부 무보증 공모 전환사채,50000000000,3,5,2026-12-22,5900,100,2024-03-22,2026-11-22,4130,,2023-12-19,2023-12-22,public
123420,"Wemade Play Co., Ltd.",(주)위메이드플레이,20220121000623,BW,2021-12-20,무기명식 무보증 비분리형 사모 신주인수권부사채,30000000000,0,2,2025-01-25,32609,100,2023-01-25,2024-12-25,22827,,2021-12-20,2022-01-25,private
032680,"SOFTCEN CO., LTD.",(주) 소프트센,20170217000193,CB,2017-02-17,무기명식 이권부 무보증 전환사채,15000000000,0,2,2022-02-17,2270,100,2018-02-17,2022-01-17,,,2017-02-17,2017-02-17,private
032680,"SOFTCEN CO., LTD.",(주) 소프트센,20211122000323,CB,2021-11-19,무기명식 이권부 무보증 사모 전환사채,6000000000,1,2.5,2024-11-23,2507,100,2022-11-23,2024-10-23,1755,,2021-11-22,2021-11-23,private
032680,"SOFTCEN CO., LTD.",(주) 소프트센,20211122000329,CB,2021-11-19,무기명식 이권부 무보증 사모 전환사채,8000000000,1,2.5,2024-11-23,2507,100,2022-11-23,2024-10-23,1755,,2021-11-22,2021-11-23,private
032680,"SOFTCEN CO., LTD.",(주) 소프트센,20201221000452,CB,2020-12-21,무기명식 무보증 사모 전환사채,6000000000,0,1,2025-12-23,2203,100,2021-12-23,2025-11-23,1543,,2020-12-23,2020-12-23,private
032680,"SOFTCEN CO., LTD.",(주) 소프트센,20240531002119,CB,2024-05-30,무기명식 이권부 무보증 사모 전환사채,10000000000,2,6,2027-05-31,632,100,2025-05-31,2027-04-30,443,,2024-05-30,2024-05-31,private
224110,"ATEC MOBILITY Co., Ltd",(주)에이텍모빌리티,20171110000512,CB,2017-11-10,무기명식 이권부 무보증 전환사채,3000000000,2.79,2.79,2020-11-10,11030,100,2018-11-21,2020-10-10,,,2017-11-10,2017-11-10,private
293490,Kakao Games Corp.,(주)카카오게임즈,20210326000333,CB,2021-03-26,무기명식 무이권부 무보증 사모 전환사채,500000000000,0,0,2026-03-31,52100,100,2022-03-31,2026-02-28,,,2021-03-30,2021-03-31,private
293490,Kakao Games Corp.,(주)카카오게임즈,20260529002244,CB,2026-03-24,무기명식 무이권부 무보증 사모 전환사채,60000000000,0,0,2029-06-19,13812,100,2027-06-19,2029-06-12,,,2026-06-19,2026-06-19,private
293490,Kakao Games Corp.,(주)카카오게임즈,20240816000003,EB,2024-08-06,무기명식 무이권부 무보증 사모 교환사채,270021419910,0,0,2029-08-19,324027,100,2024-09-19,2029-07-19,,"not applicable (EB is exchanged for already-issued shares, not newly issued)",2024-08-08,2024-08-19,private
054300,"Panstar Enterprise Co., Ltd.",(주)팬스타엔터프라이즈,20150917000184,CB,2015-06-17,국내 무기명식 무보증 사모 전환사채,2400000000,0,0,2018-06-17,1645,100,2016-06-17,2018-06-10,,,2015-06-17,2015-06-17,private
054300,"Panstar Enterprise Co., Ltd.",(주)팬스타엔터프라이즈,20190611000175,CB,2019-06-11,"무기명식 이권부 무보증
사모 전환사채",2000000000,2,6,2022-06-11,1045,100,2020-06-11,2022-05-11,,,2019-06-11,2019-06-11,private
054300,"Panstar Enterprise Co., Ltd.",(주)팬스타엔터프라이즈,20190419000425,CB,2019-04-19,무기명식 무보증 사모 전환사채,2800000000,2,6,2022-04-23,1210,100,2020-04-23,2022-03-23,,,2019-04-23,2019-04-23,private
054300,"Panstar Enterprise Co., Ltd.",(주)팬스타엔터프라이즈,20171030000431,CB,2017-10-30,"국내 무기명식 이권부
무보증 사모전환사채",5000000000,2,6,2020-10-30,707,100,2018-10-30,2020-09-30,,,2017-10-30,2017-10-30,private
054300,"Panstar Enterprise Co., Ltd.",(주)팬스타엔터프라이즈,20160728000216,CB,2016-07-28,"국내 무기명식 이권부
무보증 사모전환사채",6000000000,1,4,2019-07-29,1925,100,2017-07-29,2019-06-29,,,2016-07-29,2016-07-29,private
054300,"Panstar Enterprise Co., Ltd.",(주)팬스타엔터프라이즈,20160302000376,CB,2016-03-02,국내 무기명식 이권부 무보증 사모 전환사채,4500000000,1,4,2019-03-03,2420,100,2017-03-03,2019-02-03,,,2016-03-03,2016-03-03,private
054300,"Panstar Enterprise Co., Ltd.",(주)팬스타엔터프라이즈,20211130001264,CB,2021-11-29,무기명식 이권부 무보증 사모 전환사채,10500000000,0,0,2024-12-01,974,100,2022-12-01,2024-11-01,682,,2021-12-01,2021-12-01,private
054300,"Panstar Enterprise Co., Ltd.",(주)팬스타엔터프라이즈,20250523000542,CB,2025-05-23,무기명식 이권부 무보증 사모 전환사채,8000000000,1,3,2028-05-26,696,100,2026-05-26,2028-04-26,500,,2025-05-26,2025-05-26,private
054300,"Panstar Enterprise Co., Ltd.",(주)팬스타엔터프라이즈,20200601000083,BW,2020-05-08,무기명식 이권부 무보증 공모 분리형 신주인수권부사채,10000000000,2,4,2025-06-08,815,100,2020-07-08,2025-05-08,,,2020-06-03,2020-06-08,public
241520,DSC Investment Inc.,디에스씨인베스트먼트(주),20171208000166,CB,2017-12-08,무기명식 이권부 무보증 사모 전환사채,18500000000,0,2,2022-12-11,5590,100,2018-12-11,2022-11-11,,,2017-12-11,2017-12-11,private
084650,"LabGenomics. Co., Ltd.",(주)랩지노믹스,20180703000326,CB,2018-07-03,무기명식 이권부 무보증 사모 전환사채,7000000000,0,0,2023-07-11,9149,100,2019-07-11,2023-06-11,,,2018-07-05,2018-07-11,private
084650,"LabGenomics. Co., Ltd.",(주)랩지노믹스,20161130001110,CB,2016-11-30,무기명식 이권부 무보증 사모 전환사채,10000000000,0,1,2021-12-02,11152,100,2017-12-02,2021-11-02,,,2016-12-02,2016-12-02,private
084650,"LabGenomics. Co., Ltd.",(주)랩지노믹스,20240611000468,CB,2024-06-11,무기명식 무보증 사모전환사채,40000000000,2.5,2.5,2028-01-18,3898,100,2024-01-18,2027-12-18,2729,,2022-08-19,2023-01-18,private
084650,"LabGenomics. Co., Ltd.",(주)랩지노믹스,20260512000766,CB,2026-05-12,무기명식 무보증 사모전환사채,20000000000,0,5,2029-05-20,1466,100,2027-05-20,2029-04-20,1173,,2026-05-12,2026-05-20,private
046070,"KODACO CO., LTD",(주)코다코,20220408002476,CB,2017-05-12,무기명식 이권부 사모전환사채,6000000000,0,2,2024-05-15,3472,100,2018-05-15,2024-04-15,2431,,2017-05-15,2017-05-15,private
046070,"KODACO CO., LTD",(주)코다코,20230821000173,CB,2018-04-23,무기명식 이권부 무보증 사모 전환사채,10000000000,0,0,2023-10-30,3325,100,2019-04-30,2023-09-30,2660,,2018-04-23,2018-04-30,private
011000,"GeneOne Life Science, Inc.",진원생명과학(주),20180410002094,CB,2018-04-10,무기명식 이권부 무보증 사모 전환사채,12000000000,2,4,2022-10-12,6953,100,2019-04-13,2022-09-12,,,2018-04-12,2018-04-12,private
011000,"GeneOne Life Science, Inc.",진원생명과학(주),20160517000263,CB,2016-05-17,무기명식 무보증 이권부 사모 전환사채,25000000000,2,4,2020-11-19,15587,100,2017-05-19,2020-10-19,,,2016-05-19,2016-05-19,private
011000,"GeneOne Life Science, Inc.",진원생명과학(주),20201123000170,CB,2020-11-23,무기명식 이권부 무보증 사모 전환사채,24000000000,0,3,2023-11-25,27143,100,2021-11-25,2023-10-25,19001,,2020-11-25,2020-11-25,private
011000,"GeneOne Life Science, Inc.",진원생명과학(주),20220413002025,CB,2022-04-13,무기명식 이권부 무보증 사모 전환사채,11700000000,1,3,2025-04-15,13935,100,2023-04-15,2025-03-15,9755,,2022-04-15,2022-04-15,private
011000,"GeneOne Life Science, Inc.",진원생명과학(주),20251029000399,CB,2025-10-29,무기명식 무보증 사모 전환사채,5000000000,0,4,2028-11-04,2192,100,2026-11-04,2028-10-04,1534,,2025-10-29,2025-11-04,private
011000,"GeneOne Life Science, Inc.",진원생명과학(주),20260428000832,CB,2025-11-27,무기명식 무보증 사모 전환사채,5100000000,0,4,2029-05-07,1065,100,2027-05-07,2029-04-07,1000,,2026-04-28,2026-05-07,private
025620,"CHA AI Healthkare Co.,Ltd.",차AI헬스케어(주),20151118000271,CB,2015-11-18,무기명식 이권부 무보증 사모 전환사채,2000000000,0,4,2020-11-19,1725,100,2016-11-19,2020-10-19,,,2015-11-19,2015-11-19,private
025620,"CHA AI Healthkare Co.,Ltd.",차AI헬스케어(주),20151214000363,CB,2015-12-14,무기명식 이권부 무보증 사모 전환사채,800000000,0,4,2020-12-14,1220,100,2016-12-14,2020-11-14,,,2015-12-14,2015-12-14,private
025620,"CHA AI Healthkare Co.,Ltd.",차AI헬스케어(주),20151016000158,CB,2015-08-21,무기명식 이권부 무보증 사모 전환사채,10000000000,0,4,2018-08-24,2510,100,2016-08-24,2018-07-24,,,2015-08-24,2015-08-24,private
025620,"CHA AI Healthkare Co.,Ltd.",차AI헬스케어(주),20151016000282,CB,2015-08-21,무기명식 이권부 무보증 사모 전환사채,900000000,0,4,2018-08-25,2510,100,2016-08-25,2018-07-25,,,2015-08-25,2015-08-25,private
025620,"CHA AI Healthkare Co.,Ltd.",차AI헬스케어(주),20191108000419,CB,2018-11-02,무기명식 이권부 무보증 사모 전환사채,40000000000,2,3,2021-11-06,12176,100,2019-11-06,2021-10-06,,,2018-11-05,2018-11-06,private
025620,"CHA AI Healthkare Co.,Ltd.",차AI헬스케어(주),20160719000201,CB,2016-05-20,무기명식 이권부 무보증 사모 전환사채,8700000000,0,1,2019-07-20,1803,100,2017-07-20,2019-06-20,,,2016-05-23,2016-07-20,private
025620,"CHA AI Healthkare Co.,Ltd.",차AI헬스케어(주),20160122000001,CB,2016-01-21,무기명식 이권부 무보증 사모 전환사채,8000000000,0,1,2019-01-25,786,100,2017-01-25,2018-12-25,,,2016-01-22,2016-01-25,private
025620,"CHA AI Healthkare Co.,Ltd.",차AI헬스케어(주),20160215000509,CB,2016-01-21,무기명식 이권부 무보증 사모 전환사채,4500000000,0,1,2019-02-17,786,100,2017-02-17,2019-01-17,,,2016-01-22,2016-02-17,private
025620,"CHA AI Healthkare Co.,Ltd.",차AI헬스케어(주),20160215000576,CB,2016-02-15,무기명식 이권부 무보증 사모 전환사채,1500000000,0,1,2019-02-18,688,100,2017-02-18,2019-01-18,,,2016-02-16,2016-02-18,private
025620,"CHA AI Healthkare Co.,Ltd.",차AI헬스케어(주),20160219000226,CB,2016-02-19,무기명식 이권부 무보증 사모 전환사채,500000000,0,1,2019-02-26,825,100,2017-02-26,2019-01-26,,,2016-02-22,2016-02-26,private
025620,"CHA AI Healthkare Co.,Ltd.",차AI헬스케어(주),20210517001444,CB,2021-05-17,무기명 이권부 무보증 사모 전환사채,5000000000,2,3,2024-05-20,2304,100,2022-05-20,2024-04-20,500,,2021-05-20,2021-05-20,private
025620,"CHA AI Healthkare Co.,Ltd.",차AI헬스케어(주),20241008000327,CB,2024-10-08,무기명식 이권부 무보증 사모 전환 사채,2500000000,2,3,2027-10-07,5571,100,2025-10-08,2027-09-08,500,,2024-10-08,2024-10-08,private
025620,"CHA AI Healthkare Co.,Ltd.",차AI헬스케어(주),20260618000368,CB,2025-03-27,무기명식 이권부 무보증 사모 전환 사채,2500500000,0,1,2029-06-19,12463,100,2027-06-19,2029-05-19,8725,,2026-06-19,2026-06-19,private
025620,"CHA AI Healthkare Co.,Ltd.",차AI헬스케어(주),20260618000325,CB,2025-03-27,무기명식 이권부 무보증 사모 전환 사채,2500500000,0,1,2029-06-19,12463,100,2027-06-19,2029-05-19,8725,,2026-06-19,2026-06-19,private
025620,"CHA AI Healthkare Co.,Ltd.",차AI헬스케어(주),20251023000304,CB,2025-09-30,무보증 사모 전환사채,40000000000,0,1,2028-10-28,8874,100,2026-10-29,2028-09-27,6212,,2025-09-30,2025-10-28,private
025620,"CHA AI Healthkare Co.,Ltd.",차AI헬스케어(주),20260618000299,CB,2025-03-27,무기명식 이권부 무보증 사모 전환 사채,5001000000,0,1,2029-06-19,12463,100,2027-06-19,2029-05-19,8725,,2026-06-19,2026-06-19,private
025620,"CHA AI Healthkare Co.,Ltd.",차AI헬스케어(주),20260618000227,CB,2025-03-27,무기명식 이권부 무보증 사모 전환 사채,5001000000,0,1,2029-06-19,12463,100,2027-06-19,2029-05-19,8725,,2026-06-19,2026-06-19,private
065650,Hyper Corporation Inc.,(주)하이퍼코퍼레이션,20150313000604,CB,2015-03-13,무기명식 무보증 사모 전환사채,6000000000,1,4,2018-03-17,3150,100,2016-03-17,2018-02-17,,,2015-03-13,2015-03-17,private
065650,Hyper Corporation Inc.,(주)하이퍼코퍼레이션,20200420000436,CB,2020-04-20,무기명식 무보증 사모 전환사채,5600000000,0,2,2024-05-12,2974,100,2021-05-12,2024-04-12,,,2020-04-22,2020-05-12,private
065650,Hyper Corporation Inc.,(주)하이퍼코퍼레이션,20210913000285,CB,2021-09-13,무기명식 이권부 무보증 사모 전환사채,4000000000,0,2,2024-09-15,2961,100,2022-09-15,2024-08-15,2073,,2021-09-15,2021-09-15,private
065650,Hyper Corporation Inc.,(주)하이퍼코퍼레이션,20200825000319,CB,2020-08-25,국내 무기명식 무보증 사모 전환사채,20000000000,0,0,2025-09-01,5002,100,2021-09-01,2025-08-01,3502,,2020-08-27,2020-09-01,private
065650,Hyper Corporation Inc.,(주)하이퍼코퍼레이션,20220622000575,CB,2022-06-22,무기명식 이권부 무보증 사모 전환사채,5000000000,0,0,2027-06-30,1787,100,2023-06-30,2027-05-30,1251,,2022-06-30,2022-06-30,private
065650,Hyper Corporation Inc.,(주)하이퍼코퍼레이션,20220822000468,CB,2022-08-22,무기명식 이권부 무보증 사모 전환사채,3000000000,0,0,2027-08-24,1681,100,2023-08-24,2027-07-24,1177,,2022-08-24,2022-08-24,private
065650,Hyper Corporation Inc.,(주)하이퍼코퍼레이션,20240923000059,CB,2024-09-23,무기명식 무보증 이권부 사모 전환사채,9000000000,0,3,2027-09-23,1225,100,2025-09-23,2027-08-23,858,,2024-09-23,2024-09-23,private
065650,Hyper Corporation Inc.,(주)하이퍼코퍼레이션,20240701000562,CB,2024-06-28,무기명식 무보증 이권부 사모 전환사채,13500000000,0,3,2027-07-05,1393,100,2025-07-05,2027-06-05,976,,2024-07-02,2024-07-05,private
065650,Hyper Corporation Inc.,(주)하이퍼코퍼레이션,20251229000716,CB,2025-06-26,무기명식 모부증 이권부 사모 전환사채,20000000000,0,6,2028-07-25,1856,100,2026-07-25,2028-06-25,,,2025-07-25,2025-07-25,private
065650,Hyper Corporation Inc.,(주)하이퍼코퍼레이션,20260206001450,CB,2025-06-26,무기명식 모부증 이권부 사모 전환사채,20000000000,0,6,2028-07-25,1856,100,2026-07-25,2028-06-25,,,2025-07-25,2025-07-25,private
065650,Hyper Corporation Inc.,(주)하이퍼코퍼레이션,20201130001573,BW,2020-11-30,국내 무기명식 무보증 사모 비분리형 신주인수권부사채,8000000000,0,0,2023-12-04,4500,100,2021-12-04,2024-11-04,3150,,2020-11-30,2020-12-04,private
214270,"FSN Co., Ltd.",(주)에프에스엔,20200123000149,CB,2020-01-23,무기명식 이권부 무보증 사모 전환사채,10000000000,1,3,2023-01-30,1185,100,2021-01-30,2022-12-30,,,2020-01-29,2020-01-30,private
214270,"FSN Co., Ltd.",(주)에프에스엔,20200409001798,CB,2020-04-09,무기명식 이권부 무보증 사모 전환사채,10000000000,2,4,2023-04-10,1055,100,2021-04-10,2023-03-10,,,2020-04-09,2020-04-10,private
214270,"FSN Co., Ltd.",(주)에프에스엔,20191121000292,CB,2018-02-07,기명식 이권부 무보증 사모 전환사채,10000000000,0,4,2023-02-07,2204,100,2019-02-07,2023-01-07,,,2018-02-07,2018-02-07,private
214270,"FSN Co., Ltd.",(주)에프에스엔,20191121000299,CB,2018-02-07,기명식 이권부 무보증 사모 전환사채,10000000000,0,4.9,2023-02-27,2204,100,2019-02-27,2023-01-27,,,2018-02-07,2018-02-27,private
214270,"FSN Co., Ltd.",(주)에프에스엔,20191121000313,CB,2018-02-07,기명식 이권부 무보증 사모 전환사채,20000000000,1,7,2023-03-13,2204,100,2019-03-13,2023-02-13,,,2018-02-07,2018-03-13,private
214270,"FSN Co., Ltd.",(주)에프에스엔,20191127000610,CB,2018-12-24,기명식 이권부 무보증 사모 전환사채,14000000000,0,4,2023-12-24,1555,100,2019-12-24,2023-11-24,,,2018-12-24,2018-12-24,private
214270,"FSN Co., Ltd.",(주)에프에스엔,20191127000612,CB,2019-02-19,기명식 이권부 무보증 사모 전환사채,3400000000,1,7,2024-02-25,1470,100,2020-02-25,2024-01-25,,,2019-02-19,2019-02-25,private
214270,"FSN Co., Ltd.",(주)에프에스엔,20200320001207,CB,2020-03-05,기명식 이권부 무보증 사모 전환사채,3900000000,0,3.5,2025-08-12,1200,100,2021-03-20,2025-02-20,,,2020-03-05,2020-03-20,private
214270,"FSN Co., Ltd.",(주)에프에스엔,20230601000284,CB,2023-05-30,무기명식 이권부 무보증 사모 전환사채,15000000000,0,3,2026-06-01,3927,100,2024-06-01,2026-05-01,2749,,2023-06-01,2023-06-01,private
214270,"FSN Co., Ltd.",(주)에프에스엔,20240112000425,CB,2024-01-12,무기명식 무보증 무이권부 사모 전환사채,5000000000,0,0,2029-01-19,2943,100,2025-01-19,2028-12-19,2061,,2024-01-16,2024-01-19,private
214270,"FSN Co., Ltd.",(주)에프에스엔,20240112000413,CB,2024-01-12,무기명식 무보증 이권부 사모 전환사채,5000000000,0,3,2027-01-19,2943,100,2025-01-19,2026-12-19,2061,,2024-01-16,2024-01-19,private
214270,"FSN Co., Ltd.",(주)에프에스엔,20240326000845,CB,2024-03-26,무기명식 무보증 이권부 사모 전환사채,16900000000,0,3,2027-03-27,2750,100,2025-03-27,2027-02-27,1925,,2024-03-27,2024-03-27,private
214270,"FSN Co., Ltd.",(주)에프에스엔,20250117000270,CB,2025-01-17,무기명식 이권부 무보증 사모 전환사채,1500000000,1,5,2028-01-21,2052,100,2026-01-21,2027-12-21,1437,,2025-01-21,2025-01-21,private
214270,"FSN Co., Ltd.",(주)에프에스엔,20241029000371,CB,2024-10-15,무기명식 이권부 무보증 사모 전환사채,3000000000,0,3,2027-10-30,1863,100,2025-10-30,2027-09-30,1305,,2024-10-17,2024-10-30,private
048530,"iNtRON Biotechnology, Inc.",(주)인트론바이오테크놀로지,20190402002481,CB,2019-04-02,무기명식 무보증 사모 전환사채,20000000000,0,0,2024-04-04,20450,100,2020-04-04,2024-03-04,,,2019-04-02,2019-04-04,private
048530,"iNtRON Biotechnology, Inc.",(주)인트론바이오테크놀로지,20210831001827,CB,2021-08-31,무기명식 무보증 사모 전환사채,40000000000,0,0,2026-09-01,22450,100,2022-09-01,2026-08-01,15750,,2021-08-31,2021-09-01,private
048530,"iNtRON Biotechnology, Inc.",(주)인트론바이오테크놀로지,20260630000749,CB,2026-06-30,무기명식 이권부 무보증 사모 전환사채,3000000000,0,0,2029-07-15,3100,100,2027-07-15,2029-06-15,,,2026-06-30,2026-07-15,private
000490,DAEDONG CORPORATION,(주)대동,20210421000400,CB,2021-04-21,무기명식 이권부 무보증 사모 전환사채,10000000000,0,0,2026-04-23,10790,100,2022-04-23,2026-03-23,7553,,2021-04-23,2021-04-23,private
000490,DAEDONG CORPORATION,(주)대동,20210421000442,EB,2021-04-21,무기명식 이권부 무보증 사모 교환사채,10000000000,0,0,2026-04-23,12408,100,2021-04-28,2026-03-23,,"not applicable (EB is exchanged for already-issued shares, not newly issued)",2021-04-23,2021-04-23,private
000490,DAEDONG CORPORATION,(주)대동,20250909000263,EB,2025-09-09,무기명식 무이권부 무보증 사모 교환사채,15000000000,0,0,2030-09-17,11106,100,2025-10-17,2030-08-17,,"not applicable (EB is exchanged for already-issued shares, not newly issued)",2025-09-17,2025-09-17,private
380540,OptiCore Inc.,주식회사 옵티코어,20250520000387,CB,2025-03-28,무기명식 이권부 무보증 사모 전환사채,8000000000,1,6,2030-05-21,1934,100,2026-05-21,2030-04-21,1354,,2025-05-20,2025-05-21,private
380540,OptiCore Inc.,주식회사 옵티코어,20240228006627,CB,2024-02-26,무기명식 이권부 무보증 사모 전환사채,10000000000,0,2,2029-02-28,1501,100,2025-02-28,2029-01-28,1276,,2024-02-28,2024-02-28,private
380540,OptiCore Inc.,주식회사 옵티코어,20250929000275,CB,2025-09-29,무기명식 이권부 무보증 사모 전환사채,9000000000,2,7,2028-10-13,1847,100,2026-10-13,2028-09-13,1293,,2025-09-29,2025-10-13,private
380540,OptiCore Inc.,주식회사 옵티코어,20250407003123,CB,2024-11-18,무기명식 이권부 무보증 사모 전환사채,10000000000,0,2,2030-04-08,1341,100,2026-04-08,2030-03-08,939,,2024-11-18,2025-04-08,private
380540,OptiCore Inc.,주식회사 옵티코어,20250909000354,CB,2025-09-09,무기명식 이권부 무보증 사모 전환사채,3700000000,0,3,2028-09-17,1714,100,2026-09-17,2028-08-17,1200,,2025-09-09,2025-09-17,private
208710,"PHOTON CO., LTD",(주)포톤,20200221001638,CB,2020-02-21,무기명식 무보증 사모 전환사채,18000000000,1,2,2025-02-28,1966,100,2021-02-28,2025-02-28,,,2020-02-24,2020-02-28,private
208710,"PHOTON CO., LTD",(주)포톤,20170621000255,CB,2017-06-21,무기명식 무보증 사모 전환사채,15000000000,0,1,2022-06-22,3065,100,2018-06-23,2022-05-22,,,2017-06-21,2017-06-22,private
208710,"PHOTON CO., LTD",(주)포톤,20220412002544,CB,2021-05-03,무기명식 이권부 무보증 사모 전환사채,15000000000,2,5,2024-05-06,3086,100,2022-05-06,2024-04-06,2161,,2021-05-03,2021-05-06,private
208710,"PHOTON CO., LTD",(주)포톤,20230504000830,CB,,,,,,,,,,,,,,,private
208710,"PHOTON CO., LTD",(주)포톤,20230925000348,CB,2022-07-18,무기명식 이권부 무보증 사모 전환사채,6500000000,3,6,2025-07-20,1505,100,2023-07-20,2025-07-20,1054,,2022-07-18,2022-07-20,private
208710,"PHOTON CO., LTD",(주)포톤,20260318000650,CB,2026-03-18,무기명식 이권부 무보증 사모 전환사채,4000000000,2,6,2029-03-26,1959,100,2027-03-26,2029-02-26,1372,,2026-03-18,2026-03-26,private
047560,ESTsoftCorp.,(주)이스트소프트,20160704002250,CB,2016-07-04,기명식 무보증 사모 전환사채,10000000000,0,1,2021-07-06,11298,100,2017-07-06,2021-07-05,,,2016-07-06,2016-07-06,private
047560,ESTsoftCorp.,(주)이스트소프트,20191212000301,EB,2019-12-10,무기명식 이권부 무보증 사모교환사채,6000000000,0,3,2022-12-12,5080,100,2019-12-13,2022-12-05,,"not applicable (EB is exchanged for already-issued shares, not newly issued)",2019-12-12,2019-12-12,private
047560,ESTsoftCorp.,(주)이스트소프트,20230210000461,EB,2023-02-10,무기명식 무보증 사모 교환사채,5000000000,0,2,2028-02-14,14500,100,2023-02-15,2028-01-14,,"not applicable (EB is exchanged for already-issued shares, not newly issued)",2023-02-14,2023-02-14,private
047560,ESTsoftCorp.,(주)이스트소프트,20250213001247,EB,2025-02-13,무기명식 무보증 사모 교환사채,7000000000,0,0,2030-02-17,31078,100,2025-03-17,2030-01-17,,"not applicable (EB is exchanged for already-issued shares, not newly issued)",2025-02-17,2025-02-17,private
047560,ESTsoftCorp.,(주)이스트소프트,20250808000351,EB,2025-08-08,무기명식 무보증 사모 교환사채,6000000000,0,0,2030-09-09,2759,100,2025-09-10,2030-08-09,,"not applicable (EB is exchanged for already-issued shares, not newly issued)",2025-08-12,2025-09-09,private
222080,"SFA NEXEL Co., Ltd.",(주)에스에프에이넥셀,20180723000136,CB,2018-07-23,기명식 무보증 사모 전환사채,10000000000,0,0,2022-07-25,3142,100,2019-07-25,2022-06-25,,,2018-07-25,2018-07-25,private
222080,"SFA NEXEL Co., Ltd.",(주)에스에프에이넥셀,20211029000375,CB,2021-07-26,무기명식 이권부 무보증 사모 전환사채,45000000000,0,0,2026-07-30,12245,100,2022-07-30,2026-07-29,8572,,2021-07-28,2021-07-30,private
222080,"SFA NEXEL Co., Ltd.",(주)에스에프에이넥셀,20201014000157,CB,2020-10-13,기명식 무보증 사모 전환사채,30000000000,2,2,2025-10-15,7603,100,2021-10-15,2025-09-15,5323,,2020-10-13,2020-10-15,private
084440,UBION CO.LTD.,(주)유비온,20151023000341,CB,2015-10-23,무기명식 이권부 무보증 사모 전환사채,1400000000,1,5,2020-10-26,4210,100,2016-10-26,2020-09-26,,,2015-10-26,2015-10-26,private
000390,"SP SAMHWA CO., LTD.",에스피삼화(주),20180718000137,CB,2018-07-18,무기명식 무보증 사모 전환사채,20000000000,0,1.5,2023-07-20,7846,100,2019-07-20,2023-06-20,,,2018-07-20,2018-07-20,private
000390,"SP SAMHWA CO., LTD.",에스피삼화(주),20210225002306,EB,2021-02-25,무기명식 무보증 사모 교환사채,10000000000,0,0,2024-02-26,11880,100,2021-03-02,2024-01-26,,"not applicable (EB is exchanged for already-issued shares, not newly issued)",2021-02-26,2021-02-26,private
000390,"SP SAMHWA CO., LTD.",에스피삼화(주),20251203000228,EB,2025-11-28,무기명식 이권부 무보증 사모 교환사채,6916300303,0,0,2030-12-08,6857,100,2025-12-22,2030-11-08,,"not applicable (EB is exchanged for already-issued shares, not newly issued)",2025-12-08,2025-12-08,private
044990,H&SHigh Tech Corp.,에이치엔에스하이텍(주),20210309000109,CB,2021-03-08,무기명식 이권부 무보증 사모 전환사채,5000000000,0,2,2026-03-30,10050,100,2022-03-30,2026-02-28,7540,,2021-03-10,2021-03-30,private
191410,"RYUK-IL C&S., Ltd.",(주)육일씨엔에쓰,20170120000446,CB,2017-01-20,무기명식 이권부 무보증 사모 전환사채,5500000000,0,1,2020-01-24,7682,100,2018-01-24,2019-12-24,,,2017-01-24,2017-01-24,private
191410,"RYUK-IL C&S., Ltd.",(주)육일씨엔에쓰,20210722000331,CB,2021-07-22,무기명식 이권부 무보증 사모 전환사채,5000000000,0,2,2024-07-30,3874,100,2022-07-30,2024-06-30,2712,,2021-06-23,2021-07-30,private
191410,"RYUK-IL C&S., Ltd.",(주)육일씨엔에쓰,20240619000194,CB,2024-06-18,"무기명식 이권부 
무보증 사모 전환사채",5000000000,0,2,2027-07-10,2601,100,2025-07-10,2027-06-10,,,2024-06-18,2024-07-10,private
009190,"DAIYANG METAL CO.,LTD",(주)대양금속,20210709000260,CB,2021-07-09,국내 무기명식 이권부 무보증 사모 전환사채,8000000000,0,3,2024-07-12,5657,100,2022-07-12,2024-06-12,500,,2021-07-12,2021-07-12,private
009190,"DAIYANG METAL CO.,LTD",(주)대양금속,20210701000253,CB,2021-06-10,무기명식 이권부 무보증 사모 전환사채,6000000000,0,2,2024-07-02,5110,100,2022-07-02,2024-06-01,3580,,2021-06-14,2021-07-02,private
009190,"DAIYANG METAL CO.,LTD",(주)대양금속,20220517000287,CB,2021-11-29,국내 무기명식 이권부 무보증 사모 전환사채,12000000000,0,3,2025-05-17,5040,100,2023-05-17,2025-04-17,500,,2021-11-30,2022-05-17,private
009190,"DAIYANG METAL CO.,LTD",(주)대양금속,20221208000434,CB,2022-12-08,국내 무기명식 이권부 무보증 사모 전환사채,17000000000,8.5,8.5,2025-12-13,3749,100,2023-12-13,2025-11-13,500,,2022-12-08,2022-12-13,private
009190,"DAIYANG METAL CO.,LTD",(주)대양금속,20200527000474,CB,2020-05-13,무기명식 이권부 무보증 사모 전환사채,7000000000,0,2,2023-05-28,2690,100,2021-05-28,2023-04-27,,,2020-05-13,2020-05-28,private
009190,"DAIYANG METAL CO.,LTD",(주)대양금속,20260406004232,CB,2022-10-20,국내 무기명식 이권부 무보증 사모 전환사채,15000000000,6,6,2026-11-10,3408,100,2023-11-10,2026-10-10,500,,2022-10-20,2022-11-10,private
009190,"DAIYANG METAL CO.,LTD",(주)대양금속,20260805000397,CB,2025-07-30,국내 무기명식 이권부 무보증 사모 전환사채,10500000000,5,5,2029-03-30,1292,100,2027-03-30,2029-02-28,905,,2026-03-30,2026-03-30,private
009190,"DAIYANG METAL CO.,LTD",(주)대양금속,20260805000401,CB,2026-07-23,국내 무기명식 이권부 무보증 사모 전환사채,2000000000,7,7,2029-07-31,1863,100,2027-07-31,2029-06-30,1305,,2026-07-31,2026-07-31,private
009190,"DAIYANG METAL CO.,LTD",(주)대양금속,20181224000322,BW,2018-12-24,국내 무보증 비분리형 사모 신주인수권부사채,32506894000,0,5.5,2020-01-31,3727,100,2019-12-29,2019-12-31,,,2018-12-27,2018-12-28,private
273640,"YM Tech Co., Ltd.",(주)와이엠텍,20251224000001,CB,2025-12-23,무기명식 무이권부 무보증 사모 전환사채,19998000000,0,0,2031-01-08,12731,100,2027-01-08,2030-12-08,,,2025-12-23,2026-01-08,private
062970,"KOREA ADVANCED MATERIALS Co.,Ltd.",(주)한국첨단소재,20250206000603,CB,2024-08-27,무기명식이권부 무보증 사모 전환사채,4000000000,3,3,2027-09-12,1204,100,2025-09-12,2027-09-07,,,2024-08-27,2024-09-12,private
062970,"KOREA ADVANCED MATERIALS Co.,Ltd.",(주)한국첨단소재,20260522000640,CB,2026-05-22,무기명식이권부 무보증 사모 전환사채,10000000000,4,4,2029-06-10,2802,100,2027-06-10,2029-05-10,1962,,2026-06-10,2026-06-10,private
062970,"KOREA ADVANCED MATERIALS Co.,Ltd.",(주)한국첨단소재,20260902000256,CB,2026-09-02,무기명식이권부 무보증 사모 전환사채,5000000000,2,6,2029-09-10,2366,100,2027-09-10,2029-08-10,1657,,2026-09-10,2026-09-10,private
062970,"KOREA ADVANCED MATERIALS Co.,Ltd.",(주)한국첨단소재,20260902000259,CB,2026-09-02,무기명식이권부 무보증 사모 전환사채,9700000000,2,6,2029-09-10,2366,100,2027-09-10,2029-08-10,1657,,2026-09-10,2026-09-10,private
062970,"KOREA ADVANCED MATERIALS Co.,Ltd.",(주)한국첨단소재,20260727000408,CB,2026-07-27,무기명식이권부 무보증 사모 전환사채,5000000000,4,4,2029-08-04,2399,100,2027-08-04,2029-07-04,1680,,2026-08-04,2026-08-04,private
445680,"Curiox Biosystems Co., Ltd.",큐리옥스바이오시스템즈(주),20240723000321,CB,2024-07-23,무기명식무보증사모전환사채,20000000000,0,0,2029-07-26,42700,100,2025-07-27,2029-06-26,29890,,2024-07-25,2024-07-26,private
203400,ABION Inc.,에이비온(주),20200803000230,CB,2020-08-03,무기명식 이권부 무보증 사모 전환사채,7000000000,0,3,2023-08-07,5860,100,2021-08-07,2023-07-07,4102,,2020-08-05,2020-08-07,private
203400,ABION Inc.,에이비온(주),20201029000338,CB,2020-10-29,무기명식 이권부 무보증 사모 전환사채,5800000000,0,3,2023-11-06,6295,100,2021-11-06,2023-10-06,4407,,2020-11-02,2020-11-06,private
203400,ABION Inc.,에이비온(주),20230413002654,CB,2023-04-11,무기명식 이권부 무보증 사모 전환사채,21000000000,0,5,2028-04-14,8753,100,2024-04-14,2028-03-14,6128,,2023-04-13,2023-04-14,private
203400,ABION Inc.,에이비온(주),20250725000801,CB,2024-04-18,"무기명식 이권부 무보증
사모 전환사채",19000000000,2,6,2027-04-19,6106,100,2025-04-19,2027-03-19,,,2024-04-18,2024-04-19,private
145210,"Dynamic Design Co., LTD.",(주)다이나믹디자인,20180129000343,CB,2018-01-29,무기명식 이권부 무보증 사모전환 사채,16000000000,6,6,2021-02-22,3410,100,2019-02-22,2021-01-22,,,2018-01-29,2018-02-22,private
145210,"Dynamic Design Co., LTD.",(주)다이나믹디자인,20191126000351,CB,2019-11-26,"무기명식 이권부 무보증
사모전환 사채",,,,,,,,,,,,,private
145210,"Dynamic Design Co., LTD.",(주)다이나믹디자인,20171130001777,CB,2017-11-28,무기명식 이권부 무보증 사모전환사채,15000000000,0,3,2021-11-29,5220,100,2018-11-29,2021-10-29,,,2017-11-29,2017-11-29,private
145210,"Dynamic Design Co., LTD.",(주)다이나믹디자인,20210810000397,CB,2021-08-10,무기명식 이권부 무보증 사모 전환사채,17000000000,5,6,2024-08-12,748,100,2022-08-13,2024-08-07,500,,2021-08-12,2021-08-12,private
145210,"Dynamic Design Co., LTD.",(주)다이나믹디자인,20210810000396,CB,2021-08-10,무기명식 이권부 무보증 사모 전환사채,13000000000,4,5,2024-08-12,748,100,2022-08-13,2024-08-07,500,,2021-08-12,2021-08-12,private
145210,"Dynamic Design Co., LTD.",(주)다이나믹디자인,20211201000492,CB,2021-11-22,무기명식 이권부 무보증 사모 전환사채,10000000000,5,6,2024-11-24,500,100,2022-11-25,2024-11-19,500,,2021-11-22,2021-11-24,private
145210,"Dynamic Design Co., LTD.",(주)다이나믹디자인,20230922000248,CB,2023-09-01,무기명식 이권부 무보증 사모 전환사채,13000000000,4,6,2026-09-22,6143,100,2024-09-23,2026-09-14,,,2023-09-01,2023-09-22,private
306620,"GIS Co., Ltd.",(주)지아이에스,20200508000855,CB,2020-05-08,무기명식이권부무보증사모전환사채,5000000000,,3,2023-05-13,1815,100,2021-05-13,2023-04-13,,,2020-05-11,2020-05-13,private
306620,"GIS Co., Ltd.",(주)지아이에스,20200619000417,CB,2020-06-19,무기명식이권부무보증사모전환사채,3000000000,,3,2023-06-22,2905,100,2021-06-22,2023-05-22,,,2020-06-19,2020-06-22,private
306620,"GIS Co., Ltd.",(주)지아이에스,20210721000416,CB,2021-07-21,무기명식이권부무보증사모전환사채,5000000000,0,1.5,2024-07-23,3485,100,2022-07-23,2024-06-23,,,2021-07-23,2021-07-23,private
306620,"GIS Co., Ltd.",(주)지아이에스,20220323001182,CB,2022-03-23,무기명식이권부무보증사모전환사채,1500000000,0,2,2025-03-31,3945,100,2023-03-31,2025-02-28,3160,,2022-03-25,2022-03-31,private
306620,"GIS Co., Ltd.",(주)지아이에스,20230523000306,CB,2023-05-23,무기명식이권부무보증사모전환사채,25000000000,0,3.5,2026-05-24,3555,100,2024-05-24,2026-04-24,2667,,2023-05-24,2023-05-24,private
306620,"GIS Co., Ltd.",(주)지아이에스,20260507000623,CB,2026-05-07,"무기명식
 이권부 무보증 
사모 전환사채",11500000000,0,5,2028-05-15,3562,100,2027-05-15,2028-04-15,,,2026-05-15,2026-05-15,private
306620,"GIS Co., Ltd.",(주)지아이에스,20250917000381,BW,2025-09-17,무기명식 이권부 무보증 사모 신주인수권부사채,15000000000,0,1,2030-09-25,2151,100,2026-09-25,2030-08-25,1506,,2025-09-25,2025-09-25,private
306620,"GIS Co., Ltd.",(주)지아이에스,20250625000480,EB,2025-06-25,무기명식 이권부 무보증 사모 교환사채,4760171465,0,0,2028-06-27,2765,100,2025-07-27,2028-05-27,,"not applicable (EB is exchanged for already-issued shares, not newly issued)",,2025-06-27,private
447690,"AIOBIO Co., Ltd.",(주)아이오바이오,20240702000083,CB,2024-06-27,무기명식 무보증 무담보 사모 전환사채,4000000000,0,3,2029-06-28,8500,100,2025-06-28,2029-05-29,,,2024-06-27,2024-06-28,private
447690,"AIOBIO Co., Ltd.",(주)아이오바이오,20250110000446,CB,2025-01-09,무기명식 무보증 무담보 사모 전환사채,1000000000,0,3,2030-01-10,8500,100,2026-01-10,2029-12-11,,,2025-01-10,2025-01-10,private
447690,"AIOBIO Co., Ltd.",(주)아이오바이오,20250327000987,CB,2025-03-27,무기명식 무보증 무담보 사모 전환사채,2000000000,0,3,2030-03-28,8500,100,2026-03-28,2030-02-26,,,2025-03-28,2025-03-28,private
447690,"AIOBIO Co., Ltd.",(주)아이오바이오,20250708000166,CB,2025-07-08,무기명식 무보증 무담보 사모 전환사채,1000000000,0,3,2030-07-10,8500,100,2026-07-10,2030-06-10,,,2025-07-10,2025-07-10,private
447690,"AIOBIO Co., Ltd.",(주)아이오바이오,20251002000264,CB,2025-10-01,무기명식 무보증 무담보 사모 전환사채,1000000000,0,3,2030-10-10,8500,100,2026-10-10,2030-09-10,,,2025-10-10,2025-10-10,private
001210,"KUMHO ELECTRIC CO.,LTD",금호전기(주),20210823000206,CB,2021-08-23,무기명식 무보증 사모 전환사채,2000000000,5,8,2024-08-23,2889,100,2022-08-24,2024-07-23,500,,2021-08-20,2021-08-23,private
001210,"KUMHO ELECTRIC CO.,LTD",금호전기(주),20210831001203,CB,2021-08-17,무기명식 무보증 사모 전환사채,3000000000,5,8,2024-08-31,2889,100,2022-09-01,2024-07-31,500,,2021-08-20,2021-08-31,private
001210,"KUMHO ELECTRIC CO.,LTD",금호전기(주),20210325000850,CB,2021-03-24,무기명식 무보증 사모 전환사채,5000000000,3,6,2024-03-25,2599,100,2022-03-25,2024-02-25,500,,2021-03-25,2021-03-25,private
001210,"KUMHO ELECTRIC CO.,LTD",금호전기(주),20211029000317,CB,2021-10-29,무기명식 무보증 사모 전환사채,4000000000,5,8,2024-10-29,2889,100,2022-10-30,2024-09-29,500,,2021-09-20,2021-10-29,private
001210,"KUMHO ELECTRIC CO.,LTD",금호전기(주),20220121000001,CB,2022-01-20,무기명식 무보증 사모 전환사채,3998400000,0,3,2025-01-20,3796,100,2023-01-21,2024-12-20,,,2022-01-20,2022-01-20,private
001210,"KUMHO ELECTRIC CO.,LTD",금호전기(주),20201130001503,CB,2020-11-30,무기명식 무보증 사모 전환사채,3000000000,5,5,2023-11-30,3206,100,2021-12-01,2023-10-31,500,,2020-09-02,2020-11-30,private
001210,"KUMHO ELECTRIC CO.,LTD",금호전기(주),20200429001156,CB,2020-04-29,무기명식 무보증 사모 전환사채,10300000000,8,10,2023-04-29,2087,100,2021-04-30,2023-03-29,,,2020-03-27,2020-04-29,private
001210,"KUMHO ELECTRIC CO.,LTD",금호전기(주),20200324000675,CB,2020-03-24,무기명식 무보증 사모 전환사채,10100000000,5,5,2023-03-24,2021,100,2021-03-25,2023-02-24,,,2020-03-23,2020-03-24,private
001210,"KUMHO ELECTRIC CO.,LTD",금호전기(주),20200916000093,CB,2020-09-16,무기명식 무보증 사모 전환사채,5000000000,7,7,2023-09-16,3206,100,2021-09-17,2023-08-16,500,,2020-09-02,2020-09-16,private
001210,"KUMHO ELECTRIC CO.,LTD",금호전기(주),20231221000334,CB,2023-12-21,무기명식 무보증 사모 전환사채,3000000000,3,9,2027-01-03,831,100,2025-01-03,2026-12-03,500,,2023-12-21,2024-01-03,private
001210,"KUMHO ELECTRIC CO.,LTD",금호전기(주),20241106000277,CB,2024-11-06,무기명식 무보증 사모 전환사채,30000000000,2,5,2025-11-26,3585,100,2022-11-26,2024-10-26,500,,2021-11-26,2021-11-26,private
001210,"KUMHO ELECTRIC CO.,LTD",금호전기(주),20250424000589,CB,2025-04-23,무기명식 무보증 사모 전환사채,3000000000,3,9,2028-04-25,1235,100,2026-04-25,2028-03-25,500,,2025-04-23,2025-04-25,private
001210,"KUMHO ELECTRIC CO.,LTD",금호전기(주),20260630000689,CB,2026-06-30,무기명식 무보증 사모 전환사채,11000000000,4,7,2029-11-13,3120,100,2027-11-13,2029-10-13,2500,,2024-08-14,2026-11-13,private
001210,"KUMHO ELECTRIC CO.,LTD",금호전기(주),20181005000001,BW,2018-09-19,국내 무기명식 이권부 무보증 공모 분리형 신주인수권부사채,20000000000,3,5,2023-10-15,6940,100,2018-11-15,2023-09-15,,,2018-10-10,2018-10-15,public
107600,"Sebitchem Co., LTD",(주)새빗켐,20221123000344,CB,2022-11-23,무기명식 무이권부 무보증 사모 전환사채,8500000000,0,0,2027-11-25,110400,100,2023-11-25,2027-10-25,77300,,2022-11-25,2022-11-25,private
107600,"Sebitchem Co., LTD",(주)새빗켐,20221123000347,BW,2022-11-23,무기명식 무이권부 무보증 사모 신주인수권부사채,8500000000,0,0,2027-11-25,110400,100,2023-11-25,2027-10-25,77300,,2022-11-25,2022-11-25,private
258610,"CAELUM Co., Ltd.",(주)케일럼,20180723000252,CB,2018-07-20,무기명식 무보증 사모 전환사채,10000000000,0,0,2023-07-23,6232,100,2019-07-23,2023-07-21,,,2018-07-20,2018-07-23,private
258610,"CAELUM Co., Ltd.",(주)케일럼,20210427000482,CB,2020-09-18,무기명식 이권부 무보증 사모전환사채,6810000000,1,3,2024-04-29,7670,100,2022-04-29,2024-03-29,5370,,2021-04-27,2021-04-29,private
258610,"CAELUM Co., Ltd.",(주)케일럼,20200428000864,CB,2019-07-29,무기명식 이권부 무보증 사모전환사채,,0,5,2023-07-24,5590,100,2021-07-25,2023-06-24,,,2019-07-29,2020-07-24,private
258610,"CAELUM Co., Ltd.",(주)케일럼,20200924000425,CB,2020-08-03,무기명식 이권부 무보증 사모전환사채,20000000000,1,3,2023-09-24,4495,100,2021-09-25,2023-08-24,3150,,2020-08-03,2020-09-24,private
118990,"MOTREX CO., LTD",모트렉스 주식회사,20181112000505,CB,2018-11-12,무기명식 이권부 무보증 사모 전환사채,15800000000,0,0,2023-11-19,4722,100,2019-11-19,2023-10-19,,,2018-11-14,2018-11-19,private
118990,"MOTREX CO., LTD",모트렉스 주식회사,20200804000285,CB,2020-08-04,무기명식 무보증 사모 전환사채,8000000000,1,2,2025-08-06,3524,100,2021-08-06,2025-07-06,2467,,2020-08-06,2020-08-06,private
118990,"MOTREX CO., LTD",모트렉스 주식회사,20200804000287,EB,2020-08-04,무기명식 무보증 사모 전환사채,4000000000,0,1,2023-08-06,3524,100,2020-09-06,2023-07-06,,"not applicable (EB is exchanged for already-issued shares, not newly issued)",2020-08-06,2020-08-06,private
376270,HEM Pharma Inc.,주식회사 에이치이엠파마,20260619000658,CB,2026-06-19,무기명식 무보증 사모 전환사채,15900000000,0,1.5,2030-10-30,26789,100,2026-10-30,2030-09-30,,,2025-10-30,2025-10-30,private
376270,HEM Pharma Inc.,주식회사 에이치이엠파마,20260806000534,CB,2026-08-06,무기명식 이권부 무보증 사모 전환사채,54000000000,0,1.5,2031-08-14,43912,100,2027-08-14,2031-07-14,,,2026-08-14,2026-08-14,private
112040,"Wemade Co., Ltd.",(주)위메이드,20240206000430,CB,2022-11-02,무기명식 무보증 사모 전환사채,21000000000,0,8,2027-11-18,50510,100,2023-11-18,2027-10-18,,,2022-11-02,2022-11-18,private
112040,"Wemade Co., Ltd.",(주)위메이드,20240206000434,CB,2022-11-02,무기명식 무보증 사모 전환사채,30000000000,0,8,2027-11-18,50510,100,2023-11-18,2027-10-18,,,2022-11-02,2022-11-18,private
112040,"Wemade Co., Ltd.",(주)위메이드,20230918000211,CB,2023-09-18,무기명식 무보증 사모 전환사채,20000000000,0,6,2028-09-22,36742,100,2024-09-22,2028-08-22,,,2023-09-18,2023-09-22,private
112040,"Wemade Co., Ltd.",(주)위메이드,20240206000444,CB,2022-11-02,무기명식 무보증 사모 전환사채,15000000000,0,8,2027-11-18,50510,100,2023-11-18,2027-10-18,,,2022-11-02,2022-11-18,private
101930,"Inhwa Precision Co., Ltd.",인화정공(주),20220503000232,CB,2022-05-03,무기명식 이권부 무보증 사모전환사채,14000000000,0,3,2025-05-06,16767,100,2023-05-06,2025-04-06,11736,,2022-05-06,2022-05-06,private
256840,"BNC KOREA, Inc.",(주)한국비엔씨,20211129000984,CB,2021-04-09,무기명식 이권부 무보증 사모전환사채,35000000000,0,0,2026-04-13,7620,100,2022-04-13,2026-03-13,,,2021-04-13,2021-04-13,private
288620,"S-Prism Co., Ltd. ",에스프리즘 (주),20221026000426,CB,2022-10-26,무기명식 이권부 무보증 사모 전환사채,10000000000,0,0,2027-10-28,21235,100,2023-10-28,2027-09-28,14865,,2022-10-28,2022-10-28,private
288620,"S-Prism Co., Ltd. ",에스프리즘 (주),20241022000318,CB,2024-10-22,무기명식 이권부 무보증 사모 전환사채,15000000000,0,0,2029-10-24,11355,100,2025-10-24,2029-09-24,7949,,2024-10-24,2024-10-24,private
288620,"S-Prism Co., Ltd. ",에스프리즘 (주),20221026000434,BW,2022-10-26,무기명식 이권부 무보증 사모 비분리형 신주인수권부사채,10000000000,0,0,2027-10-28,21235,100,2023-10-28,2027-09-28,14865,,2022-10-28,2022-10-28,private
020120,"KidariStudio, Inc.",(주)키다리스튜디오,20190719000527,CB,2019-07-18,무기명식 이권부 무보증 사모 전환사채,5600000000,0,1,2024-07-19,5090,100,2020-07-20,2024-06-19,,,,2019-07-19,private
020120,"KidariStudio, Inc.",(주)키다리스튜디오,20190917000707,CB,2019-09-17,무기명식 이권부 무보증 사모 전환사채,2800000000,0,1,2024-09-18,4370,100,2020-09-18,2024-08-16,,,,2019-09-18,private
020120,"KidariStudio, Inc.",(주)키다리스튜디오,20190917000714,BW,2019-09-17,국내 무기명식 이권부 무보증 신주인수권부사채,2100000000,0,1,2024-09-18,4370,100,2020-09-18,2024-08-16,,,,2019-09-18,private
023770,PLAYWITH KOREA Inc.,(주)플레이위드코리아,20150722000244,CB,2015-07-22,무기명식 이권부 무보증 사모 전환사채,3000000000,1,3,2018-07-23,10519,100,2016-07-23,2018-06-23,,,,2015-07-23,private
023770,PLAYWITH KOREA Inc.,(주)플레이위드코리아,20190704000408,CB,2019-07-04,무기명식 이권부 무보증 사모 전환사채,10000000000,0,0,2022-07-19,24164,100,2020-07-19,2022-06-19,,,2019-07-08,2019-07-19,private
023770,PLAYWITH KOREA Inc.,(주)플레이위드코리아,20161027000366,CB,2016-10-27,무기명식 이권부 무보증 사모 전환사채,5700000000,1,3,2019-10-31,10128,100,2017-10-31,2019-09-30,,,2016-10-31,2016-10-31,private
023770,PLAYWITH KOREA Inc.,(주)플레이위드코리아,20170601000292,CB,2017-06-01,무기명식 이권부 무보증 사모 전환사채,2800000000,1,3,2020-06-05,9323,100,2018-06-05,2020-05-05,,,2017-06-05,2017-06-05,private
023770,PLAYWITH KOREA Inc.,(주)플레이위드코리아,20240626000203,CB,2024-06-24,무기명식 이권부 무보증 사모 전환사채,6000000000,0,2,2027-06-26,6459,100,2025-06-26,2027-05-26,4522,,2024-06-26,2024-06-26,private
018620,"WooGeneB&GCO.,Ltd",우진비앤지(주),20191011000361,CB,2019-10-01,무기명식 이권부 무보증 사모 전환사채,10000000000,0,6,2023-10-14,3753,100,2020-10-14,2023-09-14,,,2019-10-14,2019-10-14,private
018620,"WooGeneB&GCO.,Ltd",우진비앤지(주),20190530000858,CB,2019-05-30,무기명식 이권부 무보증 사모 전환사채,5000000000,0,3,2023-06-03,3073,100,2020-06-03,2023-05-03,,,2019-06-03,2019-06-03,private
018620,"WooGeneB&GCO.,Ltd",우진비앤지(주),20160518000044,CB,2016-05-16,국내 무기명식 이권부 무보증 사모 전환 사채,13000000000,0,2,2020-05-20,7085,100,2017-05-20,2020-04-20,,,2016-05-18,2016-05-20,private
018620,"WooGeneB&GCO.,Ltd",우진비앤지(주),20200513000557,CB,2020-01-10,무기명 이권부 무보증 사모 전환사채,3000000000,0,2,2024-01-15,2458,100,2021-01-15,2023-12-15,,,2020-01-10,2020-01-15,private
018620,"WooGeneB&GCO.,Ltd",우진비앤지(주),20231023000107,CB,2023-03-21,무기명식 이권부 무보증 사모 전환사채,8000000000,0,4,2026-03-23,1432,100,2024-03-23,2026-02-23,1003,,2023-03-23,2023-03-23,private
031860,"DHX Company Co., Ltd.",디에이치엑스컴퍼니(주),20151210000396,CB,2015-12-10,무기명식 무보증 사모 전환사채,5000000000,3,7,2018-12-18,3659,100,2016-12-18,2018-12-11,,,2015-12-10,2015-12-18,private
031860,"DHX Company Co., Ltd.",디에이치엑스컴퍼니(주),20151110000330,CB,2015-11-10,무기명식 무보증 사모 전환사채,6400000000,0,4,2018-11-10,2825,100,2016-11-10,2018-11-03,,,2015-11-10,2015-11-10,private
031860,"DHX Company Co., Ltd.",디에이치엑스컴퍼니(주),20180213000496,CB,,무기명식 무보증 사모 전환사채,,,,,,,,,,,,,private
031860,"DHX Company Co., Ltd.",디에이치엑스컴퍼니(주),20191205000335,CB,2019-05-02,무기명식 무보증 이권부 사모 전환사채,7600000000,2,4,2022-12-06,1970,100,2020-12-06,2022-11-06,,,2019-12-05,2019-12-06,private
031860,"DHX Company Co., Ltd.",디에이치엑스컴퍼니(주),20191205000336,CB,2019-05-02,무기명식 무보증 이권부 사모 전환사채,5100000000,2,4,2022-12-06,1970,100,2020-12-06,2022-11-06,,,2019-12-05,2019-12-06,private
031860,"DHX Company Co., Ltd.",디에이치엑스컴퍼니(주),20191212000281,CB,2019-05-02,무기명식 무보증 이권부 사모 전환사채,5100000000,2,4,2022-12-12,1970,100,2020-12-12,2022-11-12,,,2019-12-12,2019-12-12,private
031860,"DHX Company Co., Ltd.",디에이치엑스컴퍼니(주),20190104000503,CB,2019-01-04,무기명식 무보증 이권부 사모 전환사채,3000000000,3,5,2022-01-18,1565,100,2020-01-18,2021-12-18,,,2019-01-08,2019-01-18,private
031860,"DHX Company Co., Ltd.",디에이치엑스컴퍼니(주),20190409002651,CB,2019-01-29,무기명식 무보증 이권부 사모 전환사채,21370000000,1,3,2022-04-05,2250,100,2020-04-05,2022-03-05,,,2019-01-31,2019-04-05,private
031860,"DHX Company Co., Ltd.",디에이치엑스컴퍼니(주),20170317000745,CB,2016-12-01,무기명식 무보증 사모 전환사채,5100000000,3,7,2020-04-05,3760,100,2018-04-05,2020-03-05,,,2017-03-20,2017-04-05,private
031860,"DHX Company Co., Ltd.",디에이치엑스컴퍼니(주),20160303000542,CB,2016-03-03,무기명식 무보증 사모 전환사채,900000000,0,0,2019-03-03,3559,100,2017-03-03,2019-02-03,,,2016-03-03,2016-03-03,private
031860,"DHX Company Co., Ltd.",디에이치엑스컴퍼니(주),20161201000336,CB,2016-12-01,무기명식 무보증 사모 전환사채,10000000000,,,,,,,,,,,,private
031860,"DHX Company Co., Ltd.",디에이치엑스컴퍼니(주),20161201000338,CB,2016-12-01,무기명식 무보증 사모 전환사채,10000000000,,,,,,,,,,,,private
031860,"DHX Company Co., Ltd.",디에이치엑스컴퍼니(주),20161201000341,CB,2016-12-01,무기명식 무보증 사모 전환사채,10000000000,,,,,,,,,,,,private
031860,"DHX Company Co., Ltd.",디에이치엑스컴퍼니(주),20170905000335,CB,2016-12-01,무기명식 무보증 사모 전환사채,5500000000,4,6,2017-09-05,3500,100,2018-09-05,2020-08-05,,,2017-04-20,2017-09-05,private
031860,"DHX Company Co., Ltd.",디에이치엑스컴퍼니(주),20210512000776,CB,2021-04-05,무기명식 이권부 무보증 사모 전환사채,14000000000,3,5,2024-05-10,1480,100,2022-05-11,2024-05-03,1036,,2021-05-04,2021-05-10,private
031860,"DHX Company Co., Ltd.",디에이치엑스컴퍼니(주),20210507000751,CB,2021-04-06,무기명식 이권부 무보증 사모 전환사채,4500000000,2,5.5,2024-04-09,1682,100,2022-04-09,2024-03-09,1178,,2021-04-08,2021-04-09,private
031860,"DHX Company Co., Ltd.",디에이치엑스컴퍼니(주),20210513000918,CB,2021-05-12,무기명식 이권부 무보증 사모 전환사채,2500000000,1.5,2,2024-05-12,1406,100,2022-05-12,2024-04-12,985,,2021-05-12,2021-05-12,private
031860,"DHX Company Co., Ltd.",디에이치엑스컴퍼니(주),20211221000447,CB,2021-12-21,무기명식 이권부 무보증 사모 전환사채,1530150000,2,3,2024-12-21,1155,100,2021-12-21,2024-12-21,809,,2021-12-21,2021-12-21,private
031860,"DHX Company Co., Ltd.",디에이치엑스컴퍼니(주),20221028000543,CB,2022-03-11,무기명식 이권부 무보증 사모 전환사채,5500000000,0,0,2025-10-28,1050,100,2023-10-28,2025-09-28,735,,2022-10-28,2022-10-28,private
031860,"DHX Company Co., Ltd.",디에이치엑스컴퍼니(주),20221028000538,CB,2022-03-11,무기명식 이권부 무보증 사모 전환사채,5500000000,0,0,2025-10-28,1050,100,2023-10-28,2025-09-28,735,,2022-10-28,2022-10-28,private
031860,"DHX Company Co., Ltd.",디에이치엑스컴퍼니(주),20220511000582,CB,2022-03-23,무기명식 이권부 무보증 사모 전환사채,4000000000,3,5,2025-05-11,1684,100,2023-05-11,2025-05-01,1179,,2022-03-23,2022-05-11,private
031860,"DHX Company Co., Ltd.",디에이치엑스컴퍼니(주),20200928000475,CB,2020-03-03,무기명식 무보증 이권부 사모 전환사채,5010000000,4,5,2023-09-28,1210,100,2021-09-28,2023-08-28,847,,2020-09-28,2020-09-28,private
031860,"DHX Company Co., Ltd.",디에이치엑스컴퍼니(주),20200928000480,CB,2020-03-03,무기명식 무보증 이권부 사모 전환사채,1000000000,2,3,2023-09-28,1210,100,2021-09-28,2023-08-28,847,,2020-09-28,2020-09-28,private
031860,"DHX Company Co., Ltd.",디에이치엑스컴퍼니(주),20221230000233,CB,2022-12-28,무기명식 이권부 무보증 사모 전환사채,3500000000,1,3,2025-12-28,806,100,2023-12-28,2025-11-28,565,,2022-12-28,2022-12-28,private
031860,"DHX Company Co., Ltd.",디에이치엑스컴퍼니(주),20240719000503,CB,2024-07-19,무기명식 이권부 무보증 사모 전환사채,500000000,0,0,2027-07-19,1524,100,2025-07-19,2027-06-19,1067,,2024-07-19,2024-07-19,private
031860,"DHX Company Co., Ltd.",디에이치엑스컴퍼니(주),20250701000409,CB,2025-07-01,무기명식 이권부 무보증 사모 전환사채,5010000000,0,2,2028-07-01,1284,100,2026-07-01,2028-06-01,899,,2025-07-01,2025-07-01,private
031860,"DHX Company Co., Ltd.",디에이치엑스컴퍼니(주),20250701000410,CB,2025-07-01,무기명식 이권부 무보증 사모 전환사채,5010000000,0,2,2028-07-01,1284,100,2026-07-01,2028-06-01,899,,2025-07-01,2025-07-01,private
031860,"DHX Company Co., Ltd.",디에이치엑스컴퍼니(주),20260508000940,CB,2026-03-10,무기명식 이권부 무보증 사모 전환사채,15000000000,1,2,2029-10-08,500,100,2027-10-08,2029-09-08,500,,2026-03-10,2026-10-08,private
078860,"IOKENM CO.,LTD.",(주)아이오케이이엔엠,20150810000502,CB,2015-08-10,제 5 회 무기명식  무보증 사모 전환사채,16000000000,,3,2018-08-10,7520,100,2016-08-10,2018-07-10,,,2015-08-10,2015-08-10,private
078860,"IOKENM CO.,LTD.",(주)아이오케이이엔엠,20181102000376,CB,2018-11-02,무기명식  무보증 무담보 사모 전환사채,300000000,0,0,2021-11-02,1951,100,2019-11-02,2021-10-02,,,2018-11-02,2018-11-02,private
078860,"IOKENM CO.,LTD.",(주)아이오케이이엔엠,20190111000306,CB,2018-11-01,무기명식  무보증 무담보 사모 전환사채,5000000000,0,0,2022-01-18,1933,100,2020-01-18,2021-12-18,,,2018-11-02,2019-01-18,private
078860,"IOKENM CO.,LTD.",(주)아이오케이이엔엠,20180720000269,CB,2018-07-09,무기명식  무보증 무담보 사모 전환사채,10000000000,0,0,2021-07-27,1871,100,2019-07-27,2021-06-27,,,2018-07-11,2018-07-27,private
078860,"IOKENM CO.,LTD.",(주)아이오케이이엔엠,20180720000273,CB,2018-07-09,무기명식  무보증 무담보 사모 전환사채,11850000000,0,0,2021-07-27,1871,100,2019-07-27,2021-06-27,,,2018-07-11,2018-07-27,private
078860,"IOKENM CO.,LTD.",(주)아이오케이이엔엠,20180720000284,CB,2018-07-19,무기명식  무보증 무담보 사모 전환사채,7240000000,0,0,2021-07-27,2186,100,2019-07-27,2021-06-27,,,2018-07-20,2018-07-27,private
078860,"IOKENM CO.,LTD.",(주)아이오케이이엔엠,20180817000270,CB,2018-08-17,무기명식  무보증 무담보 사모 전환사채,5500000000,0,0,2021-08-17,2354,100,2019-08-17,2021-07-17,,,2018-08-17,2018-08-17,private
078860,"IOKENM CO.,LTD.",(주)아이오케이이엔엠,20191119000091,CB,2019-11-15,무기명식 이권부 무보증 사모 전환사채,4999660000,0,3,2022-11-15,2067,100,2020-11-15,2022-10-15,,,2019-11-15,2019-11-15,private
078860,"IOKENM CO.,LTD.",(주)아이오케이이엔엠,20171024000389,CB,2017-07-17,무기명식  무보증 무담보 사모 전환사채,6570000000,0,0,2020-07-19,651,100,2018-07-19,2020-06-19,,,2017-07-17,2017-07-19,private
078860,"IOKENM CO.,LTD.",(주)아이오케이이엔엠,20171024000395,CB,2017-07-25,무기명식  무보증 무담보 사모 전환사채,720428860,0,0,2020-07-25,631,100,2018-07-25,2020-06-25,,,2017-07-25,2017-07-25,private
078860,"IOKENM CO.,LTD.",(주)아이오케이이엔엠,20171201000230,CB,2017-12-01,무기명식  무보증 무담보 사모 전환사채,601984140,0,0,2020-12-01,527,100,2018-12-01,2020-11-01,,,2017-12-01,2017-12-01,private
078860,"IOKENM CO.,LTD.",(주)아이오케이이엔엠,20211130001909,CB,2021-11-30,"무기명식 무이권부 무보증
사모 전환사채",500000000,0,0,2024-11-30,2200,100,2022-11-30,2024-10-30,500,,2021-11-30,2021-11-30,private
078860,"IOKENM CO.,LTD.",(주)아이오케이이엔엠,20210729000284,CB,2021-07-29,"무기명식 무이권부 무보증
사모 전환사채",1500000000,0,0,2024-07-29,1880,100,2022-07-29,2024-06-29,500,,2021-07-29,2021-07-29,private
078860,"IOKENM CO.,LTD.",(주)아이오케이이엔엠,20210217001311,CB,2021-02-17,"무기명식 무이권부 무보증
사모 전환사채",1000000000,0,0,2024-02-17,1440,100,2022-02-17,2024-01-17,500,,2021-02-17,2021-02-17,private
078860,"IOKENM CO.,LTD.",(주)아이오케이이엔엠,20220714000250,CB,2022-07-14,"무기명식 무이권부 무보증
사모 전환사채",500000000,0,0,2025-07-14,730,100,2023-07-14,2025-06-14,500,,2022-07-14,2022-07-14,private
078860,"IOKENM CO.,LTD.",(주)아이오케이이엔엠,20240417000452,CB,2021-11-25,"무기명식 이권부 무보증
사모 전환사채",20000000000,0,3,2025-04-25,2171,100,2023-04-25,2025-03-25,500,,2021-11-29,2022-04-25,private
078860,"IOKENM CO.,LTD.",(주)아이오케이이엔엠,20240710000804,CB,2024-07-09,무기명식 이권부 무보증 사모 전환사채,5000000000,5,5,2027-07-10,7090,100,2025-07-10,2027-06-10,500,,2024-07-09,2024-07-10,private
078860,"IOKENM CO.,LTD.",(주)아이오케이이엔엠,20250207000758,CB,2024-06-27,"무기명식 이권부 무보증
사모 전환사채",10100000000,4,8,2028-02-07,1672,100,2026-02-07,2028-01-07,100,,2024-06-27,2025-02-07,private
039980,Polaris AI Corp.,(주)폴라리스에이아이,20211202000397,CB,2021-11-30,무기명식 무보증 사모 전환사채,5000000000,0,0,2026-12-02,1201,100,2022-12-02,2026-11-02,841,,2021-12-02,2021-12-02,private
033310,"M2N Co.,Ltd",(주)엠투엔,20210420000430,CB,2021-04-01,무기명식 이권부 무보증 사모 전환사채,30000000000,0,6,2024-04-23,15687,100,2022-04-23,2024-03-23,10981,,2021-04-01,2021-04-23,private
033310,"M2N Co.,Ltd",(주)엠투엔,20200616000278,CB,2020-06-16,무기명식 이권부 무보증 사모 전환사채,10000000000,0,6,2023-06-18,3995,100,2021-06-18,2023-05-18,,,2020-06-16,2020-06-18,private
033310,"M2N Co.,Ltd",(주)엠투엔,20200616000279,CB,2020-06-16,무기명식 이권부 무보증 사모 전환사채,3000000000,0,6,2023-06-18,3995,100,2021-06-18,2023-05-18,,,2020-06-16,2020-06-18,private
054220,"VitzroSys., Co. LTD",(주)비츠로시스,20181030000396,CB,2018-10-30,"무기명식 이권부 무보증
사모 전환사채",6000000000,1,1,2021-10-30,1690,100,2019-10-30,2021-09-30,,,2018-10-30,2018-10-30,private
054220,"VitzroSys., Co. LTD",(주)비츠로시스,20190228006846,CB,2018-12-14,"무기명식 이권부 무보증
사모 전환사채",0,4,4,2022-02-28,1509,100,2020-02-28,2022-01-28,,,2018-12-14,2019-02-28,private
054220,"VitzroSys., Co. LTD",(주)비츠로시스,20180913000313,CB,2018-09-13,"무기명식 이권부 무보증
사모 전환사채",2000000000,4,4,2021-09-17,1753,100,2019-09-17,2021-08-17,,,2018-09-13,2018-09-17,private
054220,"VitzroSys., Co. LTD",(주)비츠로시스,20180919000200,CB,2018-09-19,"무기명식 이권부 무보증
사모 전환사채",7000000000,4,4,2021-09-21,1896,100,2019-09-21,2021-08-21,,,2018-09-19,2018-09-21,private
054220,"VitzroSys., Co. LTD",(주)비츠로시스,20171107000315,CB,2017-11-07,무기명식 이권부 무보증 사모 전환사채,5000000000,0,1.5,2020-11-09,1267,100,2018-11-09,2020-10-09,,,2017-11-09,2017-11-09,private
054220,"VitzroSys., Co. LTD",(주)비츠로시스,20160115000280,CB,2016-01-15,"무기명식 무보증 이권부 
사모 전환사채",6000000000,0,1.5,2019-01-19,1508,100,2017-01-19,2018-12-20,,,2016-01-19,2016-01-19,private
054220,"VitzroSys., Co. LTD",(주)비츠로시스,20210524000294,CB,2021-05-24,무기명식 이권부 무보증 사모 전환사채,1000000000,3,5,2024-05-25,2090,100,2022-05-25,2024-04-25,1672,,2021-05-25,2021-05-25,private
054220,"VitzroSys., Co. LTD",(주)비츠로시스,20221216000518,CB,2022-12-13,무기명식 이권부 무보증 사모 전환사채,5000000000,2,9.5,2025-12-16,1501,100,2023-12-16,2025-11-16,1051,,2022-12-13,2022-12-16,private
054220,"VitzroSys., Co. LTD",(주)비츠로시스,20221228000715,CB,2022-12-13,무기명식 이권부 무보증 사모 전환사채,5000000000,2,6,2025-12-30,1501,100,2023-12-30,2025-11-30,1053,,2022-12-13,2022-12-30,private
054220,"VitzroSys., Co. LTD",(주)비츠로시스,20240507000467,CB,2023-12-21,무기명식 이권부 무보증 사모 전환사채,3000000000,2,6,2026-12-26,577,100,2024-12-26,2026-11-26,500,,2023-12-22,2023-12-26,private
054220,"VitzroSys., Co. LTD",(주)비츠로시스,20240626000555,CB,2024-06-25,무기명식 이권부 무보증 사모 전환사채,3500000000,2,6,2027-06-26,500,100,2025-06-26,2027-05-26,500,,2024-06-25,2024-06-26,private
054220,"VitzroSys., Co. LTD",(주)비츠로시스,20241024000452,CB,2024-10-24,무기명식 이권부 무보증 사모 전환사채,3000000000,2,4,2027-10-24,500,100,2025-10-24,2027-09-24,500,,2024-10-24,2024-10-24,private
050120,"ES CUBE CO., LTD.",(주)ES큐브,20190711000091,CB,2019-07-11,무기명식 이권부 무보증 사모 전환사채,36600000000,4,4,2022-07-12,855,100,2020-07-12,2022-07-11,,,2019-07-11,2019-07-12,private
050120,"ES CUBE CO., LTD.",(주)ES큐브,20190711000094,CB,2019-07-11,무기명식 이권부 무보증 사모 전환사채,5000000000,4,4,2022-07-23,855,100,2020-07-23,2022-07-22,,,2019-07-11,2019-07-23,private
050120,"ES CUBE CO., LTD.",(주)ES큐브,20220624000531,CB,2021-11-30,무기명식 이권부 무보증 사모 전환사채,20000000000,1.5,3,2024-09-30,5000,100,2023-09-30,2024-09-29,5000,,2021-11-30,2022-09-30,private
251270,Netmarble Corporation,넷마블(주),20251106000215,EB,2025-11-06,무기명식 무보증 사모 교환사채,200000000000,0,0,2030-11-19,378375,100,2025-11-20,2030-10-19,,"not applicable (EB is exchanged for already-issued shares, not newly issued)",2025-11-19,2025-11-19,private
298830,Suresofttech Inc.,슈어소프트테크 주식회사,20230828000357,CB,2023-08-28,무기명식 무보증 사모 전환사채,15000000000,0,0,2028-08-30,8189,100,2024-08-30,2028-07-30,6552,,2023-08-30,2023-08-30,private
026910,KwangjinInd,광진실업(주),20260827001048,CB,2026-07-02,"무기명식 이권부
 무보증 사모 전환사채",7000000000,0,0,2029-10-30,4740,100,2027-10-30,2029-09-29,,,2026-07-06,2026-10-30,private
026910,KwangjinInd,광진실업(주),20260827001044,CB,2026-07-02,"무기명식 이권부
 무보증 사모 전환사채",15000000000,0,0,2029-11-30,4740,100,2027-11-30,2029-10-29,,,2026-07-06,2026-11-30,private
291810,"Pintel Co.,Ltd.",(주)핀텔,20211209000438,CB,2021-03-03,기명식사모전환사채,1500000000,0,3,2024-03-05,2000,100,2022-03-06,2024-03-04,,,2021-03-05,2021-03-05,private
291810,"Pintel Co.,Ltd.",(주)핀텔,20211209000440,CB,2021-04-08,기명식 사모 전환사채,1200000000,0,3,2024-04-09,2000,100,2022-04-10,2024-04-08,,,2021-04-09,2021-04-09,private
291810,"Pintel Co.,Ltd.",(주)핀텔,20260417000537,CB,,,,,,,,,,,,,,,private
311690,CJ Bioscience,씨제이바이오사이언스(주),20200831001183,CB,2020-08-31,무기명식 무보증 사모 전환사채,30000000000,0,2,2025-09-02,52094,100,2021-09-02,2025-08-02,36466,,,2020-09-02,private
318000,KBG Corp.,(주)케이비지,20210510000351,CB,2021-05-10,무기명식 이권부 무보증 사모 전환사채,5000000000,0,0,2026-05-12,9220,100,2022-05-12,2026-04-12,,,2021-05-12,2021-05-12,private
009290,"KWANGDONG PHARMACEUTICAL CO.,LTD",광동제약(주),20251028000062,EB,,,,,,,,,,,,"not applicable (EB is exchanged for already-issued shares, not newly issued)",,,private
299660,"Cellid Co., Ltd.",(주)셀리드,20230217001636,CB,2021-03-17,무기명식 무보증 사모 전환사채,19000000000,0,0,2026-03-19,36872,100,2022-03-19,2026-02-19,25811,,2021-03-19,2021-03-19,private
102120,"ABOV Semiconductor Co.,Ltd.",어보브반도체(주),20240809000667,EB,2024-08-09,무기명식 사모 교환사채,10000000000,0,0,2028-08-13,2093,100,2024-09-13,2028-07-13,,"not applicable (EB is exchanged for already-issued shares, not newly issued)",2024-08-13,2024-08-13,private
102120,"ABOV Semiconductor Co.,Ltd.",어보브반도체(주),20240809000663,EB,2024-08-09,무기명식 사모 교환사채,10000000000,0,0,2028-08-13,15453,100,2024-09-13,2028-07-13,,"not applicable (EB is exchanged for already-issued shares, not newly issued)",2024-08-13,2024-08-13,private
015590,"DKME Co., Ltd.",디케이엠이(주),20180306000570,CB,2018-03-06,국내 무기명식 이권부 무보증 사모 전환사채,9300000000,0,3,2021-03-07,1127,100,2019-03-07,2021-02-07,,,,2018-03-07,private
015590,"DKME Co., Ltd.",디케이엠이(주),20181018000364,CB,2018-10-18,무기명식 이권부 무보증 사모 전환사채,2000000000,1,5,2021-10-22,627,100,2019-10-22,2021-10-21,,,2018-10-22,2018-10-22,private
015590,"DKME Co., Ltd.",디케이엠이(주),20171208000402,CB,2017-12-05,국내 무기명식 이권부 무보증 전환사채,10000000000,0,5,2020-12-06,557,100,2018-12-06,2020-11-06,,,,2017-12-06,private
015590,"DKME Co., Ltd.",디케이엠이(주),20180116000363,CB,2018-01-16,국내 무기명식 이권부 무보증 전환사채,1200000000,0,3,2021-01-18,759,100,2019-01-18,2020-12-18,,,,2018-01-18,private
015590,"DKME Co., Ltd.",디케이엠이(주),20201117000092,CB,2020-11-17,무기명식 이권부 무보증 사모 전환사채,7500000000,1,5,2023-11-18,723,100,2021-11-18,2023-10-18,507,,2020-11-18,2020-11-18,private
015590,"DKME Co., Ltd.",디케이엠이(주),20230904000157,CB,2023-09-04,무기명식 무보증 사모 전환사채,5000000000,0,0,2026-09-04,898,100,2024-09-04,2026-08-04,,,2023-09-04,2023-09-04,private
067170,Autech Corporation,(주)오텍,20260521000310,BW,2025-12-12,"무기명식 이권부 무보증 
공모 분리형 신주인수권부사채",15516000000,4,4,2031-01-12,1881,100,2026-02-12,2030-12-12,1317,,2026-01-07,2026-01-12,public
210120,"CANVAS N Co.,Ltd.",(주)캔버스엔,20241204000180,CB,2024-12-03,무기명식 이권부 무보증 사모 전환사채,2000000000,0,3,2027-12-06,25609,100,2025-12-06,2027-11-06,17927,,2024-12-03,2024-12-06,private
210120,"CANVAS N Co.,Ltd.",(주)캔버스엔,20241223000209,CB,2024-12-23,무기명식 이권부 무보증 사모 전환사채,2000000000,0,3,2027-12-26,24331,100,2025-12-26,2027-11-26,17032,,2024-12-23,2024-12-26,private
210120,"CANVAS N Co.,Ltd.",(주)캔버스엔,20260819000347,CB,2026-01-22,무기명식 이권부 무보증 사모 전환사채,3000000000,2,7,2026-09-09,1767,100,2027-09-09,2029-08-09,1237,,2026-01-22,2026-09-09,private
210120,"CANVAS N Co.,Ltd.",(주)캔버스엔,20250806000321,CB,,무기명식 이권부 무보증 사모 전환사채,,,,,,,,,,,,,private
210120,"CANVAS N Co.,Ltd.",(주)캔버스엔,20250522000238,CB,2025-01-20,무기명식 이권부 무보증 사모 전환사채,3000000000,2,7,2028-01-21,24139,100,2026-01-21,2027-12-21,16898,,2025-01-20,2025-01-21,private
210120,"CANVAS N Co.,Ltd.",(주)캔버스엔,20251223000858,CB,2024-12-03,무기명식 이권부 무보증 사모 전환사채,8000000000,0,12,2027-12-23,25609,100,2025-12-23,2027-11-23,17927,,2024-12-03,2024-12-23,private
210120,"CANVAS N Co.,Ltd.",(주)캔버스엔,20260507000780,CB,2026-01-22,무기명식 이권부 무보증 사모 전환사채,4000000000,2,5,2029-05-08,1443,100,2027-05-08,2029-04-08,1011,,2026-01-22,2026-05-07,private
210120,"CANVAS N Co.,Ltd.",(주)캔버스엔,20260819000343,CB,2026-01-22,무기명식 이권부 무보증 사모 전환사채,10000000000,2,7,2026-09-09,1767,100,2027-09-09,2029-08-09,1237,,2026-01-22,2026-09-09,private
900100,PHIONX,파이온엑스,20150305000301,CB,2015-03-05,무기명식 무보증 이권부 사모 전환사채,1000000000,3,7,2018-03-05,774,100,2016-03-05,2018-02-05,,,2015-03-05,2015-03-05,private
900100,PHIONX,파이온엑스,20150330000200,CB,2015-03-27,무기명식 무보증 이권부 사모 전환사채,3875000000,3,7,2018-03-27,996,100,2016-03-27,2018-02-27,,,2015-03-27,2015-03-27,private
900100,PHIONX,파이온엑스,20150527000201,CB,2015-05-22,무기명식 무보증 이권부 사모 전환사채,2000000000,3,7,2018-05-28,1096,100,2016-05-28,2018-04-28,,,2015-05-27,2015-05-28,private
900100,PHIONX,파이온엑스,20150604000151,CB,2015-06-04,무기명식 무보증 이권부 사모 전환사채,2229000000,3,7,2018-06-04,1739,100,2016-06-04,2018-05-04,,,2015-06-04,2015-06-04,private
900100,PHIONX,파이온엑스,20150907000172,CB,2015-09-04,무기명식 무보증 이권부 사모 전환사채,3000000000,5,7,2018-09-04,1305,100,2016-09-04,2018-08-04,,,2015-09-04,2015-09-04,private
900100,PHIONX,파이온엑스,20201222000203,CB,2020-03-05,무기명식 무보증 이권부 사모 전환사채,24046611240,0,0,2023-03-05,798,100,2021-03-05,2023-02-05,3,,2020-03-05,2020-03-05,private
900100,PHIONX,파이온엑스,20180524000155,CB,2018-05-23,무기명식 무보증 이권부 사모 전환사채,2500000000,3,7,2021-05-24,3272,100,2019-05-24,2021-04-24,,,2018-05-24,2018-05-24,private
900100,PHIONX,파이온엑스,20190813000046,CB,2019-08-13,무기명식 무보증 이권부 사모 전환사채,3000000000,3,7,2022-08-13,1364,100,2020-08-13,2022-07-13,,,2019-08-13,2019-08-13,private
900100,PHIONX,파이온엑스,20191017000039,CB,2019-10-17,무기명식 무보증 이권부 사모 전환사채,7473220000,3,7,2022-10-17,1323,100,2020-10-17,2022-09-17,,,2019-10-17,2019-10-17,private
900100,PHIONX,파이온엑스,20180907000133,CB,2018-09-07,무기명식 무보증 이권부 사모 전환사채,5000000000,3,7,2021-09-07,3692,100,2019-09-07,2021-08-07,,,2018-09-07,2018-09-07,private
900100,PHIONX,파이온엑스,20180321000428,CB,2018-03-13,무기명식 무보증 이권부 사모 전환사채,3000000000,3,7,2021-03-13,4068,100,2019-03-13,2021-02-13,,,2018-03-13,2018-03-13,private
900100,PHIONX,파이온엑스,20180418000251,CB,2018-04-18,무기명식 무보증 이권부 사모 전환사채,6700000000,0,7,2021-04-18,3379,100,2019-04-18,2021-03-18,,,2018-04-18,2018-04-18,private
900100,PHIONX,파이온엑스,20171123000052,CB,2017-11-23,무기명식 무보증 이권부 사모 전환사채,2500000000,3.5,7,2020-11-23,1379,100,2018-11-23,2020-10-23,,,2017-11-23,2017-11-23,private
900100,PHIONX,파이온엑스,20170411001327,CB,2017-04-11,무기명식 무보증 이권부 사모 전환사채,1100000000,3,7,2020-04-12,2890,100,2018-04-12,2020-03-12,,,2017-04-11,2017-04-12,private
900100,PHIONX,파이온엑스,20161115000149,CB,2015-11-11,무기명식 무보증 이권부 사모 전환사채,5899000000,3,7,2018-11-11,16096,100,2016-11-11,2018-10-11,,,2015-11-11,2015-11-11,private
900100,PHIONX,파이온엑스,20161128000304,CB,2016-11-28,무기명식 무보증 이권부 사모 전환사채,1500000000,3,7,2019-11-28,3395,100,2017-11-28,2019-10-28,,,2016-11-28,2016-11-28,private
900100,PHIONX,파이온엑스,20170629000302,CB,2015-12-21,무기명식 무보증 이권부 사모 전환사채,7730000000,0,0,2018-12-21,10878,100,2016-12-21,2018-11-21,,,2015-12-21,2015-12-21,private
900100,PHIONX,파이온엑스,20161228000086,CB,2016-12-28,무기명식 무보증 이권부 사모 전환사채,1000000000,3,7,2019-12-28,2951,100,2017-12-28,2019-11-28,,,2016-12-28,2016-12-28,private
900100,PHIONX,파이온엑스,20170131000248,CB,2016-01-26,"무기명식 무보증 이권부 사모
전환사채",2600000000,2,7,2019-01-26,7773,100,2017-01-26,2018-12-26,,,2016-01-26,2016-01-26,private
900100,PHIONX,파이온엑스,20170201000219,CB,2016-11-04,무기명식 무보증 이권부 사모 전환사채,2500000000,3,7,2019-11-23,3609,100,2017-11-23,2019-10-23,,,2016-11-08,2016-11-23,private
900100,PHIONX,파이온엑스,20170201000227,CB,2016-11-21,무기명식 무보증 이권부 사모 전환사채,4000000000,3,7,2019-11-23,3711,100,2017-11-23,2019-10-23,,,2016-11-23,2016-11-23,private
900100,PHIONX,파이온엑스,20170207000208,CB,2015-12-23,무기명식 무보증 이권부 사모 전환사채,3000000000,3,7,2018-12-24,10804,100,2016-12-24,2018-11-24,,,2015-12-23,2015-12-24,private
900100,PHIONX,파이온엑스,20170929000157,CB,2017-09-29,무기명식 무보증 이권부 사모 전환사채,4970000000,0,0,2020-09-29,1591,100,2018-09-29,2020-08-29,,,2017-09-29,2017-09-29,private
900100,PHIONX,파이온엑스,20171013000218,CB,2017-10-13,무기명식 무보증 이권부 사모 전환사채,5000000000,4,7,2020-10-13,1540,100,2018-10-13,2020-09-13,,,2017-10-13,2017-10-13,private
900100,PHIONX,파이온엑스,20211015000319,CB,2018-10-17,"무기명식 무보증 이권부
사모 전환사채",8600000000,0,0,2021-12-27,3512,100,2019-10-17,2021-11-27,18,,2018-10-17,2018-10-17,private
900100,PHIONX,파이온엑스,20201224000302,CB,2020-12-24,무기명식 무보증 이권부 사모 전환사채,1000000000,0,5,2023-12-24,727,100,2021-12-24,2023-11-24,3,,2020-12-24,2020-12-24,private
900100,PHIONX,파이온엑스,20201222000183,CB,2019-07-11,무기명식 무보증 이권부 사모 전환사채,14157620100,0,0,2022-07-11,1553,100,2020-07-11,2022-06-11,3,,2019-07-11,2019-07-11,private
900100,PHIONX,파이온엑스,20240116000163,CB,2024-01-16,"무기명식 무보증
사모 전환사채",3942000000,0,0,2027-01-16,2138,100,2025-01-16,2026-12-16,20,,2024-01-16,2024-01-16,private
900100,PHIONX,파이온엑스,20241211000214,CB,2024-05-25,"무기명식 이권부 무보증
사모 전환사채",3000000000,3,5,2027-12-10,1151,100,2025-12-11,2027-11-11,21,,2024-12-10,2024-12-11,private
900100,PHIONX,파이온엑스,20251126000519,CB,,"무기명식 이권부 무보증
사모 전환사채",2400000000,3,5,2028-11-28,557,100,2026-11-28,2028-10-28,21,,2025-11-28,2025-11-28,private
900100,PHIONX,파이온엑스,20260722000285,CB,2026-04-14,"무기명식 이권부 무보증
사모 전환사채",7000000000,3,5,,2124,100,,,1487,,2026-07-07,,private
235980,"MedPacto, Inc.",(주)메드팩토,20201224000269,CB,2020-12-24,"무기명식 무보증 
사모 전환사채",70000000000,0,1,2024-01-15,101908,100,2022-01-15,2023-12-15,71336,,2020-12-29,2021-01-15,private
028300,"HLB Co.,LTD.",에이치엘비(주),20151020000041,CB,2015-10-20,무기명식 무보증 사모 전환사채,7000000000,0,0,2018-10-20,24283,100,2016-10-20,2018-09-20,,,2015-10-20,2015-10-20,private
028300,"HLB Co.,LTD.",에이치엘비(주),20180220000315,CB,2018-02-20,무기명식 무보증 사모 전환사채,3000000000,0,1,2021-02-20,40817,100,2019-02-20,2021-01-20,,,2018-02-20,2018-02-20,private
028300,"HLB Co.,LTD.",에이치엘비(주),20191216000388,CB,2019-12-16,무기명식 무보증 사모 전환사채,40000000000,0,1,2022-12-18,104689,100,2020-12-18,2022-11-18,,,2019-12-17,2019-12-18,private
028300,"HLB Co.,LTD.",에이치엘비(주),20190129000048,CB,2019-01-29,무기명식 무보증 사모 전환사채,20000000000,0,1,2024-01-30,81790,100,2020-01-30,2023-12-30,,,2019-01-30,2019-01-30,private
028300,"HLB Co.,LTD.",에이치엘비(주),20180628000508,CB,2018-06-28,무기명식 무보증 사모 전환사채,7000000000,0,1,2023-06-29,107019,100,2019-06-29,2023-05-29,,,2018-06-28,2018-06-29,private
028300,"HLB Co.,LTD.",에이치엘비(주),20170728000146,CB,2017-07-28,무기명식 무보증 사모 전환사채,28000000000,0,1,2020-07-31,14442,100,2018-07-31,2020-06-30,,,2017-07-31,2017-07-31,private
028300,"HLB Co.,LTD.",에이치엘비(주),20220531002890,CB,2022-05-31,무기명식 무보증 사모 전환사채,23000000000,1,3,2025-06-02,48605,100,2023-06-02,2025-05-02,34024,,2022-05-31,2022-06-02,private
028300,"HLB Co.,LTD.",에이치엘비(주),20260805000480,CB,2026-08-05,무기명식 무보증 사모 전환사채,30000000000,1,4,2029-08-19,33361,100,2027-08-19,2029-07-19,23353,,,2026-08-19,private
028300,"HLB Co.,LTD.",에이치엘비(주),20250820000179,CB,2025-08-20,무기명식 무보증 사모 전환사채,30000000000,1,4,2028-08-28,41575,100,2026-08-28,2028-07-28,29103,,2025-08-22,2025-08-28,private
028300,"HLB Co.,LTD.",에이치엘비(주),20240304000416,CB,2024-03-04,무기명식 무보증 사모 전환사채,60000000000,1,4,2027-03-08,79670,100,2025-03-08,2027-02-08,55769,,2024-03-06,2024-03-08,private
028300,"HLB Co.,LTD.",에이치엘비(주),20240625000315,CB,2024-06-25,무기명식 무보증 사모 전환사채,33000000000,1,4,2027-07-16,65953,100,2025-07-16,2027-06-16,46167,,2024-06-27,2024-07-16,private
028300,"HLB Co.,LTD.",에이치엘비(주),20260407003007,CB,2026-04-07,무기명식 이권부 무보증 사모 전환사채,25000000000,1,4,2029-04-15,51237,100,2027-04-15,2029-03-15,35866,,2026-04-15,2026-04-15,private
028300,"HLB Co.,LTD.",에이치엘비(주),20250924000387,CB,2025-09-24,무기명식 무보증 사모 전환사채,20000000000,1,4,2028-10-02,38822,100,2026-10-02,2028-09-02,27176,,2025-09-26,2025-10-02,private
028300,"HLB Co.,LTD.",에이치엘비(주),20180628000510,BW,2018-06-28,"무기명식 무보증 사모
 비분리형 신주인수권부사채",39500000000,0,1,2023-06-29,107019,100,2019-06-29,2023-05-29,,,2018-06-28,2018-06-29,private
028300,"HLB Co.,LTD.",에이치엘비(주),20211021000004,BW,2021-10-20,"무기명식 무보증 사모
비분리형 신주인수권부사채",57000000000,0,1,2026-10-20,51262,100,2022-10-20,2026-09-20,35883,,2021-10-20,2021-10-20,private
028300,"HLB Co.,LTD.",에이치엘비(주),20220531002891,BW,2022-05-31,"무기명식 무보증 사모
비분리형 신주인수권부사채",17000000000,1,3,2025-06-02,48605,100,2023-06-02,2025-05-02,34024,,2022-05-31,2022-06-02,private
028300,"HLB Co.,LTD.",에이치엘비(주),20220329001289,BW,2022-03-29,"무기명식 무보증 사모
비분리형 신주인수권부사채",25200000000,0,2,2025-03-30,30811,100,2023-03-30,2025-02-28,21568,,2022-03-30,2022-03-30,private
028300,"HLB Co.,LTD.",에이치엘비(주),20251103000268,BW,2025-11-03,"기명식 무보증 사모 비분리형 
신주인수권부사채",199836000000,5,5,2030-11-13,48917,100,2026-11-13,2030-10-30,34242,,,2025-11-13,private
028300,"HLB Co.,LTD.",에이치엘비(주),20180126000447,EB,2018-01-26,"무기명식 이권부 무보증 
사모 교환사채",5000000000,0,1,2021-02-05,48154,100,2018-02-08,2021-01-05,,"not applicable (EB is exchanged for already-issued shares, not newly issued)",2018-01-30,2018-02-05,private
297570,ATLAS LINK Inc.,주식회사 아틀라스링크,20210915000327,CB,2021-09-14,무기명식 무보증 사모 전환사채,2700000000,0,0,2026-09-15,5238,100,2022-09-15,2026-08-15,3667,,2021-09-14,2021-09-15,private
297570,ATLAS LINK Inc.,주식회사 아틀라스링크,20210915000330,BW,2021-09-14,무기명식 무보증 비분리형 사모 신주인수권부사채,5000000000,0,0,2026-09-15,5238,100,2022-09-15,2026-08-15,3667,,2021-09-14,2021-09-15,private
340930,"SUNGWON ENER TECH CO., LTD.",(주)성원에너텍,20220705000264,CB,2022-02-14,무기명식 이권부 무보증 사모 전환사채,30000000000,0,0,2025-02-18,21315,100,2023-02-18,2025-01-18,17052,,2022-02-16,2022-02-18,private
340930,"SUNGWON ENER TECH CO., LTD.",(주)성원에너텍,20240516000222,CB,2024-05-16,무기명식 이권부 무보증 사모 전환사채,20000000000,2,3,2027-05-17,3771,100,2025-05-17,2027-04-17,2640,,2024-05-17,2024-05-17,private
205500,"NEXUS Co., Ltd.",(주)넥써쓰,20210319001380,CB,2021-03-19,무기명식 이권부 무보증 무담보 사모 전환사채,3300000000,0,0,2026-03-29,3002,100,2022-03-29,2026-02-28,2102,,2021-03-19,2021-03-29,private
205500,"NEXUS Co., Ltd.",(주)넥써쓰,20240417000405,CB,2024-04-17,무기명식 이권부 무보증 무담보 사모 전환사채,3000000000,0,0,2029-04-25,1641,100,2025-04-25,2029-03-25,,,2024-04-17,2024-04-25,private
205500,"NEXUS Co., Ltd.",(주)넥써쓰,20250918000372,CB,2025-09-10,무기명식 이권부 무보증 무담보 사모 전환사채,10000000000,0,3,2030-09-18,3140,100,2026-09-18,2030-08-18,,,2025-09-10,2025-09-18,private
205500,"NEXUS Co., Ltd.",(주)넥써쓰,20250123000480,CB,2024-12-11,무기명식 이권부 무보증 무담보 사모 전환사채,20000000000,0,8,2030-01-08,1008,100,2026-01-08,2029-12-08,,,2024-12-11,2025-01-08,private
205500,"NEXUS Co., Ltd.",(주)넥써쓰,20260211000746,CB,2026-02-11,무기명식 이권부 무보증 사모 전환사채,2000000000,0,3,2031-02-20,2413,100,2027-02-20,2031-01-20,,,2026-02-12,2026-02-20,private
205500,"NEXUS Co., Ltd.",(주)넥써쓰,20260618000359,CB,2026-06-18,무기명식 이권부 무보증 사모 전환사채,21200000000,0,3,2031-06-26,2524,100,2027-06-26,2031-05-26,,,2026-06-18,2026-06-26,private
242040,NAMU AX Corp.,나무에이엑스(주),20190605000145,CB,2019-06-05,무기명식 이권부 무보증 사모 전환사채,15000000000,0,0,2024-06-10,3428,100,2020-06-10,2024-05-10,,,2019-06-10,2019-06-10,private
242040,NAMU AX Corp.,나무에이엑스(주),20230816000171,BW,2023-08-16,무기명식 이권부 무보증 사모 신주인수권부사채,10000000000,0,2,2028-08-24,2717,100,2024-08-24,2028-07-24,,,2023-08-18,2023-08-24,private
242040,NAMU AX Corp.,나무에이엑스(주),20260430000828,BW,2026-04-17,무기명식 이권부 무보증 사모 신주인수권부사채,6000000000,0,0,2031-04-29,6055,100,2027-04-29,2031-03-29,,,2026-04-21,2026-04-29,private
242040,NAMU AX Corp.,나무에이엑스(주),20230913000100,EB,2023-09-06,무기명식 무보증 사모 교환사채,3902892600,0,1,2028-09-13,2850,100,2023-09-14,2028-09-06,,"not applicable (EB is exchanged for already-issued shares, not newly issued)",2023-09-08,2023-09-13,private
242040,NAMU AX Corp.,나무에이엑스(주),20230308000391,EB,2023-03-08,무기명식 이권부 무보증 사모 교환사채,4400000000,0,3,2023-09-10,3213,100,2023-03-13,2023-09-04,,"not applicable (EB is exchanged for already-issued shares, not newly issued)",2023-03-10,2023-03-10,private
276730,"HanWool & Jeju, Inc.",(주)한울앤제주,20250926000710,CB,2025-09-22,제12회 무기명식 이권부 무보증 사모 전환사채,3400000000,3,3,2028-09-30,2102,100,2026-09-30,2028-08-30,,,2025-09-22,2025-09-30,private
276730,"HanWool & Jeju, Inc.",(주)한울앤제주,20250519000327,CB,2024-03-18,제10회 무기명식 이권부 무보증 사모 전환사채,10001000000,1.5,1.5,2028-05-20,2143,100,2026-05-20,2028-04-20,,,2025-05-19,2025-05-20,private
276730,"HanWool & Jeju, Inc.",(주)한울앤제주,20260904000374,CB,2026-05-06,제14회 무기명식 이권부 무보증 사모 전환사채,10000000000,3,3,2029-10-30,1445,100,2027-10-30,2029-09-30,1012,,2026-09-04,2026-10-30,private
276730,"HanWool & Jeju, Inc.",(주)한울앤제주,20260706000436,CB,2026-05-06,제13회 무기명식 이권부 무보증 사모 전환사채,6750000000,3,3,2029-07-09,20193,100,2027-07-09,2029-06-09,14136,,2026-07-01,2026-07-09,private
276730,"HanWool & Jeju, Inc.",(주)한울앤제주,20250624000403,BW,2024-03-18,제11회 무기명식 이권부 무보증 사모 신주인수권부사채,10001000000,0,3,2028-01-24,2517,100,2026-01-24,2027-12-24,,,2025-01-24,2025-01-24,private
368970,"OSP Co., Ltd",주식회사 오에스피,20231024000343,CB,2023-10-24,무기명식 이권부 무보증 사모 전환사채,9000000000,0,2,2026-10-26,4838,100,2024-10-26,2026-09-26,3387,,2023-10-26,2023-10-26,private
368970,"OSP Co., Ltd",주식회사 오에스피,20250821000573,CB,2025-08-18,무기명식 이권부 무보증 사모 전환사채,7000000000,0,2,2028-08-26,2628,100,2026-08-26,2028-07-26,1840,,2025-08-26,2025-08-26,private
241690,"UNITEKNO Co., Ltd",(주)유니테크노,20230627000305,CB,2023-06-27,무기명식 이권부 무보증 사모 전환사채,15000000000,0,3.5,2028-08-04,4612,100,2024-08-04,2028-07-04,3229,,2023-06-29,2023-08-04,private
241690,"UNITEKNO Co., Ltd",(주)유니테크노,20230627000295,CB,2023-06-27,무기명식 이권부 무보증 사모 전환사채,5000000000,0,3.5,2028-08-04,4612,100,2024-08-04,2028-07-04,3229,,2023-06-29,2023-08-04,private
241690,"UNITEKNO Co., Ltd",(주)유니테크노,20230627000310,BW,2023-06-27,무기명식 이권부 무보증 사모 신주인수권부사채,10000000000,0,3.5,2028-08-04,4612,100,2024-08-04,2028-07-04,3229,,2023-06-29,2023-08-04,private
019570,"GMI Venture Co.,Ltd",(주)지엠아이벤처,20190225001953,CB,2019-01-04,무기명식 이권부 무보증 사모 전환사채,6000000000,0,4,2022-01-18,684,100,2020-01-18,2021-12-18,,,2019-01-04,2019-01-18,private
019570,"GMI Venture Co.,Ltd",(주)지엠아이벤처,20190823000263,CB,2019-01-04,무기명식 이권부 무보증 사모 전환사채,3000000000,0,4,2022-08-23,679,100,2020-08-23,2022-07-23,,,2019-08-22,2019-08-23,private
019570,"GMI Venture Co.,Ltd",(주)지엠아이벤처,20191014000292,CB,2019-02-08,무기명식 이권부 무보증 사모 전환사채,6000000000,2,4,2022-10-15,594,100,2020-10-15,2022-09-15,,,2019-09-30,2019-10-15,private
019570,"GMI Venture Co.,Ltd",(주)지엠아이벤처,20190529000511,CB,2019-01-04,무기명식 이권부 무보증 사모 전환사채,10000000000,0,4,2022-05-29,684,100,2020-05-29,2022-04-29,,,2019-01-04,2019-05-29,private
019570,"GMI Venture Co.,Ltd",(주)지엠아이벤처,20170811001056,CB,2016-11-04,무기명식 이권부무보증 사모 전환사채,1650000000,3,5,2020-08-11,1260,100,2018-08-11,2020-07-11,,,2017-08-11,2017-08-11,private
019570,"GMI Venture Co.,Ltd",(주)지엠아이벤처,20170811001146,CB,,무기명식 이권부무보증 사모 전환사채,,,,,,,,,,,,,private
019570,"GMI Venture Co.,Ltd",(주)지엠아이벤처,20201224000397,CB,2020-12-24,무기명식 이권부 무보증 사모 전환사채,2000000000,4,6,2023-12-24,522,100,2021-12-24,2023-11-24,500,,2020-12-24,2020-12-24,private
019570,"GMI Venture Co.,Ltd",(주)지엠아이벤처,20201021000353,CB,2020-10-21,무기명식 이권부 무보증 사모 전환사채,2000000000,2,4,2023-10-23,550,100,2021-10-23,2023-09-23,500,,2020-10-23,2020-10-23,private
019570,"GMI Venture Co.,Ltd",(주)지엠아이벤처,20211026000333,CB,2021-10-22,무기명식 이권부 무보증 사모 전환사채,8000000000,2,6,2024-10-26,703,100,2022-10-26,2024-09-26,500,,2021-10-22,2021-10-26,private
019570,"GMI Venture Co.,Ltd",(주)지엠아이벤처,20200914000339,CB,2020-09-14,무기명식 이권부 무보증 사모 전환사채,5000000000,2,4,2023-09-14,604,100,2021-09-14,2023-08-14,500,,2020-09-14,2020-09-14,private
019570,"GMI Venture Co.,Ltd",(주)지엠아이벤처,20211029000545,CB,2021-10-26,무기명식 이권부 무보증 사모 전환사채,20000000000,0,0,2025-10-27,703,100,2023-01-27,2025-09-27,500,,2021-10-26,2021-10-27,private
019570,"GMI Venture Co.,Ltd",(주)지엠아이벤처,20230203000548,CB,2023-01-13,무기명식이권부무보증사모전환사채,5010000000,0,4,2026-02-06,500,100,2024-02-06,2026-01-06,500,,2023-02-03,2023-02-06,private
019570,"GMI Venture Co.,Ltd",(주)지엠아이벤처,20240531002650,CB,2023-01-13,무기명식이권부무보증사모전환사채,5010000000,5,7,2027-05-31,611,100,2025-05-31,2027-04-30,500,,2024-03-05,2024-05-31,private
019570,"GMI Venture Co.,Ltd",(주)지엠아이벤처,20240531002656,CB,2023-01-13,무기명식이권부무보증사모전환사채,5010000000,5,7,2027-05-31,611,100,2025-05-31,2027-04-30,500,,2024-03-05,2024-05-31,private
019570,"GMI Venture Co.,Ltd",(주)지엠아이벤처,20240419000580,CB,2023-01-13,무기명식이권부무보증사모전환사채,5010000000,5,7,2027-04-19,611,100,2025-04-19,2027-03-19,500,,2024-03-05,2024-04-19,private
019570,"GMI Venture Co.,Ltd",(주)지엠아이벤처,20240419000583,CB,2023-01-13,무기명식이권부무보증사모전환사채,5010000000,5,7,2027-04-19,611,100,2025-04-19,2027-03-19,500,,2024-03-05,2024-04-19,private
019570,"GMI Venture Co.,Ltd",(주)지엠아이벤처,20240531002675,CB,2023-02-07,무기명식이권부무보증사모전환사채,2510000000,5,7,2027-05-31,611,100,2025-05-31,2027-04-30,500,,2024-03-05,2024-05-31,private
019570,"GMI Venture Co.,Ltd",(주)지엠아이벤처,20260610000628,CB,2026-06-10,무기명식이권부무보증사모전환사채,3000000000,4,6,2029-06-18,500,100,2027-06-18,2029-05-18,500,,2026-06-10,2026-06-18,private
019570,"GMI Venture Co.,Ltd",(주)지엠아이벤처,20260527000581,CB,2026-05-21,무기명식이권부무보증사모전환사채,20000000000,4,6,2029-05-29,500,100,2027-05-29,2029-04-29,500,,2026-05-21,2026-05-29,private
080720,"UNION KOREA PHARM CO.,Ltd",한국유니온제약 주식회사,20210430001484,CB,2021-04-30,무기명식 이권부 무보증 사모 전환사채,30000000000,0,2,2025-05-04,15891,100,2022-05-04,2025-04-04,11124,,2021-05-04,2021-05-04,private
080720,"UNION KOREA PHARM CO.,Ltd",한국유니온제약 주식회사,20250124000629,CB,,무기명식 이권부 무보증 사모 전환사채,,,,,,,,,,,,,private
080720,"UNION KOREA PHARM CO.,Ltd",한국유니온제약 주식회사,20240513000003,CB,2024-04-25,무기명식 이권부 무보증 사모 전환사채,3000000000,3,4,2027-05-10,6236,100,2025-05-10,2027-04-10,4366,,2024-04-25,2024-05-10,private
080720,"UNION KOREA PHARM CO.,Ltd",한국유니온제약 주식회사,20250725000816,BW,2023-02-10,무기명식 이권부 무보증 공모 분리형 신주인수권부사채,20000000000,3,6,2027-09-17,5893,100,2023-04-17,2026-02-17,4126,,2023-03-14,2023-03-17,public
052300,"Ocean In W Co.,Ltd.",(주)오션인더블유,20191002000088,CB,2018-09-12,국내 무기명식 무보증 사모 전환사채,21730000000,0,2,2021-10-05,640,100,2019-10-05,2021-09-05,,,2018-09-12,2018-10-05,private
052300,"Ocean In W Co.,Ltd.",(주)오션인더블유,20160225000518,CB,2016-02-25,무기명식 무보증 사모 전환사채,13750000000,2.5,2.5,2019-03-03,1010,100,2017-03-03,2019-02-03,,,2016-03-02,2016-03-03,private
052300,"Ocean In W Co.,Ltd.",(주)오션인더블유,20170721000208,CB,2017-07-21,무기명식 무보증 무담보 사모 전환사채,2600000000,0,2,2022-07-21,763,100,2018-07-21,2022-07-20,,,2017-07-21,2017-07-21,private
052300,"Ocean In W Co.,Ltd.",(주)오션인더블유,20151221000264,CB,2015-12-21,무기명식 무보증 전환사채,15000000000,3,3,2018-12-23,981,100,2016-12-23,2018-11-23,,,2015-12-23,2015-12-23,private
052300,"Ocean In W Co.,Ltd.",(주)오션인더블유,20211116000184,CB,2021-11-04,무기명식 무보증 국내사모 전환사채,15000000000,1,3,2024-11-16,1649,100,2022-11-16,2024-10-16,500,,2021-11-04,2021-11-16,private
052300,"Ocean In W Co.,Ltd.",(주)오션인더블유,20201005000377,CB,2020-10-05,무기명식 무보증 국내사모 전환사채,5000000000,1,1,2023-10-08,344,100,2021-10-08,2023-09-08,100,,2020-10-05,2020-10-08,private
391710,Kornic Automation Co.Ltd.,코닉오토메이션(주),20250602001050,CB,2025-06-02,무기명식 무이권부 무보증 사모 전환사채,13000000000,0,0,2030-06-05,1637,100,2026-06-05,2030-05-05,,,2025-06-05,2025-06-05,private
065420,"SI RESOURCES CO.,LTD.",(주)에스아이리소스,20170518000239,CB,2017-05-18,무기명식 이권부 무보증 사모 전환사채,2000000000,3,4,2020-05-22,807,100,2018-05-22,2020-04-22,,,2017-05-22,2017-05-22,private
065420,"SI RESOURCES CO.,LTD.",(주)에스아이리소스,20250801000645,CB,2025-08-01,"무기명식 이권부 
무보증 사모 전환사채",3000000000,0,4,2028-08-11,336,100,2026-08-11,2028-07-11,,,2025-08-11,2025-08-11,private
107640,"HanJungNCS.Co.,Ltd",(주)한중엔시에스,20250903000369,CB,2025-09-03,무기명식 무이권부 무보증 전환사채,15000000000,0,1,2030-09-11,33628,100,2026-09-11,2030-08-11,26903,,2025-09-11,2025-09-11,private
107640,"HanJungNCS.Co.,Ltd",(주)한중엔시에스,20260813001787,CB,2026-08-13,무기명식 무보증 사모 전환사채(채권형 신종자본증권),80000000000,0,2,2056-08-21,36340,100,2027-08-21,2056-07-21,,,2026-08-21,2026-08-21,private
321820,Artist Company Inc.,(주)아티스트컴퍼니,20210820000233,CB,2021-08-20,무기명식 무보증 사모 전환사채,19000000000,0,0,2026-08-25,24500,100,2023-02-25,2026-07-25,19600,,2021-08-24,2021-08-25,private
321820,Artist Company Inc.,(주)아티스트컴퍼니,20241031000459,CB,2024-10-31,무기명식 이권부 무보증 사모 전환사채,14000000000,0,0,2029-11-04,16401,100,2025-11-04,2029-10-04,11481,,2024-11-04,2024-11-04,private
321820,Artist Company Inc.,(주)아티스트컴퍼니,20210820000242,BW,2021-08-20,무기명식 무보증 사모 신주인수권부사채,16000000000,0,0,2026-08-25,24500,100,2023-02-25,2026-07-25,19600,,2021-08-24,2021-08-25,private
321820,Artist Company Inc.,(주)아티스트컴퍼니,20250319000110,EB,2025-03-19,무기명식 무이권부 무보증 사모 교환사채,18000000000,0,0,2030-04-21,16000,100,2025-05-21,2030-03-21,,"not applicable (EB is exchanged for already-issued shares, not newly issued)",2025-03-21,2025-04-21,private
080530,"KODI Co.,LTD.",(주)코디,20191031000155,CB,2018-12-14,무기명식 이권부 사모 전환사채,9200000000,0,3,2021-12-18,1486,100,2019-12-18,2021-11-18,,,2018-12-18,2018-12-18,private
080530,"KODI Co.,LTD.",(주)코디,20170420000597,CB,2017-04-20,무기명식 이권부 무보증 사모 전환사채,10000000000,0,4,2020-04-20,5000,100,2018-04-20,2020-03-20,,,2017-04-20,2017-04-20,private
080530,"KODI Co.,LTD.",(주)코디,20160222000258,CB,2016-02-22,무기명식 이권부 무보증 사모 전환사채,4500000000,0,3.5,2021-02-24,3769,100,2017-02-24,2021-01-24,,,2016-02-24,2016-02-24,private
080530,"KODI Co.,LTD.",(주)코디,20161109000393,CB,2016-09-26,무기명식 이권부 무보증 전환사채,20000000000,0,4,2019-11-09,4692,100,2017-11-09,2019-10-08,,,2016-09-26,2016-11-09,private
080530,"KODI Co.,LTD.",(주)코디,20170615000371,CB,2017-06-15,무기명식 이권부 무보증 전환사채,2000000000,0,4,2020-06-15,4148,100,2018-06-15,2020-06-14,,,2017-06-15,2017-06-15,private
080530,"KODI Co.,LTD.",(주)코디,20161213000167,CB,2016-12-09,무기명식 이권부 무보증 전환사채,2700000000,0,4,2019-12-14,5893,100,2017-12-14,2019-11-13,,,2016-12-13,2016-12-14,private
080530,"KODI Co.,LTD.",(주)코디,20170227000393,CB,2016-11-17,무기명식 이권부 무보증 전환사채,5000000000,0,4,2020-01-06,6107,100,2018-01-06,2019-12-06,,,2016-11-17,2017-01-06,private
080530,"KODI Co.,LTD.",(주)코디,20200702000291,CB,2018-09-27,무기명식 이권부 사모 전환사채,12000000000,0,0,2023-09-27,1486,100,2019-09-27,2023-08-27,,,2018-09-27,2018-09-27,private
080530,"KODI Co.,LTD.",(주)코디,20200702000297,CB,2018-10-01,무기명식 이권부 사모 전환사채,9000000000,0,0,2023-10-01,1486,100,2019-10-01,2023-09-01,,,2018-10-01,2018-10-01,private
080530,"KODI Co.,LTD.",(주)코디,20230726000521,CB,2018-09-27,무기명식 이권부 사모 전환사채,12000000000,0,0,2025-09-27,1486,100,2019-09-27,2025-08-27,1041,,2018-09-27,2018-09-27,private
080530,"KODI Co.,LTD.",(주)코디,20210812000436,BW,2021-08-12,무기명식 무보증 사모 신주인수권부사채,15000000000,0,0,2025-08-13,2389,100,2022-08-13,2025-07-13,1672,,2021-08-13,2021-08-13,private
080530,"KODI Co.,LTD.",(주)코디,20240326000816,BW,2024-01-08,무기명식 무보증 사모 신주인수권부사채,11500000000,0,0,2026-03-29,1540,100,2025-03-29,2026-02-28,1155,,2024-01-08,2024-03-29,private
080530,"KODI Co.,LTD.",(주)코디,20230807000333,BW,2023-08-07,무기명식 무보증 사모 신주인수권부사채,15000000000,0,2,2027-08-09,1472,100,2024-08-09,2027-07-09,1031,,2023-08-08,2023-08-09,private
030520,HANCOM INC.,(주)한컴,20170830000393,CB,2017-08-17,무기명식 이권부 무보증 사모 전환사채,60000000000,1.5,1.5,2023-08-30,18500,100,2018-08-30,2023-08-30,,,2017-08-17,2017-08-30,private
352940,"ENBIOCO., LTD.",인바이오주식회사,20210910000261,CB,2021-09-10,무기명식 이권부 무보증 사모 전환사채,20000000000,0,0,2026-09-14,9928,100,2022-09-14,2026-08-14,7446,,2021-09-14,2021-09-14,private
215380,"Kolmar BioTech, Inc.",콜마바이오텍(주),20180809000233,CB,2018-08-08,무기명식 이권부 무보증 사모 전환사채,2500000000,0,0,2023-08-10,2993,100,2019-08-10,2023-07-10,,,2018-08-10,2018-08-10,private
215380,"Kolmar BioTech, Inc.",콜마바이오텍(주),20210825000454,CB,2021-08-25,제6회 무기명식 이권부 무보증 사모 전환사채,5000000000,0,1,2025-08-27,7161,100,2022-08-27,2025-07-27,5013,,2021-08-27,2021-08-27,private
215380,"Kolmar BioTech, Inc.",콜마바이오텍(주),20210907000215,CB,2021-09-07,무기명식 이권부 무보증 사모 전환사채,11000000000,0,0,2025-09-09,7037,100,2022-09-09,2025-08-09,4926,,2021-09-09,2021-09-09,private
215380,"Kolmar BioTech, Inc.",콜마바이오텍(주),20230526000002,CB,2023-05-25,제8회 무기명식 이권부 무보증 사모 전환사채,5000000000,0,4,2027-05-31,3143,100,2024-05-31,2027-04-30,2515,,2023-05-26,2023-05-31,private
215380,"Kolmar BioTech, Inc.",콜마바이오텍(주),20260330001505,CB,2026-03-03,제9회 무기명식 이권부 무보증 사모 전환사채,35000000000,0,4,2030-03-30,2325,100,2027-03-31,2030-02-28,1860,,2026-03-03,2026-03-30,private
215380,"Kolmar BioTech, Inc.",콜마바이오텍(주),20180814002396,BW,2018-08-08,무기명식 이권부 무보증 비분리형 사모 신주인수권부사채,10000000000,0,0,2023-08-10,2993,100,2019-08-10,2023-07-10,,,2018-08-10,2018-08-10,private
337930,XEXYMIX Corporation,(주)젝시믹스,20240125000601,CB,2024-01-25,무기명식 무보증 사모 전환사채,20000000000,0,0,2028-01-31,6379,100,2025-01-31,2027-12-31,5104,,2024-01-29,2024-01-31,private
338840,"Y-Biologics, Inc",(주)와이바이오로직스,20251230000741,CB,2025-07-30,무기명식 이권부 무보증 사모 전환사채,35000000000,0,3,2030-08-07,11430,100,2026-08-07,2030-07-07,8010,,2025-08-07,2025-08-07,private
309930,"JOYWORKS&Co Co.,Ltd.",(주)조이웍스앤코,20240117000249,CB,2024-01-17,무기명식 이권부 무보증 사모 전환사채,20000000000,0,3,2029-01-19,4029,100,2025-01-19,2028-12-19,2821,,2024-01-19,2024-01-19,private
309930,"JOYWORKS&Co Co.,Ltd.",(주)조이웍스앤코,20260108000375,CB,2025-07-14,무기명식 이권부 무보증 사모 전환사채,12000000000,2,6,2028-08-08,3175,100,2026-08-08,2028-07-08,2223,,2025-07-14,2025-08-08,private
309930,"JOYWORKS&Co Co.,Ltd.",(주)조이웍스앤코,20260723000634,CB,2026-07-10,무기명식 이권부 무보증 사모 전환사채,10500000000,2,6,2029-07-27,965,100,2027-07-27,2029-06-27,676,,2026-07-10,2026-07-27,private
005870,HUNEED TECHNOLOGIES,(주)휴니드테크놀러지스,20251203000343,EB,2025-12-01,무기명식 무이권부 무보증 사모 교환사채,9589684275,0,0,2030-12-09,9351,100,2025-12-16,2030-11-09,,"not applicable (EB is exchanged for already-issued shares, not newly issued)",2025-12-09,2025-12-09,private
024850,"HLB innoVation Co.,Ltd.",에이치엘비이노베이션(주),20210708000437,CB,2021-07-08,,,,,,,,,,,,,,private
024850,"HLB innoVation Co.,Ltd.",에이치엘비이노베이션(주),20230201000400,CB,2023-02-01,무기명식 무이권부 무보증 사모 전환사채,25000000000,0,0,2026-02-15,1022,100,2024-08-15,2026-01-15,716,,2023-02-03,2023-02-15,private
024850,"HLB innoVation Co.,Ltd.",에이치엘비이노베이션(주),20230201000402,CB,2023-02-01,무기명식 무이권부 무보증 사모 전환사채,6000000000,0,0,2026-02-15,1022,100,2024-02-15,2026-01-15,716,,2023-02-03,2023-02-15,private
024850,"HLB innoVation Co.,Ltd.",에이치엘비이노베이션(주),20250108000516,CB,2025-01-08,무기명식 무보증 사모 전환사채,33000000000,0,2,2028-01-21,2739,100,2026-01-21,2027-12-21,1918,,2025-01-10,2025-01-21,private
024850,"HLB innoVation Co.,Ltd.",에이치엘비이노베이션(주),20260506000681,CB,2026-05-06,무기명식 무보증 사모 전환사채,40500000000,0,2,2029-05-15,25885,100,2027-05-15,2029-04-15,18120,,2026-05-14,2026-05-15,private
195990,"RootK Co., Ltd.",(주)루트케이,20180430000513,CB,2018-04-30,무기명식 이권부 무보증사모 전환사채,2200000000,,,2021-04-30,1921,100,2019-04-30,2021-03-30,,,2018-04-30,2018-04-30,private
195990,"RootK Co., Ltd.",(주)루트케이,20190122000207,CB,2018-07-27,"무기명식 이권부 무보증사모
 전환사채",15000000000,2,3,2021-07-30,1115,100,2019-07-30,2021-06-30,,,2018-07-27,2018-07-30,private
195990,"RootK Co., Ltd.",(주)루트케이,20190322001211,CB,2018-12-10,무기명식 이권부 무보증사모 전환사채,17000000000,0,2,2022-03-22,700,100,2020-03-22,2022-02-22,,,2019-03-20,2019-03-22,private
195990,"RootK Co., Ltd.",(주)루트케이,20180809000484,CB,2018-08-09,"무기명식 이권부 무보증사모
 전환사채",3000000000,2,3,2021-08-13,960,100,2019-08-13,2021-07-13,,,2018-08-09,2018-08-13,private
195990,"RootK Co., Ltd.",(주)루트케이,20190404002259,CB,2019-03-20,무기명식 이권부 무보증사모 전환사채,7500000000,2,4,2022-04-05,700,100,2020-04-05,2022-03-05,,,2019-03-20,2019-04-05,private
195990,"RootK Co., Ltd.",(주)루트케이,20190422000394,CB,2019-03-20,무기명식 이권부 무보증사모 전환사채,7500000000,2,4,2022-04-23,700,100,2020-04-23,2022-03-23,,,2019-03-20,2019-04-23,private
195990,"RootK Co., Ltd.",(주)루트케이,20191030000054,CB,2019-10-29,무기명식 이권부 사모 전환사채,14000000000,3,4,2022-10-31,1290,100,2020-10-31,2022-10-24,,,2019-10-31,2019-10-31,private
195990,"RootK Co., Ltd.",(주)루트케이,20180921000603,CB,2018-03-30,무기명식 이권부 무보증사모 전환사채,4000000000,0,2,2021-03-30,1397,100,2019-03-30,2021-02-28,,,2018-03-30,2018-03-30,private
195990,"RootK Co., Ltd.",(주)루트케이,20171214000417,CB,2017-12-12,무기명식 이권부 무보증사모 전환사채,9500000000,3,3,2020-12-14,1292,100,2018-12-14,2020-11-14,,,2017-12-12,2017-12-14,private
195990,"RootK Co., Ltd.",(주)루트케이,20171122000322,CB,2017-09-15,무기명식 이권부 무보증사모 전환사채,6500000000,3,3,2020-11-22,1329,100,2018-11-22,2020-10-22,,,2017-11-22,2017-11-22,private
195990,"RootK Co., Ltd.",(주)루트케이,20160822000375,CB,2016-08-11,무기명식 이권부 사모 전환사채,20000000000,0,4,2019-08-18,8702,100,2017-08-18,2019-07-18,,,2016-08-11,2016-08-18,private
195990,"RootK Co., Ltd.",(주)루트케이,20160927000237,CB,2016-09-27,무기명식 이권부 무보증사모 전환사채,3000000000,2,4,2019-10-07,7910,100,2017-10-07,2019-09-07,,,2016-09-27,2016-10-07,private
195990,"RootK Co., Ltd.",(주)루트케이,20161018000189,CB,2016-10-18,무기명식 이권부 무보증사모 전환사채,10000000000,1,4,2019-10-19,8774,100,2017-10-19,2019-09-19,,,2016-10-19,2016-10-19,private
195990,"RootK Co., Ltd.",(주)루트케이,20170103000219,CB,2016-09-07,무기명식 이권부 무보증사모 전환사채,5000000000,0,4,2020-01-05,531,100,2018-01-05,2019-12-05,,,2016-09-07,2017-01-05,private
195990,"RootK Co., Ltd.",(주)루트케이,20210618000171,CB,2021-06-16,무기명식 이권부 무보증사모 전환사채,15000000000,2,2,2024-06-18,1334,100,2022-06-19,2024-06-12,500,,2021-06-16,2021-06-18,private
195990,"RootK Co., Ltd.",(주)루트케이,20201125000994,CB,2020-10-22,무기명식 무보증 사모 전환사채,10000000000,2,2,2023-11-26,832,100,2021-11-26,2023-10-26,583,,2020-10-22,2020-11-26,private
195990,"RootK Co., Ltd.",(주)루트케이,20240731000734,CB,2024-06-13,무기명식 이권부 무보증 사모 전환사채,6000000000,2,5,2027-06-17,513,100,2025-06-17,2027-05-17,500,,2024-06-17,2024-06-17,private
195990,"RootK Co., Ltd.",(주)루트케이,20260430001794,CB,2026-03-16,무기명식 무보증 사모 전환사채,2000000000,0,3,2029-04-30,1324,100,2027-04-30,2029-03-30,,,2026-03-17,2026-04-30,private
195990,"RootK Co., Ltd.",(주)루트케이,20260420000436,CB,2026-03-16,무기명식 무보증 사모 전환사채,1510000000,0,3,2029-04-20,1390,100,2027-04-20,2029-03-20,,,2026-03-17,2026-04-20,private
148250,"RN2 Technologies Co., Ltd.",(주)알엔투테크놀로지,20191121000294,CB,2019-11-07,무기명식 이권부 무보증 사모 전환사채,10000000000,0,0,2024-11-11,12600,100,2020-11-11,2024-10-11,,,2019-11-11,2019-11-11,private
148250,"RN2 Technologies Co., Ltd.",(주)알엔투테크놀로지,20171116000092,CB,2017-11-16,무기명식 이권부 무보증 사모 전환사채,6000000000,0,0,2022-11-20,8470,100,2018-11-20,2022-10-20,,,2017-11-20,2017-11-20,private
148250,"RN2 Technologies Co., Ltd.",(주)알엔투테크놀로지,20230224003505,CB,,,,,,,,,,,,,,,private
148250,"RN2 Technologies Co., Ltd.",(주)알엔투테크놀로지,20260227008690,CB,2025-11-21,"무기명식 이권부 
무보증 사모 전환사채",6000000000,2,6.5,2029-03-09,3560,100,2027-03-09,2029-02-09,2492,,,2026-03-09,private
148250,"RN2 Technologies Co., Ltd.",(주)알엔투테크놀로지,20250214000838,CB,2025-01-17,무기명식 이권부 무보증 사모 전환사채,5000000000,2,6,2028-02-14,3880,100,2026-02-14,2028-01-14,2720,,2025-02-14,2025-02-14,private
148250,"RN2 Technologies Co., Ltd.",(주)알엔투테크놀로지,20251203000356,CB,2025-08-12,"무기명식 이권부 
담보부 사모 전환사채",5100000000,0,3,2028-10-24,7110,100,2026-10-24,2028-09-24,4980,,,2025-10-24,private
148250,"RN2 Technologies Co., Ltd.",(주)알엔투테크놀로지,20210121000420,BW,2021-01-21,무기명식 이권부 무보증 비분리형 사모 신주인수권부사채,20000000000,0,0,2026-01-25,23008,100,2022-01-25,2025-12-25,,,2021-01-25,2021-01-25,private
016790,HYUNDAI FEED Inc.,현대사료(주),20220620000310,CB,2022-06-20,무기명식 이권부 무보증 사모 전환사채,90440086480,0,0,2052-07-07,140716,100,2023-07-07,2052-06-06,,,2022-06-20,2022-07-07,private
016790,HYUNDAI FEED Inc.,현대사료(주),20220620000314,CB,2022-06-20,무기명식 이권부 무보증 사모 전환사채,295636413520,0,0,2052-07-07,140716,100,2023-07-07,2052-06-06,,,2022-06-20,2022-07-07,private
016790,HYUNDAI FEED Inc.,현대사료(주),20221013000352,CB,2022-03-19,무기명식 이권부 무보증 사모 전환사채,20000000000,0,0,2025-07-08,3727,100,2023-07-08,2025-06-07,,,2022-03-19,2022-07-08,private
016790,HYUNDAI FEED Inc.,현대사료(주),20230221002266,CB,2022-11-15,무기명식 이권부 무보증 사모 전환사채,30000000000,2,3.5,2025-12-19,15256,100,2023-12-19,2025-11-19,10680,,2022-11-15,2022-12-19,private
016790,HYUNDAI FEED Inc.,현대사료(주),20221228000487,CB,2022-12-28,무기명식 이권부 무보증 사모 전환사채,10000000000,2,3.5,2025-12-28,14238,100,2023-12-28,2025-11-28,9967,,2022-12-28,2022-12-28,private
016790,HYUNDAI FEED Inc.,현대사료(주),20221117000231,CB,2022-11-15,무기명식 이권부 무보증 사모 전환사채,20000000000,2,3.5,2025-11-17,15256,100,2023-11-17,2025-10-17,10680,,2022-11-15,2022-11-17,private
016790,HYUNDAI FEED Inc.,현대사료(주),20230113000606,CB,2023-01-13,무기명식 이권부 무보증 사모 전환사채,10000000000,0,4,2026-01-13,14479,100,2024-01-13,2025-12-13,10136,,2023-01-13,2023-01-13,private
016790,HYUNDAI FEED Inc.,현대사료(주),20230116000227,CB,2023-01-16,무기명식 이권부 무보증 사모 전환사채,15000000000,0,4,2026-01-16,14531,100,2024-01-16,2025-12-16,10172,,2023-01-16,2023-01-16,private
016790,HYUNDAI FEED Inc.,현대사료(주),20221013000343,BW,2022-03-19,무기명식 무보증 사모 비분리형 신주인수권부사채,20000000000,0,0,2025-07-08,3727,100,2023-07-08,2025-06-07,,,2022-03-19,2022-07-08,private
016790,HYUNDAI FEED Inc.,현대사료(주),20221012000372,BW,2022-10-12,무기명식 무보증 사모 비분리형 신주인수권부사채,80000000000,0,0,2052-10-12,23180,100,2023-10-12,2052-09-12,,,2022-10-12,2022-10-12,private
016790,HYUNDAI FEED Inc.,현대사료(주),20220914000352,BW,2022-09-13,무기명식 무보증 사모 비분리형 신주인수권부사채,295636413520,0,0,2052-09-13,22072,100,2023-09-13,2052-08-13,,,2022-09-13,2022-09-13,private
001080,MANHO ROPE & WIRE LTD,만호제강(주),20260119000282,EB,2026-01-19,무기명식 이권부 무보증 사모 교환사채,5500000000,0,0,2031-01-27,3793,100,2026-02-27,2030-12-27,,"not applicable (EB is exchanged for already-issued shares, not newly issued)",2026-01-27,2026-01-27,private
001080,MANHO ROPE & WIRE LTD,만호제강(주),20260319000745,EB,2026-03-19,무기명식 이권부 무보증 사모 교환사채,4089644859,0,0,2031-03-27,3793,100,2026-04-27,2031-02-27,,"not applicable (EB is exchanged for already-issued shares, not newly issued)",2026-03-27,2026-03-27,private
121800,"Vidente Co., Ltd.",(주)비덴트,20151028000001,CB,2015-10-26,무기명식 이권부 무보증 사모 전환사채,5000000000,2,2,2018-12-11,3130,100,2016-12-11,2018-11-11,,,2015-10-26,2015-12-11,private
121800,"Vidente Co., Ltd.",(주)비덴트,20180423000709,CB,2018-04-23,무기명식 이권부 무보증 사모 전환사채,2000000000,0,2,2021-04-30,18247,100,2019-04-30,2021-03-30,,,2018-04-23,2018-04-30,private
121800,"Vidente Co., Ltd.",(주)비덴트,20201223000166,CB,2020-11-06,무기명식 이권부 무보증 사모 전환사채,30000000000,1,1,2023-12-23,7087,100,2021-12-23,2023-11-23,4961,,2020-11-10,2020-12-23,private
121800,"Vidente Co., Ltd.",(주)비덴트,20201221000453,CB,2020-11-06,무기명식 이권부 무보증 사모 전환사채,10000000000,0,1,2023-12-22,7087,100,2021-12-22,2023-11-22,4961,,2020-11-10,2020-12-22,private
121800,"Vidente Co., Ltd.",(주)비덴트,20190412002807,CB,2019-04-01,무기명식 이권부 무보증 사모 전환사채,5000000000,0,3,2022-04-12,6195,100,2020-04-12,2022-03-12,,,2019-04-01,2019-04-12,private
121800,"Vidente Co., Ltd.",(주)비덴트,20191115000158,CB,2019-09-03,무기명식 이권부 무보증 사모 전환사채,50000000000,1,1,2022-09-25,7364,100,2020-09-25,2022-08-25,,,2019-09-03,2019-09-25,private
121800,"Vidente Co., Ltd.",(주)비덴트,20191115000162,CB,2019-09-03,무기명식 이권부 무보증 사모 전환사채,10000000000,1,1,2022-11-07,7364,100,2020-11-07,2022-10-07,,,2019-09-03,2019-11-07,private
121800,"Vidente Co., Ltd.",(주)비덴트,20160701000446,CB,2016-05-27,무기명식 이권부 무보증 사모 전환사채,5800000000,0,2,2019-07-01,9406,100,2017-07-01,2019-06-01,,,2016-06-30,2016-07-01,private
121800,"Vidente Co., Ltd.",(주)비덴트,20160715000056,CB,2016-07-15,무기명식 이권부 무보증 사모 전환사채,5000000000,2,5,2019-07-15,9018,100,2017-07-15,2019-06-15,,,2016-07-15,2016-07-15,private
121800,"Vidente Co., Ltd.",(주)비덴트,20160808000094,CB,2016-08-08,무기명식 이권부 무보증 사모 전환사채,2000000000,2,5,2019-08-08,7878,100,2017-08-08,2019-08-08,,,2016-08-08,2016-08-08,private
121800,"Vidente Co., Ltd.",(주)비덴트,20161110000474,CB,2016-10-06,무기명식 이권부 무보증 사모 전환사채,,0,2,2019-11-10,8294,100,2017-11-10,2019-10-10,,,2016-10-06,2016-11-10,private
121800,"Vidente Co., Ltd.",(주)비덴트,20160518000025,CB,2016-03-21,무기명식 이권부 무보증 사모 전환사채,6000000000,0,2,2019-05-12,16450,100,2017-05-18,2019-04-18,,,2016-03-21,2016-05-18,private
121800,"Vidente Co., Ltd.",(주)비덴트,20210715000411,CB,2020-11-24,무기명식 이권부 무보증 사모 전환사채,50000000000,1,1,2024-07-27,8074,100,2022-07-27,2024-06-27,5652,,2020-11-26,2021-07-27,private
121800,"Vidente Co., Ltd.",(주)비덴트,20220419000400,CB,2021-11-25,무기명식 이권부 무보증 사모 전환사채,50000000000,3,3,2025-04-20,17377,100,2023-04-20,2025-03-20,500,,2022-04-19,2022-04-20,private
121800,"Vidente Co., Ltd.",(주)비덴트,20220225005976,CB,2021-07-20,무기명식 이권부 무보증 사모 전환사채,50000000000,3,3,2025-02-25,9243,100,2023-02-25,2025-01-25,500,,2021-07-22,2022-02-25,private
121800,"Vidente Co., Ltd.",(주)비덴트,20230324000976,CB,,,,,,,,,,,500,,,,private
121800,"Vidente Co., Ltd.",(주)비덴트,20151028000002,BW,2015-10-26,무기명식 이권부 무보증 비분리형 신주인수권부사채,5000000000,0,2,2018-12-11,3130,100,2016-12-11,2018-11-11,,,2015-10-26,2015-12-11,private
121800,"Vidente Co., Ltd.",(주)비덴트,20210715000400,BW,2020-11-24,무기명식 무보증 비분리형 사모 신주인수권부사채,50000000000,1,1,2024-07-16,8074,100,2022-07-16,2024-06-16,5652,,2020-11-26,2021-07-16,private
258830,"SEJONG MEDICAL Co.Ltd.,",(주)세종메디칼,20211130001245,CB,2021-11-29,무기명식 이권부 무보증 사모 전환사채,20000000000,2,4,2025-01-12,4984,100,2023-01-12,2024-12-12,3489,,2021-11-29,2022-01-12,private
258830,"SEJONG MEDICAL Co.Ltd.,",(주)세종메디칼,20210917000343,CB,2021-07-23,무기명식 이권부 무보증 사모 전환사채,10000000000,1,1,2024-09-17,10303,100,2022-09-17,2024-08-17,,,2021-07-27,2021-09-17,private
258830,"SEJONG MEDICAL Co.Ltd.,",(주)세종메디칼,20210917000352,CB,2021-07-23,무기명식 이권부 무보증 사모 전환사채,10000000000,1,1,2024-09-17,10303,100,2022-09-17,2024-08-17,,,2021-07-27,2021-09-17,private
258830,"SEJONG MEDICAL Co.Ltd.,",(주)세종메디칼,20221014000004,CB,2022-07-15,무기명식 이권부 무보증 사모 전환사채,20000000000,,3,2025-10-13,4755,100,2023-10-13,2025-09-13,,,2022-07-15,2022-10-13,private
258830,"SEJONG MEDICAL Co.Ltd.,",(주)세종메디칼,20221014000002,CB,2022-07-15,무기명식 이권부 무보증 사모 전환사채,10000000000,,3,2025-10-13,4755,100,2023-10-13,2025-09-13,,,2022-07-15,2022-10-13,private
258830,"SEJONG MEDICAL Co.Ltd.,",(주)세종메디칼,20221014000003,CB,2022-07-15,무기명식 이권부 무보증 사모 전환사채,20000000000,,3,2025-10-13,4755,100,2023-10-13,2025-09-13,,,2022-07-15,2022-10-13,private
258830,"SEJONG MEDICAL Co.Ltd.,",(주)세종메디칼,20230227007743,CB,2022-12-21,무기명식 이권부 무보증 사모 전환사채,30000000000,0,4.5,2025-12-29,3348,100,2023-12-29,2025-11-29,2344,,2022-12-21,2022-12-29,private
258830,"SEJONG MEDICAL Co.Ltd.,",(주)세종메디칼,20221014000001,CB,2022-07-15,무기명식 이권부 무보증 사모 전환사채,30000000000,,3,2025-10-13,4755,100,2023-10-13,2025-09-13,,,2022-07-15,2022-10-13,private
258830,"SEJONG MEDICAL Co.Ltd.,",(주)세종메디칼,20240626000282,CB,2022-12-12,무기명식 이권부 무보증 사모 전환사채,3500000000,0,0,2026-10-04,2932,100,2024-10-04,2026-09-04,,,2022-12-12,2023-10-04,private
258830,"SEJONG MEDICAL Co.Ltd.,",(주)세종메디칼,20240614000366,CB,2024-06-14,무기명식 이권부 무보증 사모 전환사채,2000000000,2,3,2029-06-14,100,100,2025-06-14,2029-05-14,,,2024-06-14,2024-06-14,private
258830,"SEJONG MEDICAL Co.Ltd.,",(주)세종메디칼,20240614000371,CB,2024-06-14,무기명식 이권부 무보증 사모 전환사채,4000000000,0,0,2029-06-14,100,100,2025-06-14,2029-05-14,,,2024-06-14,2024-06-14,private
258830,"SEJONG MEDICAL Co.Ltd.,",(주)세종메디칼,20250326000959,CB,2025-03-26,"무기명식 이권부 
무보증 사모 전환사채",240000000,0,0,2027-03-26,412,100,2026-03-26,2027-02-25,,,2025-03-26,2025-03-26,private
258830,"SEJONG MEDICAL Co.Ltd.,",(주)세종메디칼,20210917000358,BW,2021-07-23,무기명식 이권부 무보증 사모 신주인수권부사채,10000000000,1,1,2024-09-17,10303,100,2022-09-17,2024-08-17,,,2021-07-27,2021-09-17,private
182360,"CUBE ENTERTAINMENT, INC.",(주)큐브엔터테인먼트,20240813000420,CB,2024-07-23,무기명식 이권부 무보증 사모 전환사채,16500000000,0,1,2027-08-13,13108,100,2025-08-13,2027-07-13,9176,,2024-07-25,2024-08-13,private
245620,"Eone Diagnomics Genome Center Co., Ltd.",이원다이애그노믹스(주),20190621000299,CB,2019-06-21,무기명식 무보증 사모 전환사채,20000000000,0,0,2022-07-01,6699,100,2020-07-01,2022-06-01,,,2019-06-25,2019-07-01,private
245620,"Eone Diagnomics Genome Center Co., Ltd.",이원다이애그노믹스(주),20211027000178,CB,2021-10-27,무기명식 무보증 사모 전환사채,30000000000,0,0,2026-10-29,3408,100,2022-10-29,2026-09-29,2386,,2021-10-29,2021-10-29,private
245620,"Eone Diagnomics Genome Center Co., Ltd.",이원다이애그노믹스(주),20211129000988,CB,2021-11-29,무기명식 무보증 사모 전환사채,10000000000,0,0,2026-12-10,3562,100,2022-12-10,2026-11-10,2494,,2021-12-01,2021-12-10,private
245620,"Eone Diagnomics Genome Center Co., Ltd.",이원다이애그노믹스(주),20201023000545,CB,2020-10-13,무기명식 이권부 무보증 공모 전환사채,60000000000,0,1,2023-11-02,13300,100,2020-12-02,2023-10-02,10640,,2020-10-28,2020-11-02,public
245620,"Eone Diagnomics Genome Center Co., Ltd.",이원다이애그노믹스(주),20240408003932,CB,2024-03-22,무기명식 무보증 사모 전환사채,,0,0,,,,,,,,,,private
245620,"Eone Diagnomics Genome Center Co., Ltd.",이원다이애그노믹스(주),20230503000242,BW,2023-03-30,무기명식 이권부 무보증 공모 신주인수권부사채,20000000000,3,6,2026-05-11,1517,100,2023-06-11,2026-04-11,1062,,2023-05-08,2023-05-11,public
245620,"Eone Diagnomics Genome Center Co., Ltd.",이원다이애그노믹스(주),20220422000593,EB,2022-04-22,무기명식 무보증 사모 교환사채,6000000000,0,0,2027-04-27,4467,100,2022-05-27,2027-03-27,,"not applicable (EB is exchanged for already-issued shares, not newly issued)",2022-04-27,2022-04-27,private
064850,FnGuide Inc.,(주)에프앤가이드,20180413002308,CB,2018-04-13,무기명식 이권부 사모 전환사채,6000000000,0,0.5,2021-04-17,7015,100,2019-04-17,2021-03-17,,,2018-04-17,2018-04-17,private
064850,FnGuide Inc.,(주)에프앤가이드,20211109000176,CB,2021-11-09,무기명식 이권부 무보증 사모 전환사채,10000000000,0,0,2026-11-11,10128,100,2023-02-11,2026-10-11,9116,,2021-11-11,2021-11-11,private
052770,ITOXI Corp.,(주)아이톡시,20150423000441,CB,2015-04-23,무기명식 이권부 무보증 사모 전환사채,2990000000,1,3,2020-04-27,5531,100,2016-04-27,2020-03-27,,,2015-04-27,2015-04-27,private
052770,ITOXI Corp.,(주)아이톡시,20191008000376,CB,2015-05-29,무기명식 이권부 무보증 사모 전환사채,2000000000,1,3,2020-06-02,7077,100,2016-06-02,2020-05-02,,,2015-06-02,2015-06-02,private
052770,ITOXI Corp.,(주)아이톡시,20191008000422,CB,2018-06-29,무기명식 이권부 무보증 사모 전환사채,400000000,1,3,2020-06-29,4600,100,2019-06-29,2020-05-29,,,2018-06-29,2018-06-29,private
052770,ITOXI Corp.,(주)아이톡시,20200106000074,CB,2019-12-18,무기명식 이권부 무보증 전환사채,4750000000,0,5,2049-12-31,500,100,2020-12-31,2049-11-30,,,2019-12-31,2019-12-31,private
052770,ITOXI Corp.,(주)아이톡시,20201006000562,CB,2020-10-06,무기명식 이권부 무보증 사모 전환사채,600000000,0,5,2023-10-06,1048,100,2021-10-06,2023-09-06,500,,2020-10-06,2020-10-06,private
052770,ITOXI Corp.,(주)아이톡시,20211230000722,CB,2021-12-30,무기명식 이권부 무보증 전환사채,1500000000,3,7,2051-12-31,700,100,2022-12-31,2051-11-30,500,,2021-12-31,2021-12-31,private
052770,ITOXI Corp.,(주)아이톡시,20220407001737,CB,2022-04-07,무기명식 이권부 무보증 전환사채,2000000000,3,7,2052-04-07,700,100,2023-04-07,2052-03-07,500,,2022-04-07,2022-04-07,private
052770,ITOXI Corp.,(주)아이톡시,20221109000313,CB,2019-12-11,무기명식 이권부 무보증 전환사채,800000000,0,5,2023-12-12,500,100,2020-12-12,2023-11-12,500,,2019-12-12,2019-12-12,private
052770,ITOXI Corp.,(주)아이톡시,20200624000328,CB,,,,,,,,,,,,,,,private
052770,ITOXI Corp.,(주)아이톡시,20221013000238,CB,2019-11-13,무기명식 이권부 무보증 사모 전환사채,1750000000,0,5,2023-11-14,500,100,2020-11-14,2023-10-14,500,,2019-11-14,2019-11-14,private
052770,ITOXI Corp.,(주)아이톡시,20230503000725,CB,2023-05-03,무기명식 이권부 무보증 전환사채,1000000000,3,6,2053-05-09,1600,100,2024-05-09,2053-04-09,500,,2023-05-09,2023-05-09,private
052770,ITOXI Corp.,(주)아이톡시,20240530001127,CB,2024-05-21,무기명식 이권부 무보증 사모 영구전환사채,3500000000,3,6,2054-05-30,1626,100,2025-05-31,2054-04-30,1139,,2024-05-30,2024-05-31,private
052770,ITOXI Corp.,(주)아이톡시,20250812000677,CB,2024-12-23,무기명식 이권부 무보증 사모 전환사채,3000000000,1,4.5,2030-01-16,1114,100,2026-01-17,2029-12-16,780,,2024-12-23,2025-01-17,private
052770,ITOXI Corp.,(주)아이톡시,20251231000004,CB,2025-04-28,무기명식 이권부 무보증 사모 영구전환사채,700000000,0,5,2055-05-19,801,100,2026-05-20,2055-04-19,,,2025-04-28,2025-05-20,private
052770,ITOXI Corp.,(주)아이톡시,20251231000642,CB,,무기명식 이권부 무보증 사모 영구전환사채,,,,,,,,,,,,,private
053700,"SAMBO MOTORS CO., LTD.",삼보모터스(주),20190624000302,CB,2019-06-24,무기명식 이권부 무보증 사모 전환사채,10000000000,0,0,2024-06-26,6878,100,2020-06-26,2024-05-26,,,2019-06-26,2019-06-26,private
053700,"SAMBO MOTORS CO., LTD.",삼보모터스(주),20171113000792,CB,2017-11-13,무기명식 이권부 무보증 사모 전환사채,14400000000,0,0,2020-11-15,5685,100,2018-11-15,2020-10-15,,,2017-11-15,2017-11-15,private
053700,"SAMBO MOTORS CO., LTD.",삼보모터스(주),20210413002116,CB,2021-04-13,무기명식 이권부 무보증 사모 전환사채,22000000000,0,0,2026-04-15,7309,100,2022-04-15,2026-03-15,5117,,2021-04-15,2021-04-15,private
053700,"SAMBO MOTORS CO., LTD.",삼보모터스(주),20230525000462,CB,2023-05-25,무기명식 무이권부 무보증 사모 전환사채,35000000000,0,2,2028-05-30,6558,100,2024-05-30,2028-04-30,4591,,2023-05-30,2023-05-30,private
053700,"SAMBO MOTORS CO., LTD.",삼보모터스(주),20250527000461,CB,2025-05-27,무기명식 이권부 무보증 사모 전환사채,25000000000,0,4,2030-05-29,4190,100,2026-05-29,2030-04-29,2933,,2025-05-29,2025-05-29,private
049470,"BITPLANET Co.,Ltd.",(주)비트플래닛,20150325000790,CB,2015-03-25,무기명식 이권부 무보증 사모 전환사채,6000000000,1,5,2019-03-26,1023,100,2016-03-26,2019-02-26,,,,2015-03-26,private
049470,"BITPLANET Co.,Ltd.",(주)비트플래닛,20190222001424,CB,2019-02-20,무기명식 이권부 무보증 사모 전환사채,5000000000,2,3,2024-02-22,548,100,2020-02-22,2024-01-22,,,2019-02-20,2019-02-22,private
049470,"BITPLANET Co.,Ltd.",(주)비트플래닛,20170213000372,CB,2017-02-13,무기명식 이권부 무보증 사모 전환사채,9000000000,0,3,2022-02-15,1211,100,2018-02-15,2022-01-15,,,2017-02-15,2017-02-15,private
049470,"BITPLANET Co.,Ltd.",(주)비트플래닛,20211130001859,CB,2021-11-30,무기명식 무보증 사모 전환사채,4000000000,0,0,2024-12-02,1075,100,2022-12-02,2024-11-02,1000,,,2021-12-02,private
049470,"BITPLANET Co.,Ltd.",(주)비트플래닛,20260616000274,CB,,무기명식 이권부 무보증 사모 전환사채,,,,,,,,,,,,,private
049470,"BITPLANET Co.,Ltd.",(주)비트플래닛,20260212001451,CB,2026-02-12,무기명식 이권부 무보증 사모 전환사채,2000000000,0,2,2031-02-23,873,100,2027-02-23,2031-01-23,699,,2026-02-13,2026-02-23,private
049470,"BITPLANET Co.,Ltd.",(주)비트플래닛,20260605000647,CB,2026-05-14,무기명식 이권부 무보증 사모 전환사채,5000000000,0,2,2031-06-19,3615,100,2027-06-19,2031-05-19,2892,,2026-06-17,2026-06-19,private
101670,Hydro Lithium Inc,(주)하이드로리튬,20221130001986,CB,2022-09-02,무기명식 무보증 사모 전환사채,50000000000,1,2,2025-12-01,3304,100,2023-12-01,2025-11-01,,,2022-09-02,2022-12-01,private
101670,Hydro Lithium Inc,(주)하이드로리튬,20251203000336,CB,2025-12-03,무기명식 이권부 무보증 사모 전환사채,900000000,1,1,2028-12-16,2252,100,2026-12-16,2028-11-15,1577,,2025-11-24,2025-12-16,private
101670,Hydro Lithium Inc,(주)하이드로리튬,20260318001163,CB,2026-03-18,무기명식 이권부 무보증 사모 전환사채,160000000,1,1,2029-03-26,1962,100,2027-03-26,2029-02-25,1374,,2026-03-18,2026-03-26,private
101670,Hydro Lithium Inc,(주)하이드로리튬,20260330001440,CB,2026-03-30,무기명식 이권부 무보증 사모 전환사채,827000000,1,1,2029-04-07,1923,100,2027-04-07,2029-03-06,1347,,2026-03-30,2026-04-07,private
101670,Hydro Lithium Inc,(주)하이드로리튬,20260422000701,CB,2026-04-22,무기명식 이권부 무보증 사모 전환사채,250000000,1,1,2029-04-30,2245,100,2027-04-30,2029-03-29,1572,,2026-04-22,2026-04-30,private
101670,Hydro Lithium Inc,(주)하이드로리튬,20221129001558,BW,2022-09-02,무기명식 무보증 사모 비 분리형 신주인권부사채,50000000000,1,2,2025-11-29,3304,100,2023-11-29,2025-10-29,,,2022-09-02,2022-11-29,private
049550,"INKTEC CO., LTD.",(주)잉크테크,20190603000165,CB,2019-06-03,무기명식 이권부 무보증 사모 전환사채,5500000000,2,3,2022-06-05,3750,100,2020-06-05,2022-05-05,,,2019-06-05,2019-06-05,private
049550,"INKTEC CO., LTD.",(주)잉크테크,20170421000564,CB,2017-04-21,무기명식 이권부 무보증 사모 전환사채,4000000000,1,2,2022-04-25,6859,100,2018-04-25,2022-03-25,,,2017-04-25,2017-04-25,private
027040,SEOUL ELECTRONICS & TELECOM,서울전자통신(주),20160328000814,CB,2016-03-28,무보증 사모 전환사채,4400000000,0,2,2019-03-29,1042,100,2017-03-29,2019-03-28,,,2016-03-29,2016-03-29,private
027040,SEOUL ELECTRONICS & TELECOM,서울전자통신(주),20161208000205,CB,2016-12-08,기명식 무보증 사모 전환사채,5500000000,0,2,2019-12-09,1218,100,2017-12-09,2019-12-08,,,2016-12-09,2016-12-09,private
027040,SEOUL ELECTRONICS & TELECOM,서울전자통신(주),20220421000354,EB,2022-04-18,무기명식 사모 교환사채,25000000000,0,0,2027-04-20,42948,100,2022-05-20,2027-03-20,,"not applicable (EB is exchanged for already-issued shares, not newly issued)",2022-04-20,2022-04-20,private
027040,SEOUL ELECTRONICS & TELECOM,서울전자통신(주),20240619000408,EB,2024-06-19,무기명식 사모 교환사채,15000000000,0,0,2029-06-24,29059,108,2024-07-24,2029-05-24,,"not applicable (EB is exchanged for already-issued shares, not newly issued)",2024-06-21,2024-06-24,private
175140,"AGOS Co., Ltd.",(주)아고스,20190620000297,CB,2019-06-20,무기명식 이권부 무보증 사모 전환사채,10000000000,0,0,2024-06-24,9999,100,2020-06-24,2024-05-24,,,2019-06-24,2019-06-24,private
175140,"AGOS Co., Ltd.",(주)아고스,20190422000391,CB,2019-04-22,무기명식 이권부 무보증 사모 전환사채,6000000000,0,0,2024-04-24,10764,100,2020-04-24,2024-03-24,,,2019-04-24,2019-04-24,private
175140,"AGOS Co., Ltd.",(주)아고스,20170421000561,CB,2017-04-21,무기명식 이권부 무보증 사모 전환사채,10000000000,0,0,2022-04-25,18985,100,2018-04-25,2022-03-25,,,2017-04-25,2017-04-25,private
175140,"AGOS Co., Ltd.",(주)아고스,20220817000228,CB,2022-03-24,"무기명식 이권부 무보증
사모 전환사채",6600000000,2,2,2025-08-18,6432,100,2023-08-18,2025-07-18,,,2022-03-24,2022-08-18,private
175140,"AGOS Co., Ltd.",(주)아고스,20220616000406,CB,2022-03-24,"무기명식 이권부 무보증 사모 
전환사채",8000000000,2,2,2025-06-20,6432,100,2023-06-20,2025-05-20,,,2022-03-24,2022-06-20,private
175140,"AGOS Co., Ltd.",(주)아고스,20240311000930,CB,2024-03-04,무기명 이권부 무보증 사모 전환사채,7000000000,0,3,2027-03-11,3419,100,2025-03-11,2027-02-11,,,2024-03-04,2024-03-11,private
000300,"DHAUTONEX CO.,LTD",(주)디에이치오토넥스,20180517000244,CB,2018-05-17,무기명식 이권부 무보증 사모 전환사채,5000000000,3,3,2023-05-21,1226,100,2019-05-21,2023-04-21,,,2018-05-21,2018-05-21,private
000300,"DHAUTONEX CO.,LTD",(주)디에이치오토넥스,20180321000510,CB,2018-02-19,무기명식 이권부 무보증 사모 전환사채,15000000000,4,4,2023-03-22,850,100,2019-03-22,2023-02-22,,,2018-02-21,2018-03-22,private
000300,"DHAUTONEX CO.,LTD",(주)디에이치오토넥스,20210826000346,CB,2021-08-26,무기명식 이권부 무보증 사모 전환사채,20000000000,0,1,2026-08-27,1337,100,2022-08-27,2026-07-27,936,,2021-08-27,2021-08-27,private
000300,"DHAUTONEX CO.,LTD",(주)디에이치오토넥스,20211129000436,CB,2021-11-29,무기명식 이권부 무보증 사모 전환사채,7500000000,0,1,2026-11-30,1588,100,2022-11-30,2026-10-30,1112,,2021-11-30,2021-11-30,private
000300,"DHAUTONEX CO.,LTD",(주)디에이치오토넥스,20241010000315,CB,2024-09-13,무기명식 무보증 이권부 사모전환사채,14700000000,5,5,2029-09-24,500,100,2025-10-11,2029-09-14,,,,2024-10-11,private
000300,"DHAUTONEX CO.,LTD",(주)디에이치오토넥스,20220317000121,BW,2022-03-07,무기명식 이권부 무보증 공모 분리형 신주인수권부사채,30000000000,2,4,2025-03-24,1260,100,2022-06-24,2025-02-24,882,,2022-03-21,2022-03-24,public
000300,"DHAUTONEX CO.,LTD",(주)디에이치오토넥스,20230703000116,BW,2023-06-13,무기명식 이권부 무보증 공모 분리형 신주인수권부사채,30000000000,3,5,2027-07-10,1079,100,2023-08-10,2027-06-10,756,,2023-07-05,2023-07-10,public
340810,"SECERN AI Co., Ltd.",(주)시선에이아이,20240425000691,CB,2024-04-25,무기명식 무이권부 무보증 사모 전환사채,12500000000,0,0,2029-04-29,5758,100,2025-04-29,2029-03-29,4031,,2024-04-29,2024-04-29,private
340810,"SECERN AI Co., Ltd.",(주)시선에이아이,20250930000353,CB,2025-09-30,무기명식 무보증 사모 영구 전환사채,2000000000,0,3,2055-10-17,3671,100,2026-10-17,2055-09-17,,,,2025-10-17,private
340810,"SECERN AI Co., Ltd.",(주)시선에이아이,20250919000372,CB,2025-09-19,무기명식 이권부 무보증 사모 전환사채,5000000000,0,5,2029-09-29,3629,100,2026-09-29,2029-08-29,2541,,2025-09-29,2025-09-29,private
340810,"SECERN AI Co., Ltd.",(주)시선에이아이,20251023000235,CB,2025-10-23,무기명식 무보증 사모 영구 전환사채,3000000000,0,3,2055-10-31,3648,100,2026-10-31,2055-09-30,,,,2025-10-31,private
036460,KoreaGasCorporation,한국가스공사(주),20211112000996,EB,2021-11-12,"무기명식 이권부 무보증 후순위 
사모 신종교환사채",335328785000,2.043,2.043,2051-11-16,51700,100,2021-12-16,2051-10-16,,"not applicable (EB is exchanged for already-issued shares, not newly issued)",,2021-11-16,private
123010,"RNT-X CO.,LTD.",(주)알엔티엑스,20190821000425,CB,2019-08-21,무기명식 이권부 무보증 사모 전환사채,5000000000,3,3,2022-08-21,5146,100,2020-08-21,2022-07-21,,,2019-03-13,2019-08-21,private
123010,"RNT-X CO.,LTD.",(주)알엔티엑스,20190328001528,CB,2019-03-28,무기명식 이권부 무보증 사모 전환사채,5000000000,3,3,2022-03-29,5146,100,2020-03-29,2022-02-28,,,2019-03-13,2019-03-29,private
123010,"RNT-X CO.,LTD.",(주)알엔티엑스,20221213000360,CB,2022-08-12,무기명식 이권부 무보증 사모 전환사채,13800000000,2.5,2.5,2025-12-14,2012,100,2023-12-14,2025-11-14,500,,2022-12-14,2022-12-14,private
123010,"RNT-X CO.,LTD.",(주)알엔티엑스,20200727000344,CB,2020-04-16,무기명식 이권부 무보증 사모 전환사채,10000000000,3,3,2023-07-27,792,100,2021-07-27,2023-06-27,,,2020-04-16,2020-07-27,private
123010,"RNT-X CO.,LTD.",(주)알엔티엑스,20240529000001,CB,2024-05-28,무기명식 이권부 무보증 사모 전환사채,4000000000,0,5,2027-06-05,1029,100,2025-06-05,2027-05-05,500,,2024-05-30,2024-06-05,private
123010,"RNT-X CO.,LTD.",(주)알엔티엑스,20260611000645,CB,2026-05-12,"무기명식 이권부
무보증 사모 전환사채",6000000000,2,6,2029-06-11,1864,100,2027-06-11,2029-05-11,1305,,,2026-06-11,private
123010,"RNT-X CO.,LTD.",(주)알엔티엑스,20260811000532,CB,2026-06-11,"무기명식 이권부
무보증 사모 전환사채",20000000000,2,6,2029-10-12,3486,100,2027-10-12,2027-09-12,2441,,,2026-10-12,private
123010,"RNT-X CO.,LTD.",(주)알엔티엑스,20260904000412,CB,2026-06-11,"무기명식 이권부
무보증 사모 전환사채",2600000000,2,6,2029-09-04,2135,100,2027-09-04,2029-08-04,1495,,,2026-09-04,private
115610,"IMAGIS Co., Ltd.",(주)이미지스테크놀로지,20240109000213,CB,2023-08-02,무기명식 이권부 무보증 사모 전환사채,8000000000,0,0,2028-08-04,3044,100,2024-08-04,2028-07-04,2131,,2023-08-04,2023-08-04,private
220180,Polaris AI Handy Corp.,(주)폴라리스에이아이핸디,20170526000370,CB,2017-05-26,무기명식 이권부 무보증 사모 전환사채,13000000000,0,0,2022-05-30,7271,100,2018-05-30,2022-04-30,,,2017-05-30,2017-05-30,private
276040,"SKONEC ENTERTAINMENT Co., Ltd.",(주)스코넥엔터테인먼트,20260310002406,CB,2026-03-10,무기명식 이권부 무보증 사모 전환사채,5010000000,2,4,2029-03-10,779,100,2027-03-10,2029-02-10,546,,2026-03-10,2026-03-10,private
276040,"SKONEC ENTERTAINMENT Co., Ltd.",(주)스코넥엔터테인먼트,20250527000569,CB,2025-05-27,무기명식 이권부 무보증 사모 전환사채,2000000000,2,7,2028-05-29,4560,100,2026-05-29,2028-04-29,3195,,2025-05-27,2025-05-29,private
276040,"SKONEC ENTERTAINMENT Co., Ltd.",(주)스코넥엔터테인먼트,20251001000001,CB,2025-09-23,무기명식 이권부 무보증 사모 전환사채,4000000000,2,4,2030-10-01,1718,100,2026-11-01,2030-09-01,1203,,2025-09-23,2025-10-01,private
478560,"BLACK YAK I&C CO.,LTD",주식회사 블랙야크아이앤씨,20260513000881,CB,2026-05-13,무기명식 이권부 무보증 사모 전환사채,15000000000,0,3,2029-05-21,3397,100,2027-05-21,2029-04-21,,,2026-05-21,2026-05-21,private
066790,"KOREA CABLE T.V CHUNG-BUK SYSTEM CO., LTD.",(주)씨씨에스충북방송,20181204000308,CB,2018-07-18,,,,,,,,,,,,,,private
066790,"KOREA CABLE T.V CHUNG-BUK SYSTEM CO., LTD.",(주)씨씨에스충북방송,20181218000243,CB,2018-07-27,,,,,,,,,,,,,,private
066790,"KOREA CABLE T.V CHUNG-BUK SYSTEM CO., LTD.",(주)씨씨에스충북방송,20160928000002,CB,2016-09-27,무기명식 이권부 무보증 사모 전환사채,3700000000,3,6,2019-09-28,2609,100,2017-09-28,2019-08-28,,,2016-09-27,2016-09-28,private
066790,"KOREA CABLE T.V CHUNG-BUK SYSTEM CO., LTD.",(주)씨씨에스충북방송,20240927000001,CB,2023-09-26,,,,,,,,,,,,,,private
066790,"KOREA CABLE T.V CHUNG-BUK SYSTEM CO., LTD.",(주)씨씨에스충북방송,20170919000124,BW,2017-09-04,국내 무기명식 무보증 공모 분리형 신주인수권부사채,6000000000,2,5,2022-09-26,500,100,2017-10-26,2022-08-26,,,2017-09-21,2017-09-26,public
106080,KEM Tech Corp.,케이이엠텍(주),20150529000833,CB,2015-05-26,무기명식 이권부 무보증 사모 전환사채,5000000000,3,3,2019-05-27,3040,100,2016-05-27,2019-04-27,,,2015-05-27,2015-05-27,private
106080,KEM Tech Corp.,케이이엠텍(주),20200422000281,CB,2020-04-22,무기명식 이권부 무보증 사모 전환사채,3000000000,,2,2023-04-22,1200,100,2021-04-22,2023-03-22,,,2020-04-22,2020-04-22,private
106080,KEM Tech Corp.,케이이엠텍(주),20191004000497,CB,2018-04-26,"무기명식 이권부 무보증
사모 전환사채",10000000000,1,5,2023-07-30,2565,100,2019-07-30,2023-06-30,,,2018-04-26,2018-07-30,private
106080,KEM Tech Corp.,케이이엠텍(주),20191004000498,CB,2018-08-08,"무기명식 이권부 무보증
사모 전환사채",5000000000,1,5,2023-08-08,2565,100,2019-08-08,2023-07-08,,,2018-08-08,2018-08-08,private
106080,KEM Tech Corp.,케이이엠텍(주),20191004000514,CB,2017-09-11,무기명식 이권부 무보증 사모 전환사채,3000000000,1,5,2020-09-14,502,100,2018-09-18,2020-08-20,,,2017-09-11,2017-09-14,private
106080,KEM Tech Corp.,케이이엠텍(주),20191219000436,CB,2019-12-19,무기명식 이권부 무보증 사모 전환사채,4200000000,2,3,2022-12-20,1200,100,2020-12-20,2022-11-20,,,2019-12-20,2019-12-20,private
106080,KEM Tech Corp.,케이이엠텍(주),20180910000278,CB,2018-09-10,"무기명식 이권부 무보증
사모 전환사채",10000000000,1,5,2021-09-11,691,100,2019-09-11,2021-09-10,,,2018-09-11,2018-09-11,private
106080,KEM Tech Corp.,케이이엠텍(주),20260407002132,CB,2025-02-03,무기명식 무이권부 무보증 사모 전환사채,7000000000,0,5,2028-02-05,9120,100,2026-02-05,2028-01-05,8330,,2025-02-05,2025-02-05,private
106080,KEM Tech Corp.,케이이엠텍(주),20200409001744,CB,2020-04-07,무기명식 이권부 무보증 사모 전환사채,2000000000,,2,2023-04-07,1200,100,2021-04-07,2023-03-07,,,2020-04-07,2020-04-07,private
106080,KEM Tech Corp.,케이이엠텍(주),20260407002180,CB,2024-02-23,무기명식 이권부 무보증 사모 전환사채,10000000000,0,7,2027-02-28,18180,100,2025-07-01,2027-01-28,18180,,2024-02-27,2024-02-29,private
106080,KEM Tech Corp.,케이이엠텍(주),20260407002228,CB,2025-12-23,무기명식 이권부 무보증 사모 전환사채,2000000000,3,5,2029-01-08,5000,100,2027-01-08,2028-12-08,,,2026-01-05,2026-01-08,private
106080,KEM Tech Corp.,케이이엠텍(주),20260406004405,CB,2024-02-13,무기명식 이권부 무보증 사모 전환사채,2000000000,,7,2029-02-14,24010,100,2025-02-14,2029-01-14,,,2024-02-13,2024-02-14,private
106080,KEM Tech Corp.,케이이엠텍(주),20260327001703,CB,2026-02-05,무기명식 이권부 무보증 사모 전환사채,4500000000,3,8,2029-04-03,1819,100,2027-04-03,2029-03-03,1274,,2026-03-31,2026-04-03,private
106080,KEM Tech Corp.,케이이엠텍(주),20260406004605,CB,2023-03-28,무기명식 이권부 무보증 사모 전환사채,2300000000,,2,2026-04-28,19040,100,2024-04-28,2026-03-28,,,2023-03-28,2023-04-28,private
106080,KEM Tech Corp.,케이이엠텍(주),20260407002032,CB,2024-10-08,무기명식 이권부 무보증 사모 전환사채,3500000000,1,5,2027-10-11,1819,100,2025-10-11,2027-09-11,1819,,2024-10-11,2024-10-11,private
106080,KEM Tech Corp.,케이이엠텍(주),20191004000513,BW,2016-04-27,무기명식 이권부 무보증 신주인수권부사채,20000000000,1,5,2021-05-19,2590,100,2016-06-19,2021-04-19,,,2016-05-16,2016-05-19,public
069460,"DAEHO AL Co.,Ltd.",(주)대호에이엘,20200325000003,CB,2020-03-24,무기명식 이권부 무보증 사모 전환사채,5000000000,2,5,2023-03-30,1728,100,2021-03-30,2023-02-28,,,2020-03-24,2020-03-30,private
069460,"DAEHO AL Co.,Ltd.",(주)대호에이엘,20201027000261,CB,2020-10-27,무기명식 이권부 무보증 사모 전환사채,1700000000,4,4,2023-10-28,2070,100,2021-10-28,2023-09-28,500,,2020-10-27,2020-10-28,private
069460,"DAEHO AL Co.,Ltd.",(주)대호에이엘,20201126000385,CB,2020-11-20,무기명식 이권부 무보증 사모 전환사채,2500000000,2,3,2023-11-27,2270,100,2021-11-27,2023-11-20,500,,2020-11-20,2020-11-27,private
069460,"DAEHO AL Co.,Ltd.",(주)대호에이엘,20220420000511,CB,2021-11-23,무기명식 이권부 무보증 사모 전환사채,5000000000,4,5,2025-04-21,3690,100,2023-04-21,2025-04-14,500,,2021-11-23,2022-04-21,private
069460,"DAEHO AL Co.,Ltd.",(주)대호에이엘,20200313000580,CB,2020-03-13,무기명식 이권부 무보증 사모 전환사채,9000000000,2,5,2023-03-19,2543,100,2021-03-19,2023-02-19,,,2020-03-13,2020-03-19,private
069460,"DAEHO AL Co.,Ltd.",(주)대호에이엘,20200115000264,CB,2020-01-14,무기명식 이권부 무보증 사모 전환사채,5000000000,2,2,2023-01-15,3095,100,2021-01-15,2022-12-15,,,2020-01-14,2020-01-15,private
069460,"DAEHO AL Co.,Ltd.",(주)대호에이엘,20201224000547,CB,2020-12-24,무기명식 이권부 무보증 사모 전환사채,8000000000,3,6,2024-01-08,2644,100,2022-01-08,2023-12-08,500,,2020-12-24,2021-01-08,private
069460,"DAEHO AL Co.,Ltd.",(주)대호에이엘,20230310000685,CB,2021-09-08,무기명식 이권부 무보증 사모 전환사채,10000000000,2,5,2024-09-10,4259,100,2022-09-10,2024-08-10,500,,2021-09-08,2021-09-10,private
069460,"DAEHO AL Co.,Ltd.",(주)대호에이엘,20240627000725,CB,2024-06-27,무기명식 이권부 무보증 사모 전환사채,10000000000,1,6,2027-06-28,1003,100,2025-06-28,2027-05-28,702,,2024-06-27,2024-06-28,private
069460,"DAEHO AL Co.,Ltd.",(주)대호에이엘,20250319000615,CB,2021-11-23,무기명식 이권부 무보증 사모 전환사채,5000000000,1,6,2028-03-21,1143,100,2026-03-21,2028-02-21,801,,2024-04-25,2025-03-21,private
069460,"DAEHO AL Co.,Ltd.",(주)대호에이엘,20251027000258,CB,2025-10-27,무기명식 이권부 무보증 사모 전환사채,10000000000,1,6,2028-11-05,1834,100,2026-11-05,2028-10-05,1284,,2025-11-03,2025-11-05,private
069460,"DAEHO AL Co.,Ltd.",(주)대호에이엘,20260417000272,CB,2025-11-26,무기명식 이권부 무보증 사모 전환사채,14000000000,1,6,2029-10-16,1832,100,2027-10-16,2029-09-16,1283,,2025-11-26,2026-10-16,private
087260,"MOBILE APPLIANCE, INC.",모바일어플라이언스 주식회사,20170517000265,CB,2017-05-17,무기명식 이권부 무보증 사모 전환사채,10000000000,0,0,2022-05-19,11602,100,2018-05-19,2022-04-19,,,2017-05-19,2017-05-19,private
087260,"MOBILE APPLIANCE, INC.",모바일어플라이언스 주식회사,20201120000387,CB,2020-11-20,무기명식 무보증 사모 전환사채,20000000000,0,0,2025-11-24,5412,100,2021-11-24,2025-10-24,3789,,2020-11-24,2020-11-24,private
087260,"MOBILE APPLIANCE, INC.",모바일어플라이언스 주식회사,20260612000416,CB,2026-02-20,무기명식 이권부 무보증 사모 전환사채,10000000000,0,0,2031-10-27,2274,100,2027-10-27,2031-09-27,1592,,2026-10-27,2026-10-27,private
087260,"MOBILE APPLIANCE, INC.",모바일어플라이언스 주식회사,20170517000256,BW,2017-05-17,"무기명식 이권부 무보증 사모 비분리형
신주인수권부사채",5000000000,0,0,2022-05-19,11602,100,2018-05-19,2022-04-19,,,2017-05-19,2017-05-19,private
087260,"MOBILE APPLIANCE, INC.",모바일어플라이언스 주식회사,20201120000518,BW,2020-11-20,무기명식 무보증 사모 신주인수권부사채,5000000000,0,0,2025-11-24,5412,100,2021-11-24,2025-10-24,3789,,2020-11-24,2020-11-24,private
087260,"MOBILE APPLIANCE, INC.",모바일어플라이언스 주식회사,20230913000268,BW,2023-09-13,무기명식 이권부 무보증 사모 신주인수권부사채,20000000000,0,0,2028-09-15,3388,100,2024-09-15,2028-08-15,2372,,2023-09-15,2023-09-15,private
223220,"Logis Mon, Inc.",(주)로지스몬,20190801000448,CB,2019-08-01,무기명식 이권부 무보증 사모 전환사채,300000000,1,1,2024-08-01,500,100,2020-08-02,2024-07-01,,,2019-08-01,2019-08-01,private
223220,"Logis Mon, Inc.",(주)로지스몬,20171201000241,CB,2017-12-01,무기명식 이권부 무보증 사모 전환사채,600000000,0,5,2022-12-01,2745,100,2018-12-02,2022-11-01,,,2017-12-01,2017-12-01,private
223220,"Logis Mon, Inc.",(주)로지스몬,20170420000594,CB,2017-04-20,무기명식 이권부 사모 전환사채,2000000000,1,5,2022-04-20,1880,100,2018-04-20,2022-04-19,,,2017-04-20,2017-04-20,private
223220,"Logis Mon, Inc.",(주)로지스몬,20161020000290,CB,2016-10-20,"무기명식 이권부 무보증
사모 전환사채",600000000,5,5,2019-10-25,6340,100,2017-10-25,2019-09-25,,,2016-10-20,2016-10-25,private
223220,"Logis Mon, Inc.",(주)로지스몬,20210216001462,CB,2020-08-24,무기명식 이권부 무보증 사모 전환사채,750000000,5,5,2026-03-02,125,100,2022-03-03,2026-03-01,100,,2020-08-24,2021-03-02,private
223220,"Logis Mon, Inc.",(주)로지스몬,20200727000341,CB,2020-07-27,무기명식 이권부 무보증 사모 전환사채,,,,,,,,,,,,,private
053950,"KYUNG NAM PHARM.CO.,LTD.",경남제약 주식회사,20200604000276,CB,2020-06-04,무기명식 이권부 무보증 사모 전환사채,14500000000,4,4,2023-06-10,8500,100,2021-06-10,2023-05-09,,,2020-06-08,2020-06-10,private
053950,"KYUNG NAM PHARM.CO.,LTD.",경남제약 주식회사,20170613000350,CB,2017-06-13,무기명식 이권부 무보증 사모 전환사채,12000000000,1,3,2022-06-15,6705,100,2018-06-15,2022-05-14,,,2017-06-15,2017-06-15,private
053950,"KYUNG NAM PHARM.CO.,LTD.",경남제약 주식회사,20211130001740,CB,2021-11-30,무기명식 이권부 무보증 사모 전환사채,8000000000,4,4,2024-12-10,5330,100,2022-12-10,2024-12-02,500,,2021-11-30,2021-12-10,private
053950,"KYUNG NAM PHARM.CO.,LTD.",경남제약 주식회사,20230807000270,CB,2023-08-07,무기명식 이권부 무보증 사모 전환사채,5000000000,5,5,2026-08-10,1609,100,2024-08-10,2026-08-03,500,,2023-07-17,2023-08-10,private
053950,"KYUNG NAM PHARM.CO.,LTD.",경남제약 주식회사,20230918000346,CB,2023-09-18,무기명식 이권부 무보증 사모 전환사채,5000000000,5,5,2026-09-22,1428,100,2024-09-22,2026-08-22,500,,2023-09-18,2023-09-22,private
016670,"DMOA Co., Ltd",(주)디모아,20181112000477,CB,2018-11-12,무기명식 무보증 사모 전환사채,3000000000,2,2,2021-11-12,943,100,2019-11-12,2021-10-11,,,2018-11-12,2018-11-12,private
016670,"DMOA Co., Ltd",(주)디모아,20160819000177,CB,2016-08-19,무기명식 무보증 사모 전환사채,3000000000,3,3,2019-08-19,2565,100,2017-08-19,2019-07-18,,,2016-08-19,2016-08-19,private
016670,"DMOA Co., Ltd",(주)디모아,20201224000290,CB,2020-12-24,무기명식 이권부 무보증 사모 전환사채,804000000,2,3,2023-12-24,1047,100,2021-12-24,2023-11-24,500,,2020-12-24,2020-12-24,private
016670,"DMOA Co., Ltd",(주)디모아,20200924000397,CB,2020-09-24,무기명식 이권부 무보증 사모 전환사채,10000000000,1.5,1.5,2023-09-24,1020,100,2021-09-24,2023-08-24,500,,2020-09-24,2020-09-24,private
016670,"DMOA Co., Ltd",(주)디모아,20201228000535,CB,2020-12-17,무기명식 이권부 무보증 사모 전환사채,10000000000,2,3,2023-12-17,1070,100,2021-12-17,2023-11-17,500,,2020-12-17,2020-12-17,private
016670,"DMOA Co., Ltd",(주)디모아,20250207000899,CB,2024-06-27,무기명식 이권부 무보증 사모 전환사채,5100000000,4,7,2028-02-07,3725,100,2026-02-07,2028-01-07,500,,2025-02-07,2025-02-07,private
016670,"DMOA Co., Ltd",(주)디모아,20250919000175,CB,2025-04-02,무기명식 이권부 무보증 사모 전환사채,12700000000,5,8,2028-09-19,6917,100,2026-09-19,2028-08-19,4842,,2025-09-19,2025-09-19,private
016670,"DMOA Co., Ltd",(주)디모아,20251002000286,CB,2025-04-02,무기명식 이권부 무보증 사모 전환사채,5100000000,5,8,2028-10-02,6748,100,2026-10-02,2028-09-02,4724,,2025-09-24,2025-10-02,private
044380,"JOOYONTECH CO.,LTD.",(주)주연테크,20180119000429,CB,2018-01-18,무기명식 이권부 무보증 사모 전환사채,6000000000,3.5,3.5,2021-01-22,656,100,2019-01-22,2020-12-22,,,2018-01-22,2018-01-22,private
044380,"JOOYONTECH CO.,LTD.",(주)주연테크,20161129000629,CB,2016-11-29,무기명식 이권부 무보증 사모 전환사채,5000000000,3.5,3.5,2019-12-01,1350,100,2017-12-01,2019-11-01,,,2016-11-29,2016-12-01,private
044380,"JOOYONTECH CO.,LTD.",(주)주연테크,20160511002599,CB,2016-05-10,무기명식 이권부 무보증 사모 전환사채,6000000000,3.5,3.5,2019-05-12,900,100,2017-05-12,2019-05-12,,,2016-05-10,2016-05-12,private
044380,"JOOYONTECH CO.,LTD.",(주)주연테크,20201022000326,CB,2020-10-22,무기명식 이권부 무보증 사모 전환사채,6000000000,0,1,2023-10-28,1105,100,2021-10-28,2023-09-28,774,,2020-10-22,2020-10-28,private
158430,ATON Inc.,주식회사 아톤,20210720000398,CB,2021-07-19,무기명식 이권부 무보증 사모  전환사채,10000000000,0,0,2026-07-21,27600,100,2022-07-22,2026-06-21,19350,,2021-07-21,2021-07-21,private
158430,ATON Inc.,주식회사 아톤,20210720000399,BW,2021-07-19,무기명식 이권부 무보증 사모  비분리형 신주인수권부사채,6000000000,0,0,2026-07-21,27600,100,2022-07-22,2026-06-21,19350,,2021-07-21,2021-07-21,private
158430,ATON Inc.,주식회사 아톤,20251124000354,EB,2025-11-20,무기명식 무보증 사모 교환사채,5000002830,0,0,2030-11-28,7530,100,2025-12-05,2030-11-21,,"not applicable (EB is exchanged for already-issued shares, not newly issued)",2025-11-28,2025-11-28,private
158430,ATON Inc.,주식회사 아톤,20220816002447,EB,2022-08-16,무기명 무보증 사모 교환사채,5469920000,0,0,2027-08-23,34187,100,2022-08-30,2027-07-23,,"not applicable (EB is exchanged for already-issued shares, not newly issued)",2022-08-23,2022-08-23,private
290690,ARIBIO Holdings Inc.,(주)아리바이오홀딩스,20240718000460,CB,2023-05-15,무기명식 이권부 무보증 사모 전환사채,20000000000,0,0,2026-06-15,7434,100,2024-06-15,2026-05-15,5204,,2023-05-15,2023-06-15,private
290690,ARIBIO Holdings Inc.,(주)아리바이오홀딩스,20231227000001,CB,2023-12-26,무기명식 이권부 무보증 사모 전환사채,23900000000,0,2,2026-12-26,19354,100,2024-12-26,2026-11-26,13548,,2023-11-24,2023-12-26,private
290690,ARIBIO Holdings Inc.,(주)아리바이오홀딩스,20251127001427,CB,2025-11-19,무기명식 이권부 무보증 사모 전환사채,6000000000,2,6,2028-11-27,4152,100,2026-11-27,2028-10-27,2907,,2025-11-19,2025-11-27,private
290690,ARIBIO Holdings Inc.,(주)아리바이오홀딩스,20250321000005,CB,2025-03-13,무기명식 이권부 무보증 사모 전환사채,24000000000,2,6,2028-03-19,3087,100,2026-03-19,2028-02-19,2160,,2025-03-13,2025-03-19,private
290690,ARIBIO Holdings Inc.,(주)아리바이오홀딩스,20250509000750,CB,2025-03-14,무기명식 이권부 무보증 사모 전환사채,3000000000,4,8,2028-05-08,3931,100,2026-05-09,2028-04-08,2752,,2025-03-14,2025-05-09,private
290690,ARIBIO Holdings Inc.,(주)아리바이오홀딩스,20260324000598,CB,2025-04-29,무기명식 무보증 사모 전환사채,7501000000,4,8,2029-03-26,4217,100,2027-03-26,2029-02-26,2952,,2026-03-18,2026-03-26,private
290690,ARIBIO Holdings Inc.,(주)아리바이오홀딩스,20260319001394,CB,2025-09-15,무기명식 이권부 무보증 사모 전환사채,5000000000,4,8,2029-03-23,3591,100,2027-03-23,2029-02-23,2514,,2026-03-13,2026-03-23,private
290690,ARIBIO Holdings Inc.,(주)아리바이오홀딩스,20260518000353,CB,2026-05-14,무기명식 이권부 무보증 사모 전환사채,5000000000,2,8,2029-06-05,3412,100,2027-06-05,2029-05-05,2389,,2026-05-14,2026-06-05,private
290690,ARIBIO Holdings Inc.,(주)아리바이오홀딩스,20260529002378,CB,2026-05-12,무기명식 이권부 무보증 사모 전환사채,25000000000,2,8,2029-05-29,3453,100,2027-05-29,2029-04-29,2418,,2026-05-12,2026-05-29,private
290690,ARIBIO Holdings Inc.,(주)아리바이오홀딩스,20230703000001,BW,2023-05-15,무기명식 이권부 무보증 사모 비분리형 신주인수권부사채,20000000000,,,2026-06-30,7434,100,2024-06-30,2026-06-23,5204,,2023-05-15,2023-06-30,private
058970,"EMRO., Incorporated",(주)엠로,20180608000637,CB,2018-06-08,무기명식 이권부 무보증 사모 전환사채,3000000000,0,0,2021-06-11,5500,100,2019-06-11,2021-05-11,,,2018-06-11,2018-06-11,private
058970,"EMRO., Incorporated",(주)엠로,20230315000721,CB,2023-03-15,"기명식 무보증 
사모 전환사채",7000000000,0,4.6,2026-05-31,25717,100,2024-06-01,2026-05-30,18002,,2023-03-15,2023-05-31,private
058970,"EMRO., Incorporated",(주)엠로,20230315000004,BW,2023-03-15,"기명식 무보증 비분리형 
사모 신주인수권부사채",9500000000,0,4.6,2026-05-31,25717,100,2024-06-01,2026-05-30,18002,,2023-03-15,2023-05-31,private
084180,"Soosung Webtoon co., Ltd.",수성웹툰 주식회사,20180205000100,CB,2018-01-31,무기명식 이권부 무보증 담보부 사모 전환사채,3000000000,5,11,2021-02-05,5152,100,2019-02-05,2021-01-05,,,2018-01-31,2018-02-05,private
084180,"Soosung Webtoon co., Ltd.",수성웹툰 주식회사,20180201000064,CB,2018-01-30,무기명식 이권부 담보부 사모 전환사채,14500000000,3,6.5,2021-01-31,5110,100,2019-01-31,2020-01-31,,,2018-01-31,2018-01-31,private
084180,"Soosung Webtoon co., Ltd.",수성웹툰 주식회사,20171213000330,CB,2017-12-13,무기명식 이권부 무보증 사모 전환사채,,,,,,,,,,,,,private
084180,"Soosung Webtoon co., Ltd.",수성웹툰 주식회사,20171122000299,CB,2017-11-22,무기명식 이권부 무보증 사모 전환사채,4000000000,6.5,6.5,2020-11-23,5891,100,2018-11-23,2020-10-23,,,2017-11-22,2017-11-23,private
084180,"Soosung Webtoon co., Ltd.",수성웹툰 주식회사,20171129000582,CB,2017-11-29,무기명식 이권부 무보증 사모 전환사채,14130000000,2,2,2020-12-01,5736,100,2018-12-01,2020-11-01,,,2017-12-01,2017-12-01,private
084180,"Soosung Webtoon co., Ltd.",수성웹툰 주식회사,20170406001964,CB,2016-12-22,무기명식 이권부 무보증 사모 전환사채,,0,2,2020-04-06,10700,100,2018-04-06,2020-03-06,,,2016-12-22,2017-04-06,private
084180,"Soosung Webtoon co., Ltd.",수성웹툰 주식회사,20170609000081,CB,2017-05-10,무기명식 무보증 국내사모 전환사채,16130000000,2,2,2020-05-15,12837,100,2018-05-15,2020-04-15,,,2017-05-10,2017-05-15,private
084180,"Soosung Webtoon co., Ltd.",수성웹툰 주식회사,20170619000304,CB,2017-05-17,"무기명식 
이권부 무보증 사모 전환사채",14500000000,3,6.5,2020-06-20,14987,100,2018-06-20,2020-05-20,,,2017-05-17,2017-06-20,private
084180,"Soosung Webtoon co., Ltd.",수성웹툰 주식회사,20170629000420,CB,2017-06-29,무기명식 이권부 무보증 사모 전환사채,5500000000,3,6.5,2020-06-30,16345,100,2018-06-30,2020-05-30,,,2017-06-30,2017-06-30,private
084180,"Soosung Webtoon co., Ltd.",수성웹툰 주식회사,20171013000457,CB,2017-10-13,무기명식 이권부 무보증 사모 전환사채,,,,,,,,,,,,,private
084180,"Soosung Webtoon co., Ltd.",수성웹툰 주식회사,20210329001003,CB,2021-01-14,무기명식 이권부 무보증 사모 전환사채,6000000000,2,5,2024-04-09,2325,100,2022-04-09,2024-03-09,500,,2021-03-26,2021-04-09,private
084180,"Soosung Webtoon co., Ltd.",수성웹툰 주식회사,20210409000001,CB,2021-04-08,무기명식 무보증 사모 전환사채,3000000000,0,0,2024-04-06,2309,100,2022-10-26,2024-03-26,2309,,2021-04-08,2021-04-26,private
084180,"Soosung Webtoon co., Ltd.",수성웹툰 주식회사,20210120000585,CB,2020-11-03,무기명식 이권부 무보증 무담보 사모 전환사채,4000000000,2,2,2024-01-20,1520,100,2022-01-20,2023-12-20,1520,,2020-11-04,2021-01-20,private
084180,"Soosung Webtoon co., Ltd.",수성웹툰 주식회사,20210514001446,CB,2018-06-14,무기명식 이권부 담보부 사모 전환사채,5000000000,4,8,2022-06-18,4840,100,2019-06-18,2022-05-18,,,2018-06-14,2018-06-18,private
084180,"Soosung Webtoon co., Ltd.",수성웹툰 주식회사,20210514001467,CB,2018-06-14,무기명식 이권부 담보부 사모 전환사채,13000680000,4,8,2022-06-18,4840,100,2019-06-18,2022-05-18,,,2018-06-14,2018-06-18,private
084180,"Soosung Webtoon co., Ltd.",수성웹툰 주식회사,20201111000396,CB,,무기명식 무보증 공모 전환사채,,,,,,,,,,,,,public
084180,"Soosung Webtoon co., Ltd.",수성웹툰 주식회사,20200122000451,CB,2020-01-03,무기명식 이권부 담보부 사모 전환사채,2500000000,5,11,2023-01-31,1890,100,2021-02-01,2022-12-31,,,2020-01-03,2020-01-31,private
084180,"Soosung Webtoon co., Ltd.",수성웹툰 주식회사,20220826000565,CB,2021-11-30,무기명식 이권부 무보증 사모 전환사채,3600000000,2,5,2025-08-26,1775,100,2023-08-26,2025-07-26,500,,2022-08-25,2022-08-26,private
084180,"Soosung Webtoon co., Ltd.",수성웹툰 주식회사,20200325000970,CB,2020-03-23,무기명식 이권부 담보부 사모 전환 사채,3000000000,2,2,2023-03-30,1071,100,2021-03-30,2023-02-28,,,2020-03-23,2020-03-30,private
084180,"Soosung Webtoon co., Ltd.",수성웹툰 주식회사,20200812000351,CB,2020-08-04,제14회차 무기명 이권부 무담보 무보증 사모 전환사채,510000000,3,6,2023-08-12,1365,100,2021-08-12,2023-05-12,,,2020-08-04,2020-08-12,private
084180,"Soosung Webtoon co., Ltd.",수성웹툰 주식회사,20240628000825,CB,2022-09-19,무기명식 이권부 무보증 사모전환사채,25000000000,3,9.5,2025-12-22,1548,100,2023-12-22,2025-11-22,500,,2022-12-13,2022-12-22,private
084180,"Soosung Webtoon co., Ltd.",수성웹툰 주식회사,20230728000725,CB,2023-06-01,무기명식 이권부 무보증 사모 전환사채,12500000000,0,0,2026-07-28,933,100,2024-07-28,2026-05-28,,,2023-06-01,2023-07-28,private
084180,"Soosung Webtoon co., Ltd.",수성웹툰 주식회사,20230522000353,CB,2021-11-18,무기명식이권부 무보증 사모전환사채,7000000000,2,5,2025-01-28,1663,100,2023-01-28,2024-12-28,500,,2021-11-22,2022-01-28,private
084180,"Soosung Webtoon co., Ltd.",수성웹툰 주식회사,20230728000736,CB,2023-06-01,무기명식 이권부 무보증 사모 전환사채,4000000000,0,0,2026-07-28,933,100,2024-07-28,2026-06-28,,,2023-06-01,2023-07-28,private
084180,"Soosung Webtoon co., Ltd.",수성웹툰 주식회사,20230728000755,CB,2023-06-01,무기명식 이권부 무보증 사모 전환사채,5200000000,2,5,2026-07-31,933,100,2024-07-31,2026-06-30,654,,2023-06-01,2023-07-31,private
084180,"Soosung Webtoon co., Ltd.",수성웹툰 주식회사,20260311003132,CB,2023-06-01,무기명식 이권부 무보증 사모 전환사채,14000000000,3,9.5,2027-03-31,933,100,2024-07-31,2027-02-28,654,,2023-06-01,2023-07-31,private
070300,Xcure Corp.,엑스큐어(주),20200527000562,CB,2020-05-27,무기명식 이권부 무보증 사모 전환사채,3000000000,0,3,2023-05-29,7208,100,2021-05-29,2023-04-29,,,2020-05-29,2020-05-29,private
070300,Xcure Corp.,엑스큐어(주),20230216001338,CB,2023-02-15,"무기명식 이권부
무보증 사모 전환사채",3000000000,1,2,2026-02-15,3962,100,2024-02-15,2026-01-15,2774,,2023-02-15,2023-02-15,private
070300,Xcure Corp.,엑스큐어(주),20250102000355,CB,2025-01-02,"무기명식 이권부
무보증 사모 전환사채",8000000000,5,5,2028-01-06,3051,100,2026-01-06,2027-12-06,2136,,2024-12-12,2025-01-06,private
070300,Xcure Corp.,엑스큐어(주),20250102000360,CB,2025-01-02,"무기명식 이권부
무보증 사모 전환사채",7000000000,5,5,2028-01-06,3051,100,2026-01-06,2027-12-06,2136,,2024-12-12,2025-01-06,private
070300,Xcure Corp.,엑스큐어(주),20260827000761,CB,2026-04-14,"무기명식 이권부
무보증 사모 전환사채",10000000000,5,5,2029-11-12,2642,100,2027-11-12,2029-10-12,1850,,2026-11-12,2026-11-12,private
008770,"HOTEL SHILLA CO.,LTD",(주)호텔신라,20240703000563,EB,2024-07-03,무기명식 무보증 사모 교환사채,132797000000,0,0,2029-07-05,62200,100,2024-07-12,2029-06-28,,"not applicable (EB is exchanged for already-issued shares, not newly issued)",2024-07-05,2024-07-05,private
127120,"JS Link, Inc.",(주)제이에스링크,20150430001926,CB,2015-04-30,무기명식 무보증사모 전환사채,10000000000,0,4,2020-05-06,20533,100,2016-05-06,2020-04-06,,,2015-05-06,2015-05-06,private
127120,"JS Link, Inc.",(주)제이에스링크,20150715000165,CB,2015-07-10,무기명식 무보증사모 전환사채,10000000000,0,4,2020-07-16,19415,100,2016-07-16,2020-06-16,,,2015-07-15,2015-07-16,private
127120,"JS Link, Inc.",(주)제이에스링크,20181219000275,CB,2018-12-10,국내 무기명식 이권부 무보증 사모 전환사채,2100000000,0,1,2021-12-27,4190,100,2019-12-27,2021-11-27,,,2018-12-21,2018-12-27,private
127120,"JS Link, Inc.",(주)제이에스링크,20180110000268,CB,2018-01-10,무기명식 이권부 무보증 사모 전환사채,1500000000,0,2,2021-01-12,5809,100,2019-01-12,2020-12-12,,,,2018-01-12,private
127120,"JS Link, Inc.",(주)제이에스링크,20180110000272,CB,2018-01-10,무기명식 이권부 무보증 사모 전환사채,7000000000,0,0,2021-01-12,5809,100,2019-01-12,2020-12-12,,,,2018-01-12,private
127120,"JS Link, Inc.",(주)제이에스링크,20170608000332,CB,2017-06-08,무기명식 이권부 무보증 사모 전환사채,1000000000,0,6,2019-06-09,4485,100,2018-06-09,2019-05-09,,,,2017-06-09,private
127120,"JS Link, Inc.",(주)제이에스링크,20250902000288,CB,2025-08-06,무기명식 이권부 무보증 사모 전환사채,7000000000,2,8,2028-09-03,15346,100,2026-09-03,2028-08-03,10743,,,2025-09-03,private
127120,"JS Link, Inc.",(주)제이에스링크,20240620000252,CB,2024-06-20,"국내 무기명식 이권부

무보증 사모 전환사채",1000000000,0,3,2027-06-21,2362,100,2025-06-21,2027-05-21,,,,2024-06-21,private
127120,"JS Link, Inc.",(주)제이에스링크,20241227000748,CB,2024-12-27,"국내 무기명식 이권부
무보증 사모 전환사채",8000000000,2,4,2027-07-26,2749,100,2025-07-26,2027-06-26,,,2024-07-04,2024-07-26,private
127120,"JS Link, Inc.",(주)제이에스링크,20241227000752,CB,2024-12-27,"국내 무기명식 이권부
무보증 사모 전환사채",2000000000,2,4,2027-01-25,3240,100,2025-01-25,2026-12-25,,,,2024-01-25,private
127120,"JS Link, Inc.",(주)제이에스링크,20241227000760,CB,2024-12-27,"국내 무기명식 이권부
무보증 사모 전환사채",6000000000,2,4,2027-12-06,3768,100,2025-12-06,2027-11-06,,,2024-11-18,2024-12-06,private
127120,"JS Link, Inc.",(주)제이에스링크,20251204000439,CB,2024-12-17,"국내 무기명식 이권부
무보증 사모 전환사채",3000000000,2,4,2028-01-15,4268,100,2026-01-15,2027-12-15,,,2024-12-19,2025-01-15,private
127120,"JS Link, Inc.",(주)제이에스링크,20250731000485,CB,2025-07-22,무기명식 이권부 무보증 사모 전환사채,10100000000,2,6,2028-08-01,13249,100,2026-08-01,2028-07-01,9275,,,2025-08-01,private
127120,"JS Link, Inc.",(주)제이에스링크,20250922000234,CB,2025-09-22,무기명식 이권부 무보증 사모 전환사채,12000000000,2,8,2028-10-02,22232,100,2026-10-02,2028-09-02,15563,,,2025-10-02,private
127120,"JS Link, Inc.",(주)제이에스링크,20260623000017,CB,2026-05-13,무기명식 이권부 무보증 사모 전환사채,25000000000,0,0,2029-06-25,35612,100,2027-06-25,2029-05-25,24929,,,2026-06-25,private
127120,"JS Link, Inc.",(주)제이에스링크,20260626000351,CB,2026-05-13,무기명식 이권부 무보증 사모 전환사채,5000000000,3,5,2029-06-25,35612,100,2027-06-25,2029-05-25,24929,,,2026-06-25,private