ticker,name_en,name_ko,market,sector_ko,fiscal_year,headcount,men,women,women_share,tenure_years,tenure_years_men,tenure_years_women,tenure_ratio_women_to_men,annual_pay_per_person_krw_men,annual_pay_per_person_krw_women,pay_ratio_women_to_men,pay_ratio_withheld_reason,close_price_krw,market_cap_krw,listed_shares,price_as_of
005930,"SAMSUNG ELECTRONICS CO,.LTD",삼성전자,KOSPI,전자부품·컴퓨터·통신장비,2025,128881,94273,34608,0.269,13.73,14,13,0.929,167000000,130000000,0.778,,269500,1575572084856000,5846278608,20260908
005380,HYUNDAI MOTOR CO,현대자동차,KOSPI,자동차·트레일러,2025,72598,66681,5917,0.082,15.8,16.2,11.3,0.698,132000000,118000000,0.894,,385000,78831739910000,204757766,20260908
000270,KIA CORPORATION,기아,KOSPI,자동차·트레일러,2025,36566,34664,1902,0.052,20.76,21.1,14.5,0.687,135000000,116000000,0.859,,125400,48957789949200,390412998,20260908
000660,SK hynix Inc.,SK하이닉스,KOSPI,전자부품·컴퓨터·통신장비,2025,34549,23037,11512,0.333,13.43,12.3,15.7,1.276,198000000,159000000,0.803,,1793000,1309772810445000,730492365,20260908
066570,LG ELECTRONICS INC.,LG전자,KOSPI,전자부품·컴퓨터·통신장비,2025,34144,28568,5576,0.163,13.76,14.2,11.5,0.81,122000000,95000000,0.779,,205000,33391350790000,162884638,20260908
034220,"LG Display Co., Ltd.",LG디스플레이,KOSPI,전자부품·컴퓨터·통신장비,2025,24430,20948,3482,0.143,14.93,15.3,12.7,0.83,89000000,67000000,0.753,,8940,4470000000000,500000000,20260908
139480,E-MART Inc.,이마트,KOSPI,소매업,2025,23075,9794,13281,0.576,13.95,15.1,13.1,0.868,69000000,39000000,0.565,,75900,2094522662100,27595819,20260908
015760,KOREA ELECTRIC POWER CORPORATION,한국전력공사,KOSPI,전기·가스·증기,2025,22875,17478,5397,0.236,14.98,15.1,14.6,0.967,97705000,84248000,0.862,,34100,21890975025700,641964077,20260908
329180,"HD HYUNDAI HEAVY INDUSTRIES CO.,LTD.",HD현대중공업,KOSPI,기타 운송장비,2025,18880,17909,971,0.051,3.98,4.02,3.28,0.816,,,,not reported,444500,46655264512500,104961225,20260908
003490,"KOREAN AIR LINES CO.,LTD",대한항공,KOSPI,항공운송,2025,18318,10371,7947,0.434,18.36,18.8,17.79,0.946,143547681.03,96911538.95,0.675,,30100,11083441896100,368220661,20260908
023530,"LOTTE SHOPPING CO.,LTD.",롯데쇼핑,KOSPI,소매업,2025,17712,6010,11702,0.661,12.55,14.83,11.38,0.767,74738034.94,43258099.04,0.579,,117800,3332415339000,28288755,20260908
060000,KOOKMIN BANK,국민은행,,금융업,2025,15389,6458,8931,0.58,17.26,17.17,17.33,1.009,139000000,112000000,0.806,,,,,
030200,KT CORPORATION,케이티,KOSPI,통신업,2025,14701,10860,3841,0.261,19.27,19.9,17.5,0.879,122000000,109000000,0.893,,54300,13684777495500,252021685,20260908
000030,Woori Bank,우리은행,,금융업,2025,14203,6282,7921,0.558,16.34,14.5,17.8,1.228,134000000,112000000,0.836,,,,,
024110,INDUSTRIAL BANK OF KOREA,기업은행,KOSPI,금융업,2025,13507,5571,7936,0.588,15.51,16,15.17,0.948,111000000,82000000,0.739,,20800,16586458075200,797425869,20260908
373220,"LG ENERGY SOLUTION, LTD.",LG에너지솔루션,KOSPI,전기장비,2025,12922,10507,2415,0.187,8.16,8.58,6.33,0.738,119000000,80000000,0.672,,348500,81549000000000,234000000,20260908
051910,LG CHEM LTD,LG화학,KOSPI,화학물질·화학제품,2025,12869,10734,2135,0.166,14.01,14.7,10.55,0.718,111191727.22,86066978.92,0.774,,270000,19059932610000,70592343,20260908
006400,"SAMSUNG SDI CO.,LTD",삼성SDI,KOSPI,전기장비,2025,12826,10297,2529,0.197,12.59,13.46,9.04,0.672,98844323.59,79249110.32,0.802,,530000,42710330900000,80585530,20260908
000010,SHINHAN BANK,신한은행,,금융업,2025,12781,6522,6259,0.49,15.44,16.75,14.08,0.841,144000000,101000000,0.701,,,,,
012330,"HYUNDAI MOBIS CO.,LTD",현대모비스,KOSPI,자동차·트레일러,2025,12535,10783,1752,0.14,13.11,13.57,10.25,0.755,141899378.65,106524543.38,0.751,,415000,37275542775000,89820585,20260908
011070,"LG INNOTEK CO., LTD.",LG이노텍,KOSPI,전자부품·컴퓨터·통신장비,2025,12211,10138,2073,0.17,9.42,9.55,8.76,0.917,96289998.03,74718282.68,0.776,,545000,12898573315000,23667107,20260908
009150,"SAMSUNG ELECTRO-MECHANICS CO.,LTD",삼성전기,KOSPI,전자부품·컴퓨터·통신장비,2025,12173,9278,2895,0.238,15.76,16,15,0.938,115000000,92000000,0.8,,1370000,102330363520000,74693696,20260908
004940,KEB Hana Bank,하나은행,,금융업,2025,11837,4242,7595,0.642,15.61,15.1,15.9,1.053,141000000,114000000,0.809,,,,,
004020,HYUNDAI STEEL COMPANY,현대제철,KOSPI,1차 금속,2025,11694,11117,577,0.049,14.03,14.33,8.33,0.581,115000000,72000000,0.626,,32850,4383694037250,133445785,20260908
018260,"SAMSUNG SDS CO., LTD.",삼성에스디에스,KOSPI,컴퓨터 프로그래밍·SI,2025,11219,8207,3012,0.268,17.2,17.9,15.3,0.855,145000000,120000000,0.828,,230000,17796894000000,77377800,20260908
042660,"Hanwha Ocean Co., Ltd.",한화오션,KOSPI,기타 운송장비,2025,11178,10452,726,0.065,15.91,16.6,6,0.361,99000000,69000000,0.697,,86100,26382193223400,306413394,20260908
010140,"SAMSUNG HEAVY INDUSTRIES CO.,LTD",삼성중공업,KOSPI,기타 운송장비,2025,10589,10144,445,0.042,17.24,17.54,10.39,0.592,107482649.84,82251685.39,0.765,,21300,18744000000000,880000000,20260908
032640,LG Uplus Corp,LG유플러스,KOSPI,통신업,2025,9765,7775,1990,0.204,11.31,11.7,9.8,0.838,121000000,99000000,0.818,,14880,6315484652160,424427732,20260908
058850,ktcs corporation,KTcs,KOSPI,정보서비스업,2025,9404,2036,7368,0.783,6.35,5.43,6.61,1.217,26919941.06,21459283.39,0.797,,2185,90468723250,41404450,20260908
028260,SAMSUNG C&T CORPORATION,삼성물산,KOSPI,도매·상품중개,2025,9261,7180,2081,0.225,15.01,15.8,12.3,0.778,132000000,92000000,0.697,,382000,61948015942000,162167581,20260908
058860,ktis Corporation,KTis,KOSPI,정보서비스업,2025,9088,2208,6880,0.757,6.04,5.52,6.21,1.125,38695652.17,34509156.98,0.892,,2580,89789160000,34802000,20260908
097950,CJ CHEILJEDANG CORP.,CJ제일제당,KOSPI,식료품 제조,2025,8232,5792,2440,0.296,9.35,10.27,7.15,0.696,88270372.93,74227459.02,0.841,,183000,2754916038000,15054186,20260908
051500,CJ Freshway Corporation,CJ프레시웨이,KOSDAQ,도매·상품중개,2025,8225,2528,5697,0.693,3.8,4.89,3.31,0.677,50444224.68,30885729.33,0.612,,23450,278388691700,11871586,20260908
012450,"HANWHA AEROSPACE CO., LTD.",한화에어로스페이스,KOSPI,기타 운송장비,2025,8168,7395,773,0.095,13.06,13.52,8.69,0.643,126740770.79,99137128.07,0.782,,1027000,52955612827000,51563401,20260908
094280,"HYOSUNG ITX.CO.,LTD",효성 ITX,KOSPI,사업시설 관리,2025,8092,1920,6172,0.763,3.09,3.06,3.1,1.013,39257812.5,31539857.42,0.803,,12030,139045146000,11558200,20260908
020560,Asiana Airlines Inc.,아시아나항공,KOSPI,항공운송,2025,7479,3200,4279,0.572,16.34,16.37,16.31,0.996,123817110.94,66008991.59,0.533,,7940,1635566245340,205990711,20260908
007070,"GS Retail Co.,Ltd",GS리테일,KOSPI,소매업,2025,7304,4092,3212,0.44,7.74,9.19,5.89,0.641,79670821.11,51582191.78,0.647,,25150,2102726487250,83607415,20260908
012750,S-1 CORPORATION,에스원,KOSPI,사업시설 관리,2025,7044,6563,481,0.068,13.84,13.8,14.4,1.043,81000000,75000000,0.926,,79200,3009534897600,37999178,20260908
000720,"HYUNDAI ENGINEERING & CONSTRUCTION CO.,LTD",현대건설,KOSPI,종합 건설,2025,6900,6153,747,0.108,13.78,13.91,12.67,0.911,116321306.68,77307898.26,0.665,,131400,14632147521000,111355765,20260908
064400,"LG CNS Co., Ltd.",LG씨엔에스,KOSPI,컴퓨터 프로그래밍·SI,2025,6890,5081,1809,0.263,12.89,13.25,11.87,0.896,121000000,101000000,0.835,,73400,7111428583200,96885948,20260908
000120,CJ Logistics Corporation,CJ대한통운,KOSPI,육상운송,2025,6847,5771,1076,0.157,9.95,10.5,7,0.667,78000000,60000000,0.769,,73600,1678988518400,22812344,20260908
453340,"HYUNDAI GREEN FOOD CO., LTD",현대그린푸드,KOSPI,소매업,2025,6543,2411,4132,0.632,6.28,6.38,6.22,0.975,53851817.92,41589160.7,0.772,,18620,604620949940,32471587,20260908
161390,"HANKOOK TIRE & TECHNOLOGY CO.,LTD",한국타이어앤테크놀로지,KOSPI,고무·플라스틱,2025,6493,6091,402,0.062,11.12,11.4,6.9,0.605,101000000,74000000,0.733,,64200,7952779429800,123875069,20260908
051600,"KEPCO Plant Service & Engineering Co., Ltd",한전KPS,KOSPI,전문직별 공사,2025,6485,5826,659,0.102,13.86,14.6,7.3,0.5,85739000,60629000,0.707,,48450,2180250000000,45000000,20260908
039570,"HDC LABS Co., Ltd.",HDC랩스,KOSPI,전문직별 공사,2025,6465,3917,2548,0.394,2.87,2.91,2.82,0.969,32576461.58,26198587.13,0.804,,7560,196239463560,25957601,20260908
021240,"COWAY Co., Ltd.",코웨이,KOSPI,기타 개인 서비스,2025,6352,3674,2678,0.422,9.33,7.93,11.24,1.417,74175000,59997000,0.809,,99800,7062589114800,70767426,20260908
034020,"DOOSAN ENERBILITY CO., LTD.",두산에너빌리티,KOSPI,기타 기계·장비,2025,6233,5768,465,0.075,13.4,14,6,0.429,104000000,57000000,0.548,,89500,57330222567000,640561146,20260908
280360,"LOTTE WELLFOOD CO.,LTD",롯데웰푸드,KOSPI,식료품 제조,2025,5825,3496,2329,0.4,14.35,16.72,10.8,0.646,74205663.62,40868613.14,0.551,,139700,1285878987800,9204574,20260908
307950,HYUNDAI AUTOEVER CORPORATION.,현대오토에버,KOSPI,출판업,2025,5753,4227,1526,0.265,6.91,7.53,5.19,0.689,104035486.16,85745085.19,0.824,,385500,10571945061000,27423982,20260908
000810,"SAMSUNG FIRE & MARINE INSURANCE CO.,LTD",삼성화재해상보험,KOSPI,보험·연금,2025,5535,2997,2538,0.459,15.9,16.5,15.2,0.921,185737000,126352000,0.68,,647000,28886915031000,44647473,20260908
009830,HANWHA SOLUTIONS CORPORATION,한화솔루션,KOSPI,화학물질·화학제품,2025,5503,4738,765,0.139,10.31,10.73,7.68,0.716,92813634.44,61090196.08,0.658,,29150,6555617424400,224892536,20260908
004370,"NONGSHIM CO.,LTD",농심,KOSPI,식료품 제조,2025,5501,2455,3046,0.554,11.1,14.2,8.6,0.606,80000000,54000000,0.675,,417000,2536461714000,6082642,20260908
073240,"KUMHO TIRE CO., INC.",금호타이어,KOSPI,고무·플라스틱,2025,5463,5210,253,0.046,18.17,18.38,13.76,0.749,92000000,73000000,0.793,,7240,2079764477880,287260287,20260908
207940,"SAMSUNG BIOLOGICS CO.,LTD.",삼성바이오로직스,KOSPI,의료용 물질·의약품,2025,5455,3026,2429,0.445,4.93,5.6,4.1,0.732,121000000,106000000,0.876,,1440000,66658969440000,46290951,20260908
079550,"LIG Defense&Aerospace Co., Ltd.",LIG디펜스앤에어로스페이스,KOSPI,금속가공제품,2025,5382,4668,714,0.133,10.37,10.7,8.2,0.766,112882176.52,89778711.48,0.795,,666000,14652000000000,22000000,20260908
017670,"SK TELECOM CO.,LTD",SK텔레콤,KOSPI,통신업,2025,5316,4047,1269,0.239,13.7,15.2,8.9,0.586,178000000,115000000,0.646,,92400,19846600897200,214790053,20260908
028050,"SAMSUNG E&A CO.,LTD",삼성E&A,KOSPI,건축기술·엔지니어링,2025,5249,4676,573,0.109,11.86,11.95,11.12,0.931,136111206.16,106106457.24,0.78,,49150,9633400000000,196000000,20260908
047810,"KOREA AEROSPACE INDUSTRIES, LTD.",한국항공우주,KOSPI,기타 운송장비,2025,5241,4762,479,0.091,13.69,14.27,7.9,0.554,123567828.64,87622129.44,0.709,,127800,12457318674600,97475107,20260908
005300,"LOTTE CHILSUNG BEVERAGE CO.,LTD",롯데칠성음료,KOSPI,음료 제조,2025,5217,4303,914,0.175,15.05,16.08,10.19,0.634,79605623.98,44420131.29,0.558,,98500,913970074000,9278884,20260908
047040,"DAEWOO ENGINEERING & CONSTRUCTION CO.,LTD",대우건설,KOSPI,종합 건설,2025,5146,4503,643,0.125,16.48,17.08,12.31,0.721,103124583.61,68175738.72,0.661,,19970,8205825530860,410907638,20260908
032830,"Samsung Life Insurance co., Ltd",삼성생명,KOSPI,보험·연금,2025,5124,2673,2451,0.478,17.35,16.3,18.5,1.135,182000000,125000000,0.687,,308000,61600000000000,200000000,20260908
001680,DAESANG CORPORATION,대상,KOSPI,식료품 제조,2025,5106,2600,2506,0.491,12.17,12.39,11.94,0.964,85984615.38,49811652.04,0.579,,18910,655194152750,34648025,20260908
035420,NAVER Corporation,NAVER,KOSPI,정보서비스업,2025,5047,2897,2150,0.426,7.66,8,7.2,0.9,160000000,126000000,0.788,,214500,32620407319500,152076491,20260908
006360,GS Engineering & Construction Corp,GS건설,KOSPI,종합 건설,2025,4996,4380,616,0.123,15.38,16.04,10.71,0.668,111005022.83,69952922.08,0.63,,35250,3016747522500,85581490,20260908
035250,"Kangwon Land, Inc.",강원랜드,KOSPI,스포츠·오락,2025,4906,3062,1844,0.376,12.29,13.15,10.85,0.825,79496471.91,66895887.74,0.841,,14850,3177016425000,213940500,20260908
005850,SL CORPORATION,에스엘,KOSPI,자동차·트레일러,2025,4881,4180,701,0.144,11,11.12,10.29,0.925,89801435.41,76182596.29,0.848,,50800,2359584816000,46448520,20260908
272210,"HANWHA SYSTEMS Co., Ltd.",한화시스템,KOSPI,전자부품·컴퓨터·통신장비,2025,4855,4077,778,0.16,10.57,11.16,7.5,0.672,111514839.34,87000000,0.78,,69700,13167681413300,188919389,20260908
090430,AMOREPACIFIC CORP.,아모레퍼시픽,KOSPI,화학물질·화학제품,2025,4748,1700,3048,0.642,13.71,14.06,13.52,0.962,127064117.65,88427821.52,0.696,,140000,8188986260000,58492759,20260908
375500,"DL E&C CO.,LTD.",DL이앤씨,KOSPI,종합 건설,2025,4742,3978,764,0.161,13.49,14.19,9.84,0.693,104580191.05,65870418.85,0.63,,78600,3041318767800,38693623,20260908
005830,"DB INSURANCE CO.,LTD",DB손해보험,KOSPI,보험·연금,2025,4716,2033,2683,0.569,12.83,13.5,12.33,0.913,142264000,74495000,0.524,,187300,12268215367700,65500349,20260908
064350,Hyundai-Rotem Co.,현대로템,KOSPI,기타 운송장비,2025,4541,4280,261,0.057,11.27,11.63,5.4,0.464,122545327.1,83681992.34,0.683,,126300,13784671605900,109142293,20260908
034730,SK Inc.,SK,KOSPI,금융업,2025,4419,3332,1087,0.246,11.66,12.2,10,0.82,129000000,95000000,0.736,,603000,43719129909000,72502703,20260908
011170,LOTTE CHEMICAL CORPORATION,롯데케미칼,KOSPI,화학물질·화학제품,2025,4349,3555,794,0.183,14.55,15.5,10.3,0.665,105000000,70000000,0.667,,57400,2455309050600,42775419,20260908
033780,KT&G Corporation,케이티앤지,KOSPI,담배 제조,2025,4331,3788,543,0.125,18.21,18.4,16.9,0.918,118000000,92000000,0.78,,169800,17627015428800,103810456,20260908
036460,KoreaGasCorporation,한국가스공사,KOSPI,전기·가스·증기,2025,4289,3654,635,0.148,16.54,17.3,12.19,0.705,105228901.48,83928771.65,0.798,,35400,3267880200000,92313000,20260908
120110,"KOLON INDUSTRIES, INC.",코오롱인더,KOSPI,화학물질·화학제품,2025,4260,3210,1050,0.246,11.68,12.7,8.57,0.675,82665042.99,64332942.86,0.778,,55100,1650026363200,29946032,20260908
002350,NEXEN TIRE CORPORATION,넥센타이어,KOSPI,고무·플라스틱,2025,4255,4057,198,0.047,14.32,14.8,4.46,0.301,83000000,48000000,0.578,,5880,574287116760,97667877,20260908
003620,KG Mobility Corp.,KG모빌리티,KOSPI,자동차·트레일러,2025,4126,4020,106,0.026,25.31,25.6,14.5,0.566,98000000,69000000,0.704,,2670,540341015040,202374912,20260908
079160,"CJ CGV CO.,LTD.",CJ CGV,KOSPI,영상·오디오 제작,2025,4096,1904,2192,0.535,10.79,11.7,10,0.855,63000000,51000000,0.81,,5350,885867963950,165582797,20260908
051900,"LG H&H Co., Ltd.",LG생활건강,KOSPI,화학물질·화학제품,2025,4013,1916,2097,0.523,15.11,16.64,13.72,0.825,102752609.6,73692894.61,0.717,,290000,4342901670000,14975523,20260908
001450,"HYUNDAIMARINE&FIREINSURANCECO.,LTD.",현대해상,KOSPI,보험·연금,2025,3987,1911,2076,0.521,15.26,17.25,13.42,0.778,131000000,76000000,0.58,,50300,4287986975000,85248250,20260908
035720,Kakao Corp.,카카오,KOSPI,정보서비스업,2025,3922,2186,1736,0.443,6.29,6.33,6.25,0.987,122000000,92000000,0.754,,35400,15682196566200,442999903,20260908
204320,"HL Mando CO.,LTD",HL만도,KOSPI,자동차·트레일러,2025,3828,3532,296,0.077,18.42,19.4,6.7,0.345,111000000,77000000,0.694,,48600,2282116032000,46957120,20260908
071840,"LOTTE Himart Co.,Ltd",롯데하이마트,KOSPI,소매업,2025,3776,2677,1099,0.291,9.7,9.31,10.64,1.143,61076365.71,52813184.71,0.865,,6320,149200739840,23607712,20260908
103140,POONGSAN CORPORATION,풍산,KOSPI,1차 금속,2025,3754,3553,201,0.054,14.08,13.86,18.06,1.303,93849925.13,91098203.98,0.971,,78400,2197103395200,28024278,20260908
000370,"Hanwha General Insurance Co., Ltd.",한화손해보험,KOSPI,보험·연금,2025,3715,1467,2248,0.605,13.47,14.2,13,0.915,127000000,92000000,0.724,,8150,951422157250,116738915,20260908
130660,"Korea Electronic Power Industrial Development Co., Ltd",한전산업,KOSPI,건축기술·엔지니어링,2025,3614,3464,150,0.042,10.7,10.9,6.1,0.56,66857000,46750000,0.699,,13270,432602000000,32600000,20260908
002380,KCC Corporation,케이씨씨,KOSPI,화학물질·화학제품,2025,3583,3239,344,0.096,15.03,15.5,10.59,0.683,86329378.13,61883787.93,0.717,,500000,4296448000000,8592896,20260908
298040,Hyosung Heavy Industries Corporation,효성중공업,KOSPI,전기장비,2025,3567,3143,424,0.119,13.13,13.9,7.4,0.532,91000000,55000000,0.604,,2834000,26425769032000,9324548,20260908
010950,S-Oil Corporation,S-Oil,KOSPI,코크스·석유정제,2025,3537,3249,288,0.081,17.41,17.72,13.96,0.788,142891698.98,90641458.33,0.634,,159400,17945697044800,112582792,20260908
010120,"LS ELECTRIC CO., LTD",엘에스일렉트릭,KOSPI,전기장비,2025,3482,2942,540,0.155,16.01,16.51,13.28,0.804,99223997.28,73822222.22,0.744,,200500,30075000000000,150000000,20260908
005430,"KOREA AIRPORT SERVICE CO.,LTD",한국공항,KOSPI,창고·운송 관련,2025,3409,3336,73,0.021,12.08,11.93,19.05,1.597,65491606.71,65835616.44,1.005,,80000,253308400000,3166355,20260908
007310,OTOKI CORPORATION,오뚜기,KOSPI,식료품 제조,2025,3388,1200,2188,0.646,9.65,9,10,1.111,63000000,46000000,0.73,,332500,1332603475000,4007830,20260908
091810,"Trinity Airways Co., Ltd.",트리니티항공,KOSPI,항공운송,2025,3380,1768,1612,0.477,5.28,5.21,5.36,1.029,90000000,47000000,0.522,,2770,282833872070,102106091,20260908
000110,Standard Chartered Bank Korea Ltd,한국스탠다드차타드은행,,금융업,2025,3352,1204,2148,0.641,18.02,18.21,17.92,0.984,142000000,102000000,0.718,,,,,
006800,"MIRAE ASSET SECURITIES CO.,LTD.",미래에셋증권,KOSPI,금융·보험 관련 서비스,2025,3310,1803,1507,0.455,15.75,15.49,16.06,1.037,167716583.47,145084273.39,0.865,,35050,19032887837550,543021051,20260908
003070,"KolonGlobalCorporation CO.,LTD",코오롱글로벌,KOSPI,종합 건설,2025,3273,2426,847,0.259,6.76,7.71,4.04,0.524,60543693.32,30912632.82,0.511,,9270,235680099930,25423959,20260908
000880,HANWHA CORP,한화,KOSPI,화학물질·화학제품,2025,3264,2838,426,0.131,9.26,9.52,7.52,0.79,97755109.23,61636150.23,0.631,,138300,7375386455100,53328897,20260908
036570,NC Corporation,NC,KOSPI,출판업,2025,3262,2191,1071,0.328,7.47,7.7,7,0.909,130000000,90000000,0.692,,211500,4556560653000,21544022,20260908
049770,"DONGWON F & B CO.,LTD",동원F&B,,식료품 제조,2025,3260,1247,2013,0.617,9.23,8.3,9.8,1.181,62000000,42000000,0.677,,,,,
089590,"JEJUAIR, CO., LTD.",제주항공,KOSPI,항공운송,2025,3233,1693,1540,0.476,7.45,7.4,7.5,1.014,99000000,44000000,0.444,,4970,400785695450,80640985,20260908
005270,iM Bank,아이엠뱅크,,금융업,2025,3181,1539,1642,0.516,16.05,14.91,17.12,1.148,132000000,108000000,0.818,,,,,
068270,"Celltrion, Inc.",셀트리온,KOSPI,의료용 물질·의약품,2025,3153,1839,1314,0.417,6.16,6.46,5.73,0.887,113449700.92,100767123.29,0.888,,183100,42592204925600,232617176,20260908
005610,"SAMLIP CO., LTD.",삼립,KOSPI,식료품 제조,2025,3149,1802,1347,0.428,6.29,6.82,5.57,0.817,57101138.18,47879407.57,0.839,,42250,364575630250,8629009,20260908
069960,"HYUNDAI DEPARTMENT STORE CO.,LTD",현대백화점,KOSPI,소매업,2025,3139,1245,1894,0.603,9.58,13.5,7,0.519,111000000,55000000,0.495,,100500,2167273656000,21564912,20260908
005940,"NH INVESTMENT & SECURITIES CO.,LTD.",NH투자증권,KOSPI,금융·보험 관련 서비스,2025,3137,1783,1354,0.432,13.74,12.91,14.83,1.149,207862030.29,154490398.82,0.743,,26650,9839342698250,369206105,20260908
282330,"BGF retail CO., LTD.",BGF리테일,KOSPI,소매업,2025,3130,2157,973,0.311,5.56,6,4.6,0.767,77000000,56000000,0.727,,148600,2568388431600,17283906,20260908
035760,"CJ ENM CO., Ltd.",CJ ENM,KOSDAQ,방송업,2025,3105,1148,1957,0.63,6.89,8.07,6.19,0.767,102141986.06,72973428.72,0.714,,33450,733530201300,21929154,20260908
000060,"Meritz Fire & Marine Insurance CO., Ltd",메리츠화재해상보험,,보험·연금,2025,3027,1216,1811,0.598,11.22,10.92,11.42,1.046,175724000,102093000,0.581,,,,,
003230,Samyang Foods Inc.,삼양식품,KOSPI,식료품 제조,2025,3025,1808,1217,0.402,4.44,4.71,4.05,0.86,57820632.74,54032196.38,0.934,,1291000,9725122365000,7533015,20260908
005280,BUSAN BANK,부산은행,,금융업,2025,2995,1413,1582,0.528,15.21,15.32,15.11,0.986,140000000,110000000,0.786,,,,,
002550,"KB Insurance Co., Ltd",KB손해보험,,보험·연금,2025,2991,1420,1571,0.525,15.47,16,15,0.938,140000000,93000000,0.664,,,,,
048260,"OSSTEMIMPLANT.CO.,Ltd",오스템임플란트,,의료·정밀·광학기기,2025,2981,2298,683,0.229,5.5,5.75,4.67,0.812,68000000,53000000,0.779,,,,,
003670,"POSCO FUTURE M CO., LTD.",포스코퓨처엠,KOSPI,전기장비,2025,2979,2769,210,0.07,8.67,8.8,7,0.795,88000000,74000000,0.841,,180600,16063687332000,88946220,20260908
032040,"C&S ASSET MANAGEMENT CO., LTD.",씨앤에스자산관리,,사업시설 관리,2025,2974,1829,1145,0.385,2.96,2.86,3.12,1.091,25601421.54,22261135.37,0.87,,,,,
003450,"KB SECURITIES CO.,LTD",케이비증권,,금융·보험 관련 서비스,2025,2970,1571,1399,0.471,15.74,14.27,17.4,1.219,190999363.46,139160829.16,0.729,,,,,
000080,HITE JINRO,하이트진로,KOSPI,음료 제조,2025,2935,2402,533,0.182,18.3,18.68,16.56,0.887,129007190.68,101374703.99,0.786,,15380,1078654937180,70133611,20260908
002150,"DOHWA ENGINEERING Co., Ltd.",도화엔지니어링,KOSPI,건축기술·엔지니어링,2025,2912,2565,347,0.119,9.53,10.03,5.81,0.579,78886159.84,52731988.47,0.668,,5380,181413600000,33720000,20260908
222800,"SIMMTECH Co., Ltd.",심텍,KOSDAQ,전자부품·컴퓨터·통신장비,2025,2902,2388,514,0.177,9.45,9.5,9.2,0.968,62030000,50471000,0.814,,121800,4625260970400,37974228,20260908
286940,"LOTTE INNOVATE Co.,Ltd",롯데이노베이트,KOSPI,컴퓨터 프로그래밍·SI,2025,2887,2011,876,0.303,9.49,10.23,7.78,0.761,86784186.97,72005707.76,0.83,,18380,278077765460,15129367,20260908
017800,"HYUNDAI ELEVATOR CO.,LTD",현대엘리베이터,KOSPI,기타 기계·장비,2025,2867,2594,273,0.095,11.96,12.3,8.7,0.707,111000000,97000000,0.874,,74800,2924110398000,39092385,20260908
011210,HYUNDAI WIA,현대위아,KOSPI,자동차·트레일러,2025,2843,2712,131,0.046,12.32,12.62,6.01,0.476,134450221.24,91122137.4,0.678,,56300,1531083172900,27195083,20260908
088350,"HANWHA LIFE INSURANCE CO., LTD.",한화생명,KOSPI,보험·연금,2025,2794,1464,1330,0.476,16.83,15.5,18.3,1.181,130000000,103000000,0.792,,5850,5080900500000,868530000,20260908
108670,"LX HAUSYS, LTD.",LX하우시스,KOSPI,고무·플라스틱,2025,2728,2312,416,0.152,15.93,16.5,12.78,0.775,90431228.37,65716346.15,0.727,,35350,317007134500,8967670,20260908
010960,SAMHO DEVELOPMENT CO,삼호개발,KOSPI,전문직별 공사,2025,2713,2599,114,0.042,9.35,9.3,10.4,1.118,86000000,73000000,0.849,,3070,74048400000,24120000,20260908
004170,SHINSEGAE Inc.,신세계,KOSPI,소매업,2025,2634,907,1727,0.656,13.46,13,13.7,1.054,116000000,73000000,0.629,,404500,3820575714500,9445181,20260908
353200,"DAEDUCK ELECTRONICS CO.,LTD",대덕전자,KOSPI,전자부품·컴퓨터·통신장비,2025,2633,2271,362,0.137,9.84,10.5,5.7,0.543,84000000,66000000,0.786,,99900,4936750807500,49416925,20260908
016360,"SAMSUNG SECURITIES CO.,LTD",삼성증권,KOSPI,금융·보험 관련 서비스,2025,2614,1437,1177,0.45,13.13,13.47,12.71,0.944,191656228.25,139038232.8,0.725,,87300,7795890000000,89300000,20260908
008670,"Shinhan Securities Co., Ltd.",신한투자증권,,금융·보험 관련 서비스,2025,2574,1538,1036,0.402,12.93,12.73,13.22,1.038,163847204.16,120699806.95,0.737,,,,,
136480,"HARIM Co., Ltd.",하림,KOSDAQ,식료품 제조,2025,2564,1373,1191,0.465,6.63,6.95,6.27,0.902,58276770.58,49909759.87,0.856,,2655,281986758810,106209702,20260908
033630,"SK Broadband Co., Ltd.",에스케이브로드밴드,,통신업,2025,2472,1994,478,0.193,16.08,17.9,8.5,0.475,139000000,88000000,0.633,,,,,
052690,"KEPCO Engineering & Construction Company, Inc",한전기술,KOSPI,건축기술·엔지니어링,2025,2466,1942,524,0.212,13.01,14.2,8.6,0.606,98000000,70000000,0.714,,142600,5450172000000,38220000,20260908
032710,"Shinhan Card Co.,Ltd",신한카드,,금융업,2025,2440,1325,1115,0.457,19.21,18.33,20.25,1.105,142000000,131000000,0.923,,,,,
272450,"JIN AIR CO,.LTD.",진에어,KOSPI,항공운송,2025,2382,1265,1117,0.469,6.11,5.74,6.52,1.136,107000000,53000000,0.495,,6500,339300000000,52200000,20260908
128940,"Hanmi Pharm. Co., Ltd.",한미약품,KOSPI,의료용 물질·의약품,2025,2382,1680,702,0.295,8.93,9.25,8.17,0.883,92000000,73000000,0.793,,471000,6033976761000,12810991,20260908
019680,"DAEKYO CO.,LTD",대교,KOSPI,교육서비스업,2025,2359,778,1581,0.67,13.56,15.1,12.8,0.848,51000000,41000000,0.804,,1000,80467700000,80467700,20260908
006280,GC Biopharma Corp.,녹십자,KOSPI,의료용 물질·의약품,2025,2351,1707,644,0.274,9.86,10.6,7.9,0.745,75000000,68000000,0.907,,127000,1484190326000,11686538,20260908
243840,"SHIN HEUNG ENERGY & ELECTRONICS CO., LTD.",신흥에스이씨,KOSDAQ,전기장비,2025,2328,1215,1113,0.478,3.81,3.57,4.07,1.14,39763012.35,31287064.69,0.787,,5680,219010774800,38558235,20260908
086280,"HYUNDAI GLOVIS Co., LTD.",현대글로비스,KOSPI,창고·운송 관련,2025,2319,1897,422,0.182,6.98,7.15,6.24,0.873,118649106,98567984,0.831,,203000,15225000000000,75000000,20260908
185750,Chong Kun Dang Pharmaceutical Corp.,종근당,KOSPI,의료용 물질·의약품,2025,2304,1569,735,0.319,10.02,10.5,9,0.857,85000000,68000000,0.8,,67800,935828484000,13802780,20260908
192520,"Kyongnam Bank Co., Ltd.",경남은행,,금융업,2025,2231,1076,1155,0.518,17.67,18.6,16.8,0.903,142000000,99000000,0.697,,,,,
018880,Hanon Systems,한온시스템,KOSPI,기타 기계·장비,2025,2223,2092,131,0.059,18.65,19.41,6.44,0.332,106290000,68563000,0.645,,3450,3540605804400,1026262552,20260908
000990,"DB HiTek Co.,LTD",DB하이텍,KOSPI,전자부품·컴퓨터·통신장비,2025,2221,1213,1008,0.454,10.29,10.7,9.8,0.916,115000000,67000000,0.583,,103400,4498374399200,43504588,20260908
071320,KOREA DISTRICT HEATING CORPORATION,지역난방공사,KOSPI,전기·가스·증기,2025,2213,1788,425,0.192,14.96,15.77,11.55,0.732,89177000,77454000,0.869,,76100,881142418400,11578744,20260908
009240,"HANSSEM CO.,LTD.",한샘,KOSPI,도매·상품중개,2025,2212,1443,769,0.348,9.78,10.53,8.37,0.795,59167706.17,49058517.56,0.829,,38900,915469799200,23533928,20260908
267260,"HD HYUNDAI ELECTRIC CO.,LTD",HD현대일렉트릭,KOSPI,전기장비,2025,2209,2020,189,0.086,6.42,6.6,4.5,0.682,134000000,100000000,0.746,,728000,26242314280000,36047135,20260908
031440,SHINSEGAE FOOD Inc.,신세계푸드,,음식점·주점,2025,2203,1174,1029,0.467,7.97,9,6.8,0.756,59000000,41000000,0.695,,,,,
000100,YUHAN CORPORATION,유한양행,KOSPI,의료용 물질·의약품,2025,2153,1566,587,0.273,12.74,13.83,9.83,0.711,109000000,76000000,0.697,,79100,5823008277100,73615781,20260908
259960,"KRAFTON, Inc.",크래프톤,KOSPI,출판업,2025,2118,1378,740,0.349,3.2,3.3,3,0.909,145000000,99000000,0.683,,213500,9767185830500,45747943,20260908
022100,POSCO DX COMPANY LTD.,포스코DX,KOSPI,건축기술·엔지니어링,2025,2103,1701,402,0.191,14.98,15.88,11.19,0.705,103502057.61,84442786.07,0.816,,21450,3261144937050,152034729,20260908
097230,"HJ SHIPBUILDING & CONSTRUCTION CO.,LTD",HJ중공업,KOSPI,종합 건설,2025,2097,2012,85,0.041,14.23,14.52,7.25,0.499,81683624.25,54569623.53,0.668,,15720,1419442807680,90295344,20260908
096770,"SK Innovation Co., Ltd.",SK이노베이션,KOSPI,코크스·석유정제,2025,2064,1411,653,0.316,10.94,11.64,9.44,0.811,162682494.68,110231240.43,0.678,,138000,23329284744000,169052788,20260908
010130,KOREA ZINC INC,고려아연,KOSPI,1차 금속,2025,2054,1922,132,0.064,12.35,12.83,5.42,0.422,125000000,72000000,0.576,,1213000,25318911397000,20872969,20260908
460860,"DONGKUK STEEL MILL Co., Ltd.",동국제강,KOSPI,1차 금속,2025,2047,1952,95,0.046,13.54,13.81,7.99,0.579,89000000,60000000,0.674,,10260,508978254420,49608017,20260908
344820,KCC GLASS Corporation,케이씨씨글라스,KOSPI,비금속 광물제품,2025,2045,1858,187,0.091,12.02,12.62,6.05,0.479,75357558.13,51905235.29,0.689,,24700,394471646400,15970512,20260908
029780,"SAMSUNG CARD CO.,LTD",삼성카드,KOSPI,금융업,2025,2033,1261,772,0.38,15.97,17.3,13.8,0.798,165000000,116000000,0.703,,46500,5387438431500,115858891,20260908
215200,MegaStudyEdu Co. Ltd,메가스터디교육,KOSDAQ,교육서비스업,2025,2002,926,1076,0.537,5.47,6.6,4.5,0.682,56311000,46676000,0.829,,34950,362264299200,10365216,20260908
005180,"BINGGRAE CO.,LTD",빙그레,KOSPI,식료품 제조,2025,1998,1524,474,0.237,10.58,11.2,8.6,0.768,71832000,56990000,0.793,,84500,783233119500,9269031,20260908
054930,Yooshin Engineering Corporation,유신,KOSDAQ,건축기술·엔지니어링,2025,1988,1788,200,0.101,9.36,9.95,4.05,0.407,71477628.64,48610000,0.68,,18760,56280000000,3000000,20260908
317400,Xi S&D Inc.,자이에스앤디,KOSPI,부동산업,2025,1946,1459,487,0.25,3.48,3.59,3.17,0.883,46117203.56,28954825.46,0.628,,10800,418851216000,38782520,20260908
011200,"HMM CO.,LTD",HMM,KOSPI,수상운송,2025,1933,1549,384,0.199,9.33,9.12,10.19,1.117,135186991.61,114810390.63,0.849,,21150,19949483065500,943237970,20260908
066970,"L&F CO.,LTD",엘앤에프,KOSPI,전기장비,2025,1924,1766,158,0.082,4.32,4.33,4.17,0.963,60666000,57836000,0.953,,113700,4625846069400,40684662,20260908
267980,"Maeil Dairies Co., Ltd.",매일유업,KOSDAQ,식료품 제조,2025,1921,1488,433,0.225,13.93,14.87,10.72,0.721,86335722.45,74926060.05,0.868,,34050,260946873900,7663638,20260908
008770,"HOTEL SHILLA CO.,LTD",호텔신라,KOSPI,소매업,2025,1910,919,991,0.519,8.92,10.57,7.39,0.699,66248095.76,52974772.96,0.8,,42100,1652345894100,39248121,20260908
023350,Korea Engineering Consultants Corp.,한국종합기술,KOSPI,건축기술·엔지니어링,2025,1907,1725,182,0.095,7.79,7.96,6.23,0.783,73457230.14,45473109.89,0.619,,4105,44949750000,10950000,20260908
013580,"KYE-RYONG CONSTRUCTION INDUSTRIAL CO.,LTD",계룡건설산업,KOSPI,종합 건설,2025,1850,1642,208,0.112,10.13,10.97,3.52,0.321,84000000,52000000,0.619,,22250,198712680750,8930907,20260908
012510,"DOUZONE BIZON CO.,LTD",더존비즈온,,컴퓨터 프로그래밍·SI,2025,1818,1123,695,0.382,7.1,7.6,6.3,0.829,66000000,53000000,0.803,,,,,
323410,KakaoBank Corp.,카카오뱅크,KOSPI,금융업,2025,1806,988,818,0.453,4.14,4.33,3.92,0.905,144000000,102000000,0.708,,21900,10448937570300,477120437,20260908
114090,"Grand Korea Leisure Co.,Ltd",GKL,KOSPI,스포츠·오락,2025,1794,764,1030,0.574,15.67,15.1,16.1,1.066,69000000,61000000,0.884,,9430,583298968100,61855670,20260908
069620,DAEWOONG PHARMA,대웅제약,KOSPI,의료용 물질·의약품,2025,1794,1136,658,0.367,6.84,7.5,5.7,0.76,86000000,62000000,0.721,,115600,1339408070000,11586575,20260908
294870,IPARK HYUNDAI DEVELOPMENT COMPANY,IPARK현대산업개발,KOSPI,종합 건설,2025,1788,1493,295,0.165,10.89,12.19,4.33,0.355,95685867.38,58705084.75,0.614,,23200,1529050056000,65907330,20260908
015750,"SUNGWOO HITECH CO., LTD",성우하이텍,KOSDAQ,자동차·트레일러,2025,1782,1715,67,0.038,12.19,12.5,4.2,0.336,81499000,59533000,0.73,,5910,472800000000,80000000,20260908
003470,"Yuanta Securities Korea Co., Ltd.",유안타증권,KOSPI,금융·보험 관련 서비스,2025,1777,1085,692,0.389,12.67,11.96,13.78,1.152,163713364.06,93518786.13,0.571,,4720,909450081440,192680102,20260908
192530,"The Kwangju Bank, Ltd.",광주은행,,금융업,2025,1759,767,992,0.564,12.56,12,13,1.083,124000000,93000000,0.75,,,,,
000150,"DOOSAN CO.,LTD",두산,KOSPI,전자부품·컴퓨터·통신장비,2025,1749,1415,334,0.191,13.66,14.66,9.42,0.643,145301766.78,89422155.69,0.615,,1247000,20193712245000,16193835,20260908
047050,POSCO INTERNATIONAL,포스코인터내셔널,KOSPI,도매·상품중개,2025,1738,1308,430,0.247,15.45,15.3,15.9,1.039,152000000,105000000,0.691,,54300,9552607388400,175922788,20260908
009450,"KYUNG DONG NAVIEN CO.,LTD",경동나비엔,KOSPI,전기장비,2025,1734,1518,216,0.125,7.26,7.47,5.76,0.771,67361388,59405546,0.882,,60000,874115520000,14568592,20260908
213500,"Hansol Paper Co., Ltd",한솔제지,KOSPI,펄프·종이 제조,2025,1732,1576,156,0.09,15.62,16.2,9.8,0.605,82000000,60000000,0.732,,7530,179218337280,23800576,20260908
195940,HK inno.N Corporation,HK이노엔,KOSDAQ,의료용 물질·의약품,2025,1723,1274,449,0.261,9,9.45,7.71,0.816,88915227.63,72278396.44,0.813,,40050,1134612134550,28329891,20260908
225570,"NEXON Games Co., Ltd.",넥슨게임즈,KOSDAQ,출판업,2025,1714,1162,552,0.322,3.56,3.83,3,0.783,97823000,74515000,0.762,,11350,747512974900,65860174,20260908
014820,Dongwon Systems Corporation,동원시스템즈,KOSPI,고무·플라스틱,2025,1705,1568,137,0.08,12.08,12.56,6.62,0.527,76000933.04,49727649.64,0.654,,21450,621862998900,28991282,20260908
170900,"DONG-A ST CO.,LTD",동아에스티,KOSPI,의료용 물질·의약품,2025,1685,1162,523,0.31,12.42,13.25,10.58,0.798,86000000,63000000,0.733,,36500,355067656500,9727881,20260908
456040,OCI Company Ltd.,OCI,KOSPI,화학물질·화학제품,2025,1680,1590,90,0.054,14.53,14.9,7.9,0.53,100000000,69000000,0.69,,80000,716199600000,8952495,20260908
002320,HANJIN Logistics Corporation,한진,KOSPI,육상운송,2025,1673,1455,218,0.13,11.61,11.78,10.51,0.892,66105403.79,55234322.16,0.836,,14720,228434027520,15518616,20260908
003920,"NAMYANG DAIRY PRODUCTS CO.,LTD",남양유업,KOSPI,식료품 제조,2025,1649,1288,361,0.219,13.7,14.72,10.08,0.685,69447204.97,45797783.93,0.659,,42950,243674548650,5673447,20260908
003850,Boryung Corporation,보령,KOSPI,의료용 물질·의약품,2025,1645,1123,522,0.317,7.69,8.25,6.5,0.788,77764000,59788000,0.769,,8730,748922317110,85787207,20260908
271560,ORION CORP.,오리온,KOSPI,식료품 제조,2025,1623,1149,474,0.292,10.46,11.62,7.66,0.659,86534377.72,65229957.81,0.754,,121100,4786936226800,39528788,20260908
282720,"KUMYANG GREEN POWER CO., Ltd.",금양그린파워,KOSDAQ,전문직별 공사,2025,1618,1477,141,0.087,1.93,1.94,1.78,0.918,40523358.16,24680851.06,0.609,,7400,89684300000,12119500,20260908
011780,"KUMHO PETRO CHEMICAL CO.,LTD",금호석유화학,KOSPI,화학물질·화학제품,2025,1606,1354,252,0.157,13.1,13.7,9.9,0.723,109000000,74000000,0.679,,123800,3114476835000,25157325,20260908
007340,DN AUTOMOTIVE CORPORATION,DN오토모티브,KOSPI,전기장비,2025,1604,1369,235,0.147,6.68,6.5,7.7,1.185,67294000,53874000,0.801,,43500,2545222627500,58510865,20260908
008560,"MERITZ SECURITIES CO.,LTD",메리츠증권,,금융·보험 관련 서비스,2025,1593,1078,515,0.323,6.54,6.3,7.04,1.117,261070597.4,130743345.63,0.501,,,,,
033240,"JAHWA ELECTRONICS CO.,LTD",자화전자,KOSPI,전자부품·컴퓨터·통신장비,2025,1585,1126,459,0.29,4.42,4.67,3.79,0.812,56739000,43319000,0.763,,28300,611435706600,21605502,20260908
001740,SKNetworksCompanyLimited,SK네트웍스,KOSPI,도매·상품중개,2025,1576,968,608,0.386,12.87,14.32,10.56,0.737,74741893,53413248,0.715,,6420,1287812767380,200593889,20260908
192820,"COSMAX, INC.",코스맥스,KOSPI,화학물질·화학제품,2025,1565,816,749,0.479,6.54,6.42,6.67,1.039,86773000,79745000,0.919,,265000,3007619885000,11349509,20260908
020000,HANDSOME CORPORATION,한섬,KOSPI,의복 제조,2025,1563,474,1089,0.697,8.16,9.5,7.58,0.798,87936000,72450000,0.824,,15530,333537716820,21476994,20260908
031210,Seoul Guarantee Insurance Company,서울보증보험,KOSPI,보험·연금,2025,1547,972,575,0.372,13.95,15.1,12,0.795,133000000,98000000,0.737,,43450,3033748433100,69821598,20260908
285130,"SK Chemicals Co., Ltd.",SK케미칼,KOSPI,화학물질·화학제품,2025,1547,1166,381,0.246,10.61,11.2,8.8,0.786,99000000,70000000,0.707,,53800,930673610800,17298766,20260908
009540,"HD KOREA SHIPBUILDING & OFFSHORE ENGINEERING CO., LTD.",HD한국조선해양,KOSPI,금융업,2025,1543,1243,300,0.194,4.3,4.3,4.3,1,138365000,98695000,0.713,,346500,24522884694000,70773116,20260908
161890,"KOLMAR KOREA CO.,LTD",한국콜마,KOSPI,화학물질·화학제품,2025,1542,770,772,0.501,6,7,5,0.714,82000000,65000000,0.793,,141000,3328315857000,23605077,20260908
101530,"Haitai Confectionery and Foods Co., Ltd.",해태제과식품,KOSPI,식료품 제조,2025,1533,1018,515,0.336,12.69,14,10.1,0.721,61013000,43487000,0.713,,5560,161889530320,29116822,20260908
095720,"WOONGJIN THINKBIG CO., LTD.",웅진씽크빅,KOSPI,교육서비스업,2025,1532,242,1290,0.842,7.31,7.9,7.2,0.911,52000000,41000000,0.788,,1316,74784443860,56827085,20260908
061970,"LB SEMICON, INC.",LB세미콘,KOSDAQ,전자부품·컴퓨터·통신장비,2025,1513,991,522,0.345,4.71,4.81,4.53,0.942,59203000,45813000,0.774,,3930,275426213580,70083006,20260908
030000,Cheil Worldwide Inc,제일기획,KOSPI,전문서비스업,2025,1511,690,821,0.543,10.35,12.2,8.8,0.721,143000000,114000000,0.797,,18930,2177730389250,115041225,20260908
240810,"WONIK IPS CO., LTD.",원익IPS,KOSDAQ,기타 기계·장비,2025,1509,1319,190,0.126,7.59,7.8,6.1,0.782,88827000,63324000,0.713,,115800,5683915735800,49083901,20260908
078340,Com2us Corporation,컴투스,KOSDAQ,출판업,2025,1505,981,524,0.348,5.1,5.33,4.67,0.876,88000000,69000000,0.784,,30750,371807874750,12091313,20260908
016830,Citibank Korea Inc.,한국씨티은행,,금융업,2025,1498,746,752,0.502,19.43,22.67,16.21,0.715,166000000,121000000,0.729,,,,,
034230,"PARADISE.Co.,Ltd.",파라다이스,KOSPI,스포츠·오락,2025,1497,790,707,0.472,10.33,10.84,9.76,0.9,88056005.06,71523263.08,0.812,,10000,926293820000,92629382,20260908
298690,"Air Busan Co., Ltd",에어부산,KOSPI,항공운송,2025,1483,707,776,0.523,7.26,7.56,6.99,0.925,93000000,39000000,0.419,,1600,260663795200,162914872,20260908
005290,"DONGJIN SEMICHEM CO., LTD.",동진쎄미켐,KOSDAQ,화학물질·화학제품,2025,1469,1469,,,8.81,8.81,,,82637119.13,,,not reported,40700,2074484128200,50970126,20260908
003540,"DAISHIN SECURITIES CO.,LTD",대신증권,KOSPI,금융·보험 관련 서비스,2025,1432,802,630,0.44,15.61,15.33,15.96,1.041,141725685.79,115442857.14,0.815,,26650,1270302257900,47666126,20260908
006350,THE JEONBUK BANK LTD,전북은행,,금융업,2025,1432,704,728,0.508,11.25,11.2,11.3,1.009,115000000,92000000,0.8,,,,,
108320,"LX Semicon Co., Ltd.",LX세미콘,KOSPI,전자부품·컴퓨터·통신장비,2025,1417,1146,271,0.191,6.49,6.81,5.16,0.758,104000000,71000000,0.683,,35050,570063715000,16264300,20260908
037440,Heerim Architects & Planners,희림,KOSDAQ,건축기술·엔지니어링,2025,1405,1106,299,0.213,7.35,7.69,6.08,0.791,78811934.9,64364548.49,0.817,,4265,59379355875,13922475,20260908
460850,"DONGKUK COATED METAL Co., Ltd.",동국씨엠,KOSPI,1차 금속,2025,1386,1325,61,0.044,9.71,9.76,8.59,0.88,80000000,60000000,0.75,,5130,153380105280,29898656,20260908
001440,"Taihan Cable & Solution Co., Ltd.",대한전선,KOSPI,전기장비,2025,1382,1287,95,0.069,9.54,9.68,7.6,0.785,74335664.34,59000000,0.794,,28750,5634787135000,195992596,20260908
090460,"BHCo.,Ltd.",비에이치,KOSPI,전자부품·컴퓨터·통신장비,2025,1370,942,428,0.312,5.63,5.42,6.08,1.122,59000000,51000000,0.864,,19670,663105952460,33711538,20260908
007660,"ISUPETASYS CO.,LTD",이수페타시스,KOSPI,전자부품·컴퓨터·통신장비,2025,1368,1274,94,0.069,12.45,12.67,9.42,0.743,99224000,88498000,0.892,,110300,8097036855700,73409219,20260908
195870,"HAESUNG DS Co.,Ltd.",해성디에스,KOSPI,전자부품·컴퓨터·통신장비,2025,1354,1106,248,0.183,6.19,6.5,4.8,0.738,82000000,68000000,0.829,,49700,844900000000,17000000,20260908
067990,DEUTSCH MOTORS INC.,도이치모터스,KOSDAQ,자동차 판매,2025,1351,1188,163,0.121,3.91,4.07,2.72,0.668,50182437.54,34181152.3,0.681,,3765,109868535750,29181550,20260908
003220,"DAEWON PHARMACEUTICAL CO.,LTD",대원제약,KOSPI,의료용 물질·의약품,2025,1349,925,424,0.314,6.72,7,6.1,0.871,88000000,54000000,0.614,,7990,179196388170,22427583,20260908
039130,HANATOUR SERVICE INC.,하나투어,KOSPI,사업시설 관리,2025,1337,628,709,0.53,9.07,9.82,8.4,0.855,61000000,48000000,0.787,,34350,532079164200,15489932,20260908
019210,"YG-1 CO.,LTD",와이지-원,KOSDAQ,금속가공제품,2025,1328,966,362,0.273,7.7,8.25,6.25,0.758,51960000,44475000,0.856,,13620,506578575360,37193728,20260908
089860,"LOTTE rental co., ltd.",롯데렌탈,KOSPI,사업지원 서비스,2025,1326,925,401,0.302,9.38,9.52,9.07,0.953,82740540.54,65314214.46,0.789,,49600,1800945644800,36309388,20260908
028670,"Pan Ocean Co., Ltd.",팬오션,KOSPI,수상운송,2025,1326,1189,137,0.103,9.37,9.18,11.06,1.205,115744322.96,85306569.34,0.737,,6080,3250182632960,534569512,20260908
035510,SHINSEGAE INFORMATION & COMMUNICATION Inc.,신세계I&C,KOSPI,컴퓨터 프로그래밍·SI,2025,1323,930,393,0.297,7.22,7.93,5.54,0.699,81684946.24,70921119.59,0.868,,15300,213907770000,13980900,20260908
007810,"KOREA CIRCUIT CO.,LTD",코리아써키트,KOSPI,전자부품·컴퓨터·통신장비,2025,1306,1155,151,0.116,4.15,4.2,3.8,0.905,58000000,48000000,0.828,,51000,1223113620000,23982620,20260908
086450,"DongKookPharmaceuticalCo.,Ltd.",동국제약,KOSDAQ,의료용 물질·의약품,2025,1306,831,475,0.364,6.15,6.8,5,0.735,76000000,53000000,0.697,,19930,901442270600,45230420,20260908
264900,"CROWN CONFECTIONERY CO.,LTD",크라운제과,KOSPI,식료품 제조,2025,1302,795,507,0.389,10.28,10.4,10.1,0.971,52887000,50441000,0.954,,8060,100942231000,12523850,20260908
008490,"SUHEUNG CO.,LTD.",서흥,KOSPI,화학물질·화학제품,2025,1295,773,522,0.403,6.8,9.1,3.4,0.374,62000000,39000000,0.629,,21000,242951373000,11569113,20260908
004490,"SEBANG GLOBAL BATTERY CO.,LTD",세방전지,KOSPI,전기장비,2025,1284,1213,71,0.055,11.97,12.29,6.58,0.535,118292150.04,76103000,0.643,,62900,871794000000,13860000,20260908
377300,kakaopay Corp.,카카오페이,KOSPI,금융·보험 관련 서비스,2025,1282,715,567,0.442,3.79,4.08,3.42,0.838,106000000,77000000,0.726,,46500,6290179852500,135272685,20260908
002990,"KUMHO Engineering & Construction Co., Ltd.",금호건설,KOSPI,종합 건설,2025,1281,1151,130,0.101,13.36,13.8,9.5,0.688,84952000,55117000,0.649,,15650,583118593100,37259974,20260908
000400,"Lotte Non-Life Insurance Co., Ltd.",롯데손해보험,KOSPI,보험·연금,2025,1270,620,650,0.512,8.28,9.2,7.4,0.804,93980000,59919000,0.638,,2050,636189456000,310336320,20260908
900260,"ROTHWELL INTERNATIONAL CO., LIMITED",로스웰,KOSDAQ,금융업,2025,1266,900,366,0.289,3.81,3.57,4.4,1.232,18009319.62,16563405.45,0.92,,1876,86351728456,46029706,20260908
298020,Hyosung TNC Corporation,효성티앤씨,KOSPI,화학물질·화학제품,2025,1266,993,273,0.216,14.38,15.7,9.6,0.611,83000000,58000000,0.699,,334500,1447609629000,4327682,20260908
011160,"Doosan Engineering & Construction Co.,Ltd.",두산건설,,종합 건설,2025,1264,1086,178,0.141,11.57,12.01,8.89,0.74,94386893.19,62668280.9,0.664,,,,,
024910,KyungchangIndustrial,경창산업,KOSDAQ,자동차·트레일러,2025,1263,1074,189,0.15,9.03,8.38,12.74,1.52,72000000,66000000,0.917,,1560,55877647800,35819005,20260908
053800,"AHNLAB,INC.",안랩,KOSDAQ,출판업,2025,1257,971,286,0.228,7.98,8.46,6.33,0.748,77772000,60572000,0.779,,56700,630872890200,11126506,20260908
145990,Samyang Corporation,삼양사,KOSPI,식료품 제조,2025,1257,952,305,0.243,13.28,13.68,12.02,0.879,91793740.55,68722826.23,0.749,,47850,493498534650,10313449,20260908
045100,"HANYANG ENG CO.,LTD",한양이엔지,KOSDAQ,건축기술·엔지니어링,2025,1256,1111,145,0.115,6.88,7,6,0.857,65000000,53000000,0.815,,30100,526750000000,17500000,20260908
000240,"HANKOOK & COMPANY CO., LTD.",한국앤컴퍼니,KOSPI,금융업,2025,1226,1110,116,0.095,9.97,10.55,4.41,0.418,97243243.24,67267241.38,0.692,,24000,2278445760000,94935240,20260908
126720,"SOOSAN INDUSTRIES CO., LTD.",수산인더스트리,KOSPI,전문직별 공사,2025,1214,1188,26,0.021,8.46,8.52,5.9,0.692,71175919.19,48811153.85,0.686,,22500,321435000000,14286000,20260908
074600,WONIK QnC CORPORATION,원익QnC,KOSDAQ,비금속 광물제품,2025,1212,1106,106,0.087,7.43,7.61,5.5,0.723,,,,not reported,26450,695317600000,26288000,20260908
012860,"MOBASE ELECTRONICS CO.,LTD.",모베이스전자,KOSDAQ,자동차·트레일러,2025,1202,1029,173,0.144,13.2,12.9,15,1.163,67260000,64722000,0.962,,2250,164775278250,73233457,20260908
033640,NEPES Corporation,네패스,KOSDAQ,전자부품·컴퓨터·통신장비,2025,1200,682,518,0.432,5.48,6.99,3.49,0.499,63611000,44579000,0.701,,22100,509608364200,23059202,20260908
014790,HL D&I HALLA CORPORATION,HL D&I,KOSPI,종합 건설,2025,1198,1009,189,0.158,10.14,11.17,4.67,0.418,98075000,47320000,0.482,,2560,96918018560,37858601,20260908
247540,"ECOPRO BM CO.,LTD.",에코프로비엠,KOSDAQ,전기장비,2025,1192,1086,106,0.089,4.7,4.83,3.4,0.704,62063535.91,55000000,0.886,,104800,10252629483200,97830434,20260908
039490,"KIWOOM Securities Co.,Ltd.",키움증권,KOSPI,금융·보험 관련 서비스,2025,1190,603,587,0.493,6.12,5.49,6.77,1.233,181396591.19,102887850.87,0.567,,273000,7160330268000,26228316,20260908
096240,"Creverse, Inc.",크레버스,KOSDAQ,교육서비스업,2025,1183,377,806,0.681,3.41,3.47,3.38,0.974,56435013.26,48083126.55,0.852,,8520,87229293600,10238180,20260908
010280,"ITCENENTEC CO.,LTD.",아이티센엔텍,KOSDAQ,컴퓨터 프로그래밍·SI,2025,1176,947,229,0.195,3.04,3.12,2.73,0.875,69065437.17,53586161.57,0.776,,5250,68379974250,13024757,20260908
036190,"GEUMHWA PSC CO.,LTD.",금화피에스시,KOSDAQ,전문직별 공사,2025,1170,1143,27,0.023,7.91,8,4,0.5,72305823.87,50481401,0.698,,34700,208200000000,6000000,20260908
005960,Dongbu Corporation,동부건설,KOSPI,종합 건설,2025,1168,1062,106,0.091,7.09,7.27,5.32,0.732,85820150.66,53613207.55,0.625,,7790,178754504770,22946663,20260908
005390,"SHINSUNG TONGSANG CO.,LTD",신성통상,,도매·상품중개,2025,1162,452,710,0.611,3.64,4.54,3.07,0.676,58511061.95,49233802.82,0.841,,,,,
016380,"KG DONGBUSTEEL CO., LTD.",KG스틸,KOSPI,1차 금속,2025,1161,1078,83,0.071,15.36,15.5,13.5,0.871,95000000,55000000,0.579,,5650,565050268050,100008897,20260908
067920,IGLOO Corporation,이글루,KOSDAQ,정보서비스업,2025,1157,919,238,0.206,4.69,5,3.5,0.7,51736000,45280000,0.875,,5260,57839585940,10996119,20260908
381970,"K Car Co., Ltd.",케이카,KOSPI,자동차 판매,2025,1135,952,183,0.161,7.82,8.08,6.45,0.798,77422268.91,49863387.98,0.644,,6460,315382678080,48820848,20260908
025540,"KOREA ELECTRIC TERMINAL CO.,LTD",한국단자공업,KOSPI,전기장비,2025,1134,1023,111,0.098,10.91,11.3,7.3,0.646,86925000,64798000,0.745,,55500,561382500000,10115000,20260908
357780,"Soulbrain Co., Ltd.",솔브레인,KOSDAQ,화학물질·화학제품,2025,1133,1029,104,0.092,9.72,10,6.9,0.69,95000000,78000000,0.821,,325500,2531923233000,7778566,20260908
302440,"SK Bioscience Co.,Ltd",SK바이오사이언스,KOSPI,의료용 물질·의약품,2025,1129,644,485,0.43,4.49,5.17,3.58,0.692,76000000,57000000,0.75,,36750,2883278322750,78456553,20260908
066900,"DAP Co., Ltd",디에이피,KOSDAQ,전자부품·컴퓨터·통신장비,2025,1127,897,230,0.204,5.54,5.88,4.22,0.718,55304347.83,49000000,0.886,,1714,38984078142,22744503,20260908
267270,"HD Construction Equipment Co.,Ltd.",HD건설기계,KOSPI,기타 기계·장비,2025,1123,1017,106,0.094,6.17,6.38,4.14,0.649,104337000,69937000,0.67,,138600,6641974924200,47921897,20260908
053690,"HanmiGlobal Co., Ltd.",한미글로벌,KOSPI,건축기술·엔지니어링,2025,1120,979,141,0.126,6.26,6.33,5.75,0.908,89497930,65006240,0.726,,22900,250927895000,10957550,20260908
009410,TAEYOUNG ENGINEERING & CONSTRUCTION,태영건설,KOSPI,종합 건설,2025,1112,998,114,0.103,9.48,10.05,4.51,0.449,90407815.63,56368421.05,0.623,,1700,505903132600,297590078,20260908
001060,JW PHARMACEUTICAL,JW중외제약,KOSPI,의료용 물질·의약품,2025,1106,785,321,0.29,8.8,10.04,5.78,0.576,70000000,50000000,0.714,,27150,632212999500,23285930,20260908
000490,DAEDONG CORPORATION,대동,KOSPI,기타 기계·장비,2025,1106,1043,63,0.057,10.91,11,9.4,0.855,84687000,69021000,0.815,,8000,230614920000,28826865,20260908
249420,"IL DONG PHARMACEUTICAL CO., LTD.",일동제약,KOSPI,의료용 물질·의약품,2025,1104,739,365,0.331,11.02,10,13.1,1.31,83000000,73000000,0.88,,15940,504313736880,31638252,20260908
103590,"ILJIN ELECTRIC CO.,LTD",일진전기,KOSPI,전기장비,2025,1091,1025,66,0.06,8.36,8.7,3.15,0.362,60384390.24,40863636.36,0.677,,68000,3242606520000,47685390,20260908
003410,"SSANGYONGC&E.CO.,LTD.",쌍용씨앤이,,비금속 광물제품,2025,1091,1048,43,0.039,16.91,17,14.6,0.859,103000000,68000000,0.66,,,,,
002900,TYM CORPORATION,TYM,KOSPI,기타 기계·장비,2025,1089,983,106,0.097,11.3,11.61,8.42,0.725,78404883.01,61566037.74,0.785,,7010,290214000000,41400000,20260908
000540,"Heungkuk Fire & Marine Insurance Co., Ltd.",흥국화재,KOSPI,보험·연금,2025,1088,542,546,0.502,9.2,9.9,8.5,0.859,107455000,74148000,0.69,,3700,237697786500,64242645,20260908
243070,"HUONS CO., LTD.",휴온스,KOSDAQ,의료용 물질·의약품,2025,1087,661,426,0.392,4.38,4.66,3.94,0.845,63751000,49196000,0.772,,21100,252770931500,11979665,20260908
031430,SHINSEGAE INTERNATIONAL Inc.,신세계인터내셔날,KOSPI,소매업,2025,1084,250,834,0.769,7.45,9.6,6.8,0.708,93000000,63000000,0.677,,10440,365253840000,34986000,20260908
032350,"LOTTE TOUR DEVELOPMENT CO.,LTD",롯데관광개발,KOSPI,사업시설 관리,2025,1081,519,562,0.52,3.84,4.2,3.5,0.833,53000000,42000000,0.792,,12400,988595679200,79725458,20260908
200880,"SEOYON E-HWA CO.,LTD.",서연이화,KOSPI,자동차·트레일러,2025,1068,931,137,0.128,15.26,13.8,25.2,1.826,115000000,115000000,1,,11250,304069916250,27028437,20260908
067250,"K Shipbuilding Co., Ltd.",케이조선,,기타 운송장비,2025,1063,1017,46,0.043,15.51,16,4.58,0.286,94000000,59000000,0.628,,,,,
489790,"Hanwha Vision CO.,LTD",한화비전,KOSPI,전자부품·컴퓨터·통신장비,2025,1060,852,208,0.196,11.72,12.6,8.1,0.643,129000000,96000000,0.744,,48050,2425967139500,50488390,20260908
100220,VISANG EDUCATION INC,비상교육,KOSPI,출판업,2025,1056,302,754,0.714,7.59,8.32,7.3,0.877,59165158.94,46962481.43,0.794,,4900,63684030900,12996741,20260908
042600,"SERONICS. CO., LTD.",새로닉스,KOSDAQ,전자부품·컴퓨터·통신장비,2025,1054,659,395,0.375,7.25,6.58,8.36,1.271,48070312.5,64285714.29,1.337,,11650,144734637100,12423574,20260908
021320,"KCC ENGINEERING & CONSTRUCTION CO., LTD.",KCC건설,KOSDAQ,종합 건설,2025,1046,953,93,0.089,10.9,11.36,6.15,0.541,94439758.18,64276913.41,0.681,,5930,126902000000,21400000,20260908
057050,HYUNDAI HOME SHOPPING NETWORK CORPORATION,현대홈쇼핑,,소매업,2025,1036,460,576,0.556,8.77,11.26,6.78,0.602,95702173.91,61843750,0.646,,,,,
003530,"HANWHA INVESTMENT&SECURITIES CO.,LTD",한화투자증권,KOSPI,금융·보험 관련 서비스,2025,1027,594,433,0.422,13.52,13.27,13.87,1.045,126417508.42,90154734.41,0.713,,4870,1044847664250,214547775,20260908
009290,"KWANGDONG PHARMACEUTICAL CO.,LTD",광동제약,KOSPI,의료용 물질·의약품,2025,1022,798,224,0.219,10.85,11.4,8.9,0.781,81000000,69000000,0.852,,6320,314734786560,49799808,20260908
271980,"JEIL PHARMACEUTICAL CO.,LTD",제일약품,KOSPI,의료용 물질·의약품,2025,1011,729,282,0.279,7.86,8.5,6.2,0.729,67855741,53161216,0.783,,10370,152489522640,14704872,20260908
010690,"HWASHIN CO.,LTD",화신,KOSPI,자동차·트레일러,2025,1010,963,47,0.047,14.48,14.67,10.51,0.716,93000000,70000000,0.753,,7670,267839544700,34920410,20260908
068760,Celltrion Pharm Inc.,셀트리온제약,KOSDAQ,의료용 물질·의약품,2025,1006,711,295,0.293,6.28,6.5,5.76,0.886,83507735.58,62006779.66,0.743,,40000,1776093280000,44402332,20260908
214320,INNOCEAN WORLDWIDE INC.,이노션,KOSPI,전문서비스업,2025,1001,489,512,0.511,5.63,6.5,4.8,0.738,118000000,85000000,0.72,,18650,746000000000,40000000,20260908
009520,"POSCO M-TECH CO.,LTD.",포스코엠텍,KOSDAQ,1차 금속,2025,999,968,31,0.031,16.8,17,10.5,0.618,82000000,60000000,0.732,,12500,520533787500,41642703,20260908
298050,HS HYOSUNG ADVANCED MATERIALS,HS효성첨단소재,KOSPI,화학물질·화학제품,2025,998,888,110,0.11,12.88,13.3,9.5,0.714,79000000,62000000,0.785,,170800,765175118400,4479948,20260908
284740,"CUCKOO HOMESYS CO.,LTD",쿠쿠홈시스,KOSPI,사업지원 서비스,2025,987,402,585,0.593,2.85,3.21,2.6,0.81,65000000,56000000,0.862,,23550,528399121500,22437330,20260908
131290,"TSE CO.,Ltd",티에스이,KOSDAQ,의료·정밀·광학기기,2025,985,727,258,0.262,5.06,5.59,3.58,0.64,50313617.61,37930232.56,0.754,,256000,2831725824000,11061429,20260908
042000,Cafe24 Corp.,카페24,KOSDAQ,정보서비스업,2025,982,521,461,0.469,9.04,9.58,8.42,0.879,87870000,64302000,0.732,,15920,384916450480,24178169,20260908
300720,"HANILCEMENTCO.,LTD.",한일시멘트,KOSPI,비금속 광물제품,2025,980,931,49,0.05,16.41,16.8,9.1,0.542,86155000,54268000,0.63,,16660,1225263181940,73545209,20260908
012030,DB Inc.,DB,KOSPI,컴퓨터 프로그래밍·SI,2025,975,709,266,0.273,7.56,8.03,6.32,0.787,96704988.72,75355071.43,0.779,,1563,314434857279,201173933,20260908
030610,"KYOBO SECURITIES CO.,LTD.",교보증권,KOSPI,금융·보험 관련 서비스,2025,972,593,379,0.39,13.95,13.27,15.02,1.132,180002170.32,108504316.62,0.603,,10400,1185214794400,113962961,20260908
099190,"i-SENS, Inc.",아이센스,KOSDAQ,의료·정밀·광학기기,2025,957,579,378,0.395,6.4,6.64,6.04,0.91,60000000,49000000,0.817,,16800,483122791200,28757309,20260908
011280,"Tailim Packaging Co., Ltd",태림포장,KOSPI,펄프·종이 제조,2025,954,914,40,0.042,9.87,9.83,10.67,1.085,65000000,59000000,0.908,,1573,111377743620,70805940,20260908
002390,HANDOK Inc.,한독,KOSPI,의료용 물질·의약품,2025,951,535,416,0.437,11.61,13.56,9.11,0.672,84764000,69392000,0.819,,9420,129652480860,13763533,20260908
004000,"LOTTE Fine Chemical Co., Ltd.",롯데정밀화학,KOSPI,화학물질·화학제품,2025,943,804,139,0.147,16.8,18.1,9.3,0.514,128000000,72000000,0.563,,45250,1167450000000,25800000,20260908
018250,"Aekyung Industrial Co., Ltd.",애경산업,KOSPI,화학물질·화학제품,2025,943,556,387,0.41,9.64,12,6.26,0.522,73007194.24,59000000,0.808,,11620,306883444700,26409935,20260908
050540,MPC plus Inc.,엠피씨플러스,,사업시설 관리,2025,937,217,720,0.768,3.6,3.28,3.69,1.125,35400000,31459000,0.889,,,,,
037560,LG HelloVision Corp.,LG헬로비전,KOSPI,방송업,2025,933,679,254,0.272,14.83,16,11.7,0.731,90000000,71000000,0.789,,1644,127322646060,77446865,20260908
077970,"STX Engine Co,.Ltd",STX엔진,KOSPI,기타 기계·장비,2025,926,861,65,0.07,16.12,16.61,9.66,0.582,86850174.22,67169230.77,0.773,,23450,941472077350,40148063,20260908
016880,"WOONGJIN CO., LTD.",웅진,KOSPI,금융업,2025,924,363,561,0.607,7.8,8.07,7.62,0.944,74314049.59,39333333.33,0.529,,1916,153140285280,79927080,20260908
900290,Great Rich Technologies Limited,GRT,KOSDAQ,금융업,2025,919,684,235,0.256,4.18,4.25,3.98,0.936,140318141.81,133948340.43,0.955,,3925,327778885200,83510544,20260908
093050,LF Corp.,LF,KOSPI,의복 제조,2025,910,317,593,0.652,5.96,7.2,5.3,0.736,102000000,75000000,0.735,,22150,647666000000,29240000,20260908
082640,"TONGYANG LIFE INSURANCE CO.,LTD.",동양생명보험,,보험·연금,2025,906,413,493,0.544,15.11,12.35,17.42,1.411,123053268.77,94036511.16,0.764,,,,,
181710,NHN Corporation,NHN,KOSPI,출판업,2025,904,503,401,0.444,3.66,3.58,3.75,1.047,98159000,77845000,0.793,,59900,1961913026100,32753139,20260908
033270,KOREA UNITED PHARM INC,유나이티드,KOSPI,의료용 물질·의약품,2025,902,627,275,0.305,7.34,7.4,7.2,0.973,74000000,51000000,0.689,,18270,290689859250,15910775,20260908
067280,Multicampus Corporation,멀티캠퍼스,KOSDAQ,교육서비스업,2025,902,296,606,0.672,8.53,8.6,8.5,0.988,94000000,72000000,0.766,,23700,140464662300,5926779,20260908
000390,"SP SAMHWA CO., LTD.",SP삼화,KOSPI,화학물질·화학제품,2025,899,813,86,0.096,12.77,12.9,11.5,0.891,72000000,62000000,0.861,,6560,178454756640,27203469,20260908
095660,NEOWIZ,네오위즈,KOSDAQ,출판업,2025,899,613,286,0.318,4.65,4.78,4.38,0.916,97000000,69000000,0.711,,17620,381234407580,21636459,20260908
352820,"HYBE Co., Ltd.",하이브,KOSPI,영상·오디오 제작,2025,893,283,610,0.683,2.96,3.3,2.8,0.848,122000000,80000000,0.656,,181400,7819580050400,43106836,20260908
001500,"HYUNDAI MOTOR SECURITIES CO.,LTD.",현대차증권,KOSPI,금융·보험 관련 서비스,2025,888,600,288,0.324,9.37,9.61,8.88,0.924,139243333.33,78246527.78,0.562,,8010,495282682440,61833044,20260908
298000,Hyosung Chemical Corporation,효성화학,KOSPI,화학물질·화학제품,2025,884,778,106,0.12,14.19,14.8,9.7,0.655,96000000,67000000,0.698,,58000,219925038000,3791811,20260908
004690,"SAMCHULLY CO.,LTD",삼천리,KOSPI,전기·가스·증기,2025,881,786,95,0.108,16.83,17.03,15.13,0.888,107620865.14,90410526.32,0.84,,132500,480547952500,3626777,20260908
024900,"DY DEOKYANG Co.,Ltd.",디와이덕양,KOSPI,자동차·트레일러,2025,879,863,16,0.018,16.7,16.9,5.8,0.343,89000000,76000000,0.854,,1680,54709166400,32564980,20260908
143210,HANDS CORPORATION LTD.,핸즈코퍼레이션,KOSPI,자동차·트레일러,2025,879,755,124,0.141,13.08,13.43,10.94,0.815,65447682.12,56193548.39,0.859,,1199,33571739817,27999783,20260908
145720,DENTIUM,덴티움,KOSPI,의료·정밀·광학기기,2025,876,661,215,0.245,4.07,4.17,3.75,0.899,60000000,47000000,0.783,,37200,320808745200,8623891,20260908
393890,"W-SCOPE CHUNGJU PLANT Co., Ltd.",더블유씨피,KOSDAQ,전기장비,2025,874,765,109,0.125,3.36,3.4,3.1,0.912,54000000,43000000,0.796,,9300,314741239200,33843144,20260908
082740,"Hanwha Engine Co., Ltd.",한화엔진,KOSPI,기타 기계·장비,2025,874,818,56,0.064,13.98,14.6,4.9,0.336,103000000,59000000,0.573,,45650,3809362032300,83447142,20260908
007690,"KUKDO CHEMICAL CO.,LTD",국도화학,KOSPI,화학물질·화학제품,2025,873,774,99,0.113,9.46,9.89,6.1,0.617,81738695.09,62526000,0.765,,37550,347744241600,9260832,20260908
183300,KoMiCo Ltd.,코미코,KOSDAQ,기타 기계·장비,2025,868,778,90,0.104,5,5.1,4.1,0.804,63000000,57000000,0.905,,27650,1420194553750,51363275,20260908
006650,"KOREA PETRO CHEMICAL IND CO.,LTD",대한유화,KOSPI,화학물질·화학제품,2025,866,840,26,0.03,13.19,13.26,11.08,0.836,97000000,62000000,0.639,,97100,631150000000,6500000,20260908
036200,"UNION SEMICONDUCTOR EQUIPMENT CO.,LTD;",유니셈,KOSDAQ,기타 기계·장비,2025,859,798,61,0.071,4.66,4.59,5.54,1.207,48013000,38335000,0.798,,8860,271685015780,30664223,20260908
004960,"HANSHIN CONSTRUCTION CO.,LTD",한신공영,KOSPI,종합 건설,2025,858,778,80,0.093,11.76,11.86,10.75,0.906,90000000,47000000,0.522,,12290,142203927580,11570702,20260908
036810,FINE SEMITECH Corp.,에프에스티,KOSDAQ,전자부품·컴퓨터·통신장비,2025,855,552,303,0.354,5.21,5.1,5.4,1.059,58000000,49000000,0.845,,25050,542327214450,21649789,20260908
019180,THN CORPORATION,티에이치엔,KOSPI,전기장비,2025,847,724,123,0.145,8.38,8.85,5.6,0.633,74000000,56000000,0.757,,5120,92160000000,18000000,20260908
017960,"HANKUK CARBON CO.,LTD",한국카본,KOSPI,금속가공제품,2025,843,734,109,0.129,9.4,9.56,8.31,0.869,56942779.29,49798165.14,0.875,,22500,1162720935000,51676486,20260908
001510,"SK SECURITIES CO.,LTD",SK증권,KOSPI,금융·보험 관련 서비스,2025,838,499,339,0.405,12.74,11.87,14.03,1.182,131474949.9,85755162.24,0.652,,2460,568985909100,231295085,20260908
000020,"DONGWHA PHARM.CO.,LTD",동화약품,KOSPI,의료용 물질·의약품,2025,838,613,225,0.268,12.73,13,12,0.923,74000000,64000000,0.865,,5220,145802273400,27931470,20260908
004140,"DONGBANG TRANSPORT & LOGISTICS CO.,LTD",동방,KOSPI,창고·운송 관련,2025,834,775,59,0.071,12.62,12.55,13.5,1.076,77068387.1,58000000,0.753,,1806,86637009396,47971766,20260908
006090,OYANG CORPORATION,사조오양,KOSPI,식료품 제조,2025,834,404,430,0.516,5.75,5.6,5.9,1.054,49000000,46000000,0.939,,8860,83485467540,9422739,20260908
090080,"PYUNG HWA INDUSTRIAL CO., LTD",평화산업,KOSPI,자동차·트레일러,2025,833,793,40,0.048,16.53,13.46,77.31,5.744,60660781.84,51975000,0.857,,985,54078725115,54902259,20260908
034120,SEOUL BROADCASTING SYSTEM,SBS,KOSPI,방송업,2025,832,556,276,0.332,16.64,17.3,15.3,0.884,124000000,105000000,0.847,,12110,224655492180,18551238,20260908
248170,SEMPIO FOODS COMPANY,샘표식품,KOSPI,식료품 제조,2025,830,423,407,0.49,7.01,8.66,5.29,0.611,58413000,46687000,0.799,,22900,104613749400,4568286,20260908
003960,SAJODAERIM CORPORATION,사조대림,KOSPI,식료품 제조,2025,828,558,270,0.326,10.78,10,12.4,1.24,56000000,49000000,0.875,,29200,267602436400,9164467,20260908
009270,SHINWON CORPORATION,신원,KOSPI,의복 제조,2025,825,336,489,0.593,4.35,5.3,3.69,0.696,73631199.4,53775932.52,0.73,,1107,127050825051,114770393,20260908
049720,"Korea Credit Information CO., LTD.",고려신용정보,KOSDAQ,사업시설 관리,2025,824,268,556,0.675,3.48,3.44,3.5,1.017,60359567.16,36725575.54,0.608,,9070,129701000000,14300000,20260908
096530,"SEEGENE, INC.",씨젠,KOSDAQ,의료용 물질·의약품,2025,822,467,355,0.432,6.01,5.92,6.13,1.035,108854389.72,76797183.1,0.706,,31450,1642507511300,52225994,20260908
139990,"AJUSTEEL CO.,LTD.",아주스틸,KOSPI,1차 금속,2025,821,753,68,0.083,5.21,5.3,4.2,0.792,49000000,44000000,0.898,,2175,84293025450,38755414,20260908
005500,"SAMJIN PHARMACEUTICAL CO.,LTD",삼진제약,KOSPI,의료용 물질·의약품,2025,819,568,251,0.306,12.24,12.7,11.2,0.882,91000000,60000000,0.659,,18710,249217200000,13320000,20260908
002240,"KISWIRE CO.,LTD",고려제강,KOSPI,1차 금속,2025,816,751,65,0.08,11.12,11.34,8.63,0.761,71000000,50000000,0.704,,17090,461430000000,27000000,20260908
067160,"SOOP CO., LTD.",SOOP,KOSDAQ,출판업,2025,813,566,247,0.304,5.46,5.58,5.17,0.927,84000000,66000000,0.786,,38150,438525361050,11494767,20260908
144510,GC CELL CORPORATION,지씨셀,KOSDAQ,기타 과학기술 서비스,2025,806,521,285,0.354,5.19,5.3,5,0.943,50000000,47000000,0.94,,14390,227366950160,15800344,20260908
016250,"SGC E&C Co., Ltd.",SGC E&C,KOSDAQ,종합 건설,2025,806,708,98,0.122,7.78,8.03,5.97,0.743,75330858.76,54578367.35,0.725,,11970,60292722420,5036986,20260908
306200,SeAH Steel Corporation,세아제강,KOSPI,1차 금속,2025,805,747,58,0.072,14.35,15,6,0.4,93000000,49000000,0.527,,147300,417786990000,2836300,20260908
103160,"Pulmuone Foods Co., Ltd.",풀무원식품,,도매·상품중개,2025,801,470,331,0.413,5.56,6.3,4.5,0.714,66837000,50082000,0.749,,,,,
251270,Netmarble Corporation,넷마블,KOSPI,출판업,2025,795,508,287,0.361,5.91,5.8,6.1,1.052,95000000,74000000,0.779,,35350,2939650323750,83158425,20260908
085620,"MIRAE ASSET Life Insurance CO., Ltd.",미래에셋생명,KOSPI,보험·연금,2025,793,368,425,0.536,17.53,15.6,19.2,1.231,126000000,95000000,0.754,,19860,2684674800000,135180000,20260908
019170,"SHINPOONG PHARMACEUTICAL CO.,LTD",신풍제약,KOSPI,의료용 물질·의약품,2025,792,526,266,0.336,12,12.4,11.2,0.903,91423000,48893000,0.535,,9940,521040108680,52418522,20260908
053030,"Binex Co., Ltd.",바이넥스,KOSDAQ,의료용 물질·의약품,2025,791,449,342,0.432,4.85,5.12,4.5,0.879,55380846.33,41500000,0.749,,6760,220945110880,32684188,20260908
131970,DOOSAN TESNA Inc.,두산테스나,KOSDAQ,기타 과학기술 서비스,2025,786,496,290,0.369,4.74,4.59,5,1.089,62870967.74,48020689.66,0.764,,81000,1565506278000,19327238,20260908
004360,"SEBANG CO., LTD",세방,KOSPI,육상운송,2025,784,710,74,0.094,12.86,12.92,12.33,0.954,83728061,69054186,0.825,,13470,257487172410,19115603,20260908
016610,"DB Securities Co.,Ltd",DB증권,KOSPI,금융·보험 관련 서비스,2025,782,515,267,0.341,10.76,10.47,11.31,1.08,158221359.22,90303370.79,0.571,,10000,424463890000,42446389,20260908
281820,"KCTECH CO., LTD",케이씨텍,KOSPI,의료·정밀·광학기기,2025,782,680,102,0.13,5.23,5.3,4.79,0.904,70683363.24,57176558.82,0.809,,67300,1332449885300,19798661,20260908
000670,YOUNGPOONG CORPORATION,영풍,KOSPI,1차 금속,2025,781,727,54,0.069,9.68,10.17,3.08,0.303,65410000,43394000,0.663,,39250,722619307750,18410683,20260908
237690,"ST PHARM CO., LTD.",에스티팜,KOSDAQ,의료용 물질·의약품,2025,780,559,221,0.283,6.32,7,4.6,0.657,75000000,50000000,0.667,,91900,1918563032200,20876638,20260908
090350,"NOROO PAINT & COATINGS Co.,LTD",노루페인트,KOSPI,화학물질·화학제품,2025,780,685,95,0.122,12.58,12.83,10.75,0.838,85423000,67587000,0.791,,8050,161000000000,20000000,20260908
002840,"MIWON COMMERCIAL CO.,LTD",미원상사,KOSPI,화학물질·화학제품,2025,776,669,107,0.138,7.62,7.74,6.85,0.885,69693307.92,62719121.5,0.9,,130400,586800000000,4500000,20260908
067310,HanaMicronInc.,하나마이크론,KOSDAQ,전자부품·컴퓨터·통신장비,2025,771,453,318,0.412,7.78,8.4,6.9,0.821,65000000,60000000,0.923,,35650,2370399479850,66490869,20260908
030190,"NICE Information Service Co., Ltd.",NICE평가정보,KOSPI,정보서비스업,2025,770,467,303,0.394,7.27,8.41,5.52,0.656,113000000,62000000,0.549,,16090,937544042690,58268741,20260908
079430,HYUNDAI LIVART FURNITURE COMPANY LIMITED,현대리바트,KOSPI,가구 제조,2025,769,521,248,0.322,9.78,10.77,7.69,0.714,78000000,48000000,0.615,,5940,119478359880,20114202,20260908
027970,"Hankuk Paper MFG. CO., LTD",한국제지,KOSPI,펄프·종이 제조,2025,768,704,64,0.083,16.16,16.7,10.2,0.611,86000000,60000000,0.698,,2735,104012443840,38030144,20260908
041510,"SM ENTERTAINMENT CO., Ltd.",에스엠,KOSDAQ,영상·오디오 제작,2025,765,216,549,0.718,4.1,5.42,3.58,0.661,89337000,62570000,0.7,,82700,1893390863000,22894690,20260908
035000,HS Ad Inc.,HS애드,KOSPI,전문서비스업,2025,763,367,396,0.519,7.34,9.5,5.33,0.561,105000000,75000000,0.714,,6260,101459851440,16207644,20260908
452260,HANWHA GALLERIA CORPORATION,한화갤러리아,KOSPI,소매업,2025,761,416,345,0.453,17.8,18.3,17.2,0.94,77000000,50000000,0.649,,2350,455570083500,193859610,20260908
023590,DAOU TECHNOLOGY INC,다우기술,KOSPI,정보서비스업,2025,757,504,253,0.334,7.18,7.69,6.16,0.801,97523809.52,74723320.16,0.766,,38550,1668725877600,43287312,20260908
083450,"GlobalStandardTechnologyCo.,Ltd.",GST,KOSDAQ,기타 기계·장비,2025,757,677,80,0.106,6.02,6.1,5.36,0.879,63000000,54000000,0.857,,42750,787882500000,18430000,20260908
005720,NEXEN CORPORATION,넥센,KOSPI,고무·플라스틱,2025,756,670,86,0.114,10.01,10.32,7.56,0.733,60370149.25,44116279.07,0.731,,5760,302653307520,52543977,20260908
013870,GMB Korea Corp.,지엠비코리아,KOSPI,자동차·트레일러,2025,754,690,64,0.085,16.08,16.5,11.5,0.697,86669000,62449000,0.721,,3850,73428278000,19072280,20260908
086900,Medy-Tox Inc.,메디톡스,KOSDAQ,의료용 물질·의약품,2025,753,401,352,0.467,5.35,5.44,5.24,0.963,73027336.66,54624795.45,0.748,,69200,505055992400,7298497,20260908
114810,"Hansol IONES Co., Ltd.",한솔아이원스,KOSDAQ,기타 기계·장비,2025,745,642,103,0.138,4.47,4.4,4.9,1.114,66000000,56000000,0.848,,13060,367549852440,28143174,20260908
001200,"EUGENE INVESTMENT & SECURITIES CO., LTD",유진증권,KOSPI,금융·보험 관련 서비스,2025,741,471,270,0.364,9.55,9.07,10.4,1.147,145335456.48,89085185.19,0.613,,4315,417978593670,96866418,20260908
042700,"HANMI Semiconductor CO., LTD.",한미반도체,KOSPI,기타 기계·장비,2025,737,689,48,0.065,9.73,10,5.83,0.583,67468000,34311000,0.509,,244500,23303832900000,95312200,20260908
023910,DaehanPharmaceutical,대한약품,KOSDAQ,의료용 물질·의약품,2025,737,376,361,0.49,10.86,11,10.71,0.974,69283000,54217000,0.783,,26650,159900000000,6000000,20260908
119610,INTEROJO CO. LTD.,인터로조,KOSDAQ,의료·정밀·광학기기,2025,735,388,347,0.472,4.42,3.84,5.07,1.32,44000000,39000000,0.886,,14300,163216582100,11413747,20260908
056190,SFA Engineering Corporation,SFA,KOSDAQ,기타 기계·장비,2025,735,674,61,0.083,9.84,10.4,3.6,0.346,91250000,22440000,0.246,,23900,858219364000,35908760,20260908
263750,PearlAbyss Corp.,펄어비스,KOSDAQ,출판업,2025,733,521,212,0.289,4.54,4.72,4.09,0.867,111046639.16,85323410.38,0.768,,35250,2215247827500,62843910,20260908
040300,YTN,YTN,KOSDAQ,영상·오디오 제작,2025,733,509,224,0.306,14.85,16.33,11.5,0.704,82000000,62000000,0.756,,1993,95020221140,47676980,20260908
005750,"DAELIM BATH CO.,LTD.",대림바스,KOSPI,비금속 광물제품,2025,729,542,187,0.257,9.11,10.6,4.79,0.452,68755411.44,43448513.37,0.632,,4620,76656148800,16592240,20260908
272290,"INNOX Advanced Materials Co., Ltd.",이녹스첨단소재,KOSDAQ,전자부품·컴퓨터·통신장비,2025,727,650,77,0.106,5.35,5.56,3.61,0.649,80000000,61000000,0.763,,20000,398750180000,19937509,20260908
094820,"ILJIN POWER CO., LTD.",일진파워,KOSDAQ,전문직별 공사,2025,723,680,43,0.059,8.05,8.36,3.07,0.367,61149114.31,25020963.93,0.409,,12220,184261823980,15078709,20260908
009580,"Moorim P&P CO.,LTD",무림P&P,KOSPI,펄프·종이 제조,2025,722,664,58,0.08,16.54,17.37,7.06,0.406,90831325.3,52879310.34,0.582,,1585,98853793540,62368324,20260908
003240,"TAEKWANG INDUSTRIAL CO.,LTD",태광산업,KOSPI,화학물질·화학제품,2025,721,721,,,13.5,13.5,,,93000000,,,not reported,909000,1012080600000,1113400,20260908
166090,Hana Materials Inc.,하나머티리얼즈,KOSDAQ,전자부품·컴퓨터·통신장비,2025,717,634,83,0.116,5.93,5.8,6.9,1.19,79000000,60000000,0.759,,51400,1016572443600,19777674,20260908
014680,"Hansol Chemical Co., Ltd",한솔케미칼,KOSPI,화학물질·화학제품,2025,716,609,107,0.149,9.06,9.7,5.4,0.557,126000000,93000000,0.738,,198000,2137219128000,10794036,20260908
161000,"AEKYUNG CHEMICAL CO., LTD",애경케미칼,KOSPI,화학물질·화학제품,2025,716,607,109,0.152,7.84,8.34,5.08,0.609,71619535.42,52911614.68,0.739,,10390,505460086510,48648709,20260908
475560,"The BORN Korea Co., Ltd.",더본코리아,KOSPI,도매·상품중개,2025,715,413,302,0.422,4.39,4.93,3.65,0.74,56231155.36,39458495.55,0.702,,15680,232502569600,14827970,20260908
006040,"DONGWON INDUSTRIES CO.,LTD",동원산업,KOSPI,금융업,2025,712,550,162,0.228,5.32,4.97,6.52,1.312,111000000,50000000,0.45,,37650,1661901835350,44140819,20260908
079980,HUVIS CORPORATION,휴비스,KOSPI,화학물질·화학제품,2025,709,621,88,0.124,15.1,14.6,18.6,1.274,82000000,69000000,0.841,,1940,66930000000,34500000,20260908
336260,"Doosan Fuel Cell Co., Ltd.",두산퓨얼셀,KOSPI,전기장비,2025,709,650,59,0.083,3.11,3.08,3.5,1.136,79000000,74000000,0.937,,49250,3225566005500,65493726,20260908
017900,AUK CORP,광전자,KOSPI,전자부품·컴퓨터·통신장비,2025,708,413,295,0.417,11.93,14.3,8.6,0.601,48488000,37685000,0.777,,8180,473979981340,57943763,20260908
293480,"Hana Pharm. Co., Ltd.",하나제약,KOSPI,의료용 물질·의약품,2025,706,540,166,0.235,6.27,6.73,4.77,0.709,55955555.56,43542168.67,0.778,,8430,149825934780,17772946,20260908
025980,Ananti Inc.,아난티,KOSDAQ,숙박업,2025,700,390,310,0.443,3.14,3.45,2.76,0.8,53002976.92,41492396.77,0.783,,5130,499154078700,97300990,20260908
012200,"KEYANG ELECTRIC MACHINERY CO.,LTD",계양전기,KOSPI,기타 기계·장비,2025,697,621,76,0.109,13.49,13.64,12.23,0.897,83608695.65,76947368.42,0.92,,3600,98002184400,27222829,20260908
092200,DAE-IL Corporation,디아이씨,KOSPI,자동차·트레일러,2025,695,672,23,0.033,15.28,15.45,10.43,0.675,76212248.51,54030652.17,0.709,,5610,218164872090,38888569,20260908
378850,"HWASEUNG R&A CO., LTD.",화승알앤에이,KOSPI,자동차·트레일러,2025,689,638,51,0.074,10.03,10.39,5.47,0.526,64566000,51285000,0.794,,2940,55841251620,18993623,20260908
083650,"BHI Co., LTD.",비에이치아이,KOSDAQ,기타 기계·장비,2025,688,597,91,0.132,5.92,6.2,4.1,0.661,87000000,50000000,0.575,,65800,2036139875000,30944375,20260908
013310,"A-JIN INDUSTRY CO.,LTD",아진산업,KOSDAQ,자동차·트레일러,2025,685,655,30,0.044,8.5,8.45,9.65,1.142,96860601.53,80137166.67,0.827,,2350,91195467700,38806582,20260908
058470,LEENO Industrial Inc,리노공업,KOSDAQ,전자부품·컴퓨터·통신장비,2025,677,301,376,0.555,9.34,9.67,9.08,0.939,147425969,92668777,0.629,,68900,5250996465000,76211850,20260908
016740,DUAL,두올,KOSPI,자동차·트레일러,2025,672,328,344,0.512,6.39,5.54,7.2,1.3,50225609.76,49656976.74,0.989,,3680,105520408320,28674024,20260908
016580,"WHANIN PHARM CO.,LTD",환인제약,KOSPI,의료용 물질·의약품,2025,671,424,247,0.368,6.25,7.42,4.25,0.573,86000000,57000000,0.663,,10250,190650717500,18600070,20260908
025950,DongshinEngineering&Construction,동신건설,KOSDAQ,종합 건설,2025,668,627,41,0.061,17.63,18,12,0.667,33370000,32381000,0.97,,10370,87108000000,8400000,20260908
352480,"C&C International Co.,Ltd.",씨앤씨인터내셔널,KOSDAQ,화학물질·화학제품,2025,666,266,400,0.601,2.77,2.92,2.67,0.914,49000000,39000000,0.796,,20900,284864930900,13629901,20260908
251970,"PUM-TECH KOREA CO., LTD.",펌텍코리아,KOSDAQ,고무·플라스틱,2025,665,216,449,0.675,4.9,4,5.33,1.333,48702000,40691000,0.836,,51900,643560000000,12400000,20260908
007570,"ILYANG PHARMACEUTICAL CO.,LTD",일양약품,KOSPI,의료용 물질·의약품,2025,665,528,137,0.206,9.69,10.6,6.2,0.585,94000000,47000000,0.5,,8240,157265871360,19085664,20260908
001720,"SHINYOUNG SECURITIES CO.,LTD",신영증권,KOSPI,금융·보험 관련 서비스,2025,663,377,286,0.431,8.52,8.48,8.57,1.011,151047745.36,84090909.09,0.557,,147300,2421612000000,16440000,20260908
000430,"DAEWONKANGUP CO.,LTD",대원강업,KOSPI,자동차·트레일러,2025,663,638,25,0.038,17.38,17.6,11.8,0.67,95000000,62000000,0.653,,4560,282720000000,62000000,20260908
018670,SK GAS LTD,SK가스,KOSPI,도매·상품중개,2025,662,497,165,0.249,7.73,8.4,5.7,0.679,136000000,83000000,0.61,,243000,2252426292000,9269244,20260908
001820,"SAMWHA CAPACITOR CO.,LTD",삼화콘덴서공업,KOSPI,전자부품·컴퓨터·통신장비,2025,658,521,137,0.208,7.51,7.7,6.8,0.883,64077000,58604000,0.915,,111700,1161121500000,10395000,20260908
278470,"APR Co., Ltd.",에이피알,KOSPI,화학물질·화학제품,2025,657,205,452,0.688,2.2,2.2,2.2,1,156000000,68000000,0.436,,377000,14114184435000,37438155,20260908
137310,SD BIOSENSOR INC.,에스디바이오센서,KOSPI,의료·정밀·광학기기,2025,656,364,292,0.445,4.01,4.29,3.65,0.851,76789222.53,55099688.36,0.718,,6140,741399486280,120749102,20260908
008730,"YOULCHON CHEMICAL CO.,LTD",율촌화학,KOSPI,고무·플라스틱,2025,654,605,49,0.075,18.71,19.54,8.42,0.431,78643371.82,47017981.41,0.598,,15480,383904000000,24800000,20260908
003000,"BUKWANG PHARMACEUTICAL IND CO.,LTD",부광약품,KOSPI,의료용 물질·의약품,2025,650,432,218,0.335,10.32,12.4,6.2,0.5,71136138,45934306,0.646,,4075,402058534325,98664671,20260908
089010,"CHEMTRONICSCo.,Ltd.",켐트로닉스,KOSDAQ,화학물질·화학제품,2025,649,565,84,0.129,4.34,4.5,3.3,0.733,59603000,44473000,0.746,,22200,372294599400,16770027,20260908
038500,"SAMPYO Cement Co., Ltd.",삼표시멘트,KOSDAQ,비금속 광물제품,2025,649,618,31,0.048,17.18,17.3,14.7,0.85,96000000,64000000,0.667,,7180,774839077080,107916306,20260908
021960,"KB CAPITAL CO,. LTD",케이비캐피탈,,금융업,2025,649,376,273,0.421,11.16,12,10,0.833,143000000,84000000,0.587,,,,,
043370,"PHA Co., Ltd.",피에이치에이,KOSDAQ,자동차·트레일러,2025,646,608,38,0.059,13.44,13.7,9.3,0.679,86000000,69000000,0.802,,11030,231630000000,21000000,20260908
383220,"F&F CO.,Ltd",F&F,KOSPI,의복 제조,2025,646,231,415,0.642,3.41,4,3.08,0.77,101000000,68000000,0.673,,66300,2539759072500,38307075,20260908
010040,"KOREA REFRACTORIES CO.,LTD",한국내화,KOSPI,비금속 광물제품,2025,644,623,21,0.033,11.23,11.33,8.34,0.736,70000000,39000000,0.557,,1602,65789433324,41067062,20260908
023410,EUGENE Corporation,유진기업,KOSDAQ,비금속 광물제품,2025,644,581,63,0.098,10.09,10.08,10.17,1.009,81000000,71000000,0.877,,3260,252033413380,77310863,20260908
006730,"Seobu T&D Co.,Ltd",서부T&D,KOSDAQ,숙박업,2025,644,339,305,0.474,3.05,3.79,2.23,0.588,41279044.25,29195721.31,0.707,,11040,709617229920,64276923,20260908
900070,Global SM Tech Limited,글로벌에스엠,KOSDAQ,금융업,2025,641,395,246,0.384,8.38,8,9,1.125,40000000,22000000,0.55,,1008,27086959872,26871984,20260908
102710,"ENF Technology Co., Ltd",이엔에프테크놀로지,KOSDAQ,화학물질·화학제품,2025,639,546,93,0.146,6.19,6.31,5.49,0.87,68000000,57000000,0.838,,42400,605804246400,14287836,20260908
450080,"ECOPRO MATERIALS CO., LTD.",에코프로머티,KOSPI,전기장비,2025,639,597,42,0.066,4.25,4.29,3.74,0.872,129437185.93,99952380.95,0.772,,35950,2545758626500,70813870,20260908
039030,"EO Technics CO.,LTD",이오테크닉스,KOSDAQ,기타 기계·장비,2025,636,552,84,0.132,9.12,9.4,7.3,0.777,74508000,53716000,0.721,,446500,5500679075000,12319550,20260908
279570,Kbank,케이뱅크,KOSPI,금융업,2025,635,350,285,0.449,4.39,4.92,3.75,0.762,120000000,83000000,0.692,,5810,2357088827310,405695151,20260908
041440,HYUNDAI EVERDIGM Corp.,현대에버다임,KOSDAQ,기타 기계·장비,2025,635,590,45,0.071,8.37,8.58,5.57,0.649,61175000,42399000,0.693,,6740,120253138880,17841712,20260908
083310,"LOTVacuum.Co.,Ltd.",엘오티베큠,KOSDAQ,기타 기계·장비,2025,634,570,64,0.101,5.59,5.6,5.5,0.982,48828000,42543000,0.871,,9690,172579219770,17810033,20260908
025900,"DONGWHA ENTERPRISE CO.,LTD.",동화기업,KOSDAQ,목재 제조,2025,632,531,101,0.16,15.6,16.64,10.13,0.609,83516261.77,53810732.67,0.644,,6960,351878703600,50557285,20260908
222040,"COSMAX NBT, INC.",코스맥스엔비티,KOSDAQ,식료품 제조,2025,632,310,322,0.509,4.84,4.5,5.17,1.149,49000000,42000000,0.857,,7880,162548640000,20628000,20260908
217820,"WONIK PNE CO., LTD.",원익피앤이,KOSDAQ,기타 기계·장비,2025,632,527,105,0.166,4.77,5.02,3.49,0.695,71857685.01,47952380.95,0.667,,1970,93485481230,47454559,20260908
900110,Deep Commerce Limited,딥커머스,KOSDAQ,금융업,2025,630,349,281,0.446,3.55,4,3,0.75,3962,3698,0.933,,1201,22142994331,18437131,20260908
145020,"Hugel, Inc.",휴젤,KOSDAQ,의료용 물질·의약품,2025,629,336,293,0.466,4.13,4.12,4.15,1.007,74000000,54000000,0.73,,238000,2978611174000,12515173,20260908
079370,"ZEUSCO.,LTD.",제우스,KOSDAQ,기타 기계·장비,2025,628,547,81,0.129,9.6,10.07,6.4,0.636,73751371.12,54308641.98,0.736,,10050,311720749500,31016990,20260908
100090,"SK oceanplant Co.,Ltd",SK오션플랜트,KOSPI,1차 금속,2025,628,551,77,0.123,5.05,5.16,4.25,0.824,69370776.77,50667337.66,0.73,,12890,805343082810,62478129,20260908
033500,"DONGSUNG FINETEC CO., Ltd",동성화인텍,KOSDAQ,화학물질·화학제품,2025,627,585,42,0.067,7.05,6.99,7.95,1.137,80647863.25,65666666.67,0.814,,16760,502623919440,29989494,20260908
000860,"KANGNAM JEVISCO CO.,LTD",강남제비스코,KOSPI,화학물질·화학제품,2025,627,583,44,0.07,13.77,14.17,8.5,0.6,63153000,49142000,0.778,,12900,167700000000,13000000,20260908
003520,"YUNGJIN PHARM. CO., LTD",영진약품,KOSPI,의료용 물질·의약품,2025,626,434,192,0.307,10.32,10.42,10.08,0.967,73000000,61000000,0.836,,1085,198438613135,182892731,20260908
011320,UNICK CORPORATION,유니크,KOSDAQ,자동차·트레일러,2025,626,468,158,0.252,10.24,9.1,13.6,1.495,74950000,65846000,0.879,,3735,72162795825,19320695,20260908
068400,"SK RENT A CAR CO.,LTD",에스케이렌터카,,사업지원 서비스,2025,625,466,159,0.254,11.24,12,9,0.75,93000000,65000000,0.699,,,,,
038110,ECOPLASTIC CORPORATION,에코플라스틱,KOSDAQ,자동차·트레일러,2025,625,599,26,0.042,18.52,18.46,19.92,1.079,102000000,90000000,0.882,,2015,82956280550,41169370,20260908
041650,SANGSIN BRAKE,상신브레이크,KOSPI,자동차·트레일러,2025,622,575,47,0.076,17.06,17.6,10.4,0.591,84000000,63000000,0.75,,2220,47666619000,21471450,20260908
265520,Advanced Process Systems Corporation,AP시스템,KOSDAQ,기타 기계·장비,2025,619,554,65,0.105,4.91,5,4.17,0.834,78137000,49576000,0.634,,18680,281149336280,15050821,20260908
037350,SUNGDO Engineering & Construction.,성도이엔지,KOSDAQ,건축기술·엔지니어링,2025,618,572,46,0.074,5.32,5.29,5.7,1.078,75300699.3,55652173.91,0.739,,7310,111185100000,15210000,20260908
004980,"SUNGSHIN CEMENT CO.,LTD.",성신양회,KOSPI,비금속 광물제품,2025,618,581,37,0.06,15.3,15.7,9.1,0.58,95000000,52000000,0.547,,8410,206180173930,24516073,20260908
033530,"SJG SEJONG CO.,LTD",SJG세종,KOSPI,자동차·트레일러,2025,617,589,28,0.045,22.63,23.4,6.5,0.278,95239000,70364000,0.739,,6690,180979880310,27052299,20260908
102260,"DONGSUNG CHEMICAL Co., Ltd.",동성케미컬,KOSPI,화학물질·화학제품,2025,616,515,101,0.164,10.29,11,6.7,0.609,82000000,57000000,0.695,,3625,183677267375,50669591,20260908
000520,"SAMIL PHARMACEUTICAL CO.,LTD",삼일제약,KOSPI,의료용 물질·의약품,2025,614,389,225,0.366,7.2,7.6,6.5,0.855,74000000,57000000,0.77,,6210,134706146310,21691811,20260908
005010,"HUSTEEL CO.,LTD",휴스틸,KOSPI,1차 금속,2025,614,572,42,0.068,14.02,14.2,11.6,0.817,73000000,47000000,0.644,,3865,217166909875,56188075,20260908
004430,"SONGWON INDUSTRIAL CO.,LTD",송원산업,KOSPI,화학물질·화학제품,2025,612,548,64,0.105,15.84,16.37,11.34,0.693,108000000,76000000,0.704,,11600,278400000000,24000000,20260908
126560,"Hyundai Futurenet Co., Ltd",현대퓨처넷,KOSPI,통신업,2025,604,366,238,0.394,6.88,8.17,4.89,0.599,86000000,64000000,0.744,,3370,368007504800,109201040,20260908
095570,"AJ Networks Co.,Ltd.",AJ네트웍스,KOSPI,사업지원 서비스,2025,603,415,188,0.312,6.22,6,6.7,1.117,80791000,52901000,0.655,,4190,189609060210,45252759,20260908
003680,"HANSUNG ENTERPRISE CO.,LTD",한성기업,KOSPI,식료품 제조,2025,602,252,350,0.581,7.23,8.02,6.66,0.83,59158730.16,26014285.71,0.44,,4730,29371005950,6209515,20260908
206640,Boditech Med Inc.,바디텍메드,KOSDAQ,의료용 물질·의약품,2025,601,267,334,0.556,5.5,5.5,5.5,1,60305000,40777000,0.676,,9730,213164071330,21907921,20260908
122350,SAMKEE CORP.,삼기,KOSDAQ,자동차·트레일러,2025,599,573,26,0.043,8.51,8.64,5.58,0.646,66786.82,47177.69,0.706,,1709,65522082452,38339428,20260908
004540,"KleanNara Co., Ltd.",깨끗한나라,KOSPI,펄프·종이 제조,2025,599,491,108,0.18,14.56,16.03,7.89,0.492,86034623.22,52925925.93,0.615,,1240,46178459320,37240693,20260908
020180,DaishinInformation,대신정보통신,KOSDAQ,컴퓨터 프로그래밍·SI,2025,597,513,84,0.141,5.16,5.44,3.47,0.638,57044000,40219000,0.705,,3920,30128269360,7685783,20260908
052710,"Amotech Co., Ltd.",아모텍,KOSDAQ,전자부품·컴퓨터·통신장비,2025,597,372,225,0.377,10.47,10.7,10.1,0.944,57000000,44000000,0.772,,10620,198390096000,18680800,20260908
020150,LOTTE ENERGY MATERIALS CORPORATION,롯데에너지머티리얼즈,KOSPI,전자부품·컴퓨터·통신장비,2025,591,532,59,0.1,13.77,14.6,6.3,0.432,74000000,52000000,0.703,,36500,1911339399500,52365463,20260908
080160,MODETOURNETWORKINC.,모두투어,KOSDAQ,사업시설 관리,2025,591,336,255,0.431,14.22,15.3,12.8,0.837,60000000,51000000,0.85,,9170,173313000000,18900000,20260908
137400,"PEOPLE & TECHNOLOGY, INC.",피엔티,KOSDAQ,기타 기계·장비,2025,591,560,31,0.052,4.95,5,4.06,0.812,65814728.57,62375677.42,0.948,,29200,691769257600,23690728,20260908
089030,"Techwing, Inc.",테크윙,KOSDAQ,기타 기계·장비,2025,589,496,93,0.158,6.88,7.17,5.33,0.743,60000000,48000000,0.8,,46200,1711878399000,37053645,20260908
011560,SEBO MANUFACTURING ENGINEERING CORPORATION,세보엠이씨,KOSDAQ,전문직별 공사,2025,588,541,47,0.08,7.86,8.08,5.33,0.66,76349000,55382000,0.725,,24800,250104825600,10084872,20260908
025860,NAMHAE CHEMICAL CORPORATION,남해화학,KOSPI,화학물질·화학제품,2025,587,541,46,0.078,11.07,11.56,5.37,0.465,103328739.37,67618478.26,0.654,,6210,308505615030,49678843,20260908
123410,KOREA FUEL-TECH CORPORATION,코리아에프티,KOSDAQ,자동차·트레일러,2025,587,493,94,0.16,9.45,9.25,10.5,1.135,64773428,57760617,0.892,,5760,160364528640,27841064,20260908
067390,"AeroSpace Technology of Korea, Inc.",아스트,KOSDAQ,기타 운송장비,2025,584,522,62,0.106,7.2,7.57,4.13,0.546,42817971.26,34538258.06,0.807,,5580,235005924060,42115757,20260908
036540,"SFA Semicon Co., Ltd",SFA반도체,KOSDAQ,전자부품·컴퓨터·통신장비,2025,584,353,231,0.396,8.18,8.3,8,0.964,63000000,50000000,0.794,,6040,993340230120,164460303,20260908
443060,"HD Hyundai Marine Solution Co., Ltd",HD현대마린솔루션,KOSPI,건축기술·엔지니어링,2025,583,448,135,0.232,8.81,9.9,5.2,0.525,127225005,77562778,0.61,,212500,9527110250000,44833460,20260908
084670,DONGYANG EXPRESS CORP.,동양고속,KOSPI,육상운송,2025,582,569,13,0.022,11.54,11.42,16.58,1.452,67135000,69702000,1.038,,23750,68769763750,2895569,20260908
007280,"KOREA STEEL CO.,LTD",한국특강,KOSPI,1차 금속,2025,577,558,19,0.033,9.36,9.4,8.1,0.862,73000000,56000000,0.767,,2350,67319369000,28646540,20260908
005710,Daewonsanup,대원산업,KOSDAQ,자동차·트레일러,2025,576,564,12,0.021,13.55,13.6,11.4,0.838,112000000,95000000,0.848,,10670,213801192000,20037600,20260908
031820,ITCENCTS,아이티센씨티에스,KOSPI,컴퓨터 프로그래밍·SI,2025,576,535,41,0.071,4.63,4.67,4.17,0.893,72310000,64805000,0.896,,5580,67546714680,12105146,20260908
049800,"WOOJIN PLAIMM CO.,LTD",우진플라임,KOSPI,기타 기계·장비,2025,575,519,56,0.097,7.29,7.5,5.33,0.711,53000000,40000000,0.755,,1865,37300000000,20000000,20260908
034300,"Shinsegae Engineering & Construction C.,Ltd.",신세계건설,,종합 건설,2025,575,518,57,0.099,9.23,9.6,5.9,0.615,82000000,58000000,0.707,,,,,
003200,"ILSHIN SPINNING CO.,LTD",일신방직,KOSPI,섬유제품 제조,2025,573,255,318,0.555,9.7,12.32,7.6,0.617,51308000,41834000,0.815,,10360,237865600000,22960000,20260908
078020,"LS SECURITIES Co., Ltd.",LS증권,KOSDAQ,금융·보험 관련 서비스,2025,572,374,198,0.346,5.93,5.8,6.19,1.067,142441176.47,76712121.21,0.539,,6610,366730665900,55481190,20260908
214390,"KYONGBO PHARMACEUTICAL CO., LTD.",경보제약,KOSPI,의료용 물질·의약품,2025,571,438,133,0.233,7.97,8.67,5.67,0.654,79000000,62000000,0.785,,5390,128857975400,23906860,20260908
092780,"DYP CO.,LTD",DYP,KOSPI,자동차·트레일러,2025,571,552,19,0.033,15.72,15.84,12.19,0.77,86000000,67000000,0.779,,3220,42402441200,13168460,20260908
035890,"SEOHEE CONSTRUCTION CO., LTD.",서희건설,KOSDAQ,종합 건설,2025,567,510,57,0.101,8.82,9.1,6.3,0.692,79000000,51000000,0.646,,2415,501326314440,207588536,20260908
013520,"Hwaseung Corporation CO., LTD",화승코퍼레이션,KOSPI,자동차·트레일러,2025,560,498,62,0.111,10.25,11.1,3.44,0.31,64253000,46950000,0.731,,2520,126129155040,50051252,20260908
003800,AceBed,에이스침대,KOSDAQ,가구 제조,2025,559,442,117,0.209,9.73,10.23,7.82,0.764,51928000,43636000,0.84,,32900,364861000000,11090000,20260908
023800,"INZI CONTROLS CO.,LTD",인지컨트롤스,KOSPI,자동차·트레일러,2025,559,473,86,0.154,15.12,14.9,16.3,1.094,63683000,61796000,0.97,,5160,81575456520,15809197,20260908
439260,"DAEHAN SHIPBUILDING Co., Ltd.",대한조선,KOSPI,기타 운송장비,2025,559,527,32,0.057,9.68,9.8,7.7,0.786,84000000,68000000,0.81,,47250,1799692492500,38088730,20260908
046120,"Orbitech Co., Ltd.",오르비텍,KOSDAQ,건축기술·엔지니어링,2025,556,508,48,0.086,4.32,4.34,4.06,0.935,63720472.44,43750000,0.687,,6050,204825369650,33855433,20260908
036030,"kt alpha Co., Ltd.",케이티알파,KOSDAQ,도매·상품중개,2025,556,297,259,0.466,9.12,9.83,8.31,0.845,99000000,69000000,0.697,,4710,230880154110,49019141,20260908
053450,"SEKONIX CO., LTD.",세코닉스,KOSDAQ,의료·정밀·광학기기,2025,555,383,172,0.31,6.51,6.61,6.29,0.952,56000000,38000000,0.679,,3045,45044085135,14792803,20260908
319400,"HYUNDAI MOVEX Co., Ltd.",현대무벡스,KOSDAQ,기타 기계·장비,2025,551,463,88,0.16,6.4,6.69,4.85,0.725,87753779.7,74488636.36,0.849,,21750,2422428848250,111376039,20260908
088910,"DONGWOO FARM TO TABLE CO., LTD",동우팜투테이블,KOSDAQ,식료품 제조,2025,549,313,236,0.43,6.11,6.63,5.42,0.817,55205501.6,51177457.63,0.927,,2080,53501269120,25721764,20260908
017810,Pulmuone Corporate,풀무원,KOSPI,식료품 제조,2025,546,311,235,0.43,7.41,8.1,6.5,0.802,73961000,53937000,0.729,,9380,357570683960,38120542,20260908
001460,"BYC CO.,LTD",BYC,KOSPI,의복 제조,2025,544,238,306,0.563,9.97,12.98,7.62,0.587,51903252.1,32703098.04,0.63,,36800,229858320000,6246150,20260908
091700,"PARTRONCO.,LTD",파트론,KOSDAQ,전자부품·컴퓨터·통신장비,2025,544,470,74,0.136,7.85,7.78,8.29,1.066,61907389.36,58857459.46,0.951,,5440,272000000000,50000000,20260908
092220,KEC CORPORATION,KEC,KOSPI,전자부품·컴퓨터·통신장비,2025,542,357,185,0.341,18.2,17.92,18.73,1.045,66252000,50110000,0.756,,2605,104597595940,40152628,20260908
163560,"DRB Industrial Co.,Ltd",동일고무벨트,KOSPI,고무·플라스틱,2025,540,492,48,0.089,16.88,17.42,11.33,0.65,72439794.72,59501791.67,0.821,,5590,77701000000,13900000,20260908
053700,"SAMBO MOTORS CO., LTD.",삼보모터스,KOSDAQ,자동차·트레일러,2025,539,507,32,0.059,11.87,12.2,6.6,0.541,83952980,68327879,0.814,,3970,106061555290,26715757,20260908
002920,"YOOSUNG ENTERPRISE CO.,LTD",유성기업,KOSPI,자동차·트레일러,2025,537,511,26,0.048,23.83,24.09,18.69,0.776,72624000,59604000,0.821,,1809,46939027500,25947500,20260908
024830,SewonCorporation,세원물산,KOSDAQ,자동차·트레일러,2025,537,525,12,0.022,10.85,11,4.2,0.382,74670000,52084000,0.698,,8490,70891500000,8350000,20260908
064960,"SNT MOTIV CO.,LTD",SNT모티브,KOSPI,자동차·트레일러,2025,536,512,24,0.045,22.25,22.5,16.9,0.751,89000000,67000000,0.753,,26050,691374085600,26540272,20260908
314140,RPbio Inc.,알피바이오,KOSDAQ,의료용 물질·의약품,2025,534,250,284,0.532,5.56,6.58,4.67,0.71,41197000,34374000,0.834,,6170,53471447370,8666361,20260908
063160,CKD Bio Corp.,종근당바이오,KOSPI,의료용 물질·의약품,2025,533,430,103,0.193,10.16,11,6.67,0.606,71770000,57329000,0.799,,13470,73895908140,5485962,20260908
002600,CHOHEUNG CORPORATION,조흥,KOSPI,식료품 제조,2025,533,412,121,0.227,5.14,5.43,4.14,0.762,60808000,49762000,0.818,,139800,83880000000,600000,20260908
033660,"WOORI FINANCIAL CAPITAL CO.,LTD",우리금융캐피탈,,금융업,2025,533,307,226,0.424,10.9,12.6,8.6,0.683,117000000,72000000,0.615,,,,,
317450,"MYUNGIN PHARM.CO., LTD",명인제약,KOSPI,의료용 물질·의약품,2025,532,440,92,0.173,9.1,9.08,9.17,1.01,83000000,58000000,0.699,,43950,641670000000,14600000,20260908
018500,"Dongwon Mobility CO.,LTD",동원모빌리티,KOSPI,자동차·트레일러,2025,532,513,19,0.036,19.43,20.04,2.99,0.149,70994152.05,43000000,0.606,,1424,66579024592,46754933,20260908
104830,"WONIK Materials Co.,Ltd.",원익머트리얼즈,KOSDAQ,화학물질·화학제품,2025,531,465,66,0.124,6.48,6.74,4.65,0.69,71870967.74,55303030.3,0.769,,31750,400304000000,12608000,20260908
044450,KSS LINE LTD.,KSS해운,KOSPI,수상운송,2025,529,496,33,0.062,4.35,4.26,5.76,1.352,8000000,5030303.03,0.629,,10070,227355676750,22577525,20260908
484590,"SAMYANG COMTECH CO., LTD.",삼양컴텍,KOSDAQ,금속가공제품,2025,528,494,34,0.064,4.06,4,5,1.25,58000000,45000000,0.776,,6700,276110015000,41210450,20260908
214150,CLASSYS Inc.,클래시스,KOSDAQ,의료·정밀·광학기기,2025,528,330,198,0.375,3.25,3.4,3,0.882,70000000,57000000,0.814,,31350,2045137909650,65235659,20260908
040420,"JLS CO.,LTD.",정상제이엘에스,KOSDAQ,교육서비스업,2025,527,148,379,0.719,6.12,7.04,5.76,0.818,45770270.27,47131926.12,1.03,,5820,91243352640,15677552,20260908
019540,"ILJI TECHNOLOGY CO.,LTD",일지테크,KOSDAQ,자동차·트레일러,2025,527,490,37,0.07,5.82,5.6,8.8,1.571,46000000,43000000,0.935,,5230,70675605000,13513500,20260908
001260,"NAMKWANG ENGINEERING & CONSTRUCTION CO.,LTD",남광토건,KOSPI,종합 건설,2025,527,482,45,0.085,3.9,4.01,2.77,0.691,78148000,41280000,0.528,,7810,76792387320,9832572,20260908
214450,"PharmaResearch Co., Ltd.",파마리서치,KOSDAQ,의료용 물질·의약품,2025,526,279,247,0.47,3.28,3.7,2.8,0.757,77000000,59000000,0.766,,369000,3833780112000,10389648,20260908
215000,"GOLFZON Co., Ltd.",골프존,KOSDAQ,출판업,2025,526,404,122,0.232,5.65,5.73,5.38,0.939,78000000,55000000,0.705,,36000,225914940000,6275415,20260908
004380,"SAMICK THK CO.,LTD",삼익THK,KOSPI,기타 기계·장비,2025,526,475,51,0.097,11.43,11.5,10.75,0.935,61000000,50000000,0.82,,8090,167463000000,20700000,20260908
004910,"CHOKWANG PAINT CO.,LTD",조광페인트,KOSPI,화학물질·화학제품,2025,525,460,65,0.124,10.38,10.51,9.5,0.904,62000000,62000000,1,,3625,46400000000,12800000,20260908
011930,"SHINSUNG E&G Co.,LTD.",신성이엔지,KOSPI,전자부품·컴퓨터·통신장비,2025,525,459,66,0.126,4.92,5.03,4.15,0.825,57302832.24,49984848.48,0.872,,16120,327335653840,20306182,20260908
009780,"MSC Co.,Ltd.",엠에스씨,KOSDAQ,식료품 제조,2025,525,357,168,0.32,8.57,9.24,7.16,0.775,60498000,44445000,0.735,,6880,121088000000,17600000,20260908
005490,POSCO Holdings Inc.,POSCO홀딩스,KOSPI,1차 금속,2025,524,412,112,0.214,12.54,13.8,7.9,0.572,160000000,101000000,0.631,,328500,26030841619500,79241527,20260908
129260,"INTERGIS CO., LTD",인터지스,KOSPI,육상운송,2025,524,438,86,0.164,11.17,11.6,9,0.776,67000000,48000000,0.716,,1913,56907682962,29747874,20260908
036580,FARMSCO,팜스코,KOSPI,식료품 제조,2025,523,437,86,0.164,9.15,9.55,7.13,0.747,75739130.43,56476744.19,0.746,,2695,98981806385,36727943,20260908
359090,C&R Research Inc.,씨엔알리서치,KOSDAQ,기타 과학기술 서비스,2025,522,94,428,0.82,4.41,5.5,4.17,0.758,74876000,54718000,0.731,,1984,22804379712,11494143,20260908
072990,"HCT CO., LTD.",에이치시티,KOSDAQ,건축기술·엔지니어링,2025,522,439,83,0.159,6.43,6.44,6.36,0.988,66000000,50000000,0.758,,3015,43712091090,14498206,20260908
089980,"SANG-A FRONTEC CO., LTD.",상아프론테크,KOSDAQ,고무·플라스틱,2025,519,424,95,0.183,10.01,10.33,8.58,0.831,56570000,41092000,0.726,,14750,235838295750,15989037,20260908
272550,SAMYANG PACKAGING CORPORATION,삼양패키징,KOSPI,고무·플라스틱,2025,517,480,37,0.072,14.39,14.8,9.1,0.615,82331000,55745000,0.677,,9910,149327903460,15068406,20260908
244920,"A Plus Asset Advisor Co., Ltd.",에이플러스에셋,KOSPI,금융·보험 관련 서비스,2025,516,169,347,0.672,5.93,6.2,5.8,0.935,97000000,50000000,0.515,,13740,310629701820,22607693,20260908
038680,S NET SYSTEMS.INC,에스넷,KOSDAQ,컴퓨터 프로그래밍·SI,2025,516,455,61,0.118,4.93,5.1,3.7,0.725,62000000,48000000,0.774,,3790,75468913180,19912642,20260908
004800,HYOSUNG CORPORATION,효성,KOSPI,금융업,2025,515,395,120,0.233,9.53,9.9,8.3,0.838,112000000,73000000,0.652,,166400,2785603724800,16740407,20260908
099320,"SatrecInitiativeCo.,Ltd.",쎄트렉아이,KOSDAQ,기타 운송장비,2025,513,386,127,0.248,6.48,7,4.9,0.7,84000000,68000000,0.81,,70700,774255354600,10951278,20260908
268280,"Miwon Specialty Chemical Co., Ltd.",미원에스씨,KOSPI,화학물질·화학제품,2025,512,437,75,0.146,8.49,8.71,7.23,0.83,74108368.42,58655120,0.791,,133200,666000000000,5000000,20260908
045390,"DAEA TI CO., LTD.",대아티아이,KOSDAQ,전기장비,2025,510,455,55,0.108,3.84,3.8,4.18,1.1,61933000,40765000,0.658,,3465,244190251305,70473377,20260908
004100,"TAEYANG METAL INDUSTRIAL CO.,LTD",태양금속공업,KOSPI,자동차·트레일러,2025,507,470,37,0.073,13.85,14,12,0.857,68000000,54000000,0.794,,2830,103861000000,36700000,20260908
214430,i3system Inc.,아이쓰리시스템,KOSDAQ,전자부품·컴퓨터·통신장비,2025,507,461,46,0.091,7.57,7.6,7.3,0.961,67820000,59744000,0.881,,58800,429664242000,7307215,20260908
008350,"NAMSUN ALUMINIUM CO.,LTD",남선알미늄,KOSPI,1차 금속,2025,507,483,24,0.047,13.58,13.79,9.29,0.674,71072519.67,46196125,0.65,,1050,135533044500,129079090,20260908
241710,"COSMECCA KOREA CO., LTD.",코스메카코리아,KOSDAQ,화학물질·화학제품,2025,506,299,207,0.409,5.93,6.4,5.25,0.82,66000000,52000000,0.788,,126100,1346748000000,10680000,20260908
004710,"Hansol Technics Co., Ltd",한솔테크닉스,KOSPI,전자부품·컴퓨터·통신장비,2025,506,412,94,0.186,9.95,10.4,8,0.769,68000000,51000000,0.75,,8770,465860795090,53119817,20260908
194700,"NOVAREX Co., Ltd.",노바렉스,KOSDAQ,식료품 제조,2025,505,287,218,0.432,4.85,4.67,5.08,1.088,65194000,50091000,0.768,,10350,188937676800,18254848,20260908
248070,"SOLUM CO., LTD.",솔루엠,KOSPI,전자부품·컴퓨터·통신장비,2025,504,396,108,0.214,5.11,5.17,4.91,0.95,76000000,53000000,0.697,,12580,601528248880,47816236,20260908
007160,"SAJO INDUSTRIES CO.,LTD",사조산업,KOSPI,식료품 제조,2025,502,356,146,0.291,5.48,4.17,8.69,2.084,80221910.11,38904109.59,0.485,,49950,249750000000,5000000,20260908
068930,"Digital Daesung Co., Ltd.",디지털대성,KOSDAQ,교육서비스업,2025,501,237,264,0.527,5.06,5.34,4.81,0.901,59000000,42000000,0.712,,8510,235517160420,27675342,20260908
373160,Day1 Company Inc.,데이원컴퍼니,KOSDAQ,교육서비스업,2025,501,153,348,0.695,2.02,2.08,2,0.962,66000000,46000000,0.697,,3015,41629519035,13807469,20260908
189300,INTELLIAN TECHNOLOGIES Inc.,인텔리안테크,KOSDAQ,전자부품·컴퓨터·통신장비,2025,500,449,51,0.102,5.02,5.13,4.04,0.788,72748329.62,52607843.14,0.723,,62100,666798563700,10737497,20260908
010100,"KOREA MOVENEX CO., LTD.",한국무브넥스,KOSPI,자동차·트레일러,2025,500,491,9,0.018,17.95,17.76,28.31,1.594,100091649.69,80000000,0.799,,3545,107946738900,30450420,20260908
017390,"SEOUL CITY GAS CO.,LTD",서울도시가스,KOSPI,전기·가스·증기,2025,499,464,35,0.07,23.5,23.7,20.9,0.882,123000000,88000000,0.715,,55800,276210000000,4950000,20260908
000500,"GAON CABLE CO.,LTD",가온전선,KOSPI,전기장비,2025,498,459,39,0.078,10.66,10.95,7.21,0.658,78738562.09,56948717.95,0.723,,227500,6774405592500,29777607,20260908
136540,"WINS Technet Co., Ltd",윈스테크넷,KOSDAQ,컴퓨터 프로그래밍·SI,2025,497,369,128,0.258,4.71,5.25,3.17,0.604,55000000,43000000,0.782,,10690,131270484740,12279746,20260908
035900,JYP Entertainment Corporation,JYP Ent.,KOSDAQ,영상·오디오 제작,2025,496,146,350,0.706,4.21,5.5,3.67,0.667,107657000,91616000,0.851,,39550,1405310058600,35532492,20260908
004970,"SILLA CO.,LTD",신라교역,KOSPI,어업,2025,496,475,21,0.042,12.87,13,10,0.769,60000000,54000000,0.9,,9270,148320000000,16000000,20260908
183190,"ASIA CEMENT CO.,LTD.",아세아시멘트,KOSPI,비금속 광물제품,2025,495,468,27,0.055,9.76,9.89,7.58,0.766,97494000,57770000,0.593,,10900,392163164800,35978272,20260908
013030,HY-LOK CORPORATION,하이록코리아,KOSDAQ,1차 금속,2025,492,421,71,0.144,14.02,14.3,12.37,0.865,81293000,61683000,0.759,,33950,399528488800,11768144,20260908
027740,"MANIKER CO.,LTD.",마니커,KOSPI,식료품 제조,2025,491,274,217,0.442,7.18,5.67,9.08,1.601,48115810.22,47153935.48,0.98,,1516,48141510824,31755614,20260908
054450,TelechipsInc.,텔레칩스,KOSDAQ,전자부품·컴퓨터·통신장비,2025,489,406,83,0.17,6.22,6.7,3.9,0.582,78190000,54180000,0.693,,9310,140992809230,15144233,20260908
008930,"Hanmi Science Co.,Ltd",한미사이언스,KOSPI,금융업,2025,489,312,177,0.362,7.03,7,7.08,1.011,77000000,65000000,0.844,,57700,3946192435000,68391550,20260908
009160,SIMPACInc,SIMPAC,KOSPI,1차 금속,2025,488,445,43,0.088,11.01,11.4,7.01,0.615,67123595.51,47906976.74,0.714,,4755,310838952840,65370968,20260908
067730,LOGISYS INC.,로지시스,KOSDAQ,컴퓨터 프로그래밍·SI,2025,488,456,32,0.066,6.39,6.65,2.62,0.394,36668859.65,29093750,0.793,,2240,21669585280,9673922,20260908
038290,"Macrogen, Inc.",마크로젠,KOSDAQ,기타 과학기술 서비스,2025,488,225,263,0.539,6.6,6.45,6.72,1.042,65646324.44,50798745.25,0.774,,12000,130096800000,10841400,20260908
100120,"Vieworks Co., Ltd.",뷰웍스,KOSDAQ,의료·정밀·광학기기,2025,486,335,151,0.311,6.17,6.53,5.36,0.821,75101492.54,59377483.44,0.791,,26700,239536673700,8971411,20260908
036930,"JUSUNG ENGINEERING Co.,Ltd.",주성엔지니어링,KOSDAQ,기타 기계·장비,2025,485,404,81,0.167,8.07,8.6,5.4,0.628,97000000,71000000,0.732,,194600,9045226146600,46481121,20260908
051360,"TOVISCo.,LTD",토비스,KOSDAQ,전자부품·컴퓨터·통신장비,2025,485,310,175,0.361,5.44,6.7,3.2,0.478,77000000,36000000,0.468,,11390,109818598520,9641668,20260908
001520,TONGYANG Inc,동양,KOSPI,비금속 광물제품,2025,483,433,50,0.104,10.05,10.3,7.9,0.767,86131639.72,56800000,0.659,,1074,115049062368,107122032,20260908
013360,"ILSUNG CONSTRUCTION CO.,LTD",일성건설,KOSPI,종합 건설,2025,482,441,41,0.085,5.58,5.8,3.2,0.552,84000000,41000000,0.488,,1486,80280971680,54024880,20260908
006220,Jeju Bank,제주은행,KOSPI,금융업,2025,480,273,207,0.431,12.48,12.33,12.67,1.028,92000000,69000000,0.75,,9970,376851613290,37798557,20260908
462520,"Chosun Refractories Co., Ltd.",조선내화,KOSPI,비금속 광물제품,2025,479,454,25,0.052,11.41,11.5,9.8,0.852,75000000,48000000,0.64,,12900,152931667200,11855168,20260908
298830,Suresofttech Inc.,슈어소프트테크,KOSDAQ,출판업,2025,478,331,147,0.308,4.49,5.08,3.17,0.624,56000000,45000000,0.804,,4310,230406130690,53458499,20260908
222080,"SFA NEXEL Co., Ltd.",SFA넥셀,KOSDAQ,기타 기계·장비,2025,477,434,43,0.09,6.29,6.4,5.2,0.813,61422000,50891000,0.829,,7430,577906469920,77780144,20260908
004560,"HYUNDAI BNG STEEL CO., LTD",현대비앤지스틸,KOSPI,1차 금속,2025,476,461,15,0.032,10.08,10.1,9.6,0.95,97000000,73000000,0.753,,11720,176723664920,15078811,20260908
039840,DIO Corporation,디오,KOSDAQ,의료·정밀·광학기기,2025,475,317,158,0.333,4.53,4.5,4.6,1.022,53251000,47047000,0.883,,11020,147842424560,13415828,20260908
068240,"DAWONSYS CO., LTD",다원시스,KOSDAQ,전기장비,2025,475,426,49,0.103,5.57,5.72,4.26,0.745,56502347.42,38979591.84,0.69,,2530,96553495610,38163437,20260908
069080,Webzen Inc.,웹젠,KOSDAQ,출판업,2025,474,287,187,0.395,7.89,8.8,6.5,0.739,88000000,67000000,0.761,,10950,339083996250,30966575,20260908
112040,"Wemade Co., Ltd.",위메이드,KOSDAQ,출판업,2025,474,311,163,0.344,3.03,3,3.1,1.033,98000000,71000000,0.724,,15060,511264153980,33948483,20260908
293490,Kakao Games Corp.,카카오게임즈,KOSDAQ,출판업,2025,473,291,182,0.385,5.33,5.59,4.91,0.878,96000000,81000000,0.844,,8940,954302669100,106745265,20260908
097520,"MCNEX CO.,LTD",엠씨넥스,KOSPI,전자부품·컴퓨터·통신장비,2025,472,405,67,0.142,6.42,5.8,10.2,1.759,62163290,41856131,0.673,,18870,328366305000,17401500,20260908
098460,KohYoungTechnologyInc.,고영,KOSDAQ,기타 기계·장비,2025,472,376,96,0.203,6.72,7.05,5.44,0.772,73000000,59000000,0.808,,27150,1851744382950,68204213,20260908
002780,CHINHUNG INTERNATIONAL INC,진흥기업,KOSPI,종합 건설,2025,471,441,30,0.064,6.83,7,4.4,0.629,87000000,57000000,0.655,,7040,102412104960,14547174,20260908
099750,"ezCaretech Co., LTD",이지케어텍,KOSDAQ,출판업,2025,471,324,147,0.312,6.37,7.4,4.11,0.555,69000000,52000000,0.754,,7050,96297169650,13659173,20260908
064760,"TOKAI CARBON KOREA CO., LTD",티씨케이,KOSDAQ,비금속 광물제품,2025,471,445,26,0.055,7.02,7.2,3.93,0.546,90091471.82,72492663.08,0.805,,264500,2956955532000,11179416,20260908
024840,"KBI METAL CO., LTD.",KBI메탈,KOSDAQ,1차 금속,2025,471,406,65,0.138,11.77,11.97,10.55,0.881,58164300.49,35034615.38,0.602,,5230,226413164280,43291236,20260908
108230,"TOPTEC COMPANY,LIMITED",톱텍,KOSDAQ,기타 기계·장비,2025,470,432,38,0.081,7.87,8.09,5.32,0.658,74000000,50000000,0.676,,3295,125286592275,38023245,20260908
012610,KYUNG-IN SYNTHETIC CORPORATION,경인양행,KOSPI,화학물질·화학제품,2025,470,377,93,0.198,11.08,11.3,10.2,0.903,71564000,66947000,0.935,,3145,130883467925,41616365,20260908
051310,"PLANTEC Co.,Ltd",플랜텍,,종합 건설,2025,469,431,38,0.081,12.07,12.6,6.1,0.484,102000000,68000000,0.667,,,,,
105630,"HANSAE CO.,LTD.",한세실업,KOSPI,의복 제조,2025,468,160,308,0.658,7.39,8.08,7.03,0.87,79899000,73319000,0.918,,9110,364400000000,40000000,20260908
200130,"KolmarBNH Co., Ltd",콜마비앤에이치,KOSDAQ,의료용 물질·의약품,2025,468,295,173,0.37,4.4,4.58,4.08,0.891,72000000,56000000,0.778,,8160,234808553280,28775558,20260908
009070,KCTC,케이씨티시,KOSPI,육상운송,2025,466,401,65,0.139,11.81,10.47,20.11,1.921,76436523.69,61579061.54,0.806,,4050,121500000000,30000000,20260908
053280,"YES24Co.,Ltd",예스24,KOSDAQ,소매업,2025,466,180,286,0.614,6.8,6.14,7.22,1.176,52488888.89,43153846.15,0.822,,3100,77500000000,25000000,20260908
024880,KPF,케이피에프,KOSDAQ,금속가공제품,2025,466,400,66,0.142,11.82,12.5,7.67,0.614,69000000,49000000,0.71,,3790,75578754960,19941624,20260908
356860,"TLB Co., Ltd.",티엘비,KOSDAQ,전자부품·컴퓨터·통신장비,2025,465,396,69,0.148,4.95,5.07,4.28,0.844,59026000,52195000,0.884,,37150,880501809000,23701260,20260908
950170,JTC Inc.,JTC,KOSDAQ,소매업,2025,462,184,278,0.602,3,3.04,2.98,0.98,44847826.09,28165467.63,0.628,,4390,214113974850,48773115,20260908
005070,"COSMO ADVANCED MATERIALS & TECHNOLOGY CO., LTD",코스모신소재,KOSPI,화학물질·화학제품,2025,459,428,31,0.068,13.85,14.35,7,0.488,94016355.14,66000000,0.702,,38150,1267135883650,33214571,20260908
001750,"HANYANG SECURITIES CO.,LTD",한양증권,KOSPI,금융·보험 관련 서비스,2025,459,288,171,0.373,7.16,7.04,7.35,1.044,252177083.33,94023391.81,0.373,,19460,294030597560,15109486,20260908
102460,"REYON PHARMACEUTICAL CO., LTD",이연제약,KOSPI,의료용 물질·의약품,2025,457,309,148,0.324,6.98,7.33,6.25,0.853,89509000,48922000,0.547,,9930,184567033230,18586811,20260908
136490,"SUNJIN CO., LTD.",선진,KOSPI,식료품 제조,2025,457,351,106,0.232,8.11,8.65,6.33,0.732,68282051.28,51622641.51,0.756,,10970,260862255880,23779604,20260908
063570,"NICE Infra Co., Ltd",NICE인프라,KOSDAQ,사업시설 관리,2025,456,377,79,0.173,10.79,11.87,5.66,0.477,75694960.21,44506329.11,0.588,,3385,115590059280,34147728,20260908
001530,DI DONG IL CORPORATION,디아이동일,KOSPI,도매·상품중개,2025,456,360,96,0.211,10.35,10.54,9.64,0.915,38318713.89,31002604.17,0.809,,28100,582108950100,20715621,20260908
058970,"EMRO., Incorporated",엠로,KOSDAQ,출판업,2025,456,289,167,0.366,4.96,5.53,3.98,0.72,,,,not reported,15550,192241446700,12362794,20260908
126700,HyVISION SYSTEM.INC,하이비젼시스템,KOSDAQ,의료·정밀·광학기기,2025,455,421,34,0.075,4.57,4.6,4.2,0.913,59925000,48168000,0.804,,11200,167351654400,14942112,20260908
104620,"Yellow Balloon Tour Co., Ltd.",노랑풍선,KOSDAQ,사업시설 관리,2025,454,118,336,0.74,4.36,4.8,4.2,0.875,61345000,43560000,0.71,,3190,53625660880,16810552,20260908
102940,KOLON LIFE SCIENCE Inc.,코오롱생명과학,KOSDAQ,의료용 물질·의약품,2025,454,330,124,0.273,7.65,8.45,5.53,0.654,64433333.33,51411290.32,0.798,,14590,190991897770,13090603,20260908
339770,"KYOCHON FOOD&BEVERAGE CO., LTD.",교촌에프앤비,KOSPI,도매·상품중개,2025,453,324,129,0.285,5.15,5.05,5.4,1.069,75901234.57,52953488.37,0.698,,3785,189117827800,49965080,20260908
221840,"HIZEAERO Co.,Ltd.",하이즈항공,KOSDAQ,기타 운송장비,2025,452,390,62,0.137,5.2,5.42,3.83,0.707,37253000,33887000,0.91,,2050,38336150050,18700561,20260908
214330,"Kumho HT, Inc.",금호에이치티,KOSPI,자동차·트레일러,2025,452,327,125,0.277,10.26,9.95,11.08,1.114,60000000,53000000,0.883,,6570,68702023530,10456929,20260908
044490,"TAEWOONG CO., LTD.",태웅,KOSDAQ,금속가공제품,2025,452,417,35,0.077,8.91,8.86,9.54,1.077,60110311.75,46114285.71,0.767,,34850,697257227850,20007381,20260908
060250,NHN KCP Corp.,NHN KCP,KOSDAQ,금융·보험 관련 서비스,2025,452,247,205,0.454,6.35,7.3,5.2,0.712,69000000,50000000,0.725,,14820,595180255020,40160611,20260908
267850,"Asiana IDT, Inc.",아시아나IDT,KOSPI,컴퓨터 프로그래밍·SI,2025,452,332,120,0.265,11.11,11.8,9.2,0.78,83000000,76000000,0.916,,9270,102897000000,11100000,20260908
009200,"MOORIM PAPER CO.,LTD",무림페이퍼,KOSPI,펄프·종이 제조,2025,447,429,18,0.04,17.53,17.8,11,0.618,95000000,60000000,0.632,,1499,62372355690,41609310,20260908
003690,Korean Reinsurance Company,코리안리,KOSPI,보험·연금,2025,446,293,153,0.343,10.73,10.8,10.6,0.981,194000000,143000000,0.737,,14610,2581894262910,176721031,20260908
073490,"LIG Accuver Co.,Ltd.",LIG아큐버,KOSDAQ,전자부품·컴퓨터·통신장비,2025,446,356,90,0.202,6.69,7.08,5.17,0.73,70000000,56000000,0.8,,28400,215949226400,7603846,20260908
003060,Aprogen Biologics Inc.,에이프로젠바이오로직스,KOSPI,의료용 물질·의약품,2025,445,239,206,0.463,4.15,4.59,3.63,0.791,52217087.87,41781106.8,0.8,,1706,27277774802,15989317,20260908
019440,"SeAH SPECIAL STEEL CO., LTD",세아특수강,,1차 금속,2025,445,415,30,0.067,11.01,11.5,4.2,0.365,95000000,63000000,0.663,,,,,
173130,"OPASNET co., Ltd.",오파스넷,KOSDAQ,컴퓨터 프로그래밍·SI,2025,442,415,27,0.061,4.36,4.42,3.42,0.774,70000000,39000000,0.557,,6320,82453709360,13046473,20260908
288180,"KP Aero Industries Co., Ltd.",케이피항공산업,KOSDAQ,기타 운송장비,2025,441,412,29,0.066,3.39,3.46,2.39,0.691,40372128.64,34478655.17,0.854,,7360,54414408320,7393262,20260908
006620,"DongKoo Bio & Pharma Co., Ltd.",동구바이오제약,KOSDAQ,의료용 물질·의약품,2025,440,271,169,0.384,4.69,4.5,5,1.111,61576000,48369000,0.786,,3570,101620021440,28464992,20260908
200470,"APACT Co., Ltd.",에이팩트,KOSDAQ,전자부품·컴퓨터·통신장비,2025,440,314,126,0.286,6.64,7.14,5.39,0.755,48318471.34,40619047.62,0.841,,6220,272582518320,43823556,20260908
472850,"POND GROUP CO., LTD.",폰드그룹,KOSDAQ,소매업,2025,440,179,261,0.593,1.64,1.7,1.6,0.941,57000000,42000000,0.737,,4865,280086086980,57571652,20260908
118990,"MOTREX CO., LTD",모트렉스,KOSDAQ,자동차·트레일러,2025,440,354,86,0.195,4.93,5.08,4.33,0.852,74584000,53304000,0.715,,6110,149923336810,24537371,20260908
010820,"FIRSTEC CO.,LTD.",퍼스텍,KOSPI,금속가공제품,2025,439,425,14,0.032,14.65,15,4,0.267,60000000,36000000,0.6,,6000,292631628000,48771938,20260908
143160,"INTELLIGENT DIGITAL INTEGRATED SECURITY CO., LTD.",아이디스,KOSDAQ,전자부품·컴퓨터·통신장비,2025,438,345,93,0.212,8.51,9,6.67,0.741,73000000,45000000,0.616,,16140,172962534600,10716390,20260908
122870,YG Entertainment Inc.,와이지엔터테인먼트,KOSDAQ,영상·오디오 제작,2025,438,150,288,0.658,3.95,5.08,3.36,0.661,82000000,50000000,0.61,,43450,812126079050,18691049,20260908
095610,"TESCO.,LTD.",테스,KOSDAQ,기타 기계·장비,2025,438,419,19,0.043,8.28,8.4,5.6,0.667,131000000,82000000,0.626,,148100,2867216000000,19360000,20260908
403550,"SOCAR, Inc.",쏘카,KOSPI,사업지원 서비스,2025,437,279,158,0.362,3.77,4.1,3.2,0.78,72000000,59000000,0.819,,11120,421892155040,37939942,20260908
000250,SAM CHUN DANG PHARM CO. LTD,삼천당제약,KOSDAQ,의료용 물질·의약품,2025,436,306,130,0.298,8.31,9.5,5.5,0.579,73000000,49000000,0.671,,162900,3821222188800,23457472,20260908
009470,"SAMWHA ELECTRIC CO.,LTD",삼화전기,KOSPI,전자부품·컴퓨터·통신장비,2025,434,198,236,0.544,11.72,15.17,8.83,0.582,69996000,48018000,0.686,,22800,150795096000,6613820,20260908
170790,"Piolink, Inc.",파이오링크,KOSDAQ,전자부품·컴퓨터·통신장비,2025,434,332,102,0.235,5.81,6.13,4.77,0.778,57716867.47,43000000,0.745,,8230,52650067050,6397335,20260908
036800,NICE INFORMATION & TELECOMMUNICATION INC.,나이스정보통신,KOSDAQ,통신업,2025,432,305,127,0.294,4.38,4.75,3.5,0.737,72854000,42483000,0.583,,7390,336245000000,45500000,20260908
027710,"FarmStory CO.,LTD.",팜스토리,KOSDAQ,식료품 제조,2025,431,319,112,0.26,11.64,12.17,10.13,0.832,72517241.38,46000000,0.634,,1130,125900758000,111416600,20260908
194480,Devsisters corporation,데브시스터즈,KOSDAQ,출판업,2025,431,196,235,0.545,2.49,2.58,2.42,0.938,78000000,58000000,0.744,,15420,187648293000,12169150,20260908
082920,"VITZROCELL Co.,Ltd.",비츠로셀,KOSDAQ,전기장비,2025,430,244,186,0.433,8.47,8.9,7.9,0.888,79000000,55000000,0.696,,27800,1254877460600,45139477,20260908
004780,DaeryukCan,대륙제관,KOSDAQ,금속가공제품,2025,427,320,107,0.251,8.75,9,8,0.889,51000000,46000000,0.902,,4290,68224723710,15903199,20260908
001540,"AHN-GOOK PHARMACEUTICAL Co., Ltd.",안국약품,KOSDAQ,의료용 물질·의약품,2025,424,266,158,0.373,4.6,5.22,3.55,0.68,66037000,46175000,0.699,,10240,133554380800,13042420,20260908
002200,"KOREA EXPORT PACKAGING INDUSTRIAL CO.,LTD",한국수출포장공업,KOSPI,펄프·종이 제조,2025,423,409,14,0.033,9.32,9.42,6.42,0.682,62519000,38577000,0.617,,2680,89779841880,33499941,20260908
336060,"WAVUS Co.,Ltd",웨이버스,KOSDAQ,출판업,2025,423,290,133,0.314,3.75,4.25,2.67,0.628,52881000,38158000,0.722,,3015,29037585600,9631040,20260908
079940,"GABIA,Inc.",가비아,KOSDAQ,출판업,2025,423,300,123,0.291,6.38,5.57,8.36,1.501,63000000,58000000,0.921,,42400,569037001600,13420684,20260908
060850,"YoungLimWon SoftLab. Co., Ltd.",영림원소프트랩,KOSDAQ,출판업,2025,422,256,166,0.393,7.79,8.38,6.87,0.82,71987000,55382000,0.769,,4630,37646530000,8131000,20260908
092440,KISHIN CORPORATION,기신정기,KOSPI,기타 기계·장비,2025,422,382,40,0.095,12.79,13.57,5.3,0.391,55678109.95,36882000,0.662,,1979,57786800000,29200000,20260908
001620,"KBI DONGKOOK IND CO., LTD",케이비아이동국실업,KOSPI,자동차·트레일러,2025,421,384,37,0.088,9.7,9.6,10.7,1.115,70000000,60000000,0.857,,2180,48523761080,22258606,20260908
014130,"HAN EXPRESS CO.,LTD",한익스프레스,KOSPI,육상운송,2025,420,343,77,0.183,8.02,8.08,7.75,0.959,58330776,39452620,0.676,,2600,30726495800,11817883,20260908
095500,"MNTECHCo.,Ltd.",미래나노텍,KOSDAQ,고무·플라스틱,2025,420,389,31,0.074,7.59,7.6,7.4,0.974,55000000,45000000,0.818,,6720,208387193280,31009999,20260908
030520,HANCOM INC.,한컴,KOSDAQ,출판업,2025,420,258,162,0.386,8.26,9.3,6.6,0.71,97000000,73000000,0.753,,16860,407670483840,24179744,20260908
017860,"DS DANSUK CO., LTD.",DS단석,KOSPI,화학물질·화학제품,2025,419,376,43,0.103,4.64,4.65,4.52,0.972,56515670.21,46757186.05,0.827,,11810,208489417540,17653634,20260908
030530,"WONIK HOLDINGS CO.,LTD.",원익홀딩스,KOSDAQ,화학물질·화학제품,2025,419,358,61,0.146,6.22,6.5,4.6,0.708,78000000,57000000,0.731,,22550,1741716471550,77237981,20260908
092790,"NEXTEEL CO.,LTD.",넥스틸,KOSPI,1차 금속,2025,419,402,17,0.041,5.55,5.6,4.3,0.768,57000000,44000000,0.772,,13130,341406260000,26002000,20260908
058430,"POSCO STEELEON Co.,Ltd.",포스코스틸리온,KOSPI,1차 금속,2025,418,383,35,0.084,16.33,17,9,0.529,109000000,78000000,0.716,,4725,283500000000,60000000,20260908
007210,BYUKSAN CORPORATION,벽산,KOSPI,비금속 광물제품,2025,416,375,41,0.099,11.14,11.63,6.7,0.576,73773333.33,49000000,0.664,,1427,93268720000,65360000,20260908
084010,"DAEHAN STEEL CO.,LTD",대한제강,KOSPI,1차 금속,2025,414,382,32,0.077,13.54,14,8,0.571,84000000,59000000,0.702,,8610,295939441560,34371596,20260908
003090,"DAEWOONG CO.,LTD",대웅,KOSPI,의료용 물질·의약품,2025,413,156,257,0.622,4.64,4.7,4.6,0.979,76000000,65000000,0.855,,16740,973296745200,58141980,20260908
012790,"SHINIL PHARMACEUTICAL CO., LTD.",신일제약,KOSDAQ,의료용 물질·의약품,2025,413,250,163,0.395,6.93,8,5.3,0.663,53753000,43879000,0.816,,6090,72997267350,11986415,20260908
001120,LX INTERNATIONAL CORP.,LX인터내셔널,KOSPI,도매·상품중개,2025,412,291,121,0.294,8.8,8.17,10.33,1.264,131000000,84000000,0.641,,39900,1546524000000,38760000,20260908
054210,"Elentec Co., Ltd",이랜텍,KOSDAQ,전자부품·컴퓨터·통신장비,2025,412,332,80,0.194,6.39,6.7,5.1,0.761,61823000,47536000,0.769,,6850,173244788500,25291210,20260908
058610,"SPG CO., LTD",에스피지,KOSDAQ,전기장비,2025,411,311,100,0.243,7.79,7.6,8.4,1.105,61038000,44352000,0.727,,91300,2024792968000,22177360,20260908
051370,"INTERFLEX CO., LTD.",인터플렉스,KOSDAQ,전자부품·컴퓨터·통신장비,2025,411,345,66,0.161,5.5,5.4,6,1.111,51000000,42000000,0.824,,6250,145796700000,23327472,20260908
900340,WING YIP FOOD HOLDINGS GROUP LIMITED,윙입푸드,KOSDAQ,금융업,2025,410,231,179,0.437,8.22,8.54,7.81,0.915,22752627.71,20994301.68,0.923,,1349,48001105468,35582732,20260908
475150,"SK eternix Co., Ltd.",SK이터닉스,KOSPI,종합 건설,2025,410,410,,,5.92,5.92,,,85500000,,,not reported,51000,1737417204000,34067004,20260908
039440,Systems Technology Incorporated,에스티아이,KOSDAQ,기타 기계·장비,2025,407,372,35,0.086,7.44,7.61,5.64,0.741,77060000,49991000,0.649,,19380,300526570860,15507047,20260908
211050,"INCAR FINANCIAL SERVICE Co.,Ltd.",인카금융서비스,KOSDAQ,금융·보험 관련 서비스,2025,407,158,249,0.612,5.31,4.5,5.83,1.296,85417000,53582000,0.627,,10600,522194764200,49263657,20260908
095340,"ISC Co., LTD.",ISC,KOSDAQ,도매·상품중개,2025,407,271,136,0.334,9.03,8.8,9.5,1.08,69000000,52000000,0.754,,183000,3879061614000,21197058,20260908
083930,"AVACOCO.,LTD.",아바코,KOSDAQ,기타 기계·장비,2025,406,385,21,0.052,8.51,8.7,5,0.575,75000000,40000000,0.533,,11590,170109315910,14677249,20260908
124560,"Taewoong Logistics Co., Ltd.",태웅로직스,KOSDAQ,창고·운송 관련,2025,405,176,229,0.565,4.81,5.14,4.56,0.887,74769753.47,52562608.73,0.703,,1992,77131855512,38720811,20260908
138490,"KOLON ENP, INC.",코오롱이앤피,,화학물질·화학제품,2025,405,340,65,0.16,9.8,9.8,9.8,1,91000000,70000000,0.769,,,,,
122990,"WiSoL Co.,LTD.",와이솔,KOSDAQ,전자부품·컴퓨터·통신장비,2025,404,300,104,0.257,6.38,6.3,6.6,1.048,61000000,42000000,0.689,,6300,161582897700,25648079,20260908
005160,DONGKUK INDUSTRIES COMPANY,동국산업,KOSDAQ,1차 금속,2025,404,385,19,0.047,14.26,14.5,9.5,0.655,78697000,50921000,0.647,,2505,135882427410,54244482,20260908
001130,"DAEHAN FLOUR MILL CO.,LTD",대한제분,KOSPI,식료품 제조,2025,404,336,68,0.168,13.28,13.68,11.33,0.828,88334467.26,64946000,0.735,,11570,195533000000,16900000,20260908
089470,"HDC Hyundai Engineering Plastics Co., Ltd.",HDC현대EP,KOSPI,화학물질·화학제품,2025,403,356,47,0.117,10.07,10.41,7.51,0.721,72488764.04,52489361.7,0.724,,3875,123612500000,31900000,20260908
192440,"Spigen Korea Co., Ltd",슈피겐코리아,KOSDAQ,기타 제품 제조,2025,403,187,216,0.536,5.32,5.8,4.9,0.845,74000000,59000000,0.797,,30000,186490890000,6216363,20260908
002880,"DYA CO.,LTD",디와이에이,KOSPI,자동차·트레일러,2025,403,388,15,0.037,12.85,13,8.93,0.687,81226682.99,65568333.33,0.807,,753,35220818235,46773995,20260908
217590,"TMC Co., Ltd.",티엠씨,KOSPI,전기장비,2025,402,371,31,0.077,7.84,7.8,8.3,1.064,65000000,49000000,0.754,,10490,252748420250,24094225,20260908
192650,"DREAMTECH CO.,LTD.",드림텍,KOSPI,전자부품·컴퓨터·통신장비,2025,401,227,174,0.434,5.53,5.7,5.3,0.93,70247000,37845000,0.539,,6180,407180603220,65886829,20260908
089600,"kt nasmedia Co., Ltd.",KT나스미디어,KOSDAQ,전문서비스업,2025,400,165,235,0.588,6.24,6.83,5.82,0.852,71000000,60000000,0.845,,12870,148882257810,11568163,20260908
004310,"HYUNDAI PHARMACEUTICAL CO., LTD",현대약품,KOSPI,의료용 물질·의약품,2025,399,313,86,0.216,9.45,9.26,10.13,1.094,74971993.61,59943395.35,0.8,,10440,334080000000,32000000,20260908
101160,"WORLDEXINDUSTRY&TRADINGCO.,LTD",월덱스,KOSDAQ,전자부품·컴퓨터·통신장비,2025,399,304,95,0.238,5.08,5.41,4.03,0.745,59722000,50372000,0.843,,29900,493678690700,16510993,20260908
298540,"THE NATURE HOLDINGS CO., LTD",더네이쳐홀딩스,KOSDAQ,의복 제조,2025,399,184,215,0.539,2.67,3.17,2.25,0.71,53000000,39000000,0.736,,6510,94306372860,14486386,20260908
037760,"CENIT CO., LTD",쎄니트,KOSDAQ,1차 금속,2025,398,260,138,0.347,3.18,3.89,1.83,0.47,45402891.9,29866748.09,0.658,,2355,79676528955,33832921,20260908
348370,"Enchem Co., Ltd.",엔켐,KOSDAQ,화학물질·화학제품,2025,398,341,57,0.143,2.91,3,2.4,0.8,65000000,48000000,0.738,,21050,461226423700,21910994,20260908
206650,"EuBiologics Co., Ltd.",유바이오로직스,KOSDAQ,의료용 물질·의약품,2025,397,255,142,0.358,4.33,4.66,3.74,0.803,63658823.53,55795774.65,0.876,,8500,312394609500,36752307,20260908
339950,"IBKIMYOUNG CO.,LTD.",아이비김영,KOSDAQ,교육서비스업,2025,397,180,217,0.547,4.83,6.83,3.17,0.464,53000000,31000000,0.585,,2510,112816104050,44946655,20260908
108380,"DAEYANG ELECTRIC CO.,LTD",대양전기공업,KOSDAQ,기타 운송장비,2025,396,335,61,0.154,12.69,13.39,8.85,0.661,63035820.9,47885245.9,0.76,,18500,176995660500,9567333,20260908
223250,DreamCIS INC.,드림씨아이에스,KOSDAQ,연구개발업,2025,395,80,315,0.797,4,3.6,4.1,1.139,61053000,53552000,0.877,,3450,84871531800,24600444,20260908
097800,WINPAC INC.,윈팩,KOSDAQ,전자부품·컴퓨터·통신장비,2025,395,277,118,0.299,4.25,4.25,4.25,1,50000000,43000000,0.86,,1951,53242877795,27290045,20260908
054670,"Daehan Nupharm Co.,Ltd.",대한뉴팜,KOSDAQ,의료용 물질·의약품,2025,393,229,164,0.417,6.75,7.95,5.08,0.639,72192401.75,48574073.17,0.673,,5670,81392396400,14354920,20260908
484120,"DOWOOINSYS Co., LTD.",도우인시스,KOSDAQ,전자부품·컴퓨터·통신장비,2025,393,233,160,0.407,3.01,3.27,2.64,0.807,55806866.95,45856250,0.822,,19980,218929291560,10957422,20260908
086670,"BMTCo.,Ltd.",비엠티,KOSDAQ,기타 기계·장비,2025,392,331,61,0.156,6.68,6.58,7.25,1.102,48690000,42915000,0.881,,16930,168045233050,9925885,20260908
066590,"SMOTRONIC CO., LTD.",스모트로닉,KOSDAQ,자동차·트레일러,2025,392,299,93,0.237,6.46,6.58,6.09,0.926,62902000,53300000,0.847,,2315,89539424155,38677937,20260908
140860,Park Systems Corp.,파크시스템스,KOSDAQ,의료·정밀·광학기기,2025,392,273,119,0.304,4.7,5,4,0.8,68000000,55000000,0.809,,262500,1838148112500,7002469,20260908
080420,"Moda-InnoChips Co., Ltd.",모다이노칩,KOSDAQ,소매업,2025,392,246,146,0.372,5.52,5.95,4.8,0.807,50821138.21,31136986.3,0.613,,1685,134330933070,79721622,20260908
200710,"ADTechnology Co., Ltd.",에이디테크놀로지,KOSDAQ,전자부품·컴퓨터·통신장비,2025,391,295,96,0.246,3.45,3.4,3.6,1.059,64000000,60000000,0.938,,25200,339242576400,13462007,20260908
900250,"China Crystal New Material Holdings Co., Ltd.",크리스탈신소재,KOSDAQ,금융업,2025,388,262,126,0.325,4.99,5.12,4.73,0.924,47361900.76,41530777.78,0.877,,1201,43013816201,35815001,20260908
199480,"Bankware Global Co., Ltd.",뱅크웨어글로벌,KOSDAQ,출판업,2025,388,273,115,0.296,5.19,5.34,4.82,0.903,76622710.62,53365217.39,0.696,,3865,39409812620,10196588,20260908
149950,"AVATEC CO.,LTD.",아바텍,KOSDAQ,전자부품·컴퓨터·통신장비,2025,387,337,50,0.129,7.03,7.4,4.5,0.608,59188000,42852000,0.724,,8810,120412463430,13667703,20260908
016090,"DAEHYUN CO.,LTD",대현,KOSPI,의복 제조,2025,387,138,249,0.643,6.88,8.3,6.1,0.735,60000000,60000000,1,,1435,63545114850,44282310,20260908
045660,"ATEC CO.,Ltd",에이텍,KOSDAQ,기타 기계·장비,2025,387,369,18,0.047,7.93,8.06,5.33,0.661,52281842.82,40555555.56,0.776,,9260,76487600000,8260000,20260908
143240,"Saramin Co., Ltd.",사람인,KOSDAQ,정보서비스업,2025,385,218,167,0.434,7.38,7.54,7.17,0.951,74364192.66,55132550.9,0.741,,17010,182563754310,10732731,20260908
123330,"Genic Co.,Ltd",제닉,KOSDAQ,화학물질·화학제품,2025,385,66,319,0.829,3.84,5.5,3.5,0.636,66000000,35000000,0.53,,27650,220334002000,7968680,20260908
002100,KYUNGNONG CORPORATION,경농,KOSPI,화학물질·화학제품,2025,385,314,71,0.184,9.05,9.2,8.4,0.913,64641000,50197000,0.777,,9220,179998141500,19522575,20260908
006110,"SAMA ALUMINIUM CO.,LTD",삼아알미늄,KOSPI,1차 금속,2025,383,338,45,0.117,13.09,13.47,10.22,0.759,63621642.01,46795266.67,0.736,,66700,1008734448500,15123455,20260908
117580,"DAESUNG ENERGY CO.,LTD",대성에너지,KOSPI,전기·가스·증기,2025,383,356,27,0.07,20.72,21,17.08,0.813,92000000,76000000,0.826,,7100,195250000000,27500000,20260908
192080,"DoubleUGames Co., Ltd.",더블유게임즈,KOSPI,출판업,2025,383,259,124,0.324,5.59,5.75,5.25,0.913,109000000,77000000,0.706,,56100,1187831554800,21173468,20260908
052400,"KONA I CO., LTD.",코나아이,KOSDAQ,출판업,2025,383,222,161,0.42,6.69,7.98,4.92,0.617,77000000,52000000,0.675,,36300,528647463300,14563291,20260908
214680,DRTECH Corporation,디알텍,KOSDAQ,의료·정밀·광학기기,2025,381,305,76,0.199,3.96,4.1,3.4,0.829,54000000,45000000,0.833,,960,80137973760,83477056,20260908
003570,"SNT DYNAMICS CO.,Ltd",SNT다이내믹스,KOSPI,자동차·트레일러,2025,381,358,23,0.06,15.4,15.1,20.1,1.331,84448000,66266000,0.785,,28650,952689769050,33252697,20260908
033920,Muhak,무학,KOSPI,음료 제조,2025,380,213,167,0.439,1.8,1.8,1.8,1,53000000,33000000,0.623,,7660,218310000000,28500000,20260908
008040,"SAJODONGAONE CO.,LTD",사조동아원,KOSPI,식료품 제조,2025,379,345,34,0.09,10.88,11.23,7.35,0.654,73099103.78,47723110,0.653,,8310,117291162600,14114460,20260908
023810,INFAC CORPORATION,인팩,KOSPI,자동차·트레일러,2025,378,300,78,0.206,9.2,8.36,12.43,1.487,68646666.67,58512820.51,0.852,,5090,50900000000,10000000,20260908
005800,SHINYOUNG WACOAL INC,신영와코루,KOSPI,의복 제조,2025,378,177,201,0.532,12.92,14.25,11.75,0.825,56000000,43000000,0.768,,13570,122130000000,9000000,20260908
070960,"MONA YONGPYONG CO.,LTD",모나용평,KOSPI,숙박업,2025,378,271,107,0.283,11.09,11.49,10.09,0.878,49623616.24,39953271.03,0.805,,1990,95785332670,48133333,20260908
011370,Seohan,서한,KOSDAQ,종합 건설,2025,378,348,30,0.079,6.13,6.5,1.9,0.292,70741000,30251000,0.428,,3930,79303363890,20178973,20260908
054050,"NH NONGWOOBIO CO., LTD.",NH농우바이오,KOSDAQ,농업,2025,378,254,124,0.328,12.61,13.38,11.03,0.824,87000000,57000000,0.655,,7030,112694843830,16030561,20260908
012280,"YEONGHWA METAL CO.,LTD",영화금속,KOSPI,자동차·트레일러,2025,377,359,18,0.048,10.21,10.06,13.17,1.309,84014.48,53773.44,0.64,,3895,38579589395,9904901,20260908
200670,"Humedix Co., Ltd.",휴메딕스,KOSDAQ,의료용 물질·의약품,2025,377,229,148,0.393,4.29,4.8,3.5,0.729,63000000,47000000,0.746,,26400,296470152000,11229930,20260908
128820,"DAESUNG INDUSTRIAL CO., LTD.",대성산업,KOSPI,소매업,2025,375,317,58,0.155,8.92,9.13,7.8,0.854,58968454.26,45965517.24,0.779,,4185,189310475430,45235478,20260908
053270,"GUYOUNG TECHNOLOGY CO., LTD.",구영테크,KOSDAQ,자동차·트레일러,2025,375,357,18,0.048,7.75,7.89,4.89,0.62,61713784.31,56359222.22,0.913,,2040,55917226200,27410405,20260908
008470,"BOOSTER CO., LTD.",부스타,KOSDAQ,금속가공제품,2025,374,354,20,0.053,9.1,9.2,7.4,0.804,53000000,34000000,0.642,,1691,28425033600,16809600,20260908
090850,"HYUNDAI EZWEL CO., LTD.",현대이지웰,KOSDAQ,출판업,2025,374,154,220,0.588,5.9,6.83,5.25,0.769,75711758,49867382,0.659,,4980,111939956940,22477903,20260908
144960,"New Power Plasma Co.,Ltd",뉴파워프라즈마,KOSDAQ,기타 기계·장비,2025,373,297,76,0.204,6.42,6.2,7.3,1.177,82977000,72003000,0.868,,8890,388427427360,43692624,20260908
053210,"KT Skylife Co.,Ltd.",케이티스카이라이프,KOSPI,방송업,2025,373,289,84,0.225,14.21,14.83,12.08,0.815,105607000,88327000,0.836,,4055,192705582525,47522955,20260908
261200,"DENTIS CO.,LTD",덴티스,KOSDAQ,의료·정밀·광학기기,2025,371,261,110,0.296,5.05,4.96,5.27,1.063,59369000,37915000,0.639,,2530,39998541000,15809700,20260908
065680,"UJU ELECTRONICS CO., LTD",우주일렉트로,KOSDAQ,전자부품·컴퓨터·통신장비,2025,371,328,43,0.116,9.76,9.72,10.08,1.037,65000000,51000000,0.785,,22950,212068809450,9240471,20260908
123570,EMNET INC.,이엠넷,KOSDAQ,전문서비스업,2025,371,128,243,0.655,7497965.6,6017307,8277901,1.376,47010000,34065000,0.725,,1625,36198626750,22276078,20260908
041830,"InBody Co., Ltd.",인바디,KOSDAQ,의료·정밀·광학기기,2025,370,233,137,0.37,4.46,4.9,3.7,0.755,55000000,49000000,0.891,,58400,787283508800,13480882,20260908
017550,"SOOSAN CEBOTICS CO., LTD",수산세보틱스,KOSPI,기타 기계·장비,2025,370,335,35,0.095,10.94,11.05,9.88,0.894,53504477.61,47114285.71,0.881,,1872,116811171360,62399130,20260908
105740,DK-Lok Corporation,디케이락,KOSDAQ,기타 기계·장비,2025,370,301,69,0.186,5.61,5.08,7.92,1.559,59000000,52000000,0.881,,7880,80127882440,10168513,20260908
145210,"Dynamic Design Co., LTD.",다이나믹디자인,KOSPI,기타 기계·장비,2025,370,300,70,0.189,6.11,6.2,5.7,0.919,47000000,39000000,0.83,,2240,9461011840,4223666,20260908
002800,"SINSIN PHARMACEUTICAL Co., LTD.",신신제약,KOSDAQ,의료용 물질·의약품,2025,369,244,125,0.339,6.69,7.21,5.68,0.788,66000000,48000000,0.727,,4625,70163562500,15170500,20260908
067080,"DAE HWA PHARM CO., LTD",대화제약,KOSDAQ,의료용 물질·의약품,2025,369,193,176,0.477,6.71,7.9,5.4,0.684,54939000,41152000,0.749,,10980,204410817000,18616650,20260908
122900,iMarketKorea Inc.,아이마켓코리아,KOSPI,도매·상품중개,2025,369,221,148,0.401,10.86,11.9,9.3,0.782,80000000,55000000,0.688,,8110,271107892400,33428840,20260908
109610,"SY CO., LTD.",에스와이,KOSDAQ,금속가공제품,2025,368,317,51,0.139,4.7,4.8,4.1,0.854,38158000,31684000,0.83,,1999,97765892600,48907400,20260908
007530,"YM CO., LTD.",와이엠,KOSDAQ,금속가공제품,2025,367,289,78,0.213,7.02,7.5,5.25,0.7,64583000,61773000,0.956,,1570,34939142670,22254231,20260908
461300,"i-Scream Media CO., LTD.",아이스크림미디어,KOSDAQ,출판업,2025,366,124,242,0.661,4.21,4.3,4.16,0.967,84282258.06,58301652.89,0.692,,18960,252811369680,13333933,20260908
014280,"KUMKANG KIND CO.,LTD",금강공업,KOSPI,1차 금속,2025,365,330,35,0.096,10.86,10.91,10.43,0.956,72270893.94,58145085.71,0.805,,4345,127436056165,29329357,20260908
079960,DONGYANG E&P INC.,동양이엔피,KOSDAQ,전기장비,2025,365,324,41,0.112,10.73,10.8,10.2,0.944,67755000,40443000,0.597,,17660,133362280280,7551658,20260908
049950,meerecompanyIncorporated,미래컴퍼니,KOSDAQ,기타 기계·장비,2025,364,320,44,0.121,7.17,7.49,4.83,0.645,66000000,45000000,0.682,,10320,91000562880,8817884,20260908
002460,"HS HWASUNG CO., LTD.",HS화성,KOSPI,종합 건설,2025,364,319,45,0.124,7.89,7.57,10.13,1.338,69727272.73,49400000,0.708,,10790,109518500000,10150000,20260908
210540,DY POWER Corporation,디와이파워,KOSPI,기타 기계·장비,2025,363,347,16,0.044,18.62,18.92,12.17,0.643,83000000,61000000,0.735,,11430,126206722440,11041708,20260908
018470,"CHOIL ALUMINUM CO., LTD",조일알미늄,KOSPI,1차 금속,2025,363,337,26,0.072,13.86,14,12,0.857,63218000,46429000,0.734,,973,123212664533,126631721,20260908
094850,"Very Good Tour Co.,Ltd.",참좋은여행,KOSDAQ,사업시설 관리,2025,363,100,263,0.725,5.02,5.6,4.8,0.857,56000000,45000000,0.804,,4380,61320000000,14000000,20260908
011040,KyungdongPharm,경동제약,KOSDAQ,의료용 물질·의약품,2025,363,185,178,0.49,10.2,12.33,7.99,0.648,63063038,48735782,0.773,,5120,157536081920,30768766,20260908
036010,"ABCO ELECTRONICS CO., LTD.",아비코전자,KOSDAQ,전자부품·컴퓨터·통신장비,2025,363,234,129,0.355,8.56,9.48,6.9,0.728,48316508.55,39488868.22,0.817,,6950,92385891300,13292934,20260908
237880,"CLIO Cosmetics Co., Ltd",클리오,KOSDAQ,화학물질·화학제품,2025,363,49,314,0.865,3.97,6.19,3.62,0.585,67061224.49,43331210.19,0.646,,11900,215049100700,18071353,20260908
064550,BIONEERCORPORATION,바이오니아,KOSDAQ,의료용 물질·의약품,2025,362,211,151,0.417,7.08,7.51,6.49,0.864,57549763.03,45205298.01,0.785,,10370,267652717670,25810291,20260908
067000,JoyCity Corporation,조이시티,KOSDAQ,출판업,2025,362,263,99,0.273,5.14,5.3,4.7,0.887,73000000,61000000,0.836,,1154,80668576684,69903446,20260908
011150,CJ SEAFOOD CORPORATION,CJ씨푸드,KOSPI,식료품 제조,2025,360,183,177,0.492,9.27,10.5,8,0.762,56000000,31000000,0.554,,1999,71825615227,35930773,20260908
230360,"ECHOMARKETING Co.,Ltd.",에코마케팅,,전문서비스업,2025,360,93,267,0.742,2.25,2.25,2.25,1,50575000,49626000,0.981,,,,,
007820,MX Robotics Inc.,엠엑스로보틱스,KOSDAQ,기타 기계·장비,2025,359,299,60,0.167,5.28,5.5,4.2,0.764,76572000,60083000,0.785,,3655,85247096445,23323419,20260908
122310,"GENORAY Co., LTD.",제노레이,KOSDAQ,의료·정밀·광학기기,2025,358,297,61,0.17,4.89,5.17,3.5,0.677,59000000,45000000,0.763,,3275,47663839100,14553844,20260908
078150,"HB Technology CO.,LTD.",HB테크놀러지,KOSDAQ,기타 기계·장비,2025,358,326,32,0.089,4.81,4.86,4.25,0.874,60785276.07,40968750,0.674,,1995,189368987010,94921798,20260908
259630,mPlus Corp,엠플러스,KOSDAQ,기타 기계·장비,2025,358,302,56,0.156,4.5,4.67,3.58,0.767,66000000,49000000,0.742,,9120,111468251520,12222396,20260908
078600,"DaejooElectronicMaterialsCo.,Ltd.",대주전자재료,KOSDAQ,전자부품·컴퓨터·통신장비,2025,357,310,47,0.132,6.87,7,6,0.857,70000000,60000000,0.857,,83100,1305013867800,15704138,20260908
010780,"IS DONGSEO CO., LTD.",아이에스동서,KOSPI,비금속 광물제품,2025,357,310,47,0.132,8.69,9.12,5.89,0.646,81016129.03,54829787.23,0.677,,15570,470011216320,30186976,20260908
067830,SAVEZONE I&C Corp.,세이브존I&C,KOSPI,소매업,2025,356,147,209,0.587,7.64,7.18,7.96,1.109,53297000,32240000,0.605,,2405,98703352475,41040895,20260908
057030,"YBM NET, Inc.",YBM넷,KOSDAQ,교육서비스업,2025,356,132,224,0.629,8.48,9.9,7.64,0.772,47663147.36,37023971.32,0.777,,2100,34256663700,16312697,20260908
085660,"Chabiotech Co.,Ltd.",차바이오텍,KOSDAQ,의료용 물질·의약품,2025,354,141,213,0.602,4.94,5.12,4.82,0.941,56152000,48373000,0.861,,8130,755869237980,92972846,20260908
419530,"SAMG ENTERTAINMENT CO.,LTD",SAMG엔터,KOSDAQ,영상·오디오 제작,2025,352,124,228,0.648,3.51,4.3,3.08,0.716,56000000,43394736.84,0.775,,18420,188019147540,10207337,20260908
093370,"FOOSUNG CO.,LTD",후성,KOSPI,화학물질·화학제품,2025,351,321,30,0.085,10.76,11.08,7.32,0.661,90825000,49677000,0.547,,12970,1391101630100,107255330,20260908
111770,Youngone Corporation,영원무역,KOSPI,도매·상품중개,2025,351,108,243,0.692,7.79,6.58,8.33,1.266,96000000,76000000,0.792,,74900,3318928953200,44311468,20260908
037230,"HANKUK PACKAGE CO., LTD.",한국팩키지,KOSDAQ,펄프·종이 제조,2025,351,334,17,0.048,9.44,9.34,11.4,1.221,69263473.05,60235294.12,0.87,,1404,41839659108,29800327,20260908
121600,"Advanced Nano Products Co., Ltd.",나노신소재,KOSDAQ,화학물질·화학제품,2025,350,327,23,0.066,5.07,5,6,1.2,52000000,46000000,0.885,,46250,567126333750,12262191,20260908
383310,"ECOPRO HN CO., LTD",에코프로에이치엔,KOSDAQ,화학물질·화학제품,2025,349,301,48,0.138,3.75,3.75,3.74,0.997,80697674.42,63416666.67,0.786,,22450,470887223400,20974932,20260908
084370,"EugeneTechnologyCo.,Ltd.",유진테크,KOSDAQ,기타 기계·장비,2025,348,338,10,0.029,6.68,6.7,5.9,0.881,101000000,84000000,0.832,,138300,3169288608600,22916042,20260908
125210,"AMOGREENTECH Co., Ltd.",아모그린텍,KOSDAQ,전자부품·컴퓨터·통신장비,2025,346,257,89,0.257,6.29,6.42,5.92,0.922,50610000,35156000,0.695,,5480,90402409200,16496790,20260908
330860,Nepes Ark Corporation,네패스아크,KOSDAQ,기타 과학기술 서비스,2025,346,244,102,0.295,4.41,5,3,0.6,64000000,45000000,0.703,,23650,288152664250,12184045,20260908
042510,"RaonSecure Co., Ltd.",라온시큐어,KOSDAQ,출판업,2025,345,250,95,0.275,5.44,5.58,5.08,0.91,66901000,54815000,0.819,,8800,97731286400,11105828,20260908
048550,"SM Culture & Contents Co., Ltd.",SM C&C,KOSDAQ,전문서비스업,2025,345,133,212,0.614,5.79,6.92,5.08,0.734,78526000,65021000,0.828,,1080,104451789600,96714620,20260908
059210,"METABIOMED.CO.,LTD",메타바이오메드,KOSDAQ,의료용 물질·의약품,2025,345,185,160,0.464,6,6,6,1,59000000,45000000,0.763,,3900,105968635500,27171445,20260908
071670,"A-Tech Solution CO., LTD.",에이테크솔루션,KOSDAQ,기타 기계·장비,2025,345,316,29,0.084,6.78,7.1,3.3,0.465,54000000,33000000,0.611,,4965,49650000000,10000000,20260908
038390,"RedcapTour Co., Ltd.",레드캡투어,KOSDAQ,사업시설 관리,2025,344,183,161,0.468,8.37,9.46,7.14,0.755,66123267.76,59678260.87,0.903,,10040,167877052880,16720822,20260908
030210,"Daol Investment & Securities Co., Ltd.",다올투자증권,KOSPI,금융·보험 관련 서비스,2025,344,214,130,0.378,4.27,3.83,5,1.305,237000000,81000000,0.342,,3915,238466979990,60911106,20260908
103840,"WOOYANG Co., Ltd.",우양,KOSDAQ,식료품 제조,2025,343,180,163,0.475,3.57,4,3.1,0.775,44000000,32000000,0.727,,1661,27184636908,16366428,20260908
319660,PSK INC.,피에스케이,KOSDAQ,기타 기계·장비,2025,343,267,76,0.222,4.79,4.75,4.92,1.036,95000000,75000000,0.789,,125500,3635322607000,28966714,20260908
052260,"HYUNDAI BIOLAND Co.,Ltd.",현대바이오랜드,KOSDAQ,화학물질·화학제품,2025,342,250,92,0.269,8.78,9.25,7.5,0.811,71359000,54797000,0.768,,3970,119100000000,30000000,20260908
078160,"MEDIPOSTCO.,LTD.",메디포스트,KOSDAQ,의료용 물질·의약품,2025,342,145,197,0.576,5.39,5.1,5.6,1.098,68000000,57000000,0.838,,8850,346960736550,39204603,20260908
055490,TAPEX INC,테이팩스,KOSPI,고무·플라스틱,2025,341,308,33,0.097,6.95,6.8,8.4,1.235,65000000,53000000,0.815,,15860,75916269000,4786650,20260908
044820,"COSMAX BTI, INC.",코스맥스비티아이,KOSPI,금융업,2025,341,151,190,0.557,5.04,5.13,4.96,0.967,112127000,89149000,0.795,,23200,222810967200,9603921,20260908
069510,ESTec Corporation,에스텍,KOSDAQ,전자부품·컴퓨터·통신장비,2025,341,289,52,0.152,14.47,13.74,18.52,1.348,84000000,75000000,0.893,,12930,141066300000,10910000,20260908
403850,"The Pinkfong Company, Inc.",더핑크퐁컴퍼니,KOSDAQ,영상·오디오 제작,2025,341,69,272,0.798,4.84,5.4,4.7,0.87,64000000,49000000,0.766,,12360,177378483600,14351010,20260908
023160,T. K. CORPORATION,태광,KOSDAQ,1차 금속,2025,340,322,18,0.053,15.17,15.52,9,0.58,79031055.9,59000000,0.747,,26800,693242085600,25867242,20260908
008340,"KORES CO.,LTD",대주코레스,,1차 금속,2025,339,290,49,0.145,7.51,6.8,11.74,1.726,59741589.66,52317612.24,0.876,,,,,
096250,"WISEnut, INC.",와이즈넛,KOSDAQ,출판업,2025,337,217,120,0.356,4.93,5.24,4.37,0.834,58714152.07,44986350,0.766,,5610,66281482410,11814881,20260908
484870,"MNC Solution Co., Ltd",엠앤씨솔루션,KOSPI,기타 기계·장비,2025,337,311,26,0.077,16.31,17,8,0.471,95000000,54000000,0.568,,16850,462729645000,27461700,20260908
060980,HL Holdings Corporation,HL홀딩스,KOSPI,금융업,2025,337,261,76,0.226,7.48,8.18,5.07,0.62,108222222.22,63710526.32,0.589,,40000,358253880000,8956347,20260908
047310,POWER LOGICS,파워로직스,KOSDAQ,전기장비,2025,336,301,35,0.104,7.11,7.34,5.12,0.698,57705906.98,39390228.57,0.683,,2990,109466157450,36610755,20260908
076340,"GA INNODUS CO., LTD.",지에이이노더스,KONEX,전문직별 공사,2025,336,323,13,0.039,2.81,2.88,0.95,0.33,4879741.88,3297923.54,0.676,,4290,20898563400,4871460,20260908
036220,"OSANG HEALTHCARE CO.,LTD.",오상헬스케어,KOSDAQ,의료·정밀·광학기기,2025,336,152,184,0.548,6.1,5,7,1.4,69000000,47000000,0.681,,6380,91294074080,14309416,20260908
205100,"EXEM CO., LTD.",엑셈,KOSDAQ,출판업,2025,336,226,110,0.327,4.68,5.05,3.91,0.774,66102955.75,49885436.36,0.755,,1312,88611658688,67539374,20260908
208140,"JUNGDAWN Co., Ltd.",정다운,KOSDAQ,식료품 제조,2025,335,214,121,0.361,4.42,4.67,3.98,0.852,47093457.94,31578512.4,0.671,,2260,73866395960,32684246,20260908
012800,"DAECHANG Co.,Ltd",대창,KOSPI,1차 금속,2025,335,310,25,0.075,16.95,17.4,11.4,0.655,67657000,49515000,0.732,,1183,107819210317,91140499,20260908
014160,"DAEYOUNG PACKAGING CO.,LTD",대영포장,KOSPI,펄프·종이 제조,2025,334,311,23,0.069,10.66,11,6,0.545,69289000,68295000,0.986,,690,74792238810,108394549,20260908
377740,"BioNote, Inc.",바이오노트,KOSPI,의료용 물질·의약품,2025,334,130,204,0.611,4.76,5,4.6,0.92,62000000,41000000,0.661,,4680,476826704640,101886048,20260908
003280,"HEUNG-A SHIPPING CO.,LTD.",흥아해운,KOSPI,수상운송,2025,334,324,10,0.03,2.58,2.46,6.42,2.61,63111663.58,60071000,0.952,,1760,423147822240,240424899,20260908
218410,RFHIC CORPORATION,RFHIC,KOSDAQ,전자부품·컴퓨터·통신장비,2025,334,256,78,0.234,7.49,8,5.83,0.729,69298000,45500000,0.657,,47400,1259675950800,26575442,20260908
017940,E1 Corporation,E1,KOSPI,도매·상품중개,2025,334,304,30,0.09,11.06,11.42,7.42,0.65,149000000,90000000,0.604,,97300,667478000000,6860000,20260908
491000,LivsMed Inc.,리브스메드,KOSDAQ,의료·정밀·광학기기,2025,334,230,104,0.311,1.37,1.4,1.3,0.929,48000000,36000000,0.75,,36050,910452519550,25255271,20260908
154030,"ASIA SEED Co.,Ltd.",아시아종묘,KOSDAQ,농업,2025,334,237,97,0.29,6.23,6.44,5.73,0.89,27168776.37,21824742.27,0.803,,1661,20034761087,12061867,20260908
050890,"Solid, Inc.",쏠리드,KOSDAQ,전자부품·컴퓨터·통신장비,2025,333,273,60,0.18,5.13,5.42,3.83,0.707,81000000,58000000,0.716,,8230,500026274820,60756534,20260908
062040,"SANIL ELECTRIC CO., LTD",산일전기,KOSPI,전기장비,2025,333,259,74,0.222,4.75,4.98,3.95,0.793,74000000,55000000,0.743,,201000,6159212850000,30642850,20260908
025750,"Hansol HomeDeco co.,ltd.",한솔홈데코,KOSPI,목재 제조,2025,333,283,50,0.15,10.08,10.8,6,0.556,67000000,49000000,0.731,,1879,30276381491,16113029,20260908
215360,"WOORY INDUSTRIAL CO.,LTD.",우리산업,KOSDAQ,자동차·트레일러,2025,332,292,40,0.12,5.34,4.91,8.5,1.731,69251075.34,54003400,0.78,,6320,57715270160,9132163,20260908
457550,WOOJIN Ntec Inc.,우진엔텍,KOSDAQ,기타 과학기술 서비스,2025,332,309,23,0.069,5.8,5.93,4.01,0.676,62891223.3,42621086.96,0.678,,14360,133820236880,9318958,20260908
365340,"SungEel HiTech Co., Ltd.",성일하이텍,KOSDAQ,화학물질·화학제품,2025,332,302,30,0.09,4.66,4.63,4.91,1.06,60395860.93,55769100,0.923,,36000,465160140000,12921115,20260908
462870,SHIFT UP Corporation.,시프트업,KOSPI,출판업,2025,332,246,86,0.259,3.46,3.45,3.48,1.009,95617000,89079000,0.932,,31200,1832746968000,58741890,20260908
025440,"DHAUTOWARE Co., LTD",DH오토웨어,KOSDAQ,전자부품·컴퓨터·통신장비,2025,331,281,50,0.151,4.66,4.8,3.9,0.813,75000000,55000000,0.733,,3380,32976104720,9756244,20260908
016920,Cas,카스,KOSDAQ,도매·상품중개,2025,330,266,64,0.194,6.15,6.43,4.97,0.773,50000000,38000000,0.76,,1130,29039567160,25698732,20260908
009620,"SAMBO Industrial Co., Ltd.",삼보산업,KOSDAQ,1차 금속,2025,330,269,61,0.185,7.29,7.9,4.6,0.582,52126394.05,42786885.25,0.821,,870,15201551760,17473048,20260908
234690,GC WellBeing Corporation,녹십자웰빙,KOSDAQ,의료용 물질·의약품,2025,330,242,88,0.267,6.13,6.5,5.1,0.785,75000000,62000000,0.827,,10050,180531064500,17963290,20260908
417970,"Model Solution Co., Ltd.",모델솔루션,KOSDAQ,기타 기계·장비,2025,328,294,34,0.104,6.25,6.26,6.13,0.979,69306122.45,49088235.29,0.708,,10470,66973449000,6396700,20260908
317330,"Duksan Techopia Co., Ltd.",덕산테코피아,KOSDAQ,화학물질·화학제품,2025,328,309,19,0.058,3.92,3.84,5.26,1.37,53763754.05,47473684.21,0.883,,13570,277867244880,20476584,20260908
241690,"UNITEKNO Co., Ltd",유니테크노,KOSDAQ,자동차·트레일러,2025,328,193,135,0.412,3.61,2.75,4.83,1.756,47000000,44000000,0.936,,2595,63501482070,24470706,20260908
107640,"HanJungNCS.Co.,Ltd",한중엔시에스,KOSDAQ,전기장비,2025,327,253,74,0.226,3.93,3.67,4.83,1.316,54000000,45000000,0.833,,41300,374382269800,9064946,20260908
178920,"PI Advanced Materials Co., Ltd.",PI첨단소재,KOSPI,고무·플라스틱,2025,324,293,31,0.096,11.26,11.7,7.1,0.607,96000000,57000000,0.594,,19000,557960118000,29366322,20260908
033290,"LOGEN Co., Ltd.",로젠,KOSDAQ,소매업,2025,324,237,87,0.269,7.92,8.9,5.24,0.589,58645569.62,50459770.11,0.86,,1518,85245264918,56156301,20260908
089850,UbiVelox Inc.,유비벨록스,KOSDAQ,출판업,2025,323,235,88,0.272,7.33,7.42,7.08,0.954,62000000,49000000,0.79,,4140,60983023860,14730199,20260908
408470,"HANPASS CO.,Ltd.",한패스,KOSDAQ,금융업,2025,323,143,180,0.557,1.4,1.53,1.29,0.843,54000000,34000000,0.63,,5060,53494320000,10572000,20260908
014940,"ORIENTAL PRECISION & ENGINEERING CO.,LTD.",오리엔탈정공,KOSDAQ,기타 기계·장비,2025,322,301,21,0.065,17.33,17.9,9.12,0.509,81364605.5,55612446.48,0.683,,4545,207132289245,45573661,20260908
054950,"JVMCO.,LTD",제이브이엠,KOSDAQ,기타 기계·장비,2025,322,291,31,0.096,10,9.8,11.9,1.214,69000000,54000000,0.783,,23400,282903472800,12089892,20260908
066620,KUKBO DESIGN,국보디자인,KOSDAQ,전문직별 공사,2025,321,224,97,0.302,6.86,7.67,5,0.652,112000000,74000000,0.661,,26100,195750000000,7500000,20260908
166480,CORESTEMCHEMON Inc.,코아스템켐온,KOSDAQ,의료용 물질·의약품,2025,321,141,180,0.561,6.14,6.33,5.99,0.946,52737588.65,44783333.33,0.849,,2170,114728715920,52870376,20260908
001790,TS CORPORATION,대한제당,KOSPI,식료품 제조,2025,320,263,57,0.178,13.63,13.86,12.58,0.908,76537087.45,53501000,0.699,,2845,245358248175,86241915,20260908
049830,SEUNG IL Corporation,승일,KOSDAQ,금속가공제품,2025,319,229,90,0.282,,,,,53000000,37000000,0.698,,6460,39613443520,6132112,20260908
234080,JW LIFESCIENCE CORPORATION,JW생명과학,KOSPI,의료용 물질·의약품,2025,319,232,87,0.273,9.17,9.83,7.42,0.755,71000000,60000000,0.845,,11070,175288512780,15834554,20260908
161580,"PHILOPTICS CO., LTD.",필옵틱스,KOSDAQ,기타 기계·장비,2025,319,280,39,0.122,5.88,6,5,0.833,63000000,39000000,0.619,,35400,829855543800,23442247,20260908
361610,"SK ie technology Co., Ltd.",SK아이이테크놀로지,KOSPI,전기장비,2025,319,260,59,0.185,9.13,9.44,7.77,0.823,120000000,88000000,0.733,,16250,1329040375000,81787100,20260908
263600,"DERKWOO ELECTRONICS CO.,LTD.",덕우전자,KOSDAQ,전자부품·컴퓨터·통신장비,2025,318,237,81,0.255,3.66,4.01,2.64,0.658,54354430.38,41185185.19,0.758,,3580,57030509800,15930310,20260908
437730,"SAMHYUN CO.,LTD",삼현,KOSDAQ,자동차·트레일러,2025,316,282,34,0.108,3.01,2.93,3.7,1.263,38820244.68,20359000,0.524,,33150,1051105846050,31707567,20260908
377460,"Q AID CO., LTD.",큐에이드,KOSDAQ,수리업,2025,316,212,104,0.329,12.18,13.86,8.75,0.631,58553598.33,38160043.19,0.652,,4080,253187202960,62055687,20260908
009420,"HANALL BIOPHARMA CO.,LTD",한올바이오파마,KOSPI,의료용 물질·의약품,2025,315,211,104,0.33,15.06,15.31,14.55,0.95,87530805.69,70846153.85,0.809,,54400,2841890707200,52240638,20260908
250030,"JINCOSTECH CO.,LTD.",진코스텍,KONEX,화학물질·화학제품,2025,314,117,197,0.627,3.74,2.8,4.3,1.536,41439000,35158000,0.848,,20150,58272449950,2891933,20260908
084850,"ITM Semiconductor Co., Ltd",아이티엠반도체,KOSDAQ,전자부품·컴퓨터·통신장비,2025,314,233,81,0.258,6.66,7.2,5.1,0.708,60763948.5,44259259.26,0.728,,8380,190082986920,22682934,20260908
383930,"DT&CRO CO., Ltd.",디티앤씨알오,KOSDAQ,연구개발업,2025,314,123,191,0.608,2.97,3.18,2.84,0.893,49203252.03,46193717.28,0.939,,1534,19610852352,12784128,20260908
001070,"TAIHAN TEXTILE CO.,LTD",대한방직,KOSPI,섬유제품 제조,2025,314,252,62,0.197,11.97,12.19,11.07,0.908,59000000,51000000,0.864,,5960,31588000000,5300000,20260908
014620,"SUNG KWANG BEND CO., LTD.",성광벤드,KOSDAQ,1차 금속,2025,313,291,22,0.07,16.33,16.55,13.45,0.813,76974032.51,50276205.55,0.653,,32500,863114330000,26557364,20260908
043150,"ValueAddedTechnologyCo.,Ltd.",바텍,KOSDAQ,의료·정밀·광학기기,2025,313,240,73,0.233,6.15,6.42,5.25,0.818,59331000,44354000,0.748,,17980,267079522880,14854256,20260908
018310,"SAMMOK S-FORM CO.,LTD.",삼목에스폼,KOSDAQ,금속가공제품,2025,312,288,24,0.077,8.88,8.9,8.7,0.978,66874000,45009000,0.673,,13680,201096000000,14700000,20260908
065350,"SHINSUNG DELTA TECH CO., LTD",신성델타테크,KOSDAQ,전기장비,2025,312,241,71,0.228,8.27,8.66,6.96,0.804,64892116.18,47000000,0.724,,30450,836886216600,27483948,20260908
198940,"HANJOO LIGHT METAL CO., LTD.",한주라이트메탈,KOSDAQ,1차 금속,2025,312,301,11,0.035,8.77,8.75,9.25,1.057,65897009.97,55272727.27,0.839,,1351,26898085760,19909760,20260908
372170,"YUNSUNG F&C Co.,Ltd",윤성에프앤씨,KOSDAQ,기타 기계·장비,2025,312,281,31,0.099,4.11,4.25,2.83,0.666,67000000,47000000,0.701,,21600,172347436800,7979048,20260908
101490,S&S TECH CORPORATION,에스앤에스텍,KOSDAQ,전자부품·컴퓨터·통신장비,2025,311,270,41,0.132,5.71,6.08,3.25,0.535,61000000,45000000,0.738,,40500,864062599500,21334879,20260908
007460,"Aprogen, Inc",에이프로젠,KOSPI,의료용 물질·의약품,2025,311,174,137,0.441,5.52,6.4,4.41,0.689,56316858.51,46471528.27,0.825,,2025,50272554825,24825953,20260908
053610,"PROTEC Co., Ltd.",프로텍,KOSDAQ,기타 기계·장비,2025,310,285,25,0.081,5.66,5.6,6.3,1.125,59000000,50000000,0.847,,60700,546300000000,9000000,20260908
005950,"ISU CHEMICAL CO.,LTD",이수화학,KOSPI,화학물질·화학제품,2025,310,269,41,0.132,13.05,13.34,11.13,0.834,122412639.41,83097560.98,0.679,,11880,312374727720,26294169,20260908
009300,Sam-A Pharm. Co. Ltd,삼아제약,KOSDAQ,의료용 물질·의약품,2025,310,238,72,0.232,8.61,9,7.3,0.811,59000000,46000000,0.78,,13960,88925200000,6370000,20260908
084680,"E-WORLD CO.,LTD.",이월드,KOSPI,기타 제품 제조,2025,310,171,139,0.448,12.03,15.3,8,0.523,51629000,40246000,0.78,,516,73171995588,141806193,20260908
005870,HUNEED TECHNOLOGIES,휴니드테크놀러지스,KOSPI,전자부품·컴퓨터·통신장비,2025,310,263,47,0.152,8.56,8.4,9.45,1.125,72316844.11,48712234.04,0.674,,4410,62251626150,14116015,20260908
017180,"MYUNGMOON PHARM CO.,LTD",명문제약,KOSPI,의료용 물질·의약품,2025,309,172,137,0.443,9.45,9.55,9.32,0.976,74515000,48722000,0.654,,1320,44818559280,33953454,20260908
257720,"SILICON 2 Co.,Ltd.",실리콘투,KOSDAQ,도매·상품중개,2025,309,103,206,0.667,2.86,2.37,3.11,1.312,63148170,72092655,1.142,,46250,3032901655000,65576252,20260908
378340,"PHILENERGY CO., LTD.",필에너지,KOSDAQ,기타 기계·장비,2025,308,277,31,0.101,3.33,3.43,2.48,0.723,52000000,36000000,0.692,,11950,258644389900,21643882,20260908
252990,"SEMCNS Co., Ltd.",샘씨엔에스,KOSDAQ,전자부품·컴퓨터·통신장비,2025,307,213,94,0.306,2.82,2.98,2.46,0.826,57093896.71,45893617.02,0.804,,12730,766573726970,60217889,20260908
002210,"DONGSUNG PHARMACEUTICAL CO.,LTD",동성제약,KOSPI,의료용 물질·의약품,2025,307,174,133,0.433,6.73,6.9,6.5,0.942,48441000,35030000,0.723,,1487,143673206909,96619507,20260908
010470,ORICOM Inc,오리콤,KOSDAQ,전문서비스업,2025,306,112,194,0.634,7.43,8.7,6.7,0.77,152000000,88000000,0.579,,4905,58737620250,11975050,20260908
187220,"Dt&C Co., Ltd.",디티앤씨,KOSDAQ,건축기술·엔지니어링,2025,306,240,66,0.216,5.67,6.1,4.1,0.672,61000000,33000000,0.541,,1980,22819367340,11524933,20260908
091120,"EM-Tech.CO.,LTD.",이엠텍,KOSDAQ,전자부품·컴퓨터·통신장비,2025,306,276,30,0.098,6.99,6.95,7.32,1.053,58663043.48,43600000,0.743,,4850,83094739600,17132936,20260908
005680,"SAMYOUNG ELECTRONICS CO.,LTD",삼영전자공업,KOSPI,전자부품·컴퓨터·통신장비,2025,305,161,144,0.472,,,,,58000000,38000000,0.655,,12140,242800000000,20000000,20260908
240550,"DongBang Medical Co., Ltd.",동방메디컬,KOSDAQ,의료·정밀·광학기기,2025,305,143,162,0.531,4.77,4.33,5.15,1.189,50000000,35000000,0.7,,5740,120160815600,20933940,20260908
009320,"AJIN ELECTRONIC COMPONENTS CO.,LTD",아진전자부품,KOSPI,자동차·트레일러,2025,305,239,66,0.216,6.1,5.87,6.91,1.177,64205041.84,57242363.64,0.892,,935,46095284950,49299770,20260908
131370,"RSUPPORT Co., Ltd.",알서포트,KOSDAQ,출판업,2025,304,208,96,0.316,6.27,6.74,5.24,0.777,70000000,53000000,0.757,,1495,79634289085,53267083,20260908
000850,"HWACHEON MACHINE TOOL CO.,LTD",화천기공,KOSPI,기타 기계·장비,2025,304,298,6,0.02,14.48,14.45,15.75,1.09,83731543.62,30166666.67,0.36,,36050,79310000000,2200000,20260908
146320,"BCnC Co., Ltd.",비씨엔씨,KOSDAQ,전자부품·컴퓨터·통신장비,2025,303,249,54,0.178,4.25,4.24,4.29,1.012,50012855.42,43517462.96,0.87,,9120,116717057760,12797923,20260908
029530,"SINDOH CO.,LTD",신도리코,KOSPI,전자부품·컴퓨터·통신장비,2025,303,233,70,0.231,17.51,17.3,18.2,1.052,80127635,58668729,0.732,,39800,386686014200,9715729,20260908
083550,KM CORPORATION,케이엠,KOSDAQ,섬유제품 제조,2025,303,231,72,0.238,6.49,6.6,6.15,0.932,42831168.83,32000000,0.747,,3280,44464221200,13556165,20260908
199820,"CHEIL ELECTRIC CO.,LTD.",제일일렉트릭,KOSDAQ,전기장비,2025,303,216,87,0.287,9.68,8.78,11.92,1.358,51462962.96,44620689.66,0.867,,7400,164428000000,22220000,20260908
001340,"PKC Co., Ltd.",PKC,KOSPI,화학물질·화학제품,2025,303,278,25,0.083,7.6,7.26,11.36,1.565,84000000,60000000,0.714,,5030,226491287670,45028089,20260908
367000,"Plateer Co., Ltd.",플래티어,KOSDAQ,출판업,2025,303,201,102,0.337,4.05,4.2,3.75,0.893,64969059.7,53903235.29,0.83,,3475,29149019325,8388207,20260908
010420,"HANSOL PNS CO.,LTD.",한솔피엔에스,,도매·상품중개,2025,303,222,81,0.267,6.54,6.57,6.44,0.98,68445945.95,52888888.89,0.773,,,,,
357580,"Amosense Co., Ltd.",아모센스,KOSDAQ,전자부품·컴퓨터·통신장비,2025,302,231,71,0.235,5.76,6,5,0.833,55000000,39000000,0.709,,5030,59302502860,11789762,20260908
317870,"Envioneer Co., Ltd.",엔바이오니아,KOSDAQ,기타 제품 제조,2025,301,259,42,0.14,2.65,2.33,4.63,1.987,39463320.46,35714285.71,0.905,,5130,45358921350,8841895,20260908
267290,"KYUNGDONG CITY GAS CO.,LTD",경동도시가스,KOSPI,전기·가스·증기,2025,301,277,24,0.08,17.5,17.5,17.5,1,97735000,88540000,0.906,,22200,130878013200,5895406,20260908
281740,"Lake Materials Co., Ltd.",레이크머티리얼즈,KOSDAQ,화학물질·화학제품,2025,300,276,24,0.08,4.26,4.33,3.42,0.79,60000000,47000000,0.783,,11000,723036028000,65730548,20260908
077360,"DUKSANHIMETALCO.,LTD.",덕산하이메탈,KOSDAQ,전자부품·컴퓨터·통신장비,2025,299,270,29,0.097,4.68,4.83,3.25,0.673,73000000,57000000,0.781,,9820,446191359640,45437002,20260908
104700,KISCO Corp.,한국철강,KOSPI,1차 금속,2025,299,284,15,0.05,22.2,22.54,15.7,0.697,108000000,64000000,0.593,,9460,344817000000,36450000,20260908
066360,"Cherrybro Co.,Ltd",체리부로,KOSDAQ,식료품 제조,2025,299,186,113,0.378,6.35,6.29,6.44,1.024,48695322.58,42109389.38,0.865,,1391,33350625737,23976007,20260908
069260,"TKG Huchems Co.,Ltd.",티케이지휴켐스,KOSPI,화학물질·화학제품,2025,298,279,19,0.064,14.7,15.22,7.05,0.463,112000000,45000000,0.402,,16440,672043986720,40878588,20260908
071970,"HD-Hyundai Marine Engine Co., Ltd.",HD현대마린엔진,KOSPI,기타 기계·장비,2025,298,270,28,0.094,9.28,9.7,5.25,0.541,104200000,76250000,0.732,,50200,1702859049000,33921495,20260908
042500,"RingNet Co., Ltd.",링네트,KOSDAQ,컴퓨터 프로그래밍·SI,2025,298,278,20,0.067,5.92,5.86,6.78,1.157,66207210,49184111,0.743,,4315,96186286360,22291144,20260908
274090,Kencoa Aerospace Corporation,켄코아에어로스페이스,KOSDAQ,기타 운송장비,2025,297,264,33,0.111,5.34,5.29,5.73,1.083,49167363.64,45147666.67,0.918,,9880,136089165160,13774207,20260908
033160,MKElectron,엠케이전자,KOSDAQ,전자부품·컴퓨터·통신장비,2025,296,256,40,0.135,10.96,11,10.67,0.97,63133331,49208471,0.779,,13250,325473768500,24564058,20260908
004990,Lotte Corporation,롯데지주,KOSPI,금융업,2025,296,212,84,0.284,3.39,3.5,3.1,0.886,173000000,107000000,0.618,,24300,2421829756800,99663776,20260908
049070,"INTOPS CO., LTD.",인탑스,KOSDAQ,전자부품·컴퓨터·통신장비,2025,296,231,65,0.22,9.97,10.77,7.11,0.66,60848484.85,38046153.85,0.625,,18540,291862242000,15742300,20260908
163730,Finger Inc.,핑거,KOSDAQ,출판업,2025,295,205,90,0.305,4.64,4.7,4.5,0.957,76000000,54000000,0.711,,9080,109102710360,12015717,20260908
041930,"SY DONG-A Co., Ltd.",SY동아,KOSDAQ,고무·플라스틱,2025,295,191,104,0.353,8.23,8.35,8,0.958,57649738.22,48221173.08,0.836,,5080,77216000000,15200000,20260908
256840,"BNC KOREA, Inc.",한국비엔씨,KOSDAQ,의료용 물질·의약품,2025,295,161,134,0.454,3.4,3.63,3.13,0.862,58695652.17,38335820.9,0.653,,2740,187401987640,68394886,20260908
213420,"DUK SAN NEOLUX CO.,LTD",덕산네오룩스,KOSDAQ,전자부품·컴퓨터·통신장비,2025,294,231,63,0.214,4.47,4.6,4,0.87,60000000,51000000,0.85,,30650,761075636350,24831179,20260908
031510,"AUSTEM CO.,LTD",오스템,KOSDAQ,자동차·트레일러,2025,293,282,11,0.038,20.2,20.56,10.96,0.533,78767000,55143000,0.7,,1128,31584000000,28000000,20260908
082800,"VIVOZON PHARMACEUTICAL CO., LTD.",비보존 제약,KOSDAQ,의료용 물질·의약품,2025,292,188,104,0.356,4.64,5,4,0.8,55726000,47468000,0.852,,3105,188534562930,60719666,20260908
237820,"PlayD Co., Ltd.",플레이디,KOSDAQ,전문서비스업,2025,292,93,199,0.682,5.75,4.8,6.2,1.292,64000000,57000000,0.891,,2300,29502422000,12827140,20260908
050860,"ASIA TECHNOLOGY Co., Ltd.",아세아텍,KOSDAQ,기타 기계·장비,2025,291,271,20,0.069,10.6,11,5.11,0.465,55992000,36980000,0.66,,1687,37957500000,22500000,20260908
122690,"Seojin Automotive Co.,Ltd.",서진오토모티브,KOSDAQ,자동차·트레일러,2025,290,278,12,0.041,12.9,13.2,5.9,0.447,75000000,45000000,0.6,,1647,38011386402,23079166,20260908
091580,"SANGSINENERGYDISPLAYPRECISIONCO.,LTD",상신이디피,KOSDAQ,전기장비,2025,290,242,48,0.166,5.7,5.58,6.33,1.134,41669000,34711000,0.833,,20550,273894900450,13328219,20260908
110790,"Creas F&C Co., Ltd",크리스에프앤씨,KOSDAQ,의복 제조,2025,290,134,156,0.538,3.56,3.78,3.37,0.892,75218000,55646000,0.74,,2945,69004177200,23430960,20260908
012340,"NUIN TEK CO., LTD",뉴인텍,KOSDAQ,자동차·트레일러,2025,289,242,47,0.163,9.33,9.37,9.11,0.972,52150636.36,48735191.49,0.935,,544,11992367392,22044793,20260908
042520,HANS BIOMED CORPORATION,한스바이오메드,KOSDAQ,의료용 물질·의약품,2025,289,133,156,0.54,5.2,5.9,4.6,0.78,50670000,33770000,0.666,,21200,302340980400,14261367,20260908
130580,"NICE D&B CO., LTD.",나이스디앤비,KOSDAQ,사업시설 관리,2025,288,153,135,0.469,6.05,6.1,6,0.984,82000000,64000000,0.78,,6120,94248000000,15400000,20260908
200780,"BCWORLDPHARM Co., Ltd.",비씨월드제약,KOSDAQ,의료용 물질·의약품,2025,288,152,136,0.472,5.18,4.8,5.6,1.167,47027000,33590000,0.714,,3015,32156967915,10665661,20260908
001270,"BOOKOOK SECURITIES CO.,LTD",부국증권,KOSPI,금융·보험 관련 서비스,2025,288,215,73,0.253,6.96,7.33,5.88,0.802,263342000,74629273.97,0.283,,51500,534049129000,10369886,20260908
009770,"SAM JUNG PULP CO.,LTD.",삼정펄프,KOSPI,펄프·종이 제조,2025,287,258,29,0.101,7.6,8,4,0.5,60000000,55000000,0.917,,28350,70874177850,2499971,20260908
440110,FADU INC.,파두,KOSDAQ,전자부품·컴퓨터·통신장비,2025,287,224,63,0.22,3.58,3.57,3.62,1.014,130812500,73539682.54,0.562,,71000,3557882917000,50111027,20260908
123700,"SJM CO.,LTD",에스제이엠,KOSPI,자동차·트레일러,2025,287,278,9,0.031,23.16,23.36,16.91,0.724,91135374.1,63968444.44,0.702,,3435,53602824630,15604898,20260908
000800,KEANGNAM ENTERPRISES LTD,경남기업,,종합 건설,2025,287,263,24,0.084,10.71,11.2,5.38,0.48,89505703.42,51500000,0.575,,,,,
046940,"Woowon Development Co., Ltd.",우원개발,KOSDAQ,전문직별 공사,2025,286,278,8,0.028,6.72,6.8,4.1,0.603,76622000,43728000,0.571,,2885,52144499750,18074350,20260908
129920,"Daesung Hi-Tech Co., Ltd.",대성하이텍,KOSDAQ,기타 기계·장비,2025,286,247,39,0.136,8.59,9,6,0.667,62003000,43669000,0.704,,5060,82218401760,16248696,20260908
013120,DongwonDevelopment,동원개발,KOSDAQ,종합 건설,2025,286,265,21,0.073,6.78,7,4,0.571,72000000,45000000,0.625,,2140,194329334000,90808100,20260908
372800,ITEYES Inc.,아이티아이즈,KOSDAQ,출판업,2025,286,213,73,0.255,3.85,4.08,3.17,0.777,67618711,43822214,0.648,,2860,20126360540,7037189,20260908
175250,Icure Pharmaceutical Incorporation,아이큐어,KOSDAQ,화학물질·화학제품,2025,286,126,160,0.559,2.73,2.83,2.66,0.94,12188920.63,9551031.25,0.784,,1790,67229478720,37558368,20260908
075180,SAERONAUTOMOTIVE CORPORRATION,새론오토모티브,KOSPI,자동차·트레일러,2025,286,272,14,0.049,13.82,14.4,2.5,0.174,80932000,44123000,0.545,,2910,55872000000,19200000,20260908
023760,"Han Kook Capital Co., Ltd.",한국캐피탈,KOSDAQ,금융업,2025,285,178,107,0.375,6.49,7.5,4.8,0.64,108760000,60298000,0.554,,1402,221242312776,157804788,20260908
023600,"SAMBO CORRUGATED BOARD CO.,LTD.",삼보판지,KOSDAQ,펄프·종이 제조,2025,284,280,4,0.014,7.66,7.67,7.17,,60118000,42478000,,fewer than 5 of one sex,9320,149197356000,16008300,20260908
032300,"KOREA PHARMA Co., Ltd.",한국파마,KOSDAQ,의료용 물질·의약품,2025,284,186,98,0.345,8.49,8,9.42,1.178,76395000,50865000,0.666,,7820,85290401820,10906701,20260908
008260,"NI STEEL CO.,LTD",NI스틸,KOSPI,1차 금속,2025,283,244,39,0.138,8.32,8.65,6.25,0.723,73029000,46343000,0.635,,3415,97669399555,28600117,20260908
138080,"OE Solutions Co., Ltd.",오이솔루션,KOSDAQ,전자부품·컴퓨터·통신장비,2025,283,155,128,0.452,7.06,8.08,5.83,0.722,55843000,37569000,0.673,,21100,261170693800,12377758,20260908
206560,"Dexter studios Co., Ltd.",덱스터,KOSDAQ,영상·오디오 제작,2025,283,140,143,0.505,4.63,4.98,4.28,0.859,52942857.14,42741258.74,0.807,,944,23988678784,25411736,20260908
010660,"HWACHEON MACHINERY CO.,LTD",화천기계,KOSPI,기타 기계·장비,2025,282,251,31,0.11,14.08,14.71,8.95,0.608,82275000,56089000,0.682,,3185,70070000000,22000000,20260908
075580,"SEJIN HEAVY INDUSTRIES CO., LTD.",세진중공업,KOSPI,기타 운송장비,2025,282,265,17,0.06,6.07,6.2,4,0.645,61894000,46956000,0.759,,10310,586117891360,56849456,20260908
002310,"ASIA PAPER MANUFACTURING CO.,LTD",아세아제지,KOSPI,펄프·종이 제조,2025,281,271,10,0.036,14.28,14,22,1.571,79000000,67000000,0.848,,8920,351889629200,39449510,20260908
150900,"FASOO AI Co.,Ltd.",파수AI,KOSDAQ,출판업,2025,281,189,92,0.327,6.76,7.38,5.49,0.744,69470899.47,55086956.52,0.793,,3480,40729648560,11703922,20260908
488900,"Vitzro Nextech Co., LTD",비츠로넥스텍,KOSDAQ,기타 운송장비,2025,281,254,27,0.096,6.29,6.71,2.37,0.353,59964566.93,28037037.04,0.468,,9530,276145501790,28976443,20260908
025770,KoreaInformation&Communication,한국정보통신,KOSDAQ,통신업,2025,281,207,74,0.263,9.89,11,6.8,0.618,133628000,77375000,0.579,,7890,295435298190,37444271,20260908
002710,TCC STEEL,TCC스틸,KOSPI,1차 금속,2025,281,266,15,0.053,16.39,17,5.6,0.329,98000000,49000000,0.5,,10920,286253571240,26213697,20260908
020120,"KidariStudio, Inc.",키다리스튜디오,KOSPI,정보서비스업,2025,281,96,185,0.658,2.97,2.8,3.06,1.093,67128156.25,45493156.76,0.678,,6600,244620855600,37063766,20260908
080520,ODTech,오디텍,KOSDAQ,전자부품·컴퓨터·통신장비,2025,280,146,134,0.479,7.7,7.7,7.7,1,35000000,32000000,0.914,,2740,31023422580,11322417,20260908
065510,"Huvitz Co., Ltd.",휴비츠,KOSDAQ,의료·정밀·광학기기,2025,280,233,47,0.168,7.52,7.95,5.36,0.674,74557939.91,52723404.26,0.707,,6890,74948696550,10877895,20260908
002170,SYTS Corp.,SYTS,KOSPI,가죽·신발 제조,2025,279,199,80,0.287,5.58,5.25,6.39,1.217,55822000,44823000,0.803,,52900,158700000000,3000000,20260908
032620,GC MediAI Corporation,GC메디아이,KOSDAQ,출판업,2025,279,156,123,0.441,7.21,8.47,5.62,0.664,71832628.21,49828487.8,0.694,,3015,157374374085,52197139,20260908
000650,"CHUNIL EXPRESS CO.,LTD",천일고속,KOSPI,육상운송,2025,279,266,13,0.047,9.83,10.02,5.93,0.592,60000000,28000000,0.467,,143800,205521836000,1429220,20260908
334970,"Prestige Biologics Co., Ltd.",프레스티지바이오로직스,KOSDAQ,의료용 물질·의약품,2025,279,138,141,0.505,2.11,2.28,1.95,0.855,47351434.78,37135234.04,0.784,,1700,132179482900,77752637,20260908
009680,MOTONIC CORPORATION,모토닉,KOSPI,자동차·트레일러,2025,278,262,16,0.058,19.78,20.42,9.25,0.453,72121000,45936000,0.637,,10290,223633537260,21733094,20260908
018290,"VT Co., Ltd.",브이티,KOSDAQ,화학물질·화학제품,2025,277,44,233,0.841,2.25,4.5,1.83,0.407,71000000,43000000,0.606,,12180,425591586840,34941838,20260908
457190,"ISU SPECIALTY CHEMICAL CO., LTD.",이수스페셜티케미컬,KOSPI,화학물질·화학제품,2025,277,245,32,0.116,2.21,2.2,2.27,1.032,95702040.82,77718750,0.812,,64400,1946095356800,30218872,20260908
208860,"DASAN DMC Co., Ltd.",다산디엠씨,KOSDAQ,출판업,2025,277,209,68,0.245,0.54,0.62,0.28,0.452,17636363.64,9911764.71,0.562,,1303,44236814819,33949973,20260908
263690,DRGEM CORPORATION,디알젬,KOSDAQ,의료·정밀·광학기기,2025,276,217,59,0.214,4.41,4.51,4.05,0.898,60806451.61,43694915.25,0.719,,4985,56458165850,11325610,20260908
023000,"SAMWONSTEEL Co.,Ltd.",삼원강재,KOSPI,자동차·트레일러,2025,276,271,5,0.018,19.04,19.3,4.9,0.254,102000000,44000000,0.431,,2180,86633104080,39739956,20260908
005810,POONGSAN HOLDINGS CORPORATION,풍산홀딩스,KOSPI,금융업,2025,276,260,16,0.058,15.92,16.16,12,0.743,92495642.31,78358375,0.847,,37200,536323262400,14417292,20260908
148150,"Se Gyung Hi Tech Co., Ltd.",세경하이테크,KOSDAQ,전자부품·컴퓨터·통신장비,2025,275,226,49,0.178,4.43,4.2,5.5,1.31,54000000,42000000,0.778,,4050,143948412900,35542818,20260908
006140,"PJ ELECTRONICS CO., LTD.",피제이전자,KOSDAQ,의료·정밀·광학기기,2025,275,184,91,0.331,5.77,5.7,5.9,1.035,44000000,36000000,0.818,,4760,70757400000,14865000,20260908
351870,"Chai Communication Co., LTD.",차이커뮤니케이션,KOSDAQ,전문서비스업,2025,275,103,172,0.625,3.44,4.49,2.81,0.626,63579000,45011000,0.708,,2450,27343572900,11160642,20260908
025000,"KPX CHEMICAL CO., LTD.",KPX케미칼,KOSPI,화학물질·화학제품,2025,275,244,31,0.113,15.1,15.75,10,0.635,83741000,51825000,0.619,,53800,235574544200,4378709,20260908
271940,"ILJIN HYSOLUS Co., Ltd.",일진하이솔루스,KOSPI,기타 운송장비,2025,275,261,14,0.051,4.57,4.52,5.48,1.212,48068965.52,42357142.86,0.881,,11000,399445090000,36313190,20260908
026960,DONG SUH COMPANIES INC.,동서,KOSPI,도매·상품중개,2025,275,234,41,0.149,16.34,17.55,9.43,0.537,91605000,56220000,0.614,,25500,2542350000000,99700000,20260908
446540,"Megatouch Co., Ltd",메가터치,KOSDAQ,전기장비,2025,275,156,119,0.433,4.1,3.56,4.81,1.351,46243589.74,42084033.61,0.91,,7310,212568301410,29079111,20260908
052330,KORTEK CORPORATION,코텍,KOSDAQ,전자부품·컴퓨터·통신장비,2025,274,236,38,0.139,9.32,9.58,7.67,0.801,81000000,48000000,0.593,,11730,208343438970,17761589,20260908
425420,"TFE Co., Ltd.",티에프이,KOSDAQ,전자부품·컴퓨터·통신장비,2025,274,194,80,0.292,3.96,4.4,2.9,0.659,54000000,29000000,0.537,,51800,639583975800,12347181,20260908
480370,"CK SOLUTION Co., Ltd.",씨케이솔루션,KOSPI,기타 기계·장비,2025,274,238,36,0.131,2.44,2.45,2.34,0.955,69252100.84,47194444.44,0.681,,1588,51580475904,32481408,20260908
011760,HYUNDAI CORPORATION,현대코퍼레이션,KOSPI,도매·상품중개,2025,273,206,67,0.245,9.89,8.83,13.15,1.489,129262135.92,80462686.57,0.622,,25750,340645874500,13228966,20260908
064260,"DANAL CO., LTD.",다날,KOSDAQ,출판업,2025,273,140,133,0.487,4.15,4.59,3.68,0.802,71376000,46698000,0.654,,4960,375201466720,75645457,20260908
127710,"The Asia Business Daily Co., Ltd.",아시아경제,KOSDAQ,정보서비스업,2025,273,154,119,0.436,8.56,9,8,0.889,81196636.36,60519529.41,0.745,,1005,44269456050,44049210,20260908
009180,"Hansol Logistics CO., Ltd",한솔로지스틱스,KOSPI,창고·운송 관련,2025,273,187,86,0.315,8.26,8.5,7.75,0.912,60000000,46000000,0.767,,2775,78132414375,28155825,20260908
195500,Maniker F&G,마니커에프앤지,KOSDAQ,식료품 제조,2025,273,98,175,0.641,4.05,5.43,3.27,0.602,54401081.63,41401600,0.761,,1772,28313016000,15978000,20260908
049480,"Openbase, Inc.",오픈베이스,KOSDAQ,컴퓨터 프로그래밍·SI,2025,272,233,39,0.143,6.06,6.3,4.6,0.73,68000000,48000000,0.706,,1827,57408693741,31422383,20260908
045300,SUNGWOO TECHRON COMPANY,성우테크론,KOSDAQ,전자부품·컴퓨터·통신장비,2025,272,170,102,0.375,9.19,11.6,5.16,0.445,52118200,32511941.18,0.624,,2630,27738641560,10547012,20260908
048910,"DAEWON MEDIA CO.,LTD.",대원미디어,KOSDAQ,도매·상품중개,2025,272,95,177,0.651,4.88,6.7,3.9,0.582,50246000,41957000,0.835,,6660,83775780360,12578946,20260908
037070,PASECO CO.LTD,파세코,KOSDAQ,전기장비,2025,272,163,109,0.401,9.14,9.9,8,0.808,60170000,40481000,0.673,,5940,118800000000,20000000,20260908
328130,Lunit Inc.,루닛,KOSDAQ,출판업,2025,272,144,128,0.471,3.27,3.58,2.92,0.816,109388888.89,75039062.5,0.686,,8700,647786166000,74458180,20260908
326030,"SK biopharmaceuticals Co., Ltd.",에스케이바이오팜,KOSPI,연구개발업,2025,272,136,136,0.5,6.25,6.7,5.8,0.866,121000000,97000000,0.802,,83200,6515662400000,78313250,20260908
070080,"SAMBOAUTO. Co., Ltd",삼보오토,,자동차·트레일러,2025,272,219,53,0.195,7,7.7,4.1,0.532,50000000,42000000,0.84,,,,,
002720,"Kukje Pharma Co., Ltd.",국제약품,KOSPI,의료용 물질·의약품,2025,272,159,113,0.415,12.38,12.5,12.2,0.976,81000000,51000000,0.63,,3355,70991236360,21159832,20260908
014580,"TAEKYUNG BK CO.,LTD.",태경비케이,KOSPI,비금속 광물제품,2025,271,237,34,0.125,11.46,11.78,9.26,0.786,65692809,48147677,0.733,,3805,104953695500,27583100,20260908
001250,GS Global Corp.,GS글로벌,KOSPI,도매·상품중개,2025,271,190,81,0.299,10.63,10.9,10,0.917,123000000,62000000,0.504,,2635,217476468140,82533764,20260908
101970,"WOOYANG HC CO.,LTD.",우양에이치씨,KOSDAQ,금속가공제품,2025,270,249,21,0.078,10.61,10.58,10.92,1.032,68281771.08,48977904.76,0.717,,10630,157217795670,14790009,20260908
067570,NVH KOREA INC.,엔브이에이치코리아,KOSDAQ,자동차·트레일러,2025,270,245,25,0.093,10.07,10.48,6.07,0.579,92752000,66164000,0.713,,1694,71435980000,42170000,20260908
490470,SemiFive Inc.,세미파이브,KOSDAQ,건축기술·엔지니어링,2025,270,200,70,0.259,3.63,3.67,3.5,0.954,114000000,78000000,0.684,,15930,542025259200,34025440,20260908
092300,"HYUNWOOINDUSTRIALCO.,LTD",현우산업,KOSDAQ,전자부품·컴퓨터·통신장비,2025,269,192,77,0.286,7.17,7.2,7.1,0.986,54044000,45082000,0.834,,2495,50273928145,20149871,20260908
056700,SHINWHA INTERTEK CORP.,신화인터텍,KOSDAQ,고무·플라스틱,2025,269,218,51,0.19,7.74,8.2,5.8,0.707,64244000,48925000,0.762,,1425,41517504675,29135091,20260908
277880,"TSI Co., Ltd.",티에스아이,KOSDAQ,기타 기계·장비,2025,269,235,34,0.126,3.16,3.23,2.71,0.839,68000000,55000000,0.809,,3570,70840266840,19843212,20260908
008270,KDB CAPITAL CORPORATION,산은캐피탈,,금융업,2025,269,174,95,0.353,12.13,11.38,13.5,1.186,134827586.21,96000000,0.712,,,,,
388210,"CMTX Co.,Ltd.",씨엠티엑스,KOSDAQ,전자부품·컴퓨터·통신장비,2025,269,219,50,0.186,1.8,1.75,2,1.143,59000000,49000000,0.831,,71300,688361429400,9654438,20260908
078890,"KAON Group Co., Ltd.",가온그룹,KOSDAQ,전자부품·컴퓨터·통신장비,2025,267,225,42,0.157,4.92,5.08,4.08,0.803,79000000,46000000,0.582,,4180,77016261740,18424943,20260908
040910,"ICD Co.,Ltd",아이씨디,KOSDAQ,기타 기계·장비,2025,267,248,19,0.071,8.07,8.36,4.34,0.519,66000000,43000000,0.652,,4355,79148967625,18174275,20260908
090470,JAS Robotics Inc.,제이스로보틱스,KOSDAQ,기타 기계·장비,2025,267,244,23,0.086,7.8,8,5.7,0.713,63000000,41000000,0.651,,4465,78032992210,17476594,20260908
238490,"HIMS CO., LTD.",힘스,KOSDAQ,기타 기계·장비,2025,266,235,31,0.117,6.64,6.7,6.2,0.925,62611000,50933000,0.813,,2400,27149366400,11312236,20260908
356890,"CyberOne Co., Ltd.",싸이버원,KOSDAQ,출판업,2025,265,208,57,0.215,3.61,3.75,3.08,0.821,45000000,37000000,0.822,,2340,27971950500,11953825,20260908
003010,HAEIN CORPORATION,혜인,KOSPI,도매·상품중개,2025,264,228,36,0.136,12.64,12.75,11.92,0.935,68000000,54000000,0.794,,8660,110092389020,12712747,20260908
445090,"ASICLAND Co.,Ltd",에이직랜드,KOSDAQ,전자부품·컴퓨터·통신장비,2025,264,197,67,0.254,3.48,3.58,3.17,0.885,74000000,58000000,0.784,,20650,225614837700,10925658,20260908
204270,"JNTC CO.,LTD.",제이앤티씨,KOSDAQ,전자부품·컴퓨터·통신장비,2025,264,214,50,0.189,9.84,9.24,12.4,1.342,59051401.87,42400000,0.718,,20150,1165646589900,57848466,20260908
008830,DaedongGear,대동기어,KOSDAQ,기타 기계·장비,2025,264,253,11,0.042,7.72,7.84,4.88,0.622,79055000,45850000,0.58,,6430,123339719880,19181916,20260908
053580,WebCash Corporation,웹케시,KOSDAQ,출판업,2025,264,179,85,0.322,8.72,9.58,6.92,0.722,65000000,49000000,0.754,,7130,92365128680,12954436,20260908
084730,ThinkwareSystemsCorporation,팅크웨어,KOSDAQ,전자부품·컴퓨터·통신장비,2025,263,213,50,0.19,5.9,6.5,3.33,0.512,52000000,42000000,0.808,,6420,71322502080,11109424,20260908
282880,"COWINTECH Co., Ltd",코윈테크,KOSDAQ,기타 기계·장비,2025,263,240,23,0.087,3.83,4,2,0.5,66000000,43000000,0.652,,9900,115771411800,11694082,20260908
289010,"i-Scream Edu Co., Ltd.",아이스크림에듀,KOSDAQ,출판업,2025,263,102,161,0.612,5.09,5.4,4.9,0.907,60000000,45000000,0.75,,945,13178266920,13945256,20260908
160190,"HIGEN RNM CO., LTD",하이젠알앤엠,KOSDAQ,전기장비,2025,262,242,20,0.076,11.79,12.36,4.86,0.393,79104268.6,39098250,0.494,,23650,730501200000,30888000,20260908
443250,RevuCorporation Inc,레뷰코퍼레이션,KOSDAQ,전문서비스업,2025,262,116,146,0.557,4.49,4.96,4.12,0.831,58631000,38195000,0.651,,5820,62913134940,10809817,20260908
399720,"GAONCHIPS CO., LTD.",가온칩스,KOSDAQ,전자부품·컴퓨터·통신장비,2025,261,213,48,0.184,3.84,3.89,3.61,0.928,84000000,61000000,0.726,,42050,498664390200,11858844,20260908
171090,"SUNIC SYSTEM Co., Ltd.",선익시스템,KOSDAQ,기타 기계·장비,2025,261,231,30,0.115,5.67,5.77,4.87,0.844,77000000,48000000,0.623,,67200,680576467200,10127626,20260908
017250,IntermCorporation,인터엠,KOSDAQ,전자부품·컴퓨터·통신장비,2025,261,154,107,0.41,9.33,9.9,8.5,0.859,47790000,37681000,0.788,,1034,21761012878,21045467,20260908
044340,WINIX INC.,위닉스,KOSDAQ,전기장비,2025,261,197,64,0.245,8.85,8.58,9.67,1.127,68754000,50587000,0.736,,3230,57731162750,17873425,20260908
119830,"ITEK, Inc.",아이텍,KOSDAQ,기타 과학기술 서비스,2025,260,163,97,0.373,5.45,5.3,5.7,1.075,53000000,43000000,0.811,,6190,164273537840,26538536,20260908
011330,"UNICHEM CO.,LTD",유니켐,KOSPI,자동차·트레일러,2025,260,135,125,0.481,4.57,5,4.1,0.82,47000000,31000000,0.66,,4370,43782081710,10018783,20260908
028100,Dong-Ah Geological Engineering Company LTD.,동아지질,KOSPI,전문직별 공사,2025,260,243,17,0.065,12.86,13.28,6.88,0.518,79962962.96,48235294.12,0.603,,17810,199865903770,11222117,20260908
084870,"TBH GLOBAL CO.,LTD",티비에이치글로벌,KOSPI,의복 제조,2025,259,119,140,0.541,8.11,9.59,6.85,0.714,47427840.34,39055821.43,0.823,,2170,44394415520,20458256,20260908
014710,"SAJO SEA FOOD CO.,LTD",사조씨푸드,KOSPI,식료품 제조,2025,259,192,67,0.259,6.88,7.2,5.97,0.829,52532432.29,36695044.78,0.699,,10520,181139072360,17218543,20260908
088800,Ace Technologies Corp.,에이스테크,KOSDAQ,전자부품·컴퓨터·통신장비,2025,259,183,76,0.293,5.89,7.05,3.09,0.438,37000000,15000000,0.405,,1769,133570881746,75506434,20260908
016800,FURSYS INC,퍼시스,KOSPI,가구 제조,2025,259,144,115,0.444,8.19,9.27,6.83,0.737,51951796.3,41035150.3,0.79,,27200,312800000000,11500000,20260908
393210,"TOMATOSYSTEM Co., Ltd.",토마토시스템,KOSDAQ,출판업,2025,259,160,99,0.382,5.01,5.17,4.75,0.919,54000000,50000000,0.926,,2285,35679233040,15614544,20260908
272110,"KnJ Co.,Ltd.",케이엔제이,KOSDAQ,전자부품·컴퓨터·통신장비,2025,259,221,38,0.147,3.05,3.2,2.2,0.688,54000000,41000000,0.759,,24800,199029796000,8025395,20260908
299030,"HANA TECHNOLOGY CO.,LTD.",하나기술,KOSDAQ,기타 기계·장비,2025,258,232,26,0.101,4.13,4.17,3.75,0.899,70000000,56000000,0.8,,13860,110809452600,7994910,20260908
021040,dhSteel,대호특수강,KOSDAQ,1차 금속,2025,258,243,15,0.058,12.95,13.45,4.87,0.362,79190440.33,41343866.67,0.522,,938,20359078012,21704774,20260908
048770,TPC Robotics Corporation,TPC로보틱스,KOSDAQ,기타 기계·장비,2025,258,229,29,0.112,10.23,10.07,11.5,1.142,55219000,48485000,0.878,,4315,67736831165,15697991,20260908
053290,"NE Neungyule, Inc.",NE능률,KOSDAQ,출판업,2025,258,76,182,0.705,7.09,7.8,6.8,0.872,60000000,49000000,0.817,,1641,27119669787,16526307,20260908
034830,"Korea Real Estate Investment & Trust Co., Ltd",한국토지신탁,KOSPI,금융업,2025,258,201,57,0.221,7.82,7.4,9.3,1.257,131000000,98000000,0.748,,1200,302987076000,252489230,20260908
145170,Nobland International Inc.,노브랜드,KOSDAQ,의복 제조,2025,258,116,142,0.55,7.39,7.67,7.17,0.935,67000000,56000000,0.836,,2725,46075403625,16908405,20260908
048430,"YURA TECH. CO., LTD.",유라테크,KOSDAQ,전기장비,2025,257,215,42,0.163,12.38,12.5,11.75,0.94,77363000,66890000,0.865,,6310,72691200000,11520000,20260908
168360,PEMTRON Corporation,펨트론,KOSDAQ,기타 기계·장비,2025,257,219,38,0.148,5.01,5.1,4.5,0.882,53000000,41000000,0.774,,12890,288640059730,22392557,20260908
005420,"COSMOCHEMICALCO.,LTD",코스모화학,KOSPI,화학물질·화학제품,2025,257,238,19,0.074,,,,,97000000,48000000,0.495,,10160,390227596480,38408228,20260908
169330,"Macromill Embrain Co., Ltd.",엠브레인,KOSDAQ,전문서비스업,2025,256,76,180,0.703,5.17,7.39,4.23,0.572,66868421.05,46450000,0.695,,1300,23811993400,18316918,20260908
234100,"Sewon Co.,Ltd",폴라리스세원,KOSDAQ,자동차·트레일러,2025,256,162,94,0.367,5.32,5.17,5.58,1.079,48000000,40000000,0.833,,2780,40592548080,14601636,20260908
216050,"Incross Co.,Ltd.",인크로스,KOSDAQ,전문서비스업,2025,255,122,133,0.522,4.68,4.6,4.76,1.035,61704311.48,50786225.56,0.823,,5110,62334958420,12198622,20260908
126640,"HWASHIN PRECISION CO., LTD.",화신정공,KOSDAQ,자동차·트레일러,2025,255,245,10,0.039,10.49,10.6,7.9,0.745,85000000,59000000,0.694,,4415,154771842650,35055910,20260908
454910,Doosan Robotics Inc.,두산로보틱스,KOSPI,기타 기계·장비,2025,255,200,55,0.216,3.85,4,3.3,0.825,76000000,59000000,0.776,,69300,4492024614000,64819980,20260908
256150,"Handok Clean Tech Co., Ltd.",한독크린텍,KOSDAQ,기타 기계·장비,2025,254,172,82,0.323,5.19,4.95,5.69,1.149,50463587.21,41300926.83,0.818,,4745,39834275000,8395000,20260908
260870,SK Signet Inc.,SK시그넷,KONEX,전기장비,2025,254,208,46,0.181,3.49,3.5,3.42,0.977,69125000,50015000,0.724,,8090,184293314650,22780385,20260908
331740,"Autocrypt Co., Ltd.",아우토크립트,KOSDAQ,출판업,2025,254,196,58,0.228,2.6,2.67,2.35,0.88,59153061.22,41689655.17,0.705,,6460,62991401860,9750991,20260908
462350,"INNOSPACE Co., Ltd.",이노스페이스,KOSDAQ,기타 운송장비,2025,253,210,43,0.17,2.25,2.31,1.93,0.835,63000000,50000000,0.794,,5940,201256537680,33881572,20260908
322180,"LS THiRA-UTECH CO.,LTD",LS티라유텍,KOSDAQ,출판업,2025,253,212,41,0.162,5.11,5.24,4.46,0.851,68768528.3,50423560.98,0.733,,3920,84264735520,21496106,20260908
373170,"MICUBE SOLUTION, INC.",엠아이큐브솔루션,KOSDAQ,출판업,2025,253,201,52,0.206,4.17,4.17,4.17,1,59867000,45070000,0.753,,2060,31134407400,15113790,20260908
043650,"KOOK SOON DANG CO.,LTD",국순당,KOSDAQ,음료 제조,2025,252,181,71,0.282,11.67,12.92,8.5,0.658,57000000,43000000,0.754,,3590,64111311360,17858304,20260908
009460,"HANCHANG PAPER CO.,LTD",한창제지,KOSPI,펄프·종이 제조,2025,252,237,15,0.06,13.98,14.16,11.1,0.784,59329113.92,41000000,0.691,,2715,33502247490,12339686,20260908
007980,TP Inc.,TP,KOSPI,의복 제조,2025,252,111,141,0.56,8.96,10.17,8,0.787,46987000,56050000,1.193,,1709,80147571150,46897350,20260908
236200,Suprema Inc.,슈프리마,KOSDAQ,전자부품·컴퓨터·통신장비,2025,251,192,59,0.235,5.02,5.33,4,0.75,83000000,59000000,0.711,,49900,348018118900,6974311,20260908
066130,HAATZ Inc.,하츠,KOSDAQ,전기장비,2025,251,210,41,0.163,9.77,10.03,8.42,0.839,62000000,49000000,0.79,,3450,44160000000,12800000,20260908
104460,"DYPNF CO.,LTD",디와이피엔에프,KOSDAQ,기타 기계·장비,2025,251,207,44,0.175,4.76,4.83,4.42,0.915,79024000,49123000,0.622,,7240,76151051240,10518101,20260908
065370,"WISE iTech Co., Ltd.",위세아이텍,KOSDAQ,출판업,2025,251,185,66,0.263,4.47,4.43,4.6,1.038,47029000,40756000,0.867,,3010,22225701540,7383954,20260908
002820,"SUN&L CO.,LTD",SUN&L,KOSPI,고무·플라스틱,2025,251,140,111,0.442,7.81,6.98,8.85,1.268,51457142.86,45981981.98,0.894,,1579,19047799116,12063204,20260908
064290,"INTEKPLUS CO., LTD",인텍플러스,KOSDAQ,기타 기계·장비,2025,251,231,20,0.08,7.83,8,5.83,0.729,59000000,39000000,0.661,,41250,534500092500,12957578,20260908
289220,GIANTSTEP Inc.,자이언트스텝,KOSDAQ,영상·오디오 제작,2025,251,131,120,0.478,3.56,4.09,2.98,0.729,57900763.36,44983333.33,0.777,,1037,23137773177,22312221,20260908
475040,"StradVision, Inc.",스트라드비젼,KOSDAQ,출판업,2025,251,194,57,0.227,4.08,4.23,3.55,0.839,101288659.79,54298245.61,0.536,,3350,180314828700,53825322,20260908
336570,"WON TECH CO.,Ltd.",원텍,KOSDAQ,의료·정밀·광학기기,2025,250,179,71,0.284,4.47,4.92,3.33,0.677,59000000,49000000,0.831,,4950,441939197700,89280646,20260908
263800,"Datasolution, Inc.",데이타솔루션,KOSDAQ,도매·상품중개,2025,250,161,89,0.356,5.01,5.25,4.58,0.872,65898000,49112000,0.745,,4700,76259286000,16225380,20260908
017370,"WOOSHIN SYSTEMS CO.,LTD",우신시스템,KOSPI,기타 기계·장비,2025,250,215,35,0.14,10.86,11.06,9.66,0.873,64894600,48440142.86,0.746,,3495,64007618730,18314054,20260908
131030,"OPTUS Pharmaceutical Co., Ltd.",옵투스제약,KOSDAQ,의료용 물질·의약품,2025,250,149,101,0.404,3.98,3.98,3.98,1,59000000,47000000,0.797,,5660,99879699400,17646590,20260908
092070,"DNFCo.,Ltd.",디엔에프,KOSDAQ,화학물질·화학제품,2025,250,231,19,0.076,10.02,10.29,6.68,0.649,64646333.33,51417421.05,0.795,,12400,143491039200,11571858,20260908
010170,"TAIHAN Fiberoptics Co.,LTD",대한광통신,KOSDAQ,전기장비,2025,250,217,33,0.132,5.96,6.03,5.49,0.91,61423963.13,50636363.64,0.824,,13700,2130153542000,155485660,20260908
081180,"SEC co.,ltd.",쎄크,KOSDAQ,기타 기계·장비,2025,249,220,29,0.116,4.7,4.59,5.55,1.209,49362669,39285178,0.796,,5320,46951846200,8825535,20260908
377450,"REFINE Co., Ltd.",리파인,KOSDAQ,정보서비스업,2025,249,106,143,0.574,5.34,4.67,5.83,1.248,59922000,47706000,0.796,,16940,293570200000,17330000,20260908
077500,UNIQUEST COPORATION,유니퀘스트,KOSPI,도매·상품중개,2025,248,190,58,0.234,6.63,7.25,4.58,0.632,85000000,60000000,0.706,,7080,152928722160,21600102,20260908
000220,"Yuyu Pharma, Inc.",유유제약,KOSPI,의료용 물질·의약품,2025,248,160,88,0.355,5.85,6.6,4.5,0.682,68000000,49000000,0.721,,3880,61100152560,15747462,20260908
003350,"HANKOOK COSMETICS MANUFACTURING CO.,LTD",한국화장품제조,KOSPI,화학물질·화학제품,2025,247,155,92,0.372,7.39,7.42,7.33,0.988,72000000,58000000,0.806,,13010,294806600000,22660000,20260908
057540,"OmnisystemCo.,Ltd",옴니시스템,KOSDAQ,의료·정밀·광학기기,2025,247,166,81,0.328,7.3,7.64,6.61,0.865,52692012.8,37737349.14,0.716,,587,34864435316,59394268,20260908
114840,"iFamilySC Co,. Ltd.",아이패밀리에스씨,KOSDAQ,화학물질·화학제품,2025,247,34,213,0.862,3.9,6.42,3.5,0.545,108000000,55000000,0.509,,8990,149965651150,16681385,20260908
065450,"VICTEK. Co., Ltd.",빅텍,KOSDAQ,의료·정밀·광학기기,2025,247,208,39,0.158,8.72,9.55,4.29,0.449,56254807.69,33589743.59,0.597,,2805,82735727415,29495803,20260908
134580,"Topco Media Co.,Ltd.",탑코미디어,KOSDAQ,정보서비스업,2025,247,132,115,0.466,0.73,0.66,0.81,1.227,35892840.91,31497086.96,0.878,,3095,152565391155,49294149,20260908
071280,RORZE SYSTEMS CORPORATION,로체시스템즈,KOSDAQ,기타 기계·장비,2025,246,236,10,0.041,8.56,8.64,6.6,0.764,66747000,53635000,0.804,,6980,106770288940,15296603,20260908
219130,"TIGER ELEC CO.,LTD.",타이거일렉,KOSDAQ,전자부품·컴퓨터·통신장비,2025,246,198,48,0.195,4.42,4.42,4.42,1,49946000,41995000,0.841,,62300,393380267000,6314290,20260908
071200,"INFINITT Healthcare Co., Ltd.",인피니트헬스케어,KOSDAQ,출판업,2025,246,194,52,0.211,10.68,11.1,9.1,0.82,60000000,42000000,0.7,,8700,212249184600,24396458,20260908
095190,"SHINHWAPRITECH CO., LTD.",신화프리텍,KOSDAQ,금속가공제품,2025,245,228,17,0.069,6.91,7.1,4.4,0.62,61000000,43000000,0.705,,1883,122885449946,65260462,20260908
458650,"SUNGWOO CO., LTD",성우,KOSDAQ,전기장비,2025,245,171,74,0.302,5.8,6.12,5.06,0.827,55555555.56,35243243.24,0.634,,7700,115851659000,15045670,20260908
101360,"Eco&Dream Co., Ltd.",에코앤드림,KOSDAQ,전기장비,2025,245,220,25,0.102,2.49,2.3,4.2,1.826,38000000,36000000,0.947,,8130,144601106820,17786114,20260908
069410,"nTelsCo.,Ltd.",엔텔스,KOSDAQ,출판업,2025,244,186,58,0.238,8.27,9.2,5.3,0.576,70000000,41000000,0.586,,2630,26943887120,10244824,20260908
100840,"SNTEnergy Co.,Ltd.",SNT에너지,KOSPI,기타 기계·장비,2025,244,229,15,0.061,12.95,13.3,7.6,0.571,84950000,63834000,0.751,,36600,756916657800,20680783,20260908
216080,"JETEMA Co.,Ltd.",제테마,KOSDAQ,의료용 물질·의약품,2025,244,123,121,0.496,3.17,3.48,2.85,0.819,4966957.95,3990539.96,0.803,,6550,244230498450,37287099,20260908
039340,"The Korea Economic Broadcasting CO.,LTD.",한국경제TV,KOSDAQ,방송업,2025,244,165,79,0.324,11.55,14,6.42,0.459,67000000,40000000,0.597,,4925,108350000000,22000000,20260908
034940,"ChoA Pharmaceutical Co., LTD.",조아제약,KOSDAQ,의료용 물질·의약품,2025,243,180,63,0.259,10.52,10,12,1.2,66210000,51596000,0.779,,2825,17503601125,6195965,20260908
224110,"ATEC MOBILITY Co., Ltd",에이텍모빌리티,KOSDAQ,전자부품·컴퓨터·통신장비,2025,243,191,52,0.214,3.51,3.7,2.8,0.757,50000000,36000000,0.72,,8860,45012219960,5080386,20260908
053620,TAEYANG Corporation,태양,KOSDAQ,금속가공제품,2025,242,162,80,0.331,,,,,63000000,35000000,0.556,,6870,59082000000,8600000,20260908
271830,"PAMTEK CO., LTD.",팸텍,KOSDAQ,기타 기계·장비,2025,242,222,20,0.083,4.17,4.1,5,1.22,45338765000,36384175000,0.802,,1003,29578672606,29490202,20260908
088340,URACLE. Co. Ltd,유라클,KOSDAQ,출판업,2025,242,183,59,0.244,4.82,4.95,4.41,0.891,73728278.69,51139796.61,0.694,,6870,29983208160,4364368,20260908
047400,Union Materials Corp.,유니온머티리얼,KOSPI,비금속 광물제품,2025,242,220,22,0.091,19.44,19.57,18.09,0.924,83750000,67636363.64,0.808,,901,37842000000,42000000,20260908
005030,"PUSAN CAST IRON CO.,LTD",부산주공,KOSPI,자동차·트레일러,2025,241,236,5,0.021,12.85,13,6,0.462,61000000,35000000,0.574,,486,45092532168,92782988,20260908
086040,"BiotoxtechCo.,Ltd.",바이오톡스텍,KOSDAQ,연구개발업,2025,241,110,131,0.544,3.46,2.97,3.87,1.303,46418181.82,47534351.15,1.024,,2385,38060419095,15958247,20260908
004090,KOREA PETROLEUM INDUSTRIES COMPANY,한국석유공업,KOSPI,비금속 광물제품,2025,241,205,36,0.149,9.15,9.92,4.78,0.482,67987080.95,43091908.78,0.634,,11530,146363203600,12694120,20260908
007590,DONGBANG AGRO CORP,동방아그로,KOSPI,화학물질·화학제품,2025,241,218,23,0.095,13.43,13.5,12.8,0.948,72466000,50830000,0.701,,5580,75986079660,13617577,20260908
025820,"LEEKU INDUSTRIAL CO.,LTD",이구산업,KOSPI,1차 금속,2025,240,234,6,0.025,8.99,9,8.4,0.933,69221000,55589000,0.803,,4520,151157840000,33442000,20260908
012700,"The LEADCORP, Inc.",리드코프,KOSDAQ,도매·상품중개,2025,240,153,87,0.363,9.12,10.53,6.63,0.63,53383267.97,43556977.01,0.816,,2970,77204710440,25994852,20260908
061040,"RFTECH CO., LTD",알에프텍,KOSDAQ,전자부품·컴퓨터·통신장비,2025,240,176,64,0.267,8.73,8.6,9.1,1.058,64000000,36000000,0.563,,7470,67590225810,9048223,20260908
071460,"WINIA Co., Ltd.",위니아,,전기장비,2025,240,229,11,0.046,26.46,27.13,12.41,0.457,85930960.7,71750090.91,0.835,,,,,
057680,"T Scientific Co.,Ltd",티사이언티픽,KOSDAQ,출판업,2025,239,181,58,0.243,3.84,3.87,3.74,0.966,53077348.07,37120689.66,0.699,,1741,27495454569,15792909,20260908
115440,"Woori-Net Co., Ltd.",우리넷,KOSDAQ,전자부품·컴퓨터·통신장비,2025,239,225,14,0.059,6.96,7,6.4,0.914,65795000,46661000,0.709,,7310,78906274520,10794292,20260908
024120,"KB Autosys Co.,Ltd",KB오토시스,KOSDAQ,자동차·트레일러,2025,238,180,58,0.244,7.27,8,5,0.625,74189000,46269000,0.624,,3075,35362500000,11500000,20260908
322000,"HD HYUNDAI ENERGY SOLUTIONS CO.,LTD.",HD현대에너지솔루션,KOSPI,전자부품·컴퓨터·통신장비,2025,238,201,37,0.155,10.01,10.9,5.2,0.477,96355000,54766000,0.568,,134000,1500800000000,11200000,20260908
234300,"STraffic Co.,Ltd.",에스트래픽,KOSDAQ,컴퓨터 프로그래밍·SI,2025,238,212,26,0.109,5.16,5.31,3.97,0.748,85297169.81,60230769.23,0.706,,3340,90873985200,27207780,20260908
014570,"KOREAN DRUG CO., LTD.",고려제약,KOSDAQ,의료용 물질·의약품,2025,238,141,97,0.408,9.16,11.21,6.18,0.551,66330446.81,40529494.85,0.611,,3455,38005000000,11000000,20260908
297890,"HB SOLUTION CO.,LTD.",HB솔루션,KOSDAQ,기타 기계·장비,2025,238,213,25,0.105,7.65,7.73,6.94,0.898,77192488.26,55200000,0.715,,1650,120682508100,73140914,20260908
053950,"KYUNG NAM PHARM.CO.,LTD.",경남제약,KOSDAQ,의료용 물질·의약품,2025,238,162,76,0.319,8.64,7.4,11.28,1.524,57037037.04,46578947.37,0.817,,2210,43359424290,19619649,20260908
048830,"NPK CO.,LTD",엔피케이,KOSDAQ,화학물질·화학제품,2025,237,224,13,0.055,7.68,7.8,5.6,0.718,50000000,30000000,0.6,,1028,19248192844,18723923,20260908
340570,"T&L Co., LTD.",티앤엘,KOSDAQ,의료용 물질·의약품,2025,237,160,77,0.325,4.88,5.18,4.26,0.822,81737500,66974025.97,0.819,,28200,453177384000,16070120,20260908
110990,DIT Corp.,디아이티,KOSDAQ,기타 기계·장비,2025,237,221,16,0.068,5,5,5,1,80000000,49000000,0.613,,15650,295785000000,18900000,20260908
060590,"CTC BIO, INC.",씨티씨바이오,KOSDAQ,의료용 물질·의약품,2025,237,155,82,0.346,5.75,5.84,5.58,0.955,50360689.61,40077920.95,0.796,,3060,73993921200,24181020,20260908
039610,"HS VALVE CO., LTD",화성밸브,KOSDAQ,기타 기계·장비,2025,236,185,51,0.216,9.18,9.23,9,0.975,40965854.05,33318490.2,0.813,,6010,62566504000,10410400,20260908
014830,"UNID CO.,LTD",유니드,KOSPI,화학물질·화학제품,2025,236,205,31,0.131,14.38,15,10.3,0.687,123069000,67214000,0.546,,63700,431096120000,6767600,20260908
134380,"MIWON CHEMICALS CO., LTD.",미원화학,KOSPI,화학물질·화학제품,2025,235,197,38,0.162,9.02,9.05,8.87,0.98,79654822.34,68947368.42,0.866,,10100,222126068000,21992680,20260908
029460,"KC CO., LTD.",케이씨,KOSPI,의료·정밀·광학기기,2025,235,211,24,0.102,6.31,6.36,5.87,0.923,82971364.93,70641333.33,0.851,,38100,419882383500,11020535,20260908
160980,CYMECHS Inc.,싸이맥스,KOSDAQ,기타 기계·장비,2025,235,207,28,0.119,5.28,5.44,4.09,0.752,69236000,55436000,0.801,,22300,243610618900,10924243,20260908
009190,"DAIYANG METAL CO.,LTD",대양금속,KOSPI,1차 금속,2025,235,205,30,0.128,6.05,6.2,5,0.806,66229000,45033000,0.68,,1299,57138171225,43986275,20260908
101680,"HNK MACHINE TOOL CO.,LTD.",한국정밀기계,KOSDAQ,기타 기계·장비,2025,234,224,10,0.043,16.96,17,16,0.941,70000000,55000000,0.786,,2735,22984940000,8404000,20260908
014440,"YOUNGBO CHEMICAL CO.,LTD",영보화학,KOSPI,고무·플라스틱,2025,234,225,9,0.038,19.22,19.42,14.17,0.73,99817000,76106000,0.762,,4755,95100000000,20000000,20260908
348350,"WITHTECH, Inc.",위드텍,KOSDAQ,의료·정밀·광학기기,2025,234,206,28,0.12,7.43,7.42,7.5,1.011,57413000,52893000,0.921,,9510,92946936000,9773600,20260908
047560,ESTsoftCorp.,이스트소프트,KOSDAQ,출판업,2025,234,138,96,0.41,3.98,3.67,4.42,1.204,72000000,50000000,0.694,,7740,90968854680,11753082,20260908
015260,AUTOMOBILE & PCB,에이엔피,KOSPI,전자부품·컴퓨터·통신장비,2025,233,110,123,0.528,4.68,4.5,4.85,1.078,45801436.36,34856918.7,0.761,,320,15077406080,47116894,20260908
003100,"SUN KWANG Co.,Ltd",선광,KOSDAQ,창고·운송 관련,2025,233,221,12,0.052,11.39,11.02,18.3,1.661,87891402.71,80000000,0.91,,20700,136620000000,6600000,20260908
214180,"Hecto Innovation Co., Ltd.",헥토이노베이션,KOSDAQ,정보서비스업,2025,232,140,92,0.397,2.9,3.1,2.6,0.839,75000000,55000000,0.733,,14310,185935081770,12993367,20260908
126600,"BGFecomaterials CO., LTD.",BGF에코머티리얼즈,KOSDAQ,화학물질·화학제품,2025,232,208,24,0.103,5.25,5.39,4.02,0.746,49923076.92,35583333.33,0.713,,2890,181396338110,62766899,20260908
039010,"HYUNDAI HT CO,LTD.",현대에이치티,KOSDAQ,전자부품·컴퓨터·통신장비,2025,232,192,40,0.172,6.66,6.4,7.9,1.234,36800000,28374000,0.771,,8280,71415000000,8625000,20260908
125020,"TC Materials Co., Ltd.",티씨머티리얼즈,KOSDAQ,전기장비,2025,232,208,24,0.103,5.07,4.83,7.17,1.484,52142639,42202714,0.809,,6110,214085540500,35038550,20260908
010580,"SM BEXEL CO.,LTD",에스엠벡셀,KOSPI,자동차·트레일러,2025,232,202,30,0.129,15.64,16.8,7.8,0.464,66817643.56,43438000,0.65,,2095,233072437200,111251760,20260908
005900,DONGYANG ENGINEERING & CONSTRUCT CORP.,동양건설산업,,종합 건설,2025,232,226,6,0.026,3.82,3.83,3.51,0.916,82551000,30340000,0.368,,,,,
085910,"NEOTECHNICALSYSTEMCO.,LTD",네오티스,KOSDAQ,자동차·트레일러,2025,231,178,53,0.229,5.56,5.1,7.09,1.39,50591000,44427000,0.878,,13530,186643887540,13794818,20260908
004250,National Plastic Company Limited,엔피씨,KOSPI,고무·플라스틱,2025,231,203,28,0.121,8.18,8.7,4.43,0.509,75737950.74,43933142.86,0.58,,2970,109058400000,36720000,20260908
004410,"SEOUL FOOD IND CO.,LTD",서울식품공업,KOSPI,식료품 제조,2025,231,134,97,0.42,7.36,7.99,6.5,0.814,51988373.13,41072154.64,0.79,,1190,46951465470,39455013,20260908
080530,"KODI Co.,LTD.",코디,KOSDAQ,화학물질·화학제품,2025,231,82,149,0.645,2.88,3.4,2.6,0.765,47458000,30959000,0.652,,2565,28398869460,11071684,20260908
004440,"SAMIL C&S CO.,LTD",삼일씨엔에스,KOSPI,비금속 광물제품,2025,231,211,20,0.087,11.97,12.83,2.95,0.23,57118483.41,37400000,0.655,,5350,68115916450,12731947,20260908
043610,KT GENIE MUSIC CORPORATION,KT지니뮤직,KOSDAQ,방송업,2025,230,94,136,0.591,8.21,9.3,7.46,0.802,81510638.3,54294117.65,0.666,,1182,68692447716,58115438,20260908
290120,"DH AUTOLEAD Co.,Ltd.",DH오토리드,KOSDAQ,자동차·트레일러,2025,230,199,31,0.135,5.45,5.5,5.1,0.927,68638000,49183000,0.717,,2225,35211018825,15825177,20260908
089890,"KOSES Co.,Ltd",코세스,KOSDAQ,기타 기계·장비,2025,229,217,12,0.052,7.56,7.62,6.39,0.839,57031489,34184603,0.599,,22500,373161645000,16584962,20260908
033540,Paratech Company Limited,파라텍,KOSDAQ,기타 기계·장비,2025,229,182,47,0.205,5.58,5.79,4.79,0.827,49461538.46,44297872.34,0.896,,3190,33333158540,10449266,20260908
076080,"WELCRON HANTEC CO.,LTD.",웰크론한텍,KOSDAQ,종합 건설,2025,229,202,27,0.118,5.52,5.56,5.22,0.939,74539603.96,51888888.89,0.696,,1140,25757337840,22594156,20260908
004720,"PharmGen Science, Inc.",팜젠사이언스,KOSPI,의료용 물질·의약품,2025,229,149,80,0.349,8.14,8,8.4,1.05,77318000,60212000,0.779,,2995,67849823175,22654365,20260908
008870,"KUMBI CO.,LTD",금비,KOSPI,비금속 광물제품,2025,228,172,56,0.246,12.38,12.9,10.77,0.835,57054000,51118000,0.896,,40250,40250000000,1000000,20260908
093380,"PUNGKANGCO.,LTD",풍강,KOSDAQ,금속가공제품,2025,228,207,21,0.092,11.01,11.08,10.33,0.932,59884000,41201000,0.688,,3075,30378887475,9879313,20260908
032540,"TJ MEDIA CO.,LTD",TJ미디어,KOSDAQ,전자부품·컴퓨터·통신장비,2025,228,127,101,0.443,8.89,11.1,6.1,0.55,71000000,41000000,0.577,,3655,76380044515,20897413,20260908
024070,"WISCOM CO.,LTD",WISCOM,KOSPI,고무·플라스틱,2025,228,218,10,0.044,15.49,15.7,10.8,0.688,72000000,49000000,0.681,,1901,29135558638,15326438,20260908
086710,"SUNJIN BEAUTY SCIENCE CO., LTD.",선진뷰티사이언스,KOSDAQ,화학물질·화학제품,2025,228,128,100,0.439,2.95,3.9,1.74,0.446,52692343.75,44789010,0.85,,6980,85178894400,12203280,20260908
260660,"KOREA ARLICO PHARM CO.,LTD.",알리코제약,KOSDAQ,의료용 물질·의약품,2025,228,136,92,0.404,5.14,5.3,4.9,0.925,57000000,47000000,0.825,,2660,40769875860,15327021,20260908
092040,"Amicogen, Inc.",아미코젠,KOSDAQ,식료품 제조,2025,228,163,65,0.285,6.29,6.6,5.5,0.833,52000000,44000000,0.846,,1000,70655387000,70655387,20260908
413640,"BI MATRIX Co., Ltd.",비아이매트릭스,KOSDAQ,출판업,2025,228,164,64,0.281,4.88,5.36,3.64,0.679,89664634.15,60890625,0.679,,5850,42160599000,7206940,20260908
072870,"MegaStudyCo.,Ltd.",메가스터디,KOSDAQ,출판업,2025,227,52,175,0.771,4.68,5.3,4.5,0.849,65943000,45131000,0.684,,13110,156283772490,11920959,20260908
241770,"MECARO.CO.,LTD.",메카로,KOSDAQ,전자부품·컴퓨터·통신장비,2025,227,209,18,0.079,4.28,4.17,5.58,1.338,60000000,54000000,0.9,,42350,431658304000,10192640,20260908
000890,"BOHAE BREWERY CO.,LTD",보해양조,KOSPI,음료 제조,2025,227,183,44,0.194,13.14,13.28,12.55,0.945,56813748.69,43546231.5,0.766,,1389,38369770725,27624025,20260908
081000,"ILJIN DIAMOND CO., LTD.",일진다이아,KOSPI,화학물질·화학제품,2025,226,203,23,0.102,14.71,15.3,9.5,0.621,58071000,46433000,0.8,,9800,139189155000,14202975,20260908
228850,"RAYENCE CO.,LTD.",레이언스,KOSDAQ,의료·정밀·광학기기,2025,225,170,55,0.244,5.8,6.17,4.67,0.757,70893000,47831000,0.675,,7050,116966648700,16591014,20260908
032190,DAOU DATA CORP.,다우데이타,KOSDAQ,도매·상품중개,2025,225,143,82,0.364,6.47,6.84,5.82,0.851,64090909.09,45853658.54,0.715,,19840,759872000000,38300000,20260908
177830,"PAVONINE CO., LTD.",파버나인,KOSDAQ,전자부품·컴퓨터·통신장비,2025,224,152,72,0.321,7.54,7.6,7.4,0.974,41478000,29688000,0.716,,2185,24747294705,11325993,20260908
058730,"Development Advance Solution Co., Ltd.",다스코,KOSPI,금속가공제품,2025,224,199,25,0.112,5.77,5.42,8.53,1.574,59422120.6,55524480,0.934,,3510,71081891010,20251251,20260908
036560,KZ Precision Corporation,KZ정밀,KOSDAQ,기타 기계·장비,2025,224,206,18,0.08,10.81,10.92,9.5,0.87,84703883.5,66333333.33,0.783,,12260,193095000000,15750000,20260908
035150,"BAIKSAN CO.,LTD",백산,KOSPI,고무·플라스틱,2025,224,201,23,0.103,9.58,9.4,11.2,1.191,54195000,47609000,0.878,,10840,214318496360,19771079,20260908
001290,"SANGSANGININVESTMENT&SECURITIES CO.,LTD.",상상인증권,KOSPI,금융·보험 관련 서비스,2025,224,156,68,0.304,8.39,8.17,8.91,1.091,129282051.28,103558823.53,0.801,,1010,109420491200,108337120,20260908
482630,SAMYANG NC Chem Corp.,삼양엔씨켐,KOSDAQ,화학물질·화학제품,2025,223,185,38,0.17,4.36,4.38,4.26,0.973,64820556.76,45875052.63,0.708,,12150,265942602000,21888280,20260908
058630,MGAME CORP.,엠게임,KOSDAQ,출판업,2025,223,171,52,0.233,6.64,7.26,4.61,0.635,65410228.07,52980750,0.81,,3995,74996433130,18772574,20260908
255440,"YAS Co., Ltd",야스,KOSDAQ,기타 기계·장비,2025,223,201,22,0.099,7.62,7.58,8,1.055,62777000,46576000,0.742,,6910,90230780000,13058000,20260908
003610,"PANGRIM CO.,LTD",방림,KOSPI,섬유제품 제조,2025,222,179,43,0.194,11.02,11.5,9,0.783,59317000,42464000,0.716,,5490,176288171220,32110778,20260908
066700,"THERAGEN ETEX CO.,LTD.",테라젠이텍스,KOSDAQ,의료용 물질·의약품,2025,222,118,104,0.468,5.63,6.1,5.1,0.836,58000000,42000000,0.724,,2090,77648465840,37152376,20260908
452280,"HANSUN ENGINEERING CO., LTD.",한선엔지니어링,KOSDAQ,금속가공제품,2025,222,167,55,0.248,4.01,4,4.04,1.01,44149053.89,39142381.82,0.887,,10140,195171373800,19247670,20260908
234340,"Hecto Financial Co., Ltd.",헥토파이낸셜,KOSDAQ,금융·보험 관련 서비스,2025,222,131,91,0.41,3.27,3.61,2.78,0.77,67442061.07,46124032.97,0.684,,23400,326913350400,13970656,20260908
064820,CAPE INDUSTRIES LTD.,케이프,KOSDAQ,기타 운송장비,2025,221,211,10,0.045,5.95,6,5,0.833,46000000,48000000,1.043,,7620,235154838300,30860215,20260908
072950,"VISSEM Electronics Co., Ltd.",빛샘전자,KOSDAQ,전자부품·컴퓨터·통신장비,2025,221,142,79,0.357,9.29,9.83,8.33,0.847,61962000,43221000,0.698,,8640,69574550400,8052610,20260908
000910,UNION CORPORATION,유니온,KOSPI,비금속 광물제품,2025,221,200,21,0.095,15.61,16.4,8.1,0.494,78000000,54000000,0.692,,2920,45585927480,15611619,20260908
322310,"AUROS TECHNOLOGY, INC.",오로스테크놀로지,KOSDAQ,기타 기계·장비,2025,221,178,43,0.195,4.28,4.4,3.8,0.864,72373000,50726000,0.701,,12580,117831098360,9366542,20260908
005360,"MONAMI CO.,LTD",모나미,KOSPI,도매·상품중개,2025,221,130,91,0.412,4.01,4.88,2.77,0.568,60935076.92,37807571.43,0.62,,1323,25001137161,18897307,20260908
448710,"COTS Technology Co., Ltd.",코츠테크놀로지,KOSDAQ,전자부품·컴퓨터·통신장비,2025,221,188,33,0.149,3.54,4,0.9,0.225,60477000,34549000,0.571,,11180,59089564560,5285292,20260908
418470,"kt millie seojae Co.,Ltd",KT밀리의서재,KOSDAQ,출판업,2025,221,98,123,0.557,2.34,2.67,2.08,0.779,97000000,67000000,0.691,,9510,81460653390,8565789,20260908
049550,"INKTEC CO., LTD.",잉크테크,KOSDAQ,화학물질·화학제품,2025,221,179,42,0.19,7.9,7.57,9.3,1.229,54717950.39,45773716.79,0.837,,3445,67543624265,19606277,20260908
330350,"Withus Pharmaceutical. Co., LTD",위더스제약,KOSDAQ,의료용 물질·의약품,2025,220,127,93,0.423,6.69,7.39,5.74,0.777,60922669.29,41702612.9,0.685,,7750,102297520000,13199680,20260908
030960,Yangjisa,양지사,KOSDAQ,인쇄·기록매체,2025,219,102,117,0.534,7.37,7.8,7,0.897,42000000,29000000,0.69,,4760,76064800000,15980000,20260908
036890,JINSUNG T.E.C,진성티이씨,KOSDAQ,기타 기계·장비,2025,219,205,14,0.064,11.93,12.08,9.67,0.8,80396906,54603205,0.679,,12830,282678553090,22032623,20260908
068290,"SAMSUNG PUBLISHING CO.,LTD",삼성출판사,KOSPI,출판업,2025,219,33,186,0.849,5.24,10.83,4.25,0.392,69000000,34000000,0.493,,6210,62100000000,10000000,20260908
263860,"GENIANS, INC.",지니언스,KOSDAQ,출판업,2025,219,169,50,0.228,6.09,6.5,4.7,0.723,84114000,57497000,0.684,,15380,139644248000,9079600,20260908
007370,"JIN YANG PHARMACEUTICAL. CO., LTD",진양제약,KOSDAQ,의료용 물질·의약품,2025,219,128,91,0.416,6.57,8.58,3.75,0.437,68000000,45000000,0.662,,4005,56609020935,14134587,20260908
306040,"SJ Group Co., Ltd.",에스제이그룹,KOSDAQ,가죽·신발 제조,2025,218,62,156,0.716,2.71,3,2.6,0.867,56281000,49139000,0.873,,1756,16308049264,9287044,20260908
086220,"Kwangdong Healthbio Co., Ltd.",광동헬스바이오,KONEX,식료품 제조,2025,218,104,114,0.523,5.17,5,5.33,1.066,46000000,34000000,0.739,,922,11698211530,12687865,20260908
405100,Quality Reliability Technology Inc.,큐알티,KOSDAQ,기타 과학기술 서비스,2025,218,161,57,0.261,5.54,5.8,4.8,0.828,92462000,68742000,0.743,,13630,167503172630,12289301,20260908
053060,SAE DONG CO. LTD,세동,KOSDAQ,자동차·트레일러,2025,217,185,32,0.147,14.05,13.31,18.31,1.376,64129729.73,62062500,0.968,,1244,21965829236,17657419,20260908
019770,"SEOYON TOPMETAL CO., LTD.",서연탑메탈,KOSDAQ,기타 기계·장비,2025,217,211,6,0.028,10.54,10.63,7.43,0.699,73426222.75,124320666.67,1.693,,3280,38212000000,11650000,20260908
053080,"K-ENSOL CO., LTD.",케이엔솔,KOSDAQ,기타 기계·장비,2025,217,193,24,0.111,4.89,5.01,3.91,0.78,58808290.16,49416666.67,0.84,,8880,115438286160,12999807,20260908
082270,"GemVax & KAEL Co.,Ltd.",젬백스,KOSDAQ,기타 기계·장비,2025,217,151,66,0.304,7.12,7.58,6.08,0.802,49000000,42000000,0.857,,10110,447561642330,44269203,20260908
071090,"HISTEEL CO., LTD",하이스틸,KOSPI,1차 금속,2025,216,198,18,0.083,6.65,6.82,4.72,0.692,47730000,33971000,0.712,,3165,63906005715,20191471,20260908
038540,"Sangsangin Co., Ltd.",상상인,KOSDAQ,컴퓨터 프로그래밍·SI,2025,216,198,18,0.083,6.67,6.67,6.67,1,65000000,48000000,0.738,,1950,107890210350,55328313,20260908
035600,"KGINICIS CO.,LTD.",KG이니시스,KOSDAQ,출판업,2025,216,129,87,0.403,4.04,4,4.1,1.025,60000000,46000000,0.767,,10180,280504138120,27554434,20260908
001810,"MOORIM SP CO., LTD.",무림SP,KOSDAQ,펄프·종이 제조,2025,216,206,10,0.046,15.31,15.3,15.5,1.013,82000000,54000000,0.659,,1188,26299350000,22137500,20260908
092460,"HANLA IMS Co., LTD",한라IMS,KOSDAQ,기타 운송장비,2025,216,185,31,0.144,8.41,8.58,7.42,0.865,74075604,52656404,0.711,,16730,286244946400,17109680,20260908
203650,"Dream Security Co.,Ltd.",드림시큐리티,KOSDAQ,출판업,2025,216,155,61,0.282,3.78,3.45,4.61,1.336,55797496.77,46400393.44,0.832,,2035,206968624940,101704484,20260908
026150,TuksuConstruction,특수건설,KOSDAQ,종합 건설,2025,216,204,12,0.056,10.83,11,8,0.727,71000000,40000000,0.563,,3940,69132544140,17546331,20260908
372910,Hancom Lifecare Inc.,한컴라이프케어,KOSPI,의료·정밀·광학기기,2025,215,138,77,0.358,8.12,7.58,9.08,1.198,61000000,41000000,0.672,,1860,51474395160,27674406,20260908
016100,"LEADERS COSMETICS CO., LTD.",리더스코스메틱,KOSDAQ,펄프·종이 제조,2025,215,165,50,0.233,7.52,8.51,4.26,0.501,65872727.27,36700000,0.557,,1205,23016577270,19100894,20260908
104040,DSM Corporation,디에스엠,KOSDAQ,자동차·트레일러,2025,215,163,52,0.242,6.74,7.73,3.64,0.471,61954895.71,39269423.08,0.634,,2395,64218488175,26813565,20260908
102120,"ABOV Semiconductor Co.,Ltd.",어보브반도체,KOSDAQ,전자부품·컴퓨터·통신장비,2025,215,172,43,0.2,7.52,7.8,6.4,0.821,111454000,71050000,0.637,,6840,121620350520,17780753,20260908
337930,XEXYMIX Corporation,젝시믹스,KOSDAQ,정보서비스업,2025,215,66,149,0.693,3.34,3.6,3.23,0.897,80213515.15,51320523.49,0.64,,2570,76268540750,29676475,20260908
396270,"Nextchip Co., Ltd.",넥스트칩,KOSDAQ,전자부품·컴퓨터·통신장비,2025,214,163,51,0.238,4.85,4.9,4.7,0.959,62000000,51000000,0.823,,2030,66761484930,32887431,20260908
099440,"SMEC CO.,LTD",스맥,KOSDAQ,기타 기계·장비,2025,214,187,27,0.126,4.5,4.67,3.33,0.713,74700732.62,53324666.67,0.714,,3880,264784368720,68243394,20260908
173940,"FNC ENTERTAINMENT Co., Ltd.",에프엔씨엔터,KOSDAQ,창작·예술·여가,2025,213,74,139,0.653,3.47,5.3,2.5,0.472,59437000,38340000,0.645,,2060,31709184480,15392808,20260908
072130,UANGEL CORPORATION,유엔젤,KOSPI,정보서비스업,2025,213,161,52,0.244,11.41,12.75,7.25,0.569,86161000,75822000,0.88,,5120,65000724480,12695454,20260908
303530,INNODEP INC.,이노뎁,KOSDAQ,출판업,2025,213,174,39,0.183,3.49,3.33,4.23,1.27,64000000,50000000,0.781,,2985,21907807515,7339299,20260908
012690,"MONALISA CO.,LTD",모나리자,KOSPI,펄프·종이 제조,2025,213,184,29,0.136,10.89,11.67,5.92,0.507,60941527,39860447,0.654,,1491,54527741205,36571255,20260908
257990,"NOWCOS CO., LTD",나우코스,,화학물질·화학제품,2025,213,104,109,0.512,4.01,3.5,4.5,1.286,46337000,37018000,0.799,,,,,
294570,coocon Corporation,쿠콘,KOSDAQ,정보서비스업,2025,212,127,85,0.401,7.1,7.83,6,0.766,64000000,49000000,0.766,,28450,287109775400,10091732,20260908
347770,PIMS Inc.,핌스,KOSDAQ,전자부품·컴퓨터·통신장비,2025,210,184,26,0.124,2.59,2.55,2.85,1.118,51144652.17,38656269.23,0.756,,916,20756287032,22659702,20260908
005090,"SGC Energy Co.,Ltd.",SGC에너지,KOSPI,전기·가스·증기,2025,210,185,25,0.119,9.37,9.77,6.38,0.653,84410810.81,55400000,0.656,,53800,775222115400,14409333,20260908
446070,"UNID btplus Co., Ltd.",유니드비티플러스,KOSPI,목재 제조,2025,210,194,16,0.076,16.71,17.2,10.8,0.628,83478000,54208000,0.649,,3780,40110392700,10611215,20260908
232140,YC Corporation,와이씨,KOSDAQ,기타 기계·장비,2025,210,188,22,0.105,5.58,5.5,6.25,1.136,61000000,55000000,0.902,,11490,942701071500,82045350,20260908
092130,"e-Credible Co., Ltd.",이크레더블,KOSDAQ,정보서비스업,2025,209,100,109,0.522,7.4,6.3,8.4,1.333,81000000,58000000,0.716,,14420,173668712000,12043600,20260908
080470,"SUNGCHANG AUTOTECH CO.,LTD.",성창오토텍,KOSDAQ,자동차·트레일러,2025,209,133,76,0.364,6.54,6.1,7.3,1.197,63075000,40691000,0.645,,2865,20914500000,7300000,20260908
006570,"DAELIM TRADING CO.,LTD",대림통상,KOSPI,금속가공제품,2025,209,168,41,0.196,10.18,10.9,7.25,0.665,45380952.38,36341463.41,0.801,,1924,29292900000,15225000,20260908
000050,KYUNGBANG LTD,경방,KOSPI,소매업,2025,208,123,85,0.409,6.52,7.59,4.97,0.655,62170707.32,42899670.59,0.69,,8140,223160297800,27415270,20260908
004080,"SHINHUNG CO.,LTD",신흥,KOSPI,도매·상품중개,2025,208,151,57,0.274,9.88,11.31,6.09,0.538,61363841.06,44931736.84,0.732,,14000,130200000000,9300000,20260908
463020,NEWEN AI,뉴엔AI,KOSDAQ,출판업,2025,208,93,115,0.553,5.36,6.17,4.7,0.762,61319376.34,42883913.04,0.699,,8250,74144400000,8987200,20260908
079900,"JUNJIN CONSTRUCTION & ROBOT CO., LTD.",전진건설로봇,KOSPI,기타 기계·장비,2025,208,194,14,0.067,8.3,8.45,6.18,0.731,78575000,56940000,0.725,,41000,598294345000,14592545,20260908
033310,"M2N Co.,Ltd",엠투엔,KOSDAQ,전자부품·컴퓨터·통신장비,2025,208,97,111,0.534,8.39,10.33,6.7,0.649,66297216.49,42394972.97,0.639,,1449,57920088744,39972456,20260908
067010,"ECSTELECOMCo.,Ltd.",이씨에스,KOSDAQ,컴퓨터 프로그래밍·SI,2025,207,184,23,0.111,7.57,7.67,6.75,0.88,83508000,71179000,0.852,,2545,27711232500,10888500,20260908
069640,"HANSAEMK CO.,LTD.",한세엠케이,KOSPI,소매업,2025,207,82,125,0.604,6.01,7.1,5.3,0.746,70000000,57000000,0.814,,1348,29299428388,21735481,20260908
059090,MiCo Ltd.,미코,KOSDAQ,전자부품·컴퓨터·통신장비,2025,207,154,53,0.256,4.39,4.74,3.37,0.711,61428571.43,43584905.66,0.71,,18090,604509514020,33416778,20260908
004890,"DONGIL INDUSTRIES CO.,LTD",동일산업,KOSPI,1차 금속,2025,207,201,6,0.029,15.97,16.2,8.1,0.5,65000000,40000000,0.615,,36000,87307740000,2425215,20260908
058820,"CMG Pharmaceutical Co., Ltd.",CMG제약,KOSDAQ,의료용 물질·의약품,2025,206,108,98,0.476,4.97,5.21,4.7,0.902,73473000,51090000,0.695,,636,94206581616,148123556,20260908
065130,Top Engineering Company Limited,탑엔지니어링,KOSDAQ,기타 기계·장비,2025,206,176,30,0.146,7.12,7.4,5.5,0.743,60186000,36084000,0.6,,2820,45131280000,16004000,20260908
083420,"GREEN CHEMICAL CO.,LTD.",그린케미칼,KOSPI,화학물질·화학제품,2025,206,190,16,0.078,9.12,9.26,7.4,0.799,90094736.84,56000000,0.622,,4730,113520000000,24000000,20260908
034590,INCHON CITY GAS,인천도시가스,KOSPI,전기·가스·증기,2025,206,193,13,0.063,19.51,19.6,18.1,0.923,96886000,74213000,0.766,,26650,116587194100,4374754,20260908
159010,"ASFLOW CO.,LTD.",아스플로,KOSDAQ,기타 기계·장비,2025,205,170,35,0.171,3.98,3.6,5.8,1.611,57701000,49784000,0.863,,23300,310699418700,13334739,20260908
333620,"Nsys Co., Ltd.",엔시스,KOSDAQ,전기장비,2025,205,181,24,0.117,3.07,3.07,3.08,1.003,66159000,46764000,0.707,,5350,58838818500,10997910,20260908
033230,"INSUNG INFORMATION CO., LTD",인성정보,KOSDAQ,컴퓨터 프로그래밍·SI,2025,205,176,29,0.141,5.83,5.94,5.16,0.869,63431818.18,46758620.69,0.737,,1027,51879295260,50515380,20260908
353590,AUTO& Inc.,오토앤,KOSDAQ,자동차 판매,2025,205,133,72,0.351,3.76,3.8,3.7,0.974,54042000,38536000,0.713,,1646,21193188220,12875570,20260908
090360,"Robostar Co.,Ltd.",로보스타,KOSDAQ,기타 기계·장비,2025,204,185,19,0.093,6.92,7.25,3.75,0.517,52000000,42000000,0.808,,74900,730275000000,9750000,20260908
070590,"Inticube Co., Ltd.",인티큐브,KOSDAQ,컴퓨터 프로그래밍·SI,2025,204,153,51,0.25,8.75,9,8,0.889,81000000,67000000,0.827,,2100,29146994100,13879521,20260908
036670,Samyang KCI Corporation,삼양케이씨아이,KOSDAQ,화학물질·화학제품,2025,204,156,48,0.235,7.6,8.68,4.11,0.474,74680772.24,52648735.81,0.705,,5060,54446612000,10760200,20260908
190650,"KOREA ASSET INVESTMENT SECURITIES CO.,LTD.",코리아에셋투자증권,KOSDAQ,금융·보험 관련 서비스,2025,204,141,63,0.309,4.22,4.19,4.3,1.026,144535028.37,82740111.11,0.572,,6820,43566160000,6388000,20260908
126340,"VINA TECH CO.,LTD",비나텍,KOSDAQ,전기장비,2025,203,160,43,0.212,4.39,4.3,4.72,1.098,58257368.75,48367953.49,0.83,,62200,446621750800,7180414,20260908
094170,"DONGWOON ANATECH CO.,LTD.",동운아나텍,KOSDAQ,전자부품·컴퓨터·통신장비,2025,203,157,46,0.227,4.57,4.85,3.6,0.742,104202579.62,62718260.87,0.602,,28000,585478208000,20909936,20260908
170030,"HYUNDAI INDUSTRIAL CO.,LTD",현대공업,KOSDAQ,자동차·트레일러,2025,203,186,17,0.084,10.88,10.7,12.8,1.196,87000000,73000000,0.839,,4745,72788300000,15340000,20260908
303810,"DongKook Life Science Co., Ltd.",동국생명과학,KOSDAQ,의료용 물질·의약품,2025,203,151,52,0.256,4.26,4.5,3.55,0.789,69647000,49719000,0.714,,2245,71804394300,31984140,20260908
483650,"d'Alba Global Co., Ltd.",달바글로벌,KOSPI,화학물질·화학제품,2025,203,31,172,0.847,1.68,1.6,1.7,1.063,128000000,151000000,1.18,,182800,2289737262000,12525915,20260908
347860,Alchera Inc.,알체라,KOSDAQ,출판업,2025,203,125,78,0.384,1.15,1.28,0.94,0.734,37976000,21000000,0.553,,1297,54673280159,42153647,20260908
017040,"KWANG MYUNG ELECTRIC CO.,LTD",광명전기,KOSPI,전기장비,2025,203,193,10,0.049,10.25,10.15,12.23,1.205,54073170.98,40987000,0.758,,932,40390657180,43337615,20260908
001390,KG Chemical Corporation,KG케미칼,KOSPI,화학물질·화학제품,2025,201,170,31,0.154,13.46,13,16,1.231,73000000,55000000,0.753,,4475,297156271100,66403636,20260908
120240,"Daejung Chemicals & Metals Co., Ltd",대정화금,KOSDAQ,화학물질·화학제품,2025,201,141,60,0.299,6.92,6.5,7.9,1.215,50740000,35896000,0.707,,14760,106130171160,7190391,20260908
402030,KONAN TECHNOLOGY INCORPORATION,코난테크놀로지,KOSDAQ,출판업,2025,201,146,55,0.274,5.88,5.58,6.66,1.194,72551630.14,51636163.64,0.712,,13630,170613361440,12517488,20260908
053980,"OSANGJAIEL Co., Ltd",오상자이엘,KOSDAQ,출판업,2025,201,175,26,0.129,6.41,6.5,5.8,0.892,67710000,49919000,0.737,,2425,46033248775,18982783,20260908
214370,"CAREGEN CO.,LTD.",케어젠,KOSDAQ,의료용 물질·의약품,2025,201,120,81,0.403,4.03,4.33,3.58,0.827,54000000,46000000,0.852,,44600,2395689000000,53715000,20260908
024090,DCM CORP,디씨엠,KOSPI,1차 금속,2025,201,189,12,0.06,11.04,11.2,8.5,0.759,73457000,57680000,0.785,,11780,134292000000,11400000,20260908
037640,GS ENTEC Corp.,지에스엔텍,,금속가공제품,2025,201,181,20,0.1,12.2,12.47,9.8,0.786,66218861.88,41402800,0.625,,,,,
264660,"C&G Hi Tech Co., Ltd",씨앤지하이테크,KOSDAQ,기타 기계·장비,2025,200,190,10,0.05,6.26,6,11.17,1.862,79000000,75000000,0.949,,13140,127736200080,9721172,20260908
021820,"SEWON PRECISION INDUSTRY CO.,LTD",세원정공,KOSPI,자동차·트레일러,2025,199,193,6,0.03,15.03,15.26,7.55,0.495,77323000,49129000,0.635,,10400,104000000000,10000000,20260908
060720,"KH VATEC Co., LTD",KH바텍,KOSDAQ,전자부품·컴퓨터·통신장비,2025,199,189,10,0.05,8.67,8.8,6.2,0.705,62000000,56000000,0.903,,10990,260215087580,23677442,20260908
002070,VIVIEN CORPORATION,비비안,KOSPI,의복 제조,2025,199,107,92,0.462,9.77,10,9.5,0.95,52168486,40149905,0.77,,5170,24825306000,4801800,20260908
178320,"SEOJIN SYSTEM CO.,LTD",서진시스템,KOSDAQ,전기장비,2025,199,168,31,0.156,4.05,3.92,4.75,1.212,58150000,37635000,0.647,,35000,2228759470000,63678842,20260908
277410,INSAN Inc.,인산가,KOSDAQ,식료품 제조,2025,199,60,139,0.698,6.53,6.83,6.4,0.937,67901000,40713187.05,0.6,,5480,21049502000,3841150,20260908
452450,"PIE CO., LTD.",피아이이,KOSDAQ,기타 기계·장비,2025,199,179,20,0.101,1.97,2,1.7,0.85,60000000,53000000,0.883,,4320,155643120000,36028500,20260908
079970,"TOBESOFT Co., Ltd.",투비소프트,KOSDAQ,출판업,2025,198,135,63,0.318,7.9,8.58,6.45,0.752,62671170.37,57410142.86,0.916,,596,7646223464,12829234,20260908
336370,Solus Advanced Materials Co. Ltd.,솔루스첨단소재,KOSPI,전자부품·컴퓨터·통신장비,2025,198,147,51,0.258,4.14,4.4,3.39,0.77,101918367.35,73588235.29,0.722,,7250,509039160500,70212298,20260908
003080,"SBSUNGBO Co., Ltd.",SB성보,KOSPI,화학물질·화학제품,2025,197,142,55,0.279,10.36,11.7,6.9,0.59,59566000,40862000,0.686,,2240,44844800000,20020000,20260908
226400,"OSTEONIC Co., Ltd.",오스테오닉,KOSDAQ,의료·정밀·광학기기,2025,197,99,98,0.497,3.46,3.83,3.08,0.804,51000000,32000000,0.627,,4205,86882032205,20661601,20260908
071950,"KOAS CO., LTD",코아스,KOSPI,가구 제조,2025,197,166,31,0.157,,,,,39662650.6,35580645.16,0.897,,1977,28585828515,14459195,20260908
189690,"FORCS Co., Ltd.",포시에스,KOSDAQ,출판업,2025,197,114,83,0.421,6.09,6.33,5.75,0.908,60306000,45581000,0.756,,1536,41966544384,27321969,20260908
098120,"Micro Contact Solution Co.,Ltd.",마이크로컨텍솔,KOSDAQ,전자부품·컴퓨터·통신장비,2025,196,104,92,0.469,4.81,4.89,4.71,0.963,65153846.15,43847826.09,0.673,,46550,386959257300,8312766,20260908
262260,"APRO Co., LTD",에이프로,KOSDAQ,전기장비,2025,196,166,30,0.153,3.3,3.27,3.45,1.055,63612608.43,40212200,0.632,,3765,56767389900,15077660,20260908
051490,"NARA MOLD AND DIE CO., LTD.",나라엠앤디,KOSDAQ,기타 기계·장비,2025,196,192,4,0.02,12.9,12.97,9.33,,79215000,58482000,,fewer than 5 of one sex,2710,38482000000,14200000,20260908
123420,"Wemade Play Co., Ltd.",위메이드플레이,KOSDAQ,출판업,2025,196,104,92,0.469,4.11,4.5,3.67,0.816,77238000,57175000,0.74,,6320,65734579120,10401041,20260908
198080,"CAP Co.,Ltd.",캐프,KOSDAQ,전자부품·컴퓨터·통신장비,2025,196,114,82,0.418,12.59,12.16,13.18,1.084,58412140.35,42986146.34,0.736,,2155,46408323675,21535185,20260908
003550,LG Corp.,LG,KOSPI,금융업,2025,195,152,43,0.221,4.3,4.08,5.08,1.245,197000000,118000000,0.599,,118900,17976729275600,151192004,20260908
368600,"ICH Co., Ltd.",아이씨에이치,KOSDAQ,전자부품·컴퓨터·통신장비,2025,195,156,39,0.2,2.33,2.35,2.23,0.949,57000000,39000000,0.684,,1105,28503933575,25795415,20260908
031990,DaesunSipbuilding&Engineering,대선조선,,기타 운송장비,2025,195,183,12,0.062,10.28,10.51,6.83,0.65,67901666.67,30999000,0.457,,,,,
055550,"SHINHAN FINANCIAL GROUP CO.,LTD",신한지주,KOSPI,금융업,2025,195,145,50,0.256,3.44,3.08,4.5,1.461,187000000,152000000,0.813,,113200,53141767054800,469450239,20260908
030720,"DONGWON FISHERIES CO.,LTD",동원수산,KOSPI,어업,2025,195,158,37,0.19,7.36,6.53,10.93,1.674,94130556.96,45524432.43,0.484,,5100,23734405500,4653805,20260908
405920,"NARA CELLAR Co.,Ltd.",나라셀라,KOSDAQ,도매·상품중개,2025,194,82,112,0.577,5.46,5.52,5.41,0.98,53134146.34,49428571.43,0.93,,1762,22691169912,12878076,20260908
086390,UniTestInc.,유니테스트,KOSDAQ,기타 기계·장비,2025,194,167,27,0.139,9.05,9.2,8.1,0.88,75000000,63000000,0.84,,11040,233320751040,21134126,20260908
072020,CHOONG ANG VACCINE LABORATORY,중앙백신,KOSDAQ,의료용 물질·의약품,2025,194,126,68,0.351,9.74,9,11.1,1.233,61000000,50000000,0.82,,9290,85995495490,9256781,20260908
450140,KOLON MOBILITY GROUP CORPORATION,코오롱모빌리티그룹,,자동차 판매,2025,194,159,35,0.18,7.02,7.2,6.2,0.861,85000000,68000000,0.8,,,,,
382480,"G.I.Tech Co.,Ltd.",지아이텍,KOSDAQ,기타 기계·장비,2025,194,170,24,0.124,2.27,2.07,3.67,1.773,49591341.18,38976833.33,0.786,,1616,63601138240,39357140,20260908
003120,"ILSUNG IS CO., LTD.",일성아이에스,KOSPI,의료용 물질·의약품,2025,194,107,87,0.448,6.03,6.89,4.98,0.723,61629000,39666000,0.644,,20750,275975000000,13300000,20260908
130740,"TPC CO., LTD",티피씨글로벌,KOSDAQ,자동차·트레일러,2025,193,151,42,0.218,7.33,8.42,3.42,0.406,47000000,36000000,0.766,,1987,22406761173,11276679,20260908
017650,DaelimPaper,대림제지,KOSDAQ,펄프·종이 제조,2025,193,183,10,0.052,7.88,7.9,7.5,0.949,59071000,45383000,0.768,,10650,93560250000,8785000,20260908
092190,"SEOUL VIOSYS CO., LTD.",서울바이오시스,KOSDAQ,전자부품·컴퓨터·통신장비,2025,193,133,60,0.311,7.8,7.47,8.52,1.141,64556390.98,50600000,0.784,,7740,355021284420,45868383,20260908
046070,"KODACO CO., LTD",코다코,KOSDAQ,자동차·트레일러,2025,193,159,34,0.176,10.34,10.5,9.58,0.912,59203000,48858000,0.825,,82300,1160395104800,14099576,20260908
199150,Data Streams Corp.,데이터스트림즈,KONEX,출판업,2025,192,154,38,0.198,6.24,6.7,4.4,0.657,67000000,51000000,0.761,,1690,7213955970,4268613,20260908
023450,"DONGNAMCHEMICALCO.,LTE.",동남합성,KOSPI,화학물질·화학제품,2025,192,170,22,0.115,5.77,5.7,6.3,1.105,60000000,52000000,0.867,,31800,111300000000,3500000,20260908
092730,"NeopharmCO.,LTD.",네오팜,KOSDAQ,화학물질·화학제품,2025,192,91,101,0.526,4.95,6,4,0.667,77000000,51000000,0.662,,21900,351012959100,16027989,20260908
101240,"CQV Co., Ltd.",씨큐브,KOSDAQ,화학물질·화학제품,2025,191,180,11,0.058,10.37,10.56,7.32,0.693,77930000,53788000,0.69,,3480,39522540960,11357052,20260908
300080,Flitto Inc.,플리토,KOSDAQ,정보서비스업,2025,191,82,109,0.571,2.44,2.9,2.1,0.724,63084000,42030000,0.666,,8850,146073241350,16505451,20260908
033100,"CHERYONG ELECTRIC CO.,LTD.",제룡전기,KOSDAQ,전기장비,2025,190,183,7,0.037,7.81,7.8,8.2,1.051,81824000,70770000,0.865,,45000,722808405000,16062409,20260908
264450,Ubiquoss Inc.,유비쿼스,KOSDAQ,전자부품·컴퓨터·통신장비,2025,190,170,20,0.105,5.59,5.7,4.7,0.825,81582000,63737000,0.781,,10140,148708099020,14665493,20260908
065570,"Samyung ENC Co., Ltd.",삼영이엔씨,KOSDAQ,전자부품·컴퓨터·통신장비,2025,190,122,68,0.358,10.71,11.25,9.75,0.867,45000000,26000000,0.578,,764,12295692232,16093838,20260908
381620,"ZENIX ROBOTICS CO.,LTD",제닉스로보틱스,KOSDAQ,기타 기계·장비,2025,190,176,14,0.074,3.57,3.67,2.25,0.613,44751000,35049000,0.783,,5970,78313982400,13117920,20260908
086890,"ISU Abxis Co., Ltd.",이수앱지스,KOSDAQ,의료용 물질·의약품,2025,190,95,95,0.5,4.91,5.31,4.5,0.847,66842105.26,53042105.26,0.794,,3405,138838677510,40774942,20260908
093920,"SEOWONINTECH.CO.,LTD",서원인텍,KOSDAQ,전자부품·컴퓨터·통신장비,2025,189,117,72,0.381,11.12,11.92,9.83,0.825,47206000,32588000,0.69,,4850,90210000000,18600000,20260908
073110,"LMS Co.,Ltd.",엘엠에스,KOSDAQ,전자부품·컴퓨터·통신장비,2025,189,153,36,0.19,7.79,8.33,5.5,0.66,53000000,44000000,0.83,,5040,44834605200,8895755,20260908
004450,"SAMHWA CROWN & CLOSURE CO.,LTD",삼화왕관,KOSPI,금속가공제품,2025,189,170,19,0.101,13.97,13.9,14.6,1.05,90000000,49000000,0.544,,28050,60430330950,2154379,20260908
352090,"Stormtec Co.,Ltd",스톰테크,KOSDAQ,고무·플라스틱,2025,189,34,155,0.82,7.02,8.83,6.62,0.75,63382617.65,41829296.77,0.66,,3710,99698822580,26872998,20260908
060570,Dreamus Company,드림어스컴퍼니,KOSDAQ,방송업,2025,189,83,106,0.561,4.18,4.8,3.7,0.771,78000000,55000000,0.705,,3820,56613599480,14820314,20260908
017000,ShinwonConstruction,신원종합개발,KOSDAQ,종합 건설,2025,189,172,17,0.09,4.41,4.39,4.61,1.05,60947674.42,41647058.82,0.683,,2400,28003264800,11668027,20260908
005670,FOODWELL CORPORATION,푸드웰,KOSDAQ,식료품 제조,2025,188,109,79,0.42,9.52,9.1,10.1,1.11,56143000,43682000,0.778,,6340,63400000000,10000000,20260908
224760,"NSCompany CO., LTD.",엔에스컴퍼니,KONEX,종합 건설,2025,188,174,14,0.074,4.9,5.13,2.1,0.409,48464263.75,28956725.86,0.597,,2535,9987139500,3939700,20260908
147760,Protec Mems Technology Inc.,피엠티,KOSDAQ,의료·정밀·광학기기,2025,188,164,24,0.128,5.19,5.58,2.5,0.448,58000000,39000000,0.672,,3070,61400000000,20000000,20260908
044990,H&SHigh Tech Corp.,에이치엔에스하이텍,KOSDAQ,전자부품·컴퓨터·통신장비,2025,188,143,45,0.239,5.48,5.88,4.19,0.713,62174825.17,46466666.67,0.747,,10800,83002590000,7685425,20260908
068790,"DMS Co.,Ltd.",DMS,KOSDAQ,기타 기계·장비,2025,188,154,34,0.181,6.39,7,3.6,0.514,66000000,46000000,0.697,,6610,149189180640,22570224,20260908
099430,"BioPlus Co., Ltd",바이오플러스,KOSDAQ,의료용 물질·의약품,2025,187,108,79,0.422,1.66,1.61,1.74,1.081,70858500,47358000,0.668,,3335,205571807870,61640722,20260908
042110,"SCD CO.,LTD.",에스씨디,KOSDAQ,전기장비,2025,187,118,69,0.369,11.21,11.08,11.42,1.031,67000000,49000000,0.731,,1038,50166087432,48329564,20260908
039830,AURORA WORLD Corporation,오로라,KOSDAQ,기타 과학기술 서비스,2025,187,92,95,0.508,6.54,6.22,6.85,1.101,47000000,41000000,0.872,,14810,159398400900,10762890,20260908
396300,"SeA Mechanics Co., LTD",세아메카닉스,KOSDAQ,금속가공제품,2025,187,161,26,0.139,7.74,8.1,5.5,0.679,51000000,33000000,0.647,,4855,128606522500,26489500,20260908
172670,"ALT Co.,Ltd.",에이엘티,KOSDAQ,전자부품·컴퓨터·통신장비,2025,187,111,76,0.406,4.85,4.4,5.5,1.25,62000000,46000000,0.742,,10140,90857026260,8960259,20260908
084440,UBION CO.LTD.,유비온,KOSDAQ,출판업,2025,187,103,84,0.449,5.62,6.2,4.9,0.79,47604000,33689000,0.708,,1196,22882375516,19132421,20260908
100700,"SEWOONMEDICAL CO,. LTD.",세운메디칼,KOSDAQ,의료용 물질·의약품,2025,187,93,94,0.503,10.43,8.67,12.17,1.404,50623000,41539000,0.821,,2450,107310000000,43800000,20260908
261520,"EGIS Co., Ltd",이지스,KOSDAQ,출판업,2025,186,123,63,0.339,4.43,4.88,3.55,0.727,5054000,3451000,0.683,,5180,53239004000,10277800,20260908
005690,"Pharmicell Co.,Ltd.",파미셀,KOSPI,전자부품·컴퓨터·통신장비,2025,186,144,42,0.226,5.34,5.59,4.5,0.805,78562500,48000000,0.611,,10620,637242628680,60004014,20260908
212560,"NEOOTO CO.,LTD.",네오오토,KOSDAQ,자동차·트레일러,2025,186,178,8,0.043,5.43,5.19,10.78,2.077,65106741.57,71000000,1.091,,12850,173299571800,13486348,20260908
435570,"ERCOHS Agricultural Corporation Co., Ltd.",에르코스,KOSDAQ,식료품 제조,2025,186,75,111,0.597,0.21,0.18,0.23,1.278,39000000,32000000,0.821,,7140,54385258620,7616983,20260908
340930,"SUNGWON ENER TECH CO., LTD.",성원에너텍,KOSDAQ,기타 기계·장비,2025,186,167,19,0.102,3.6,3.7,2.7,0.73,41000000,29000000,0.707,,806,55513882710,68875785,20260908
371950,"POONGWON PRECISION Co.,Ltd.",풍원정밀,KOSDAQ,전자부품·컴퓨터·통신장비,2025,185,162,23,0.124,5.66,5.2,8.9,1.712,53000000,44000000,0.83,,2900,68338529000,23565010,20260908
112290,"YCCHEM CO., LTD.",와이씨켐,KOSDAQ,화학물질·화학제품,2025,185,153,32,0.173,6.45,6.42,6.58,1.025,73478000,39175000,0.533,,9630,194729096700,20221090,20260908
086520,"ECOPRO CO.,LTD",에코프로,KOSDAQ,금융업,2025,185,142,43,0.232,4.96,4.8,5.5,1.146,126000000,88000000,0.698,,81100,11011445927200,135776152,20260908
336680,"TOP RUN TOTAL SOLUTION CO.,LTD",탑런토탈솔루션,KOSDAQ,전자부품·컴퓨터·통신장비,2025,185,155,30,0.162,6.82,7.01,5.82,0.83,60141121.34,35133360.03,0.584,,2950,115479396100,39145558,20260908
047920,"HLB PHARMACEUTICAL CO., LTD.",HLB제약,KOSDAQ,연구개발업,2025,185,93,92,0.497,4.33,3.17,5.5,1.735,60406000,47500000,0.786,,7030,230579472680,32799356,20260908
487570,HS HYOSUNG Corporation,HS효성,KOSPI,금융업,2025,185,119,66,0.357,1.07,1,1.2,1.2,67000000,46000000,0.687,,48850,182011533950,3725927,20260908
011090,"ENEX CO.,LTD",에넥스,KOSPI,가구 제조,2025,184,155,29,0.158,13.36,13.8,11,0.797,54396000,45036000,0.828,,1324,15698739496,11857054,20260908
026040,"J.ESTINA Co.,Ltd",제이에스티나,KOSDAQ,기타 제품 제조,2025,184,55,129,0.701,5.08,7.32,4.13,0.564,61218181.82,37697674.42,0.616,,2310,38123754900,16503790,20260908
417860,OBZEN Inc.,오브젠,KOSDAQ,출판업,2025,183,120,63,0.344,5.68,6.53,4.07,0.623,75439541.67,53917539.68,0.715,,6770,31865753620,4706906,20260908
024810,"EHWA TECHNOLOGIES INFORMATION CO., LTD.",이화전기공업,,전기장비,2025,183,159,24,0.131,10.53,11.58,3.58,0.309,56,37,0.661,,,,,
211270,Asia Pacific Satellite lnc.,AP위성,KOSDAQ,전자부품·컴퓨터·통신장비,2025,183,149,34,0.186,8.68,9.56,4.81,0.503,68087248.32,44529411.76,0.654,,8450,127445468800,15082304,20260908
475400,CMES Robotics Inc.,씨메스로보틱스,KOSDAQ,기타 기계·장비,2025,183,145,38,0.208,2.79,3,2,0.667,58000000,40000000,0.69,,17430,205794162420,11806894,20260908
315640,DEEPNOID Inc.,딥노이드,KOSDAQ,출판업,2025,183,133,50,0.273,2.14,2.2,1.99,0.905,70576849.62,62997660,0.893,,1770,51988850640,29372232,20260908
452400,INICS Corporation,이닉스,KOSDAQ,자동차·트레일러,2025,182,120,62,0.341,7.53,8.09,6.44,0.796,56064000,38882096.77,0.694,,6200,56242853600,9071428,20260908
199430,KNR SYSTEMS Inc.,케이엔알시스템,KOSDAQ,의료·정밀·광학기기,2025,182,155,27,0.148,6.3,6.04,7.77,1.286,50790483.87,51602592.59,1.016,,18300,204905886900,11197043,20260908
039560,"DASAN Networks, Inc.",다산네트웍스,KOSDAQ,전자부품·컴퓨터·통신장비,2025,182,110,72,0.396,7.02,6.9,7.2,1.043,52677823,31514948,0.598,,2365,101431226820,42888468,20260908
065950,Welcron Company Limited,웰크론,KOSDAQ,섬유제품 제조,2025,181,111,70,0.387,7.04,7.94,5.62,0.708,53729729.73,38885714.29,0.724,,1148,32409534696,28231302,20260908
265560,"Younghwa Tech Co., Ltd.",영화테크,KOSDAQ,자동차·트레일러,2025,181,124,57,0.315,5.21,4.08,7.67,1.88,56000000,12000000,0.214,,6720,71838009600,10690180,20260908
104540,"Corentec Co., Ltd.",코렌텍,KOSDAQ,의료·정밀·광학기기,2025,181,128,53,0.293,5.16,5.6,4.1,0.732,53014000,37505000,0.707,,3970,53227417700,13407410,20260908
011500,HANNONG CHEMICALS INC,한농화성,KOSPI,화학물질·화학제품,2025,181,169,12,0.066,9.45,9.24,12.42,1.344,61620159.76,44441250,0.721,,13050,204063398100,15637042,20260908
450520,"Inswave Co., Ltd.",인스웨이브,KOSDAQ,출판업,2025,181,125,56,0.309,5.73,6.1,4.9,0.803,72000000,50000000,0.694,,1780,26174148840,14704578,20260908
017890,KoreaAlcoholIndustrial,한국알콜,KOSDAQ,화학물질·화학제품,2025,180,161,19,0.106,10.81,11.1,8.4,0.757,75588000,49958000,0.661,,14250,294597460500,20673506,20260908
141080,LigaChem Biosciences Inc.,리가켐바이오,KOSDAQ,연구개발업,2025,180,84,96,0.533,4.84,4.89,4.79,0.98,205047619.05,115208333.33,0.562,,89300,3305834027400,37019418,20260908
067630,"HLB Life Science CO.,LTD.",HLB생명과학,KOSDAQ,의료용 물질·의약품,2025,180,96,84,0.467,2.08,2.29,1.84,0.803,58645916.67,36755226.19,0.627,,2530,308450156740,121917058,20260908
005880,KOREA LINE CORPORATION,대한해운,KOSPI,수상운송,2025,180,155,25,0.139,6.65,6.62,6.83,1.032,94670967.74,71000000,0.75,,2095,676155677300,322747340,20260908
376980,Wanted Lab Inc.,원티드랩,KOSDAQ,출판업,2025,179,89,90,0.503,2.91,2.9,2.91,1.003,76314606.74,60700000,0.795,,3085,30129325490,9766394,20260908
138070,"SINJIN SM CO.,LTD.",신진에스엠,KOSDAQ,금속가공제품,2025,179,147,32,0.179,6.38,6.75,4.67,0.692,46000000,42000000,0.913,,1498,26219799592,17503204,20260908
128540,"ECOCAB CO., LTD.",에코캡,KOSDAQ,자동차·트레일러,2025,179,153,26,0.145,4.54,4.62,4.1,0.887,61123607.84,33870000,0.554,,1185,31628195100,26690460,20260908
253450,Studio Dragon Corporation,스튜디오드래곤,KOSDAQ,영상·오디오 제작,2025,179,71,108,0.603,4.76,4.7,4.8,1.021,103310000,87988000,0.852,,21550,647760631900,30058498,20260908
178600,"DAEDONG KOREA GINSENG CO.,LTD.",대동고려삼,KONEX,식료품 제조,2025,179,84,95,0.531,4.65,4.7,4.6,0.979,43000000,34000000,0.791,,1888,8400844800,4449600,20260908
049080,"GIGALANE Co., Ltd.",기가레인,KOSDAQ,전자부품·컴퓨터·통신장비,2025,179,132,47,0.263,7.12,7.12,7.13,1.001,74431818.18,49382978.72,0.663,,8330,70707822220,8488334,20260908
003310,Daejoo Inc.,대주산업,KOSDAQ,식료품 제조,2025,179,117,62,0.346,6.53,7.6,4.5,0.592,54000000,45000000,0.833,,1704,60308564400,35392350,20260908
092870,"Exicon Co., Ltd.",엑시콘,KOSDAQ,기타 기계·장비,2025,179,160,19,0.106,5.49,5.5,5.42,0.985,63000000,51000000,0.81,,27000,352371519000,13050797,20260908
179290,"MITECH CO.,LTD.",엠아이텍,KOSDAQ,의료·정밀·광학기기,2025,179,89,90,0.503,5.28,5.74,4.83,0.841,60833516.85,44744422.22,0.736,,5100,165064957800,32365678,20260908
041920,"MEDIANA Co.,LTD",메디아나,KOSDAQ,의료·정밀·광학기기,2025,179,98,81,0.453,7.71,8.54,6.71,0.786,55137428.57,34407740.74,0.624,,8200,152505428600,18598223,20260908
069460,"DAEHO AL Co.,Ltd.",대호에이엘,KOSPI,1차 금속,2025,179,172,7,0.039,9.77,10,4,0.4,92000000,63000000,0.685,,2660,46322277400,17414390,20260908
015890,"TAEKYUNG INDUSTRIAL CO.,LTD",태경산업,KOSPI,화학물질·화학제품,2025,178,134,44,0.247,8.55,9.39,6,0.639,56540934.09,46485013.45,0.822,,4745,138690418750,29228750,20260908
036120,Seoul Information Service Inc.,서울평가정보,KOSDAQ,정보서비스업,2025,177,90,87,0.492,4.53,4.35,4.71,1.083,55577777.78,42862068.97,0.771,,1708,60027660000,35145000,20260908
093320,"KINX, Inc.",케이아이엔엑스,KOSDAQ,정보서비스업,2025,176,141,35,0.199,5.82,6,5.11,0.852,66000000,62000000,0.939,,139000,678320000000,4880000,20260908
001470,"SAMBU CONSTRUCTION CO.,LTD",삼부토건,KOSPI,종합 건설,2025,176,164,12,0.068,15.89,16.12,12.7,0.788,81388951.81,63152468.33,0.776,,5820,227794235460,39139903,20260908
220260,"Chemtros Co., Ltd.",켐트로스,KOSDAQ,화학물질·화학제품,2025,176,154,22,0.125,6.79,6.78,6.86,1.012,56405103.9,36884863.64,0.654,,3785,121392728175,32072055,20260908
290380,"DAEYU CO., LTD.",대유,,화학물질·화학제품,2025,176,147,29,0.165,5.3,5.4,4.8,0.889,43348000,34144000,0.788,,,,,
052960,"3C TAE YANG CO., LTD.",태양3C,KONEX,자동차 판매,2025,175,50,125,0.714,8.71,11.78,7.48,0.635,53440000,30440000,0.57,,3585,17520174630,4887078,20260908
256630,"POINT ENGINEERING Co., Ltd.",포인트엔지니어링,KOSDAQ,금속가공제품,2025,175,149,26,0.149,6.72,7.25,3.67,0.506,53000000,48000000,0.906,,4350,50457450900,11599414,20260908
160600,"EQUIPMENTS CELL CO.,LTD",이큐셀,,기타 기계·장비,2025,175,156,19,0.109,4.86,5.08,3.08,0.606,54000000,31000000,0.574,,,,,
111110,Hojeon Limited,호전실업,KOSPI,의복 제조,2025,174,75,99,0.569,6.04,4.5,7.2,1.6,72000000,56000000,0.778,,6380,57841080000,9066000,20260908
008970,"KBI DONG YANG STEEL PIPE CO.,LTD",KBI동양철관,KOSPI,1차 금속,2025,174,159,15,0.086,9,9,9,1,68000000,57000000,0.838,,1191,123586386237,103766907,20260908
015590,"DKME Co., Ltd.",DKME,KOSPI,기타 기계·장비,2025,174,159,15,0.086,13.39,13.64,10.7,0.784,87886792.45,58000000,0.66,,1644,87783530352,53396308,20260908
054940,"EXA E&C, Inc",엑사이엔씨,KOSDAQ,전문직별 공사,2025,173,139,34,0.197,6.11,6.09,6.21,1.02,44294964.03,34941176.47,0.789,,3875,25709497375,6634709,20260908
001570,"KUMYANG CO.,LTD",금양,KOSPI,화학물질·화학제품,2025,173,165,8,0.046,3.23,2.81,11.99,4.267,52942060.61,73605250,1.39,,9900,633275240400,63967196,20260908
067290,JW SHINYAK CORPORATION,JW신약,KOSDAQ,의료용 물질·의약품,2025,173,135,38,0.22,7.76,8.39,5.5,0.656,74000000,55000000,0.743,,3890,217984330670,56037103,20260908
039290,InfoBankCorporation,인포뱅크,KOSDAQ,정보서비스업,2025,172,110,62,0.36,7.35,8.58,5.17,0.603,81701000,61494000,0.753,,3845,33428345410,8693978,20260908
052790,"ACTOZ SOFT CO., LTD.",액토즈소프트,KOSDAQ,출판업,2025,172,91,81,0.471,6.63,7.17,6.02,0.84,78406351.65,69064444.44,0.881,,4080,44572151760,10924547,20260908
108860,SELVAS AI Inc.,셀바스AI,KOSDAQ,출판업,2025,172,120,52,0.302,8.05,8.53,6.93,0.812,68504175,47804923.08,0.698,,9110,245193736900,26914790,20260908
034950,Korea Ratings Corporation,한국기업평가,KOSDAQ,사업시설 관리,2025,172,112,60,0.349,11.52,11.9,10.8,0.908,144000000,95000000,0.66,,102900,467218890600,4540514,20260908
078000,"TELCOWARE CO.,LTD.",텔코웨어,KOSPI,정보서비스업,2025,172,136,36,0.209,11.74,12.02,10.68,0.889,83569000,70263000,0.841,,13590,125572646430,9240077,20260908
307750,"KUKJEON Co.,Ltd",국전,KOSDAQ,의료용 물질·의약품,2025,172,116,56,0.326,4.99,5.27,4.4,0.835,75034482.76,56125000,0.748,,2285,123358668080,53986288,20260908
440320,"Openknowl Co.,Ltd.",오픈놀,KOSDAQ,출판업,2025,172,51,121,0.703,1.81,2.22,1.64,0.739,30000000,28000000,0.933,,2305,23003900000,9980000,20260908
008370,WonpoongCorporation,원풍,KOSDAQ,고무·플라스틱,2025,172,153,19,0.11,8,7.24,14.16,1.956,59707800,55631424,0.932,,4995,59940000000,12000000,20260908
304100,SALTLUX Inc,솔트룩스,KOSDAQ,출판업,2025,172,109,63,0.366,3.58,3.67,3.42,0.932,54376000,43034000,0.791,,15820,199234786100,12593855,20260908
230240,"HFR, Inc.",에치에프알,KOSDAQ,전자부품·컴퓨터·통신장비,2025,172,137,35,0.203,7.91,8.6,5.2,0.605,64000000,37000000,0.578,,11600,154384400000,13309000,20260908
011790,SKC LTD,SKC,KOSPI,화학물질·화학제품,2025,172,120,52,0.302,9.27,9.6,8.5,0.885,117000000,82000000,0.701,,86700,4300172436600,49598298,20260908
041960,"KOMIPHARM INTERNATIONAL CO., LTD.",코미팜,KOSDAQ,의료용 물질·의약품,2025,172,82,90,0.523,7.12,7.8,6.5,0.833,60163000,35224000,0.585,,9630,711526946850,73886495,20260908
310870,"DYC CO.,LTD.",디와이씨,KOSDAQ,자동차·트레일러,2025,172,162,10,0.058,9.97,10.2,6.2,0.608,61290114,42596814,0.695,,1585,34747324170,21922602,20260908
064480,BRIDGETECCorp.,브리지텍,KOSDAQ,출판업,2025,171,149,22,0.129,10.93,11.08,9.92,0.895,83143000,64670000,0.778,,2770,33108425000,11952500,20260908
003160,DI CORPORATION,디아이,KOSPI,의료·정밀·광학기기,2025,171,150,21,0.123,9.67,9.5,10.92,1.149,95000000,95000000,1,,30200,854660000000,28300000,20260908
080580,"OKins Electronics Co.,Ltd.",오킨스전자,KOSDAQ,전자부품·컴퓨터·통신장비,2025,171,124,47,0.275,5.6,5.7,5.33,0.935,60398403.23,44546489.36,0.738,,19480,410851803400,21090955,20260908
054540,SAMYOUNG M-TEK C0. LTD.,삼영엠텍,KOSDAQ,금속가공제품,2025,171,152,19,0.111,7.2,7.62,3.87,0.508,58609052.63,35273842.11,0.602,,6600,85800000000,13000000,20260908
290270,"Hunesion co.,ltd",휴네시온,KOSDAQ,출판업,2025,170,138,32,0.188,5.07,5.2,4.5,0.865,65000000,61000000,0.938,,2900,27862248800,9607672,20260908
133820,"FINEBESTEEL CO., LTD",화인베스틸,KOSPI,1차 금속,2025,170,162,8,0.047,8.38,8.41,7.75,0.922,77117185.19,43447000,0.563,,998,37040272996,37114502,20260908
134790,"Sidiz, Inc.",시디즈,KOSPI,가구 제조,2025,170,97,73,0.429,8.03,9.74,5.75,0.59,52561577.81,36247511.97,0.69,,19210,38420000000,2000000,20260908
003580,"HLB GLOBAL Co., Ltd.",HLB글로벌,KOSPI,소매업,2025,170,77,93,0.547,3.28,5.05,1.82,0.36,55867000,31790000,0.569,,1649,83544119745,50663505,20260908
045510,ZUNGWON EN-SYS INC.,정원엔시스,KOSDAQ,도매·상품중개,2025,170,138,32,0.188,7.13,7.36,6.16,0.837,59117913.04,43776812.5,0.74,,1137,35792711109,31479957,20260908
418550,"JEIO Co., Ltd.",제이오,KOSDAQ,건축기술·엔지니어링,2025,170,144,26,0.153,,,,,56019541.67,38882153.85,0.694,,4670,149522532910,32017673,20260908
069730,DSR WIRE CORP,DSR제강,KOSPI,1차 금속,2025,170,155,15,0.088,12.33,12.81,7.41,0.578,95054000,68222000,0.718,,5330,76752000000,14400000,20260908
279600,"MediaZen, Inc.",미디어젠,KOSDAQ,출판업,2025,170,103,67,0.394,5.09,4.97,5.27,1.06,64000000,46000000,0.719,,3900,18270645900,4684781,20260908
182360,"CUBE ENTERTAINMENT, INC.",큐브엔터,KOSDAQ,영상·오디오 제작,2025,170,59,111,0.653,2.19,3.33,1.58,0.474,62000000,48000000,0.774,,6110,94977420460,15544586,20260908
155660,DSR CORP,DSR,KOSPI,1차 금속,2025,169,147,22,0.13,11.19,11.67,7.95,0.681,93197000,57829000,0.621,,4365,69840000000,16000000,20260908
002230,"PS Tec. Co., Ltd.",피에스텍,KOSDAQ,의료·정밀·광학기기,2025,169,91,78,0.462,5.51,6.89,3.89,0.565,57350000,31880000,0.556,,5120,94315878400,18421070,20260908
001490,CHONJI CORPORATION,천지산업,,도매·상품중개,2025,169,139,30,0.178,6.9,6.95,6.66,0.958,45000000,39000000,0.867,,,,,
025870,"SILLA SG CO., LTD.",신라에스지,KOSDAQ,도매·상품중개,2025,169,81,88,0.521,6.76,7.67,5.92,0.772,53011000,34548000,0.652,,1100,4400000000,4000000,20260908
020710,"SIGONG TECH Co.,Ltd.",시공테크,KOSDAQ,기타 과학기술 서비스,2025,169,95,74,0.438,7.43,9.27,5.06,0.546,83677000,62804000,0.751,,3670,73576049900,20047970,20260908
088130,"DONGAELTEKCo.,Ltd",동아엘텍,KOSDAQ,기타 기계·장비,2025,169,151,18,0.107,8.59,8.83,6.58,0.745,64000000,39000000,0.609,,5350,93546429900,17485314,20260908
308170,"CTR Mobility Co.,Ltd.",씨티알모빌리티,KOSPI,자동차·트레일러,2025,169,154,15,0.089,7.91,8.08,6.15,0.761,80123376.62,46533333.33,0.581,,3485,30005850000,8610000,20260908
228670,"Ray Co., Ltd.",레이,KOSDAQ,의료·정밀·광학기기,2025,168,136,32,0.19,5.7,5.89,4.87,0.827,62550000,51921000,0.83,,4595,71865896495,15640021,20260908
083500,"FNS TECH. Co.,Ltd.",에프엔에스테크,KOSDAQ,기타 기계·장비,2025,168,157,11,0.065,6.67,6.75,5.5,0.815,60448000,34167000,0.565,,11080,92034657160,8306377,20260908
038460,"BioSmart Co., Ltd.",바이오스마트,KOSDAQ,전자부품·컴퓨터·통신장비,2025,168,103,65,0.387,9.64,10.1,8.9,0.881,64000000,46000000,0.719,,2675,67609399850,25274542,20260908
184230,"SGA Solutions Co.,Ltd.",SGA솔루션즈,KOSDAQ,출판업,2025,168,135,33,0.196,1.76,1.87,1.29,0.69,43682970.37,32505181.82,0.744,,1800,33901113600,18833952,20260908
302430,"INNOMETRY Co., Ltd.",이노메트리,KOSDAQ,기타 기계·장비,2025,167,142,25,0.15,2.47,2.5,2.33,0.932,60340000,39275000,0.651,,7770,76170926160,9803208,20260908
041910,Polaris AI Pharma Corp.,폴라리스AI파마,KOSDAQ,의료용 물질·의약품,2025,167,111,56,0.335,8.13,8.4,7.6,0.905,56000000,43000000,0.768,,5420,71995757000,13283350,20260908
000680,LS Networks Corporation Limited,LS네트웍스,KOSPI,도매·상품중개,2025,167,118,49,0.293,10.6,12,7.24,0.603,65364406.78,44918367.35,0.687,,2940,231680867040,78803016,20260908
036640,"HRS Co., Ltd",HRS,KOSDAQ,화학물질·화학제품,2025,167,138,29,0.174,9.93,10.4,7.7,0.74,68000000,60000000,0.882,,4940,80792712000,16354800,20260908
041020,Polaris Office Corp.,폴라리스오피스,KOSDAQ,출판업,2025,166,111,55,0.331,7.21,8.48,4.64,0.547,63594594.59,54254545.45,0.853,,2980,148057703140,49683793,20260908
027050,"COREANA COSMETICS CO., LTD",코리아나,KOSDAQ,화학물질·화학제품,2025,166,87,79,0.476,9.72,11.5,7.75,0.674,56744768,47344993,0.834,,1313,52520000000,40000000,20260908
079810,"APS Innovation Co., Ltd.",APS이노베이션,KOSDAQ,전기장비,2025,166,150,16,0.096,3.83,3.93,2.93,0.746,62331000,55195000,0.886,,4100,88265185400,21528094,20260908
187870,"DEVICE CO.,Ltd",디바이스,KOSDAQ,기타 기계·장비,2025,166,150,16,0.096,8.63,8.88,6.31,0.711,83542000,61660000,0.738,,10300,142786551600,13862772,20260908
091090,"SEWON E&C CO.,LTD.",세원이앤씨,,금속가공제품,2025,166,146,20,0.12,12.9,13.74,6.77,0.493,69109589.04,40550000,0.587,,,,,
037710,"GwangjuShinsegae. Co.,Ltd.",광주신세계,KOSPI,소매업,2025,165,47,118,0.715,17.4,14.9,18.39,1.234,90000000,55000000,0.611,,35800,273052757600,7627172,20260908
338220,"VUNO, Inc.",뷰노,KOSDAQ,출판업,2025,165,100,65,0.394,2.97,3.17,2.66,0.839,86303060,71660953.85,0.83,,5150,72109388450,14001823,20260908
025550,"HANKUK STEEL WIRE CO., LTD.",한국선재,KOSDAQ,1차 금속,2025,165,150,15,0.091,9.45,9.6,7.9,0.823,53372000,43741000,0.82,,2115,53962118460,25514004,20260908
016670,"DMOA Co., Ltd",디모아,KOSDAQ,도매·상품중개,2025,165,105,60,0.364,4.23,4.56,3.65,0.8,77962810.33,38499693.5,0.494,,2530,25791412020,10194234,20260908
900300,ORGANIC TEA COSMETICS HOLDINGS COMPANY LIMITED,오가닉티코스메틱,KOSDAQ,금융업,2025,164,105,59,0.36,10.61,10.86,10.17,0.936,30542.89,25237.85,0.826,,3500,72030339500,20580097,20260908
122640,"YEST Co.,Ltd.",예스티,KOSDAQ,기타 기계·장비,2025,164,148,16,0.098,3.14,3.25,2.08,0.64,51000000,38000000,0.745,,29000,627888425000,21651325,20260908
417500,"JI-TECH Co., Ltd.",제이아이테크,KOSDAQ,화학물질·화학제품,2025,164,115,49,0.299,2.88,3.13,2.31,0.738,44092747.83,28547367.35,0.647,,3885,127368730440,32784744,20260908
432720,"QUALITAS SEMICONDUCTOR CO., LTD.",퀄리타스반도체,KOSDAQ,전자부품·컴퓨터·통신장비,2025,164,127,37,0.226,3.29,3.4,2.9,0.853,89968000,61982000,0.689,,8650,122722497800,14187572,20260908
124500,"ITCENGLOBAL CO.,LTD.",아이티센글로벌,KOSDAQ,컴퓨터 프로그래밍·SI,2025,164,129,35,0.213,3.39,3.58,2.67,0.746,71060000,53006000,0.746,,31200,723981242400,23204527,20260908
105840,WOOJIN INC,우진,KOSPI,의료·정밀·광학기기,2025,163,140,23,0.141,11.58,12,9,0.75,85452000,57501000,0.673,,14350,289836564500,20197670,20260908
246960,SCL Science Inc.,SCL사이언스,KOSDAQ,의료용 물질·의약품,2025,163,126,37,0.227,1.32,0.98,2.49,2.541,80858317.46,64992972.97,0.804,,2325,79089634275,34017047,20260908
263920,"HuM&C Co., Ltd.",휴엠앤씨,KOSDAQ,기타 제품 제조,2025,163,74,89,0.546,4.03,3.25,4.67,1.437,55000000,42000000,0.764,,3205,31437928330,9809026,20260908
005250,GC Corp.,녹십자홀딩스,KOSPI,전문서비스업,2025,163,99,64,0.393,5.62,5.7,5.5,0.965,86000000,67000000,0.779,,9810,461346740100,47028210,20260908
474610,"RF Systems Co., Ltd.",RF시스템즈,KOSDAQ,금속가공제품,2025,163,137,26,0.16,4.13,4.17,3.92,0.94,59156000,46392000,0.784,,6800,98023496000,14415220,20260908
025320,Synopex Inc.,시노펙스,KOSDAQ,전자부품·컴퓨터·통신장비,2025,162,138,24,0.148,5.97,5.73,7.37,1.286,70615942.03,61666666.67,0.873,,3800,350368371400,92202203,20260908
046890,"SEOUL SEMICONDUCTOR CO., LTD.",서울반도체,KOSDAQ,전자부품·컴퓨터·통신장비,2025,162,96,66,0.407,8.18,8.67,7.46,0.86,66062500,25454545.45,0.385,,9620,560897948000,58305400,20260908
104480,TK CHEMICAL CORPORATION,티케이케미칼,KOSDAQ,화학물질·화학제품,2025,162,136,26,0.16,18.26,19.5,11.8,0.605,75000000,45000000,0.6,,1711,155522087574,90895434,20260908
032820,"Woori Technology, Incorporation",우리기술,KOSDAQ,전기장비,2025,162,138,24,0.148,9.16,8.93,10.46,1.171,74326086.96,57833333.33,0.778,,11810,2040586267720,172784612,20260908
039980,Polaris AI Corp.,폴라리스AI,KOSDAQ,컴퓨터 프로그래밍·SI,2025,162,113,49,0.302,7.87,9.22,4.76,0.516,48026548.67,39020408.16,0.812,,5220,75069937080,14381214,20260908
045520,"Clean & Science Co., Ltd",크린앤사이언스,KOSDAQ,기타 기계·장비,2025,161,139,22,0.137,8.93,9.07,8.05,0.888,63938661.87,38791636.36,0.607,,2700,17550000000,6500000,20260908
089790,JT Corporation.,제이티,KOSDAQ,기타 기계·장비,2025,161,149,12,0.075,6.14,6.24,4.9,0.785,56000000,35000000,0.625,,4755,49050264315,10315513,20260908
007720,"SONO SQUARE CO.,LTD.",소노스퀘어,KOSDAQ,도매·상품중개,2025,161,85,76,0.472,6.98,8,5.83,0.729,50143000,33780000,0.674,,1196,24111467640,20160090,20260908
189980,"HYUNGKUK F&B Co.,Ltd",흥국에프엔비,KOSDAQ,음료 제조,2025,161,111,50,0.311,4.86,5.17,4.17,0.807,55296000,41876000,0.757,,1175,47161946725,40137827,20260908
277810,Rainbow Robotics,레인보우로보틱스,KOSDAQ,기타 기계·장비,2025,161,135,26,0.161,2.55,2.58,2.42,0.938,43100000,33327000,0.773,,433000,8400138514000,19399858,20260908
466100,"CLOBOT Co., Ltd.",클로봇,KOSDAQ,출판업,2025,161,130,31,0.193,2.63,2.66,2.49,0.936,47137076.92,34295967.74,0.728,,23550,728960553450,30953739,20260908
036090,"WIZIT Co., Ltd.",위지트,KOSDAQ,기타 기계·장비,2025,161,147,14,0.087,8.08,,8.08,,54787000,39072000,0.713,,1351,57485744414,42550514,20260908
354320,"ALMAC CO., Ltd",알멕,KOSDAQ,1차 금속,2025,161,146,15,0.093,7.25,7.67,3.17,0.413,62212000,33370000,0.536,,37800,241594201800,6391381,20260908
196170,Alteogen Inc.,알테오젠,KOSDAQ,연구개발업,2025,161,70,91,0.565,4.06,4,4.1,1.025,235928546,82329760,0.349,,277000,19294471841000,69655133,20260908
332290,"NOUSBO CO., LTD",누보,KOSDAQ,화학물질·화학제품,2025,161,116,45,0.28,4.08,4.5,3,0.667,58535000,38181000,0.652,,897,35607533559,39696247,20260908
254120,"XAVIS CO., Ltd.",자비스,KOSDAQ,기타 기계·장비,2025,160,134,26,0.163,3.27,3.42,2.5,0.731,55000000,35000000,0.636,,1016,31246338320,30754270,20260908
408920,"Messe eSang Co.,Ltd",메쎄이상,KOSDAQ,사업시설 관리,2025,160,71,89,0.556,3.3,4.08,2.67,0.654,63513000,49694000,0.782,,3030,130994338650,43232455,20260908
001780,"ALUKO CO.,LTD.",알루코,KOSPI,1차 금속,2025,160,152,8,0.05,13,13.33,6.75,0.506,57000000,44000000,0.772,,1601,155025041332,96830132,20260908
318020,"POINT MOBILE Co., Ltd.",포인트모바일,KOSDAQ,전자부품·컴퓨터·통신장비,2025,160,113,47,0.294,5.94,6.92,3.58,0.517,66245000,40005000,0.604,,2590,31860294480,12301272,20260908
241790,"TEMC CNS Co., Ltd.",티이엠씨씨엔에스,KOSDAQ,기타 기계·장비,2025,160,140,20,0.125,3.87,3.92,3.5,0.893,60000000,39000000,0.65,,6180,61816278120,10002634,20260908
273060,Wise birds Inc.,와이즈버즈,KOSDAQ,전문서비스업,2025,160,50,110,0.688,3.41,2.45,3.84,1.567,70299220,42640018.18,0.607,,864,42460657920,49144280,20260908
087010,"Peptron, Inc.",펩트론,KOSDAQ,의료용 물질·의약품,2025,160,90,70,0.438,3.22,3,3.5,1.167,60607000,54786000,0.904,,147200,3432313920000,23317350,20260908
054300,"Panstar Enterprise Co., Ltd.",팬스타엔터프라이즈,KOSDAQ,기타 기계·장비,2025,160,139,21,0.131,4.82,5.03,3.4,0.676,43701302.3,37539473.1,0.859,,1150,66551586750,57870945,20260908
001840,EehwaConstruction,이화공영,KOSDAQ,종합 건설,2025,160,142,18,0.113,5.81,6,4.3,0.717,50592000,42654000,0.843,,2215,62588831935,28256809,20260908
001080,MANHO ROPE & WIRE LTD,만호제강,KOSPI,1차 금속,2025,160,149,11,0.069,9.2,9.17,9.62,1.049,54456000,43513000,0.799,,3945,138528517200,35114960,20260908
064850,FnGuide Inc.,에프앤가이드,KOSDAQ,정보서비스업,2025,160,97,63,0.394,5.59,5.33,6,1.126,61864000,52898000,0.855,,17720,202191083040,11410332,20260908
063760,ELP Corp.,이엘피,KOSDAQ,의료·정밀·광학기기,2025,159,140,19,0.119,5.82,6.07,4,0.659,45642857.14,33631578.95,0.737,,2265,21121419450,9325130,20260908
056360,"COWEAVER Co.,Ltd.",코위버,KOSDAQ,전자부품·컴퓨터·통신장비,2025,159,137,22,0.138,9.72,10,8,0.8,67638000,40554000,0.6,,5010,49081968000,9796800,20260908
217190,Genesem Inc.,제너셈,KOSDAQ,기타 기계·장비,2025,159,144,15,0.094,4.91,5,4,0.8,64900,35266,0.543,,6400,84184070400,13153761,20260908
060150,INSUN ENVIRONMENTAL NEW TECHNOLOGY CO.,인선이엔티,KOSDAQ,폐기물 수집·처리,2025,159,126,33,0.208,8,8.55,5.88,0.688,58715149.21,35946008.7,0.612,,2990,136235199880,45563612,20260908
013700,CAMUS ENGINEERING & CONSTRUCTION Inc.,까뮤이앤씨,KOSPI,종합 건설,2025,159,142,17,0.107,11.54,11.63,10.78,0.927,80021126.76,55235294.12,0.69,,1629,97334102070,59750830,20260908
033340,"GOOD PEOPLE CO., LTD.",좋은사람들,KOSDAQ,의복 제조,2025,159,85,74,0.465,11.16,11.67,10.58,0.907,63004713,52388050,0.831,,607,58848988706,96950558,20260908
038010,"JEIL TECHNOS CO.,LTD",제일테크노스,KOSDAQ,금속가공제품,2025,158,144,14,0.089,15.02,15.6,9,0.577,70973583,45209797,0.637,,5310,47790000000,9000000,20260908
362990,"DREAMINSIGHT Co., Ltd.",드림인사이트,KOSDAQ,전문서비스업,2025,158,55,103,0.652,2.74,3.33,2.42,0.727,50000000,42000000,0.84,,1216,20429497984,16800574,20260908
014590,"GOLDEN & LUXURY Co., Ltd",지앤엘,,스포츠·오락,2025,158,108,50,0.316,6.53,6.5,6.6,1.015,42000000,37000000,0.881,,,,,
001020,PaperCorea Inc.,페이퍼코리아,KOSPI,펄프·종이 제조,2025,158,149,9,0.057,18.84,19.4,9.5,0.49,94000000,55000000,0.585,,2500,88991655000,35596662,20260908
352940,"ENBIOCO., LTD.",인바이오,KOSDAQ,화학물질·화학제품,2025,158,119,39,0.247,4.92,5,4.67,0.934,47011000,35708000,0.76,,1994,21670253620,10867730,20260908
140670,"RS AUTOMATION CO.,LTD.",알에스오토메이션,KOSDAQ,전자부품·컴퓨터·통신장비,2025,157,124,33,0.21,7.47,7.6,7,0.921,58000000,32000000,0.552,,10220,131223164800,12839840,20260908
186230,"GREEN PLUS Co., Ltd.",그린플러스,KOSDAQ,1차 금속,2025,157,138,19,0.121,4.73,4.84,3.95,0.816,60175367.99,48326006.53,0.803,,3495,38166057060,10920188,20260908
197140,"DigiCAP Co., Ltd.",디지캡,KOSDAQ,출판업,2025,157,105,52,0.331,5.91,6.9,3.9,0.565,76476000,46293000,0.605,,2410,31361701140,13013154,20260908
039420,KL-Net Corp.,케이엘넷,KOSDAQ,통신업,2025,157,117,40,0.255,9.47,9.9,8.2,0.828,67000000,58000000,0.866,,2760,63333703440,22946994,20260908
155650,"YMC Co., Ltd.",와이엠씨,KOSDAQ,전자부품·컴퓨터·통신장비,2025,156,136,20,0.128,6.59,6.58,6.67,1.014,54000000,47000000,0.87,,3100,58820509800,18974358,20260908
009900,MYOUNG SHIN INDUSTRY,명신산업,KOSPI,자동차·트레일러,2025,156,153,3,0.019,10.5,10.5,10.33,,78000000,52000000,,fewer than 5 of one sex,8270,433927999910,52470133,20260908
289930,Wavice Inc.,웨이비스,KOSDAQ,전자부품·컴퓨터·통신장비,2025,156,128,28,0.179,2.92,3.1,2.1,0.677,70000000,45000000,0.643,,6900,90728169000,13149010,20260908
006340,"DAWON CABLE CO.,LTD",대원전선,KOSPI,전기장비,2025,156,150,6,0.038,11.63,11.67,10.58,0.907,73551000,59287000,0.806,,13050,1023308128800,78414416,20260908
351330,"ISAAC Engineering Co., Ltd.",이삭엔지니어링,KOSDAQ,컴퓨터 프로그래밍·SI,2025,155,130,25,0.161,5.6,5,8.7,1.74,57000000,50000000,0.877,,3360,27849427200,8288520,20260908
290650,"L&C BIO Co., Ltd",엘앤씨바이오,KOSDAQ,의료용 물질·의약품,2025,155,90,65,0.419,3.54,4.53,2.17,0.479,54676100,43130984.62,0.789,,50600,1364667022400,26969704,20260908
078520,ABLE C&C,에이블씨엔씨,KOSPI,화학물질·화학제품,2025,155,49,106,0.684,4.46,5.76,3.86,0.67,71000000,52000000,0.732,,10670,277571097870,26014161,20260908
098070,HANTECH LTD.,한텍,KOSDAQ,금속가공제품,2025,155,139,16,0.103,9.42,9.45,9.17,0.97,77403143.88,54649125,0.706,,25250,280808810250,11121141,20260908
133750,"MegaMD Co., Ltd.",메가엠디,KOSDAQ,교육서비스업,2025,155,74,81,0.523,4.43,6,3,0.5,48000000,37000000,0.771,,1478,34595659806,23407077,20260908
101170,"WOORIM POWER TRAIN SOLUTION Co., Ltd.",우림피티에스,KOSDAQ,기타 기계·장비,2025,155,141,14,0.09,4.92,5.06,3.48,0.688,62670652.48,37216000,0.594,,7860,106110000000,13500000,20260908
137080,NARAE NANOTECH CORPORATION,나래나노텍,KOSDAQ,기타 기계·장비,2025,155,130,25,0.161,5.85,6.2,4,0.645,56667000,30494000,0.538,,6220,66615882780,10709949,20260908
013890,ZINUS INC.,지누스,KOSPI,가구 제조,2025,154,103,51,0.331,7.23,8.42,4.83,0.574,87000000,53000000,0.609,,7710,169048018230,21925813,20260908
241560,Doosan Bobcat Inc.,두산밥캣,KOSPI,기타 기계·장비,2025,153,96,57,0.373,3.84,3.8,3.9,1.026,161000000,105000000,0.652,,62700,6010175275500,95856065,20260908
950140,"Englewood Lab, Inc.",잉글우드랩,KOSDAQ,화학물질·화학제품,2025,153,71,82,0.536,4.84,5.7,4.1,0.719,78314000,63428000,0.81,,8250,163909894500,19867866,20260908
295310,"HVM CO.,LTD.",에이치브이엠,KOSDAQ,1차 금속,2025,153,140,13,0.085,2.83,2.79,3.27,1.172,58539607.14,41402000,0.707,,50000,614961200000,12299224,20260908
253840,"Sugentech, Inc.",수젠텍,KOSDAQ,의료용 물질·의약품,2025,153,79,74,0.484,4.37,4.3,4.44,1.033,53759061.05,44387443.39,0.826,,4445,74423524000,16743200,20260908
328380,"Saltware Co., Ltd.",솔트웨어,KOSDAQ,컴퓨터 프로그래밍·SI,2025,153,120,33,0.216,3.91,4.17,2.98,0.715,56890908.33,38116363.64,0.67,,3970,27204643350,6852555,20260908
258790,"SOFTCAMP Co., Ltd.",소프트캠프,KOSDAQ,출판업,2025,153,122,31,0.203,6.06,6.58,4,0.608,64199000,43362000,0.675,,5910,29539692960,4998256,20260908
002360,"SH ENERGY & CHEMICAL CO.,LTD",SH에너지화학,KOSPI,화학물질·화학제품,2025,153,142,11,0.072,12.13,12.5,7.4,0.592,69000000,45000000,0.652,,1645,18281498585,11113373,20260908
037270,"YG PLUS, INC.",YG PLUS,KOSPI,정보서비스업,2025,153,50,103,0.673,2.81,3.23,2.6,0.805,82000000,49000000,0.598,,3155,200857112050,63663110,20260908
004830,"DCKSUNG CO.,LTD",덕성,KOSPI,고무·플라스틱,2025,152,134,18,0.118,11.45,11.5,11.1,0.965,45852000,34383000,0.75,,3345,52449600000,15680000,20260908
113810,"Dgenx Co., Ltd.",디젠스,KOSDAQ,자동차·트레일러,2025,152,145,7,0.046,16.63,17.1,6.9,0.404,80609000,49061000,0.609,,3010,19642086100,6525610,20260908
348210,NEXTIN Inc.,넥스틴,KOSDAQ,기타 기계·장비,2025,152,152,,,3.91,3.91,,,86853789.47,,,not reported,30250,316929401250,10477005,20260908
023960,"SC ENGINEERING CO., LTD",에쓰씨엔지니어링,KOSPI,종합 건설,2025,152,130,22,0.145,5.52,5.92,3.13,0.529,66538461.54,42000000,0.631,,1062,40394203326,38035973,20260908
204620,"Global Tax Free Co., Ltd.",글로벌텍스프리,KOSDAQ,금융·보험 관련 서비스,2025,152,67,85,0.559,5.9,5.4,6.3,1.167,64000000,39000000,0.609,,5440,382341315200,70283330,20260908
043340,"ESSEN TECH CO.,LTD.",에쎈테크,KOSDAQ,기타 기계·장비,2025,152,103,49,0.322,7.68,8,7,0.875,56000000,47000000,0.839,,818,38855000000,47500000,20260908
066980,"HANSUNG CLEANTECH CO., LTD.",한성크린텍,KOSDAQ,건축기술·엔지니어링,2025,152,131,21,0.138,5.31,5.47,4.28,0.782,76011297.71,47071285.71,0.619,,1512,81302058936,53771203,20260908
191600,"BLUETOP CO.,LTD.",블루탑,KONEX,전자부품·컴퓨터·통신장비,2025,151,114,37,0.245,3,2.75,3.75,1.364,50000000,37000000,0.74,,12480,35679421440,2858928,20260908
210980,"SK D&D Co.,Ltd.",SK디앤디,KOSPI,부동산업,2025,151,101,50,0.331,4.6,4.7,4.4,0.936,115000000,85000000,0.739,,3845,71583833790,18617382,20260908
171120,"LION CHEMTECH CO., Ltd.",라이온켐텍,KOSDAQ,화학물질·화학제품,2025,151,130,21,0.139,8.16,8.83,4,0.453,56000000,32000000,0.571,,1999,71767618240,35901760,20260908
015710,"KOCOM CO., LTD",코콤,KOSDAQ,전자부품·컴퓨터·통신장비,2025,151,126,25,0.166,10.37,10.47,9.84,0.94,56000000,43000000,0.768,,2905,50926102500,17530500,20260908
058400,KOREA NEW NETWORK CORPORATION,KNN,KOSDAQ,방송업,2025,151,120,31,0.205,15.02,16.92,7.67,0.453,104000000,67000000,0.644,,6370,84357731640,13242972,20260908
368770,"FIBERPRO, Inc.",파이버프로,KOSDAQ,의료·정밀·광학기기,2025,151,85,66,0.437,6.53,8.5,4,0.471,72000000,38000000,0.528,,11990,393922157750,32854225,20260908
014990,In the F,인디에프,KOSPI,의복 제조,2025,151,61,90,0.596,6.42,9.75,4.17,0.428,67926000,51912000,0.764,,4305,64672288695,15022599,20260908
203450,"UNION biometrics Co., Ltd.",유니온바이오메트릭스,KOSDAQ,전자부품·컴퓨터·통신장비,2025,151,123,28,0.185,6.3,7,3.25,0.464,52406000,34928000,0.666,,2595,36535023165,14079007,20260908
028300,"HLB Co.,LTD.",HLB,KOSDAQ,의료용 물질·의약품,2025,151,57,94,0.623,4.68,4.77,4.62,0.969,88616000,43590765.96,0.492,,31650,4215723757950,133198223,20260908
094480,"GalaxiaMoneytree Co.,Ltd.",갤럭시아머니트리,KOSDAQ,출판업,2025,150,76,74,0.493,6.17,6.34,5.99,0.945,79000000,59000000,0.747,,5770,226356165260,39229838,20260908
278650,"HLB bioStep Co.,Ltd.",HLB바이오스텝,KOSDAQ,연구개발업,2025,150,93,57,0.38,4.36,4.68,3.85,0.823,69608483.87,48849754.39,0.702,,2340,40791806640,17432396,20260908
232680,RAON ROBOTICS Inc.,라온로보틱스,KOSDAQ,기타 기계·장비,2025,150,142,8,0.053,4.62,4.5,6.8,1.511,58922000,53886000,0.915,,9240,122499300000,13257500,20260908
900310,"Coloray International Investment Co., Limited",컬러레이,KOSDAQ,금융업,2025,149,99,50,0.336,6.43,6.53,6.23,0.954,22960138.17,20584259.74,0.897,,2200,28178337000,12808335,20260908
348340,"Neuromeka Co., Ltd.",뉴로메카,KOSDAQ,기타 기계·장비,2025,149,122,27,0.181,2.12,2.1,2.2,1.048,64000000,44000000,0.688,,18230,426735569520,23408424,20260908
003830,"DAEHAN SYNTHETIC FIBRER CO.,LTD",대한화섬,KOSPI,화학물질·화학제품,2025,149,133,16,0.107,13.36,14.2,6.4,0.451,75000000,44000000,0.587,,114300,151790400000,1328000,20260908
310210,"Voronoi, Inc.",보로노이,KOSDAQ,연구개발업,2025,149,72,77,0.517,3.75,3.8,3.7,0.974,104000000,60000000,0.577,,149700,2772975135600,18523548,20260908
123890,"KOREA ASSET IN TRUST Co., Ltd",한국자산신탁,KOSPI,금융업,2025,149,120,29,0.195,8.01,7.49,10.17,1.358,112116666.67,78275862.07,0.698,,2555,312665380930,122373926,20260908
462860,Dozn Inc.,더즌,KOSDAQ,통신업,2025,149,103,46,0.309,2.64,2.62,2.7,1.031,93766990.29,68891304.35,0.735,,3130,224597916990,71756523,20260908
024940,"PNPOONGNYUN CO.,LTD",PN풍년,KOSDAQ,도매·상품중개,2025,148,104,44,0.297,9.07,9.82,7.3,0.743,44566730.77,42248795.45,0.948,,1855,18550000000,10000000,20260908
006660,"SAMSUNG CLIMATE CONTROL CO.,LTD",삼성공조,KOSPI,자동차·트레일러,2025,148,115,33,0.223,11,11.8,8.2,0.695,49516000,53314000,1.077,,12770,103773029780,8126314,20260908
093240,HYUNGJI ELITE INC.,형지엘리트,KOSPI,의복 제조,2025,148,48,100,0.676,2.89,3.17,2.75,0.868,54724750,43425980,0.794,,350,21486590650,61390259,20260908
012620,WonilSpecialSteel,원일특강,KOSDAQ,1차 금속,2025,148,120,28,0.189,7.88,7.75,8.42,1.086,64000000,43000000,0.672,,7010,30844000000,4400000,20260908
008700,"ANAM ELECTRONICS CO.,LTD",아남전자,KOSPI,전자부품·컴퓨터·통신장비,2025,148,136,12,0.081,7.84,8,6,0.75,60000000,38000000,0.633,,1261,97254398020,77124820,20260908
102950,"AHA Co.,Ltd",아하,KONEX,전자부품·컴퓨터·통신장비,2025,148,120,28,0.189,3.48,3.5,3.39,0.969,36000000,31000000,0.861,,1867,24498592901,13121903,20260908
027580,"SANGBOCo.,Ltd",상보,KOSDAQ,고무·플라스틱,2025,148,134,14,0.095,10.4,10.6,8.5,0.802,69000000,43000000,0.623,,1607,19020861785,11836255,20260908
049470,"BITPLANET Co.,Ltd.",비트플래닛,KOSDAQ,출판업,2025,148,114,34,0.23,2.13,2.18,1.98,0.908,50450483.45,50483767.47,1.001,,2480,58391349520,23544899,20260908
323280,"TAESUNG CO.,LTD.",태성,KOSDAQ,기타 기계·장비,2025,148,137,11,0.074,4.69,4.74,4.07,0.859,53462094.89,37914636.36,0.709,,45500,1389478090000,30537980,20260908
361390,"Genohco, Inc",제노코,KOSDAQ,전자부품·컴퓨터·통신장비,2025,147,123,24,0.163,3.42,3.7,1.98,0.535,51221560.98,38438833.33,0.75,,12260,119368031060,9736381,20260908
003720,"SAMYOUNG CO.,LTD.",삼영,KOSPI,고무·플라스틱,2025,147,136,11,0.075,11.61,12.13,5.18,0.427,49669117.65,44727272.73,0.901,,6030,205020000000,34000000,20260908
377220,"From Bio Co., Ltd.",프롬바이오,KOSDAQ,식료품 제조,2025,147,64,83,0.565,2.26,2.17,2.33,1.074,43000000,34000000,0.791,,3020,17099240000,5662000,20260908
046440,"KG Financial Co., Ltd.",KG파이낸셜,KOSDAQ,출판업,2025,147,75,72,0.49,4.84,4.6,5.1,1.109,50000000,43000000,0.86,,4230,153339132780,36250386,20260908
372320,Curocell Inc.,큐로셀,KOSDAQ,연구개발업,2025,146,65,81,0.555,2.65,2.64,2.65,1.004,56267784.62,53135296.3,0.944,,23700,360883502400,15227152,20260908
014950,"SAMIK PHARM. CO.,LTD.",삼익제약,KOSDAQ,의료용 물질·의약품,2025,146,72,74,0.507,7.2,7.58,6.83,0.901,63000000,47000000,0.746,,8750,88091395000,10067588,20260908
356680,"AXGATE Co., Ltd.",엑스게이트,KOSDAQ,출판업,2025,145,126,19,0.131,5.4,5.6,4.1,0.732,72000000,44000000,0.611,,11600,331104507200,28543492,20260908
071850,"CASTEC KOREA CO.,LTD",캐스텍코리아,KOSDAQ,자동차·트레일러,2025,145,140,5,0.034,12.6,12.67,10.5,0.829,69943000,44182000,0.632,,1278,31005478764,24260938,20260908
095270,"WaveElectronicsCo.,Ltd.",웨이브일렉트로,KOSDAQ,의료·정밀·광학기기,2025,145,114,31,0.214,7.12,7.12,7.1,0.997,69754385.96,41903225.81,0.601,,4015,57705210090,14372406,20260908
000070,Samyang Holdings Corporation,삼양홀딩스,KOSPI,금융업,2025,145,85,60,0.414,11.3,13.2,8.6,0.652,114035000,69616000,0.61,,60400,468896736400,7763191,20260908
296640,"INNOAX CO.,LTD",이노에이엑스,KOSDAQ,출판업,2025,145,93,52,0.359,4.73,5,4.25,0.85,88000000,62000000,0.705,,6080,31483772160,5178252,20260908
061250,"HWAIL PHARM. CO., LTD",화일약품,KOSDAQ,의료용 물질·의약품,2025,145,97,48,0.331,8.54,9.1,7.4,0.813,67000000,51000000,0.761,,8200,69024188800,8417584,20260908
105560,KB Financial Group Inc.,KB금융,KOSPI,금융업,2025,144,107,37,0.257,3.66,3.83,3.17,0.828,209000000,166000000,0.794,,173700,61609259395800,354687734,20260908
382800,"GnBS eco Co.,Ltd",지앤비에스 에코,KOSDAQ,기타 기계·장비,2025,144,132,12,0.083,4.29,4.1,6.36,1.551,54810000,52790000,0.963,,5010,159473515410,31831041,20260908
035810,"Easy Holdings Co., Ltd.",이지홀딩스,KOSDAQ,식료품 제조,2025,144,99,45,0.313,6.93,7.17,6.4,0.893,93000000,57000000,0.613,,4690,302580907650,64516185,20260908
006250,"KUKDONG ELECTRIC WIRE CO.,LTD",극동전선,,전기장비,2025,144,127,17,0.118,15.12,16.6,4.1,0.247,85000000,53000000,0.624,,,,,
176750,"DuChemBio Co, LTD",듀켐바이오,KOSDAQ,의료용 물질·의약품,2025,144,115,29,0.201,4.7,5.08,3.17,0.624,45410000,40793000,0.898,,6130,174635853600,28488720,20260908
006910,"BOSUNG POWER TECHNOLOGY CO., LTD.",보성파워텍,KOSDAQ,금속가공제품,2025,143,119,24,0.168,8.86,9.39,6.22,0.662,59027000,40339000,0.683,,7370,362086802880,49129824,20260908
139130,"iM Financial Group Co., Ltd.",iM금융지주,KOSPI,금융업,2025,143,109,34,0.238,2.96,3.04,2.69,0.885,144000000,73000000,0.507,,18440,2920221243520,158363408,20260908
148930,"HYTC CO., LTD",에이치와이티씨,KOSDAQ,금속가공제품,2025,143,123,20,0.14,4.08,4.05,4.25,1.049,47227642.28,34000000,0.72,,3165,32204549145,10175213,20260908
353810,"EASY BIO, Inc.",이지바이오,KOSDAQ,식료품 제조,2025,143,103,40,0.28,3.95,3.93,4,1.018,67815533.98,49750000,0.734,,6060,200476435200,33081920,20260908
331520,"VALOFE Co.,Ltd.",밸로프,KOSDAQ,출판업,2025,143,105,38,0.266,2.98,3,2.92,0.973,193650000,124783000,0.644,,2235,21905650710,9801186,20260908
036630,"Sejong Telecom, Inc.",세종텔레콤,KOSDAQ,전문직별 공사,2025,143,123,20,0.14,5.82,5.65,6.9,1.221,62040650.41,57000000,0.919,,9370,131180000000,14000000,20260908
012580,SHINSEGAE TOMBOY,신세계톰보이,,소매업,2025,143,40,103,0.72,9.99,11.5,9.4,0.817,101000000,79000000,0.782,,,,,
100030,"Inzisoft Co., Ltd.",인지소프트,KOSDAQ,출판업,2025,142,95,47,0.331,6.98,7.92,5.08,0.641,62967000,52922000,0.84,,19850,65181722900,3283714,20260908
056080,"Yujin Robot Co., Ltd.",유진로봇,KOSDAQ,기타 기계·장비,2025,142,119,23,0.162,6.23,6.43,5.2,0.809,76200000,49099000,0.644,,12290,469914122940,38235486,20260908
187270,"Shin Hwa Contech Co.,Ltd.",신화콘텍,KOSDAQ,전기장비,2025,142,95,47,0.331,6.03,5.83,6.42,1.101,46253000,29066000,0.628,,3155,32003830975,10143845,20260908
050760,"S POLYTECH CO.,LTD.",에스폴리텍,KOSDAQ,고무·플라스틱,2025,142,127,15,0.106,5.88,6.2,3.2,0.516,42528000,33671000,0.792,,1258,20549024924,16334678,20260908
105760,"POSBANK CO., LTD.",포스뱅크,KOSDAQ,기타 기계·장비,2025,142,107,35,0.246,4.6,4.9,3.7,0.755,75000000,43000000,0.573,,4995,50903480565,10190887,20260908
475580,"ALUX Co., Ltd.",에이럭스,KOSDAQ,기타 제품 제조,2025,142,79,63,0.444,1.88,1.82,1.95,1.071,41584405.06,34270190.48,0.824,,7100,96736790000,13624900,20260908
050960,"SOOSAN INT Co., LTD.",수산아이앤티,KOSDAQ,출판업,2025,142,121,21,0.148,4.52,4.7,3.5,0.745,63000000,40000000,0.635,,8670,58531170000,6751000,20260908
085670,"NEWFLEXTECHNOLGYCo.,LTD.",뉴프렉스,KOSDAQ,전자부품·컴퓨터·통신장비,2025,142,122,20,0.141,7.38,7.71,5.35,0.694,47680327.87,29400000,0.617,,2950,72277244950,24500761,20260908
251370,"YMT CO., LTD.",와이엠티,KOSDAQ,화학물질·화학제품,2025,142,120,22,0.155,4.86,4.83,5,1.035,63716000,49582000,0.778,,6880,123930905440,18013213,20260908
084650,"LabGenomics. Co., Ltd.",랩지노믹스,KOSDAQ,연구개발업,2025,142,90,52,0.366,3.22,3.7,2.4,0.649,53000000,44000000,0.83,,500,37119995000,74239990,20260908
002760,"BOLAK CO.,LTD",보락,KOSPI,화학물질·화학제품,2025,141,109,32,0.227,14.56,14.4,15.1,1.049,61597000,53479000,0.868,,1006,60259400000,59900000,20260908
199730,"BioInfra Co.,Ltd.",바이오인프라,KOSDAQ,연구개발업,2025,141,44,97,0.688,3.32,3.82,3.09,0.809,60011727.27,42309309.28,0.705,,1400,6810113800,4864367,20260908
000970,"KOREA CASTIRON PIPE IND CO.,LTD",한국주철관공업,KOSPI,1차 금속,2025,141,138,3,0.021,14.08,14.2,8.7,,56710000,49773000,,fewer than 5 of one sex,6660,151851330000,22800500,20260908
053300,"KOREA INFORMATION CERTIFICATE AUTHORITY, INCORPORATED",한국정보인증,KOSDAQ,출판업,2025,141,90,51,0.362,4.73,5.42,3.5,0.646,89600000,65313725.49,0.729,,4990,197430078540,39565146,20260908
039860,"NanoenTek,Inc.",나노엔텍,KOSDAQ,의료·정밀·광학기기,2025,141,93,48,0.34,7.34,8.67,4.75,0.548,60000000,40000000,0.667,,4115,156752913095,38093053,20260908
253590,Neosem Inc.,네오셈,KOSDAQ,기타 기계·장비,2025,140,127,13,0.093,4.28,4.25,4.59,1.08,57950511.81,32954000,0.569,,10870,476857812680,43869164,20260908
033130,DigitalChosun,디지틀조선,KOSDAQ,정보서비스업,2025,140,76,64,0.457,11.8,14.87,8.15,0.548,68992802.63,47648968.75,0.691,,1783,66176521061,37115267,20260908
119650,"KC Cottrell Co., Ltd.",KC코트렐,KOSPI,기타 기계·장비,2025,140,118,22,0.157,13.37,14,10,0.714,67000000,45000000,0.672,,918,100782913662,109785309,20260908
036420,ContentreeJoongAng corp.,콘텐트리중앙,KOSPI,영상·오디오 제작,2025,140,87,53,0.379,5.23,6.33,3.42,0.54,74000000,57000000,0.77,,1549,29837315092,19262308,20260908
060380,"Dongyang S·TEC Co., Ltd.",동양에스텍,KOSDAQ,1차 금속,2025,140,128,12,0.086,8.05,7.9,9.6,1.215,53614000,54056000,1.008,,1282,25255400000,19700000,20260908
092600,"NC& Co., Ltd.",앤씨앤,KOSDAQ,전자부품·컴퓨터·통신장비,2025,140,108,32,0.229,5.25,5.8,3.4,0.586,71000000,50000000,0.704,,1890,9481568670,5016703,20260908
187790,"NANO. Co., Ltd.",나노,KOSDAQ,화학물질·화학제품,2025,139,113,26,0.187,4.81,5,4,0.8,43170447,28355876,0.657,,3015,92985102450,30840830,20260908
208370,"SELVAS Healthcare, Inc.",셀바스헬스케어,KOSDAQ,의료·정밀·광학기기,2025,139,100,39,0.281,7.32,8.26,4.9,0.593,53905300,38211000,0.709,,2430,62549570520,25740564,20260908
075970,"DONGKUK REFRACTORIES & STEEL CO., LTD.",동국알앤에스,KOSDAQ,비금속 광물제품,2025,139,128,11,0.079,7.14,7.17,6.75,0.941,62661000,45305000,0.723,,1617,29752800000,18400000,20260908
417840,"Justem.CO.,LTD",저스템,KOSDAQ,기타 기계·장비,2025,139,112,27,0.194,3.37,3.32,3.57,1.075,54678571.43,49074074.07,0.898,,13890,317655702090,22869381,20260908
353190,"Hurum Co., Ltd.",휴럼,KOSDAQ,식료품 제조,2025,139,58,81,0.583,5.39,5.1,5.6,1.098,56000000,33000000,0.589,,2650,20870562600,7875684,20260908
380550,NEUROPHET Inc.,뉴로핏,KOSDAQ,출판업,2025,139,69,70,0.504,2.75,2.64,2.86,1.083,64382047.23,52005377.36,0.808,,6930,84538141380,12198866,20260908
044060,"JOKWANG I.L.I CO., LTD",조광아이엘아이,,기타 기계·장비,2025,139,120,19,0.137,4.09,4,4.67,1.168,49486000,41461000,0.838,,,,,
250930,"YeSUN Tech Co., Ltd.",예선테크,KOSDAQ,고무·플라스틱,2025,139,82,57,0.41,7,7,7,1,52000000,33000000,0.635,,1700,11220149600,6600088,20260908
078130,"KUK-IL PAPER MFG CO.,LTD",국일제지,KOSDAQ,펄프·종이 제조,2025,139,124,15,0.108,12.82,13.8,4.7,0.341,63028000,41417000,0.657,,3480,392337242760,112740587,20260908
080220,Jeju Semiconductor Corp.,제주반도체,KOSDAQ,전자부품·컴퓨터·통신장비,2025,139,121,18,0.129,8.62,8.5,9.4,1.106,97000000,67000000,0.691,,73000,2514326809000,34442833,20260908
007330,PUREUN SAVINGS BANK,푸른저축은행,KOSDAQ,금융업,2025,139,88,51,0.367,9.53,10.48,7.88,0.752,83090909.09,70313725.49,0.846,,10110,152487108000,15082800,20260908
127120,"JS Link, Inc.",제이에스링크,KOSDAQ,연구개발업,2025,139,72,67,0.482,3.39,2.61,4.23,1.621,60918000,45568000,0.748,,31700,1174946773900,37064567,20260908
066310,"Q.S.ICo.,Ltd.",큐에스아이,KOSDAQ,전자부품·컴퓨터·통신장비,2025,138,102,36,0.261,6.72,7.5,4.5,0.6,40000000,23000000,0.575,,6930,64252333530,9271621,20260908
024740,HanilForgingIndustrial,한일단조,KOSDAQ,자동차·트레일러,2025,138,127,11,0.08,7.82,7.83,7.67,0.98,61440000,45217000,0.736,,2305,75827697945,32897049,20260908
032850,BITComputer,비트컴퓨터,KOSDAQ,출판업,2025,138,92,46,0.333,10.8,12.2,8,0.656,57865000,45083000,0.779,,3765,62586698145,16623293,20260908
240600,"YUJIN TECHNOLOGY CO.,LTD.",유진테크놀로지,KOSDAQ,금속가공제품,2025,138,123,15,0.109,4.16,4.2,3.8,0.905,43000000,59000000,1.372,,1642,13627631220,8299410,20260908
036480,Daesung Microbiological Labs. Co. Ltd,대성미생물,KOSDAQ,의료용 물질·의약품,2025,138,85,53,0.384,10.91,10.3,11.9,1.155,48917000,37867000,0.774,,6160,23408000000,3800000,20260908
078140,"Daebonglsco.,Ltd",대봉엘에스,KOSDAQ,의료용 물질·의약품,2025,138,91,47,0.341,5.52,6,4.6,0.767,58387000,45996000,0.788,,7700,85366658300,11086579,20260908
008250,EAGON INDUSTRIAL LTD,이건산업,KOSPI,목재 제조,2025,138,125,13,0.094,13.81,14.11,10.9,0.773,78779000,49504000,0.628,,3070,33624589450,10952635,20260908
420770,"GigaVis Co., Ltd.",기가비스,KOSDAQ,기타 기계·장비,2025,138,126,12,0.087,7.03,6.8,9.5,1.397,70000000,57000000,0.814,,98500,1248562163000,12675758,20260908
342870,"OA Co., Ltd.",오아,KOSDAQ,소매업,2025,138,61,77,0.558,4.81,6.2,3.7,0.597,87000000,47000000,0.54,,3605,19647960185,5450197,20260908
441270,"Fine M-Tec Co.,Ltd.",파인엠텍,KOSDAQ,전자부품·컴퓨터·통신장비,2025,137,117,20,0.146,2.28,2.25,2.44,1.084,63205128.21,42150000,0.667,,8070,340593801240,42204932,20260908
208350,"Jiransecurity Co., Ltd.",지란지교시큐리티,KOSDAQ,출판업,2025,137,98,39,0.285,9.72,10.2,8.5,0.833,81991784,65478115,0.799,,3000,24304710000,8101570,20260908
260970,"S&D Co., Ltd",에스앤디,KOSDAQ,식료품 제조,2025,137,117,20,0.146,5.02,4.8,6.28,1.308,69076923.08,56450000,0.817,,53200,153894512800,2892754,20260908
189860,"SEOJEON ELECTRIC MACHINERY Co.,Ltd.",서전기전,KOSDAQ,전기장비,2025,137,115,22,0.161,4.38,4.58,3.33,0.727,46000000,15000000,0.326,,5750,55767985000,9698780,20260908
950190,"GHOST STUDIO CO., LTD.",고스트스튜디오,KOSDAQ,출판업,2025,137,69,68,0.496,3.25,3.5,3,0.857,94000000,73000000,0.777,,9210,119887113390,13017059,20260908
352910,Obigo Inc.,오비고,KOSDAQ,컴퓨터 프로그래밍·SI,2025,137,85,52,0.38,5.97,6.5,5.1,0.785,82000000,57000000,0.695,,4870,61546095740,12637802,20260908
352700,"CNTUS Co., Ltd",씨앤투스,KOSDAQ,화학물질·화학제품,2025,136,108,28,0.206,5.63,6.25,3.25,0.52,52723000,54646000,1.036,,1471,38653318429,26276899,20260908
052420,"OSUNG ADVANCED MATERIALS CO., LTD.",오성첨단소재,KOSDAQ,고무·플라스틱,2025,136,122,14,0.103,6.27,6.56,3.74,0.57,51658000,40431000,0.783,,9800,95471688200,9742009,20260908
278280,"Chunbo Co., Ltd.",천보,KOSDAQ,화학물질·화학제품,2025,135,124,11,0.081,4.22,4.25,3.85,0.906,51786217.74,39754818.18,0.768,,39000,477867975000,12253025,20260908
123860,"Anapass, Inc.",아나패스,KOSDAQ,전자부품·컴퓨터·통신장비,2025,135,105,30,0.222,8.41,8.3,8.8,1.06,129000000,84000000,0.651,,13460,163181165900,12123415,20260908
073560,"Woorison F&G CO., LTD.",우리손에프앤지,KOSDAQ,식료품 제조,2025,135,110,25,0.185,6.89,6.55,8.4,1.282,54881818.18,49640000,0.904,,1534,106210544362,69237643,20260908
050110,CammSys Corp.,캠시스,KOSDAQ,전자부품·컴퓨터·통신장비,2025,135,110,25,0.185,7.22,6.14,11.98,1.951,56885318.18,48070240,0.845,,1104,32264204592,29224823,20260908
265740,NFC Corporation,엔에프씨,KOSDAQ,화학물질·화학제품,2025,135,64,71,0.526,2.97,3.51,2.49,0.709,49071000,35094000,0.715,,6890,123080204000,17863600,20260908
045060,OKONG Corporation,오공,KOSDAQ,화학물질·화학제품,2025,135,107,28,0.207,11.63,11.42,12.42,1.088,47951000,41197000,0.859,,2125,36001694750,16941974,20260908
007680,"DAEWON CO., LTD.",대원,KOSDAQ,종합 건설,2025,135,114,21,0.156,8.48,7.7,12.71,1.651,77705850.88,66326095.24,0.854,,3305,43701149090,13222738,20260908
018000,"UNISON CO., LTD.",유니슨,KOSDAQ,기타 기계·장비,2025,135,118,17,0.126,9.19,9.2,9.1,0.989,68348000,41716000,0.61,,1233,319961384172,259498284,20260908
100590,MERCURY CORPORATION,머큐리,KOSDAQ,전자부품·컴퓨터·통신장비,2025,135,118,17,0.126,14.98,16.26,6.08,0.374,82220338.98,46470588.24,0.565,,3350,57417475750,17139545,20260908
100660,"SEOAM MACHINERY INDUSTRY CO., LTD",서암기계공업,KOSDAQ,기타 기계·장비,2025,135,127,8,0.059,12.73,13.3,3.7,0.278,69944000,32158000,0.46,,3110,39186000000,12600000,20260908
033250,"CHASYS Co.,Ltd",체시스,KOSPI,자동차·트레일러,2025,134,123,11,0.082,15.53,16.17,8.42,0.521,76000000,40000000,0.526,,4485,28704000000,6400000,20260908
002700,"SHINIL ELECTRONICS CO.,LTD",신일전자,KOSPI,도매·상품중개,2025,134,108,26,0.194,8.69,9.8,4.1,0.418,67000000,37000000,0.552,,986,67587855706,68547521,20260908
424980,"MICRO2NANO, INC.",마이크로투나노,KOSDAQ,전자부품·컴퓨터·통신장비,2025,134,116,18,0.134,7.35,7.92,3.67,0.463,50234000,31518000,0.627,,8360,49481920400,5918890,20260908
251630,"V-ONE TECH CO., LTD.",브이원텍,KOSDAQ,기타 기계·장비,2025,134,126,8,0.06,5.13,5.18,4.4,0.849,56301587.3,44000000,0.782,,3535,56358102010,15942886,20260908
003190,"R Bio CO., LTD.",알앤엘재생의학연구소,,의료용 물질·의약품,2025,134,52,82,0.612,2.97,2.92,3,1.027,44000000,31000000,0.705,,,,,
119500,"FORMETAL CO., LTD",포메탈,KOSDAQ,금속가공제품,2025,133,127,6,0.045,11.81,11.7,14.2,1.214,52604000,51119000,0.972,,2455,29084954560,11847232,20260908
049520,"UIL Co.,Ltd",유아이엘,KOSDAQ,전자부품·컴퓨터·통신장비,2025,133,84,49,0.368,9.97,9.17,11.33,1.236,69000000,46000000,0.667,,3860,119052532500,30842625,20260908
031980,PSK HOLDINGS INC.,피에스케이홀딩스,KOSDAQ,기타 기계·장비,2025,133,108,25,0.188,6.22,6.33,5.75,0.908,93000000,91000000,0.978,,146500,3158890867500,21562395,20260908
309710,"IT-CHEM Co., Ltd.",아이티켐,KOSDAQ,의료용 물질·의약품,2025,133,105,28,0.211,2.74,2.83,2.42,0.855,60557000,34806000,0.575,,21000,268443021000,12783001,20260908
038870,"EcoSimplex Co., Ltd",에코심플렉스,KOSDAQ,전문·과학·기술 서비스,2025,133,125,8,0.06,6.81,7.05,3.14,0.445,48632000,27500000,0.565,,1860,26067805140,14014949,20260908
200230,TELCON RF PHARMACEUTICAL. Inc.,텔콘RF제약,KOSDAQ,의료용 물질·의약품,2025,133,69,64,0.481,4.78,5.37,4.14,0.771,68014492.75,41500000,0.61,,2185,20718757765,9482269,20260908
141000,"Viatron Technologies, Inc.",비아트론,KOSDAQ,기타 기계·장비,2025,133,112,21,0.158,6.72,7.08,4.83,0.682,73000000,47000000,0.644,,8620,104428800200,12114710,20260908
216400,"INVITES BIOCORE CO., LTD",인바이츠바이오코아,KONEX,연구개발업,2025,133,53,80,0.602,3.82,3.4,4.1,1.206,55273000,45224000,0.818,,1694,13062967610,7711315,20260908
143540,"YoungWoo DSP Co.,Ltd.",영우디에스피,KOSDAQ,기타 기계·장비,2025,132,123,9,0.068,7.38,7.43,6.65,0.895,69000000,45000000,0.652,,1035,46160891325,44599895,20260908
301300,VAIV company Inc.,바이브컴퍼니,KOSDAQ,출판업,2025,132,83,49,0.371,5.37,5.87,4.51,0.768,59486000,52257000,0.878,,1899,24980798088,13154712,20260908
021650,CUBIC KOREA INC.,한국큐빅,KOSDAQ,고무·플라스틱,2025,132,82,50,0.379,5.76,5.62,6,1.068,52000000,38000000,0.731,,1990,32537620370,16350563,20260908
018680,"SEOUL PHARMA CO.,LTD",서울제약,KOSDAQ,의료용 물질·의약품,2025,132,71,61,0.462,5.65,6.13,5.1,0.832,86920000,41151000,0.473,,1974,23015495706,11659319,20260908
111380,"DONG IN ENTECH Co., Ltd.",동인기연,KOSPI,가죽·신발 제조,2025,131,108,23,0.176,7.3,7.75,5.17,0.667,65000000,40000000,0.615,,13100,80276800000,6128000,20260908
459100,"WITS Co., Ltd.",위츠,KOSDAQ,전자부품·컴퓨터·통신장비,2025,131,110,21,0.16,2.94,3.02,2.55,0.844,72576890.91,38034380.95,0.524,,4080,54941688000,13466100,20260908
123840,"NUON CO., LTD.",뉴온,KOSDAQ,식료품 제조,2025,131,52,79,0.603,1.73,2.71,1.09,0.402,28287750,20415050.63,0.722,,1692,26315760600,15553050,20260908
002140,"KOREA INDUSTRIAL CO.,LTD",고려산업,KOSPI,식료품 제조,2025,131,111,20,0.153,9.17,9.52,7.22,0.758,71657657.66,37800000,0.528,,2040,50876427000,24939425,20260908
014190,WONIK CUBE Corp.,원익큐브,KOSDAQ,도매·상품중개,2025,131,98,33,0.252,7.71,7.51,8.3,1.105,58292193.88,46681000,0.801,,1228,43465147188,35395071,20260908
142280,GC Medical Science Corporation,녹십자엠에스,KOSDAQ,의료용 물질·의약품,2025,131,94,37,0.282,6.18,7,4.1,0.586,49000000,42000000,0.857,,3080,73806135480,23963031,20260908
340450,GC Genome Corporation,지씨지놈,KOSDAQ,기타 과학기술 서비스,2025,131,48,83,0.634,3.83,4.4,3.5,0.795,64000000,47000000,0.734,,5500,130079361500,23650793,20260908
486990,Nota Inc.,노타,KOSDAQ,출판업,2025,131,92,39,0.298,2.36,2.53,1.95,0.771,147784597.83,94871384.62,0.642,,17810,380999178300,21392430,20260908
107600,"Sebitchem Co., LTD",새빗켐,KOSDAQ,화학물질·화학제품,2025,131,117,14,0.107,3.03,3,3.3,1.1,43995000,39484000,0.897,,14800,83620799200,5650054,20260908
086790,Hana Financial Group Inc.,하나금융지주,KOSPI,금융업,2025,131,92,39,0.298,3.38,3.5,3.1,0.886,183000000,134000000,0.732,,136800,37533507926400,274367748,20260908
460930,"HYUNDAI HYMS CO., LTD.",현대힘스,KOSDAQ,기타 운송장비,2025,130,118,12,0.092,6.96,7.33,3.33,0.454,76000000,37000000,0.487,,13270,471226604170,35510671,20260908
376930,"Noul Co., Ltd.",노을,KOSDAQ,의료·정밀·광학기기,2025,130,79,51,0.392,3.54,3.71,3.28,0.884,82278481.01,60196078.43,0.732,,1594,16351672816,10258264,20260908
035430,Dreamline Corporation,드림라인,,통신업,2025,130,99,31,0.238,7.15,7.12,7.23,1.015,59000000,39000000,0.661,,,,,
011400,AJINCARINTECH. INC.,아진카인텍,,자동차·트레일러,2025,130,126,4,0.031,11.36,11.25,14.67,,78000000,71000000,,fewer than 5 of one sex,,,,
484810,"TXR Robotics Co., Ltd.",티엑스알로보틱스,KOSDAQ,기타 기계·장비,2025,130,115,15,0.115,2.29,2.31,2.11,0.913,62513043.48,49600000,0.793,,13400,207042261000,15450915,20260908
094940,PULOON Robotics Inc.,푸른로보틱스,KOSDAQ,전자부품·컴퓨터·통신장비,2025,130,79,51,0.392,8.82,10,7,0.7,59432000,29724000,0.5,,6320,52843959520,8361386,20260908
106190,"HIGH TECH PHARM CO.,LTD.",하이텍팜,KOSDAQ,의료용 물질·의약품,2025,130,113,17,0.131,5.73,6,3.9,0.65,60782000,47863000,0.787,,10190,108352032870,10633173,20260908
312610,"A.F.W Co., Ltd",에이에프더블류,KOSDAQ,1차 금속,2025,130,110,20,0.154,3.92,4.14,2.71,0.655,51975200,34056100,0.655,,259,5246533992,20256888,20260908
198440,"KANGDONG C&L co., Ltd",강동씨앤엘,KOSDAQ,비금속 광물제품,2025,130,100,30,0.231,2.89,3.4,1.2,0.353,45206360,22007000,0.487,,1922,117111104112,60931896,20260908
206950,VOLVIK INC.,볼빅,KONEX,기타 제품 제조,2025,130,96,34,0.262,4.99,5.1,4.68,0.918,43226000,34897000,0.807,,1595,22453237675,14077265,20260908
039310,"SEJOONG CO., LTD.",세중,KOSDAQ,출판업,2025,130,57,73,0.562,5.84,8.45,3.81,0.451,49175438.6,38150684.93,0.776,,1277,23141368759,18121667,20260908
036690,"COMMAX Co., Ltd.",코맥스,KOSDAQ,전자부품·컴퓨터·통신장비,2025,130,115,15,0.115,11.54,12,8,0.667,65000000,39000000,0.6,,2885,125692107675,43567455,20260908
365330,"SY STEEL TECH, Inc.",에스와이스틸텍,KOSDAQ,금속가공제품,2025,130,115,15,0.115,3.29,3.33,3,0.901,47702000,27915000,0.585,,1632,81879072000,50171000,20260908
009730,"IREM Co.,Ltd.",이렘,KOSDAQ,1차 금속,2025,130,113,17,0.131,5.79,6.12,3.56,0.582,53769230.09,42030235.29,0.782,,2100,16748556300,7975503,20260908
102280,SBW,쌍방울,,의복 제조,2025,130,79,51,0.392,7.73,8.2,7,0.854,3572002,2955340,0.827,,,,,
458870,"SEERS Co., Ltd.",씨어스,KOSDAQ,의료·정밀·광학기기,2025,130,76,54,0.415,3.16,3.5,2.67,0.763,83947310,60210112,0.717,,22800,874274253600,38345362,20260908
037030,POWERNET TECHNOLOGIES CORPORATION,파워넷,KOSDAQ,전기장비,2025,129,109,20,0.155,7.19,7.3,6.6,0.904,69000000,58000000,0.841,,3080,78580015360,25512992,20260908
170920,"LTC CO.,LTD.",엘티씨,KOSDAQ,화학물질·화학제품,2025,129,103,26,0.202,5.44,5.9,3.6,0.61,66738000,46832000,0.702,,34600,365518759600,10564126,20260908
260930,"CTK Co., Ltd",씨티케이,KOSDAQ,화학물질·화학제품,2025,129,51,78,0.605,3.42,3.75,3.2,0.853,74369627.45,44381320.51,0.597,,2380,46032986580,19341591,20260908
190510,"Namuga Co.,Ltd",나무가,KOSDAQ,전자부품·컴퓨터·통신장비,2025,129,108,21,0.163,6.43,6.42,6.5,1.012,93000000,58000000,0.624,,15300,215505350100,14085317,20260908
014200,"KANGLIM Co., LTD.",광림,,자동차·트레일러,2025,129,117,12,0.093,10.89,11.5,4.91,0.427,40917326.09,33233150.83,0.812,,,,,
012160,"YOUNGWIRE CO., LTD.",영흥,KOSPI,1차 금속,2025,129,111,18,0.14,11.37,11.94,7.87,0.659,62378378.38,42555555.56,0.682,,2390,37333480170,15620703,20260908
067900,"Y-ENTECCO.,LTD.",와이엔텍,KOSDAQ,폐기물 수집·처리,2025,129,89,40,0.31,13.41,15.78,8.13,0.515,53617977.53,30300000,0.565,,6110,111199916490,18199659,20260908
053350,"INITECH Co., Ltd.",이니텍,KOSDAQ,출판업,2025,129,95,34,0.264,6.37,6.5,6,0.923,74000000,58000000,0.784,,3895,85772048175,22021065,20260908
088290,"EWON COMFORTECH CO.,LTD",이원컴포텍,KOSDAQ,자동차·트레일러,2025,129,117,12,0.093,4.76,5.08,1.67,0.329,65841000,48237000,0.733,,2410,19222333520,7976072,20260908
054220,"VitzroSys., Co. LTD",비츠로시스,KOSDAQ,전기장비,2025,129,111,18,0.14,1.75,1.75,1.75,1,32269000,18261000,0.566,,1660,20900422560,12590616,20260908
264850,"Elensys Co.,Ltd.",이랜시스,KOSDAQ,전자부품·컴퓨터·통신장비,2025,128,38,90,0.703,6.91,8.16,6.38,0.782,53000000,35000000,0.66,,5840,176920534080,30294612,20260908
103230,S&W Corporation,에스앤더블류,KOSDAQ,기타 기계·장비,2025,128,119,9,0.07,8.89,9,7.5,0.833,57542000,47095000,0.818,,2370,17064000000,7200000,20260908
038950,FINEDIGITAL Inc.,파인디지털,KOSDAQ,전자부품·컴퓨터·통신장비,2025,128,79,49,0.383,9.54,11.42,6.5,0.569,73000000,47000000,0.644,,3125,31908640625,10210765,20260908
020400,DaedongMetal,대동금속,KOSDAQ,1차 금속,2025,128,126,2,0.016,14.31,14.35,11.77,,101019000,66475000,,fewer than 5 of one sex,2890,17552507480,6073532,20260908
096760,JW HOLDINGS CORPORATION,JW홀딩스,KOSPI,금융업,2025,128,91,37,0.289,5.35,5.49,5.01,0.913,74000000,55000000,0.743,,4200,310484756400,73924942,20260908
469750,"IVISIONWORKS CO.,LTD.",아이비젼웍스,KOSDAQ,기타 기계·장비,2025,128,122,6,0.047,3,3,2.92,0.973,54000000,28000000,0.519,,991,34146372671,34456481,20260908
086960,MDS Tech Inc.,MDS테크,KOSDAQ,출판업,2025,128,94,34,0.266,6.06,6.68,4.33,0.648,70000000,46000000,0.657,,1967,83653893890,42528670,20260908
347890,MX On CORPORATION,엠엑스온,KOSDAQ,의료·정밀·광학기기,2025,128,107,21,0.164,6.36,6.46,5.86,0.907,64383177.57,46476190.48,0.722,,4485,76304219940,17013204,20260908
114190,"KANGWON ENERGY Co., Ltd.",강원에너지,KOSDAQ,전기장비,2025,128,116,12,0.094,4.07,4.2,2.8,0.667,68000000,34000000,0.5,,9040,236152263520,26123038,20260908
006370,"Daegu Department Store Co., Ltd",대구백화점,KOSPI,소매업,2025,127,46,81,0.638,18.37,17.83,18.67,1.047,52000000,27000000,0.519,,3445,37280449895,10821611,20260908
464080,"SOS LAB Co., Ltd.",에스오에스랩,KOSDAQ,의료·정밀·광학기기,2025,127,99,28,0.22,2.58,2.8,1.8,0.643,82644000,54759000,0.663,,9980,179775418620,18013569,20260908
388720,"Yuilrobotics. co., Ltd",유일로보틱스,KOSDAQ,기타 기계·장비,2025,127,114,13,0.102,2.39,2.37,2.54,1.072,53000000,33000000,0.623,,64200,756362349000,11781345,20260908
403870,"HPSP Co., Ltd.",HPSP,KOSDAQ,기타 기계·장비,2025,127,108,19,0.15,3.21,3.4,2.1,0.618,146000000,124000000,0.849,,53300,4386590000000,82300000,20260908
215380,"Kolmar BioTech, Inc.",콜마바이오텍,KOSDAQ,연구개발업,2025,127,74,53,0.417,4.3,4.37,4.21,0.963,52579135.14,46352377.36,0.882,,2110,35510405360,16829576,20260908
267320,"Naintech. CO.,LTD.",나인테크,KOSDAQ,기타 기계·장비,2025,126,112,14,0.111,3.43,3.58,2.25,0.628,51000000,37000000,0.725,,2150,123442884250,57415295,20260908
179900,UTI INC.,유티아이,KOSDAQ,전자부품·컴퓨터·통신장비,2025,126,108,18,0.143,5.09,5.13,4.82,0.94,65370370.37,50555555.56,0.773,,2155,46481882445,21569319,20260908
002220,"HANIL IRON & STEEL CO.,LTD",한일철강,KOSPI,1차 금속,2025,126,114,12,0.095,8.84,9.5,2.6,0.274,48242000,33071000,0.686,,3130,83563049800,26697460,20260908
363260,Mobidays Inc.,모비데이즈,KOSDAQ,전문서비스업,2025,126,50,76,0.603,2.04,1.83,2.17,1.186,47613628,33007934,0.693,,4160,26760252480,6432753,20260908
406820,"BEAUTYSKIN Co., Ltd.",뷰티스킨,KOSDAQ,화학물질·화학제품,2025,126,54,72,0.571,4.97,4.4,5.4,1.227,50000000,31000000,0.62,,1872,26462885904,14136157,20260908
412540,"JEIL M&S CO., LTD",제일엠앤에스,KOSDAQ,기타 기계·장비,2025,126,103,23,0.183,4.3,4.26,4.5,1.056,55757281.55,51956521.74,0.932,,3935,81063616775,20600665,20260908
377480,"MAUM.AI, INC.",마음AI,KOSDAQ,출판업,2025,126,84,42,0.333,2.11,2,2.33,1.165,65000000,42000000,0.646,,9890,70320619750,7110275,20260908
131400,"EV ADVANCED MATERIAL CO., LTD.",이브이첨단소재,KOSDAQ,전자부품·컴퓨터·통신장비,2025,126,103,23,0.183,9.75,10.57,6.09,0.576,55484000,35451000,0.639,,766,45647381612,59591882,20260908
082210,OPTRONTEC Inc.,옵트론텍,KOSDAQ,의료·정밀·광학기기,2025,126,110,16,0.127,6.17,6.6,3.2,0.485,57000000,32000000,0.561,,1650,57689494500,34963330,20260908
096350,"DAECHANG SOLUTION CO.,LTD.",대창솔루션,KOSDAQ,금속가공제품,2025,125,113,12,0.096,7.76,8.08,4.75,0.588,55000000,37000000,0.673,,1974,72751300188,36854762,20260908
217270,Neptune Company,넵튠,KOSDAQ,출판업,2025,125,73,52,0.416,2.9,2.97,2.79,0.939,87657534.25,56038461.54,0.639,,2360,110296117480,46735643,20260908
033180,"KH FEELUX Co.,Ltd.",케이에이치필룩스,,전자부품·컴퓨터·통신장비,2025,125,95,30,0.24,8.7,8.93,7.97,0.892,60224305.26,41431933.33,0.688,,,,,
263700,"Carelabs Co.,Ltd",케어랩스,KOSDAQ,전문서비스업,2025,125,63,62,0.496,2.79,2.71,2.87,1.059,89000000,48000000,0.539,,1907,37022879400,19414200,20260908
105550,"Edge Foundry Co.,Ltd",엣지파운드리,KOSDAQ,전자부품·컴퓨터·통신장비,2025,124,95,29,0.234,5.75,4.72,9.12,1.932,45419421.05,37553379.31,0.827,,1802,28221860820,15661410,20260908
333050,"Innotena, Inc.",이노테나,KOSDAQ,출판업,2025,124,96,28,0.226,10.4,11,8.33,0.757,72876000,54623000,0.75,,5050,24868321000,4924420,20260908
037460,"SAMJI ELECTRONICS CO., LTD.",삼지전자,KOSDAQ,전자부품·컴퓨터·통신장비,2025,124,107,17,0.137,6.58,6.88,4.68,0.68,68149532.71,40352941.18,0.592,,29200,476500842400,16318522,20260908
032800,Fantagio Corp.,판타지오,KOSDAQ,창작·예술·여가,2025,124,45,79,0.637,1.68,2,1.5,0.75,27974000,22958000,0.821,,1484,22418823616,15107024,20260908
008600,"THE WILLBES & CO.,LTD",윌비스,KOSPI,도매·상품중개,2025,124,71,53,0.427,10.49,12.04,8.42,0.699,52549295.77,45226415.09,0.861,,2620,17615839860,6723603,20260908
093190,"BIXOLONCo.,Ltd",빅솔론,KOSDAQ,전자부품·컴퓨터·통신장비,2025,123,101,22,0.179,10.84,11.7,6.9,0.59,90000000,54000000,0.6,,8520,163915470600,19238905,20260908
376180,"picogram Co., Ltd.",피코그램,KOSDAQ,기타 제품 제조,2025,123,54,69,0.561,6.61,6.33,6.83,1.079,48000000,34000000,0.708,,1370,25428622060,18561038,20260908
033170,Signetics Corp.,시그네틱스,KOSDAQ,전자부품·컴퓨터·통신장비,2025,123,89,34,0.276,8.08,9.9,3.3,0.333,50000000,33000000,0.66,,1790,30690736770,17145663,20260908
037330,INZI DISPLAY COMPANY LIMITED,인지디스플레,KOSDAQ,전자부품·컴퓨터·통신장비,2025,123,99,24,0.195,12.54,13.5,8.6,0.637,62192000,44457000,0.715,,725,31816787400,43885224,20260908
002630,ORIENTBIO Inc.,오리엔트바이오,KOSPI,의료용 물질·의약품,2025,123,61,62,0.504,4.45,5.35,3.56,0.665,38318626.51,27635367.02,0.721,,913,54133141326,59291502,20260908
049960,"CELL BIOTECH CO ., LTD",쎌바이오텍,KOSDAQ,의료용 물질·의약품,2025,123,87,36,0.293,6.81,7.4,5.4,0.73,52000000,31000000,0.596,,15500,145700000000,9400000,20260908
051160,GAEASOFT,지어소프트,KOSDAQ,출판업,2025,123,47,76,0.618,3.88,5.46,2.91,0.533,65872340.43,35736842.11,0.543,,9710,150256715300,15474430,20260908
080720,"UNION KOREA PHARM CO.,Ltd",한국유니온제약,KOSDAQ,의료용 물질·의약품,2025,123,70,53,0.431,4.3,4.15,4.5,1.084,42875000,34323000,0.801,,2410,192441519730,79851253,20260908
090410,"DUKSHINEPC CO., LTD.",덕신이피씨,KOSDAQ,금속가공제품,2025,123,101,22,0.179,6.27,6.4,5.7,0.891,64547135,48342507,0.749,,3830,35300416770,9216819,20260908
013990,AGABANG&COMPANY,아가방컴퍼니,KOSDAQ,도매·상품중개,2025,122,44,78,0.639,6.97,10.52,4.97,0.472,75113636.36,49448717.95,0.658,,4765,156709109040,32887536,20260908
078590,"HYULIM A-TECH Co., Ltd.",휴림에이텍,KOSDAQ,자동차·트레일러,2025,122,93,29,0.238,6.99,6.7,7.9,1.179,52811000,49207000,0.932,,2990,29865109690,9988331,20260908
417200,"LS Materials Co.,Ltd.",LS머트리얼즈,KOSDAQ,전자부품·컴퓨터·통신장비,2025,122,108,14,0.115,6.51,6.9,3.5,0.507,52000000,34000000,0.654,,10930,739443562870,67652659,20260908
296520,"GAIA CORPORATION CO., LTD",가이아코퍼레이션,KONEX,도매·상품중개,2025,122,19,103,0.844,4.31,6,4,0.667,29532000,33678000,1.14,,702,3276239616,4667008,20260908
214420,"TONYMOLY CO., LTD.",토니모리,KOSPI,화학물질·화학제품,2025,122,38,84,0.689,4.41,5.81,3.78,0.651,66736842.11,62904761.9,0.943,,5150,123882214850,24054799,20260908
012210,"Sammi Metal Products Co., Ltd.",삼미금속,KOSDAQ,금속가공제품,2025,122,116,6,0.049,12.9,12.75,15.75,1.235,67000000,55000000,0.821,,10030,231207337370,23051579,20260908
130500,GH Advanced Materials Inc.,GH신소재,KOSDAQ,섬유제품 제조,2025,122,104,18,0.148,6.95,7.36,4.58,0.622,66768451.92,52122944.44,0.781,,1922,27955589944,14545052,20260908
117730,"T-Robotics co., Ltd.",티로보틱스,KOSDAQ,기타 기계·장비,2025,121,105,16,0.132,4.7,4.83,3.83,0.793,49891933.33,27500312.5,0.551,,12890,290773174270,22558043,20260908
138930,BNK Financial Group Inc.,BNK금융지주,KOSPI,금융업,2025,121,103,18,0.149,2.46,2.5,2.25,0.9,177000000,132000000,0.746,,15590,4783631718090,306839751,20260908
084110,"Huons Global Co., Ltd.",휴온스글로벌,KOSDAQ,의료용 물질·의약품,2025,121,70,51,0.421,4.09,4.45,3.59,0.807,68396000,53103000,0.776,,23100,292441657200,12659812,20260908
347740,"P&K Skin Research Center Co.,Ltd.",피엔케이피부임상연구센타,KOSDAQ,기타 과학기술 서비스,2025,121,23,98,0.81,2.63,2.78,2.6,0.935,56000000,41000000,0.732,,1805,54169089680,30010576,20260908
475230,"NRB, inc",엔알비,KOSDAQ,금속가공제품,2025,121,98,23,0.19,1.63,1.62,1.65,1.019,77571428.57,59130434.78,0.762,,9110,99287002130,10898683,20260908
476080,"M eighty-three Co.,Ltd.",M83,KOSDAQ,영상·오디오 제작,2025,121,61,60,0.496,2.69,2.79,2.59,0.928,52763180.33,44854833.33,0.85,,4030,32550310000,8077000,20260908
243870,"ITCENCORE CO.,LTD.",아이티센코어,KONEX,컴퓨터 프로그래밍·SI,2025,121,87,34,0.281,4.27,4.25,4.33,1.019,67087000,50893000,0.759,,8400,24298100400,2892631,20260908
204020,"GRITEE, Inc.",그리티,KOSDAQ,의복 제조,2025,120,31,89,0.742,4.88,5.79,4.56,0.788,74000000,57606741.57,0.778,,1794,34894792608,19450832,20260908
059100,"i-Components Co., Ltd",아이컴포넌트,KOSDAQ,전자부품·컴퓨터·통신장비,2025,120,103,17,0.142,6.84,6.92,6.33,0.915,54349000,53043000,0.976,,6670,47162636200,7070860,20260908
408900,"Studio Mir Co., LTD.",스튜디오미르,KOSDAQ,영상·오디오 제작,2025,120,38,82,0.683,5.23,6.53,4.63,0.709,54417000,34498000,0.634,,1060,34718104740,32752929,20260908
049120,"FINE DNC CO.,LTD.",파인디앤씨,KOSDAQ,전자부품·컴퓨터·통신장비,2025,120,105,15,0.125,7.58,8,4.6,0.575,60989047,37272853,0.611,,3055,32388080465,10601663,20260908
006050,KUK YOUNG G M,국영지앤엠,KOSDAQ,비금속 광물제품,2025,120,110,10,0.083,9.48,9.9,4.83,0.488,57053309.09,41572700,0.729,,5250,18320001000,3489524,20260908
163280,"Airrane Co., Ltd.",에어레인,KOSDAQ,기타 기계·장비,2025,120,104,16,0.133,2.91,2.75,3.92,1.425,48261000,44731000,0.927,,3505,47678788390,13603078,20260908
131220,"DAIHAN SCIENTIFIC CO., Ltd",대한과학,KOSDAQ,도매·상품중개,2025,120,83,37,0.308,8.73,8.7,8.8,1.011,51008000,45770000,0.897,,3745,27917065050,7454490,20260908
022220,"TKG AIKANG CO., LTD",티케이지애강,KOSDAQ,고무·플라스틱,2025,120,108,12,0.1,7.51,7.7,5.77,0.749,56619000,41840000,0.739,,894,46304353626,51794579,20260908
007770,"HANIL CHEMICAL IND. CO.,LTD",한일화학,KOSDAQ,화학물질·화학제품,2025,119,101,18,0.151,8.64,8.72,8.22,0.943,59744514.85,49970666.67,0.836,,7920,27799200000,3510000,20260908
032560,"Hwang Kum Steel & Technology Co., Ltd",황금에스티,KOSPI,1차 금속,2025,119,100,19,0.16,7.27,7.44,6.38,0.858,60000000,51000000,0.85,,5610,95370000000,17000000,20260908
192390,"WINHITECH CO., Ltd.",윈하이텍,KOSDAQ,금속가공제품,2025,119,104,15,0.126,7.53,8,4.3,0.538,71264000,42046000,0.59,,1768,21158090928,11967246,20260908
300120,LaonPeople Inc.,라온피플,KOSDAQ,출판업,2025,119,86,33,0.277,3.37,3.36,3.4,1.012,68483000,52022000,0.76,,3170,31385545510,9900803,20260908
127980,"Finecircuit CO.,LTD.",화인써키트,KOSDAQ,전자부품·컴퓨터·통신장비,2025,119,92,27,0.227,3.81,4,3.17,0.793,38867000,34358000,0.884,,2605,30844981820,11840684,20260908
045340,TOTAL SOFT BANK LTD.,토탈소프트,KOSDAQ,출판업,2025,119,79,40,0.336,9.99,11,8,0.727,63000000,50000000,0.794,,6900,59050476000,8558040,20260908
002960,"HANKOOK SHELL OIL CO.,LTD",한국쉘석유,KOSPI,코크스·석유정제,2025,119,79,40,0.336,15.85,17.18,13.22,0.769,128642000,96304000,0.749,,502000,652600000000,1300000,20260908
445180,"Purit Co., Ltd.",퓨릿,KOSDAQ,화학물질·화학제품,2025,119,111,8,0.067,4.17,4.2,3.8,0.905,66000000,50000000,0.758,,7780,133731882640,17189188,20260908
403360,"RAPEECH Co.,Ltd",라피치,KONEX,출판업,2025,119,87,32,0.269,4.35,4.82,3.06,0.635,59264000,42364000,0.715,,6490,24451951150,3767635,20260908
318060,Graphy Inc.,그래피,KOSDAQ,화학물질·화학제품,2025,119,80,39,0.328,2.33,2.39,2.2,0.921,60486650,49436025.64,0.817,,17900,200250468300,11187177,20260908
263050,"Eutilex Co.,Ltd.",유틸렉스,KOSDAQ,의료용 물질·의약품,2025,119,119,,,2.63,2.63,,,55495680.67,,,not reported,959,35324626904,36834856,20260908
199290,BIO PROTECH INC.,바이오프로테크,KONEX,의료·정밀·광학기기,2025,118,70,48,0.407,5.69,6.33,4.75,0.75,40000000,31000000,0.775,,400,6810076800,17025192,20260908
081970,"KX NexG Co.,LTD.",케이엑스넥스지,,출판업,2025,118,92,26,0.22,3.38,3.76,2.03,0.54,40065065.22,25264384.62,0.631,,,,,
263810,"SANGSHIN ELECTRONICS CO., LTD.",상신전자,KOSDAQ,전자부품·컴퓨터·통신장비,2025,118,82,36,0.305,7.68,7.5,8.1,1.08,49978000,32890000,0.658,,2535,40369431375,15924825,20260908
052900,"KX HITECH CO.,LTD",KX하이텍,KOSDAQ,고무·플라스틱,2025,118,84,34,0.288,5.19,5.27,5,0.949,59000000,44352941.18,0.752,,974,74674719660,76668090,20260908
115570,"STARFLEX CO., LTD",스타플렉스,KOSDAQ,고무·플라스틱,2025,118,108,10,0.085,6.47,6.37,7.53,1.182,58112000,47336000,0.815,,2610,20839565880,7984508,20260908
056090,"CG MedTech Co.,Ltd.",시지메드텍,KOSDAQ,의료·정밀·광학기기,2025,118,74,44,0.373,6.46,7.78,4.24,0.545,57445000,40511000,0.705,,1169,120709813084,103259036,20260908
394280,"Openedges Technology, Inc.",오픈엣지테크놀로지,KOSDAQ,출판업,2025,118,88,30,0.254,2.47,2.6,2.1,0.808,116157000,63784000,0.549,,8270,217885803100,26346530,20260908
180060,"Topsun co.,Ltd",탑선,KONEX,전기장비,2025,118,103,15,0.127,5.23,5.23,5.25,1.004,59476300.97,42102133.33,0.708,,4320,40381917120,9347666,20260908
119850,"GnCenergy Co., Ltd.",지엔씨에너지,KOSDAQ,전기장비,2025,118,104,14,0.119,5.66,5.6,6.1,1.089,66931000,56711000,0.847,,44800,736911123200,16448909,20260908
416180,"Shinsung ST Co., Ltd.",신성에스티,KOSDAQ,자동차·트레일러,2025,118,103,15,0.127,4.36,4.23,5.22,1.234,66000000,51000000,0.773,,24250,219214616500,9039778,20260908
205500,"NEXUS Co., Ltd.",넥써쓰,KOSDAQ,출판업,2025,118,94,24,0.203,0.76,0.75,0.78,1.04,97000000,55000000,0.567,,1815,151664661555,83561797,20260908
238090,"NDFOS CO., LTD.",앤디포스,KOSDAQ,고무·플라스틱,2025,117,89,28,0.239,4.04,4.4,2.9,0.659,57983000,41504000,0.716,,1833,55888976520,30490440,20260908
032960,DongilTechnology,동일기연,KOSDAQ,전자부품·컴퓨터·통신장비,2025,117,87,30,0.256,14.28,13,18,1.385,67000000,40000000,0.597,,2135,37561001625,17592975,20260908
391710,Kornic Automation Co.Ltd.,코닉오토메이션,KOSDAQ,기타 기계·장비,2025,117,99,18,0.154,6.45,6.25,7.58,1.213,76000000,52000000,0.684,,1090,46456312300,42620470,20260908
004700,"CHOKWANG LEATHER CO.,LTD",조광피혁,KOSPI,가죽·신발 제조,2025,116,96,20,0.172,11.62,12.83,5.83,0.454,53000000,47000000,0.887,,64200,426874659600,6649138,20260908
142210,"Unitrontech Co., Ltd.",유니트론텍,KOSDAQ,도매·상품중개,2025,116,91,25,0.216,5.22,5.17,5.42,1.048,88000000,71000000,0.807,,5870,121810735610,20751403,20260908
099390,"Brainzcompany Co., Ltd.",브레인즈컴퍼니,KOSDAQ,출판업,2025,116,89,27,0.233,,,,,57168742,57344878,1.003,,3780,31027309740,8208283,20260908
224810,"EOMJIHOUSE Co., Ltd",엄지하우스,KONEX,전문직별 공사,2025,116,66,50,0.431,6.53,8.11,4.44,0.547,55508000,45666000,0.823,,1758,7383600000,4200000,20260908
065500,Orient Precision Industries Inc.,오리엔트정공,KOSDAQ,자동차·트레일러,2025,116,92,24,0.207,7.56,7.6,7.4,0.974,52238000,42279000,0.809,,1130,40389490560,35742912,20260908
126870,"NS Co., Ltd.",앤에스,,기타 기계·장비,2025,116,100,16,0.138,7.72,8,6,0.75,50659452,40207556,0.794,,,,,
018700,"JOLSE CO.,LTD.",졸스,KOSDAQ,도매·상품중개,2025,116,40,76,0.655,3.12,2.5,3.45,1.38,24944425,24920592.11,0.999,,1400,23411164000,16722260,20260908
183490,ENZYCHEM LIFESCIENCES CORPORATION,엔지켐생명과학,KOSDAQ,의료용 물질·의약품,2025,116,62,54,0.466,3.43,4.24,2.51,0.592,57516129.03,38037037.04,0.661,,990,83793832650,84640235,20260908
004840,"DRB Holding Co.,Ltd",DRB동일,KOSPI,고무·플라스틱,2025,116,78,38,0.328,10.15,10.83,8.75,0.808,92873000,63111000,0.68,,4045,77956712380,19272364,20260908
331380,"FOCUS AI Co., Ltd.",포커스에이아이,KOSDAQ,전자부품·컴퓨터·통신장비,2025,116,90,26,0.224,4.53,4.83,3.5,0.725,60000000,38000000,0.633,,2120,77509035920,36560866,20260908
360070,"TOP MATERIAL Co., Ltd",탑머티리얼,KOSDAQ,전기장비,2025,116,96,20,0.172,3.39,3.6,2.4,0.667,81423000,51675000,0.635,,8400,68813161200,8192043,20260908
001380,"SG GLOBAL CO., LTD",SG글로벌,KOSPI,자동차·트레일러,2025,115,60,55,0.478,6.49,8.5,4.29,0.505,73570850,41872363.64,0.569,,1263,28394855673,22482071,20260908
065530,Wiable Corp.,와이어블,KOSDAQ,통신업,2025,115,105,10,0.087,7.01,7.08,6.33,0.894,51435000,61321000,1.192,,1175,56210541825,47838759,20260908
025560,MIRAE CORPORATION,미래산업,KOSPI,의료·정밀·광학기기,2025,115,108,7,0.061,6.64,6.75,5,0.741,64000000,37000000,0.578,,6010,166949854780,27778678,20260908
332570,"Pentastone Electronics, Inc.",PS일렉트로닉스,KOSDAQ,전자부품·컴퓨터·통신장비,2025,115,84,31,0.27,6.51,7.04,5.09,0.723,59666666.67,44129032.26,0.74,,7500,350336722500,46711563,20260908
117670,"Alphachips, Inc.",알파칩스,KOSDAQ,전자부품·컴퓨터·통신장비,2025,115,92,23,0.2,6.42,6.8,4.9,0.721,65753000,43342000,0.659,,8000,53293936000,6661742,20260908
377030,"BITMAX CO., LTD",비트맥스,KOSDAQ,출판업,2025,115,85,30,0.261,2.47,2.5,2.39,0.956,19247058.82,13200000,0.686,,1811,25882272322,14291702,20260908
062860,TLIInc.,티엘아이,,전자부품·컴퓨터·통신장비,2025,115,93,22,0.191,53.81,54,53,0.981,108382000,81394000,0.751,,,,,
131100,"TN entertainment Co., Ltd.",티엔엔터테인먼트,KOSDAQ,영상·오디오 제작,2025,115,77,38,0.33,1.73,1.75,1.69,0.966,51383532.47,48438473.68,0.943,,2265,14607764160,6449344,20260908
316140,Woori Financial Group Inc.,우리금융지주,KOSPI,금융업,2025,114,93,21,0.184,3.04,2.92,3.58,1.226,195000000,141000000,0.723,,34050,25087582265850,736786557,20260908
317830,"SP SYSTEMS CO.,LTD.",에스피시스템스,KOSDAQ,기타 기계·장비,2025,114,90,24,0.211,5.39,5.51,4.93,0.895,44692633.33,25666333.33,0.574,,4450,47943490100,10773818,20260908
003050,LYNXEO KOREA LTD,링세오코리아,,전기장비,2025,114,100,14,0.123,16.83,18.6,4.2,0.226,10648000,69171000,6.496,,,,,
451250,"BBIA.CO.,LTD.",삐아,KOSDAQ,화학물질·화학제품,2025,114,24,90,0.789,2.78,2.58,2.83,1.097,58000000,36000000,0.621,,7320,74853419640,10225877,20260908
413390,"MOT Co., Ltd.",엠오티,KOSDAQ,기타 기계·장비,2025,114,101,13,0.114,2.85,2.9,2.45,0.845,76896613.86,39311538.46,0.511,,6700,77587206000,11580180,20260908
064520,"TechL Co., LTD.",테크엘,KOSDAQ,전자부품·컴퓨터·통신장비,2025,114,71,43,0.377,5.75,6.25,4.92,0.787,53000000,37000000,0.698,,1495,33414837690,22351062,20260908
354390,BASKHANBIOPharma Inc.,바스칸바이오제약,KONEX,의료용 물질·의약품,2025,114,53,61,0.535,4.24,4.35,4.14,0.952,51352113.21,33090000,0.644,,3570,25055141790,7018247,20260908
033830,TBC,티비씨,KOSDAQ,방송업,2025,114,95,19,0.167,19.03,20.6,11.2,0.544,114000000,79000000,0.693,,1723,32576984990,18907130,20260908
016590,"SHINDAEYANG PAPER CO.,LTD",신대양제지,KOSPI,펄프·종이 제조,2025,114,104,10,0.088,15.68,15.58,16.75,1.075,98387000,72215000,0.734,,10360,417485415200,40297820,20260908
045970,CoAsia Corporation,코아시아,KOSDAQ,전자부품·컴퓨터·통신장비,2025,114,72,42,0.368,6.56,6.43,6.77,1.053,62694444.44,50666666.67,0.808,,3115,81970838740,26314876,20260908
219420,"Linkgenesis Co., Ltd.",링크제니시스,KOSDAQ,출판업,2025,114,89,25,0.219,7.09,7.7,4.9,0.636,58000000,37000000,0.638,,3315,38021415705,11469507,20260908
302550,"REMED CO.,LTD.",리메드,KOSDAQ,의료·정밀·광학기기,2025,114,81,33,0.289,3.5,3.78,2.8,0.741,51662950.62,34860151.52,0.675,,2680,81137034840,30275013,20260908
214270,"FSN Co., Ltd.",FSN,KOSDAQ,출판업,2025,114,63,51,0.447,5.04,5.75,4.17,0.725,73000000,46000000,0.63,,1300,58827126800,45251636,20260908
069920,Exion Group Company Limited,엑시온그룹,KOSDAQ,소매업,2025,114,83,31,0.272,3.19,3.45,2.51,0.728,70280053.73,38591392.06,0.549,,1239,17854553745,14410455,20260908
031330,"SAMT CO.,LTD.",에스에이엠티,KOSDAQ,도매·상품중개,2025,113,100,13,0.115,9.12,8.74,12.08,1.382,87450000,65000000,0.743,,7910,790960979970,99995067,20260908
290090,TWIM Corp,트윔,KOSDAQ,출판업,2025,113,99,14,0.124,4.91,5.25,2.5,0.476,59000000,32000000,0.542,,4115,30617937320,7440568,20260908
087600,"Pixelplus. Co., Ltd.",픽셀플러스,KOSDAQ,전자부품·컴퓨터·통신장비,2025,113,91,22,0.195,7.21,7.38,6.49,0.879,84000000,56000000,0.667,,3995,32625399210,8166558,20260908
024720,"KOLMAR HOLDINGS CO.,LTD.",콜마홀딩스,KOSPI,금융업,2025,113,64,49,0.434,6.62,7.1,6,0.845,135000000,84000000,0.622,,9650,330958899350,34296259,20260908
115480,CU MEDICAL SYSTEMS Inc.,씨유메디칼,KOSDAQ,의료·정밀·광학기기,2025,113,56,57,0.504,6.09,4.94,7.21,1.46,66000000,40000000,0.606,,2375,28796663625,12124911,20260908
095910,"S-EnergyCO.,LTD.",에스에너지,KOSDAQ,전기장비,2025,113,87,26,0.23,5.79,6.2,4.4,0.71,47000000,40000000,0.851,,619,22554276446,36436634,20260908
335890,"VIOL Medical Co., Ltd.",비올메디컬,,의료·정밀·광학기기,2025,113,62,51,0.451,1.83,2.1,1.5,0.714,72000000,47000000,0.653,,,,,
355390,"CrowdWorks, Inc.",크라우드웍스,KOSDAQ,출판업,2025,113,52,61,0.54,1.86,1.57,2.1,1.338,45000000,31000000,0.689,,1317,20906511048,15874344,20260908
303360,PROTIA INC.,프로티아,KOSDAQ,의료·정밀·광학기기,2025,113,56,57,0.504,3.8,3.8,3.8,1,47608000,34799000,0.731,,5020,64656169300,12879715,20260908
061090,"Sena Technologies Co., Ltd.",세나테크놀로지,KOSDAQ,전자부품·컴퓨터·통신장비,2025,113,78,35,0.31,6.07,7,4,0.571,75000000,56000000,0.747,,37650,205853257500,5467550,20260908
158430,ATON Inc.,아톤,KOSDAQ,출판업,2025,113,78,35,0.31,3.93,4.08,3.58,0.877,77000000,49000000,0.636,,4560,111638339520,24482092,20260908
109740,"DSK Co.,Ltd.",디에스케이,KOSDAQ,기타 기계·장비,2025,112,99,13,0.116,6.6,7.03,3.36,0.478,65519292.93,28866307.69,0.441,,4390,112868612100,25710390,20260908
225590,"Fashion Platform Co.,Ltd.",패션플랫폼,KOSDAQ,의복 제조,2025,112,30,82,0.732,3.09,2.67,3.25,1.217,63000000,57000000,0.905,,3120,15978693120,5121376,20260908
032080,AZTECH WB CO. LTD,아즈텍WB,KOSDAQ,섬유제품 제조,2025,112,63,49,0.438,4.47,5.41,3.26,0.603,37500284.94,28491654,0.76,,1067,22930927943,21491029,20260908
052460,"iCRAFTCo.,Ltd.",아이크래프트,KOSDAQ,컴퓨터 프로그래밍·SI,2025,112,99,13,0.116,6.42,6.54,5.49,0.839,6934000,4896000,0.706,,4895,71505846720,14607936,20260908
456070,"ENCell Co., Ltd.",이엔셀,KOSDAQ,의료용 물질·의약품,2025,112,51,61,0.545,3.17,3.14,3.2,1.019,46117647.06,38524590.16,0.835,,5590,61655000030,11029517,20260908
126880,"JNK Global Co., Ltd.",제이엔케이글로벌,KOSDAQ,기타 기계·장비,2025,112,99,13,0.116,8.06,7.91,9.2,1.163,78242424.24,55692307.69,0.712,,2480,57456945040,23168123,20260908
188040,"BIO PORT KOREA, INC.",바이오포트,KOSDAQ,식료품 제조,2025,112,79,33,0.295,4.13,4.67,2.83,0.606,51000000,36000000,0.706,,4980,23302953840,4679308,20260908
060260,"NUVOTEC Co., Ltd",뉴보텍,KOSDAQ,고무·플라스틱,2025,112,93,19,0.17,6.07,6.44,4.27,0.663,48456251.49,44224434.37,0.913,,1008,13449094848,13342356,20260908
347000,"SENKO Co.,Ltd.",센코,KOSDAQ,의료·정밀·광학기기,2025,112,97,15,0.134,4.95,5.33,2.5,0.469,59375000,40548000,0.683,,1906,72067472476,37810846,20260908
242040,NAMU AX Corp.,나무에이엑스,KOSDAQ,출판업,2025,112,91,21,0.188,5.5,5.67,4.75,0.838,64951068,48559652,0.748,,3065,106068199160,34606264,20260908
148250,"RN2 Technologies Co., Ltd.",알엔투테크놀로지,KOSDAQ,전자부품·컴퓨터·통신장비,2025,112,56,56,0.5,5.75,5.62,5.89,1.048,49871000,30412000,0.61,,1801,24512877904,13610704,20260908
108490,ROBOTIS,로보티즈,KOSDAQ,기타 기계·장비,2025,111,83,28,0.252,6.01,5,9,1.8,53816000,42223000,0.785,,284000,4165435952000,14667028,20260908
464280,"TDSPHARM Co., Ltd.",티디에스팜,KOSDAQ,의료용 물질·의약품,2025,111,50,61,0.55,3.15,3.2,3.1,0.969,35838000,28955000,0.808,,5660,31299800000,5530000,20260908
463480,"MOTIVELINK CO.,LTD",모티브링크,KOSDAQ,전자부품·컴퓨터·통신장비,2025,111,87,24,0.216,6.81,6.97,6.23,0.894,54271919.54,37858541.67,0.698,,4075,50490708850,12390358,20260908
004920,"CITECH CO.,LTD",씨아이테크,KOSPI,전자부품·컴퓨터·통신장비,2025,111,85,26,0.234,4.37,4.51,3.92,0.869,41769247.06,22549230.77,0.54,,907,47327143904,52179872,20260908
134780,"SM HWAJIN Co., Ltd.",에스엠화진,,자동차·트레일러,2025,111,78,33,0.297,10.55,11.5,8.3,0.722,55000000,50000000,0.909,,,,,
465480,"Inspien, Inc.",인스피언,KOSDAQ,출판업,2025,111,81,30,0.27,5.54,6.4,3.2,0.5,60459000,44001000,0.728,,3555,36039779460,10137772,20260908
225190,"LK SAMYANG CO., LTD",LK삼양,KOSDAQ,의료·정밀·광학기기,2025,111,91,20,0.18,8.84,8.75,9.25,1.057,65000000,48000000,0.738,,821,57854589240,70468440,20260908
002690,"DONG IL STEEL MFG CO., LTD",동일제강,KOSPI,1차 금속,2025,111,103,8,0.072,5.43,5,11,2.2,52000000,36000000,0.692,,1439,29212218040,20300360,20260908
220180,Polaris AI Handy Corp.,폴라리스AI핸디,KOSDAQ,출판업,2025,111,76,35,0.315,6.47,7,5.33,0.761,62022000,52046000,0.839,,1380,33024561960,23930842,20260908
044960,"Eagle Veterinary Technology Co.,Ltd",이글벳,KOSDAQ,도매·상품중개,2025,110,69,41,0.373,10.22,11.6,7.9,0.681,56177000,34986000,0.623,,3165,40011559695,12641883,20260908
054090,SAMJIN LND COMPANY LIMITED,삼진엘앤디,KOSDAQ,기타 제품 제조,2025,110,66,44,0.4,5.79,7.32,3.5,0.478,63575757.58,53977272.73,0.849,,1045,26082397440,24959232,20260908
318410,"Best Bristle Company Co., Ltd.",비비씨,KOSDAQ,화학물질·화학제품,2025,110,47,63,0.573,8,8,8,1,69608000,32894000,0.473,,6520,36220184360,5555243,20260908
464580,dotmill Inc.,닷밀,KOSDAQ,영상·오디오 제작,2025,110,39,71,0.645,2.42,3.08,2.05,0.666,42502205.13,34851957.75,0.82,,1550,28529437950,18406089,20260908
039240,"Kyeong Nam Steel Co., LTD",경남스틸,KOSDAQ,1차 금속,2025,110,101,9,0.082,8.83,8.73,9.9,1.134,65368841.58,48582000,0.743,,1894,51099369976,26979604,20260908
187660,Penetrium Bioscience Inc.,페니트리움바이오,KOSDAQ,연구개발업,2025,110,29,81,0.736,3.3,2.75,3.5,1.273,96516000,64048000,0.664,,5710,365247304630,63966253,20260908
038070,"SeouLinBioscienceCO.,LTD.",서린바이오,KOSDAQ,도매·상품중개,2025,110,70,40,0.364,6.89,7.83,5.25,0.67,67000000,50000000,0.746,,4200,39062839200,9300676,20260908
014530,"KUKDONG OIL & CHEMICALS CO.,LTD",극동유화,KOSPI,코크스·석유정제,2025,109,89,20,0.183,14.54,13.88,17.46,1.258,89331943.82,65433800,0.732,,3250,113325615000,34869420,20260908
451760,"CONTEC Co.,Ltd",컨텍,KOSDAQ,컴퓨터 프로그래밍·SI,2025,109,81,28,0.257,4.83,5.15,3.91,0.759,64037037.04,46178571.43,0.721,,7100,117205195400,16507774,20260908
002680,Hantop Inc.,한탑,KOSDAQ,식료품 제조,2025,109,91,18,0.165,7.88,8.48,4.84,0.571,42331230.77,29869166.67,0.706,,2875,18582157125,6463359,20260908
450330,HASS Corp.,하스,KOSDAQ,의료용 물질·의약품,2025,109,71,38,0.349,5.71,6.3,4.6,0.73,52865000,41699000,0.789,,5060,41425425580,8186843,20260908
125490,"HALLACAST Co.,Ltd",한라캐스트,KOSDAQ,자동차·트레일러,2025,109,97,12,0.11,5.53,5.57,5.2,0.934,53092783.51,30750000,0.579,,10500,383274696000,36502352,20260908
424760,Bellock Inc.,벨로크,KOSDAQ,컴퓨터 프로그래밍·SI,2025,109,86,23,0.211,3.4,3.58,2.75,0.768,61459000,44261000,0.72,,2405,24180755040,10054368,20260908
060310,"3S KOREA CO., LTD",3S,KOSDAQ,의료·정밀·광학기기,2025,109,86,23,0.211,5.48,5.83,4.17,0.715,45489000,36857000,0.81,,1171,62132135840,53059040,20260908
446840,"GITSN, Inc.",지슨,KOSDAQ,의료·정밀·광학기기,2025,109,97,12,0.11,4.31,4.5,2.8,0.622,63708826,40443693,0.635,,3055,33655761880,11016616,20260908
321260,"PRO2000 CO.,LTD.",프로이천,KOSDAQ,전자부품·컴퓨터·통신장비,2025,109,85,24,0.22,4,4,4,1,41000000,36000000,0.878,,1614,45502023576,28192084,20260908
290690,ARIBIO Holdings Inc.,아리바이오홀딩스,KOSDAQ,전기장비,2025,109,78,31,0.284,3.62,3.67,3.5,0.954,41220000,32576000,0.79,,4295,227460738965,52959427,20260908
207760,Mr. Blue Corporation,미스터블루,KOSDAQ,정보서비스업,2025,108,30,78,0.722,4.94,7.17,4.08,0.569,57712600,38375102.56,0.665,,2345,38964416820,16615956,20260908
175330,"JB FINANCIAL GROUP CO.,LTD",JB금융지주,KOSPI,금융업,2025,108,82,26,0.241,3.38,3.42,3.25,0.95,194000000,116000000,0.598,,31300,5838133091200,186521824,20260908
153460,Nable Inc.,네이블,KOSDAQ,출판업,2025,108,89,19,0.176,5.99,5.83,6.75,1.158,72514000,54903000,0.757,,5880,38396482320,6530014,20260908
434480,"MONITORAPP CO., LTD.",모니터랩,KOSDAQ,출판업,2025,108,78,30,0.278,3.54,3.6,3.4,0.944,56333000,39531000,0.702,,2615,32191434500,12310300,20260908
389500,"SBB TECH Co., Ltd.",에스비비테크,KOSDAQ,기타 기계·장비,2025,108,95,13,0.12,3.81,3.7,4.6,1.243,38000000,22000000,0.579,,37000,246548464000,6663472,20260908
439090,"Manyo Factory Co., Ltd",마녀공장,KOSDAQ,화학물질·화학제품,2025,108,18,90,0.833,1.92,2.75,1.75,0.636,97000000,68000000,0.701,,15890,260488901400,16393260,20260908
154040,"Dasan Solueta Co.,Ltd.",다산솔루에타,KOSDAQ,전자부품·컴퓨터·통신장비,2025,108,92,16,0.148,5.2,5.3,4.6,0.868,59120000,49086000,0.83,,1055,22804472770,21615614,20260908
298380,ABL Bio Inc.,에이비엘바이오,KOSDAQ,의료용 물질·의약품,2025,108,45,63,0.583,5.2,4.9,5.42,1.106,140000000,115000000,0.821,,68200,3818344976600,55987463,20260908
021050,"SEOWON CO.,LTD",서원,KOSPI,1차 금속,2025,108,101,7,0.065,11.84,11.7,13.8,1.179,64000000,52000000,0.813,,1127,53503862930,47474590,20260908
051980,"JOONGANG ADVANCED MATERIALS Co., Ltd",중앙첨단소재,KOSDAQ,전자부품·컴퓨터·통신장비,2025,108,97,11,0.102,6.62,6.72,5.75,0.856,52916061.86,40216000,0.76,,1083,120312320847,111091709,20260908
001550,"CHOBI CO.,LTD",조비,KOSPI,화학물질·화학제품,2025,107,96,11,0.103,14.37,14.8,10.6,0.716,61833,27916,0.451,,10830,56231948370,5192239,20260908
365900,VC Inc.,브이씨,KOSDAQ,기타 제품 제조,2025,107,74,33,0.308,4.52,4.67,4.18,0.895,59306756.76,41319909.09,0.697,,2330,17032999000,7310300,20260908
290550,"DK TECH CO.,LTD",디케이티,KOSDAQ,전자부품·컴퓨터·통신장비,2025,107,67,40,0.374,2.53,2.5,2.58,1.032,43097000,30906000,0.717,,15000,300018450000,20001230,20260908
209640,"YJLINK CO.,LTD.",와이제이링크,KOSDAQ,기타 기계·장비,2025,107,77,30,0.28,3.44,3.84,2.4,0.625,57170870.13,33457000,0.585,,3020,85898300920,28443146,20260908
430690,"Hanssak Co., Ltd.",한싹,KOSDAQ,출판업,2025,107,86,21,0.196,4.7,5.25,2.46,0.469,65000000,42000000,0.646,,2525,27510642600,10895304,20260908
225530,"HC BoKwang Industry Co.,Ltd",HC보광산업,KOSDAQ,비금속 광물제품,2025,107,99,8,0.075,4.98,5.14,2.97,0.578,45355608.69,13564308.25,0.299,,2090,75947939430,36338727,20260908
097780,"Eco Volt Co.,Ltd.",에코볼트,KOSDAQ,자동차·트레일러,2025,107,66,41,0.383,2.43,2.95,1.59,0.539,49000000,34000000,0.694,,1617,32813924913,20293089,20260908
024950,"SAMCHULY BICYCLE CO., LTD",삼천리자전거,KOSDAQ,도매·상품중개,2025,107,86,21,0.196,13.34,13.3,13.5,1.015,71000000,57000000,0.803,,4765,59086000000,12400000,20260908
262840,"IQUEST Co., Ltd.",아이퀘스트,KOSDAQ,출판업,2025,107,56,51,0.477,7.73,7.33,8.17,1.115,57000000,48000000,0.842,,2690,28425100880,10566952,20260908
215090,"SolDefense Co., Ltd.",솔디펜스,KOSDAQ,의료·정밀·광학기기,2025,107,76,31,0.29,6.82,7.19,5.9,0.821,65240934.21,46102967.74,0.707,,1443,33413618823,23155661,20260908
174880,"JangWonTech Co., Ltd.",장원테크,,전자부품·컴퓨터·통신장비,2025,107,74,33,0.308,6.19,6.3,5.93,0.941,47000000,29000000,0.617,,,,,
453450,"Gridwiz Co.,Ltd",그리드위즈,KOSDAQ,기타 과학기술 서비스,2025,107,73,34,0.318,5,5,5,1,66000000,54000000,0.818,,13110,104129452500,7942750,20260908
273640,"YM Tech Co., Ltd.",와이엠텍,KOSDAQ,전기장비,2025,107,52,55,0.514,5.61,3.63,7.49,2.063,56307000,41309000,0.734,,5030,55158980000,10966000,20260908
011230,"SAMWHA ELECTRONICS CO.,LTD",삼화전자공업,KOSPI,전자부품·컴퓨터·통신장비,2025,106,87,19,0.179,13.98,15.2,8.4,0.553,50510000,41999000,0.831,,2560,49064409600,19165785,20260908
044780,"HK CO., LTD.",에이치케이,KOSDAQ,기타 기계·장비,2025,106,91,15,0.142,11.76,12.08,9.83,0.814,60000000,43000000,0.717,,1404,25982124948,18505787,20260908
120030,"CHOSUN WELDING POHANG Co., Ltd",조선선재,KOSPI,금속가공제품,2025,106,95,11,0.104,11.6,12.33,5.25,0.426,63648000,44685000,0.702,,83800,105391153800,1257651,20260908
950110,"SBI FinTech Solutions Co., Ltd.",SBI핀테크솔루션즈,,출판업,2025,106,50,56,0.528,10.25,9.93,10.53,1.06,64720300,49987392.86,0.772,,,,,
258830,"SEJONG MEDICAL Co.Ltd.,",세종메디칼,KOSDAQ,의료·정밀·광학기기,2025,106,30,76,0.717,6.27,4.66,6.9,1.481,81565933.33,32823197.37,0.402,,412,31223976612,75786351,20260908
425040,"TEMC Co., Ltd.",티이엠씨,KOSDAQ,화학물질·화학제품,2025,105,94,11,0.105,3.58,3.51,4.19,1.194,65680851.06,60000000,0.914,,8460,185467717080,21922898,20260908
340440,"SERIM B&G Co.,Ltd",세림B&G,KOSDAQ,고무·플라스틱,2025,105,88,17,0.162,4.02,4.2,3.1,0.738,51000000,38000000,0.745,,756,21454043184,28378364,20260908
417790,"TRUEN Co., Ltd",트루엔,KOSDAQ,전자부품·컴퓨터·통신장비,2025,105,96,9,0.086,4.08,4.2,2.8,0.667,68832000,41106000,0.597,,7120,74534943920,10468391,20260908
222980,"Mcnulty Korea Co., Ltd",한국맥널티,KOSDAQ,식료품 제조,2025,105,64,41,0.39,3.84,3.8,3.9,1.026,43000000,34000000,0.791,,2125,23441901375,11031483,20260908
063170,SeoulAuctionCo.Ltd..,서울옥션,KOSDAQ,도매·상품중개,2025,105,36,69,0.657,5.17,5.81,4.84,0.833,49698000,48066000,0.967,,6050,107534315350,17774267,20260908
068940,"Cellfie Global Co.,Ltd.",셀피글로벌,KOSDAQ,전자부품·컴퓨터·통신장비,2025,105,86,19,0.181,6.15,6.6,4.1,0.621,56008000,42558000,0.76,,778,35720093048,45912716,20260908
488280,S2W Inc.,에스투더블유,KOSDAQ,출판업,2025,105,70,35,0.333,2.74,2.94,2.34,0.796,94828571.43,77314285.71,0.815,,9730,105331978780,10825486,20260908
008500,"ILJEONG INDUSTRIAL CO.,LTD",일정실업,,섬유제품 제조,2025,105,89,16,0.152,5.07,4.9,6,1.224,40584000,39400000,0.971,,,,,
114630,"POLARIS UNO, Inc.",폴라리스우노,KOSDAQ,화학물질·화학제품,2025,104,87,17,0.163,14.31,14.41,13.8,0.958,61114965.52,53504411.76,0.875,,1472,25370285056,17235248,20260908
088790,"JINDO.CO.,LTD",진도,KOSPI,도매·상품중개,2025,104,26,78,0.75,7.22,9.1,6.6,0.725,85474000,32319000,0.378,,2270,28256378880,12447744,20260908
007110,"ILSHIN STONE CO.,LTD",일신석재,KOSPI,도매·상품중개,2025,104,80,24,0.231,8.41,9.29,5.49,0.591,52000000,40000000,0.769,,603,46706335830,77456610,20260908
214260,"Raphas Co., Ltd.",라파스,KOSDAQ,화학물질·화학제품,2025,103,51,52,0.505,4.38,4.37,4.38,1.002,54490196.08,43596153.85,0.8,,7880,70309008440,8922463,20260908
006890,"TAEKYUNG CHEMICAL CO.,LTD",태경케미컬,KOSPI,화학물질·화학제품,2025,103,92,11,0.107,9.81,9.75,10.33,1.059,76736800.92,93789193,1.222,,5150,59740000000,11600000,20260908
010400,"WOOJIN I&S Co.,Ltd",우진아이엔에스,KOSPI,전문직별 공사,2025,103,92,11,0.107,10.35,10.71,7.3,0.682,57047576.09,38366000,0.673,,4210,32088620000,7622000,20260908
162120,"LUKEN Technologies Co., Ltd.",루켄테크놀러지스,KONEX,전기장비,2025,103,85,18,0.175,3.73,3.92,2.83,0.722,56000000,37000000,0.661,,4070,45407370140,11156602,20260908
263720,"D&C MEDIA CO.,LTD.",디앤씨미디어,KOSDAQ,출판업,2025,103,39,64,0.621,3.43,4.67,2.67,0.572,58605000,45909000,0.783,,6990,86764011090,12412591,20260908
063080,Com2uS Holdings Corporation,컴투스홀딩스,KOSDAQ,출판업,2025,103,58,45,0.437,5.03,5.58,4.33,0.776,81000000,65000000,0.802,,12370,81582525040,6595192,20260908
060280,"CUREXO, INC.",큐렉소,KOSDAQ,소매업,2025,103,79,24,0.233,5.07,5.01,5.25,1.048,66848101.27,50000000,0.748,,8090,333791701100,41259790,20260908
217950,"PHARMARESEARCH BIO Co., Ltd.",파마리서치바이오,KONEX,의료용 물질·의약품,2025,103,55,48,0.466,3.53,4,3,0.75,65000000,52000000,0.8,,30750,128634630000,4183240,20260908
317690,QuantaMatrix Incorporated,퀀타매트릭스,KOSDAQ,의료·정밀·광학기기,2025,103,67,36,0.35,3.65,4,3,0.75,64000000,38000000,0.594,,2390,48122719310,20135029,20260908
018620,"WooGeneB&GCO.,Ltd",우진비앤지,KOSDAQ,의료용 물질·의약품,2025,103,76,27,0.262,10.31,11.26,7.62,0.677,56901000,46494000,0.817,,2720,18857711040,6932982,20260908
089970,VM Inc.,브이엠,KOSDAQ,기타 기계·장비,2025,102,97,5,0.049,4.39,4.42,3.83,0.867,170897000,94098000,0.551,,51100,1345297691500,26326765,20260908
238200,BIFIDO. Co. Ltd,비피도,KOSDAQ,식료품 제조,2025,102,67,35,0.343,5.18,5.36,4.85,0.905,46402373.13,35057857.14,0.756,,2580,21104400000,8180000,20260908
058530,"Health Connect Co., Ltd.",헬스커넥트,,정보서비스업,2025,102,56,46,0.451,3.92,3.17,4.83,1.524,36016000,42749000,1.187,,,,,
462310,"New Kids On Co., Ltd.",뉴키즈온,KOSDAQ,의복 제조,2025,102,18,84,0.824,4.64,5.56,4.44,0.799,53277777.78,42000000,0.788,,3800,30014699000,7898605,20260908
311690,CJ Bioscience,CJ 바이오사이언스,KOSDAQ,연구개발업,2025,102,50,52,0.51,5.2,5.92,4.5,0.76,88000000,71000000,0.807,,3895,50889974490,13065462,20260908
203690,Ark Solutions Inc.,아크솔루션스,,펄프·종이 제조,2025,102,69,33,0.324,1.94,1.67,2.5,1.497,27987000,26855000,0.96,,,,,
307870,"B2En Co., Ltd.",비투엔,KOSDAQ,출판업,2025,102,66,36,0.353,3.36,3.33,3.42,1.027,74243140,66819904,0.9,,1331,98892348335,74299285,20260908
366030,Nine & Company Inc.,나인앤컴퍼니,KOSDAQ,의복 제조,2025,102,11,91,0.892,3.56,5.7,3.3,0.579,31919000,26137000,0.819,,4545,102961748250,22653850,20260908
004060,SG CORPORATION,SG세계물산,KOSPI,도매·상품중개,2025,101,50,51,0.505,7.06,7.5,6.63,0.884,62817560,50195254.9,0.799,,2260,45748040960,20242496,20260908
046970,"WOORIRO CO., LTD",우리로,KOSDAQ,도매·상품중개,2025,101,72,29,0.287,10.67,11.08,9.66,0.872,52513888.89,34896551.72,0.665,,5060,221754494940,43824999,20260908
227610,"Outin Futures Co., Ltd.",아우딘퓨쳐스,KOSDAQ,화학물질·화학제품,2025,101,42,59,0.584,3.06,4.51,2.02,0.448,48945690.48,30481322.03,0.623,,1058,20498296118,19374571,20260908
417010,NanoTIM Co. Ltd.,나노팀,KOSDAQ,기타 기계·장비,2025,101,82,19,0.188,3.25,3.25,3.25,1,48143000,34690000,0.721,,6070,122448458960,20172728,20260908
070480,"Seen BnTek Co.,Ltd.",신비앤텍,,기타 기계·장비,2025,101,92,9,0.089,6.21,6.58,2.42,0.368,57000000,36000000,0.632,,,,,
200580,"MEDYSSEY CO.,LTD",메디쎄이,KONEX,의료·정밀·광학기기,2025,101,74,27,0.267,4.91,4.88,4.99,1.023,56500000,40666666.67,0.72,,10800,40241653200,3726079,20260908
007610,"SEONDO ELECTRIC CO.,LTD",선도전기,KOSPI,전기장비,2025,101,88,13,0.129,9.36,10,5,0.5,54000000,41000000,0.759,,3980,71640000000,18000000,20260908
043100,"Alpha AI Co.,Ltd.",알파AI,KOSDAQ,의료·정밀·광학기기,2025,101,74,27,0.267,8.35,8.7,7.4,0.851,43241000,36079000,0.834,,520,10457241600,20110080,20260908
136150,"WONILTNI CO., LTD.",원일티엔아이,KOSDAQ,기타 기계·장비,2025,101,94,7,0.069,3.9,3.9,3.9,1,60733000,42333000,0.697,,7740,64869172200,8381030,20260908
067170,Autech Corporation,오텍,KOSDAQ,자동차·트레일러,2025,101,92,9,0.089,7.41,7.65,5,0.654,59865000,35182000,0.588,,2650,72771239250,27460845,20260908
376270,HEM Pharma Inc.,HEM파마,KOSDAQ,연구개발업,2025,101,40,61,0.604,3.05,2.87,3.17,1.105,82595000,37425524.59,0.453,,36700,264942694900,7219147,20260908
060240,"STACO LINK Co.,Ltd.",스타코링크,,기타 운송장비,2025,101,72,29,0.287,2.08,2,2.28,1.14,42028333.33,39902068.97,0.949,,,,,
015200,"Sungwon Co.,Ltd.",성원,,1차 금속,2025,100,92,8,0.08,11.48,12.3,2,0.163,60000000,47000000,0.783,,,,,
370090,Furonteer Inc.,퓨런티어,KOSDAQ,의료·정밀·광학기기,2025,100,90,10,0.1,4.53,4.6,3.9,0.848,66838000,58034000,0.868,,6140,52538936200,8556830,20260908
086820,"Bio Solution Co.,Ltd.",바이오솔루션,KOSDAQ,의료용 물질·의약품,2025,100,54,46,0.46,5.22,4.9,5.6,1.143,61206000,52441000,0.857,,6400,165914144000,25924085,20260908
006740,"Blue Industrial Development Co., Ltd.",블루산업개발,KOSPI,펄프·종이 제조,2025,100,88,12,0.12,6.64,7,4,0.571,60000000,35000000,0.583,,5140,30587929260,5950959,20260908
219750,"BTB Korea Co.,Ltd",한국비티비,KOSDAQ,의료·정밀·광학기기,2025,100,59,41,0.41,4.98,4.36,5.88,1.349,65152542.37,42146341.46,0.647,,1624,21250652248,13085377,20260908
376300,"DEAR U Co.,Ltd.",디어유,KOSDAQ,출판업,2025,100,46,54,0.54,4.39,5.18,3.71,0.716,76782608.7,55500000,0.723,,18360,435837134160,23738406,20260908
109080,"OPTICIS CO., LTD.",옵티시스,KOSDAQ,전자부품·컴퓨터·통신장비,2025,99,55,44,0.444,8.53,7.6,9.7,1.276,55000000,39000000,0.709,,8250,46497000000,5636000,20260908
036620,"GAMSUNG Corporation Co., Ltd.",감성코퍼레이션,KOSDAQ,도매·상품중개,2025,99,43,56,0.566,3.03,2.8,3.2,1.143,61000000,58000000,0.951,,3815,342827131360,89862944,20260908
140070,"SurplusGLOBAL,Inc.",서플러스글로벌,KOSDAQ,도매·상품중개,2025,99,74,25,0.253,3.83,3.92,3.56,0.908,65000000,55000000,0.846,,1988,73532144000,36988000,20260908
481070,"AU BRANDZ Co., Ltd",에이유브랜즈,KOSDAQ,소매업,2025,99,25,74,0.747,0.54,0.64,0.51,0.797,67000000,39000000,0.582,,16570,237452242500,14330250,20260908
040160,"NuriFlex Co.,Ltd.",누리플렉스,KOSDAQ,출판업,2025,99,78,21,0.212,7.01,7.26,6.1,0.84,60074884.62,50406857.14,0.839,,6970,82826956470,11883351,20260908
384470,"Coreline Soft Co., Ltd",코어라인소프트,KOSDAQ,출판업,2025,99,56,43,0.434,4.61,4.75,4.42,0.931,73186000,56191000,0.768,,2420,43430994640,17946692,20260908
230980,B.U Technology,비유테크놀러지,,출판업,2025,99,55,44,0.444,2.98,4.12,1.55,0.376,27629690.91,16415477.27,0.594,,,,,
153490,"WOOREE E&L Haroutine Co.,LTD.",우리이앤엘하루틴,KOSDAQ,전자부품·컴퓨터·통신장비,2025,99,61,38,0.384,6.09,8.33,2.5,0.3,6560000,3826000,0.583,,2995,30836520000,10296000,20260908
081580,"SUNGWOOELECTRONICSCO.,LTD.",성우전자,KOSDAQ,전자부품·컴퓨터·통신장비,2025,98,86,12,0.122,9.63,10,7,0.7,66000000,49000000,0.742,,2260,35048403180,15508143,20260908
112610,CS Wind Corporation,씨에스윈드,KOSPI,금속가공제품,2025,98,77,21,0.214,5.89,6.1,5.1,0.836,132000000,103000000,0.78,,48350,2038987335050,42171403,20260908
052220,"iMBC Co., Ltd.",iMBC,KOSDAQ,방송업,2025,98,37,61,0.622,8.81,9.33,8.5,0.911,73430000,52347000,0.713,,1793,41239000000,23000000,20260908
394800,3billion Inc.,쓰리빌리언,KOSDAQ,연구개발업,2025,98,53,45,0.459,2.57,2.74,2.36,0.861,69228000,64611000,0.933,,4800,152748254400,31822553,20260908
270660,EVERYBOT Inc.,에브리봇,KOSDAQ,전기장비,2025,98,72,26,0.265,2.12,2.17,2,0.922,60603000,31192000,0.515,,13850,175764574550,12690583,20260908
439580,"BLUEMTEC CO., LTD.",블루엠텍,KOSDAQ,도매·상품중개,2025,98,51,47,0.48,2.22,2.35,2.07,0.881,54705882.35,42127659.57,0.77,,2020,68370024940,33846547,20260908
221800,"ZGOO Holdings Co., Ltd.",지구홀딩스,KOSDAQ,건축기술·엔지니어링,2025,98,57,41,0.418,5.77,6.9,4.2,0.609,52982000,37537000,0.708,,4020,65601781020,16318851,20260908
335810,Precision Biosensor Inc.,프리시젼바이오,KOSDAQ,의료·정밀·광학기기,2025,97,66,31,0.32,4.2,4.35,3.89,0.894,61015151.52,41290322.58,0.677,,1543,33868087758,21949506,20260908
252500,SEWHA P&C INC.,세화피앤씨,KOSDAQ,화학물질·화학제품,2025,97,44,53,0.546,9.18,11.88,6.93,0.583,67909090.91,51415094.34,0.757,,2295,19042253010,8297278,20260908
140520,"DaeChang Steel CO., LTD.",대창스틸,KOSDAQ,1차 금속,2025,97,82,15,0.155,11.07,11.62,8.06,0.694,57009475.61,43897200,0.77,,2020,42640670860,21109243,20260908
010240,"HEUNGKUK METALTECH CO.,LTD.",흥국,KOSDAQ,기타 기계·장비,2025,97,94,3,0.031,8.96,9,7.7,,66000000,52000000,,fewer than 5 of one sex,5410,63329460000,11706000,20260908
156100,"L&K BIOMED CO., LTD.",엘앤케이바이오,KOSDAQ,의료·정밀·광학기기,2025,97,63,34,0.351,2.67,2,3.92,1.96,65000000,52000000,0.8,,4910,109744161230,22351153,20260908
318160,"Cell Bio Human Tech Co., Ltd",셀바이오휴먼텍,KOSDAQ,섬유제품 제조,2025,97,65,32,0.33,2.36,2.17,2.75,1.267,62000000,52000000,0.839,,6200,57892580600,9337513,20260908
192410,"ONEUL E&M co.,Ltd",오늘이엔엠,KOSDAQ,전자부품·컴퓨터·통신장비,2025,97,68,29,0.299,6.95,7.09,6.63,0.935,44036044.12,29897413.79,0.679,,4585,115477392765,25185909,20260908
112190,"KC INDUSTRY CO.,LTD.",KC산업,KONEX,종합 건설,2025,97,85,12,0.124,5.85,6.14,3.8,0.619,56139000,51196000,0.912,,1220,43528949740,35679467,20260908
418620,"E8 Co.,Ltd.",E8,KOSDAQ,출판업,2025,97,59,38,0.392,2.49,2.4,2.63,1.096,51000000,42000000,0.824,,626,12426398602,19850477,20260908
102370,K Auction Inc.,케이옥션,KOSDAQ,도매·상품중개,2025,97,33,64,0.66,5.02,6.33,4.34,0.686,60000000,44000000,0.733,,3195,82713086550,25888290,20260908
388050,G2Power Co. Ltd,지투파워,KOSDAQ,전기장비,2025,97,83,14,0.144,2.97,3.2,1.6,0.5,65000000,39000000,0.6,,11040,206552184480,18709437,20260908
321370,"SENSORVIEW CO., LTD.",센서뷰,KOSDAQ,전자부품·컴퓨터·통신장비,2025,97,73,24,0.247,3.39,3.54,2.95,0.833,53627000,30837000,0.575,,1149,81144966399,70622251,20260908
078930,GS Holdings,GS,KOSPI,금융업,2025,96,68,28,0.292,4.23,3.7,5.5,1.486,160000000,97000000,0.606,,124500,11565489127500,92895495,20260908
317850,"DAEMO Engineering Co., Ltd.",대모,KOSDAQ,기타 기계·장비,2025,96,84,12,0.125,10.54,10.95,7.69,0.702,61840761.9,55040750,0.89,,6160,51278427200,8324420,20260908
314130,Genome&Company,지놈앤컴퍼니,KOSDAQ,의료용 물질·의약품,2025,96,31,65,0.677,3.37,4.07,3.04,0.747,76258064.52,53400000,0.7,,3285,171803611125,52299425,20260908
290670,"DAEBO MAGNETIC CO.,LTD.",대보마그네틱,KOSDAQ,전기장비,2025,96,81,15,0.156,1.84,2,1,0.5,53480777.78,42433000,0.793,,5670,44552932200,7857660,20260908
064800,"PonyLink Co., Ltd.",포니링크,KOSDAQ,소매업,2025,96,67,29,0.302,3.74,4.12,2.87,0.697,61654776.12,59969413.79,0.973,,2645,67610059055,25561459,20260908
493330,"GFI Co., Ltd",지에프아이,KOSDAQ,기타 기계·장비,2025,96,69,27,0.281,1.88,2,1.58,0.79,36000000,29000000,0.806,,15190,122120202470,8039513,20260908
256940,Keeps Biopharma Inc.,킵스파마,KOSDAQ,의료용 물질·의약품,2025,96,64,32,0.333,2.94,3.28,2.26,0.689,58796000,47990000,0.816,,5690,114244656430,20078147,20260908
032940,"WonIk Co.,LTD",원익,KOSDAQ,도매·상품중개,2025,96,57,39,0.406,12.18,15.67,7.08,0.452,72124000,43705000,0.606,,10020,182295673620,18193181,20260908
088280,SAWNICS INC.,쏘닉스,KOSDAQ,전자부품·컴퓨터·통신장비,2025,95,74,21,0.221,5.03,5.42,3.67,0.677,63780000,45530000,0.714,,2535,43871952150,17306490,20260908
082850,"WOOREE BIO CO., LTD",우리바이오,KOSDAQ,식료품 제조,2025,95,48,47,0.495,2.54,2.88,2.2,0.764,57145833.33,34404255.32,0.602,,5000,48456575000,9691315,20260908
126730,KORCHIP CORPORATION,코칩,KOSDAQ,전자부품·컴퓨터·통신장비,2025,95,82,13,0.137,2.7,2.46,4.25,1.728,43846000,43176000,0.985,,19210,168474120460,8770126,20260908
311320,"GO Element Co., Ltd.",지오엘리먼트,KOSDAQ,전자부품·컴퓨터·통신장비,2025,95,76,19,0.2,6.52,6.8,5.4,0.794,58861818,35969659,0.611,,8390,105836158400,12614560,20260908
003560,"IHQ, INC",아이에이치큐,,영상·오디오 제작,2025,95,66,29,0.305,9.5,10.69,6.78,0.634,59424242.42,48793103.45,0.821,,,,,
025880,"KC FEED CO., LTD.",케이씨피드,KOSDAQ,식료품 제조,2025,95,68,27,0.284,9.74,10.4,8.08,0.777,70495235.29,62196814.81,0.882,,2360,39449424880,16715858,20260908
011690,"Y2 Solution CO.,LTD",와이투솔루션,KOSPI,전자부품·컴퓨터·통신장비,2025,95,73,22,0.232,5.59,5.93,4.46,0.752,81246575.34,54454545.45,0.67,,3175,116536450950,36704394,20260908
047080,HANBIT SOFT Inc.,한빛소프트,KOSDAQ,출판업,2025,95,77,18,0.189,4.4,4.31,4.81,1.116,59989000,44987000,0.75,,1099,27279775838,24822362,20260908
222420,"CENOTEC Co., Ltd",쎄노텍,KOSDAQ,비금속 광물제품,2025,95,83,12,0.126,6.11,6.37,4.35,0.683,46405614.46,39584500,0.853,,825,39945281475,48418523,20260908
065060,"Great New wave Coming Co., Ltd.",지엔코,KOSDAQ,의복 제조,2025,95,45,50,0.526,4.07,5.25,3,0.571,48000000,43000000,0.896,,3350,20067793100,5990386,20260908
005740,"CROWNHAITAI Holdings CO.,LTD",크라운해태홀딩스,KOSPI,금융업,2025,94,75,19,0.202,8.28,8.3,8.2,0.988,58675000,46739000,0.797,,5650,83887510550,14847347,20260908
006260,LS Corp.,LS,KOSPI,금융업,2025,94,69,25,0.266,11.19,13.1,5.9,0.45,171000000,75000000,0.439,,302500,9438000000000,31200000,20260908
455900,"ANGEL ROBOTICS Co., Ltd.",엔젤로보틱스,KOSDAQ,기타 기계·장비,2025,94,64,30,0.319,2.72,2.75,2.67,0.971,69000000,53000000,0.768,,21300,327870495300,15392981,20260908
056730,CNT85 Inc.,CNT85,KOSDAQ,종합 건설,2025,94,82,12,0.128,1.74,1.75,1.67,0.954,65985000,42475000,0.644,,1317,19520886129,14822237,20260908
220100,"FutureChem Co., Ltd.",퓨쳐켐,KOSDAQ,의료용 물질·의약품,2025,94,62,32,0.34,5.32,5.95,4.09,0.687,57263000,45690000,0.798,,7840,175830972800,22427420,20260908
005440,"HYUNDAI G.F. HOLDINGS CO., LTD.",현대지에프홀딩스,KOSPI,금융업,2025,94,74,20,0.213,12.7,14,7.9,0.564,162000000,72000000,0.444,,12640,2318140595360,183397199,20260908
306620,"GIS Co., Ltd.",지아이에스,KOSDAQ,기타 기계·장비,2025,94,82,12,0.128,6.07,6.26,4.75,0.759,59631756.1,44950416.67,0.754,,1767,84713839128,47942184,20260908
382840,"Onejoon Co., Ltd.",원준,KOSDAQ,기타 기계·장비,2025,93,79,14,0.151,3.96,3.83,4.67,1.219,67577759.49,52916000,0.783,,4915,75059820615,15271581,20260908
054040,KOREA COMPUTER INC.,한국컴퓨터,KOSDAQ,전자부품·컴퓨터·통신장비,2025,93,44,49,0.527,13.48,13.9,13.1,0.942,53446000,44788000,0.838,,4465,71758309850,16071290,20260908
071050,"Korea Investment Holdings Co., Ltd",한국금융지주,KOSPI,금융업,2025,93,76,17,0.183,3.63,3.44,4.48,1.302,249000000,169000000,0.679,,192500,10727253460000,55725992,20260908
138610,"NIBEC CO., LTD.",나이벡,KOSDAQ,의료용 물질·의약품,2025,93,44,49,0.527,3.95,3.9,4,1.026,58064000,60565000,1.043,,14790,168129658470,11367793,20260908
199550,"Laseroptek Co., Ltd.",레이저옵텍,KOSDAQ,의료·정밀·광학기기,2025,93,66,27,0.29,3.69,4,2.92,0.73,53000000,39000000,0.736,,3395,50401460445,14845791,20260908
014100,"Medience Co., LTD.",메디앙스,KOSDAQ,도매·상품중개,2025,93,35,58,0.624,4.69,6.25,3.75,0.6,57524000,44412000,0.772,,1647,19434600000,11800000,20260908
096610,"RFsemiTechnologies,Inc.",알에프세미,,전자부품·컴퓨터·통신장비,2025,93,49,44,0.473,8.8,8.27,9.38,1.134,41384795.92,37552750,0.907,,,,,
494120,Curiosis Inc.,큐리오시스,KOSDAQ,의료·정밀·광학기기,2025,93,50,43,0.462,3.46,3.76,3.12,0.83,53131060,41570720.93,0.782,,8260,126045650640,15259764,20260908
351020,"Miju Co., Ltd.",미쥬,KONEX,의복 제조,2025,93,31,62,0.667,3.11,2.83,3.25,1.148,45000000,43000000,0.956,,7300,15147500000,2075000,20260908
137950,"JC Chemical Corporation, LTD.",제이씨케미칼,KOSDAQ,화학물질·화학제품,2025,93,81,12,0.129,6.57,6.92,4.19,0.605,97000000,64000000,0.66,,3905,86955813670,22267814,20260908
255220,"SG CO., LTD.",SG,KOSDAQ,비금속 광물제품,2025,93,70,23,0.247,5.49,5.71,4.83,0.846,55750628.57,40582000,0.728,,1228,134543734856,109563302,20260908
006380,CAPRO CORPORATION,카프로,KOSPI,화학물질·화학제품,2025,93,89,4,0.043,7.96,8,7,,64000000,48000000,,fewer than 5 of one sex,185,31264999260,168999996,20260908
121060,UNIPOINT Corp.,유니포인트,KONEX,컴퓨터 프로그래밍·SI,2025,93,76,17,0.183,5.4,5.56,4.71,0.847,50881578.95,40470588.24,0.795,,700,3635648100,5193783,20260908
005820,WONLIM CORPORATION,원림,KOSPI,섬유제품 제조,2025,92,78,14,0.152,6,6,6,1,48334000,34791000,0.72,,14810,34032935700,2297970,20260908
263020,"DK&D CO.,LTD",디케이앤디,KOSDAQ,고무·플라스틱,2025,92,84,8,0.087,8.06,8.33,5.17,0.621,56000000,46000000,0.821,,3110,43030414060,13836146,20260908
275630,SSR Inc.,에스에스알,KOSDAQ,출판업,2025,92,67,25,0.272,3.99,4.1,3.7,0.902,55221476,40604581,0.735,,4240,22276145920,5253808,20260908
083790,"CG Invites Co., Ltd.",CG인바이츠,KOSDAQ,연구개발업,2025,92,46,46,0.5,1.8,1.77,1.84,1.04,72000000,48000000,0.667,,957,73587732174,76894182,20260908
131760,"FINETEK CO., LTD.",파인텍,KOSDAQ,기타 기계·장비,2025,92,74,18,0.196,8.38,8.86,6.42,0.725,55870959.46,42781666.67,0.766,,1313,11405132908,8686316,20260908
475430,"KISTRON Co., Ltd.",키스트론,KOSDAQ,전기장비,2025,92,82,10,0.109,8.62,9.21,3.81,0.414,64000000,49000000,0.766,,4060,72463326600,17848110,20260908
382900,"Bumhan Fuel Cell Co.,Ltd.",범한퓨얼셀,KOSDAQ,전기장비,2025,92,79,13,0.141,4.59,4.58,4.67,1.02,65000000,59000000,0.908,,17990,157610390000,8761000,20260908
060540,SystemandApplicationTechnologiesInc.,에스에이티,KOSDAQ,의료·정밀·광학기기,2025,92,75,17,0.185,8.12,9.7,1.17,0.121,59537160,20524764.71,0.345,,1376,35958917184,26132934,20260908
038060,"LUMENS CO., LTD.",루멘스,KOSDAQ,전자부품·컴퓨터·통신장비,2025,92,74,18,0.196,8.43,8.9,6.5,0.73,70000000,46000000,0.657,,807,38819176683,48103069,20260908
101930,"Inhwa Precision Co., Ltd.",인화정공,KOSDAQ,기타 운송장비,2025,92,87,5,0.054,11.99,12,11.9,0.992,51174000,141876000,2.772,,6390,291988947690,45694671,20260908
000300,"DHAUTONEX CO.,LTD",DH오토넥스,KOSPI,자동차·트레일러,2025,92,82,10,0.109,3.98,4.1,3,0.732,47779000,37036000,0.775,,4200,174035631000,41437055,20260908
003380,"Harim Holdings Co., Ltd.",하림지주,KOSDAQ,금융업,2025,91,65,26,0.286,3.78,3.83,3.67,0.958,80000000,72000000,0.9,,11370,1273503910770,112005621,20260908
002020,KOLON CORPORATION,코오롱,KOSPI,금융업,2025,91,59,32,0.352,10.54,11.73,8.36,0.713,117162000,92454000,0.789,,25450,328500456000,12907680,20260908
099220,SDN Company Ltd.,SDN,KOSDAQ,도매·상품중개,2025,91,69,22,0.242,5.17,5.54,4.01,0.724,43869565.22,36363636.36,0.829,,511,32164562850,62944350,20260908
149980,"Hironic Co.,Ltd",하이로닉,KOSDAQ,의료·정밀·광학기기,2025,91,60,31,0.341,1.67,2.12,0.81,0.382,67000000,48000000,0.716,,4790,82383430340,17199046,20260908
051380,"PC Direct, Inc.",피씨디렉트,KOSDAQ,도매·상품중개,2025,91,70,21,0.231,5.75,6.4,3.6,0.563,63000000,39000000,0.619,,1578,24206633616,15340072,20260908
115160,"HUMAX CO., LTD.",휴맥스,KOSDAQ,도매·상품중개,2025,91,53,38,0.418,5.68,5.84,5.45,0.933,68721622.64,71998736.84,1.048,,5220,22485322260,4307533,20260908
323990,Vaxcell-Bio Therapeutics,박셀바이오,KOSDAQ,연구개발업,2025,91,44,47,0.516,2.57,1.93,3.16,1.637,62409090.91,37021276.6,0.593,,4465,103844045425,23257345,20260908
239610,"HLSCIENCE Co., LTD",에이치엘사이언스,KOSDAQ,식료품 제조,2025,91,45,46,0.505,4.39,4.75,4.03,0.848,48017000,31309000,0.652,,5350,28847815250,5392115,20260908
032790,"MGEN SOLUTIONS CO., LTD.",엠젠솔루션,KOSDAQ,도매·상품중개,2025,91,74,17,0.187,4.75,5.01,3.61,0.721,56810810.81,47764705.88,0.841,,1441,37005032746,25680106,20260908
232530,"Energy Material Technology Co., Ltd.",이엠티,KONEX,전기장비,2025,91,79,12,0.132,2.08,2.08,2.08,1,37741000,35065000,0.929,,10070,257936041280,25614304,20260908
194370,JS Corporation,제이에스코퍼레이션,KOSPI,가죽·신발 제조,2025,90,69,21,0.233,7.69,7.38,8.7,1.179,66362318.84,58952380.95,0.888,,12540,363870145320,29016758,20260908
059120,"AJINEXTEK Co., Ltd.",아진엑스텍,KOSDAQ,전자부품·컴퓨터·통신장비,2025,90,81,9,0.1,6.88,7.08,5.11,0.722,67960000,33387000,0.491,,6980,127804260680,18310066,20260908
010640,"CHINYANG POLY URETHANE CO.,LTD",진양폴리우레탄,KOSPI,고무·플라스틱,2025,90,83,7,0.078,5.25,5.2,5.9,1.135,46512003,35525257,0.764,,1940,32398000000,16700000,20260908
073640,"TERA SCIENCE Co.,LTD",테라사이언스,KOSDAQ,금속가공제품,2025,90,47,43,0.478,3.07,4.5,1.5,0.333,69176000,24686000,0.357,,654,76111715580,116378770,20260908
192250,"KSIGN CO., Ltd.",케이사인,KOSDAQ,출판업,2025,90,66,24,0.267,4.83,4.92,4.58,0.931,51024000,36976000,0.725,,7030,49681888750,7067125,20260908
448900,"PIM KOREA Co.,Ltd.",한국피아이엠,KOSDAQ,자동차·트레일러,2025,90,66,24,0.267,6.26,5.75,7.67,1.334,57280000,41622000,0.727,,49450,300381898650,6074457,20260908
376900,ROKIT HEALTHCARE Inc.,로킷헬스케어,KOSDAQ,의료용 물질·의약품,2025,90,52,38,0.422,3.97,4.6,3.1,0.674,9038000,5378000,0.595,,27600,480496404000,17409290,20260908
464490,QuadMedicine Inc.,쿼드메디슨,KOSDAQ,의료용 물질·의약품,2025,90,50,40,0.444,3.85,3.44,4.37,1.27,51800000,50550000,0.976,,5100,58558776300,11482113,20260908
115310,"INFOvine co., Ltd.",인포바인,KOSDAQ,통신업,2025,90,73,17,0.189,5.6,5.54,5.85,1.056,62000000,34000000,0.548,,9430,139861507070,14831549,20260908
079000,"WATOSCOREACO.,LTD",와토스코리아,KOSDAQ,고무·플라스틱,2025,90,52,38,0.422,7,7,7,1,44932000,29396000,0.654,,4030,29016000000,7200000,20260908
377330,"EGTRONICS Co., Ltd.",이지트로닉스,KOSDAQ,전기장비,2025,90,70,20,0.222,3.24,3.4,2.7,0.794,46400000,30654000,0.661,,2725,22181374650,8139954,20260908
099410,"Dongbang Ship Machinery Co., Ltd",동방선기,KOSDAQ,기타 운송장비,2025,90,67,23,0.256,2.89,2.4,4.3,1.792,38273000,36069000,0.942,,3275,45850000000,14000000,20260908
159580,Zero to Seven Inc,제로투세븐,KOSDAQ,도매·상품중개,2025,90,52,38,0.422,5.59,7.13,3.49,0.489,61153846.15,49578947.37,0.811,,2205,44171962380,20032636,20260908
038620,"WIZ CORP, Inc.",위즈코프,KOSDAQ,소매업,2025,89,42,47,0.528,4.71,5.9,3.64,0.617,42693857.14,36054808.51,0.844,,1936,29322448848,15145893,20260908
098660,"STO Co., Ltd.",에스티오,KOSDAQ,의복 제조,2025,89,49,40,0.449,8.65,10,7,0.7,72905077,49933431,0.685,,1634,20426594784,12500976,20260908
357550,"Sukgyung AT Co., Ltd.",석경에이티,KOSDAQ,화학물질·화학제품,2025,89,73,16,0.18,4.82,5.18,3.2,0.618,42094150.68,33593750,0.798,,33500,182742500000,5455000,20260908
379390,"IHSUNGCNI CO.,LTD.",이성씨엔아이,KONEX,건축기술·엔지니어링,2025,89,82,7,0.079,5.6,5.7,4.44,0.779,44000000,36000000,0.818,,5600,15912176000,2841460,20260908
438700,"VIRNECT Co., Ltd.",버넥트,KOSDAQ,출판업,2025,89,66,23,0.258,3.75,3.8,3.6,0.947,69000000,54000000,0.783,,1728,19258369920,11144890,20260908
029960,"Korea Environment Technology Co., LTD.",코엔텍,,전기·가스·증기,2025,89,82,7,0.079,15.01,14.7,18.7,1.272,89381000,57197000,0.64,,,,,
327260,"RF Materials Co., Ltd.",RF머트리얼즈,KOSDAQ,전자부품·컴퓨터·통신장비,2025,89,55,34,0.382,5.47,5.25,5.83,1.11,55769000,42567000,0.763,,34500,620614945500,17988839,20260908
476040,ORGANOIDSCIENCES LTD.,오가노이드사이언스,KOSDAQ,연구개발업,2025,89,40,49,0.551,2.8,2.79,2.8,1.004,54741125,53131551.02,0.971,,6780,44651452800,6585760,20260908
950200,"Psomagen, Inc.",소마젠,KOSDAQ,기타 과학기술 서비스,2025,88,42,46,0.523,3.72,4.02,3.45,0.858,89770238.1,68424478.26,0.762,,3270,62901893310,19236053,20260908
212710,"ISTE Co.,Ltd.",아이에스티이,KOSDAQ,전자부품·컴퓨터·통신장비,2025,88,83,5,0.057,5.05,5.17,3,0.58,61120722.89,38567000,0.631,,7170,69656392260,9714978,20260908
450950,"ASTERASYS Co., Ltd.",아스테라시스,KOSDAQ,의료·정밀·광학기기,2025,88,68,20,0.227,3.68,3.4,4.65,1.368,107235294.12,104900000,0.978,,5230,196792306160,37627592,20260908
340360,DAVOLINK Inc.,다보링크,KOSDAQ,전자부품·컴퓨터·통신장비,2025,88,71,17,0.193,7.79,8.13,6.35,0.781,4350380.01,3254330.06,0.748,,1001,53060479472,53007472,20260908
294140,LEMON COMPANY LIMITED,레몬,KOSDAQ,화학물질·화학제품,2025,88,69,19,0.216,4.84,5.42,2.75,0.507,53000000,28000000,0.528,,2250,56058340500,24914818,20260908
196300,"HLB Pep Co., Ltd.",HLB펩,KOSDAQ,의료용 물질·의약품,2025,88,34,54,0.614,4.85,4.81,4.88,1.015,42937029.41,30406685.19,0.708,,4160,39494819520,9493947,20260908
052600,"HANNET CO., LTD.",한네트,KOSDAQ,통신업,2025,87,71,16,0.184,7.68,7.72,7.48,0.969,45379366.2,34812625,0.767,,2975,34402007500,11563700,20260908
466410,Synapsoft Corp.,사이냅소프트,KOSDAQ,출판업,2025,87,56,31,0.356,4.98,6.38,2.44,0.382,5750107.14,3526000,0.613,,8620,43419138260,5037023,20260908
010770,"Pyung Hwa Holdings Co.,Ltd.",평화홀딩스,KOSPI,자동차·트레일러,2025,87,70,17,0.195,10.42,10.83,8.75,0.808,82000000,55000000,0.671,,3530,51627894980,14625466,20260908
001360,"SAMSUNG PHARMACEUTICAL.CO.,Ltd.",삼성제약,KOSPI,의료용 물질·의약품,2025,87,50,37,0.425,6.31,6.1,6.6,1.082,75000000,54000000,0.72,,1339,126083023781,94162079,20260908
322510,"JLK, Inc.",제이엘케이,KOSDAQ,출판업,2025,87,61,26,0.299,2.3,2.41,2.04,0.846,100868000,60921000,0.604,,4640,119368138880,25725892,20260908
236810,NBT INC.,엔비티,KOSDAQ,전문서비스업,2025,87,59,28,0.322,3.73,4.6,1.9,0.413,82327000,44832000,0.545,,1758,29842798908,16975426,20260908
106240,"FINE TECHNIX CO., LTD",파인테크닉스,KOSDAQ,전기장비,2025,87,68,19,0.218,6.4,6.4,6.4,1,56000000,31000000,0.554,,1130,30037562820,26581914,20260908
026910,KwangjinInd,광진실업,KOSDAQ,1차 금속,2025,87,79,8,0.092,6,5.84,7.63,1.307,49645569.62,33375000,0.672,,3240,25687776240,7928326,20260908
204610,T3 Entertainment Inc.,티쓰리,KOSDAQ,출판업,2025,86,66,20,0.233,5.28,5.27,5.31,1.008,69007000,55767000,0.808,,3240,180552952800,55726220,20260908
171010,"RAM TECHNOLOGY CO., LTD.",램테크놀러지,KOSDAQ,화학물질·화학제품,2025,86,73,13,0.151,6.9,7.5,3.5,0.467,61000000,42000000,0.689,,2605,37248248960,14298752,20260908
052860,"I&C Technology Co., Ltd.",아이앤씨,KOSDAQ,전자부품·컴퓨터·통신장비,2025,86,78,8,0.093,6.13,6.5,2.5,0.385,59000000,40000000,0.678,,6700,119707921800,17866854,20260908
094360,"Chips&Media, Inc.",칩스앤미디어,KOSDAQ,전자부품·컴퓨터·통신장비,2025,86,69,17,0.198,6.61,6.92,5.33,0.77,139231000,94714000,0.68,,10450,223162613300,21355274,20260908
017480,"SAMHYUN STEEL Co., Ltd",삼현철강,KOSDAQ,1차 금속,2025,86,73,13,0.151,10.03,10.33,8.33,0.806,76000000,45000000,0.592,,4795,74048657550,15442890,20260908
043260,SUNGHO ELECTRONICS CORP.,성호전자,KOSDAQ,전자부품·컴퓨터·통신장비,2025,86,67,19,0.221,6.18,6.8,4,0.588,53599000,38915000,0.726,,16320,1198435568640,73433552,20260908
114920,"Daejoo Energy INnovation Technology Co.,Ltd",대주이엔티,KONEX,1차 금속,2025,86,78,8,0.093,5.82,5.52,8.74,1.583,56803947.31,51929169.38,0.914,,2500,8673750000,3469500,20260908
413630,"CP SYSTEM CO.,LTD",씨피시스템,KOSDAQ,고무·플라스틱,2025,86,60,26,0.302,4.46,4.7,3.92,0.834,43200000,48500000,1.123,,3935,143378040675,36436605,20260908
011700,HANSHIN MACHINERY CO,한신기계공업,KOSPI,기타 기계·장비,2025,86,68,18,0.209,8.72,9.27,6.62,0.714,49,30,0.612,,2630,85333377130,32446151,20260908
217730,"KANGSTEM BIOTECH CO., LTD.",강스템바이오텍,KOSDAQ,의료용 물질·의약품,2025,86,36,50,0.581,4.42,3.9,4.8,1.231,64000000,53000000,0.828,,2195,206448857055,94054149,20260908
305090,"Micro Digital Co., Ltd.",마이크로디지탈,KOSDAQ,의료·정밀·광학기기,2025,86,66,20,0.233,3.9,4.15,3.08,0.742,67000000,44000000,0.657,,538,10087410692,18749834,20260908
270870,"Newtree Co., Ltd.",뉴트리,KOSDAQ,식료품 제조,2025,86,27,59,0.686,4.17,4.1,4.2,1.024,67339000,59080000,0.877,,3850,34630157100,8994846,20260908
103660,"CIAAT Co., Ltd.",씨앗,KONEX,화학물질·화학제품,2025,86,67,19,0.221,5.22,5,6,1.2,53475000,32897000,0.615,,1500,9026206500,6017471,20260908
388610,"GFC Life Science Co., Ltd.",지에프씨생명과학,KOSDAQ,화학물질·화학제품,2025,86,22,64,0.744,4.34,4.02,4.45,1.107,62272727.27,42921875,0.689,,5060,26946437980,5325383,20260908
044180,KD Corporation,KD,KOSDAQ,종합 건설,2025,86,67,19,0.221,1.41,1.3,1.8,1.385,32029000,24005000,0.749,,205,5477148795,26717799,20260908
475660,"S-CHEM Co.,Ltd.",에스켐,KOSDAQ,화학물질·화학제품,2025,86,66,20,0.233,2.64,2.86,1.92,0.671,54212121.21,43000000,0.793,,3315,26287403025,7929835,20260908
015230,"DAECHANG FORGING CO.,LTD",대창단조,KOSPI,자동차·트레일러,2025,85,82,3,0.035,18.84,19.35,4.81,,72360000,53209000,,fewer than 5 of one sex,6690,181590817800,27143620,20260908
058110,"MEKICS Co., Ltd",멕아이씨에스,KOSDAQ,의료·정밀·광학기기,2025,85,52,33,0.388,5.71,6.1,5.1,0.836,46466000,32223000,0.693,,1520,24396805600,16050530,20260908
024890,"DAEWON CHEMICAL CO.,LTD",대원화성,KOSPI,고무·플라스틱,2025,85,70,15,0.176,6.86,6.66,7.79,1.17,56031490.57,29195072.8,0.521,,1731,14280455730,8249830,20260908
073190,"DUOBACK CO., LTD.",듀오백,KOSDAQ,가구 제조,2025,85,58,27,0.318,5.68,6,5,0.833,38000000,32000000,0.842,,1622,19412160880,11968040,20260908
079170,"HanchangIndustryCo.,Ltd.",한창산업,KOSDAQ,1차 금속,2025,84,77,7,0.083,5.82,5.66,7.6,1.343,76734000,59593000,0.777,,5970,31044000000,5200000,20260908
068100,"Kweather Co., Ltd.",케이웨더,KOSDAQ,기타 기계·장비,2025,84,67,17,0.202,4.23,4.42,3.5,0.792,44670000,25263000,0.566,,2335,27850796560,11927536,20260908
065440,ELUON Corporation,이루온,KOSDAQ,출판업,2025,84,71,13,0.155,8.79,8.91,8.12,0.911,76000000,64000000,0.842,,1359,37066752180,27275020,20260908
431190,"K3I. Co., Ltd.",케이쓰리아이,KOSDAQ,출판업,2025,84,61,23,0.274,3.23,3.5,2.5,0.714,48344,31137,0.644,,2925,21897842850,7486442,20260908
019990,ENERTORK LTD.,에너토크,KOSDAQ,기타 기계·장비,2025,84,74,10,0.119,8.29,9,3,0.333,49781000,41145000,0.827,,5500,53658484000,9756088,20260908
044480,"Billions Co.,Ltd.",빌리언스,KOSDAQ,창작·예술·여가,2025,84,51,33,0.393,5.76,5.42,6.29,1.161,50470352.94,35243090.91,0.698,,3890,25869211870,6650183,20260908
473980,Knowmerce Corp.,노머스,KOSDAQ,창작·예술·여가,2025,84,31,53,0.631,1.61,1.9,1.44,0.758,53428064.52,31803849.06,0.595,,11860,129069438720,10882752,20260908
303030,"Zinitix Co.,Ltd.",지니틱스,KOSDAQ,전자부품·컴퓨터·통신장비,2025,84,77,7,0.083,7.12,7.1,7.3,1.028,73000000,44000000,0.603,,1590,14560386840,9157476,20260908
402340,"SK Square Co., Ltd.",SK스퀘어,KOSPI,금융업,2025,84,69,15,0.179,3.38,3.4,3.3,0.971,285000000,180000000,0.632,,1131000,149206041738000,131923998,20260908
000230,"ILDONG HOLDINGS CO.,LTD",일동홀딩스,KOSPI,의료용 물질·의약품,2025,84,51,33,0.393,8.5,9.4,7.1,0.755,67716000,54016000,0.798,,6200,71550480000,11540400,20260908
146060,"YulChon co., Ltd",율촌,KOSDAQ,1차 금속,2025,84,77,7,0.083,4.11,4.2,3.1,0.738,46000000,33000000,0.717,,1099,26393138905,24015595,20260908
003650,"MICHANG OIL IND CO.,LTD",미창석유공업,KOSPI,코크스·석유정제,2025,84,76,8,0.095,19.05,20,10,0.5,79777652,51138122,0.641,,129900,225983392800,1739672,20260908
046210,"HLB PANAGENE Co., LTD.",HLB파나진,KOSDAQ,의료용 물질·의약품,2025,84,45,39,0.464,6.48,7.39,5.42,0.733,55977777.78,45461538.46,0.812,,1120,50991315200,45527960,20260908
097870,"HyosungONBCo.,Ltd",효성오앤비,KOSDAQ,화학물질·화학제품,2025,83,67,16,0.193,10.33,10.25,10.67,1.041,38879000,35514000,0.913,,4555,38671950000,8490000,20260908
075130,"PLANTYNETCo.,Ltd.",플랜티넷,KOSDAQ,컴퓨터 프로그래밍·SI,2025,83,62,21,0.253,6.79,7.5,4.7,0.627,68000000,39000000,0.574,,2115,34098706800,16122320,20260908
049180,"CELLUMED CO., LTD.",셀루메드,KOSDAQ,의료용 물질·의약품,2025,83,45,38,0.458,4.51,4.58,4.42,0.965,62000000,32000000,0.516,,1009,83975227728,83226192,20260908
033200,"MOATECH CO., LTD.",모아텍,KOSDAQ,전자부품·컴퓨터·통신장비,2025,83,62,21,0.253,10.46,11.15,8.43,0.756,57452000,33854000,0.589,,2505,23057345145,9204529,20260908
065710,"Seoho Electric Co.,Ltd.",서호전기,KOSDAQ,전기장비,2025,83,73,10,0.12,6.76,7,5,0.714,191937000,52525000,0.274,,46100,237415000000,5150000,20260908
139050,"BFLABS Co.,LTD.",비에프랩스,,컴퓨터 프로그래밍·SI,2025,83,73,10,0.12,2.88,2.87,2.99,1.042,50748000,41179000,0.811,,,,,
089140,"NEXTURN&ROLLKOREA Co., Ltd",넥스턴앤롤코리아,KOSDAQ,기타 기계·장비,2025,83,73,10,0.12,6.51,6.47,6.84,1.057,52717465.75,40410400,0.767,,2075,31781185550,15316234,20260908
168330,"Naturalendo Tech Co., Ltd",내츄럴엔도텍,KOSDAQ,연구개발업,2025,83,40,43,0.518,4.39,5,3.83,0.766,61332000,39038000,0.637,,2200,69860780000,31754900,20260908
007390,"NATURECELL CO.,LTD.",네이처셀,KOSDAQ,의료용 물질·의약품,2025,83,47,36,0.434,7.02,8.12,5.58,0.687,57276595.74,29166666.67,0.509,,24600,1585102377600,64435056,20260908
232830,"ITCENPNS CO.,LTD.",아이티센피엔에스,KOSDAQ,출판업,2025,83,59,24,0.289,2.84,3.08,2.25,0.731,68349000,49884000,0.73,,1841,30438589566,16533726,20260908
452190,HBL Corporation,한빛레이저,KOSDAQ,기타 기계·장비,2025,83,71,12,0.145,7.92,7.5,10.42,1.389,53456566,48756161,0.912,,4500,107642506500,23920557,20260908
065650,Hyper Corporation Inc.,하이퍼코퍼레이션,KOSDAQ,도매·상품중개,2025,83,64,19,0.229,1.64,1.36,2.59,1.904,32437375,36999842.11,1.141,,1578,17272767486,10945987,20260908
192400,"Cuckoo Holdings Co.,Ltd",쿠쿠홀딩스,KOSPI,금융업,2025,82,59,23,0.28,5.9,6.67,3.92,0.588,87000000,57000000,0.655,,27700,985072524500,35562185,20260908
053050,"GSE Co., Ltd.",지에스이,KOSDAQ,전기·가스·증기,2025,82,75,7,0.085,13.13,13.7,7,0.511,82164000,35162000,0.428,,1970,59075566090,29987597,20260908
136410,ASSEMS INC.,아셈스,KOSDAQ,고무·플라스틱,2025,82,65,17,0.207,7.42,7.79,5.99,0.769,62892307.69,28470588.24,0.453,,4060,44737570360,11019106,20260908
187420,"HLB Genex, Inc.",HLB제넥스,KOSDAQ,의료용 물질·의약품,2025,82,49,33,0.402,5.98,6.1,5.8,0.951,61842000,50965000,0.824,,1834,59870832798,32644947,20260908
246710,"T&R Biofab Co., Ltd",티앤알바이오팹,KOSDAQ,의료용 물질·의약품,2025,82,52,30,0.366,2.78,2.75,2.83,1.029,54000000,47000000,0.87,,2220,105815198880,47664504,20260908
403490,"WooDeumGee Farm Co., Ltd",우듬지팜,KOSDAQ,식료품 제조,2025,82,24,58,0.707,1.2,1.67,1,0.599,68019825,32197730,0.473,,2140,19659092880,9186492,20260908
037340,"HC Corporation Co., Ltd.",에이치씨코퍼레이션,,전자부품·컴퓨터·통신장비,2025,82,73,9,0.11,5.1,5.2,4.3,0.827,3601000,3579000,0.994,,,,,
358570,GI Innovation Inc.,지아이이노베이션,KOSDAQ,연구개발업,2025,82,42,40,0.488,4.15,4.2,4.1,0.976,142804000,119346000,0.836,,8420,543224770520,64516006,20260908
091590,"Nam Hwa Construction Company, Limited",남화토건,KOSDAQ,종합 건설,2025,82,75,7,0.085,6.86,6.8,7.54,1.109,53533333.33,33857142.86,0.632,,7220,84762800000,11740000,20260908
429270,"Sigetronics, Inc.",시지트로닉스,KOSDAQ,전자부품·컴퓨터·통신장비,2025,81,49,32,0.395,4.17,4,4.42,1.105,44596000,32712000,0.734,,3065,19766893015,6449231,20260908
389650,"NEXTBIOMEDICAL Co., Ltd.",넥스트바이오메디컬,KOSDAQ,의료·정밀·광학기기,2025,81,29,52,0.642,3.03,3.41,2.82,0.827,69241379.31,32461538.46,0.469,,30450,252043358700,8277286,20260908
419050,"SAMKEE ENERGY SOLUTIONS CO.,LTD",삼기에너지솔루션즈,KOSDAQ,자동차·트레일러,2025,81,71,10,0.123,67.49,67.69,66.1,0.977,67889422.54,53714000,0.791,,1663,95117347120,57196240,20260908
140430,CATIS INC.,카티스,KOSDAQ,컴퓨터 프로그래밍·SI,2025,81,66,15,0.185,6.2,6.47,5.01,0.774,70993000,47085000,0.663,,1710,18279056970,10689507,20260908
457370,"HANCHEM CO.,LTD",한켐,KOSDAQ,화학물질·화학제품,2025,81,65,16,0.198,7.11,6.95,7.78,1.119,50494000,43225000,0.856,,7610,61390889740,8067134,20260908
226320,"IT'S HANBUL CO., LTD.",잇츠한불,KOSPI,화학물질·화학제품,2025,81,34,47,0.58,7.25,9.71,5.47,0.563,61000000,47446808.51,0.778,,10250,224775478750,21929315,20260908
041520,"ELC Co., Ltd.",이엘씨,KOSDAQ,의료·정밀·광학기기,2025,81,68,13,0.16,5.75,5.8,5.5,0.948,59582000,35493000,0.596,,11350,138342085500,12188730,20260908
078350,"HANYANG DIGITECH CO.,LTD.",한양디지텍,KOSDAQ,전자부품·컴퓨터·통신장비,2025,81,70,11,0.136,5.87,6.1,4.4,0.721,60000000,60000000,1,,18750,285832162500,15244382,20260908
005860,HANIL FEED Co.Ltd,한일사료,KOSDAQ,식료품 제조,2025,81,67,14,0.173,11.96,12.72,8.33,0.655,78158432.84,49760000,0.637,,2375,93583751875,39403685,20260908
001210,"KUMHO ELECTRIC CO.,LTD",금호전기,KOSPI,전기장비,2025,81,62,19,0.235,8.68,9.29,6.69,0.72,61032258.06,39631578.95,0.649,,12310,152348756960,12376016,20260908
475460,MeatBox Global Inc.,미트박스,KOSDAQ,정보서비스업,2025,80,56,24,0.3,2.84,3,2.48,0.827,77482142.86,57750000,0.745,,8280,46753227000,5646525,20260908
364950,"AI Korea Co., Ltd.",에이아이코리아,KOSDAQ,기타 기계·장비,2025,80,74,6,0.075,2.64,2.66,2.36,0.887,76836000,34505000,0.449,,3410,28290877450,8296445,20260908
478340,Nara Space Technology Inc.,나라스페이스테크놀로지,KOSDAQ,기타 운송장비,2025,80,52,28,0.35,2.72,3.1,2,0.645,66000000,46000000,0.697,,10290,119056668570,11570133,20260908
317120,RANIX INC.,라닉스,KOSDAQ,전자부품·컴퓨터·통신장비,2025,80,71,9,0.113,3.34,3.54,1.76,0.497,75464788.73,39666666.67,0.526,,1424,21730240000,15260000,20260908
096690,"Aroot Co., Ltd.",에이루트,KOSDAQ,전자부품·컴퓨터·통신장비,2025,79,65,14,0.177,6.74,6.75,6.71,0.994,48517446.15,33641857.14,0.693,,6790,27315097180,4022842,20260908
135160,MSGOC CO. LTD.,무송지오씨,,전기장비,2025,79,72,7,0.089,7.04,7.08,6.58,0.929,40000000,36000000,0.9,,,,,
153710,"Optipharm.CO.,LTD",옵티팜,KOSDAQ,의료용 물질·의약품,2025,79,49,30,0.38,6.6,6.68,6.48,0.97,62755102.04,55166666.67,0.879,,4830,70855897140,14669958,20260908
033050,"JEONGMOON INFORMATION CO.,LTD.",제이엠아이,KOSDAQ,화학물질·화학제품,2025,79,50,29,0.367,8.63,8.86,8.24,0.93,64198480,39145758.62,0.61,,824,26235606272,31839328,20260908
122450,"KX Innovation Co., Ltd.",KX,KOSDAQ,방송업,2025,79,54,25,0.316,7.76,9.33,4.36,0.467,63468277.78,49020240,0.772,,2660,119220758440,44819834,20260908
060370,"LS Marine Solution Co., Ltd.",LS마린솔루션,KOSDAQ,전문직별 공사,2025,79,72,7,0.089,9.87,9.77,10.87,1.113,91666666.67,55285714.29,0.603,,30850,1611568645900,52238854,20260908
267790,"BARREL Co., Ltd.",배럴,KOSDAQ,의복 제조,2025,79,24,55,0.696,2.52,2.75,2.42,0.88,46819000,41211000,0.88,,3335,25643845515,7689309,20260908
474170,Lumir Inc.,루미르,KOSDAQ,기타 운송장비,2025,79,68,11,0.139,1.6,1.6,1.6,1,62000000,47000000,0.758,,6400,114033254400,17817696,20260908
128660,"PJ METAL CO., LTD",피제이메탈,KOSDAQ,1차 금속,2025,79,71,8,0.101,10.67,10.8,9.5,0.88,60647000,64487000,1.063,,2955,73293955395,24803369,20260908
263770,"UST CO., LTD.",유에스티,KOSDAQ,1차 금속,2025,79,70,9,0.114,6.54,7,3,0.429,56000000,48000000,0.857,,1640,38868282080,23700172,20260908
452200,"Mintech Co., Ltd.",민테크,KOSDAQ,의료·정밀·광학기기,2025,79,63,16,0.203,3.61,3.56,3.8,1.067,81000000,64000000,0.79,,1619,39394803200,24332800,20260908
000950,"CHONBANG CO.,LTD",전방,KOSPI,섬유제품 제조,2025,78,49,29,0.372,12.58,13.12,11.66,0.889,65746000,41932000,0.638,,31200,52416000000,1680000,20260908
155960,"Global Display Co., Ltd.",지디,,전자부품·컴퓨터·통신장비,2025,78,73,5,0.064,5.87,6,4,0.667,48111000,34234000,0.712,,,,,
222110,Pangen Biotech Inc.,팬젠,KOSDAQ,의료용 물질·의약품,2025,78,41,37,0.474,7.06,7.99,6.03,0.755,63104000,51620000,0.818,,4925,66558956825,13514509,20260908
251120,"BIO-FD&C CO.,LTD.",바이오에프디엔씨,KOSDAQ,의료용 물질·의약품,2025,78,36,42,0.538,4.89,5.28,4.55,0.862,61785722.22,50277690.48,0.814,,8520,74087364000,8695700,20260908
189350,Coset Inc.,코셋,KONEX,전자부품·컴퓨터·통신장비,2025,78,21,57,0.731,9.75,13.4,8.4,0.627,49000000,30000000,0.612,,1850,8880000000,4800000,20260908
474650,"LINCSOLUTION CO., LTD.",링크솔루션,KOSDAQ,기타 기계·장비,2025,78,63,15,0.192,2.2,2.11,2.58,1.223,54766603.17,42728533.33,0.78,,25100,144376003200,5752032,20260908
309930,"JOYWORKS&Co Co.,Ltd.",조이웍스앤코,KOSDAQ,소매업,2025,78,31,47,0.603,2.69,2.33,2.92,1.253,48000000,30000000,0.625,,889,17118485321,19255889,20260908
274400,"INNOSIMULATION CO., LTD.",이노시뮬레이션,KOSDAQ,출판업,2025,78,70,8,0.103,5.86,6,4.6,0.767,59000000,40000000,0.678,,2210,20081149530,9086493,20260908
307280,"Wonbiogen Co.,Ltd.",원바이오젠,KOSDAQ,의료용 물질·의약품,2025,77,45,32,0.416,3.98,4.44,3.34,0.752,65572,45501,0.694,,5980,42425869460,7094627,20260908
000640,"Dong-A Socio Holdings Co.,Ltd",동아쏘시오홀딩스,KOSPI,금융업,2025,77,58,19,0.247,11.32,12.33,8.25,0.669,145000000,73000000,0.503,,91600,616699473200,6732527,20260908
387570,"Finemedix Co., Ltd.",파인메딕스,KOSDAQ,의료·정밀·광학기기,2025,77,42,35,0.455,4.98,4.65,5.38,1.157,56835095.24,32106542.86,0.565,,6500,36568350000,5625900,20260908
419540,"Bistos Co., Ltd.",비스토스,KOSDAQ,의료·정밀·광학기기,2025,77,45,32,0.416,3.3,4.08,2.21,0.542,45169555.56,30000750,0.664,,3415,20347433995,5958253,20260908
048530,"iNtRON Biotechnology, Inc.",인트론바이오,KOSDAQ,의료용 물질·의약품,2025,77,45,32,0.416,7.49,8.4,6.2,0.738,82843000,38317000,0.463,,2785,86033546030,30891758,20260908
101670,Hydro Lithium Inc,하이드로리튬,KOSDAQ,금속가공제품,2025,77,66,11,0.143,2.04,2.22,0.99,0.446,55909090.91,39181818.18,0.701,,503,28558925061,56777187,20260908
043910,"NatureandEnvironmentCo.,Ltd.",자연과환경,KOSDAQ,비금속 광물제품,2025,76,59,17,0.224,4.63,4.73,4.29,0.907,53082631.1,37060711.76,0.698,,3480,39460224600,11339145,20260908
226950,"OliX Pharmaceuticals, Inc.",올릭스,KOSDAQ,연구개발업,2025,76,36,40,0.526,4.31,4.02,4.58,1.139,224000000,175000000,0.781,,99100,2087328435000,21062850,20260908
052270,"WOOJEON CO., LTD.",우전,,전자부품·컴퓨터·통신장비,2025,76,69,7,0.092,8.35,8.4,7.9,0.94,66000000,40000000,0.606,,,,,
003780,"CHIN YANG INDUSTRY CO.,LTD.",진양산업,KOSPI,고무·플라스틱,2025,76,71,5,0.066,7.56,7.62,6.73,0.883,44000000,32000000,0.727,,3865,50245000000,13000000,20260908
285800,"JINYOUNG CO., LTD",진영,KOSDAQ,고무·플라스틱,2025,76,73,3,0.039,5.94,5.7,11.81,,45945205.48,37333333.33,,fewer than 5 of one sex,733,13171211763,17968911,20260908
099520,"DG-ITX Co., Ltd.",DGI,KOSDAQ,전자부품·컴퓨터·통신장비,2025,76,59,17,0.224,8.25,7.36,11.35,1.542,66229559.32,36208000,0.547,,1284,58141862016,45281824,20260908
092590,"Luxpia Co., Ltd.",럭스피아,KONEX,전자부품·컴퓨터·통신장비,2025,76,34,42,0.553,3.87,3.64,4.05,1.113,40000000,30000000,0.75,,600,4374658800,7291098,20260908
487580,"Poled Co., Ltd.",폴레드,KOSDAQ,전기장비,2025,76,37,39,0.513,2.69,3.1,2.3,0.742,50000000,34000000,0.68,,3050,76807726050,25182861,20260908
475960,"Tomocube, Inc.",토모큐브,KOSDAQ,의료·정밀·광학기기,2025,76,49,27,0.355,3.36,3.64,2.85,0.783,63957204.08,39274222.22,0.614,,28600,385418576400,13476174,20260908
226360,"KH Construction Co., Ltd.",케이에이치건설,,종합 건설,2025,76,62,14,0.184,3.91,3.93,3.84,0.977,58677419.35,34571428.57,0.589,,,,,
479960,"Winners Elec Co., Ltd.",위너스일렉,KOSDAQ,전기장비,2025,76,35,41,0.539,4.84,6.5,3.42,0.526,50103000,35523000,0.709,,6080,43326080000,7126000,20260908
219550,"DYD Co.,LTD.",디와이디,KOSDAQ,도매·상품중개,2025,76,18,58,0.763,2.74,1.92,3,1.563,77319000,44366000,0.574,,1288,53296422480,41379210,20260908
290560,"Parataxis Ethereum, Inc.",파라택시스이더리움,KOSDAQ,출판업,2025,76,50,26,0.342,7.21,8.58,4.58,0.534,72151112,51832081,0.718,,1279,28601931670,22362730,20260908
225220,GENOLUTION INC.,제놀루션,KOSDAQ,의료용 물질·의약품,2025,76,39,37,0.487,3.25,3.08,3.42,1.11,61366000,45050000,0.734,,1379,26463038959,19190021,20260908
228760,Genomictree Inc.,지노믹트리,KOSDAQ,연구개발업,2025,76,33,43,0.566,5.49,4.86,5.98,1.23,67545454.55,39790697.67,0.589,,10430,259281476860,24859202,20260908
049430,KOMELON CORPORATION,코메론,KOSDAQ,의료·정밀·광학기기,2025,75,57,18,0.24,7.81,8.7,5,0.575,57350877.19,41000000,0.715,,21800,197246400000,9048000,20260908
418420,RAONTECH INC.,라온텍,KOSDAQ,전자부품·컴퓨터·통신장비,2025,75,65,10,0.133,4.7,4.58,5.5,1.201,71000000,57000000,0.803,,3920,120636267360,30774558,20260908
100130,DONGKUK STRUCTURES & CONSTRUCTION COMPANY LIMITED,동국S&C,KOSDAQ,금속가공제품,2025,75,70,5,0.067,8.04,8.5,1.67,0.196,52350000,26727000,0.511,,1355,77428765000,57143000,20260908
036830,"Soulbrain Holdings Co., Ltd.",솔브레인홀딩스,KOSDAQ,전문서비스업,2025,75,51,24,0.32,4.98,4.5,6,1.333,128000000,94000000,0.734,,41500,850915211500,20503981,20260908
229000,Gencurix Inc.,젠큐릭스,KOSDAQ,의료용 물질·의약품,2025,75,43,32,0.427,3.85,3.77,3.95,1.048,66000000,47000000,0.712,,1860,43576386900,23428165,20260908
331660,"KOREA MIRACLE PEOPLE COMPANY Co., Ltd.",한국미라클피플사,KONEX,화학물질·화학제품,2025,75,30,45,0.6,2.76,3,2.6,0.867,43000000,32000000,0.744,,4020,22110000000,5500000,20260908
227840,"HYUNDAI CORPORATION HOLDINGS Co.,Ltd.",현대코퍼레이션홀딩스,KOSPI,도매·상품중개,2025,75,54,21,0.28,5.73,5.49,6.36,1.158,112685185.19,84142857.14,0.747,,12950,117855826200,9100836,20260908
081150,"Tplex Co., Ltd",티플랙스,KOSDAQ,1차 금속,2025,75,70,5,0.067,7.51,7.33,10,1.364,60538457.14,55003000,0.909,,2675,64917975350,24268402,20260908
026890,"STIC Investments, Inc.",스틱인베스트먼트,KOSPI,금융업,2025,75,59,16,0.213,7.21,7.7,5.4,0.701,235000000,104000000,0.443,,8400,325675030800,38770837,20260908
041460,KOREA ELECTRONIC CERTIFICATION AUTHORITY,한국전자인증,KOSDAQ,출판업,2025,75,36,39,0.52,8.36,7.26,9.38,1.292,59777777.78,37102564.1,0.621,,3530,67070000000,19000000,20260908
950130,"Access Bio, Inc.",엑세스바이오,KOSDAQ,의료용 물질·의약품,2025,75,50,25,0.333,4.67,4.4,5.2,1.182,167000000,143000000,0.856,,2460,86527631640,35173834,20260908
049630,"JAEYOUNG SOLUTEC CO.,LTD.",재영솔루텍,KOSDAQ,의료·정밀·광학기기,2025,75,61,14,0.187,4.11,4.18,3.83,0.916,52002721.31,31966000,0.615,,6940,162154064660,23365139,20260908
290520,"Shindo Eng. Lab., Ltd.",신도기연,KOSDAQ,기타 기계·장비,2025,74,66,8,0.108,6.37,6.14,8.23,1.34,61326454.55,58383500,0.952,,1567,24658568988,15736164,20260908
033320,"JCH Systems, Inc.",제이씨현시스템,KOSDAQ,도매·상품중개,2025,74,54,20,0.27,6.55,6.5,6.67,1.026,65000000,42000000,0.646,,3085,58968022720,19114432,20260908
357230,"H.PIO Co., Ltd.",에이치피오,KOSDAQ,식료품 제조,2025,74,22,52,0.703,3.02,3.25,2.92,0.898,84000000,61000000,0.726,,2115,87335701740,41293476,20260908
131090,"SECUVE Co., Ltd.",시큐브,KOSDAQ,출판업,2025,74,69,5,0.068,8.26,8.33,7.25,0.87,63086000,49548000,0.785,,4200,32164528200,7658221,20260908
011810,STX CORPORATION,STX,KOSPI,도매·상품중개,2025,73,48,25,0.342,4.2,4.1,4.4,1.073,85000000,61000000,0.718,,3530,109493282310,31017927,20260908
335870,WING'S FOOT INC.,윙스풋,KOSDAQ,소매업,2025,73,41,32,0.438,4.85,5.19,4.41,0.85,30292682.93,32125000,1.06,,5230,17520991620,3350094,20260908
111710,"Namhwa Industrial Co.,Ltd.",남화산업,KOSDAQ,스포츠·오락,2025,73,44,29,0.397,14.7,16.67,11.72,0.703,47985318.18,35055655.17,0.731,,3195,65778660000,20588000,20260908
320000,"HanWool Semiconductor, Inc.",한울반도체,KOSDAQ,기타 기계·장비,2025,73,59,14,0.192,5.87,6.75,2.17,0.321,57384000,38405000,0.669,,9930,68652743100,6913670,20260908
083640,"INCON Co., Ltd.",인콘,KOSDAQ,도매·상품중개,2025,73,51,22,0.301,5.82,6.6,4,0.606,58465000,38434000,0.657,,1087,24955718841,22958343,20260908
389470,Inventage Lab Inc.,인벤티지랩,KOSDAQ,연구개발업,2025,73,54,19,0.26,2.96,3.18,2.35,0.739,47648148.15,37263157.89,0.782,,25750,342673481000,13307708,20260908
458350,"ESteem Co., Ltd.",에스팀,KOSDAQ,사업시설 관리,2025,73,23,50,0.685,4.75,6.46,3.97,0.615,44000000,28000000,0.636,,3150,27352080000,8683200,20260908
078860,"IOKENM CO.,LTD.",아이오케이이엔엠,KOSDAQ,영상·오디오 제작,2025,73,45,28,0.384,2.22,2.3,2.1,0.913,30674511.11,15052142.86,0.491,,2690,16616635720,6177188,20260908
014970,Samryoong,삼륭물산,KOSDAQ,펄프·종이 제조,2025,73,65,8,0.11,5.41,5.6,3.9,0.696,58000000,49000000,0.845,,4385,65007625000,14825000,20260908
237750,"PNC Technologies Co.,Ltd.",피앤씨테크,KOSDAQ,전기장비,2025,73,66,7,0.096,10.43,9.93,15.12,1.523,68781636.36,59738428.57,0.869,,3425,22250855000,6496600,20260908
361570,RBW Inc.,알비더블유,KOSDAQ,영상·오디오 제작,2025,72,21,51,0.708,3.28,3.56,3.16,0.888,52601428.57,31527921.57,0.599,,1578,45356913198,28743291,20260908
002290,"SAMIL ENTERPRISE CO., LTD.",삼일기업공사,KOSDAQ,종합 건설,2025,72,67,5,0.069,4.49,4.7,1.7,0.362,89724000,63244000,0.705,,3320,41168000000,12400000,20260908
014910,"SUNGMOON ELECTRONICS CO.,LTD",성문전자,KOSPI,전자부품·컴퓨터·통신장비,2025,72,56,16,0.222,12.77,13.7,9.5,0.693,50321000,38466000,0.764,,2090,45681667130,21857257,20260908
188260,"SANIGEN Co., Ltd.",세니젠,KOSDAQ,기타 제품 제조,2025,72,37,35,0.486,4.66,4.33,5,1.155,61000000,50000000,0.82,,2085,28984248030,13901318,20260908
451220,"IMT Co., Ltd.",아이엠티,KOSDAQ,기타 기계·장비,2025,72,67,5,0.069,5.42,5.58,3.25,0.582,74147000,54769000,0.739,,8010,63075634110,7874611,20260908
460870,"SMCG CO.,Ltd",에스엠씨지,KOSDAQ,비금속 광물제품,2025,72,55,17,0.236,4.75,4.7,4.9,1.043,61774408,47217354,0.764,,2780,55803785120,20073304,20260908
003460,"YUHWA SECURITIES CO.,LTD",유화증권,KOSPI,금융·보험 관련 서비스,2025,72,61,11,0.153,4.61,5.22,1.26,0.241,61611610,35517880,0.576,,3055,173225877825,56702415,20260908
040610,SG&G Corporation,SG&G,KOSDAQ,자동차·트레일러,2025,72,52,20,0.278,8.1,7.95,8.48,1.067,62057692.31,45450000,0.732,,3165,53942987670,17043598,20260908
082660,"Cosnine Co., Ltd",코스나인,KOSDAQ,화학물질·화학제품,2025,72,43,29,0.403,1.89,1.56,2.39,1.532,18919528.16,17629900.66,0.932,,480,47827617120,99640869,20260908
452430,Sapien Semiconductors Inc.,사피엔반도체,KOSDAQ,전자부품·컴퓨터·통신장비,2025,71,56,15,0.211,2.44,2.4,2.6,1.083,107000000,62000000,0.579,,31650,261284074650,8255421,20260908
011080,HYUNGJI Innovation and Creative Company Limited,형지I&C,KOSDAQ,의복 제조,2025,71,40,31,0.437,2.83,3.42,2.08,0.608,56000000,48000000,0.857,,808,5733779696,7096262,20260908
321820,Artist Company Inc.,아티스트컴퍼니,KOSDAQ,창작·예술·여가,2025,71,43,28,0.394,2.67,3.1,2,0.645,59000000,46000000,0.78,,2670,41628973920,15591376,20260908
276040,"SKONEC ENTERTAINMENT Co., Ltd.",스코넥,KOSDAQ,출판업,2025,71,55,16,0.225,5.22,5.9,2.9,0.492,59570000,41268000,0.693,,327,7073119545,21630335,20260908
196700,"WAPS Co., Ltd.",웹스,KOSDAQ,화학물질·화학제품,2025,70,58,12,0.171,8.03,8.24,7.03,0.853,4000000,3000000,0.75,,1359,19520871696,14364144,20260908
121890,"SD system Co., Ltd",에스디시스템,KOSDAQ,전자부품·컴퓨터·통신장비,2025,70,59,11,0.157,5.59,5.94,3.71,0.625,54568000,36440000,0.668,,2595,34491302370,13291446,20260908
079950,"INVENIA Co.,Ltd.",인베니아,KOSDAQ,기타 기계·장비,2025,70,60,10,0.143,7.76,8.4,3.9,0.464,80000000,34000000,0.425,,1465,20215681500,13799100,20260908
419120,"Sandoll, Inc.",산돌,KOSDAQ,출판업,2025,70,28,42,0.6,4.24,4.71,3.92,0.832,72321428.57,54428571.43,0.753,,2410,34277644490,14223089,20260908
006920,"Mohenz. Co., Ltd",모헨즈,KOSDAQ,비금속 광물제품,2025,70,62,8,0.114,8,8,8,1,4376272,2841783,0.649,,3470,37892400000,10920000,20260908
389020,"Zaram Technology,Inc.",자람테크놀로지,KOSDAQ,전자부품·컴퓨터·통신장비,2025,70,52,18,0.257,6.3,6.58,5.5,0.836,102000000,62000000,0.608,,21400,147768754800,6905082,20260908
489500,"LK CHEM Co., Ltd.",엘케이켐,KOSDAQ,화학물질·화학제품,2025,70,53,17,0.243,2.95,2.83,3.33,1.177,60428000,50848000,0.841,,19900,127185636200,6391238,20260908
456010,"ICTK Co., Ltd.",아이씨티케이,KOSDAQ,전자부품·컴퓨터·통신장비,2025,70,57,13,0.186,3.3,3.49,2.47,0.708,63561263.16,56858000,0.895,,14900,216085015000,14502350,20260908
239890,"P&H TECH Co., Ltd.",피엔에이치테크,KOSDAQ,화학물질·화학제품,2025,70,49,21,0.3,4.38,5.07,2.77,0.546,88000000,41000000,0.466,,3305,32837670275,9935755,20260908
089230,"THE E&M Co., Ltd.",THE E&M,KOSDAQ,정보서비스업,2025,70,48,22,0.314,5.16,5.58,4.25,0.762,60000000,39000000,0.65,,1878,74033302812,39421354,20260908
182400,"NKGen Biotech Korea Co., Ltd.",엔케이젠바이오텍코리아,KOSDAQ,의료용 물질·의약품,2025,70,26,44,0.629,8.32,8.18,8.4,1.027,48966.12,41441.18,0.846,,3670,265496721770,72342431,20260908
311390,"Neo Cremar Co., Ltd.",네오크레마,KOSDAQ,식료품 제조,2025,70,47,23,0.329,3.67,4,3,0.75,62352000,39620000,0.635,,2415,30558900435,12653789,20260908
323350,"DAWON NEXVIEW CO.,LTD.",다원넥스뷰,KOSDAQ,기타 기계·장비,2025,70,63,7,0.1,3.34,3.29,3.83,1.164,64503000,46576000,0.722,,7450,59680251400,8010772,20260908
109820,GENEMATRIX INC.,진매트릭스,KOSDAQ,연구개발업,2025,69,33,36,0.522,4.21,4.56,3.89,0.853,52084575.76,42866333.33,0.823,,1603,32691004920,20393640,20260908
001770,"SHIN HWA DYNAMICS CO.,LTD",SHD,KOSPI,1차 금속,2025,69,62,7,0.101,13.89,14.5,8.5,0.586,59000000,57000000,0.966,,13070,15878455460,1214878,20260908
043360,Digital Graphics Incorporation,디지아이,KOSDAQ,전자부품·컴퓨터·통신장비,2025,69,56,13,0.188,9.08,10.02,5.04,0.503,51846000,31036000,0.599,,2455,22095000000,9000000,20260908
318660,TIME Technical Support. ltd,타임기술,KONEX,출판업,2025,69,35,34,0.493,4.52,4.89,4.13,0.845,48028000,32683000,0.68,,3895,8382433395,2152101,20260908
176590,"KONASOL CO.,LTD",코나솔,KONEX,금속가공제품,2025,69,56,13,0.188,5.39,5.64,4.32,0.766,57395910.71,37496000,0.653,,2200,12840042600,5836383,20260908
032500,KMW CO. LTD.,케이엠더블유,KOSDAQ,전자부품·컴퓨터·통신장비,2025,69,57,12,0.174,14.82,15.76,10.38,0.659,52000000,43000000,0.827,,14680,619374170680,42191701,20260908
233250,Median Diagnostics Inc.,메디안디노스틱,KONEX,의료용 물질·의약품,2025,69,38,31,0.449,5.97,5.5,6.55,1.191,53630131.58,37286709.68,0.695,,5000,8732670000,1746534,20260908
085810,Alticast Corporation,알티캐스트,KOSDAQ,출판업,2025,69,44,25,0.362,2.64,3,2,0.667,42000000,27000000,0.643,,1434,20272390602,14136953,20260908
276730,"HanWool & Jeju, Inc.",한울앤제주,KOSDAQ,음료 제조,2025,69,48,21,0.304,3.38,3.95,2.08,0.527,42541666.67,36000000,0.846,,1167,27550512660,23607980,20260908
365590,HiDeep Inc.,하이딥,KOSDAQ,전자부품·컴퓨터·통신장비,2025,68,57,11,0.162,6.47,6.33,7.17,1.133,89000000,66000000,0.742,,783,28825792650,36814550,20260908
317770,Xperix Inc.,엑스페릭스,KOSDAQ,전자부품·컴퓨터·통신장비,2025,68,50,18,0.265,3.85,4.33,2.5,0.577,72000000,60000000,0.833,,2275,83365427600,36644144,20260908
042040,"KPM TECH CO., LTD.",케이피엠테크,KOSDAQ,도매·상품중개,2025,68,55,13,0.191,6.44,6.89,4.54,0.659,63649963.64,37330615.38,0.586,,4620,40059978420,8670991,20260908
006980,"WOOSUNG CO., LTD.",우성,KOSPI,식료품 제조,2025,68,50,18,0.265,7.68,9,4,0.444,71879000,46363000,0.645,,17880,55249200000,3090000,20260908
189330,"XIIlab Co., Ltd",씨이랩,KOSDAQ,출판업,2025,68,51,17,0.25,2.81,2.91,2.51,0.863,42933313.73,32800117.65,0.764,,11210,105175403640,9382284,20260908
459510,"NAUROBOTICS Co., Ltd.",나우로보틱스,KOSDAQ,기타 기계·장비,2025,68,60,8,0.118,2.29,2.47,0.9,0.364,54551000,22046000,0.404,,14380,186629133160,12978382,20260908
095700,"Genexine, Inc.",제넥신,KOSDAQ,연구개발업,2025,68,20,48,0.706,5.75,4.73,6.18,1.307,93050000,78354166.67,0.842,,2960,134799862240,45540494,20260908
369370,"Blitzway Entertainment Co., Ltd.",블리츠웨이엔터테인먼트,KOSDAQ,창작·예술·여가,2025,68,40,28,0.412,1.99,2.01,1.96,0.975,46247250,33003000,0.714,,3585,35758159470,9974382,20260908
462510,"LAMEDITECH Co., Ltd.",라메디텍,KOSDAQ,의료·정밀·광학기기,2025,68,47,21,0.309,2.04,2.17,1.75,0.806,60919000,40415000,0.663,,2585,22755664525,8802965,20260908
060230,"JK Synapse Co., Ltd.",제이케이시냅스,KOSDAQ,화학물질·화학제품,2025,68,55,13,0.191,6.67,6.78,6.23,0.919,49800000,36461538.46,0.732,,1196,23376080728,19545218,20260908
074610,"ENPLUS CO., LTD",이엔플러스,KOSPI,기타 기계·장비,2025,68,54,14,0.206,3.63,3.73,3.23,0.866,46582370.37,39623428.57,0.851,,5110,44815400070,8770137,20260908
016790,HYUNDAI FEED Inc.,현대사료,KOSDAQ,식료품 제조,2025,68,48,20,0.294,10.9,12.31,7.5,0.609,60059671.88,49252930,0.82,,994,187340898626,188471729,20260908
311060,"LAT CO., LTD.",엘에이티,KONEX,기타 기계·장비,2025,67,62,5,0.075,4.63,4.75,3.17,0.667,58042000,38226000,0.659,,3265,25702517510,7872134,20260908
355150,"KOSTECSYS. CO., LTD.",코스텍시스,KOSDAQ,전자부품·컴퓨터·통신장비,2025,67,31,36,0.537,6.49,7.25,5.83,0.804,58629000,34931000,0.596,,18820,146746127000,7797350,20260908
950210,Prestige BioPharma Limited,프레스티지바이오파마,KOSPI,연구개발업,2025,67,18,49,0.731,1.86,2.23,1.73,0.776,58385680.44,51859570.57,0.888,,6350,381610584250,60096155,20260908
048410,"HYUNDAI BIOSCIENCE CO., LTD.",현대바이오,KOSDAQ,화학물질·화학제품,2025,67,40,27,0.403,4.4,4,5,1.25,88000000,65000000,0.739,,6260,604124880720,96505572,20260908
362320,"CHUNGDAMGLOBAL Co., Ltd.",청담글로벌,KOSDAQ,도매·상품중개,2025,67,24,43,0.642,1.67,1.8,1.6,0.889,113000000,63000000,0.558,,4410,91255763970,20692917,20260908
321550,"TiumBio Co., Ltd.",티움바이오,KOSDAQ,연구개발업,2025,67,36,31,0.463,3.2,3.01,3.42,1.136,61222222.22,53000000,0.866,,4560,136975446000,30038475,20260908
081660,Misto Holdings Corporation,미스토홀딩스,KOSPI,도매·상품중개,2025,67,38,29,0.433,3.72,3.43,4.1,1.195,139263157.89,114000000,0.819,,41150,2184729216000,53091840,20260908
432430,YLAB Corporation,와이랩,KOSDAQ,영상·오디오 제작,2025,67,28,39,0.582,3.42,3.86,3.11,0.806,46285714.29,45000000,0.972,,2075,34254764000,16508320,20260908
388790,"LiComm Co., Ltd.",라이콤,KOSDAQ,전자부품·컴퓨터·통신장비,2025,67,47,20,0.299,7.7,8.8,5.1,0.58,47000000,29000000,0.617,,4220,129191755200,30614160,20260908
010060,OCI Holdings Company Ltd.,OCI홀딩스,KOSPI,금융업,2025,67,45,22,0.328,3.93,3.6,4.6,1.278,160000000,109000000,0.681,,215500,4023434996000,18670232,20260908
407400,GGUMBI Inc.,꿈비,KOSDAQ,가구 제조,2025,67,27,40,0.597,2.98,3.58,2.58,0.721,59000000,43000000,0.729,,2095,30659348730,14634534,20260908
023770,PLAYWITH KOREA Inc.,플레이위드,KOSDAQ,출판업,2025,67,47,20,0.299,4.25,5,2.5,0.5,63000000,52000000,0.825,,2690,24066071550,8946495,20260908
318000,KBG Corp.,KBG,KOSDAQ,화학물질·화학제품,2025,67,46,21,0.313,4.05,4,4.17,1.043,48408000,47921000,0.99,,2795,24428923285,8740223,20260908
169670,"Kostek Systems, Inc.",코스텍시스템,KONEX,기타 기계·장비,2025,67,63,4,0.06,6.7,7,2,,64268000,33622000,,fewer than 5 of one sex,4800,13768324800,2868401,20260908
174900,AbClon Inc.,앱클론,KOSDAQ,의료용 물질·의약품,2025,66,46,20,0.303,4.53,5.06,3.3,0.652,62542891.3,47128400,0.754,,20450,408021038050,19952129,20260908
244880,"NANOOMTECH Co., Ltd.",나눔테크,KONEX,의료·정밀·광학기기,2025,66,49,17,0.258,6.21,7.4,2.79,0.377,44057163.27,27072647.06,0.614,,1700,8534000000,5020000,20260908
032280,SamIl,삼일,KOSDAQ,육상운송,2025,66,56,10,0.152,12.71,13.58,7.83,0.577,57496000,38013000,0.661,,1370,22212618300,16213590,20260908
288980,"Moadata Co., Ltd.",모아데이타,KOSDAQ,출판업,2025,66,50,16,0.242,3.14,3.2,2.95,0.922,57560000,39125000,0.68,,333,12114999207,36381379,20260908
227950,"N2TECH CO.,LTD",엔투텍,KOSDAQ,기타 기계·장비,2025,66,56,10,0.152,4.88,5.42,1.83,0.338,58000000,48000000,0.828,,1322,45619852298,34508209,20260908
199800,ToolGen Incorporated,툴젠,KOSDAQ,연구개발업,2025,66,31,35,0.53,3.95,3.53,4.32,1.224,93129032.26,53857142.86,0.578,,33800,304119860200,8997629,20260908
307180,"IL CO.,LTD.",아이엘,KOSDAQ,전기장비,2025,66,52,14,0.212,3.67,4.2,1.7,0.405,49000000,34000000,0.694,,5580,205989472080,36915676,20260908
368030,CHANGDAE Precision,창대정밀,,기타 기계·장비,2025,66,60,6,0.091,4.91,4.63,7.71,1.665,58232000,36693000,0.63,,,,,
069540,LIGHTRON FIBER-OPTIC DEVICES INC.,빛과전자,KOSDAQ,전자부품·컴퓨터·통신장비,2025,66,50,16,0.242,11.69,11.25,13.08,1.163,74000000,52000000,0.703,,3640,410198505080,112691897,20260908
028080,"Humax Holdings Co., Ltd",휴맥스홀딩스,KOSDAQ,컴퓨터 프로그래밍·SI,2025,66,42,24,0.364,3.84,4.08,3.42,0.838,67140000,52140000,0.777,,5090,12879461140,2530346,20260908
090150,"iWIN CO.,LTD",아이윈,KOSDAQ,자동차·트레일러,2025,66,59,7,0.106,9.04,9.5,5.17,0.544,55471000,35150000,0.634,,6110,25585802190,4187529,20260908
238120,"Aligned Genetics, Inc.",얼라인드,KOSDAQ,의료·정밀·광학기기,2025,66,40,26,0.394,3.92,3.92,3.92,1,62000000,47000000,0.758,,2795,39740075830,14218274,20260908
093640,"Korea Robot Manufacturing Co., Ltd.",케이알엠,KOSDAQ,전자부품·컴퓨터·통신장비,2025,65,56,9,0.138,4.34,4.28,4.7,1.098,78792000,48918000,0.621,,4630,152066405080,32843716,20260908
131180,"DILLI ILLUSTRATE INC.,",딜리,KOSDAQ,전자부품·컴퓨터·통신장비,2025,65,52,13,0.2,7.78,8.2,6.1,0.744,51052000,38072000,0.746,,4210,24712700000,5870000,20260908
373110,Xcell Therapeutics Inc.,엑셀세라퓨틱스,KOSDAQ,의료용 물질·의약품,2025,65,33,32,0.492,3.03,2.71,3.37,1.244,69848484.85,63531250,0.91,,1017,17588398698,17294394,20260908
006120,"SK Discovery Co.,Ltd.",SK디스커버리,KOSPI,금융업,2025,65,44,21,0.323,2.76,3.08,2.08,0.675,115000000,89000000,0.774,,57000,992583807000,17413751,20260908
019010,"VenueG Co.,Ltd.",베뉴지,KOSDAQ,소매업,2025,65,44,21,0.323,6.17,6.54,5.39,0.824,58147000,45810000,0.788,,4550,219310000000,48200000,20260908
432980,"MFC Co., Ltd.",엠에프씨,KOSDAQ,의료용 물질·의약품,2025,65,49,16,0.246,3.74,3.92,3.17,0.809,70000000,46000000,0.657,,2580,22166694360,8591742,20260908
048870,"Synergy Innovation Co., Ltd.",시너지이노베이션,KOSDAQ,의료·정밀·광학기기,2025,65,41,24,0.369,3.85,3,5.3,1.767,52924000,44429000,0.839,,1597,140706819911,88106963,20260908
461030,"IMBdx, Inc.",아이엠비디엑스,KOSDAQ,연구개발업,2025,65,28,37,0.569,3.06,3.58,2.67,0.746,68714285.71,50108108.11,0.729,,2825,40495010525,14334517,20260908
290740,"ACTRO CO.,Ltd",액트로,KOSDAQ,전자부품·컴퓨터·통신장비,2025,64,52,12,0.188,5.41,5.83,3.58,0.614,113331000,46970000,0.414,,12350,124302885850,10065011,20260908
109860,"DONGIL METAL CO., LTD.",동일금속,KOSDAQ,1차 금속,2025,64,62,2,0.031,13,13.03,12,,61897064.52,32939000,,fewer than 5 of one sex,7420,67522000000,9100000,20260908
033430,"DST Co., Ltd.",디에스티,,기타 기계·장비,2025,64,57,7,0.109,10,10,10,1,71833729.96,49218975.71,0.685,,,,,
008420,"MOONBAE STEEL CO.,LTD",문배철강,KOSPI,1차 금속,2025,64,54,10,0.156,14.6,15.67,8.83,0.563,74000000,49000000,0.662,,2240,45927851200,20503505,20260908
415380,"Studio Samick Co.,Ltd.",스튜디오삼익,KOSDAQ,소매업,2025,64,15,49,0.766,3.56,4.28,3.34,0.78,39793400,35268061.22,0.886,,2060,23572528500,11442975,20260908
402490,"Green Resource Co.,Ltd",그린리소스,KOSDAQ,전자부품·컴퓨터·통신장비,2025,64,46,18,0.281,3.31,3.7,2.31,0.624,46676717.39,31100222.22,0.666,,6250,105845106250,16935217,20260908
085310,"NK CO.,LTD.",엔케이,KOSPI,금속가공제품,2025,64,49,15,0.234,2.11,2.21,1.78,0.805,54036653.06,37392000,0.692,,9120,67652834880,7418074,20260908
215100,"RoboRobo Co., Ltd.",로보로보,KOSDAQ,전기장비,2025,64,41,23,0.359,5.67,6.24,4.65,0.745,43094073.17,37417434.78,0.868,,4150,84446084100,20348454,20260908
205470,"HUMASIS CO., LTD.",휴마시스,KOSDAQ,의료용 물질·의약품,2025,64,32,32,0.5,5.09,4.14,6.05,1.461,55968750,39250000,0.701,,3105,76615878105,24675001,20260908
455180,"KGA CO., LTD",케이지에이,KOSDAQ,기타 기계·장비,2025,64,59,5,0.078,2.35,2.35,2.31,0.983,61964000,37857000,0.611,,1232,18109236992,14699056,20260908
001040,CJ Corp.,CJ,KOSPI,금융업,2025,64,48,16,0.25,14.08,14.8,11.9,0.804,944000000,177000000,0.188,,131000,3822186738000,29176998,20260908
013570,DY Corporation,디와이,KOSPI,금융업,2025,64,41,23,0.359,15.2,16.67,12.58,0.755,83000000,64000000,0.771,,4370,115016796210,26319633,20260908
179530,"ADBIOTECH Co.,Ltd.",애드바이오텍,KOSDAQ,의료용 물질·의약품,2025,64,38,26,0.406,3.59,2.7,4.9,1.815,46000000,37000000,0.804,,2405,65216969415,27117243,20260908
246250,"SLSBio(Specialty Lab Solution Bio) Co., Ltd",에스엘에스바이오,KOSDAQ,기타 과학기술 서비스,2025,63,25,38,0.603,1.98,1.8,2.1,1.167,37199000,34785000,0.935,,1969,30220617614,15348206,20260908
032750,Samjin,삼진,KOSDAQ,전자부품·컴퓨터·통신장비,2025,63,57,6,0.095,8.77,7.8,18,2.308,54833699,41916881,0.764,,2955,26686965510,9031122,20260908
196490,"DA Technology Co.,Ltd.",디에이테크놀로지,KOSDAQ,기타 기계·장비,2025,63,51,12,0.19,3.39,3.58,2.58,0.721,67000000,42000000,0.627,,6090,69131518050,11351645,20260908
079650,SeoSanCo.Ltd.,서산,KOSDAQ,비금속 광물제품,2025,63,56,7,0.111,18.78,19,17,0.895,36727000,43203000,1.176,,7680,153600000000,20000000,20260908
114450,"GREEN LIFESCIENCE CO., LTD.",그린생명과학,KOSDAQ,의료용 물질·의약품,2025,63,54,9,0.143,13.26,14.7,4.6,0.313,71000000,40000000,0.563,,2275,45500000000,20000000,20260908
058650,SEAH HOLDINGS CORP,세아홀딩스,KOSPI,1차 금속,2025,63,34,29,0.46,5.29,5.33,5.25,0.985,127213000,111428000,0.876,,132100,560399375600,4242236,20260908
360350,"COXEM CO., LTD",코셈,KOSDAQ,의료·정밀·광학기기,2025,63,45,18,0.286,5.06,5.2,4.7,0.904,63000000,43000000,0.683,,5150,28005545500,5437970,20260908
096630,"S Connect Co., LTD",에스코넥,KOSDAQ,전자부품·컴퓨터·통신장비,2025,63,53,10,0.159,11.42,11.83,9.25,0.782,93617000,57072000,0.61,,1800,28577381400,15876323,20260908
217480,"SD BIOTECHNOLOGIES CO., LTD.",에스디생명공학,KOSDAQ,화학물질·화학제품,2025,63,30,33,0.524,2.54,2.58,2.5,0.969,65518000,48874000,0.746,,499,54756837359,109733141,20260908
059270,"Haisung Aero-Robotics Co., Ltd.",해성에어로보틱스,KOSDAQ,금속가공제품,2025,63,61,2,0.032,4.89,5,1.67,,44000000,34000000,,fewer than 5 of one sex,5210,58171207790,11165299,20260908
032580,"Fidelix Co., Ltd.",피델릭스,KOSDAQ,전자부품·컴퓨터·통신장비,2025,63,56,7,0.111,7.52,7.75,5.67,0.732,79930000,64001000,0.801,,4815,159530888160,33132064,20260908
225430,"KMPHARMACEUTICAL Co.,Ltd.",케이엠제약,KOSDAQ,화학물질·화학제품,2025,63,33,30,0.476,4.34,4,4.72,1.18,50727272.73,34000000,0.67,,650,4215688750,6485675,20260908
238540,"NanoSolution Co.,Ltd",나노솔루션,KONEX,화학물질·화학제품,2025,63,55,8,0.127,3.23,2.75,6.5,2.364,50014000,48893000,0.978,,103800,116011032000,1117640,20260908
245620,"Eone Diagnomics Genome Center Co., Ltd.",EDGC,KOSDAQ,연구개발업,2025,63,27,36,0.571,3.46,2.6,4.1,1.577,56668205,33884909,0.598,,741,167118555474,225531114,20260908
340810,"SECERN AI Co., Ltd.",시선AI,KOSDAQ,출판업,2025,63,54,9,0.143,3.34,3.33,3.42,1.027,70000000,46000000,0.657,,3895,54333232390,13949482,20260908
094840,Suprema HQ Inc.,슈프리마에이치큐,KOSDAQ,전자부품·컴퓨터·통신장비,2025,62,36,26,0.419,3.26,3.75,2.58,0.688,84000000,57000000,0.679,,11950,117183002550,9806109,20260908
432470,"KNS CO., LTD",케이엔에스,KOSDAQ,기타 기계·장비,2025,62,55,7,0.113,3.48,3.45,3.7,1.072,62818181.82,43857142.86,0.698,,9210,80786030760,8771556,20260908
046310,BG T&A Co.,백금T&A,KOSDAQ,전자부품·컴퓨터·통신장비,2025,62,44,18,0.29,9.84,11,7,0.636,90000000,45000000,0.5,,2220,36449383020,16418641,20260908
000440,"Joong Ang Enervis Co.,Ltd.",중앙에너비스,KOSDAQ,도매·상품중개,2025,62,56,6,0.097,13.81,14.25,9.67,0.679,48410000,27308000,0.564,,12280,76469156400,6227130,20260908
035080,Gradiant Corporation,그래디언트,KOSDAQ,소매업,2025,62,28,34,0.548,2.52,2.75,2.33,0.847,85000000,60000000,0.706,,11850,132413428650,11174129,20260908
037370,"EG Co., Ltd",EG,KOSDAQ,화학물질·화학제품,2025,62,54,8,0.129,6.39,6.8,3.63,0.534,54737986.57,72387462.13,1.322,,3620,31222398640,8624972,20260908
000320,"NOROO HOLDINGS CO., LTD",노루홀딩스,KOSPI,금융업,2025,62,50,12,0.194,6.31,5.67,9,1.587,94000000,91000000,0.968,,17120,227544505120,13291151,20260908
096870,LDTInc.,엘디티,KOSDAQ,전자부품·컴퓨터·통신장비,2025,62,52,10,0.161,7.18,7.48,5.63,0.753,52843115.38,32528600,0.616,,2390,19951717610,8347999,20260908
180400,"Dx & Vx Co., Ltd.",DXVX,KOSDAQ,건축기술·엔지니어링,2025,62,34,28,0.452,3.66,3.58,3.75,1.047,130183000,79774000,0.613,,2330,229340576560,98429432,20260908
207490,"APEX INTEC Co.,LTD.",에이펙스인텍,KONEX,전기장비,2025,61,45,16,0.262,4.73,4.58,5.17,1.129,53931000,38089000,0.706,,6600,23760000000,3600000,20260908
452160,"JNB Co.,Ltd",제이엔비,KOSDAQ,기타 기계·장비,2025,61,56,5,0.082,4.23,4.33,3.11,0.718,50374660.71,31781000,0.631,,3125,30054771875,9617527,20260908
015020,"e-STARCO. CO.,LTD",이스타코,KOSPI,부동산업,2025,61,10,51,0.836,3.86,10.06,2.64,0.262,73765200,29205176.47,0.396,,928,19883142400,21425800,20260908
004650,"Changhae Ethanol Co., Ltd.",창해에탄올,KOSDAQ,음료 제조,2025,61,55,6,0.098,14.43,15.3,6.5,0.425,100599000,54638000,0.543,,9330,85750957050,9190885,20260908
086980,SHOWBOX Corp.,쇼박스,KOSDAQ,영상·오디오 제작,2025,61,18,43,0.705,5.64,4.17,6.25,1.499,72974000,82854000,1.135,,1932,120630216000,62438000,20260908
448780,"Micro-NX Co., Ltd.",마이크로엔엑스,KONEX,의료·정밀·광학기기,2025,61,39,22,0.361,6,5.5,6.9,1.255,44001000,32722000,0.744,,731,1957384080,2677680,20260908
024850,"HLB innoVation Co.,Ltd.",HLB이노베이션,KOSDAQ,전자부품·컴퓨터·통신장비,2025,61,55,6,0.098,11.55,12.3,4.7,0.382,68902000,53019000,0.769,,14590,463284206960,31753544,20260908
024800,"YOOSUNG T&S CO.,LTD",유성티엔에스,KOSDAQ,육상운송,2025,60,53,7,0.117,9.99,10.1,9.2,0.911,57000000,46000000,0.807,,4730,166616000100,35225370,20260908
109070,JOOSUNG CORPORATION,주성코퍼레이션,KOSPI,전자부품·컴퓨터·통신장비,2025,60,35,25,0.417,5.94,7.59,3.63,0.478,54534085.71,29752760,0.546,,1550,81855856500,52810230,20260908
123750,"Alton Co.,Ltd.",알톤,KOSDAQ,기타 운송장비,2025,60,55,5,0.083,8.9,9.1,6.65,0.731,55000000,46000000,0.836,,1740,24045510660,13819259,20260908
194610,"WOOSUNG I.B.CO., LTD.",우성아이비,,기타 제품 제조,2025,60,41,19,0.317,7.03,6.71,7.71,1.149,41909146.34,31657578.95,0.755,,,,,
116100,"Sun Machinery Co.,LTD",태양기계,KONEX,자동차·트레일러,2025,60,48,12,0.2,6.04,5.8,7,1.207,52749000,50427000,0.956,,634,4716951124,7439986,20260908
004270,NAMSUNG CORPORATION,남성,KOSPI,도매·상품중개,2025,60,44,16,0.267,17.18,18.85,12.57,0.667,49683068.18,38198500,0.769,,4985,22732238080,4560128,20260908
109670,"C-SITE Co., Ltd.",씨싸이트,KOSDAQ,의복 제조,2025,60,28,32,0.533,8.83,9.2,8.5,0.924,104000000,63000000,0.606,,5790,33793925580,5836602,20260908
002790,AMOREPACIFIC Holdings Corp.,아모레퍼시픽홀딩스,KOSPI,화학물질·화학제품,2025,60,44,16,0.267,13.4,14.6,10.1,0.692,161000000,113000000,0.702,,26100,1995558498000,76458180,20260908
148780,BECU AI Inc.,비큐AI,KOSDAQ,출판업,2025,60,39,21,0.35,3.2,3,3.58,1.193,49000000,34000000,0.694,,3770,23710076650,6289145,20260908
035460,"Kisan Telecom CO., Ltd.",기산텔레콤,KOSDAQ,전자부품·컴퓨터·통신장비,2025,60,55,5,0.083,13.96,13.72,16.62,1.211,58195000,35421000,0.609,,2275,33943773500,14920340,20260908
026940,Bookook Steel,부국철강,KOSPI,1차 금속,2025,59,56,3,0.051,16.47,17.19,3.02,,53751000,37981000,,fewer than 5 of one sex,2240,44800000000,20000000,20260908
389030,GENINUS Inc.,지니너스,KOSDAQ,연구개발업,2025,59,31,28,0.475,2.71,2.51,2.94,1.171,85645161.29,57892857.14,0.676,,2020,79572387420,39392271,20260908
054920,Hancom WITH Inc.,한컴위드,KOSDAQ,출판업,2025,59,48,11,0.186,3.35,3.2,4,1.25,58000000,47000000,0.81,,3625,102286918625,28217081,20260908
035200,"PLUMB FAST CO., LTD.",프럼파스트,KOSDAQ,고무·플라스틱,2025,59,48,11,0.186,8,8.6,5.4,0.628,46857000,32547000,0.695,,2925,26968444425,9219981,20260908
420570,"J2KBIO Co., Ltd.",제이투케이바이오,KOSDAQ,화학물질·화학제품,2025,59,31,28,0.475,3.28,3.92,2.58,0.658,69121000,41828000,0.605,,8850,51750224550,5847483,20260908
102210,"TRES Co., Ltd.",트레스,,기타 운송장비,2025,59,53,6,0.102,9.96,10.75,3,0.279,60665000,27730000,0.457,,,,,
129890,"ABKO CO., LTD.",앱코,KOSDAQ,전자부품·컴퓨터·통신장비,2025,59,37,22,0.373,3,3,3,1,38000000,33000000,0.868,,990,45090145980,45545602,20260908
123010,"MSDI Co.,Ltd",MSDI,KOSDAQ,전자부품·컴퓨터·통신장비,2025,59,34,25,0.424,5.34,6.32,4,0.633,64308647.06,42956360,0.668,,2560,51752363520,20215767,20260908
332370,"IDP Corp., Ltd.",아이디피,KOSDAQ,전자부품·컴퓨터·통신장비,2025,58,48,10,0.172,7.63,8.3,4.4,0.53,93000000,52000000,0.559,,5360,71147171360,13273726,20260908
247660,"NANOCMS CO., LTD",나노씨엠에스,KOSDAQ,전자부품·컴퓨터·통신장비,2025,58,34,24,0.414,3.51,5.15,1.19,0.231,39000000,17000000,0.436,,3580,15551233600,4343920,20260908
950160,"Kolon TissueGene, Inc.",코오롱티슈진,KOSDAQ,의료용 물질·의약품,2025,58,35,23,0.397,3.28,3.68,2.68,0.728,182657142.86,133260869.57,0.73,,17470,1484428695200,84970160,20260908
001560,"CHEIL GRINDING WHEEL IND CO.,LTD",제일연마,KOSPI,비금속 광물제품,2025,58,44,14,0.241,12.67,14.57,6.7,0.46,67532611,32957744,0.488,,9360,71136000000,7600000,20260908
054180,"MEDICOX Co., Ltd.",메디콕스,KOSDAQ,기타 운송장비,2025,58,39,19,0.328,5.7,6.06,4.97,0.82,50738205.13,35785736.84,0.705,,2295,12686716395,5527981,20260908
361670,"SAMYOUNG S&C CO., LTD.",삼영에스앤씨,KOSDAQ,전자부품·컴퓨터·통신장비,2025,58,41,17,0.293,7.77,6.28,11.36,1.809,51927586.24,32846538.47,0.633,,3530,20006832740,5667658,20260908
424960,"Smart Radar System, Inc.",스마트레이더시스템,KOSDAQ,의료·정밀·광학기기,2025,58,50,8,0.138,3.39,3.33,3.75,1.126,79000000,83000000,1.051,,3750,61819162500,16485110,20260908
101000,"KS Industry Co., Ltd.",KS인더스트리,KOSDAQ,기타 기계·장비,2025,58,47,11,0.19,5.52,5.5,5.58,1.015,6059000,3970000,0.655,,1264,12526855568,9910487,20260908
006580,DaeyangPaperMfg,대양제지공업,,펄프·종이 제조,2025,58,52,6,0.103,11.2,11.14,11.75,1.055,70718686.69,79035442.33,1.118,,,,,
338840,"Y-Biologics, Inc",와이바이오로직스,KOSDAQ,연구개발업,2025,58,24,34,0.586,4.52,4.44,4.57,1.029,72125000,52147058.82,0.723,,8850,136324187550,15403863,20260908
344860,"INNOGENE Co., Ltd.",이노진,KOSDAQ,화학물질·화학제품,2025,58,20,38,0.655,2.92,2,3.4,1.7,48000000,37000000,0.771,,1370,19769100000,14430000,20260908
110020,"JEONJINBIO CO., LTD.",전진바이오팜,KOSDAQ,화학물질·화학제품,2025,57,31,26,0.456,3.69,2.17,5.5,2.535,32056000,21346000,0.666,,1981,17945407522,9058762,20260908
017510,SemyungElectricMachinery,세명전기,KOSDAQ,금속가공제품,2025,57,52,5,0.088,12.86,12.9,12.5,0.969,51000000,45000000,0.882,,7370,112363020000,15246000,20260908
389260,Dae Myoung Energy Co. Ltd.,대명에너지,KOSDAQ,종합 건설,2025,57,43,14,0.246,2.91,3.17,2.12,0.669,76587985.58,41696383.57,0.544,,13020,233270551500,17916325,20260908
039200,OSCOTECInc.,오스코텍,KOSDAQ,의료용 물질·의약품,2025,57,32,25,0.439,5.99,7.67,3.83,0.499,66000000,56000000,0.848,,35050,1340949068800,38258176,20260908
031310,EYESVISION CORPORATION,아이즈비전,KOSDAQ,통신업,2025,57,27,30,0.526,3.59,3.82,3.38,0.885,68777777.78,42066666.67,0.612,,987,29359944537,29746651,20260908
047770,"Codes Combine Co.,Ltd.",코데즈컴바인,KOSDAQ,의복 제조,2025,57,24,33,0.579,2.87,4.2,1.9,0.452,48424861,38430682,0.794,,3750,141909757500,37842602,20260908
290720,"FOODNAMOO, INC.",푸드나무,KOSDAQ,소매업,2025,57,27,30,0.526,2.67,2.66,2.68,1.008,52277000,29643000,0.567,,2710,103384529830,38149273,20260908
115530,"CNPLUS Co., Ltd.",씨엔플러스,KOSDAQ,전자부품·컴퓨터·통신장비,2025,57,45,12,0.211,4.55,3.88,7.06,1.82,48000000,35666666.67,0.743,,2935,25188331425,8582055,20260908
348150,"KoBioLabs, Inc.",고바이오랩,KOSDAQ,연구개발업,2025,57,26,31,0.544,3.69,4.1,3.34,0.815,72699237.15,45306261.42,0.623,,2875,55829305875,19418889,20260908
018120,JinroDistillers,진로발효,KOSDAQ,음료 제조,2025,56,49,7,0.125,8.16,8.18,8,0.978,68434346.94,71462000,1.044,,16620,110043014400,6621120,20260908
090710,"Hyulim ROBOT Co.,Ltd.",휴림로봇,KOSDAQ,기타 기계·장비,2025,56,49,7,0.125,5,5,5,1,45000000,30000000,0.667,,6270,749635111830,119559029,20260908
308430,"Cellbion Co., Ltd",셀비온,KOSDAQ,의료용 물질·의약품,2025,56,27,29,0.518,2.94,3.14,2.75,0.876,60185185.19,42034482.76,0.698,,12760,164671002760,12905251,20260908
236030,Ssial Food Inc.,씨알푸드,KONEX,식료품 제조,2025,56,38,18,0.321,4.47,4.6,4.2,0.913,50000000,38000000,0.76,,2855,5805162860,2033332,20260908
226340,"Bonne Co., Ltd.",본느,KOSDAQ,화학물질·화학제품,2025,56,15,41,0.732,2.44,1.55,2.76,1.781,36892672.53,35063729.24,0.95,,5680,47657949120,8390484,20260908
218150,"MILAE BIORESOURCES CO., LTD.",미래생명자원,KOSDAQ,식료품 제조,2025,56,36,20,0.357,6.59,6.04,7.58,1.255,50277777.78,34500000,0.686,,2030,41444078060,20415802,20260908
354200,"NGeneBio Co., Ltd.",엔젠바이오,KOSDAQ,기타 과학기술 서비스,2025,56,24,32,0.571,3.57,3.88,3.34,0.861,80056000,48116125,0.601,,1390,12421850370,8936583,20260908
012760,"HASCO.CO.,LTD",하스코,,자동차·트레일러,2025,56,54,2,0.036,17.32,17.8,4.3,,48000000,38000000,,fewer than 5 of one sex,,,,
104200,NHN BUGS Corporation,NHN벅스,KOSDAQ,정보서비스업,2025,56,23,33,0.589,7.28,7.33,7.25,0.989,58000000,45484848.48,0.784,,2550,37810252500,14827550,20260908
215600,"SillaJen, Inc.",신라젠,KOSDAQ,연구개발업,2025,56,28,28,0.5,3.35,3.2,3.5,1.094,80000000,84000000,1.05,,2365,327679178860,138553564,20260908
389140,4by4 Inc.,포바이포,KOSDAQ,영상·오디오 제작,2025,56,33,23,0.411,2.96,3,2.9,0.967,64000000,55000000,0.859,,5130,73203740550,14269735,20260908
469610,"INNOTECH Co.,Ltd",이노테크,KOSDAQ,기타 기계·장비,2025,56,48,8,0.143,3.17,3.1,3.6,1.161,56000000,49000000,0.875,,15060,134680074000,8942900,20260908
234070,"A ONE CUBETECH CO., LTD.",에이원큐브텍,KONEX,사업지원 서비스,2025,56,44,12,0.214,6.12,6.67,4.08,0.612,56382000,25891000,0.459,,923,6424728869,6960703,20260908
291810,"Pintel Co.,Ltd.",핀텔,KOSDAQ,출판업,2025,56,40,16,0.286,2.64,2.33,3.42,1.468,56000000,50000000,0.893,,1600,18189939200,11368712,20260908
084180,"Soosung Webtoon co., Ltd.",수성웹툰,KOSDAQ,기타 기계·장비,2025,56,46,10,0.179,4.9,4.97,4.58,0.922,3972608.7,3665000,0.923,,490,8856398670,18074283,20260908
039790,"WINNOVA CO., Ltd.",위노바,,화학물질·화학제품,2025,55,25,30,0.545,5.02,4.2,5.7,1.357,51291000,29906000,0.583,,,,,
023150,"MHETHANOL CO.,LTD",MH에탄올,KOSPI,음료 제조,2025,55,51,4,0.073,10.5,10.92,5.17,,77627000,158645000,,fewer than 5 of one sex,4170,30768453420,7378526,20260908
039740,"Korea Information Engineering Services Co., Ltd",한국정보공학,KOSDAQ,도매·상품중개,2025,55,40,15,0.273,5.22,5.97,3.22,0.539,59000000,27000000,0.458,,3035,24335834895,8018397,20260908
036000,"YeaRimDang Publishing Co., Ltd.",예림당,KOSDAQ,출판업,2025,55,30,25,0.455,8.27,10,6.2,0.62,53000000,48000000,0.906,,2925,67375260225,23034277,20260908
177350,"Vessel Co., Ltd.",베셀,KOSDAQ,고무·플라스틱,2025,55,49,6,0.109,5.99,6.5,1.8,0.277,52000000,44000000,0.846,,1607,15934772557,9915851,20260908
073010,"KSPCO.,LTD",케이에스피,KOSDAQ,기타 기계·장비,2025,55,50,5,0.091,4.73,5,2.08,0.416,74146000,43691000,0.589,,2745,110324981250,40191250,20260908
394420,"RecensMedical, Inc.",리센스메디컬,KOSDAQ,의료·정밀·광학기기,2025,55,42,13,0.236,2.68,2.68,2.67,0.996,56309523.81,46692307.69,0.829,,9550,105047144550,10999701,20260908
151910,"FutureCore Co.,Ltd.",퓨처코어,,전자부품·컴퓨터·통신장비,2025,55,42,13,0.236,6.41,6.33,6.67,1.054,54641815,38538794,0.705,,,,,
054410,"Korea Plasma Technology U Co.,Ltd",케이피티유,KOSDAQ,소매업,2025,55,53,2,0.036,6.08,6,8.17,,50991000,45477000,,fewer than 5 of one sex,3365,19269484060,5726444,20260908
011420,"Galaxia SM, INC.",갤럭시아에스엠,KOSPI,스포츠·오락,2025,54,37,17,0.315,3.04,3.35,2.35,0.701,76000000,44000000,0.579,,1456,40112281664,27549644,20260908
024060,HeunguOil,흥구석유,KOSDAQ,도매·상품중개,2025,54,49,5,0.093,8.52,8.63,7.44,0.862,40771612.24,29250800,0.717,,11990,179850000000,15000000,20260908
049130,HAURI Inc.,하우리,,출판업,2025,54,42,12,0.222,14.31,13.75,16.25,1.182,68000000,58000000,0.853,,,,,
142760,MOA Life Plus Co. Ltd.,모아라이프플러스,KOSDAQ,연구개발업,2025,54,32,22,0.407,3.63,4.42,2.49,0.563,44975000,32088000,0.713,,564,11891088360,21083490,20260908
239340,ESTaid Corp.,이스트에이드,KOSDAQ,정보서비스업,2025,54,26,28,0.519,2.69,3.25,2.17,0.668,44000000,34000000,0.773,,504,13597735536,26979634,20260908
027410,"BGF CO., LTD.",BGF,KOSPI,금융업,2025,54,41,13,0.241,6.39,6.9,4.8,0.696,104000000,74000000,0.712,,3840,367552477440,95716791,20260908
448280,"ECOEYE CO., LTD.",에코아이,KOSDAQ,전문서비스업,2025,54,20,34,0.63,4.18,4.3,4.11,0.956,72981250,46380735.29,0.636,,9380,277939990020,29631129,20260908
235980,"MedPacto, Inc.",메드팩토,KOSDAQ,연구개발업,2025,54,28,26,0.481,3.54,3.43,3.65,1.064,64285714.29,49769230.77,0.774,,2770,94942085170,34275121,20260908
121800,"Vidente Co., Ltd.",비덴트,KOSDAQ,전자부품·컴퓨터·통신장비,2025,54,40,14,0.259,8.63,8.67,8.5,0.98,67000000,31000000,0.463,,3320,256309348520,77201611,20260908
053260,"KEUM KANG STEEL CO., LTD",금강철강,KOSDAQ,1차 금속,2025,54,43,11,0.204,11.66,12.9,6.8,0.527,64540000,37465000,0.58,,6660,124675200000,18720000,20260908
378800,Shaperon Inc.,샤페론,KOSDAQ,의료용 물질·의약품,2025,53,26,27,0.509,2.6,3.24,1.98,0.611,77076923.08,65666666.67,0.852,,510,23583945810,46243031,20260908
162300,"SHIN STEEL CO.,LTD.",신스틸,KOSDAQ,1차 금속,2025,53,38,15,0.283,4.54,5.3,2.6,0.491,65000000,42000000,0.646,,2470,102434313540,41471382,20260908
468530,"PROTEINA CO.,LTD.",프로티나,KOSDAQ,연구개발업,2025,53,28,25,0.472,2.32,2,2.67,1.335,79365000,59510000,0.75,,28600,317607232800,11105148,20260908
419080,"ENJET Co.,LTD",엔젯,KOSDAQ,기타 기계·장비,2025,53,42,11,0.208,4.21,4.55,2.92,0.642,58214285.71,43363636.36,0.745,,5100,55446266700,10871817,20260908
270520,APTN Inc.,앱튼,KOSDAQ,건축기술·엔지니어링,2025,53,38,15,0.283,3.05,3.02,3.11,1.03,59000000,55000000,0.932,,3015,69824125710,23158914,20260908
043220,"TS Nexgen Co., Ltd.",티에스넥스젠,KOSDAQ,기타 기계·장비,2025,53,46,7,0.132,9.08,9.95,3.38,0.34,71706000,77658000,1.083,,1710,28191099330,16486023,20260908
005320,ONTIDE Corp.,온타이드,KOSPI,도매·상품중개,2025,53,28,25,0.472,4.53,5,4,0.8,63000000,44000000,0.698,,1175,40170717875,34187845,20260908
058450,"HANJOO ART Co.,LTD.",한주에이알티,KOSDAQ,영상·오디오 제작,2025,53,31,22,0.415,2.47,3,1.72,0.573,45890129.03,25862727.27,0.564,,1736,9370879392,5397972,20260908
027040,SEOUL ELECTRONICS & TELECOM,서울전자통신,KOSDAQ,전기장비,2025,53,41,12,0.226,8.12,8.1,8.2,1.012,66000000,38000000,0.576,,1761,24509191209,13917769,20260908
217500,"RUSSELL CO., LTD.",러셀,KOSDAQ,기타 기계·장비,2025,52,46,6,0.115,10.77,11.2,7.5,0.67,71685000,38576000,0.538,,1546,49181352000,31812000,20260908
084690,"DAESANG HOLDINGS CO., LTD",대상홀딩스,KOSPI,금융업,2025,52,39,13,0.25,3.6,3.7,3.3,0.892,107000000,94000000,0.879,,7960,288251802480,36212538,20260908
080010,"eSANGNetworksCo.,Ltd",이상네트웍스,KOSDAQ,도매·상품중개,2025,52,52,,,7.12,7.12,,,66313346.15,,,not reported,7280,71599316880,9835071,20260908
001430,SeAH Besteel Holdings Corporation,세아베스틸지주,KOSPI,1차 금속,2025,52,28,24,0.462,3.42,3.42,3.42,1,125000000,110000000,0.88,,41450,1486484832550,35862119,20260908
027360,"AJU IB INVESTMENT CO., LTD.",아주IB투자,KOSDAQ,금융업,2025,52,36,16,0.308,7.32,8.7,4.2,0.483,169000000,77000000,0.456,,3210,388876753260,121145406,20260908
089150,Korea Computer Terminal Inc.,케이씨티,KOSDAQ,컴퓨터 프로그래밍·SI,2025,52,47,5,0.096,7.72,7.67,8.22,1.072,46218787.23,43786800,0.947,,1831,31401650000,17150000,20260908
457600,"VECT Co., Ltd.",벡트,KOSDAQ,전자부품·컴퓨터·통신장비,2025,52,37,15,0.288,6.27,8,2,0.25,62674000,40034000,0.639,,4760,65247700000,13707500,20260908
471820,"Cellromax Science Co., Ltd.",셀로맥스사이언스,KOSDAQ,식료품 제조,2025,52,16,36,0.692,2.71,3.87,2.19,0.566,50000000,41000000,0.82,,4055,45833174345,11302879,20260908
013810,Speco,스페코,KOSDAQ,기타 기계·장비,2025,52,47,5,0.096,13.91,14.13,11.8,0.835,70920255.32,48355000,0.682,,1572,23038398840,14655470,20260908
091440,"HanWool Materials Science, Inc.",한울소재과학,KOSDAQ,전자부품·컴퓨터·통신장비,2025,52,43,9,0.173,2.77,2.83,2.5,0.883,50858000,46135000,0.907,,2800,96995290000,34641175,20260908
304360,"S.Biomedics Co., Ltd.",에스바이오메딕스,KOSDAQ,의료용 물질·의약품,2025,52,24,28,0.538,5.17,5.75,4.67,0.812,46301000,39033000,0.843,,21900,271234303200,12385128,20260908
363250,"Genesystem Co., Ltd",진시스템,KOSDAQ,의료·정밀·광학기기,2025,52,24,28,0.538,5.01,6.11,4.07,0.666,71599000,46371000,0.648,,4010,34118611820,8508382,20260908
069110,"Yuhan Cosmetics Co., Ltd.",유한코스메틱,,화학물질·화학제품,2025,52,32,20,0.385,2.45,3.6,0.6,0.167,44375000,36228000,0.816,,,,,
444530,"Simplatform Co., Ltd.",심플랫폼,KOSDAQ,출판업,2025,52,39,13,0.25,2.95,2.95,2.96,1.003,47638846.15,42583384.62,0.894,,4420,28428494120,6431786,20260908
011000,"GeneOne Life Science, Inc.",진원생명과학,KOSPI,의료용 물질·의약품,2025,52,32,20,0.385,7.73,9.28,5.25,0.566,76125000,61500000,0.808,,2670,48531471270,18176581,20260908
069140,"Nuriplan Co.,Ltd.",누리플랜,KOSDAQ,금속가공제품,2025,51,43,8,0.157,6.7,7.34,3.29,0.448,57000000,35000000,0.614,,1803,27217734612,15095804,20260908
310200,ANIPLUS INC.,애니플러스,KOSDAQ,영상·오디오 제작,2025,51,27,24,0.471,4.12,4.4,3.8,0.864,61099000,65984000,1.08,,2035,106151371260,52162836,20260908
009970,"Youngone Holdings Co., Ltd",영원무역홀딩스,KOSPI,금융업,2025,51,27,24,0.471,8.39,5.33,11.83,2.22,106000000,89000000,0.84,,171600,2222874997200,12953817,20260908
013340,"NEW ASIA CO.,LTD.",뉴아세아,,1차 금속,2025,51,39,12,0.235,3.06,3.2,2.6,0.813,57000000,56000000,0.982,,,,,
002810,"SAMYUNG TRADING CO.,LTD",삼영무역,KOSPI,도매·상품중개,2025,51,38,13,0.255,12.58,15.1,5.2,0.344,74000000,33000000,0.446,,21850,403502813800,18466948,20260908
064510,"UNECO CO.,LTD.",유네코,,기타 기계·장비,2025,51,45,6,0.118,4.82,4.99,3.58,0.717,56223822.22,32067833.33,0.57,,,,,
459550,"ALT Co., Ltd.",알트,KOSDAQ,전자부품·컴퓨터·통신장비,2025,51,36,15,0.294,4.02,4.01,4.04,1.007,117194444.44,81333333.33,0.694,,2705,68222158505,25220761,20260908
290660,"Dynamic solution Co.,Ltd.",다이나믹솔루션,KOSDAQ,의료·정밀·광학기기,2025,51,36,15,0.294,2.86,3.27,1.87,0.572,60638194.44,29809066.67,0.492,,1602,68626296576,42837888,20260908
460940,"P&S Robotics Co., Ltd.",피앤에스로보틱스,KOSDAQ,의료·정밀·광학기기,2025,51,47,4,0.078,3.43,3.32,4.7,,38452670.38,38631576.5,,fewer than 5 of one sex,5000,67276400000,13455280,20260908
294090,"EOFlow Co., Ltd.",이오플로우,KOSDAQ,의료·정밀·광학기기,2025,51,40,11,0.216,4.48,4.5,4.4,0.978,60742025,34032454.55,0.56,,1490,62295566450,41809105,20260908
227420,DOBU Inc.,도부,KONEX,섬유제품 제조,2025,51,36,15,0.294,8.06,6,13,2.167,48579560,49300377,1.015,,789,30017118390,38044510,20260908
489460,"BIOBIJOU Co., Ltd.",바이오비쥬,KOSDAQ,화학물질·화학제품,2025,51,22,29,0.569,1.53,1.4,1.63,1.164,57409090.91,43827586.21,0.763,,10780,159040433860,14753287,20260908
023440,J Steel Company Holdings Inc.,제이스코홀딩스,KOSDAQ,1차 금속,2025,51,44,7,0.137,4.25,4.5,2.67,0.593,53692000,45586000,0.849,,521,46964378481,90142761,20260908
009810,"MDSsphere Co., Ltd.",MDS스피어,KOSPI,도매·상품중개,2025,51,39,12,0.235,5.54,5.78,4.77,0.825,52717948.72,39250000,0.745,,1875,29530503750,15749602,20260908
034310,"NICE Holdings Co., Ltd",NICE,KOSPI,전문서비스업,2025,50,43,7,0.14,10.47,11,7.2,0.655,162553000,69245000,0.426,,12760,469021323320,36757157,20260908
147830,"CHERYONG INDUSTRIAL CO.,LTD.",제룡산업,KOSDAQ,금속가공제품,2025,50,39,11,0.22,10.54,9.9,12.8,1.293,90758000,67490000,0.744,,6880,137600000000,20000000,20260908
021080,"Atinum Investment Co., Ltd",에이티넘인베스트,KOSDAQ,금융업,2025,50,31,19,0.38,4.71,4.6,4.9,1.065,545000000,149000000,0.273,,2155,103440000000,48000000,20260908
115450,"HLB Therapeutics Co.,Ltd.",HLB테라퓨틱스,KOSDAQ,도매·상품중개,2025,50,36,14,0.28,2.67,2.58,2.9,1.124,52981861.11,37486428.57,0.708,,2010,178046019090,88580109,20260908
091970,"LSKAIROBOT CO.,LTD",LSK아이로봇,KOSDAQ,고무·플라스틱,2025,50,43,7,0.14,5.72,6,4,0.667,45249000,36229000,0.801,,3900,29385642000,7534780,20260908
150840,"IntroMedic Co., Ltd.",인트로메딕,,의료·정밀·광학기기,2025,50,29,21,0.42,6.42,6,7,1.167,63000000,37000000,0.587,,,,,
115500,Korea Computer & Systems Inc.,케이씨에스,KOSDAQ,컴퓨터 프로그래밍·SI,2025,49,35,14,0.286,8.63,9.21,7.19,0.781,42285714.29,116928571.43,2.765,,8830,105960000000,12000000,20260908
121850,"KOYJ. CO.,LTD",코이즈,KOSDAQ,고무·플라스틱,2025,49,38,11,0.224,6.29,6.22,6.51,1.047,46764000,38386000,0.821,,200,1011399800,5056999,20260908
208890,"MiraeN Edupartner Co., Ltd.",미래엔에듀파트너,KONEX,교육서비스업,2025,49,10,39,0.796,2.43,2.17,2.5,1.152,35909000,28796000,0.802,,903,3616984560,4005520,20260908
185490,"EyeGene,Inc",아이진,KOSDAQ,연구개발업,2025,49,28,21,0.429,4.81,6.07,3.14,0.517,68821428.57,44952380.95,0.653,,2090,90350248560,43229784,20260908
069330,"U.I.DISPLAY CO.,LTD.",유아이디,KOSDAQ,전자부품·컴퓨터·통신장비,2025,49,43,6,0.122,6.36,6.41,5.99,0.934,49005604.65,38619166.67,0.788,,1260,21360243240,16952574,20260908
261780,ARIBIOLAB,아리바이오LAB,KOSDAQ,연구개발업,2025,49,14,35,0.714,3.84,4.2,3.7,0.881,77000000,58000000,0.753,,3350,97002519600,28955976,20260908
257370,"People & Technology Ms, Inc.",피엔티엠에스,KOSDAQ,기타 기계·장비,2025,49,42,7,0.143,3.93,4,3.5,0.875,55000000,44000000,0.8,,2100,26260208100,12504861,20260908
066430,"I-ROBOTICS,Co.,Ltd.",아이로보틱스,KOSDAQ,도매·상품중개,2025,49,44,5,0.102,2.79,2.77,3,1.083,51688113.64,53894000,1.043,,2060,80656160560,39153476,20260908
495810,"UVC Co., Ltd.",유비씨,KONEX,출판업,2025,49,35,14,0.286,2.18,2.42,1.58,0.653,56000000,37000000,0.661,,13120,32800000000,2500000,20260908
023900,"Pungguk Ethanol Co.,Ltd.",풍국주정,KOSDAQ,음료 제조,2025,49,44,5,0.102,11.33,10,23,2.3,58144275,54575632,0.939,,7300,91980000000,12600000,20260908
299660,"Cellid Co., Ltd.",셀리드,KOSDAQ,연구개발업,2025,49,24,25,0.51,3.2,3.67,2.75,0.749,55016000,44538000,0.81,,2335,68889451295,29502977,20260908
226330,"SyntekaBio,Inc.",신테카바이오,KOSDAQ,출판업,2025,49,39,10,0.204,4.06,4.25,3.33,0.784,60058000,66505000,1.107,,1327,32190996325,24258475,20260908
083660,"CSA COSMIC CO., LTD.",CSA 코스믹,KOSDAQ,화학물질·화학제품,2025,49,19,30,0.612,2.29,3.67,1.42,0.387,54000000,44000000,0.815,,1512,21498417360,14218530,20260908
453860,"ASTech Co., Ltd.",에이에스텍,KOSDAQ,화학물질·화학제품,2025,48,41,7,0.146,3.21,2.9,5,1.724,56264000,54825000,0.974,,8190,52779824370,6444423,20260908
054620,APS Inc.,APS,KOSDAQ,금융업,2025,48,34,14,0.292,2.77,2.75,2.83,1.029,68000000,48000000,0.706,,3915,72013375215,18394221,20260908
040350,"CreoSG Co.,Ltd.",크레오에스지,KOSDAQ,컴퓨터 프로그래밍·SI,2025,48,30,18,0.375,9.22,10.73,6.7,0.624,71304866.67,34775500,0.488,,4025,79921188900,19856196,20260908
066910,"SONOKONGCO.,LTD.",손오공,KOSDAQ,도매·상품중개,2025,48,37,11,0.229,5.47,5.58,5.08,0.91,51091000,39307000,0.769,,1951,30019319032,15386632,20260908
456160,"G2GBIO, Inc.",지투지바이오,KOSDAQ,의료용 물질·의약품,2025,48,28,20,0.417,3.38,3.51,3.19,0.909,122285714.29,129800000,1.061,,37250,619446118500,16629426,20260908
267250,"HD HYUNDAI CO.,LTD.",HD현대,KOSPI,금융업,2025,48,38,10,0.208,2.72,2.7,2.8,1.037,226248000,122645000,0.542,,246500,19471795452500,78993085,20260908
351320,"Nexa Dynamics Co., Ltd.",넥사다이내믹스,KOSDAQ,기타 기계·장비,2025,48,42,6,0.125,2.11,2.33,0.58,0.249,48198142.86,25388000,0.527,,5000,148493210000,29698642,20260908
042940,"Sangji Construction, Inc.",상지건설,KOSDAQ,종합 건설,2025,48,37,11,0.229,6.37,6.76,5.05,0.747,66060135.14,42998545.45,0.651,,5950,40630836400,6828712,20260908
177900,3ALogics. Inc.,쓰리에이로직스,KOSDAQ,전자부품·컴퓨터·통신장비,2025,48,37,11,0.229,6.46,6.59,6.02,0.914,61000000,51090909.09,0.838,,3610,34755636000,9627600,20260908
060900,"Agent AI Co.,Ltd.",에이전트AI,KOSDAQ,전기·가스·증기,2025,48,42,6,0.125,2.59,2.74,1.54,0.562,42101809.52,28264000,0.671,,3515,23001407790,6543786,20260908
317530,"Episode Company Co., Ltd.",에피소드컴퍼니,KOSDAQ,영상·오디오 제작,2025,48,21,27,0.563,2.97,2.89,3.04,1.052,41920666.67,36631888.89,0.874,,2925,51172529850,17494882,20260908
123690,"HANKOOK COSMETICS CO.,LTD.",한국화장품,KOSPI,도매·상품중개,2025,47,19,28,0.596,9.43,10.92,8.42,0.771,79000000,52000000,0.658,,6320,101549760000,16068000,20260908
016710,"DAESUNG HOLDINGS CO., LTD.",대성홀딩스,KOSPI,전문서비스업,2025,47,30,17,0.362,8.84,10.89,5.21,0.478,89200000,44000000,0.493,,6960,111982634640,16089459,20260908
065150,Daesan F&B Inc.,대산F&B,KOSDAQ,도매·상품중개,2025,47,29,18,0.383,3.29,3.36,3.18,0.946,48322000,26512000,0.549,,1411,22488856640,15938240,20260908
348080,Quratis Inc.,큐라티스,KOSDAQ,연구개발업,2025,47,26,21,0.447,2.52,2.41,2.66,1.104,66000000,49000000,0.742,,2700,34634933100,12827753,20260908
060480,"KUKIL METAL CO., LTD",국일신동,KOSDAQ,1차 금속,2025,47,45,2,0.043,5.83,6,2,,50000000,34000000,,fewer than 5 of one sex,1609,17843810000,11090000,20260908
037400,"WOOREE ENTERPRISE CO.,LTD",우리엔터프라이즈,KOSDAQ,도매·상품중개,2025,47,31,16,0.34,5.87,6.58,4.5,0.684,55000000,37000000,0.673,,3860,20244422340,5244669,20260908
004870,Tway Holdings Incorporation,티웨이홀딩스,KOSPI,비금속 광물제품,2025,47,39,8,0.17,4.19,4.5,2.7,0.6,40000000,27000000,0.675,,1137,25733377626,22632698,20260908
036710,"SIMMTECH HOLDINGS Co., Ltd.",심텍홀딩스,KOSDAQ,전문서비스업,2025,47,35,12,0.255,10.39,11.1,8.3,0.748,74156000,53548000,0.722,,3910,206556518140,52827754,20260908
250000,"BORATR CO., Ltd.",보라티알,KOSDAQ,도매·상품중개,2025,47,27,20,0.426,2.89,2.68,3.17,1.183,57666666.67,41050000,0.712,,5840,39424280720,6750733,20260908
221980,"KDCHEM CO., LTD.",케이디켐,KOSDAQ,화학물질·화학제품,2025,47,41,6,0.128,9.95,10.4,6.9,0.663,83000000,74000000,0.892,,9280,37442944000,4034800,20260908
002420,"Wooyang P&L Co.,Ltd.",우양피앤엘,KOSPI,소매업,2025,47,32,15,0.319,3.77,4.47,2.28,0.51,33074375,31883866.67,0.964,,5910,184202194440,31167884,20260908
087260,"MOBILE APPLIANCE, INC.",모바일어플라이언스,KOSDAQ,출판업,2025,47,35,12,0.255,9.72,11,6,0.545,67000000,41000000,0.612,,247,8040556667,32552861,20260908
006200,"KEC HOLDINGS CO.,LTD",한국전자홀딩스,KOSPI,금융업,2025,46,33,13,0.283,6.02,4.7,9.38,1.996,64146000,59097000,0.921,,1777,16633834179,9360627,20260908
008120,EMSONIC CORPORATION,엠소닉,,전자부품·컴퓨터·통신장비,2025,46,37,9,0.196,8.39,8.9,6.3,0.708,52000000,38000000,0.731,,,,,
065690,"PAKERS CO., Ltd.",파커스,KOSDAQ,고무·플라스틱,2025,46,30,16,0.348,12.78,14.6,9.38,0.642,42140066.67,36409125,0.864,,1846,22178779922,12014507,20260908
900140,"LVMC Holdings CO,.LTD",엘브이엠씨,KOSPI,자동차 판매,2025,46,37,9,0.196,7.66,8.08,5.92,0.733,84463801,66326652,0.785,,1202,232274999264,193240432,20260908
405000,"Plasmapp Co., Ltd.",플라즈맵,KOSDAQ,의료·정밀·광학기기,2025,46,38,8,0.174,2.72,2.5,3.75,1.5,70000000,34000000,0.486,,3370,18108802840,5373532,20260908
464500,Iron Device Corp.,아이언디바이스,KOSDAQ,전자부품·컴퓨터·통신장비,2025,46,37,9,0.196,3.81,3.5,5.08,1.451,76000000,67000000,0.882,,1677,23466702051,13993263,20260908
035290,"Gold&S Co.,Ltd",골드앤에스,KOSDAQ,출판업,2025,46,12,34,0.739,2.39,1.92,2.56,1.333,46173000,31827000,0.689,,1150,5482795200,4767648,20260908
086060,"GeneBioTechCo.,Ltd.",진바이오텍,KOSDAQ,도매·상품중개,2025,45,34,11,0.244,7.03,7.1,6.8,0.958,46322000,39925000,0.862,,4760,40986394120,8610587,20260908
076610,"Haesung Optics Co.,Ltd",해성옵틱스,KOSDAQ,의료·정밀·광학기기,2025,45,32,13,0.289,2.7,2.9,2.2,0.759,6744000,7686000,1.14,,1196,70846471280,59236180,20260908
003030,SeAH Steel Holdings Corporation,세아제강지주,KOSPI,금융업,2025,45,25,20,0.444,4.16,4.2,4.1,0.976,114000000,83000000,0.728,,106300,440258139100,4141657,20260908
041500,"DBL Co., Ltd.",디비엘,,의료용 물질·의약품,2025,45,41,4,0.089,9.05,9.08,8.73,,50926000,49638000,,fewer than 5 of one sex,,,,
217880,"TILON Co.,Ltd.",틸론,KONEX,출판업,2025,45,32,13,0.289,2.45,2.83,1.5,0.53,44000000,28000000,0.636,,1046,11220745340,10727290,20260908
065770,CS CORPORATION,CS,KOSDAQ,전자부품·컴퓨터·통신장비,2025,45,38,7,0.156,5.55,5.49,5.86,1.067,71000000,32000000,0.451,,1210,12723227440,10515064,20260908
348030,MOBIRIX Corporation,모비릭스,KOSDAQ,출판업,2025,45,30,15,0.333,3.89,4.25,3.17,0.746,64883000,49119000,0.757,,2975,28571305000,9603800,20260908
134060,"e-future.Co.,Ltd.",이퓨쳐,KOSDAQ,출판업,2025,45,20,25,0.556,9.92,11.7,8.5,0.726,56042000,47373000,0.845,,5490,26183182500,4769250,20260908
293780,Aptabio Therapeutics Inc.,압타바이오,KOSDAQ,연구개발업,2025,45,17,28,0.622,2.74,3.67,2.17,0.591,63209000,54322000,0.859,,6420,180359660100,28093405,20260908
443670,SPSoft Inc.,에스피소프트,KOSDAQ,컴퓨터 프로그래밍·SI,2025,45,33,12,0.267,6.97,7.5,5.5,0.733,63000000,53000000,0.841,,3910,93881305240,24010564,20260908
267080,"Sevenbrau Co., Ltd.",세븐브로이맥주,KONEX,음료 제조,2025,45,32,13,0.289,1.51,1.17,2.33,1.991,43000000,35000000,0.814,,486,5769504288,11871408,20260908
234030,"SYNIC SOLUTION CO., LTD.",싸이닉솔루션,KOSDAQ,전자부품·컴퓨터·통신장비,2025,45,32,13,0.289,5.81,5.83,5.75,0.986,93000000,64000000,0.688,,2920,68926600000,23605000,20260908
105330,"KNW Co., Ltd.",케이엔더블유,KOSDAQ,자동차·트레일러,2025,45,32,13,0.289,6.76,7.75,4.33,0.559,57000000,39000000,0.684,,6590,105568636800,16019520,20260908
032860,"The Lamy Co., Ltd.",더라미,KOSDAQ,폐기물 수집·처리,2025,45,11,34,0.756,1.85,1.2,2.06,1.717,57248909.09,46974941.18,0.821,,2975,24035536700,8079172,20260908
066790,"KOREA CABLE T.V CHUNG-BUK SYSTEM CO., LTD.",씨씨에스,KOSDAQ,방송업,2025,45,36,9,0.2,6.2,6.83,3.67,0.537,52362000,36392000,0.695,,2205,97355245995,44152039,20260908
208850,"EB TECH CO.,LTD.",이비테크,KONEX,전기장비,2025,44,36,8,0.182,8.15,8.4,7,0.833,61000000,59000000,0.967,,5100,14383275000,2820250,20260908
051780,"CUROHOLDINGS Co., Ltd.",큐로홀딩스,KOSDAQ,소매업,2025,44,27,17,0.386,5.03,6.22,3.15,0.506,49820814.81,30914176.47,0.621,,2500,19000060000,7600024,20260908
389680,"UDMTEK Co.,Ltd.",유디엠텍,KOSDAQ,출판업,2025,44,37,7,0.159,2.66,2.58,3.08,1.194,47000000,39000000,0.83,,1977,16450010061,8320693,20260908
001230,"DONGKUK HOLDINGS CO.,LTD.",동국홀딩스,KOSPI,금융업,2025,44,33,11,0.25,12.73,13.32,10.97,0.824,86000000,69000000,0.802,,1971,306505706265,155507715,20260908
084990,"Helixmith Co., Ltd",헬릭스미스,KOSDAQ,연구개발업,2025,44,26,18,0.409,3.9,3.37,4.66,1.383,64882076.92,39193333.33,0.604,,3010,138739318970,46092797,20260908
138360,"NRobotics Co., Ltd.",앤로보틱스,KOSDAQ,기타 기계·장비,2025,44,42,2,0.045,5.11,5.2,3.2,,51944000,43557000,,fewer than 5 of one sex,1676,147444313384,87973934,20260908
052670,"CHEIL BIO CO., LTD.",제일바이오,,의료용 물질·의약품,2025,44,27,17,0.386,8.05,7.43,9.03,1.215,55221000,58648000,1.062,,,,,
001940,KISCO Holdings Corp.,KISCO홀딩스,KOSPI,1차 금속,2025,44,36,8,0.182,15.93,16.66,12.63,0.758,111000000,65000000,0.586,,25300,358662414000,14176380,20260908
025620,"CHA AI Healthkare Co.,Ltd.",차AI헬스케어,KOSPI,화학물질·화학제품,2025,44,25,19,0.432,3.14,2.69,3.74,1.39,50253000,39434000,0.785,,4645,84557454585,18203973,20260908
447690,"AIOBIO Co., Ltd.",아이오바이오,KONEX,의료·정밀·광학기기,2025,44,28,16,0.364,2.71,2.92,2.33,0.798,53510000,39822000,0.744,,2045,5670286020,2772756,20260908
291650,CHOOLIP & SCIENCES Inc,츌립앤사이언스,KOSDAQ,연구개발업,2025,44,24,20,0.455,3.13,2.86,3.46,1.21,61791666.67,44550000,0.721,,1620,49441786020,30519621,20260908
002410,"BUMYANG CONSTRUCTION CO.,LTD",범양건영,KOSPI,종합 건설,2025,43,37,6,0.14,7.36,7.41,7.07,0.954,61535274,50691663.33,0.824,,1935,53173451700,27479820,20260908
047820,"CHOROKBAEM MEDIA CO.,LTD.",초록뱀미디어,KOSDAQ,영상·오디오 제작,2025,43,26,17,0.395,3.32,4.35,1.74,0.4,73535846.15,34754705.88,0.473,,3140,76785340200,24453930,20260908
004590,KoreaFurniture,한국가구,KOSDAQ,소매업,2025,43,22,21,0.488,5.84,6.25,5.42,0.867,56000000,55000000,0.982,,5030,75450000000,15000000,20260908
304840,"PeopleBio, Inc.",피플바이오,KOSDAQ,의료용 물질·의약품,2025,43,18,25,0.581,6.42,7,6,0.857,69000000,54000000,0.783,,561,13643890260,24320660,20260908
308080,ViGenCell Inc.,바이젠셀,KOSDAQ,연구개발업,2025,43,16,27,0.628,4.13,4.74,3.77,0.795,84250000,87407407.41,1.037,,6680,136935056800,20499260,20260908
008110,"DAIDONG ELECTRONICS.,LTD",대동전자,,전자부품·컴퓨터·통신장비,2025,43,37,6,0.14,11.16,12,6,0.5,62223000,37173000,0.597,,,,,
093520,MAKUS Inc.,매커스,KOSDAQ,도매·상품중개,2025,43,34,9,0.209,11.25,11.4,10.7,0.939,131000000,100000000,0.763,,26300,313018313100,11901837,20260908
287840,"IntoCell, Inc.",인투셀,KOSDAQ,연구개발업,2025,43,20,23,0.535,4.08,3.83,4.29,1.12,58327300,59890782.61,1.027,,17520,263184739200,15021960,20260908
070300,QuantumRail Inc.,퀀텀레일,KOSDAQ,출판업,2025,43,33,10,0.233,4.57,4.42,5.08,1.149,73000000,59000000,0.808,,1540,54708082660,35524729,20260908
044380,"JOOYONTECH CO.,LTD.",주연테크,KOSPI,전자부품·컴퓨터·통신장비,2025,43,34,9,0.209,10.37,11,8,0.727,52240000,43110000,0.825,,829,11520045964,13896316,20260908
065560,"Metis Co., Ltd.",메티스,,인쇄·기록매체,2025,43,40,3,0.07,5.57,5.6,5.2,,64000000,45000000,,fewer than 5 of one sex,,,,
195990,"RootK Co., Ltd.",루트K,KOSDAQ,기타 기계·장비,2025,43,32,11,0.256,7.7,8.81,4.49,0.51,57254,59758,1.044,,1276,20783327224,16287874,20260908
241840,"ASTORY Co., Ltd.",에이스토리,KOSDAQ,영상·오디오 제작,2025,42,15,27,0.643,4.65,3.8,5.12,1.347,79697333.33,53713000,0.674,,2435,23229885390,9539994,20260908
285490,"NOVATECH Co., Ltd.",노바텍,KOSDAQ,기타 제품 제조,2025,42,34,8,0.19,2.87,2.69,3.61,1.342,133000000,71000000,0.534,,11780,124583289180,10575831,20260908
004150,"Hansol Holdings Co., Ltd.",한솔홀딩스,KOSPI,금융업,2025,42,34,8,0.19,9.38,9,11,1.222,152000000,83000000,0.546,,3510,144003436200,41026620,20260908
201490,"ME2ON CO., LTD",미투온,KOSDAQ,출판업,2025,42,26,16,0.381,2.93,3.2,2.5,0.781,65000000,47000000,0.723,,2540,83118264040,32723726,20260908
159910,"EcoGlow Co., Ltd.",에코글로우,KOSDAQ,화학물질·화학제품,2025,42,23,19,0.452,4.84,3.8,6.1,1.605,52000000,34000000,0.654,,3170,33180697490,10467097,20260908
383800,LX Holdings Corp.,LX홀딩스,KOSPI,금융업,2025,42,33,9,0.214,2.76,2.67,3.08,1.154,173000000,123000000,0.711,,8150,621687623500,76280690,20260908
139670,KineMaster Corporation,키네마스터,KOSDAQ,출판업,2025,42,34,8,0.19,5.06,5.21,4.42,0.848,74000000,40000000,0.541,,1948,27503441880,14118810,20260908
020760,"ILJIN DISPLAY CO.,LTD.",일진디스플,KOSPI,전자부품·컴퓨터·통신장비,2025,42,36,6,0.143,6.41,6.15,8,1.301,57000000,39000000,0.684,,902,55503470462,61533781,20260908
007120,"MiraeING.Co.,Ltd.",미래아이앤지,KOSPI,컴퓨터 프로그래밍·SI,2025,42,28,14,0.333,6.79,7.22,5.93,0.821,56739750,41554571.43,0.732,,1092,29836840488,27323114,20260908
258610,"CAELUM Co., Ltd.",케일럼,KOSDAQ,금속가공제품,2025,42,32,10,0.238,3.28,3.59,2.3,0.641,56156250,26200000,0.467,,1166,42541583458,36485063,20260908
462980,Aiji net Inc.,아이지넷,KOSDAQ,정보서비스업,2025,42,27,15,0.357,1.54,1.7,1.25,0.735,75514886,79729064,1.056,,1550,28263377350,18234437,20260908
270210,SR biotek Inc.,에스알바이오텍,KONEX,화학물질·화학제품,2025,41,16,25,0.61,1.4,1.25,1.5,1.2,45258000,45304000,1.001,,12450,21307527600,1711448,20260908
245450,"CNSLINK Co., Ltd",씨앤에스링크,KONEX,전자부품·컴퓨터·통신장비,2025,41,31,10,0.244,7.44,8,5.7,0.713,59000000,41000000,0.695,,1990,3144120400,1579960,20260908
054780,"KEYEAST Co., Ltd.",키이스트,KOSDAQ,영상·오디오 제작,2025,41,21,20,0.488,4.59,3.58,5.66,1.581,77983619.05,45630400,0.585,,1396,27442279028,19657793,20260908
317860,"Nordmason Co.,LTD",노드메이슨,KONEX,화학물질·화학제품,2025,41,11,30,0.732,2.73,4.25,2.17,0.511,60214000,32603000,0.541,,4000,18052860000,4513215,20260908
074430,"AMINOLOGICS CO.,LTD.",아미노로직스,KOSDAQ,의료용 물질·의약품,2025,41,28,13,0.317,5.86,5.7,6.2,1.088,75000000,57000000,0.76,,1105,97395055810,88140322,20260908
041590,"Flask Co., Ltd.",플래스크,KOSDAQ,전문직별 공사,2025,41,26,15,0.366,3.24,3.44,2.9,0.843,87104076.92,56168000,0.645,,2370,116064014460,48972158,20260908
060560,"HC HomeCenter Co.,Ltd",HC홈센타,KOSDAQ,도매·상품중개,2025,41,30,11,0.268,10.38,11.17,8.24,0.738,47917566.67,28036636.36,0.585,,1983,50344405983,25388001,20260908
493280,IMBiologics Corp.,아이엠바이오로직스,KOSDAQ,연구개발업,2025,41,17,24,0.585,1.94,1.74,2.09,1.201,75973176.47,76313000,1.004,,15400,228482854600,14836549,20260908
136660,"QMC Co., Ltd.",큐엠씨,KONEX,기타 기계·장비,2025,41,34,7,0.171,7.92,7.9,8,1.013,55000000,40000000,0.727,,2435,5748913250,2360950,20260908
012600,"CHUNGHO ICT CO.,LTD.",청호ICT,,기타 기계·장비,2025,41,29,12,0.293,6.59,7.97,3.25,0.408,52089241.38,39293750,0.754,,,,,
079190,"KESPION Co., Ltd.",케스피온,KOSDAQ,전자부품·컴퓨터·통신장비,2025,41,33,8,0.195,8.95,9.29,7.57,0.815,54749000,40046500,0.731,,1261,12091575158,9588878,20260908
331920,"Celemics, Inc.",셀레믹스,KOSDAQ,의료용 물질·의약품,2025,41,18,23,0.561,4.96,6.46,3.78,0.585,76833333.33,47434782.61,0.617,,13990,156429954450,11181555,20260908
411080,SANDS LAB Inc.,샌즈랩,KOSDAQ,출판업,2025,41,26,15,0.366,2.62,2.84,2.24,0.789,73994269.23,55586000,0.751,,4195,64047741410,15267638,20260908
396470,"WOT.CO.,LTD.",워트,KOSDAQ,기타 기계·장비,2025,41,36,5,0.122,6.34,6.3,6.6,1.048,57388000,50181000,0.874,,6630,106875600000,16120000,20260908
002450,"SAMICK MUSICAL INSTRUMENTS CO.,LTD",삼익악기,KOSPI,기타 제품 제조,2025,41,32,9,0.22,8.93,9.3,7.6,0.817,84000000,45000000,0.536,,1163,105287454145,90530915,20260908
286750,"NanoSilikhan Advanced Materials Co., Ltd.",나노실리칸첨단소재,KOSDAQ,화학물질·화학제품,2025,41,30,11,0.268,3.83,3.65,4.33,1.186,48636800,49809090.91,1.024,,2620,41957801360,16014428,20260908
000040,"KR MOTORS CO., LTD",KR모터스,KOSPI,기타 운송장비,2025,41,35,6,0.146,17.66,20,4,0.2,48508000,44569000,0.919,,1177,20332717372,17275036,20260908
291230,Com2uS N Corporation,컴투스엔,KOSDAQ,사업시설 관리,2025,41,16,25,0.61,2.69,3.6,2.1,0.583,66793000,51344000,0.769,,2535,60868470585,24011231,20260908
002620,JEIL PHARMA HOLDINGS INC.,제일파마홀딩스,KOSPI,전문서비스업,2025,40,25,15,0.375,11.56,13.1,9,0.687,91799000,42713000,0.465,,7620,121716965100,15973355,20260908
030350,"Dragonfly GF Co., Ltd.",드래곤플라이,KOSDAQ,출판업,2025,40,29,11,0.275,4.34,4.52,3.86,0.854,57000000,46000000,0.807,,973,15171092867,15592079,20260908
191420,"Tego Science, Inc.",테고사이언스,KOSDAQ,의료용 물질·의약품,2025,40,20,20,0.5,4.05,2.89,5.22,1.806,47475172,48554396,1.023,,7480,60654078320,8108834,20260908
382150,"Oncocross Co.,Ltd.",온코크로스,KOSDAQ,연구개발업,2025,40,28,12,0.3,1.61,1.59,1.65,1.038,85083000,52356500,0.615,,3390,44227140060,13046354,20260908
233990,"JILGYUNGYI CO.,LTD.",질경이,KONEX,화학물질·화학제품,2025,40,17,23,0.575,4.32,4,4.55,1.138,51118630.35,36683420.26,0.718,,1050,16934960700,16128534,20260908
215790,INNO INSTRUMENT INC.,이노인스트루먼트,KOSDAQ,전자부품·컴퓨터·통신장비,2025,40,27,13,0.325,2.15,2.58,1.25,0.484,44000000,22000000,0.5,,660,26586878340,40283149,20260908
950220,"NeoImmuneTech, Inc.",네오이뮨텍,KOSDAQ,연구개발업,2025,40,20,20,0.5,4.21,4.28,4.14,0.967,122069300,94270650,0.772,,2435,83305830400,34211840,20260908
001890,"IPARK YOUNGCHANG CO., LTD.",아이파크영창,,기타 제품 제조,2025,40,25,15,0.375,7.46,8.78,5.27,0.6,44757600,28195533.33,0.63,,,,,
050090,"BK Holdings CO.,LTD.",비케이홀딩스,KOSDAQ,전문서비스업,2025,40,21,19,0.475,4.1,4.29,3.89,0.907,69476190.48,59210526.32,0.852,,798,18780718530,23534735,20260908
005990,"MAEIL HOLDINGS CO., LTD.",매일홀딩스,KOSDAQ,식료품 제조,2025,40,23,17,0.425,7.04,7,7.1,1.014,106000000,73000000,0.689,,11000,146281344000,13298304,20260908
037950,"ELCOMTEC CO.,LTD",엘컴텍,KOSDAQ,전자부품·컴퓨터·통신장비,2025,40,34,6,0.15,5,4.77,6.31,1.323,57639000,50011000,0.868,,3010,50837404030,16889503,20260908
208340,PharmAbcine Inc.,파멥신,,의료용 물질·의약품,2025,40,13,27,0.675,5.82,5.61,5.92,1.055,40073923.08,26946333.33,0.672,,,,,
289080,SV INVESTMENT CORPORATION,SV인베스트먼트,KOSDAQ,금융업,2025,39,33,6,0.154,4.02,3.7,5.8,1.568,170000000,53000000,0.312,,2510,150946964830,60138233,20260908
376290,CU TECH CORPORATION,씨유테크,KOSDAQ,전자부품·컴퓨터·통신장비,2025,39,27,12,0.308,10.34,10.8,9.3,0.861,49120000,48361000,0.985,,2790,49264425000,17657500,20260908
398120,"SGHEALTHCARE CO.,LTD.",에스지헬스케어,KOSDAQ,의료·정밀·광학기기,2025,39,26,13,0.333,3.5,3.67,3.17,0.864,62000000,36000000,0.581,,1781,21089731091,11841511,20260908
073570,Lithium-for-earth Inc,리튬포어스,KOSDAQ,기타 제품 제조,2025,39,14,25,0.641,4,3.42,4.33,1.266,73051000,41911000,0.574,,1751,21077361328,12037328,20260908
393970,DAEJIN ADVANCED MATERIALS Inc.,대진첨단소재,KOSDAQ,고무·플라스틱,2025,39,28,11,0.282,2.81,2.67,3.17,1.187,50318000,52536000,1.044,,2825,50428566500,17850820,20260908
412350,Laserssel Co. Ltd.,레이저쎌,KOSDAQ,기타 기계·장비,2025,39,35,4,0.103,3.18,3.41,1.15,,8394400,3847250,,fewer than 5 of one sex,4775,69729530325,14603043,20260908
217330,"Cytogen, Inc.",싸이토젠,KOSDAQ,연구개발업,2025,39,21,18,0.462,3.29,3.83,2.67,0.697,75334000,51724000,0.687,,3065,70892061555,23129547,20260908
121440,"GOLFZON HOLDINGS Co., Ltd.",골프존홀딩스,KOSDAQ,도매·상품중개,2025,39,24,15,0.385,7.25,7.1,7.5,1.056,87000000,45000000,0.517,,8000,342694544000,42836818,20260908
476830,Rznomics Inc.,알지노믹스,KOSDAQ,연구개발업,2025,39,17,22,0.564,2.36,2.3,2.4,1.043,224000000,169454545.45,0.756,,28950,812204872200,28055436,20260908
006490,"FreeT, Inc.",프리티,KOSPI,통신업,2025,39,25,14,0.359,4.22,4.54,3.65,0.804,51551520,24152928.57,0.469,,898,26560346254,29577223,20260908
138040,MERITZ FINANCIAL GROUP INC.,메리츠금융지주,KOSPI,금융업,2025,38,29,9,0.237,4.09,3.1,7.3,2.355,262000000,212000000,0.809,,130800,21889023308400,167347273,20260908
053160,FreeMs Corporation,프리엠스,KOSDAQ,전기장비,2025,38,24,14,0.368,12.11,13.1,10.4,0.794,75958000,40174000,0.529,,10350,62100000000,6000000,20260908
001630,CHONGKUNDANG HOLDINGS CORP.,종근당홀딩스,KOSPI,의료용 물질·의약품,2025,38,32,6,0.158,10.29,10.4,9.7,0.933,155000000,83000000,0.535,,38800,194382606800,5009861,20260908
317240,"TS Trillion Co., Ltd.",TS트릴리온,KOSDAQ,화학물질·화학제품,2025,38,15,23,0.605,3.26,4.86,2.21,0.455,57000000,38000000,0.667,,1074,31335787614,29176711,20260908
313760,"CARRY CO., LTD.",캐리,KOSDAQ,전기장비,2025,38,29,9,0.237,3.22,3.42,2.58,0.754,51878000,44214000,0.852,,468,5244963048,11207186,20260908
476060,Onconic Therapeutics Inc.,온코닉테라퓨틱스,KOSDAQ,연구개발업,2025,38,14,24,0.632,1.95,1.56,2.17,1.391,79200000,78186000,0.987,,16050,728795832000,45407840,20260908
250060,"Mobiis Co., Ltd.",모비스,KOSDAQ,컴퓨터 프로그래밍·SI,2025,38,34,4,0.105,9.16,8.83,12,,63311000,60010000,,fewer than 5 of one sex,3020,97157368280,32171314,20260908
048470,"DAE DONG STEEL CO., LTD.",대동스틸,KOSDAQ,도매·상품중개,2025,38,33,5,0.132,7.39,7.5,6.7,0.893,66000000,28000000,0.424,,2850,27502500000,9650000,20260908
373200,Xplus Inc.,엑스플러스,KOSDAQ,기타 제품 제조,2025,38,19,19,0.5,1.83,1.92,1.75,0.911,56000000,54000000,0.964,,1909,47807539433,25043237,20260908
246720,"ASTA Co., Ltd.",아스타,KOSDAQ,의료용 물질·의약품,2025,38,26,12,0.316,6.32,6,7,1.167,71000000,53000000,0.746,,6070,99434491000,16381300,20260908
217910,"SJ-CHEM Co., Ltd.",에스제이켐,KONEX,화학물질·화학제품,2025,38,34,4,0.105,8.04,8.09,7.65,,44792.41,36077,,fewer than 5 of one sex,269,3763450418,13990522,20260908
013720,"CHEONGBO CO., LTD.",청보,KOSDAQ,자동차·트레일러,2025,38,29,9,0.237,7.07,7.92,4.33,0.547,48000000,39000000,0.813,,2325,28285085100,12165628,20260908
038530,KBIO LABS Inc.,케이바이오랩스,KOSDAQ,도매·상품중개,2025,38,22,16,0.421,3.19,3.33,3,0.901,57000000,39000000,0.684,,999,25864231878,25890122,20260908
380540,OptiCore Inc.,옵티코어,KOSDAQ,전자부품·컴퓨터·통신장비,2025,38,29,9,0.237,2.91,2.83,3.16,1.117,79443223.38,49939930,0.629,,8450,206658126350,24456583,20260908
062970,"KOREA ADVANCED MATERIALS Co.,Ltd.",한국첨단소재,KOSDAQ,전자부품·컴퓨터·통신장비,2025,38,32,6,0.158,8.52,9.23,4.72,0.511,44802281.25,21911500,0.489,,2020,57659500140,28544307,20260908
059180,"NWC CO.,LTD",엔더블유시,KONEX,전자부품·컴퓨터·통신장비,2025,38,22,16,0.421,9.42,9,10,1.111,53075,37997,0.716,,3970,21096937300,5314090,20260908
215480,"TOEBOX KOREA, Ltd.",토박스코리아,KOSDAQ,소매업,2025,38,11,27,0.711,5.65,7.25,5,0.69,87215000,37390000,0.429,,2085,22392900000,10740000,20260908
001970,"SG Shinsung Engineering & Construction Co.,Ltd",에스지신성건설,,종합 건설,2025,37,33,4,0.108,9.87,10.29,6.4,,64482484.85,41424000,,fewer than 5 of one sex,,,,
000480,"CR Holdings Co., LTD.",시알홀딩스,KOSPI,비금속 광물제품,2025,37,24,13,0.351,4.2,4.9,2.9,0.592,81000000,46000000,0.568,,4475,209834942750,46890490,20260908
357880,"SKAI worldwide Co., Ltd.",SKAI,KOSDAQ,출판업,2025,37,26,11,0.297,1.47,1.67,0.99,0.593,60537769.23,55937545.45,0.924,,1783,96606719960,54182120,20260908
460470,"IVIM Technology, Inc.",아이빔테크놀로지,KOSDAQ,의료·정밀·광학기기,2025,37,17,20,0.541,2.82,2.55,3.05,1.196,43100251.12,36571920.1,0.849,,2810,42485429700,15119370,20260908
088390,INNOXCorporation,이녹스,KOSDAQ,기타 운송장비,2025,37,29,8,0.216,3.6,3.57,3.7,1.036,104000000,77000000,0.74,,7990,74992893560,9385844,20260908
096640,Melfas Inc.,멜파스,,전자부품·컴퓨터·통신장비,2025,37,26,11,0.297,2.13,2.38,1.55,0.651,49000000,23000000,0.469,,,,,
068330,"ilShinbiobase Co., Ltd.",일신바이오,KOSDAQ,기타 기계·장비,2025,37,33,4,0.108,6.99,7.6,2,,60000000,32000000,,fewer than 5 of one sex,1118,49433644520,44216140,20260908
051630,CHINYANG CHEMICAL CORPORATION,진양화학,KOSPI,고무·플라스틱,2025,37,36,1,0.027,8.79,8.8,8.3,,51000000,,,not reported,1357,28768400000,21200000,20260908
194510,NEXTURE Corporation,넥스쳐,,출판업,2025,37,14,23,0.622,3.29,3.5,3.17,0.906,50326000,38525000,0.766,,,,,
288620,"S-Prism Co., Ltd.",에스프리즘,KOSDAQ,전기장비,2025,37,29,8,0.216,3.42,3.2,4.2,1.313,52000000,42000000,0.808,,3870,27009952920,6979316,20260908
297570,ATLAS LINK Inc.,아틀라스링크,KOSDAQ,전자부품·컴퓨터·통신장비,2025,37,33,4,0.108,5.23,5.2,5.5,,94775000,59475000,,fewer than 5 of one sex,869,30085838442,34621218,20260908
217320,"SUNTECH.CO.,LTD",썬테크,KONEX,전기장비,2025,36,29,7,0.194,8.19,8,9,1.125,58000000,45000000,0.776,,10000,10500000000,1050000,20260908
160550,"Next Entertainment World Co., Ltd.",NEW,KOSDAQ,영상·오디오 제작,2025,36,11,25,0.694,4.14,5.34,3.61,0.676,39749000,38781000,0.976,,1010,28185167060,27906106,20260908
025890,"HANKOOK STEEL CO.,LTD",한국주강,KOSPI,기타 기계·장비,2025,36,35,1,0.028,8.38,8.6,0.5,,52823000,18033000,,fewer than 5 of one sex,2585,28808832360,11144616,20260908
234920,"Zaigle Co., Ltd.",자이글,KOSDAQ,전기장비,2025,36,26,10,0.278,6.87,7.08,6.33,0.894,65982000,49858000,0.756,,5310,71849132100,13530910,20260908
046390,"SAMHWA NETWORKS Co.,Ltd.",삼화네트웍스,KOSDAQ,영상·오디오 제작,2025,36,10,26,0.722,8.51,10.92,7.58,0.694,97658000,69901000,0.716,,2135,36869684355,17269173,20260908
036170,"HMNEX Co.,Ltd.",에이치엠넥스,KOSDAQ,전자부품·컴퓨터·통신장비,2025,36,33,3,0.083,11.28,11.8,5.5,,63204000,42400000,,fewer than 5 of one sex,2235,137152174110,61365626,20260908
011300,"WOOSUNG MATERIALS CO.,LTD",우성머티리얼스,KOSPI,섬유제품 제조,2025,36,25,11,0.306,9.28,11.6,4,0.345,53344200,30928000,0.58,,2400,41373372000,17238905,20260908
368970,"OSP Co., Ltd",오에스피,KOSDAQ,식료품 제조,2025,36,20,16,0.444,3.31,3.71,2.8,0.755,47750000,47500000,0.995,,2550,28661280900,11239718,20260908
294630,"SuNAM Co., Ltd.",서남,KOSDAQ,전기장비,2025,35,28,7,0.2,7.33,7.84,5.29,0.675,55152214.29,51949285.71,0.942,,3015,79895024685,26499179,20260908
101330,"MOBASE Co., Ltd.",모베이스,KOSDAQ,전자부품·컴퓨터·통신장비,2025,35,33,2,0.057,10.54,11,3,,40000000,34000000,,fewer than 5 of one sex,3535,81824747515,23147029,20260908
019550,"SBI Investment KOREA Co., Ltd.",SBI인베스트먼트,KOSDAQ,금융업,2025,35,23,12,0.343,5.58,5.51,5.7,1.034,219260869.57,97000000,0.442,,1027,83221185749,81033287,20260908
296160,"ProGen, Co,, LTD.",프로젠,KONEX,연구개발업,2025,35,15,20,0.571,3.88,3.83,3.92,1.023,91000000,64000000,0.703,,2575,39590828425,15375079,20260908
355690,"ATUM CO., LTD.",에이텀,KOSDAQ,전자부품·컴퓨터·통신장비,2025,35,26,9,0.257,1.97,1.97,1.97,1,52879000,26645000,0.504,,4900,46894906100,9570389,20260908
066830,GENOTECH CORP.,제노텍,KONEX,화학물질·화학제품,2025,34,15,19,0.559,10.88,12,10,0.833,45000000,38000000,0.844,,1200,6800616000,5667180,20260908
254490,"MIRAI SEMICONDUCTORS CO., LTD.",미래반도체,KOSDAQ,도매·상품중개,2025,34,28,6,0.176,6.51,6.4,7,1.094,104000000,51000000,0.49,,15150,218735700000,14438000,20260908
063440,"SM Life Design Group Co., Ltd.",SM Life Design,KOSDAQ,인쇄·기록매체,2025,34,26,8,0.235,7.24,6.67,9.08,1.361,55701000,44392000,0.797,,1026,46497667464,45319364,20260908
193250,Linked Inc.,링크드,KOSDAQ,전자부품·컴퓨터·통신장비,2025,34,28,6,0.176,4.92,5.1,4.09,0.802,52736142.86,30485333.33,0.578,,2170,29010584610,13368933,20260908
390110,anymedi Inc.,애니메디솔루션,KONEX,의료·정밀·광학기기,2025,34,21,13,0.382,2.44,3.09,1.38,0.447,38861014.76,30116723.15,0.775,,295,2860628865,9697047,20260908
072770,"MemRAY BT Co., LTD.",멤레이비티,KOSDAQ,컴퓨터 프로그래밍·SI,2025,34,20,14,0.412,5.6,6.42,4.42,0.688,85208,62812,0.737,,880,36530646240,41512098,20260908
203400,ABION Inc.,에이비온,KOSDAQ,연구개발업,2025,34,17,17,0.5,2.85,3.28,2.43,0.741,71959437.35,73035888.65,1.015,,676,60908481504,90101304,20260908
100790,"Mirae Asset Venture Investment Co.,Ltd.",미래에셋벤처투자,KOSDAQ,금융업,2025,34,23,11,0.324,5.09,6.07,3.05,0.502,256577000,74456000,0.29,,15680,832930663040,53120578,20260908
269620,"SYSWORK CO., LTD",시스웍,,의료·정밀·광학기기,2025,34,26,8,0.235,4.12,4.9,1.6,0.327,56000000,32000000,0.571,,,,,
115610,"IMAGIS Co., Ltd.",이미지스,KOSDAQ,전자부품·컴퓨터·통신장비,2025,34,34,,,6.43,6.43,,,66764705.88,,,not reported,1603,18945486707,11818769,20260908
347700,Sphere Corp.,스피어,KOSDAQ,출판업,2025,34,20,14,0.412,2.04,2.4,1.53,0.638,91903600,44335571.43,0.482,,20200,1041337512400,51551362,20260908
090120,"ZalmanTechCo.,Ltd.",잘만테크,,전자부품·컴퓨터·통신장비,2025,33,28,5,0.152,5.63,5.47,6.5,1.188,71424714.29,48890000,0.684,,,,,
185190,"Suppro Co.,Ltd",수프로,KONEX,도매·상품중개,2025,33,30,3,0.091,6.79,7.05,4.21,,54865000,33635000,,fewer than 5 of one sex,899,8305523875,9238625,20260908
228340,TONGYANG PILE Inc.,동양파일,KOSDAQ,비금속 광물제품,2025,33,28,5,0.152,9.63,10.25,6.17,0.602,86000000,43000000,0.5,,4295,85900000000,20000000,20260908
388870,"Pharos iBio Co., Ltd.",파로스아이바이오,KOSDAQ,연구개발업,2025,33,18,15,0.455,3.23,3.54,2.85,0.805,65222222.22,59600000,0.914,,5340,69131276880,12945932,20260908
224060,"THE CODI Co., LTD.",더코디,KOSDAQ,전자부품·컴퓨터·통신장비,2025,33,20,13,0.394,7.89,6.43,10.14,1.577,49273891.2,33781733.69,0.686,,5860,30241830920,5160722,20260908
336040,"TASCOM Co.,Ltd.",타스컴,KONEX,의료·정밀·광학기기,2025,33,15,18,0.545,3.49,3.2,3.74,1.169,44196080,37858928,0.857,,3900,22580723100,5789929,20260908
196450,"CoAsia CM Co.,Ltd",코아시아씨엠,KOSDAQ,의료·정밀·광학기기,2025,33,26,7,0.212,5.84,6.42,3.67,0.572,60000000,46000000,0.767,,790,35802800000,45320000,20260908
073540,"FRTEKCO.,LTD.",에프알텍,KOSDAQ,전자부품·컴퓨터·통신장비,2025,33,25,8,0.242,4.34,4.9,2.6,0.531,65011000,78891000,1.214,,2290,26106000000,11400000,20260908
014470,"Bubang Co., Ltd.",부방,KOSDAQ,부동산업,2025,33,25,8,0.242,6.41,7.5,3,0.4,85453000,51176000,0.599,,998,59932155480,60052260,20260908
208710,"PHOTON CO., LTD",포톤,KOSDAQ,전자부품·컴퓨터·통신장비,2025,33,23,10,0.303,3.27,2.92,4.08,1.397,70356000,45413000,0.645,,2495,32884429340,13180132,20260908
065660,"ANTEROGEN CO., LTD.",안트로젠,KOSDAQ,도매·상품중개,2025,32,16,16,0.5,2.5,2,3,1.5,35000000,34000000,0.971,,15020,150291622000,10006100,20260908
434190,"Talos Co., Ltd.",탈로스,KONEX,전기장비,2025,32,32,,,3.47,3.47,,,47775187.5,,,not reported,2600,19160528400,7369434,20260908
236340,"Medizen Humancare Inc Co., Ltd",메디젠휴먼케어,KONEX,연구개발업,2025,32,13,19,0.594,2.2,2.2,2.2,1,34436000,36389000,1.057,,1850,5577096950,3014647,20260908
004770,"SUNNY ELECTRONICS CO.,LTD",써니전자,KOSPI,전자부품·컴퓨터·통신장비,2025,32,22,10,0.313,11.67,8.75,18.08,2.066,54991000,40787000,0.742,,2160,76696066080,35507438,20260908
118000,"METACARE Co., Ltd.",메타케어,KOSPI,도매·상품중개,2025,32,20,12,0.375,3.05,3.21,2.78,0.866,68698800,60694916.67,0.883,,1286,28363739510,22055785,20260908
019490,EXICURE HITRON INC.,엑시큐어하이트론,KOSPI,전자부품·컴퓨터·통신장비,2025,32,25,7,0.219,5.31,5.32,5.28,0.992,55000000,63000000,1.145,,541,41349858070,76432270,20260908
115180,"Qurient Co., Ltd.",큐리언트,KOSDAQ,연구개발업,2025,32,12,20,0.625,5.13,5.64,4.82,0.855,164500000,128100000,0.779,,22950,861408765450,37534151,20260908
311960,"InterRoid Co., Ltd.",인터로이드,KONEX,출판업,2025,32,24,8,0.25,1.8,1.8,1.8,1,61243000,28952000,0.473,,1795,5497481880,3062664,20260908
204840,GL Pharm Tech Corp.,지엘팜텍,KOSDAQ,도매·상품중개,2025,32,17,15,0.469,2.63,2.27,3.04,1.339,52398176.47,39761466.67,0.759,,5780,89646649780,15509801,20260908
365270,"curacle co., ltd.",큐라클,KOSDAQ,연구개발업,2025,31,17,14,0.452,4.17,3.9,4.5,1.154,90000000,72000000,0.8,,9750,216030672000,22156992,20260908
001420,"TAEWONMULSAN CO.,LTD",태원물산,KOSPI,자동차·트레일러,2025,31,31,,,12.12,12.12,,,42753774.19,,,not reported,2875,21850000000,7600000,20260908
016450,"HANSAE YES24 HOLDINGS CO., LTD",한세예스24홀딩스,KOSPI,의복 제조,2025,31,17,14,0.452,6.15,5.7,6.7,1.175,112065000,86374000,0.771,,4415,176600000000,40000000,20260908
043200,"PARU CO., LTD.",파루,KOSDAQ,전기장비,2025,31,22,9,0.29,4.36,5.25,2.17,0.413,67214000,45487000,0.677,,1196,24998979772,20902157,20260908
015360,"INVENI Co., Ltd.",INVENI,KOSPI,전문서비스업,2025,31,27,4,0.129,3.65,3.5,4.7,,120000000,119000000,,fewer than 5 of one sex,14440,393490000000,27250000,20260908
212310,"Organ Eco Tech Co.,Ltd.",오건에코텍,KONEX,의료·정밀·광학기기,2025,31,18,13,0.419,2.48,3.42,1.17,0.342,4931000,2623000,0.532,,635,7514663025,11834115,20260908
050120,"ES CUBE CO., LTD.",ES큐브,KOSDAQ,도매·상품중개,2025,31,25,6,0.194,8.87,9.92,4.52,0.456,54750000,52159000,0.953,,3325,45100585950,13564086,20260908
033790,FINO INC.,피노,KOSDAQ,전기장비,2025,31,19,12,0.387,3.79,5.45,1.17,0.215,62879000,35252000,0.561,,7870,655743250690,83321887,20260908
397810,"ADforus Co., Ltd.",애드포러스,KOSDAQ,전문서비스업,2025,30,16,14,0.467,2.35,2.56,2.11,0.824,56937500,34714285.71,0.61,,6570,33906258900,5160770,20260908
183350,"LPK ROBOTICS Co.,Ltd.",엘피케이로보틱스,,기타 기계·장비,2025,30,27,3,0.1,4.21,4.2,4.3,,62000000,34000000,,fewer than 5 of one sex,,,,
223310,"Satoshi Holdings Co., Ltd.",사토시홀딩스,KOSDAQ,도매·상품중개,2025,30,14,16,0.533,1.89,2.8,1.1,0.393,52000000,27000000,0.519,,3260,16967132920,5204642,20260908
299900,"WYSIWYG STUDIOS CO., LTD.",위지윅스튜디오,,영상·오디오 제작,2025,30,18,12,0.4,3.05,4.26,1.24,0.291,56638666.67,36658000,0.647,,,,,
140660,"WIWORLD Co.,Ltd",위월드,KONEX,전자부품·컴퓨터·통신장비,2025,29,24,5,0.172,6.69,7.25,4,0.552,33000000,29000000,0.879,,860,2139036720,2487252,20260908
000180,Sungchang Enterprise Holdings Limited.,성창기업지주,KOSPI,전문서비스업,2025,29,22,7,0.241,11.3,13.5,4.4,0.326,85335000,32863000,0.385,,5170,72123154400,13950320,20260908
309960,LB Investment Inc.,LB인베스트먼트,KOSDAQ,금융업,2025,29,22,7,0.241,8.22,8.9,6.1,0.685,238000000,97000000,0.408,,4365,101343248235,23217239,20260908
456190,"CURACHEM Co., ltd.",큐라켐,KONEX,의료용 물질·의약품,2025,29,17,12,0.414,5.03,6.33,3.19,0.504,62509000,43570000,0.697,,7210,13225202060,1834286,20260908
039020,"EAGON HOLDINGS CO., LTD.",이건홀딩스,KOSDAQ,목재 제조,2025,29,19,10,0.345,13.45,14,12.4,0.886,76000000,51000000,0.671,,2615,59059014035,22584709,20260908
000760,"RIFA CO., LTD",이화산업,KOSPI,도매·상품중개,2025,29,25,4,0.138,16.07,16,16.5,,57156000,47949000,,fewer than 5 of one sex,14190,39732000000,2800000,20260908
067370,"SunBio, Inc.",선바이오,KOSDAQ,의료용 물질·의약품,2025,29,18,11,0.379,9.1,7.58,11.58,1.528,51173000,53102000,1.038,,6280,76702921480,12213841,20260908
023790,"DONGIL STEELUX CO., LTD.",동일스틸럭스,KOSDAQ,1차 금속,2025,29,26,3,0.103,12.53,12.25,15,,60829000,52031000,,fewer than 5 of one sex,1546,20205923168,13069808,20260908
299170,"WSI Co., Ltd.",더블유에스아이,KOSDAQ,도매·상품중개,2025,29,18,11,0.379,2.38,2,3,1.5,56255000,33684000,0.599,,1209,50187147192,41511288,20260908
006060,"HS INDUSTRIES CO.,LTD",화승인더스트리,KOSPI,도매·상품중개,2025,29,24,5,0.172,5.55,6.03,3.25,0.539,85000000,55000000,0.647,,2420,133874400000,55320000,20260908
011390,"BUSAN INDUSTRIAL CO.,LTD",부산산업,KOSPI,비금속 광물제품,2025,29,25,4,0.138,10.62,11.2,7,,52757941,34549980,,fewer than 5 of one sex,51600,54489600000,1056000,20260908
175140,"AGOS Co., Ltd.",아고스,KOSDAQ,전자부품·컴퓨터·통신장비,2025,29,17,12,0.414,2.1,1.6,2.82,1.762,72406000,35512000,0.49,,2500,62360632500,24944253,20260908
067770,"SEJIN T.S CO., LTD.",세진티에스,KOSDAQ,전자부품·컴퓨터·통신장비,2025,28,17,11,0.393,17.44,17.6,17.2,0.977,52000000,38000000,0.731,,2615,21957090695,8396593,20260908
140610,Ensol Biosciences Inc.,엔솔바이오사이언스,KONEX,연구개발업,2025,28,10,18,0.643,6.12,7.46,5.38,0.721,70494000,46183000,0.655,,10070,144770368140,14376402,20260908
101140,"INBIOGEN CO.,Ltd",인바이오젠,KOSPI,도매·상품중개,2025,28,15,13,0.464,2.62,2.11,3.2,1.517,53216000,43718000,0.822,,5490,55142745840,10044216,20260908
297090,"CS BEARING Co., Ltd.",씨에스베어링,KOSDAQ,기타 기계·장비,2025,28,24,4,0.143,6.33,6.9,2.9,,65000000,40000000,,fewer than 5 of one sex,4060,110716200000,27270000,20260908
226440,"SYSNEOTECH CO.,LTD.",시스네오텍,,기타 기계·장비,2025,28,24,4,0.143,6.67,7.12,4,,64181916.67,42495000,,fewer than 5 of one sex,,,,
096040,"E-TRON CO.,LTD.",이트론,,도매·상품중개,2025,28,21,7,0.25,2.23,2.25,2.17,0.964,103000000,47000000,0.456,,,,,
307930,COMPANY K PARTNERS LIMITED,컴퍼니케이,KOSDAQ,금융업,2025,28,18,10,0.357,5.28,4.1,7.4,1.805,144000000,104000000,0.722,,5710,89133100000,15610000,20260908
151860,"KG Eco Solution Co., Ltd.",KG에코솔루션,KOSDAQ,자동차·트레일러,2025,28,27,1,0.036,3.93,4,2,,58719592.59,45400000,,fewer than 5 of one sex,5520,262768571040,47603002,20260908
052770,ITOXI Corp.,아이톡시,KOSDAQ,출판업,2025,28,18,10,0.357,0.95,0.86,1.12,1.302,53465861.17,47452107,0.888,,312,4545457488,14568774,20260908
043090,"The Technology Co., Ltd.",더테크놀로지,,도매·상품중개,2025,28,20,8,0.286,4.24,4.41,3.81,0.864,51341000,38255875,0.745,,,,,
137940,"NextEye Co., Ltd.",넥스트아이,KOSDAQ,의료·정밀·광학기기,2025,27,22,5,0.185,4.92,4.83,5.33,1.104,4200418,2678701,0.638,,1980,19427892660,9812067,20260908
066410,"BUCKET STUDIO Co.,Ltd.",버킷스튜디오,KOSDAQ,통신업,2025,27,14,13,0.481,4.93,6.8,2.91,0.428,40482000,20006000,0.494,,1153,159637252154,138453818,20260908
456570,IMGT Corporation Limited,아이엠지티,KONEX,의료용 물질·의약품,2025,27,18,9,0.333,42.53,50.8,26,0.512,78670000,43376000,0.551,,14290,75234049160,5264804,20260908
204630,"Loa & Co Holdings Co., Ltd.",로아앤코홀딩스,,창작·예술·여가,2025,27,17,10,0.37,2.57,2.72,2.32,0.853,52058823.53,50500000,0.97,,,,,
397030,"AprilBio Co.,Ltd.",에이프릴바이오,KOSDAQ,연구개발업,2025,27,12,15,0.556,3.7,3.7,3.7,1,360000000,74000000,0.206,,17570,484207799740,27558782,20260908
008290,WonpungMulsan,원풍물산,KOSDAQ,의복 제조,2025,27,11,16,0.593,4.66,1.09,7.12,6.532,44070000,44860000,1.018,,248,5046016072,20346839,20260908
253610,"RootLoc Co., Ltd.",루트락,KONEX,도매·상품중개,2025,27,19,8,0.296,3.8,4.42,2.33,0.527,60911000,34169000,0.561,,579,5939423109,10258071,20260908
346010,"TIDE Co., Ltd.",타이드,KONEX,전자부품·컴퓨터·통신장비,2025,27,23,4,0.148,6.53,6.73,5.4,,66000000,38000000,,fewer than 5 of one sex,1000,4860062000,4860062,20260908
012170,"Ascendio Co., Ltd.",아센디오,KOSPI,영상·오디오 제작,2025,27,13,14,0.519,3.59,3.42,3.75,1.096,88000000,50000000,0.568,,3080,22473900680,7296721,20260908
031860,"DHX Company Co., Ltd.",디에이치엑스컴퍼니,KOSDAQ,도매·상품중개,2025,27,17,10,0.37,1.94,2,1.83,0.915,5979000,4760000,0.796,,6930,18714756060,2700542,20260908
106520,"Noble M&B Co., Ltd.",노블엠앤비,,의료·정밀·광학기기,2025,27,12,15,0.556,4.59,7.5,2.27,0.303,16280000,7830000,0.481,,,,,
337840,"UXN Co., Ltd.",유엑스엔,KONEX,의료·정밀·광학기기,2025,26,19,7,0.269,4.93,4.08,7.25,1.777,67751000,45543000,0.672,,6270,31208285460,4977398,20260908
900120,CXI Healthcare Technology Group Limited,씨엑스아이,KOSDAQ,금융업,2025,26,18,8,0.308,,,,,203666.67,126500.25,0.621,,1040,17336446400,16669660,20260908
034810,"Haesung Industrial Co., Ltd.",해성산업,KOSDAQ,금융업,2025,26,20,6,0.231,7.95,9.1,4.1,0.451,100000000,59000000,0.59,,6040,190744118080,31580152,20260908
215570,"CRONEX.CO.,LTD",크로넥스,KONEX,연구개발업,2025,26,22,4,0.154,4.92,5.05,4.19,,48892954.55,49007250,,fewer than 5 of one sex,650,4329098150,6660151,20260908
496320,"BONSYSTEMS Co., Ltd.",본시스템즈,KONEX,기타 기계·장비,2025,26,14,12,0.462,2.62,3.08,2.08,0.675,39885707,24227488,0.607,,1023000,1039340379000,1015973,20260908
226590,"Mdevice Co., Ltd",엠디바이스,KOSDAQ,전자부품·컴퓨터·통신장비,2025,26,19,7,0.269,1.21,1.04,1.66,1.596,30315789.47,33000000,1.089,,12860,137817842240,10716784,20260908
006840,"AK Holdings, Inc.",AK홀딩스,KOSPI,금융업,2025,26,22,4,0.154,2.85,2.8,3.1,,93000000,47000000,,fewer than 5 of one sex,7740,102536122140,13247561,20260908
009310,"Charm Engineering Co.,Ltd.",참엔지니어링,KOSPI,기타 기계·장비,2025,26,21,5,0.192,6.52,6.62,6.08,0.918,155059523.81,59350000,0.383,,5330,23329484620,4377014,20260908
244460,OLIPASS CORPORATION,올리패스,KOSDAQ,의료용 물질·의약품,2025,26,16,10,0.385,2.73,2.37,3.3,1.392,57952250,41670800,0.719,,1651,13415218661,8125511,20260908
009140,"KYUNGIN ELECTRONICS CO.,LTD",경인전자,KOSPI,전자부품·컴퓨터·통신장비,2025,25,18,7,0.28,7.48,8.42,5.08,0.603,6246000,4249000,0.68,,22150,34793153550,1570797,20260908
179720,"MoneyMove Co., Ltd.",머니무브,KONEX,금융업,2025,25,19,6,0.24,2.54,2.5,2.67,1.068,60000000,51000000,0.85,,5700,15675102600,2750018,20260908
180640,HANJINKAL,한진칼,KOSPI,금융업,2025,25,20,5,0.2,6.52,6.97,4.7,0.674,155000000,107000000,0.69,,148400,9907522203600,66762279,20260908
418250,"SecuLetter Co., Ltd.",시큐레터,KOSDAQ,출판업,2025,25,21,4,0.16,3.61,3.95,1.81,,91000000,44000000,,fewer than 5 of one sex,6550,47629012750,7271605,20260908
073070,APAM CORPORATION,에이팸,,자동차·트레일러,2025,25,19,6,0.24,15.11,17.19,8.54,0.497,53845000,30823000,0.572,,,,,
101730,"Wemade Max Co., Ltd.",위메이드맥스,KOSDAQ,출판업,2025,25,16,9,0.36,7.4,9.15,4.3,0.47,85500000,49000000,0.573,,3970,332699045420,83803286,20260908
016600,"Q Capital Partners Co., Ltd.",큐캐피탈,KOSDAQ,금융업,2025,25,17,8,0.32,6.47,4.19,11.3,2.697,163058823.53,62000000,0.38,,2495,34834194495,13961601,20260908
298060,"POONGJEON PHARMACY CO.,LTD.",풍전약품,KOSDAQ,의료용 물질·의약품,2025,25,15,10,0.4,2.7,0.91,5.38,5.912,43414000,27920000,0.643,,2370,22840749390,9637447,20260908
191410,"RYUK-IL C&S., Ltd.",육일씨엔에쓰,KOSDAQ,전자부품·컴퓨터·통신장비,2025,25,16,9,0.36,8.28,9,7,0.778,93311000,49373000,0.529,,1791,20066820705,11204255,20260908
000210,"DL Holdings CO.,LTD",DL,KOSPI,화학물질·화학제품,2025,25,20,5,0.2,7.48,8.4,3.8,0.452,201000000,92000000,0.458,,53900,1129522147600,20955884,20260908
106080,KEM Tech Corp.,케이이엠텍,KOSDAQ,전자부품·컴퓨터·통신장비,2025,25,22,3,0.12,2.14,2.25,1.33,,67820000,43761000,,fewer than 5 of one sex,1650,9506998050,5761817,20260908
003300,"HANIL HOLDINGS CO.,LTD.",한일홀딩스,KOSPI,비금속 광물제품,2025,24,21,3,0.125,9.33,7.9,19.3,,78695000,68643000,,fewer than 5 of one sex,18200,561132280800,30831444,20260908
112240,"SFC Co.,Ltd.",에스에프씨,,고무·플라스틱,2025,24,19,5,0.208,8.64,9.09,6.92,0.761,32402527.79,34956001.4,1.079,,,,,
068050,"PANENTERTAINMENTCO.,LTD.",팬엔터테인먼트,KOSDAQ,영상·오디오 제작,2025,24,10,14,0.583,3.11,3.9,2.54,0.651,47193000,40254214.29,0.853,,1175,32540539300,27694076,20260908
308100,"Hyungji Global Co., Ltd.",형지글로벌,KOSDAQ,소매업,2025,24,12,12,0.5,1.96,2.42,1.5,0.62,94135000,67760000,0.72,,337,8701339326,25819998,20260908
064090,InkredibleBuzz Inc.,인크레더블버즈,KOSDAQ,도매·상품중개,2025,24,9,15,0.625,0.89,0.58,1.08,1.862,40000000,16000000,0.4,,798,39694710510,49742745,20260908
402420,CALTH. Inc,켈스,KONEX,의료·정밀·광학기기,2025,24,10,14,0.583,3.21,3.1,3.29,1.061,44627000,49725000,1.114,,1700,3992897100,2348763,20260908
222810,"Setopia Co.,Ltd.",세토피아,,1차 금속,2025,24,16,8,0.333,4.61,4.41,5,1.134,63.63,50,0.786,,,,,
029480,"Kwangmu Co.,Ltd.",광무,KOSDAQ,전자부품·컴퓨터·통신장비,2025,24,23,1,0.042,7.21,7.32,4.79,,73920869.04,51604000,,fewer than 5 of one sex,1549,92504935468,59719132,20260908
241520,DSC Investment Inc.,DSC인베스트먼트,KOSDAQ,금융업,2025,24,16,8,0.333,5.83,6.9,3.7,0.536,197000000,114000000,0.579,,8090,215194000000,26600000,20260908
446440,"Epi Biotech Co., Ltd.",에피바이오텍,KONEX,연구개발업,2025,23,10,13,0.565,2.64,2.5,2.75,1.1,48700000,45462000,0.934,,13460,31050591340,2306879,20260908
318010,"Pharmsville Co., Ltd.",팜스빌,KOSDAQ,식료품 제조,2025,23,14,9,0.391,1.85,1.5,2.4,1.6,50625000,45308000,0.895,,3600,28545616800,7929338,20260908
091340,"S&KPOLYTECCO.,LTD.",S&K폴리텍,KOSDAQ,전자부품·컴퓨터·통신장비,2025,23,20,3,0.13,13.94,13.67,15.75,,51127000,42346000,,fewer than 5 of one sex,2490,29142265290,11703721,20260908
314930,"BIODYNE CO., LTD.",바이오다인,KOSDAQ,의료·정밀·광학기기,2025,23,14,9,0.391,3.48,3.25,3.84,1.182,33724285.71,47467666.67,1.408,,7150,212813336450,29764103,20260908
000700,"EUSU HOLDINGS CO., LTD.",유수홀딩스,KOSPI,전문서비스업,2025,23,15,8,0.348,16.19,17.58,13.58,0.772,118476000,211374000,1.784,,6500,169271778000,26041812,20260908
007860,SEOYON CO. LTD,서연,KOSPI,금융업,2025,23,20,3,0.13,3.2,2.9,5.2,,130000000,218000000,,fewer than 5 of one sex,7590,178212015960,23479844,20260908
015860,"ILJIN HOLDINGS CO.,LTD",일진홀딩스,KOSPI,금융업,2025,22,20,2,0.091,3.74,3.8,3.1,,106000000,60000000,,fewer than 5 of one sex,6670,329147711610,49347483,20260908
330730,Stonebridge Ventures Inc.,스톤브릿지벤처스,KOSDAQ,금융업,2025,22,17,5,0.227,4.27,4.2,4.5,1.071,178000000,115000000,0.646,,4670,85077266100,18217830,20260908
122830,"ONE4U CO.,LTD",원포유,KONEX,출판업,2025,22,16,6,0.273,2.7,2.29,3.79,1.655,53000000,54000000,1.019,,1323,43330876155,32751985,20260908
035620,Barunson Entertainment & Arts Corporation,바른손이앤에이,KOSDAQ,영상·오디오 제작,2025,22,5,17,0.773,3.82,6.08,3.16,0.52,94646390.8,58291286.88,0.616,,692,12878063256,18609918,20260908
002870,SHINPOONG INC.,신풍,KOSPI,도매·상품중개,2025,22,18,4,0.182,5.76,5.35,7.63,,49555555.56,33250000,,fewer than 5 of one sex,1070,37405809000,34958700,20260908
424870,"ImmuneOncia Therapeutics, Inc.",이뮨온시아,KOSDAQ,연구개발업,2025,22,7,15,0.682,2.69,2.96,2.57,0.868,127000000,92600000,0.729,,2880,263052025920,91337509,20260908
347850,D&D Pharmatech Inc.,디앤디파마텍,KOSDAQ,연구개발업,2025,22,9,13,0.591,4.68,6.5,3.42,0.526,235000000,124307692.31,0.529,,49300,2259794123700,45837609,20260908
038880,"iA, Inc.",아이에이,KOSDAQ,전자부품·컴퓨터·통신장비,2025,22,14,8,0.364,2.06,2.26,1.7,0.752,37000000,21000000,0.568,,3355,25210889165,7514423,20260908
445680,"Curiox Biosystems Co., Ltd.",큐리옥스바이오시스템즈,KOSDAQ,의료·정밀·광학기기,2025,22,16,6,0.273,3.05,2.88,3.5,1.215,59000000,100666666.67,1.706,,48100,827872524700,17211487,20260908
229500,"NovMetaPharma Co., Ltd.",노브메타파마,KONEX,연구개발업,2025,21,10,11,0.524,6.21,5.5,6.85,1.245,35124000,55387545.45,1.577,,4875,63328624125,12990487,20260908
206400,"BENO TNR, Inc.",베노티앤알,KOSDAQ,전문직별 공사,2025,21,11,10,0.476,7.2,6.91,7.52,1.088,129716636.36,56730000,0.437,,725,27194864550,37510158,20260908
475830,"Orum Therapeutics, Inc.",오름테라퓨틱,KOSDAQ,의료용 물질·의약품,2025,21,6,15,0.714,3.71,3.82,3.67,0.961,224000000,154333333.33,0.689,,53000,1151138270000,21719590,20260908
064240,"homecast CO., LTD.",홈캐스트,KOSDAQ,도매·상품중개,2025,21,14,7,0.333,6.97,7.33,6.24,0.851,89782256,44832823,0.499,,1777,61651684027,34694251,20260908
107590,"Miwon Holdings Co.,Ltd.",미원홀딩스,KOSPI,금융업,2025,21,18,3,0.143,7.28,7.33,7,,76333333.33,48333333.33,,fewer than 5 of one sex,63400,147088000000,2320000,20260908
202960,"PANDORA TV CO.,LTD.",판도라티비,KONEX,출판업,2025,21,13,8,0.381,3.46,3.21,3.87,1.206,65307692.31,52625000,0.806,,377,4492174414,11915582,20260908
293580,NAU IB Capital,나우IB,KOSDAQ,금융업,2025,21,14,7,0.333,9.5,10.61,7.29,0.687,261071428.57,111285714.29,0.426,,1430,135749828500,94929950,20260908
149010,"IK Semicon Co., Ltd.",아이케이세미콘,KONEX,전자부품·컴퓨터·통신장비,2025,20,15,5,0.25,2.2,2.5,1.3,0.52,56000000,31000000,0.554,,3590,11200800000,3120000,20260908
019660,"GLOBON CO., LTD.",글로본,KOSDAQ,도매·상품중개,2025,20,10,10,0.5,2.51,1.58,3.43,2.171,45200000,47400000,1.049,,1501,20930443833,13944333,20260908
123040,"MS AUTOTECH COMPANY, LIMITED",엠에스오토텍,KOSDAQ,자동차·트레일러,2025,20,17,3,0.15,11.34,12.25,6.17,,127000000,12000000,,fewer than 5 of one sex,1677,105027657423,62628299,20260908
042370,"Vitzro Tech Co.,LTD.",비츠로테크,KOSDAQ,금융업,2025,20,16,4,0.2,9.64,11.5,2.2,,92000000,42000000,,fewer than 5 of one sex,8420,220604210500,26200025,20260908
178780,"ILWOUL GML Co.,Ltd",일월지엠엘,KOSDAQ,도매·상품중개,2025,20,15,5,0.25,3.84,4.51,1.82,0.404,4346000,2122000,0.488,,2590,48275515050,18639195,20260908
013000,"SEWOO GLOBAL CO,. LTD",세우글로벌,KOSPI,도매·상품중개,2025,20,18,2,0.1,11.8,12.92,1.75,,64360000,32922000,,fewer than 5 of one sex,1197,34359922107,28705031,20260908
083470,"EMnI Co., Ltd.",이엠앤아이,KOSDAQ,화학물질·화학제품,2025,20,10,10,0.5,2.94,2.29,3.6,1.572,45395000,50990000,1.123,,908,19377018732,21340329,20260908
478560,"BLACK YAK I&C CO.,LTD",블랙야크아이앤씨,KOSDAQ,가죽·신발 제조,2025,20,13,7,0.35,2.96,3.25,2.42,0.745,62000000,44000000,0.71,,3090,79815620820,25830298,20260908
078070,Ubiquoss Holdings Inc.,유비쿼스홀딩스,KOSDAQ,금융업,2025,19,12,7,0.368,3.37,3,4,1.333,86740000,66845000,0.771,,8190,139711924170,17058843,20260908
092230,"KPX HOLDINGS CO., LTD.",KPX홀딩스,KOSPI,화학물질·화학제품,2025,19,14,5,0.263,6.83,7.7,4.4,0.571,106216000,69896000,0.658,,96000,405566016000,4224646,20260908
440290,"HB Investment, Inc.",HB인베스트먼트,KOSDAQ,금융업,2025,19,13,6,0.316,3.36,3.9,2.2,0.564,105000000,77000000,0.733,,1755,48273784650,27506430,20260908
246690,T.S.Investment Corporation,TS인베스트먼트,KOSDAQ,금융업,2025,19,15,4,0.211,4.41,5.1,1.8,,120000000,52000000,,fewer than 5 of one sex,2205,52430873670,23778174,20260908
140410,"Mezzion Pharma Co., Ltd.",메지온,KOSDAQ,연구개발업,2025,18,14,4,0.222,7.04,6.67,8.33,,69000000,45000000,,fewer than 5 of one sex,69000,2112895506000,30621674,20260908
006880,SINGSONGHOLDINGS,신송홀딩스,KOSPI,도매·상품중개,2025,18,13,5,0.278,6.74,7.92,3.67,0.463,73000000,44000000,0.603,,4235,50095213630,11828858,20260908
027830,"Daesung Private Equity, Inc.",대성창투,KOSDAQ,금융업,2025,18,14,4,0.222,10.07,9.04,13.68,,122000000,69000000,,fewer than 5 of one sex,899,48546000000,54000000,20260908
417180,"Finger Story CO., LTD.",핑거스토리,KOSDAQ,정보서비스업,2025,18,13,5,0.278,4.08,4,4.3,1.075,62000000,51000000,0.823,,4475,19283737125,4309215,20260908
278990,"EMB CO.,LTD.",EMB,KONEX,전기장비,2025,18,13,5,0.278,6.61,6.57,6.72,1.023,51846153.85,48400000,0.934,,3100,25000808700,8064777,20260908
363280,"TY Holdings Co., Ltd.",티와이홀딩스,KOSPI,금융업,2025,18,15,3,0.167,2.75,2.58,3.58,,128000000,75000000,,fewer than 5 of one sex,2090,95089425970,45497333,20260908
476710,"TAJOY entertainment co., LTD",타조이엔터테인먼트,KONEX,창작·예술·여가,2025,18,5,13,0.722,2.74,4.4,2.1,0.477,28000000,23000000,0.821,,17000,17000000000,1000000,20260908
333430,"IL SEUNG Co., LTD",일승,KOSDAQ,기타 운송장비,2025,18,16,2,0.111,2.47,2.2,4.6,,48309000,57175000,,fewer than 5 of one sex,3795,116608004865,30726747,20260908
090370,"METALABS CO., LTD.",메타랩스,KOSPI,의복 제조,2025,18,7,11,0.611,4.96,7.92,3.08,0.389,42501970,48284500,1.136,,1257,34321994073,27304689,20260908
093230,"E Investment&Development CO.,LTD",이아이디,,도매·상품중개,2025,18,13,5,0.278,3.94,4.08,3.58,0.877,74000000,45000000,0.608,,,,,
332190,"OceansBio Co., Ltd.",오션스바이오,KONEX,의료·정밀·광학기기,2025,18,13,5,0.278,1.58,1.67,1.33,0.796,62319634,39400000,0.632,,3105,4588690095,1477839,20260908
322780,"COPUS KOREA Co., Ltd.",코퍼스코리아,KOSDAQ,영상·오디오 제작,2025,18,3,15,0.833,3.13,3.16,3.12,,123536666.67,57106400,,fewer than 5 of one sex,1839,27601668696,15009064,20260908
012320,"KYUNGDONG INVEST CO., LTD.",경동인베스트,KOSPI,금융업,2025,17,14,3,0.176,4.1,4.4,2.7,,87561000,77245000,,fewer than 5 of one sex,47100,111392583300,2365023,20260908
017680,"DECO&F CO.,LTD.",데코앤에프,,의복 제조,2025,17,2,15,0.882,1.71,1.42,1.75,,52000000,51000000,,fewer than 5 of one sex,,,,
452300,"Capstone Partners Co., Ltd.",캡스톤파트너스,KOSDAQ,금융업,2025,17,9,8,0.471,4.55,5.4,3.6,0.667,136000000,53000000,0.39,,2375,33652574375,14169505,20260908
009440,"KC Green Holdings Co.,Ltd.",KC그린홀딩스,KOSPI,금융업,2025,17,9,8,0.471,6.34,7.08,5.5,0.777,75077000,34316000,0.457,,756,17568790596,23239141,20260908
465770,STX Green Logis Ltd,STX그린로지스,KOSPI,수상운송,2025,17,8,9,0.529,1.34,1.39,1.29,0.928,77000000,62000000,0.805,,3800,27429844000,7218380,20260908
060910,PREGEN INC.,프리젠,,농업,2025,17,13,4,0.235,5.12,6.31,1.25,,35452741,27700000,,fewer than 5 of one sex,,,,
051390,YW COMPANY LIMITED,YW,KOSDAQ,도매·상품중개,2025,17,10,7,0.412,6.65,8.24,4.39,0.533,98090800,31970000,0.326,,3930,44626596240,11355368,20260908
289170,"Bioten Co., Ltd",바이오텐,KONEX,식료품 제조,2025,17,9,8,0.471,2.5,2.58,2.42,0.938,43000000,34000000,0.791,,3175,11355987575,3576689,20260908
322970,"Moogene Medi Co., Ltd.",무진메디,KONEX,연구개발업,2025,16,12,4,0.25,4.75,4.52,5.44,,51179000,48848000,,fewer than 5 of one sex,1950,19667093550,10085689,20260908
413300,"TL Engineering Co., Ltd.",티엘엔지니어링,KONEX,건축기술·엔지니어링,2025,16,14,2,0.125,3.75,4,2,,75000000,46000000,,fewer than 5 of one sex,2145,2898999675,1351515,20260908
214610,"RollingStone Co., Ltd.",롤링스톤,KOSDAQ,의료·정밀·광학기기,2025,16,10,6,0.375,3.02,2.83,3.33,1.177,58000000,48000000,0.828,,2290,19197807380,8383322,20260908
109960,APTOCROM Inc.,앱토크롬,KOSDAQ,도매·상품중개,2025,16,15,1,0.063,5.7,5.5,8.68,,53340400,,,not reported,1903,28796639399,15132233,20260908
288330,"PARATAXIS KOREA, INC.",파라택시스코리아,KOSDAQ,기타 과학기술 서비스,2025,16,7,9,0.563,3.96,3.17,4.58,1.445,82152000,68626000,0.835,,416,44129674368,106080948,20260908
052020,STCUBE,에스티큐브,KOSDAQ,도매·상품중개,2025,16,4,12,0.75,2.77,5.4,1.9,,102000000,54000000,,fewer than 5 of one sex,8030,545905826730,67983291,20260908
032680,"SOFTCEN CO., LTD.",소프트센,KOSDAQ,정보서비스업,2025,16,13,3,0.188,2.22,2.5,1,,82837000,48390000,,fewer than 5 of one sex,887,20450566447,23055881,20260908
222160,NPX Inc.,엔피엑스,,기타 기계·장비,2025,16,13,3,0.188,6.66,5.8,10.4,,54000000,38000000,,fewer than 5 of one sex,,,,
094970,"JMT CO.,Ltd.",제이엠티,KOSDAQ,전자부품·컴퓨터·통신장비,2025,15,12,3,0.2,7.12,8,3.58,,85930000,33404000,,fewer than 5 of one sex,2635,44131612400,16748240,20260908
251280,"AngioLab, Inc.",안지오랩,KONEX,연구개발업,2025,15,10,5,0.333,5.26,5.93,3.93,0.663,52934800,42351600,0.8,,3300,11523171000,3491870,20260908
145270,"K-TOP REITS CO.,LTD.",케이탑리츠,KOSPI,부동산업,2025,15,14,1,0.067,2.91,2.84,3.84,,62425647,54808540,,fewer than 5 of one sex,792,38064133008,48060774,20260908
208640,"Thumbage Co., Ltd.",썸에이지,KOSDAQ,출판업,2025,15,6,9,0.6,1.98,1.58,2.25,1.424,33294000,35661000,1.071,,726,10108842150,13924025,20260908
094860,"NEORIGIN Co., Ltd.",네오리진,KOSDAQ,출판업,2025,15,6,9,0.6,3.34,4.3,2.7,0.628,102000000,47000000,0.461,,1484,78815260776,53110014,20260908
284620,"KAINOS MEDICINE, INC.",카이노스메드,KOSDAQ,연구개발업,2025,15,6,9,0.6,4.22,5.42,3.42,0.631,59000000,83000000,1.407,,1087,35965517911,33086953,20260908
327610,Femtobiomed Inc.,펨토바이오메드,,의료·정밀·광학기기,2025,15,8,7,0.467,2.05,2.37,1.69,0.713,65827875,50027571.43,0.76,,,,,
054800,"IDIS Holdings Co., Ltd",아이디스홀딩스,KOSDAQ,전문서비스업,2025,14,14,,,7.08,7.08,,,75000000,,,not reported,15170,156975458520,10347756,20260908
072470,"WOORY INDUSTRIAL HOLDINGS CO.,LTD.",우리산업홀딩스,KOSDAQ,자동차·트레일러,2025,14,12,2,0.143,3.77,3.7,4.2,,71800000,63874000,,fewer than 5 of one sex,2360,44574124760,18887341,20260908
026970,DEBEC SAVINGS BANK.,대백저축은행,,금융업,2025,14,7,7,0.5,14,12,16,1.333,66000000,50000000,0.758,,,,,
001140,"KUKBO Co.,LTD",국보,,육상운송,2025,14,9,5,0.357,7.59,9.8,3.6,0.367,26000000,49000000,1.885,,,,,
021880,MASON CAPITAL CORPORATION,메이슨캐피탈,KOSDAQ,금융업,2025,14,11,3,0.214,3.39,3.3,3.7,,75296000,45352000,,fewer than 5 of one sex,1303,27647627320,21218440,20260908
136510,"Smart Solutions Co.,Ltd.",스마트솔루션즈,,기타 기계·장비,2025,13,10,3,0.231,3.02,3.33,2,,57561001,56800000,,fewer than 5 of one sex,,,,
302920,"The Contents On Co., Ltd.",더콘텐츠온,KONEX,영상·오디오 제작,2025,13,4,9,0.692,4.45,4.8,4.3,,44659000,28071000,,fewer than 5 of one sex,1300,5918066700,4552359,20260908
005450,"SHINHAN ENGINEERING & CONSTRUCTION CO.,LTD",신한,,종합 건설,2025,13,13,,,3.35,3.35,,,19099000,,,not reported,,,,
200350,Artist Studio Inc.,아티스트스튜디오,KOSDAQ,영상·오디오 제작,2025,13,4,9,0.692,1.95,0.33,2.67,,111804000,47803000,,fewer than 5 of one sex,2525,25239963125,9996025,20260908
012630,"HDC HOLDINGS CO.,Ltd",HDC,KOSPI,금융업,2025,13,9,4,0.308,2.13,2.5,1.3,,86000000,49000000,,fewer than 5 of one sex,23350,1394969185350,59741721,20260908
046400,"Hustory Co., Ltd.",휴스토리,,전자부품·컴퓨터·통신장비,2025,13,11,2,0.154,6.79,7.22,4.4,,53518818.18,32000000,,fewer than 5 of one sex,,,,
276240,"Elivision Co., Ltd.",엘리비젼,KONEX,전자부품·컴퓨터·통신장비,2025,12,10,2,0.167,4.58,5.3,1,,45500000,34000000,,fewer than 5 of one sex,581,7153933178,12313138,20260908
047730,"TELAUM CO., LTD.",텔라움,,전자부품·컴퓨터·통신장비,2025,12,9,3,0.25,2.83,2.91,2.6,,30000000,64000000,,fewer than 5 of one sex,,,,
149300,"APURES CO., LTD.",아퓨어스,,연구개발업,2025,12,11,1,0.083,7.59,7.92,4,,51036636.36,28600000,,fewer than 5 of one sex,,,,
036530,"SNT Holdings CO.,LTD",SNT홀딩스,KOSPI,금융업,2025,12,9,3,0.25,8.82,9.43,7,,200000000,173000000,,fewer than 5 of one sex,47000,766282642000,16303886,20260908
066670,"DTC Co., Ltd.",디티씨,KOSDAQ,부동산업,2025,12,7,5,0.417,16.92,18,15.4,0.856,74000000,62000000,0.838,,3190,59627218420,18691918,20260908
266170,"Redwoods Co., Ltd",레드우즈,KONEX,영상·오디오 제작,2025,12,9,3,0.25,0.08,0.08,0.08,,4122777.78,4067666.67,,fewer than 5 of one sex,1050,1366092000,1301040,20260908
008060,"DAEDUCK Co.,LTD",대덕,KOSPI,금융업,2025,12,8,4,0.333,11.9,13.2,9.3,,103000000,56000000,,fewer than 5 of one sex,14440,451785695120,31287098,20260908
033560,"BLUECOM CO.,LTD",블루콤,KOSDAQ,전자부품·컴퓨터·통신장비,2025,12,8,4,0.333,12.01,15.2,5.64,,54892000,31538000,,fewer than 5 of one sex,4485,76693500000,17100000,20260908
038340,"MUGUNGHWA INFORMATION TECHNOLOGY CO., LTD.",무궁화인포메이션테크놀로지,,전자부품·컴퓨터·통신장비,2025,12,9,3,0.25,3.5,4,2,,84265469,42028603,,fewer than 5 of one sex,,,,
210120,"CANVAS N Co.,Ltd.",캔버스엔,KOSDAQ,영상·오디오 제작,2025,12,7,5,0.417,4.28,2.49,6.78,2.723,68991857.14,51901600,0.752,,1698,16462094718,9694991,20260908
223220,"Logis Mon, Inc.",로지스몬,KONEX,창고·운송 관련,2025,12,9,3,0.25,3.71,4.06,2.67,,46666666.67,29000000,,fewer than 5 of one sex,111,949535958,8554378,20260908
041190,"Woori Technology Investment Co., Ltd",우리기술투자,KOSDAQ,금융업,2025,11,7,4,0.364,4.95,3.9,6.8,,129000000,74000000,,fewer than 5 of one sex,5760,459648000000,79800000,20260908
093510,"NGVI, INC.",엔지브이아이,KONEX,자동차·트레일러,2025,11,11,,,14.67,14.67,,,41000000,,,not reported,595,3581900000,6020000,20260908
352770,Celestra Inc.,셀레스트라,KOSDAQ,의료용 물질·의약품,2025,11,9,2,0.182,1.6,1.77,0.83,,97900026.11,30990004,,fewer than 5 of one sex,5250,13610136750,2592407,20260908
111870,"KH Mirae Corporation Co., Ltd.",케이에이치미래물산,,전자부품·컴퓨터·통신장비,2025,11,10,1,0.091,3.04,3.04,,,34676000,28839000,,fewer than 5 of one sex,,,,
000140,"HITEJINRO HOLDINGS CO., LTD",하이트진로홀딩스,KOSPI,금융업,2025,11,9,2,0.182,19.45,19.33,20,,274000000,126000000,,fewer than 5 of one sex,8000,185654120000,23206765,20260908
052300,"Ocean In W Co.,Ltd.",오션인더블유,KOSDAQ,도매·상품중개,2025,11,8,3,0.273,4.9,5.2,4.11,,129250000,43666666.67,,fewer than 5 of one sex,1468,23846379904,16244128,20260908
101390,"IMCo.,LTD",아이엠,,전자부품·컴퓨터·통신장비,2025,11,9,2,0.182,2.82,3.35,0.43,,95000000,37000000,,fewer than 5 of one sex,,,,
002030,"ASIA HOLDINGS CO.,LTD",아세아,KOSPI,전문서비스업,2025,10,8,2,0.2,18.83,20.2,13.33,,110250000,59243000,,fewer than 5 of one sex,209000,430300068000,2058852,20260908
005110,HANCHANG CORPORATION,한창,KOSPI,도매·상품중개,2025,10,5,5,0.5,1.55,1.1,2,1.818,73000000,46000000,0.63,,1254,26467434378,21106407,20260908
065170,BL Pharmtech Corp.,비엘팜텍,KOSDAQ,도매·상품중개,2025,10,5,5,0.5,6.17,7.5,4.83,0.644,40000000,35000000,0.875,,2300,64201723900,27913793,20260908
101400,"N CITRON, INC.",엔시트론,KOSDAQ,전자부품·컴퓨터·통신장비,2025,10,6,4,0.4,6.54,5.9,7.5,,80000000,49000000,,fewer than 5 of one sex,1690,19843621720,11741788,20260908
279060,INNOVEX Company Limited,이노벡스,KONEX,의료·정밀·광학기기,2025,10,8,2,0.2,2.8,2.42,4.33,,70648000,55010000,,fewer than 5 of one sex,115,1127904590,9807866,20260908
065420,"SI RESOURCES CO.,LTD.",에스아이리소스,KOSDAQ,화학물질·화학제품,2025,10,7,3,0.3,5.17,4,7.9,,62000000,52000000,,fewer than 5 of one sex,940,7283384140,7748281,20260908
254160,JM-MULTI,제이엠멀티,KONEX,목재 제조,2025,9,6,3,0.333,7.2,7.3,7,,58337000,63072000,,fewer than 5 of one sex,3195,16486200000,5160000,20260908
002480,"Pumyang Co., Ltd.",범양사,,섬유제품 제조,2025,9,7,2,0.222,13.96,15.09,10,,43217000,41883000,,fewer than 5 of one sex,,,,
019570,"GMI Venture Co.,Ltd",GMI벤처,KOSDAQ,금융업,2025,9,5,4,0.444,2.63,2.1,3.3,,68120000,59124000,,fewer than 5 of one sex,2870,27394161480,9545004,20260908
299480,"G&E Healthcare Co., Ltd.",지앤이헬스케어,KONEX,섬유제품 제조,2025,8,1,7,0.875,7.06,7,7.07,,52715000,43312571.43,,fewer than 5 of one sex,546,6061005678,11100743,20260908
001800,ORION Holdings Corp.,오리온홀딩스,KOSPI,금융업,2025,8,7,1,0.125,16,11,51,,318000000,1049000000,,fewer than 5 of one sex,25500,1533994626000,60156652,20260908
043710,"CosLeaguer Global Co., Ltd.",코스리거글로벌,KOSDAQ,도매·상품중개,2025,8,2,6,0.75,1.11,1.67,0.92,,64340000,53448000,,fewer than 5 of one sex,3135,54274693770,17312502,20260908
072710,Nongshim Holdings,농심홀딩스,KOSPI,금융업,2025,8,5,3,0.375,6.61,9.2,2.3,,98000000,58000000,,fewer than 5 of one sex,93200,432242028000,4637790,20260908
054630,Advanced Digital Chips Inc.,에이디칩스,,기타 제품 제조,2025,8,5,3,0.375,8.76,11.62,4,,78641600,23667000,,fewer than 5 of one sex,,,,
214310,"Loa & Co Co., Ltd.",로아앤코,,전문서비스업,2025,8,4,4,0.5,4.5,2,7,,75487000,23401000,,fewer than 5 of one sex,,,,
204210,JK River Stone Real Estate Investment Trust Incorporated,제이케이리버스톤자기관리부동산투자회사,,부동산업,2025,8,4,4,0.5,2.46,2,2.92,,78798000,42967000,,fewer than 5 of one sex,,,,
277070,Lindeman Asia Investment Corporation,린드먼아시아,KOSDAQ,금융업,2025,8,5,3,0.375,4.13,2.7,6.5,,116000000,82000000,,fewer than 5 of one sex,3000,41076000000,13692000,20260908
042420,NEOWIZ HOLDINGS Corporation,네오위즈홀딩스,KOSDAQ,출판업,2025,7,4,3,0.429,6.46,5.3,8,,85000000,49000000,,fewer than 5 of one sex,23900,194600563700,8142283,20260908
007700,"F&F Holdings Co., Ltd.",F&F 홀딩스,KOSPI,금융업,2025,7,3,4,0.571,5.92,9.92,2.92,,145344000000,81350000000,,fewer than 5 of one sex,14060,549948000020,39114367,20260908
499790,"GS P&L Co., Ltd.",GS피앤엘,KOSPI,금융업,2025,7,6,1,0.143,1.1,1.1,1.1,,,,,not reported,40300,799182892300,19830841,20260908
003480,"HANJIN HEAVY IND. & CONST. HOLDINGS CO., LTD",한진중공업홀딩스,KOSPI,전기·가스·증기,2025,7,6,1,0.143,17.84,19.8,6.1,,106078000,67222000,,fewer than 5 of one sex,4735,139823659820,29529812,20260908
258050,"Tech Trans co., Ltd",테크트랜스,KONEX,금속가공제품,2025,7,4,3,0.429,4.1,4.52,3.53,,33474372,41287213.33,,fewer than 5 of one sex,449,5004531101,11145949,20260908
010600,"WELLBIOTEC CO.,LTD",웰바이오텍,,도매·상품중개,2025,7,4,3,0.429,,,,,56000000,48000000,,fewer than 5 of one sex,,,,
032980,"BYON Co., Ltd.",바이온,,도매·상품중개,2025,7,6,1,0.143,1.13,1.12,1.21,,68223000,25407000,,fewer than 5 of one sex,,,,
148140,"BDI Co., LTD.",비디아이,,기타 기계·장비,2025,6,5,1,0.167,32.9,39,2.4,,59100000,45751000,,fewer than 5 of one sex,,,,
001000,SillaTextile,신라섬유,KOSDAQ,부동산업,2025,6,5,1,0.167,10.04,10.04,10.07,,37355800,31008000,,fewer than 5 of one sex,462,11216223480,24277540,20260908
229640,LS Eco Energy Ltd.,LS에코에너지,KOSPI,금융업,2025,6,5,1,0.167,7.73,7.3,9.9,,75000000,67000000,,fewer than 5 of one sex,46650,1428650605350,30624879,20260908
403810,"IL ROBOTICS CO., LTD.",아이엘로보틱스,KONEX,전자부품·컴퓨터·통신장비,2025,6,5,1,0.167,2,2.2,1,,64000000,30000000,,fewer than 5 of one sex,2190,21762787740,9937346,20260908
068420,"ENTERMEDIA CO., LTD",엔터미디어,,전자부품·컴퓨터·통신장비,2025,6,4,2,0.333,6.17,6.92,4.67,,84000000,37000000,,fewer than 5 of one sex,,,,
238500,"Solumix co,.Ltd.",솔루믹스,KONEX,기타 과학기술 서비스,2025,6,4,2,0.333,2.1,1.7,2.9,,35658000,36381000,,fewer than 5 of one sex,475,9883469400,20807304,20260908
035610,"SOLBORN, Inc.",솔본,KOSDAQ,전문서비스업,2025,5,4,1,0.2,6.12,6.9,3,,45000000,36000000,,fewer than 5 of one sex,4795,131124055615,27345997,20260908
009280,"DAHAAM e-TEC CO., LTD",다함이텍,,전자부품·컴퓨터·통신장비,2025,5,3,2,0.4,12.82,12.42,13.42,,78278000,43444000,,fewer than 5 of one sex,,,,
241590,"HWASEUNG ENTERPRISE CO.,LTD",화승엔터프라이즈,KOSPI,가죽·신발 제조,2025,5,4,1,0.2,3.68,4.45,0.59,,56000000,34000000,,fewer than 5 of one sex,2890,175103007640,60589276,20260908
009760,Korea Holidings Incorporated,한국지주,,금융업,2025,5,4,1,0.2,9.2,11,2,,83301000,34550000,,fewer than 5 of one sex,,,,
222670,"Plumbline Life Sciences, Inc.",플럼라인생명과학,KONEX,연구개발업,2025,5,4,1,0.2,2,1.75,3,,74500000,58000000,,fewer than 5 of one sex,4635,18692639820,4032932,20260908
161570,"THE MIDONG Co,. Ltd",더미동,,전자부품·컴퓨터·통신장비,2025,5,3,2,0.4,7.08,6.4,8.1,,80551000,44906000,,fewer than 5 of one sex,,,,
000590,"CS Holdings Co.,Ltd.",CS홀딩스,KOSPI,금융업,2025,4,3,1,0.25,2.92,3.42,1.42,,50587000,64206000,,fewer than 5 of one sex,66700,77003949400,1154482,20260908
100250,CHINYANG HOLDINGS CORPORATION,진양홀딩스,KOSPI,고무·플라스틱,2025,4,4,0,0,14,14,0,,43000000,0,,fewer than 5 of one sex,3165,202243500000,63900000,20260908
025530,"SJM HOLDINGS CO.,LTD",에스제이엠홀딩스,KOSPI,자동차 판매,2025,4,4,,,10.43,10.43,,,58733000,,,not reported,3575,53389078600,14934008,20260908
060300,"REDROVER CO.,LTD",레드로버,,영상·오디오 제작,2025,4,4,,,0.83,0.83,,,45000000,,,not reported,,,,
266350,"PangSky Co., Ltd.",팡스카이,KONEX,출판업,2025,4,4,,,4.13,4.13,,,3432672.5,,,not reported,398,5026568860,12629570,20260908
341170,"Future Medicine Co., Ltd.",퓨쳐메디신,KONEX,연구개발업,2025,4,3,1,0.25,5.32,4.83,6.8,,56548333.33,19837000,,fewer than 5 of one sex,496,5224469680,10533205,20260908
033030,"GEOMC CO., LTD.",지오엠씨,,전자부품·컴퓨터·통신장비,2025,3,2,1,0.333,5.2,5.67,4.25,,53700000,66287680,,fewer than 5 of one sex,,,,
111820,"G.U.ON Co., Ltd.",지유온,,정보서비스업,2025,3,3,,,,,,,70000000,,,not reported,,,,
140910,A SELF-ADMINISTERED REAL ESTATE INVESTMENT TRUST INC.,에이자기관리부동산투자회사,,부동산업,2025,3,2,1,0.333,8,8,,,50552000,33898000,,fewer than 5 of one sex,,,,
457630,Daishin Balance No.16 Special Purpose Acquisition Company,대신밸런스제16호기업인수목적,,금융·보험 관련 서비스,2025,3,1,2,0.667,2.92,2.92,,,,,,not reported,,,,
023460,"CNH C0., LTD.",씨앤에이치,,금융업,2025,3,,3,1,19,,19,,0,56000000,,headcount not reported,,,,
043590,"WELKEEPS HITECH CO.,LTD",웰킵스하이텍,KOSDAQ,전자부품·컴퓨터·통신장비,2025,3,2,1,0.333,4.67,6.5,1,,68206000,72000000,,fewer than 5 of one sex,1463,19850541403,13568381,20260908
900100,PHIONX,파이온엑스,KOSDAQ,자동차 판매,2025,3,3,,,7,7,,,96000000,,,not reported,2080,10974184000,5276050,20260908
266470,BioInfra Life Science Inc.,바이오인프라생명과학,KONEX,연구개발업,2025,3,2,1,0.333,1.39,1.42,1.33,,105000000,41000000,,fewer than 5 of one sex,98,2730869862,27866019,20260908
025340,"Green Technology Investment Co.,Ltd.",그린기술투자,,금융업,2025,2,2,,,10,10,,,40000000,,,not reported,,,,
039670,"The Sports Seoul Co., Ltd.",스포츠서울,,출판업,2025,2,1,1,0.5,14.75,4.5,25,,62046000,56763000,,fewer than 5 of one sex,,,,
007540,SEMPIO COMPANY,샘표,KOSPI,금융업,2025,2,1,1,0.5,17.2,13.4,21,,,,,not reported,42950,123515610000,2875800,20260908
465320,Kyobo 15 Special Purpose Acquisition Company,교보15호스팩,KOSDAQ,금융·보험 관련 서비스,2025,2,2,,,2.42,2.42,,,,,,not reported,2135,8134350000,3810000,20260908
482520,Kyobo 16 Special Purpose Acquisition Company,교보16호스팩,KOSDAQ,금융·보험 관련 서비스,2025,2,2,,,1.58,1.58,,,,,,not reported,2055,12535500000,6100000,20260908
489210,Kyobo 17 Special Purpose Acquisition Company,교보17호스팩,KOSDAQ,금융·보험 관련 서비스,2025,2,2,,,1.42,1.42,,,,,,not reported,2040,10567200000,5180000,20260908
477340,HMCIB No.7 Special Purpose Acquisition Company,에이치엠씨제7호스팩,KOSDAQ,금융·보험 관련 서비스,2025,2,2,,,2.5,2.5,,,,,,not reported,2060,15470600000,7510000,20260908
090740,Y&NEXT Inc.,와이앤넥스트,,전자부품·컴퓨터·통신장비,2025,2,2,,,4,4,,,60000000,,,not reported,,,,
462020,HMCIB No.6 Special Purpose Acquisition Company Corp.,에이치엠씨아이비제6호기업인수목적,,금융·보험 관련 서비스,2025,2,2,,,2.5,2.5,,,,,,not reported,,,,
002670,MijuSteelMfg,미주제강,,1차 금속,2025,2,2,,,1,1,,,33000000,,,not reported,,,,
456490,Kyobo 14 Special Purpose Acquisition Company,교보14호기업인수목적,,금융·보험 관련 서비스,2025,2,2,,,2.83,2.83,,,,,,not reported,,,,
026220,"STC LIFE Co.,Ltd.",에스티씨라이프,,소매업,2025,2,1,1,0.5,12,19,5,,39000000,40008000,,fewer than 5 of one sex,,,,
001590,"ILHWA WOOL TEXTILE IND CO.,LTD",일화모직공업,,섬유제품 제조,2025,1,1,,,1,1,,,65000000,,,not reported,,,,
054340,PEOPLE & TELECOMMUNICATION INC.,피앤텔,,전자부품·컴퓨터·통신장비,2025,1,1,,,6,6,,,43000000,,,not reported,,,,
058480,"HAE WON STEELTECH.CO.,LTD",해원에스티,,1차 금속,2025,1,1,,,11.8,11.8,,,66760000,,,not reported,,,,
038160,"PAXNet, Inc.",팍스넷,,정보서비스업,2025,1,0,1,1,4,,4,,,301000000,,not reported,,,,
472230,SK Securities No.11 Special Purpose Acquisition Company,SK증권제11호스팩,KOSDAQ,금융·보험 관련 서비스,2025,1,1,,,1.42,1.42,,,,,,not reported,2100,8725500000,4155000,20260908
469900,Hana 31 Special Purpose Acquisition Company,하나31호스팩,KOSDAQ,금융·보험 관련 서비스,2025,1,,1,1,2,,2,,,,,not reported,2095,11742475000,5605000,20260908
469480,IBKS No.24 Special Purpose Acquisition Company,IBKS제24호스팩,KOSDAQ,금융·보험 관련 서비스,2025,1,,1,1,2.25,,2.25,,,,,not reported,2130,9009900000,4230000,20260908
475250,Hana 33 Special Purpose Acquisition Company,하나33호스팩,KOSDAQ,금융·보험 관련 서비스,2025,1,1,,,1.83,1.83,,,,,,not reported,2087,7721900000,3700000,20260908
487830,Shinhan 15th Special Purpose Acquisition Company,신한제15호스팩,KOSDAQ,금융·보험 관련 서비스,2025,1,1,,,,,,,,,,not reported,2045,8895750000,4350000,20260908
484130,Hana Thirty-four Special Purpose Acquisition Company,하나34호스팩,KOSDAQ,금융·보험 관련 서비스,2025,1,1,,,1.58,1.58,,,,,,not reported,2040,9220800000,4520000,20260908
475240,Hana 32 Special Purpose Acquistion Company,하나32호스팩,KOSDAQ,금융·보험 관련 서비스,2025,1,1,,,2,2,,,,,,not reported,2095,6704000000,3200000,20260908
473950,SK Securities No.13 Special Purpose Acquisition Company,SK증권제13호스팩,KOSDAQ,금융·보험 관련 서비스,2025,1,1,,,1.58,1.58,,,,,,not reported,2055,9083100000,4420000,20260908
482690,Daishin Balance No.19 Special Purpose Acquisition Company,대신밸런스제19호스팩,KOSDAQ,금융·보험 관련 서비스,2025,1,,1,1,1.67,,1.67,,,,,not reported,2095,11763425000,5615000,20260908
498390,Hanwha Plus No 5 Special Purpose Acquisition Company,한화플러스제5호스팩,KOSDAQ,금융·보험 관련 서비스,2025,1,1,,,3,3,,,,,,not reported,2035,10093600000,4960000,20260908
473000,SK Securities No.12 Special Purpose Acquisition Company,SK증권제12호스팩,KOSDAQ,금융·보험 관련 서비스,2025,1,1,,,1.67,1.67,,,,,,not reported,2080,6884800000,3310000,20260908
474930,Shinhan 13th Special Purpose Acquisition Company,신한제13호스팩,KOSDAQ,금융·보험 관련 서비스,2025,1,1,,,2.17,2.17,,,0,,,not reported,2100,7602000000,3620000,20260908
474660,Shinhan 12th Special Purpose Acquisition Company,신한제12호스팩,KOSDAQ,금융·보험 관련 서비스,2025,1,,1,1,1.75,,1.75,,,,,not reported,2090,11536800000,5520000,20260908
479880,"Korea No.15 Special Purpose Acquisition Co., Ltd.",한국제15호스팩,KOSDAQ,금융·보험 관련 서비스,2025,1,1,,,1,1,,,,,,not reported,2065,14186550000,6870000,20260908
455910,SK Securities No.9 Special Purpose Acquisition Company,에스케이증권제9호기업인수목적,,금융·보험 관련 서비스,2025,1,1,,,1.83,1.83,,,,,,not reported,,,,
466690,Kiwoom Hero No.1 Special Purpose Acquisition Company,키움히어로제1호스팩,KOSDAQ,금융·보험 관련 서비스,2025,1,1,,,2.42,2.42,,,,,,not reported,2000,10190000000,5095000,20260908
450050,HI Special Purpose Acquisition Company Ⅷ,하이제8호기업인수목적,,금융·보험 관련 서비스,2025,1,,1,1,,,,,,,,not reported,,,,
008800,HAENGNAM INC.,행남사,,식료품 제조,2025,1,1,,,6.1,6.1,,,65808000,,,not reported,,,,
452980,Shinhan 11th Special Purpose Acquisition Company,신한제11호기업인수목적,,금융·보험 관련 서비스,2025,1,1,,,2,2,,,,,,not reported,,,,
496070,Shinhan 16th Special Purpose Acquisition Company,신한제16호스팩,KOSDAQ,금융·보험 관련 서비스,2025,1,1,,,1,1,,,,,,not reported,2010,11296200000,5620000,20260908
455310,Hanwha Plus No 4 Special Purpose Acquisition Company,한화플러스제4호기업인수목적,,금융·보험 관련 서비스,2025,1,1,,,3,3,,,,,,not reported,,,,
457940,SK Securities No.10 Special Purpose Acquisition Company,에스케이증권제10호기업인수목적,,금융·보험 관련 서비스,2025,1,1,,,2.5,2.5,,,,,,not reported,,,,
458610,"Korea No.12 Special Purpose Acquisition Co., LTD.",한국제12호기업인수목적,,금융·보험 관련 서비스,2025,1,1,,,1,1,,,,,,not reported,,,,
487360,Shinhan 14th Special Purpose Acquisition Company,신한제14호스팩,KOSDAQ,금융·보험 관련 서비스,2025,1,1,,,1.5,1.5,,,,,,not reported,2035,11477400000,5640000,20260908
464440,"Korea No.13 Special Purpose Acquisition Co., LTD.",한국제13호기업인수목적,,금융·보험 관련 서비스,2025,1,,1,1,2.42,,2.42,,,,,not reported,,,,
469880,Hana 30 Special Purpose Acquisition Company,하나30호기업인수목적,,금융·보험 관련 서비스,2025,1,1,,,0.83,0.83,,,,,,not reported,,,,
471050,Daishin Balance No.17 Special Purpose Acquisition Company,대신밸런스제17호기업인수목적,,금융·보험 관련 서비스,2025,1,1,,,2.17,2.17,,,,,,not reported,,,,
467930,IBKS No.23 Special Purpose Acquisition Company,아이비케이에스제23호기업인수목적,,금융·보험 관련 서비스,2025,1,1,,,2,2,,,0,0,,headcount not reported,,,,
334890,"IGIS Value Plus REIT Co., Ltd.",이지스밸류플러스리츠,KOSPI,부동산업,2025,,,,,,,,,,,,not reported,3565,247584554895,69448683,20260908
052190,"SEYOUNG D&C Co., Ltd.",세영디앤씨,,창작·예술·여가,2025,,,,,,,,,,,,not reported,,,,
348950,JR GLOBAL REIT,제이알글로벌리츠,KOSPI,부동산업,2025,,,,,,,,,,,,not reported,1182,233298432000,197376000,20260908
357250,"Miraeasset Maps REIT 1 Co., Ltd.",미래에셋맵스리츠,KOSPI,부동산업,2025,,,,,,,,,,,,not reported,1905,47615675025,24995105,20260908
417310,KORAMCO THE ONE REIT,코람코더원리츠,KOSPI,부동산업,2025,,,,,,,,,,,,not reported,2365,95546000000,40400000,20260908
395400,"SK REIT Co., Ltd.",SK리츠,KOSPI,부동산업,2025,,,,,,,,,,,,not reported,5270,1586362857400,301017620,20260908
365550,"ESR Kendall Square REIT Co., Ltd.",ESR켄달스퀘어리츠,KOSPI,부동산업,2025,,,,,,,,,,,,not reported,3140,772719460000,246089000,20260908
900270,HENG SHENG HOLDING GROUP COMPANY LIMITED,헝셩그룹,KOSDAQ,금융업,2025,,,,,,,,,,,,not reported,2960,31708372480,10712288,20260908
065620,JENAX Inc.,제낙스,,1차 금속,2025,,0,0,,0,0,0,,24000000,30000000,,fewer than 5 of one sex,,,,
396690,"Mirae Asset Global REIT Co., Ltd.",미래에셋글로벌리츠,KOSPI,부동산업,2025,,,,,,,,,,,,not reported,1443,57151371420,39605940,20260908
036840,"Hucord Co., Ltd.",휴코드홀딩스,,연구개발업,2025,,,,,,,,,,,,not reported,,,,
330590,"LOTTE REIT Co., Ltd.",롯데리츠,KOSPI,부동산업,2025,,,,,,,,,,,,not reported,3935,1137092558540,288968884,20260908
468760,EUGENE SPECIAL PURPOSE ACQUISITION 10 COMPANY,유진스팩10호,KOSDAQ,금융·보험 관련 서비스,2025,,,,,,,,,,,,not reported,2080,8819200000,4240000,20260908
377190,"D&D Platform REIT Co., Ltd.",디앤디플랫폼리츠,KOSPI,부동산업,2025,,,,,,,,,,,,not reported,2170,191828000000,88400000,20260908
478390,KB No.29 Special Purpose Acquisition Company,KB제29호스팩,KOSDAQ,금융·보험 관련 서비스,2025,,,,,,,,,,,,not reported,2070,12875400000,6220000,20260908
357430,"MASTERN PREMIER REIT 1 Co., Ltd.",마스턴프리미어리츠,KOSPI,부동산업,2025,,,,,,,,,,,,not reported,980,29895200860,30505307,20260908
478110,Ebest Special Purpose Acquisition No6 Company,이베스트스팩6호,KOSDAQ,금융·보험 관련 서비스,2025,,,,,,,,,,,,not reported,2055,10316100000,5020000,20260908
293940,"Shinhan Alpha REIT Co,. Ltd.",신한알파리츠,KOSPI,부동산업,2025,,,,,,,,,,,,not reported,5390,651867262970,120940123,20260908
473050,Yuanta 15 SPECIAL PURPOSE ACQUISITION COMPANY,유안타제15호스팩,KOSDAQ,금융·보험 관련 서비스,2025,,,,,,,,,,,,not reported,2100,14721000000,7010000,20260908
477380,Mirae Asset Vision Special Purpose Acquisition 4 Company,미래에셋비전스팩4호,KOSDAQ,금융·보험 관련 서비스,2025,,,,,,,,,,,,not reported,2075,16807500000,8100000,20260908
477760,"DB Finance No.12 Special Purpose Acquisition Co., Ltd.",디비금융스팩12호,KOSDAQ,금융업,2025,,,,,,,,,,,,not reported,2075,12118000000,5840000,20260908
492220,KB No.31 Special Purpose Acquisition Company,KB제31호스팩,KOSDAQ,금융·보험 관련 서비스,2025,,,,,,,,,,,,not reported,2030,12606300000,6210000,20260908
489730,"DB Finance No.13 Special Purpose Acquisition Co., Ltd.",디비금융제13호스팩,KOSDAQ,금융업,2025,,,,,,,,,,,,not reported,2040,12917280000,6332000,20260908
474490,Yuanta 16 SPECIAL PURPOSE ACQUISITION COMPANY,유안타제16호스팩,KOSDAQ,금융·보험 관련 서비스,2025,,,,,,,,,,,,not reported,2080,11460800000,5510000,20260908
487720,Kiwoom No.10 Special Purpose Acquisition Company,키움제10호스팩,KOSDAQ,금융·보험 관련 서비스,2025,,,,,,,,,,,,not reported,2045,8650350000,4230000,20260908
477470,Mirae Asset Vision Special Purpose Acquisition 5 Company,미래에셋비전스팩5호,KOSDAQ,금융·보험 관련 서비스,2025,,,,,,,,,,,,not reported,2075,11371000000,5480000,20260908
481890,NH SPECIAL PURPOSE ACQUISITION 31 COMPANY,엔에이치스팩31호,KOSDAQ,금융·보험 관련 서비스,2025,,,,,,,,,,,,not reported,2065,13102425000,6345000,20260908
489480,Kiwoom No.11 Special Purpose Acquisition Company,키움제11호스팩,KOSDAQ,금융·보험 관련 서비스,2025,,,,,,,,,,,,not reported,2185,14421000000,6600000,20260908
493790,Yuanta 17 SPECIAL PURPOSE ACQUISITION COMPANY,유안타제17호스팩,KOSDAQ,금융·보험 관련 서비스,2025,,,,,,,,,,,,not reported,2025,10752750000,5310000,20260908
448730,"SamsungFN REIT Co., Ltd.",삼성FN리츠,KOSPI,부동산업,2025,,,,,,,,,,,,not reported,5290,481654500000,91050000,20260908
488060,EUGENE SPECIAL PURPOSE ACQUISITION 11 COMPANY,유진스팩11호,KOSDAQ,금융·보험 관련 서비스,2025,,,,,,,,,,,,not reported,2040,9628800000,4720000,20260908
472220,Shinyoung HappyTomorrow No.10 Special Purpose Acquisition Company,신영스팩10호,KOSDAQ,금융·보험 관련 서비스,2025,,,,,,,,,,,,not reported,2110,9895900000,4690000,20260908
478440,Mirae Asset Vision Special Purpose Acquisition 6 Company,미래에셋비전스팩6호,KOSDAQ,금융·보험 관련 서비스,2025,,,,,,,,,,,,not reported,2080,14414400000,6930000,20260908
481850,"Shinhan Global Active REIT Co., Ltd.",신한글로벌액티브리츠,KOSPI,금융업,2025,,,,,,,,,,,,not reported,982,42695066048,43477664,20260908
482680,Mirae Asset Vision Special Purpose Acquisition 7 Company,미래에셋비전스팩7호,KOSDAQ,금융·보험 관련 서비스,2025,,,,,,,,,,,,not reported,2055,16881825000,8215000,20260908
486630,KB No.30 Special Purpose Acquisition Company,KB제30호스팩,KOSDAQ,금융·보험 관련 서비스,2025,,,,,,,,,,,,not reported,2050,10885500000,5310000,20260908
404990,"Shinhan Seobu T&D REIT Co., Ltd.",신한서부티엔디리츠,KOSPI,부동산업,2025,,,,,,,,,,,,not reported,3840,236650982400,61627860,20260908
033550,"ELEDEX HOLDINGS CO.,LTD",일레덱스홀딩스,,도매·상품중개,2025,,,,,,,,,,,,not reported,,,,
451700,NH SPECIAL PURPOSE ACQUISITION 29 COMPANY,엔에이치기업인수목적29호,,금융·보험 관련 서비스,2025,,,,,,,,,,,,not reported,,,,
455250,KB No.25 Special Purpose Acquisition Company,케이비제25호기업인수목적,,금융·보험 관련 서비스,2025,,,,,,,,,,,,not reported,,,,
464680,KB No.27 Special Purpose Acquisition Company,케이비제27호기업인수목적,,금융·보험 관련 서비스,2025,,,,,,,,,,,,not reported,,,,
400760,"NH All-One REIT Co., Ltd.",NH올원리츠,KOSPI,부동산업,2025,,,,,,,,,,,,not reported,2790,153252677250,54929275,20260908
357120,"KORAMCO LIFE INFRA REIT CO.,LTD",코람코라이프인프라리츠,KOSPI,부동산업,2025,,,,,,,,,,,,not reported,4070,396154890780,97335354,20260908
466910,NH SPECIAL PURPOSE ACQUISITION 30 COMPANY,엔에이치기업인수목적30호,,금융·보험 관련 서비스,2025,,,,,,,,,,,,not reported,,,,
088260,E KOCREF CR-REIT,이리츠코크렙,KOSPI,부동산업,2025,,,,,,,,,,,,not reported,3165,200476132350,63341590,20260908
065310,"De Stellar Co.,LTD",더스텔라,,가죽·신발 제조,2025,,,,,,,,,,,,not reported,,,,
432320,"KB STAR REIT Co., Ltd.",KB스타리츠,KOSPI,부동산업,2025,,,,,,,,,,,,not reported,1512,227955598920,150764285,20260908
450940,"Yuanta 14 SPECIAL PURPOSE ACQUISITION COMPANY Co., Ltd.",유안타제14호기업인수목적,,금융·보험 관련 서비스,2025,,,,,,,,,,,,not reported,,,,
350520,"IGIS RESIDENCE REIT Co., Ltd.",이지스레지던스리츠,KOSPI,부동산업,2025,,,,,,,,,,,,not reported,3350,123501776700,36866202,20260908
068060,Kyung Chang Wiper Corporation,케이씨더블류,,부동산업,2025,,,,,,,,,,,,not reported,,,,
214870,"HanulBnC CO.,LTD",한울비앤씨,,도매·상품중개,2025,,,,,,,,,,,,not reported,,,,
444920,Yuanta 11 SPECIAL PURPOSE ACQUISITION COMPANY,유안타제11호기업인수목적,,금융·보험 관련 서비스,2025,,,,,,,,,,,,not reported,,,,
446150,Yuanta 12 SPECIAL PURPOSE ACQUISITION COMPANY,유안타제12호기업인수목적,,금융·보험 관련 서비스,2025,,,,,,,,,,,,not reported,,,,
338100,"NH Prime REIT Co., Ltd.",NH프라임리츠,KOSPI,부동산업,2025,,,,,,,,,,,,not reported,3810,71094600000,18660000,20260908
452670,Sangsangin No.4 Special Purpose Acquisition Company,상상인제4호기업인수목적,,금융·보험 관련 서비스,2025,,,,,,,,,,,,not reported,,,,
451800,"Hanwha REIT Co., Ltd.",한화리츠,KOSPI,부동산업,2025,,,,,,,,,,,,not reported,5320,955472000000,179600000,20260908