ticker,name_ko,name_en,market,dart_corp,industry_code,industry_name_ko,is_preferred_share,parent_ticker,entity_type,dart_status,match_method,close_price_krw,market_cap_krw,price_as_of
095570,AJ네트웍스,"AJ Networks Co.,Ltd.",KOSPI,00365387,76320,사업지원 서비스,false,,,matched,ticker,4170,188704005030,20260907
006840,AK홀딩스,"AK Holdings, Inc.",KOSPI,00125080,64992,금융업,false,,,matched,ticker,7580,100416512380,20260907
027410,BGF,"BGF CO., LTD.",KOSPI,00219097,64992,금융업,false,,,matched,ticker,3865,369945397215,20260907
282330,BGF리테일,"BGF retail CO., LTD.",KOSPI,01263022,47122,소매업,false,,,matched,ticker,150200,2596042681200,20260907
138930,BNK금융지주,BNK Financial Group Inc.,KOSPI,00858364,64992,금융업,false,,,matched,ticker,15800,4848068065800,20260907
001460,BYC,"BYC CO.,LTD",KOSPI,00122579,14120,의복 제조,false,,,matched,ticker,37750,235792162500,20260907
001465,BYC우,"BYC CO.,LTD (preferred)",KOSPI,00122579,14120,의복 제조,true,001460,preferred_share,matched_via_parent,preferred_parent_ticker,26950,58046257500,20260907
001040,CJ,CJ Corp.,KOSPI,00148540,64992,금융업,false,,,matched,ticker,132700,3871787634600,20260907
079160,CJ CGV,"CJ CGV CO.,LTD.",KOSPI,00303873,59141,영상·오디오 제작,false,,,matched,ticker,5400,894147103800,20260907
00104K,CJ4우(전환),CJ Corp. (preferred),KOSPI,00148540,64992,금융업,true,001040,preferred_share,matched_via_parent,preferred_parent_ticker,129800,548601257600,20260907
000120,CJ대한통운,CJ Logistics Corporation ,KOSPI,00113410,493,육상운송,false,,,matched,ticker,73700,1681269752800,20260907
011150,CJ씨푸드,CJ SEAFOOD CORPORATION,KOSPI,00129013,108,식료품 제조,false,,,matched,ticker,2020,72580161460,20260907
011155,CJ씨푸드1우,CJ SEAFOOD CORPORATION (preferred),KOSPI,00129013,108,식료품 제조,true,011150,preferred_share,matched_via_parent,preferred_parent_ticker,6440,1288000000,20260907
001045,CJ우,CJ Corp. (preferred),KOSPI,00148540,64992,금융업,true,001040,preferred_share,matched_via_parent,preferred_parent_ticker,69400,156859476200,20260907
097950,CJ제일제당,CJ CHEILJEDANG CORP.,KOSPI,00635134,108,식료품 제조,false,,,matched,ticker,182800,2751905200800,20260907
097955,CJ제일제당 우,CJ CHEILJEDANG CORP. (preferred),KOSPI,00635134,108,식료품 제조,true,097950,preferred_share,matched_via_parent,preferred_parent_ticker,121400,161150366200,20260907
000480,CR홀딩스,"CR Holdings Co., LTD.",KOSPI,00148984,2321,비금속 광물제품,false,,,matched,ticker,4505,211241657450,20260907
000590,CS홀딩스,"CS Holdings Co.,Ltd.",KOSPI,00149026,64992,금융업,false,,,matched,ticker,67300,77696638600,20260907
012030,DB,DB Inc.,KOSPI,00163345,62021,컴퓨터 프로그래밍·SI,false,,,matched,ticker,1672,336362815976,20260907
005830,DB손해보험,"DB INSURANCE CO.,LTD",KOSPI,00159102,65121,보험·연금,false,,,matched,ticker,192400,12602267147600,20260907
016610,DB증권,"DB Securities Co.,Ltd",KOSPI,00115694,66121,금융·보험 관련 서비스,false,,,matched,ticker,9980,423614962220,20260907
000990,DB하이텍,"DB HiTek Co.,LTD",KOSPI,00160843,2611,전자부품·컴퓨터·통신장비,false,,,matched,ticker,100800,4385262470400,20260907
000300,DH오토넥스,"DHAUTONEX CO.,LTD",KOSPI,00126089,303,자동차·트레일러,false,,,matched,ticker,4200,174035631000,20260907
001530,DI동일,DI DONG IL CORPORATION,KOSPI,00118345,46103,도매·상품중개,false,,,matched,ticker,28300,586252074300,20260907
015590,DKME,"DKME Co., Ltd.",KOSPI,00108746,29176,기타 기계·장비,false,,,matched,ticker,1552,82871070016,20260907
000210,DL,"DL Holdings CO.,LTD",KOSPI,00109693,20111,화학물질·화학제품,false,,,matched,ticker,53800,1127426559200,20260907
000215,DL우,"DL Holdings CO.,LTD (preferred)",KOSPI,00109693,20111,화학물질·화학제품,true,000210,preferred_share,matched_via_parent,preferred_parent_ticker,24750,41731346250,20260907
375500,DL이앤씨,"DL E&C CO.,LTD.",KOSPI,01524093,412,종합 건설,false,,,matched,ticker,78000,3018102594000,20260907
37550L,DL이앤씨2우(전환),"DL E&C CO.,LTD. (preferred)",KOSPI,01524093,412,종합 건설,true,375500,preferred_share,matched_via_parent,preferred_parent_ticker,50000,105597550000,20260907
37550K,DL이앤씨우,"DL E&C CO.,LTD. (preferred)",KOSPI,01524093,412,종합 건설,true,375500,preferred_share,matched_via_parent,preferred_parent_ticker,25300,53481290500,20260907
007340,DN오토모티브,DN AUTOMOTIVE CORPORATION,KOSPI,00116949,28202,전기장비,false,,,matched,ticker,45500,2662244357500,20260907
004840,DRB동일,"DRB Holding Co.,Ltd",KOSPI,00118266,221,고무·플라스틱,false,,,matched,ticker,4045,77956712380,20260907
155660,DSR,DSR CORP,KOSPI,00110608,242,1차 금속,false,,,matched,ticker,4380,70080000000,20260907
069730,DSR제강,DSR WIRE CORP,KOSPI,00151298,24123,1차 금속,false,,,matched,ticker,5390,77616000000,20260907
017860,DS단석,"DS DANSUK CO., LTD.",KOSPI,00108612,204,화학물질·화학제품,false,,,matched,ticker,11940,210784389960,20260907
092780,DYP,"DYP CO.,LTD",KOSPI,00117726,301,자동차·트레일러,false,,,matched,ticker,3290,43324233400,20260907
017940,E1,E1 Corporation,KOSPI,00165583,46713,도매·상품중개,false,,,matched,ticker,97500,668850000000,20260907
365550,ESR켄달스퀘어리츠,"ESR Kendall Square REIT Co., Ltd.",KOSPI,01437186,681,부동산업,false,,,matched,ticker,3060,753032340000,20260907
383220,F&F,"F&F CO.,Ltd",KOSPI,01568413,14111,의복 제조,false,,,matched,ticker,65600,2512944120000,20260907
007700,F&F홀딩스,"F&F Holdings Co., Ltd.",KOSPI,00126487,64992,금융업,false,,,matched,ticker,14090,551121431030,20260907
114090,GKL,"Grand Korea Leisure Co.,Ltd",KOSPI,00557508,91249,스포츠·오락,false,,,matched,ticker,9420,582680411400,20260907
078930,GS,GS Holdings,KOSPI,00500254,64992,금융업,false,,,matched,ticker,125600,11667674172000,20260907
006360,GS건설,GS Engineering & Construction Corp,KOSPI,00120030,4111,종합 건설,false,,,matched,ticker,35200,3012468448000,20260907
001250,GS글로벌,GS Global Corp.,KOSPI,00138190,468,도매·상품중개,false,,,matched,ticker,2655,219127143420,20260907
007070,GS리테일,"GS Retail Co.,Ltd",KOSPI,00140177,47122,소매업,false,,,matched,ticker,25100,2098546116500,20260907
078935,GS우,GS Holdings (preferred),KOSPI,00500254,64992,금융업,true,078930,preferred_share,matched_via_parent,preferred_parent_ticker,62700,111585685200,20260907
499790,GS피앤엘,"GS P&L Co., Ltd.",KOSPI,01882845,64992,금융업,false,,,matched,ticker,40550,804140602550,20260907
012630,HDC,"HDC HOLDINGS CO.,Ltd",KOSPI,00164636,649,금융업,false,,,matched,ticker,23000,1374059583000,20260907
039570,HDC랩스,"HDC LABS Co., Ltd.",KOSPI,00350312,423,전문직별 공사,false,,,matched,ticker,7560,196239463560,20260907
089470,HDC현대EP,"HDC Hyundai Engineering Plastics Co., Ltd. ",KOSPI,00357935,204,화학물질·화학제품,false,,,matched,ticker,3895,124250500000,20260907
267270,HD건설기계,"HD Construction Equipment Co.,Ltd.",KOSPI,01205842,29241,기타 기계·장비,false,,,matched,ticker,140000,6709065580000,20260907
009540,HD한국조선해양,"HD KOREA SHIPBUILDING & OFFSHORE ENGINEERING CO., LTD.",KOSPI,00164830,64992,금융업,false,,,matched,ticker,351500,24876750274000,20260907
267250,HD현대,"HD HYUNDAI CO.,LTD.",KOSPI,01205709,64992,금융업,false,,,matched,ticker,243500,19234816197500,20260907
443060,HD현대마린솔루션,"HD Hyundai Marine Solution Co., Ltd",KOSPI,01194689,7212,건축기술·엔지니어링,false,,,matched,ticker,212000,9504693520000,20260907
071970,HD현대마린엔진,"HD-Hyundai Marine Engine Co., Ltd.",KOSPI,00406046,29119,기타 기계·장비,false,,,matched,ticker,51200,1736780544000,20260907
322000,HD현대에너지솔루션,"HD HYUNDAI ENERGY SOLUTIONS CO.,LTD.",KOSPI,01199550,2612,전자부품·컴퓨터·통신장비,false,,,matched,ticker,137500,1540000000000,20260907
267260,HD현대일렉트릭,"HD HYUNDAI ELECTRIC CO.,LTD",KOSPI,01205851,281,전기장비,false,,,matched,ticker,763000,27503964005000,20260907
329180,HD현대중공업,"HD HYUNDAI HEAVY INDUSTRIES CO.,LTD.",KOSPI,01390344,31113,기타 운송장비,false,,,matched,ticker,449000,47127590025000,20260907
097230,HJ중공업,"HJ SHIPBUILDING & CONSTRUCTION CO.,LTD",KOSPI,00633835,41221,종합 건설,false,,,matched,ticker,15850,1431181202400,20260907
014790,HL D&I,HL D&I HALLA CORPORATION,KOSPI,00161116,41221,종합 건설,false,,,matched,ticker,2560,96918018560,20260907
003580,HLB글로벌,"HLB GLOBAL Co., Ltd.",KOSPI,00169048,471,소매업,false,,,matched,ticker,1722,87242555610,20260907
204320,HL만도,"HL Mando CO.,LTD",KOSPI,01042775,303,자동차·트레일러,false,,,matched,ticker,50200,2357247424000,20260907
060980,HL홀딩스,HL Holdings Corporation,KOSPI,00299002,64992,금융업,false,,,matched,ticker,40350,366331476450,20260907
011200,HMM,"HMM CO.,LTD",KOSPI,00164645,50112,수상운송,false,,,matched,ticker,21450,20232454456500,20260907
035000,HS애드,HS Ad Inc.,KOSPI,00140168,71310,전문서비스업,false,,,matched,ticker,6560,106322144640,20260907
002460,HS화성,"HS HWASUNG CO., LTD.",KOSPI,00174527,41112,종합 건설,false,,,matched,ticker,10960,111244000000,20260907
487570,HS효성,HS HYOSUNG Corporation,KOSPI,01854763,64999,금융업,false,,,matched,ticker,48850,182011533950,20260907
298050,HS효성첨단소재,HS HYOSUNG ADVANCED MATERIALS,KOSPI,01316254,205,화학물질·화학제품,false,,,matched,ticker,172000,770551056000,20260907
015360,INVENI,"INVENI Co., Ltd.",KOSPI,00105101,715,전문서비스업,false,,,matched,ticker,14160,385860000000,20260907
294870,IPARK현대산업개발,IPARK HYUNDAI DEVELOPMENT COMPANY,KOSPI,01310269,411,종합 건설,false,,,matched,ticker,23150,1525754689500,20260907
175330,JB금융지주,"JB FINANCIAL GROUP CO.,LTD",KOSPI,00980122,64992,금융업,false,,,matched,ticker,31400,5856785273600,20260907
234080,JW생명과학,JW LIFESCIENCE CORPORATION,KOSPI,00225706,212,의료용 물질·의약품,false,,,matched,ticker,11110,175921894940,20260907
001060,JW중외제약,JW PHARMACEUTICAL,KOSPI,00149947,212,의료용 물질·의약품,false,,,matched,ticker,27200,633377296000,20260907
001067,JW중외제약2우B,JW PHARMACEUTICAL (preferred),KOSPI,00149947,212,의료용 물질·의약품,true,001060,preferred_share,matched_via_parent,preferred_parent_ticker,50200,10540644600,20260907
001065,JW중외제약우,JW PHARMACEUTICAL (preferred),KOSPI,00149947,212,의료용 물질·의약품,true,001060,preferred_share,matched_via_parent,preferred_parent_ticker,22650,7745190150,20260907
096760,JW홀딩스,JW HOLDINGS CORPORATION,KOSPI,00632304,64992,금융업,false,,,matched,ticker,4180,309006257560,20260907
008970,KBI동양철관,"KBI DONG YANG STEEL PIPE CO.,LTD",KOSPI,00117629,2413,1차 금속,false,,,matched,ticker,1143,118605574701,20260907
105560,KB금융,KB Financial Group Inc.,KOSPI,00688996,64992,금융업,false,,,matched,ticker,175900,62389572410600,20260907
415640,KB발해인프라,KB Balhae Infrastructure Fund,KOSPI,01880801,642,금융업,false,,,matched,ticker,10490,1285502798520,20260907
432320,KB스타리츠,"KB STAR REIT Co., Ltd.",KOSPI,01622720,68112,부동산업,false,,,matched,ticker,1498,225844898930,20260907
002380,KCC,KCC Corporation,KOSPI,00105271,20411,화학물질·화학제품,false,,,matched,ticker,498500,4283558656000,20260907
344820,KCC글라스,KCC GLASS Corporation,KOSPI,01428203,2311,비금속 광물제품,false,,,matched,ticker,24950,398464274400,20260907
009070,KCTC,KCTC,KOSPI,00103042,49301,육상운송,false,,,matched,ticker,4115,123450000000,20260907
009440,KC그린홀딩스,"KC Green Holdings Co.,Ltd.",KOSPI,00159971,64992,금융업,false,,,matched,ticker,756,17568790596,20260907
119650,KC코트렐,"KC Cottrell Co., Ltd.",KOSPI,00797364,291,기타 기계·장비,false,,,matched,ticker,918,100782913662,20260907
092220,KEC,KEC CORPORATION,KOSPI,00589127,2612,전자부품·컴퓨터·통신장비,false,,,matched,ticker,2625,105400648500,20260907
003620,KG모빌리티,KG Mobility Corp.,KOSPI,00138242,301,자동차·트레일러,false,,,matched,ticker,2730,552483509760,20260907
016380,KG스틸,"KG DONGBUSTEEL CO., LTD.",KOSPI,00115676,24122,1차 금속,false,,,matched,ticker,5650,565050268050,20260907
001390,KG케미칼,KG Chemical Corporation,KOSPI,00101220,201,화학물질·화학제품,false,,,matched,ticker,4515,299812416540,20260907
001940,KISCO홀딩스,KISCO Holdings Corp.,KOSPI,00159740,241,1차 금속,false,,,matched,ticker,26100,370003518000,20260907
025000,KPX케미칼,"KPX CHEMICAL CO., LTD.",KOSPI,00191472,20119,화학물질·화학제품,false,,,matched,ticker,54300,237763898700,20260907
092230,KPX홀딩스,"KPX HOLDINGS CO., LTD.",KOSPI,00587466,201,화학물질·화학제품,false,,,matched,ticker,98000,414015308000,20260907
000040,KR모터스,"KR MOTORS CO., LTD",KOSPI,00112378,319,기타 운송장비,false,,,matched,ticker,1310,22630297160,20260907
044450,KSS해운,KSS LINE LTD.,KOSPI,00160232,50112,수상운송,false,,,matched,ticker,10190,230064979750,20260907
030200,KT,KT CORPORATION,KOSPI,00190321,612,통신업,false,,,matched,ticker,54900,13835990506500,20260907
033780,KT&G,KT&G Corporation,KOSPI,00244455,12000,담배 제조,false,,,matched,ticker,170300,17678920656800,20260907
058850,KTcs,ktcs corporation,KOSPI,00372882,63991,정보서비스업,false,,,matched,ticker,2185,90468723250,20260907
058860,KTis,ktis Corporation,KOSPI,00372873,63991,정보서비스업,false,,,matched,ticker,2575,89615150000,20260907
093050,LF,LF Corp.,KOSPI,00593032,14111,의복 제조,false,,,matched,ticker,22450,656438000000,20260907
003550,LG,LG Corp.,KOSPI,00120021,64992,금융업,false,,,matched,ticker,124500,18823404498000,20260907
034220,LG디스플레이,"LG Display Co., Ltd.",KOSPI,00105873,2621,전자부품·컴퓨터·통신장비,false,,,matched,ticker,9210,4605000000000,20260907
051900,LG생활건강,"LG H&H Co., Ltd.",KOSPI,00356370,20422,화학물질·화학제품,false,,,matched,ticker,293000,4387828239000,20260907
051905,LG생활건강우,"LG H&H Co., Ltd. (preferred)",KOSPI,00356370,20422,화학물질·화학제품,true,051900,preferred_share,matched_via_parent,preferred_parent_ticker,104900,219897569100,20260907
064400,LG씨엔에스,"LG CNS Co., Ltd.",KOSPI,00139834,62021,컴퓨터 프로그래밍·SI,false,,,matched,ticker,76300,7392397832400,20260907
373220,LG에너지솔루션,"LG ENERGY SOLUTION, LTD.",KOSPI,01515323,28202,전기장비,false,,,matched,ticker,362500,84825000000000,20260907
003555,LG우,LG Corp. (preferred),KOSPI,00120021,64992,금융업,true,003550,preferred_share,matched_via_parent,preferred_parent_ticker,71500,215300728500,20260907
032640,LG유플러스,LG Uplus Corp,KOSPI,00231363,61220,통신업,false,,,matched,ticker,15090,6404614475880,20260907
011070,LG이노텍,"LG INNOTEK CO., LTD.",KOSPI,00105961,262,전자부품·컴퓨터·통신장비,false,,,matched,ticker,586000,13868924702000,20260907
066570,LG전자,LG ELECTRONICS INC.,KOSPI,00401731,264,전자부품·컴퓨터·통신장비,false,,,matched,ticker,214000,34857312532000,20260907
066575,LG전자우,LG ELECTRONICS INC. (preferred),KOSPI,00401731,264,전자부품·컴퓨터·통신장비,true,066570,preferred_share,matched_via_parent,preferred_parent_ticker,78300,1345295711700,20260907
037560,LG헬로비전,LG HelloVision Corp.,KOSPI,00222532,60222,방송업,false,,,matched,ticker,1654,128097114710,20260907
051910,LG화학,LG CHEM LTD,KOSPI,00356361,20111,화학물질·화학제품,false,,,matched,ticker,279500,19730559868500,20260907
051915,LG화학우,LG CHEM LTD (preferred),KOSPI,00356361,20111,화학물질·화학제품,true,051910,preferred_share,matched_via_parent,preferred_parent_ticker,127400,979553120000,20260907
079550,LIG디펜스앤에어로스페이스,"LIG Defense&Aerospace Co., Ltd.",KOSPI,00503668,25200,금속가공제품,false,,,matched,ticker,659000,14498000000000,20260907
006260,LS,LS Corp.,KOSPI,00105952,64992,금융업,false,,,matched,ticker,316500,9874800000000,20260907
010120,LS ELECTRIC,"LS ELECTRIC CO., LTD",KOSPI,00105855,28121,전기장비,false,,,matched,ticker,207000,31050000000000,20260907
000680,LS네트웍스,LS Networks Corporation Limited,KOSPI,00104698,46800,도매·상품중개,false,,,matched,ticker,2965,233650942440,20260907
229640,LS에코에너지,LS Eco Energy Ltd.,KOSPI,01093007,64992,금융업,false,,,matched,ticker,47650,1459275484350,20260907
108320,LX세미콘,"LX Semicon Co., Ltd.",KOSPI,00525934,2612,전자부품·컴퓨터·통신장비,false,,,matched,ticker,36550,594460165000,20260907
001120,LX인터내셔널,LX INTERNATIONAL CORP.,KOSPI,00120076,4610,도매·상품중개,false,,,matched,ticker,39900,1546524000000,20260907
108670,LX하우시스,"LX HAUSYS, LTD.",KOSPI,00759513,2222,고무·플라스틱,false,,,matched,ticker,35350,317007134500,20260907
108675,LX하우시스우,"LX HAUSYS, LTD. (preferred)",KOSPI,00759513,2222,고무·플라스틱,true,108670,preferred_share,matched_via_parent,preferred_parent_ticker,19060,19676209800,20260907
383800,LX홀딩스,LX Holdings Corp.,KOSPI,01562589,64992,금융업,false,,,matched,ticker,8260,630078499400,20260907
38380K,LX홀딩스1우,LX Holdings Corp. (preferred),KOSPI,01562589,64992,금융업,true,383800,preferred_share,matched_via_parent,preferred_parent_ticker,7550,11062901750,20260907
009810,MDS스피어,"Playgram Co., Ltd.",KOSPI,00103130,467,도매·상품중개,false,,,matched,ticker,1899,29908494198,20260907
023150,MH에탄올,"MHETHANOL CO.,LTD",KOSPI,00121534,11121,음료 제조,false,,,matched,ticker,4095,30215063970,20260907
035420,NAVER,NAVER Corporation,KOSPI,00266961,63120,정보서비스업,false,,,matched,ticker,218000,33152675038000,20260907
036570,NC,NC Corporation,KOSPI,00261443,582,출판업,false,,,matched,ticker,223000,4804316906000,20260907
181710,NHN,NHN Corporation,KOSPI,00983271,5821,출판업,false,,,matched,ticker,70800,2318922241200,20260907
400760,NH올원리츠,"NH All-One REIT Co., Ltd.",KOSPI,01480780,6812,부동산업,false,,,matched,ticker,2800,153801970000,20260907
005940,NH투자증권,"NH INVESTMENT & SECURITIES CO.,LTD. ",KOSPI,00120182,66121,금융·보험 관련 서비스,false,,,matched,ticker,26900,9931644224500,20260907
005945,NH투자증권우,"NH INVESTMENT & SECURITIES CO.,LTD.  (preferred)",KOSPI,00120182,66121,금융·보험 관련 서비스,true,005940,preferred_share,matched_via_parent,preferred_parent_ticker,23400,441580651200,20260907
338100,NH프라임리츠,"NH Prime REIT Co., Ltd.",KOSPI,01391033,681,부동산업,false,,,matched,ticker,3815,71187900000,20260907
034310,NICE,"NICE Holdings Co., Ltd",KOSPI,00158316,715,전문서비스업,false,,,matched,ticker,12540,460934748780,20260907
030190,NICE평가정보,"NICE Information Service Co., Ltd.",KOSPI,00158325,63991,정보서비스업,false,,,matched,ticker,16320,950945853120,20260907
008260,NI스틸,"NI STEEL CO.,LTD",KOSPI,00116301,2419,1차 금속,false,,,matched,ticker,3405,97383398385,20260907
004250,NPC,National Plastic Company Limited,KOSPI,00108038,22232,고무·플라스틱,false,,,matched,ticker,2980,109425600000,20260907
004255,NPC우,National Plastic Company Limited (preferred),KOSPI,00108038,22232,고무·플라스틱,true,004250,preferred_share,matched_via_parent,preferred_parent_ticker,1886,9958080000,20260907
456040,OCI,OCI Company Ltd.,KOSPI,01760738,20129,화학물질·화학제품,false,,,matched,ticker,81800,732314091000,20260907
010060,OCI홀딩스,OCI Holdings Company Ltd.,KOSPI,00148896,64992,금융업,false,,,matched,ticker,222000,4144791504000,20260907
178920,PI첨단소재,"PI Advanced Materials Co., Ltd.",KOSPI,00767460,2221,고무·플라스틱,false,,,matched,ticker,19340,567944667480,20260907
001340,PKC,"PKC Co., Ltd.",KOSPI,00122472,20131,화학물질·화학제품,false,,,matched,ticker,5110,230093534790,20260907
005490,POSCO홀딩스,POSCO Holdings Inc.,KOSPI,00155319,2411,1차 금속,false,,,matched,ticker,335500,26585532308500,20260907
010950,S-Oil,S-Oil Corporation,KOSPI,00138279,19210,코크스·석유정제,false,,,matched,ticker,157600,17743048019200,20260907
010955,S-Oil우,S-Oil Corporation (preferred),KOSPI,00138279,19210,코크스·석유정제,true,010950,preferred_share,matched_via_parent,preferred_parent_ticker,72400,291187514800,20260907
034120,SBS,SEOUL BROADCASTING SYSTEM,KOSPI,00130772,60210,방송업,false,,,matched,ticker,12120,224841004560,20260907
003080,SB성보,"SBSUNGBO Co., Ltd.",KOSPI,00132725,2032,화학물질·화학제품,false,,,matched,ticker,2250,45045000000,20260907
005090,SGC에너지,"SGC Energy Co.,Ltd.",KOSPI,00125150,351,전기·가스·증기,false,,,matched,ticker,54100,779544915300,20260907
001380,SG글로벌,"SG GLOBAL CO., LTD",KOSPI,00152039,303,자동차·트레일러,false,,,matched,ticker,1287,28934425377,20260907
004060,SG세계물산,SG CORPORATION,KOSPI,00133511,46800,도매·상품중개,false,,,matched,ticker,2290,46355315840,20260907
001770,SHD,"SHIN HWA DYNAMICS CO.,LTD",KOSPI,00137809,24199,1차 금속,false,,,matched,ticker,14590,17725070020,20260907
002360,SH에너지화학,"SH ENERGY & CHEMICAL CO.,LTD",KOSPI,00136457,201,화학물질·화학제품,false,,,matched,ticker,1587,17636922951,20260907
009160,SIMPAC,SIMPACInc,KOSPI,00138260,24113,1차 금속,false,,,matched,ticker,4850,317049194800,20260907
033530,SJG세종,"SJG SEJONG CO.,LTD",KOSPI,00134510,303,자동차·트레일러,false,,,matched,ticker,6890,186390340110,20260907
123700,SJM,"SJM CO.,LTD",KOSPI,00815369,303,자동차·트레일러,false,,,matched,ticker,3440,53680849120,20260907
025530,SJM홀딩스,"SJM HOLDINGS CO.,LTD",KOSPI,00181943,452,자동차 판매,false,,,matched,ticker,3610,53911768880,20260907
034730,SK,SK Inc.,KOSPI,00181712,64992,금융업,false,,,matched,ticker,611000,44299151533000,20260907
011790,SKC,SKC LTD,KOSPI,00139889,204,화학물질·화학제품,false,,,matched,ticker,88000,4364650224000,20260907
018670,SK가스,SK GAS LTD,KOSPI,00144164,46713,도매·상품중개,false,,,matched,ticker,239500,2219983938000,20260907
001740,SK네트웍스,SKNetworksCompanyLimited,KOSPI,00131780,467,도매·상품중개,false,,,matched,ticker,6500,1303860278500,20260907
006120,SK디스커버리,"SK Discovery Co.,Ltd.",KOSPI,00131832,64992,금융업,false,,,matched,ticker,56400,982135556400,20260907
006125,SK디스커버리우,"SK Discovery Co.,Ltd. (preferred)",KOSPI,00131832,64992,금융업,true,006120,preferred_share,matched_via_parent,preferred_parent_ticker,42000,51731610000,20260907
210980,SK디앤디,"SK D&D Co.,Ltd.",KOSPI,00508344,68122,부동산업,false,,,matched,ticker,3985,74190267270,20260907
395400,SK리츠,"SK REIT Co., Ltd.",KOSPI,01535150,68112,부동산업,false,,,matched,ticker,5200,1565291624000,20260907
302440,SK바이오사이언스,"SK Bioscience Co.,Ltd",KOSPI,01319899,211,의료용 물질·의약품,false,,,matched,ticker,37600,2949966392800,20260907
326030,SK바이오팜,"SK biopharmaceuticals Co., Ltd.",KOSPI,00878696,7011,연구개발업,false,,,matched,ticker,85000,6656626250000,20260907
402340,SK스퀘어,"SK Square Co., Ltd.",KOSPI,01596425,64992,금융업,false,,,matched,ticker,1125000,148414497750000,20260907
361610,SK아이이테크놀로지,"SK ie technology Co., Ltd.",KOSPI,01386916,282,전기장비,false,,,matched,ticker,16390,1340490569000,20260907
100090,SK오션플랜트,"SK oceanplant Co.,Ltd",KOSPI,00480367,2413,1차 금속,false,,,matched,ticker,13190,824086521510,20260907
03473K,SK우,SK Inc. (preferred),KOSPI,00181712,64992,금융업,true,034730,preferred_share,matched_via_parent,preferred_parent_ticker,437500,247684062500,20260907
096770,SK이노베이션,"SK Innovation Co., Ltd.",KOSPI,00631518,192,코크스·석유정제,false,,,matched,ticker,137900,23312379465200,20260907
096775,SK이노베이션우,"SK Innovation Co., Ltd. (preferred)",KOSPI,00631518,192,코크스·석유정제,true,096770,preferred_share,matched_via_parent,preferred_parent_ticker,68700,85766866200,20260907
475150,SK이터닉스,"SK eternix Co., Ltd.",KOSPI,01817081,411,종합 건설,false,,,matched,ticker,52100,1774890908400,20260907
001510,SK증권,"SK SECURITIES CO.,LTD",KOSPI,00131850,66121,금융·보험 관련 서비스,false,,,matched,ticker,2460,568985909100,20260907
001515,SK증권우,"SK SECURITIES CO.,LTD (preferred)",KOSPI,00131850,66121,금융·보험 관련 서비스,true,001510,preferred_share,matched_via_parent,preferred_parent_ticker,4100,8020653700,20260907
285130,SK케미칼,"SK Chemicals Co., Ltd.",KOSPI,01267170,20202,화학물질·화학제품,false,,,matched,ticker,54800,947972376800,20260907
28513K,SK케미칼우,"SK Chemicals Co., Ltd. (preferred)",KOSPI,01267170,20202,화학물질·화학제품,true,285130,preferred_share,matched_via_parent,preferred_parent_ticker,24450,51722239050,20260907
017670,SK텔레콤,"SK TELECOM CO.,LTD",KOSPI,00159023,61220,통신업,false,,,matched,ticker,93800,20147306971400,20260907
000660,SK하이닉스,SK hynix Inc.,KOSPI,00164779,2612,전자부품·컴퓨터·통신장비,false,,,matched,ticker,1783000,1302467886795000,20260907
003570,SNT다이내믹스,"SNT DYNAMICS CO.,Ltd",KOSPI,00134477,30331,자동차·트레일러,false,,,matched,ticker,29100,967653482700,20260907
064960,SNT모티브,"SNT MOTIV CO.,LTD",KOSPI,00398792,303,자동차·트레일러,false,,,matched,ticker,26800,711279289600,20260907
100840,SNT에너지,"SNTEnergy Co.,Ltd.",KOSPI,00648721,29176,기타 기계·장비,false,,,matched,ticker,37600,777597440800,20260907
036530,SNT홀딩스,"SNT Holdings CO.,LTD ",KOSPI,00225159,64992,금융업,false,,,matched,ticker,47050,767097836300,20260907
000390,SP삼화,"SP SAMHWA CO., LTD.",KOSPI,00129387,20411,화학물질·화학제품,false,,,matched,ticker,6490,176550513810,20260907
011810,STX,STX CORPORATION,KOSPI,00138297,46800,도매·상품중개,false,,,matched,ticker,3530,109493282310,20260907
465770,STX그린로지스,STX Green Logis Ltd,KOSPI,01784394,501,수상운송,false,,,matched,ticker,3800,27429844000,20260907
077970,STX엔진,"STX Engine Co,.Ltd",KOSPI,00480455,29111,기타 기계·장비,false,,,matched,ticker,23850,957531302550,20260907
002820,SUN&L,"SUN&L CO.,LTD",KOSPI,00132211,22232,고무·플라스틱,false,,,matched,ticker,1734,20917595736,20260907
002170,SYTS,SYTS Corp.,KOSPI,00127042,15110,가죽·신발 제조,false,,,matched,ticker,53300,159900000000,20260907
084870,TBH글로벌,"TBH GLOBAL CO.,LTD",KOSPI,00409672,141,의복 제조,false,,,matched,ticker,2210,45212745760,20260907
002710,TCC스틸,TCC STEEL,KOSPI,00117300,24191,1차 금속,false,,,matched,ticker,11040,289399214880,20260907
069260,TKG휴켐스,"TKG Huchems Co.,Ltd.",KOSPI,00426086,2049,화학물질·화학제품,false,,,matched,ticker,16460,672861558480,20260907
007980,TP,TP Inc.,KOSPI,00154329,141,의복 제조,false,,,matched,ticker,1720,80663442000,20260907
002900,TYM,TYM CORPORATION,KOSPI,00117230,29210,기타 기계·장비,false,,,matched,ticker,7040,291456000000,20260907
024070,WISCOM,"WISCOM CO.,LTD",KOSPI,00142865,22299,고무·플라스틱,false,,,matched,ticker,1896,29058926448,20260907
037270,YG PLUS,"YG PLUS, INC.",KOSPI,00249247,631,정보서비스업,false,,,matched,ticker,3175,202130374250,20260907
139130,iM금융지주,"iM Financial Group Co., Ltd.",KOSPI,00878915,64992,금융업,false,,,matched,ticker,18650,2953477559200,20260907
000500,가온전선,"GAON CABLE CO.,LTD",KOSPI,00104768,28302,전기장비,false,,,matched,ticker,234500,6982848841500,20260907
000860,강남제비스코,"KANGNAM JEVISCO CO.,LTD",KOSPI,00100939,20411,화학물질·화학제품,false,,,matched,ticker,12990,168870000000,20260907
035250,강원랜드,"Kangwon Land, Inc.",KOSPI,00255619,91249,스포츠·오락,false,,,matched,ticker,14790,3164179995000,20260907
011420,갤럭시아에스엠,"Galaxia SM, INC.",KOSPI,00129554,911,스포츠·오락,false,,,matched,ticker,1474,40608175256,20260907
002100,경농,KYUNGNONG CORPORATION,KOSPI,00101433,2032,화학물질·화학제품,false,,,matched,ticker,9330,182145624750,20260907
009450,경동나비엔,"KYUNG DONG NAVIEN CO.,LTD",KOSPI,00101488,28520,전기장비,false,,,matched,ticker,61300,893054689600,20260907
267290,경동도시가스,"KYUNGDONG CITY GAS CO.,LTD",KOSPI,01208885,35200,전기·가스·증기,false,,,matched,ticker,22100,130288472600,20260907
012320,경동인베스트,"KYUNGDONG INVEST CO., LTD.",KOSPI,00143527,649,금융업,false,,,matched,ticker,47800,113048099400,20260907
000050,경방,KYUNGBANG LTD,KOSPI,00101628,47119,소매업,false,,,matched,ticker,8180,224256908600,20260907
214390,경보제약,"KYONGBO PHARMACEUTICAL CO., LTD.",KOSPI,00101664,211,의료용 물질·의약품,false,,,matched,ticker,5510,131726798600,20260907
012610,경인양행,KYUNG-IN SYNTHETIC CORPORATION,KOSPI,00102113,20132,화학물질·화학제품,false,,,matched,ticker,3145,130883467925,20260907
009140,경인전자,"KYUNGIN ELECTRONICS CO.,LTD",KOSPI,00102140,2629,전자부품·컴퓨터·통신장비,false,,,matched,ticker,22650,35578552050,20260907
013580,계룡건설,"KYE-RYONG CONSTRUCTION INDUSTRIAL CO.,LTD",KOSPI,00102432,412,종합 건설,false,,,matched,ticker,22000,196479954000,20260907
012200,계양전기,"KEYANG ELECTRIC MACHINERY CO.,LTD",KOSPI,00102618,291,기타 기계·장비,false,,,matched,ticker,3670,99907782430,20260907
012205,계양전기우,"KEYANG ELECTRIC MACHINERY CO.,LTD (preferred)",KOSPI,00102618,291,기타 기계·장비,true,012200,preferred_share,matched_via_parent,preferred_parent_ticker,5100,5962302900,20260907
002140,고려산업,"KOREA INDUSTRIAL CO.,LTD",KOSPI,00102751,10520,식료품 제조,false,,,matched,ticker,2045,51001124125,20260907
010130,고려아연,KOREA ZINC INC,KOSPI,00102858,24213,1차 금속,false,,,matched,ticker,1224000,25548514056000,20260907
002240,고려제강,"KISWIRE CO.,LTD",KOSPI,00103006,2411,1차 금속,false,,,matched,ticker,17170,463590000000,20260907
009290,광동제약,"KWANGDONG PHARMACEUTICAL CO.,LTD",KOSPI,00103592,21220,의료용 물질·의약품,false,,,matched,ticker,6280,312742794240,20260907
017040,광명전기,"KWANG MYUNG ELECTRIC CO.,LTD",KOSPI,00103662,28123,전기장비,false,,,matched,ticker,932,40390657180,20260907
017900,광전자,AUK CORP,KOSPI,00152729,2612,전자부품·컴퓨터·통신장비,false,,,matched,ticker,7090,410821279670,20260907
037710,광주신세계,"GwangjuShinsegae. Co.,Ltd.",KOSPI,00220561,47111,소매업,false,,,matched,ticker,35700,272290040400,20260907
030610,교보증권,"KYOBO SECURITIES CO.,LTD.",KOSPI,00113359,66121,금융·보험 관련 서비스,false,,,matched,ticker,10310,1174958127910,20260907
339770,교촌에프앤비,"KYOCHON FOOD&BEVERAGE CO., LTD.",KOSPI,00453284,46313,도매·상품중개,false,,,matched,ticker,3800,189867304000,20260907
007690,국도화학,"KUKDO CHEMICAL CO.,LTD",KOSPI,00104388,20111,화학물질·화학제품,false,,,matched,ticker,38500,356542032000,20260907
002720,국제약품,"Kukje Pharma Co., Ltd.",KOSPI,00104722,212,의료용 물질·의약품,false,,,matched,ticker,3395,71837629640,20260907
083420,그린케미칼,"GREEN CHEMICAL CO.,LTD.",KOSPI,00454946,20421,화학물질·화학제품,false,,,matched,ticker,4770,114480000000,20260907
014530,극동유화,"KUKDONG OIL & CHEMICALS CO.,LTD",KOSPI,00105156,19221,코크스·석유정제,false,,,matched,ticker,3240,112976920800,20260907
014280,금강공업,"KUMKANG KIND CO.,LTD",KOSPI,00105299,2413,1차 금속,false,,,matched,ticker,4270,125236354390,20260907
014285,금강공업우,"KUMKANG KIND CO.,LTD (preferred)",KOSPI,00105299,2413,1차 금속,true,014280,preferred_share,matched_via_parent,preferred_parent_ticker,5270,3108641250,20260907
008870,금비,"KUMBI CO.,LTD",KOSPI,00168401,23192,비금속 광물제품,false,,,matched,ticker,40250,40250000000,20260907
001570,금양,"KUMYANG CO.,LTD",KOSPI,00106119,201,화학물질·화학제품,false,,,matched,ticker,9900,633275240400,20260907
002990,금호건설,"KUMHO Engineering & Construction Co., Ltd.",KOSPI,00106313,41112,종합 건설,false,,,matched,ticker,16110,600258181140,20260907
002995,금호건설우,"KUMHO Engineering & Construction Co., Ltd. (preferred)",KOSPI,00106313,41112,종합 건설,true,002990,preferred_share,matched_via_parent,preferred_parent_ticker,20100,5874546600,20260907
011780,금호석유화학,"KUMHO PETRO CHEMICAL CO.,LTD",KOSPI,00106368,201,화학물질·화학제품,false,,,matched,ticker,126000,3169822950000,20260907
011785,금호석유화학우,"KUMHO PETRO CHEMICAL CO.,LTD (preferred)",KOSPI,00106368,201,화학물질·화학제품,true,011780,preferred_share,matched_via_parent,preferred_parent_ticker,52100,157523620600,20260907
214330,금호에이치티,"Kumho HT, Inc.",KOSPI,00105606,303,자동차·트레일러,false,,,matched,ticker,7130,74557903770,20260907
001210,금호전기,"KUMHO ELECTRIC CO.,LTD",KOSPI,00106395,28410,전기장비,false,,,matched,ticker,12680,156927882880,20260907
073240,금호타이어,"KUMHO TIRE CO., INC.",KOSPI,00481454,221,고무·플라스틱,false,,,matched,ticker,7350,2111363109450,20260907
092440,기신정기,KISHIN CORPORATION,KOSPI,00106614,29293,기타 기계·장비,false,,,matched,ticker,1987,58020400000,20260907
000270,기아,KIA CORPORATION,KOSPI,00106641,30121,자동차·트레일러,false,,,matched,ticker,128400,50129028943200,20260907
024110,기업은행,INDUSTRIAL BANK OF KOREA,KOSPI,00149646,64121,금융업,false,,,matched,ticker,20900,16666200662100,20260907
013700,까뮤이앤씨,CAMUS ENGINEERING & CONSTRUCTION Inc.,KOSPI,00129420,41121,종합 건설,false,,,matched,ticker,1662,99305879460,20260907
004540,깨끗한나라,"KleanNara Co., Ltd.",KOSPI,00113492,171,펄프·종이 제조,false,,,matched,ticker,1250,46550866250,20260907
004545,깨끗한나라우,"KleanNara Co., Ltd. (preferred)",KOSPI,00113492,171,펄프·종이 제조,true,004540,preferred_share,matched_via_parent,preferred_parent_ticker,4200,1537872000,20260907
001260,남광토건,"NAMKWANG ENGINEERING & CONSTRUCTION CO.,LTD",KOSPI,00107066,41221,종합 건설,false,,,matched,ticker,7840,77087364480,20260907
008350,남선알미늄,"NAMSUN ALUMINIUM CO.,LTD",KOSPI,00107224,24222,1차 금속,false,,,matched,ticker,1057,136436598130,20260907
008355,남선알미우,,KOSPI,,,,false,,preferred_share,not_matched,,7410,2281464900,20260907
004270,남성,NAMSUNG CORPORATION,KOSPI,00172185,46799,도매·상품중개,false,,,matched,ticker,4970,22663836160,20260907
003920,남양유업,"NAMYANG DAIRY PRODUCTS CO.,LTD",KOSPI,00107598,104,식료품 제조,false,,,matched,ticker,43950,249347995650,20260907
003925,남양유업우,"NAMYANG DAIRY PRODUCTS CO.,LTD (preferred)",KOSPI,00107598,104,식료품 제조,true,003920,preferred_share,matched_via_parent,preferred_parent_ticker,29550,55883452950,20260907
025860,남해화학,NAMHAE CHEMICAL CORPORATION,KOSPI,00107987,20312,화학물질·화학제품,false,,,matched,ticker,6250,310492768750,20260907
005720,넥센,NEXEN CORPORATION,KOSPI,00167192,221,고무·플라스틱,false,,,matched,ticker,5910,310534904070,20260907
005725,넥센우,NEXEN CORPORATION (preferred),KOSPI,00167192,221,고무·플라스틱,true,005720,preferred_share,matched_via_parent,preferred_parent_ticker,4325,15572595000,20260907
002350,넥센타이어,NEXEN TIRE CORPORATION,KOSPI,00173874,221,고무·플라스틱,false,,,matched,ticker,5990,585030583230,20260907
002355,넥센타이어1우B,NEXEN TIRE CORPORATION (preferred),KOSPI,00173874,221,고무·플라스틱,true,002350,preferred_share,matched_via_parent,preferred_parent_ticker,3915,25447500000,20260907
092790,넥스틸,"NEXTEEL CO.,LTD.",KOSPI,00220613,2419,1차 금속,false,,,matched,ticker,13240,344266480000,20260907
251270,넷마블,Netmarble Corporation,KOSPI,00904672,5821,출판업,false,,,matched,ticker,36300,3018650827500,20260907
090350,노루페인트,"NOROO PAINT & COATINGS Co.,LTD",KOSPI,00583442,20411,화학물질·화학제품,false,,,matched,ticker,8030,160600000000,20260907
090355,노루페인트우,"NOROO PAINT & COATINGS Co.,LTD (preferred)",KOSPI,00583442,20411,화학물질·화학제품,true,090350,preferred_share,matched_via_parent,preferred_parent_ticker,11930,5525093180,20260907
000320,노루홀딩스,"NOROO HOLDINGS CO., LTD",KOSPI,00113508,64992,금융업,false,,,matched,ticker,17270,229538177770,20260907
000325,노루홀딩스우,"NOROO HOLDINGS CO., LTD (preferred)",KOSPI,00113508,64992,금융업,true,000320,preferred_share,matched_via_parent,preferred_parent_ticker,27400,6673516600,20260907
006280,녹십자,GC Biopharma Corp.,KOSPI,00129679,212,의료용 물질·의약품,false,,,matched,ticker,127300,1487696287400,20260907
005250,녹십자홀딩스,GC Corp.,KOSPI,00108135,715,전문서비스업,false,,,matched,ticker,9820,461817022200,20260907
005257,녹십자홀딩스2우,GC Corp. (preferred),KOSPI,00108135,715,전문서비스업,true,005250,preferred_share,matched_via_parent,preferred_parent_ticker,17700,14974023000,20260907
004370,농심,"NONGSHIM CO.,LTD",KOSPI,00108241,108,식료품 제조,false,,,matched,ticker,415000,2524296430000,20260907
072710,농심홀딩스,Nongshim Holdings,KOSPI,00459871,64992,금융업,false,,,matched,ticker,93500,433633365000,20260907
058730,다스코,"Development  Advance Solution Co., Ltd.",KOSPI,00353878,25112,금속가공제품,false,,,matched,ticker,3685,74625859935,20260907
030210,다올투자증권,"Daol Investment & Securities Co., Ltd.",KOSPI,00156859,661,금융·보험 관련 서비스,false,,,matched,ticker,3895,237248757870,20260907
023590,다우기술,DAOU TECHNOLOGY INC,KOSPI,00176914,631,정보서비스업,false,,,matched,ticker,37950,1642753490400,20260907
145210,다이나믹디자인,"Dynamic Design Co., LTD.",KOSPI,00453488,292,기타 기계·장비,false,,,matched,ticker,2240,9461011840,20260907
483650,달바글로벌,"d'Alba Global Co., Ltd.",KOSPI,01649204,20423,화학물질·화학제품,false,,,matched,ticker,186700,2338588330500,20260907
019680,대교,"DAEKYO CO.,LTD",KOSPI,00108913,851,교육서비스업,false,,,matched,ticker,1000,80467700000,20260907
019685,대교우B,"DAEKYO CO.,LTD (preferred)",KOSPI,00108913,851,교육서비스업,true,019680,preferred_share,matched_via_parent,preferred_parent_ticker,598,11617340020,20260907
006370,대구백화점,"Daegu Department Store Co., Ltd",KOSPI,00108977,47111,소매업,false,,,matched,ticker,3440,37226341840,20260907
008060,대덕,"DAEDUCK Co.,LTD",KOSPI,00109189,64992,금융업,false,,,matched,ticker,14760,461797566480,20260907
00806K,대덕1우,"DAEDUCK Co.,LTD (preferred)",KOSPI,00109189,64992,금융업,true,008060,preferred_share,matched_via_parent,preferred_parent_ticker,10760,13044961320,20260907
353200,대덕전자,"DAEDUCK ELECTRONICS CO.,LTD",KOSPI,01478712,2622,전자부품·컴퓨터·통신장비,false,,,matched,ticker,103600,5119593430000,20260907
35320K,대덕전자1우,"DAEDUCK ELECTRONICS CO.,LTD (preferred)",KOSPI,01478712,2622,전자부품·컴퓨터·통신장비,true,353200,preferred_share,matched_via_parent,preferred_parent_ticker,21650,45367986350,20260907
000490,대동,DAEDONG CORPORATION,KOSPI,00109286,29210,기타 기계·장비,false,,,matched,ticker,8130,234362412450,20260907
005750,대림바스,"DAELIM BATH CO.,LTD.",KOSPI,00109754,23222,비금속 광물제품,false,,,matched,ticker,4690,77817605600,20260907
006570,대림통상,"DAELIM TRADING CO.,LTD",KOSPI,00109824,25993,금속가공제품,false,,,matched,ticker,1900,28927500000,20260907
001680,대상,DAESANG CORPORATION,KOSPI,00121941,108,식료품 제조,false,,,matched,ticker,18820,652075830500,20260907
001685,대상우,DAESANG CORPORATION (preferred),KOSPI,00121941,108,식료품 제조,true,001680,preferred_share,matched_via_parent,preferred_parent_ticker,14700,20142278100,20260907
084690,대상홀딩스,"DAESANG HOLDINGS CO., LTD",KOSPI,00539274,64992,금융업,false,,,matched,ticker,8030,290786680140,20260907
084695,대상홀딩스우,"DAESANG HOLDINGS CO., LTD (preferred)",KOSPI,00539274,64992,금융업,true,084690,preferred_share,matched_via_parent,preferred_parent_ticker,12440,11363716080,20260907
128820,대성산업,"DAESUNG INDUSTRIAL CO., LTD.",KOSPI,00828789,477,소매업,false,,,matched,ticker,4160,188179588480,20260907
117580,대성에너지,"DAESUNG ENERGY CO.,LTD",KOSPI,00787376,35200,전기·가스·증기,false,,,matched,ticker,7110,195525000000,20260907
016710,대성홀딩스,"DAESUNG HOLDINGS CO., LTD.",KOSPI,00108940,715,전문서비스업,false,,,matched,ticker,6900,111017267100,20260907
0030R0,대신밸류리츠,,KOSPI,,,,false,,reit,not_matched,,3945,235832100000,20260907
003540,대신증권,"DAISHIN SECURITIES CO.,LTD",KOSPI,00110893,66121,금융·보험 관련 서비스,false,,,matched,ticker,26650,1270302257900,20260907
003547,대신증권2우B,"DAISHIN SECURITIES CO.,LTD (preferred)",KOSPI,00110893,66121,금융·보험 관련 서비스,true,003540,preferred_share,matched_via_parent,preferred_parent_ticker,19720,189443453520,20260907
003545,대신증권우,"DAISHIN SECURITIES CO.,LTD (preferred)",KOSPI,00110893,66121,금융·보험 관련 서비스,true,003540,preferred_share,matched_via_parent,preferred_parent_ticker,20500,499858347000,20260907
009190,대양금속,"DAIYANG METAL CO.,LTD",KOSPI,00111111,24122,1차 금속,false,,,matched,ticker,1294,56918239850,20260907
014160,대영포장,"DAEYOUNG PACKAGING CO.,LTD",KOSPI,00111458,1721,펄프·종이 제조,false,,,matched,ticker,692,75009027908,20260907
047040,대우건설,"DAEWOO ENGINEERING & CONSTRUCTION CO.,LTD",KOSPI,00124540,41112,종합 건설,false,,,matched,ticker,18410,7564809615580,20260907
003090,대웅,"DAEWOONG CO.,LTD",KOSPI,00111810,212,의료용 물질·의약품,false,,,matched,ticker,16930,984343721400,20260907
069620,대웅제약,DAEWOONG PHARMA,KOSPI,00427483,212,의료용 물질·의약품,false,,,matched,ticker,116600,1350994645000,20260907
000430,대원강업,"DAEWONKANGUP CO.,LTD",KOSPI,00111847,303,자동차·트레일러,false,,,matched,ticker,4560,282720000000,20260907
006340,대원전선,"DAWON CABLE CO.,LTD",KOSPI,00260392,28302,전기장비,false,,,matched,ticker,13290,1042127588640,20260907
006345,대원전선우,"DAWON CABLE CO.,LTD (preferred)",KOSPI,00260392,28302,전기장비,true,006340,preferred_share,matched_via_parent,preferred_parent_ticker,9910,25976092000,20260907
003220,대원제약,"DAEWON PHARMACEUTICAL CO.,LTD",KOSPI,00111999,212,의료용 물질·의약품,false,,,matched,ticker,8000,179420664000,20260907
024890,대원화성,"DAEWON CHEMICAL CO.,LTD",KOSPI,00112022,22214,고무·플라스틱,false,,,matched,ticker,1773,14626948590,20260907
012800,대창,"DAECHANG Co.,Ltd",KOSPI,00112651,24221,1차 금속,false,,,matched,ticker,1169,106543243331,20260907
015230,대창단조,"DAECHANG FORGING CO.,LTD",KOSPI,00112679,303,자동차·트레일러,false,,,matched,ticker,6570,178333583400,20260907
001070,대한방직,"TAIHAN TEXTILE CO.,LTD",KOSPI,00112970,132,섬유제품 제조,false,,,matched,ticker,6050,32065000000,20260907
006650,대한유화,"KOREA PETRO CHEMICAL IND CO.,LTD",KOSPI,00260383,20111,화학물질·화학제품,false,,,matched,ticker,97500,633750000000,20260907
001440,대한전선,"Taihan Cable & Solution Co., Ltd.",KOSPI,00113207,28302,전기장비,false,,,matched,ticker,28650,5615187875400,20260907
084010,대한제강,"DAEHAN STEEL CO.,LTD",KOSPI,00113225,2411,1차 금속,false,,,matched,ticker,8550,293877145800,20260907
001790,대한제당,TS CORPORATION,KOSPI,00113234,105,식료품 제조,false,,,matched,ticker,2905,250532763075,20260907
001795,대한제당우,TS CORPORATION (preferred),KOSPI,00113234,105,식료품 제조,true,001790,preferred_share,matched_via_parent,preferred_parent_ticker,2175,14100003000,20260907
001130,대한제분,"DAEHAN FLOUR MILL CO.,LTD",KOSPI,00113243,105,식료품 제조,false,,,matched,ticker,11630,196547000000,20260907
439260,대한조선,"DAEHAN SHIPBUILDING Co., Ltd.",KOSPI,00182696,3111,기타 운송장비,false,,,matched,ticker,47900,1824450167000,20260907
003490,대한항공,"KOREAN AIR LINES CO.,LTD",KOSPI,00113526,511,항공운송,false,,,matched,ticker,30350,11175497061350,20260907
003495,대한항공우,"KOREAN AIR LINES CO.,LTD (preferred)",KOSPI,00113526,511,항공운송,true,003490,preferred_share,matched_via_parent,preferred_parent_ticker,22000,24437468000,20260907
005880,대한해운,KOREA LINE CORPORATION,KOSPI,00113535,50112,수상운송,false,,,matched,ticker,2115,682610624100,20260907
003830,대한화섬,"DAEHAN SYNTHETIC FIBRER CO.,LTD",KOSPI,00113544,20501,화학물질·화학제품,false,,,matched,ticker,114500,152056000000,20260907
016090,대현,"DAEHYUN CO.,LTD",KOSPI,00113614,14112,의복 제조,false,,,matched,ticker,1450,64209349500,20260907
069460,대호에이엘,"DAEHO AL Co.,Ltd.",KOSPI,00428729,24222,1차 금속,false,,,matched,ticker,2660,46322277400,20260907
475560,더본코리아,"The BORN Korea Co., Ltd.",KOSPI,00968607,468,도매·상품중개,false,,,matched,ticker,15430,228795577100,20260907
192080,더블유게임즈,"DoubleUGames Co., Ltd.",KOSPI,01010110,5821,출판업,false,,,matched,ticker,56300,1192066248400,20260907
004830,덕성,"DCKSUNG CO.,LTD",KOSPI,00114093,22214,고무·플라스틱,false,,,matched,ticker,3365,52763200000,20260907
004835,덕성우,"DCKSUNG CO.,LTD (preferred)",KOSPI,00114093,22214,고무·플라스틱,true,004830,preferred_share,matched_via_parent,preferred_parent_ticker,4290,5971680000,20260907
145720,덴티움,DENTIUM,KOSPI,00526599,27191,의료·정밀·광학기기,false,,,matched,ticker,38050,328139052550,20260907
002150,도화엔지니어링,"DOHWA ENGINEERING Co., Ltd.",KOSPI,00114552,72121,건축기술·엔지니어링,false,,,matched,ticker,5350,180402000000,20260907
460850,동국씨엠,"DONGKUK COATED METAL Co., Ltd.",KOSPI,01765256,24122,1차 금속,false,,,matched,ticker,5250,156967944000,20260907
460860,동국제강,"DONGKUK STEEL MILL Co., Ltd.",KOSPI,01765265,241,1차 금속,false,,,matched,ticker,10490,520388098330,20260907
001230,동국홀딩스,"DONGKUK HOLDINGS CO.,LTD.",KOSPI,00114792,649,금융업,false,,,matched,ticker,1997,310548906855,20260907
023450,동남합성,"DONGNAMCHEMICALCO.,LTE.",KOSPI,00115065,201,화학물질·화학제품,false,,,matched,ticker,31700,110950000000,20260907
004140,동방,"DONGBANG TRANSPORT & LOGISTICS CO.,LTD",KOSPI,00115287,529,창고·운송 관련,false,,,matched,ticker,1819,87260642354,20260907
007590,동방아그로,DONGBANG AGRO CORP,KOSPI,00115384,2032,화학물질·화학제품,false,,,matched,ticker,5590,76122255430,20260907
005960,동부건설,Dongbu Corporation,KOSPI,00115612,412,종합 건설,false,,,matched,ticker,7680,176230371840,20260907
005965,동부건설우,Dongbu Corporation (preferred),KOSPI,00115612,412,종합 건설,true,005960,preferred_share,matched_via_parent,preferred_parent_ticker,17180,3878075760,20260907
026960,동서,DONG SUH COMPANIES INC.,KOSPI,00144395,4632,도매·상품중개,false,,,matched,ticker,25500,2542350000000,20260907
002210,동성제약,"DONGSUNG PHARMACEUTICAL CO.,LTD",KOSPI,00116268,212,의료용 물질·의약품,false,,,matched,ticker,1473,142320533811,20260907
102260,동성케미컬,"DONGSUNG CHEMICAL Co., Ltd.",KOSPI,00679314,20202,화학물질·화학제품,false,,,matched,ticker,3710,187984182610,20260907
000640,동아쏘시오홀딩스,"Dong-A Socio Holdings Co.,Ltd",KOSPI,00116824,64992,금융업,false,,,matched,ticker,92100,620065736700,20260907
170900,동아에스티,"DONG-A ST CO.,LTD",KOSPI,00956930,212,의료용 물질·의약품,false,,,matched,ticker,36700,357013232700,20260907
028100,동아지질,Dong-Ah Geological Engineering Company LTD.,KOSPI,00178754,421,전문직별 공사,false,,,matched,ticker,17920,201100336640,20260907
001520,동양,TONGYANG Inc,KOSPI,00117337,23322,비금속 광물제품,false,,,matched,ticker,1083,116013160656,20260907
001527,동양2우B,TONGYANG Inc (preferred),KOSPI,00117337,23322,비금속 광물제품,true,001520,preferred_share,matched_via_parent,preferred_parent_ticker,5890,1211602450,20260907
084670,동양고속,DONGYANG EXPRESS CORP.,KOSPI,00540641,49220,육상운송,false,,,matched,ticker,23950,69348877550,20260907
001525,동양우,TONGYANG Inc (preferred),KOSPI,00117337,23322,비금속 광물제품,true,001520,preferred_share,matched_via_parent,preferred_parent_ticker,8850,2324142750,20260907
018500,동원모빌리티,"Dongwon Mobility CO.,LTD",KOSPI,00118008,303,자동차·트레일러,false,,,matched,ticker,1422,66485514726,20260907
006040,동원산업,"DONGWON INDUSTRIES CO.,LTD",KOSPI,00118026,64992,금융업,false,,,matched,ticker,37800,1668522958200,20260907
030720,동원수산,"DONGWON FISHERIES CO.,LTD",KOSPI,00118044,03111,어업,false,,,matched,ticker,5340,24851318700,20260907
014820,동원시스템즈,Dongwon Systems Corporation,KOSPI,00132637,222,고무·플라스틱,false,,,matched,ticker,21800,632009947600,20260907
014825,동원시스템즈우,Dongwon Systems Corporation (preferred),KOSPI,00132637,222,고무·플라스틱,true,014820,preferred_share,matched_via_parent,preferred_parent_ticker,14520,3834891720,20260907
111380,동인기연,"DONG IN ENTECH Co., Ltd.",KOSPI,00367710,151,가죽·신발 제조,false,,,matched,ticker,13200,80889600000,20260907
163560,동일고무벨트,"DRB Industrial Co.,Ltd",KOSPI,00939687,2219,고무·플라스틱,false,,,matched,ticker,5640,78396000000,20260907
004890,동일산업,"DONGIL INDUSTRIES CO.,LTD",KOSPI,00172936,24113,1차 금속,false,,,matched,ticker,36150,87671522250,20260907
002690,동일제강,"DONG IL STEEL MFG CO., LTD",KOSPI,00118451,24122,1차 금속,false,,,matched,ticker,1447,29374620920,20260907
000020,동화약품,"DONGWHA PHARM.CO.,LTD",KOSPI,00119195,212,의료용 물질·의약품,false,,,matched,ticker,5220,145802273400,20260907
000150,두산,"DOOSAN CO.,LTD",KOSPI,00117212,26221,전자부품·컴퓨터·통신장비,false,,,matched,ticker,1271000,20582364285000,20260907
000157,두산2우B,"DOOSAN CO.,LTD (preferred)",KOSPI,00117212,26221,전자부품·컴퓨터·통신장비,true,000150,preferred_share,matched_via_parent,preferred_parent_ticker,350000,312563300000,20260907
454910,두산로보틱스,Doosan Robotics Inc.,KOSPI,01105153,2928,기타 기계·장비,false,,,matched,ticker,70400,4563326592000,20260907
241560,두산밥캣,Doosan Bobcat Inc.,KOSPI,01032486,29241,기타 기계·장비,false,,,matched,ticker,63700,6106031340500,20260907
034020,두산에너빌리티,"DOOSAN ENERBILITY CO., LTD.",KOSPI,00159616,29119,기타 기계·장비,false,,,matched,ticker,87900,56305324733400,20260907
000155,두산우,"DOOSAN CO.,LTD (preferred)",KOSPI,00117212,26221,전자부품·컴퓨터·통신장비,true,000150,preferred_share,matched_via_parent,preferred_parent_ticker,429500,1716480429000,20260907
336260,두산퓨얼셀,"Doosan Fuel Cell Co., Ltd.",KOSPI,01412725,28111,전기장비,false,,,matched,ticker,49900,3268136927400,20260907
33626K,두산퓨얼셀1우,"Doosan Fuel Cell Co., Ltd. (preferred)",KOSPI,01412725,28111,전기장비,true,336260,preferred_share,matched_via_parent,preferred_parent_ticker,6550,87535510000,20260907
33626L,두산퓨얼셀2우B,"Doosan Fuel Cell Co., Ltd. (preferred)",KOSPI,01412725,28111,전기장비,true,336260,preferred_share,matched_via_parent,preferred_parent_ticker,7760,23173688000,20260907
016740,두올,DUAL,KOSPI,00119672,303,자동차·트레일러,false,,,matched,ticker,3710,106380629040,20260907
192650,드림텍,"DREAMTECH CO.,LTD.",KOSPI,00415646,2629,전자부품·컴퓨터·통신장비,false,,,matched,ticker,6450,424970047050,20260907
024090,디씨엠,DCM CORP,KOSPI,00177199,2419,1차 금속,false,,,matched,ticker,11640,132696000000,20260907
003160,디아이,DI CORPORATION,KOSPI,00118275,27212,의료·정밀·광학기기,false,,,matched,ticker,31200,882960000000,20260907
092200,디아이씨,DAE-IL Corporation,KOSPI,00112165,303,자동차·트레일러,false,,,matched,ticker,5810,225942585890,20260907
377190,디앤디플랫폼리츠,"D&D Platform REIT Co., Ltd.",KOSPI,01475609,681,부동산업,false,,,matched,ticker,2185,193154000000,20260907
013570,디와이,DY Corporation,KOSPI,00117179,64992,금융업,false,,,matched,ticker,4390,115543188870,20260907
024900,디와이덕양,"DY DEOKYANG Co.,Ltd.",KOSPI,00114154,303,자동차·트레일러,false,,,matched,ticker,1695,55197641100,20260907
002880,디와이에이,"DYA CO.,LTD",KOSPI,00149804,303,자동차·트레일러,false,,,matched,ticker,753,35220818235,20260907
210540,디와이파워,DY POWER Corporation,KOSPI,01059605,29241,기타 기계·장비,false,,,matched,ticker,11590,127973395720,20260907
032350,롯데관광개발,"LOTTE TOUR DEVELOPMENT CO.,LTD",KOSPI,00231372,75210,사업시설 관리,false,,,matched,ticker,12350,984609406300,20260907
089860,롯데렌탈,"LOTTE rental co., ltd.",KOSPI,00545716,76110,사업지원 서비스,false,,,matched,ticker,50300,1826362216400,20260907
330590,롯데리츠,"LOTTE REIT Co., Ltd.",KOSPI,01363818,681,부동산업,false,,,matched,ticker,3885,1122644114340,20260907
000400,롯데손해보험,"Lotte Non-Life Insurance Co., Ltd.",KOSPI,00113562,65121,보험·연금,false,,,matched,ticker,2080,645499545600,20260907
023530,롯데쇼핑,"LOTTE SHOPPING CO.,LTD.",KOSPI,00120526,47111,소매업,false,,,matched,ticker,112300,3176827186500,20260907
020150,롯데에너지머티리얼즈,LOTTE ENERGY MATERIALS CORPORATION,KOSPI,00113997,2629,전자부품·컴퓨터·통신장비,false,,,matched,ticker,37850,1982032774550,20260907
280360,롯데웰푸드,"LOTTE WELLFOOD CO.,LTD",KOSPI,01258507,108,식료품 제조,false,,,matched,ticker,138600,1275753956400,20260907
286940,롯데이노베이트,"LOTTE INNOVATE Co.,Ltd",KOSPI,01262032,62021,컴퓨터 프로그래밍·SI,false,,,matched,ticker,18790,284280805930,20260907
004000,롯데정밀화학,"LOTTE Fine Chemical Co., Ltd.",KOSPI,00157681,20119,화학물질·화학제품,false,,,matched,ticker,45800,1181640000000,20260907
004990,롯데지주,Lotte Corporation,KOSPI,00120562,64992,금융업,false,,,matched,ticker,24850,2476644833600,20260907
00499K,롯데지주우,Lotte Corporation (preferred),KOSPI,00120562,64992,금융업,true,004990,preferred_share,matched_via_parent,preferred_parent_ticker,24600,19817833800,20260907
005300,롯데칠성,"LOTTE CHILSUNG BEVERAGE CO.,LTD",KOSPI,00120571,11209,음료 제조,false,,,matched,ticker,98700,915825850800,20260907
005305,롯데칠성우,"LOTTE CHILSUNG BEVERAGE CO.,LTD (preferred)",KOSPI,00120571,11209,음료 제조,true,005300,preferred_share,matched_via_parent,preferred_parent_ticker,66000,51170460000,20260907
011170,롯데케미칼,LOTTE CHEMICAL CORPORATION,KOSPI,00165413,20111,화학물질·화학제품,false,,,matched,ticker,58800,2515194637200,20260907
071840,롯데하이마트,"LOTTE Himart Co.,Ltd",KOSPI,00158307,47320,소매업,false,,,matched,ticker,6310,148964662720,20260907
027740,마니커,"MANIKER CO.,LTD.",KOSPI,00204208,1012,식료품 제조,false,,,matched,ticker,1518,48205022052,20260907
357430,마스턴프리미어리츠,"MASTERN PREMIER REIT 1 Co., Ltd.",KOSPI,01442966,681,부동산업,false,,,matched,ticker,980,29895200860,20260907
001080,만호제강,MANHO ROPE & WIRE LTD,KOSPI,00120872,24123,1차 금속,false,,,matched,ticker,4000,140459840000,20260907
088980,맥쿼리인프라,Macquarie Korea Infrastructure Fund,KOSPI,00435297,64201,금융업,false,,,matched,ticker,9910,4746116950630,20260907
094800,맵스리얼티,MIRAEASSET MAPS REALTY INVESTMENT COMPANY,KOSPI,00600013,642,금융업,false,,,matched,ticker,7200,668407183200,20260907
138040,메리츠금융지주,MERITZ FINANCIAL GROUP INC.,KOSPI,00860332,64992,금융업,false,,,matched,ticker,133700,22374330400100,20260907
090370,메타랩스,"METALABS CO., LTD.",KOSPI,00442835,141,의복 제조,false,,,matched,ticker,1212,33093283068,20260907
118000,메타케어,"METACARE Co., Ltd.",KOSPI,00791209,4659,도매·상품중개,false,,,matched,ticker,1322,29157747770,20260907
017180,명문제약,"MYUNGMOON PHARM CO.,LTD",KOSPI,00121039,212,의료용 물질·의약품,false,,,matched,ticker,1245,42272050230,20260907
009900,명신산업,MYOUNG SHIN INDUSTRY,KOSPI,00173078,303,자동차·트레일러,false,,,matched,ticker,8610,451767845130,20260907
317450,명인제약,"MYUNGIN PHARM.CO., LTD",KOSPI,00179489,21212,의료용 물질·의약품,false,,,matched,ticker,44550,650430000000,20260907
012690,모나리자,"MONALISA CO.,LTD",KOSPI,00173102,17902,펄프·종이 제조,false,,,matched,ticker,1492,54564312460,20260907
005360,모나미,"MONAMI CO.,LTD",KOSPI,00121288,46452,도매·상품중개,false,,,matched,ticker,1354,25586953678,20260907
070960,모나용평,"MONA YONGPYONG CO.,LTD ",KOSPI,00365989,55103,숙박업,false,,,matched,ticker,2010,96747999330,20260907
009680,모토닉,MOTONIC CORPORATION,KOSPI,00151128,303,자동차·트레일러,false,,,matched,ticker,10410,226241508540,20260907
009580,무림P&P,"Moorim P&P CO.,LTD",KOSPI,00119007,171,펄프·종이 제조,false,,,matched,ticker,1605,100101160020,20260907
009200,무림페이퍼,"MOORIM PAPER CO.,LTD",KOSPI,00136086,171,펄프·종이 제조,false,,,matched,ticker,1504,62580402240,20260907
033920,무학,Muhak,KOSPI,00121543,11122,음료 제조,false,,,matched,ticker,7730,220305000000,20260907
008420,문배철강,"MOONBAE STEEL CO.,LTD",KOSPI,00121570,2419,1차 금속,false,,,matched,ticker,2240,45927851200,20260907
025560,미래산업,MIRAE CORPORATION,KOSPI,00197759,27219,의료·정밀·광학기기,false,,,matched,ticker,6200,172227803600,20260907
007120,미래아이앤지,"MiraeING.Co.,Ltd.",KOSPI,00104786,620,컴퓨터 프로그래밍·SI,false,,,matched,ticker,1171,31995366494,20260907
396690,미래에셋글로벌리츠,"Mirae Asset Global REIT Co., Ltd.",KOSPI,01576102,6811,부동산업,false,,,matched,ticker,1490,59012850600,20260907
357250,미래에셋맵스리츠,"Miraeasset Maps REIT 1 Co., Ltd.",KOSPI,01437292,681,부동산업,false,,,matched,ticker,1908,47690660340,20260907
085620,미래에셋생명,"MIRAE ASSET Life Insurance CO., Ltd.",KOSPI,00112332,65110,보험·연금,false,,,matched,ticker,19860,2684674800000,20260907
006800,미래에셋증권,"MIRAE ASSET SECURITIES CO.,LTD.",KOSPI,00111722,66121,금융·보험 관련 서비스,false,,,matched,ticker,34700,18842830469700,20260907
00680K,미래에셋증권2우B,"MIRAE ASSET SECURITIES CO.,LTD. (preferred)",KOSPI,00111722,66121,금융·보험 관련 서비스,true,006800,preferred_share,matched_via_parent,preferred_parent_ticker,11060,1407618919000,20260907
006805,미래에셋증권우,"MIRAE ASSET SECURITIES CO.,LTD. (preferred)",KOSPI,00111722,66121,금융·보험 관련 서비스,true,006800,preferred_share,matched_via_parent,preferred_parent_ticker,12070,162391385310,20260907
081660,미스토홀딩스,Misto Holdings Corporation,KOSPI,00195229,464,도매·상품중개,false,,,matched,ticker,40600,2155528704000,20260907
002840,미원상사,"MIWON COMMERCIAL CO.,LTD",KOSPI,00121932,204,화학물질·화학제품,false,,,matched,ticker,131800,593100000000,20260907
268280,미원에스씨,"Miwon Specialty Chemical Co., Ltd.",KOSPI,01234297,201,화학물질·화학제품,false,,,matched,ticker,133100,665500000000,20260907
107590,미원홀딩스,"Miwon Holdings Co.,Ltd.",KOSPI,00706715,649,금융업,false,,,matched,ticker,64000,148480000000,20260907
134380,미원화학,"MIWON CHEMICALS CO., LTD.",KOSPI,00855163,20421,화학물질·화학제품,false,,,matched,ticker,10290,226304677200,20260907
003650,미창석유,"MICHANG OIL IND CO.,LTD",KOSPI,00122056,19221,코크스·석유정제,false,,,matched,ticker,130800,227549097600,20260907
377740,바이오노트,"BioNote, Inc.",KOSPI,00622787,213,의료용 물질·의약품,false,,,matched,ticker,4780,487015309440,20260907
003610,방림,"PANGRIM CO.,LTD",KOSPI,00122348,132,섬유제품 제조,false,,,matched,ticker,5470,175645955660,20260907
035150,백산,"BAIKSAN CO.,LTD",KOSPI,00122551,22214,고무·플라스틱,false,,,matched,ticker,10920,215900182680,20260907
002410,범양건영,"BUMYANG CONSTRUCTION CO.,LTD",KOSPI,00122694,411,종합 건설,false,,,matched,ticker,1935,53173451700,20260907
007210,벽산,BYUKSAN CORPORATION,KOSPI,00122898,23999,비금속 광물제품,false,,,matched,ticker,1453,94968080000,20260907
002760,보락,"BOLAK CO.,LTD",KOSPI,00123107,2049,화학물질·화학제품,false,,,matched,ticker,1008,60379200000,20260907
003850,보령,Boryung Corporation,KOSPI,00123143,212,의료용 물질·의약품,false,,,matched,ticker,8750,750638061250,20260907
000890,보해양조,"BOHAE BREWERY CO.,LTD",KOSPI,00123541,11122,음료 제조,false,,,matched,ticker,1419,39198491475,20260907
003000,부광약품,"BUKWANG PHARMACEUTICAL IND CO.,LTD",KOSPI,00123718,212,의료용 물질·의약품,false,,,matched,ticker,4105,405018474455,20260907
001270,부국증권,"BOOKOOK SECURITIES CO.,LTD",KOSPI,00123772,66121,금융·보험 관련 서비스,false,,,matched,ticker,52100,540271060600,20260907
001275,부국증권우,"BOOKOOK SECURITIES CO.,LTD (preferred)",KOSPI,00123772,66121,금융·보험 관련 서비스,true,001270,preferred_share,matched_via_parent,preferred_parent_ticker,30350,91050000000,20260907
026940,부국철강,Bookook Steel,KOSPI,00123781,2413,1차 금속,false,,,matched,ticker,2240,44800000000,20260907
011390,부산산업,"BUSAN INDUSTRIAL CO.,LTD",KOSPI,00124027,23322,비금속 광물제품,false,,,matched,ticker,53000,55968000000,20260907
005030,부산주공,"PUSAN CAST IRON CO.,LTD",KOSPI,00124151,30310,자동차·트레일러,false,,,matched,ticker,486,45092532168,20260907
006740,블루산업개발,"Blue Industrial Development Co., Ltd.",KOSPI,00141404,172,펄프·종이 제조,false,,,matched,ticker,5230,31123515570,20260907
002070,비비안,VIVIEN CORPORATION,KOSPI,00107677,14120,의복 제조,false,,,matched,ticker,5220,25065396000,20260907
100220,비상교육,VISANG EDUCATION INC,KOSPI,00520887,5811,출판업,false,,,matched,ticker,4905,63749014605,20260907
090460,비에이치,"BHCo.,Ltd.",KOSPI,00447609,2622,전자부품·컴퓨터·통신장비,false,,,matched,ticker,21400,721426913200,20260907
005180,빙그레,"BINGGRAE CO.,LTD",KOSPI,00124726,104,식료품 제조,false,,,matched,ticker,86100,798063569100,20260907
003960,사조대림,SAJODAERIM CORPORATION,KOSPI,00109718,10211,식료품 제조,false,,,matched,ticker,29650,271726446550,20260907
008040,사조동아원,"SAJODONGAONE CO.,LTD",KOSPI,00137252,105,식료품 제조,false,,,matched,ticker,8700,122795802000,20260907
007160,사조산업,"SAJO INDUSTRIES CO.,LTD",KOSPI,00124799,102,식료품 제조,false,,,matched,ticker,50500,252500000000,20260907
014710,사조씨푸드,"SAJO SEA FOOD CO.,LTD",KOSPI,00124780,102,식료품 제조,false,,,matched,ticker,10900,187682118700,20260907
006090,사조오양,OYANG CORPORATION,KOSPI,00141875,102,식료품 제조,false,,,matched,ticker,8860,83485467540,20260907
062040,산일전기,"SANIL ELECTRIC CO., LTD",KOSPI,00366438,28112,전기장비,false,,,matched,ticker,198900,6094862865000,20260907
005610,삼립,"SAMLIP CO., LTD.",KOSPI,00125530,108,식료품 제조,false,,,matched,ticker,40900,352926468100,20260907
001470,삼부토건,"SAMBU CONSTRUCTION CO.,LTD",KOSPI,00125974,41221,종합 건설,false,,,matched,ticker,5820,227794235460,20260907
028050,삼성E&A,"SAMSUNG E&A CO.,LTD",KOSPI,00126308,72129,건축기술·엔지니어링,false,,,matched,ticker,48000,9408000000000,20260907
448730,삼성FN리츠,"SamsungFN REIT Co., Ltd.",KOSPI,01688896,6811,부동산업,false,,,matched,ticker,5250,478012500000,20260907
006400,삼성SDI,"SAMSUNG SDI CO.,LTD",KOSPI,00126362,28202,전기장비,false,,,matched,ticker,541000,43596771730000,20260907
006405,삼성SDI우,"SAMSUNG SDI CO.,LTD (preferred)",KOSPI,00126362,28202,전기장비,true,006400,preferred_share,matched_via_parent,preferred_parent_ticker,219500,355128172000,20260907
006660,삼성공조,"SAMSUNG CLIMATE CONTROL CO.,LTD",KOSPI,00126201,30399,자동차·트레일러,false,,,matched,ticker,12640,102716608960,20260907
028260,삼성물산,SAMSUNG C&T CORPORATION,KOSPI,00149655,467,도매·상품중개,false,,,matched,ticker,384000,62272351104000,20260907
02826K,삼성물산우B,SAMSUNG C&T CORPORATION (preferred),KOSPI,00149655,467,도매·상품중개,true,028260,preferred_share,matched_via_parent,preferred_parent_ticker,233000,341948470000,20260907
207940,삼성바이오로직스,"SAMSUNG BIOLOGICS CO.,LTD.",KOSPI,00877059,211,의료용 물질·의약품,false,,,matched,ticker,1466000,67862534166000,20260907
032830,삼성생명,"Samsung Life Insurance co., Ltd",KOSPI,00126256,65110,보험·연금,false,,,matched,ticker,312000,62400000000000,20260907
018260,삼성에스디에스,"SAMSUNG SDS CO., LTD.",KOSPI,00126186,62021,컴퓨터 프로그래밍·SI,false,,,matched,ticker,242500,18764116500000,20260907
0126Z0,삼성에피스홀딩스,,KOSPI,,,,false,,,not_matched,,360000,8957897640000,20260907
009150,삼성전기,"SAMSUNG ELECTRO-MECHANICS CO.,LTD",KOSPI,00126371,2622,전자부품·컴퓨터·통신장비,false,,,matched,ticker,1454000,108604633984000,20260907
009155,삼성전기우,"SAMSUNG ELECTRO-MECHANICS CO.,LTD (preferred)",KOSPI,00126371,2622,전자부품·컴퓨터·통신장비,true,009150,preferred_share,matched_via_parent,preferred_parent_ticker,517000,1502910728000,20260907
005930,삼성전자,"SAMSUNG ELECTRONICS CO,.LTD",KOSPI,00126380,264,전자부품·컴퓨터·통신장비,false,,,matched,ticker,270000,1578495224160000,20260907
005935,삼성전자우,"SAMSUNG ELECTRONICS CO,.LTD (preferred)",KOSPI,00126380,264,전자부품·컴퓨터·통신장비,true,005930,preferred_share,matched_via_parent,preferred_parent_ticker,199600,160153292118800,20260907
001360,삼성제약,"SAMSUNG PHARMACEUTICAL.CO.,Ltd.",KOSPI,00126414,212,의료용 물질·의약품,false,,,matched,ticker,1324,124670592596,20260907
010140,삼성중공업,"SAMSUNG HEAVY INDUSTRIES CO.,LTD",KOSPI,00126478,3111,기타 운송장비,false,,,matched,ticker,21400,18832000000000,20260907
016360,삼성증권,"SAMSUNG SECURITIES CO.,LTD",KOSPI,00104856,66121,금융·보험 관련 서비스,false,,,matched,ticker,87700,7831610000000,20260907
068290,삼성출판사,"SAMSUNG PUBLISHING CO.,LTD",KOSPI,00423690,5811,출판업,false,,,matched,ticker,6300,63000000000,20260907
029780,삼성카드,"SAMSUNG CARD CO.,LTD",KOSPI,00126292,64913,금융업,false,,,matched,ticker,46650,5404817265150,20260907
000810,삼성화재,"SAMSUNG FIRE & MARINE INSURANCE CO.,LTD",KOSPI,00139214,65121,보험·연금,false,,,matched,ticker,656000,29288742288000,20260907
000815,삼성화재우,"SAMSUNG FIRE & MARINE INSURANCE CO.,LTD (preferred)",KOSPI,00139214,65121,보험·연금,true,000810,preferred_share,matched_via_parent,preferred_parent_ticker,423500,1273472970000,20260907
006110,삼아알미늄,"SAMA ALUMINIUM CO.,LTD",KOSPI,00126779,24222,1차 금속,false,,,matched,ticker,66900,1011759139500,20260907
0120G0,삼양바이오팜,,KOSPI,,,,false,,,not_matched,,50200,373280674000,20260907
145990,삼양사,Samyang Corporation,KOSPI,00896285,108,식료품 제조,false,,,matched,ticker,47050,485247775450,20260907
145995,삼양사우,Samyang Corporation (preferred),KOSPI,00896285,108,식료품 제조,true,145990,preferred_share,matched_via_parent,preferred_parent_ticker,33200,12286324000,20260907
003230,삼양식품,Samyang Foods Inc.,KOSPI,00126955,108,식료품 제조,false,,,matched,ticker,1330000,10018909950000,20260907
272550,삼양패키징,SAMYANG PACKAGING CORPORATION,KOSPI,01060814,22232,고무·플라스틱,false,,,matched,ticker,9850,148423799100,20260907
000070,삼양홀딩스,Samyang Holdings Corporation,KOSPI,00126937,64992,금융업,false,,,matched,ticker,60800,472002012800,20260907
003720,삼영,"SAMYOUNG CO.,LTD.",KOSPI,00127255,2221,고무·플라스틱,false,,,matched,ticker,6180,210120000000,20260907
002810,삼영무역,"SAMYUNG TRADING CO.,LTD",KOSPI,00127167,46739,도매·상품중개,false,,,matched,ticker,22200,409966245600,20260907
005680,삼영전자,"SAMYOUNG ELECTRONICS CO.,LTD",KOSPI,00127200,26291,전자부품·컴퓨터·통신장비,false,,,matched,ticker,12190,243800000000,20260907
023000,삼원강재,"SAMWONSTEEL Co.,Ltd.",KOSPI,00191588,303,자동차·트레일러,false,,,matched,ticker,2190,87030503640,20260907
004380,삼익THK,"SAMICK THK CO.,LTD",KOSPI,00127802,29141,기타 기계·장비,false,,,matched,ticker,8120,168084000000,20260907
002450,삼익악기,"SAMICK MUSICAL INSTRUMENTS CO.,LTD",KOSPI,00127857,33201,기타 제품 제조,false,,,matched,ticker,1167,105649577805,20260907
004440,삼일씨엔에스,"SAMIL C&S CO.,LTD",KOSPI,00109806,23325,비금속 광물제품,false,,,matched,ticker,5360,68243235920,20260907
000520,삼일제약,"SAMIL PHARMACEUTICAL CO.,LTD",KOSPI,00128032,212,의료용 물질·의약품,false,,,matched,ticker,6280,136224573080,20260907
009770,삼정펄프,"SAM JUNG PULP CO.,LTD.",KOSPI,00128227,171,펄프·종이 제조,false,,,matched,ticker,28000,69999188000,20260907
005500,삼진제약,"SAMJIN PHARMACEUTICAL CO.,LTD",KOSPI,00128412,212,의료용 물질·의약품,false,,,matched,ticker,18780,250149600000,20260907
004690,삼천리,"SAMCHULLY CO.,LTD",KOSPI,00128555,35200,전기·가스·증기,false,,,matched,ticker,133400,483812051800,20260907
010960,삼호개발,SAMHO DEVELOPMENT CO,KOSPI,00128980,421,전문직별 공사,false,,,matched,ticker,3095,74651400000,20260907
004450,삼화왕관,"SAMHWA CROWN & CLOSURE CO.,LTD",KOSPI,00129235,25991,금속가공제품,false,,,matched,ticker,28850,62153834150,20260907
009470,삼화전기,"SAMWHA ELECTRIC CO.,LTD",KOSPI,00129271,26291,전자부품·컴퓨터·통신장비,false,,,matched,ticker,23050,152448551000,20260907
011230,삼화전자,"SAMWHA ELECTRONICS CO.,LTD",KOSPI,00129280,265,전자부품·컴퓨터·통신장비,false,,,matched,ticker,2580,49447725300,20260907
001820,삼화콘덴서,"SAMWHA CAPACITOR CO.,LTD",KOSPI,00129350,26291,전자부품·컴퓨터·통신장비,false,,,matched,ticker,116700,1213096500000,20260907
001290,상상인증권,"SANGSANGININVESTMENT&SECURITIES CO.,LTD.",KOSPI,00112059,66121,금융·보험 관련 서비스,false,,,matched,ticker,1010,109420491200,20260907
041650,상신브레이크,SANGSIN BRAKE,KOSPI,00129642,303,자동차·트레일러,false,,,matched,ticker,2205,47344547250,20260907
075180,새론오토모티브,SAERONAUTOMOTIVE CORPORRATION,KOSPI,00305668,303,자동차·트레일러,false,,,matched,ticker,2960,56832000000,20260907
007540,샘표,SEMPIO COMPANY,KOSPI,00130091,64992,금융업,false,,,matched,ticker,43000,123659400000,20260907
248170,샘표식품,SEMPIO FOODS COMPANY,KOSPI,01167056,108,식료품 제조,false,,,matched,ticker,22950,104842163700,20260907
007860,서연,SEOYON CO. LTD,KOSPI,00163114,64992,금융업,false,,,matched,ticker,7750,181968791000,20260907
200880,서연이화,"SEOYON E-HWA CO.,LTD.",KOSPI,01036446,303,자동차·트레일러,false,,,matched,ticker,11550,312178447350,20260907
017390,서울가스,"SEOUL CITY GAS CO.,LTD",KOSPI,00130684,35200,전기·가스·증기,false,,,matched,ticker,55900,276705000000,20260907
031210,서울보증보험,Seoul Guarantee Insurance Company,KOSPI,00112998,65122,보험·연금,false,,,matched,ticker,43700,3051203832600,20260907
004410,서울식품,"SEOUL FOOD IND CO.,LTD",KOSPI,00130879,108,식료품 제조,false,,,matched,ticker,1215,47937840795,20260907
004415,서울식품우,"SEOUL FOOD IND CO.,LTD (preferred)",KOSPI,00130879,108,식료품 제조,true,004410,preferred_share,matched_via_parent,preferred_parent_ticker,5160,1147842000,20260907
021050,서원,"SEOWON CO.,LTD",KOSPI,00131197,243,1차 금속,false,,,matched,ticker,1123,53313964570,20260907
008490,서흥,"SUHEUNG CO.,LTD.",KOSPI,00131692,2049,화학물질·화학제품,false,,,matched,ticker,21300,246422106900,20260907
007610,선도전기,"SEONDO ELECTRIC CO.,LTD",KOSPI,00131939,28123,전기장비,false,,,matched,ticker,3935,70830000000,20260907
136490,선진,"SUNJIN CO., LTD.",KOSPI,00855093,109,식료품 제조,false,,,matched,ticker,11260,267758341040,20260907
014910,성문전자,"SUNGMOON ELECTRONICS CO.,LTD",KOSPI,00132628,26291,전자부품·컴퓨터·통신장비,false,,,matched,ticker,2115,46228098555,20260907
014915,성문전자우,"SUNGMOON ELECTRONICS CO.,LTD (preferred)",KOSPI,00132628,26291,전자부품·컴퓨터·통신장비,true,014910,preferred_share,matched_via_parent,preferred_parent_ticker,4765,2859000000,20260907
004980,성신양회,"SUNGSHIN CEMENT CO.,LTD.",KOSPI,00132804,23311,비금속 광물제품,false,,,matched,ticker,8490,208141459770,20260907
004985,성신양회우,"SUNGSHIN CEMENT CO.,LTD. (preferred)",KOSPI,00132804,23311,비금속 광물제품,true,004980,preferred_share,matched_via_parent,preferred_parent_ticker,8640,6355972800,20260907
000180,성창기업지주,Sungchang Enterprise Holdings Limited.,KOSPI,00133335,71531,전문서비스업,false,,,matched,ticker,5200,72541664000,20260907
004360,세방,"SEBANG CO., LTD",KOSPI,00133812,49301,육상운송,false,,,matched,ticker,13500,258060640500,20260907
004365,세방우,"SEBANG CO., LTD (preferred)",KOSPI,00133812,49301,육상운송,true,004360,preferred_share,matched_via_parent,preferred_parent_ticker,9350,34494487500,20260907
004490,세방전지,"SEBANG GLOBAL BATTERY CO.,LTD",KOSPI,00133858,28202,전기장비,false,,,matched,ticker,64300,891198000000,20260907
001430,세아베스틸지주,SeAH Besteel Holdings Corporation,KOSPI,00106669,2411,1차 금속,false,,,matched,ticker,40050,1436277865950,20260907
306200,세아제강,SeAH Steel Corporation,KOSPI,01325979,2413,1차 금속,false,,,matched,ticker,145000,411263500000,20260907
003030,세아제강지주,SeAH Steel Holdings Corporation,KOSPI,00124197,64992,금융업,false,,,matched,ticker,105500,436944813500,20260907
058650,세아홀딩스,SEAH HOLDINGS CORP,KOSPI,00377610,241,1차 금속,false,,,matched,ticker,130800,554884468800,20260907
013000,세우글로벌,"SEWOO GLOBAL CO,. LTD",KOSPI,00134176,467,도매·상품중개,false,,,matched,ticker,1210,34733087510,20260907
021820,세원정공,"SEWON PRECISION INDUSTRY CO.,LTD",KOSPI,00134316,303,자동차·트레일러,false,,,matched,ticker,10630,106300000000,20260907
067830,세이브존I&C,SAVEZONE I&C Corp.,KOSPI,00422895,47111,소매업,false,,,matched,ticker,2400,98498148000,20260907
075580,세진중공업,"SEJIN HEAVY INDUSTRIES CO., LTD.",KOSPI,00415628,31114,기타 운송장비,false,,,matched,ticker,10360,588960364160,20260907
068270,셀트리온,"Celltrion, Inc.",KOSPI,00413046,21100,의료용 물질·의약품,false,,,matched,ticker,186300,43336579888800,20260907
336370,솔루스첨단소재,Solus Advanced Materials Co. Ltd.,KOSPI,01412822,26299,전자부품·컴퓨터·통신장비,false,,,matched,ticker,7260,509741283480,20260907
33637K,솔루스첨단소재1우,Solus Advanced Materials Co. Ltd. (preferred),KOSPI,01412822,26299,전자부품·컴퓨터·통신장비,true,336370,preferred_share,matched_via_parent,preferred_parent_ticker,1445,24430750830,20260907
33637L,솔루스첨단소재2우B,Solus Advanced Materials Co. Ltd. (preferred),KOSPI,01412822,26299,전자부품·컴퓨터·통신장비,true,336370,preferred_share,matched_via_parent,preferred_parent_ticker,2300,8689151600,20260907
248070,솔루엠,"SOLUM CO., LTD.",KOSPI,01159233,2629,전자부품·컴퓨터·통신장비,false,,,matched,ticker,12890,616351282040,20260907
004430,송원산업,"SONGWON INDUSTRIAL CO.,LTD",KOSPI,00134963,20499,화학물질·화학제품,false,,,matched,ticker,11830,283920000000,20260907
017550,수산세보틱스,"SOOSAN CEBOTICS CO., LTD",KOSPI,00135111,29241,기타 기계·장비,false,,,matched,ticker,1875,116998368750,20260907
126720,수산인더스트리,"SOOSAN INDUSTRIES CO., LTD.",KOSPI,00193328,42311,전문직별 공사,false,,,matched,ticker,21600,308577600000,20260907
053210,스카이라이프,"KT Skylife Co.,Ltd.",KOSPI,00349097,60229,방송업,false,,,matched,ticker,4105,195081730275,20260907
026890,스틱인베스트먼트,"STIC Investments, Inc.",KOSPI,00117498,64201,금융업,false,,,matched,ticker,8440,327225864280,20260907
134790,시디즈,"Sidiz, Inc.",KOSPI,00852087,32029,가구 제조,false,,,matched,ticker,19310,38620000000,20260907
462870,시프트업,SHIFT UP Corporation.,KOSPI,01384787,58212,출판업,false,,,matched,ticker,31550,1853306629500,20260907
016590,신대양제지,"SHINDAEYANG PAPER CO.,LTD",KOSPI,00135777,172,펄프·종이 제조,false,,,matched,ticker,10410,419500306200,20260907
029530,신도리코,"SINDOH CO.,LTD ",KOSPI,00135795,263,전자부품·컴퓨터·통신장비,false,,,matched,ticker,40200,390572305800,20260907
004970,신라교역,"SILLA CO.,LTD",KOSPI,00135962,03111,어업,false,,,matched,ticker,9330,149280000000,20260907
011930,신성이엔지,"SHINSUNG E&G Co.,LTD.",KOSPI,00136271,2612,전자부품·컴퓨터·통신장비,false,,,matched,ticker,16240,329772395680,20260907
004170,신세계,SHINSEGAE Inc.,KOSPI,00136378,47111,소매업,false,,,matched,ticker,396500,3745014266500,20260907
035510,신세계 I&C,SHINSEGAE INFORMATION & COMMUNICATION Inc.,KOSPI,00219486,62021,컴퓨터 프로그래밍·SI,false,,,matched,ticker,13890,194194701000,20260907
031430,신세계인터내셔날,SHINSEGAE INTERNATIONAL Inc.,KOSPI,00234412,4741,소매업,false,,,matched,ticker,10410,364204260000,20260907
006880,신송홀딩스,SINGSONGHOLDINGS,KOSPI,00136402,46201,도매·상품중개,false,,,matched,ticker,4290,50745800820,20260907
005800,신영와코루,SHINYOUNG WACOAL INC,KOSPI,00136624,14120,의복 제조,false,,,matched,ticker,13570,122130000000,20260907
001720,신영증권,"SHINYOUNG SECURITIES CO.,LTD",KOSPI,00136721,66121,금융·보험 관련 서비스,false,,,matched,ticker,147700,2428188000000,20260907
009270,신원,SHINWON CORPORATION,KOSPI,00136864,14112,의복 제조,false,,,matched,ticker,1130,129690544090,20260907
002700,신일전자,"SHINIL ELECTRONICS CO.,LTD",KOSPI,00173698,46521,도매·상품중개,false,,,matched,ticker,989,67793498269,20260907
002870,신풍,SHINPOONG INC.,KOSPI,00137368,467,도매·상품중개,false,,,matched,ticker,1104,38594404800,20260907
019170,신풍제약,"SHINPOONG PHARMACEUTICAL CO.,LTD",KOSPI,00137359,212,의료용 물질·의약품,false,,,matched,ticker,9820,514749886040,20260907
019175,신풍제약우,"SHINPOONG PHARMACEUTICAL CO.,LTD (preferred)",KOSPI,00137359,212,의료용 물질·의약품,true,019170,preferred_share,matched_via_parent,preferred_parent_ticker,14520,28912659600,20260907
481850,신한글로벌액티브리츠,"Shinhan Global Active REIT Co., Ltd.",KOSPI,01714997,64201,금융업,false,,,matched,ticker,985,42825499040,20260907
404990,신한서부티엔디리츠,"Shinhan Seobu T&D REIT Co., Ltd.",KOSPI,01436558,68112,부동산업,false,,,matched,ticker,3900,240348654000,20260907
293940,신한알파리츠,"Shinhan Alpha REIT Co,. Ltd.",KOSPI,01276594,6811,부동산업,false,,,matched,ticker,5340,645820256820,20260907
055550,신한지주,"SHINHAN FINANCIAL GROUP CO.,LTD",KOSPI,00382199,64992,금융업,false,,,matched,ticker,113900,53470382222100,20260907
004080,신흥,"SHINHUNG CO.,LTD",KOSPI,00173795,4659,도매·상품중개,false,,,matched,ticker,14010,130293000000,20260907
004770,써니전자,"SUNNY ELECTRONICS CO.,LTD",KOSPI,00138057,262,전자부품·컴퓨터·통신장비,false,,,matched,ticker,2025,71902561950,20260907
403550,쏘카,"SOCAR, Inc.",KOSPI,01026157,76110,사업지원 서비스,false,,,matched,ticker,11150,423030353300,20260907
004920,씨아이테크,"CITECH CO.,LTD",KOSPI,00127158,26529,전자부품·컴퓨터·통신장비,false,,,matched,ticker,911,47535863392,20260907
112610,씨에스윈드,CS Wind Corporation,KOSPI,00670340,2511,금속가공제품,false,,,matched,ticker,49000,2066398747000,20260907
480370,씨케이솔루션,"CK SOLUTION Co., Ltd.",KOSPI,01210677,29172,기타 기계·장비,false,,,matched,ticker,1598,51905289984,20260907
308170,씨티알모빌리티,"CTR Mobility Co.,Ltd.",KOSPI,00450010,303,자동차·트레일러,false,,,matched,ticker,3525,30350250000,20260907
008700,아남전자,"ANAM ELECTRONICS CO.,LTD",KOSPI,00138516,265,전자부품·컴퓨터·통신장비,false,,,matched,ticker,1286,99182518520,20260907
090430,아모레퍼시픽,AMOREPACIFIC CORP.,KOSPI,00583424,20423,화학물질·화학제품,false,,,matched,ticker,140800,8235780467200,20260907
090435,아모레퍼시픽우,AMOREPACIFIC CORP. (preferred),KOSPI,00583424,20423,화학물질·화학제품,true,090430,preferred_share,matched_via_parent,preferred_parent_ticker,44900,474046567000,20260907
002790,아모레퍼시픽홀딩스,AMOREPACIFIC Holdings Corp.,KOSPI,00154462,20423,화학물질·화학제품,false,,,matched,ticker,26450,2022318861000,20260907
00279K,아모레퍼시픽홀딩스3우C,AMOREPACIFIC Holdings Corp. (preferred),KOSPI,00154462,20423,화학물질·화학제품,true,002790,preferred_share,matched_via_parent,preferred_parent_ticker,21400,151773080000,20260907
002795,아모레퍼시픽홀딩스우,AMOREPACIFIC Holdings Corp. (preferred),KOSPI,00154462,20423,화학물질·화학제품,true,002790,preferred_share,matched_via_parent,preferred_parent_ticker,11120,70958632640,20260907
002030,아세아,"ASIA HOLDINGS CO.,LTD",KOSPI,00138701,715,전문서비스업,false,,,matched,ticker,207500,427211790000,20260907
183190,아세아시멘트,"ASIA CEMENT CO.,LTD.",KOSPI,00990165,23311,비금속 광물제품,false,,,matched,ticker,10920,392882730240,20260907
002310,아세아제지,"ASIA PAPER MANUFACTURING CO.,LTD",KOSPI,00138729,172,펄프·종이 제조,false,,,matched,ticker,8980,354256599800,20260907
012170,아센디오,"Ascendio Co., Ltd.",KOSPI,00145437,591,영상·오디오 제작,false,,,matched,ticker,3010,21963130210,20260907
267850,아시아나IDT,"Asiana IDT, Inc.",KOSPI,00458234,62021,컴퓨터 프로그래밍·SI,false,,,matched,ticker,9270,102897000000,20260907
020560,아시아나항공,Asiana Airlines Inc.,KOSPI,00138792,511,항공운송,false,,,matched,ticker,8110,1670584666210,20260907
122900,아이마켓코리아,iMarketKorea Inc.,KOSPI,00360142,46800,도매·상품중개,false,,,matched,ticker,8170,273113622800,20260907
010780,아이에스동서,"IS DONGSEO CO., LTD.",KOSPI,00115977,2332,비금속 광물제품,false,,,matched,ticker,15710,474237392960,20260907
031820,아이티센씨티에스,ITCENCTS,KOSPI,00186559,6201,컴퓨터 프로그래밍·SI,false,,,matched,ticker,5740,69483538040,20260907
139990,아주스틸,"AJUSTEEL CO.,LTD.",KOSPI,00486705,2419,1차 금속,false,,,matched,ticker,2190,84874356660,20260907
009320,아진전자부품,"AJIN ELECTRONIC COMPONENTS CO.,LTD",KOSPI,00111689,303,자동차·트레일러,false,,,matched,ticker,949,46785481730,20260907
001780,알루코,"ALUKO CO.,LTD.",KOSPI,00117027,24222,1차 금속,false,,,matched,ticker,1607,155606022124,20260907
018250,애경산업,"Aekyung Industrial Co., Ltd.",KOSPI,00139454,20422,화학물질·화학제품,false,,,matched,ticker,11660,307939842100,20260907
161000,애경케미칼,"AEKYUNG CHEMICAL CO., LTD",KOSPI,00936787,201,화학물질·화학제품,false,,,matched,ticker,10550,513243879950,20260907
011090,에넥스,"ENEX CO.,LTD",KOSPI,00139764,32021,가구 제조,false,,,matched,ticker,1305,15473455470,20260907
137310,에스디바이오센서,SD BIOSENSOR  INC.,KOSPI,00854997,27112,의료·정밀·광학기기,false,,,matched,ticker,6170,745021959340,20260907
005850,에스엘,SL CORPORATION,KOSPI,00125521,303,자동차·트레일러,false,,,matched,ticker,51900,2410678188000,20260907
010580,에스엠벡셀,"SM BEXEL CO.,LTD",KOSPI,00147860,303,자동차·트레일러,false,,,matched,ticker,1696,188682984960,20260907
012750,에스원,S-1 CORPORATION,KOSPI,00158501,75320,사업시설 관리,false,,,matched,ticker,79100,3005734979800,20260907
023960,에쓰씨엔지니어링,"SC ENGINEERING CO., LTD",KOSPI,00121969,41225,종합 건설,false,,,matched,ticker,1045,39747591785,20260907
298690,에어부산,"Air Busan Co., Ltd",KOSPI,00651901,511,항공운송,false,,,matched,ticker,1566,255124689552,20260907
078520,에이블씨엔씨,ABLE C&C,KOSPI,00400857,20423,화학물질·화학제품,false,,,matched,ticker,10870,282773930070,20260907
015260,에이엔피,AUTOMOBILE & PCB,KOSPI,00143314,2622,전자부품·컴퓨터·통신장비,false,,,matched,ticker,352,16585146688,20260907
007460,에이프로젠,"Aprogen, Inc",KOSPI,00152385,212,의료용 물질·의약품,false,,,matched,ticker,2120,52631020360,20260907
003060,에이프로젠바이오로직스,Aprogen Biologics Inc.,KOSPI,00101044,212,의료용 물질·의약품,false,,,matched,ticker,1818,29068578306,20260907
244920,에이플러스에셋,"A Plus Asset Advisor Co., Ltd.",KOSPI,00684802,66202,금융·보험 관련 서비스,false,,,matched,ticker,13990,316281625070,20260907
278470,에이피알,"APR Co., Ltd.",KOSPI,01190568,20423,화학물질·화학제품,false,,,matched,ticker,384000,14376251520000,20260907
450080,에코프로머티,"ECOPRO MATERIALS CO., LTD.",KOSPI,01311408,28202,전기장비,false,,,matched,ticker,36500,2584706255000,20260907
019490,엑시큐어하이트론,EXICURE HITRON INC.,KOSPI,00156150,265,전자부품·컴퓨터·통신장비,false,,,matched,ticker,541,41349858070,20260907
085310,엔케이,"NK CO.,LTD.",KOSPI,00172228,2512,금속가공제품,false,,,matched,ticker,9130,67727015620,20260907
900140,엘브이엠씨홀딩스,"LVMC Holdings CO,.LTD",KOSPI,00838500,451,자동차 판매,false,,,matched,ticker,1215,234787124880,20260907
066970,엘앤에프,"L&F CO.,LTD",KOSPI,00398701,28202,전기장비,false,,,matched,ticker,114500,4658393799000,20260907
097520,엠씨넥스,"MCNEX CO.,LTD",KOSPI,00564562,26519,전자부품·컴퓨터·통신장비,false,,,matched,ticker,19050,331498575000,20260907
484870,엠앤씨솔루션,"MNC Solution Co., Ltd",KOSPI,01519790,292,기타 기계·장비,false,,,matched,ticker,17050,468221985000,20260907
014440,영보화학,"YOUNGBO CHEMICAL CO.,LTD",KOSPI,00140779,2225,고무·플라스틱,false,,,matched,ticker,4785,95700000000,20260907
111770,영원무역,Youngone Corporation,KOSPI,00776820,46800,도매·상품중개,false,,,matched,ticker,75100,3327791246800,20260907
009970,영원무역홀딩스,"Youngone Holdings Co., Ltd",KOSPI,00140964,64992,금융업,false,,,matched,ticker,170700,2211216561900,20260907
003520,영진약품,"YUNGJIN PHARM. CO., LTD",KOSPI,00141149,212,의료용 물질·의약품,false,,,matched,ticker,1108,202645145948,20260907
000670,영풍,YOUNGPOONG CORPORATION,KOSPI,00141307,24213,1차 금속,false,,,matched,ticker,39450,726301444350,20260907
012280,영화금속,"YEONGHWA METAL CO.,LTD",KOSPI,00141413,303,자동차·트레일러,false,,,matched,ticker,3950,39124358950,20260907
012160,영흥,"YOUNGWIRE CO., LTD.",KOSPI,00141477,24123,1차 금속,false,,,matched,ticker,2400,37489687200,20260907
007310,오뚜기,OTOKI CORPORATION,KOSPI,00141529,108,식료품 제조,false,,,matched,ticker,332000,1330599560000,20260907
002630,오리엔트바이오,ORIENTBIO Inc.,KOSPI,00141626,212,의료용 물질·의약품,false,,,matched,ticker,913,54133141326,20260907
271560,오리온,ORION CORP.,KOSPI,01238169,108,식료품 제조,false,,,matched,ticker,123000,4862040924000,20260907
001800,오리온홀딩스,ORION Holdings Corp.,KOSPI,00117577,649,금융업,false,,,matched,ticker,25550,1537002458600,20260907
005320,온타이드,ONTIDE Corp.,KOSPI,00168331,46413,도매·상품중개,false,,,matched,ticker,1187,40580972015,20260907
011690,와이투솔루션,"Y2 Solution CO.,LTD",KOSPI,00144720,2611,전자부품·컴퓨터·통신장비,false,,,matched,ticker,3220,118188148680,20260907
316140,우리금융지주,Woori Financial Group Inc.,KOSPI,01350869,64992,금융업,false,,,matched,ticker,34200,25198100249400,20260907
006980,우성,"WOOSUNG CO., LTD.",KOSPI,00142661,105,식료품 제조,false,,,matched,ticker,18270,56454300000,20260907
011300,우성머티리얼스,"WOOSUNG MATERIALS CO.,LTD",KOSPI,00132868,13213,섬유제품 제조,false,,,matched,ticker,2435,41976733675,20260907
017370,우신시스템,"WOOSHIN SYSTEMS CO.,LTD",KOSPI,00142883,292,기타 기계·장비,false,,,matched,ticker,3500,64099189000,20260907
002420,우양피앤엘,"THE CENTURY CO.,LTD",KOSPI,00133618,477,소매업,false,,,matched,ticker,5860,182643800240,20260907
105840,우진,WOOJIN INC,KOSPI,00173944,27216,의료·정밀·광학기기,false,,,matched,ticker,13770,278121915900,20260907
010400,우진아이엔에스,"WOOJIN I&S Co.,Ltd",KOSPI,00143262,422,전문직별 공사,false,,,matched,ticker,4260,32469720000,20260907
049800,우진플라임,"WOOJIN PLAIMM CO.,LTD",KOSPI,00303217,292,기타 기계·장비,false,,,matched,ticker,1850,37000000000,20260907
016880,웅진,"WOONGJIN CO., LTD.",KOSPI,00143651,64992,금융업,false,,,matched,ticker,2025,161852337000,20260907
095720,웅진씽크빅,"WOONGJIN THINKBIG CO., LTD.",KOSPI,00628189,85120,교육서비스업,false,,,matched,ticker,1317,74841270945,20260907
005820,원림,WONLIM CORPORATION,KOSPI,00143794,13225,섬유제품 제조,false,,,matched,ticker,15010,34492529700,20260907
008600,윌비스,"THE WILLBES & CO.,LTD",KOSPI,00104999,46413,도매·상품중개,false,,,matched,ticker,2620,17615839860,20260907
033270,유나이티드제약,KOREA UNITED PHARM INC,KOSPI,00158963,212,의료용 물질·의약품,false,,,matched,ticker,18230,290053428250,20260907
014830,유니드,"UNID CO.,LTD",KOSPI,00159786,20129,화학물질·화학제품,false,,,matched,ticker,64600,437186960000,20260907
446070,유니드비티플러스,"UNID btplus Co., Ltd.",KOSPI,01702017,16102,목재 제조,false,,,matched,ticker,3790,40216504850,20260907
000910,유니온,UNION CORPORATION,KOSPI,00144252,23311,비금속 광물제품,false,,,matched,ticker,2930,45742043670,20260907
047400,유니온머티리얼,Union Materials Corp.,KOSPI,00369833,23222,비금속 광물제품,false,,,matched,ticker,919,38598000000,20260907
011330,유니켐,"UNICHEM CO.,LTD",KOSPI,00137207,303,자동차·트레일러,false,,,matched,ticker,4360,43681893880,20260907
077500,유니퀘스트,UNIQUEST COPORATION,KOSPI,00414601,4659,도매·상품중개,false,,,matched,ticker,7170,154872731340,20260907
002920,유성기업,"YOOSUNG ENTERPRISE CO.,LTD",KOSPI,00174004,303,자동차·트레일러,false,,,matched,ticker,1800,46705500000,20260907
000700,유수홀딩스,"EUSU HOLDINGS CO., LTD.",KOSPI,00163691,715,전문서비스업,false,,,matched,ticker,6570,171094704840,20260907
003470,유안타증권,"Yuanta Securities Korea Co., Ltd.",KOSPI,00117601,66121,금융·보험 관련 서비스,false,,,matched,ticker,4700,905596479400,20260907
003475,유안타증권우,"Yuanta Securities Korea Co., Ltd. (preferred)",KOSPI,00117601,66121,금융·보험 관련 서비스,true,003470,preferred_share,matched_via_parent,preferred_parent_ticker,4335,55537288950,20260907
072130,유엔젤,UANGEL CORPORATION,KOSPI,00416654,631,정보서비스업,false,,,matched,ticker,4820,61192088280,20260907
000220,유유제약,"Yuyu Pharma, Inc.",KOSPI,00144818,212,의료용 물질·의약품,false,,,matched,ticker,3940,62045000280,20260907
000225,유유제약1우,"Yuyu Pharma, Inc. (preferred)",KOSPI,00144818,212,의료용 물질·의약품,true,000220,preferred_share,matched_via_parent,preferred_parent_ticker,3685,8353637050,20260907
000227,유유제약2우B,"Yuyu Pharma, Inc. (preferred)",KOSPI,00144818,212,의료용 물질·의약품,true,000220,preferred_share,matched_via_parent,preferred_parent_ticker,7100,2293016000,20260907
001200,유진투자증권,"EUGENE INVESTMENT & SECURITIES CO., LTD",KOSPI,00131054,66121,금융·보험 관련 서비스,false,,,matched,ticker,4345,420884586210,20260907
000100,유한양행,YUHAN CORPORATION,KOSPI,00145109,212,의료용 물질·의약품,false,,,matched,ticker,80700,5940793526700,20260907
000105,유한양행우,YUHAN CORPORATION (preferred),KOSPI,00145109,212,의료용 물질·의약품,true,000100,preferred_share,matched_via_parent,preferred_parent_ticker,69900,80268966000,20260907
003460,유화증권,"YUHWA SECURITIES CO.,LTD",KOSPI,00145190,66121,금융·보험 관련 서비스,false,,,matched,ticker,3070,174076414050,20260907
003465,유화증권우,"YUHWA SECURITIES CO.,LTD (preferred)",KOSPI,00145190,66121,금융·보험 관련 서비스,true,003460,preferred_share,matched_via_parent,preferred_parent_ticker,3245,56710999125,20260907
008730,율촌화학,"YOULCHON CHEMICAL CO.,LTD",KOSPI,00145260,22231,고무·플라스틱,false,,,matched,ticker,16110,399528000000,20260907
008250,이건산업,EAGON INDUSTRIAL LTD,KOSPI,00145446,16211,목재 제조,false,,,matched,ticker,3190,34938905650,20260907
025820,이구산업,"LEEKU INDUSTRIAL CO.,LTD",KOSPI,00145464,24221,1차 금속,false,,,matched,ticker,4265,142630130000,20260907
214320,이노션,INNOCEAN WORLDWIDE INC.,KOSPI,00565154,71310,전문서비스업,false,,,matched,ticker,18710,748400000000,20260907
088260,이리츠코크렙,E KOCREF CR-REIT,KOSPI,00544452,68112,부동산업,false,,,matched,ticker,3190,202059672100,20260907
139480,이마트,E-MART Inc.,KOSPI,00872984,471,소매업,false,,,matched,ticker,74200,2047609769800,20260907
457190,이수스페셜티케미컬,"ISU SPECIALTY CHEMICAL CO., LTD.",KOSPI,01762569,20111,화학물질·화학제품,false,,,matched,ticker,65900,1991423664800,20260907
007660,이수페타시스,"ISUPETASYS CO.,LTD",KOSPI,00107613,2622,전자부품·컴퓨터·통신장비,false,,,matched,ticker,111900,8214491606100,20260907
005950,이수화학,"ISU CHEMICAL CO.,LTD",KOSPI,00145552,20111,화학물질·화학제품,false,,,matched,ticker,11720,308167660680,20260907
015020,이스타코,"e-STARCO. CO.,LTD",KOSPI,00134565,68121,부동산업,false,,,matched,ticker,928,19883142400,20260907
074610,이엔플러스,"ENPLUS CO., LTD",KOSPI,00469799,29193,기타 기계·장비,false,,,matched,ticker,5110,44815400070,20260907
102460,이연제약,"REYON PHARMACEUTICAL CO., LTD",KOSPI,00145598,212,의료용 물질·의약품,false,,,matched,ticker,9940,184752901340,20260907
084680,이월드,"E-WORLD CO.,LTD.",KOSPI,00540605,331,기타 제품 제조,false,,,matched,ticker,521,73881026553,20260907
350520,이지스레지던스리츠,"IGIS RESIDENCE REIT Co., Ltd.",KOSPI,01436628,681,부동산업,false,,,matched,ticker,3400,125345086800,20260907
334890,이지스밸류플러스리츠,"IGIS Value Plus REIT Co., Ltd.",KOSPI,01394377,681,부동산업,false,,,matched,ticker,3585,248973528555,20260907
000760,이화산업,"RIFA CO., LTD",KOSPI,00145686,467,도매·상품중개,false,,,matched,ticker,14610,40908000000,20260907
014990,인디에프,In the F,KOSPI,00106881,14112,의복 제조,false,,,matched,ticker,4415,66324774585,20260907
101140,인바이오젠,"INBIOGEN CO.,Ltd",KOSPI,00652423,46510,도매·상품중개,false,,,matched,ticker,5350,53736555600,20260907
023800,인지컨트롤스,"INZI CONTROLS CO.,LTD",KOSPI,00103510,30310,자동차·트레일러,false,,,matched,ticker,5310,83946836070,20260907
034590,인천도시가스,INCHON CITY GAS,KOSPI,00145862,35200,전기·가스·증기,false,,,matched,ticker,26650,116587194100,20260907
129260,인터지스,"INTERGIS CO., LTD",KOSPI,00151368,49301,육상운송,false,,,matched,ticker,1914,56937430836,20260907
023810,인팩,INFAC CORPORATION,KOSPI,00180795,303,자동차·트레일러,false,,,matched,ticker,5090,50900000000,20260907
249420,일동제약,"IL DONG PHARMACEUTICAL CO., LTD.",KOSPI,01168383,212,의료용 물질·의약품,false,,,matched,ticker,15040,475839310080,20260907
000230,일동홀딩스,"ILDONG HOLDINGS CO.,LTD ",KOSPI,00146083,212,의료용 물질·의약품,false,,,matched,ticker,6150,70973460000,20260907
013360,일성건설,"ILSUNG CONSTRUCTION CO.,LTD",KOSPI,00146232,41221,종합 건설,false,,,matched,ticker,1503,81199394640,20260907
003120,일성아이에스,"ILSUNG IS CO., LTD.",KOSPI,00146214,212,의료용 물질·의약품,false,,,matched,ticker,20550,273315000000,20260907
003200,일신방직,"ILSHIN SPINNING CO.,LTD",KOSPI,00146269,13101,섬유제품 제조,false,,,matched,ticker,10400,238784000000,20260907
007110,일신석재,"ILSHIN STONE CO.,LTD",KOSPI,00146296,466,도매·상품중개,false,,,matched,ticker,603,46706335830,20260907
007570,일양약품,"ILYANG PHARMACEUTICAL CO.,LTD",KOSPI,00146454,212,의료용 물질·의약품,false,,,matched,ticker,8330,158983581120,20260907
007575,일양약품우,"ILYANG PHARMACEUTICAL CO.,LTD (preferred)",KOSPI,00146454,212,의료용 물질·의약품,true,007570,preferred_share,matched_via_parent,preferred_parent_ticker,7720,3436017600,20260907
081000,일진다이아,"ILJIN DIAMOND CO., LTD.",KOSPI,00508274,204,화학물질·화학제품,false,,,matched,ticker,9730,138194946750,20260907
020760,일진디스플,"ILJIN DISPLAY CO.,LTD.",KOSPI,00198697,261,전자부품·컴퓨터·통신장비,false,,,matched,ticker,902,55503470462,20260907
103590,일진전기,"ILJIN ELECTRIC CO.,LTD",KOSPI,00683469,2830,전기장비,false,,,matched,ticker,70600,3366588534000,20260907
271940,일진하이솔루스,"ILJIN HYSOLUS Co., Ltd.",KOSPI,00972503,319,기타 운송장비,false,,,matched,ticker,11490,417238553100,20260907
015860,일진홀딩스,"ILJIN HOLDINGS CO.,LTD",KOSPI,00146649,64992,금융업,false,,,matched,ticker,6670,329147711610,20260907
226320,잇츠한불,"IT'S HANBUL CO., LTD.",KOSPI,00911955,20423,화학물질·화학제품,false,,,matched,ticker,10400,228064876000,20260907
317400,자이에스앤디,Xi S&D Inc.,KOSPI,00367844,681,부동산업,false,,,matched,ticker,10620,411870362400,20260907
033240,자화전자,"JAHWA ELECTRONICS CO.,LTD",KOSPI,00146861,26292,전자부품·컴퓨터·통신장비,false,,,matched,ticker,29900,646004509800,20260907
000950,전방,"CHONBANG CO.,LTD",KOSPI,00147222,13101,섬유제품 제조,false,,,matched,ticker,32100,53928000000,20260907
079900,전진건설로봇,"JUNJIN CONSTRUCTION & ROBOT CO., LTD.",KOSPI,00372129,292,기타 기계·장비,false,,,matched,ticker,41500,605590617500,20260907
348950,제이알글로벌리츠,JR GLOBAL REIT,KOSPI,01415892,681,부동산업,false,,,matched,ticker,1182,233298432000,20260907
194370,제이에스코퍼레이션,JS Corporation,KOSPI,00332927,15121,가죽·신발 제조,false,,,matched,ticker,12690,368222659020,20260907
030000,제일기획,Cheil Worldwide Inc,KOSPI,00148276,71310,전문서비스업,false,,,matched,ticker,19000,2185783275000,20260907
271980,제일약품,"JEIL PHARMACEUTICAL CO.,LTD",KOSPI,01236897,212,의료용 물질·의약품,false,,,matched,ticker,10500,154401156000,20260907
001560,제일연마,"CHEIL GRINDING WHEEL IND CO.,LTD",KOSPI,00148461,23992,비금속 광물제품,false,,,matched,ticker,9360,71136000000,20260907
002620,제일파마홀딩스,JEIL PHARMA HOLDINGS INC.,KOSPI,00148443,715,전문서비스업,false,,,matched,ticker,7610,121557231550,20260907
006220,제주은행,Jeju Bank,KOSPI,00148832,64121,금융업,false,,,matched,ticker,10010,378363555570,20260907
089590,제주항공,"JEJUAIR, CO., LTD.",KOSPI,00555874,511,항공운송,false,,,matched,ticker,4625,372964555625,20260907
004910,조광페인트,"CHOKWANG PAINT CO.,LTD",KOSPI,00148920,20411,화학물질·화학제품,false,,,matched,ticker,3650,46720000000,20260907
004700,조광피혁,"CHOKWANG LEATHER CO.,LTD",KOSPI,00148939,15110,가죽·신발 제조,false,,,matched,ticker,63600,422885176800,20260907
001550,조비,"CHOBI CO.,LTD",KOSPI,00148948,20312,화학물질·화학제품,false,,,matched,ticker,11140,57841542460,20260907
462520,조선내화,"Chosun Refractories Co., Ltd.",KOSPI,01770203,2321,비금속 광물제품,false,,,matched,ticker,12910,153050218880,20260907
120030,조선선재,"CHOSUN WELDING POHANG Co., Ltd",KOSPI,00796994,2599,금속가공제품,false,,,matched,ticker,83900,105516918900,20260907
018470,조일알미늄,"CHOIL ALUMINUM CO., LTD",KOSPI,00149239,24222,1차 금속,false,,,matched,ticker,973,123212664533,20260907
002600,조흥,CHOHEUNG CORPORATION,KOSPI,00149345,108,식료품 제조,false,,,matched,ticker,139000,83400000000,20260907
185750,종근당,Chong Kun Dang Pharmaceutical Corp.,KOSPI,00992871,212,의료용 물질·의약품,false,,,matched,ticker,68400,944110152000,20260907
063160,종근당바이오,CKD Bio Corp.,KOSPI,00390055,212,의료용 물질·의약품,false,,,matched,ticker,13570,74444504340,20260907
001630,종근당홀딩스,CHONGKUNDANG HOLDINGS CORP.,KOSPI,00149354,212,의료용 물질·의약품,false,,,matched,ticker,38850,194633099850,20260907
109070,주성코퍼레이션,JOOSUNG CORPORATION,KOSPI,00753643,264,전자부품·컴퓨터·통신장비,false,,,matched,ticker,1550,81855856500,20260907
044380,주연테크,"JOOYONTECH CO.,LTD.",KOSPI,00269241,26310,전자부품·컴퓨터·통신장비,false,,,matched,ticker,931,12937470196,20260907
013890,지누스,ZINUS INC.,KOSPI,00150633,320,가구 제조,false,,,matched,ticker,7800,171021341400,20260907
013870,지엠비코리아,GMB Korea Corp.,KOSPI,00156354,303,자동차·트레일러,false,,,matched,ticker,3875,73905085000,20260907
071320,지역난방공사,KOREA DISTRICT HEATING CORPORATION,KOSPI,00159698,35300,전기·가스·증기,false,,,matched,ticker,75700,876510920800,20260907
088790,진도,"JINDO.CO.,LTD",KOSPI,00557933,467,도매·상품중개,false,,,matched,ticker,2360,29376675840,20260907
003780,진양산업,"CHIN YANG INDUSTRY CO.,LTD.",KOSPI,00150439,2225,고무·플라스틱,false,,,matched,ticker,3880,50440000000,20260907
010640,진양폴리,"CHINYANG POLY URETHANE CO.,LTD",KOSPI,00160375,22259,고무·플라스틱,false,,,matched,ticker,2010,33567000000,20260907
100250,진양홀딩스,CHINYANG HOLDINGS CORPORATION,KOSPI,00646732,222,고무·플라스틱,false,,,matched,ticker,3175,202882500000,20260907
051630,진양화학,CHINYANG CHEMICAL CORPORATION,KOSPI,00347734,22214,고무·플라스틱,false,,,matched,ticker,1398,29637600000,20260907
272450,진에어,"JIN AIR CO,.LTD.",KOSPI,00653024,511,항공운송,false,,,matched,ticker,6180,322596000000,20260907
011000,진원생명과학,"GeneOne Life Science, Inc.",KOSPI,00118521,212,의료용 물질·의약품,false,,,matched,ticker,2670,48531471270,20260907
002780,진흥기업,CHINHUNG INTERNATIONAL INC,KOSPI,00150828,41221,종합 건설,false,,,matched,ticker,7570,110122107180,20260907
002787,진흥기업2우B,CHINHUNG INTERNATIONAL INC (preferred),KOSPI,00150828,41221,종합 건설,true,002780,preferred_share,matched_via_parent,preferred_parent_ticker,28000,825440000,20260907
002785,진흥기업우B,CHINHUNG INTERNATIONAL INC (preferred),KOSPI,00150828,41221,종합 건설,true,002780,preferred_share,matched_via_parent,preferred_parent_ticker,13280,1138374880,20260907
025620,차AI헬스케어,"CHA AI Healthkare Co.,Ltd.",KOSPI,00136776,204,화학물질·화학제품,false,,,matched,ticker,4660,84830514180,20260907
009310,참엔지니어링,"Charm Engineering Co.,Ltd.",KOSPI,00153621,29271,기타 기계·장비,false,,,matched,ticker,5330,23329484620,20260907
000650,천일고속,"CHUNIL EXPRESS CO.,LTD",KOSPI,00151395,49220,육상운송,false,,,matched,ticker,143800,205521836000,20260907
033250,체시스,"CHASYS Co.,Ltd",KOSPI,00125576,303,자동차·트레일러,false,,,matched,ticker,4390,28096000000,20260907
035720,카카오,Kakao Corp.,KOSPI,00258801,63120,정보서비스업,false,,,matched,ticker,36550,16191646454650,20260907
323410,카카오뱅크,KakaoBank Corp.,KOSPI,01133217,64121,금융업,false,,,matched,ticker,22050,10520505635850,20260907
377300,카카오페이,kakaopay Corp.,KOSPI,01244601,66199,금융·보험 관련 서비스,false,,,matched,ticker,46750,6323998023750,20260907
006380,카프로,CAPRO CORPORATION,KOSPI,00159810,20119,화학물질·화학제품,false,,,matched,ticker,3660,618539985360,20260907
279570,케이뱅크,Kbank,KOSPI,01203312,64121,금융업,false,,,matched,ticker,5740,2328690166740,20260907
001620,케이비아이동국실업,"KBI DONGKOOK IND CO., LTD",KOSPI,00114765,303,자동차·트레일러,false,,,matched,ticker,2250,50081863500,20260907
029460,케이씨,"KC CO., LTD.",KOSPI,00209780,27216,의료·정밀·광학기기,false,,,matched,ticker,38750,427045731250,20260907
281820,케이씨텍,"KCTECH CO., LTD",KOSPI,01261893,272,의료·정밀·광학기기,false,,,matched,ticker,69800,1381946537800,20260907
381970,케이카,"K Car Co., Ltd.",KOSPI,01323032,45120,자동차 판매,false,,,matched,ticker,6290,307083133920,20260907
145270,케이탑리츠,"K-TOP REITS CO.,LTD.",KOSPI,00861076,68112,부동산업,false,,,matched,ticker,792,38064133008,20260907
417310,코람코더원리츠,KORAMCO THE ONE REIT,KOSPI,01180118,68112,부동산업,false,,,matched,ticker,2365,95546000000,20260907
357120,코람코라이프인프라리츠,"KORAMCO LIFE INFRA REIT CO.,LTD",KOSPI,01430475,6811,부동산업,false,,,matched,ticker,4080,397128244320,20260907
007815,코리아써우,,KOSPI,,,,false,,preferred_share,not_matched,,18450,54698530500,20260907
007810,코리아써키트,"KOREA CIRCUIT CO.,LTD",KOSPI,00152686,2622,전자부품·컴퓨터·통신장비,false,,,matched,ticker,52200,1251892764000,20260907
00781K,코리아써키트2우B,"KOREA CIRCUIT CO.,LTD (preferred)",KOSPI,00152686,2622,전자부품·컴퓨터·통신장비,true,007810,preferred_share,matched_via_parent,preferred_parent_ticker,13900,10893416100,20260907
003690,코리안리,Korean Reinsurance Company,KOSPI,00113191,65200,보험·연금,false,,,matched,ticker,14610,2581894262910,20260907
192820,코스맥스,"COSMAX, INC.",KOSPI,01009789,20423,화학물질·화학제품,false,,,matched,ticker,274000,3109765466000,20260907
044820,코스맥스비티아이,"COSMAX BTI, INC.",KOSPI,00219574,64992,금융업,false,,,matched,ticker,23400,224731751400,20260907
005070,코스모신소재,"COSMO ADVANCED MATERIALS & TECHNOLOGY CO., LTD",KOSPI,00129989,204,화학물질·화학제품,false,,,matched,ticker,38650,1283743169150,20260907
005420,코스모화학,"COSMOCHEMICALCO.,LTD",KOSPI,00160302,2049,화학물질·화학제품,false,,,matched,ticker,10360,397909242080,20260907
071950,코아스,"KOAS CO., LTD",KOSPI,00210856,320,가구 제조,false,,,matched,ticker,1849,26735051555,20260907
002020,코오롱,KOLON CORPORATION,KOSPI,00152862,64992,금융업,false,,,matched,ticker,25650,331081992000,20260907
003070,코오롱글로벌,"KolonGlobalCorporation CO.,LTD",KOSPI,00152880,41221,종합 건설,false,,,matched,ticker,9370,238222495830,20260907
003075,코오롱글로벌우,"KolonGlobalCorporation CO.,LTD (preferred)",KOSPI,00152880,41221,종합 건설,true,003070,preferred_share,matched_via_parent,preferred_parent_ticker,13120,9718469440,20260907
002025,코오롱우,KOLON CORPORATION (preferred),KOSPI,00152862,64992,금융업,true,002020,preferred_share,matched_via_parent,preferred_parent_ticker,13450,15607877650,20260907
120110,코오롱인더,"KOLON INDUSTRIES, INC.",KOSPI,00795135,205,화학물질·화학제품,false,,,matched,ticker,55200,1653020966400,20260907
120115,코오롱인더우,"KOLON INDUSTRIES, INC. (preferred)",KOSPI,00795135,205,화학물질·화학제품,true,120110,preferred_share,matched_via_parent,preferred_parent_ticker,25050,69334893000,20260907
021240,코웨이,"COWAY Co., Ltd.",KOSPI,00170558,969,기타 개인 서비스,false,,,matched,ticker,97700,6913977520200,20260907
036420,콘텐트리중앙,ContentreeJoongAng corp.,KOSPI,00203315,591,영상·오디오 제작,false,,,matched,ticker,1560,30049200480,20260907
024720,콜마홀딩스,"KOLMAR HOLDINGS CO.,LTD.",KOSPI,00203290,64992,금융업,false,,,matched,ticker,9720,333359637480,20260907
192400,쿠쿠홀딩스,"Cuckoo Holdings Co.,Ltd",KOSPI,00132354,649,금융업,false,,,matched,ticker,27650,983294415250,20260907
284740,쿠쿠홈시스,"CUCKOO HOMESYS CO.,LTD",KOSPI,01267684,762,사업지원 서비스,false,,,matched,ticker,23550,528399121500,20260907
264900,크라운제과,"CROWN CONFECTIONERY CO.,LTD",KOSPI,01205329,106,식료품 제조,false,,,matched,ticker,8090,101317946500,20260907
26490K,크라운제과우,"CROWN CONFECTIONERY CO.,LTD (preferred)",KOSPI,01205329,106,식료품 제조,true,264900,preferred_share,matched_via_parent,preferred_parent_ticker,7610,5886791600,20260907
005740,크라운해태홀딩스,"CROWNHAITAI Holdings CO.,LTD",KOSPI,00153126,64992,금융업,false,,,matched,ticker,5660,84035984020,20260907
005745,크라운해태홀딩스우,"CROWNHAITAI Holdings CO.,LTD (preferred)",KOSPI,00153126,64992,금융업,true,005740,preferred_share,matched_via_parent,preferred_parent_ticker,5330,3201869580,20260907
259960,크래프톤,"KRAFTON, Inc.",KOSPI,00760971,5821,출판업,false,,,matched,ticker,218000,9973051574000,20260907
020120,키다리스튜디오,"KidariStudio, Inc.",KOSPI,00140131,631,정보서비스업,false,,,matched,ticker,7030,260558274980,20260907
039490,키움증권,"KIWOOM Securities Co.,Ltd.",KOSPI,00296290,66121,금융·보험 관련 서비스,false,,,matched,ticker,272500,7147216110000,20260907
014580,태경비케이,"TAEKYUNG BK CO.,LTD.",KOSPI,00122481,23312,비금속 광물제품,false,,,matched,ticker,3810,105091611000,20260907
015890,태경산업,"TAEKYUNG INDUSTRIAL CO.,LTD",KOSPI,00153339,20129,화학물질·화학제품,false,,,matched,ticker,4775,139567281250,20260907
006890,태경케미컬,"TAEKYUNG CHEMICAL CO.,LTD",KOSPI,00109161,20121,화학물질·화학제품,false,,,matched,ticker,5150,59740000000,20260907
003240,태광산업,"TAEKWANG INDUSTRIAL CO.,LTD",KOSPI,00153393,20501,화학물질·화학제품,false,,,matched,ticker,912000,1015420800000,20260907
011280,태림포장,"Tailim Packaging Co., Ltd",KOSPI,00153524,1721,펄프·종이 제조,false,,,matched,ticker,1609,113926757460,20260907
004100,태양금속,"TAEYANG METAL INDUSTRIAL CO.,LTD",KOSPI,00153755,303,자동차·트레일러,false,,,matched,ticker,2770,101659000000,20260907
004105,태양금속우,"TAEYANG METAL INDUSTRIAL CO.,LTD (preferred)",KOSPI,00153755,303,자동차·트레일러,true,004100,preferred_share,matched_via_parent,preferred_parent_ticker,3375,11137500000,20260907
009410,태영건설,TAEYOUNG ENGINEERING & CONSTRUCTION,KOSPI,00153861,41221,종합 건설,false,,,matched,ticker,1699,505605542522,20260907
009415,태영건설우,TAEYOUNG ENGINEERING & CONSTRUCTION (preferred),KOSPI,00153861,41221,종합 건설,true,009410,preferred_share,matched_via_parent,preferred_parent_ticker,6340,4120835160,20260907
001420,태원물산,"TAEWONMULSAN CO.,LTD",KOSPI,00154055,303,자동차·트레일러,false,,,matched,ticker,2810,21356000000,20260907
055490,테이팩스,TAPEX INC,KOSPI,00256955,2229,고무·플라스틱,false,,,matched,ticker,16900,80894385000,20260907
078000,텔코웨어,"TELCOWARE CO.,LTD.",KOSPI,00361488,631,정보서비스업,false,,,matched,ticker,13410,123909432570,20260907
214420,토니모리,"TONYMOLY CO., LTD.",KOSPI,00816544,20423,화학물질·화학제품,false,,,matched,ticker,5250,126287694750,20260907
091810,트리니티항공,"Trinity Airways Co., Ltd.",KOSPI,00671376,511,항공운송,false,,,matched,ticker,2770,282833872070,20260907
019180,티에이치엔,THN CORPORATION,KOSPI,00118965,289,전기장비,false,,,matched,ticker,5260,94680000000,20260907
217590,티엠씨,"TMC Co., Ltd.",KOSPI,00949161,2830,전기장비,false,,,matched,ticker,10740,258771976500,20260907
363280,티와이홀딩스,"TY Holdings Co., Ltd.",KOSPI,01497869,64992,금융업,false,,,matched,ticker,2025,92132099325,20260907
36328K,티와이홀딩스우,"TY Holdings Co., Ltd. (preferred)",KOSPI,01497869,64992,금융업,true,363280,preferred_share,matched_via_parent,preferred_parent_ticker,2805,3295731945,20260907
004870,티웨이홀딩스,Tway Holdings Incorporation,KOSPI,00109514,23325,비금속 광물제품,false,,,matched,ticker,1130,25574948740,20260907
034230,파라다이스,"PARADISE.Co.,Ltd.",KOSPI,00171265,91249,스포츠·오락,false,,,matched,ticker,10030,929072701460,20260907
005690,파미셀,"Pharmicell Co.,Ltd.",KOSPI,00145163,262,전자부품·컴퓨터·통신장비,false,,,matched,ticker,10740,644443110360,20260907
036580,팜스코,FARMSCO,KOSPI,00260408,105,식료품 제조,false,,,matched,ticker,2715,99716365245,20260907
004720,팜젠사이언스,"PharmGen Science, Inc.",KOSPI,00135050,212,의료용 물질·의약품,false,,,matched,ticker,3020,68416182300,20260907
028670,팬오션,"Pan Ocean Co., Ltd.",KOSPI,00122737,50112,수상운송,false,,,matched,ticker,6060,3239491242720,20260907
010820,퍼스텍,"FIRSTEC CO.,LTD.",KOSPI,00148522,252,금속가공제품,false,,,matched,ticker,5900,287754434200,20260907
016800,퍼시스,FURSYS INC,KOSPI,00161709,32029,가구 제조,false,,,matched,ticker,27150,312225000000,20260907
001020,페이퍼코리아,PaperCorea Inc.,KOSPI,00134723,171,펄프·종이 제조,false,,,matched,ticker,2565,91305438030,20260907
090080,평화산업,"PYUNG HWA INDUSTRIAL CO., LTD",KOSPI,00573579,303,자동차·트레일러,false,,,matched,ticker,984,54023822856,20260907
010770,평화홀딩스,"Pyung Hwa Holdings Co.,Ltd.",KOSPI,00155124,303,자동차·트레일러,false,,,matched,ticker,3515,51408512990,20260907
022100,포스코DX,POSCO DX COMPANY LTD.,KOSPI,00155212,72129,건축기술·엔지니어링,false,,,matched,ticker,22050,3352365774450,20260907
058430,포스코스틸리온,"POSCO STEELEON Co.,Ltd.",KOSPI,00155258,2419,1차 금속,false,,,matched,ticker,4755,285300000000,20260907
047050,포스코인터내셔널,POSCO INTERNATIONAL,KOSPI,00124504,461,도매·상품중개,false,,,matched,ticker,54700,9622976503600,20260907
003670,포스코퓨처엠,"POSCO FUTURE M CO., LTD.",KOSPI,00155276,282,전기장비,false,,,matched,ticker,182600,16241579772000,20260907
017810,풀무원,Pulmuone Corporate,KOSPI,00155355,108,식료품 제조,false,,,matched,ticker,9420,359095505640,20260907
103140,풍산,POONGSAN CORPORATION,KOSPI,00684714,242,1차 금속,false,,,matched,ticker,76500,2143857267000,20260907
005810,풍산홀딩스,POONGSAN HOLDINGS CORPORATION,KOSPI,00155531,64992,금융업,false,,,matched,ticker,37700,543531908400,20260907
950210,프레스티지바이오파마,Prestige BioPharma Limited,KOSPI,01510489,70113,연구개발업,false,,,matched,ticker,6450,387620199750,20260907
006490,프리티,"FreeT, Inc.",KOSPI,00122825,612,통신업,false,,,matched,ticker,898,26560346254,20260907
086790,하나금융지주,Hana Financial Group Inc.,KOSPI,00547583,64992,금융업,false,,,matched,ticker,138900,38109680197200,20260907
293480,하나제약,"Hana Pharm. Co., Ltd.",KOSPI,00248974,212,의료용 물질·의약품,false,,,matched,ticker,8500,151070041000,20260907
039130,하나투어,HANATOUR SERVICE INC.,KOSPI,00269940,75210,사업시설 관리,false,,,matched,ticker,32800,508069769600,20260907
352820,하이브,"HYBE Co., Ltd.",KOSPI,01204056,592,영상·오디오 제작,false,,,matched,ticker,180800,7793715948800,20260907
071090,하이스틸,"HISTEEL CO., LTD",KOSPI,00435312,2413,1차 금속,false,,,matched,ticker,3155,63704091005,20260907
000080,하이트진로,HITE JINRO,KOSPI,00150244,11122,음료 제조,false,,,matched,ticker,15500,1087070970500,20260907
000087,하이트진로2우B,HITE JINRO (preferred),KOSPI,00150244,11122,음료 제조,true,000080,preferred_share,matched_via_parent,preferred_parent_ticker,12390,14002409820,20260907
000140,하이트진로홀딩스,"HITEJINRO HOLDINGS CO., LTD",KOSPI,00148993,64992,금융업,false,,,matched,ticker,8010,185886187650,20260907
000145,하이트진로홀딩스우,"HITEJINRO HOLDINGS CO., LTD (preferred)",KOSPI,00148993,64992,금융업,true,000140,preferred_share,matched_via_parent,preferred_parent_ticker,9250,4354992500,20260907
036460,한국가스공사,KoreaGasCorporation,KOSPI,00261285,35200,전기·가스·증기,false,,,matched,ticker,35100,3240186300000,20260907
005430,한국공항,"KOREA AIRPORT SERVICE CO.,LTD",KOSPI,00156691,52939,창고·운송 관련,false,,,matched,ticker,79900,252991764500,20260907
071050,한국금융지주,"Korea Investment Holdings Co., Ltd",KOSPI,00432102,64992,금융업,false,,,matched,ticker,190900,10638091872800,20260907
071055,한국금융지주우,"Korea Investment Holdings Co., Ltd (preferred)",KOSPI,00432102,64992,금융업,true,071050,preferred_share,matched_via_parent,preferred_parent_ticker,149700,876980174700,20260907
010040,한국내화,"KOREA REFRACTORIES CO.,LTD",KOSPI,00160205,2321,비금속 광물제품,false,,,matched,ticker,1631,66980378122,20260907
025540,한국단자,"KOREA ELECTRIC TERMINAL CO.,LTD",KOSPI,00157070,2812,전기장비,false,,,matched,ticker,56900,575543500000,20260907
010100,한국무브넥스,"KOREA MOVENEX CO., LTD.",KOSPI,00160418,303,자동차·트레일러,false,,,matched,ticker,3560,108403495200,20260907
004090,한국석유,KOREA PETROLEUM INDUSTRIES COMPANY,KOSPI,00157991,23999,비금속 광물제품,false,,,matched,ticker,11500,145982380000,20260907
002200,한국수출포장,"KOREA EXPORT PACKAGING INDUSTRIAL CO.,LTD",KOSPI,00158112,1721,펄프·종이 제조,false,,,matched,ticker,2680,89779841880,20260907
002960,한국쉘석유,"HANKOOK SHELL OIL CO.,LTD",KOSPI,00158149,19221,코크스·석유정제,false,,,matched,ticker,498500,648050000000,20260907
000240,한국앤컴퍼니,"HANKOOK & COMPANY CO., LTD.",KOSPI,00160047,64992,금융업,false,,,matched,ticker,24550,2330660142000,20260907
123890,한국자산신탁,"KOREA ASSET IN TRUST Co., Ltd",KOSPI,00404701,642,금융업,false,,,matched,ticker,2565,313889120190,20260907
015760,한국전력,KOREA ELECTRIC POWER CORPORATION,KOSPI,00159193,35120,전기·가스·증기,false,,,matched,ticker,32750,21024323521750,20260907
006200,한국전자홀딩스,"KEC HOLDINGS CO.,LTD",KOSPI,00159254,64992,금융업,false,,,matched,ticker,1779,16652555433,20260907
027970,한국제지,"Hankuk Paper MFG. CO., LTD",KOSPI,00133706,171,펄프·종이 제조,false,,,matched,ticker,2755,104773046720,20260907
023350,한국종합기술,Korea Engineering Consultants Corp.,KOSPI,00159500,72121,건축기술·엔지니어링,false,,,matched,ticker,4100,44895000000,20260907
025890,한국주강,"HANKOOK STEEL CO.,LTD",KOSPI,00159564,292,기타 기계·장비,false,,,matched,ticker,2565,28585940040,20260907
000970,한국주철관,"KOREA CASTIRON PIPE IND CO.,LTD",KOSPI,00159573,24131,1차 금속,false,,,matched,ticker,6660,151851330000,20260907
104700,한국철강,KISCO Corp.,KOSPI,00687711,2411,1차 금속,false,,,matched,ticker,9550,348097500000,20260907
017960,한국카본,"HANKUK CARBON CO.,LTD",KOSPI,00159795,2512,금속가공제품,false,,,matched,ticker,22600,1167888583600,20260907
161890,한국콜마,"KOLMAR KOREA CO.,LTD",KOSPI,00939331,20423,화학물질·화학제품,false,,,matched,ticker,144300,3406212611100,20260907
161390,한국타이어앤테크놀로지,"HANKOOK TIRE & TECHNOLOGY CO.,LTD",KOSPI,00937324,221,고무·플라스틱,false,,,matched,ticker,65400,8101429512600,20260907
034830,한국토지신탁,"Korea Real Estate Investment & Trust Co., Ltd",KOSPI,00233653,642,금융업,false,,,matched,ticker,1194,301472140620,20260907
007280,한국특강,"KOREA STEEL CO.,LTD",KOSPI,00124090,24121,1차 금속,false,,,matched,ticker,2320,66459972800,20260907
047810,한국항공우주,"KOREA AEROSPACE INDUSTRIES, LTD.",KOSPI,00309503,31311,기타 운송장비,false,,,matched,ticker,129400,12613278845800,20260907
123690,한국화장품,"HANKOOK COSMETICS CO.,LTD.",KOSPI,00823429,46443,도매·상품중개,false,,,matched,ticker,6390,102674520000,20260907
003350,한국화장품제조,"HANKOOK COSMETICS MANUFACTURING CO.,LTD",KOSPI,00160621,20423,화학물질·화학제품,false,,,matched,ticker,12990,294353400000,20260907
011500,한농화성,HANNONG CHEMICALS INC,KOSPI,00160861,20421,화학물질·화학제품,false,,,matched,ticker,13300,207972658600,20260907
002390,한독,HANDOK Inc.,KOSPI,00161046,212,의료용 물질·의약품,false,,,matched,ticker,9530,131166469490,20260907
053690,한미글로벌,"HanmiGlobal Co., Ltd.",KOSPI,00413523,72111,건축기술·엔지니어링,false,,,matched,ticker,24200,265172710000,20260907
042700,한미반도체,"HANMI Semiconductor CO., LTD.",KOSPI,00161383,29271,기타 기계·장비,false,,,matched,ticker,240500,22922584100000,20260907
008930,한미사이언스,"Hanmi Science Co.,Ltd",KOSPI,00161426,64992,금융업,false,,,matched,ticker,54200,3706822010000,20260907
128940,한미약품,"Hanmi Pharm. Co., Ltd.",KOSPI,00828497,21212,의료용 물질·의약품,false,,,matched,ticker,475500,6091626220500,20260907
009240,한샘,"HANSSEM CO.,LTD.",KOSPI,00161693,46431,도매·상품중개,false,,,matched,ticker,38200,898996049600,20260907
020000,한섬,HANDSOME CORPORATION,KOSPI,00188089,14112,의복 제조,false,,,matched,ticker,15500,332893407000,20260907
003680,한성기업,"HANSUNG ENTERPRISE CO.,LTD",KOSPI,00161860,10211,식료품 제조,false,,,matched,ticker,4805,29836719575,20260907
105630,한세실업,"HANSAE CO.,LTD.",KOSPI,00728638,14199,의복 제조,false,,,matched,ticker,9140,365600000000,20260907
069640,한세엠케이,"HANSAEMK CO.,LTD.",KOSPI,00357360,4741,소매업,false,,,matched,ticker,1410,30647028210,20260907
016450,한세예스24홀딩스,"HANSAE YES24 HOLDINGS CO., LTD ",KOSPI,00161976,1419,의복 제조,false,,,matched,ticker,4435,177400000000,20260907
009180,한솔로지스틱스,"Hansol Logistics CO., Ltd",KOSPI,00140946,5299,창고·운송 관련,false,,,matched,ticker,2780,78273193500,20260907
213500,한솔제지,"Hansol Paper Co., Ltd",KOSPI,01060744,171,펄프·종이 제조,false,,,matched,ticker,7550,179694348800,20260907
014680,한솔케미칼,"Hansol Chemical Co., Ltd",KOSPI,00140955,20129,화학물질·화학제품,false,,,matched,ticker,202000,2180395272000,20260907
004710,한솔테크닉스,"Hansol Technics Co., Ltd",KOSPI,00157399,26299,전자부품·컴퓨터·통신장비,false,,,matched,ticker,9170,487108721890,20260907
004150,한솔홀딩스,"Hansol Holdings Co., Ltd.",KOSPI,00171636,64992,금융업,false,,,matched,ticker,3555,145849634100,20260907
025750,한솔홈데코,"Hansol HomeDeco co.,ltd.",KOSPI,00203582,161,목재 제조,false,,,matched,ticker,1910,30775885390,20260907
004960,한신공영,"HANSHIN CONSTRUCTION CO.,LTD",KOSPI,00162063,41112,종합 건설,false,,,matched,ticker,12440,143939532880,20260907
011700,한신기계,HANSHIN MACHINERY CO,KOSPI,00162072,29132,기타 기계·장비,false,,,matched,ticker,2375,77059608625,20260907
001750,한양증권,"HANYANG SECURITIES CO.,LTD",KOSPI,00162416,66121,금융·보험 관련 서비스,false,,,matched,ticker,19500,294634977000,20260907
001755,한양증권우,"HANYANG SECURITIES CO.,LTD (preferred)",KOSPI,00162416,66121,금융·보험 관련 서비스,true,001750,preferred_share,matched_via_parent,preferred_parent_ticker,19300,9126391000,20260907
018880,한온시스템,Hanon Systems,KOSPI,00161125,29172,기타 기계·장비,false,,,matched,ticker,3555,3648363372360,20260907
009420,한올바이오파마,"HANALL BIOPHARMA CO.,LTD",KOSPI,00162586,212,의료용 물질·의약품,false,,,matched,ticker,55500,2899355409000,20260907
014130,한익스프레스,"HAN EXPRESS CO.,LTD",KOSPI,00129509,49301,육상운송,false,,,matched,ticker,2430,28717455690,20260907
300720,한일시멘트,"HANILCEMENTCO.,LTD.",KOSPI,01319808,23311,비금속 광물제품,false,,,matched,ticker,16770,1233353154930,20260907
002220,한일철강,"HANIL IRON & STEEL CO.,LTD",KOSPI,00163196,2419,1차 금속,false,,,matched,ticker,3045,81293765700,20260907
003300,한일홀딩스,"HANIL HOLDINGS CO.,LTD.",KOSPI,00162993,23311,비금속 광물제품,false,,,matched,ticker,18560,572231600640,20260907
051600,한전KPS,"KEPCO Plant Service & Engineering Co., Ltd",KOSPI,00159218,42311,전문직별 공사,false,,,matched,ticker,47350,2130750000000,20260907
052690,한전기술,"KEPCO Engineering & Construction Company, Inc",KOSPI,00159209,72129,건축기술·엔지니어링,false,,,matched,ticker,122300,4674306000000,20260907
130660,한전산업,"Korea Electronic Power Industrial Development Co., Ltd",KOSPI,00194947,72129,건축기술·엔지니어링,false,,,matched,ticker,12730,414998000000,20260907
002320,한진,HANJIN Logistics Corporation,KOSPI,00163512,49309,육상운송,false,,,matched,ticker,14910,231382564560,20260907
003480,한진중공업홀딩스,"HANJIN HEAVY IND. & CONST. HOLDINGS CO., LTD",KOSPI,00163673,352,전기·가스·증기,false,,,matched,ticker,4740,139971308880,20260907
180640,한진칼,HANJINKAL,KOSPI,00983040,64992,금융업,false,,,matched,ticker,148900,9940903343100,20260907
18064K,한진칼우,HANJINKAL (preferred),KOSPI,00983040,64992,금융업,true,180640,preferred_share,matched_via_parent,preferred_parent_ticker,32350,17364380100,20260907
005110,한창,HANCHANG CORPORATION,KOSPI,00163716,465,도매·상품중개,false,,,matched,ticker,1254,26467434378,20260907
009460,한창제지,"HANCHANG PAPER CO.,LTD",KOSPI,00163761,171,펄프·종이 제조,false,,,matched,ticker,2750,32817116750,20260907
372910,한컴라이프케어,Hancom Lifecare Inc.,KOSPI,00534598,27199,의료·정밀·광학기기,false,,,matched,ticker,1860,51474395160,20260907
000880,한화,HANWHA CORP,KOSPI,00160588,20494,화학물질·화학제품,false,,,matched,ticker,139000,7412716683000,20260907
00088K,한화3우B,HANWHA CORP (preferred),KOSPI,00160588,20494,화학물질·화학제품,true,000880,preferred_share,matched_via_parent,preferred_parent_ticker,41750,612748592750,20260907
452260,한화갤러리아,HANWHA GALLERIA CORPORATION,KOSPI,01722437,47111,소매업,false,,,matched,ticker,2380,461385871800,20260907
45226K,한화갤러리아우,HANWHA GALLERIA CORPORATION (preferred),KOSPI,01722437,47111,소매업,true,452260,preferred_share,matched_via_parent,preferred_parent_ticker,4040,11734058800,20260907
451800,한화리츠,"Hanwha REIT Co., Ltd.",KOSPI,01669226,68112,부동산업,false,,,matched,ticker,5250,942900000000,20260907
0220W0,한화머시너리앤서비스홀딩스,,KOSPI,,,,false,,,not_matched,,6700,566254084500,20260907
0220WL,한화머시너리앤서비스홀딩스3우B,,KOSPI,,,,true,0220W0,preferred_share,not_matched,,2765,65362222100,20260907
489790,한화비전,"Hanwha Vision CO.,LTD",KOSPI,01867758,264,전자부품·컴퓨터·통신장비,false,,,matched,ticker,49700,2509272983000,20260907
088350,한화생명,"HANWHA LIFE INSURANCE CO., LTD.",KOSPI,00113058,65110,보험·연금,false,,,matched,ticker,5890,5115641700000,20260907
000370,한화손해보험,"Hanwha General Insurance Co., Ltd.",KOSPI,00135917,65121,보험·연금,false,,,matched,ticker,8270,965430827050,20260907
009830,한화솔루션,HANWHA SOLUTIONS CORPORATION,KOSPI,00162461,20111,화학물질·화학제품,false,,,matched,ticker,29650,6668063692400,20260907
009835,한화솔루션우,HANWHA SOLUTIONS CORPORATION (preferred),KOSPI,00162461,20111,화학물질·화학제품,true,009830,preferred_share,matched_via_parent,preferred_parent_ticker,17110,43538379760,20260907
272210,한화시스템,"HANWHA SYSTEMS Co., Ltd.",KOSPI,00339391,26299,전자부품·컴퓨터·통신장비,false,,,matched,ticker,70600,13337708863400,20260907
012450,한화에어로스페이스,"HANWHA AEROSPACE CO., LTD.",KOSPI,00126566,31321,기타 운송장비,false,,,matched,ticker,1039000,53574373639000,20260907
082740,한화엔진,"Hanwha Engine Co., Ltd.",KOSPI,00361008,29111,기타 기계·장비,false,,,matched,ticker,45900,3830223817800,20260907
042660,한화오션,"Hanwha Ocean Co., Ltd.",KOSPI,00111704,3111,기타 운송장비,false,,,matched,ticker,87300,26749889296200,20260907
003530,한화투자증권,"HANWHA INVESTMENT&SECURITIES CO.,LTD",KOSPI,00148610,66121,금융·보험 관련 서비스,false,,,matched,ticker,4915,1054502314125,20260907
003535,한화투자증권우,"HANWHA INVESTMENT&SECURITIES CO.,LTD (preferred)",KOSPI,00148610,66121,금융·보험 관련 서비스,true,003530,preferred_share,matched_via_parent,preferred_parent_ticker,6730,32304000000,20260907
195870,해성디에스,"HAESUNG DS Co.,Ltd.",KOSPI,01032413,262,전자부품·컴퓨터·통신장비,false,,,matched,ticker,50800,863600000000,20260907
101530,해태제과식품,"Haitai Confectionery and Foods Co., Ltd.",KOSPI,00428321,108,식료품 제조,false,,,matched,ticker,5570,162180698540,20260907
143210,핸즈코퍼레이션,HANDS CORPORATION LTD.,KOSPI,00119140,303,자동차·트레일러,false,,,matched,ticker,1199,33571739817,20260907
000720,현대건설,"HYUNDAI ENGINEERING & CONSTRUCTION CO.,LTD",KOSPI,00164478,41221,종합 건설,false,,,matched,ticker,126900,14131046578500,20260907
000725,현대건설우,"HYUNDAI ENGINEERING & CONSTRUCTION CO.,LTD (preferred)",KOSPI,00164478,41221,종합 건설,true,000720,preferred_share,matched_via_parent,preferred_parent_ticker,54000,56953422000,20260907
453340,현대그린푸드,"HYUNDAI GREEN FOOD CO., LTD",KOSPI,01721809,471,소매업,false,,,matched,ticker,18680,606569245160,20260907
086280,현대글로비스,"HYUNDAI GLOVIS Co., LTD.",KOSPI,00360595,5299,창고·운송 관련,false,,,matched,ticker,210000,15750000000000,20260907
064350,현대로템,Hyundai-Rotem Co.,KOSPI,00302926,31910,기타 운송장비,false,,,matched,ticker,127200,13882899669600,20260907
079430,현대리바트,HYUNDAI LIVART FURNITURE COMPANY LIMITED,KOSPI,00300548,32029,가구 제조,false,,,matched,ticker,6020,121087496040,20260907
012330,현대모비스,"HYUNDAI MOBIS CO.,LTD",KOSPI,00164788,303,자동차·트레일러,false,,,matched,ticker,432000,38802492720000,20260907
069960,현대백화점,"HYUNDAI DEPARTMENT STORE CO.,LTD",KOSPI,00428251,47111,소매업,false,,,matched,ticker,97700,2106891902400,20260907
004560,현대비앤지스틸,"HYUNDAI BNG STEEL CO., LTD",KOSPI,00125743,24122,1차 금속,false,,,matched,ticker,11690,176271300590,20260907
004310,현대약품,"HYUNDAI PHARMACEUTICAL CO., LTD",KOSPI,00164706,212,의료용 물질·의약품,false,,,matched,ticker,8420,269440000000,20260907
017800,현대엘리베이터,"HYUNDAI ELEVATOR CO.,LTD",KOSPI,00164724,29162,기타 기계·장비,false,,,matched,ticker,75500,2951475067500,20260907
307950,현대오토에버,HYUNDAI AUTOEVER CORPORATION.,KOSPI,00362441,582,출판업,false,,,matched,ticker,402000,11024440764000,20260907
011210,현대위아,HYUNDAI WIA,KOSPI,00106623,303,자동차·트레일러,false,,,matched,ticker,58500,1590912355500,20260907
004020,현대제철,HYUNDAI STEEL COMPANY,KOSPI,00145880,2411,1차 금속,false,,,matched,ticker,32400,4323643434000,20260907
005440,현대지에프홀딩스,"HYUNDAI G.F. HOLDINGS CO., LTD.",KOSPI,00105280,64992,금융업,false,,,matched,ticker,11970,2195264472030,20260907
005380,현대차,HYUNDAI MOTOR CO,KOSPI,00164742,30121,자동차·트레일러,false,,,matched,ticker,393000,80469802038000,20260907
005387,현대차2우B,HYUNDAI MOTOR CO (preferred),KOSPI,00164742,30121,자동차·트레일러,true,005380,preferred_share,matched_via_parent,preferred_parent_ticker,187500,6555736875000,20260907
005389,현대차3우B,HYUNDAI MOTOR CO (preferred),KOSPI,00164742,30121,자동차·트레일러,true,005380,preferred_share,matched_via_parent,preferred_parent_ticker,183000,425923716000,20260907
005385,현대차우,HYUNDAI MOTOR CO (preferred),KOSPI,00164742,30121,자동차·트레일러,true,005380,preferred_share,matched_via_parent,preferred_parent_ticker,188500,4399770960000,20260907
001500,현대차증권,"HYUNDAI MOTOR SECURITIES CO.,LTD.",KOSPI,00137997,66121,금융·보험 관련 서비스,false,,,matched,ticker,8200,507030960800,20260907
011760,현대코퍼레이션,HYUNDAI CORPORATION,KOSPI,00164812,46800,도매·상품중개,false,,,matched,ticker,25950,343291667700,20260907
227840,현대코퍼레이션홀딩스,"HYUNDAI CORPORATION HOLDINGS Co.,Ltd.",KOSPI,01108099,463,도매·상품중개,false,,,matched,ticker,13150,119675993400,20260907
126560,현대퓨처넷,"Hyundai Futurenet Co., Ltd",KOSPI,00403632,61299,통신업,false,,,matched,ticker,3390,370191525600,20260907
001450,현대해상,"HYUNDAIMARINE&FIREINSURANCECO.,LTD.",KOSPI,00164973,65121,보험·연금,false,,,matched,ticker,51000,4347660750000,20260907
093240,형지엘리트,HYUNGJI ELITE INC.,KOSPI,00441243,14112,의복 제조,false,,,matched,ticker,373,22898566607,20260907
003010,혜인,HAEIN CORPORATION,KOSPI,00165343,465,도매·상품중개,false,,,matched,ticker,8900,113143448300,20260907
111110,호전실업,Hojeon Limited,KOSPI,00226316,14199,의복 제조,false,,,matched,ticker,6420,58203720000,20260907
008770,호텔신라,"HOTEL SHILLA CO.,LTD",KOSPI,00165680,47859,소매업,false,,,matched,ticker,42650,1673932360650,20260907
008775,호텔신라우,"HOTEL SHILLA CO.,LTD (preferred)",KOSPI,00165680,47859,소매업,true,008770,preferred_share,matched_via_parent,preferred_parent_ticker,29150,21917272850,20260907
378850,화승알앤에이,"HWASEUNG R&A CO., LTD.",KOSPI,01532603,30399,자동차·트레일러,false,,,matched,ticker,2995,56885900885,20260907
241590,화승엔터프라이즈,"HWASEUNG ENTERPRISE CO.,LTD",KOSPI,01128613,15219,가죽·신발 제조,false,,,matched,ticker,2875,174194168500,20260907
006060,화승인더,"HS INDUSTRIES CO.,LTD",KOSPI,00166227,46800,도매·상품중개,false,,,matched,ticker,2440,134980800000,20260907
013520,화승코퍼레이션,"Hwaseung Corporation CO., LTD ",KOSPI,00166272,303,자동차·트레일러,false,,,matched,ticker,2595,129882998940,20260907
010690,화신,"HWASHIN CO.,LTD",KOSPI,00166315,30391,자동차·트레일러,false,,,matched,ticker,7800,272379198000,20260907
133820,화인베스틸,"FINEBESTEEL CO., LTD",KOSPI,00661847,24121,1차 금속,false,,,matched,ticker,1000,37114502000,20260907
010660,화천기계,"HWACHEON MACHINERY CO.,LTD",KOSPI,00166500,29223,기타 기계·장비,false,,,matched,ticker,3115,68530000000,20260907
000850,화천기공,"HWACHEON MACHINE TOOL CO.,LTD",KOSPI,00166519,29223,기타 기계·장비,false,,,matched,ticker,36600,80520000000,20260907
016580,환인제약,"WHANIN PHARM CO.,LTD",KOSPI,00166573,212,의료용 물질·의약품,false,,,matched,ticker,10380,193068726600,20260907
032560,황금에스티,"Hwang Kum Steel & Technology Co., Ltd",KOSPI,00218575,24290,1차 금속,false,,,matched,ticker,5660,96220000000,20260907
004800,효성,HYOSUNG CORPORATION,KOSPI,00117188,649,금융업,false,,,matched,ticker,169200,2832476864400,20260907
094280,효성ITX,"HYOSUNG ITX.CO.,LTD",KOSPI,00414850,759,사업시설 관리,false,,,matched,ticker,12080,139623056000,20260907
298040,효성중공업,Hyosung Heavy Industries Corporation,KOSPI,01316245,281,전기장비,false,,,matched,ticker,2965000,27647284820000,20260907
298020,효성티앤씨,Hyosung TNC Corporation,KOSPI,01316227,2050,화학물질·화학제품,false,,,matched,ticker,348000,1506033336000,20260907
298000,효성화학,Hyosung Chemical Corporation,KOSPI,01316236,201,화학물질·화학제품,false,,,matched,ticker,57000,216133227000,20260907
093370,후성,"FOOSUNG CO.,LTD",KOSPI,00595191,20129,화학물질·화학제품,false,,,matched,ticker,12900,1383593757000,20260907
005870,휴니드,HUNEED TECHNOLOGIES,KOSPI,00111421,2642,전자부품·컴퓨터·통신장비,false,,,matched,ticker,4445,62745686675,20260907
079980,휴비스,HUVIS CORPORATION,KOSPI,00362238,20501,화학물질·화학제품,false,,,matched,ticker,1963,67723500000,20260907
005010,휴스틸,"HUSTEEL CO.,LTD",KOSPI,00156488,2413,1차 금속,false,,,matched,ticker,3870,217447850250,20260907
000540,흥국화재,"Heungkuk Fire & Marine Insurance Co., Ltd.",KOSPI,00103176,65121,보험·연금,false,,,matched,ticker,3730,239625065850,20260907
000545,흥국화재우,"Heungkuk Fire & Marine Insurance Co., Ltd. (preferred)",KOSPI,00103176,65121,보험·연금,true,000540,preferred_share,matched_via_parent,preferred_parent_ticker,5680,4362240000,20260907
003280,흥아해운,"HEUNG-A SHIPPING CO.,LTD.",KOSPI,00167208,50112,수상운송,false,,,matched,ticker,1739,418098899361,20260907
060310,3S,"3S KOREA CO., LTD",KOSDAQ,00378363,272,의료·정밀·광학기기,false,,,matched,ticker,1130,59956715200,20260907
054620,APS,APS Inc.,KOSDAQ,00296078,64992,금융업,false,,,matched,ticker,3900,71737461900,20260907
079810,APS이노베이션,"APS Innovation Co., Ltd.",KOSDAQ,00445160,289,전기장비,false,,,matched,ticker,4045,87081140230,20260907
265520,AP시스템,Advanced Process Systems Corporation,KOSDAQ,01203808,29272,기타 기계·장비,false,,,matched,ticker,19080,287169664680,20260907
211270,AP위성,Asia Pacific Satellite lnc.,KOSDAQ,00874803,264,전자부품·컴퓨터·통신장비,false,,,matched,ticker,8280,124881477120,20260907
126600,BGF에코머티리얼즈,"BGFecomaterials CO., LTD.",KOSDAQ,00599595,20202,화학물질·화학제품,false,,,matched,ticker,2925,183593179575,20260907
083790,CG인바이츠,"CG Invites Co., Ltd.",KOSDAQ,00407814,70113,연구개발업,false,,,matched,ticker,925,71127118350,20260907
035760,CJ ENM,"CJ ENM CO., Ltd.",KOSDAQ,00265324,602,방송업,false,,,matched,ticker,33600,736819574400,20260907
311690,CJ 바이오사이언스,CJ Bioscience,KOSDAQ,01071041,701,연구개발업,false,,,matched,ticker,4020,52523157240,20260907
051500,CJ프레시웨이,CJ Freshway Corporation,KOSDAQ,00127954,4632,도매·상품중개,false,,,matched,ticker,23550,279575850300,20260907
058820,CMG제약,"CMG Pharmaceutical Co., Ltd.",KOSDAQ,00380429,212,의료용 물질·의약품,false,,,matched,ticker,624,92429098944,20260907
056730,CNT85,CNT85 Inc.,KOSDAQ,00318662,411,종합 건설,false,,,matched,ticker,1278,18942818886,20260907
065770,CS,CS CORPORATION,KOSDAQ,00303703,2642,전자부품·컴퓨터·통신장비,false,,,matched,ticker,1205,12670652120,20260907
083660,CSA 코스믹,"CSA COSMIC CO., LTD.",KOSDAQ,00406037,204,화학물질·화학제품,false,,,matched,ticker,1549,22024502970,20260907
477760,DB금융스팩12호,"DB Finance No.12 Special Purpose Acquisition Co., Ltd.",KOSDAQ,01814589,6491,금융업,false,,,matched,ticker,2075,12118000000,20260907
099520,DGI,"DG-ITX Co., Ltd.",KOSDAQ,00627029,26519,전자부품·컴퓨터·통신장비,false,,,matched,ticker,1284,58141862016,20260907
290120,DH오토리드,"DH AUTOLEAD Co.,Ltd.",KOSDAQ,01182578,30399,자동차·트레일러,false,,,matched,ticker,2240,35448396480,20260907
025440,DH오토웨어,"DHAUTOWARE Co., LTD",KOSDAQ,00110583,265,전자부품·컴퓨터·통신장비,false,,,matched,ticker,3400,33171229600,20260907
068790,DMS,"DMS Co.,Ltd.",KOSDAQ,00361594,292,기타 기계·장비,false,,,matched,ticker,6700,151220500800,20260907
241520,DSC인베스트먼트,DSC Investment Inc.,KOSDAQ,01109715,64209,금융업,false,,,matched,ticker,8010,213066000000,20260907
180400,DXVX,"Dx & Vx Co., Ltd.",KOSDAQ,00995993,729,건축기술·엔지니어링,false,,,matched,ticker,2265,222942663480,20260907
418620,E8,"E8 Co.,Ltd.",KOSDAQ,01516890,582,출판업,false,,,matched,ticker,563,11175818551,20260907
245620,EDGC,"Eone Diagnomics Genome Center Co., Ltd.",KOSDAQ,01182550,70113,연구개발업,false,,,matched,ticker,741,167118555474,20260907
037370,EG,"EG Co., Ltd",KOSDAQ,00261054,201,화학물질·화학제품,false,,,matched,ticker,3685,31783021820,20260907
050120,ES큐브,"ES CUBE CO., LTD.",KOSDAQ,00175623,46419,도매·상품중개,false,,,matched,ticker,3265,44286740790,20260907
214270,FSN,"FSN Co., Ltd.",KOSDAQ,01061497,582,출판업,false,,,matched,ticker,1340,60637192240,20260907
032620,GC메디아이,GC MediAI Corporation,KOSDAQ,00220057,58221,출판업,false,,,matched,ticker,3075,160506202425,20260907
130500,GH신소재,GH Advanced Materials Inc.,KOSDAQ,00491938,13992,섬유제품 제조,false,,,matched,ticker,1865,27126521980,20260907
019570,GMI벤처,"GMI Venture Co.,Ltd",KOSDAQ,00110750,64209,금융업,false,,,matched,ticker,2810,26821461240,20260907
900290,GRT,Great Rich Technologies Limited,KOSDAQ,01170962,64992,금융업,false,,,matched,ticker,4005,334459728720,20260907
083450,GST,"GlobalStandardTechnologyCo.,Ltd.",KOSDAQ,00540863,29271,기타 기계·장비,false,,,matched,ticker,43750,806312500000,20260907
297890,HB솔루션,"HB SOLUTION CO.,LTD.",KOSDAQ,00523936,29272,기타 기계·장비,false,,,matched,ticker,1671,122218467294,20260907
440290,HB인베스트먼트,"HB Investment, Inc.",KOSDAQ,00309460,649,금융업,false,,,matched,ticker,1758,48356303940,20260907
078150,HB테크놀러지,"HB Technology CO.,LTD.",KOSDAQ,00255275,29272,기타 기계·장비,false,,,matched,ticker,1919,182154930362,20260907
225530,HC보광산업,"HC BoKwang Industry Co.,Ltd",KOSDAQ,00568461,239,비금속 광물제품,false,,,matched,ticker,2070,75221164890,20260907
060560,HC홈센타,"HC HomeCenter Co.,Ltd",KOSDAQ,00288495,467,도매·상품중개,false,,,matched,ticker,1974,50115913974,20260907
376270,HEM파마,HEM Pharma Inc.,KOSDAQ,01480708,70111,연구개발업,false,,,matched,ticker,37600,271439927200,20260907
195940,HK이노엔,HK inno.N Corporation,KOSDAQ,01012066,212,의료용 물질·의약품,false,,,matched,ticker,40900,1158692541900,20260907
028300,HLB,"HLB Co.,LTD.",KOSDAQ,00199252,213,의료용 물질·의약품,false,,,matched,ticker,32950,4388881447850,20260907
278650,HLB바이오스텝,"HLB bioStep Co.,Ltd.",KOSDAQ,01189438,70113,연구개발업,false,,,matched,ticker,2405,41924912380,20260907
067630,HLB생명과학,"HLB Life Science CO.,LTD.",KOSDAQ,00365590,213,의료용 물질·의약품,false,,,matched,ticker,2660,324299374280,20260907
024850,HLB이노베이션,"HLB innoVation Co.,Ltd.",KOSDAQ,00155586,2629,전자부품·컴퓨터·통신장비,false,,,matched,ticker,16300,517582767200,20260907
187420,HLB제넥스,"HLB Genex, Inc.",KOSDAQ,00983916,211,의료용 물질·의약품,false,,,matched,ticker,1959,63951451173,20260907
047920,HLB제약,"HLB PHARMACEUTICAL CO., LTD.",KOSDAQ,00336817,70111,연구개발업,false,,,matched,ticker,7610,249603099160,20260907
115450,HLB테라퓨틱스,"HLB Therapeutics Co.,Ltd.",KOSDAQ,00552859,467,도매·상품중개,false,,,matched,ticker,2080,184246626720,20260907
046210,HLB파나진,"HLB PANAGENE Co., LTD.",KOSDAQ,00172079,21301,의료용 물질·의약품,false,,,matched,ticker,1155,52584793800,20260907
196300,HLB펩,"HLB Pep Co., Ltd.",KOSDAQ,00808086,211,의료용 물질·의약품,false,,,matched,ticker,4305,40871441835,20260907
403870,HPSP,"HPSP Co., Ltd.",KOSDAQ,01288827,29271,기타 기계·장비,false,,,matched,ticker,53300,4386590000000,20260907
036640,HRS,"HRS Co., Ltd",KOSDAQ,00230911,20201,화학물질·화학제품,false,,,matched,ticker,4915,80383842000,20260907
396300,HT로보틱스,"SeA Mechanics Co., LTD",KOSDAQ,00534701,259,금속가공제품,false,,,matched,ticker,5180,137215610000,20260907
469480,IBKS제24호스팩,IBKS No.24 Special Purpose Acquisition Company,KOSDAQ,01792791,66199,금융·보험 관련 서비스,false,,,matched,ticker,2130,9009900000,20260907
0099X0,IBKS제25호스팩,,KOSDAQ,,,,false,,spac,not_matched,,2180,13036400000,20260907
095340,ISC,"ISC Co., LTD.",KOSDAQ,00572905,465,도매·상품중개,false,,,matched,ticker,186000,3942652788000,20260907
950170,JTC,JTC Inc.,KOSDAQ,01041828,471,소매업,false,,,matched,ticker,4400,214601706000,20260907
067290,JW신약,JW SHINYAK CORPORATION,KOSDAQ,00110431,212,의료용 물질·의약품,false,,,matched,ticker,3580,200612828740,20260907
035900,JYP Ent.,JYP Entertainment Corporation,KOSDAQ,00258689,59201,영상·오디오 제작,false,,,matched,ticker,39500,1403533434000,20260907
318000,KBG,KBG Corp.,KOSDAQ,00876166,20202,화학물질·화학제품,false,,,matched,ticker,2815,24603727745,20260907
024840,KBI메탈,"KBI METAL CO., LTD.",KOSDAQ,00158024,242,1차 금속,false,,,matched,ticker,5310,229876463160,20260907
024120,KB오토시스,"KB Autosys Co.,Ltd",KOSDAQ,00157539,303,자동차·트레일러,false,,,matched,ticker,3120,35880000000,20260907
478390,KB제29호스팩,KB No.29 Special Purpose Acquisition Company,KOSDAQ,01816268,66199,금융·보험 관련 서비스,false,,,matched,ticker,2060,12813200000,20260907
486630,KB제30호스팩,KB No.30 Special Purpose Acquisition Company,KOSDAQ,01851650,66199,금융·보험 관련 서비스,false,,,matched,ticker,2050,10885500000,20260907
492220,KB제31호스팩,KB No.31 Special Purpose Acquisition Company,KOSDAQ,01866926,66199,금융·보험 관련 서비스,false,,,matched,ticker,2035,12637350000,20260907
0037T0,KB제32호스팩,,KOSDAQ,,,,false,,spac,not_matched,,1991,12603030000,20260907
0072Z0,KB제33호스팩,,KOSDAQ,,,,false,,spac,not_matched,,1986,15659610000,20260907
021320,KCC건설,"KCC ENGINEERING & CONSTRUCTION CO., LTD.",KOSDAQ,00105466,41112,종합 건설,false,,,matched,ticker,5640,120696000000,20260907
044180,KD,KD Corporation,KOSDAQ,00111218,411,종합 건설,false,,,matched,ticker,205,5477148795,20260907
151860,KG에코솔루션,"KG Eco Solution Co., Ltd.",KOSDAQ,00366137,302,자동차·트레일러,false,,,matched,ticker,5580,265624751160,20260907
035600,KG이니시스,"KGINICIS CO.,LTD.",KOSDAQ,00264547,58221,출판업,false,,,matched,ticker,10290,283535125860,20260907
046440,KG파이낸셜,"KG Financial Co., Ltd.",KOSDAQ,00405278,582,출판업,false,,,matched,ticker,4230,153339132780,20260907
060720,KH바텍,"KH VATEC Co., LTD",KOSDAQ,00378628,2629,전자부품·컴퓨터·통신장비,false,,,matched,ticker,11060,261872508520,20260907
058400,KNN,KOREA NEW NETWORK CORPORATION,KOSDAQ,00208134,60210,방송업,false,,,matched,ticker,6200,82106426400,20260907
101000,KS인더스트리,"KS Industry Co., Ltd.",KOSDAQ,00618410,292,기타 기계·장비,false,,,matched,ticker,1283,12715154821,20260907
089600,KT나스미디어,"kt nasmedia Co., Ltd.",KOSDAQ,00486097,71310,전문서비스업,false,,,matched,ticker,12860,148766576180,20260907
418470,KT밀리의서재,"kt millie seojae Co.,Ltd",KOSDAQ,01467451,581,출판업,false,,,matched,ticker,9630,82488548070,20260907
043610,KT지니뮤직,KT GENIE MUSIC CORPORATION,KOSDAQ,00223762,603,방송업,false,,,matched,ticker,1184,68808678592,20260907
122450,KX,"KX Innovation Co., Ltd.",KOSDAQ,00657987,60221,방송업,false,,,matched,ticker,2665,119444857610,20260907
052900,KX하이텍,"KX HITECH CO.,LTD",KOSDAQ,00276834,2224,고무·플라스틱,false,,,matched,ticker,980,75134728200,20260907
036560,KZ정밀,KZ Precision Corporation,KOSDAQ,00141389,29120,기타 기계·장비,false,,,matched,ticker,12220,192465000000,20260907
061970,LB세미콘,"LB SEMICON, INC.",KOSDAQ,00412348,2612,전자부품·컴퓨터·통신장비,false,,,matched,ticker,3955,277178288730,20260907
309960,LB인베스트먼트,LB Investment Inc.,KOSDAQ,00231901,64991,금융업,false,,,matched,ticker,4220,97976748580,20260907
073490,LIG아큐버,"LIG Accuver Co.,Ltd.",KOSDAQ,00462121,2642,전자부품·컴퓨터·통신장비,false,,,matched,ticker,29250,222412495500,20260907
225190,LK삼양,"LK SAMYANG CO., LTD",KOSDAQ,00992543,273,의료·정밀·광학기기,false,,,matched,ticker,821,57854589240,20260907
091970,LSK아이로봇,"LSKAIROBOT CO.,LTD",KOSDAQ,00542074,2229,고무·플라스틱,false,,,matched,ticker,3900,29385642000,20260907
060370,LS마린솔루션,"LS Marine Solution Co., Ltd.",KOSDAQ,00225742,423,전문직별 공사,false,,,matched,ticker,31250,1632464187500,20260907
417200,LS머트리얼즈,"LS Materials Co.,Ltd.",KOSDAQ,01528141,26291,전자부품·컴퓨터·통신장비,false,,,matched,ticker,11130,752974094670,20260907
078020,LS증권,"LS SECURITIES Co., Ltd.",KOSDAQ,00330424,66121,금융·보험 관련 서비스,false,,,matched,ticker,6690,371169161100,20260907
322180,LS티라유텍,"LS THiRA-UTECH CO.,LTD",KOSDAQ,01309388,582,출판업,false,,,matched,ticker,4005,86091904530,20260907
476080,M83,"M eighty-three Co.,Ltd.",KOSDAQ,01704680,59111,영상·오디오 제작,false,,,matched,ticker,4080,32954160000,20260907
086960,MDS테크,MDS Tech Inc.,KOSDAQ,00445841,58221,출판업,false,,,matched,ticker,1967,83653893890,20260907
123010,MSDI,"RNT-X CO.,LTD.",KOSDAQ,00615723,262,전자부품·컴퓨터·통신장비,false,,,matched,ticker,2530,51145890510,20260907
160550,NEW,"Next Entertainment World Co., Ltd.",KOSDAQ,00974927,591,영상·오디오 제작,false,,,matched,ticker,1002,27961918212,20260907
053290,NE능률,"NE Neungyule, Inc.",KOSDAQ,00363927,5811,출판업,false,,,matched,ticker,1675,27681564225,20260907
060250,NHN KCP,NHN KCP Corp.,KOSDAQ,00357740,661,금융·보험 관련 서비스,false,,,matched,ticker,15300,614457348300,20260907
104200,NHN벅스,NHN BUGS Corporation,KOSDAQ,00645089,639,정보서비스업,false,,,matched,ticker,2690,39886109500,20260907
054050,NH농우바이오,"NH NONGWOOBIO CO., LTD.",KOSDAQ,00176835,01123,농업,false,,,matched,ticker,7030,112694843830,20260907
063570,NICE인프라,"NICE Infra Co., Ltd",KOSDAQ,00363769,759,사업시설 관리,false,,,matched,ticker,3435,117297445680,20260907
024940,PN풍년,"PNPOONGNYUN CO.,LTD",KOSDAQ,00133557,464,도매·상품중개,false,,,matched,ticker,1910,19100000000,20260907
332570,PS일렉트로닉스,"Pentastone Electronics, Inc.",KOSDAQ,01015160,26299,전자부품·컴퓨터·통신장비,false,,,matched,ticker,7670,358277688210,20260907
218410,RFHIC,RFHIC CORPORATION,KOSDAQ,01078178,264,전자부품·컴퓨터·통신장비,false,,,matched,ticker,48450,1287580164900,20260907
327260,RF머트리얼즈,"RF Materials Co., Ltd.",KOSDAQ,01343665,26299,전자부품·컴퓨터·통신장비,false,,,matched,ticker,33750,607123316250,20260907
474610,RF시스템즈,"RF Systems Co., Ltd.",KOSDAQ,01286476,25924,금속가공제품,false,,,matched,ticker,6910,99609170200,20260907
091340,S&K폴리텍,"S&KPOLYTECCO.,LTD.",KOSDAQ,00580667,2629,전자부품·컴퓨터·통신장비,false,,,matched,ticker,2525,29551895525,20260907
419530,SAMG엔터,"SAMG ENTERTAINMENT CO.,LTD",KOSDAQ,01082418,59112,영상·오디오 제작,false,,,matched,ticker,19080,194755989960,20260907
019550,SBI인베스트먼트,"SBI Investment KOREA Co., Ltd.",KOSDAQ,00156910,64209,금융업,false,,,matched,ticker,1046,84760818202,20260907
246960,SCL사이언스,SCL Science Inc.,KOSDAQ,01110182,213,의료용 물질·의약품,false,,,matched,ticker,2240,76198185280,20260907
099220,SDN,SDN Company Ltd.,KOSDAQ,00574611,4659,도매·상품중개,false,,,matched,ticker,511,32164562850,20260907
056190,SFA,SFA Engineering Corporation,KOSDAQ,00358271,292,기타 기계·장비,false,,,matched,ticker,24200,868991992000,20260907
222080,SFA넥셀,"SFA NEXEL Co., Ltd.",KOSDAQ,01090471,292,기타 기계·장비,false,,,matched,ticker,7600,591129094400,20260907
036540,SFA반도체,"SFA Semicon Co., Ltd",KOSDAQ,00301246,2611,전자부품·컴퓨터·통신장비,false,,,matched,ticker,6010,988406421030,20260907
255220,SG,"SG CO., LTD.",KOSDAQ,00963976,23991,비금속 광물제품,false,,,matched,ticker,1201,131585525702,20260907
040610,SG&G,SG&G Corporation,KOSDAQ,00264714,303,자동차·트레일러,false,,,matched,ticker,3185,54283859630,20260907
184230,SGA솔루션즈,"SGA Solutions Co.,Ltd.",KOSDAQ,00988364,582,출판업,false,,,matched,ticker,1831,34484966112,20260907
016250,SGC E&C,"SGC E&C Co., Ltd.",KOSDAQ,00141246,4112,종합 건설,false,,,matched,ticker,11910,59990503260,20260907
357880,SKAI,"SKAI worldwide Co., Ltd.",KOSDAQ,01381984,58222,출판업,false,,,matched,ticker,1770,95902352400,20260907
048550,SM C&C,"SM Culture & Contents Co., Ltd.",KOSDAQ,00185046,713,전문서비스업,false,,,matched,ticker,1105,106869655100,20260907
063440,SM Life Design,"SM Life Design Group Co., Ltd.",KOSDAQ,00367604,182,인쇄·기록매체,false,,,matched,ticker,1028,46588306192,20260907
067160,SOOP,"SOOP CO., LTD.",KOSDAQ,00399694,582,출판업,false,,,matched,ticker,38250,439674837750,20260907
289080,SV인베스트먼트,SV INVESTMENT CORPORATION,KOSDAQ,00599151,649,금융업,false,,,matched,ticker,2350,141324847550,20260907
041930,SY동아,"SY DONG-A Co., Ltd.",KOSDAQ,00199988,2219,고무·플라스틱,false,,,matched,ticker,5170,78584000000,20260907
089230,THE E&M,"THE E&M Co., Ltd.",KOSDAQ,00519252,639,정보서비스업,false,,,matched,ticker,2000,78842708000,20260907
032540,TJ미디어,"TJ MEDIA CO.,LTD",KOSDAQ,00201733,265,전자부품·컴퓨터·통신장비,false,,,matched,ticker,3650,76275557450,20260907
048770,TPC로보틱스,TPC Robotics Corporation,KOSDAQ,00108649,29142,기타 기계·장비,false,,,matched,ticker,4375,68678710625,20260907
246690,TS인베스트먼트,T.S.Investment Corporation,KOSDAQ,00778235,64209,금융업,false,,,matched,ticker,2135,50766401490,20260907
317240,TS트릴리온,"TS Trillion Co., Ltd.",KOSDAQ,01353024,204,화학물질·화학제품,false,,,matched,ticker,1085,31656731435,20260907
057030,YBM넷,"YBM NET, Inc.",KOSDAQ,00307222,857,교육서비스업,false,,,matched,ticker,2130,34746044610,20260907
040300,YTN,YTN,KOSDAQ,00200275,591,영상·오디오 제작,false,,,matched,ticker,2010,95830729800,20260907
051390,YW,YW COMPANY LIMITED,KOSDAQ,00296263,468,도매·상품중개,false,,,matched,ticker,3870,43945274160,20260907
052220,iMBC,"iMBC Co., Ltd.",KOSDAQ,00370006,603,방송업,false,,,matched,ticker,1782,40986000000,20260907
079940,가비아,"GABIA,Inc.",KOSDAQ,00506294,58221,출판업,false,,,matched,ticker,42200,566352864800,20260907
078890,가온그룹,"KAON Group Co., Ltd.",KOSDAQ,00441304,264,전자부품·컴퓨터·통신장비,false,,,matched,ticker,4235,78029633605,20260907
399720,가온칩스,"GAONCHIPS CO., LTD.",KOSDAQ,01364747,26112,전자부품·컴퓨터·통신장비,false,,,matched,ticker,43050,510523234200,20260907
036620,감성코퍼레이션,"GAMSUNG Corporation Co., Ltd.",KOSDAQ,00261009,467,도매·상품중개,false,,,matched,ticker,3920,352262740480,20260907
198440,강동씨앤엘,"KANGDONG C&L co., Ltd",KOSDAQ,01032583,233,비금속 광물제품,false,,,matched,ticker,1970,120035835120,20260907
217730,강스템바이오텍,"KANGSTEM BIOTECH CO., LTD.",KOSDAQ,01025644,211,의료용 물질·의약품,false,,,matched,ticker,2225,209270481525,20260907
114190,강원에너지,"KANGWON ENERGY Co., Ltd.",KOSDAQ,00100601,289,전기장비,false,,,matched,ticker,9030,235891033140,20260907
094480,갤럭시아머니트리,"GalaxiaMoneytree Co.,Ltd.",KOSDAQ,00587457,58221,출판업,false,,,matched,ticker,5950,233417536100,20260907
039240,경남스틸,"Kyeong Nam Steel Co., LTD",KOSDAQ,00206039,24199,1차 금속,false,,,matched,ticker,1899,51234267996,20260907
053950,경남제약,"KYUNG NAM PHARM.CO.,LTD.",KOSDAQ,00307028,212,의료용 물질·의약품,false,,,matched,ticker,2170,42574638330,20260907
011040,경동제약,KyungdongPharm,KOSDAQ,00101549,212,의료용 물질·의약품,false,,,matched,ticker,5160,158766832560,20260907
024910,경창산업,KyungchangIndustrial,KOSDAQ,00102353,30331,자동차·트레일러,false,,,matched,ticker,1580,56594027900,20260907
049720,고려신용정보,"Korea Credit Information CO., LTD.",KOSDAQ,00336297,75993,사업시설 관리,false,,,matched,ticker,9100,130130000000,20260907
014570,고려제약,"KOREAN DRUG CO., LTD.",KOSDAQ,00103015,212,의료용 물질·의약품,false,,,matched,ticker,3500,38500000000,20260907
348150,고바이오랩,"KoBioLabs, Inc.",KOSDAQ,01399071,70113,연구개발업,false,,,matched,ticker,2910,56508966990,20260907
950190,고스트스튜디오,"GHOST STUDIO CO., LTD.",KOSDAQ,01416235,58212,출판업,false,,,matched,ticker,9530,124052572270,20260907
098460,고영,KohYoungTechnologyInc.,KOSDAQ,00579999,29271,기타 기계·장비,false,,,matched,ticker,28100,1916538385300,20260907
035290,골드앤에스,"Gold&S Co.,Ltd",KOSDAQ,00249502,581,출판업,false,,,matched,ticker,1195,5697339360,20260907
215000,골프존,"GOLFZON Co., Ltd.",KOSDAQ,01067516,58219,출판업,false,,,matched,ticker,36350,228111335250,20260907
121440,골프존홀딩스,"GOLFZON HOLDINGS Co., Ltd.",KOSDAQ,00674498,461,도매·상품중개,false,,,matched,ticker,8050,344836384900,20260907
029480,광무,"Kwangmu Co.,Ltd.",KOSDAQ,00186452,26410,전자부품·컴퓨터·통신장비,false,,,matched,ticker,1475,88085719700,20260907
026910,광진실업,KwangjinInd,KOSDAQ,00104120,24121,1차 금속,false,,,matched,ticker,3295,26123834170,20260907
465320,교보15호스팩,Kyobo 15 Special Purpose Acquisition Company,KOSDAQ,01781847,66199,금융·보험 관련 서비스,false,,,matched,ticker,2135,8134350000,20260907
482520,교보16호스팩,Kyobo 16 Special Purpose Acquisition Company,KOSDAQ,01845701,6619,금융·보험 관련 서비스,false,,,matched,ticker,2060,12566000000,20260907
489210,교보17호스팩,Kyobo 17 Special Purpose Acquisition Company,KOSDAQ,01866528,661,금융·보험 관련 서비스,false,,,matched,ticker,2045,10593100000,20260907
0041B0,교보18호스팩,,KOSDAQ,,,,false,,spac,not_matched,,2005,10105200000,20260907
0098T0,교보19호스팩,,KOSDAQ,,,,false,,spac,not_matched,,1997,10783800000,20260907
0132G0,교보20호스팩,,KOSDAQ,,,,false,,spac,not_matched,,1992,11892240000,20260907
053270,구영테크,"GUYOUNG TECHNOLOGY CO., LTD.",KOSDAQ,00202060,303,자동차·트레일러,false,,,matched,ticker,2030,55643122150,20260907
066620,국보디자인,KUKBO DESIGN,KOSDAQ,00253985,424,전문직별 공사,false,,,matched,ticker,25800,193500000000,20260907
043650,국순당,"KOOK SOON DANG CO.,LTD",KOSDAQ,00256715,11111,음료 제조,false,,,matched,ticker,3600,64289894400,20260907
006050,국영지앤엠,KUK YOUNG G M,KOSDAQ,00104537,231,비금속 광물제품,false,,,matched,ticker,4855,16941639020,20260907
060480,국일신동,"KUKIL METAL CO., LTD",KOSDAQ,00203847,24221,1차 금속,false,,,matched,ticker,1487,16490830000,20260907
078130,국일제지,"KUK-IL PAPER MFG CO.,LTD",KOSDAQ,00104573,179,펄프·종이 제조,false,,,matched,ticker,3480,392337242760,20260907
307750,국전,"KUKJEON Co.,Ltd",KOSDAQ,01329957,212,의료용 물질·의약품,false,,,matched,ticker,2310,124708325280,20260907
035080,그래디언트,Gradiant Corporation,KOSDAQ,00244561,479,소매업,false,,,matched,ticker,11880,132748652520,20260907
318060,그래피,Graphy Inc.,KOSDAQ,01565054,20202,화학물질·화학제품,false,,,matched,ticker,17940,200697955380,20260907
453450,그리드위즈,"Gridwiz Co.,Ltd",KOSDAQ,01299203,739,기타 과학기술 서비스,false,,,matched,ticker,12890,102382047500,20260907
204020,그리티,"GRITEE, Inc.",KOSDAQ,00671978,14120,의복 제조,false,,,matched,ticker,1877,36509211664,20260907
0015G0,그린광학,,KOSDAQ,,,,false,,,not_matched,,14050,164420701050,20260907
402490,그린리소스,"Green Resource Co.,Ltd",KOSDAQ,01370863,261,전자부품·컴퓨터·통신장비,false,,,matched,ticker,6300,106691867100,20260907
114450,그린생명과학,"GREEN LIFESCIENCE CO., LTD.",KOSDAQ,00532059,211,의료용 물질·의약품,false,,,matched,ticker,2330,46600000000,20260907
186230,그린플러스,"GREEN PLUS Co., Ltd.",KOSDAQ,00602279,24222,1차 금속,false,,,matched,ticker,3520,38439061760,20260907
900070,글로벌에스엠,Global SM Tech Limited,KOSDAQ,00783246,64992,금융업,false,,,matched,ticker,1003,26952599952,20260907
204620,글로벌텍스프리,"Global Tax Free Co., Ltd.",KOSDAQ,01042711,661,금융·보험 관련 서비스,false,,,matched,ticker,5300,372501649000,20260907
019660,글로본,"GLOBON CO., LTD.",KOSDAQ,00159731,468,도매·상품중개,false,,,matched,ticker,1500,20916499500,20260907
053260,금강철강,"KEUM KANG STEEL CO., LTD",KOSDAQ,00105475,2419,1차 금속,false,,,matched,ticker,6410,119995200000,20260907
282720,금양그린파워,"KUMYANG GREEN POWER CO., Ltd.",KOSDAQ,00872656,423,전문직별 공사,false,,,matched,ticker,7350,89078325000,20260907
036190,금화피에스시,"GEUMHWA PSC CO.,LTD.",KOSDAQ,00176516,423,전문직별 공사,false,,,matched,ticker,34200,205200000000,20260907
049080,기가레인,"GIGALANE Co., Ltd.",KOSDAQ,00377018,262,전자부품·컴퓨터·통신장비,false,,,matched,ticker,7790,66124121860,20260907
420770,기가비스,"GigaVis Co., Ltd.",KOSDAQ,00765569,292,기타 기계·장비,false,,,matched,ticker,101800,1290392164400,20260907
282620,기도산업,,KOSDAQ,,,,false,,,not_matched,,13350,78240438450,20260907
035460,기산텔레콤,"Kisan Telecom CO., Ltd.",KOSDAQ,00258421,2642,전자부품·컴퓨터·통신장비,false,,,matched,ticker,2300,34316782000,20260907
407400,꿈비,GGUMBI Inc.,KOSDAQ,01586455,32099,가구 제조,false,,,matched,ticker,2125,31098384750,20260907
187790,나노,"NANO. Co., Ltd.",KOSDAQ,00994994,20129,화학물질·화학제품,false,,,matched,ticker,3060,94372939800,20260907
121600,나노신소재,"Advanced Nano Products Co., Ltd.",KOSDAQ,00439965,2049,화학물질·화학제품,false,,,matched,ticker,47300,580001634300,20260907
286750,나노실리칸첨단소재,"NanoSilikhan Advanced Materials Co., Ltd.",KOSDAQ,01136001,20129,화학물질·화학제품,false,,,matched,ticker,2735,43799460580,20260907
247660,나노씨엠에스,"NANOCMS CO., LTD",KOSDAQ,00660459,2629,전자부품·컴퓨터·통신장비,false,,,matched,ticker,3600,15638112000,20260907
039860,나노엔텍,"NanoenTek,Inc.",KOSDAQ,00230425,27199,의료·정밀·광학기기,false,,,matched,ticker,4135,157514774155,20260907
417010,나노팀,NanoTIM Co. Ltd.,KOSDAQ,01524118,291,기타 기계·장비,false,,,matched,ticker,6210,125272640880,20260907
405920,나라셀라,"NARA CELLAR Co.,Ltd.",KOSDAQ,01021639,46331,도매·상품중개,false,,,matched,ticker,1814,23360829864,20260907
478340,나라스페이스테크놀로지,Nara Space Technology Inc.,KOSDAQ,01787355,31311,기타 운송장비,false,,,matched,ticker,10070,116511239310,20260907
051490,나라엠앤디,"NARA MOLD AND DIE CO., LTD.",KOSDAQ,00297095,292,기타 기계·장비,false,,,matched,ticker,2710,38482000000,20260907
137080,나래나노텍,NARAE NANOTECH CORPORATION,KOSDAQ,00362122,292,기타 기계·장비,false,,,matched,ticker,6400,68543673600,20260907
190510,나무가,"Namuga Co.,Ltd",KOSDAQ,00819374,262,전자부품·컴퓨터·통신장비,false,,,matched,ticker,16480,232126024160,20260907
242040,나무에이엑스,NAMU AX Corp.,KOSDAQ,01136348,582,출판업,false,,,matched,ticker,3060,105895167840,20260907
293580,나우IB,NAU IB Capital,KOSDAQ,00651017,64919,금융업,false,,,matched,ticker,1418,134610669100,20260907
459510,나우로보틱스,"NAUROBOTICS  Co., Ltd.",KOSDAQ,01594791,29280,기타 기계·장비,false,,,matched,ticker,14640,190003512480,20260907
138610,나이벡,"NIBEC CO., LTD.",KOSDAQ,00767628,213,의료용 물질·의약품,false,,,matched,ticker,15150,172222063950,20260907
130580,나이스디앤비,"NICE D&B CO., LTD.",KOSDAQ,00606293,75993,사업시설 관리,false,,,matched,ticker,6020,92708000000,20260907
036800,나이스정보통신,NICE INFORMATION & TELECOMMUNICATION INC.,KOSDAQ,00264945,61299,통신업,false,,,matched,ticker,7270,330785000000,20260907
366030,나인앤컴퍼니,Nine & Company Inc.,KOSDAQ,01307335,144,의복 제조,false,,,matched,ticker,4555,103188286750,20260907
267320,나인테크,"Naintech. CO.,LTD.",KOSDAQ,01208849,292,기타 기계·장비,false,,,matched,ticker,2180,125165343100,20260907
111710,남화산업,"Namhwa Industrial Co.,Ltd.",KOSDAQ,00245694,91121,스포츠·오락,false,,,matched,ticker,3290,67734520000,20260907
091590,남화토건,"Nam Hwa Construction Company, Limited",KOSDAQ,00108001,411,종합 건설,false,,,matched,ticker,7380,86641200000,20260907
168330,내츄럴엔도텍,"Naturalendo Tech Co., Ltd",KOSDAQ,00923792,70111,연구개발업,false,,,matched,ticker,2180,69225682000,20260907
094860,네오리진,"NEORIGIN Co., Ltd.",KOSDAQ,00599106,58221,출판업,false,,,matched,ticker,1469,78018610566,20260907
0218L0,네오뷰,,KOSDAQ,,,,false,,,not_matched,,13680,72178074000,20260907
253590,네오셈,Neosem Inc.,KOSDAQ,01170865,292,기타 기계·장비,false,,,matched,ticker,11460,502740619440,20260907
212560,네오오토,"NEOOTO CO.,LTD.",KOSDAQ,00876865,303,자동차·트레일러,false,,,matched,ticker,11880,160217814240,20260907
095660,네오위즈,NEOWIZ,KOSDAQ,00628860,5821,출판업,false,,,matched,ticker,17690,382748959710,20260907
042420,네오위즈홀딩스,NEOWIZ HOLDINGS Corporation,KOSDAQ,00266952,582,출판업,false,,,matched,ticker,23900,194600563700,20260907
950220,네오이뮨텍,"NeoImmuneTech, Inc.",KOSDAQ,01511558,70130,연구개발업,false,,,matched,ticker,2510,85871718400,20260907
311390,네오크레마,"Neo Cremar Co., Ltd.",KOSDAQ,01219155,108,식료품 제조,false,,,matched,ticker,2410,30495631490,20260907
085910,네오티스,"NEOTECHNICALSYSTEMCO.,LTD",KOSDAQ,00447928,303,자동차·트레일러,false,,,matched,ticker,14130,194920778340,20260907
092730,네오팜,"NeopharmCO.,LTD.",KOSDAQ,00551920,20423,화학물질·화학제품,false,,,matched,ticker,22350,358225554150,20260907
153460,네이블,Nable Inc.,KOSDAQ,00842585,58222,출판업,false,,,matched,ticker,5890,38461782460,20260907
007390,네이처셀,"NATURECELL CO.,LTD.",KOSDAQ,00117276,211,의료용 물질·의약품,false,,,matched,ticker,24700,1591545883200,20260907
033640,네패스,NEPES Corporation,KOSDAQ,00227333,261,전자부품·컴퓨터·통신장비,false,,,matched,ticker,22550,519985005100,20260907
330860,네패스아크,Nepes Ark Corporation,KOSDAQ,01368354,739,기타 과학기술 서비스,false,,,matched,ticker,24400,297290698000,20260907
351320,넥사다이내믹스,"Nexa Dynamics Co., Ltd.",KOSDAQ,01440153,29272,기타 기계·장비,false,,,matched,ticker,4335,128743613070,20260907
089140,넥스턴앤롤코리아,"NEXTURN&ROLLKOREA Co., Ltd",KOSDAQ,00416414,292,기타 기계·장비,false,,,matched,ticker,2120,32470416080,20260907
389650,넥스트바이오메디컬,"NEXTBIOMEDICAL Co., Ltd.",KOSDAQ,01385050,27199,의료·정밀·광학기기,false,,,matched,ticker,31050,257009730300,20260907
137940,넥스트아이,"NextEye Co., Ltd.",KOSDAQ,00614593,27216,의료·정밀·광학기기,false,,,matched,ticker,1999,19614321933,20260907
396270,넥스트칩,"Nextchip Co., Ltd.",KOSDAQ,01515864,26112,전자부품·컴퓨터·통신장비,false,,,matched,ticker,2045,67254796395,20260907
348210,넥스틴,NEXTIN Inc.,KOSDAQ,01080252,29271,기타 기계·장비,false,,,matched,ticker,31200,326882556000,20260907
225570,넥슨게임즈,"NEXON Games Co., Ltd.",KOSDAQ,01096341,582,출판업,false,,,matched,ticker,11550,760685009700,20260907
205500,넥써쓰,"NEXUS Co., Ltd.",KOSDAQ,01042429,582,출판업,false,,,matched,ticker,1786,145353690370,20260907
217270,넵튠,Neptune Company,KOSDAQ,01067808,582,출판업,false,,,matched,ticker,2385,111464508555,20260907
104620,노랑풍선,"Yellow Balloon Tour Co., Ltd.",KOSDAQ,00632845,75210,사업시설 관리,false,,,matched,ticker,3150,52953238800,20260907
473980,노머스,Knowmerce Corp.,KOSDAQ,01703849,90199,창작·예술·여가,false,,,matched,ticker,11550,125695785600,20260907
194700,노바렉스,"NOVAREX Co., Ltd.",KOSDAQ,00811372,108,식료품 제조,false,,,matched,ticker,10500,191675904000,20260907
285490,노바텍,"NOVATECH Co., Ltd.",KOSDAQ,01259232,339,기타 제품 제조,false,,,matched,ticker,11780,124583289180,20260907
145170,노브랜드,Nobland International Inc.,KOSDAQ,00305941,14300,의복 제조,false,,,matched,ticker,2755,46582655775,20260907
376930,노을,"Noul Co., Ltd.",KOSDAQ,01494118,27112,의료·정밀·광학기기,false,,,matched,ticker,1620,16618387680,20260907
486990,노타,Nota Inc.,KOSDAQ,01810477,582,출판업,false,,,matched,ticker,17750,379715632500,20260907
142280,녹십자엠에스,GC Medical Science Corporation,KOSDAQ,00513948,213,의료용 물질·의약품,false,,,matched,ticker,3080,73806135480,20260907
234690,녹십자웰빙,GC WellBeing Corporation,KOSDAQ,01135057,212,의료용 물질·의약품,false,,,matched,ticker,10150,182327393500,20260907
069140,누리플랜,"Nuriplan Co.,Ltd.",KOSDAQ,00410997,25112,금속가공제품,false,,,matched,ticker,1815,27398884260,20260907
040160,누리플렉스,"NuriFlex Co.,Ltd.",KOSDAQ,00269889,58221,출판업,false,,,matched,ticker,6930,82351622430,20260907
332290,누보,"NOUSBO CO., LTD",KOSDAQ,01394669,203,화학물질·화학제품,false,,,matched,ticker,897,35607533559,20260907
348340,뉴로메카,"Neuromeka Co., Ltd.",KOSDAQ,01336461,29280,기타 기계·장비,false,,,matched,ticker,18080,423224305920,20260907
380550,뉴로핏,NEUROPHET Inc.,KOSDAQ,01782004,58222,출판업,false,,,matched,ticker,7060,86123993960,20260907
060260,뉴보텍,"NUVOTEC Co., Ltd",KOSDAQ,00351375,22211,고무·플라스틱,false,,,matched,ticker,1007,13435752492,20260907
463020,뉴엔AI,NEWEN AI,KOSDAQ,01639508,58222,출판업,false,,,matched,ticker,8510,76481072000,20260907
123840,뉴온,"NUON CO., LTD.",KOSDAQ,00809429,108,식료품 제조,false,,,matched,ticker,1683,26175783150,20260907
012340,뉴인텍,"NUIN TEK CO., LTD",KOSDAQ,00105040,303,자동차·트레일러,false,,,matched,ticker,548,12080546564,20260907
462310,뉴키즈온,"New Kids On  Co., Ltd.",KOSDAQ,01467503,141,의복 제조,false,,,matched,ticker,3865,30528108325,20260907
270870,뉴트리,"Newtree Co., Ltd.",KOSDAQ,01214248,108,식료품 제조,false,,,matched,ticker,3835,34495234410,20260907
144960,뉴파워프라즈마,"New Power Plasma Co.,Ltd",KOSDAQ,00521390,29271,기타 기계·장비,false,,,matched,ticker,8910,389301279840,20260907
085670,뉴프렉스,"NEWFLEXTECHNOLGYCo.,LTD.",KOSDAQ,00493510,2622,전자부품·컴퓨터·통신장비,false,,,matched,ticker,3030,74237305830,20260907
417030,니어스랩,,KOSDAQ,,,,false,,,not_matched,,31050,179393113800,20260907
064260,다날,"DANAL CO., LTD.",KOSDAQ,00389970,582,출판업,false,,,matched,ticker,5070,383522466990,20260907
340360,다보링크,DAVOLINK Inc.,KOSDAQ,01416642,264,전자부품·컴퓨터·통신장비,false,,,matched,ticker,1012,52687525264,20260907
039560,다산네트웍스,"DASAN Networks, Inc.",KOSDAQ,00268251,26410,전자부품·컴퓨터·통신장비,false,,,matched,ticker,2380,102074553840,20260907
208860,다산디엠씨,"DASAN DMC Co., Ltd.",KOSDAQ,01084364,58222,출판업,false,,,matched,ticker,1303,44236814819,20260907
154040,다산솔루에타,"Dasan Solueta Co.,Ltd.",KOSDAQ,00624518,2629,전자부품·컴퓨터·통신장비,false,,,matched,ticker,1055,22804472770,20260907
032190,다우데이타,DAOU DATA CORP.,KOSDAQ,00238782,46510,도매·상품중개,false,,,matched,ticker,20200,773660000000,20260907
323350,다원넥스뷰,"DAWON NEXVIEW CO.,LTD.",KOSDAQ,01344363,292,기타 기계·장비,false,,,matched,ticker,7540,60401220880,20260907
068240,다원시스,"DAWONSYS CO., LTD",KOSDAQ,00523307,2811,전기장비,false,,,matched,ticker,2530,96553495610,20260907
290660,다이나믹솔루션,"Dynamic solution Co.,Ltd.",KOSDAQ,01246034,27199,의료·정밀·광학기기,false,,,matched,ticker,1705,73038599040,20260907
464580,닷밀,dotmill Inc.,KOSDAQ,01605282,591,영상·오디오 제작,false,,,matched,ticker,1563,28768717107,20260907
020400,대동금속,DaedongMetal,KOSDAQ,00191287,24312,1차 금속,false,,,matched,ticker,2885,17522139820,20260907
008830,대동기어,DaedongGear,KOSDAQ,00109310,292,기타 기계·장비,false,,,matched,ticker,6440,123531539040,20260907
048470,대동스틸,"DAE DONG STEEL CO., LTD.",KOSDAQ,00109268,467,도매·상품중개,false,,,matched,ticker,2805,27068250000,20260907
004780,대륙제관,DaeryukCan,KOSDAQ,00109587,25991,금속가공제품,false,,,matched,ticker,4200,66793435800,20260907
017650,대림제지,DaelimPaper,KOSDAQ,00109781,179,펄프·종이 제조,false,,,matched,ticker,10640,93472400000,20260907
389260,대명에너지,Dae Myoung Energy Co. Ltd.,KOSDAQ,01150515,4112,종합 건설,false,,,matched,ticker,13030,233449714750,20260907
317850,대모,"DAEMO Engineering Co., Ltd.",KOSDAQ,00450995,29242,기타 기계·장비,false,,,matched,ticker,6140,51111938800,20260907
290670,대보마그네틱,"DAEBO MAGNETIC CO.,LTD.",KOSDAQ,01259418,28909,전기장비,false,,,matched,ticker,5690,44710085400,20260907
078140,대봉엘에스,"Daebonglsco.,Ltd",KOSDAQ,00442826,212,의료용 물질·의약품,false,,,matched,ticker,7840,86918779360,20260907
065150,대산F&B,Daesan F&B Inc.,KOSDAQ,00390860,463,도매·상품중개,false,,,matched,ticker,1350,21516624000,20260907
036480,대성미생물,Daesung Microbiological Labs. Co. Ltd,KOSDAQ,00177320,21230,의료용 물질·의약품,false,,,matched,ticker,6160,23408000000,20260907
027830,대성창투,"Daesung Private Equity, Inc.",KOSDAQ,00109037,64209,금융업,false,,,matched,ticker,908,49032000000,20260907
129920,대성하이텍,"Daesung Hi-Tech Co., Ltd.",KOSDAQ,00577335,29223,기타 기계·장비,false,,,matched,ticker,5240,85143167040,20260907
482690,대신밸런스제19호스팩,Daishin Balance No.19 Special Purpose Acquisition Company,KOSDAQ,01845534,66199,금융·보험 관련 서비스,false,,,matched,ticker,2080,11679200000,20260907
0134X0,대신밸런스제20호스팩,,KOSDAQ,,,,false,,spac,not_matched,,1979,13338460000,20260907
020180,대신정보통신,DaishinInformation,KOSDAQ,00110875,62021,컴퓨터 프로그래밍·SI,false,,,matched,ticker,3935,30243556105,20260907
045390,대아티아이,"DAEA TI CO., LTD.",KOSDAQ,00318316,289,전기장비,false,,,matched,ticker,3705,261103861785,20260907
108380,대양전기공업,"DAEYANG ELECTRIC CO.,LTD",KOSDAQ,00111193,31114,기타 운송장비,false,,,matched,ticker,18640,178335087120,20260907
007680,대원,"DAEWON CO., LTD.",KOSDAQ,00111838,41112,종합 건설,false,,,matched,ticker,3365,44494513370,20260907
048910,대원미디어,"DAEWON MEDIA CO.,LTD.",KOSDAQ,00351807,467,도매·상품중개,false,,,matched,ticker,6570,82643675220,20260907
005710,대원산업,Daewonsanup,KOSDAQ,00111874,303,자동차·트레일러,false,,,matched,ticker,10710,214602696000,20260907
120240,대정화금,"Daejung Chemicals & Metals Co., Ltd",KOSDAQ,00250997,201,화학물질·화학제품,false,,,matched,ticker,14780,106273978980,20260907
003310,대주산업,Daejoo Inc.,KOSDAQ,00112457,109,식료품 제조,false,,,matched,ticker,1704,60308564400,20260907
078600,대주전자재료,"DaejooElectronicMaterialsCo.,Ltd.",KOSDAQ,00177816,2629,전자부품·컴퓨터·통신장비,false,,,matched,ticker,85800,1347415040400,20260907
393970,대진첨단소재,DAEJIN ADVANCED MATERIALS Inc.,KOSDAQ,01549472,22213,고무·플라스틱,false,,,matched,ticker,2825,50428566500,20260907
096350,대창솔루션,"DAECHANG SOLUTION CO.,LTD.",KOSDAQ,00177870,251,금속가공제품,false,,,matched,ticker,1937,71387673994,20260907
140520,대창스틸,"DaeChang Steel CO., LTD.",KOSDAQ,00112721,24122,1차 금속,false,,,matched,ticker,2010,42429578430,20260907
131220,대한과학,"DAIHAN SCIENTIFIC CO., Ltd",KOSDAQ,00608316,4659,도매·상품중개,false,,,matched,ticker,3745,27917065050,20260907
010170,대한광통신,"TAIHAN Fiberoptics Co.,LTD",KOSDAQ,00113261,283,전기장비,false,,,matched,ticker,13470,2094391840200,20260907
054670,대한뉴팜,"Daehan Nupharm Co.,Ltd.",KOSDAQ,00207375,212,의료용 물질·의약품,false,,,matched,ticker,5640,80961748800,20260907
023910,대한약품,DaehanPharmaceutical,KOSDAQ,00113128,212,의료용 물질·의약품,false,,,matched,ticker,26750,160500000000,20260907
021040,대호특수강,dhSteel,KOSDAQ,00166175,24123,1차 금속,false,,,matched,ticker,965,20945106910,20260907
021045,대호특수강우,dhSteel (preferred),KOSDAQ,00166175,24123,1차 금속,true,021040,preferred_share,matched_via_parent,preferred_parent_ticker,2495,2116987540,20260907
067080,대화제약,"DAE HWA PHARM CO., LTD",KOSDAQ,00210740,212,의료용 물질·의약품,false,,,matched,ticker,11010,204969316500,20260907
298540,더네이쳐홀딩스,"THE NATURE HOLDINGS CO., LTD",KOSDAQ,01214743,144,의복 제조,false,,,matched,ticker,6640,96189603040,20260907
032860,더라미,"The Lamy Co., Ltd.",KOSDAQ,00205687,383,폐기물 수집·처리,false,,,matched,ticker,2780,22460098160,20260907
393890,더블유씨피,"W-SCOPE CHUNGJU PLANT Co., Ltd.",KOSDAQ,01291317,28202,전기장비,false,,,matched,ticker,10080,341138891520,20260907
299170,더블유에스아이,"WSI Co., Ltd.",KOSDAQ,01318261,464,도매·상품중개,false,,,matched,ticker,1232,51141906816,20260907
462860,더즌,Dozn Inc.,KOSDAQ,01563667,612,통신업,false,,,matched,ticker,3360,241101917280,20260907
224060,더코디,"THE CODI Co., LTD.",KOSDAQ,00530413,262,전자부품·컴퓨터·통신장비,false,,,matched,ticker,4510,23274856220,20260907
403850,더핑크퐁컴퍼니,"The Pinkfong Company, Inc.",KOSDAQ,01138364,591,영상·오디오 제작,false,,,matched,ticker,13000,186563130000,20260907
213420,덕산네오룩스,"DUK SAN NEOLUX CO.,LTD",KOSDAQ,01061558,262,전자부품·컴퓨터·통신장비,false,,,matched,ticker,33350,828119819650,20260907
317330,덕산테코피아,"Duksan Techopia Co., Ltd.",KOSDAQ,01021666,2049,화학물질·화학제품,false,,,matched,ticker,11980,245309476320,20260907
077360,덕산하이메탈,"DUKSANHIMETALCO.,LTD.",KOSDAQ,00471068,261,전자부품·컴퓨터·통신장비,false,,,matched,ticker,10070,457550610140,20260907
090410,덕신이피씨,"DUKSHINEPC CO., LTD.",KOSDAQ,00454937,25112,금속가공제품,false,,,matched,ticker,3870,35669089530,20260907
0001A0,덕양에너젠,,KOSDAQ,,,,false,,,not_matched,,9120,232276933440,20260907
263600,덕우전자,"DERKWOO ELECTRONICS CO.,LTD.",KOSDAQ,00571298,2629,전자부품·컴퓨터·통신장비,false,,,matched,ticker,3650,58145631500,20260907
194480,데브시스터즈,Devsisters corporation,KOSDAQ,01008762,58212,출판업,false,,,matched,ticker,16230,197505304500,20260907
373160,데이원컴퍼니,Day1 Company Inc.,KOSDAQ,01455492,85669,교육서비스업,false,,,matched,ticker,2960,40870108240,20260907
263800,데이타솔루션,"Datasolution, Inc.",KOSDAQ,00877819,465,도매·상품중개,false,,,matched,ticker,4750,77070555000,20260907
206560,덱스터,"Dexter studios Co., Ltd.",KOSDAQ,01021949,59120,영상·오디오 제작,false,,,matched,ticker,943,23963267048,20260907
261200,덴티스,"DENTIS CO.,LTD",KOSDAQ,01187494,271,의료·정밀·광학기기,false,,,matched,ticker,2600,41105220000,20260907
484120,도우인시스,"DOWOOINSYS Co., LTD.",KOSDAQ,01380578,26211,전자부품·컴퓨터·통신장비,false,,,matched,ticker,20450,224079279900,20260907
067990,도이치모터스,DEUTSCH MOTORS INC.,KOSDAQ,00449379,451,자동차 판매,false,,,matched,ticker,3760,109722628000,20260907
006620,동구바이오제약,"DongKoo Bio & Pharma Co., Ltd.",KOSDAQ,00114686,212,의료용 물질·의약품,false,,,matched,ticker,3595,102331646240,20260907
100130,동국S&C,DONGKUK STRUCTURES & CONSTRUCTION COMPANY LIMITED,KOSDAQ,00415594,2511,금속가공제품,false,,,matched,ticker,1357,77543051000,20260907
005160,동국산업,DONGKUK INDUSTRIES COMPANY,KOSDAQ,00172680,24122,1차 금속,false,,,matched,ticker,2530,137238539460,20260907
303810,동국생명과학,"DongKook Life Science Co., Ltd.",KOSDAQ,01233465,212,의료용 물질·의약품,false,,,matched,ticker,2265,72444077100,20260907
075970,동국알앤에스,"DONGKUK REFRACTORIES & STEEL CO., LTD.",KOSDAQ,00472890,239,비금속 광물제품,false,,,matched,ticker,1633,30047200000,20260907
086450,동국제약,"DongKookPharmaceuticalCo.,Ltd.",KOSDAQ,00114808,212,의료용 물질·의약품,false,,,matched,ticker,20800,940792736000,20260907
240550,동방메디컬,"DongBang Medical Co., Ltd.",KOSDAQ,01073261,271,의료·정밀·광학기기,false,,,matched,ticker,5850,122463549000,20260907
099410,동방선기,"Dongbang Ship Machinery Co., Ltd",KOSDAQ,00526678,31114,기타 운송장비,false,,,matched,ticker,3340,46760000000,20260907
033500,동성화인텍,"DONGSUNG FINETEC CO., Ltd",KOSDAQ,00231105,201,화학물질·화학제품,false,,,matched,ticker,17120,513420137280,20260907
025950,동신건설,DongshinEngineering&Construction,KOSDAQ,00116408,41221,종합 건설,false,,,matched,ticker,10230,85932000000,20260907
088130,동아엘텍,"DONGAELTEKCo.,Ltd",KOSDAQ,00489243,292,기타 기계·장비,false,,,matched,ticker,5450,95294961300,20260907
060380,동양에스텍,"Dongyang S·TEC Co., Ltd.",KOSDAQ,00178851,241,1차 금속,false,,,matched,ticker,1282,25255400000,20260907
079960,동양이엔피,DONGYANG E&P INC.,KOSDAQ,00178790,2811,전기장비,false,,,matched,ticker,18120,136836042960,20260907
228340,동양파일,TONGYANG PILE Inc.,KOSDAQ,00993931,23325,비금속 광물제품,false,,,matched,ticker,4310,86200000000,20260907
088910,동우팜투테이블,"DONGWOO FARM TO TABLE CO., LTD",KOSDAQ,00228712,10121,식료품 제조,false,,,matched,ticker,2100,54015704400,20260907
094170,동운아나텍,"DONGWOON ANATECH CO.,LTD.",KOSDAQ,00695969,2611,전자부품·컴퓨터·통신장비,false,,,matched,ticker,27350,571886749600,20260907
013120,동원개발,DongwonDevelopment,KOSDAQ,00117966,41112,종합 건설,false,,,matched,ticker,2145,194783374500,20260907
109860,동일금속,"DONGIL METAL CO., LTD.",KOSDAQ,00118284,24312,1차 금속,false,,,matched,ticker,7590,69069000000,20260907
032960,동일기연,DongilTechnology,KOSDAQ,00199076,2629,전자부품·컴퓨터·통신장비,false,,,matched,ticker,2055,36153563625,20260907
023790,동일스틸럭스,"DONGIL STEELUX CO., LTD.",KOSDAQ,00172945,24121,1차 금속,false,,,matched,ticker,1604,20963972032,20260907
005290,동진쎄미켐,"DONGJIN SEMICHEM CO., LTD.",KOSDAQ,00118804,20129,화학물질·화학제품,false,,,matched,ticker,41550,2117808735300,20260907
025900,동화기업,"DONGWHA ENTERPRISE CO.,LTD.",KOSDAQ,00173032,16212,목재 제조,false,,,matched,ticker,7140,360979014900,20260907
131970,두산테스나,DOOSAN TESNA Inc.,KOSDAQ,00563545,739,기타 과학기술 서비스,false,,,matched,ticker,82700,1598362582600,20260907
073190,듀오백,"DUOBACK CO., LTD.",KOSDAQ,00407771,32091,가구 제조,false,,,matched,ticker,1622,19412160880,20260907
176750,듀켐바이오,"DuChemBio Co, LTD",KOSDAQ,00867034,212,의료용 물질·의약품,false,,,matched,ticker,6240,177769612800,20260907
030350,드래곤플라이,"Dragonfly GF Co., Ltd.",KOSDAQ,00230036,5821,출판업,false,,,matched,ticker,973,15171092867,20260907
203650,드림시큐리티,"Dream Security Co.,Ltd.",KOSDAQ,01038693,582,출판업,false,,,matched,ticker,2015,204934535260,20260907
223250,드림씨아이에스,DreamCIS INC.,KOSDAQ,00916826,70113,연구개발업,false,,,matched,ticker,3380,83149500720,20260907
060570,드림어스컴퍼니,Dreamus Company,KOSDAQ,00364467,603,방송업,false,,,matched,ticker,4025,59651763850,20260907
362990,드림인사이트,"DREAMINSIGHT Co., Ltd.",KOSDAQ,01492688,71310,전문서비스업,false,,,matched,ticker,1224,20563902576,20260907
016670,디모아,"DMOA Co., Ltd",KOSDAQ,00125725,467,도매·상품중개,false,,,matched,ticker,2515,25638498510,20260907
187870,디바이스,"DEVICE CO.,Ltd",KOSDAQ,00624509,29271,기타 기계·장비,false,,,matched,ticker,10560,146390872320,20260907
489730,디비금융제13호스팩,"DB Finance No.13 Special Purpose Acquisition Co., Ltd.",KOSDAQ,01857991,649,금융업,false,,,matched,ticker,2045,12948940000,20260907
0004Y0,디비금융제14호스팩,,KOSDAQ,,,,false,,spac,not_matched,,1993,10592795000,20260907
110990,디아이티,DIT Corp.,KOSDAQ,00576798,29272,기타 기계·장비,false,,,matched,ticker,16050,303345000000,20260907
263690,디알젬,DRGEM CORPORATION,KOSDAQ,00966168,27111,의료·정밀·광학기기,false,,,matched,ticker,5000,56628050000,20260907
214680,디알텍,DRTECH Corporation,KOSDAQ,01062867,271,의료·정밀·광학기기,false,,,matched,ticker,960,80137973760,20260907
347850,디앤디파마텍,D&D Pharmatech Inc.,KOSDAQ,01376715,70113,연구개발업,false,,,matched,ticker,49700,2278129167300,20260907
263720,디앤씨미디어,"D&C MEDIA CO.,LTD.",KOSDAQ,01186404,581,출판업,false,,,matched,ticker,7110,88253522010,20260907
376300,디어유,"DEAR U Co.,Ltd.",KOSDAQ,01456011,58222,출판업,false,,,matched,ticker,18360,435837134160,20260907
104040,디에스엠,DSM Corporation,KOSDAQ,00442905,30399,자동차·트레일러,false,,,matched,ticker,2395,64218488175,20260907
109740,디에스케이,"DSK Co.,Ltd.",KOSDAQ,00530121,29272,기타 기계·장비,false,,,matched,ticker,4455,114539787450,20260907
031860,디에이치엑스컴퍼니,"DHX Company Co., Ltd.",KOSDAQ,00180865,46800,도매·상품중개,false,,,matched,ticker,6930,18714756060,20260907
196490,디에이테크놀로지,"DA Technology Co.,Ltd.",KOSDAQ,00660121,29271,기타 기계·장비,false,,,matched,ticker,6090,69131518050,20260907
066900,디에이피,"DAP Co., Ltd",KOSDAQ,00303192,2622,전자부품·컴퓨터·통신장비,false,,,matched,ticker,1700,38665655100,20260907
092070,디엔에프,"DNFCo.,Ltd.",KOSDAQ,00569691,2049,화학물질·화학제품,false,,,matched,ticker,12100,140019481800,20260907
039840,디오,DIO Corporation,KOSDAQ,00115931,27192,의료·정밀·광학기기,false,,,matched,ticker,11250,150928065000,20260907
219550,디와이디,"DYD Co.,LTD.",KOSDAQ,01089378,464,도매·상품중개,false,,,matched,ticker,1286,53213664060,20260907
310870,디와이씨,"DYC CO.,LTD.",KOSDAQ,01336443,303,자동차·트레일러,false,,,matched,ticker,1540,33760807080,20260907
104460,디와이피엔에프,"DYPNF CO.,LTD",KOSDAQ,00602136,29163,기타 기계·장비,false,,,matched,ticker,7480,78675395480,20260907
113810,디젠스,"Dgenx Co., Ltd.",KOSDAQ,00576789,303,자동차·트레일러,false,,,matched,ticker,3130,20425159300,20260907
043360,디지아이,Digital Graphics Incorporation,KOSDAQ,00295547,263,전자부품·컴퓨터·통신장비,false,,,matched,ticker,2600,23400000000,20260907
197140,디지캡,"DigiCAP Co., Ltd.",KOSDAQ,00681373,58221,출판업,false,,,matched,ticker,2420,31491832680,20260907
068930,디지털대성,"Digital Daesung Co., Ltd.",KOSDAQ,00398808,855,교육서비스업,false,,,matched,ticker,8620,238561448040,20260907
033130,디지틀조선,DigitalChosun,KOSDAQ,00231442,631,정보서비스업,false,,,matched,ticker,1784,66213636328,20260907
105740,디케이락,DK-Lok Corporation,KOSDAQ,00533003,29133,기타 기계·장비,false,,,matched,ticker,7700,78297550100,20260907
263020,디케이앤디,"DK&D CO.,LTD",KOSDAQ,00892526,22214,고무·플라스틱,false,,,matched,ticker,3125,43237956250,20260907
290550,디케이티,"DK TECH CO.,LTD",KOSDAQ,01137903,26224,전자부품·컴퓨터·통신장비,false,,,matched,ticker,16040,320819729200,20260907
066670,디티씨,"DTC Co., Ltd.",KOSDAQ,00371740,681,부동산업,false,,,matched,ticker,3155,58973001290,20260907
187220,디티앤씨,"Dt&C Co., Ltd.",KOSDAQ,00675594,729,건축기술·엔지니어링,false,,,matched,ticker,1962,22611918546,20260907
383930,디티앤씨알오,"DT&CRO CO., Ltd.",KOSDAQ,01437432,70113,연구개발업,false,,,matched,ticker,1527,19521363456,20260907
131180,딜리,"DILLI ILLUSTRATE INC.,",KOSDAQ,00629212,26323,전자부품·컴퓨터·통신장비,false,,,matched,ticker,4215,24742050000,20260907
483350,딜리셔스,,KOSDAQ,,,,false,,,not_matched,,3045,67457285700,20260907
315640,딥노이드,DEEPNOID Inc.,KOSDAQ,01344831,582,출판업,false,,,matched,ticker,1790,52576295280,20260907
900110,딥커머스,Deep Commerce Limited,KOSDAQ,00799070,64992,금융업,false,,,matched,ticker,1201,22142994331,20260907
317120,라닉스,RANIX INC.,KOSDAQ,01327092,26112,전자부품·컴퓨터·통신장비,false,,,matched,ticker,1451,22142260000,20260907
462510,라메디텍,"LAMEDITECH Co., Ltd.",KOSDAQ,01504211,2711,의료·정밀·광학기기,false,,,matched,ticker,2605,22931723825,20260907
232680,라온로보틱스,RAON ROBOTICS Inc.,KOSDAQ,00911229,29280,기타 기계·장비,false,,,matched,ticker,9470,125548525000,20260907
042510,라온시큐어,"RaonSecure Co., Ltd.",KOSDAQ,00255433,582,출판업,false,,,matched,ticker,8670,96287528760,20260907
418420,라온텍,RAONTECH INC.,KOSDAQ,00965512,262,전자부품·컴퓨터·통신장비,false,,,matched,ticker,3975,122328868050,20260907
300120,라온피플,LaonPeople Inc.,KOSDAQ,01251489,582,출판업,false,,,matched,ticker,3480,34454794440,20260907
171120,라이온켐텍,"LION CHEMTECH CO., Ltd.",KOSDAQ,00317104,2049,화학물질·화학제품,false,,,matched,ticker,2005,71983028800,20260907
388790,라이콤,"LiComm Co., Ltd.",KOSDAQ,01569102,264,전자부품·컴퓨터·통신장비,false,,,matched,ticker,4175,127814118000,20260907
214260,라파스,"Raphas Co., Ltd.",KOSDAQ,01058101,20423,화학물질·화학제품,false,,,matched,ticker,7950,70933580850,20260907
171010,램테크놀러지,"RAM TECHNOLOGY CO., LTD.",KOSDAQ,00654272,20119,화학물질·화학제품,false,,,matched,ticker,2640,37748705280,20260907
084650,랩지노믹스,"LabGenomics. Co., Ltd.",KOSDAQ,00545114,70113,연구개발업,false,,,matched,ticker,500,37119995000,20260907
217500,러셀,"RUSSELL CO., LTD.",KOSDAQ,01068348,292,기타 기계·장비,false,,,matched,ticker,1563,49722156000,20260907
038390,레드캡투어,"RedcapTour Co., Ltd.",KOSDAQ,00261355,75210,사업시설 관리,false,,,matched,ticker,10040,167877052880,20260907
387690,레메디,REMEDI Inc.,KOSDAQ,01501764,27111,의료·정밀·광학기기,false,,,matched,ticker,18140,138331848740,20260907
294140,레몬,LEMON COMPANY LIMITED,KOSDAQ,01011395,20501,화학물질·화학제품,false,,,matched,ticker,2255,56182914590,20260907
365660,레몬헬스케어,LEMON HEALTHCARE Co.,KOSDAQ,01424261,58222,출판업,false,,,matched,ticker,4645,62501071555,20260907
443250,레뷰코퍼레이션,RevuCorporation Inc,KOSDAQ,01468061,71310,전문서비스업,false,,,matched,ticker,5890,63669822130,20260907
228670,레이,"Ray Co., Ltd.",KOSDAQ,00828761,27111,의료·정밀·광학기기,false,,,matched,ticker,4655,72804297755,20260907
228850,레이언스,"RAYENCE CO.,LTD.",KOSDAQ,00899459,27111,의료·정밀·광학기기,false,,,matched,ticker,7070,117298468980,20260907
412350,레이저쎌,Laserssel Co. Ltd.,KOSDAQ,01573381,29271,기타 기계·장비,false,,,matched,ticker,4935,72066017205,20260907
199550,레이저옵텍,"Laseroptek Co., Ltd.",KOSDAQ,01161432,27112,의료·정밀·광학기기,false,,,matched,ticker,3485,51737581635,20260907
281740,레이크머티리얼즈,"Lake Materials Co., Ltd.",KOSDAQ,01255652,204,화학물질·화학제품,false,,,matched,ticker,11170,734210221160,20260907
277810,레인보우로보틱스,Rainbow Robotics,KOSDAQ,01261644,29280,기타 기계·장비,false,,,matched,ticker,448000,8691136384000,20260907
215100,로보로보,"RoboRobo Co., Ltd.",KOSDAQ,01063990,28909,전기장비,false,,,matched,ticker,4150,84446084100,20260907
090360,로보스타,"Robostar Co.,Ltd.",KOSDAQ,00536523,29280,기타 기계·장비,false,,,matched,ticker,77400,754650000000,20260907
108490,로보티즈,ROBOTIS,KOSDAQ,00946030,29299,기타 기계·장비,false,,,matched,ticker,301500,4422108942000,20260907
900260,로스웰,"ROTHWELL INTERNATIONAL CO., LIMITED",KOSDAQ,01139266,64992,금융업,false,,,matched,ticker,1779,81886846974,20260907
033290,로젠,"LOGEN Co., Ltd.",KOSDAQ,00155948,474,소매업,false,,,matched,ticker,1525,85638359025,20260907
067730,로지시스,LOGISYS INC.,KOSDAQ,00238199,62090,컴퓨터 프로그래밍·SI,false,,,matched,ticker,2250,21766324500,20260907
071280,로체시스템즈,RORZE SYSTEMS CORPORATION,KOSDAQ,00363486,292,기타 기계·장비,false,,,matched,ticker,7170,109676643510,20260907
376900,로킷헬스케어,ROKIT HEALTHCARE Inc.,KOSDAQ,01335143,21309,의료용 물질·의약품,false,,,matched,ticker,27050,470921294500,20260907
214610,롤링스톤,"RollingStone Co., Ltd.",KOSDAQ,01049167,27199,의료·정밀·광학기기,false,,,matched,ticker,2290,19197807380,20260907
328130,루닛,Lunit Inc.,KOSDAQ,01397620,58222,출판업,false,,,matched,ticker,8870,660444056600,20260907
038060,루멘스,"LUMENS CO., LTD.",KOSDAQ,00406329,2612,전자부품·컴퓨터·통신장비,false,,,matched,ticker,815,39204001235,20260907
474170,루미르,Lumir Inc.,KOSDAQ,01636565,31311,기타 운송장비,false,,,matched,ticker,6260,111538776960,20260907
195990,루트K,"RootK Co., Ltd.",KOSDAQ,00620558,29223,기타 기계·장비,false,,,matched,ticker,1299,21157948326,20260907
141080,리가켐바이오,LigaChem Biosciences Inc.,KOSDAQ,00842619,70113,연구개발업,false,,,matched,ticker,92300,3416892281400,20260907
058470,리노공업,LEENO Industrial Inc,KOSDAQ,00369657,2629,전자부품·컴퓨터·통신장비,false,,,matched,ticker,68400,5212890540000,20260907
016100,리더스코스메틱,"LEADERS COSMETICS CO., LTD.",KOSDAQ,00180263,172,펄프·종이 제조,false,,,matched,ticker,1160,22157037040,20260907
012700,리드코프,"The LEADCORP, Inc.",KOSDAQ,00117708,46712,도매·상품중개,false,,,matched,ticker,2990,77724607480,20260907
302550,리메드,"REMED CO.,LTD.",KOSDAQ,01275665,27199,의료·정밀·광학기기,false,,,matched,ticker,2685,81288409905,20260907
491000,리브스메드,LivsMed Inc.,KOSDAQ,01385005,27112,의료·정밀·광학기기,false,,,matched,ticker,33750,852365396250,20260907
394420,리센스메디컬,"RecensMedical, Inc.",KOSDAQ,01685677,27199,의료·정밀·광학기기,false,,,matched,ticker,9710,106807096710,20260907
073570,리튬포어스,Lithium-for-earth Inc ,KOSDAQ,00440712,339,기타 제품 제조,false,,,matched,ticker,1750,21065324000,20260907
377450,리파인,"REFINE Co., Ltd.",KOSDAQ,01210066,63991,정보서비스업,false,,,matched,ticker,16970,294090100000,20260907
277070,린드먼아시아,Lindeman Asia Investment Corporation,KOSDAQ,00616962,64209,금융업,false,,,matched,ticker,3075,42102900000,20260907
042500,링네트,"RingNet Co., Ltd.",KOSDAQ,00352499,62021,컴퓨터 프로그래밍·SI,false,,,matched,ticker,4335,96632109240,20260907
193250,링크드,Linked Inc.,KOSDAQ,01035678,2629,전자부품·컴퓨터·통신장비,false,,,matched,ticker,2285,30548011905,20260907
474650,링크솔루션,"LINCSOLUTION CO., LTD.",KOSDAQ,01764099,29222,기타 기계·장비,false,,,matched,ticker,25000,143800800000,20260907
219420,링크제니시스,"Linkgenesis Co., Ltd.",KOSDAQ,01109955,58222,출판업,false,,,matched,ticker,3195,36645074865,20260907
439090,마녀공장,"Manyo Factory  Co., Ltd",KOSDAQ,01136977,204,화학물질·화학제품,false,,,matched,ticker,15970,261800362200,20260907
195500,마니커에프앤지,Maniker F&G,KOSDAQ,00770312,10121,식료품 제조,false,,,matched,ticker,1786,28536708000,20260907
377480,마음AI,"MAUM.AI, INC.",KOSDAQ,01297898,58222,출판업,false,,,matched,ticker,9870,70178414250,20260907
305090,마이크로디지탈,"Micro Digital Co., Ltd.",KOSDAQ,01267967,271,의료·정밀·광학기기,false,,,matched,ticker,538,10087410692,20260907
098120,마이크로컨텍솔,"Micro Contact Solution Co.,Ltd.",KOSDAQ,00568188,2629,전자부품·컴퓨터·통신장비,false,,,matched,ticker,46550,386959257300,20260907
424980,마이크로투나노,"MICRO2NANO, INC.",KOSDAQ,00624378,26129,전자부품·컴퓨터·통신장비,false,,,matched,ticker,8610,50961642900,20260907
038290,마크로젠,"Macrogen, Inc.",KOSDAQ,00261373,73909,기타 과학기술 서비스,false,,,matched,ticker,12230,132590322000,20260907
477850,마키나락스,"MakinaRocks Co., Ltd.",KOSDAQ,01709065,582,출판업,false,,,matched,ticker,23450,416348559200,20260907
0039P0,매드업,,KOSDAQ,,,,false,,,not_matched,,9340,175661116000,20260907
267980,매일유업,"Maeil Dairies Co., Ltd.",KOSDAQ,01234507,104,식료품 제조,false,,,matched,ticker,34050,260946873900,20260907
005990,매일홀딩스,"MAEIL HOLDINGS CO., LTD.",KOSDAQ,00120924,104,식료품 제조,false,,,matched,ticker,10960,145749411840,20260907
093520,매커스,MAKUS Inc.,KOSDAQ,00596677,4659,도매·상품중개,false,,,matched,ticker,27150,323134874550,20260907
100590,머큐리,MERCURY CORPORATION,KOSDAQ,00364740,2642,전자부품·컴퓨터·통신장비,false,,,matched,ticker,3365,57674568925,20260907
067280,멀티캠퍼스,Multicampus Corporation,KOSDAQ,00425351,85650,교육서비스업,false,,,matched,ticker,23750,140761001250,20260907
072870,메가스터디,"MegaStudyCo.,Ltd.",KOSDAQ,00422284,581,출판업,false,,,matched,ticker,13190,157237449210,20260907
215200,메가스터디교육,MegaStudyEdu Co. Ltd,KOSDAQ,01074862,85503,교육서비스업,false,,,matched,ticker,34900,361746038400,20260907
133750,메가엠디,"MegaMD Co., Ltd.",KOSDAQ,00807555,85503,교육서비스업,false,,,matched,ticker,1509,35321279193,20260907
446540,메가터치,"Megatouch Co., Ltd",KOSDAQ,00923516,28201,전기장비,false,,,matched,ticker,7090,206170896990,20260907
235980,메드팩토,"MedPacto, Inc.",KOSDAQ,01336373,70113,연구개발업,false,,,matched,ticker,2855,97855470455,20260907
041920,메디아나,"MEDIANA Co.,LTD",KOSDAQ,00273439,27112,의료·정밀·광학기기,false,,,matched,ticker,8500,158084895500,20260907
014100,메디앙스,"Medience Co., LTD.",KOSDAQ,00267854,468,도매·상품중개,false,,,matched,ticker,1644,19399200000,20260907
054180,메디콕스,"MEDICOX Co., Ltd.",KOSDAQ,00356839,31114,기타 운송장비,false,,,matched,ticker,2295,12686716395,20260907
086900,메디톡스,Medy-Tox Inc.,KOSDAQ,00580199,211,의료용 물질·의약품,false,,,matched,ticker,69400,506515691800,20260907
078160,메디포스트,"MEDIPOSTCO.,LTD.",KOSDAQ,00453929,211,의료용 물질·의약품,false,,,matched,ticker,9050,354801657150,20260907
0088D0,메리츠제1호스팩,,KOSDAQ,,,,false,,spac,not_matched,,2075,12024625000,20260907
0165X0,메리츠제2호스팩,,KOSDAQ,,,,false,,spac,not_matched,,1954,14146960000,20260907
408920,메쎄이상,"Messe eSang Co.,Ltd",KOSDAQ,01596656,759,사업시설 관리,false,,,matched,ticker,3140,135749908700,20260907
021880,메이슨캐피탈,MASON CAPITAL CORPORATION,KOSDAQ,00136101,64911,금융업,false,,,matched,ticker,1313,27859811720,20260907
0088M0,메쥬,,KOSDAQ,,,,false,,,not_matched,,13250,130933187500,20260907
140410,메지온,"Mezzion Pharma Co., Ltd.",KOSDAQ,00808022,70113,연구개발업,false,,,matched,ticker,66200,2027154818800,20260907
241770,메카로,"MECARO.CO.,LTD.",KOSDAQ,00652007,261,전자부품·컴퓨터·통신장비,false,,,matched,ticker,37650,383752896000,20260907
059210,메타바이오메드,"METABIOMED.CO.,LTD",KOSDAQ,00317681,213,의료용 물질·의약품,false,,,matched,ticker,3835,104202491575,20260907
058110,멕아이씨에스,"MEKICS Co., Ltd",KOSDAQ,00270113,271,의료·정밀·광학기기,false,,,matched,ticker,1568,25167231040,20260907
072770,멤레이비티,"MemRAY BT Co., LTD.",KOSDAQ,00583026,620,컴퓨터 프로그래밍·SI,false,,,matched,ticker,888,36862743024,20260907
434480,모니터랩,"MONITORAPP CO., LTD.",KOSDAQ,01583652,58221,출판업,false,,,matched,ticker,2610,32129883000,20260907
080420,모다이노칩,"Moda-InnoChips Co., Ltd.",KOSDAQ,00480048,474,소매업,false,,,matched,ticker,1687,134490376314,20260907
417970,모델솔루션,"Model Solution Co., Ltd.",KOSDAQ,00657783,292,기타 기계·장비,false,,,matched,ticker,10580,67677086000,20260907
080160,모두투어,MODETOURNETWORKINC.,KOSDAQ,00456218,75210,사업시설 관리,false,,,matched,ticker,9130,172557000000,20260907
087260,모바일어플라이언스,"MOBILE APPLIANCE, INC.",KOSDAQ,00556615,582,출판업,false,,,matched,ticker,247,8040556667,20260907
101330,모베이스,"MOBASE Co., Ltd.",KOSDAQ,00498001,2642,전자부품·컴퓨터·통신장비,false,,,matched,ticker,3540,81940482660,20260907
012860,모베이스전자,"MOBASE ELECTRONICS CO.,LTD.",KOSDAQ,00137234,303,자동차·트레일러,false,,,matched,ticker,2255,165141445535,20260907
363260,모비데이즈,Mobidays Inc.,KOSDAQ,01493535,713,전문서비스업,false,,,matched,ticker,916,29462012404,20260907
348030,모비릭스,MOBIRIX Corporation,KOSDAQ,01210190,5821,출판업,false,,,matched,ticker,2960,28427248000,20260907
250060,모비스,"Mobiis Co., Ltd.",KOSDAQ,01165155,620,컴퓨터 프로그래밍·SI,false,,,matched,ticker,3000,96513942000,20260907
288980,모아데이타,"Moadata Co., Ltd.",KOSDAQ,01423837,58222,출판업,false,,,matched,ticker,338,12296906102,20260907
142760,모아라이프플러스,MOA Life Plus Co. Ltd.,KOSDAQ,00587925,701,연구개발업,false,,,matched,ticker,590,12439259100,20260907
033200,모아텍,"MOATECH CO., LTD.",KOSDAQ,00241209,2629,전자부품·컴퓨터·통신장비,false,,,matched,ticker,2530,23287458370,20260907
118990,모트렉스,"MOTREX CO., LTD",KOSDAQ,00876908,303,자동차·트레일러,false,,,matched,ticker,6200,152131700200,20260907
463480,모티브링크,"MOTIVELINK CO.,LTD",KOSDAQ,00367400,26294,전자부품·컴퓨터·통신장비,false,,,matched,ticker,4015,49747287370,20260907
006920,모헨즈,"Mohenz. Co., Ltd",KOSDAQ,00163318,23322,비금속 광물제품,false,,,matched,ticker,3435,37510200000,20260907
001810,무림SP,"MOORIM SP CO., LTD.",KOSDAQ,00121507,171,펄프·종이 제조,false,,,matched,ticker,1176,26033700000,20260907
279600,미디어젠,"MediaZen, Inc.",KOSDAQ,01190124,58222,출판업,false,,,matched,ticker,3900,18270645900,20260907
095500,미래나노텍,"MNTECHCo.,Ltd.",KOSDAQ,00526836,2229,고무·플라스틱,false,,,matched,ticker,6800,210867993200,20260907
254490,미래반도체,"MIRAI SEMICONDUCTORS CO., LTD.",KOSDAQ,00299844,467,도매·상품중개,false,,,matched,ticker,15460,223211480000,20260907
218150,미래생명자원,"MILAE BIORESOURCES CO., LTD.",KOSDAQ,01071944,109,식료품 제조,false,,,matched,ticker,2075,42362789150,20260907
100790,미래에셋벤처투자,"Mirae Asset Venture Investment Co.,Ltd.",KOSDAQ,00340096,649,금융업,false,,,matched,ticker,15200,807432785600,20260907
0097F0,미래에셋비전스팩10호,,KOSDAQ,,,,false,,spac,not_matched,,1988,12922000000,20260907
0099W0,미래에셋비전스팩11호,,KOSDAQ,,,,false,,spac,not_matched,,1981,13867000000,20260907
477380,미래에셋비전스팩4호,Mirae Asset Vision Special Purpose Acquisition 4 Company,KOSDAQ,01814233,66199,금융·보험 관련 서비스,false,,,matched,ticker,2085,16888500000,20260907
477470,미래에셋비전스팩5호,Mirae Asset Vision Special Purpose Acquisition 5 Company,KOSDAQ,01817249,66199,금융·보험 관련 서비스,false,,,matched,ticker,2075,11371000000,20260907
478440,미래에셋비전스팩6호,Mirae Asset Vision Special Purpose Acquisition 6 Company,KOSDAQ,01819867,66199,금융·보험 관련 서비스,false,,,matched,ticker,2070,14345100000,20260907
482680,미래에셋비전스팩7호,Mirae Asset Vision Special Purpose Acquisition 7 Company,KOSDAQ,01841635,66199,금융·보험 관련 서비스,false,,,matched,ticker,2055,16881825000,20260907
0093G0,미래에셋비전스팩8호,,KOSDAQ,,,,false,,spac,not_matched,,1989,12729600000,20260907
0096D0,미래에셋비전스팩9호,,KOSDAQ,,,,false,,spac,not_matched,,1975,10862500000,20260907
049950,미래컴퍼니,meerecompanyIncorporated,KOSDAQ,00447760,29271,기타 기계·장비,false,,,matched,ticker,10460,92235066640,20260907
207760,미스터블루,Mr. Blue Corporation,KOSDAQ,01047840,63991,정보서비스업,false,,,matched,ticker,2480,41207570880,20260907
059090,미코,MiCo Ltd.,KOSDAQ,00366942,261,전자부품·컴퓨터·통신장비,false,,,matched,ticker,18710,625227916380,20260907
201490,미투온,"ME2ON CO., LTD",KOSDAQ,00965813,5821,출판업,false,,,matched,ticker,2645,86554255270,20260907
475460,미트박스,MeatBox Global Inc.,KOSDAQ,01374717,639,정보서비스업,false,,,matched,ticker,8290,46809692250,20260907
452200,민테크,"Mintech Co., Ltd.",KOSDAQ,01689035,27212,의료·정밀·광학기기,false,,,matched,ticker,1600,38932480000,20260907
206640,바디텍메드,Boditech Med Inc.,KOSDAQ,01046708,213,의료용 물질·의약품,false,,,matched,ticker,9750,213602229750,20260907
035620,바른손이앤에이,Barunson Entertainment & Arts Corporation,KOSDAQ,00259590,591,영상·오디오 제작,false,,,matched,ticker,683,12710573994,20260907
053030,바이넥스,"Binex Co., Ltd.",KOSDAQ,00216027,212,의료용 물질·의약품,false,,,matched,ticker,6800,222252478400,20260907
301300,바이브컴퍼니,VAIV company Inc.,KOSDAQ,00403793,58222,출판업,false,,,matched,ticker,1911,25138654632,20260907
064550,바이오니아,BIONEERCORPORATION,KOSDAQ,00326731,213,의료용 물질·의약품,false,,,matched,ticker,10560,272556672960,20260907
314930,바이오다인,"BIODYNE CO., LTD.",KOSDAQ,01117413,2719,의료·정밀·광학기기,false,,,matched,ticker,7090,211027490270,20260907
489460,바이오비쥬,"BIOBIJOU Co., Ltd.",KOSDAQ,01657197,204,화학물질·화학제품,false,,,matched,ticker,10760,158745368120,20260907
086820,바이오솔루션,"Bio Solution Co.,Ltd.",KOSDAQ,00560982,211,의료용 물질·의약품,false,,,matched,ticker,6400,165914144000,20260907
038460,바이오스마트,"BioSmart Co., Ltd.",KOSDAQ,00240857,26293,전자부품·컴퓨터·통신장비,false,,,matched,ticker,2660,67230281720,20260907
251120,바이오에프디엔씨,"BIO-FD&C CO.,LTD.",KOSDAQ,01160974,2110,의료용 물질·의약품,false,,,matched,ticker,8640,75130848000,20260907
199730,바이오인프라,"BioInfra Co.,Ltd.",KOSDAQ,01110058,70113,연구개발업,false,,,matched,ticker,1342,6527980514,20260907
086040,바이오톡스텍,"BiotoxtechCo.,Ltd.",KOSDAQ,00447502,70113,연구개발업,false,,,matched,ticker,2385,38060419095,20260907
188040,바이오포트,"BIO PORT KOREA, INC.",KOSDAQ,01157846,108,식료품 제조,false,,,matched,ticker,4900,22928609200,20260907
099430,바이오플러스,"BioPlus Co., Ltd",KOSDAQ,00636656,211,의료용 물질·의약품,false,,,matched,ticker,3390,208962047580,20260907
308080,바이젠셀,ViGenCell Inc.,KOSDAQ,01335790,701,연구개발업,false,,,matched,ticker,6640,136115086400,20260907
043150,바텍,"ValueAddedTechnologyCo.,Ltd.",KOSDAQ,00264255,271,의료·정밀·광학기기,false,,,matched,ticker,18240,270941629440,20260907
323990,박셀바이오,Vaxcell-Bio Therapeutics,KOSDAQ,01335851,70113,연구개발업,false,,,matched,ticker,4400,102332318000,20260907
267790,배럴,"BARREL Co., Ltd.",KOSDAQ,01182240,1419,의복 제조,false,,,matched,ticker,3420,26297436780,20260907
046310,백금T&A,BG T&A Co.,KOSDAQ,00360036,2642,전자부품·컴퓨터·통신장비,false,,,matched,ticker,2235,36695662635,20260907
331520,밸로프,"VALOFE Co.,Ltd.",KOSDAQ,01398151,582,출판업,false,,,matched,ticker,2310,22640739660,20260907
199480,뱅크웨어글로벌,"Bankware Global Co., Ltd.",KOSDAQ,01138595,58222,출판업,false,,,matched,ticker,3930,40072590840,20260907
438700,버넥트,"VIRNECT Co., Ltd.",KOSDAQ,01605529,58222,출판업,false,,,matched,ticker,1755,19559281950,20260907
066410,버킷스튜디오,"BUCKET STUDIO Co.,Ltd.",KOSDAQ,00378220,612,통신업,false,,,matched,ticker,1153,159637252154,20260907
382900,범한퓨얼셀,"Bumhan Fuel Cell Co.,Ltd.",KOSDAQ,01435489,28111,전기장비,false,,,matched,ticker,18540,162428940000,20260907
206400,베노티앤알,"BENO TNR, Inc.",KOSDAQ,01043853,424,전문직별 공사,false,,,matched,ticker,727,27269884866,20260907
019010,베뉴지,"VenueG Co.,Ltd.",KOSDAQ,00267906,47111,소매업,false,,,matched,ticker,4650,224130000000,20260907
177350,베셀,"Vessel Co., Ltd.",KOSDAQ,00813389,222,고무·플라스틱,false,,,matched,ticker,1607,15934772557,20260907
457600,벡트,"VECT Co., Ltd.",KOSDAQ,01453944,26519,전자부품·컴퓨터·통신장비,false,,,matched,ticker,4580,62780350000,20260907
424760,벨로크,Bellock Inc.,KOSDAQ,01622331,620,컴퓨터 프로그래밍·SI,false,,,matched,ticker,2450,24633201600,20260907
250000,보라티알,"BORATR CO., Ltd.",KOSDAQ,01124680,4632,도매·상품중개,false,,,matched,ticker,5730,38681700090,20260907
310210,보로노이,"Voronoi, Inc.",KOSDAQ,01327746,701,연구개발업,false,,,matched,ticker,155700,2884116423600,20260907
006910,보성파워텍,"BOSUNG POWER TECHNOLOGY CO., LTD.",KOSDAQ,00267881,2511,금속가공제품,false,,,matched,ticker,7330,360121609920,20260907
0010F0,보원케미칼,,KOSDAQ,,,,false,,,not_matched,,2135,23791588135,20260907
226340,본느,"Bonne Co., Ltd.",KOSDAQ,01098792,204,화학물질·화학제품,false,,,matched,ticker,5690,47741853960,20260907
014470,부방,"Bubang Co., Ltd.",KOSDAQ,00243067,681,부동산업,false,,,matched,ticker,994,59691946440,20260907
008470,부스타,"BOOSTER CO., LTD.",KOSDAQ,00124276,25130,금속가공제품,false,,,matched,ticker,1698,28542700800,20260907
338220,뷰노,"VUNO, Inc.",KOSDAQ,01344202,582,출판업,false,,,matched,ticker,5240,73369552520,20260907
100120,뷰웍스,"Vieworks Co., Ltd.",KOSDAQ,00609324,27199,의료·정밀·광학기기,false,,,matched,ticker,27000,242228097000,20260907
406820,뷰티스킨,"BEAUTYSKIN Co., Ltd.",KOSDAQ,01147487,20423,화학물질·화학제품,false,,,matched,ticker,1884,26632519788,20260907
099390,브레인즈컴퍼니,"Brainzcompany Co., Ltd.",KOSDAQ,00642897,58221,출판업,false,,,matched,ticker,3925,32217510775,20260907
064480,브리지텍,BRIDGETECCorp.,KOSDAQ,00359076,58221,출판업,false,,,matched,ticker,2770,33108425000,20260907
365900,브이씨,VC Inc.,KOSDAQ,01354740,3330,기타 제품 제조,false,,,matched,ticker,2400,17544720000,20260907
089970,브이엠,VM Inc.,KOSDAQ,00544577,29271,기타 기계·장비,false,,,matched,ticker,53400,1405849251000,20260907
251630,브이원텍,"V-ONE TECH CO., LTD.",KOSDAQ,01027794,29272,기타 기계·장비,false,,,matched,ticker,3540,56437816440,20260907
018290,브이티,"VT Co., Ltd.",KOSDAQ,00150165,204,화학물질·화학제품,false,,,matched,ticker,12350,431531699300,20260907
478560,블랙야크아이앤씨,"BLACK YAK I&C CO.,LTD",KOSDAQ,01718407,152,가죽·신발 제조,false,,,matched,ticker,3190,82398650620,20260907
439580,블루엠텍,"BLUEMTEC CO., LTD.",KOSDAQ,01559637,467,도매·상품중개,false,,,matched,ticker,2020,68370024940,20260907
033560,블루콤,"BLUECOM CO.,LTD",KOSDAQ,00238001,26529,전자부품·컴퓨터·통신장비,false,,,matched,ticker,4635,79258500000,20260907
369370,블리츠웨이엔터테인먼트,"Blitzway Entertainment Co., Ltd.",KOSDAQ,01508855,901,창작·예술·여가,false,,,matched,ticker,3600,35907775200,20260907
126340,비나텍,"VINA TECH CO.,LTD",KOSDAQ,00563518,282,전기장비,false,,,matched,ticker,64200,460982578800,20260907
121800,비덴트,"Vidente Co., Ltd.",KOSDAQ,00693651,26421,전자부품·컴퓨터·통신장비,false,,,matched,ticker,3320,256309348520,20260907
082800,비보존 제약,"VIVOZON PHARMACEUTICAL CO., LTD.",KOSDAQ,00533191,212,의료용 물질·의약품,false,,,matched,ticker,3175,192784939550,20260907
318410,비비씨,"Best Bristle Company Co., Ltd.",KOSDAQ,01153105,204,화학물질·화학제품,false,,,matched,ticker,6540,36331289220,20260907
419540,비스토스,"Bistos Co., Ltd.",KOSDAQ,01506848,27199,의료·정밀·광학기기,false,,,matched,ticker,3270,19483487310,20260907
146320,비씨엔씨,"BCnC Co., Ltd.",KOSDAQ,01301623,261,전자부품·컴퓨터·통신장비,false,,,matched,ticker,9360,119788559280,20260907
200780,비씨월드제약,"BCWORLDPHARM Co., Ltd.",KOSDAQ,00256043,212,의료용 물질·의약품,false,,,matched,ticker,3030,32316952830,20260907
413640,비아이매트릭스,"BI MATRIX Co., Ltd.",KOSDAQ,01462739,5822,출판업,false,,,matched,ticker,5980,43097501200,20260907
141000,비아트론,"Viatron Technologies, Inc.",KOSDAQ,00610083,29272,기타 기계·장비,false,,,matched,ticker,8720,105640271200,20260907
083650,비에이치아이,"BHI Co., LTD.",KOSDAQ,00409788,29176,기타 기계·장비,false,,,matched,ticker,67700,2094934187500,20260907
0068Y0,비엔케이제3호스팩,,KOSDAQ,,,,false,,spac,not_matched,,1969,8486390000,20260907
065170,비엘팜텍,BL Pharmtech Corp.,KOSDAQ,00384717,463,도매·상품중개,false,,,matched,ticker,2170,60572930810,20260907
086670,비엠티,"BMTCo.,Ltd.",KOSDAQ,00524786,29133,기타 기계·장비,false,,,matched,ticker,16620,164968208700,20260907
488900,비츠로넥스텍,"Vitzro Nextech Co., LTD",KOSDAQ,01194607,31322,기타 운송장비,false,,,matched,ticker,9330,270350213190,20260907
082920,비츠로셀,"VITZROCELL Co.,Ltd.",KOSDAQ,00154718,28201,전기장비,false,,,matched,ticker,29000,1309044833000,20260907
054220,비츠로시스,"VitzroSys., Co. LTD",KOSDAQ,00201432,28123,전기장비,false,,,matched,ticker,1694,21328503504,20260907
042370,비츠로테크,"Vitzro Tech Co.,LTD.",KOSDAQ,00103644,64992,금융업,false,,,matched,ticker,8180,214316204500,20260907
050090,비케이홀딩스,"BK Holdings CO.,LTD.",KOSDAQ,00369569,713,전문서비스업,false,,,matched,ticker,794,18686579590,20260907
148780,비큐AI,BECU AI Inc.,KOSDAQ,00980043,58222,출판업,false,,,matched,ticker,3765,23678630925,20260907
307870,비투엔,"B2En Co., Ltd.",KOSDAQ,01326792,582,출판업,false,,,matched,ticker,1350,100304034750,20260907
377030,비트맥스,"BITMAX CO., LTD",KOSDAQ,01409095,582,출판업,false,,,matched,ticker,1783,25482104666,20260907
032850,비트컴퓨터,BITComputer,KOSDAQ,00231707,58221,출판업,false,,,matched,ticker,3820,63500979260,20260907
049470,비트플래닛,"BITPLANET Co.,Ltd.",KOSDAQ,00351579,582,출판업,false,,,matched,ticker,2465,58038176035,20260907
238200,비피도,BIFIDO. Co. Ltd,KOSDAQ,01109070,108,식료품 제조,false,,,matched,ticker,2675,21881500000,20260907
093190,빅솔론,"BIXOLONCo.,Ltd",KOSDAQ,00478900,263,전자부품·컴퓨터·통신장비,false,,,matched,ticker,8560,164685026800,20260907
065450,빅텍,"VICTEK. Co., Ltd.",KOSDAQ,00385363,27211,의료·정밀·광학기기,false,,,matched,ticker,2770,81703374310,20260907
044480,빌리언스,"Billions Co.,Ltd.",KOSDAQ,00173449,901,창작·예술·여가,false,,,matched,ticker,820,27265751120,20260907
069540,빛과전자,LIGHTRON FIBER-OPTIC DEVICES INC.,KOSDAQ,00367482,264,전자부품·컴퓨터·통신장비,false,,,matched,ticker,2800,315537311600,20260907
072950,빛샘전자,"VISSEM Electronics Co., Ltd.",KOSDAQ,00359261,262,전자부품·컴퓨터·통신장비,false,,,matched,ticker,8360,67319819600,20260907
451250,삐아,"BBIA.CO.,LTD.",KOSDAQ,01283974,20423,화학물질·화학제품,false,,,matched,ticker,7450,76182783650,20260907
143240,사람인,"Saramin Co., Ltd.",KOSDAQ,00857480,63120,정보서비스업,false,,,matched,ticker,16820,180524535420,20260907
466410,사이냅소프트,Synapsoft Corp.,KOSDAQ,01207901,58222,출판업,false,,,matched,ticker,8480,42713955040,20260907
223310,사토시홀딩스,"Satoshi Holdings Co., Ltd.",KOSDAQ,01075126,468,도매·상품중개,false,,,matched,ticker,3480,18112154160,20260907
452430,사피엔반도체,Sapien Semiconductors Inc.,KOSDAQ,01676642,2611,전자부품·컴퓨터·통신장비,false,,,matched,ticker,32600,269126724600,20260907
419120,산돌,"Sandoll, Inc.",KOSDAQ,01516368,58222,출판업,false,,,matched,ticker,2360,33566490040,20260907
122350,삼기,SAMKEE CORP.,KOSDAQ,00799177,303,자동차·트레일러,false,,,matched,ticker,1742,66787283576,20260907
419050,삼기에너지솔루션즈,"SAMKEE ENERGY SOLUTIONS CO.,LTD",KOSDAQ,01526806,303,자동차·트레일러,false,,,matched,ticker,1661,95002954640,20260907
014970,삼륭물산,Samryoong,KOSDAQ,00125488,17223,펄프·종이 제조,false,,,matched,ticker,4405,65304125000,20260907
018310,삼목에스폼,"SAMMOK S-FORM CO.,LTD.",KOSDAQ,00125646,2511,금속가공제품,false,,,matched,ticker,13800,202860000000,20260907
012210,삼미금속,"Sammi Metal Products Co., Ltd.",KOSDAQ,00125664,25912,금속가공제품,false,,,matched,ticker,10200,235126105800,20260907
053700,삼보모터스,"SAMBO MOTORS CO., LTD.",KOSDAQ,00351092,303,자동차·트레일러,false,,,matched,ticker,4010,107130185570,20260907
009620,삼보산업,"SAMBO Industrial Co., Ltd.",KOSDAQ,00125822,24222,1차 금속,false,,,matched,ticker,870,15201551760,20260907
023600,삼보판지,"SAMBO CORRUGATED BOARD CO.,LTD.",KOSDAQ,00125938,171,펄프·종이 제조,false,,,matched,ticker,9350,149677605000,20260907
0044K0,삼성스팩10호,,KOSDAQ,,,,false,,spac,not_matched,,1992,14979840000,20260907
0071M0,삼성스팩11호,,KOSDAQ,,,,false,,spac,not_matched,,1980,11404800000,20260907
0096B0,삼성스팩12호,,KOSDAQ,,,,false,,spac,not_matched,,1986,13067880000,20260907
0115H0,삼성스팩13호,,KOSDAQ,,,,false,,spac,not_matched,,2005,14736750000,20260907
009300,삼아제약,Sam-A Pharm. Co. Ltd,KOSDAQ,00126788,212,의료용 물질·의약품,false,,,matched,ticker,13890,88479300000,20260907
482630,삼양엔씨켐,SAMYANG NC Chem Corp.,KOSDAQ,00863533,20499,화학물질·화학제품,false,,,matched,ticker,12650,276886742000,20260907
484590,삼양컴텍,"SAMYANG COMTECH CO., LTD.",KOSDAQ,00141583,25200,금속가공제품,false,,,matched,ticker,6810,280643164500,20260907
036670,삼양케이씨아이,Samyang KCI Corporation,KOSDAQ,00265041,20421,화학물질·화학제품,false,,,matched,ticker,5070,54554214000,20260907
361670,삼영에스앤씨,"SAMYOUNG S&C CO., LTD.",KOSDAQ,00405506,2629,전자부품·컴퓨터·통신장비,false,,,matched,ticker,3530,20006832740,20260907
054540,삼영엠텍,SAMYOUNG M-TEK C0. LTD.,KOSDAQ,00250614,2511,금속가공제품,false,,,matched,ticker,6600,85800000000,20260907
065570,삼영이엔씨,"Samyung ENC Co., Ltd.",KOSDAQ,00288343,26429,전자부품·컴퓨터·통신장비,false,,,matched,ticker,764,12295692232,20260907
014950,삼익제약,"SAMIK  PHARM.  CO.,LTD.",KOSDAQ,00127875,21212,의료용 물질·의약품,false,,,matched,ticker,8780,88393422640,20260907
032280,삼일,SamIl,KOSDAQ,00127909,49309,육상운송,false,,,matched,ticker,1360,22050482400,20260907
002290,삼일기업공사,"SAMIL ENTERPRISE CO., LTD.",KOSDAQ,00127936,411,종합 건설,false,,,matched,ticker,3350,41540000000,20260907
037460,삼지전자,"SAMJI ELECTRONICS CO., LTD.",KOSDAQ,00128315,2642,전자부품·컴퓨터·통신장비,false,,,matched,ticker,30250,493635290500,20260907
032750,삼진,Samjin,KOSDAQ,00173351,264,전자부품·컴퓨터·통신장비,false,,,matched,ticker,2980,26912743560,20260907
0013V0,삼진식품,,KOSDAQ,,,,false,,,not_matched,,4995,49543686720,20260907
054090,삼진엘앤디,SAMJIN LND COMPANY LIMITED,KOSDAQ,00239514,339,기타 제품 제조,false,,,matched,ticker,1040,25957601280,20260907
000250,삼천당제약,SAM CHUN DANG PHARM CO. LTD,KOSDAQ,00128546,212,의료용 물질·의약품,false,,,matched,ticker,163000,3823567936000,20260907
024950,삼천리자전거,"SAMCHULY BICYCLE CO., LTD",KOSDAQ,00128607,46465,도매·상품중개,false,,,matched,ticker,4640,57536000000,20260907
038500,삼표시멘트,"SAMPYO Cement Co., Ltd.",KOSDAQ,00239639,239,비금속 광물제품,false,,,matched,ticker,7240,781314055440,20260907
437730,삼현,"SAMHYUN CO.,LTD",KOSDAQ,00262266,303,자동차·트레일러,false,,,matched,ticker,33850,1073301142950,20260907
017480,삼현철강,"SAMHYUN STEEL Co., Ltd",KOSDAQ,00128926,2419,1차 금속,false,,,matched,ticker,4755,73430941950,20260907
046390,삼화네트웍스,"SAMHWA NETWORKS Co.,Ltd.",KOSDAQ,00301112,59120,영상·오디오 제작,false,,,matched,ticker,2150,37128721950,20260907
027580,상보,"SANGBOCo.,Ltd",KOSDAQ,00129615,222,고무·플라스틱,false,,,matched,ticker,1688,19979598440,20260907
038540,상상인,"Sangsangin Co., Ltd.",KOSDAQ,00306162,620,컴퓨터 프로그래밍·SI,false,,,matched,ticker,1980,109550059740,20260907
091580,상신이디피,"SANGSINENERGYDISPLAYPRECISIONCO.,LTD",KOSDAQ,00480783,28202,전기장비,false,,,matched,ticker,20750,276560544250,20260907
263810,상신전자,"SANGSHIN ELECTRONICS CO., LTD.",KOSDAQ,00760999,2629,전자부품·컴퓨터·통신장비,false,,,matched,ticker,2525,40210183125,20260907
089980,상아프론테크,"SANG-A  FRONTEC CO., LTD.",KOSDAQ,00181299,222,고무·플라스틱,false,,,matched,ticker,15050,240635006850,20260907
042940,상지건설,"Sangji Construction, Inc.",KOSDAQ,00232007,411,종합 건설,false,,,matched,ticker,5980,40835697760,20260907
042600,새로닉스,"SERONICS. CO., LTD.",KOSDAQ,00147994,2629,전자부품·컴퓨터·통신장비,false,,,matched,ticker,11530,143243808220,20260907
107600,새빗켐,"Sebitchem Co., LTD",KOSDAQ,00862880,2049,화학물질·화학제품,false,,,matched,ticker,15150,85598318100,20260907
411080,샌즈랩,SANDS LAB Inc.,KOSDAQ,01242241,582,출판업,false,,,matched,ticker,4200,64124079600,20260907
252990,샘씨엔에스,"SEMCNS Co., Ltd.",KOSDAQ,01199727,2629,전자부품·컴퓨터·통신장비,false,,,matched,ticker,13020,784036914780,20260907
378800,샤페론,Shaperon Inc.,KOSDAQ,01387164,211,의료용 물질·의약품,false,,,matched,ticker,510,23583945810,20260907
294630,서남,"SuNAM Co., Ltd.",KOSDAQ,00867973,289,전기장비,false,,,matched,ticker,3050,80822495950,20260907
038070,서린바이오,"SeouLinBioscienceCO.,LTD.",KOSDAQ,00373447,467,도매·상품중개,false,,,matched,ticker,4245,39481369620,20260907
006730,서부T&D,"Seobu T&D Co.,Ltd",KOSDAQ,00130383,551,숙박업,false,,,matched,ticker,11080,712188306840,20260907
079650,서산,SeoSanCo.Ltd.,KOSDAQ,00130408,23322,비금속 광물제품,false,,,matched,ticker,6710,134200000000,20260907
100660,서암기계공업,"SEOAM MACHINERY INDUSTRY CO., LTD",KOSDAQ,00166528,29142,기타 기계·장비,false,,,matched,ticker,3140,39564000000,20260907
019770,서연탑메탈,"SEOYON TOPMETAL CO., LTD.",KOSDAQ,00153278,292,기타 기계·장비,false,,,matched,ticker,3330,38794500000,20260907
092190,서울바이오시스,"SEOUL VIOSYS CO., LTD.",KOSDAQ,00488402,2612,전자부품·컴퓨터·통신장비,false,,,matched,ticker,7970,365571012510,20260907
046890,서울반도체,"SEOUL SEMICONDUCTOR CO., LTD.",KOSDAQ,00130763,2612,전자부품·컴퓨터·통신장비,false,,,matched,ticker,9710,566145434000,20260907
063170,서울옥션,SeoulAuctionCo.Ltd..,KOSDAQ,00410915,461,도매·상품중개,false,,,matched,ticker,6090,108245286030,20260907
027040,서울전자통신,SEOUL ELECTRONICS & TELECOM,KOSDAQ,00130587,281,전기장비,false,,,matched,ticker,1788,24884970972,20260907
018680,서울제약,"SEOUL PHARMA CO.,LTD",KOSDAQ,00131018,2121,의료용 물질·의약품,false,,,matched,ticker,1971,22980517749,20260907
036120,서울평가정보,Seoul Information Service Inc.,KOSDAQ,00260745,63991,정보서비스업,false,,,matched,ticker,1708,60027660000,20260907
093920,서원인텍,"SEOWONINTECH.CO.,LTD",KOSDAQ,00445799,2642,전자부품·컴퓨터·통신장비,false,,,matched,ticker,4870,90582000000,20260907
189860,서전기전,"SEOJEON ELECTRIC MACHINERY Co.,Ltd.",KOSDAQ,00869272,28123,전기장비,false,,,matched,ticker,4430,42965595400,20260907
178320,서진시스템,"SEOJIN SYSTEM CO.,LTD",KOSDAQ,00838005,289,전기장비,false,,,matched,ticker,36600,2329616974200,20260907
122690,서진오토모티브,"Seojin Automotive Co.,Ltd.",KOSDAQ,00800145,303,자동차·트레일러,false,,,matched,ticker,1670,38542207220,20260907
140070,서플러스글로벌,"SurplusGLOBAL,Inc.",KOSDAQ,00599285,46539,도매·상품중개,false,,,matched,ticker,2050,75825400000,20260907
011370,서한,Seohan,KOSDAQ,00131504,41112,종합 건설,false,,,matched,ticker,3945,79606048485,20260907
065710,서호전기,"Seoho Electric Co.,Ltd.",KOSDAQ,00220622,28123,전기장비,false,,,matched,ticker,46200,237930000000,20260907
035890,서희건설,"SEOHEE CONSTRUCTION CO., LTD.",KOSDAQ,00219848,4112,종합 건설,false,,,matched,ticker,2365,490946887640,20260907
357550,석경에이티,"Sukgyung AT Co., Ltd.",KOSDAQ,00921916,20129,화학물질·화학제품,false,,,matched,ticker,33000,180015000000,20260907
003100,선광,"SUN KWANG Co.,Ltd",KOSDAQ,00131896,52942,창고·운송 관련,false,,,matched,ticker,21100,139260000000,20260907
067370,선바이오,"SunBio, Inc.",KOSDAQ,00407036,212,의료용 물질·의약품,false,,,matched,ticker,6280,76702921480,20260907
171090,선익시스템,"SUNIC SYSTEM Co., Ltd.",KOSDAQ,00327819,292,기타 기계·장비,false,,,matched,ticker,68600,694755143600,20260907
086710,선진뷰티사이언스,"SUNJIN BEAUTY SCIENCE CO., LTD.",KOSDAQ,00132202,20499,화학물질·화학제품,false,,,matched,ticker,7020,85667025600,20260907
014620,성광벤드,"SUNG KWANG BEND CO., LTD.",KOSDAQ,00132318,24133,1차 금속,false,,,matched,ticker,31300,831245493200,20260907
037350,성도이엔지,SUNGDO Engineering & Construction.,KOSDAQ,00216498,721,건축기술·엔지니어링,false,,,matched,ticker,7410,112706100000,20260907
458650,성우,"SUNGWOO CO., LTD",KOSDAQ,00319272,282,전기장비,false,,,matched,ticker,7760,116754399200,20260907
081580,성우전자,"SUNGWOOELECTRONICSCO.,LTD.",KOSDAQ,00364306,2642,전자부품·컴퓨터·통신장비,false,,,matched,ticker,2285,35436106755,20260907
045300,성우테크론,SUNGWOO TECHRON COMPANY,KOSDAQ,00350482,2629,전자부품·컴퓨터·통신장비,false,,,matched,ticker,2650,27949581800,20260907
015750,성우하이텍,"SUNGWOO HITECH CO., LTD",KOSDAQ,00132992,303,자동차·트레일러,false,,,matched,ticker,6090,487200000000,20260907
340930,성원에너텍,"SUNGWON ENER TECH CO., LTD.",KOSDAQ,01368637,29299,기타 기계·장비,false,,,matched,ticker,806,55513882710,20260907
365340,성일하이텍,"SungEel HiTech Co., Ltd.",KOSDAQ,01274329,201,화학물질·화학제품,false,,,matched,ticker,36300,469036474500,20260907
080470,성창오토텍,"SUNGCHANG AUTOTECH CO.,LTD.",KOSDAQ,00486370,303,자동차·트레일러,false,,,matched,ticker,2870,20951000000,20260907
043260,성호전자,SUNGHO ELECTRONICS CORP.,KOSDAQ,00317210,26291,전자부품·컴퓨터·통신장비,false,,,matched,ticker,15870,1165390470240,20260907
148150,세경하이테크,"Se Gyung Hi Tech Co., Ltd.",KOSDAQ,00913689,2629,전자부품·컴퓨터·통신장비,false,,,matched,ticker,4070,144659269260,20260907
061090,세나테크놀로지,"Sena Technologies Co., Ltd.",KOSDAQ,01010615,26429,전자부품·컴퓨터·통신장비,false,,,matched,ticker,39200,214327960000,20260907
188260,세니젠,"SANIGEN Co., Ltd.",KOSDAQ,01305869,339,기타 제품 제조,false,,,matched,ticker,2035,28289182130,20260907
053060,세동,SAE DONG CO. LTD,KOSDAQ,00133663,303,자동차·트레일러,false,,,matched,ticker,1248,22036458912,20260907
340440,세림B&G,"SERIM B&G Co.,Ltd",KOSDAQ,01416572,222,고무·플라스틱,false,,,matched,ticker,764,21681070096,20260907
017510,세명전기,SemyungElectricMachinery,KOSDAQ,00133751,2599,금속가공제품,false,,,matched,ticker,7260,110685960000,20260907
0017J0,세미티에스,,KOSDAQ,,,,false,,,not_matched,,2555,77035909755,20260907
490470,세미파이브,SemiFive Inc.,KOSDAQ,01627363,721,건축기술·엔지니어링,false,,,matched,ticker,14380,489285827200,20260907
011560,세보엠이씨,SEBO MANUFACTURING ENGINEERING CORPORATION,KOSDAQ,00133876,422,전문직별 공사,false,,,matched,ticker,26250,264727890000,20260907
100700,세운메디칼,"SEWOONMEDICAL CO,. LTD.",KOSDAQ,00362201,213,의료용 물질·의약품,false,,,matched,ticker,2445,107091000000,20260907
024830,세원물산,SewonCorporation,KOSDAQ,00173591,303,자동차·트레일러,false,,,matched,ticker,8430,70390500000,20260907
258830,세종메디칼,"SEJONG MEDICAL Co.Ltd.,",KOSDAQ,00959229,27199,의료·정밀·광학기기,false,,,matched,ticker,412,31223976612,20260907
036630,세종텔레콤,"Sejong Telecom, Inc.",KOSDAQ,00268002,423,전문직별 공사,false,,,matched,ticker,9090,127260000000,20260907
039310,세중,"SEJOONG CO., LTD.",KOSDAQ,00264671,582,출판업,false,,,matched,ticker,1364,24717953788,20260907
067770,세진티에스,"SEJIN T.S CO., LTD.",KOSDAQ,00406727,26211,전자부품·컴퓨터·통신장비,false,,,matched,ticker,2600,21831141800,20260907
053450,세코닉스,"SEKONIX CO., LTD.",KOSDAQ,00351630,273,의료·정밀·광학기기,false,,,matched,ticker,3090,45709761270,20260907
252500,세화피앤씨,SEWHA P&C INC.,KOSDAQ,01169267,204,화학물질·화학제품,false,,,matched,ticker,2285,18959280230,20260907
321370,센서뷰,"SENSORVIEW CO., LTD.",KOSDAQ,01593668,262,전자부품·컴퓨터·통신장비,false,,,matched,ticker,1116,78814432116,20260907
347000,센코,"SENKO Co.,Ltd.",KOSDAQ,01023318,27212,의료·정밀·광학기기,false,,,matched,ticker,1912,72294337552,20260907
331920,셀레믹스,"Celemics, Inc.",KOSDAQ,01114586,211,의료용 물질·의약품,false,,,matched,ticker,14260,159448974300,20260907
352770,셀레스트라,Celestra Inc.,KOSDAQ,01201970,213,의료용 물질·의약품,false,,,matched,ticker,5250,13610136750,20260907
471820,셀로맥스사이언스,"Cellromax Science Co., Ltd.",KOSDAQ,01448544,10897,식료품 제조,false,,,matched,ticker,4090,46228775110,20260907
049180,셀루메드,"CELLUMED CO., LTD.",KOSDAQ,00310156,211,의료용 물질·의약품,false,,,matched,ticker,1009,83975227728,20260907
299660,셀리드,"Cellid Co., Ltd.",KOSDAQ,01235296,701,연구개발업,false,,,matched,ticker,2385,70364600145,20260907
108860,셀바스AI,SELVAS AI Inc.,KOSDAQ,00666064,5822,출판업,false,,,matched,ticker,9170,246808624300,20260907
208370,셀바스헬스케어,"SELVAS Healthcare, Inc.",KOSDAQ,01047451,271,의료·정밀·광학기기,false,,,matched,ticker,2440,62806976160,20260907
318160,셀바이오휴먼텍,"Cell Bio Human Tech Co., Ltd",KOSDAQ,01288410,139,섬유제품 제조,false,,,matched,ticker,6330,59106457290,20260907
308430,셀비온,"Cellbion Co., Ltd",KOSDAQ,01275489,212,의료용 물질·의약품,false,,,matched,ticker,13060,168542578060,20260907
068760,셀트리온제약,Celltrion Pharm Inc.,KOSDAQ,00541349,212,의료용 물질·의약품,false,,,matched,ticker,40550,1800514562600,20260907
068940,셀피글로벌,"Cellfie Global Co.,Ltd.",KOSDAQ,00308896,26293,전자부품·컴퓨터·통신장비,false,,,matched,ticker,778,35720093048,20260907
007720,소노스퀘어,"SONO SQUARE CO.,LTD.",KOSDAQ,00104810,468,도매·상품중개,false,,,matched,ticker,1241,25018671690,20260907
950200,소마젠,"Psomagen, Inc.",KOSDAQ,01442115,73909,기타 과학기술 서비스,false,,,matched,ticker,3310,63671335430,20260907
032680,소프트센,"SOFTCEN CO., LTD.",KOSDAQ,00204226,639,정보서비스업,false,,,matched,ticker,902,20796404662,20260907
032685,소프트센우,"SOFTCEN CO., LTD. (preferred)",KOSDAQ,00204226,639,정보서비스업,true,032680,preferred_share,matched_via_parent,preferred_parent_ticker,8700,620849400,20260907
258790,소프트캠프,"SOFTCAMP Co., Ltd.",KOSDAQ,01182408,582,출판업,false,,,matched,ticker,5440,27190512640,20260907
066910,손오공,"SONOKONGCO.,LTD.",KOSDAQ,00306870,467,도매·상품중개,false,,,matched,ticker,1962,30188571984,20260907
215090,솔디펜스,"SolDefense Co., Ltd.",KOSDAQ,01063884,272,의료·정밀·광학기기,false,,,matched,ticker,1310,30333915910,20260907
035610,솔본,"SOLBORN, Inc.",KOSDAQ,00249982,715,전문서비스업,false,,,matched,ticker,4795,131124055615,20260907
357780,솔브레인,"Soulbrain Co., Ltd.",KOSDAQ,01489648,204,화학물질·화학제품,false,,,matched,ticker,340500,2648601723000,20260907
036830,솔브레인홀딩스,"Soulbrain Holdings Co., Ltd.",KOSDAQ,00247975,715,전문서비스업,false,,,matched,ticker,42450,870393993450,20260907
304100,솔트룩스,SALTLUX Inc,KOSDAQ,01050738,58222,출판업,false,,,matched,ticker,15290,192560042950,20260907
328380,솔트웨어,"Saltware Co., Ltd.",KOSDAQ,01390399,620,컴퓨터 프로그래밍·SI,false,,,matched,ticker,4025,27581533875,20260907
086980,쇼박스,SHOWBOX Corp.,KOSDAQ,00303794,59130,영상·오디오 제작,false,,,matched,ticker,1942,121254596000,20260907
050960,수산아이앤티,"SOOSAN INT Co., LTD.",KOSDAQ,00577016,582,출판업,false,,,matched,ticker,8750,59071250000,20260907
084180,수성웹툰,"Soosung Webtoon co., Ltd.",KOSDAQ,00243979,29169,기타 기계·장비,false,,,matched,ticker,513,9272107179,20260907
253840,수젠텍,"Sugentech, Inc.",KOSDAQ,01063954,213,의료용 물질·의약품,false,,,matched,ticker,4370,73167784000,20260907
298830,슈어소프트테크,Suresofttech Inc.,KOSDAQ,01012640,582,출판업,false,,,matched,ticker,4330,231475300670,20260907
236200,슈프리마,Suprema Inc.,KOSDAQ,01124653,26410,전자부품·컴퓨터·통신장비,false,,,matched,ticker,50900,354992429900,20260907
094840,슈프리마에이치큐,Suprema HQ Inc.,KOSDAQ,00599957,264,전자부품·컴퓨터·통신장비,false,,,matched,ticker,11960,117281063640,20260907
192440,슈피겐코리아,"Spigen Korea Co., Ltd",KOSDAQ,00917861,339,기타 제품 제조,false,,,matched,ticker,30350,188666617050,20260907
424960,스마트레이더시스템,"Smart Radar System, Inc.",KOSDAQ,01555215,272,의료·정밀·광학기기,false,,,matched,ticker,3805,62725843550,20260907
099440,스맥,"SMEC CO.,LTD",KOSDAQ,00580056,29221,기타 기계·장비,false,,,matched,ticker,3860,263419500840,20260907
066590,스모트로닉,"SMOTRONIC CO., LTD.",KOSDAQ,00301422,303,자동차·트레일러,false,,,matched,ticker,2395,92633659115,20260907
386380,스카이랩스,,KOSDAQ,,,,false,,,not_matched,,30550,573178397350,20260907
276040,스코넥,"SKONEC ENTERTAINMENT Co., Ltd.",KOSDAQ,01290248,5821,출판업,false,,,matched,ticker,327,7073119545,20260907
115570,스타플렉스,"STARFLEX CO., LTD",KOSDAQ,00405959,2221,고무·플라스틱,false,,,matched,ticker,2620,20919410960,20260907
330730,스톤브릿지벤처스,Stonebridge Ventures Inc.,KOSDAQ,01305249,649,금융업,false,,,matched,ticker,4750,86534692500,20260907
352090,스톰테크,"Stormtec Co.,Ltd",KOSDAQ,01226270,22211,고무·플라스틱,false,,,matched,ticker,3710,99698822580,20260907
253450,스튜디오드래곤,Studio Dragon Corporation,KOSDAQ,01168684,59114,영상·오디오 제작,false,,,matched,ticker,21700,652269406600,20260907
408900,스튜디오미르,"Studio Mir Co., LTD.",KOSDAQ,01139965,59112,영상·오디오 제작,false,,,matched,ticker,1119,36650527551,20260907
415380,스튜디오삼익,"Studio Samick Co.,Ltd.",KOSDAQ,01540815,47520,소매업,false,,,matched,ticker,2035,23286454125,20260907
475040,스트라드비젼,"StradVision, Inc.",KOSDAQ,01370517,582,출판업,false,,,matched,ticker,2810,151249154820,20260907
013810,스페코,Speco,KOSDAQ,00136165,29229,기타 기계·장비,false,,,matched,ticker,1572,23038398840,20260907
347700,스피어,Sphere Corp.,KOSDAQ,01336762,58222,출판업,false,,,matched,ticker,19060,982568959720,20260907
049830,승일,SEUNG IL Corporation,KOSDAQ,00135467,259,금속가공제품,false,,,matched,ticker,6370,39061553440,20260907
020710,시공테크,"SIGONG TECH Co.,Ltd.",KOSDAQ,00170026,732,기타 과학기술 서비스,false,,,matched,ticker,3700,74177489000,20260907
033170,시그네틱스,Signetics Corp.,KOSDAQ,00158219,2612,전자부품·컴퓨터·통신장비,false,,,matched,ticker,1813,31085087019,20260907
048870,시너지이노베이션,"Synergy Innovation Co., Ltd.",KOSDAQ,00475985,271,의료·정밀·광학기기,false,,,matched,ticker,1577,138944680651,20260907
025320,시노펙스,Synopex Inc.,KOSDAQ,00203023,2629,전자부품·컴퓨터·통신장비,false,,,matched,ticker,3885,358205558655,20260907
340810,시선AI,"SECERN AI Co., Ltd.",KOSDAQ,01315042,58221,출판업,false,,,matched,ticker,4100,57192876200,20260907
056090,시지메드텍,"CG MedTech Co.,Ltd.",KOSDAQ,00346610,27192,의료·정밀·광학기기,false,,,matched,ticker,1183,122155439588,20260907
429270,시지트로닉스,"Sigetronics, Inc.",KOSDAQ,01284751,26129,전자부품·컴퓨터·통신장비,false,,,matched,ticker,3085,19895877635,20260907
418250,시큐레터,"SecuLetter Co., Ltd.",KOSDAQ,01579570,58221,출판업,false,,,matched,ticker,6550,47629012750,20260907
131090,시큐브,"SECUVE Co., Ltd.",KOSDAQ,00402110,58221,출판업,false,,,matched,ticker,4225,32355983725,20260907
290520,신도기연,"Shindo Eng. Lab., Ltd.",KOSDAQ,00961570,29272,기타 기계·장비,false,,,matched,ticker,1552,24422526528,20260907
001000,신라섬유,SillaTextile,KOSDAQ,00135999,681,부동산업,false,,,matched,ticker,462,11216223480,20260907
025870,신라에스지,"SILLA SG CO., LTD.",KOSDAQ,00136004,463,도매·상품중개,false,,,matched,ticker,1495,5980000000,20260907
215600,신라젠,"SillaJen, Inc.",KOSDAQ,00919966,70113,연구개발업,false,,,matched,ticker,2390,331143017960,20260907
065350,신성델타테크,"SHINSUNG DELTA TECH CO., LTD",KOSDAQ,00136226,28519,전기장비,false,,,matched,ticker,30850,847879795800,20260907
416180,신성에스티,"Shinsung ST Co., Ltd.",KOSDAQ,00761183,30399,자동차·트레일러,false,,,matched,ticker,25100,226898427800,20260907
162300,신스틸,"SHIN STEEL CO.,LTD.",KOSDAQ,00958664,241,1차 금속,false,,,matched,ticker,2125,88126686750,20260907
002800,신신제약,"SINSIN PHARMACEUTICAL Co., LTD.",KOSDAQ,00136448,212,의료용 물질·의약품,false,,,matched,ticker,4630,70239415000,20260907
472220,신영스팩10호,Shinyoung HappyTomorrow No.10 Special Purpose Acquisition Company,KOSDAQ,01796858,66199,금융·보험 관련 서비스,false,,,matched,ticker,2110,9895900000,20260907
0091W0,신영스팩11호,,KOSDAQ,,,,false,,spac,not_matched,,2015,12227020000,20260907
017000,신원종합개발,ShinwonConstruction,KOSDAQ,00136925,41112,종합 건설,false,,,matched,ticker,2455,28645006285,20260907
012790,신일제약,"SHINIL PHARMACEUTICAL CO., LTD.",KOSDAQ,00137058,212,의료용 물질·의약품,false,,,matched,ticker,6020,72158218300,20260907
138070,신진에스엠,"SINJIN SM CO.,LTD.",KOSDAQ,00577380,259,금속가공제품,false,,,matched,ticker,1510,26429838040,20260907
226330,신테카바이오,"SyntekaBio,Inc.",KOSDAQ,01344336,582,출판업,false,,,matched,ticker,1299,31511759025,20260907
474660,신한제12호스팩,Shinhan 12th Special Purpose Acquisition Company,KOSDAQ,01809569,66199,금융·보험 관련 서비스,false,,,matched,ticker,2090,11536800000,20260907
474930,신한제13호스팩,Shinhan 13th Special Purpose Acquisition Company,KOSDAQ,01807747,661,금융·보험 관련 서비스,false,,,matched,ticker,2100,7602000000,20260907
487360,신한제14호스팩,Shinhan 14th Special Purpose Acquisition Company,KOSDAQ,01853214,66199,금융·보험 관련 서비스,false,,,matched,ticker,2030,11449200000,20260907
487830,신한제15호스팩,Shinhan 15th Special Purpose Acquisition Company,KOSDAQ,01854408,661,금융·보험 관련 서비스,false,,,matched,ticker,2050,8917500000,20260907
496070,신한제16호스팩,Shinhan 16th Special Purpose Acquisition Company,KOSDAQ,01875146,661,금융·보험 관련 서비스,false,,,matched,ticker,2010,11296200000,20260907
0130D0,신한제17호스팩,,KOSDAQ,,,,false,,spac,not_matched,,1976,10551840000,20260907
0129K0,신한제18호스팩,,KOSDAQ,,,,false,,spac,not_matched,,1972,11082640000,20260907
056700,신화인터텍,SHINWHA INTERTEK CORP.,KOSDAQ,00228350,2229,고무·플라스틱,false,,,matched,ticker,1425,41517504675,20260907
187270,신화콘텍,"Shin Hwa Contech Co.,Ltd.",KOSDAQ,00925189,2812,전기장비,false,,,matched,ticker,3155,32003830975,20260907
095190,신화프리텍,"SHINHWAPRITECH CO., LTD.",KOSDAQ,00526951,259,금속가공제품,false,,,matched,ticker,1844,120340291928,20260907
243840,신흥에스이씨,"SHIN HEUNG ENERGY & ELECTRONICS CO., LTD.",KOSDAQ,00807379,28202,전기장비,false,,,matched,ticker,5680,219010774800,20260907
257720,실리콘투,"SILICON 2 Co.,Ltd.",KOSDAQ,00982023,46800,도매·상품중개,false,,,matched,ticker,47150,3091920281800,20260907
222800,심텍,"SIMMTECH Co., Ltd.",KOSDAQ,01095722,2622,전자부품·컴퓨터·통신장비,false,,,matched,ticker,119800,4549312514400,20260907
036710,심텍홀딩스,"SIMMTECH HOLDINGS Co., Ltd.",KOSDAQ,00152127,715,전문서비스업,false,,,matched,ticker,4060,214480681240,20260907
444530,심플랫폼,"Simplatform Co., Ltd.",KOSDAQ,01590980,58222,출판업,false,,,matched,ticker,4490,28878719140,20260907
234030,싸이닉솔루션,"SYNIC SOLUTION CO., LTD.",KOSDAQ,00874168,26112,전자부품·컴퓨터·통신장비,false,,,matched,ticker,2960,69870800000,20260907
160980,싸이맥스,CYMECHS Inc.,KOSDAQ,00659161,29271,기타 기계·장비,false,,,matched,ticker,23050,251803801150,20260907
356890,싸이버원,"CyberOne Co., Ltd.",KOSDAQ,01293953,582,출판업,false,,,matched,ticker,2370,28330565250,20260907
217330,싸이토젠,"Cytogen, Inc.",KOSDAQ,01046391,70113,연구개발업,false,,,matched,ticker,3055,70660766085,20260907
208640,썸에이지,"Thumbage Co., Ltd.",KOSDAQ,01049422,582,출판업,false,,,matched,ticker,703,9788589575,20260907
222420,쎄노텍,"CENOTEC Co., Ltd",KOSDAQ,01091054,23993,비금속 광물제품,false,,,matched,ticker,834,40381048182,20260907
037760,쎄니트,"CENIT CO., LTD",KOSDAQ,00239596,24122,1차 금속,false,,,matched,ticker,2400,81199010400,20260907
081180,쎄크,"SEC co.,ltd.",KOSDAQ,00406222,291,기타 기계·장비,false,,,matched,ticker,5200,45892782000,20260907
099320,쎄트렉아이,"SatrecInitiativeCo.,Ltd.",KOSDAQ,00449254,3131,기타 운송장비,false,,,matched,ticker,69800,764399204400,20260907
049960,쎌바이오텍,"CELL BIOTECH CO ., LTD",KOSDAQ,00357430,211,의료용 물질·의약품,false,,,matched,ticker,15740,147956000000,20260907
088280,쏘닉스,SAWNICS INC.,KOSDAQ,00561723,26129,전자부품·컴퓨터·통신장비,false,,,matched,ticker,2405,41622108450,20260907
050890,쏠리드,"Solid, Inc.",KOSDAQ,00364403,2642,전자부품·컴퓨터·통신장비,false,,,matched,ticker,8400,510354885600,20260907
394800,쓰리빌리언,3billion Inc.,KOSDAQ,01506617,701,연구개발업,false,,,matched,ticker,4890,155612284170,20260907
177900,쓰리에이로직스,3ALogics. Inc.,KOSDAQ,00870065,2611,전자부품·컴퓨터·통신장비,false,,,matched,ticker,3815,36729294000,20260907
475400,씨메스로보틱스,CMES Robotics Inc.,KOSDAQ,01588189,29299,기타 기계·장비,false,,,matched,ticker,17800,210162713200,20260907
109670,씨싸이트,"C-SITE Co., Ltd.",KOSDAQ,00492706,14199,의복 제조,false,,,matched,ticker,5130,29941768260,20260907
066790,씨씨에스,"KOREA CABLE T.V CHUNG-BUK SYSTEM CO., LTD.",KOSDAQ,00249441,60222,방송업,false,,,matched,ticker,2205,97355245995,20260907
352480,씨앤씨인터내셔널,"C&C International Co.,Ltd.",KOSDAQ,01226410,20423,화학물질·화학제품,false,,,matched,ticker,21800,297131841800,20260907
264660,씨앤지하이테크,"C&G Hi Tech Co., Ltd",KOSDAQ,00605328,29271,기타 기계·장비,false,,,matched,ticker,13050,126861294600,20260907
352700,씨앤투스,"CNTUS Co., Ltd",KOSDAQ,00875237,205,화학물질·화학제품,false,,,matched,ticker,1473,38705872227,20260907
458870,씨어스,"SEERS Co., Ltd.",KOSDAQ,01514227,27199,의료·정밀·광학기기,false,,,matched,ticker,22450,860853376900,20260907
297090,씨에스베어링,"CS BEARING Co., Ltd.",KOSDAQ,00765462,29141,기타 기계·장비,false,,,matched,ticker,4130,112625100000,20260907
900120,씨엑스아이,CXI Healthcare Technology Group Limited,KOSDAQ,00800084,64992,금융업,false,,,matched,ticker,1040,17336446400,20260907
359090,씨엔알리서치,C&R Research Inc.,KOSDAQ,01487446,739,기타 과학기술 서비스,false,,,matched,ticker,1981,22769897283,20260907
115530,씨엔플러스,"CNPLUS Co., Ltd.",KOSDAQ,00660033,262,전자부품·컴퓨터·통신장비,false,,,matched,ticker,2920,25059600600,20260907
388210,씨엠티엑스,"CMTX Co.,Ltd.",KOSDAQ,01529982,26299,전자부품·컴퓨터·통신장비,false,,,matched,ticker,75100,725048293800,20260907
115480,씨유메디칼,CU MEDICAL SYSTEMS Inc.,KOSDAQ,00681249,27112,의료·정밀·광학기기,false,,,matched,ticker,2450,29706031950,20260907
376290,씨유테크,CU TECH CORPORATION,KOSDAQ,00575106,26224,전자부품·컴퓨터·통신장비,false,,,matched,ticker,2810,49617575000,20260907
189330,씨이랩,"XIIlab Co., Ltd",KOSDAQ,00991298,582,출판업,false,,,matched,ticker,11560,108459203040,20260907
096530,씨젠,"SEEGENE, INC.",KOSDAQ,00788773,2130,의료용 물질·의약품,false,,,matched,ticker,31400,1639896211600,20260907
101240,씨큐브,"CQV Co., Ltd.",KOSDAQ,00520610,20131,화학물질·화학제품,false,,,matched,ticker,3550,40317534600,20260907
060590,씨티씨바이오,"CTC BIO, INC.",KOSDAQ,00362292,212,의료용 물질·의약품,false,,,matched,ticker,3130,75686592600,20260907
260930,씨티케이,"CTK Co., Ltd",KOSDAQ,01144028,20423,화학물질·화학제품,false,,,matched,ticker,2435,47096774085,20260907
413630,씨피시스템,"CP SYSTEM CO.,LTD",KOSDAQ,01601222,222,고무·플라스틱,false,,,matched,ticker,4080,148661348400,20260907
013990,아가방컴퍼니,AGABANG&COMPANY,KOSDAQ,00138446,46414,도매·상품중개,false,,,matched,ticker,4730,155558045280,20260907
175140,아고스,"AGOS Co., Ltd.",KOSDAQ,00861997,264,전자부품·컴퓨터·통신장비,false,,,matched,ticker,2460,61362862380,20260907
123860,아나패스,"Anapass, Inc.",KOSDAQ,00761952,2611,전자부품·컴퓨터·통신장비,false,,,matched,ticker,13520,163908570800,20260907
025980,아난티,Ananti Inc.,KOSDAQ,00161781,551,숙박업,false,,,matched,ticker,5470,532236415300,20260907
0015N0,아로마티카,,KOSDAQ,,,,false,,,not_matched,,9220,115959220840,20260907
261780,아리바이오랩,ARIBIOLAB,KOSDAQ,01141599,70113,연구개발업,false,,,matched,ticker,2900,83972330400,20260907
290690,아리바이오홀딩스,ARIBIO Holdings Inc.,KOSDAQ,00605522,28422,전기장비,false,,,matched,ticker,4205,222694390535,20260907
125210,아모그린텍,"AMOGREENTECH Co., Ltd.",KOSDAQ,00611912,2629,전자부품·컴퓨터·통신장비,false,,,matched,ticker,5560,91722152400,20260907
357580,아모센스,"Amosense Co., Ltd.",KOSDAQ,01012987,262,전자부품·컴퓨터·통신장비,false,,,matched,ticker,5150,60717274300,20260907
052710,아모텍,"Amotech Co., Ltd.",KOSDAQ,00298447,2629,전자부품·컴퓨터·통신장비,false,,,matched,ticker,11200,209224960000,20260907
074430,아미노로직스,"AMINOLOGICS CO.,LTD.",KOSDAQ,00466428,211,의료용 물질·의약품,false,,,matched,ticker,1124,99069721928,20260907
092040,아미코젠,"Amicogen, Inc.",KOSDAQ,00545734,108,식료품 제조,false,,,matched,ticker,1019,71997839353,20260907
083930,아바코,"AVACOCO.,LTD.",KOSDAQ,00442145,29272,기타 기계·장비,false,,,matched,ticker,11540,169375453460,20260907
149950,아바텍,"AVATEC CO.,LTD.",KOSDAQ,00442048,26211,전자부품·컴퓨터·통신장비,false,,,matched,ticker,8980,122735972940,20260907
036010,아비코전자,"ABCO ELECTRONICS CO., LTD.",KOSDAQ,00138598,26293,전자부품·컴퓨터·통신장비,false,,,matched,ticker,7250,96373771500,20260907
050860,아세아텍,"ASIA TECHNOLOGY Co., Ltd.",KOSDAQ,00138747,29210,기타 기계·장비,false,,,matched,ticker,1713,38542500000,20260907
136410,아셈스,ASSEMS INC.,KOSDAQ,00922304,22212,고무·플라스틱,false,,,matched,ticker,3985,43911137410,20260907
246720,아스타,"ASTA Co., Ltd.",KOSDAQ,01157235,213,의료용 물질·의약품,false,,,matched,ticker,6070,99434491000,20260907
450950,아스테라시스,"ASTERASYS Co., Ltd.",KOSDAQ,01590528,27112,의료·정밀·광학기기,false,,,matched,ticker,5270,198297409840,20260907
067390,아스트,"AeroSpace Technology of Korea, Inc.",KOSDAQ,00409681,31322,기타 운송장비,false,,,matched,ticker,5280,222371196960,20260907
159010,아스플로,"ASFLOW CO.,LTD.",KOSDAQ,00561732,29133,기타 기계·장비,false,,,matched,ticker,24100,321367209900,20260907
127710,아시아경제,"The Asia Business Daily Co., Ltd.",KOSDAQ,00665676,63120,정보서비스업,false,,,matched,ticker,1003,44181357630,20260907
154030,아시아종묘,"ASIA SEED Co.,Ltd.",KOSDAQ,00867478,011,농업,false,,,matched,ticker,1690,20384555230,20260907
227610,아우딘퓨쳐스,"Outin Futures Co., Ltd.",KOSDAQ,01080687,20423,화학물질·화학제품,false,,,matched,ticker,1070,20730790970,20260907
331740,아우토크립트,"Autocrypt Co., Ltd.",KOSDAQ,01649620,58222,출판업,false,,,matched,ticker,6610,64454050510,20260907
143160,아이디스,"INTELLIGENT DIGITAL INTEGRATED SECURITY CO., LTD.",KOSDAQ,00883980,26429,전자부품·컴퓨터·통신장비,false,,,matched,ticker,16120,172748206800,20260907
054800,아이디스홀딩스,"IDIS Holdings Co., Ltd",KOSDAQ,00359580,71600,전문서비스업,false,,,matched,ticker,15100,156251115600,20260907
332370,아이디피,"IDP Corp., Ltd.",KOSDAQ,01213586,26329,전자부품·컴퓨터·통신장비,false,,,matched,ticker,5370,71279908620,20260907
066430,아이로보틱스,"I-ROBOTICS,Co.,Ltd.",KOSDAQ,00370200,467,도매·상품중개,false,,,matched,ticker,2085,81634997460,20260907
339950,아이비김영,"IBKIMYOUNG CO.,LTD.",KOSDAQ,01414422,85503,교육서비스업,false,,,matched,ticker,2510,112816104050,20260907
469750,아이비젼웍스,"IVISIONWORKS CO.,LTD.",KOSDAQ,01516766,292,기타 기계·장비,false,,,matched,ticker,979,33732894899,20260907
460470,아이빔테크놀로지,"IVIM Technology, Inc.",KOSDAQ,01678312,27309,의료·정밀·광학기기,false,,,matched,ticker,2810,42485429700,20260907
099190,아이센스,"i-SENS, Inc.",KOSDAQ,00550994,27112,의료·정밀·광학기기,false,,,matched,ticker,16480,473920452320,20260907
461300,아이스크림미디어,"i-Scream Media CO., LTD.",KOSDAQ,00657224,582,출판업,false,,,matched,ticker,19000,253344727000,20260907
289010,아이스크림에듀,"i-Scream Edu Co., Ltd.",KOSDAQ,00983934,58190,출판업,false,,,matched,ticker,974,13582679344,20260907
214430,아이쓰리시스템,i3system Inc.,KOSDAQ,00612489,2629,전자부품·컴퓨터·통신장비,false,,,matched,ticker,59700,436240735500,20260907
040910,아이씨디,"ICD Co.,Ltd",KOSDAQ,00298377,29271,기타 기계·장비,false,,,matched,ticker,4435,80602909625,20260907
368600,아이씨에이치,"ICH Co., Ltd.",KOSDAQ,01302853,262,전자부품·컴퓨터·통신장비,false,,,matched,ticker,994,25640642510,20260907
456010,아이씨티케이,"ICTK Co., Ltd.",KOSDAQ,01373709,261,전자부품·컴퓨터·통신장비,false,,,matched,ticker,15000,217535250000,20260907
052860,아이앤씨,"I&C Technology Co., Ltd.",KOSDAQ,00365758,2611,전자부품·컴퓨터·통신장비,false,,,matched,ticker,6970,124531972380,20260907
464500,아이언디바이스,Iron Device Corp.,KOSDAQ,01706794,26112,전자부품·컴퓨터·통신장비,false,,,matched,ticker,1733,24250324779,20260907
212710,아이에스티이,"ISTE Co.,Ltd.",KOSDAQ,01208751,261,전자부품·컴퓨터·통신장비,false,,,matched,ticker,7200,69947841600,20260907
038880,아이에이,"iA, Inc.",KOSDAQ,00252269,262,전자부품·컴퓨터·통신장비,false,,,matched,ticker,3335,25060600705,20260907
307180,아이엘,"IL CO.,LTD.",KOSDAQ,01326279,284,전기장비,false,,,matched,ticker,5720,211157666720,20260907
493280,아이엠바이오로직스,IMBiologics Corp.,KOSDAQ,01859500,701,연구개발업,false,,,matched,ticker,14550,215871787950,20260907
461030,아이엠비디엑스,"IMBdx, Inc.",KOSDAQ,01497373,701,연구개발업,false,,,matched,ticker,2845,40781700865,20260907
451220,아이엠티,"IMT Co., Ltd.",KOSDAQ,01546101,29299,기타 기계·장비,false,,,matched,ticker,8020,63154380220,20260907
078860,아이오케이이엔엠,"IOKENM CO.,LTD.",KOSDAQ,00543204,591,영상·오디오 제작,false,,,matched,ticker,2685,16585749780,20260907
090150,아이윈,"iWIN CO.,LTD",KOSDAQ,00365624,303,자동차·트레일러,false,,,matched,ticker,6190,25920804510,20260907
031310,아이즈비전,EYESVISION CORPORATION,KOSDAQ,00200910,612,통신업,false,,,matched,ticker,1001,29776397651,20260907
462980,아이지넷,Aiji net Inc.,KOSDAQ,01728167,63991,정보서비스업,false,,,matched,ticker,1570,28628066090,20260907
185490,아이진,"EyeGene,Inc",KOSDAQ,00945457,70113,연구개발업,false,,,matched,ticker,2020,87324163680,20260907
059100,아이컴포넌트,"i-Components Co., Ltd",KOSDAQ,00407285,26211,전자부품·컴퓨터·통신장비,false,,,matched,ticker,6640,46950510400,20260907
262840,아이퀘스트,"IQUEST Co., Ltd.",KOSDAQ,01146822,58222,출판업,false,,,matched,ticker,2740,28953448480,20260907
175250,아이큐어,Icure Pharmaceutical Incorporation,KOSDAQ,00554352,204,화학물질·화학제품,false,,,matched,ticker,1920,72112066560,20260907
052460,아이크래프트,"iCRAFTCo.,Ltd.",KOSDAQ,00405719,620,컴퓨터 프로그래밍·SI,false,,,matched,ticker,4785,69898973760,20260907
119830,아이텍,"ITEK, Inc.",KOSDAQ,00626011,739,기타 과학기술 서비스,false,,,matched,ticker,6080,161354298880,20260907
052770,아이톡시,ITOXI Corp.,KOSDAQ,00346911,582,출판업,false,,,matched,ticker,312,4545457488,20260907
124500,아이티센글로벌,"ITCENGLOBAL CO.,LTD.",KOSDAQ,00620868,62021,컴퓨터 프로그래밍·SI,false,,,matched,ticker,34100,791274370700,20260907
010280,아이티센엔텍,"ITCENENTEC CO.,LTD.",KOSDAQ,00138303,62021,컴퓨터 프로그래밍·SI,false,,,matched,ticker,5460,71115173220,20260907
232830,아이티센피엔에스,"ITCENPNS CO.,LTD.",KOSDAQ,01113499,58221,출판업,false,,,matched,ticker,1882,31116472332,20260907
372800,아이티아이즈,ITEYES Inc.,KOSDAQ,01429840,58221,출판업,false,,,matched,ticker,2980,20970823220,20260907
084850,아이티엠반도체,"ITM Semiconductor Co., Ltd",KOSDAQ,00579980,2629,전자부품·컴퓨터·통신장비,false,,,matched,ticker,8360,189629328240,20260907
309710,아이티켐,"IT-CHEM Co., Ltd.",KOSDAQ,00914341,21100,의료용 물질·의약품,false,,,matched,ticker,21000,268443021000,20260907
114840,아이패밀리에스씨,"iFamilySC Co,. Ltd.",KOSDAQ,00692254,204,화학물질·화학제품,false,,,matched,ticker,9150,152634672750,20260907
027360,아주IB투자,"AJU IB INVESTMENT CO., LTD.",KOSDAQ,00156895,649,금융업,false,,,matched,ticker,3150,381608028900,20260907
032080,아즈텍WB,AZTECH WB CO. LTD,KOSDAQ,00201131,13402,섬유제품 제조,false,,,matched,ticker,1097,23575658813,20260907
013310,아진산업,"A-JIN INDUSTRY CO.,LTD",KOSDAQ,00139083,303,자동차·트레일러,false,,,matched,ticker,2365,91777566430,20260907
059120,아진엑스텍,"AJINEXTEK Co., Ltd.",KOSDAQ,00404288,2611,전자부품·컴퓨터·통신장비,false,,,matched,ticker,7120,130367669920,20260907
0007C0,아크릴,,KOSDAQ,,,,false,,,not_matched,,16110,129368519640,20260907
158430,아톤,ATON Inc.,KOSDAQ,00595182,58221,출판업,false,,,matched,ticker,4640,113596906880,20260907
297570,아틀라스링크,ATLAS LINK Inc.,KOSDAQ,01309795,264,전자부품·컴퓨터·통신장비,false,,,matched,ticker,869,30085838442,20260907
200350,아티스트스튜디오,Artist Studio Inc.,KOSDAQ,00990819,591,영상·오디오 제작,false,,,matched,ticker,2465,24640201625,20260907
321820,아티스트컴퍼니,Artist Company Inc.,KOSDAQ,01116502,901,창작·예술·여가,false,,,matched,ticker,2605,40615534480,20260907
001540,안국약품,"AHN-GOOK PHARMACEUTICAL Co., Ltd.",KOSDAQ,00139205,212,의료용 물질·의약품,false,,,matched,ticker,10480,136684561600,20260907
053800,안랩,"AHNLAB,INC.",KOSDAQ,00298270,58221,출판업,false,,,matched,ticker,57100,635323492600,20260907
065660,안트로젠,"ANTEROGEN CO., LTD.",KOSDAQ,00631837,467,도매·상품중개,false,,,matched,ticker,15340,153493574000,20260907
260660,알리코제약,"KOREA ARLICO PHARM CO.,LTD.",KOSDAQ,00447007,213,의료용 물질·의약품,false,,,matched,ticker,2590,39696984390,20260907
354320,알멕,"ALMAC  CO., Ltd",KOSDAQ,00229030,24222,1차 금속,false,,,matched,ticker,37550,239996356550,20260907
361570,알비더블유,RBW Inc.,KOSDAQ,01303029,59201,영상·오디오 제작,false,,,matched,ticker,1565,44983250415,20260907
131370,알서포트,"RSUPPORT Co., Ltd.",KOSDAQ,00838962,58222,출판업,false,,,matched,ticker,1521,81019233243,20260907
140670,알에스오토메이션,"RS AUTOMATION CO.,LTD.",KOSDAQ,00858124,262,전자부품·컴퓨터·통신장비,false,,,matched,ticker,10410,133662734400,20260907
061040,알에프텍,"RFTECH CO., LTD",KOSDAQ,00309831,2642,전자부품·컴퓨터·통신장비,false,,,matched,ticker,7660,69309388180,20260907
148250,알엔투테크놀로지,"RN2 Technologies Co., Ltd.",KOSDAQ,00915508,262,전자부품·컴퓨터·통신장비,false,,,matched,ticker,1798,24472045792,20260907
476830,알지노믹스,Rznomics Inc.,KOSDAQ,01596920,70113,연구개발업,false,,,matched,ticker,28650,803788241400,20260907
347860,알체라,Alchera Inc.,KOSDAQ,01405451,58222,출판업,false,,,matched,ticker,1300,54799741100,20260907
196170,알테오젠,Alteogen Inc.,KOSDAQ,00989619,70113,연구개발업,false,,,matched,ticker,286000,19921368038000,20260907
123750,알톤,"Alton Co.,Ltd.",KOSDAQ,00821607,31991,기타 운송장비,false,,,matched,ticker,1729,23893498811,20260907
459550,알트,"ALT  Co., Ltd.",KOSDAQ,01466373,264,전자부품·컴퓨터·통신장비,false,,,matched,ticker,2655,66961120455,20260907
085810,알티캐스트,Alticast Corporation,KOSDAQ,00364254,58222,출판업,false,,,matched,ticker,1490,21064059970,20260907
043100,알파AI,"Alpha AI Co.,Ltd.",KOSDAQ,00220109,27192,의료·정밀·광학기기,false,,,matched,ticker,520,10457241600,20260907
117670,알파칩스,"Alphachips, Inc.",KOSDAQ,00605124,2611,전자부품·컴퓨터·통신장비,false,,,matched,ticker,8060,53693640520,20260907
314140,알피바이오,RPbio Inc.,KOSDAQ,01182259,212,의료용 물질·의약품,false,,,matched,ticker,6190,53644774590,20260907
293780,압타바이오,Aptabio Therapeutics Inc.,KOSDAQ,01251595,70113,연구개발업,false,,,matched,ticker,6400,179797792000,20260907
310200,애니플러스,ANIPLUS INC.,KOSDAQ,01335578,591,영상·오디오 제작,false,,,matched,ticker,2020,105368928720,20260907
179530,애드바이오텍,"ADBIOTECH Co.,Ltd.",KOSDAQ,01022902,21230,의료용 물질·의약품,false,,,matched,ticker,2515,68199866145,20260907
397810,애드포러스,"ADforus Co., Ltd.",KOSDAQ,01551042,713,전문서비스업,false,,,matched,ticker,6560,33854651200,20260907
0011A0,액스비스,,KOSDAQ,,,,false,,,not_matched,,8550,79803477000,20260907
052790,액토즈소프트,"ACTOZ SOFT CO., LTD.",KOSDAQ,00348034,5821,출판업,false,,,matched,ticker,4080,44572151760,20260907
290740,액트로,"ACTRO CO.,Ltd",KOSDAQ,01141942,262,전자부품·컴퓨터·통신장비,false,,,matched,ticker,11330,114036574630,20260907
238090,앤디포스,"NDFOS CO., LTD.",KOSDAQ,00942131,222,고무·플라스틱,false,,,matched,ticker,1736,52931403840,20260907
138360,앤로보틱스,"NRobotics Co., Ltd.",KOSDAQ,00808068,292,기타 기계·장비,false,,,matched,ticker,1717,151051244678,20260907
092600,앤씨앤,"NC& Co., Ltd.",KOSDAQ,00537337,2611,전자부품·컴퓨터·통신장비,false,,,matched,ticker,1901,9536752403,20260907
129890,앱코,"ABKO CO., LTD.",KOSDAQ,01207716,26329,전자부품·컴퓨터·통신장비,false,,,matched,ticker,1007,45864421214,20260907
174900,앱클론,AbClon Inc.,KOSDAQ,00991191,213,의료용 물질·의약품,false,,,matched,ticker,21850,435954018650,20260907
109960,앱토크롬,APTOCROM Inc.,KOSDAQ,00653194,467,도매·상품중개,false,,,matched,ticker,1867,28251879011,20260907
270520,앱튼,APTN Inc.,KOSDAQ,01228515,721,건축기술·엔지니어링,false,,,matched,ticker,2935,67971412590,20260907
255440,야스,"YAS Co., Ltd",KOSDAQ,00875307,29272,기타 기계·장비,false,,,matched,ticker,7170,93625860000,20260907
030960,양지사,Yangjisa,KOSDAQ,00139685,1811,인쇄·기록매체,false,,,matched,ticker,4800,76704000000,20260907
102120,어보브반도체,"ABOV Semiconductor Co.,Ltd.",KOSDAQ,00591441,2612,전자부품·컴퓨터·통신장비,false,,,matched,ticker,6890,122509388170,20260907
238120,얼라인드,"Aligned Genetics, Inc.",KOSDAQ,01073678,273,의료·정밀·광학기기,false,,,matched,ticker,2845,40450989530,20260907
019990,에너토크,ENERTORK LTD.,KOSDAQ,00169215,29133,기타 기계·장비,false,,,matched,ticker,4865,47463368120,20260907
435570,에르코스,"ERCOHS Agricultural Corporation Co., Ltd.",KOSDAQ,01253636,107,식료품 제조,false,,,matched,ticker,7120,54232918960,20260907
270660,에브리봇,EVERYBOT Inc.,KOSDAQ,01201590,28519,전기장비,false,,,matched,ticker,14150,179571749450,20260907
038680,에스넷,S NET SYSTEMS.INC,KOSDAQ,00264635,62021,컴퓨터 프로그래밍·SI,false,,,matched,ticker,3820,76066292440,20260907
217480,에스디생명공학,"SD BIOTECHNOLOGIES CO., LTD.",KOSDAQ,01099667,20423,화학물질·화학제품,false,,,matched,ticker,499,54756837359,20260907
121890,에스디시스템,"SD system  Co., Ltd",KOSDAQ,00604815,2629,전자부품·컴퓨터·통신장비,false,,,matched,ticker,2850,37880621100,20260907
304360,에스바이오메딕스,"S.Biomedics Co., Ltd.",KOSDAQ,01258020,212,의료용 물질·의약품,false,,,matched,ticker,21950,271853559600,20260907
389500,에스비비테크,"SBB TECH Co., Ltd.",KOSDAQ,00567897,291,기타 기계·장비,false,,,matched,ticker,38800,258542713600,20260907
042110,에스씨디,"SCD CO.,LTD.",KOSDAQ,00171867,28519,전기장비,false,,,matched,ticker,1051,50794371764,20260907
065420,에스아이리소스,"SI RESOURCES CO.,LTD.",KOSDAQ,00120906,204,화학물질·화학제품,false,,,matched,ticker,940,7283384140,20260907
103230,에스앤더블류,S&W Corporation,KOSDAQ,00137012,29111,기타 기계·장비,false,,,matched,ticker,2250,16200000000,20260907
260970,에스앤디,"S&D Co., Ltd",KOSDAQ,00560849,108,식료품 제조,false,,,matched,ticker,52100,150712483400,20260907
101490,에스앤에스텍,S&S TECH CORPORATION,KOSDAQ,00411048,2629,전자부품·컴퓨터·통신장비,false,,,matched,ticker,41650,888597710350,20260907
095910,에스에너지,"S-EnergyCO.,LTD.",KOSDAQ,00585538,2811,전기장비,false,,,matched,ticker,621,22627149714,20260907
275630,에스에스알,SSR Inc.,KOSDAQ,01250374,582,출판업,false,,,matched,ticker,4270,22433760160,20260907
031330,에스에이엠티,"SAMT CO.,LTD.",KOSDAQ,00128661,4659,도매·상품중개,false,,,matched,ticker,8040,803960338680,20260907
060540,에스에이티,SystemandApplicationTechnologiesInc.,KOSDAQ,00379229,27215,의료·정밀·광학기기,false,,,matched,ticker,1356,35436258504,20260907
0008Z0,에스엔시스,,KOSDAQ,,,,false,,,not_matched,,23900,225533879600,20260907
246250,에스엘에스바이오,"SLSBio(Specialty Lab Solution Bio) Co., Ltd",KOSDAQ,01112700,739,기타 과학기술 서비스,false,,,matched,ticker,1969,30220617614,20260907
041510,에스엠,"SM ENTERTAINMENT CO., Ltd.",KOSDAQ,00260930,59201,영상·오디오 제작,false,,,matched,ticker,79900,1829285731000,20260907
460870,에스엠씨지,"SMCG CO.,Ltd",KOSDAQ,01142260,231,비금속 광물제품,false,,,matched,ticker,2835,56907816840,20260907
464080,에스오에스랩,"SOS LAB Co., Ltd.",KOSDAQ,01686427,27211,의료·정밀·광학기기,false,,,matched,ticker,10240,184458946560,20260907
109610,에스와이,"SY CO., LTD.",KOSDAQ,00535481,25112,금속가공제품,false,,,matched,ticker,1940,94880356000,20260907
365330,에스와이스틸텍,"SY STEEL TECH, Inc.",KOSDAQ,01135084,2511,금속가공제품,false,,,matched,ticker,1574,78969154000,20260907
306040,에스제이그룹,"SJ Group Co., Ltd.",KOSDAQ,01222432,15129,가죽·신발 제조,false,,,matched,ticker,1830,16995290520,20260907
398120,에스지헬스케어,"SGHEALTHCARE CO.,LTD.",KOSDAQ,01179866,27111,의료·정밀·광학기기,false,,,matched,ticker,1755,20781851805,20260907
472230,에스케이증권제11호스팩,SK Securities No.11 Special Purpose Acquisition Company,KOSDAQ,01797440,66199,금융·보험 관련 서비스,false,,,matched,ticker,2100,8725500000,20260907
473000,에스케이증권제12호스팩,SK Securities No.12 Special Purpose Acquisition Company,KOSDAQ,01798722,66199,금융·보험 관련 서비스,false,,,matched,ticker,2080,6884800000,20260907
473950,에스케이증권제13호스팩,SK Securities No.13 Special Purpose Acquisition Company,KOSDAQ,01801822,66199,금융·보험 관련 서비스,false,,,matched,ticker,2050,9061000000,20260907
475660,에스켐,"S-CHEM Co.,Ltd.",KOSDAQ,01383779,204,화학물질·화학제품,false,,,matched,ticker,3315,26287403025,20260907
096630,에스코넥,"S Connect Co., LTD",KOSDAQ,00573269,26422,전자부품·컴퓨터·통신장비,false,,,matched,ticker,1825,28974289475,20260907
069510,에스텍,ESTec Corporation,KOSDAQ,00306719,26529,전자부품·컴퓨터·통신장비,false,,,matched,ticker,13100,142921000000,20260907
488280,에스투더블유,S2W Inc.,KOSDAQ,01803635,582,출판업,false,,,matched,ticker,9600,103924665600,20260907
234300,에스트래픽,"STraffic Co.,Ltd.",KOSDAQ,01014055,6202,컴퓨터 프로그래밍·SI,false,,,matched,ticker,3300,89785674000,20260907
039440,에스티아이,Systems Technology Incorporated,KOSDAQ,00298340,29271,기타 기계·장비,false,,,matched,ticker,19800,307039530600,20260907
098660,에스티오,"STO Co., Ltd.",KOSDAQ,00612188,1419,의복 제조,false,,,matched,ticker,1581,19764043056,20260907
052020,에스티큐브,STCUBE,KOSDAQ,00273110,465,도매·상품중개,false,,,matched,ticker,8300,564261315300,20260907
237690,에스티팜,"ST PHARM CO., LTD.",KOSDAQ,00871833,212,의료용 물질·의약품,false,,,matched,ticker,91700,1914387704600,20260907
458350,에스팀,"ESteem Co., Ltd.",KOSDAQ,01379563,75992,사업시설 관리,false,,,matched,ticker,3235,28090152000,20260907
050760,에스폴리텍,"S POLYTECH CO.,LTD.",KOSDAQ,00340272,222,고무·플라스틱,false,,,matched,ticker,1295,21153408010,20260907
288620,에스프리즘,"S-Prism Co., Ltd. ",KOSDAQ,01257872,281,전기장비,false,,,matched,ticker,3820,26660987120,20260907
443670,에스피소프트,SPSoft Inc.,KOSDAQ,01381391,620,컴퓨터 프로그래밍·SI,false,,,matched,ticker,3970,95321939080,20260907
317830,에스피시스템스,"SP SYSTEMS CO.,LTD.",KOSDAQ,00624749,29280,기타 기계·장비,false,,,matched,ticker,4545,48967002810,20260907
058610,에스피지,"SPG CO., LTD",KOSDAQ,00220686,28111,전기장비,false,,,matched,ticker,92700,2055841272000,20260907
043340,에쎈테크,"ESSEN TECH CO.,LTD.",KOSDAQ,00203209,29133,기타 기계·장비,false,,,matched,ticker,828,39330000000,20260907
163280,에어레인,"Airrane Co., Ltd.",KOSDAQ,01663116,29175,기타 기계·장비,false,,,matched,ticker,3545,48222911510,20260907
200710,에이디테크놀로지,"ADTechnology Co., Ltd.",KOSDAQ,00657002,2611,전자부품·컴퓨터·통신장비,false,,,matched,ticker,24500,329819171500,20260907
475580,에이럭스,"ALUX Co., Ltd.",KOSDAQ,01641600,33999,기타 제품 제조,false,,,matched,ticker,7110,96873039000,20260907
096690,에이루트,"Aroot Co., Ltd.",KOSDAQ,00608839,26329,전자부품·컴퓨터·통신장비,false,,,matched,ticker,7020,28240350840,20260907
298380,에이비엘바이오,ABL Bio Inc.,KOSDAQ,01256864,211,의료용 물질·의약품,false,,,matched,ticker,71100,3980708619300,20260907
203400,에이비온,ABION Inc.,KOSDAQ,00977377,70113,연구개발업,false,,,matched,ticker,676,60908481504,20260907
003800,에이스침대,AceBed,KOSDAQ,00140052,32029,가구 제조,false,,,matched,ticker,32900,364861000000,20260907
088800,에이스테크,Ace Technologies Corp.,KOSDAQ,00556907,2642,전자부품·컴퓨터·통신장비,false,,,matched,ticker,1771,133721894614,20260907
241840,에이스토리,"ASTORY Co., Ltd.",KOSDAQ,00975290,591,영상·오디오 제작,false,,,matched,ticker,2440,23277585360,20260907
364950,에이아이코리아,"AI Korea Co., Ltd.",KOSDAQ,01307593,29271,기타 기계·장비,false,,,matched,ticker,3525,29244968625,20260907
453860,에이에스텍,"ASTech  Co., Ltd.",KOSDAQ,01538528,20499,화학물질·화학제품,false,,,matched,ticker,8190,52779824370,20260907
312610,에이에프더블류,"A.F.W Co., Ltd",KOSDAQ,01223219,242,1차 금속,false,,,matched,ticker,286,5793469968,20260907
172670,에이엘티,"ALT Co.,Ltd.",KOSDAQ,00493325,2612,전자부품·컴퓨터·통신장비,false,,,matched,ticker,10130,90767423670,20260907
481070,에이유브랜즈,"AU BRANDZ Co., Ltd",KOSDAQ,01803927,47430,소매업,false,,,matched,ticker,16840,241321410000,20260907
060900,에이전트AI,"Agent AI Co.,Ltd.",KOSDAQ,00367695,351,전기·가스·증기,false,,,matched,ticker,3585,23459472810,20260907
445090,에이직랜드,"ASICLAND Co.,Ltd",KOSDAQ,01540453,26112,전자부품·컴퓨터·통신장비,false,,,matched,ticker,20350,222337140300,20260907
295310,에이치브이엠,"HVM CO.,LTD.",KOSDAQ,01011368,24219,1차 금속,false,,,matched,ticker,47200,580523372800,20260907
072990,에이치시티,"HCT CO., LTD.",KOSDAQ,00527464,72911,건축기술·엔지니어링,false,,,matched,ticker,3020,43784582120,20260907
044990,에이치엔에스하이텍,H&SHigh Tech Corp.,KOSDAQ,00311216,262,전자부품·컴퓨터·통신장비,false,,,matched,ticker,10920,83924841000,20260907
239610,에이치엘사이언스,"HLSCIENCE Co., LTD",KOSDAQ,01011438,108,식료품 제조,false,,,matched,ticker,5350,28847815250,20260907
0156T0,에이치엘지노믹스,,KOSDAQ,,,,false,,,not_matched,,9200,71595881200,20260907
036170,에이치엠넥스,"HMNEX Co.,Ltd.",KOSDAQ,00232821,2612,전자부품·컴퓨터·통신장비,false,,,matched,ticker,2225,136538517850,20260907
477340,에이치엠씨제7호스팩,HMCIB No.7 Special Purpose Acquisition Company,KOSDAQ,01813377,66199,금융·보험 관련 서비스,false,,,matched,ticker,2060,15470600000,20260907
148930,에이치와이티씨,"HYTC CO., LTD",KOSDAQ,00885906,25924,금속가공제품,false,,,matched,ticker,3270,33272946510,20260907
044780,에이치케이,"HK CO., LTD.",KOSDAQ,00235183,29221,기타 기계·장비,false,,,matched,ticker,1401,25926607587,20260907
357230,에이치피오,"H.PIO Co., Ltd.",KOSDAQ,01068737,108,식료품 제조,false,,,matched,ticker,2145,88574506020,20260907
355690,에이텀,"ATUM CO., LTD.",KOSDAQ,01444380,262,전자부품·컴퓨터·통신장비,false,,,matched,ticker,4870,46607794430,20260907
071670,에이테크솔루션,"A-Tech Solution CO., LTD.",KOSDAQ,00384887,29293,기타 기계·장비,false,,,matched,ticker,5000,50000000000,20260907
045660,에이텍,"ATEC CO.,Ltd",KOSDAQ,00256502,291,기타 기계·장비,false,,,matched,ticker,9350,77231000000,20260907
224110,에이텍모빌리티,"ATEC MOBILITY Co., Ltd",KOSDAQ,01099861,26429,전자부품·컴퓨터·통신장비,false,,,matched,ticker,8910,45266239260,20260907
021080,에이티넘인베스트,"Atinum Investment Co., Ltd",KOSDAQ,00161462,64209,금융업,false,,,matched,ticker,2185,104880000000,20260907
200470,에이팩트,"APACT Co., Ltd.",KOSDAQ,00667425,261,전자부품·컴퓨터·통신장비,false,,,matched,ticker,6250,273897225000,20260907
262260,에이프로,"APRO Co., LTD",KOSDAQ,00604268,289,전기장비,false,,,matched,ticker,3700,55787342000,20260907
397030,에이프릴바이오,"AprilBio Co.,Ltd.",KOSDAQ,01375822,70113,연구개발업,false,,,matched,ticker,18180,501018656760,20260907
0009K0,에임드바이오,,KOSDAQ,,,,false,,,not_matched,,24250,1568275654250,20260907
230240,에치에프알,"HFR, Inc.",KOSDAQ,01108442,264,전자부품·컴퓨터·통신장비,false,,,matched,ticker,11980,159441820000,20260907
159910,에코글로우,"EcoGlow Co., Ltd.",KOSDAQ,00896753,204,화학물질·화학제품,false,,,matched,ticker,3200,33494710400,20260907
097780,에코볼트,"Eco Volt Co.,Ltd.",KOSDAQ,00562360,303,자동차·트레일러,false,,,matched,ticker,1807,36669611823,20260907
038870,에코심플렉스,"EcoSimplex Co., Ltd",KOSDAQ,00287812,741,전문·과학·기술 서비스,false,,,matched,ticker,1816,25451147384,20260907
448280,에코아이,"ECOEYE CO., LTD.",KOSDAQ,01218299,716,전문서비스업,false,,,matched,ticker,9530,282384659370,20260907
101360,에코앤드림,"Eco&Dream Co., Ltd.",KOSDAQ,00619640,282,전기장비,false,,,matched,ticker,8180,145490412520,20260907
128540,에코캡,"ECOCAB CO., LTD.",KOSDAQ,00870481,303,자동차·트레일러,false,,,matched,ticker,1168,31174457280,20260907
086520,에코프로,"ECOPRO CO.,LTD",KOSDAQ,00536541,64992,금융업,false,,,matched,ticker,82500,11201532540000,20260907
247540,에코프로비엠,"ECOPRO BM CO.,LTD.",KOSDAQ,01160363,28202,전기장비,false,,,matched,ticker,106700,10438507307800,20260907
383310,에코프로에이치엔,"ECOPRO HN CO., LTD",KOSDAQ,01566248,204,화학물질·화학제품,false,,,matched,ticker,22750,477179703000,20260907
038110,에코플라스틱,ECOPLASTIC CORPORATION,KOSDAQ,00139153,30320,자동차·트레일러,false,,,matched,ticker,2050,84397208500,20260907
073540,에프알텍,"FRTEKCO.,LTD.",KOSDAQ,00442561,2642,전자부품·컴퓨터·통신장비,false,,,matched,ticker,2260,25764000000,20260907
064850,에프앤가이드,FnGuide Inc.,KOSDAQ,00331016,639,정보서비스업,false,,,matched,ticker,16750,191123061000,20260907
036810,에프에스티,FINE SEMITECH Corp.,KOSDAQ,00223434,2629,전자부품·컴퓨터·통신장비,false,,,matched,ticker,25500,552069619500,20260907
173940,에프엔씨엔터,"FNC ENTERTAINMENT Co., Ltd.",KOSDAQ,00925295,901,창작·예술·여가,false,,,matched,ticker,2105,32401860840,20260907
083500,에프엔에스테크,"FNS TECH. Co.,Ltd.",KOSDAQ,00476036,29272,기타 기계·장비,false,,,matched,ticker,11320,94028187640,20260907
317530,에피소드컴퍼니,"Episode Company Co., Ltd.",KOSDAQ,01267222,59111,영상·오디오 제작,false,,,matched,ticker,2955,51697376310,20260907
054940,엑사이엔씨,"EXA E&C, Inc",KOSDAQ,00360577,424,전문직별 공사,false,,,matched,ticker,3975,26372968275,20260907
950130,엑세스바이오,"Access Bio, Inc.",KOSDAQ,00956028,213,의료용 물질·의약품,false,,,matched,ticker,2455,86351762470,20260907
373110,엑셀세라퓨틱스,Xcell Therapeutics Inc.,KOSDAQ,01492217,211,의료용 물질·의약품,false,,,matched,ticker,1105,19110305370,20260907
205100,엑셈,"EXEM CO., LTD.",KOSDAQ,01042085,58221,출판업,false,,,matched,ticker,1329,89759828046,20260907
356680,엑스게이트,"AXGATE Co., Ltd.",KOSDAQ,01372782,58221,출판업,false,,,matched,ticker,11330,323397764360,20260907
317770,엑스페릭스,Xperix Inc.,KOSDAQ,01231786,262,전자부품·컴퓨터·통신장비,false,,,matched,ticker,2350,86113738400,20260907
373200,엑스플러스,Xplus Inc.,KOSDAQ,01514698,339,기타 제품 제조,false,,,matched,ticker,1905,47707366485,20260907
069920,엑시온그룹,Exion Group Company Limited,KOSDAQ,00426068,479,소매업,false,,,matched,ticker,1214,17494292370,20260907
092870,엑시콘,"Exicon Co., Ltd.",KOSDAQ,00611736,29271,기타 기계·장비,false,,,matched,ticker,30500,398049308500,20260907
317870,엔바이오니아,"Envioneer Co., Ltd.",KOSDAQ,00964595,339,기타 제품 제조,false,,,matched,ticker,5230,46243110850,20260907
067570,엔브이에이치코리아,NVH KOREA INC.,KOSDAQ,00146436,30320,자동차·트레일러,false,,,matched,ticker,1709,72068530000,20260907
0004V0,엔비알모션,,KOSDAQ,,,,false,,,not_matched,,5580,61437942720,20260907
236810,엔비티,NBT INC.,KOSDAQ,01051065,71310,전문서비스업,false,,,matched,ticker,1805,30640643930,20260907
333620,엔시스,"Nsys Co., Ltd.",KOSDAQ,01310773,28909,전기장비,false,,,matched,ticker,5350,58838818500,20260907
101400,엔시트론,"N CITRON, INC.",KOSDAQ,00641393,2611,전자부품·컴퓨터·통신장비,false,,,matched,ticker,1685,19784912780,20260907
475230,엔알비,"NRB, inc",KOSDAQ,01708163,259,금속가공제품,false,,,matched,ticker,9530,103864448990,20260907
481890,엔에이치스팩31호,NH SPECIAL PURPOSE ACQUISITION 31 COMPANY,KOSDAQ,01834194,661,금융·보험 관련 서비스,false,,,matched,ticker,2065,13102425000,20260907
0054V0,엔에이치스팩32호,,KOSDAQ,,,,false,,spac,not_matched,,2000,12433000000,20260907
0130H0,엔에이치스팩33호,,KOSDAQ,,,,false,,spac,not_matched,,1991,15330700000,20260907
265740,엔에프씨,NFC Corporation,KOSDAQ,01217829,20423,화학물질·화학제품,false,,,matched,ticker,6510,116292036000,20260907
354200,엔젠바이오,"NGeneBio Co., Ltd.",KOSDAQ,01397903,739,기타 과학기술 서비스,false,,,matched,ticker,1499,13395937917,20260907
455900,엔젤로보틱스,"ANGEL ROBOTICS Co., Ltd.",KOSDAQ,01592049,29280,기타 기계·장비,false,,,matched,ticker,21300,327870495300,20260907
419080,엔젯,"ENJET Co.,LTD",KOSDAQ,01587056,29272,기타 기계·장비,false,,,matched,ticker,4980,54141648660,20260907
183490,엔지켐생명과학,ENZYCHEM LIFESCIENCES CORPORATION,KOSDAQ,00606886,211,의료용 물질·의약품,false,,,matched,ticker,990,83793832650,20260907
182400,엔케이젠바이오텍코리아,"NKGen Biotech Korea Co., Ltd.",KOSDAQ,00977650,211,의료용 물질·의약품,false,,,matched,ticker,3670,265496721770,20260907
348370,엔켐,"Enchem Co., Ltd.",KOSDAQ,01011526,20119,화학물질·화학제품,false,,,matched,ticker,21250,465608622500,20260907
069410,엔텔스,"nTelsCo.,Ltd.",KOSDAQ,00415707,58221,출판업,false,,,matched,ticker,2635,26995111240,20260907
227950,엔투텍,"N2TECH CO.,LTD",KOSDAQ,01105621,292,기타 기계·장비,false,,,matched,ticker,1325,45723376925,20260907
048830,엔피케이,"NPK CO.,LTD",KOSDAQ,00108490,20202,화학물질·화학제품,false,,,matched,ticker,1031,19304364613,20260907
096870,엘디티,LDTInc.,KOSDAQ,00540571,2611,전자부품·컴퓨터·통신장비,false,,,matched,ticker,2365,19743017635,20260907
290650,엘앤씨바이오,"L&C BIO Co., Ltd",KOSDAQ,01181515,212,의료용 물질·의약품,false,,,matched,ticker,46850,1263530632400,20260907
156100,엘앤케이바이오,"L&K BIOMED CO., LTD.",KOSDAQ,00918222,27194,의료·정밀·광학기기,false,,,matched,ticker,5090,113767368770,20260907
0041J0,엘에스스팩1호,,KOSDAQ,,,,false,,spac,not_matched,,1988,8170680000,20260907
073110,엘엠에스,"LMS Co.,Ltd.",KOSDAQ,00494218,262,전자부품·컴퓨터·통신장비,false,,,matched,ticker,5110,45457308050,20260907
083310,엘오티베큠,"LOTVacuum.Co.,Ltd.",KOSDAQ,00484682,29271,기타 기계·장비,false,,,matched,ticker,9800,174538323400,20260907
037950,엘컴텍,"ELCOMTEC CO.,LTD",KOSDAQ,00242712,26291,전자부품·컴퓨터·통신장비,false,,,matched,ticker,2980,50330718940,20260907
489500,엘케이켐,"LK CHEM Co., Ltd.",KOSDAQ,01747977,20499,화학물질·화학제품,false,,,matched,ticker,20600,131659502800,20260907
170920,엘티씨,"LTC CO.,LTD.",KOSDAQ,00866062,20119,화학물질·화학제품,false,,,matched,ticker,37400,395098312400,20260907
058630,엠게임,MGAME CORP.,KOSDAQ,00397058,5821,출판업,false,,,matched,ticker,4065,76310513310,20260907
226590,엠디바이스,"Mdevice Co., Ltd",KOSDAQ,01022142,262,전자부품·컴퓨터·통신장비,false,,,matched,ticker,12110,129780254240,20260907
058970,엠로,"EMRO., Incorporated",KOSDAQ,00396925,582,출판업,false,,,matched,ticker,16150,199659123100,20260907
169330,엠브레인,"Macromill Embrain Co., Ltd.",KOSDAQ,00877174,71400,전문서비스업,false,,,matched,ticker,1386,25387248348,20260907
373170,엠아이큐브솔루션,"MICUBE SOLUTION, INC.",KOSDAQ,01497142,58221,출판업,false,,,matched,ticker,2175,32872493250,20260907
179290,엠아이텍,"MITECH CO.,LTD.",KOSDAQ,00531829,27192,의료·정밀·광학기기,false,,,matched,ticker,5110,165388614580,20260907
009780,엠에스씨,"MSC Co.,Ltd.",KOSDAQ,00121154,108,식료품 제조,false,,,matched,ticker,6940,122144000000,20260907
123040,엠에스오토텍,"MS AUTOTECH COMPANY, LIMITED",KOSDAQ,00259545,303,자동차·트레일러,false,,,matched,ticker,1706,106843878094,20260907
432980,엠에프씨,"MFC Co., Ltd.",KOSDAQ,01217795,21100,의료용 물질·의약품,false,,,matched,ticker,2535,21780065970,20260907
007820,엠엑스로보틱스,MX Robotics Inc.,KOSDAQ,00137915,29169,기타 기계·장비,false,,,matched,ticker,3715,86646501585,20260907
347890,엠엑스온,MX On CORPORATION,KOSDAQ,00670766,27216,의료·정밀·광학기기,false,,,matched,ticker,4535,77154880140,20260907
413390,엠오티,"MOT Co., Ltd.",KOSDAQ,01563922,29299,기타 기계·장비,false,,,matched,ticker,6880,79671638400,20260907
032790,엠젠솔루션,"MGEN SOLUTIONS CO., LTD.",KOSDAQ,00110884,46510,도매·상품중개,false,,,matched,ticker,1399,35926468294,20260907
033160,엠케이전자,MKElectron,KOSDAQ,00121686,262,전자부품·컴퓨터·통신장비,false,,,matched,ticker,13640,335053751120,20260907
033310,엠투엔,"M2N Co.,Ltd",KOSDAQ,00143226,26299,전자부품·컴퓨터·통신장비,false,,,matched,ticker,1450,57960061200,20260907
259630,엠플러스,mPlus Corp,KOSDAQ,00833064,292,기타 기계·장비,false,,,matched,ticker,9400,114890522400,20260907
105550,엣지파운드리,"Edge Foundry Co.,Ltd",KOSDAQ,00766106,2629,전자부품·컴퓨터·통신장비,false,,,matched,ticker,1883,29490435030,20260907
060850,영림원소프트랩,"YoungLimWon SoftLab. Co., Ltd.",KOSDAQ,00532129,58221,출판업,false,,,matched,ticker,4650,37809150000,20260907
143540,영우디에스피,"YoungWoo DSP Co.,Ltd.",KOSDAQ,00569646,29272,기타 기계·장비,false,,,matched,ticker,1038,46294691010,20260907
265560,영화테크,"Younghwa Tech Co., Ltd.",KOSDAQ,00659976,3033,자동차·트레일러,false,,,matched,ticker,6860,73334634800,20260907
036000,예림당,"YeaRimDang Publishing Co., Ltd.",KOSDAQ,00259934,58113,출판업,false,,,matched,ticker,2920,67260088840,20260907
250930,예선테크,"YeSUN Tech Co., Ltd.",KOSDAQ,01166109,22291,고무·플라스틱,false,,,matched,ticker,1804,11906558752,20260907
053280,예스24,"YES24Co.,Ltd",KOSDAQ,00362858,4791,소매업,false,,,matched,ticker,3110,77750000000,20260907
122640,예스티,"YEST Co.,Ltd.",KOSDAQ,00530556,29271,기타 기계·장비,false,,,matched,ticker,27450,594328871250,20260907
476040,오가노이드사이언스,ORGANOIDSCIENCES LTD.,KOSDAQ,01626391,70129,연구개발업,false,,,matched,ticker,6770,44585595200,20260907
900300,오가닉티코스메틱,ORGANIC TEA COSMETICS HOLDINGS COMPANY LIMITED,KOSDAQ,01169434,64992,금융업,false,,,matched,ticker,3630,74705752110,20260907
045060,오공,OKONG Corporation,KOSDAQ,00220969,20493,화학물질·화학제품,false,,,matched,ticker,2160,36594663840,20260907
192410,오늘이엔엠,"ONEUL E&M co.,Ltd",KOSDAQ,00623184,2642,전자부품·컴퓨터·통신장비,false,,,matched,ticker,4900,123410954100,20260907
080520,오디텍,ODTech,KOSDAQ,00529815,2612,전자부품·컴퓨터·통신장비,false,,,matched,ticker,2760,31249870920,20260907
039830,오로라,AURORA WORLD Corporation,KOSDAQ,00141556,73203,기타 과학기술 서비스,false,,,matched,ticker,15230,163918814700,20260907
322310,오로스테크놀로지,"AUROS TECHNOLOGY, INC.",KOSDAQ,01016479,292,기타 기계·장비,false,,,matched,ticker,12650,118486756300,20260907
046120,오르비텍,"Orbitech Co., Ltd.",KOSDAQ,00297989,7291,건축기술·엔지니어링,false,,,matched,ticker,4660,157766317780,20260907
475830,오름테라퓨틱,"Orum Therapeutics, Inc.",KOSDAQ,01658831,211,의료용 물질·의약품,false,,,matched,ticker,54100,1175029819000,20260907
014940,오리엔탈정공,"ORIENTAL PRECISION & ENGINEERING CO.,LTD.",KOSDAQ,00141608,291,기타 기계·장비,false,,,matched,ticker,4625,210778182125,20260907
065500,오리엔트정공,Orient Precision Industries Inc.,KOSDAQ,00300405,303,자동차·트레일러,false,,,matched,ticker,1165,41640492480,20260907
010470,오리콤,ORICOM Inc,KOSDAQ,00141671,71310,전문서비스업,false,,,matched,ticker,4900,58677745000,20260907
417860,오브젠,OBZEN Inc.,KOSDAQ,01472930,58222,출판업,false,,,matched,ticker,6970,32807134820,20260907
352910,오비고,Obigo Inc.,KOSDAQ,00494546,620,컴퓨터 프로그래밍·SI,false,,,matched,ticker,4945,62493930890,20260907
053980,오상자이엘,"OSANGJAIEL Co., Ltd ",KOSDAQ,00226547,582,출판업,false,,,matched,ticker,2460,46697646180,20260907
036220,오상헬스케어,"OSANG HEALTHCARE CO.,LTD.",KOSDAQ,00260657,271,의료·정밀·광학기기,false,,,matched,ticker,6640,95014522240,20260907
052420,오성첨단소재,"OSUNG ADVANCED MATERIALS CO., LTD.",KOSDAQ,00350048,222,고무·플라스틱,false,,,matched,ticker,9810,95569108290,20260907
052300,오션인더블유,"Ocean In W Co.,Ltd.",KOSDAQ,00349811,468,도매·상품중개,false,,,matched,ticker,1466,23813891648,20260907
039200,오스코텍,OSCOTECInc.,KOSDAQ,00263654,212,의료용 물질·의약품,false,,,matched,ticker,35950,1375381427200,20260907
226400,오스테오닉,"OSTEONIC Co., Ltd.",KOSDAQ,01082348,27199,의료·정밀·광학기기,false,,,matched,ticker,4235,87501880235,20260907
031510,오스템,"AUSTEM CO.,LTD",KOSDAQ,00175173,303,자동차·트레일러,false,,,matched,ticker,1145,32060000000,20260907
342870,오아,"OA Co., Ltd.",KOSDAQ,01428948,47320,소매업,false,,,matched,ticker,3575,19484454275,20260907
368970,오에스피,"OSP Co., Ltd",KOSDAQ,01491607,109,식료품 제조,false,,,matched,ticker,2610,29335663980,20260907
138080,오이솔루션,"OE Solutions Co., Ltd.",KOSDAQ,00571483,26410,전자부품·컴퓨터·통신장비,false,,,matched,ticker,21400,264884021200,20260907
080580,오킨스전자,"OKins Electronics Co.,Ltd.",KOSDAQ,00543107,262,전자부품·컴퓨터·통신장비,false,,,matched,ticker,20150,424982743250,20260907
067170,오텍,Autech Corporation,KOSDAQ,00397289,304,자동차·트레일러,false,,,matched,ticker,2530,69475937850,20260907
353590,오토앤,AUTO& Inc.,KOSDAQ,01084294,4521,자동차 판매,false,,,matched,ticker,1683,21669584310,20260907
173130,오파스넷,"OPASNET co., Ltd.",KOSDAQ,00867849,62021,컴퓨터 프로그래밍·SI,false,,,matched,ticker,6040,78800696920,20260907
440320,오픈놀,"Openknowl Co.,Ltd.",KOSDAQ,01585155,58222,출판업,false,,,matched,ticker,2310,23053800000,20260907
049480,오픈베이스,"Openbase, Inc.",KOSDAQ,00335076,62021,컴퓨터 프로그래밍·SI,false,,,matched,ticker,1826,57377271358,20260907
394280,오픈엣지테크놀로지,"Openedges Technology, Inc.",KOSDAQ,01571107,582,출판업,false,,,matched,ticker,8410,221574317300,20260907
476060,온코닉테라퓨틱스,Onconic Therapeutics Inc.,KOSDAQ,01632912,701,연구개발업,false,,,matched,ticker,16290,739693713600,20260907
382150,온코크로스,"Oncocross Co.,Ltd.",KOSDAQ,01423916,70111,연구개발업,false,,,matched,ticker,3455,45075153070,20260907
244460,올리패스,OLIPASS CORPORATION,KOSDAQ,01070149,211,의료용 물질·의약품,false,,,matched,ticker,1651,13415218661,20260907
226950,올릭스,"OliX Pharmaceuticals, Inc.",KOSDAQ,01113718,70113,연구개발업,false,,,matched,ticker,97500,2053627875000,20260907
057540,옴니시스템,"OmnisystemCo.,Ltd",KOSDAQ,00265005,272,의료·정밀·광학기기,false,,,matched,ticker,588,34923829584,20260907
131030,옵투스제약,"OPTUS Pharmaceutical Co., Ltd.",KOSDAQ,00831428,212,의료용 물질·의약품,false,,,matched,ticker,5730,101114960700,20260907
082210,옵트론텍,OPTRONTEC Inc.,KOSDAQ,00327396,273,의료·정밀·광학기기,false,,,matched,ticker,1672,58458687760,20260907
109080,옵티시스,"OPTICIS CO., LTD.",KOSDAQ,00660291,26410,전자부품·컴퓨터·통신장비,false,,,matched,ticker,8170,46046120000,20260907
380540,옵티코어,OptiCore Inc.,KOSDAQ,01506990,266,전자부품·컴퓨터·통신장비,false,,,matched,ticker,8450,206658126350,20260907
153710,옵티팜,"Optipharm.CO.,LTD",KOSDAQ,00971726,213,의료용 물질·의약품,false,,,matched,ticker,4810,70562497980,20260907
432430,와이랩,YLAB Corporation,KOSDAQ,01406265,591,영상·오디오 제작,false,,,matched,ticker,2095,34584930400,20260907
338840,와이바이오로직스,"Y-Biologics, Inc",KOSDAQ,01226234,70113,연구개발업,false,,,matched,ticker,8990,138480728370,20260907
122990,와이솔,"WiSoL Co.,LTD.",KOSDAQ,00759294,2629,전자부품·컴퓨터·통신장비,false,,,matched,ticker,6230,159787532170,20260907
232140,와이씨,YC Corporation,KOSDAQ,01109539,292,기타 기계·장비,false,,,matched,ticker,11930,978801025500,20260907
112290,와이씨켐,"YCCHEM CO., LTD.",KOSDAQ,00619507,20491,화학물질·화학제품,false,,,matched,ticker,9660,195335729400,20260907
065530,와이어블,Wiable Corp.,KOSDAQ,00250137,61299,통신업,false,,,matched,ticker,1181,56497574379,20260907
067900,와이엔텍,"Y-ENTECCO.,LTD.",KOSDAQ,00190756,38220,폐기물 수집·처리,false,,,matched,ticker,6100,111017919900,20260907
007530,와이엠,"YM CO., LTD.",KOSDAQ,00140858,259,금속가공제품,false,,,matched,ticker,1554,34583074974,20260907
155650,와이엠씨,"YMC Co., Ltd.",KOSDAQ,00870861,262,전자부품·컴퓨터·통신장비,false,,,matched,ticker,3130,59389740540,20260907
273640,와이엠텍,"YM Tech Co., Ltd.",KOSDAQ,01215618,2812,전기장비,false,,,matched,ticker,5170,56694220000,20260907
251370,와이엠티,"YMT CO., LTD.",KOSDAQ,00602172,201,화학물질·화학제품,false,,,matched,ticker,7080,127533548040,20260907
209640,와이제이링크,"YJLINK CO.,LTD.",KOSDAQ,01023211,29299,기타 기계·장비,false,,,matched,ticker,3015,85756085190,20260907
096250,와이즈넛,"WISEnut, INC.",KOSDAQ,00351427,58221,출판업,false,,,matched,ticker,5590,66045184790,20260907
273060,와이즈버즈,Wise birds Inc.,KOSDAQ,01236532,713,전문서비스업,false,,,matched,ticker,864,42460657920,20260907
019210,와이지-원,"YG-1 CO.,LTD",KOSDAQ,00139719,25934,금속가공제품,false,,,matched,ticker,14290,531498373120,20260907
122870,와이지엔터테인먼트,YG Entertainment Inc.,KOSDAQ,00613318,59201,영상·오디오 제작,false,,,matched,ticker,43600,814929736400,20260907
079000,와토스코리아,"WATOSCOREACO.,LTD",KOSDAQ,00455875,22222,고무·플라스틱,false,,,matched,ticker,4070,29304000000,20260907
403490,우듬지팜,"WooDeumGee Farm Co., Ltd",KOSDAQ,01299106,103,식료품 제조,false,,,matched,ticker,2235,20531809620,20260907
032820,우리기술,"Woori Technology, Incorporation",KOSDAQ,00231044,281,전기장비,false,,,matched,ticker,10920,1886807963040,20260907
041190,우리기술투자,"Woori Technology Investment Co., Ltd",KOSDAQ,00231664,6491,금융업,false,,,matched,ticker,6030,506520000000,20260907
115440,우리넷,"Woori-Net Co., Ltd.",KOSDAQ,00664048,2641,전자부품·컴퓨터·통신장비,false,,,matched,ticker,7170,77395073640,20260907
046970,우리로,"WOORIRO CO., LTD",KOSDAQ,00296005,467,도매·상품중개,false,,,matched,ticker,4855,212770370145,20260907
082850,우리바이오,"WOOREE BIO CO., LTD",KOSDAQ,00369107,108,식료품 제조,false,,,matched,ticker,5830,56500366450,20260907
215360,우리산업,"WOORY INDUSTRIAL CO.,LTD.",KOSDAQ,01077577,303,자동차·트레일러,false,,,matched,ticker,6450,58902451350,20260907
072470,우리산업홀딩스,"WOORY INDUSTRIAL HOLDINGS CO.,LTD.",KOSDAQ,00359623,303,자동차·트레일러,false,,,matched,ticker,2385,45046308285,20260907
073560,우리손에프앤지,"Woorison F&G CO., LTD.",KOSDAQ,00413417,101,식료품 제조,false,,,matched,ticker,1535,106279782005,20260907
037400,우리엔터프라이즈,"WOOREE ENTERPRISE CO.,LTD",KOSDAQ,00155692,468,도매·상품중개,false,,,matched,ticker,3900,20454209100,20260907
153490,우리이앤엘하루틴,"WOOREE E&L Haroutine Co.,LTD.",KOSDAQ,00815095,2612,전자부품·컴퓨터·통신장비,false,,,matched,ticker,3005,30939480000,20260907
101170,우림피티에스,"WOORIM POWER TRAIN SOLUTION Co., Ltd.",KOSDAQ,00567222,29142,기타 기계·장비,false,,,matched,ticker,8120,109620000000,20260907
103840,우양,"WOOYANG  Co., Ltd.",KOSDAQ,00486875,103,식료품 제조,false,,,matched,ticker,1682,27528331896,20260907
101970,우양에이치씨,"WOOYANG HC CO.,LTD.",KOSDAQ,00450931,2512,금속가공제품,false,,,matched,ticker,10560,156182495040,20260907
046940,우원개발,"Woowon Development Co., Ltd.",KOSDAQ,00363246,421,전문직별 공사,false,,,matched,ticker,2905,52505986750,20260907
065680,우주일렉트로,"UJU ELECTRONICS CO., LTD",KOSDAQ,00390903,2629,전자부품·컴퓨터·통신장비,false,,,matched,ticker,23400,216227021400,20260907
018620,우진비앤지,"WooGeneB&GCO.,Ltd",KOSDAQ,00103547,21230,의료용 물질·의약품,false,,,matched,ticker,2755,19100365410,20260907
457550,우진엔텍,WOOJIN Ntec Inc.,KOSDAQ,01030503,7390,기타 과학기술 서비스,false,,,matched,ticker,13440,125246795520,20260907
396470,워트,"WOT.CO.,LTD.",KOSDAQ,00866451,29271,기타 기계·장비,false,,,matched,ticker,6370,102684400000,20260907
307280,원바이오젠,"Wonbiogen Co.,Ltd.",KOSDAQ,01326224,213,의료용 물질·의약품,false,,,matched,ticker,5870,41645460490,20260907
032940,원익,"WonIk Co.,LTD",KOSDAQ,00210980,4659,도매·상품중개,false,,,matched,ticker,9890,179930560090,20260907
240810,원익IPS,"WONIK IPS CO., LTD.",KOSDAQ,01135941,292,기타 기계·장비,false,,,matched,ticker,117600,5772266757600,20260907
074600,원익QnC,WONIK QnC CORPORATION,KOSDAQ,00468374,2312,비금속 광물제품,false,,,matched,ticker,27100,712404800000,20260907
104830,원익머트리얼즈,"WONIK Materials Co.,Ltd.",KOSDAQ,00623661,20121,화학물질·화학제품,false,,,matched,ticker,32100,404716800000,20260907
014190,원익큐브,WONIK CUBE Corp.,KOSDAQ,00128175,46739,도매·상품중개,false,,,matched,ticker,1282,45376481022,20260907
217820,원익피앤이,"WONIK PNE CO., LTD.",KOSDAQ,01020843,292,기타 기계·장비,false,,,matched,ticker,1991,94482026969,20260907
030530,원익홀딩스,"WONIK HOLDINGS CO.,LTD.",KOSDAQ,00216647,201,화학물질·화학제품,false,,,matched,ticker,22350,1726268875350,20260907
012620,원일특강,WonilSpecialSteel,KOSDAQ,00143907,24123,1차 금속,false,,,matched,ticker,7050,31020000000,20260907
136150,원일티엔아이,"WONILTNI CO., LTD.",KOSDAQ,00488244,291,기타 기계·장비,false,,,matched,ticker,7520,63025345600,20260907
382840,원준,"Onejoon Co., Ltd.",KOSDAQ,01459212,292,기타 기계·장비,false,,,matched,ticker,5080,77579631480,20260907
336570,원텍,"WON TECH CO.,Ltd.",KOSDAQ,01407909,271,의료·정밀·광학기기,false,,,matched,ticker,5050,450867262300,20260907
376980,원티드랩,Wanted Lab Inc.,KOSDAQ,01441611,58221,출판업,false,,,matched,ticker,3030,29592173820,20260907
008370,원풍,WonpoongCorporation,KOSDAQ,00144012,22212,고무·플라스틱,false,,,matched,ticker,4990,59880000000,20260907
008290,원풍물산,WonpungMulsan,KOSDAQ,00144021,14111,의복 제조,false,,,matched,ticker,299,6083704861,20260907
101160,월덱스,"WORLDEXINDUSTRY&TRADINGCO.,LTD",KOSDAQ,00580065,262,전자부품·컴퓨터·통신장비,false,,,matched,ticker,30200,498631988600,20260907
336060,웨이버스,"WAVUS Co.,Ltd",KOSDAQ,01408999,582,출판업,false,,,matched,ticker,3030,29182051200,20260907
095270,웨이브일렉트로,"WaveElectronicsCo.,Ltd.",KOSDAQ,00526696,272,의료·정밀·광학기기,false,,,matched,ticker,4135,59429898810,20260907
289930,웨이비스,Wavice Inc.,KOSDAQ,01270749,261,전자부품·컴퓨터·통신장비,false,,,matched,ticker,7010,92174560100,20260907
065950,웰크론,Welcron Company Limited,KOSDAQ,00362159,13219,섬유제품 제조,false,,,matched,ticker,1149,32437765998,20260907
076080,웰크론한텍,"WELCRON HANTEC CO.,LTD.",KOSDAQ,00487546,411,종합 건설,false,,,matched,ticker,1125,25418425500,20260907
043590,웰킵스하이텍,"WELKEEPS HITECH CO.,LTD",KOSDAQ,00260611,261,전자부품·컴퓨터·통신장비,false,,,matched,ticker,1476,20026930356,20260907
196700,웹스,"WAPS Co., Ltd.",KOSDAQ,00864338,20203,화학물질·화학제품,false,,,matched,ticker,1380,19822518720,20260907
069080,웹젠,Webzen Inc.,KOSDAQ,00405320,5821,출판업,false,,,matched,ticker,11210,347135305750,20260907
053580,웹케시,WebCash Corporation,KOSDAQ,00323868,582,출판업,false,,,matched,ticker,7280,94308294080,20260907
479960,위너스일렉,"Winners Elec Co., Ltd.",KOSDAQ,01137860,289,전기장비,false,,,matched,ticker,6010,42827260000,20260907
044340,위닉스,WINIX INC.,KOSDAQ,00293886,28519,전기장비,false,,,matched,ticker,3270,58446099750,20260907
330350,위더스제약,"Withus Pharmaceutical. Co., LTD",KOSDAQ,00765851,212,의료용 물질·의약품,false,,,matched,ticker,7560,99789580800,20260907
348350,위드텍,"WITHTECH, Inc.",KOSDAQ,00925587,27213,의료·정밀·광학기기,false,,,matched,ticker,9540,93240144000,20260907
112040,위메이드,"Wemade Co., Ltd.",KOSDAQ,00444329,5821,출판업,false,,,matched,ticker,15200,516016941600,20260907
101730,위메이드맥스,"Wemade Max Co., Ltd.",KOSDAQ,00643656,5821,출판업,false,,,matched,ticker,4055,339822324730,20260907
123420,위메이드플레이,"Wemade Play Co., Ltd.",KOSDAQ,00815767,5821,출판업,false,,,matched,ticker,6270,65214527070,20260907
065370,위세아이텍,"WISE iTech Co., Ltd.",KOSDAQ,00374738,58221,출판업,false,,,matched,ticker,2955,21819584070,20260907
038620,위즈코프,"WIZ CORP, Inc.",KOSDAQ,00264228,47711,소매업,false,,,matched,ticker,1942,29413324206,20260907
036090,위지트,"WIZIT Co., Ltd.",KOSDAQ,00258360,29272,기타 기계·장비,false,,,matched,ticker,1354,57613395956,20260907
459100,위츠,"WITS Co., Ltd.",KOSDAQ,01445440,26299,전자부품·컴퓨터·통신장비,false,,,matched,ticker,4055,54605035500,20260907
136540,윈스테크넷,"WINS Technet Co., Ltd",KOSDAQ,00868705,62021,컴퓨터 프로그래밍·SI,false,,,matched,ticker,10840,133112446640,20260907
097800,윈팩,WINPAC INC.,KOSDAQ,00536286,2612,전자부품·컴퓨터·통신장비,false,,,matched,ticker,1938,52888107210,20260907
192390,윈하이텍,"WINHITECH CO., Ltd.",KOSDAQ,00910840,2511,금속가공제품,false,,,matched,ticker,1778,21277763388,20260907
335870,윙스풋,WING'S FOOT INC.,KOSDAQ,01405585,474,소매업,false,,,matched,ticker,5060,16951475640,20260907
900340,윙입푸드,WING YIP FOOD HOLDINGS GROUP LIMITED,KOSDAQ,01328639,64992,금융업,false,,,matched,ticker,1418,50456313976,20260907
036200,유니셈,"UNION SEMICONDUCTOR EQUIPMENT  CO.,LTD;",KOSDAQ,00260569,29271,기타 기계·장비,false,,,matched,ticker,9030,276897933690,20260907
018000,유니슨,"UNISON CO., LTD.",KOSDAQ,00144243,29119,기타 기계·장비,false,,,matched,ticker,1241,322037370444,20260907
203450,유니온바이오메트릭스,"UNION biometrics Co., Ltd.",KOSDAQ,00408266,26429,전자부품·컴퓨터·통신장비,false,,,matched,ticker,2520,35479097640,20260907
011320,유니크,UNICK CORPORATION,KOSDAQ,00147152,303,자동차·트레일러,false,,,matched,ticker,3795,73322037525,20260907
086390,유니테스트,UniTestInc.,KOSDAQ,00540447,29271,기타 기계·장비,false,,,matched,ticker,11560,244310496560,20260907
241690,유니테크노,"UNITEKNO Co., Ltd",KOSDAQ,00531865,30331,자동차·트레일러,false,,,matched,ticker,2625,64235603250,20260907
142210,유니트론텍,"Unitrontech Co., Ltd.",KOSDAQ,00879020,46522,도매·상품중개,false,,,matched,ticker,6030,125130960090,20260907
389680,유디엠텍,"UDMTEK Co.,Ltd.",KOSDAQ,01498576,58222,출판업,false,,,matched,ticker,1973,16416727289,20260907
088340,유라클,URACLE. Co. Ltd,KOSDAQ,00407294,58221,출판업,false,,,matched,ticker,6850,29895920800,20260907
048430,유라테크,"YURA TECH. CO., LTD.",KOSDAQ,00201742,281,전기장비,false,,,matched,ticker,6500,74880000000,20260907
206650,유바이오로직스,"EuBiologics Co., Ltd.",KOSDAQ,00927558,212,의료용 물질·의약품,false,,,matched,ticker,8620,316804886340,20260907
089850,유비벨록스,UbiVelox Inc.,KOSDAQ,00592653,58221,출판업,false,,,matched,ticker,4125,60762070875,20260907
084440,유비온,UBION CO.LTD.,KOSDAQ,00531078,582,출판업,false,,,matched,ticker,1196,22882375516,20260907
264450,유비쿼스,Ubiquoss Inc.,KOSDAQ,01203376,26410,전자부품·컴퓨터·통신장비,false,,,matched,ticker,10240,150174648320,20260907
078070,유비쿼스홀딩스,Ubiquoss Holdings Inc.,KOSDAQ,00411385,64992,금융업,false,,,matched,ticker,8670,147900168810,20260907
024800,유성티엔에스,"YOOSUNG T&S CO.,LTD",KOSDAQ,00173999,492,육상운송,false,,,matched,ticker,4760,167672761200,20260907
054930,유신,Yooshin Engineering Corporation,KOSDAQ,00144650,72111,건축기술·엔지니어링,false,,,matched,ticker,18530,55590000000,20260907
069330,유아이디,"U.I.DISPLAY CO.,LTD.",KOSDAQ,00400121,26211,전자부품·컴퓨터·통신장비,false,,,matched,ticker,1295,21953583330,20260907
049520,유아이엘,"UIL Co.,Ltd",KOSDAQ,00256380,2629,전자부품·컴퓨터·통신장비,false,,,matched,ticker,3875,119515171875,20260907
473050,유안타제15호스팩,Yuanta 15 SPECIAL PURPOSE ACQUISITION COMPANY,KOSDAQ,01798980,66199,금융·보험 관련 서비스,false,,,matched,ticker,2100,14721000000,20260907
474490,유안타제16호스팩,Yuanta 16 SPECIAL PURPOSE ACQUISITION COMPANY,KOSDAQ,01804476,661,금융·보험 관련 서비스,false,,,matched,ticker,2080,11460800000,20260907
493790,유안타제17호스팩,Yuanta 17 SPECIAL PURPOSE ACQUISITION COMPANY,KOSDAQ,01872219,66199,금융·보험 관련 서비스,false,,,matched,ticker,2030,10779300000,20260907
263770,유에스티,"UST CO., LTD.",KOSDAQ,01196313,241,1차 금속,false,,,matched,ticker,1643,38939382596,20260907
388720,유일로보틱스,"Yuilrobotics.  co., Ltd",KOSDAQ,01152586,292,기타 기계·장비,false,,,matched,ticker,66200,779925039000,20260907
023410,유진기업,EUGENE Corporation,KOSDAQ,00184667,23322,비금속 광물제품,false,,,matched,ticker,3230,249714087490,20260907
056080,유진로봇,"Yujin Robot Co., Ltd.",KOSDAQ,00234227,292,기타 기계·장비,false,,,matched,ticker,12210,466855284060,20260907
468760,유진스팩10호,EUGENE SPECIAL PURPOSE ACQUISITION 10 COMPANY,KOSDAQ,01787072,66191,금융·보험 관련 서비스,false,,,matched,ticker,2080,8819200000,20260907
488060,유진스팩11호,EUGENE SPECIAL PURPOSE ACQUISITION 11 COMPANY,KOSDAQ,01854392,66199,금융·보험 관련 서비스,false,,,matched,ticker,2045,9652400000,20260907
0105P0,유진스팩12호,,KOSDAQ,,,,false,,spac,not_matched,,1985,11235100000,20260907
084370,유진테크,"EugeneTechnologyCo.,Ltd.",KOSDAQ,00531014,29271,기타 기계·장비,false,,,matched,ticker,143200,3281577214400,20260907
240600,유진테크놀로지,"YUJIN TECHNOLOGY CO.,LTD.",KOSDAQ,01085026,259,금속가공제품,false,,,matched,ticker,1706,14158793460,20260907
179900,유티아이,UTI INC.,KOSDAQ,00961774,2629,전자부품·컴퓨터·통신장비,false,,,matched,ticker,2435,52521291765,20260907
263050,유틸렉스,"Eutilex Co.,Ltd.",KOSDAQ,01110678,211,의료용 물질·의약품,false,,,matched,ticker,959,35324626904,20260907
191410,육일씨엔에쓰,"RYUK-IL C&S., Ltd.",KOSDAQ,00843900,262,전자부품·컴퓨터·통신장비,false,,,matched,ticker,1797,20134046235,20260907
372170,윤성에프앤씨,"YUNSUNG F&C Co.,Ltd",KOSDAQ,00925374,292,기타 기계·장비,false,,,matched,ticker,22400,178730675200,20260907
146060,율촌,"YulChon co., Ltd",KOSDAQ,00495633,24131,1차 금속,false,,,matched,ticker,1077,25864795815,20260907
039020,이건홀딩스,"EAGON HOLDINGS CO., LTD.",KOSDAQ,00184889,161,목재 제조,false,,,matched,ticker,2660,60075325940,20260907
067920,이글루,IGLOO Corporation,KOSDAQ,00364847,639,정보서비스업,false,,,matched,ticker,5280,58059508320,20260907
044960,이글벳,"Eagle Veterinary Technology Co.,Ltd",KOSDAQ,00145473,467,도매·상품중개,false,,,matched,ticker,3175,40137978525,20260907
303530,이노뎁,INNODEP INC.,KOSDAQ,01264872,582,출판업,false,,,matched,ticker,2980,21871111020,20260907
302430,이노메트리,"INNOMETRY Co., Ltd.",KOSDAQ,01258710,29299,기타 기계·장비,false,,,matched,ticker,6870,67554138960,20260907
462350,이노스페이스,"INNOSPACE Co., Ltd.",KOSDAQ,01700587,31311,기타 운송장비,false,,,matched,ticker,5790,196174301880,20260907
274400,이노시뮬레이션,"INNOSIMULATION CO., LTD.",KOSDAQ,00965318,58221,출판업,false,,,matched,ticker,2235,20308311855,20260907
296640,이노에이엑스,"INNOAX CO.,LTD",KOSDAQ,01341630,58222,출판업,false,,,matched,ticker,6110,31639119720,20260907
215790,이노인스트루먼트,INNO INSTRUMENT INC.,KOSDAQ,01065679,264,전자부품·컴퓨터·통신장비,false,,,matched,ticker,650,26184046850,20260907
344860,이노진,"INNOGENE Co., Ltd.",KOSDAQ,01419135,20423,화학물질·화학제품,false,,,matched,ticker,1322,19076460000,20260907
333050,이노테나,"Innotena, Inc.",KOSDAQ,01407158,582,출판업,false,,,matched,ticker,4995,24597477900,20260907
469610,이노테크,"INNOTECH Co.,Ltd",KOSDAQ,01745173,29299,기타 기계·장비,false,,,matched,ticker,15410,137810089000,20260907
088390,이녹스,INNOXCorporation,KOSDAQ,00494476,319,기타 운송장비,false,,,matched,ticker,8000,75086752000,20260907
272290,이녹스첨단소재,"INNOX Advanced Materials Co., Ltd.",KOSDAQ,01237540,2629,전자부품·컴퓨터·통신장비,false,,,matched,ticker,20600,410712685400,20260907
053350,이니텍,"INITECH Co., Ltd.",KOSDAQ,00353610,58221,출판업,false,,,matched,ticker,4015,88414575975,20260907
452400,이닉스,INICS Corporation,KOSDAQ,00338170,30399,자동차·트레일러,false,,,matched,ticker,6240,56605710720,20260907
264850,이랜시스,"Elensys Co.,Ltd.",KOSDAQ,01199189,262,전자부품·컴퓨터·통신장비,false,,,matched,ticker,5620,170255719440,20260907
054210,이랜텍,"Elentec Co., Ltd",KOSDAQ,00206659,262,전자부품·컴퓨터·통신장비,false,,,matched,ticker,7000,177038470000,20260907
009730,이렘,"IREM Co.,Ltd.",KOSDAQ,00116426,2413,1차 금속,false,,,matched,ticker,2035,16230148605,20260907
065440,이루온,ELUON Corporation,KOSDAQ,00390514,58221,출판업,false,,,matched,ticker,1337,36466701740,20260907
424870,이뮨온시아,"ImmuneOncia Therapeutics, Inc.",KOSDAQ,01203659,70113,연구개발업,false,,,matched,ticker,2910,265792151190,20260907
115610,이미지스,"IMAGIS Co., Ltd.",KOSDAQ,00694942,2611,전자부품·컴퓨터·통신장비,false,,,matched,ticker,1602,18933667938,20260907
478110,이베스트스팩6호,Ebest Special Purpose Acquisition No6 Company,KOSDAQ,01815764,661,금융·보험 관련 서비스,false,,,matched,ticker,2055,10316100000,20260907
131400,이브이첨단소재,"EV ADVANCED MATERIAL CO., LTD.",KOSDAQ,00533924,2622,전자부품·컴퓨터·통신장비,false,,,matched,ticker,824,49103710768,20260907
351330,이삭엔지니어링,"ISAAC Engineering Co., Ltd.",KOSDAQ,01135640,62021,컴퓨터 프로그래밍·SI,false,,,matched,ticker,3440,28512508800,20260907
080010,이상네트웍스,"eSANGNetworksCo.,Ltd",KOSDAQ,00454399,4610,도매·상품중개,false,,,matched,ticker,7300,71796018300,20260907
086890,이수앱지스,"ISU Abxis Co., Ltd.",KOSDAQ,00526872,213,의료용 물질·의약품,false,,,matched,ticker,3410,139042552220,20260907
047560,이스트소프트,ESTsoftCorp.,KOSDAQ,00273420,58221,출판업,false,,,matched,ticker,7630,89676015660,20260907
239340,이스트에이드,ESTaid Corp.,KOSDAQ,01128622,631,정보서비스업,false,,,matched,ticker,504,13597735536,20260907
067010,이씨에스,"ECSTELECOMCo.,Ltd.",KOSDAQ,00400060,620,컴퓨터 프로그래밍·SI,false,,,matched,ticker,2545,27711232500,20260907
456070,이엔셀,"ENCell Co., Ltd.",KOSDAQ,01544468,211,의료용 물질·의약품,false,,,matched,ticker,5550,61213819350,20260907
102710,이엔에프테크놀로지,"ENF Technology Co., Ltd",KOSDAQ,00530185,2049,화학물질·화학제품,false,,,matched,ticker,42200,602946679200,20260907
041520,이엘씨,"ELC Co., Ltd.",KOSDAQ,00137289,272,의료·정밀·광학기기,false,,,matched,ticker,11760,143339464800,20260907
063760,이엘피,ELP Corp.,KOSDAQ,00374020,27212,의료·정밀·광학기기,false,,,matched,ticker,2370,22100558100,20260907
123570,이엠넷,EMNET INC.,KOSDAQ,00616290,71310,전문서비스업,false,,,matched,ticker,1660,36978289480,20260907
083470,이엠앤아이,"EMnI Co., Ltd.",KOSDAQ,00475718,201,화학물질·화학제품,false,,,matched,ticker,907,19355678403,20260907
091120,이엠텍,"EM-Tech.CO.,LTD.",KOSDAQ,00541163,262,전자부품·컴퓨터·통신장비,false,,,matched,ticker,4835,82837745560,20260907
039030,이오테크닉스,"EO Technics CO.,LTD",KOSDAQ,00246417,29271,기타 기계·장비,false,,,matched,ticker,456000,5617714800000,20260907
294090,이오플로우,"EOFlow Co., Ltd.",KOSDAQ,01274310,27199,의료·정밀·광학기기,false,,,matched,ticker,1490,62295566450,20260907
088290,이원컴포텍,"EWON COMFORTECH CO.,LTD",KOSDAQ,00409140,303,자동차·트레일러,false,,,matched,ticker,2425,19341974600,20260907
353810,이지바이오,"EASY BIO, Inc.",KOSDAQ,01480568,109,식료품 제조,false,,,matched,ticker,6160,203784627200,20260907
261520,이지스,"EGIS Co., Ltd",KOSDAQ,01211889,58221,출판업,false,,,matched,ticker,5280,54266784000,20260907
099750,이지케어텍,"ezCaretech Co., LTD",KOSDAQ,00490090,58222,출판업,false,,,matched,ticker,6840,93428743320,20260907
377330,이지트로닉스,"EGTRONICS Co., Ltd.",KOSDAQ,01140837,2811,전기장비,false,,,matched,ticker,2750,22384873500,20260907
035810,이지홀딩스,"Easy Holdings Co., Ltd.",KOSDAQ,00242378,109,식료품 제조,false,,,matched,ticker,4745,306129297825,20260907
092130,이크레더블,"e-Credible Co., Ltd.",KOSDAQ,00634728,63991,정보서비스업,false,,,matched,ticker,14460,174150456000,20260907
134060,이퓨쳐,"e-future.Co.,Ltd.",KOSDAQ,00788737,58111,출판업,false,,,matched,ticker,5570,26564722500,20260907
001840,이화공영,EehwaConstruction,KOSDAQ,00145668,411,종합 건설,false,,,matched,ticker,2215,62588831935,20260907
041830,인바디,"InBody Co., Ltd.",KOSDAQ,00269922,27199,의료·정밀·광학기기,false,,,matched,ticker,60000,808852920000,20260907
352940,인바이오,"ENBIOCO., LTD.",KOSDAQ,00367871,2032,화학물질·화학제품,false,,,matched,ticker,2000,21735460000,20260907
079950,인베니아,"INVENIA Co.,Ltd.",KOSDAQ,00409371,29272,기타 기계·장비,false,,,matched,ticker,1490,20560659000,20260907
0007J0,인벤테라,,KOSDAQ,,,,false,,,not_matched,,8390,65993340460,20260907
389470,인벤티지랩,Inventage Lab Inc.,KOSDAQ,01516456,701,연구개발업,false,,,matched,ticker,26200,348661949600,20260907
277410,인산가,INSAN Inc.,KOSDAQ,01243161,108,식료품 제조,false,,,matched,ticker,5600,21510440000,20260907
060150,인선이엔티,INSUN ENVIRONMENTAL NEW TECHNOLOGY CO.,KOSDAQ,00375931,38230,폐기물 수집·처리,false,,,matched,ticker,3010,137146472120,20260907
033230,인성정보,"INSUNG INFORMATION CO., LTD",KOSDAQ,00229021,62021,컴퓨터 프로그래밍·SI,false,,,matched,ticker,1053,53192695140,20260907
450520,인스웨이브,"Inswave Co., Ltd.",KOSDAQ,01222113,58222,출판업,false,,,matched,ticker,1918,28203380604,20260907
465480,인스피언,"Inspien, Inc.",KOSDAQ,01284876,582,출판업,false,,,matched,ticker,3495,35431513140,20260907
950260,인제니아테라퓨틱스(Reg.S),,KOSDAQ,,,,false,,,not_matched,,16230,802485971610,20260907
037330,인지디스플레,INZI DISPLAY COMPANY LIMITED,KOSDAQ,00265421,26211,전자부품·컴퓨터·통신장비,false,,,matched,ticker,729,31992328296,20260907
100030,인지소프트,"Inzisoft Co., Ltd.",KOSDAQ,00641171,58222,출판업,false,,,matched,ticker,20050,65838465700,20260907
211050,인카금융서비스,"INCAR FINANCIAL SERVICE Co.,Ltd.",KOSDAQ,01013694,66202,금융·보험 관련 서비스,false,,,matched,ticker,11050,544363409850,20260907
083640,인콘,"INCON Co., Ltd.",KOSDAQ,00475976,468,도매·상품중개,false,,,matched,ticker,1087,24955718841,20260907
064090,인크레더블버즈,InkredibleBuzz Inc.,KOSDAQ,00390408,468,도매·상품중개,false,,,matched,ticker,798,39694710510,20260907
216050,인크로스,"Incross Co.,Ltd.",KOSDAQ,00819073,71310,전문서비스업,false,,,matched,ticker,5160,62944889520,20260907
049070,인탑스,"INTOPS CO., LTD.",KOSDAQ,00226866,2642,전자부품·컴퓨터·통신장비,false,,,matched,ticker,19280,303511544000,20260907
119610,인터로조,INTEROJO CO. LTD.,KOSDAQ,00604426,271,의료·정밀·광학기기,false,,,matched,ticker,14150,161504520050,20260907
017250,인터엠,IntermCorporation,KOSDAQ,00145914,265,전자부품·컴퓨터·통신장비,false,,,matched,ticker,1056,22224013152,20260907
051370,인터플렉스,"INTERFLEX CO., LTD.",KOSDAQ,00369170,2622,전자부품·컴퓨터·통신장비,false,,,matched,ticker,6410,149529095520,20260907
064290,인텍플러스,"INTEKPLUS CO., LTD",KOSDAQ,00479787,292,기타 기계·장비,false,,,matched,ticker,40600,526077666800,20260907
189300,인텔리안테크,INTELLIAN TECHNOLOGIES Inc.,KOSDAQ,00664181,26429,전자부품·컴퓨터·통신장비,false,,,matched,ticker,63500,681831059500,20260907
287840,인투셀,"IntoCell, Inc.",KOSDAQ,01374443,70113,연구개발업,false,,,matched,ticker,17350,260631006000,20260907
048530,인트론바이오,"iNtRON Biotechnology, Inc.",KOSDAQ,00292434,211,의료용 물질·의약품,false,,,matched,ticker,2870,88659345460,20260907
070590,인티큐브,"Inticube Co., Ltd.",KOSDAQ,00470829,62010,컴퓨터 프로그래밍·SI,false,,,matched,ticker,2120,29424584520,20260907
115310,인포바인,"INFOvine co., Ltd.",KOSDAQ,00491415,61299,통신업,false,,,matched,ticker,9300,137933405700,20260907
039290,인포뱅크,InfoBankCorporation,KOSDAQ,00243757,639,정보서비스업,false,,,matched,ticker,3805,33080586290,20260907
071200,인피니트헬스케어,"INFINITT Healthcare Co., Ltd.",KOSDAQ,00435969,582,출판업,false,,,matched,ticker,9100,222007767800,20260907
101930,인화정공,"Inhwa Precision Co., Ltd.",KOSDAQ,00482426,31114,기타 운송장비,false,,,matched,ticker,6410,292902841110,20260907
333430,일승,"IL SEUNG Co., LTD",KOSDAQ,01396676,311,기타 운송장비,false,,,matched,ticker,3805,116915272335,20260907
068330,일신바이오,"ilShinbiobase Co., Ltd.",KOSDAQ,00385415,29171,기타 기계·장비,false,,,matched,ticker,1121,49566292940,20260907
178780,일월지엠엘,"ILWOUL GML Co.,Ltd",KOSDAQ,00923826,468,도매·상품중개,false,,,matched,ticker,2445,45572831775,20260907
019540,일지테크,"ILJI TECHNOLOGY CO.,LTD",KOSDAQ,00146560,303,자동차·트레일러,false,,,matched,ticker,5390,72837765000,20260907
094820,일진파워,"ILJIN POWER CO., LTD.",KOSDAQ,00485177,423,전문직별 공사,false,,,matched,ticker,11880,179135062920,20260907
950140,잉글우드랩,"Englewood Lab, Inc.",KOSDAQ,01165739,204,화학물질·화학제품,false,,,matched,ticker,8560,170068932960,20260907
049550,잉크테크,"INKTEC CO., LTD.",KOSDAQ,00261656,20413,화학물질·화학제품,false,,,matched,ticker,3460,67837718420,20260907
389020,자람테크놀로지,"Zaram Technology,Inc.",KOSDAQ,01365038,261,전자부품·컴퓨터·통신장비,false,,,matched,ticker,21850,150876041700,20260907
254120,자비스,"XAVIS CO., Ltd.",KOSDAQ,01174038,292,기타 기계·장비,false,,,matched,ticker,1024,31492372480,20260907
043910,자연과환경,"NatureandEnvironmentCo.,Ltd.",KOSDAQ,00418379,233,비금속 광물제품,false,,,matched,ticker,3500,39687007500,20260907
234920,자이글,"Zaigle Co., Ltd.",KOSDAQ,01020524,28511,전기장비,false,,,matched,ticker,5310,71849132100,20260907
289220,자이언트스텝,GIANTSTEP Inc.,KOSDAQ,01264438,59113,영상·오디오 제작,false,,,matched,ticker,1033,23048524293,20260907
049630,재영솔루텍,"JAEYOUNG SOLUTEC CO.,LTD.",KOSDAQ,00147082,27309,의료·정밀·광학기기,false,,,matched,ticker,7060,164957881340,20260907
417840,저스템,"Justem.CO.,LTD",KOSDAQ,01383229,29271,기타 기계·장비,false,,,matched,ticker,14080,322000884480,20260907
110020,전진바이오팜,"JEONJINBIO CO., LTD.",KOSDAQ,00632793,2049,화학물질·화학제품,false,,,matched,ticker,1988,18008818856,20260907
208140,정다운,"JUNGDAWN Co., Ltd.",KOSDAQ,01047415,101,식료품 제조,false,,,matched,ticker,2280,74520080880,20260907
040420,정상제이엘에스,"JLS CO.,LTD.",KOSDAQ,00287788,8550,교육서비스업,false,,,matched,ticker,5830,91400128160,20260907
045510,정원엔시스,ZUNGWON EN-SYS INC.,KOSDAQ,00147772,46510,도매·상품중개,false,,,matched,ticker,1095,34470552915,20260907
217190,제너셈,Genesem Inc.,KOSDAQ,00666204,29271,기타 기계·장비,false,,,matched,ticker,6450,84841758450,20260907
095700,제넥신,"Genexine, Inc.",KOSDAQ,00545929,70113,연구개발업,false,,,matched,ticker,3055,139126209170,20260907
122310,제노레이,"GENORAY Co., LTD.",KOSDAQ,00799539,27111,의료·정밀·광학기기,false,,,matched,ticker,3300,48027685200,20260907
361390,제노코,"Genohco, Inc",KOSDAQ,01014718,26429,전자부품·컴퓨터·통신장비,false,,,matched,ticker,11970,116544480570,20260907
225220,제놀루션,GENOLUTION INC.,KOSDAQ,01062177,211,의료용 물질·의약품,false,,,matched,ticker,1378,26443848938,20260907
123330,제닉,"Genic Co.,Ltd",KOSDAQ,00624998,204,화학물질·화학제품,false,,,matched,ticker,28350,225912078000,20260907
381620,제닉스로보틱스,"ZENIX ROBOTICS CO.,LTD",KOSDAQ,01293485,29299,기타 기계·장비,false,,,matched,ticker,6060,79494595200,20260907
159580,제로투세븐,Zero to Seven Inc,KOSDAQ,00563837,46414,도매·상품중개,false,,,matched,ticker,2240,44873104640,20260907
147830,제룡산업,"CHERYONG INDUSTRIAL CO.,LTD.",KOSDAQ,00899556,251,금속가공제품,false,,,matched,ticker,6900,138000000000,20260907
033100,제룡전기,"CHERYONG ELECTRIC CO.,LTD.",KOSDAQ,00185356,2811,전기장비,false,,,matched,ticker,45900,737264573100,20260907
079370,제우스,"ZEUSCO.,LTD.",KOSDAQ,00442570,29271,기타 기계·장비,false,,,matched,ticker,10780,334363152200,20260907
054950,제이브이엠,"JVMCO.,LTD",KOSDAQ,00361381,29192,기타 기계·장비,false,,,matched,ticker,23400,282903472800,20260907
090470,제이스로보틱스,JAS Robotics Inc.,KOSDAQ,00493185,29271,기타 기계·장비,false,,,matched,ticker,4580,80042800520,20260907
023440,제이스코홀딩스,J Steel Company Holdings Inc.  ,KOSDAQ,00148531,24121,1차 금속,false,,,matched,ticker,521,46964378481,20260907
137950,제이씨케미칼,"JC Chemical Corporation, LTD.",KOSDAQ,00664853,2049,화학물질·화학제품,false,,,matched,ticker,3900,86844474600,20260907
033320,제이씨현시스템,"JCH Systems, Inc.",KOSDAQ,00223513,46510,도매·상품중개,false,,,matched,ticker,3090,59063594880,20260907
417500,제이아이테크,"JI-TECH Co., Ltd.",KOSDAQ,01367586,204,화학물질·화학제품,false,,,matched,ticker,4125,135237069000,20260907
204270,제이앤티씨,"JNTC CO.,LTD.",KOSDAQ,00447575,262,전자부품·컴퓨터·통신장비,false,,,matched,ticker,20650,1194570822900,20260907
127120,제이에스링크,"JS Link, Inc.",KOSDAQ,00642541,70111,연구개발업,false,,,matched,ticker,32400,1186992370800,20260907
026040,제이에스티나,"J.ESTINA Co.,Ltd",KOSDAQ,00120289,331,기타 제품 제조,false,,,matched,ticker,2530,41754588700,20260907
452160,제이엔비,"JNB Co.,Ltd",KOSDAQ,01309421,29271,기타 기계·장비,false,,,matched,ticker,3135,30150947145,20260907
126880,제이엔케이글로벌,"JNK Global Co., Ltd.",KOSDAQ,00442154,291,기타 기계·장비,false,,,matched,ticker,2515,58267829345,20260907
322510,제이엘케이,"JLK, Inc.",KOSDAQ,01153293,582,출판업,false,,,matched,ticker,4645,119496768340,20260907
033050,제이엠아이,"JEONGMOON INFORMATION CO.,LTD.",KOSDAQ,00222435,204,화학물질·화학제품,false,,,matched,ticker,825,26267445600,20260907
094970,제이엠티,"JMT CO.,Ltd.",KOSDAQ,00533508,2629,전자부품·컴퓨터·통신장비,false,,,matched,ticker,2725,45638954000,20260907
418550,제이오,"JEIO Co., Ltd.",KOSDAQ,00411808,721,건축기술·엔지니어링,false,,,matched,ticker,4715,150963328195,20260907
060230,제이케이시냅스,"JK Synapse Co., Ltd.",KOSDAQ,00363510,204,화학물질·화학제품,false,,,matched,ticker,1240,24236070320,20260907
420570,제이투케이바이오,"J2KBIO Co., Ltd.",KOSDAQ,01553129,20423,화학물질·화학제품,false,,,matched,ticker,9130,53387519790,20260907
089790,제이티,JT Corporation.,KOSDAQ,00365457,29271,기타 기계·장비,false,,,matched,ticker,4965,51216522045,20260907
0010V0,제이피아이헬스케어,,KOSDAQ,,,,false,,,not_matched,,8830,45080682000,20260907
412540,제일엠앤에스,"JEIL M&S CO., LTD",KOSDAQ,00528791,292,기타 기계·장비,false,,,matched,ticker,3935,81063616775,20260907
199820,제일일렉트릭,"CHEIL ELECTRIC CO.,LTD.",KOSDAQ,00148470,28123,전기장비,false,,,matched,ticker,7370,163761400000,20260907
038010,제일테크노스,"JEIL TECHNOS CO.,LTD",KOSDAQ,00148595,2511,금속가공제품,false,,,matched,ticker,5300,47700000000,20260907
080220,제주반도체,Jeju Semiconductor Corp.,KOSDAQ,00447487,2611,전자부품·컴퓨터·통신장비,false,,,matched,ticker,73800,2541881075400,20260907
216080,제테마,"JETEMA Co.,Ltd.",KOSDAQ,01222867,213,의료용 물질·의약품,false,,,matched,ticker,6580,245349111420,20260907
337930,젝시믹스,XEXYMIX Corporation,KOSDAQ,01391103,639,정보서비스업,false,,,matched,ticker,2610,77455599750,20260907
229000,젠큐릭스,Gencurix Inc.,KOSDAQ,01051472,213,의료용 물질·의약품,false,,,matched,ticker,1911,44771223315,20260907
082270,젬백스,"GemVax & KAEL Co.,Ltd.",KOSDAQ,00492894,29271,기타 기계·장비,false,,,matched,ticker,10380,459514327140,20260907
153890,져스텍,"Justek, Inc.",KOSDAQ,00577593,28111,전기장비,false,,,matched,ticker,11620,140024544100,20260907
034940,조아제약,"ChoA Pharmaceutical Co., LTD.",KOSDAQ,00231831,212,의료용 물질·의약품,false,,,matched,ticker,2905,17999278325,20260907
067000,조이시티,JoyCity Corporation,KOSDAQ,00397252,5821,출판업,false,,,matched,ticker,1145,80039445670,20260907
309930,조이웍스앤코,"JOYWORKS&Co Co.,Ltd.",KOSDAQ,01335453,475,소매업,false,,,matched,ticker,889,17118485321,20260907
018700,졸스,"JOLSE CO.,LTD.",KOSDAQ,00122205,464,도매·상품중개,false,,,matched,ticker,1432,23946276320,20260907
033340,좋은사람들,"GOOD PEOPLE CO., LTD.",KOSDAQ,00205003,14120,의복 제조,false,,,matched,ticker,649,62920912142,20260907
036930,주성엔지니어링,"JUSUNG ENGINEERING Co.,Ltd.",KOSDAQ,00252135,29229,기타 기계·장비,false,,,matched,ticker,187200,8701265851200,20260907
072020,중앙백신,CHOONG ANG VACCINE LABORATORY,KOSDAQ,00415327,211,의료용 물질·의약품,false,,,matched,ticker,9310,86180631110,20260907
000440,중앙에너비스,"Joong Ang Enervis Co.,Ltd.",KOSDAQ,00149770,46712,도매·상품중개,false,,,matched,ticker,12170,75784172100,20260907
051980,중앙첨단소재,"JOONGANG ADVANCED MATERIALS Co., Ltd",KOSDAQ,00347716,264,전자부품·컴퓨터·통신장비,false,,,matched,ticker,1006,111758259254,20260907
221800,지구홀딩스,"ZGOO Holdings Co., Ltd.",KOSDAQ,01026616,72911,건축기술·엔지니어링,false,,,matched,ticker,4090,66744100590,20260907
228760,지노믹트리,Genomictree Inc.,KOSDAQ,01108248,701,연구개발업,false,,,matched,ticker,10550,262264581100,20260907
314130,지놈앤컴퍼니,Genome&Company,KOSDAQ,01276026,211,의료용 물질·의약품,false,,,matched,ticker,3445,180171519125,20260907
389030,지니너스,GENINUS Inc.,KOSDAQ,01494154,70113,연구개발업,false,,,matched,ticker,1730,68148628830,20260907
263860,지니언스,"GENIANS, INC.",KOSDAQ,00962223,58221,출판업,false,,,matched,ticker,15260,138554696000,20260907
303030,지니틱스,"Zinitix Co.,Ltd.",KOSDAQ,01318933,261,전자부품·컴퓨터·통신장비,false,,,matched,ticker,1630,14926685880,20260907
208350,지란지교시큐리티,"Jiransecurity Co., Ltd.",KOSDAQ,01047169,582,출판업,false,,,matched,ticker,3030,24547757100,20260907
446840,지슨,"GITSN, Inc.",KOSDAQ,01693922,272,의료·정밀·광학기기,false,,,matched,ticker,3010,33160014160,20260907
144510,지씨셀,GC CELL CORPORATION,KOSDAQ,01010642,73909,기타 과학기술 서비스,false,,,matched,ticker,15100,238585194400,20260907
340450,지씨지놈,GC Genome Corporation,KOSDAQ,01432598,739,기타 과학기술 서비스,false,,,matched,ticker,5500,130079361500,20260907
306620,지아이에스,"GIS Co., Ltd.",KOSDAQ,01325429,292,기타 기계·장비,false,,,matched,ticker,1805,86535642120,20260907
358570,지아이이노베이션,GI Innovation Inc.,KOSDAQ,01351080,70113,연구개발업,false,,,matched,ticker,8770,565805372620,20260907
382480,지아이텍,"G.I.Tech Co.,Ltd.",KOSDAQ,01311310,292,기타 기계·장비,false,,,matched,ticker,1618,63679852520,20260907
382800,지앤비에스 에코,"GnBS eco Co.,Ltd",KOSDAQ,00958327,29271,기타 기계·장비,false,,,matched,ticker,5080,161701688280,20260907
051160,지어소프트,GAEASOFT ,KOSDAQ,00389110,58221,출판업,false,,,matched,ticker,9840,152268391200,20260907
053050,지에스이,"GSE Co., Ltd.",KOSDAQ,00351995,35200,전기·가스·증기,false,,,matched,ticker,1966,58955615702,20260907
388610,지에프씨생명과학,"GFC Life Science Co., Ltd.",KOSDAQ,01221752,20495,화학물질·화학제품,false,,,matched,ticker,5060,26946437980,20260907
493330,지에프아이,"GFI Co., Ltd",KOSDAQ,01450938,29192,기타 기계·장비,false,,,matched,ticker,14980,120431904740,20260907
119850,지엔씨에너지,"GnCenergy Co., Ltd.",KOSDAQ,00626464,28111,전기장비,false,,,matched,ticker,44500,731976450500,20260907
065060,지엔코,"Great New wave Coming Co., Ltd.",KOSDAQ,00258102,141,의복 제조,false,,,matched,ticker,3380,20247504680,20260907
204840,지엘팜텍,GL Pharm Tech Corp.,KOSDAQ,01042359,464,도매·상품중개,false,,,matched,ticker,5730,88871159730,20260907
311320,지오엘리먼트,"GO Element Co., Ltd.",KOSDAQ,00668965,262,전자부품·컴퓨터·통신장비,false,,,matched,ticker,8870,111891147200,20260907
456160,지투지바이오,"G2GBIO, Inc.",KOSDAQ,01577952,21212,의료용 물질·의약품,false,,,matched,ticker,38300,636907015800,20260907
388050,지투파워,G2Power Co. Ltd,KOSDAQ,01462605,28123,전기장비,false,,,matched,ticker,10460,195700711020,20260907
018120,진로발효,JinroDistillers,KOSDAQ,00170877,11121,음료 제조,false,,,matched,ticker,16670,110374070400,20260907
109820,진매트릭스,GENEMATRIX INC.,KOSDAQ,00552992,70113,연구개발업,false,,,matched,ticker,1630,33241633200,20260907
086060,진바이오텍,"GeneBioTechCo.,Ltd.",KOSDAQ,00491053,462,도매·상품중개,false,,,matched,ticker,4890,42105770430,20260907
036890,진성티이씨,JINSUNG T.E.C,KOSDAQ,00174208,29241,기타 기계·장비,false,,,matched,ticker,12860,283339531780,20260907
363250,진시스템,"Genesystem Co., Ltd",KOSDAQ,01437858,271,의료·정밀·광학기기,false,,,matched,ticker,3995,33990986090,20260907
007370,진양제약,"JIN YANG PHARMACEUTICAL. CO., LTD",KOSDAQ,00150536,212,의료용 물질·의약품,false,,,matched,ticker,4000,56538348000,20260907
285800,진영,"JINYOUNG CO., LTD",KOSDAQ,00816933,2221,고무·플라스틱,false,,,matched,ticker,733,13171211763,20260907
085660,차바이오텍,"Chabiotech Co.,Ltd.",KOSDAQ,00525679,211,의료용 물질·의약품,false,,,matched,ticker,8090,752150324140,20260907
351870,차이커뮤니케이션,"Chai Communication Co., LTD.",KOSDAQ,00909835,71310,전문서비스업,false,,,matched,ticker,2565,28627046730,20260907
094850,참좋은여행,"Very Good Tour Co.,Ltd.",KOSDAQ,00606770,752,사업시설 관리,false,,,matched,ticker,4290,60060000000,20260907
004650,창해에탄올,"Changhae Ethanol Co., Ltd.",KOSDAQ,00123523,11121,음료 제조,false,,,matched,ticker,9390,86302410150,20260907
0011T0,채비,,KOSDAQ,,,,false,,,not_matched,,4695,220428329745,20260907
278280,천보,"Chunbo Co., Ltd.",KOSDAQ,00897752,201,화학물질·화학제품,false,,,matched,ticker,39950,489508348750,20260907
362320,청담글로벌,"CHUNGDAMGLOBAL Co., Ltd.",KOSDAQ,01534577,46443,도매·상품중개,false,,,matched,ticker,4450,92083480650,20260907
013720,청보,"CHEONGBO CO., LTD.",KOSDAQ,00151605,303,자동차·트레일러,false,,,matched,ticker,2355,28650053940,20260907
066360,체리부로,"Cherrybro Co.,Ltd",KOSDAQ,00216434,10121,식료품 제조,false,,,matched,ticker,1384,33182793688,20260907
047820,초록뱀미디어,"CHOROKBAEM MEDIA CO.,LTD.",KOSDAQ,00299464,59114,영상·오디오 제작,false,,,matched,ticker,3120,76296261600,20260907
291650,츌립앤사이언스,Aptamer Sciences Inc,KOSDAQ,01265251,701,연구개발업,false,,,matched,ticker,1616,49319707536,20260907
094360,칩스앤미디어,"Chips&Media, Inc.",KOSDAQ,00579971,261,전자부품·컴퓨터·통신장비,false,,,matched,ticker,10790,230423406460,20260907
0082N0,카나프테라퓨틱스,,KOSDAQ,,,,false,,,not_matched,,14330,190597311400,20260907
016920,카스,Cas,KOSDAQ,00152260,465,도매·상품중개,false,,,matched,ticker,1121,28808278572,20260907
284620,카이노스메드,"KAINOS MEDICINE, INC.",KOSDAQ,01263527,701,연구개발업,false,,,matched,ticker,1087,35965517911,20260907
293490,카카오게임즈,Kakao Games Corp.,KOSDAQ,01137383,5821,출판업,false,,,matched,ticker,8900,950032858500,20260907
140430,카티스,CATIS INC.,KOSDAQ,01116265,620,컴퓨터 프로그래밍·SI,false,,,matched,ticker,1735,18546294645,20260907
042000,카페24,Cafe24 Corp.,KOSDAQ,00260879,63112,정보서비스업,false,,,matched,ticker,16130,389993865970,20260907
313760,캐리,"CARRY CO., LTD.",KOSDAQ,00863038,2811,전기장비,false,,,matched,ticker,468,5244963048,20260907
071850,캐스텍코리아,"CASTEC KOREA CO.,LTD",KOSDAQ,00302582,303,자동차·트레일러,false,,,matched,ticker,1283,31126783454,20260907
198080,캐프,"CAP Co.,Ltd.",KOSDAQ,00876643,26224,전자부품·컴퓨터·통신장비,false,,,matched,ticker,2170,46731351450,20260907
210120,캔버스엔,"CANVAS N Co.,Ltd.",KOSDAQ,00550082,59114,영상·오디오 제작,false,,,matched,ticker,1715,16626909565,20260907
050110,캠시스,CammSys Corp.,KOSDAQ,00330044,262,전자부품·컴퓨터·통신장비,false,,,matched,ticker,1157,33813120211,20260907
452300,캡스톤파트너스,"Capstone Partners Co., Ltd.",KOSDAQ,01497124,649,금융업,false,,,matched,ticker,2285,32377318925,20260907
451760,컨텍,"CONTEC Co.,Ltd",KOSDAQ,01685251,620,컴퓨터 프로그래밍·SI,false,,,matched,ticker,7000,115554418000,20260907
900310,컬러레이,"Coloray International Investment Co., Limited",KOSDAQ,01236286,649,금융업,false,,,matched,ticker,2260,28946837100,20260907
078340,컴투스,Com2us Corporation,KOSDAQ,00476498,5821,출판업,false,,,matched,ticker,31700,383294622100,20260907
291230,컴투스엔,NP Inc.,KOSDAQ,01276901,759,사업시설 관리,false,,,matched,ticker,2535,60868470585,20260907
063080,컴투스홀딩스,Com2uS Holdings Corporation,KOSDAQ,00535746,582,출판업,false,,,matched,ticker,12790,84352505680,20260907
307930,컴퍼니케이,COMPANY K PARTNERS LIMITED,KOSDAQ,00598198,649,금융업,false,,,matched,ticker,5990,93503900000,20260907
079190,케스피온,"KESPION Co., Ltd.",KOSDAQ,00479705,26422,전자부품·컴퓨터·통신장비,false,,,matched,ticker,1279,12264174962,20260907
263700,케어랩스,"Carelabs Co.,Ltd",KOSDAQ,01187148,713,전문서비스업,false,,,matched,ticker,1901,36906394200,20260907
214370,케어젠,"CAREGEN CO.,LTD.",KOSDAQ,00549891,211,의료용 물질·의약품,false,,,matched,ticker,45200,2427918000000,20260907
221980,케이디켐,"KDCHEM CO., LTD.",KOSDAQ,00370918,2049,화학물질·화학제품,false,,,matched,ticker,9390,37886772000,20260907
038530,케이바이오랩스,KBIO LABS Inc.,KOSDAQ,00255105,464,도매·상품중개,false,,,matched,ticker,999,25864231878,20260907
192250,케이사인,"KSIGN CO., Ltd.",KOSDAQ,01003040,58221,출판업,false,,,matched,ticker,7170,50671286250,20260907
431190,케이쓰리아이,"K3I. Co., Ltd.",KOSDAQ,01689266,582,출판업,false,,,matched,ticker,2980,22309597160,20260907
115500,케이씨에스,Korea Computer & Systems Inc.,KOSDAQ,00441650,62021,컴퓨터 프로그래밍·SI,false,,,matched,ticker,8810,105720000000,20260907
089150,케이씨티,Korea Computer Terminal Inc.,KOSDAQ,00441447,62021,컴퓨터 프로그래밍·SI,false,,,matched,ticker,1877,32190550000,20260907
025880,케이씨피드,"KC FEED CO., LTD.",KOSDAQ,00101752,109,식료품 제조,false,,,matched,ticker,2375,39700162750,20260907
093320,케이아이엔엑스,"KINX, Inc.",KOSDAQ,00603348,63112,정보서비스업,false,,,matched,ticker,144600,705648000000,20260907
093640,케이알엠,"Korea Robot Manufacturing Co., Ltd.",KOSDAQ,00536888,2611,전자부품·컴퓨터·통신장비,false,,,matched,ticker,4550,149438907800,20260907
487400,케이앤에스아이앤씨,,KOSDAQ,,,,false,,,not_matched,,8030,82394882460,20260907
073010,케이에스피,"KSPCO.,LTD",KOSDAQ,00328191,29111,기타 기계·장비,false,,,matched,ticker,2795,112334543750,20260907
105330,케이엔더블유,"KNW Co., Ltd.",KOSDAQ,00606664,303,자동차·트레일러,false,,,matched,ticker,6710,107490979200,20260907
053080,케이엔솔,"K-ENSOL CO., LTD.",KOSDAQ,00304076,291,기타 기계·장비,false,,,matched,ticker,8890,115568284230,20260907
199430,케이엔알시스템,KNR SYSTEMS Inc.,KOSDAQ,00672603,272,의료·정밀·광학기기,false,,,matched,ticker,19190,214871255170,20260907
432470,케이엔에스,"KNS CO., LTD",KOSDAQ,01402995,29299,기타 기계·장비,false,,,matched,ticker,9500,83329782000,20260907
272110,케이엔제이,"KnJ Co.,Ltd.",KOSDAQ,00769158,261,전자부품·컴퓨터·통신장비,false,,,matched,ticker,24750,198628526250,20260907
039420,케이엘넷,KL-Net Corp.,KOSDAQ,00246620,61299,통신업,false,,,matched,ticker,2740,62874763560,20260907
083550,케이엠,KM CORPORATION,KOSDAQ,00242934,139,섬유제품 제조,false,,,matched,ticker,3195,43311947175,20260907
032500,케이엠더블유,KMW CO. LTD.,KOSDAQ,00226352,2642,전자부품·컴퓨터·통신장비,false,,,matched,ticker,14730,621483755730,20260907
225430,케이엠제약,"KMPHARMACEUTICAL Co.,Ltd.",KOSDAQ,01095704,204,화학물질·화학제품,false,,,matched,ticker,923,5986278025,20260907
102370,케이옥션,K Auction Inc.,KOSDAQ,00668600,4610,도매·상품중개,false,,,matched,ticker,3225,83489735250,20260907
068100,케이웨더,"Kweather Co., Ltd.",KOSDAQ,00426828,291,기타 기계·장비,false,,,matched,ticker,2250,26836956000,20260907
106080,케이이엠텍,KEM Tech Corp.,KOSDAQ,00542898,2629,전자부품·컴퓨터·통신장비,false,,,matched,ticker,1650,9506998050,20260907
455180,케이지에이,"KGA CO., LTD",KOSDAQ,01638387,29271,기타 기계·장비,false,,,matched,ticker,1263,18564907728,20260907
036030,케이티알파,"kt alpha Co., Ltd.",KOSDAQ,00260958,461,도매·상품중개,false,,,matched,ticker,4725,231615441225,20260907
064820,케이프,CAPE INDUSTRIES LTD.,KOSDAQ,00152437,31114,기타 운송장비,false,,,matched,ticker,7660,236389246900,20260907
024880,케이피에프,KPF,KOSDAQ,00157636,259,금속가공제품,false,,,matched,ticker,3875,77273793000,20260907
042040,케이피엠테크,"KPM TECH CO., LTD.",KOSDAQ,00206686,467,도매·상품중개,false,,,matched,ticker,4615,40016623465,20260907
054410,케이피티유,"Korea Plasma Technology U Co.,Ltd",KOSDAQ,00357607,474,소매업,false,,,matched,ticker,3415,19555806260,20260907
288180,케이피항공산업,"KP Aero Industries Co., Ltd.",KOSDAQ,01101254,31322,기타 운송장비,false,,,matched,ticker,7290,53896879980,20260907
258610,케일럼,"CAELUM Co., Ltd.",KOSDAQ,00961507,251,금속가공제품,false,,,matched,ticker,1189,43380739907,20260907
274090,켄코아에어로스페이스,Kencoa Aerospace Corporation,KOSDAQ,01158553,31322,기타 운송장비,false,,,matched,ticker,9660,133058839620,20260907
089010,켐트로닉스,"CHEMTRONICSCo.,Ltd.",KOSDAQ,00371485,204,화학물질·화학제품,false,,,matched,ticker,23150,388226125050,20260907
220260,켐트로스,"Chemtros Co., Ltd.",KOSDAQ,01089350,204,화학물질·화학제품,false,,,matched,ticker,3790,121553088450,20260907
052400,코나아이,"KONA I CO., LTD.",KOSDAQ,00349732,58221,출판업,false,,,matched,ticker,37450,545395247950,20260907
402030,코난테크놀로지,KONAN TECHNOLOGY INCORPORATION,KOSDAQ,00601988,58221,출판업,false,,,matched,ticker,13710,171614760480,20260907
391710,코닉오토메이션,Kornic Automation Co.Ltd.,KOSDAQ,01573284,292,기타 기계·장비,false,,,matched,ticker,1131,48203751570,20260907
046070,코다코,"KODACO CO., LTD",KOSDAQ,00295857,303,자동차·트레일러,false,,,matched,ticker,82300,1160395104800,20260907
047770,코데즈컴바인,"Codes Combine Co.,Ltd.",KOSDAQ,00329093,141,의복 제조,false,,,matched,ticker,4070,154019390140,20260907
080530,코디,"KODI Co.,LTD.",KOSDAQ,00308559,204,화학물질·화학제품,false,,,matched,ticker,2505,27734568420,20260907
104540,코렌텍,"Corentec Co., Ltd.",KOSDAQ,00541437,27112,의료·정밀·광학기기,false,,,matched,ticker,3965,53160380650,20260907
027050,코리아나,"COREANA COSMETICS CO., LTD",KOSDAQ,00152589,20423,화학물질·화학제품,false,,,matched,ticker,1322,52880000000,20260907
190650,코리아에셋투자증권,"KOREA ASSET INVESTMENT SECURITIES CO.,LTD.",KOSDAQ,00304915,66121,금융·보험 관련 서비스,false,,,matched,ticker,6800,43438400000,20260907
123410,코리아에프티,KOREA FUEL-TECH CORPORATION,KOSDAQ,00803425,303,자동차·트레일러,false,,,matched,ticker,5920,164819098880,20260907
036690,코맥스,"COMMAX Co., Ltd.",KOSDAQ,00268118,2642,전자부품·컴퓨터·통신장비,false,,,matched,ticker,2885,125692107675,20260907
049430,코메론,KOMELON CORPORATION,KOSDAQ,00152783,27219,의료·정밀·광학기기,false,,,matched,ticker,21750,196794000000,20260907
183300,코미코,KoMiCo Ltd.,KOSDAQ,00997812,29271,기타 기계·장비,false,,,matched,ticker,26350,1353422296250,20260907
041960,코미팜,"KOMIPHARM INTERNATIONAL CO., LTD.",KOSDAQ,00187415,212,의료용 물질·의약품,false,,,matched,ticker,9920,732954030400,20260907
089890,코세스,"KOSES Co.,Ltd",KOSDAQ,00365934,29271,기타 기계·장비,false,,,matched,ticker,23750,393892847500,20260907
360350,코셈,"COXEM CO., LTD",KOSDAQ,01493793,27219,의료·정밀·광학기기,false,,,matched,ticker,5140,27951165800,20260907
082660,코스나인,"Cosnine Co., Ltd",KOSDAQ,00442455,204,화학물질·화학제품,false,,,matched,ticker,480,47827617120,20260907
043710,코스리거글로벌,"CosLeaguer Global Co., Ltd.",KOSDAQ,00305570,467,도매·상품중개,false,,,matched,ticker,3185,55140318870,20260907
222040,코스맥스엔비티,"COSMAX NBT, INC.",KOSDAQ,00656289,108,식료품 제조,false,,,matched,ticker,8610,177607080000,20260907
241710,코스메카코리아,"COSMECCA KOREA CO., LTD.",KOSDAQ,00763473,20423,화학물질·화학제품,false,,,matched,ticker,129100,1378788000000,20260907
439960,코스모로보틱스,"COSMO ROBOTICS CO., Ltd",KOSDAQ,01802928,27199,의료·정밀·광학기기,false,,,matched,ticker,12610,409202393860,20260907
355150,코스텍시스,"KOSTECSYS. CO., LTD.",KOSDAQ,01476219,261,전자부품·컴퓨터·통신장비,false,,,matched,ticker,19220,149865067000,20260907
166480,코아스템켐온,CORESTEMCHEMON Inc.,KOSDAQ,00989664,212,의료용 물질·의약품,false,,,matched,ticker,2185,115521771560,20260907
045970,코아시아,CoAsia Corporation,KOSDAQ,00271501,262,전자부품·컴퓨터·통신장비,false,,,matched,ticker,3140,82628710640,20260907
196450,코아시아씨엠,"CoAsia CM Co.,Ltd",KOSDAQ,01031502,273,의료·정밀·광학기기,false,,,matched,ticker,790,35802800000,20260907
384470,코어라인소프트,"Coreline Soft Co., Ltd",KOSDAQ,01512575,58222,출판업,false,,,matched,ticker,2440,43789928480,20260907
102940,코오롱생명과학,KOLON LIFE SCIENCE Inc.,KOSDAQ,00525642,2110,의료용 물질·의약품,false,,,matched,ticker,14820,194002736460,20260907
950160,코오롱티슈진,"Kolon TissueGene, Inc.",KOSDAQ,01245062,211,의료용 물질·의약품,false,,,matched,ticker,17420,1480180187200,20260907
056360,코위버,"COWEAVER Co.,Ltd.",KOSDAQ,00360674,26410,전자부품·컴퓨터·통신장비,false,,,matched,ticker,5120,50159616000,20260907
282880,코윈테크,"COWINTECH Co., Ltd",KOSDAQ,01211232,292,기타 기계·장비,false,,,matched,ticker,10140,118577991480,20260907
121850,코이즈,"KOYJ. CO.,LTD",KOSDAQ,00807397,222,고무·플라스틱,false,,,matched,ticker,265,1340104735,20260907
448710,코츠테크놀로지,"COTS Technology Co., Ltd.",KOSDAQ,00959210,26310,전자부품·컴퓨터·통신장비,false,,,matched,ticker,11200,59195270400,20260907
126730,코칩,KORCHIP CORPORATION,KOSDAQ,00446901,2629,전자부품·컴퓨터·통신장비,false,,,matched,ticker,20500,179787583000,20260907
015710,코콤,"KOCOM CO., LTD",KOSDAQ,00187725,26410,전자부품·컴퓨터·통신장비,false,,,matched,ticker,2930,51364365000,20260907
052330,코텍,KORTEK CORPORATION,KOSDAQ,00305297,26519,전자부품·컴퓨터·통신장비,false,,,matched,ticker,11880,211007677320,20260907
322780,코퍼스코리아,"COPUS KOREA Co., Ltd.",KOSDAQ,01364297,591,영상·오디오 제작,false,,,matched,ticker,1880,28217040320,20260907
215380,콜마바이오텍,"Kolmar BioTech, Inc.",KOSDAQ,01065013,701,연구개발업,false,,,matched,ticker,2145,36099440520,20260907
200130,콜마비앤에이치,"KolmarBNH Co., Ltd",KOSDAQ,01032404,211,의료용 물질·의약품,false,,,matched,ticker,8360,240563664880,20260907
294570,쿠콘,coocon Corporation,KOSDAQ,01311055,639,정보서비스업,false,,,matched,ticker,29950,302247373400,20260907
464490,쿼드메디슨,QuadMedicine Inc.,KOSDAQ,01671285,211,의료용 물질·의약품,false,,,matched,ticker,4915,56434585395,20260907
317690,퀀타매트릭스,QuantaMatrix Incorporated,KOSDAQ,01311286,27199,의료·정밀·광학기기,false,,,matched,ticker,2405,48424744745,20260907
070300,퀀텀레일,Xcure Corp.,KOSDAQ,00683007,58222,출판업,false,,,matched,ticker,1587,56377744923,20260907
432720,퀄리타스반도체,"QUALITAS SEMICONDUCTOR CO., LTD.",KOSDAQ,01584183,26112,전자부품·컴퓨터·통신장비,false,,,matched,ticker,8820,125134385040,20260907
365270,큐라클,"curacle co., ltd.",KOSDAQ,01397772,70113,연구개발업,false,,,matched,ticker,9910,219575790720,20260907
348080,큐라티스,Quratis Inc.,KOSDAQ,01357765,70113,연구개발업,false,,,matched,ticker,2680,34378378040,20260907
060280,큐렉소,"CUREXO, INC.",KOSDAQ,00356802,47812,소매업,false,,,matched,ticker,8130,335442092700,20260907
372320,큐로셀,Curocell Inc.,KOSDAQ,01492651,70113,연구개발업,false,,,matched,ticker,24000,365451648000,20260907
051780,큐로홀딩스,"CUROHOLDINGS Co., Ltd.",KOSDAQ,00296324,472,소매업,false,,,matched,ticker,2500,19000060000,20260907
115180,큐리언트,"Qurient Co., Ltd.",KOSDAQ,01042650,70113,연구개발업,false,,,matched,ticker,25750,966504388250,20260907
494120,큐리오시스,Curiosis Inc.,KOSDAQ,01786958,273,의료·정밀·광학기기,false,,,matched,ticker,8760,133675532640,20260907
445680,큐리옥스바이오시스템즈,"Curiox Biosystems Co., Ltd.",KOSDAQ,01498974,271,의료·정밀·광학기기,false,,,matched,ticker,50700,872622390900,20260907
182360,큐브엔터,"CUBE ENTERTAINMENT, INC.",KOSDAQ,00985686,59201,영상·오디오 제작,false,,,matched,ticker,5990,93112070140,20260907
405100,큐알티,Quality Reliability Technology Inc.,KOSDAQ,01033591,73909,기타 과학기술 서비스,false,,,matched,ticker,14120,173524930120,20260907
066310,큐에스아이,"Q.S.ICo.,Ltd.",KOSDAQ,00411446,2612,전자부품·컴퓨터·통신장비,false,,,matched,ticker,6990,64808630790,20260907
377460,큐에이드,"Q AID CO., LTD.",KOSDAQ,01175499,953,수리업,false,,,matched,ticker,4080,253187202960,20260907
016600,큐캐피탈,"Q Capital Partners Co., Ltd.",KOSDAQ,00267942,649,금융업,false,,,matched,ticker,2520,35183234520,20260907
355390,크라우드웍스,"CrowdWorks, Inc.",KOSDAQ,01514005,582,출판업,false,,,matched,ticker,1424,22605065856,20260907
096240,크레버스,"Creverse, Inc.",KOSDAQ,00525882,855,교육서비스업,false,,,matched,ticker,8610,88150729800,20260907
040350,크레오에스지,"CreoSG Co.,Ltd.",KOSDAQ,00346407,620,컴퓨터 프로그래밍·SI,false,,,matched,ticker,4620,91735625520,20260907
110790,크리스에프앤씨,"Creas F&C Co., Ltd",KOSDAQ,00522007,1419,의복 제조,false,,,matched,ticker,2940,68887022400,20260907
900250,크리스탈신소재,"China Crystal New Material Holdings Co.,  Ltd.",KOSDAQ,01107665,64992,금융업,false,,,matched,ticker,1173,42010996173,20260907
045520,크린앤사이언스,"Clean & Science Co., Ltd",KOSDAQ,00185222,291,기타 기계·장비,false,,,matched,ticker,2575,16737500000,20260907
214150,클래시스,CLASSYS Inc.,KOSDAQ,01061327,271,의료·정밀·광학기기,false,,,matched,ticker,32000,2087541088000,20260907
466100,클로봇,"CLOBOT Co., Ltd.",KOSDAQ,01784914,58221,출판업,false,,,matched,ticker,24250,750628170750,20260907
237880,클리오,"CLIO Cosmetics Co., Ltd",KOSDAQ,00957735,20423,화학물질·화학제품,false,,,matched,ticker,12160,219747652480,20260907
139670,키네마스터,KineMaster Corporation,KOSDAQ,00535375,58222,출판업,false,,,matched,ticker,1937,27348134970,20260907
475430,키스트론,"KISTRON Co., Ltd.",KOSDAQ,00204323,28302,전기장비,false,,,matched,ticker,4120,73534213200,20260907
487720,키움제10호스팩,Kiwoom No.10 Special Purpose Acquisition Company,KOSDAQ,01877126,661,금융·보험 관련 서비스,false,,,matched,ticker,2045,8650350000,20260907
489480,키움제11호스팩,Kiwoom No.11 Special Purpose Acquisition Company,KOSDAQ,01873272,66199,금융·보험 관련 서비스,false,,,matched,ticker,2190,14454000000,20260907
466690,키움히어로제1호스팩,Kiwoom Hero No.1 Special Purpose Acquisition Company,KOSDAQ,01784677,66199,금융·보험 관련 서비스,false,,,matched,ticker,2000,10190000000,20260907
0131D0,키움히어로제2호스팩,,KOSDAQ,,,,false,,spac,not_matched,,1965,12399150000,20260907
054780,키이스트,"KEYEAST Co., Ltd.",KOSDAQ,00353762,59130,영상·오디오 제작,false,,,matched,ticker,1425,28012355025,20260907
256940,킵스파마,Keeps Biopharma Inc.,KOSDAQ,01037214,212,의료용 물질·의약품,false,,,matched,ticker,5710,114646219370,20260907
219130,타이거일렉,"TIGER ELEC CO.,LTD.",KOSDAQ,00617314,2622,전자부품·컴퓨터·통신장비,false,,,matched,ticker,60200,380120258000,20260907
336680,탑런토탈솔루션,"TOP RUN TOTAL SOLUTION CO.,LTD",KOSDAQ,00814582,262,전자부품·컴퓨터·통신장비,false,,,matched,ticker,2955,115675123890,20260907
360070,탑머티리얼,"TOP MATERIAL Co., Ltd",KOSDAQ,01360875,28202,전기장비,false,,,matched,ticker,8390,68731240770,20260907
065130,탑엔지니어링,Top Engineering Company Limited,KOSDAQ,00366845,29272,기타 기계·장비,false,,,matched,ticker,2860,45771440000,20260907
134580,탑코미디어,"Topco Media Co.,Ltd.",KOSDAQ,00608699,631,정보서비스업,false,,,matched,ticker,3350,165135399150,20260907
023160,태광,T. K. CORPORATION,KOSDAQ,00153375,2413,1차 금속,false,,,matched,ticker,26500,685481913000,20260907
323280,태성,"TAESUNG CO.,LTD.",KOSDAQ,01366000,292,기타 기계·장비,false,,,matched,ticker,47450,1449027151000,20260907
053620,태양,TAEYANG Corporation,KOSDAQ,00186717,25991,금속가공제품,false,,,matched,ticker,6950,59770000000,20260907
044490,태웅,"TAEWOONG CO., LTD.",KOSDAQ,00186799,25912,금속가공제품,false,,,matched,ticker,32850,657242465850,20260907
124560,태웅로직스,"Taewoong Logistics Co., Ltd.",KOSDAQ,00562245,5299,창고·운송 관련,false,,,matched,ticker,1987,76938251457,20260907
191420,테고사이언스,"Tego Science, Inc.",KOSDAQ,00926522,211,의료용 물질·의약품,false,,,matched,ticker,7540,61140608360,20260907
950250,테라뷰,TERAVIEW HOLDINGS PLC,KOSDAQ,01957282,64992,금융업,false,,,matched,ticker,2320,82816882240,20260907
073640,테라사이언스,"TERA SCIENCE Co.,LTD",KOSDAQ,00373021,25929,금속가공제품,false,,,matched,ticker,654,76111715580,20260907
066700,테라젠이텍스,"THERAGEN ETEX CO.,LTD.",KOSDAQ,00249894,212,의료용 물질·의약품,false,,,matched,ticker,2140,79506084640,20260907
095610,테스,"TESCO.,LTD.",KOSDAQ,00524421,29271,기타 기계·장비,false,,,matched,ticker,152700,2956272000000,20260907
064520,테크엘,"TechL Co., LTD.",KOSDAQ,00370255,2612,전자부품·컴퓨터·통신장비,false,,,matched,ticker,1494,33392486628,20260907
089030,테크윙,"Techwing, Inc.",KOSDAQ,00535676,29271,기타 기계·장비,false,,,matched,ticker,48100,1782280324500,20260907
054450,텔레칩스,TelechipsInc.,KOSDAQ,00423177,2611,전자부품·컴퓨터·통신장비,false,,,matched,ticker,9450,143113001850,20260907
200230,텔콘RF제약,TELCON RF PHARMACEUTICAL. Inc.,KOSDAQ,00608802,212,의료용 물질·의약품,false,,,matched,ticker,2230,21145459870,20260907
393210,토마토시스템,"TOMATOSYSTEM Co., Ltd.",KOSDAQ,01436479,582,출판업,false,,,matched,ticker,2285,35679233040,20260907
475960,토모큐브,"Tomocube, Inc.",KOSDAQ,01573336,27309,의료·정밀·광학기기,false,,,matched,ticker,28200,380028106800,20260907
215480,토박스코리아,"TOEBOX KOREA, Ltd.",KOSDAQ,01064069,474,소매업,false,,,matched,ticker,2090,22446600000,20260907
051360,토비스,"TOVISCo.,LTD",KOSDAQ,00390365,265,전자부품·컴퓨터·통신장비,false,,,matched,ticker,11730,113096765640,20260907
045340,토탈소프트,TOTAL SOFT BANK LTD.,KOSDAQ,00355089,58221,출판업,false,,,matched,ticker,6800,58194672000,20260907
108230,톱텍,"TOPTEC COMPANY,LIMITED",KOSDAQ,00531917,292,기타 기계·장비,false,,,matched,ticker,3380,128518568100,20260907
079970,투비소프트,"TOBESOFT Co., Ltd.",KOSDAQ,00596260,58221,출판업,false,,,matched,ticker,596,7646223464,20260907
199800,툴젠,ToolGen Incorporated,KOSDAQ,00547510,701,연구개발업,false,,,matched,ticker,34800,313117489200,20260907
417790,트루엔,"TRUEN Co., Ltd",KOSDAQ,01134216,265,전자부품·컴퓨터·통신장비,false,,,matched,ticker,7230,75686466930,20260907
290090,트윔,TWIM Corp,KOSDAQ,01217014,58222,출판업,false,,,matched,ticker,4165,30989965720,20260907
026150,특수건설,TuksuConstruction,KOSDAQ,00186939,412,종합 건설,false,,,matched,ticker,3880,68079764280,20260907
464280,티디에스팜,"TDSPHARM Co., Ltd.",KOSDAQ,01232192,21212,의료용 물질·의약품,false,,,matched,ticker,5870,32461100000,20260907
117730,티로보틱스,"T-Robotics co., Ltd.",KOSDAQ,00867098,29271,기타 기계·장비,false,,,matched,ticker,13010,293480139430,20260907
033830,티비씨,TBC,KOSDAQ,00204642,60210,방송업,false,,,matched,ticker,1738,32860591940,20260907
057680,티사이언티픽,"T Scientific Co.,Ltd",KOSDAQ,00372688,58222,출판업,false,,,matched,ticker,1841,29074745469,20260907
204610,티쓰리,T3 Entertainment Inc.,KOSDAQ,00609661,5821,출판업,false,,,matched,ticker,3285,183060632700,20260907
125020,티씨머티리얼즈,"TC Materials Co., Ltd.",KOSDAQ,00381756,283,전기장비,false,,,matched,ticker,6270,219691708500,20260907
064760,티씨케이,"TOKAI CARBON KOREA CO., LTD",KOSDAQ,00245472,23999,비금속 광물제품,false,,,matched,ticker,268500,3001673196000,20260907
246710,티앤알바이오팹,"T&R Biofab Co., Ltd",KOSDAQ,01109937,21100,의료용 물질·의약품,false,,,matched,ticker,2220,105815198880,20260907
340570,티앤엘,"T&L Co., LTD.",KOSDAQ,00608440,213,의료용 물질·의약품,false,,,matched,ticker,29000,466033480000,20260907
043220,티에스넥스젠,"TS Nexgen Co., Ltd.",KOSDAQ,00317487,292,기타 기계·장비,false,,,matched,ticker,1710,28191099330,20260907
277880,티에스아이,"TSI Co., Ltd.",KOSDAQ,01139035,292,기타 기계·장비,false,,,matched,ticker,3575,70939482900,20260907
131290,티에스이,"TSE CO.,Ltd",KOSDAQ,00372226,27212,의료·정밀·광학기기,false,,,matched,ticker,261500,2892563683500,20260907
425420,티에프이,"TFE Co., Ltd.",KOSDAQ,01035368,262,전자부품·컴퓨터·통신장비,false,,,matched,ticker,52700,650696438700,20260907
484810,티엑스알로보틱스,"TXR Robotics Co., Ltd.",KOSDAQ,01458161,291,기타 기계·장비,false,,,matched,ticker,13670,211214008050,20260907
131100,티엔엔터테인먼트,"TN entertainment Co., Ltd.",KOSDAQ,00814786,591,영상·오디오 제작,false,,,matched,ticker,2270,14640010880,20260907
356860,티엘비,"TLB Co., Ltd.",KOSDAQ,00920379,2622,전자부품·컴퓨터·통신장비,false,,,matched,ticker,37150,880501809000,20260907
321550,티움바이오,"TiumBio Co., Ltd.",KOSDAQ,01335930,70113,연구개발업,false,,,matched,ticker,4725,141931794375,20260907
425040,티이엠씨,"TEMC Co., Ltd.",KOSDAQ,01301252,20121,화학물질·화학제품,false,,,matched,ticker,8450,185248488100,20260907
241790,티이엠씨씨엔에스,"TEMC CNS Co., Ltd.",KOSDAQ,01113754,292,기타 기계·장비,false,,,matched,ticker,6180,61816278120,20260907
022220,티케이지애강,"TKG AIKANG CO., LTD",KOSDAQ,00140061,22211,고무·플라스틱,false,,,matched,ticker,894,46304353626,20260907
104480,티케이케미칼,TK CHEMICAL CORPORATION,KOSDAQ,00693554,20501,화학물질·화학제품,false,,,matched,ticker,1751,159157904934,20260907
081150,티플랙스,"Tplex Co., Ltd",KOSDAQ,00497631,242,1차 금속,false,,,matched,ticker,2715,65888711430,20260907
130740,티피씨글로벌,"TPC CO., LTD",KOSDAQ,00578538,303,자동차·트레일러,false,,,matched,ticker,2000,22553358000,20260907
084730,팅크웨어,ThinkwareSystemsCorporation,KOSDAQ,00438036,264,전자부품·컴퓨터·통신장비,false,,,matched,ticker,6410,71211407840,20260907
440110,파두,FADU INC.,KOSDAQ,01292291,26112,전자부품·컴퓨터·통신장비,false,,,matched,ticker,69900,3502760787300,20260907
290560,파라택시스이더리움,"Parataxis Ethereum, Inc. ",KOSDAQ,01130849,58221,출판업,false,,,matched,ticker,1289,28825558970,20260907
288330,파라택시스코리아,"PARATAXIS KOREA, INC.",KOSDAQ,01227039,739,기타 과학기술 서비스,false,,,matched,ticker,416,44129674368,20260907
033540,파라텍,Paratech Company Limited,KOSDAQ,00105138,292,기타 기계·장비,false,,,matched,ticker,3215,33594390190,20260907
388870,파로스아이바이오,"Pharos iBio Co., Ltd.",KOSDAQ,01495180,70113,연구개발업,false,,,matched,ticker,5290,68483980280,20260907
043200,파루,"PARU CO., LTD.",KOSDAQ,00266934,281,전기장비,false,,,matched,ticker,1200,25082588400,20260907
214450,파마리서치,"PharmaResearch Co., Ltd.",KOSDAQ,00970453,213,의료용 물질·의약품,false,,,matched,ticker,376500,3911702472000,20260907
177830,파버나인,"PAVONINE CO., LTD.",KOSDAQ,00429694,2629,전자부품·컴퓨터·통신장비,false,,,matched,ticker,2230,25256964390,20260907
037070,파세코,PASECO CO.LTD,KOSDAQ,00238153,28519,전기장비,false,,,matched,ticker,6010,120200000000,20260907
150900,파수AI,"FASOO AI Co.,Ltd.",KOSDAQ,00638487,58221,출판업,false,,,matched,ticker,3535,41373364270,20260907
037030,파워넷,POWERNET TECHNOLOGIES CORPORATION,KOSDAQ,00231354,2811,전기장비,false,,,matched,ticker,3135,79983229920,20260907
047310,파워로직스,POWER LOGICS,KOSDAQ,00269612,2812,전기장비,false,,,matched,ticker,3035,111113641425,20260907
368770,파이버프로,"FIBERPRO, Inc.",KOSDAQ,01513440,27219,의료·정밀·광학기기,false,,,matched,ticker,11800,387679855000,20260907
170790,파이오링크,"Piolink, Inc.",KOSDAQ,00492353,26410,전자부품·컴퓨터·통신장비,false,,,matched,ticker,8250,52778013750,20260907
900100,파이온엑스,PHIONX,KOSDAQ,00781202,452,자동차 판매,false,,,matched,ticker,2110,11132465500,20260907
049120,파인디앤씨,"FINE DNC CO.,LTD.",KOSDAQ,00350020,26211,전자부품·컴퓨터·통신장비,false,,,matched,ticker,3220,34137354860,20260907
038950,파인디지털,FINEDIGITAL Inc.,KOSDAQ,00264732,2642,전자부품·컴퓨터·통신장비,false,,,matched,ticker,3240,33082878600,20260907
387570,파인메딕스,"Finemedix Co., Ltd.",KOSDAQ,01455410,27199,의료·정밀·광학기기,false,,,matched,ticker,6600,37130940000,20260907
441270,파인엠텍,"Fine M-Tec Co.,Ltd.",KOSDAQ,01686755,26299,전자부품·컴퓨터·통신장비,false,,,matched,ticker,9260,390817670320,20260907
106240,파인테크닉스,"FINE TECHNIX CO., LTD",KOSDAQ,00755739,28410,전기장비,false,,,matched,ticker,1130,30037562820,20260907
131760,파인텍,"FINETEK CO., LTD.",KOSDAQ,00820352,292,기타 기계·장비,false,,,matched,ticker,1333,11578859228,20260907
065690,파커스,"PAKERS CO., Ltd.",KOSDAQ,00384762,221,고무·플라스틱,false,,,matched,ticker,1843,22142736401,20260907
140860,파크시스템스,Park Systems Corp.,KOSDAQ,00244747,27219,의료·정밀·광학기기,false,,,matched,ticker,266500,1866157988500,20260907
091700,파트론,"PARTRONCO.,LTD",KOSDAQ,00490151,2629,전자부품·컴퓨터·통신장비,false,,,matched,ticker,5420,271000000000,20260907
032800,판타지오,Fantagio Corp.,KOSDAQ,00231691,901,창작·예술·여가,false,,,matched,ticker,1479,22343288496,20260907
318010,팜스빌,"Pharmsville Co., Ltd.",KOSDAQ,00986898,108,식료품 제조,false,,,matched,ticker,3735,29616077430,20260907
027710,팜스토리,"FarmStory CO.,LTD.",KOSDAQ,00192499,109,식료품 제조,false,,,matched,ticker,1138,126792090800,20260907
225590,패션플랫폼,"Fashion Platform Co.,Ltd.",KOSDAQ,01101041,141,의복 제조,false,,,matched,ticker,3190,16337189440,20260907
054300,팬스타엔터프라이즈,"Panstar Enterprise Co., Ltd.",KOSDAQ,00339072,29169,기타 기계·장비,false,,,matched,ticker,1168,67593263760,20260907
068050,팬엔터테인먼트,"PANENTERTAINMENTCO.,LTD.",KOSDAQ,00397191,59114,영상·오디오 제작,false,,,matched,ticker,1196,33122114896,20260907
222110,팬젠,Pangen Biotech Inc.,KOSDAQ,00962922,212,의료용 물질·의약품,false,,,matched,ticker,4995,67504972455,20260907
271830,팸텍,"PAMTEK CO., LTD.",KOSDAQ,01146220,29271,기타 기계·장비,false,,,matched,ticker,1003,29578672606,20260907
263750,펄어비스,PearlAbyss Corp.,KOSDAQ,01152470,58211,출판업,false,,,matched,ticker,33500,2105270985000,20260907
251970,펌텍코리아,"PUM-TECH KOREA CO., LTD.",KOSDAQ,00761059,22232,고무·플라스틱,false,,,matched,ticker,53700,665880000000,20260907
187660,페니트리움바이오,Penetrium Bioscience Inc.,KOSDAQ,01409022,70113,연구개발업,false,,,matched,ticker,6470,413861656910,20260907
0015S0,페스카로,,KOSDAQ,,,,false,,,not_matched,,6930,68376438900,20260907
168360,펨트론,PEMTRON Corporation,KOSDAQ,00957373,292,기타 기계·장비,false,,,matched,ticker,13060,292446794420,20260907
087010,펩트론,"Peptron, Inc.",KOSDAQ,00415868,211,의료용 물질·의약품,false,,,matched,ticker,160200,3735439470000,20260907
064800,포니링크,"PonyLink Co., Ltd.",KOSDAQ,00392691,474,소매업,false,,,matched,ticker,2605,66587600695,20260907
119500,포메탈,"FORMETAL CO., LTD",KOSDAQ,00188797,259,금속가공제품,false,,,matched,ticker,2485,29440371520,20260907
389140,포바이포,4by4 Inc.,KOSDAQ,01513699,59113,영상·오디오 제작,false,,,matched,ticker,5140,73346437900,20260907
105760,포스뱅크,"POSBANK CO., LTD.",KOSDAQ,00862312,291,기타 기계·장비,false,,,matched,ticker,5100,51973523700,20260907
009520,포스코엠텍,"POSCO M-TECH CO.,LTD.",KOSDAQ,00128111,24199,1차 금속,false,,,matched,ticker,12710,529278755130,20260907
189690,포시에스,"FORCS Co., Ltd.",KOSDAQ,00939942,58222,출판업,false,,,matched,ticker,1538,42021188322,20260907
318020,포인트모바일,"POINT MOBILE Co., Ltd.",KOSDAQ,00962393,263,전자부품·컴퓨터·통신장비,false,,,matched,ticker,2675,32905902600,20260907
256630,포인트엔지니어링,"POINT ENGINEERING Co., Ltd.",KOSDAQ,01179608,25923,금속가공제품,false,,,matched,ticker,4365,50631442110,20260907
331380,포커스에이아이,"FOCUS AI Co., Ltd.",KOSDAQ,01393721,265,전자부품·컴퓨터·통신장비,false,,,matched,ticker,2070,75680992620,20260907
208710,포톤,"PHOTON CO., LTD",KOSDAQ,01047707,262,전자부품·컴퓨터·통신장비,false,,,matched,ticker,2580,34004740560,20260907
472850,폰드그룹,"POND GROUP CO., LTD.",KOSDAQ,01806951,474,소매업,false,,,matched,ticker,4780,275192496560,20260907
039980,폴라리스AI,Polaris AI Corp.,KOSDAQ,00369213,620,컴퓨터 프로그래밍·SI,false,,,matched,ticker,5360,77083307040,20260907
041910,폴라리스AI파마,Polaris AI Pharma Corp.,KOSDAQ,00463342,212,의료용 물질·의약품,false,,,matched,ticker,5440,72261424000,20260907
220180,폴라리스AI핸디,Polaris AI Handy Corp.,KOSDAQ,00793155,58222,출판업,false,,,matched,ticker,1372,32833115224,20260907
234100,폴라리스세원,"Sewon Co.,Ltd",KOSDAQ,00617998,303,자동차·트레일러,false,,,matched,ticker,2810,41030597160,20260907
041020,폴라리스오피스,Polaris Office Corp.,KOSDAQ,00269852,58221,출판업,false,,,matched,ticker,3015,149796635895,20260907
114630,폴라리스우노,"POLARIS UNO, Inc.",KOSDAQ,00663669,20501,화학물질·화학제품,false,,,matched,ticker,1482,25542637536,20260907
487580,폴레드,"Poled Co., Ltd.",KOSDAQ,01565364,28519,전기장비,false,,,matched,ticker,3085,77689126185,20260907
290720,푸드나무,"FOODNAMOO, INC.",KOSDAQ,01259311,47912,소매업,false,,,matched,ticker,2710,103384529830,20260907
005670,푸드웰,FOODWELL CORPORATION,KOSDAQ,00165103,1030,식료품 제조,false,,,matched,ticker,6400,64000000000,20260907
094940,푸른로보틱스,PULOON Robotics Inc.,KOSDAQ,00537832,263,전자부품·컴퓨터·통신장비,false,,,matched,ticker,6610,55268761460,20260907
007330,푸른저축은행,PUREUN SAVINGS BANK,KOSDAQ,00124805,64132,금융업,false,,,matched,ticker,10100,152336280000,20260907
093380,풍강,"PUNGKANGCO.,LTD",KOSDAQ,00155373,259,금속가공제품,false,,,matched,ticker,3055,30181301215,20260907
023900,풍국주정,"Pungguk Ethanol Co.,Ltd.",KOSDAQ,00155452,11121,음료 제조,false,,,matched,ticker,7320,92232000000,20260907
371950,풍원정밀,"POONGWON PRECISION Co.,Ltd.",KOSDAQ,00417167,262,전자부품·컴퓨터·통신장비,false,,,matched,ticker,2900,68338529000,20260907
298060,풍전약품,"POONGJEON PHARMACY CO.,LTD.",KOSDAQ,01110474,212,의료용 물질·의약품,false,,,matched,ticker,2525,24334553675,20260907
370090,퓨런티어,Furonteer Inc.,KOSDAQ,01357446,27213,의료·정밀·광학기기,false,,,matched,ticker,6300,53908029000,20260907
445180,퓨릿,"Purit Co., Ltd.",KOSDAQ,01027828,20119,화학물질·화학제품,false,,,matched,ticker,7980,137169720240,20260907
220100,퓨쳐켐,"FutureChem Co., Ltd.",KOSDAQ,01053540,212,의료용 물질·의약품,false,,,matched,ticker,8100,181662102000,20260907
035200,프럼파스트,"PLUMB FAST CO., LTD.",KOSDAQ,00356389,22211,고무·플라스틱,false,,,matched,ticker,2915,26876244615,20260907
334970,프레스티지바이오로직스,"Prestige Biologics Co., Ltd.",KOSDAQ,01258428,212,의료용 물질·의약품,false,,,matched,ticker,1722,133890040914,20260907
321260,프로이천,"PRO2000 CO.,LTD.",KOSDAQ,01359736,261,전자부품·컴퓨터·통신장비,false,,,matched,ticker,1621,45699368164,20260907
053610,프로텍,"PROTEC Co., Ltd.",KOSDAQ,00325112,29271,기타 기계·장비,false,,,matched,ticker,64800,583200000000,20260907
468530,프로티나,"PROTEINA CO.,LTD.",KOSDAQ,01688568,701,연구개발업,false,,,matched,ticker,29750,330378153000,20260907
303360,프로티아,PROTIA INC.,KOSDAQ,01267958,271,의료·정밀·광학기기,false,,,matched,ticker,5050,65042560750,20260907
377220,프롬바이오,"From Bio Co., Ltd.",KOSDAQ,01217865,108,식료품 제조,false,,,matched,ticker,2935,16617970000,20260907
335810,프리시젼바이오,Precision Biosensor Inc.,KOSDAQ,01137295,27199,의료·정밀·광학기기,false,,,matched,ticker,1557,34175380842,20260907
053160,프리엠스,FreeMs Corporation,KOSDAQ,00352064,28123,전기장비,false,,,matched,ticker,10680,64080000000,20260907
405000,플라즈맵,"Plasmapp Co., Ltd.",KOSDAQ,01575839,27199,의료·정밀·광학기기,false,,,matched,ticker,3500,18807362000,20260907
041590,플래스크,"Flask Co., Ltd.",KOSDAQ,00297448,424,전문직별 공사,false,,,matched,ticker,2370,116064014460,20260907
367000,플래티어,"Plateer Co., Ltd.",KOSDAQ,01454341,58222,출판업,false,,,matched,ticker,3450,28939314150,20260907
075130,플랜티넷,"PLANTYNETCo.,Ltd.",KOSDAQ,00490179,620,컴퓨터 프로그래밍·SI,false,,,matched,ticker,2125,34259930000,20260907
237820,플레이디,"PlayD Co., Ltd.",KOSDAQ,00862853,71310,전문서비스업,false,,,matched,ticker,2315,29694829100,20260907
023770,플레이위드,PLAYWITH KOREA Inc.,KOSDAQ,00138367,582,출판업,false,,,matched,ticker,2895,25900103025,20260907
300080,플리토,Flitto Inc.,KOSDAQ,01237434,63120,정보서비스업,false,,,matched,ticker,8750,144422696250,20260907
033790,피노,FINO INC.,KOSDAQ,00276083,282,전기장비,false,,,matched,ticker,9460,788225051020,20260907
032580,피델릭스,"Fidelix Co., Ltd.",KOSDAQ,00189538,2611,전자부품·컴퓨터·통신장비,false,,,matched,ticker,4900,162347113600,20260907
0117P0,피스피스스튜디오,,KOSDAQ,,,,false,,,not_matched,,5480,77645632280,20260907
051380,피씨디렉트,"PC Direct, Inc.",KOSDAQ,00297934,46510,도매·상품중개,false,,,matched,ticker,1596,24482754912,20260907
241820,피씨엘,PCL. Inc,KOSDAQ,01051092,213,의료용 물질·의약품,false,,,matched,ticker,6040,16803871920,20260907
452450,피아이이,"PIE CO., LTD.",KOSDAQ,01429220,29299,기타 기계·장비,false,,,matched,ticker,4185,150779272500,20260907
237750,피앤씨테크,"PNC Technologies Co.,Ltd.",KOSDAQ,00525864,28123,전기장비,false,,,matched,ticker,3430,22283338000,20260907
460940,피앤에스로보틱스,"P&S Robotics Co., Ltd.",KOSDAQ,01419205,27199,의료·정밀·광학기기,false,,,matched,ticker,5070,68218269600,20260907
319660,피에스케이,PSK INC.,KOSDAQ,01365825,29271,기타 기계·장비,false,,,matched,ticker,128200,3713532734800,20260907
031980,피에스케이홀딩스,PSK HOLDINGS INC.,KOSDAQ,00208444,29271,기타 기계·장비,false,,,matched,ticker,156000,3363733620000,20260907
002230,피에스텍,"PS Tec. Co., Ltd.",KOSDAQ,00155638,27214,의료·정밀·광학기기,false,,,matched,ticker,5120,94315878400,20260907
043370,피에이치에이,"PHA Co., Ltd.",KOSDAQ,00155151,303,자동차·트레일러,false,,,matched,ticker,11180,234780000000,20260907
239890,피엔에이치테크,"P&H TECH Co., Ltd.",KOSDAQ,01112889,20119,화학물질·화학제품,false,,,matched,ticker,3400,33781567000,20260907
347740,피엔케이피부임상연구센타,"P&K Skin Research Center Co.,Ltd.",KOSDAQ,01290381,739,기타 과학기술 서비스,false,,,matched,ticker,1829,54889343504,20260907
137400,피엔티,"PEOPLE & TECHNOLOGY, INC.",KOSDAQ,00612294,292,기타 기계·장비,false,,,matched,ticker,29800,705983694400,20260907
257370,피엔티엠에스,"People & Technology Ms, Inc.",KOSDAQ,01144569,292,기타 기계·장비,false,,,matched,ticker,1950,24384478950,20260907
147760,피엠티,Protec Mems Technology Inc.,KOSDAQ,00654175,27212,의료·정밀·광학기기,false,,,matched,ticker,3180,63600000000,20260907
128660,피제이메탈,"PJ METAL CO., LTD",KOSDAQ,00829380,2429,1차 금속,false,,,matched,ticker,2970,73666005930,20260907
006140,피제이전자,"PJ ELECTRONICS CO., LTD.",KOSDAQ,00155735,27112,의료·정밀·광학기기,false,,,matched,ticker,4740,70460100000,20260907
376180,피코그램,"picogram Co., Ltd.",KOSDAQ,00604028,339,기타 제품 제조,false,,,matched,ticker,1416,26282429808,20260907
304840,피플바이오,"PeopleBio, Inc.",KOSDAQ,01118281,213,의료용 물질·의약품,false,,,matched,ticker,561,13643890260,20260907
087600,픽셀플러스,"Pixelplus. Co., Ltd.",KOSDAQ,00495086,2629,전자부품·컴퓨터·통신장비,false,,,matched,ticker,3990,32584566420,20260907
291810,핀텔,"Pintel Co.,Ltd.",KOSDAQ,01524507,58222,출판업,false,,,matched,ticker,1676,19053961312,20260907
378340,필에너지,"PHILENERGY CO., LTD.",KOSDAQ,01488320,29299,기타 기계·장비,false,,,matched,ticker,11980,259293706360,20260907
161580,필옵틱스,"PHILOPTICS CO., LTD.",KOSDAQ,00938721,2927,기타 기계·장비,false,,,matched,ticker,33500,785315274500,20260907
347770,핌스,PIMS Inc.,KOSDAQ,01405390,26212,전자부품·컴퓨터·통신장비,false,,,matched,ticker,938,21254800476,20260907
163730,핑거,Finger Inc.,KOSDAQ,01142075,582,출판업,false,,,matched,ticker,9390,112827582630,20260907
417180,핑거스토리,"Finger Story CO., LTD.",KOSDAQ,01584934,63991,정보서비스업,false,,,matched,ticker,4455,19197552825,20260907
469900,하나31호스팩,Hana 31 Special Purpose Acquisition Company,KOSDAQ,01791561,66199,금융·보험 관련 서비스,false,,,matched,ticker,2095,11742475000,20260907
475240,하나32호스팩,Hana 32 Special Purpose Acquistion Company,KOSDAQ,01807738,66199,금융·보험 관련 서비스,false,,,matched,ticker,2095,6704000000,20260907
475250,하나33호스팩,Hana 33 Special Purpose Acquisition Company,KOSDAQ,01807729,66199,금융·보험 관련 서비스,false,,,matched,ticker,2090,7733000000,20260907
484130,하나34호스팩,Hana Thirty-four Special  Purpose Acquisition Company,KOSDAQ,01847550,66199,금융·보험 관련 서비스,false,,,matched,ticker,2045,9243400000,20260907
0041L0,하나35호스팩,,KOSDAQ,,,,false,,spac,not_matched,,1994,12023820000,20260907
0101C0,하나36호스팩,,KOSDAQ,,,,false,,spac,not_matched,,1975,15286500000,20260907
299030,하나기술,"HANA TECHNOLOGY CO.,LTD.",KOSDAQ,00601191,29299,기타 기계·장비,false,,,matched,ticker,14300,114327213000,20260907
067310,하나마이크론,HanaMicronInc.,KOSDAQ,00445054,2611,전자부품·컴퓨터·통신장비,false,,,matched,ticker,36350,2416943088150,20260907
166090,하나머티리얼즈,Hana Materials Inc.,KOSDAQ,00660750,2612,전자부품·컴퓨터·통신장비,false,,,matched,ticker,52400,1036350117600,20260907
136480,하림,"HARIM Co., Ltd.",KOSDAQ,00857727,1012,식료품 제조,false,,,matched,ticker,2655,281986758810,20260907
003380,하림지주,"Harim Holdings Co., Ltd.",KOSDAQ,00148364,64992,금융업,false,,,matched,ticker,11220,1256703067620,20260907
450330,하스,HASS Corp.,KOSDAQ,01663569,21309,의료용 물질·의약품,false,,,matched,ticker,5120,41916636160,20260907
101670,하이드로리튬,Hydro Lithium Inc,KOSDAQ,00527491,2511,금속가공제품,false,,,matched,ticker,504,28615702248,20260907
365590,하이딥,HiDeep Inc.,KOSDAQ,01505186,261,전자부품·컴퓨터·통신장비,false,,,matched,ticker,783,28825792650,20260907
149980,하이로닉,"Hironic Co.,Ltd",KOSDAQ,00977641,27199,의료·정밀·광학기기,false,,,matched,ticker,4830,83071392180,20260907
013030,하이록코리아,HY-LOK CORPORATION,KOSDAQ,00165060,241,1차 금속,false,,,matched,ticker,33800,397763267200,20260907
126700,하이비젼시스템,HyVISION SYSTEM.INC,KOSDAQ,00825959,273,의료·정밀·광학기기,false,,,matched,ticker,11340,169443550080,20260907
160190,하이젠알앤엠,"HIGEN RNM CO., LTD",KOSDAQ,00650771,28111,전기장비,false,,,matched,ticker,21800,673358400000,20260907
221840,하이즈항공,"HIZEAERO Co.,Ltd.",KOSDAQ,00688358,313,기타 운송장비,false,,,matched,ticker,2050,38336150050,20260907
106190,하이텍팜,"HIGH TECH PHARM CO.,LTD.",KOSDAQ,00409964,211,의료용 물질·의약품,false,,,matched,ticker,10440,111010326120,20260907
065650,하이퍼코퍼레이션,Hyper Corporation Inc.,KOSDAQ,00391197,465,도매·상품중개,false,,,matched,ticker,1566,17141415642,20260907
066130,하츠,HAATZ Inc.,KOSDAQ,00221728,28519,전기장비,false,,,matched,ticker,3450,44160000000,20260907
004590,한국가구,KoreaFurniture,KOSDAQ,00156442,478,소매업,false,,,matched,ticker,5070,76050000000,20260907
039340,한국경제TV,"The Korea Economic Broadcasting CO.,LTD.",KOSDAQ,00263371,60221,방송업,false,,,matched,ticker,4905,107910000000,20260907
034950,한국기업평가,Korea Ratings Corporation,KOSDAQ,00156956,75993,사업시설 관리,false,,,matched,ticker,103200,468581044800,20260907
222980,한국맥널티,"Mcnulty Korea Co., Ltd",KOSDAQ,00579139,108,식료품 제조,false,,,matched,ticker,2250,24820836750,20260907
256840,한국비엔씨,"BNC KOREA, Inc.",KOSDAQ,01179617,211,의료용 물질·의약품,false,,,matched,ticker,2695,184324217770,20260907
219750,한국비티비,"BTB Korea Co.,Ltd",KOSDAQ,01031229,271,의료·정밀·광학기기,false,,,matched,ticker,1615,21132883855,20260907
025550,한국선재,"HANKUK STEEL WIRE CO., LTD.",KOSDAQ,00158015,24123,1차 금속,false,,,matched,ticker,2115,53962118460,20260907
017890,한국알콜,KoreaAlcoholIndustrial,KOSDAQ,00158565,204,화학물질·화학제품,false,,,matched,ticker,14430,298318691580,20260907
080720,한국유니온제약,"UNION KOREA PHARM CO.,Ltd",KOSDAQ,00532855,212,의료용 물질·의약품,false,,,matched,ticker,2410,192441519730,20260907
041460,한국전자인증,KOREA ELECTRONIC CERTIFICATION AUTHORITY,KOSDAQ,00361169,58221,출판업,false,,,matched,ticker,3545,67355000000,20260907
101680,한국정밀기계,"HNK MACHINE TOOL CO.,LTD.",KOSDAQ,00257732,29223,기타 기계·장비,false,,,matched,ticker,2750,23111000000,20260907
039740,한국정보공학,"Korea Information Engineering Services Co., Ltd",KOSDAQ,00261957,467,도매·상품중개,false,,,matched,ticker,3070,24616478790,20260907
053300,한국정보인증,"KOREA INFORMATION CERTIFICATE AUTHORITY, INCORPORATED",KOSDAQ,00306454,58221,출판업,false,,,matched,ticker,5060,200199638760,20260907
025770,한국정보통신,KoreaInformation&Communication,KOSDAQ,00159342,61299,통신업,false,,,matched,ticker,7930,296933069030,20260907
479880,한국제15호스팩,"Korea No.15 Special Purpose Acquisition Co., Ltd.",KOSDAQ,01818682,66199,금융·보험 관련 서비스,false,,,matched,ticker,2070,14220900000,20260907
0164H0,한국제16호스팩,,KOSDAQ,,,,false,,spac,not_matched,,1956,13203000000,20260907
062970,한국첨단소재,"KOREA ADVANCED MATERIALS Co.,Ltd.",KOSDAQ,00403766,26410,전자부품·컴퓨터·통신장비,false,,,matched,ticker,1914,54633803598,20260907
023760,한국캐피탈,"Han Kook Capital Co., Ltd.",KOSDAQ,00149594,64911,금융업,false,,,matched,ticker,1401,221084507988,20260907
054040,한국컴퓨터,KOREA COMPUTER INC.,KOSDAQ,00303396,2629,전자부품·컴퓨터·통신장비,false,,,matched,ticker,4480,71999379200,20260907
021650,한국큐빅,CUBIC KOREA INC.,KOSDAQ,00160010,2229,고무·플라스틱,false,,,matched,ticker,1997,32652074311,20260907
032300,한국파마,"KOREA PHARMA Co., Ltd.",KOSDAQ,00187770,212,의료용 물질·의약품,false,,,matched,ticker,7890,86053870890,20260907
037230,한국팩키지,"HANKUK PACKAGE CO., LTD.",KOSDAQ,00198192,17223,펄프·종이 제조,false,,,matched,ticker,1392,41482055184,20260907
448900,한국피아이엠,"PIM KOREA Co.,Ltd.",KOSDAQ,00765897,303,자동차·트레일러,false,,,matched,ticker,49550,300989344350,20260907
052600,한네트,"HANNET CO., LTD.",KOSDAQ,00244783,61299,통신업,false,,,matched,ticker,2980,34459826000,20260907
256150,한독크린텍,"Handok Clean Tech Co., Ltd.",KOSDAQ,01069736,29175,기타 기계·장비,false,,,matched,ticker,4780,40128100000,20260907
092460,한라IMS,"HANLA IMS Co., LTD",KOSDAQ,00528515,31114,기타 운송장비,false,,,matched,ticker,16860,288469204800,20260907
125490,한라캐스트,"HALLACAST Co.,Ltd",KOSDAQ,00683061,303,자동차·트레일러,false,,,matched,ticker,10930,398970707360,20260907
452190,한빛레이저,HBL Corporation,KOSDAQ,00607496,29221,기타 기계·장비,false,,,matched,ticker,4065,97237064205,20260907
047080,한빛소프트,HANBIT SOFT Inc.,KOSDAQ,00348292,5821,출판업,false,,,matched,ticker,1095,27180486390,20260907
452280,한선엔지니어링,"HANSUN ENGINEERING CO., LTD.",KOSDAQ,00958451,259,금속가공제품,false,,,matched,ticker,10190,196133757300,20260907
066980,한성크린텍,"HANSUNG CLEANTECH CO., LTD.",KOSDAQ,00389998,721,건축기술·엔지니어링,false,,,matched,ticker,1562,83990619086,20260907
114810,한솔아이원스,"Hansol IONES Co., Ltd.",KOSDAQ,00625942,2927,기타 기계·장비,false,,,matched,ticker,13880,390627255120,20260907
042520,한스바이오메드,HANS BIOMED CORPORATION,KOSDAQ,00349060,213,의료용 물질·의약품,false,,,matched,ticker,19600,279522793200,20260907
430690,한싹,"Hanssak Co., Ltd.",KOSDAQ,01602638,58221,출판업,false,,,matched,ticker,2510,27347213040,20260907
078350,한양디지텍,"HANYANG DIGITECH CO.,LTD.",KOSDAQ,00488989,2611,전자부품·컴퓨터·통신장비,false,,,matched,ticker,19400,295741010800,20260907
045100,한양이엔지,"HANYANG ENG CO.,LTD",KOSDAQ,00216762,721,건축기술·엔지니어링,false,,,matched,ticker,31400,549500000000,20260907
320000,한울반도체,"HanWool Semiconductor, Inc.",KOSDAQ,01359815,292,기타 기계·장비,false,,,matched,ticker,10150,70173750500,20260907
091440,한울소재과학,"HanWool Materials Science, Inc.",KOSDAQ,00560122,26410,전자부품·컴퓨터·통신장비,false,,,matched,ticker,2690,93184760750,20260907
276730,한울앤제주,"HanWool & Jeju, Inc.",KOSDAQ,01230255,11112,음료 제조,false,,,matched,ticker,1294,30548726120,20260907
024740,한일단조,HanilForgingIndustrial,KOSDAQ,00162832,303,자동차·트레일러,false,,,matched,ticker,2275,74840786475,20260907
005860,한일사료,HANIL FEED Co.Ltd,KOSDAQ,00162911,109,식료품 제조,false,,,matched,ticker,2390,94174807150,20260907
007770,한일화학,"HANIL CHEMICAL IND. CO.,LTD",KOSDAQ,00267979,201,화학물질·화학제품,false,,,matched,ticker,8060,28290600000,20260907
198940,한주라이트메탈,"HANJOO LIGHT METAL CO., LTD.",KOSDAQ,00156600,24212,1차 금속,false,,,matched,ticker,1310,26081785600,20260907
058450,한주에이알티,"HANJOO ART Co.,LTD.",KOSDAQ,00146427,591,영상·오디오 제작,false,,,matched,ticker,1503,8113151916,20260907
107640,한중엔시에스,"HanJungNCS.Co.,Ltd",KOSDAQ,00474588,281,전기장비,false,,,matched,ticker,40500,367130313000,20260907
079170,한창산업,"HanchangIndustryCo.,Ltd.",KOSDAQ,00202839,24229,1차 금속,false,,,matched,ticker,5930,30836000000,20260907
030520,한컴,HANCOM INC.,KOSDAQ,00204262,582,출판업,false,,,matched,ticker,17380,420243950720,20260907
054920,한컴위드,Hancom WITH Inc.,KOSDAQ,00363592,58221,출판업,false,,,matched,ticker,3660,103274516460,20260907
457370,한켐,"HANCHEM CO.,LTD",KOSDAQ,01016309,20119,화학물질·화학제품,false,,,matched,ticker,7900,63730358600,20260907
002680,한탑,Hantop Inc.,KOSDAQ,00140566,105,식료품 제조,false,,,matched,ticker,2505,16190714295,20260907
098070,한텍,HANTECH LTD.,KOSDAQ,00404941,251,금속가공제품,false,,,matched,ticker,25450,283033038450,20260907
408470,한패스,"HANPASS CO.,Ltd.",KOSDAQ,01445024,64999,금융업,false,,,matched,ticker,5160,54551520000,20260907
498390,한화플러스제5호스팩,Hanwha Plus No 5 Special Purpose Acquisition Company,KOSDAQ,01881800,661,금융·보험 관련 서비스,false,,,matched,ticker,2035,10093600000,20260907
034810,해성산업,"Haesung Industrial Co., Ltd.",KOSDAQ,00219361,649,금융업,false,,,matched,ticker,6080,192007324160,20260907
03481K,해성산업1우,"Haesung Industrial Co., Ltd. (preferred)",KOSDAQ,00219361,649,금융업,true,034810,preferred_share,matched_via_parent,preferred_parent_ticker,6150,8471335950,20260907
059270,해성에어로보틱스,"Haisung Aero-Robotics Co., Ltd.",KOSDAQ,00453442,259,금속가공제품,false,,,matched,ticker,5260,58729472740,20260907
076610,해성옵틱스,"Haesung Optics Co.,Ltd",KOSDAQ,00483735,273,의료·정밀·광학기기,false,,,matched,ticker,1207,71498069260,20260907
0155E0,해치텍,,KOSDAQ,,,,false,,,not_matched,,14650,80386747500,20260907
900270,헝셩그룹,HENG SHENG HOLDING GROUP COMPANY LIMITED,KOSDAQ,01160512,64992,금융업,false,,,matched,ticker,3195,34225760160,20260907
214180,헥토이노베이션,"Hecto Innovation Co., Ltd.",KOSDAQ,01013311,63991,정보서비스업,false,,,matched,ticker,14540,188923556180,20260907
234340,헥토파이낸셜,"Hecto Financial Co., Ltd.",KOSDAQ,00763701,661,금융·보험 관련 서비스,false,,,matched,ticker,25200,352060531200,20260907
084990,헬릭스미스,"Helixmith Co., Ltd",KOSDAQ,00359395,70113,연구개발업,false,,,matched,ticker,2980,137356535060,20260907
170030,현대공업,"HYUNDAI INDUSTRIAL CO.,LTD",KOSDAQ,00164502,303,자동차·트레일러,false,,,matched,ticker,4800,73632000000,20260907
319400,현대무벡스,"HYUNDAI MOVEX Co., Ltd.",KOSDAQ,01358463,291,기타 기계·장비,false,,,matched,ticker,22100,2461410461900,20260907
048410,현대바이오,"HYUNDAI BIOSCIENCE CO., LTD.",KOSDAQ,00313649,204,화학물질·화학제품,false,,,matched,ticker,6280,606054992160,20260907
052260,현대바이오랜드,"HYUNDAI BIOLAND Co.,Ltd.",KOSDAQ,00347062,204,화학물질·화학제품,false,,,matched,ticker,3965,118950000000,20260907
016790,현대사료,HYUNDAI FEED Inc.,KOSDAQ,00164618,109,식료품 제조,false,,,matched,ticker,994,187340898626,20260907
041440,현대에버다임,HYUNDAI EVERDIGM Corp.,KOSDAQ,00228536,29241,기타 기계·장비,false,,,matched,ticker,6730,120074721760,20260907
039010,현대에이치티,"HYUNDAI HT CO,LTD.",KOSDAQ,00255044,26410,전자부품·컴퓨터·통신장비,false,,,matched,ticker,7920,68310000000,20260907
090850,현대이지웰,"HYUNDAI EZWEL CO., LTD.",KOSDAQ,00656951,58222,출판업,false,,,matched,ticker,4960,111490398880,20260907
460930,현대힘스,"HYUNDAI HYMS CO., LTD.",KOSDAQ,00667373,31114,기타 운송장비,false,,,matched,ticker,13370,474777671270,20260907
092300,현우산업,"HYUNWOOINDUSTRIALCO.,LTD",KOSDAQ,00367455,2622,전자부품·컴퓨터·통신장비,false,,,matched,ticker,2535,51079922985,20260907
011080,형지I&C,HYUNGJI Innovation and Creative Company Limited,KOSDAQ,00142713,1419,의복 제조,false,,,matched,ticker,845,5996341390,20260907
308100,형지글로벌,"Hyungji Global Co., Ltd.",KOSDAQ,01181807,4741,소매업,false,,,matched,ticker,356,9191919288,20260907
064240,홈캐스트,"homecast CO., LTD.",KOSDAQ,00385336,467,도매·상품중개,false,,,matched,ticker,1801,62484346051,20260907
039610,화성밸브,"HS VALVE CO., LTD",KOSDAQ,00217743,29133,기타 기계·장비,false,,,matched,ticker,5730,59651592000,20260907
126640,화신정공,"HWASHIN PRECISION CO., LTD.",KOSDAQ,00825223,303,자동차·트레일러,false,,,matched,ticker,4525,158627992750,20260907
127980,화인써키트,"Finecircuit CO.,LTD.",KOSDAQ,00527002,262,전자부품·컴퓨터·통신장비,false,,,matched,ticker,2685,31792236540,20260907
061250,화일약품,"HWAIL PHARM. CO., LTD",KOSDAQ,00188973,212,의료용 물질·의약품,false,,,matched,ticker,9020,75926607680,20260907
097870,효성오앤비,"HyosungONBCo.,Ltd",KOSDAQ,00367385,2031,화학물질·화학제품,false,,,matched,ticker,4585,38926650000,20260907
290270,휴네시온,"Hunesion co.,ltd",KOSDAQ,01251577,582,출판업,false,,,matched,ticker,2935,28198517320,20260907
353190,휴럼,"Hurum Co., Ltd.",KOSDAQ,01453670,108,식료품 제조,false,,,matched,ticker,2660,20949319440,20260907
090710,휴림로봇,"Hyulim ROBOT Co.,Ltd.",KOSDAQ,00540429,29280,기타 기계·장비,false,,,matched,ticker,6300,753221882700,20260907
078590,휴림에이텍,"HYULIM A-TECH Co., Ltd.",KOSDAQ,00230814,303,자동차·트레일러,false,,,matched,ticker,3115,31113651065,20260907
205470,휴마시스,"HUMASIS CO., LTD.",KOSDAQ,01042979,213,의료용 물질·의약품,false,,,matched,ticker,3235,79823628235,20260907
115160,휴맥스,"HUMAX CO., LTD.",KOSDAQ,00787057,465,도매·상품중개,false,,,matched,ticker,5260,22657623580,20260907
028080,휴맥스홀딩스,"Humax Holdings Co., Ltd",KOSDAQ,00219440,620,컴퓨터 프로그래밍·SI,false,,,matched,ticker,4950,12525212700,20260907
200670,휴메딕스,"Humedix Co., Ltd.",KOSDAQ,00614478,212,의료용 물질·의약품,false,,,matched,ticker,25800,289732194000,20260907
065510,휴비츠,"Huvitz Co., Ltd.",KOSDAQ,00398668,27199,의료·정밀·광학기기,false,,,matched,ticker,7080,77015496600,20260907
263920,휴엠앤씨,"HuM&C Co., Ltd.",KOSDAQ,01185566,33999,기타 제품 제조,false,,,matched,ticker,3220,31585063720,20260907
243070,휴온스,"HUONS CO., LTD.",KOSDAQ,01159853,212,의료용 물질·의약품,false,,,matched,ticker,21100,252770931500,20260907
084110,휴온스글로벌,"Huons Global Co., Ltd.",KOSDAQ,00228059,212,의료용 물질·의약품,false,,,matched,ticker,23600,298771563200,20260907
145020,휴젤,"Hugel, Inc.",KOSDAQ,00888347,211,의료용 물질·의약품,false,,,matched,ticker,243000,3041187039000,20260907
024060,흥구석유,HeunguOil,KOSDAQ,00167004,46712,도매·상품중개,false,,,matched,ticker,11230,168450000000,20260907
010240,흥국,"HEUNGKUK METALTECH CO.,LTD.",KOSDAQ,00167031,29241,기타 기계·장비,false,,,matched,ticker,5410,63329460000,20260907
189980,흥국에프엔비,"HYUNGKUK F&B Co.,Ltd",KOSDAQ,00916516,11209,음료 제조,false,,,matched,ticker,1195,47964703265,20260907
037440,희림,Heerim Architects & Planners,KOSDAQ,00236863,72111,건축기술·엔지니어링,false,,,matched,ticker,4340,60423541500,20260907
238490,힘스,"HIMS CO., LTD.",KOSDAQ,00556712,29272,기타 기계·장비,false,,,matched,ticker,2390,27036244040,20260907