name,kind,en_wikipedia_views_30d,daily_avg,peak_day,peak_day_views,views_last_7d,last7_vs_daily_avg,also_on_screen_actor_roster
Gugudan,group,3519,117,20260816,248,950,1.18,no
AOA Black,group,583,19,20260807,29,114,0.82,no
Ariaz,group,708,24,20260803,37,153,0.97,no
Lip Service (group),group,101,3,20260725,9,24,0.96,no
Pristin,group,2032,68,20260726,88,480,1,no
Blackpink,group,134978,4499,20260808,7605,33118,1.3,no
I.B.I (group),group,413,14,20260726,22,98,0.9,no
Loona,group,15412,514,20260819,719,3941,1.07,no
CocoSori,group,318,11,20260727,19,81,1.05,no
D.Holic,group,180,6,20260817,20,60,2,no
Momoland,group,7403,247,20260730,332,1797,0.92,no
HashTag (group),group,195,7,20260729,11,43,0.81,no
Busters (group),group,962,32,20260802,86,201,0.91,no
Uni.T,group,670,22,20260806,33,157,1.05,no
Laysha,group,538,18,20260727,31,116,0.81,no
Honey Popcorn,group,10475,349,20260803,1112,1089,0.44,no
I-dle,group,22350,745,20260731,1526,4469,0.9,no
AtHeart,group,3125,104,20260819,236,1087,1.79,no
Alice (group),group,886,30,20260806,60,181,0.96,no
Weki Meki,group,2575,86,20260808,143,531,0.74,no
P.O.P (group),group,139,5,20260728,9,28,0.68,no
Good Day (group),group,506,17,20260814,47,142,1.39,no
S.I.S (group),group,140,5,20260815,11,23,0.51,no
Favorite (group),group,337,11,20260822,22,67,0.89,no
Fromis 9,group,16433,548,20260724,872,3168,0.62,no
Pristin V,group,361,12,20260726,23,83,0.86,no
WJMK (group),group,233,8,20260815,17,43,0.81,no
NeonPunch,group,179,6,20260725,12,38,0.84,no
GWSN,group,904,30,20260724,44,202,0.78,no
Gugudan SeMiNa,group,515,17,20260726,35,103,0.64,no
Oh!GG,group,1881,63,20260728,124,393,0.81,no
Iz*One,group,19979,666,20260810,735,4618,1.01,no
We Girls,group,124,4,20260724,10,22,0.54,no
Nature (group),group,876,29,20260815,56,212,1.06,no
Celeb Five,group,504,17,20260730,29,103,1,no
Cherry Bullet,group,3800,127,20260813,199,955,1.33,no
Maywish,group,74,2,20260731,6,17,1.21,no
DreamNote,group,428,14,20260811,41,103,1.14,no
Shinhwa,group,5586,186,20260820,259,1404,1.15,no
Fanatics (group),group,560,19,20260727,64,109,0.57,no
Cross Gene,group,730,24,20260812,35,173,1.03,no
JtL,group,646,22,20260726,37,149,0.87,no
G.o.d,group,6000,200,20260809,294,1486,1.22,no
U-KISS,group,5246,175,20260815,273,1286,1.29,no
Everglow,group,5808,194,20260802,463,1188,0.92,no
Secret Number,group,3401,113,20260806,415,810,1.19,no
Itzy,group,16156,539,20260816,669,4045,1.16,no
Pink Fantasy,group,1390,46,20260804,86,244,0.69,no
Saturday (group),group,208,7,20260815,15,38,0.81,no
MINX (band),group,26,1,20260808,3,7,1.75,no
Wooah,group,1560,52,20260804,81,320,0.72,no
Redsquare,group,150,5,20260820,12,37,1.16,no
Purple Kiss,group,2367,79,20260809,141,480,0.83,no
Pixy (group),group,2111,70,20260802,103,420,0.76,no
CNBLUE,group,5917,197,20260811,700,1044,1.03,no
F.T. Island,group,4891,163,20260726,272,1057,0.76,no
ZE:A,group,3472,116,20260815,155,777,0.98,no
1TYM,group,1643,55,20260820,80,465,1.36,no
DMTN,group,519,17,20260724,27,117,0.81,no
B1A4,group,3016,101,20260801,147,660,1.01,no
Jinusean,group,1917,64,20260819,91,480,1.08,no
Supernova (South Korean group),group,561,19,20260731,29,131,0.97,no
N-Train,group,142,5,20260803,10,29,1,no
Led Apple,group,397,13,20260730,29,70,0.59,no
F.Cuz,group,737,25,20260724,38,167,0.95,no
BtoB Blue,group,215,7,20260815,14,49,0.89,no
Voisper,group,61,2,20260810,9,11,1.57,no
Honeyst,group,163,5,20260811,13,32,0.89,no
Myteen,group,618,21,20260811,150,107,1.49,no
TST (band),group,275,9,20260803,17,69,0.99,no
The East Light,group,660,22,20260727,44,194,1.07,no
The Legend (band),group,158,5,20260813,10,38,1.31,no
Golden Child (band),group,2226,74,20260727,115,488,0.8,no
A.C.E (South Korean band),group,2932,98,20260814,458,900,2.17,no
Wanna One,group,14010,467,20260815,2140,5289,2.89,no
ONF (band),group,1423,47,20260812,83,291,0.91,no
JBJ (band),group,870,29,20260803,43,219,1.07,no
VAV (band),group,662,22,20260814,73,167,1.22,no
B.I.G,group,401,13,20260728,32,103,0.99,no
VIXX,group,3495,117,20260728,151,886,1.13,no
Madtown,group,528,18,20260805,48,99,0.93,no
Uniq (band),group,3068,102,20260807,169,641,0.83,no
Hotshot (band),group,674,22,20260816,41,193,1.2,no
VIXX LR,group,197,7,20260801,11,56,1.3,no
Romeo (band),group,311,10,20260726,20,82,1.26,no
HeartB,group,62,2,20260809,6,11,0.58,no
Snuper,group,255,9,20260815,18,47,0.98,no
Untouchable (band),group,140,5,20260811,10,39,1.56,no
NRG (South Korean band),group,674,22,20260809,37,140,0.83,no
Battle (South Korean band),group,170,6,20260811,12,38,1.06,no
Sechs Kies,group,3141,105,20260730,216,654,0.69,no
Super Junior-H,group,423,14,20260726,22,87,0.82,no
Super Junior-M,group,2168,72,20260802,96,516,0.97,no
GI (group),group,204,7,20260803,12,39,0.75,no
The SeeYa,group,387,13,20260731,23,79,0.95,no
Cleo (group),group,381,13,20260821,21,85,0.98,no
Baby Vox Re.V,group,362,12,20260728,21,102,1.24,no
D-Unit,group,356,12,20260819,18,86,0.98,no
Sistar19,group,1569,52,20260725,94,344,0.71,no
EvoL,group,444,15,20260814,25,85,0.93,no
Luv (group),group,382,13,20260808,20,75,0.77,no
Glam (group),group,3463,115,20260804,214,756,0.97,no
She'z,group,132,4,20260804,13,35,1.52,no
Tiny-G,group,606,20,20260728,74,125,0.5,no
Two X,group,274,9,20260804,17,73,1.38,no
Kim Heechul & Kim Jungmo,group,376,13,20260803,22,64,0.7,no
Got7,group,13470,449,20260803,572,3256,1.11,no
J-Walk,group,193,6,20260810,16,40,0.83,no
Big Brain,group,70,2,20260813,7,19,1.36,no
MAP6 (band),group,218,7,20260801,14,49,0.84,no
Double S 301,group,298,10,20260820,17,78,1.22,no
Astro (South Korean band),group,10373,346,20260812,404,2414,0.99,no
Imfact,group,306,10,20260724,19,69,0.8,no
KNK (band),group,1132,38,20260821,58,270,1.03,no
NCT (group),group,19658,655,20260820,1226,5475,1.36,no
Pentagon (South Korean band),group,6917,231,20260726,402,1277,0.65,no
Drug Restaurant,group,696,23,20260822,38,209,1.54,no
A.cian,group,161,5,20260808,11,32,0.89,no
Boys Generally Asian,group,1670,56,20260806,413,242,0.89,no
Super Junior-T,group,653,22,20260816,36,148,1.03,no
SF9,group,4727,158,20260805,202,1144,1.31,no
Exo-CBX,group,1513,50,20260804,80,317,0.79,no
5tion,group,342,11,20260814,26,55,0.79,no
Apeace,group,249,8,20260812,15,58,1.16,no
Click-B,group,1088,36,20260801,71,137,0.48,no
AA (band),group,307,10,20260809,15,65,0.83,no
Shu-I,group,80,3,20260812,8,20,0.87,no
K-pop (band),group,623,21,20260725,69,108,0.47,no
Infinite H,group,179,6,20260803,13,53,1.18,no
Taesaja,group,252,16,20260807,50,114,0.97,no
One Way (South Korean band),group,151,5,20260816,11,45,1.29,no
Paran (band),group,178,6,20260727,11,35,0.88,no
Big Star (South Korean band),group,404,13,20260817,22,110,1.08,no
T-max,group,387,13,20260730,22,76,0.69,no
4Men,group,519,17,20260801,38,110,0.9,no
AlphaBat,group,155,5,20260801,9,37,1.19,no
Boys Republic (band),group,456,15,20260817,29,129,1.17,no
Flower (South Korean band),group,83,3,20260801,7,20,1.82,no
N-Sonic,group,261,9,20260725,19,74,1.06,no
JJCC,group,822,27,20260806,234,128,1.25,no
2000 Won,group,70,2,20260814,9,17,1.06,no
High4,group,236,8,20260819,14,66,1.35,no
5urprise,group,2770,92,20260815,121,691,1.14,no
HALO (South Korean group),group,273,9,20260819,17,62,0.87,no
IKon,group,9377,313,20260726,507,2320,0.91,no
Bigflo,group,301,10,20260820,18,86,1.37,no
Infinite F,group,189,6,20260801,13,48,0.96,no
SS501,group,3171,106,20260822,162,791,1.03,no
The Boss (band),group,418,14,20260822,27,112,1.04,no
SG Wannabe,group,1209,40,20260813,56,280,1.01,no
Supreme Team (band),group,357,12,20260730,28,81,0.75,no
C-Clown,group,1135,38,20260811,57,245,0.95,no
Tasty (band),group,417,14,20260809,27,60,0.53,no
A-Jax (band),group,362,12,20260811,21,82,0.96,no
Speed (South Korean band),group,971,32,20260813,46,244,1.3,no
10cm (band),group,2590,86,20260725,129,633,1.02,no
SM the Ballad,group,722,24,20260812,38,112,0.65,no
EXO-M,group,65,2,20260801,7,19,1.36,no
2AM (band),group,4728,158,20260814,204,1163,1.1,no
MBLAQ,group,2348,78,20260804,118,567,1.07,no
Soul People (band),group,18,1,20260803,2,5,0.83,no
Aespa,group,56625,1888,20260803,6003,11000,1.02,no
STAYC,group,6899,230,20260731,607,1210,1,no
Tri.be,group,2111,70,20260820,242,899,2.3,no
Hot Issue (group),group,462,15,20260804,23,114,1.2,no
Ulala Session,group,472,16,20260810,37,97,0.84,no
Epik High,group,14365,479,20260804,1024,3752,1.93,no
TVXQ,group,11958,399,20260729,475,2887,0.98,no
NU'EST,group,5181,173,20260728,445,1241,0.87,no
Boyfriend (band),group,2406,80,20260807,153,423,0.98,no
100% (band),group,671,22,20260812,37,173,1.15,no
JYJ,group,2194,73,20260818,97,555,1.11,no
Bvndit,group,536,18,20260724,33,104,0.64,no
Purplebeck,group,110,4,20260803,9,27,1.35,no
Weeekly,group,2163,72,20260728,107,476,0.85,no
Girlkind,group,228,8,20260820,17,45,0.7,no
3YE,group,360,12,20260730,16,78,0.89,no
Rocket Punch,group,1886,63,20260806,159,447,1.03,no
Hinapia,group,408,14,20260815,47,115,1.49,no
Cignature,group,1588,53,20260814,151,436,1.23,no
Infinite (band),group,2924,97,20260821,136,715,1.05,no
ARrC,group,1457,49,20260807,131,253,0.84,no
Polarix,group,36,1,20260814,4,12,1.71,no
KickFlip,group,5404,180,20260815,336,1278,1.13,no
Close Your Eyes (group),group,4323,144,20260820,334,1222,1.04,no
Cortis,group,74689,2490,20260802,4030,17729,1.29,no
Nowz,group,2550,85,20260806,279,567,2.83,no
Idid (group),group,2659,89,20260809,133,659,1.19,no
Alpha Drive One,group,12017,401,20260822,992,4389,1.77,no
Am8ic,group,195,7,20260724,25,32,0.41,no
Modyssey,group,4085,136,20260816,357,1344,1.66,no
Superkind,group,259,9,20260729,17,56,0.86,no
ATBO,group,477,16,20260811,28,95,0.74,no
Aimers (band),group,203,7,20260814,14,56,1.22,no
BXB (group),group,669,22,20260803,44,134,0.71,no
Zerobaseone,group,11911,397,20260816,704,3285,1.23,no
Hori7on,group,1703,57,20260801,133,301,0.75,no
One Pact,group,2373,79,20260817,170,758,1.34,no
Ampers&One,group,2811,94,20260812,170,652,1.07,no
Lun8,group,6973,232,20260726,774,808,0.26,no
TWS (group),group,8316,277,20260804,358,1822,0.93,no
Nexz,group,6107,204,20260817,358,1950,1.73,no
Hi-Fi Un!corn,group,462,15,20260814,35,110,1.21,no
All(H)Ours,group,2636,88,20260808,123,689,1.28,no
Dxmon,group,459,15,20260819,32,134,1.43,no
TIOT,group,589,20,20260822,47,162,1.76,no
B.D.U,group,808,27,20260811,82,186,1.04,no
Got the Beat,group,5065,169,20260807,240,1146,1.08,no
El7z Up,group,1278,43,20260803,61,241,0.71,no
4Minute,group,3769,126,20260725,151,867,0.91,no
SSAK3,group,900,30,20260725,50,201,0.79,no
Kara (South Korean group),group,10760,359,20260803,474,2424,1.02,no
Vibe (South Korean band),group,257,9,20260816,18,82,2.1,no
Nmixx,group,14680,489,20260726,603,3398,0.92,no
Ichillin',group,1087,36,20260804,72,240,1.01,no
Ive (group),group,33969,1132,20260727,2146,5540,0.54,no
Craxy,group,313,10,20260813,17,68,0.96,no
ILY:1,group,568,19,20260728,30,123,0.81,no
Lightsum,group,4025,134,20260803,543,791,1.29,no
BugAboo,group,503,17,20260813,45,114,1.04,no
Viviz,group,4217,141,20260820,240,1144,1.21,no
Billlie,group,5512,184,20260726,258,1187,0.77,no
Kep1er,group,9950,332,20260814,467,2275,0.87,no
Teen Top,group,2820,94,20260818,179,884,1.31,no
H.O.T.,group,5364,179,20260822,211,1301,1.12,no
Big Mama (group),group,1550,52,20260803,69,371,1.05,no
B.A.P (South Korean band),group,4194,140,20260818,276,1352,1.43,no
Nell (band),group,855,29,20260821,46,203,0.91,no
Fly to the Sky,group,1626,54,20260806,145,347,1.08,no
The Grace (group),group,1299,43,20260814,62,277,0.92,no
BTS,group,260673,8689,20260730,12022,55199,0.87,no
M4M (band),group,137,5,20260728,9,28,0.76,no
Sweet Sorrow (band),group,130,4,20260801,12,20,0.77,no
Boys24,group,409,14,20260813,23,89,0.91,no
F-iV,group,206,7,20260818,16,51,1,no
Noel (band),group,747,25,20260804,105,150,0.95,no
Lunafly,group,210,7,20260804,11,56,1.19,no
Every Single Day (band),group,104,3,20260806,7,24,1,no
Tritops,group,87,3,20260727,12,16,0.53,no
Touch (South Korean group),group,123,4,20260806,9,29,1,no
Stray Kids,group,77318,2577,20260807,3636,19236,1.14,no
LC9 (band),group,123,4,20260728,13,19,0.43,no
Seventeen (South Korean band),group,47377,1579,20260815,16238,7773,1.01,no
A-Prince,group,95,3,20260805,9,20,1.18,no
Mr.Mr (band),group,218,7,20260808,15,43,0.9,no
Winner (band),group,5051,168,20260817,262,1530,1.54,no
M.Pire,group,101,3,20260808,8,20,1.25,no
Be.A,group,323,11,20260817,21,80,1.04,no
Topp Dogg,group,754,25,20260815,43,148,1.03,no
N.Flying,group,2563,85,20260813,132,601,1.16,no
Toheart (band),group,311,10,20260725,21,52,0.58,no
Beatwin,group,99,3,20260724,10,13,0.39,no
DKZ,group,861,29,20260815,38,172,0.89,no
IZ (band),group,277,9,20260820,16,67,0.96,no
Seven O'Clock,group,189,6,20260804,13,34,0.92,no
Rainz,group,129,4,20260820,10,40,1.43,no
The Boyz (South Korean band),group,11186,373,20260806,3157,1519,0.8,no
Onewe,group,1755,59,20260819,126,654,2.27,no
Skye (group),group,442,15,20260808,30,103,1,no
TRCNG,group,354,12,20260820,19,91,1.06,no
NCT Dream,group,6025,201,20260820,424,1806,1.55,no
Target (South Korean band),group,100,3,20260807,11,29,1.38,no
Troy (band),group,146,5,20260801,11,27,0.79,no
UNB (group),group,1295,43,20260808,72,317,1.19,no
NTB (band),group,128,4,20260815,12,41,2.16,no
NCT 127,group,21735,725,20260820,5497,11350,4.41,no
D-Crunch,group,195,7,20260822,18,58,1.87,no
Kenta Sanggyun,group,150,5,20260724,15,21,0.48,no
Oneus,group,2557,85,20260816,118,633,1.14,no
Verivery,group,1521,51,20260727,88,384,1.03,no
Spectrum (group),group,421,14,20260728,87,61,0.29,no
Treasure (band),group,8095,270,20260806,387,1914,1.1,no
1the9,group,531,18,20260815,29,125,1.1,no
D1ce,group,296,10,20260729,15,70,0.96,no
Vanner (band),group,656,22,20260729,66,129,0.72,no
AB6IX,group,1900,63,20260816,145,584,1.88,no
OnlyOneOf,group,1367,46,20260808,75,275,0.81,no
MustB,group,192,6,20260729,40,30,0.43,no
Exo-SC,group,635,21,20260802,32,124,0.73,no
SuperM,group,4508,150,20260802,187,1094,1.07,no
NCT U,group,2491,83,20260820,152,727,1.5,no
M.O.N.T,group,439,15,20260815,26,109,1.17,no
ENOi,group,121,4,20260728,8,34,1.17,no
DKB (band),group,1158,39,20260820,102,322,1.2,no
MCND,group,907,30,20260801,65,225,1.11,no
Homme (duo),group,585,20,20260807,52,133,1.33,no
X1 (band),group,2619,87,20260818,137,665,1,no
24K+,group,549,18,20260726,85,87,0.37,no
Jewelry (group),group,1607,54,20260729,75,357,0.92,no
Brown Eyed Girls,group,3559,119,20260819,143,888,1.09,no
Twice,group,56299,1877,20260810,5565,11431,1.04,no
Berry Good,group,655,22,20260811,36,126,0.91,no
Ladies' Code,group,5666,189,20260726,255,1228,0.84,no
T-ara N4,group,552,18,20260816,33,141,1.24,no
Girls' Generation,group,38722,1291,20260805,1913,8058,0.93,no
Tahiti (group),group,918,31,20260805,57,207,0.91,no
Black Pearl (South Korean group),group,271,9,20260822,20,70,1.01,no
Stellar (group),group,1361,45,20260803,65,304,1,no
QBS (group),group,68,2,20260810,5,19,1.9,no
Bestie (group),group,2321,77,20260726,115,558,0.8,no
2Eyes,group,343,11,20260818,16,79,0.95,no
Wassup (group),group,653,22,20260729,45,170,0.84,no
Wonder Girls,group,13579,453,20260807,558,3156,1,no
Sunny Days (group),group,361,12,20260725,21,83,1,no
2NE1,group,15156,505,20260810,599,3842,1.21,no
Melody Day (group),group,300,10,20260725,18,76,1.13,no
Bob Girls,group,229,8,20260815,15,45,0.83,no
Mamamoo,group,20558,685,20260813,1019,5691,1.56,no
Red Velvet (group),group,34904,1163,20260803,2194,6639,1.07,no
4L (group),group,209,7,20260725,11,45,0.98,no
Badkiz,group,189,6,20260801,15,24,0.53,no
Orange Caramel,group,2588,86,20260728,120,590,0.93,no
Laboum,group,1381,46,20260729,83,287,0.73,no
Lovelyz,group,2169,72,20260729,95,470,0.89,no
Sonamoo,group,667,22,20260806,34,145,1.05,no
4Ten,group,159,5,20260818,13,41,0.93,no
GFriend,group,7186,240,20260807,288,1701,1.06,no
CLC (group),group,4204,140,20260724,243,818,0.61,no
Oh My Girl,group,8240,275,20260811,604,2368,1.57,no
Blady,group,784,26,20260731,66,118,0.91,no
DIA (group),group,2036,68,20260817,84,453,0.83,no
Sistar,group,6544,218,20260724,347,1297,0.65,no
Miss A,group,6384,213,20260725,265,1455,0.93,no
GP Basic,group,430,14,20260805,28,86,0.86,no
F(x) (group),group,10334,344,20260810,416,2290,0.98,no
Apink,group,12354,412,20260726,918,2141,0.52,no
Secret (South Korean group),group,2978,99,20260728,131,655,0.86,no
Crayon Pop,group,1416,47,20260802,66,326,1,no
BtoB 4U,group,178,6,20260724,15,43,0.77,no
Mirae (band),group,1710,57,20260802,414,281,0.86,no
Ciipher,group,915,31,20260804,76,194,0.98,no
The KingDom,group,443,15,20260814,26,97,0.85,no
Blitzers,group,1439,48,20260726,122,167,0.28,no
Omega X,group,4013,134,20260808,842,821,1.46,no
Just B,group,1686,56,20260813,76,369,0.96,no
NTX (group),group,1107,37,20260808,72,131,0.46,no
Luminous (group),group,381,13,20260728,21,82,0.82,no
Enhypen,group,51142,1705,20260806,3650,10367,1.05,no
Tempest (South Korean band),group,1820,61,20260820,90,446,1.1,no
TAN (group),group,469,16,20260724,46,93,0.57,no
TNX (group),group,1900,63,20260820,121,578,1.52,no
TO1,group,889,30,20260727,46,175,0.71,no
April (girl group),group,1934,64,20260812,101,432,0.95,no
Playback (South Korean group),group,653,22,20260809,34,149,1.2,no
Unicorn (South Korean group),group,132,4,20260804,9,23,0.82,no
WJSN,group,11479,383,20260727,721,2063,0.63,no
MyB,group,149,5,20260801,10,30,0.67,no
Year 7 Class 1,group,98,3,20260807,8,24,1.04,no
AOA Cream,group,296,10,20260818,18,69,1.15,no
I.O.I,group,16140,538,20260728,636,3169,0.76,no
BB Girls,group,4240,141,20260724,298,641,0.37,no
After School (group),group,5219,174,20260817,327,1506,1.34,no
Girls' Generation-TTS,group,1543,51,20260729,79,335,0.85,no
JQT (group),group,875,29,20260801,65,152,0.87,no
F-ve Dolls,group,779,26,20260811,38,163,0.87,no
Puretty,group,662,22,20260728,43,122,0.71,no
Sugar (South Korean group),group,730,24,20260807,47,144,0.77,no
Rainbow (girl group),group,1299,43,20260726,64,288,0.91,no
LPG (South Korean group),group,239,8,20260731,19,52,0.88,no
15&,group,1061,35,20260816,47,278,1.2,no
RaNia (band),group,35,1,20260728,3,9,0.9,no
AOA (group),group,6910,230,20260727,290,1486,0.86,no
Skarf,group,1149,38,20260809,120,241,1.28,no
Gangkiz,group,216,7,20260726,13,33,0.65,no
Fiestar,group,1053,35,20260731,52,239,0.98,no
Dal Shabet,group,1473,49,20260731,74,318,0.85,no
Chocolat (group),group,909,30,20260817,214,442,3.27,no
EXID,group,5502,183,20260816,514,1805,1.62,no
Spica (group),group,869,29,20260814,45,209,1,no
C-REAL,group,179,6,20260818,9,54,1.38,no
T-ara,group,11932,398,20260810,643,2246,0.85,no
Papaya (group),group,398,13,20260807,22,97,1.13,no
Gavy NJ,group,592,20,20260728,35,101,0.61,no
Chakra (group),group,643,21,20260813,34,139,0.85,no
Shinvi,group,393,13,20260806,22,76,0.87,no
UNVS,group,121,4,20260724,10,27,0.73,no
Cravity,group,3108,104,20260726,141,698,0.91,no
Argon (band),group,148,5,20260728,23,22,0.42,no
E'Last,group,503,17,20260730,32,113,0.74,no
RabidAnce,group,53,2,20260817,6,17,1.7,no
Ghost9,group,4845,162,20260725,257,922,0.63,no
Daily:Direction,group,820,27,20260730,63,151,0.6,no
Trainee A,group,4049,135,20260818,206,1187,1.46,no
And2ble,group,8659,289,20260809,445,2046,0.95,no
Flare U,group,1707,57,20260818,84,420,1.05,no
Exo,group,26329,878,20260726,1123,5748,0.82,no
Block B,group,7453,248,20260813,340,1639,0.89,no
Mighty Mouth,group,396,13,20260729,22,82,0.69,no
Busker Busker,group,565,19,20260819,28,144,1.04,no
Jannabi (band),group,3211,107,20260822,292,1167,2.77,no
Baby Vox,group,3364,112,20260822,161,920,1.28,no
BtoB (band),group,7760,259,20260725,689,1564,0.57,no
S.E.S. (group),group,4999,167,20260806,212,1293,1.27,no
M.I.B (band),group,1002,33,20260728,60,210,0.79,no
Jaurim,group,747,25,20260814,36,160,0.95,no
Sinawe,group,643,21,20260728,31,149,1.03,no
Clazziquai Project,group,562,19,20260724,37,140,0.97,no
Girl's Day,group,8059,269,20260821,480,2206,1.32,no
We Are The Night (band),group,127,4,20260808,10,27,1.04,no
Fantasy Boys (group),group,1202,40,20260731,88,271,1.07,no
Waker,group,279,9,20260728,13,67,0.96,no
AxMxP,group,1748,58,20260809,115,443,1.58,no
Lapillus (group),group,2056,69,20260801,124,417,0.72,no
NewJeans,group,46101,1537,20260724,3138,9763,0.67,no
CSR (group),group,938,31,20260727,121,176,0.61,no
TripleS,group,11206,374,20260726,456,2571,0.92,no
Rolling Quartz,group,2369,79,20260812,119,381,0.61,no
Sunny Hill,group,818,27,20260724,53,157,0.64,no
Seo Taiji and Boys,group,6448,215,20260810,268,1481,1.05,no
Guckkasten,group,280,9,20260819,22,82,1.67,no
Coed School,group,977,33,20260818,51,223,0.93,no
Fin.K.L,group,3363,112,20260730,150,771,0.88,no
YB (band),group,1328,44,20260814,67,282,1.07,no
Cherry Filter,group,468,16,20260822,29,136,1.39,no
Milk (South Korean group),group,1571,52,20260814,73,405,1.11,no
SM Town,group,3624,121,20260811,160,794,0.99,no
Drunken Tiger,group,1047,35,20260731,54,259,1.1,no
Koyote,group,1419,47,20260804,61,332,1.12,no
Myname,group,1040,35,20260811,55,248,1.05,no
TRAX (band),group,902,30,20260812,52,193,0.76,no
Kiss (South Korean group),group,813,27,20260724,40,178,0.81,no
Koreana (band),group,410,14,20260808,27,97,0.91,no
Hello Venus,group,1969,66,20260726,94,463,0.9,no
Bulldog Mansion,group,65,2,20260724,6,13,0.81,no
SeeYa,group,2748,92,20260806,148,524,1.01,no
Turtles (South Korean band),group,506,17,20260822,40,133,1.08,no
Nine Muses (group),group,2398,80,20260812,118,516,0.91,no
Boohwal,group,593,20,20260725,36,137,0.82,no
Crash (South Korean band),group,314,10,20260810,17,73,1.14,no
Loveholics,group,459,15,20260807,26,120,1.17,no
DJ DOC,group,816,27,20260821,46,252,1.43,no
The Jadu,group,159,5,20260725,10,38,0.9,no
Deux (band),group,2292,76,20260803,136,435,0.82,no
Monday Kiz (band),group,444,15,20260724,26,88,0.74,no
Roo'ra,group,1468,49,20260821,96,471,1.62,no
Typhoon (South Korean band),group,127,4,20260801,12,39,1.7,no
Onnine Ibalgwan,group,107,4,20260811,8,22,0.81,no
Brown Eyed Soul (band),group,574,19,20260724,41,129,0.83,no
Sharp (South Korean band),group,1227,41,20260806,71,238,0.8,no
NEXT (South Korean band),group,369,12,20260731,21,80,1.03,no
Ahn Trio,group,170,6,20260814,20,35,0.88,no
TFN (group),group,395,13,20260805,23,80,0.84,no
Younite,group,1210,40,20260822,108,478,2.31,no
BoyNextDoor,group,10596,353,20260725,437,2390,0.85,no
Xodiac (band),group,720,24,20260724,37,186,1.01,no
BAE173,group,1007,34,20260811,55,260,1.28,no
The Wind (band),group,1451,48,20260729,112,206,0.6,no
X:IN,group,4739,158,20260728,217,900,0.73,no
Illit,group,51134,1704,20260819,2303,14654,1.21,no
Young Posse,group,2533,84,20260815,128,549,0.86,no
Classy (group),group,2673,89,20260805,121,561,0.86,no
Le Sserafim,group,58100,1937,20260816,2107,13691,1,no
H1-Key,group,3453,115,20260731,249,574,0.57,no
Isegye Idol,group,374,12,20260727,34,110,1.01,no
Irris,group,326,11,20260731,17,73,1.01,no
Mimiirose,group,485,16,20260805,28,104,0.85,no
Madein,group,5089,170,20260809,548,1531,1.73,no
Mave:,group,1620,54,20260727,75,395,1.03,no
Fifty Fifty (group),group,16386,546,20260819,968,4651,1.1,no
Mamamoo+,group,1249,42,20260808,63,336,1.46,no
Kiss of Life (group),group,14751,492,20260804,766,3611,1.25,no
Primrose (group),group,446,15,20260810,35,108,1.09,no
Artms,group,13957,465,20260807,986,2342,0.68,no
Loossemble,group,4148,138,20260819,199,1098,1.08,no
Unis (group),group,5120,171,20260725,251,1070,0.73,no
Rescene,group,26352,878,20260816,1175,6723,0.98,no
VVUP,group,851,28,20260725,92,150,0.47,no
Candy Shop (group),group,1052,35,20260724,65,222,0.8,no
Izna,group,9994,333,20260816,596,2853,1.34,no
Meovv,group,27766,926,20260819,4558,12492,2.53,no
Ablume,group,2030,68,20260819,110,542,1.11,no
Hearts2Hearts,group,26544,885,20260811,1216,6144,1.1,no
KiiiKiii,group,18074,602,20260811,1337,5884,2.44,no
2PM,group,20104,670,20260807,1706,4426,1.3,no
Super Junior,group,15793,526,20260822,841,3887,1.03,no
Highlight (band),group,6016,201,20260804,286,1473,1.19,no
Shinee,group,16735,558,20260820,681,4067,1.09,no
BigBang (South Korean band),group,55129,1838,20260819,5690,24754,3.25,no
HITGS,group,741,25,20260731,38,175,1.14,no
Baby Dont Cry,group,3196,107,20260809,166,709,0.9,no
Latency (band),group,4383,146,20260814,1066,1237,2.05,no
Unchild,group,6182,206,20260725,299,1326,0.74,no
Hiipe Princess,group,2066,69,20260815,311,519,1.41,no
Kangta & Vanness,group,704,23,20260809,51,202,1.85,no
Nemesis (South Korean band),group,77,3,20260812,7,16,0.62,no
Super Junior-K.R.Y.,group,521,17,20260810,31,102,0.89,no
Brown Eyes (band),group,412,14,20260821,27,96,0.9,no
Oathean,group,95,3,20260805,7,25,1.14,no
Vanilla Unity,group,49,2,20260817,5,14,2,no
Apollo 18 (band),group,94,3,20260726,6,18,0.78,no
As One (musical duo),group,1013,34,20260806,61,222,0.96,no
Bluedawn,group,58,2,20260730,6,8,0.5,no
Broken Valentine,group,107,4,20260805,11,16,1.45,no
Buzz (band),group,490,16,20260804,27,114,1.01,no
Chung Trio,group,77,3,20260729,5,15,0.88,no
Dynamic Duo (South Korean duo),group,2148,72,20260803,108,532,1.14,no
Eve (South Korean band),group,207,7,20260803,12,46,1.07,no
Crying Nut,group,636,21,20260726,38,132,0.81,no
Dana & Sunday,group,10,1,20260725,2,3,0.6,no
Garion (band),group,148,5,20260805,12,33,1.43,no
Glen Check (band),group,520,17,20260820,29,131,1.07,no
Goofy (band),group,159,5,20260731,11,38,0.97,no
Super Junior-D&E,group,830,28,20260802,76,132,0.8,no
Rude Paper,group,19,1,20260801,3,1,0.2,no
Rumble Fish (band),group,108,4,20260804,14,31,1.72,no
Sorea Band,group,47,2,20260729,4,10,0.67,no
S (South Korean band),group,193,6,20260803,13,38,0.86,no
Marronnier (group),group,61,2,20260810,5,15,1.25,no
Rubber Duckie (band),group,27,1,20260814,6,7,1.4,no
Korea National Opera,group,28,1,20260727,3,8,1.14,no
Lady (group),group,797,27,20260801,37,143,0.67,no
M.C the Max,group,936,31,20260812,52,184,0.81,no
Peppertones,group,504,17,20260731,36,111,1.02,no
Pia (band),group,222,7,20260814,18,51,1.09,no
Phantom (band),group,325,11,20260813,19,76,1.1,no
R.ef,group,352,12,20260802,35,58,1.21,no
Mystic Puzzle,group,12,1,20260805,3,2,0.5,no
Oh! Brothers,group,31,1,20260822,3,8,1,no
Sanulrim,group,894,30,20260725,50,157,0.62,no
T.T.Ma,group,171,6,20260727,12,36,0.72,no
The RockTigers,group,78,3,20260727,6,12,0.55,no
Toy (South Korean band),group,262,9,20260810,16,60,0.87,no
Turbo (South Korean band),group,1345,45,20260801,62,278,0.8,no
Vassline,group,61,2,20260807,5,14,1.17,no
Vodka Rain,group,20,1,20260730,3,5,0.71,no
Yurisangja,group,124,4,20260801,13,17,0.59,no
Norazo,group,368,12,20260730,21,85,0.89,no
Baechigi,group,126,4,20260803,15,23,0.88,no
Black Beat,group,702,23,20260724,144,141,0.53,no
3rd Line Butterfly,group,123,4,20260728,15,22,0.58,no
The Blue (musical duo),group,273,9,20260727,16,61,0.95,no
No Brain,group,854,28,20260724,156,149,0.34,no
Kiha & The Faces,group,699,23,20260806,286,65,0.98,no
Loro's,group,33,1,20260822,5,8,0.73,no
Maytree (band),group,915,31,20260806,45,215,0.9,no
Mot (band),group,64,2,20260817,5,17,1,no
Sobangcha,group,1027,34,20260804,330,133,1.82,no
My Aunt Mary,group,51,2,20260808,5,10,1.43,no
Rhythm Power,group,156,5,20260724,11,35,0.85,no
Romantic Punch,group,72,2,20260809,7,10,1.11,no
Rux,group,223,7,20260724,18,49,0.86,no
Bamseom Pirates,group,79,3,20260815,7,18,2.25,no
"Broccoli, You Too?",group,108,4,20260804,7,27,1.08,no
Idiotape,group,887,30,20260815,90,274,1.47,no
Wanted (band),group,181,6,20260811,24,37,1.28,no
Eastern Sidekick,group,33,1,20260801,3,7,1,no
Songgolmae,group,143,5,20260814,10,41,1.11,no
Shinchireem,group,157,5,20260725,12,36,0.78,no
Standing Egg,group,299,10,20260819,19,80,1.45,no
Soran (band),group,375,13,20260727,26,89,1.11,no
Sultan of the Disco,group,499,17,20260803,43,89,1.06,no
Achime,group,44,1,20260819,5,12,1.33,no
Epitone Project,group,99,3,20260813,11,19,0.7,no
M. Street,group,57,2,20260808,4,18,2,no
Urban Zakapa,group,764,25,20260813,45,207,1.29,no
Yaya Kim,group,58,2,20260810,5,13,0.81,no
Rooftop Moonlight,group,147,5,20260816,22,61,2.26,no
Young Turks Club,group,403,13,20260817,34,110,1.17,no
Autumn Vacation,group,47,2,20260807,4,10,0.91,no
015B,group,381,13,20260727,24,66,0.59,no
V.O.S (band),group,356,12,20260724,25,70,0.61,no
Galaxy Express (band),group,124,4,20260822,11,38,1.9,no
Gate Flowers,group,29,1,20260731,3,9,1.29,no
Geeks (musical duo),group,216,7,20260806,14,47,1.21,no
No Respect for Beauty,group,23,1,20260822,3,7,1.4,no
Goonamguayeoridingstella,group,20,1,20260809,3,7,1.17,no
Noizegarden,group,64,2,20260802,8,11,1.22,no
Daybreak (band),group,337,11,20260817,20,85,1.12,no
Delispice,group,469,16,20260805,96,66,0.6,no
Deulgukhwa,group,243,8,20260810,13,63,1.21,no
Second Moon,group,108,4,20260816,20,44,2,no
DickPunks,group,214,7,20260806,14,38,0.76,no
Jazzyfact,group,104,3,20260727,8,20,0.71,no
Can (duo),group,111,4,20260807,13,18,0.58,no
Cool (band),group,797,27,20260728,40,187,0.9,no
Page (South Korean band),group,34,1,20260727,4,11,1.38,no
The Koxx,group,383,13,20260730,20,87,0.91,no
Tin Tin Five,group,163,5,20260802,11,29,1.04,no
Two Two,group,336,11,20260727,19,86,1.1,no
Smacksoft,group,33,1,20260724,3,10,1.11,no
History (band),group,512,17,20260811,28,114,1.01,no
Togeworl,group,222,7,20260809,14,36,0.51,no
SM The Performance,group,108,4,20260822,7,25,0.93,no
Swingz,group,17,1,20260820,5,10,3.33,no
Arie Band,group,54,2,20260808,10,9,0.6,no
The Geeks (band),group,219,7,20260801,30,31,0.67,no
Bohemian (band),group,105,4,20260811,7,30,2,no
SM Rookies,group,1596,53,20260805,74,383,1.19,no
Noeazy,group,49,2,20260726,6,11,0.92,no
Bye Bye Badman (band),group,125,4,20260808,11,28,1.08,no
Ibadi (band),group,33,1,20260802,5,3,0.3,no
Monni (band),group,193,6,20260725,22,27,0.38,no
Seoul Electric Band,group,55,2,20260819,6,16,1.45,no
Walking After U,group,84,3,20260803,12,23,1.21,no
Wonder Boyz,group,108,4,20260729,8,21,0.57,no
Messgram,group,103,3,20260806,9,23,1.28,no
Bom Yeoreum Gaeul Kyeoul,group,99,3,20260724,8,29,1.45,no
SVGV,group,26,1,20260820,4,11,2.75,no
Kingston Rudieska,group,91,3,20260814,7,15,1.15,no
Skasucks,group,67,2,20260822,8,16,1,no
Almeng,group,51,2,20260731,5,13,1.3,no
The Barberettes,group,348,12,20260726,21,82,0.98,no
Nasty Nasty (band),group,168,6,20260817,10,38,1.03,no
MFBTY,group,710,24,20260801,40,176,1.05,no
Running Man Brothers,group,178,6,20260724,13,47,1.02,no
Hyukoh,group,2287,76,20260724,193,744,1.2,no
Dreamcatcher (group),group,6530,218,20260725,378,1375,0.76,no
Day6,group,8834,294,20260813,538,2256,1.32,no
Jambinai,group,335,11,20260820,19,83,1,no
Monsta X,group,14306,477,20260815,620,3474,1.06,no
Vromance,group,214,7,20260801,12,52,1.06,no
Up10tion,group,1010,34,20260726,79,213,0.65,no
OnePiece (music production team),group,234,8,20260730,20,28,0.34,no
The Solutions,group,73,2,20260820,7,16,0.76,no
Thornapple (band),group,266,9,20260731,18,61,1.02,no
Cheeze (band),group,264,9,20260803,17,61,1,no
Danpyunsun and the Sailors,group,15,1,20260727,3,2,0.25,no
Bursters,group,151,5,20260807,10,37,1.16,no
Lucky J,group,458,15,20260726,29,79,0.57,no
Triple H (band),group,786,26,20260731,36,163,0.84,no
End These Days,group,88,3,20260810,14,19,1.12,no
RGP (duo),group,211,7,20260821,14,51,1.16,no
Varsity (group),group,131,4,20260724,9,30,0.83,no
Nine Muses A,group,151,5,20260727,9,37,1,no
Triple T (musical group),group,17,1,20260808,3,5,0.71,no
BOL4,group,2339,78,20260730,147,496,0.77,no
Victon,group,1242,41,20260803,52,288,1.04,no
Bastarz,group,614,20,20260729,34,122,0.64,no
Kard (group),group,13916,464,20260730,1278,1525,0.32,no
MeloMance,group,1454,48,20260805,69,341,1.11,no
Duetto (duo),group,70,2,20260815,6,17,1.42,no
The Rose (band),group,8001,267,20260815,540,2414,1.49,no
Forestella,group,7850,262,20260724,361,1589,0.79,no
Longguo & Shihyun,group,119,4,20260730,9,19,0.53,no
MVP (South Korean band),group,69,2,20260726,15,11,0.46,no
Hyeongseop X Euiwoong,group,403,13,20260807,21,99,1.22,no
SsingSsing,group,2434,81,20260817,150,487,0.65,no
Jang Deok Cheol,group,69,2,20260726,5,16,0.94,no
Forte di Quattro,group,276,9,20260805,19,67,1.31,no
Miraclass,group,166,6,20260729,27,29,0.52,no
NU'EST W,group,509,17,20260728,37,113,0.86,no
One Day (South Korean band),group,1175,39,20260728,57,222,0.77,no
14U,group,144,5,20260808,12,25,0.89,no
South Club,group,189,6,20260820,16,51,1.16,no
3Racha,group,1862,62,20260811,106,489,1.34,no
Noir (band),group,146,5,20260731,11,29,0.94,no
Drinking Boys and Girls Choir,group,190,6,20260806,16,43,1.39,no
A Train To Autumn,group,208,7,20260812,60,31,1.41,no
Ateez,group,61471,2049,20260812,2749,13140,0.96,no
Tomorrow X Together,group,25934,864,20260805,1370,6737,1.19,no
Off On Off,group,535,18,20260818,34,132,1.06,no
Street Guns,group,29,1,20260820,4,9,1.29,no
Say Sue Me,group,293,10,20260801,24,61,1.03,no
1Team,group,314,10,20260819,22,87,1.24,no
CIX (band),group,2129,71,20260816,115,577,1.39,no
Newkidd,group,378,13,20260821,28,121,1.49,no
We in the Zone,group,142,5,20260803,10,25,1,no
Hippy Was Gipsy,group,31,1,20260819,3,11,1.83,no
HNB (band),group,67,2,20260809,7,12,1,no
Madmans Esprit,group,1015,34,20260724,55,228,0.8,no
Bandage (band),group,145,5,20260822,9,39,1.08,no
WEi,group,1614,54,20260809,76,423,1.2,no
Blackswan,group,4929,164,20260821,232,1205,1.07,no
Lunarsolar,group,302,10,20260727,18,64,0.96,no
Refund Sisters,group,1842,61,20260726,89,459,1.01,no
Lucy (South Korean band),group,2141,71,20260817,543,1026,2.74,no
Adoy,group,264,9,20260814,21,59,1.2,no
Hoppipolla (band),group,379,13,20260726,24,78,0.77,no
Purple Rain (band),group,127,4,20260819,10,33,1.27,no
Red Velvet – Irene & Seulgi,group,1828,61,20260816,102,502,1.38,no
Teen Teen,group,248,8,20260808,14,63,1.13,no
BDC (group),group,363,12,20260822,23,84,1.04,no
GreatGuys,group,190,6,20260821,17,56,1.17,no
Se So Neon,group,1097,37,20260816,93,337,1.52,no
Homies (musical group),group,149,5,20260812,12,32,1.19,no
W24 (band),group,301,10,20260822,18,79,1.14,no
Drippin,group,1163,39,20260727,91,278,0.86,no
P1Harmony,group,6407,214,20260816,383,1790,1.22,no
Universe Cowards,group,94,3,20260819,10,25,1.04,no
HarryBigButton,group,25,1,20260804,4,3,0.27,no
La Poem,group,355,12,20260810,27,80,0.87,no
Moonbin & Sanha,group,781,26,20260809,39,191,1.06,no
Xdinary Heroes,group,15678,523,20260813,6532,2711,2.22,no
Nerd Connection,group,404,13,20260820,22,106,0.97,no
U-BeS,group,112,4,20260727,9,24,1,no
Epex,group,1079,36,20260729,107,212,0.59,no
Day6 (Even of Day),group,662,22,20260814,44,143,0.93,no
MSG Wannabe,group,1802,60,20260801,141,363,0.95,no
Leenalchi,group,1458,49,20260819,108,456,1.42,no
Xikers,group,3938,131,20260812,209,985,1.17,no
Cotoba,group,102,3,20260806,8,21,1.5,no
Moskva Surfing Club,group,21,1,20260808,4,5,0.71,no
Jinjin & Rocky,group,236,8,20260822,15,69,1.35,no
Trendz (group),group,686,23,20260811,58,147,1.01,no
Eternity (group),group,367,12,20260811,53,72,1.09,no
Blank2y,group,853,28,20260724,75,156,0.52,no
NCT DoJaeJung,group,1244,41,20260821,64,339,1.41,no
Plave,group,3831,128,20260724,200,1087,1.02,no
Byul.org,group,73,3,20260802,9,16,0.89,no
Cadejo (band),group,77,3,20260725,7,12,0.52,no
Zeonpasa,group,33,1,20260813,3,8,1.33,no
Hickey (Chinese girl group),group,81,3,20260803,7,11,0.44,no
Acid Angel from Asia,group,638,21,20260724,35,123,0.71,no
Babymonster,group,39871,1329,20260822,1917,9783,1.16,no
8Turn,group,1893,63,20260724,98,358,0.65,no
N.SSign,group,453,15,20260820,26,114,1.21,no
Shownu X Hyungwon,group,545,18,20260725,37,100,0.56,no
Super Junior-L.S.S.,group,395,13,20260728,21,76,0.67,no
Riize,group,11675,389,20260822,584,2449,0.73,no
Evnne,group,2578,86,20260808,116,621,1.02,no
Green Flame Boys,group,94,3,20260817,9,26,1.08,no
Dabda,group,163,5,20260730,10,36,0.97,no
Crezl,group,151,5,20260810,17,25,0.81,no
Silica Gel (band),group,1072,36,20260822,115,403,1.71,no
Slant (band),group,219,7,20260728,16,50,0.89,no
Haepaary,group,31,1,20260813,5,6,3,no
NCT Wish,group,6377,213,20260802,364,1363,0.98,no
Decadent (band),group,68,2,20260811,6,9,0.56,no
Pakk,group,59,2,20260811,16,12,6,no
Wings of the Isang,group,25,1,20260727,5,1,0.11,no
Pow (band),group,1348,45,20260806,61,336,0.95,no
The Monotones (South Korean band),group,27,1,20260728,4,1,0.09,no
Hollow Jan,group,666,22,20260815,263,223,7.69,no
Wave to Earth,group,6152,205,20260807,434,1620,1.76,no
Kuang Program,group,32,1,20260731,4,5,5,no
Zzzaam,group,139,5,20260806,9,27,0.93,no
Bongjeingan,group,219,7,20260725,22,37,0.54,no
TRPP (band),group,109,4,20260809,10,19,0.76,no
Parasol (band),group,119,4,20260819,19,49,2.33,no
Seaweed Mustache,group,96,3,20260724,5,22,0.79,no
Sunkyeol,group,29,1,20260818,4,11,1.57,no
The Freaks (band),group,34,1,20260801,4,11,2.2,no
Yangbans,group,67,2,20260728,6,12,0.5,no
Legit Goons,group,90,3,20260727,7,22,0.92,no
Bahngbek,group,11,0,20260806,2,2,0.5,no
Hathaw9y,group,99,3,20260728,7,29,1.12,no
Krystal Eyes,group,241,8,20260809,22,44,0.68,no
Golden Girls (girl group),group,400,13,20260812,42,52,0.65,no
NOMAD (group),group,460,15,20260803,27,84,0.69,no
Geenius,group,477,16,20260725,27,100,0.75,no
Nastyona,group,874,29,20260728,41,198,0.91,no
QWER,group,6190,206,20260809,266,1224,0.76,no
Big Ocean,group,3635,121,20260724,324,661,0.55,no
82Major,group,1877,63,20260822,192,508,1.18,no
Waterfire (band),group,361,12,20260822,22,85,0.94,no
Badvillain,group,2232,74,20260809,124,475,0.98,no
Say My Name (group),group,5472,182,20260818,295,1681,1.45,no
Mytro,group,625,21,20260812,38,138,1.07,no
Sevenus,group,158,5,20260727,13,32,0.71,no
Xlov,group,18185,606,20260730,1738,3107,0.67,no
Nouera,group,3077,103,20260822,513,969,2.13,no
1Verse,group,2456,82,20260725,206,568,0.73,no
Newbeat,group,787,26,20260725,139,143,0.51,no
Electron Sheep,group,71,2,20260727,6,11,0.55,no
AllDay Project,group,15158,505,20260822,933,5193,1.59,no
Sailor Honeymoon,group,1497,50,20260814,170,566,7.55,no
Wah Wah Wah,group,183,6,20260727,13,31,0.65,no
AHOF,group,7092,236,20260726,738,883,0.27,no
Fat Hamster & Kang New,group,100,3,20260802,11,12,0.71,no
Tengger (band),group,55,2,20260730,6,5,0.26,no
Hypnosis Therapy,group,81,3,20260725,8,12,0.52,no
Lngshot,group,13413,447,20260809,734,2925,0.83,no
18Fevers,group,157,5,20260806,15,27,1.17,no
Ureuk and the Gypsies,group,60,2,20260727,7,11,0.61,no
Snake Chicken Soup,group,32,1,20260728,5,6,0.6,no
Kontrajelly,group,14,1,20260727,2,2,0.33,no
Gawthrop (band),group,17,1,20260814,3,3,1,no
Bulgogi Disco,group,33,1,20260729,4,8,1,no
Ourbirthday,group,2038,291,20260821,615,2038,1,no
Super Junior-83z,group,318,21,20260810,50,114,0.61,no
Socialclub Hyangwu,group,22,2,20260812,12,5,0.24,no
Tuide,group,2433,94,20260821,423,2289,163.5,no
Davichi,group,3009,100,20260807,123,663,1,no
Girl Friends (group),group,157,5,20260725,11,33,0.7,no
Leessang,group,888,30,20260803,44,193,0.98,no
Clon (duo),group,545,18,20260728,32,123,0.78,no
JJ Project,group,791,26,20260724,37,168,0.82,no
Trouble Maker (duo),group,2317,77,20260725,104,503,0.87,no
Isak N Jiyeon,group,413,14,20260814,21,99,1.01,no
Stony Skunk,group,452,15,20260819,25,125,1.69,no
AKMU,group,4046,135,20260726,165,1014,1.02,no
2Yoon,group,317,11,20260731,16,69,0.95,no
UN (band),group,328,11,20260731,22,66,0.7,no
Idntt,group,5284,176,20260724,368,891,0.49,no
Route 0 (group),group,649,22,20260730,35,178,1.04,no
Hyungdon and Daejun,group,39,1,20260812,4,5,1,no
2BiC,group,130,4,20260814,13,44,3.14,no
December (duo),group,142,5,20260805,13,43,2.05,no
Lucite Tokki,group,24,1,20260731,4,5,5,no
Miss S,group,191,6,20260822,11,42,1,no
Wink (South Korean group),group,74,2,20260808,9,13,0.81,no
J Rabbit,group,141,5,20260806,8,31,1,no
2NB,group,380,13,20260809,20,106,1.18,no
Eluphant,group,77,3,20260729,6,16,0.89,no
Mimi Sisters,group,66,2,20260806,11,14,1.27,no
Mukimukimanmansu,group,127,4,20260813,12,25,1.09,no
Wings (duo),group,115,4,20260727,11,19,0.61,no
B.O.Y,group,293,10,20260731,17,65,0.97,no
GroovyRoom,group,1356,45,20260818,248,690,4.29,no
XXX (group),group,6742,225,20260725,391,1293,0.57,no
Jus2,group,488,16,20260803,27,106,1.02,no
Wooseok x Kuanlin,group,250,8,20260815,20,79,1.72,no
Diva (South Korean group),group,421,14,20260804,31,83,0.93,no
Loona 1/3,group,938,31,20260816,41,221,0.97,no
Odd Eye Circle,group,2376,79,20260727,109,509,0.8,no
BSS (band),group,2277,76,20260815,130,532,0.99,no
Hi Suhyun,group,415,14,20260801,21,88,0.87,no
Love X Stereo,group,74,2,20260809,12,22,1.57,no
Rubber Soul (group),group,74,2,20260803,7,9,0.39,no
1Punch,group,458,15,20260729,24,108,0.89,no
GD X Taeyang,group,910,30,20260822,122,345,2.17,no
GD & TOP,group,1268,42,20260820,81,425,1.81,no
Seenroot,group,62,2,20260806,9,10,1.11,no
Mind U,group,115,4,20260803,10,34,1.17,no
MXM (musical duo),group,386,13,20260724,41,89,0.76,no
Hooni Yongi,group,95,3,20260814,26,23,1.64,no
JX (duo),group,1106,37,20260819,56,268,1.06,no
Hoshi X Woozi,group,909,30,20260726,44,224,0.95,no
H&D,group,150,5,20260803,12,28,0.8,no
Salamanda (band),group,103,3,20260804,12,18,0.95,no
Dodree,group,4690,156,20260819,207,1204,0.97,no
Jeonghan X Wonwoo,group,639,21,20260815,40,123,0.85,no
Kim Yoon-ji,individual,1813,60,20260810,90,365,0.85,no
Hyun Jae-myung,individual,22,1,20260726,3,5,0.5,no
Lim Hyung-joo,individual,107,4,20260729,7,25,1.14,no
Psy,individual,29359,979,20260807,1102,7152,1.1,no
Huh Gak,individual,876,29,20260726,39,184,0.76,no
IU (entertainer),individual,57774,1926,20260806,2389,12889,0.97,yes
Tablo,individual,22157,739,20260804,1743,4254,1.05,no
Lee Min-ki,individual,10471,349,20260726,537,2408,0.91,yes
Daesung,individual,14276,476,20260822,1185,5935,2.93,no
Heo Young-saeng,individual,1005,34,20260812,61,222,1.03,no
Kim Jae-joong,individual,8034,268,20260724,445,2333,1.15,yes
Lee Min-woo,individual,1692,56,20260728,111,403,0.93,no
Taemin,individual,13600,453,20260802,1201,2689,0.93,no
Choi Si-won,individual,11119,371,20260822,557,2727,1.02,yes
Lee Donghae,individual,4182,139,20260802,214,939,0.98,yes
Jung Yong-hwa,individual,7051,235,20260811,462,1570,1.1,yes
Lee Eun-ju,individual,5387,180,20260725,294,1132,0.8,no
G.NA,individual,2776,93,20260819,489,1107,2.18,no
Jo Kwan-woo,individual,179,6,20260725,14,37,0.73,no
Jo Tong-dal,individual,24,1,20260730,4,4,0.57,no
Choi Jung-in,individual,837,28,20260730,47,178,0.92,no
June (singer),individual,376,13,20260817,21,102,1.55,no
Jung Yu-ri,individual,86,3,20260728,11,20,0.65,no
Sonim,individual,359,12,20260820,26,83,0.93,no
Lim Yoona,individual,28026,934,20260801,1423,5840,0.91,yes
Jang Dong-gun,individual,6178,206,20260805,283,1568,1.05,yes
Park Yoo-chun,individual,6576,219,20260806,252,1605,1.03,no
Kim Hee-chul,individual,6300,210,20260803,281,1308,0.87,yes
Kim Dong-jun,individual,2656,89,20260726,118,559,0.83,yes
Choi Eun-hee,individual,6407,214,20260815,840,1873,1.47,no
Juno (singer),individual,385,13,20260819,24,92,0.9,no
Hwang Kwang-hee,individual,1952,65,20260816,83,473,1.02,no
Sung Si-kyung,individual,9176,306,20260724,479,1848,0.74,no
Jo Jung-suk,individual,11163,372,20260822,463,2742,1.1,yes
Gummy (singer),individual,5023,167,20260822,236,1289,1.14,no
Tony An,individual,1000,33,20260730,51,229,0.89,no
Kim Ok-vin,individual,6267,209,20260802,418,1337,0.94,yes
Dana (South Korean singer),individual,662,22,20260728,33,151,0.97,no
Yim Si-wan,individual,10571,352,20260802,417,2595,1.1,yes
Park Ji-yeon,individual,6794,226,20260802,395,1421,0.98,yes
Kim Jong-kook,individual,7145,238,20260731,302,1540,0.85,no
Kim Kyung-ho,individual,381,13,20260809,21,83,1.01,no
Alex Chu,individual,1147,38,20260808,57,273,1.03,no
Kim Jong-min,individual,2233,74,20260724,117,510,0.86,no
Kim Ki-bum,individual,2862,95,20260822,141,674,0.94,no
Lee Seung-gi,individual,17149,572,20260810,941,3718,1,yes
Park Ye-eun,individual,2981,99,20260807,142,649,0.95,no
Kim Sung-jae,individual,9180,306,20260726,732,1135,0.31,no
Ahn So-hee,individual,8834,294,20260807,440,2200,1.17,yes
CL (rapper),individual,10044,335,20260821,503,2639,1.2,no
Han Ye-seul,individual,5897,197,20260728,292,1176,0.63,no
Insooni,individual,2327,78,20260813,147,413,0.89,no
Kim Gun-mo,individual,853,28,20260821,49,212,1.29,no
Ok Taec-yeon,individual,28716,957,20260726,1646,5475,0.66,yes
Lee Tzsche,individual,267,9,20260724,17,50,0.6,no
Sunye,individual,3575,119,20260812,200,794,1.04,no
Yoon Son-ha,individual,659,22,20260727,33,157,1.02,no
Jeong Jin-woon,individual,2009,67,20260815,100,496,1.15,yes
Wax (singer),individual,277,9,20260822,18,73,1.35,no
Hwang Shin-hye,individual,744,25,20260801,54,130,0.62,yes
"Lee Jae-jin (musician, born 1991)",individual,997,33,20260728,60,207,0.69,no
Seo Ji-young,individual,926,31,20260724,45,206,0.85,no
Choi Min-ho,individual,9579,319,20260820,413,2415,1.13,yes
Lee Jung-hyun,individual,5635,188,20260726,258,1253,0.85,yes
Lee Joon-gi,individual,15031,501,20260820,599,3647,1.08,yes
Sandara Park,individual,11712,390,20260805,639,2789,1.09,no
Hahm Eun-jung,individual,5470,182,20260802,319,1241,1,yes
Hyomin,individual,3263,109,20260810,191,700,0.9,no
Huh Kyung-young,individual,421,14,20260731,25,94,0.9,no
Son Dam-bi,individual,1785,60,20260806,85,417,1.1,yes
Hyoyeon,individual,5072,169,20260805,818,787,0.92,no
Uhm Jung-hwa,individual,10983,366,20260817,457,2657,1.04,yes
Kwon Yu-ri,individual,10333,344,20260731,859,2055,0.89,yes
Bae Suzy,individual,34744,1158,20260816,1358,8611,1.07,yes
Anita Tsoy,individual,4044,135,20260808,659,527,0.45,no
Krystal Jung,individual,14319,477,20260724,627,3291,0.99,yes
Bang Yong-guk,individual,2218,74,20260730,210,535,1,no
Jang Yoon-jeong (singer),individual,906,30,20260814,41,211,0.94,no
Kim Bum,individual,20075,669,20260729,1061,4116,0.73,yes
Tiffany Young,individual,17028,568,20260801,949,4419,1.27,yes
Taeyeon,individual,14910,497,20260728,839,3271,0.87,no
Choi Soo-young,individual,19035,635,20260730,775,4396,0.98,yes
Jay Park,individual,28090,936,20260727,1336,5633,0.77,no
Lee Min-ho,individual,45322,1511,20260808,1766,10211,0.97,yes
Lee Seung-chul,individual,1263,42,20260806,68,266,0.87,yes
BoA,individual,16002,533,20260816,622,3621,0.94,no
Lee Byung-hun,individual,59406,1980,20260810,2525,13235,0.97,yes
Seungri,individual,24710,824,20260819,1815,9336,2.21,no
Hyuna,individual,17117,571,20260726,711,3667,0.9,no
Yunjin Kim,individual,16833,561,20260726,701,3766,0.9,yes
Lee Hyori,individual,11891,396,20260726,598,2992,1,no
Yang Yo-seob,individual,1550,52,20260804,138,376,1.2,no
Jenna Ushkowitz,individual,10104,337,20260727,476,2603,1.09,no
Jessica Jung,individual,14994,500,20260731,735,3313,0.99,no
Sumi Jo,individual,2470,82,20260819,212,674,1.16,yes
Sunny (singer),individual,7332,244,20260731,398,1595,0.99,no
Koo Hye-sun,individual,12436,415,20260802,581,2604,0.83,yes
Younha,individual,1977,66,20260726,90,439,0.87,no
Seohyun,individual,12617,421,20260801,492,2876,0.96,yes
Lee Hi,individual,3997,133,20260805,201,818,0.8,no
Verbal (rapper),individual,2109,70,20260810,102,490,1.06,no
Rain (entertainer),individual,31361,1045,20260725,1368,6606,0.81,yes
Jang Keun-suk,individual,7612,254,20260816,414,1894,1.12,yes
K.Will,individual,1955,65,20260815,88,437,0.94,no
Seven (South Korean singer),individual,5120,171,20260727,240,1144,0.85,no
Hwanhee,individual,1352,45,20260806,77,353,1.29,no
Seo Taiji,individual,6740,225,20260807,326,1588,1.13,no
Hyun Bin,individual,39627,1321,20260801,1604,8926,0.97,yes
Ryu Si-won,individual,902,30,20260727,84,215,0.83,no
Ajoo,individual,153,5,20260821,14,46,1.05,no
Kim Ah-joong,individual,4765,159,20260806,240,1072,0.99,yes
Ha Ji-won,individual,14937,498,20260726,717,3393,0.87,yes
Na Yoon-sun,individual,486,16,20260727,40,92,0.59,no
DJ Tukutz,individual,5332,178,20260804,396,1371,1.9,no
Mithra Jin,individual,5208,174,20260731,398,1276,1.76,no
Jang Jae-in,individual,290,10,20260728,16,67,0.82,no
Kim Bum-soo (singer),individual,883,29,20260725,42,228,1.15,no
Yoon Jong-shin,individual,1475,49,20260728,66,333,0.9,no
Outsider (rapper),individual,491,16,20260803,26,117,1.01,no
Ha Hyun-woo,individual,499,17,20260818,32,139,1.2,no
Taeyang,individual,20057,669,20260822,1641,7830,2.4,no
Kim Soo-hyun,individual,53820,1794,20260809,2204,11731,0.97,yes
Lee Joon,individual,7948,265,20260812,492,1716,1.01,yes
Park Hyun-bin,individual,302,10,20260727,23,62,0.59,no
Lee Si-yeon,individual,489,16,20260729,27,121,1.03,no
Kim Yu-bin,individual,1360,45,20260726,79,302,0.83,no
Shindong,individual,3325,111,20260822,195,822,0.99,no
Sulli,individual,25546,852,20260818,1142,5938,1.07,yes
Song Ji-eun,individual,3051,102,20260822,184,882,1.28,no
Cho PD,individual,546,18,20260804,32,148,1.19,no
Harisu,individual,2245,75,20260809,246,495,1.2,no
Kim Junsu,individual,2597,87,20260819,112,600,0.91,no
Kangta,individual,3481,116,20260816,152,901,1.24,no
Kim Ryeo-wook,individual,2681,89,20260822,144,678,1,no
J.Y. Park,individual,58139,1938,20260731,3812,7971,0.37,yes
Eunhyuk,individual,3235,108,20260822,158,772,1.14,no
Kangin,individual,2718,91,20260725,117,611,0.87,no
Lee Sang-hoon (baseball),individual,90,3,20260801,7,19,0.95,no
Max Changmin,individual,3400,113,20260729,145,769,0.85,yes
Park Yong-ha,individual,10428,348,20260724,2729,1344,0.21,no
Yesung,individual,2864,95,20260822,176,700,0.93,yes
Hwang Chan-sung,individual,8785,293,20260810,460,2070,1.34,yes
Hyolyn,individual,12433,414,20260724,1054,1952,0.4,no
Kyeon Mi-ri,individual,2541,85,20260811,233,493,0.96,yes
Kim Dong-wan,individual,1544,51,20260822,69,378,1.02,yes
Jang Woo-hyuk,individual,1467,49,20260802,73,376,1.17,no
Ko Eun-mi,individual,165,6,20260821,12,42,1.31,no
Baek A-yeon,individual,1219,41,20260726,55,250,0.8,no
Park Shin-hye,individual,31806,1060,20260802,1229,7245,0.96,yes
Jung Ha-na,individual,1080,36,20260804,57,252,0.92,no
Joo Won,individual,5741,191,20260726,239,1400,1,yes
Nam Hyun-joon,individual,319,11,20260725,18,62,0.81,no
"Lee Ji-hyun (actress, born 1983)",individual,851,28,20260812,52,202,1.1,no
Bada (singer),individual,4467,149,20260806,393,951,1.17,no
Kang Sung-hoon (singer),individual,823,27,20260730,62,142,0.54,no
Steven Yeun,individual,111016,3701,20260726,8138,20210,0.55,yes
Lina (entertainer),individual,939,31,20260801,48,213,0.97,no
Boom (entertainer),individual,1086,36,20260808,64,194,0.7,no
Raina (singer),individual,1685,56,20260818,85,459,1.23,no
Yoo So-young,individual,1001,33,20260817,47,261,0.98,no
Patti Kim (singer),individual,667,22,20260810,42,95,0.44,no
Jung Jae-hyung,individual,1279,43,20260819,60,285,0.85,no
Kim Jang-hoon,individual,512,17,20260725,28,110,0.83,no
Lee Soo-geun,individual,1503,50,20260802,68,337,0.99,yes
Chanyeol,individual,5371,179,20260724,228,1079,0.79,no
Kim Joon,individual,3640,121,20260727,161,808,0.88,yes
Lee Hyun,individual,3419,114,20260807,254,759,1.07,no
Shin Hye-sung,individual,1205,40,20260811,58,313,1.09,no
Seo Hyun-jin,individual,13519,451,20260822,529,3524,1.22,yes
Joon Park,individual,6244,208,20260728,242,1450,0.96,no
Kim Jeong-hoon,individual,1941,65,20260801,81,411,0.86,no
Kwon So-hyun,individual,2344,78,20260726,166,435,0.59,no
Cha Tae-hyun,individual,9802,327,20260815,381,2280,0.97,yes
Nicole Jung,individual,2931,98,20260802,126,650,0.98,no
Minzy,individual,3841,128,20260822,177,967,1.14,no
Yoo Gun,individual,705,24,20260804,50,129,0.77,no
Danny Ahn,individual,2517,84,20260811,113,583,1.08,no
Joo (singer),individual,1132,38,20260803,50,260,0.99,no
Key (entertainer),individual,5317,177,20260816,212,1260,1.09,no
Kim Hyung-jun,individual,1511,50,20260803,109,328,1.14,no
Kim Tae-woo (singer),individual,1901,63,20260820,83,464,1.14,no
Lee Jae-won (singer),individual,1753,58,20260810,109,471,1.89,no
Lee Soo-man,individual,5566,186,20260804,221,1210,1.03,no
Min Hyo-rin,individual,9478,316,20260822,726,3409,1.98,no
Park Kyung-lim,individual,1281,43,20260810,78,316,1.12,no
Na Hoon-a,individual,471,16,20260815,24,111,1.08,no
Seo In-young,individual,1794,60,20260809,175,382,1.19,yes
Shin Ji,individual,880,29,20260816,51,240,1.36,no
Jonghyun,individual,22743,758,20260727,1005,5325,0.98,no
Jun. K,individual,6649,222,20260817,409,1981,2.09,no
Kimera (singer),individual,334,11,20260724,23,62,0.64,no
Lee Hong-gi,individual,4990,166,20260813,219,1140,0.94,yes
Park Jung-min (singer),individual,1249,42,20260822,56,291,1,no
So Ji-sub,individual,156817,5227,20260726,16423,15994,0.22,yes
Tei (singer),individual,513,17,20260811,33,107,0.92,no
U;Nee,individual,1652,55,20260804,181,277,0.75,no
Yoon Kye-sang,individual,7402,247,20260726,305,1623,0.93,yes
Ahn Jae-wook,individual,3125,104,20260816,132,758,1.08,yes
Jo Han-sun,individual,10049,335,20260730,521,1987,0.83,yes
Big Mama King,individual,154,5,20260725,12,41,1.24,no
Park Hyo-shin,individual,1957,65,20260817,89,444,0.89,no
Park So-yeon (singer),individual,3042,101,20260813,174,638,0.94,no
Shim Mina,individual,1238,41,20260819,127,305,1.22,no
Shin Hae-chul,individual,2788,93,20260803,164,658,1.12,no
"Yuri (singer, born 1976)",individual,239,8,20260819,16,73,1.55,no
Gain (singer),individual,2658,89,20260815,127,668,1.06,no
Jo Kwon,individual,4225,141,20260817,299,1382,1.83,no
KCM (singer),individual,1829,61,20260816,126,454,0.88,no
Jang Na-ra,individual,10372,346,20260726,410,2415,0.94,yes
Lee Sung-min (singer),individual,3017,101,20260822,153,713,0.99,no
Park Bom,individual,6403,213,20260810,404,1493,1.1,no
Onew,individual,5331,178,20260820,256,1319,1.15,yes
Shin Joong-hyun,individual,1030,34,20260815,62,218,0.84,no
Yoon Eun-hye,individual,9037,301,20260725,371,2094,0.95,no
Cho Kyu-hyun,individual,5562,185,20260822,238,1322,1.01,no
Eun Ji-won,individual,3594,120,20260730,159,850,1.02,no
Goo Hara,individual,22140,738,20260818,1549,6087,1.28,no
Park Gyu-ri,individual,2851,95,20260802,127,589,0.95,no
Lee Jong-hyun,individual,9950,332,20260811,2060,1625,1.27,no
Yunho,individual,4472,149,20260725,229,828,0.58,no
Kang Ji-young,individual,4350,145,20260809,176,994,1.02,no
Lee Jun-ho,individual,28238,941,20260809,1148,6616,1.16,yes
Kang Min-hyuk,individual,4775,159,20260811,244,1186,1.29,yes
Yoon Sang-hyun,individual,3926,131,20260725,180,841,0.8,yes
Lee Jang-woo,individual,3605,120,20260802,172,656,0.72,no
Shin Jung-hwan,individual,496,17,20260822,29,141,1.28,no
Juniel,individual,489,16,20260726,29,88,0.64,no
Heo Ga-yoon,individual,1062,35,20260817,53,256,0.96,yes
Hwang Jung-eum,individual,9492,316,20260817,403,2307,0.93,yes
Chae Ri-na,individual,638,21,20260803,36,165,1.31,no
Jang Young-ran,individual,186,6,20260804,15,39,0.7,no
Jeon Boram,individual,2312,77,20260810,109,485,0.88,no
Kim Ja-ok,individual,805,27,20260816,38,177,0.98,no
Lee Ji-hoon (entertainer),individual,1973,66,20260804,85,427,0.86,no
Yoo Jae-suk,individual,13493,450,20260801,1066,2502,1,yes
Han Jung-soo,individual,407,14,20260808,32,91,1.4,no
Jun Jin,individual,1509,50,20260819,86,396,1.2,no
Kim You-jung,individual,34038,1135,20260802,1338,8069,1.04,yes
Oh Yeon-seo,individual,8742,291,20260726,363,1905,0.88,yes
"Nam Ji-hyun (actress, born 1990)",individual,1483,49,20260724,69,346,0.94,no
Song Seung-heon,individual,21865,729,20260726,1567,4734,0.72,yes
Park Soo-young (entertainer),individual,1207,40,20260817,59,301,1.17,no
Ryu Hyo-young,individual,1932,64,20260725,89,418,0.84,no
Andy Lee (South Korean singer),individual,1470,49,20260815,64,373,1.06,no
Jang Hyun-seung,individual,4417,147,20260822,255,1287,1.37,no
Mink (singer),individual,147,5,20260727,15,35,0.95,no
Yoo Young-jin,individual,1993,66,20260807,91,403,0.83,no
Alexander Lee (entertainer),individual,1782,59,20260809,76,407,0.96,no
Sung Yu-ri,individual,2389,80,20260802,100,572,0.98,no
Haha (entertainer),individual,4850,162,20260820,224,1246,1.13,no
Jung Eun-ji,individual,11934,398,20260817,803,3930,1.79,yes
Jo Sung-mo,individual,517,17,20260807,33,115,1.05,no
Jung Ryeo-won,individual,7461,249,20260726,347,1492,0.71,yes
Qri,individual,2527,84,20260810,137,561,1.04,no
Lee Ahyumi,individual,2458,82,20260807,122,537,1.07,no
"Lee Joon-hyuk (actor, born 1984)",individual,20578,686,20260801,1085,4566,1.08,yes
Cho Yong-pil,individual,1657,55,20260805,80,376,0.99,no
No Min-woo,individual,3049,102,20260812,262,704,0.97,no
Jang Wooyoung,individual,7428,248,20260810,354,1711,1.31,yes
Kim Kyu-jong,individual,831,28,20260814,40,210,1.17,no
Han Seung-yeon,individual,4608,154,20260809,266,932,0.95,yes
Han Sun-hwa,individual,7007,234,20260821,266,1658,1,no
Min (South Korean singer),individual,2319,77,20260815,114,519,0.85,no
Lim Jeong-hyun,individual,336,11,20260804,19,85,1.47,no
Gary (rapper),individual,3000,100,20260803,145,667,0.94,no
Yoo Jun-sang,individual,4330,144,20260821,183,1028,1.03,yes
T.O.P,individual,29784,993,20260819,2315,11327,2.18,yes
G-Dragon,individual,31815,1061,20260822,2185,11919,2.12,no
Lee Joo-yeon,individual,5810,194,20260817,991,3206,5.65,no
Kahi,individual,1828,61,20260803,84,445,1.09,no
Yang Dong-geun,individual,3696,123,20260802,154,810,0.9,yes
Park Ji-yoon,individual,2457,82,20260806,120,554,0.91,no
Choi Min-soo,individual,3225,108,20260726,159,709,0.86,yes
Yi Seok,individual,5875,196,20260805,469,1369,1.31,no
Hwangbo,individual,722,24,20260802,38,162,0.92,no
Shin Seung-hun,individual,672,22,20260728,35,140,0.79,no
Kim Hyun-joo,individual,16770,559,20260730,2392,2062,0.27,yes
Narsha,individual,1223,41,20260822,56,295,1.04,no
Uee,individual,7824,261,20260822,345,1869,0.95,yes
Ryu Hwa-young,individual,5747,192,20260729,227,1267,0.88,no
Son Dong-woon,individual,957,32,20260820,46,255,1.24,no
Ailee,individual,5219,174,20260819,237,1297,1.12,no
Moon Hee-joon,individual,2173,72,20260802,100,495,0.96,no
Cha In-pyo,individual,1395,47,20260812,70,298,0.91,yes
Lee Soo-young,individual,418,14,20260812,23,85,0.96,no
Jeon Hye-bin,individual,3118,104,20260811,122,733,0.99,yes
Epaksa,individual,146,5,20260816,11,34,1,no
"Lee Hyun-woo (actor, born 1993)",individual,3510,117,20260817,148,846,1,yes
Kan Mi-youn,individual,1204,40,20260812,50,283,1,no
Chae Yeon,individual,817,27,20260822,51,187,1.12,yes
Brian Joo,individual,2637,88,20260806,190,560,0.95,no
Hyun Young,individual,697,23,20260802,32,154,0.96,no
K (singer),individual,708,24,20260816,54,188,1.21,no
Baek Ji-young,individual,3689,123,20260821,172,996,1.19,no
Jee Seok-jin,individual,3305,110,20260802,151,696,0.89,no
Luna (South Korean singer),individual,4243,141,20260812,261,914,0.92,no
Park Myung-soo,individual,989,33,20260822,50,244,1.25,no
Shim Hyung-rae,individual,1328,44,20260808,147,234,1.73,no
Son Ho-young,individual,1912,64,20260814,89,426,0.96,no
Wheesung,individual,4461,149,20260821,878,2080,3.24,no
J-Min,individual,609,20,20260820,42,186,1.37,no
Kim Hyun-joong,individual,12567,419,20260822,931,3374,1.17,yes
Leeteuk,individual,4727,158,20260822,241,1095,0.9,no
MC Mong,individual,1800,60,20260805,232,350,1.04,no
Eugene (actress),individual,8497,283,20260819,365,2021,0.93,yes
Chae Jung-an,individual,3577,119,20260725,175,800,0.86,no
Park Jung-ah,individual,1001,33,20260729,50,221,0.8,no
Ock Joo-hyun,individual,1312,44,20260817,62,326,1.05,no
Jung Joon-ho,individual,2533,84,20260805,112,605,1.05,yes
Joo Hyun-mi,individual,289,10,20260802,17,72,1.16,no
Kim Wan-sun,individual,838,28,20260728,41,172,0.8,no
Choi Jong-hoon,individual,8287,276,20260811,498,2063,1.19,no
Kim Hyun-jung (singer),individual,495,17,20260818,37,160,1.86,no
Nam Gyu-ri,individual,2950,98,20260807,134,643,0.91,no
Tae Jin-ah,individual,259,9,20260807,15,63,1.09,no
Hwayobi,individual,404,13,20260812,24,92,1.03,no
Jay B,individual,5568,186,20260810,237,1282,1.01,no
Park Bo-young,individual,22440,748,20260802,1230,5089,1.07,yes
Yang Hyun-suk,individual,10278,343,20260808,490,2475,1.25,no
Jang Sa-ik,individual,51,2,20260727,5,18,1.06,no
Kim Kang-woo,individual,4016,134,20260725,173,882,0.84,yes
Lee Jin,individual,1402,47,20260817,74,342,0.97,no
Lee Seung-hwan,individual,808,27,20260731,39,213,1.08,no
Choi Jin-young,individual,1490,50,20260726,85,334,0.77,no
Park Jin-young,individual,19254,642,20260801,915,4801,1.42,yes
Kim Tae-won,individual,402,13,20260725,54,60,0.43,no
Zelo,individual,2746,92,20260818,468,1495,3.41,no
Kim Kwang-seok,individual,1088,36,20260816,47,267,0.93,no
Bae Seul-ki,individual,538,18,20260807,35,100,0.85,no
Shin Dong-ho,individual,753,25,20260815,42,173,1.3,no
Park Cho-rong,individual,1591,53,20260726,79,361,0.84,no
Shin Ji-soo,individual,139,5,20260806,11,30,0.86,no
Yang Ji-won (singer),individual,1931,64,20260810,93,401,0.87,no
Hoya (singer),individual,1981,66,20260726,91,486,0.93,no
Jyongri,individual,113,4,20260818,9,30,2,no
"Yeon Woo (singer, born 1981)",individual,44,2,20260805,7,9,0.9,no
Yuny Han,individual,81,3,20260816,6,22,1.57,no
Kangnam (singer),individual,3741,125,20260728,169,822,0.85,yes
Moon Jong-up,individual,778,26,20260813,44,218,1.31,no
"Joo Jong-hyuk (actor, born 1983)",individual,166,6,20260801,10,48,1.26,no
Kang Doo,individual,217,7,20260728,13,53,0.95,no
Yeon Jung-hoon,individual,4321,144,20260805,242,847,0.82,no
Eric Mun,individual,3982,133,20260814,155,951,1.05,yes
Yoon Doo-joon,individual,3564,119,20260806,217,764,1.09,no
Jun Hyo-seong,individual,2463,82,20260729,117,606,0.93,yes
Jeon Ji-yoon,individual,1093,36,20260809,50,254,0.97,no
Nana (entertainer),individual,12803,427,20260805,497,2980,0.99,yes
Seo In-guk,individual,44921,1497,20260729,2248,8004,0.56,yes
Lee Jung-shin,individual,4380,146,20260811,225,873,0.85,yes
Jamie (singer),individual,3428,114,20260820,422,1069,1.32,no
"Kim Ji-soo (singer, born 1990)",individual,289,10,20260808,19,60,1.09,no
Lee Ka-eun,individual,116,4,20260808,9,25,0.78,no
Son Na-eun,individual,52517,1751,20260726,7055,5076,0.19,yes
Lee Dong-gun,individual,4654,155,20260726,259,1088,0.86,yes
E-Young,individual,36,1,20260727,5,7,0.64,no
Byul,individual,2076,69,20260806,125,452,1.11,no
Jo Young-nam,individual,1000,33,20260803,62,228,1,no
Kim Mu-yeol,individual,57308,1910,20260726,2755,11475,0.71,yes
Jung Yoon-hak,individual,247,8,20260807,14,59,1.18,no
Park Geon-il,individual,533,18,20260813,41,124,1.28,no
Lee Seo-an,individual,1161,39,20260725,78,207,0.57,no
Sunmin,individual,89,3,20260728,8,33,1.65,no
Yong Jun-hyung,individual,13563,452,20260811,721,2720,0.93,no
Lee Seo-jin,individual,7459,249,20260724,651,1580,0.68,yes
Woo Hye-rim,individual,2150,72,20260815,103,483,0.93,no
Ji Chang-wook,individual,53879,1796,20260726,2387,11574,0.79,yes
Kim Min-jong,individual,1592,53,20260820,71,367,0.98,no
Gill (musician),individual,383,13,20260731,23,100,1.56,no
Hong Kyung-min,individual,983,33,20260816,55,251,1,no
Kang San-eh,individual,116,4,20260731,12,19,0.79,no
Jung Dong-ha,individual,317,11,20260807,18,75,1.17,no
Kim C,individual,439,15,20260725,27,81,0.65,no
Lee Jung,individual,395,13,20260729,20,85,0.77,no
Lee Ki-chan,individual,273,9,20260724,15,57,0.85,no
Lee So-ra (singer),individual,689,23,20260731,39,155,1.1,no
Lim Jeong-hee,individual,965,32,20260811,47,234,1,no
Park Gun-hyung,individual,812,27,20260807,47,176,1.11,no
Saori (television personality),individual,209,7,20260812,15,42,0.89,no
Shim Eun-jin,individual,863,29,20260817,42,211,1.04,no
Sim Soo-bong,individual,948,32,20260815,63,219,1.03,no
So Chan-whee,individual,339,11,20260801,29,76,1.36,no
Solbi,individual,589,20,20260803,35,119,0.84,no
Taegoon,individual,196,7,20260811,11,37,0.77,no
Yim Jae-beom,individual,824,27,20260807,45,174,0.91,yes
Yoo Chae-yeong,individual,628,21,20260804,40,135,0.87,no
Allen Kim,individual,958,32,20260809,53,221,1.28,no
Jang Su-won,individual,658,22,20260730,53,132,0.65,no
Ji Sang-ryeol,individual,516,17,20260817,38,193,2.57,no
Lee Yong-shin,individual,114,4,20260815,9,24,1.04,no
May (singer),individual,68,2,20260729,8,12,0.71,no
Song Dae-kwan,individual,132,4,20260807,15,27,1.13,no
Im Chang-jung,individual,1400,47,20260727,60,347,1.01,no
Jang Yoon-ju,individual,2393,80,20260818,103,631,1.13,yes
Kim Jae-kyung,individual,3024,101,20260815,129,644,0.88,yes
Yang Mi-kyung,individual,948,32,20260802,56,171,0.81,no
Kim Ji-sook (singer),individual,492,16,20260816,23,124,1.05,no
Kim Jong-hwan,individual,74,2,20260725,6,9,0.53,no
Kim Jung-mo,individual,427,14,20260815,23,98,0.89,no
Kim Soo-hee,individual,161,5,20260724,19,41,0.72,no
Kim Woo-joo,individual,87,3,20260730,7,16,0.62,no
Kim Ye-won (entertainer),individual,2025,68,20260728,234,398,0.63,no
Kim Young-chul (comedian),individual,734,24,20260803,58,173,1.32,yes
Lisa (South Korean singer),individual,780,26,20260731,37,154,0.79,no
Loco (rapper),individual,1741,58,20260730,82,404,0.89,no
Maeng Se-chang,individual,101,3,20260730,7,20,0.87,no
Maeng Yu-na,individual,84,3,20260804,7,18,0.86,no
Mikey (singer),individual,346,12,20260731,20,74,0.91,no
Moon Hee-kyung,individual,760,25,20260816,37,206,1.26,no
Bang Min-ah,individual,6052,202,20260811,265,1511,1.12,yes
Min Kyung-hoon,individual,1215,41,20260803,78,290,1.04,yes
Park Min-ha (singer),individual,36,1,20260728,4,10,0.77,no
Park Sang-min (singer),individual,101,3,20260819,11,31,1.63,no
Ahn Sook-sun,individual,110,4,20260815,14,18,0.64,no
An Chi-hwan,individual,38,1,20260729,3,10,1.67,no
Anda (singer),individual,751,25,20260728,36,161,0.95,no
Irene (singer),individual,17351,578,20260815,1377,4692,1.85,no
Lee Hwi-jae,individual,1031,34,20260822,62,269,1.21,no
Lee Hyun-ji,individual,136,5,20260726,11,25,0.71,no
Im Chae-moo,individual,216,7,20260815,14,69,1.6,no
Lim Han-byul,individual,590,20,20260728,31,130,0.81,no
Zion.T,individual,6543,218,20260814,2452,1132,1.78,no
Jeon In-kwon,individual,249,8,20260822,19,76,1.38,no
Junggigo,individual,332,11,20260730,18,72,0.99,no
Kang Chan-hee,individual,3812,127,20260806,170,907,1.08,no
Kang Sung-yeon,individual,702,23,20260809,40,169,1.21,no
Moon Joon-young,individual,477,16,20260724,25,99,0.77,no
Soya (singer),individual,1190,40,20260728,56,261,0.79,no
Lee Hwajungseon,individual,127,4,20260819,10,36,0.95,no
Lee Hwa-ja,individual,74,2,20260808,8,10,0.53,no
Jang Se-jeong,individual,92,3,20260803,8,21,1.62,no
Baekhyun,individual,8671,289,20260805,365,1928,0.93,no
Stephanie Kim,individual,502,17,20260804,34,106,0.83,no
Park Yeong-gyu,individual,895,30,20260809,49,207,1,yes
Kim Min-ki,individual,317,11,20260819,22,73,1,no
Lee Areum,individual,55,2,20260730,5,12,0.6,no
Kim Won-jun,individual,473,16,20260731,23,112,1.08,no
Thunder (singer),individual,2203,73,20260822,115,550,1.11,no
Kim Jong-wook,individual,87,3,20260811,7,23,1.1,no
Yoo Young-jae,individual,1113,37,20260819,58,327,1.16,no
Kim Soo-chul,individual,350,12,20260724,23,54,0.43,no
Samuel Youn,individual,61,2,20260818,9,21,1.5,no
Shin Won-ho,individual,1266,42,20260805,68,336,1.18,yes
Kim Hyun-sik,individual,635,21,20260807,33,149,0.89,no
Yoo Gun-hyung,individual,244,8,20260806,16,58,1.14,no
Kim Sung-kyu,individual,2133,71,20260821,127,516,1,no
Teddy Park,individual,8850,295,20260819,468,2531,1.44,no
Kim Dong-ryul,individual,423,14,20260812,25,97,0.88,no
H-Eugene,individual,97,3,20260731,8,18,0.78,no
Shin Bo-ra,individual,259,9,20260810,19,66,1.25,no
Sung Hyun-ah,individual,1071,36,20260807,50,254,1.03,yes
Dok2,individual,1508,50,20260803,83,278,0.79,no
Oh Seh-wong,individual,6,0,20260725,1,1,1,no
Hong Jin-young,individual,2640,88,20260814,134,567,0.9,no
Maya (singer),individual,509,17,20260804,37,103,0.94,no
Kim Nam-joo (singer),individual,2332,78,20260726,122,490,0.76,no
Kim Yeon-woo,individual,855,29,20260808,49,198,1.05,no
Yangpa,individual,296,10,20260806,19,73,1.14,no
Seorak,individual,85,3,20260809,10,7,0.58,no
Jo Hye-ryun,individual,1545,52,20260809,73,345,0.85,no
Lexy (singer),individual,679,23,20260804,38,170,1.18,no
Lyn (singer),individual,2383,79,20260728,113,539,0.86,no
JeA,individual,1187,40,20260816,54,301,1.19,no
Kim Isak,individual,344,11,20260822,19,85,1.12,no
MC Sniper,individual,279,9,20260806,16,76,1.25,no
Shoo (singer),individual,2238,75,20260809,101,605,1.37,no
"Lee Jai-jin (musician, born 1979)",individual,651,22,20260730,57,105,0.5,no
Brave Brothers,individual,1278,43,20260725,59,298,0.89,no
Kim Da-som,individual,3624,121,20260728,157,860,0.89,yes
Kim Bo-yeon,individual,971,32,20260822,53,256,1.13,no
Kim Dae-jin (actor),individual,50,2,20260810,9,14,1.4,no
Kim Eana,individual,1033,34,20260724,118,211,0.54,no
Kim Greem,individual,55,2,20260812,5,14,1.17,no
Kim Jae-duck,individual,732,24,20260815,56,138,0.68,no
Kim Jin-kyu (actor),individual,402,13,20260802,25,76,0.84,yes
Kim Jong-seo (musician),individual,278,9,20260726,17,63,0.98,no
Kim Sa-rang (singer),individual,83,3,20260725,8,13,0.46,no
Kim Seung-ho,individual,153,5,20260802,14,37,1.23,yes
"Kim So-hee (singer, born 1917)",individual,94,3,20260728,10,19,0.7,no
Koo Jun-yup,individual,2424,81,20260730,153,513,0.66,no
Kwak Hee-sung,individual,123,4,20260806,8,30,1.11,no
Lee Juck,individual,694,23,20260725,34,162,0.87,no
Lee Pa-ni,individual,154,5,20260822,14,43,1.39,no
Song Seung-hyun,individual,1664,55,20260726,93,364,0.72,no
Na Tae-ju,individual,180,6,20260806,12,42,1.05,no
Park Won-sang,individual,1232,41,20260822,63,285,1.01,yes
Park Sae-byul,individual,259,9,20260810,16,67,1.24,no
Keiko Matsuzaka,individual,2577,86,20260805,135,493,0.84,no
Kim Jin-woo (actor),individual,1166,39,20260819,57,298,1.14,no
Hyun Woo,individual,1491,50,20260726,68,354,1.04,yes
Na Hyeon-hui,individual,80,3,20260813,15,23,1.15,no
Shin Shin-ae,individual,449,15,20260808,27,95,1.06,no
Miryo,individual,963,32,20260819,46,239,1.03,no
Naul (singer),individual,824,27,20260815,45,208,0.92,no
Rebekah Kim,individual,55,2,20260803,10,4,0.24,no
Hyun Cheol,individual,74,3,20260725,6,19,0.83,no
Ryan Bang,individual,2824,94,20260822,169,754,1.07,no
Ryu Se-ra,individual,773,26,20260731,53,157,1.09,no
Ryu Tae-joon,individual,301,10,20260725,20,82,1.12,no
Yoon Min-soo,individual,320,11,20260806,15,73,1.06,no
San E,individual,920,31,20260806,51,192,1.05,no
Sang A Im-Propp,individual,99,3,20260730,7,30,1.25,no
Seomoon Tak,individual,328,11,20260816,22,113,2.05,no
Sunny Kim (singer),individual,57,2,20260805,5,15,1.07,no
Shin Young-kyun,individual,2362,79,20260814,174,508,1.01,no
Yoon Soo-il,individual,188,6,20260819,12,55,1.49,no
Taebin,individual,1036,35,20260810,55,290,1.41,no
Zico (rapper),individual,6962,232,20260724,368,1421,0.78,no
Lee Sung-yeol,individual,1349,45,20260729,79,311,0.86,no
Yeahwon Shin,individual,35,1,20260806,4,8,0.8,no
Yeo Hoon-min,individual,653,22,20260816,37,177,1.42,no
You Hee-yeol,individual,1263,42,20260816,64,292,1.02,yes
Yoo Ara,individual,548,18,20260822,33,150,1.14,no
Yoo Se-yoon,individual,1464,49,20260811,84,376,1.24,no
Jang Dong-woo,individual,693,23,20260816,37,176,1.09,no
Kang Eun-bi,individual,469,16,20260803,31,112,1.14,no
Kim Bo-hyung,individual,392,13,20260809,22,99,1.22,no
"Lee Hye-young (actress, born 1971)",individual,955,32,20260802,60,183,0.79,no
Monday Kiz (singer),individual,359,12,20260724,19,62,0.61,no
Im Tae-kyung,individual,229,8,20260822,14,47,0.87,yes
N (singer),individual,5893,196,20260810,252,1313,0.97,yes
Lee Yong-jin,individual,2482,83,20260802,118,532,0.85,yes
Yerin Baek,individual,2287,76,20260726,114,497,0.86,no
P.O,individual,18408,614,20260724,949,3522,0.63,yes
Kim Chang-wan,individual,2524,84,20260725,122,599,0.85,yes
Kim Yeon-ji,individual,898,30,20260801,44,161,0.88,no
Kim Yon-ja,individual,276,9,20260726,18,71,1.03,no
Kim Yuna (singer),individual,734,24,20260801,37,171,1.07,no
Na-mi,individual,335,11,20260803,23,62,1.02,no
Im Hyun-sik (singer),individual,1450,48,20260724,93,327,0.76,no
Go Woo-ri,individual,1029,34,20260810,46,223,0.97,no
Lee Gi-kwang,individual,3088,103,20260724,135,706,0.93,no
Wonho Chung,individual,170,6,20260820,11,41,0.95,no
Lee Hye-ri,individual,42999,1433,20260805,1994,10575,1.11,yes
Yoo Jae-ha,individual,862,29,20260726,43,204,0.89,no
Mir (singer),individual,713,24,20260822,36,182,1,no
Park Hee-von,individual,1841,61,20260803,81,426,0.89,yes
Rihwa,individual,74,2,20260806,7,18,1.38,no
Kang Ye-seo,individual,3317,111,20260822,227,912,1.3,yes
Gaeko,individual,978,33,20260809,49,244,1.18,no
Ko Ji-yong,individual,5387,180,20260729,1325,591,0.18,no
Gil Hak-mi,individual,69,2,20260807,6,15,0.83,no
Gilme,individual,116,4,20260731,10,29,1.26,no
Gu Bon-seung,individual,96,3,20260725,9,19,0.63,no
Kim Ga-young (actress),individual,474,16,20260731,24,114,1.19,no
"Kim Min-hee (actress, born 1972)",individual,148,5,20260731,16,26,1,no
Niel (singer),individual,1073,36,20260728,96,309,1.06,no
Noh Sa-yeon,individual,441,15,20260811,26,98,1.2,no
David Oh (musician),individual,245,8,20260726,14,55,0.82,no
Illson,individual,118,4,20260812,9,29,1.16,no
The One (singer),individual,394,13,20260813,24,96,1.07,no
Song Won-geun,individual,637,21,20260812,276,88,2.75,no
Lee Mi-ja,individual,286,10,20260729,18,60,0.87,no
Lee Nan-young,individual,578,19,20260725,63,112,0.54,no
Lee Sang-min (singer),individual,2691,90,20260807,161,592,0.89,yes
Lee Sang-yi (actor),individual,37859,1262,20260801,3822,7263,1.27,yes
Yeon Min-ji,individual,161,5,20260811,11,29,0.67,no
E Sens,individual,318,11,20260813,18,59,0.69,no
Lee Hae-in (actress),individual,752,25,20260727,79,180,0.9,no
Lee Seok-hoon (singer),individual,865,29,20260726,47,190,0.84,no
Lee Jae-hoon (singer),individual,408,14,20260728,30,77,0.68,no
Lee Yoon-mi,individual,356,12,20260727,33,65,0.51,yes
"Lee Soo-min (actress, born 1984)",individual,113,4,20260806,9,29,0.97,no
Choi Ran,individual,356,12,20260807,27,75,0.82,no
MayBee,individual,818,27,20260810,43,173,0.77,no
Yoon Bo-ra,individual,3885,130,20260725,181,830,0.78,yes
Kim E-Z,individual,1012,34,20260817,49,251,1.05,no
Eru (singer),individual,449,15,20260803,24,109,1.04,no
Min Hae-kyung,individual,80,3,20260817,10,26,1.86,no
Fat Cat (singer),individual,168,6,20260731,12,48,2.18,no
G.O (singer),individual,917,31,20260801,43,224,1.06,no
Hahn Dae-soo,individual,160,5,20260727,9,38,0.86,no
L (entertainer),individual,6969,232,20260726,329,1511,0.82,yes
Hwang Min-woo,individual,772,26,20260803,39,163,0.94,no
Shion (singer),individual,210,7,20260816,36,65,1.38,no
Ivy (South Korean singer),individual,2475,83,20260818,262,1077,2.33,no
Lee Hae-ri,individual,1269,42,20260803,68,303,1.13,no
Lee Chang-min (singer),individual,1492,50,20260814,74,355,1.12,no
Park Gwang-hyun,individual,683,23,20260730,69,120,0.68,no
Ahn Jae-mo,individual,546,18,20260815,30,143,1.22,no
Kang Min-kyung,individual,2063,69,20260803,141,446,1.05,no
Song Eun-i,individual,1654,55,20260817,69,376,0.99,yes
Johsel Namkung,individual,79,3,20260731,42,3,0.04,no
Lee Chang-sub,individual,2139,71,20260725,122,518,0.88,no
Shin Hye-jeong,individual,1413,47,20260816,64,365,1.2,no
Shin Ji-min,individual,2960,99,20260727,141,589,0.8,no
Jin Miryung,individual,36,1,20260729,4,11,1.38,no
Cream (rapper),individual,159,5,20260803,12,37,0.88,no
Bada Kim,individual,215,7,20260727,21,43,0.75,no
Alice (South Korean singer),individual,10,0,20260731,2,3,0.5,no
David Choi,individual,1179,39,20260806,93,253,0.97,no
Yuri Nakamura,individual,904,30,20260817,49,250,1.31,no
Kang Seung-yoon,individual,2073,69,20260725,97,493,1.05,yes
Huh Joon-ho,individual,9919,331,20260726,484,2034,0.73,yes
"Kai (entertainer, born 1994)",individual,10409,347,20260724,564,2121,0.69,no
Nam Woo-hyun,individual,2706,90,20260821,156,721,1.32,no
Sehun,individual,4946,165,20260724,252,965,0.67,yes
Suho,individual,7611,254,20260802,377,1526,0.81,no
Xiumin,individual,5348,178,20260725,233,1207,0.85,yes
B-Bomb,individual,1036,35,20260801,64,230,0.86,no
Verbal Jint,individual,674,22,20260821,33,163,1.09,no
CNU (singer),individual,596,20,20260813,32,110,0.73,no
Lee Bo-ram,individual,1555,52,20260806,107,258,0.78,no
"Lee Min-hyuk (rapper, born 1990)",individual,7007,234,20260725,1019,1084,0.32,no
Jo Eun-byul,individual,223,7,20260812,14,50,1.11,no
Ha Soo-bin,individual,186,6,20260724,16,48,0.84,no
Hakuryu (actor),individual,527,18,20260811,30,112,0.99,no
Jung Ho-keun,individual,138,5,20260806,14,24,0.86,yes
Jo Young-min,individual,563,19,20260806,26,129,1.17,no
Roy Kim,individual,2579,86,20260811,148,577,1.01,no
Kim Him Chan,individual,18,1,20260814,4,9,1.8,no
Kim Ian,individual,111,4,20260810,12,23,0.96,no
Eum Moon-suk,individual,2977,99,20260727,164,674,0.88,yes
Lucid Fall,individual,262,9,20260810,15,56,1.06,no
JK Kim Dong-wook,individual,154,5,20260812,15,33,1.1,no
Song Chang-sik,individual,133,4,20260730,9,27,0.82,no
Kwangchul Youn,individual,174,6,20260816,16,56,1.81,no
Bobby Kim,individual,783,26,20260821,58,269,1.89,no
Lee Hee-jin,individual,1307,44,20260817,93,425,1.46,no
Hyun Jyu-ni,individual,625,21,20260815,40,127,0.85,yes
Chunja (singer),individual,82,3,20260727,8,15,0.54,no
Sunday (singer),individual,395,13,20260726,21,91,1.07,no
Yoon Bo-mi,individual,5229,174,20260726,261,1145,0.81,yes
Lee Ki-seop,individual,643,21,20260809,30,151,1.13,no
Chae Young-in,individual,177,6,20260802,12,36,0.82,no
Simon Dominic,individual,2007,67,20260724,101,493,0.88,no
Crown J,individual,262,9,20260806,16,40,0.67,no
Lee Sun-hee (singer),individual,759,25,20260811,34,179,1.03,no
Roh Ji-hoon,individual,282,9,20260804,15,51,0.68,no
Ali (South Korean singer),individual,1000,33,20260803,62,213,0.99,no
Oh Ha-young,individual,3804,127,20260811,259,735,0.84,no
Bak Il,individual,121,4,20260725,12,11,0.35,no
Bizniz,individual,83,3,20260818,7,24,1.71,no
Cho Min-hye,individual,32,1,20260727,4,9,0.69,no
Choi Han-bit,individual,667,22,20260809,33,157,0.98,no
Choi Jin-hyuk,individual,9374,312,20260809,371,2325,1.03,yes
Choi Min-hwan,individual,1617,54,20260726,92,335,0.73,no
Choi Moo-ryong,individual,461,15,20260802,26,119,1.43,no
Jung Dae-hyun,individual,814,27,20260818,44,242,1.22,no
Lim Seul-ong,individual,1695,57,20260802,73,413,1.2,no
Kim Jung-ah,individual,1015,34,20260818,50,247,1.07,no
Defconn,individual,738,25,20260815,45,175,1,no
Dia (singer),individual,235,8,20260726,15,48,0.64,no
Eli Kim,individual,1364,45,20260724,66,263,0.68,no
Soyou,individual,3331,111,20260725,182,742,0.8,no
Kang Susie,individual,572,19,20260813,51,154,1.56,no
Kim Young-ho (actor),individual,669,22,20260822,48,192,1.28,yes
Kang Se-jung,individual,470,16,20260730,26,97,0.78,no
Park Hyung-sik,individual,24386,813,20260726,953,6097,1.05,yes
Loptimist,individual,53,2,20260729,6,9,1.13,no
Hong Yoo-kyung,individual,40,1,20260806,4,10,1,no
"Lee Hyun-woo (entertainer, born 1966)",individual,475,16,20260817,41,139,1.29,no
Ravi (rapper),individual,2209,74,20260807,101,524,1.09,no
Oh Jong-hyuk,individual,772,26,20260801,48,125,0.58,no
Song Mi-jin,individual,146,5,20260812,14,34,0.94,no
Chang Ho-chirl,individual,88,3,20260802,8,17,0.85,no
Lee Young-yoo,individual,276,9,20260728,23,51,0.52,no
Lee Hyun-jae (actor),individual,322,11,20260802,18,75,0.99,no
Park Soo-jin,individual,4344,145,20260729,306,984,0.71,yes
Kwon Ri-se,individual,3066,102,20260811,177,729,1.05,no
Changjo,individual,655,22,20260818,44,162,0.94,no
Yang Seung-ho,individual,625,21,20260728,33,161,1.11,no
Han Groo,individual,1153,38,20260730,57,281,1.03,no
Kim Jun-ho (comedian),individual,3533,118,20260730,1248,434,0.29,no
Kwon Nara,individual,7569,252,20260808,349,1658,0.99,yes
Lim Kim,individual,1296,43,20260724,83,257,0.6,no
Son Seung-yeon,individual,561,19,20260815,30,136,1.08,no
Hari (singer),individual,223,7,20260815,12,49,0.94,no
Kim Jung-min (entertainer),individual,904,30,20260724,103,157,0.47,no
Hyuk Shin,individual,453,15,20260806,27,82,0.75,no
NC.A,individual,373,12,20260802,22,86,0.86,no
Bae Woo-hee,individual,1151,38,20260803,58,234,0.83,yes
Yun Hyon-seok,individual,411,14,20260807,122,51,0.66,no
Byun Jin-sub,individual,224,7,20260821,13,52,0.93,no
Lee Moon-sae,individual,1040,35,20260725,55,257,1.04,no
Serri (singer),individual,269,9,20260726,27,60,0.85,no
Shin Sung-woo,individual,445,15,20260820,23,120,1.14,no
Chen (singer),individual,6099,203,20260807,278,1265,0.83,no
Lady Jane (singer),individual,540,18,20260806,41,119,1.05,no
Doh Kyung-soo,individual,9718,324,20260811,418,1919,0.8,yes
Ren (South Korean singer),individual,1868,62,20260728,142,479,1.03,no
Yoon Do-hyun,individual,1168,39,20260812,51,242,0.82,no
Kei (singer),individual,905,30,20260816,43,249,1.27,no
"Kim Ji-hoon (actor, born 2000)",individual,363,12,20260726,19,86,0.96,no
Kim Ji-hoon (singer),individual,860,29,20260803,50,133,0.52,no
Kim Ji-hyun (singer),individual,700,23,20260816,35,193,1.48,no
Kim Jin-ho (singer),individual,306,10,20260801,18,70,1,no
Kim Tae-gyun (comedian),individual,131,4,20260731,10,23,0.72,no
Bae Ki-sung,individual,195,7,20260724,15,36,0.6,no
Bang Jun-seok,individual,197,7,20260815,15,57,1.3,no
Park In-young,individual,451,15,20260810,25,85,0.7,no
Park Jin-joo,individual,3908,130,20260815,190,948,1,yes
Park Wan-kyu,individual,269,9,20260726,14,57,0.84,no
Bae Ho,individual,152,5,20260809,11,33,1.18,no
Baek Bong-ki,individual,121,4,20260815,10,28,0.82,no
Basick,individual,302,10,20260730,19,59,0.89,no
Bumkey,individual,492,16,20260728,27,100,0.88,no
Beenzino,individual,1274,42,20260806,61,278,0.95,no
Seo Kyung-seok,individual,144,5,20260802,9,31,0.89,no
Seo Min-woo,individual,715,24,20260815,41,158,0.83,no
Kiwan Sung,individual,14,0,20260729,2,2,0.5,no
Lee Seong-jong,individual,635,21,20260727,34,155,0.9,no
Park So-jin,individual,6834,228,20260821,794,2677,1.8,yes
Son Ji-chang,individual,485,16,20260725,24,133,1.23,no
Son Jin-young,individual,117,4,20260817,8,27,0.93,no
Soy Kim,individual,238,8,20260808,19,33,0.69,no
Eric Nam,individual,88713,2957,20260726,11714,8549,0.19,no
Neon Bunny,individual,86,3,20260727,11,17,0.65,no
Yang Hee-eun,individual,320,11,20260806,26,78,1.39,no
Yang Se-chan,individual,2521,84,20260809,112,557,0.99,no
Okasian,individual,610,20,20260809,36,123,0.86,no
Yozoh,individual,166,6,20260817,20,61,2.65,no
U Sung-eun,individual,225,8,20260814,17,53,1.23,no
Yoo Seung-woo,individual,385,13,20260726,19,90,0.97,no
Yoon Bok-hee,individual,279,9,20260805,17,67,1.14,no
Yura (South Korean singer),individual,4531,151,20260821,218,1184,1.2,yes
J'Kyun,individual,237,8,20260801,17,59,1.18,no
Jay (South Korean singer),individual,708,24,20260812,43,160,0.94,no
Jay Hong,individual,59,2,20260820,8,20,1.67,no
Jessi (musician),individual,8704,290,20260815,343,2037,0.95,no
Jungyup,individual,194,6,20260820,17,50,1.09,no
Park Eun-ooh,individual,62,2,20260725,5,14,0.78,no
Chun Myung-hoon,individual,318,11,20260814,26,57,0.72,no
Jin Chae-seon,individual,167,6,20260725,13,23,0.49,no
Jinu,individual,858,29,20260729,43,209,0.9,no
Jo Jung-chi,individual,452,15,20260730,33,99,0.81,no
Pearl (singer),individual,769,26,20260726,41,114,0.55,no
Zia (singer),individual,442,15,20260811,28,100,0.97,no
Joo Young-hoon,individual,286,10,20260726,22,54,0.61,no
Choi Soo-eun,individual,153,5,20260731,11,39,1.39,no
Choiza,individual,2387,80,20260804,100,522,1.09,no
Rumble Fish (singer),individual,105,4,20260729,8,30,1.03,no
Baro (entertainer),individual,1540,51,20260728,84,295,0.68,no
Jung Jin-young (singer),individual,6103,203,20260801,264,1396,0.98,yes
Gongchan,individual,731,24,20260812,42,146,0.91,no
Sandeul,individual,875,29,20260724,43,180,0.78,no
Shannon (South Korean singer),individual,3007,100,20260801,288,660,1.11,no
Song So-hee,individual,1672,56,20260730,74,355,0.96,no
Lee Seung-hoon (rapper),individual,1050,35,20260724,81,235,0.83,no
Seo Kang-joon,individual,20694,690,20260807,1421,5001,1.43,yes
Seulgi,individual,9052,302,20260807,440,1907,1.32,no
Cha Woong-ki,individual,1544,51,20260727,118,257,0.47,no
Kim Da-hyun,individual,455,15,20260809,28,96,0.94,no
Shin Ji-hoon,individual,337,11,20260813,18,88,1.38,no
Cho Seung-hee,individual,906,30,20260802,44,203,1.15,no
Kim Hye-young,individual,654,22,20260724,84,84,0.23,no
Song Hae,individual,481,16,20260814,27,110,1.08,no
Skull (singer),individual,265,9,20260807,16,69,1.41,no
Swings (rapper),individual,896,30,20260808,48,192,0.9,no
Jang Minho,individual,497,17,20260819,25,130,1.12,no
Chu Ga-yeoul,individual,134,4,20260821,16,49,1.75,no
Crush (singer),individual,5142,171,20260802,220,978,0.76,no
Ha Dong-kyun,individual,295,10,20260806,19,54,0.73,no
"Kai (singer, born 1981)",individual,411,14,20260822,44,145,1.86,no
Paloalto (rapper),individual,332,11,20260724,25,64,0.61,no
Han Dong-geun,individual,505,17,20260814,141,103,1.98,no
Heo Cham,individual,35,1,20260802,3,8,1.14,no
Jung Joon-young,individual,14488,483,20260811,1044,3608,1.28,no
Heo Kyung-hwan,individual,2317,77,20260728,104,556,0.93,no
Kim Mi-ryeo,individual,39,1,20260805,4,9,1.13,no
Tak Jae-hoon,individual,854,28,20260818,38,209,1.09,no
Park Junyoung,individual,80,3,20260806,11,23,1.35,no
Park Sung-kwang,individual,241,8,20260804,27,36,0.82,no
Yoo Ji-ae,individual,16,1,20260730,2,6,1.5,no
Park Gil-ra,individual,19,1,20260808,4,5,1.25,no
Jung Il-hoon,individual,2131,71,20260725,124,556,0.98,no
Yang Hee-kyung,individual,382,13,20260817,22,95,1.03,no
Park Bo-gum,individual,38586,1286,20260810,1531,9170,1.14,yes
Lee Hwa-kyum,individual,839,28,20260812,42,159,0.76,no
Nam Tae-hyun,individual,1464,49,20260818,70,437,1.52,no
Zick Jasper,individual,132,4,20260815,11,32,0.97,no
Lee Chan-hyuk,individual,1813,60,20260725,95,421,0.88,no
Bae Cheol-soo,individual,228,8,20260731,14,53,1.04,no
Bill Stax,individual,815,27,20260730,86,94,0.25,no
Choi Jung-won (singer),individual,495,17,20260729,68,77,0.41,no
Im Kang-sung,individual,180,6,20260815,13,34,0.58,no
Kim Dong-hyun (actor),individual,472,16,20260805,25,104,1.06,no
Kim Heung-gook,individual,117,4,20260724,8,18,0.69,no
Kim So-jung (singer),individual,164,5,20260820,12,41,1.08,no
Kim Yong-jun (singer),individual,1510,50,20260821,79,386,1.08,no
Kwak Hyun-hwa,individual,182,6,20260817,17,59,1.55,no
Lee Si-a,individual,1388,46,20260811,68,372,1.38,yes
Min Do-hee,individual,2348,78,20260728,314,380,0.35,yes
Park Gyeong-ree,individual,936,31,20260814,44,213,0.98,yes
Viki (singer),individual,1306,44,20260812,56,300,0.98,no
Cha Ji-yeon,individual,2207,74,20260822,96,535,1.07,no
Chang Kiha,individual,5673,189,20260806,783,793,0.92,no
Horan (singer),individual,385,13,20260811,68,84,1.17,no
Jang Beom-june,individual,290,10,20260726,15,77,1.04,no
Jang Hye-jin (singer),individual,200,7,20260809,14,47,0.96,no
Jiyul (singer),individual,282,9,20260812,17,68,1.03,no
Lee Ji-hye,individual,1332,44,20260816,76,325,1.07,no
Lee So-jung,individual,898,30,20260809,38,203,0.95,no
Park Cho-a,individual,2285,76,20260816,126,521,0.9,no
Bizzy,individual,473,16,20260728,23,118,1.07,no
Byung Hun (entertainer),individual,1395,47,20260724,118,380,0.91,no
Yoon Sang,individual,2103,70,20260725,206,282,0.3,no
Cho Sae-ho,individual,1186,40,20260821,80,328,1.26,no
Kim Feel,individual,632,21,20260730,31,128,0.88,no
Choi Sung-min,individual,1368,46,20260804,138,186,0.96,no
Lee Tae-hwan,individual,7011,234,20260818,290,1662,0.94,yes
Hyuk (singer),individual,840,28,20260818,36,221,1.18,no
Ken (South Korean singer),individual,772,26,20260727,39,191,0.96,no
Lee Hong-bin,individual,1180,39,20260809,50,302,1.18,no
Leo (singer),individual,1371,46,20260727,81,334,0.92,no
Jung Chan-woo (singer),individual,1654,55,20260726,83,386,0.85,no
Lee Jin-ah,individual,511,17,20260810,28,128,1.14,no
Ra.D,individual,177,6,20260801,14,31,0.66,no
Jo Jung-min,individual,162,5,20260820,13,41,1,no
Son Ho-jun,individual,5059,169,20260726,237,1094,0.77,yes
Lee Hae-na,individual,67,2,20260816,10,17,1.42,no
Sleeq,individual,131,4,20260816,10,36,1.64,no
Lee Su-jeong,individual,465,16,20260726,25,111,0.98,no
Park Ha-na,individual,1919,64,20260727,87,400,0.86,yes
Ah Young,individual,836,28,20260812,40,182,0.91,no
Andrew Choi,individual,8709,290,20260726,377,1883,0.9,no
Rottyful Sky,individual,195,7,20260727,17,38,0.69,no
Cheetah (rapper),individual,623,21,20260813,33,122,0.79,no
EunB,individual,792,26,20260725,43,157,0.79,no
Jaehyo,individual,140,5,20260818,36,125,25,no
Jung Ji-so,individual,6672,222,20260725,267,1530,1.01,yes
Jang Jin-young (singer),individual,459,15,20260724,63,64,0.35,no
Kim Seol-hyun,individual,9122,304,20260808,490,2017,0.99,yes
Kwon Mina,individual,5944,198,20260806,1262,686,1.01,no
Kwon Hyuk-soo (actor),individual,504,17,20260724,38,72,0.46,no
Lang Lee,individual,135,5,20260802,9,30,0.88,no
Park Si-hwan,individual,92,3,20260729,10,26,1,no
Yook Sung-jae,individual,9188,306,20260725,441,1944,0.77,yes
Sohyang,individual,3304,110,20260812,198,793,1.19,no
Z.Hera,individual,717,24,20260728,34,161,0.99,no
Heyne (singer),individual,64,2,20260801,5,15,0.88,no
Kang Tae-oh,individual,17005,567,20260816,675,4141,1.11,yes
Hyeeunyee,individual,78,3,20260725,7,10,0.37,no
Kiggen,individual,261,9,20260822,15,78,1.47,no
Kim Ho-joong,individual,333,11,20260820,21,69,0.88,no
Kim Jung Mi (singer),individual,753,25,20260728,34,175,0.88,no
Kisum,individual,293,10,20260814,18,74,1.14,no
Lee Sung-kyung,individual,21571,719,20260727,932,4519,0.8,yes
Lee Eun-mi (singer),individual,418,14,20260811,24,110,1.47,no
Oh Seung-ah,individual,884,29,20260814,42,177,0.82,yes
Parc Jae-jung,individual,636,21,20260728,37,135,0.72,no
Park Si-eun (entertainer),individual,2873,96,20260807,175,579,0.86,no
Yumdda,individual,160,5,20260805,11,36,1.2,no
Dasuri Choi,individual,996,33,20260730,52,188,0.73,no
Shine Kuk,individual,208,7,20260729,14,31,0.47,no
Baek Eun-hye,individual,1393,46,20260726,69,269,0.72,no
"Sunghoon (singer, born 2002)",individual,10554,352,20260806,538,2052,0.86,no
Hur Young-ji,individual,3137,105,20260802,156,673,0.95,no
Kim Sun-woong,individual,172,6,20260802,19,26,0.76,no
Kim Jung-woo (singer),individual,240,8,20260821,18,75,1.36,no
Michelle Lee (singer),individual,711,24,20260812,38,145,0.85,no
Seo Eun-kwang,individual,1940,65,20260725,114,415,0.74,no
J-Hope,individual,53393,1780,20260730,2291,10854,0.81,no
Peniel Shin,individual,3106,104,20260725,187,642,0.68,no
Bang Ye-dam,individual,2982,99,20260822,138,746,1.22,no
Eddy Kim,individual,1087,36,20260811,79,264,1.26,no
Kwon Jin-ah,individual,1711,57,20260812,134,336,0.85,no
Jeong Se-woon,individual,976,33,20260813,45,235,0.99,no
Elly (rapper),individual,1450,48,20260815,104,482,1.67,no
Hani (singer),individual,9191,306,20260816,490,2288,1.09,yes
Heo Sol-ji,individual,1752,58,20260816,129,474,1.23,no
Jo Kwang-min,individual,414,14,20260809,23,110,1.31,no
Im Do-hwa,individual,1586,53,20260727,69,331,0.78,no
Kang Hye-yeon,individual,1767,59,20260815,96,494,1.14,no
Na Hae-ryung,individual,1631,54,20260816,91,428,1.01,no
Seo Hye-lin,individual,1942,65,20260816,426,950,5.08,no
Sleepy (rapper),individual,543,18,20260822,34,137,1.26,no
Sunwoo Jung-a,individual,559,19,20260811,27,130,0.95,no
Choi Jung-moon,individual,222,7,20260820,14,55,0.96,no
Sumi Hwang,individual,129,4,20260801,13,21,0.75,no
"Yuna (singer, born 1992)",individual,1167,39,20260809,53,290,1.03,no
Lee Kyu-hyung,individual,5563,185,20260802,232,1400,1.16,yes
Ryu Jun-yeol,individual,15099,503,20260805,624,3770,1.28,yes
Jung Jae-il,individual,1068,36,20260817,55,285,1.17,no
Baek Hyun-jin,individual,4549,152,20260816,310,1396,1.42,yes
Hello Ga-Young,individual,71,2,20260806,6,22,1.57,no
Kim Min-seok (actor),individual,7527,251,20260726,373,1595,0.78,yes
RM (musician),individual,63603,2120,20260802,2631,13395,0.85,no
Giriboy,individual,594,20,20260809,30,155,1.37,no
Huh Chan-mi,individual,675,23,20260804,30,131,0.79,no
Haechan,individual,4058,135,20260820,396,1394,1.59,no
Hwasa,individual,30670,1022,20260802,2450,5848,0.86,no
Wheein,individual,6035,201,20260813,340,1756,1.73,no
Yerin (entertainer),individual,2333,78,20260819,211,713,2.04,no
Park Shin-won,individual,2002,67,20260803,93,454,0.98,no
Sunhae Im,individual,197,7,20260728,14,46,0.77,no
Jung Seung-hwan (singer),individual,1305,44,20260821,67,364,1.11,no
Gong Myung,individual,16913,564,20260726,767,3528,0.81,yes
Katie (singer),individual,497,17,20260724,26,114,1.05,no
Yeri (singer),individual,13945,465,20260807,734,2966,1.62,yes
Kim Na-young (singer),individual,864,29,20260805,65,197,1.15,no
Hoshi (South Korean singer),individual,5469,182,20260815,337,1202,0.91,no
Kevin Oh,individual,14026,468,20260816,1099,4395,2.82,no
Keith Ape,individual,2123,71,20260809,99,468,0.98,no
Park Yoon-ha,individual,180,6,20260726,10,40,1,no
Moonbin,individual,15763,525,20260811,629,3368,0.87,no
Joshua (American singer),individual,6508,217,20260727,392,1410,0.91,no
WoongSan,individual,371,12,20260804,29,88,1.35,no
Dino (South Korean singer),individual,10214,340,20260810,779,2004,1.24,no
Park Jeong-hwa,individual,1395,47,20260816,107,422,1.51,no
Yuju (singer),individual,2317,77,20260809,95,553,1.18,no
Ryu Su-jeong,individual,764,25,20260821,34,179,1.06,no
Na Haeun,individual,3411,114,20260725,267,610,0.51,no
Park Sung-hoon,individual,12015,401,20260728,488,2801,0.93,yes
SinB,individual,1846,62,20260809,90,433,1.08,no
Yeo In-hyeok,individual,26,1,20260820,4,6,1.2,no
Yezi,individual,527,18,20260728,25,131,1.02,no
Brother Su,individual,307,10,20260724,21,66,0.84,no
Hyojung,individual,1679,56,20260728,173,381,0.72,no
Innovator (rapper),individual,34,1,20260820,5,14,1.75,no
Jung Key,individual,74,3,20260806,6,17,1.06,no
Lee Sun-bin,individual,32170,1072,20260801,5790,3602,1.11,yes
Lee Jong-hwa (actor),individual,510,17,20260802,24,107,1.07,no
Joohoney,individual,3944,131,20260820,206,1118,1.27,no
Momo Hirai,individual,16763,559,20260810,911,3628,0.93,no
Lil Boi,individual,538,18,20260815,29,138,1.05,no
Dean (South Korean singer),individual,2312,77,20260802,112,554,0.96,no
Deez (musician),individual,607,32,20260804,144,123,0.3,no
Chaeyoung,individual,17079,569,20260814,2567,3393,1.2,no
Yohan Hwang,individual,167,6,20260726,15,32,0.54,no
Jin (singer),individual,64831,2161,20260730,2858,12992,0.79,no
Lovey (singer),individual,113,4,20260726,8,24,0.65,no
Kim Ban-jang,individual,46,2,20260803,6,10,0.83,no
Hoody (singer),individual,399,13,20260812,28,97,1,no
Kim Jung-sook,individual,1221,41,20260815,61,303,1.14,no
Gray (singer),individual,1464,49,20260809,68,305,0.76,no
Arin (singer),individual,6205,207,20260801,378,1373,1.15,yes
Samuel Seo,individual,324,11,20260726,16,85,1.13,no
Changmo,individual,548,18,20260728,26,111,0.73,no
Hwang Min-hyun,individual,17759,592,20260822,1133,5530,1.55,yes
Choi Young-jae,individual,2805,94,20260803,130,655,1.01,yes
Mimi (singer),individual,558,112,20260821,178,558,1,no
Park Bo-ram,individual,5122,171,20260729,336,893,0.57,no
Kim Jae-hyun,individual,1587,53,20260727,72,342,0.83,no
Lee Su-hyun,individual,2321,77,20260818,188,676,1.6,no
Park Subin,individual,633,21,20260801,41,145,1.13,no
Joy (singer),individual,13303,443,20260803,604,2758,1.09,yes
Sook-ja Kim,individual,56,2,20260726,6,8,0.38,no
Heo Jung-min,individual,1060,35,20260814,53,188,0.62,no
Mino (rapper),individual,3348,112,20260817,170,962,1.15,yes
Yugyeom,individual,2871,96,20260820,117,697,1.04,no
Kim Jin-woo (musician),individual,1115,37,20260725,60,278,0.95,no
B.I (rapper),individual,5922,197,20260726,276,1430,0.96,no
Kwak Si-yang,individual,5863,195,20260809,367,1495,1.58,yes
Lee Dong-hwi,individual,7561,252,20260801,324,1704,0.93,yes
Bobby (rapper),individual,3905,130,20260725,204,1022,0.97,no
Lee Seung-hyub,individual,3367,112,20260817,144,902,1.12,yes
Nancy (singer),individual,10880,363,20260822,568,2831,1.16,no
Cha Hun,individual,383,13,20260820,27,105,1.36,no
V (singer),individual,118449,3948,20260803,4376,25954,0.9,no
Yoon Hyun-sang,individual,96,3,20260807,7,17,1,no
Kwak Jin-eon,individual,181,6,20260811,15,47,1.07,no
Kidoh,individual,245,8,20260820,17,53,0.93,no
Hari Won,individual,1309,44,20260808,117,264,1.15,no
Yuk Ji-dam,individual,213,7,20260726,20,46,0.72,no
Yoo Byung-jae,individual,887,30,20260809,48,180,0.85,no
Kang Kyun-sung,individual,1202,40,20260804,418,160,1.45,no
Moonbyul,individual,6685,223,20260819,365,1968,1.77,no
Kim Jong-hyeon,individual,1632,54,20260728,111,418,1.09,no
Jo Aram,individual,8318,277,20260821,623,3589,8.99,yes
Youngjun,individual,255,9,20260805,75,31,0.65,no
Lee Hyun-joo (actress),individual,1265,42,20260812,142,290,1.27,no
Bewhy,individual,1402,47,20260806,68,316,1.09,no
Eunwoo,individual,31,1,20260730,3,11,1.22,no
Feeldog,individual,361,12,20260809,23,100,1.43,no
Kihyun,individual,2084,69,20260726,103,504,0.88,no
Oh Hyuk,individual,1363,45,20260820,80,419,1.26,no
"Sung Hoon (singer, born 1980)",individual,115,4,20260724,8,33,1.18,no
U-Kwon,individual,1294,43,20260731,102,303,1.01,no
Cha In-ha,individual,3806,127,20260814,432,921,1.41,no
Jeon Jong-hyuk,individual,8,0,20260724,1,1,0.5,no
Jeon Mi-do,individual,7164,239,20260816,371,1921,1.27,yes
Lee Se-mi,individual,542,18,20260819,40,133,1.02,no
Woo Jin-young,individual,503,17,20260805,25,130,1.2,no
Yang Da-il,individual,159,5,20260810,12,37,1.19,no
Kassy,individual,320,11,20260728,15,83,1.09,no
Jaehyun,individual,5823,194,20260820,465,1732,1.51,no
Taeyong,individual,5962,199,20260820,619,2424,2.51,no
Kim So-hye,individual,3343,111,20260807,167,679,0.87,yes
Stella Jang,individual,1337,45,20260730,88,285,0.8,no
Chung Ha,individual,6988,233,20260813,385,1632,1.12,no
Jae Park,individual,4874,162,20260813,270,1123,1.09,no
Jennie (singer),individual,119891,3996,20260802,8261,24596,0.87,no
"Kim So-hee (singer, born 1995)",individual,688,23,20260815,41,156,0.8,no
Giant Pink,individual,349,12,20260804,20,70,0.76,no
One (rapper),individual,2561,85,20260727,113,563,0.96,yes
Samuel (singer),individual,4036,135,20260816,209,1036,1,no
Suran (singer),individual,1077,36,20260819,158,414,1.84,no
Ha Sung-woon,individual,3755,125,20260816,374,1356,2.22,no
"Kim So-hee (singer, born 1999)",individual,3046,102,20260806,434,448,0.79,no
Kwon Chae-won,individual,540,18,20260818,27,148,1.15,no
Yoo Seon-ho,individual,4875,163,20260729,198,1150,0.97,no
Park Ji-hoon,individual,34261,1142,20260801,1933,8568,1.3,yes
Song Ga-in,individual,507,17,20260802,29,104,0.9,no
Kim Se-yong,individual,391,13,20260815,19,98,1.24,no
Kim So-won,individual,1904,63,20260821,132,542,1.45,no
Heize,individual,2048,68,20260809,106,447,0.94,no
Hwang In-sun,individual,164,5,20260724,11,33,0.77,no
Louie (rapper),individual,132,4,20260726,8,35,1.09,no
Sohn Ah-ram,individual,13,0,20260814,3,5,2.5,no
Song Yuvin,individual,334,11,20260811,38,67,1,no
Lee Su-ji,individual,659,22,20260802,46,152,1.13,no
Young Tak,individual,880,29,20260725,41,184,0.84,no
Kasper (singer),individual,402,13,20260725,26,85,0.87,no
Yoon Chae-kyung,individual,1246,42,20260818,107,348,1.34,no
Dawon (singer),individual,932,31,20260809,44,214,0.91,no
Kim Il Du,individual,21,1,20260819,4,10,5,no
Reddy (rapper),individual,314,10,20260811,23,77,1.08,no
Jung Chae-yeon,individual,11732,391,20260726,489,2698,0.96,yes
Exy,individual,1793,60,20260726,88,398,0.89,no
Buffy (rapper),individual,21,1,20260725,3,3,0.43,no
Jeongyeon,individual,24446,815,20260810,6453,3757,1.23,no
Dayoung,individual,19487,650,20260727,1972,2274,0.32,no
Ahn Sol-bin,individual,1313,44,20260725,61,297,0.97,no
Jeong So-yeon,individual,468,16,20260729,24,92,0.71,no
Lee Jin-sol,individual,9,1,20260724,2,0,0,no
"Lily (singer, born 2002)",individual,5920,197,20260727,277,1300,0.85,no
Aron (singer),individual,2001,67,20260728,277,411,0.66,no
Baekho (singer),individual,5882,196,20260728,1642,798,0.27,no
G2 (rapper),individual,220,7,20260804,19,52,1.18,no
Kang Daniel,individual,7690,256,20260815,683,2303,1.91,yes
Yebin (singer),individual,507,17,20260730,25,114,0.9,no
Bae Jin-young,individual,3141,105,20260815,414,1277,3.18,no
Kim Jae-hwan (singer),individual,2680,89,20260815,289,969,2.41,no
Lee Dae-hwi,individual,3393,113,20260815,416,1236,3.04,no
Ong Seong-wu,individual,45219,1507,20260816,3195,13283,1.35,yes
Park Woo-jin,individual,2367,79,20260815,297,919,2.9,no
Yoon Ji-sung,individual,3477,116,20260815,394,1352,2.93,no
Lee Eui-jin,individual,221,7,20260816,15,63,1.37,no
Lee Lu-da,individual,356,12,20260817,19,84,1.08,no
Jeon Jong-seo,individual,19323,644,20260801,998,4425,1.08,yes
Jang Gyu-ri,individual,11248,375,20260822,551,3154,1.31,yes
Jvcki Wai,individual,408,14,20260802,32,81,0.83,no
Holland (singer),individual,2273,76,20260810,106,361,0.64,no
Jero (South Korean singer),individual,142,5,20260812,13,31,0.91,no
An Yu-jin,individual,18793,626,20260801,1244,3055,0.72,no
Choi Ye-na,individual,23696,790,20260802,1442,5263,1.72,no
Yongzoo,individual,58,2,20260809,7,14,2,no
Julian Jootaek Kim,individual,317,11,20260724,42,42,0.29,no
"Kim Min-seok (singer, born 1991)",individual,2445,82,20260726,110,561,0.95,no
Suga,individual,62249,2075,20260730,2611,13259,0.87,no
Mingyu,individual,11625,388,20260726,1336,2077,0.53,no
Dahyun,individual,11050,368,20260810,665,2484,0.98,yes
Kim Se-jeong,individual,23568,786,20260727,926,5271,0.95,yes
Jimin,individual,68543,2285,20260802,2831,13879,0.81,no
Microdot (rapper),individual,355,12,20260813,45,75,1.56,no
Sanchez (rapper),individual,285,10,20260812,18,75,1.56,no
Jeong Ye-in,individual,774,26,20260809,41,176,0.99,no
Kim Sung-joo (entertainer),individual,1281,43,20260807,70,263,0.84,no
C Jamm,individual,282,9,20260815,15,65,0.98,no
Cha Eun-woo,individual,70888,2363,20260812,3065,16086,1.03,yes
DinDin,individual,1998,67,20260819,90,492,1.02,no
Hwang Chi-yeul,individual,1283,43,20260803,80,250,0.75,no
Jooyoung,individual,508,17,20260724,31,113,0.84,no
"Kim Chae-won (singer, born 1997)",individual,57,2,20260801,4,12,0.8,no
Koo Jun-hoe,individual,2143,71,20260728,137,470,0.7,no
Mijoo,individual,3045,102,20260809,164,703,0.96,no
Somin (singer),individual,3768,126,20260728,285,642,0.59,no
Vittoria Yeo,individual,30,1,20260724,4,5,0.33,no
Yellow (singer),individual,3,1,20260801,1,3,1,no
Binnie (singer),individual,4,0,20260801,1,1,0.5,no
Kim Sa-wol,individual,160,5,20260817,11,41,1.02,no
Park Hye-su,individual,2804,93,20260726,125,761,1.12,no
Wonwoo,individual,5739,191,20260815,330,1312,1,no
Elo (singer),individual,148,5,20260819,17,51,1.76,no
Eunha (singer),individual,2400,80,20260809,108,587,1.24,no
Oohyo,individual,289,10,20260801,15,65,1.14,no
YooA,individual,2001,67,20260821,107,567,1.38,yes
Seunghee,individual,1081,36,20260821,67,271,1.08,no
DK (singer),individual,7182,239,20260727,786,1402,0.69,no
S.Coups,individual,12350,412,20260808,3876,1870,1.04,no
Seungkwan,individual,4839,161,20260810,395,1047,0.98,no
Vernon (rapper),individual,15872,529,20260727,2883,4538,0.85,no
Woozi,individual,4856,162,20260815,341,1120,1.01,no
Young K,individual,7227,241,20260807,434,1433,0.83,no
Park Kyung,individual,1569,52,20260813,70,356,0.96,no
An Ye-seul,individual,171,6,20260822,12,46,1.12,no
Jung Kook,individual,103735,3458,20260724,4152,21443,0.78,no
Jihyo,individual,19983,666,20260810,1213,3509,0.78,no
Ben (South Korean singer),individual,644,21,20260804,38,140,0.89,no
Jeon Somi,individual,16246,542,20260803,1171,3340,0.99,no
Bumzu,individual,1993,66,20260811,107,437,1.09,no
Woo Hye-mi,individual,164,5,20260815,13,39,1.11,no
Shin Kang-woo,individual,30,1,20260806,3,6,0.86,no
Ahn Ye-eun,individual,692,23,20260725,38,188,1.1,no
Jeonghan,individual,6572,219,20260802,362,1459,0.97,no
Umji,individual,1770,59,20260819,96,478,1.34,no
Kang Mi-na,individual,23098,770,20260730,1230,3741,0.51,yes
Arie (singer),individual,89,3,20260820,13,31,2.38,no
Lim Na-young,individual,3725,124,20260726,151,800,0.86,no
Shownu,individual,2700,90,20260726,132,609,0.82,no
Lee Chae-yeon,individual,7465,249,20260816,484,2158,1.39,no
Miyeon,individual,11405,380,20260809,581,2327,0.92,no
Heejin,individual,4024,134,20260809,232,1058,1.32,no
Bong Jae-hyun,individual,1722,57,20260820,88,425,0.96,no
Kang Min-hee,individual,107,4,20260730,10,27,1.08,no
Kim Min-ju,individual,10406,347,20260728,485,2271,0.84,yes
Yoon San-ha,individual,2540,85,20260810,118,559,0.98,no
Kang Hye-won,individual,6423,214,20260728,256,1481,0.97,yes
Jang Won-young,individual,33188,1106,20260727,4121,5444,0.47,no
Kwon Eun-bi,individual,11136,371,20260815,497,2369,0.87,no
Kim Chaewon,individual,23369,779,20260801,1147,5162,0.99,no
Han Seung-woo,individual,1681,56,20260728,74,389,0.87,no
Jo Yuri,individual,5251,175,20260816,242,1236,0.97,no
Y:SY,individual,1787,60,20260808,93,336,0.72,no
Chuu,individual,7462,249,20260727,307,1705,0.91,no
Kim Lip,individual,3163,105,20260809,195,701,1.09,no
Do Han-se,individual,300,10,20260728,19,59,0.79,no
Choi Byung-chan,individual,2754,92,20260809,123,585,0.98,yes
Yeojin,individual,2139,71,20260819,126,617,1.21,no
Lee Jun-young,individual,72108,2404,20260809,5640,20525,3.12,yes
Jinsoul,individual,2649,88,20260809,177,586,0.99,no
Park Seo-ham,individual,5957,199,20260729,444,1125,0.67,yes
Dalchong,individual,81,3,20260819,8,19,0.9,no
Hyunjin (Loona singer),individual,4578,153,20260814,384,1360,1.77,no
Johnny Suh,individual,91,3,20260729,10,14,0.67,no
Jang Ye-eun,individual,1264,42,20260725,71,234,0.62,no
"Kim Dong-hyun (singer, born 1998)",individual,728,24,20260816,41,201,1.63,no
Roh Tae-hyun,individual,461,15,20260822,25,133,1.33,no
Kwon Eun-bin,individual,2744,91,20260725,133,573,0.78,yes
Kwon Hyun-bin,individual,692,23,20260817,32,176,1.17,no
J.Fla,individual,701,23,20260807,42,155,0.91,no
Hongseok,individual,2493,83,20260728,214,400,0.4,no
Hangzoo,individual,231,8,20260724,16,52,0.87,no
Michelle Zauner,individual,19184,639,20260726,1178,4018,0.69,no
Jo Woo-chan,individual,3366,112,20260817,212,1152,1.67,no
"Car, the Garden",individual,12715,424,20260819,1062,5023,1.94,no
JooE,individual,1259,42,20260728,58,279,0.87,no
Kanto (rapper),individual,157,5,20260728,18,32,0.7,no
MJ (South Korean singer),individual,1746,58,20260821,115,501,1.34,no
Kim Dong-han,individual,694,23,20260809,44,171,1.31,no
Jinho,individual,1211,40,20260821,59,259,0.83,no
Ji Han-sol,individual,9,1,20260809,2,5,1.25,no
Dawn (rapper),individual,7355,245,20260726,442,1264,0.59,no
Woo Won-jae,individual,755,25,20260727,42,201,1.11,no
Kang In-soo,individual,438,15,20260803,30,83,0.81,no
Choi Bo-min (entertainer),individual,2595,87,20260728,138,612,1.1,no
Hui (singer),individual,2354,78,20260731,116,555,1.02,no
LEW (Rapper),individual,16,1,20260806,2,7,1.75,no
"Paul Kim (musician, born 1988)",individual,932,31,20260728,62,194,0.81,no
Punchnello,individual,855,29,20260813,192,189,2.91,no
Song Won-seok,individual,1683,56,20260816,73,402,0.99,yes
Kwak Soon-ok,individual,19,1,20260819,6,8,1.33,no
Lee Gun-woo,individual,300,10,20260809,17,59,0.94,no
"Minseo (singer, born 1996)",individual,509,17,20260727,27,132,1.15,no
Jisoo,individual,88091,2936,20260731,8972,15051,0.71,yes
Lee Na-eun,individual,5254,175,20260812,800,1199,1.79,yes
I.M,individual,6955,232,20260821,291,1759,1.19,no
Choi Yu-jin,individual,1709,61,20260812,234,654,654,no
Jaemin,individual,2703,90,20260813,158,647,1.23,no
Soyeon,individual,9801,327,20260731,592,2075,0.96,no
Wonho,individual,9602,320,20260730,555,2003,0.67,no
Doyoung,individual,7764,259,20260802,460,1721,1.15,no
Mark (rapper),individual,16512,550,20260821,1149,4424,1.9,no
Choi Yoo-jung (singer),individual,6205,207,20260728,402,1120,0.62,yes
Han Hye-ri,individual,404,13,20260819,25,88,0.88,no
Kim Do-yeon (singer),individual,5670,189,20260818,427,1455,1.05,no
Lee Hae-in (singer),individual,1579,53,20260822,179,549,1.4,no
Yoo Yeon-jung,individual,3435,115,20260803,314,616,0.84,no
Ki Hui-hyeon,individual,659,22,20260725,37,141,0.73,no
Nada (South Korean musician),individual,418,14,20260725,25,103,0.86,no
Chanmina,individual,17641,588,20260812,3776,1944,1.32,no
Jisung,individual,2569,86,20260729,126,664,0.99,no
Rosé (singer),individual,79674,2656,20260731,3539,17341,0.97,no
Shin Yeon-suh,individual,439,15,20260816,38,135,1.48,no
Lee Geon,individual,4,0,20260726,2,1,0.33,no
Xiyeon,individual,1016,34,20260725,48,226,0.89,no
Punch (singer),individual,1435,48,20260802,72,369,1.09,no
Seola (singer),individual,1779,59,20260813,94,418,1.04,no
I (singer),individual,282,9,20260813,18,49,0.64,no
Hyungwon,individual,2485,83,20260727,162,545,0.73,no
Taeil (singer),individual,9119,304,20260820,558,2670,1.62,no
Jeon Ji-woo,individual,2867,96,20260728,230,405,0.47,no
Han Yo-han,individual,168,6,20260813,12,29,0.67,no
Kang Si-ra,individual,138,5,20260724,12,26,0.59,no
Kim Woo-seok (singer),individual,3129,104,20260816,136,772,1.05,yes
Jeno (singer),individual,2438,81,20260809,140,646,1.28,no
"Lee Min-hyuk (singer, born 1993)",individual,2032,68,20260724,107,479,0.82,no
Lee Dawon,individual,1012,34,20260724,85,238,0.88,no
Rowoon,individual,20192,673,20260807,923,4743,1.14,yes
BM (rapper),individual,10667,356,20260728,556,2032,0.71,no
J.Seph,individual,2188,73,20260728,206,248,0.36,no
Bona (singer),individual,8762,292,20260727,420,1800,0.75,yes
Eunice (singer),individual,8,1,20260810,2,4,1,no
Ahn Ji-young,individual,372,12,20260729,34,72,0.61,no
Babylon (singer),individual,447,15,20260801,50,101,1.13,no
DPR Live,individual,1947,65,20260809,373,340,1.09,no
Lee Tae-il,individual,2098,70,20260813,121,440,0.94,no
Nam Yu-jin,individual,200,7,20260822,20,57,1.19,no
Olltii,individual,82,3,20260803,7,14,1.17,no
Sumin (musician),individual,2178,73,20260814,294,748,3.94,no
Kim Na-young (actress),individual,531,18,20260803,31,107,0.7,no
Jinjin,individual,1334,44,20260725,60,315,0.97,no
Yeji (singer),individual,6869,229,20260822,319,1787,1.21,no
Bora (singer),individual,1096,37,20260807,90,280,1.59,no
Han (musician),individual,18142,605,20260810,763,4451,1.14,no
Rocky (singer),individual,2390,80,20260815,116,551,1.08,no
Rothy,individual,428,14,20260817,31,115,1.24,no
Lee Jin-hyuk,individual,2114,70,20260726,432,267,0.25,no
Hwiyoung,individual,932,31,20260812,44,232,1.1,no
Bibi (singer),individual,13774,459,20260726,782,2441,0.54,yes
Kim Youngbin,individual,652,22,20260724,32,165,1.19,no
Jung Wooyoung,individual,5533,369,20260813,497,2104,0.69,no
Choerry,individual,2731,91,20260809,166,617,0.99,no
Haseul,individual,3262,109,20260809,191,734,1.03,no
DPR Ian,individual,6701,223,20260808,342,1405,0.87,no
Yves (singer),individual,7017,234,20260818,385,1906,1.15,no
Hyunjin (Stray Kids singer),individual,23433,781,20260726,1003,5705,1.08,no
Soojin,individual,5551,185,20260810,297,1169,0.97,no
Changbin,individual,15830,528,20260811,1368,3436,1.11,no
Ash Island (rapper),individual,4692,156,20260812,434,841,0.93,no
Felix (rapper),individual,40725,1358,20260806,2031,9077,0.94,no
Hur Hyun-jun,individual,2259,75,20260806,647,317,0.74,no
Chaeryeong,individual,8031,268,20260816,560,2411,1.44,no
Jungwoo,individual,2900,97,20260820,317,1000,2.03,no
Lia (South Korean singer),individual,5557,185,20260815,259,1458,1.23,no
Ryujin (rapper),individual,8509,284,20260815,396,2371,1.42,no
"Yuna (singer, born 2003)",individual,15188,506,20260805,1049,3353,1.33,no
Lee Young-ji,individual,14445,482,20260801,629,3133,0.89,no
Leellamarz,individual,269,9,20260807,16,60,1.07,no
Hera Hyesang Park,individual,664,22,20260804,79,158,1.9,no
Jo Mingyu,individual,2552,85,20260725,121,472,0.64,no
Jeong Dong-won,individual,385,13,20260810,28,86,0.97,yes
Colde,individual,1119,37,20260818,107,351,1.73,no
ZZONE,individual,2676,89,20260814,302,775,1.49,no
Jihoon,individual,1797,60,20260727,89,406,0.9,no
Choi Jae-rim,individual,1456,49,20260726,126,212,0.35,yes
So Jung hwan,individual,19,1,20260726,2,2,0.4,no
Ha Hyun-sang,individual,566,19,20260724,29,116,0.83,no
Lee Sae-on,individual,660,22,20260725,77,102,0.36,no
Son Woo-hyeon,individual,1707,57,20260820,112,462,1.34,no
Lee Jae-yoon (singer),individual,568,19,20260816,33,139,1.36,no
Hynn,individual,1022,34,20260814,58,257,1.57,no
Jun.Q,individual,1197,40,20260809,103,259,1.31,no
Kim Jae-yong,individual,786,26,20260814,46,178,0.91,no
Kim Min-kyu (entertainer),individual,5888,196,20260816,338,1763,3.26,no
Loopy (rapper),individual,303,10,20260726,16,68,0.93,no
Leia (singer),individual,371,12,20260814,20,60,0.59,no
Winter (singer),individual,24354,812,20260803,2280,4675,1.03,no
Karina (South Korean singer),individual,33734,1124,20260803,3006,6607,1.03,no
Twlv,individual,138,5,20260727,11,33,0.89,no
Heyoon Jeong,individual,906,30,20260724,46,197,0.8,no
Wonstein,individual,1152,38,20260802,68,301,1.38,no
Yunhway,individual,127,4,20260802,10,21,0.7,no
Hyeju,individual,3759,125,20260803,313,1076,1.43,no
Kim Si-hyeon,individual,1819,61,20260805,169,346,1.02,no
Lim Ji-min,individual,6,0,20260804,2,1,1,no
Kim Woojin,individual,18223,607,20260807,757,4319,1.05,no
Dowoon,individual,3564,119,20260819,469,2251,7.21,no
Lee Know,individual,18557,619,20260727,794,4417,1.08,no
Lee Ju-eun,individual,2137,71,20260727,169,444,0.64,no
Kim Yo-han,individual,4858,162,20260729,205,1131,0.94,yes
Choi Hyun-suk,individual,1395,47,20260822,147,440,1.5,no
Bang Chan,individual,38467,1282,20260727,2201,10412,1.1,no
Sungjin,individual,1916,64,20260814,108,503,1.34,no
Yeo One,individual,686,23,20260809,42,143,0.84,no
Nafla,individual,517,17,20260813,39,144,1.37,no
Wooseok,individual,1999,67,20260814,241,631,2,no
Taeha,individual,11,0,20260728,2,0,0,no
I.N,individual,14522,484,20260726,592,3491,1.11,no
Yang Joon-il,individual,138,5,20260819,10,42,1.75,no
Yang Yeon-je,individual,162,5,20260806,11,35,0.95,no
Shaun (musician),individual,1446,48,20260807,64,321,0.91,no
Seungmin,individual,14281,476,20260810,629,3413,1.14,no
Yoo Hwe-seung,individual,1186,40,20260812,54,267,1.06,no
Choi Yu-ju,individual,9028,301,20260816,1245,5424,36.4,no
Sori (singer),individual,1058,35,20260807,49,257,1.17,no
HueningKai,individual,15351,512,20260814,5104,2814,1.18,no
Kevin Moon (singer),individual,81,3,20260728,7,15,0.52,no
Kim Do-ah,individual,619,21,20260811,34,129,0.75,no
Woody (singer),individual,209,7,20260815,13,56,1.4,no
Kino (singer),individual,1268,42,20260726,61,259,0.78,no
Beomgyu,individual,6684,223,20260817,309,1827,1.19,no
Yeonjun,individual,28003,933,20260805,8475,4095,1.1,no
Park Moon-young,individual,68,2,20260806,6,12,1,no
Kan Jong-wook,individual,68,2,20260821,7,15,0.65,no
Shin Jee-won,individual,692,23,20260731,49,147,0.89,no
Kim Tae-rin,individual,356,12,20260804,24,79,1.07,no
Peggy Gou,individual,49068,1636,20260728,6404,7699,0.39,no
Yoyomi,individual,586,20,20260807,32,140,1.09,yes
"Park Soo-jin (singer, born 1995)",individual,64,2,20260821,7,19,1.19,no
I'll (singer),individual,2322,77,20260812,126,453,0.86,no
Lee Eun-sang (singer),individual,921,31,20260813,61,225,1.04,no
Dongpyo,individual,1761,59,20260802,176,337,0.76,no
Wonpil,individual,2425,81,20260814,290,602,1.43,no
Jang Dae-hyeon,individual,368,12,20260808,31,89,1.1,no
Kim Chae-yeon (singer),individual,1767,59,20260806,127,397,1.2,no
Taehyun (singer),individual,5903,197,20260814,279,1566,1.21,no
Huh Ji-won,individual,1334,44,20260805,235,152,0.42,no
Soobin (singer),individual,8216,274,20260817,364,2232,1.14,no
Bae Su-min,individual,9,1,20260813,3,6,3,no
"J (singer, born 2004)",individual,6,0,20260731,1,2,0.67,no
Sungchan,individual,3650,122,20260809,177,790,0.84,no
Youra (singer),individual,483,16,20260727,22,114,0.93,no
Lee Tae-vin,individual,758,25,20260811,50,150,0.82,no
Rei Ami,individual,21059,702,20260727,3848,3125,0.34,no
Audrey Nuna,individual,18589,620,20260814,790,4101,0.98,no
Meenoi,individual,700,23,20260821,147,364,3.34,no
Jukjae,individual,464,15,20260724,36,109,0.84,no
Demian (singer),individual,1300,43,20260724,61,310,0.89,no
Choi Young-joon,individual,3728,124,20260814,159,757,0.82,yes
Kim Ah-ra,individual,360,12,20260804,22,93,1.35,no
Heeseung,individual,24400,813,20260817,1142,6390,1.25,no
Sunoo,individual,4745,158,20260807,424,1290,20.81,no
Jeong Jin-hwan,individual,484,16,20260803,31,126,1.08,no
KyoungSeo,individual,240,8,20260822,16,55,0.81,no
Ko Eun-sung,individual,799,27,20260725,44,197,0.94,no
Ahn Byeong-woong,individual,92,3,20260817,8,28,1.56,no
Sin Ye-young,individual,98,3,20260815,8,31,1.35,no
Song I-han,individual,189,6,20260811,63,22,1.57,no
Haewon (singer),individual,3792,126,20260810,167,902,1.21,no
Leeseo,individual,8399,280,20260727,507,1418,0.57,no
Adora (singer),individual,1012,34,20260820,72,314,1.7,no
Bang Jae-min,individual,269,9,20260724,17,76,1.21,yes
DeVita (singer),individual,380,13,20260729,23,99,0.98,no
Lee Mu-jin,individual,2187,73,20260804,99,456,0.93,no
Swan (singer),individual,668,22,20260812,43,160,1.05,no
Lee Seung-yoon,individual,662,22,20260725,45,168,1.1,no
Kim Chae-hyun,individual,10,0,20260803,2,2,0.67,no
Kim Da-yeon,individual,13,1,20260801,3,3,0.5,no
Gaho,individual,1217,41,20260816,117,522,2.65,no
Sogumm,individual,660,22,20260726,41,155,0.86,no
Chae Bo-hun,individual,69,2,20260730,8,16,0.8,no
Kangmin Justin Kim,individual,195,7,20260724,15,48,0.69,no
Seo Young-eun,individual,22,1,20260801,3,5,0.71,no
Seori,individual,1135,38,20260809,61,273,1.38,no
Jini (singer),individual,4899,163,20260730,316,1056,0.77,yes
Sullyoon,individual,258,9,20260806,32,49,0.92,no
Kyujin (singer),individual,78,3,20260727,6,24,1.33,no
Peakboy,individual,1710,57,20260820,90,438,0.98,no
Choi Jung-hoon,individual,4025,134,20260822,229,1257,1.79,no
Liz (South Korean singer),individual,10694,356,20260727,629,2041,0.68,no
Gaeul (singer),individual,7730,258,20260727,459,1238,0.55,no
Hongjoong,individual,16427,548,20260813,746,3749,1.06,no
Jeong Yun-ho,individual,13850,462,20260814,626,3290,1.15,no
Jongho,individual,10960,365,20260814,493,2458,1.07,no
Seonghwa,individual,13997,467,20260814,696,3372,1.41,no
Shin Jeong-you,individual,316,11,20260725,22,56,0.64,no
Shin Jun-seop,individual,1021,34,20260727,53,229,0.92,no
Big Naughty,individual,1015,34,20260730,47,202,0.78,no
Kim Ximya,individual,427,14,20260727,30,87,0.6,no
San (singer),individual,61169,2039,20260811,3915,13157,1.08,no
Mingi (rapper),individual,5424,301,20260812,432,1958,1.03,no
Jonghyeong,individual,156,5,20260727,9,27,0.61,no
Lim Young-woong,individual,3069,102,20260819,391,1106,1.77,no
Lee Chan-won,individual,1034,34,20260809,47,235,0.9,no
AleXa,individual,3179,106,20260728,170,691,0.82,no
Bassagong,individual,129,4,20260820,9,38,1.15,no
Yoo Je-yoon,individual,410,14,20260807,24,89,0.79,no
Isaac Hong,individual,748,25,20260730,39,167,0.92,no
Lee Ju-sun,individual,117,4,20260820,9,32,1.33,no
Joo Hyun-young,individual,4992,166,20260801,254,1169,1.06,yes
Myung Hyung-seo,individual,35,1,20260726,5,6,0.46,no
"Nana (entertainer, born 2001)",individual,1063,35,20260729,80,208,0.61,no
Wooyeon,individual,608,20,20260730,34,128,0.74,no
Angela Seo,individual,2485,83,20260726,142,599,0.83,no
Giseok,individual,3,0,20260728,1,2,2,no
Kim Jong-hyeong,individual,1,0,20260810,1,1,1,no
Kyoungyoon,individual,155,5,20260815,10,28,0.67,no
Park Jae-chan,individual,1821,61,20260731,100,363,0.78,no
Sehyeon,individual,7,0,20260726,2,1,0.25,no
Hong Eunchae,individual,12803,427,20260816,507,3018,1.02,no
Kim Garam,individual,129,4,20260811,14,24,0.69,no
"Minseo (singer, born 2004)",individual,183,6,20260729,12,44,0.69,no
Choi Yu-ree,individual,2193,73,20260822,210,647,1.63,no
Jung Eui-jae,individual,903,30,20260821,45,249,1.14,no
Kim Ji-woong,individual,2992,100,20260728,198,766,0.94,no
Kang Hyung-ho,individual,2285,76,20260822,129,511,0.89,no
Chowon (singer),individual,4,0,20260724,1,1,0.33,no
Kang Yu-chan,individual,861,29,20260814,48,195,0.8,no
Danielle (singer),individual,22461,749,20260724,1734,4643,0.64,no
Haerin,individual,9313,310,20260725,553,1858,0.61,no
Hyein,individual,9069,302,20260724,578,1955,0.71,no
Minji (singer),individual,12075,403,20260724,728,2482,0.64,no
Ella Gross,individual,19562,652,20260819,1683,6864,1.8,no
Gyubin,individual,1347,45,20260806,69,268,0.84,no
Lee Ji-woo,individual,713,24,20260822,33,167,1.04,no
Park Je-up,individual,187,6,20260820,13,45,0.8,no
Dohoon,individual,57,2,20260724,7,12,0.75,no
Lee Leo,individual,3152,105,20260817,223,1140,1.75,no
Park Ji-hyeon,individual,2009,67,20260812,215,280,0.72,no
Yoo Hee-jae,individual,262,9,20260808,16,37,0.49,no
Lee Jong-hee,individual,13,1,20260731,3,2,0.33,no
Sung Han-bin,individual,3111,104,20260816,197,972,1.36,no
Han Yu-jin,individual,3596,120,20260816,156,979,1.21,no
Kim Tae-rae,individual,28,1,20260728,3,4,0.44,no
Dvwn,individual,388,13,20260808,21,77,0.85,no
Han Sara,individual,340,13,20260728,48,58,0.46,no
Bak Joo-hyo,individual,35,1,20260809,5,3,0.23,no
Belle (singer),individual,5214,174,20260804,317,1180,1.15,no
Eden (Korean musician),individual,1225,41,20260814,70,282,1.03,no
Airy (musician),individual,42,1,20260727,5,7,0.54,no
Seo Da-hyun,individual,451,15,20260815,22,116,1.07,yes
Haneul (singer),individual,7,0,20260811,2,4,4,no
Julie (rapper),individual,13,1,20260731,2,2,0.4,no
Giuk,individual,326,11,20260814,26,100,1.27,no
Zior Park,individual,482,16,20260804,34,102,1.04,no
Jay Chang,individual,3142,105,20260817,195,949,1.35,no
London Thor,individual,5979,199,20260811,253,1275,0.87,no
Bae Na-ra,individual,8668,289,20260802,398,1629,0.65,no
Zion Hwang,individual,1307,44,20260816,354,554,1.14,no
Eunseok,individual,13,0,20260724,2,0,0,no
Bailey Sok,individual,5931,198,20260817,422,1990,1.56,no
Rami (BabyMonster),individual,5,0,20260804,2,1,,no
Seunghan,individual,4279,143,20260801,185,800,0.69,no
Park Hye Jin (music producer),individual,450,15,20260822,25,140,1.71,no
Park Junhee,individual,633,158,20260822,230,633,1,no
Yoon Seo-yeon,individual,979,33,20260806,68,220,1.1,no
Minju (Illit member),individual,121,4,20260726,8,18,0.49,no
Wonhee,individual,17495,583,20260727,685,4330,1.04,no
Yunah,individual,210,7,20260727,12,52,1,no
Kim Yoo-yeon (singer),individual,1715,57,20260817,69,405,1,no
Bain (singer),individual,609,20,20260817,33,168,1.46,no
Yoon Jae-chan,individual,2218,74,20260819,322,689,1.29,yes
Baek Jun-hyuk,individual,3,0,20260806,1,2,1,no
Jang Yong-hoon,individual,4,0,20260805,1,4,,no
Hanroro,individual,2618,87,20260822,269,736,1.56,no
Yuha,individual,31,1,20260822,5,15,3.75,no
Choi Ji-woo (singer),individual,107,4,20260727,15,23,0.57,no
Leesol,individual,8,0,20260730,2,3,0.75,no
Ian (South Korean singer),individual,22,1,20260812,3,7,1.17,no
Youngseo,individual,6179,206,20260817,336,1966,1.36,no
Ejae,individual,42708,1424,20260814,2238,8600,0.8,no
Tarzzan,individual,9858,329,20260819,1221,6025,5.12,no
Annie Moon,individual,10480,349,20260817,627,3316,1.32,no
Min Jiwoon,individual,155,5,20260725,15,31,0.79,no
Kim Jin-pyo (musician),individual,367,12,20260817,21,101,1.25,no
Tiger JK,individual,3514,117,20260801,243,860,1.27,no
Tymee,individual,255,9,20260724,24,77,1.08,no
Masta Wu,individual,393,13,20260819,20,106,1.22,no
Minos (rapper),individual,70,2,20260729,6,16,0.94,no
Jerry.K,individual,198,7,20260809,15,60,1.25,no
Blue (rapper),individual,5,0,20260822,3,4,4,no
Red (rapper),individual,8,1,20260815,3,7,1.75,no
Ugly Duck,individual,122,4,20260729,9,26,0.72,no
Code Kunst,individual,1829,61,20260816,77,432,1.01,no
Primary (musician),individual,772,26,20260724,37,175,0.88,no
Justhis,individual,561,19,20260805,63,141,1.17,no
Woodz,individual,9659,322,20260728,578,1632,0.54,no
Hanhae,individual,1193,40,20260726,58,268,0.97,no
Nucksal,individual,409,14,20260726,24,96,0.97,no
MLMA,individual,379,13,20260820,30,102,0.72,no
Mirani (rapper),individual,555,19,20260731,59,102,0.86,no
Khundi Panda,individual,88,3,20260805,8,20,1.25,no
Sokodomo,individual,312,10,20260813,19,83,1.41,no
Soul (Japanese singer),individual,210,7,20260728,30,0,0,no
Be'O,individual,631,21,20260803,37,120,0.88,no
Since (rapper),individual,182,6,20260803,14,34,0.94,no
Jin Dogg,individual,316,11,20260815,22,83,1.05,no
Jo Gwang-il,individual,196,7,20260820,11,40,0.82,no
Swervy,individual,155,5,20260729,11,36,1.13,no
Ja Mezz,individual,46,2,20260803,4,18,3.6,no
Black Nut,individual,224,7,20260727,14,50,0.86,no
"Kim Min-jae (actor, born 1996)",individual,10825,361,20260724,536,2811,1.01,yes
Iron (rapper),individual,1133,38,20260815,91,259,1.15,no
Kang Chun-hyok,individual,180,6,20260724,11,36,0.82,no
Yang Hong-won,individual,506,17,20260724,34,122,0.88,no
Sik-K,individual,1273,42,20260726,68,316,1.08,no
Haon (rapper),individual,1770,59,20260814,94,419,1.04,no
Kid Milli,individual,499,17,20260816,27,119,1.03,no
Noel (rapper),individual,339,11,20260806,21,81,1.56,no
Zizo (rapper),individual,92,3,20260726,7,28,1.56,no
Myung-whun Chung,individual,1058,35,20260817,47,274,1.22,no
Dong-Hyek Lim,individual,324,11,20260724,19,70,0.72,no
Kyung Wha Chung,individual,833,28,20260802,56,168,1.11,no
Yeol Eum Son,individual,3265,109,20260813,358,957,1.8,no
Jin Hee-kyung,individual,1327,44,20260816,63,291,0.85,yes
Yiruma,individual,4138,138,20260727,180,970,1.05,no
Han-na Chang,individual,663,22,20260724,43,154,0.75,no
Sungha Jung,individual,997,33,20260809,49,222,1.11,no
Kun-Woo Paik,individual,556,19,20260821,121,274,3.3,no
Ji Hyun-woo,individual,8253,275,20260726,356,1689,0.8,yes
Kwak Dong-yeon,individual,23031,768,20260725,1893,3556,0.38,yes
Park Sol-mi,individual,1374,46,20260821,77,339,0.88,no
Simon Jul,individual,232,8,20260814,18,62,1.22,no
Oh Jeong-suk,individual,38,1,20260731,4,8,0.73,no
Seong-Jin Cho,individual,3056,102,20260728,293,668,0.77,no
Kim Jin-hi,individual,201,7,20260812,17,34,1.03,no
Shin Daechul,individual,218,7,20260818,13,51,1.11,no
Young-Chang Cho,individual,78,3,20260804,12,16,1.07,no
Towa Tei,individual,9882,329,20260817,761,3583,1.41,no
Shi-Yeon Sung,individual,95,3,20260804,13,17,0.71,no
Soyoung Yoon,individual,450,15,20260727,24,100,0.9,no
Kim Duk-soo,individual,109,4,20260814,10,23,0.96,no
Sunwook Kim,individual,353,12,20260728,22,53,0.53,no
Lee Saengkang,individual,25,1,20260817,4,7,1.17,no
Yi Haegyeong,individual,994,33,20260806,74,231,1.58,no
Sang Won Park,individual,52,2,20260731,4,16,1.07,no
Soo Bae,individual,160,5,20260804,51,21,1.5,no
Su-a Lee,individual,109,4,20260816,9,30,1.03,no
The Black Skirts,individual,1252,42,20260724,63,280,0.88,no
Yung Wook Yoo,individual,95,3,20260805,9,24,1.85,no
Jin Bora,individual,78,3,20260729,7,21,0.91,no
Han Terra,individual,139,5,20260817,12,43,1.39,no
Kim Cheon-heung,individual,13,0,20260806,2,2,0.67,no
Jasmine Choi,individual,781,26,20260814,43,171,0.99,no
Jo Bok-rae,individual,9073,302,20260726,938,1109,0.28,yes
Kevin Kwan Loucks,individual,87,3,20260728,6,21,1.4,no
Mowg (composer),individual,434,14,20260817,22,110,1.21,no
Lim Ji-young,individual,170,6,20260731,12,35,0.95,no
Hyo-Won Woo,individual,82,3,20260816,10,31,1.72,no
JinJoo Lee,individual,5815,194,20260822,529,2000,2.05,no
Jiyeong Mun,individual,187,6,20260806,17,44,1.22,no
Soo Jung Ann,individual,57,2,20260724,4,16,1.78,no
Choi Nakta,individual,40,1,20260815,4,11,1.83,no
Yekwon Sunwoo,individual,475,16,20260816,26,109,1.12,no
Mid-Air Thief,individual,1339,45,20260724,63,356,1.09,no
Kim Dong-hee (actor),individual,2743,91,20260805,112,638,1.02,yes
Hiss (beatboxer),individual,277,9,20260814,18,87,1.81,no
Mikyung Sung,individual,176,6,20260802,10,41,1.02,no
Cho Su-Hwang,individual,48,2,20260729,4,10,0.91,no
LilyPichu,individual,35027,1168,20260806,8100,3801,1.42,no
Greg Chun,individual,5191,173,20260801,261,1170,1.07,no
Kim Joon-seok,individual,809,27,20260726,52,158,0.57,no
Jegal Sam,individual,63,2,20260819,10,21,1.62,no
Brokenteeth,individual,134,4,20260804,11,26,0.62,no
250 (musician),individual,897,30,20260724,44,194,0.73,no
Kirara (musician),individual,660,22,20260727,78,120,0.49,no
Kim Changhyun,individual,24,1,20260803,4,6,1.5,no
Kim Hea Kyung,individual,4467,149,20260727,221,1087,0.9,no
Younghi Pagh-Paan,individual,78,3,20260821,9,28,1.65,no
Lee Ha-na,individual,2689,90,20260817,124,697,1.12,no
Kenzie (songwriter),individual,3059,102,20260803,146,612,0.83,no
Ha Sebin,individual,27,1,20260820,3,8,1,no
Chan-hae Lee,individual,36,1,20260814,13,8,1.14,no
Okkyung Lee,individual,190,6,20260724,12,36,0.84,no
Sungji Hong,individual,52,2,20260808,5,12,0.92,no
Rainstone,individual,164,5,20260729,10,32,0.63,no
Hi Kyung Kim,individual,67,2,20260812,7,14,0.78,no
Insook Choi,individual,17,1,20260805,3,6,,no
Kyungsun Suh,individual,15,1,20260813,3,3,1,no
Oh Sook-ja,individual,17,1,20260727,2,3,0.5,no
Yoon Il-sang,individual,130,4,20260725,10,35,0.95,no
Young-ja Lee (composer),individual,44,2,20260727,4,5,0.42,no
Alan Heyman,individual,74,2,20260730,7,20,1.54,no
Djong Victorin Yu,individual,16,1,20260806,3,1,0.25,no
Lim Jun-hee,individual,19,1,20260725,3,3,0.3,no
DaeSeob Han,individual,17,1,20260809,4,4,0.8,no
Misfit (songwriter),individual,87,3,20260820,9,30,1.88,no
Young-hu Kim,individual,196,7,20260731,15,43,1.23,no
Hue Park,individual,1383,46,20260812,107,279,0.93,no
Shinsadong Tiger,individual,2018,67,20260820,329,874,2.5,no
Jeajoon Ryu,individual,32,1,20260724,3,7,0.7,no
Justine Ok,individual,29,1,20260814,3,9,1,no
Wuno,individual,371,12,20260821,24,107,1.06,no
Ryan S. Jhun,individual,1117,37,20260819,100,344,1.77,no
Jung Mina,individual,56,2,20260806,9,6,0.4,no
Pdogg,individual,3273,109,20260815,150,660,0.85,no
Raiden (DJ),individual,315,11,20260725,24,67,0.74,no
R.Tee,individual,672,22,20260820,36,202,1.58,no
Lee Hwi-min,individual,898,30,20260809,46,193,0.87,no
