name,kind,en_wikipedia_views_30d,daily_avg,peak_day,peak_day_views,views_last_7d,last7_vs_daily_avg
B.I.G,group,419,14,20260728,32,69,0.74
Madtown,group,503,17,20260805,48,176,1.74
Uniq (band),group,3115,104,20260717,137,743,1.07
Hotshot (band),group,578,19,20260725,31,135,1.13
VIXX LR,group,184,6,20260710,14,47,1.18
Romeo (band),group,276,9,20260726,20,69,1.53
HeartB,group,78,3,20260723,11,11,1
Snuper,group,285,10,20260801,16,79,1.34
MAP6 (band),group,256,9,20260720,18,46,0.71
Double S 301,group,303,10,20260710,16,72,0.88
Astro (South Korean band),group,9778,326,20260726,399,2261,0.97
Imfact,group,329,11,20260723,19,48,0.56
KNK (band),group,1078,36,20260716,67,286,1.42
NCT (group),group,21455,715,20260708,3075,3959,0.49
Big Brain,group,57,2,20260805,5,12,0.92
Drug Restaurant,group,668,22,20260711,35,139,0.84
A.cian,group,179,6,20260716,18,36,0.84
Boys Generally Asian,group,1378,46,20260806,413,592,2.75
SF9,group,4007,134,20260805,202,1182,1.42
Exo-CBX,group,1508,50,20260804,80,388,1.2
Got7,group,12424,414,20260803,572,3318,1.19
Pentagon (South Korean band),group,6104,203,20260721,489,1395,1.64
Voisper,group,68,2,20260713,5,15,0.88
BtoB Blue,group,203,7,20260716,14,39,0.95
Myteen,group,262,9,20260802,19,72,1.71
Honeyst,group,185,6,20260721,13,34,0.67
TST (band),group,450,15,20260712,51,66,0.31
The East Light,group,509,17,20260727,44,119,1.53
The Legend (band),group,160,5,20260715,12,35,0.95
Golden Child (band),group,2414,80,20260727,115,523,1.02
A.C.E (South Korean band),group,1715,57,20260714,77,409,0.94
VAV (band),group,618,21,20260715,35,124,0.77
Girls' Generation,group,39036,1301,20260805,1913,11067,1.34
4Minute,group,3915,131,20260709,178,838,0.86
Black Pearl (South Korean group),group,262,9,20260724,16,57,0.9
Stellar (group),group,1355,45,20260803,65,365,1.17
QBS (group),group,49,2,20260712,5,13,1.3
Bestie (group),group,1989,66,20260726,115,464,1.43
Super Junior,group,16237,541,20260721,648,3683,1.03
2Eyes,group,341,11,20260720,17,72,0.96
Wassup (group),group,712,24,20260716,48,115,0.71
Sunny Days (group),group,389,13,20260711,23,71,0.68
Melody Day (group),group,308,10,20260713,19,73,0.82
Bob Girls,group,242,8,20260708,14,52,0.78
Mamamoo,group,17223,574,20260731,915,4433,1.32
Red Velvet (group),group,30348,1012,20260803,2194,10726,1.92
4L (group),group,204,7,20260712,12,50,0.96
Badkiz,group,177,6,20260801,15,51,1.65
Laboum,group,1412,47,20260729,83,323,1
GWSN,group,1042,35,20260722,53,203,0.76
Gugudan SeMiNa,group,680,23,20260726,35,122,0.65
SS501,group,3105,104,20260730,138,671,0.87
The Boss (band),group,409,14,20260728,23,84,0.79
SG Wannabe,group,1169,39,20260726,55,265,0.97
Supreme Team (band),group,366,12,20260730,28,68,0.71
C-Clown,group,1095,37,20260709,48,241,0.87
Tasty (band),group,397,13,20260723,35,104,2.67
Speed (South Korean band),group,929,31,20260710,47,231,0.98
1TYM,group,1566,52,20260708,71,369,0.94
DMTN,group,587,20,20260714,37,122,0.82
BB Girls,group,6504,217,20260716,658,975,0.95
B1A4,group,3559,119,20260710,334,817,0.7
Jinusean,group,1902,63,20260709,172,461,0.83
Supernova (South Korean group),group,568,19,20260712,31,136,0.98
N-Train,group,155,5,20260712,10,38,0.93
Led Apple,group,382,13,20260730,29,85,1.01
F.Cuz,group,880,29,20260712,45,205,0.83
15&,group,1010,34,20260716,44,228,1
AOA (group),group,6786,226,20260727,290,1633,1.12
Skarf,group,844,28,20260801,98,274,1.97
Gangkiz,group,226,8,20260726,13,67,1.56
Fiestar,group,1022,34,20260731,52,268,1.08
Dal Shabet,group,1508,50,20260731,74,382,1.2
Chocolat (group),group,731,24,20260709,104,148,0.58
EXID,group,4302,143,20260723,185,941,0.9
Spica (group),group,914,30,20260714,55,186,0.8
C-REAL,group,184,6,20260720,13,35,0.8
Boys24,group,411,14,20260721,21,86,0.83
Stray Kids,group,58615,1954,20260726,3483,14865,1.22
DKZ,group,847,28,20260722,49,205,1.04
Wanna One,group,8170,272,20260726,320,2014,1.01
ONF (band),group,1430,48,20260714,83,355,0.87
JBJ (band),group,883,29,20260723,44,220,1.27
IZ (band),group,274,9,20260727,14,72,1.26
Seven O'Clock,group,180,6,20260804,13,55,1.62
Rainz,group,135,5,20260711,8,29,1.04
The Boyz (South Korean band),group,9213,307,20260806,3157,4279,3.24
Onewe,group,1203,40,20260716,68,310,1.24
Skye (group),group,376,13,20260805,24,85,1.02
TRCNG,group,356,12,20260710,19,82,1.01
NCT Dream,group,5565,186,20260708,387,1200,0.75
Target (South Korean band),group,111,4,20260721,9,25,0.83
Troy (band),group,146,5,20260801,11,37,1.19
UNB (group),group,1269,42,20260713,73,206,0.55
NTB (band),group,118,4,20260712,13,24,0.89
NCT 127,group,11439,381,20260708,1137,2952,0.98
D-Crunch,group,182,6,20260709,15,46,1.05
Kenta Sanggyun,group,173,6,20260724,15,38,1.12
Oneus,group,2357,79,20260730,114,608,1.13
Verivery,group,1337,45,20260727,88,299,1.19
Spectrum (group),group,1277,43,20260710,408,78,0.09
Treasure (band),group,7903,263,20260806,387,1861,0.97
1the9,group,541,18,20260713,26,130,1
D1ce,group,301,10,20260708,15,62,0.84
Vanner (band),group,570,19,20260729,66,120,1.1
AB6IX,group,1560,52,20260803,103,412,1.19
OnlyOneOf,group,1362,45,20260723,67,294,0.95
MustB,group,151,5,20260729,40,28,2.15
Exo-SC,group,556,19,20260802,32,149,1.54
SuperM,group,4150,138,20260802,187,1028,1.08
NCT U,group,2483,83,20260708,256,501,0.64
M.O.N.T,group,481,16,20260710,31,90,0.69
ENOi,group,157,5,20260711,10,24,0.49
DKB (band),group,1138,38,20260721,58,260,1.01
MCND,group,980,33,20260715,67,232,1.21
X1 (band),group,2832,94,20260714,170,573,0.8
Brown Eyed Girls,group,3566,119,20260711,169,812,0.9
Twice,group,54912,1830,20260714,5323,10076,0.62
Berry Good,group,674,22,20260708,44,140,0.69
Kara (South Korean group),group,14125,471,20260709,968,2721,0.54
Wonder Girls,group,12885,430,20260727,491,3058,1.05
2NE1,group,14041,468,20260717,607,3415,1.04
Vibe (South Korean band),group,222,7,20260719,15,71,1.42
Orange Caramel,group,2619,87,20260728,120,601,1
Lovelyz,group,2356,79,20260708,106,543,0.9
Sonamoo,group,670,22,20260806,34,163,1.16
4Ten,group,170,6,20260720,14,37,1.32
GFriend,group,6992,233,20260714,307,1672,0.98
CLC (group),group,5722,191,20260720,588,920,1.18
Oh My Girl,group,6220,207,20260801,277,1545,1.08
Blady,group,674,22,20260731,66,260,1.91
DIA (group),group,2269,76,20260713,97,476,0.85
April (girl group),group,1974,66,20260709,104,443,0.79
Playback (South Korean group),group,642,21,20260723,32,169,1.08
Unicorn (South Korean group),group,147,5,20260719,10,35,0.88
WJSN,group,10025,334,20260727,721,2873,1.57
MyB,group,176,6,20260714,24,35,0.66
2PM,group,15175,506,20260805,660,4122,1.13
Sistar,group,6539,218,20260723,400,1464,1.19
Year 7 Class 1,group,121,4,20260709,8,20,0.51
AOA Cream,group,282,9,20260803,17,72,1.16
I.O.I,group,20672,689,20260712,931,4002,0.65
AOA Black,group,559,19,20260728,27,134,1.07
Gugudan,group,3434,114,20260731,151,836,0.97
Ariaz,group,1150,38,20260714,104,204,0.58
Lip Service (group),group,110,4,20260725,9,22,0.96
Miss A,group,6451,215,20260717,281,1454,1.03
GP Basic,group,427,14,20260805,28,122,1.18
F(x) (group),group,9848,328,20260710,402,2415,1.03
After School (group),group,4972,166,20260714,213,1143,0.9
Apink,group,12776,426,20260726,918,3091,1.33
Secret (South Korean group),group,3670,122,20260709,197,719,0.7
Girls' Generation-TTS,group,1693,56,20260711,79,394,0.89
Crayon Pop,group,2088,70,20260708,235,346,0.42
Loona,group,14153,472,20260710,585,2964,0.86
Shinhwa,group,4986,166,20260801,200,1297,1.21
Ulala Session,group,427,14,20260712,25,80,0.84
Epik High,group,11394,380,20260804,1024,4924,2.19
TVXQ,group,11681,389,20260723,475,2591,1.02
NU'EST,group,4598,153,20260728,445,1054,1.14
Blackpink,group,105378,3513,20260731,5697,31618,1.46
Pristin,group,2042,68,20260714,91,485,0.96
I.B.I (group),group,419,14,20260715,25,90,1.01
CocoSori,group,314,10,20260727,19,79,0.95
D.Holic,group,172,6,20260714,9,39,1.03
Momoland,group,7522,251,20260708,335,1577,0.82
AtHeart,group,2736,91,20260710,135,567,0.76
Alice (group),group,918,31,20260806,60,216,0.84
Boyfriend (band),group,2407,80,20260802,140,790,1.79
100% (band),group,697,23,20260714,39,142,0.86
Cross Gene,group,757,25,20260716,37,170,0.96
JtL,group,631,21,20260726,37,121,0.83
Weki Meki,group,2688,90,20260727,141,557,0.84
P.O.P (group),group,135,5,20260723,10,19,0.66
Good Day (group),group,430,14,20260804,26,110,1.41
S.I.S (group),group,145,5,20260730,10,30,0.86
Favorite (group),group,317,11,20260721,21,72,1
Fromis 9,group,18953,632,20260721,1091,4106,1.23
HashTag (group),group,188,6,20260721,13,42,1.05
Busters (group),group,971,32,20260802,86,307,1.83
G.o.d,group,5447,182,20260711,363,1223,0.79
U-KISS,group,4989,166,20260709,319,897,0.56
CNBLUE,group,4564,152,20260708,202,1139,1.02
F.T. Island,group,4609,154,20260726,272,953,0.95
ZE:A,group,3582,119,20260708,146,824,0.92
JQT (group),group,836,28,20260801,65,301,1.89
F-ve Dolls,group,785,26,20260723,39,184,0.92
Puretty,group,790,26,20260708,47,206,0.9
Sugar (South Korean group),group,677,23,20260729,44,138,0.98
Rainbow (girl group),group,1358,45,20260709,65,308,0.87
Uni.T,group,721,24,20260711,36,179,0.95
LPG (South Korean group),group,250,8,20260731,19,65,1.2
Jewelry (group),group,1579,53,20260710,78,367,1.02
RaNia (band),group,30,1,20260715,3,5,0.42
Laysha,group,557,19,20260727,31,115,0.87
Honey Popcorn,group,14919,497,20260803,1112,3683,1.05
JYJ,group,2190,73,20260719,90,490,0.95
I-dle,group,26005,867,20260731,1526,6501,0.87
Pristin V,group,368,12,20260726,23,82,0.94
WJMK (group),group,219,7,20260719,16,56,1.17
NeonPunch,group,170,6,20260725,12,39,1
Infinite (band),group,3068,102,20260720,145,660,0.91
BTS,group,383622,12787,20260719,96360,66382,1.29
BtoB 4U,group,192,6,20260724,15,27,0.6
Mirae (band),group,1773,59,20260802,414,743,2.26
Ciipher,group,928,31,20260804,76,303,1.38
Hot Issue (group),group,431,14,20260804,23,111,1.01
The KingDom,group,478,16,20260712,39,99,0.79
Blitzers,group,1471,49,20260726,122,342,1.23
Omega X,group,2865,96,20260717,198,558,0.86
Just B,group,1615,54,20260711,70,367,0.93
M4M (band),group,215,7,20260708,41,30,0.37
NTX (group),group,1484,49,20260708,103,344,0.79
Luminous (group),group,386,13,20260713,21,76,0.78
Got the Beat,group,4485,150,20260805,229,1250,1.24
Tempest (South Korean band),group,1762,59,20260710,83,425,1.02
TAN (group),group,594,20,20260718,65,97,1.03
TNX (group),group,1691,56,20260713,94,387,0.88
Sweet Sorrow (band),group,114,4,20260801,12,40,2.35
Superkind,group,253,8,20260722,17,51,1.02
ATBO,group,472,16,20260724,24,104,1.04
Aimers (band),group,182,6,20260725,13,41,1.02
BXB (group),group,749,25,20260803,44,164,1.29
Zerobaseone,group,11369,379,20260713,482,2476,0.85
Lun8,group,6643,221,20260726,774,1662,3.34
Hori7on,group,1847,62,20260801,133,529,1.24
El7z Up,group,1396,47,20260712,68,336,1.11
One Pact,group,1809,60,20260723,100,531,2.07
Ampers&One,group,2746,92,20260716,125,602,0.84
Nexz,group,4960,165,20260712,238,1126,0.9
TWS (group),group,8370,279,20260804,358,2131,1.14
Hi-Fi Un!corn,group,370,12,20260725,33,84,0.87
All(H)Ours,group,2114,70,20260714,108,537,1.17
Dxmon,group,448,15,20260708,27,108,0.98
TIOT,group,526,18,20260804,41,193,2.01
B.D.U,group,688,23,20260730,45,167,1.14
F-iV,group,202,7,20260728,15,43,0.93
Noel (band),group,783,26,20260804,105,250,1.52
Lunafly,group,203,7,20260709,11,46,1.02
Every Single Day (band),group,120,4,20260712,9,27,0.9
Tritops,group,107,4,20260710,12,19,0.63
Touch (South Korean group),group,145,5,20260720,16,33,1.22
ARrC,group,1804,60,20260710,139,353,0.55
Polarix,group,27,1,20260714,5,4,0.4
Close Your Eyes (group),group,4445,148,20260725,233,888,0.77
KickFlip,group,4519,151,20260802,192,1148,1.13
LC9 (band),group,164,5,20260715,13,24,0.75
A-Prince,group,410,14,20260712,94,30,0.09
Seventeen (South Korean band),group,32001,1067,20260727,1590,6528,0.78
Mr.Mr (band),group,217,7,20260719,13,48,0.89
Winner (band),group,4611,154,20260708,207,1000,0.8
M.Pire,group,101,3,20260723,7,28,2
Be.A,group,351,12,20260718,21,65,0.62
Topp Dogg,group,718,24,20260715,45,179,1.15
N.Flying,group,2449,82,20260803,113,618,1
Toheart (band),group,405,14,20260723,44,81,1.37
Beatwin,group,123,4,20260724,10,26,0.67
Cortis,group,70756,2359,20260715,4197,21703,1.55
Highlight (band),group,5546,185,20260804,286,1459,1.12
Shinee,group,15864,529,20260802,614,3913,1.11
Nowz,group,1120,37,20260806,279,554,3.26
Idid (group),group,2464,82,20260708,105,525,0.86
Homme (duo),group,597,20,20260708,46,141,0.74
Alpha Drive One,group,9194,306,20260710,465,2051,0.88
Am8ic,group,182,6,20260724,25,43,1.65
24K+,group,531,18,20260726,85,114,1.23
Modyssey,group,3384,113,20260802,162,886,1.36
Aespa,group,49456,1649,20260803,6003,17313,1.84
STAYC,group,6691,223,20260731,607,2327,1.71
Tri.be,group,1618,54,20260730,75,356,0.95
Lightsum,group,3415,114,20260803,543,1468,2.32
BugAboo,group,537,18,20260713,25,121,0.85
Viviz,group,3999,133,20260804,202,997,1.05
Mimiirose,group,502,17,20260713,30,108,0.76
Madein,group,3547,118,20260805,193,935,1.24
TripleS,group,11870,396,20260708,467,2682,0.9
Mave:,group,1992,66,20260708,115,327,0.51
Fifty Fifty (group),group,14890,496,20260723,758,3424,1.17
Mamamoo+,group,1049,35,20260731,49,255,1.09
Kiss of Life (group),group,11129,371,20260804,766,3317,1.47
Primrose (group),group,525,18,20260708,42,83,0.44
Artms,group,9731,324,20260724,968,2313,1.31
Loossemble,group,3619,121,20260724,189,809,0.97
Illit,group,48136,1605,20260727,1975,10955,0.98
Everglow,group,6047,202,20260802,463,1852,1.51
Secret Number,group,3421,114,20260721,649,830,1.73
Unis (group),group,6249,208,20260716,317,1159,0.81
We Girls,group,133,5,20260712,10,25,0.69
BigBang (South Korean band),group,30963,1032,20260729,1552,7993,1.2
Oh!GG,group,1849,62,20260728,124,483,1.23
Iz*One,group,19337,645,20260714,851,4797,1.04
Nature (group),group,840,28,20260727,48,212,1.06
Celeb Five,group,499,17,20260730,29,145,1.32
Cherry Bullet,group,2689,90,20260805,154,707,1.22
Maywish,group,73,2,20260716,6,19,1.19
DreamNote,group,472,16,20260711,26,103,0.71
Fanatics (group),group,641,21,20260727,64,120,0.77
Itzy,group,16050,535,20260711,665,3424,0.8
Pink Fantasy,group,1577,53,20260804,86,402,0.93
Saturday (group),group,255,9,20260723,22,51,0.88
Bvndit,group,559,19,20260724,33,120,1.03
Purplebeck,group,116,4,20260803,9,25,0.78
Weeekly,group,2192,73,20260728,107,469,0.88
Girlkind,group,273,9,20260715,19,52,0.8
3YE,group,362,12,20260721,16,78,0.84
Rocket Punch,group,1649,55,20260806,159,417,1.12
Hinapia,group,292,10,20260728,19,69,0.97
Cignature,group,1353,45,20260724,65,308,1.14
MINX (band),group,26,1,20260722,8,7,0.78
Wooah,group,2302,77,20260713,230,407,0.54
Redsquare,group,144,5,20260710,10,32,0.82
Purple Kiss,group,2263,75,20260728,117,502,0.87
Pixy (group),group,2122,71,20260723,107,565,1.31
Block B,group,8210,274,20260708,400,1623,0.74
BoyNextDoor,group,10418,347,20260725,437,2491,1.08
Xodiac (band),group,780,26,20260715,42,145,0.7
Fantasy Boys (group),group,1240,41,20260731,88,352,1.36
Young Posse,group,2947,98,20260713,200,529,0.62
Waker,group,332,11,20260714,20,72,0.81
AxMxP,group,1300,43,20260712,62,351,1.09
Nine Muses (group),group,2479,83,20260712,108,592,0.95
The Wind (band),group,928,49,20260729,112,511,4.26
GI (group),group,211,7,20260714,13,47,1.07
Kim Heechul & Kim Jungmo,group,414,14,20260720,22,120,1.43
Enhypen,group,45321,1511,20260806,3650,11885,1.09
TO1,group,992,33,20260727,46,241,1.06
Ladies' Code,group,7161,239,20260712,326,1343,0.68
T-ara N4,group,412,14,20260724,28,118,1.76
Tahiti (group),group,1005,34,20260805,57,238,0.99
J-Walk,group,196,7,20260718,14,34,0.74
The SeeYa,group,429,14,20260731,23,110,1.06
VIXX,group,3414,114,20260728,151,747,0.88
4Men,group,528,18,20260801,38,146,1.34
AlphaBat,group,191,6,20260713,14,35,0.65
Boys Republic (band),group,456,15,20260720,32,94,0.93
Flower (South Korean band),group,67,2,20260801,7,22,1.38
N-Sonic,group,272,9,20260725,19,57,1.04
2000 Won,group,99,3,20260723,12,12,0.46
JJCC,group,722,24,20260806,234,326,2.41
5urprise,group,3280,109,20260716,431,632,0.88
High4,group,259,9,20260719,19,55,0.83
HALO (South Korean group),group,291,10,20260719,13,59,0.86
IKon,group,8456,282,20260726,507,1885,1.02
Bigflo,group,343,11,20260714,40,68,0.56
Infinite F,group,219,7,20260801,13,47,0.9
Super Junior-T,group,597,20,20260805,32,167,1.64
Cleo (group),group,364,12,20260719,18,86,1.32
5tion,group,278,9,20260804,21,91,2.17
Apeace,group,260,9,20260708,20,68,0.87
Baby Vox Re.V,group,336,11,20260722,26,61,0.8
A-Jax (band),group,419,14,20260719,28,95,0.95
10cm (band),group,2655,89,20260720,213,577,1.05
T-ara,group,11119,371,20260802,601,3122,1.35
Papaya (group),group,354,12,20260711,18,86,0.97
SM the Ballad,group,758,25,20260720,41,189,1.11
EXO-M,group,49,2,20260801,7,15,1.5
2AM (band),group,4317,144,20260726,175,1012,1.05
MBLAQ,group,2262,75,20260804,118,616,1.22
Click-B,group,1809,60,20260711,157,356,0.55
D-Unit,group,360,12,20260723,23,84,0.99
Sistar19,group,1502,50,20260723,132,294,1.11
AA (band),group,320,11,20260716,17,67,0.91
Shu-I,group,86,3,20260724,7,14,0.61
EvoL,group,430,14,20260723,31,108,1.17
Infinite H,group,203,7,20260722,14,30,0.65
Gavy NJ,group,750,25,20260713,69,156,0.75
Chakra (group),group,715,24,20260719,40,144,0.81
Shinvi,group,398,13,20260806,22,114,1.48
Untouchable (band),group,118,4,20260717,9,30,1.25
NRG (South Korean band),group,698,23,20260713,37,158,1.05
Battle (South Korean band),group,164,5,20260708,9,34,0.87
Sechs Kies,group,2988,100,20260730,216,670,1.1
K-pop (band),group,881,29,20260725,69,145,0.85
Luv (group),group,404,13,20260722,22,74,0.79
Glam (group),group,3589,120,20260804,214,855,0.93
Super Junior-H,group,428,14,20260726,22,98,1.04
Super Junior-M,group,2198,73,20260802,96,527,1.07
One Way (South Korean band),group,162,5,20260716,9,32,0.78
Paran (band),group,182,6,20260719,11,43,1.19
Big Star (South Korean band),group,441,15,20260708,30,77,0.61
She'z,group,129,4,20260804,13,38,1.31
T-max,group,390,13,20260730,22,86,1.26
Tiny-G,group,583,19,20260728,74,113,1.1
Two X,group,252,8,20260804,17,73,1.24
UNVS,group,138,5,20260714,12,29,0.83
Cravity,group,3062,102,20260726,141,675,0.99
Argon (band),group,160,5,20260728,23,35,1.09
E'Last,group,601,20,20260712,33,115,0.64
RabidAnce,group,51,2,20260718,4,11,1
SSAK3,group,986,33,20260723,51,212,0.91
Ghost9,group,7441,248,20260714,1296,1052,0.41
Daily:Direction,group,1103,37,20260713,74,207,0.76
Trainee A,group,3391,113,20260804,158,876,1.19
And2ble,group,8759,292,20260731,406,2002,0.91
Flare U,group,1789,60,20260714,99,398,0.88
Soul People (band),group,58,3,20260713,19,6,0.14
Kangta & Vanness,group,593,20,20260708,40,144,0.78
Exo,group,26610,887,20260726,1123,6231,1.03
Rolling Quartz,group,2654,88,20260806,105,599,1.01
TFN (group),group,375,13,20260805,23,123,1.92
Ive (group),group,33374,1112,20260727,2146,8207,1.47
Younite,group,914,30,20260715,46,213,1
H1-Key,group,3567,119,20260731,249,1101,1.64
Isegye Idol,group,333,11,20260727,34,65,0.84
Lapillus (group),group,2418,81,20260801,124,565,1
Irris,group,328,11,20260712,19,72,0.88
NewJeans,group,65745,2192,20260722,8569,9645,0.84
CSR (group),group,890,30,20260727,121,203,1.05
Mighty Mouth,group,428,14,20260709,28,80,0.67
X:IN,group,4044,135,20260728,217,1186,1.73
Busker Busker,group,580,19,20260708,31,120,0.8
Jannabi (band),group,2091,70,20260714,134,425,0.65
Baby Vox,group,3192,106,20260722,148,694,0.83
BtoB (band),group,8322,277,20260725,689,1564,0.95
S.E.S. (group),group,4074,136,20260806,212,1030,1.22
M.I.B (band),group,995,33,20260728,60,225,0.94
Jaurim,group,986,33,20260718,110,203,1.4
Sinawe,group,631,21,20260708,37,156,0.84
Clazziquai Project,group,506,17,20260724,37,107,1.1
Girl's Day,group,7573,252,20260714,335,1611,0.86
We Are The Night (band),group,125,4,20260731,9,38,2.24
Ahn Trio,group,175,6,20260718,16,25,0.5
BAE173,group,1302,43,20260714,215,238,0.58
Nemesis (South Korean band),group,87,3,20260711,6,13,0.65
Super Junior-K.R.Y.,group,507,17,20260719,24,112,0.96
Vanilla Unity,group,61,2,20260715,7,11,0.5
Brown Eyes (band),group,431,14,20260730,25,103,1.18
Oathean,group,81,3,20260805,7,20,1.25
Sunny Hill,group,857,29,20260724,53,205,1.15
Billlie,group,5943,198,20260711,306,1303,0.81
Kep1er,group,9607,320,20260730,453,2244,1.18
Ichillin',group,1116,37,20260712,74,333,1.09
Nmixx,group,14925,498,20260726,603,3300,0.94
Craxy,group,302,10,20260723,17,74,0.97
ILY:1,group,650,22,20260712,34,138,0.84
Classy (group),group,3137,105,20260714,174,599,0.67
Le Sserafim,group,62522,2084,20260712,2686,13076,0.76
Rescene,group,42713,1424,20260709,3903,4960,0.27
VVUP,group,944,31,20260725,92,187,0.87
Candy Shop (group),group,1096,37,20260724,65,234,0.87
Izna,group,9367,312,20260710,418,1989,0.79
Meovv,group,21200,707,20260709,939,4601,0.81
Ablume,group,2043,68,20260723,90,434,0.91
Hearts2Hearts,group,26238,875,20260709,1172,5885,0.85
KiiiKiii,group,9287,310,20260723,501,2682,1.57
Seo Taiji and Boys,group,5839,195,20260708,368,1431,0.96
H.O.T.,group,5014,167,20260801,208,1233,1.05
Teen Top,group,2697,90,20260708,131,548,0.85
Guckkasten,group,223,7,20260806,14,72,1.85
Big Mama (group),group,1547,52,20260711,78,382,1
B.A.P (South Korean band),group,3826,128,20260731,249,953,1.13
Nell (band),group,895,30,20260708,57,184,0.8
Coed School,group,960,32,20260723,53,240,1.05
Fly to the Sky,group,1570,52,20260806,145,489,1.56
The Grace (group),group,1357,45,20260723,62,327,1.03
Fin.K.L,group,3595,120,20260718,153,763,0.81
YB (band),group,1221,41,20260708,65,320,1.14
Cherry Filter,group,443,15,20260717,21,101,0.9
Milk (South Korean group),group,1591,53,20260721,71,354,0.96
SM Town,group,3571,119,20260709,150,933,1.06
Drunken Tiger,group,993,33,20260722,55,272,1.28
Koyote,group,1287,43,20260804,61,346,1.25
Myname,group,999,33,20260719,58,235,1.11
TRAX (band),group,941,31,20260717,47,187,0.95
Kiss (South Korean group),group,885,30,20260708,47,187,0.89
Koreana (band),group,404,13,20260729,21,82,0.83
Hello Venus,group,2010,67,20260726,94,438,0.97
Bulldog Mansion,group,89,3,20260716,6,22,1.1
SeeYa,group,2732,91,20260806,148,850,1.35
Turtles (South Korean band),group,451,15,20260710,26,85,0.75
Boohwal,group,648,22,20260711,49,108,0.56
Crash (South Korean band),group,266,9,20260804,16,82,1.86
Loveholics,group,472,16,20260722,28,115,1.12
DJ DOC,group,680,23,20260720,34,152,1.14
The Jadu,group,189,6,20260717,16,37,1.09
Deux (band),group,2780,93,20260708,211,551,0.66
Monday Kiz (band),group,608,20,20260715,39,110,0.59
Roo'ra,group,1532,51,20260713,154,320,0.67
Typhoon (South Korean band),group,118,4,20260801,12,27,0.82
Onnine Ibalgwan,group,117,4,20260708,9,23,0.79
Brown Eyed Soul (band),group,567,19,20260724,41,129,1.02
Sharp (South Korean band),group,1286,43,20260806,71,327,1.02
NEXT (South Korean band),group,349,12,20260731,21,91,0.98
HITGS,group,709,24,20260731,38,184,1.03
Baby Dont Cry,group,3313,110,20260710,143,747,0.9
Latency (band),group,2406,80,20260720,118,545,0.9
Unchild,group,6516,217,20260709,305,1414,0.81
Apollo 18 (band),group,94,3,20260712,7,22,0.85
As One (musical duo),group,1003,33,20260806,61,268,1.4
Bluedawn,group,56,2,20260730,6,13,1
Broken Valentine,group,102,3,20260805,11,50,1.92
Buzz (band),group,531,18,20260723,32,132,1.14
Chung Trio,group,73,2,20260713,6,19,1
Crying Nut,group,544,18,20260726,38,125,1.23
Dana & Sunday,group,12,1,20260710,3,3,0.43
Dynamic Duo (South Korean duo),group,2056,69,20260803,108,516,1.08
Eve (South Korean band),group,171,6,20260803,12,54,1.59
Garion (band),group,136,5,20260805,12,49,1.88
Glen Check (band),group,529,18,20260716,29,116,0.87
Goofy (band),group,165,6,20260719,11,43,1.48
Marronnier (group),group,55,2,20260723,7,10,0.91
Rubber Duckie (band),group,26,1,20260719,3,4,0.57
Korea National Opera,group,26,1,20260711,3,4,0.5
Lady (group),group,807,27,20260801,37,204,1.15
M.C the Max,group,857,29,20260719,51,190,1.2
Mystic Puzzle,group,18,1,20260715,3,6,1
Oh! Brothers,group,31,1,20260716,3,7,1.4
Peppertones,group,469,16,20260731,36,124,1.38
Rude Paper,group,29,1,20260709,3,10,1.11
Rumble Fish (band),group,122,4,20260804,14,40,1.43
Sorea Band,group,60,2,20260709,9,9,0.53
S (South Korean band),group,199,7,20260719,15,49,1.07
Sanulrim,group,1104,37,20260722,76,247,0.93
Phantom (band),group,311,10,20260714,18,61,0.82
Pia (band),group,218,7,20260716,14,49,0.96
R.ef,group,292,10,20260802,35,144,3.89
Super Junior-D&E,group,879,29,20260802,76,295,1.77
T.T.Ma,group,253,8,20260710,85,34,0.28
Yurisangja,group,122,4,20260801,13,41,1.32
The RockTigers,group,80,3,20260722,11,20,1.33
Norazo,group,378,13,20260714,23,77,0.87
Toy (South Korean band),group,250,8,20260725,15,47,0.84
Turbo (South Korean band),group,1799,60,20260713,198,345,0.64
Vassline,group,85,3,20260711,11,18,0.75
Vodka Rain,group,22,1,20260721,3,6,1
3rd Line Butterfly,group,99,3,20260728,15,21,1.4
The Blue (musical duo),group,283,9,20260727,16,78,1.18
No Brain,group,1236,41,20260722,301,128,2.37
Baechigi,group,139,5,20260803,15,43,1.59
Black Beat,group,654,22,20260724,144,108,1.03
Sobangcha,group,837,28,20260804,330,566,7.97
Kiha & The Faces,group,554,18,20260806,286,339,4.46
Autumn Vacation,group,53,2,20260723,5,8,0.67
015B,group,372,12,20260727,24,102,1.44
V.O.S (band),group,421,14,20260718,39,67,0.84
Galaxy Express (band),group,105,4,20260716,12,30,1.76
Gate Flowers,group,29,1,20260716,3,9,2.25
Geeks (musical duo),group,207,7,20260806,14,66,1.57
Goonamguayeoridingstella,group,17,1,20260719,2,8,1.14
No Respect for Beauty,group,28,1,20260716,3,4,0.57
Noizegarden,group,68,2,20260802,8,24,1.71
Daybreak (band),group,379,13,20260710,26,87,0.7
Delispice,group,510,17,20260805,96,199,2.65
Deulgukhwa,group,231,8,20260714,24,49,0.61
Second Moon,group,65,2,20260728,13,15,1.15
DickPunks,group,249,8,20260806,14,66,0.97
Loro's,group,44,1,20260721,6,5,1.67
Maytree (band),group,1277,43,20260718,118,211,0.57
Mot (band),group,87,3,20260710,9,16,0.73
My Aunt Mary,group,38,1,20260713,4,14,1.56
Rhythm Power,group,179,6,20260723,17,39,0.95
Romantic Punch,group,64,2,20260716,6,17,1.13
Bamseom Pirates,group,65,2,20260716,6,21,1.5
Rux,group,203,7,20260724,18,42,1
"Broccoli, You Too?",group,135,5,20260718,19,26,0.96
Idiotape,group,725,24,20260731,52,219,1.51
Wanted (band),group,183,6,20260711,15,33,0.6
Eastern Sidekick,group,37,1,20260709,3,12,1.33
Jazzyfact,group,103,3,20260727,8,22,0.92
Can (duo),group,121,4,20260708,11,21,0.75
The Koxx,group,369,12,20260716,22,76,1
Songgolmae,group,139,5,20260716,11,23,1.1
Soran (band),group,340,11,20260727,26,100,1.39
Shinchireem,group,193,6,20260711,14,42,0.72
Standing Egg,group,266,9,20260718,16,79,1.93
Sultan of the Disco,group,474,16,20260803,43,157,2.01
Achime,group,38,1,20260722,4,9,1.5
Epitone Project,group,84,3,20260726,7,18,1.5
M. Street,group,60,2,20260709,4,16,1.33
Urban Zakapa,group,732,24,20260708,41,169,0.86
Yaya Kim,group,69,2,20260717,5,12,0.75
Rooftop Moonlight,group,112,4,20260717,8,26,1.37
Young Turks Club,group,380,13,20260731,20,93,1.15
Cool (band),group,795,27,20260728,40,176,0.94
Page (South Korean band),group,36,1,20260717,6,6,0.67
Tin Tin Five,group,164,5,20260719,13,51,1.42
Two Two,group,320,11,20260710,22,80,0.9
Smacksoft,group,31,1,20260712,6,9,0.82
SVGV,group,32,1,20260717,5,7,0.78
Togeworl,group,399,13,20260719,69,53,0.75
Noeazy,group,50,2,20260721,6,13,1.63
Bye Bye Badman (band),group,111,4,20260709,8,26,0.9
Ibadi (band),group,42,2,20260708,5,17,1.42
Monni (band),group,215,7,20260725,22,47,1.09
Seoul Electric Band,group,50,2,20260711,6,13,0.93
Walking After U,group,74,2,20260803,12,27,3.38
Wonder Boyz,group,129,4,20260713,8,16,0.48
Kingston Rudieska,group,81,3,20260718,7,26,1.44
Messgram,group,97,3,20260723,11,29,2.23
Bom Yeoreum Gaeul Kyeoul,group,73,2,20260724,8,22,1.69
History (band),group,604,20,20260708,36,124,0.7
SM The Performance,group,108,4,20260718,7,29,1.71
Swingz,group,17,1,20260709,2,1,0.25
Arie Band,group,53,2,20260806,7,14,1.56
The Geeks (band),group,253,8,20260801,30,88,1.73
Bohemian (band),group,90,3,20260723,7,23,1.28
SM Rookies,group,1510,50,20260805,74,384,1.1
Nasty Nasty (band),group,164,5,20260713,11,44,1.16
Skasucks,group,60,2,20260727,5,14,1.17
Almeng,group,57,2,20260714,6,12,0.8
The Barberettes,group,381,13,20260712,22,101,1.05
Jambinai,group,538,18,20260715,102,79,0.72
Monsta X,group,12862,429,20260726,508,3098,1.16
MFBTY,group,659,22,20260801,40,182,1.25
Running Man Brothers,group,191,6,20260714,13,44,0.96
Hyukoh,group,2220,74,20260724,193,443,1.04
Dreamcatcher (group),group,7238,241,20260718,390,1619,1.08
Cheeze (band),group,264,9,20260717,17,56,0.95
Danpyunsun and the Sailors,group,34,1,20260710,6,6,0.5
Bursters,group,145,5,20260710,10,30,0.7
Day6,group,6942,231,20260806,341,1816,1.22
Up10tion,group,1156,39,20260708,93,223,0.7
OnePiece (music production team),group,224,7,20260730,20,64,1.83
The Solutions,group,109,4,20260719,10,20,0.63
Thornapple (band),group,290,10,20260731,18,70,1.04
Triple H (band),group,754,25,20260731,36,206,1.34
Lucky J,group,466,16,20260726,29,111,1.1
Vromance,group,212,7,20260722,13,39,0.8
Nine Muses A,group,159,5,20260723,11,32,1.23
Triple T (musical group),group,18,1,20260715,2,6,1.2
BOL4,group,2019,67,20260730,147,506,1.38
Victon,group,1256,42,20260715,54,290,0.98
Bastarz,group,755,25,20260710,40,116,0.5
Kard (group),group,16436,548,20260730,1278,4744,1.08
MeloMance,group,1385,46,20260715,69,368,1.21
South Club,group,160,5,20260726,13,36,1.06
3Racha,group,1307,44,20260727,68,336,1.23
Noir (band),group,143,5,20260731,11,37,1.23
Forestella,group,7893,263,20260722,380,1985,1.52
Longguo & Shihyun,group,151,5,20260712,12,28,0.68
MVP (South Korean band),group,90,3,20260726,15,18,1.2
Hyeongseop X Euiwoong,group,394,13,20260709,24,106,1.08
SsingSsing,group,2558,85,20260718,152,612,2.06
Drinking Boys and Girls Choir,group,160,5,20260806,16,49,1.48
Jang Deok Cheol,group,71,2,20260720,10,14,1.4
Forte di Quattro,group,267,9,20260805,19,74,1.54
Miraclass,group,200,7,20260712,38,44,0.72
NU'EST W,group,491,16,20260728,37,133,1.25
Off On Off,group,423,14,20260724,27,105,1.24
Street Guns,group,34,1,20260714,3,5,0.63
Say Sue Me,group,354,12,20260708,28,76,0.64
Duetto (duo),group,104,3,20260718,7,21,0.81
The Rose (band),group,6848,228,20260728,322,1595,0.9
End These Days,group,74,2,20260718,8,7,0.44
RGP (duo),group,205,7,20260710,15,44,0.85
Varsity (group),group,131,4,20260724,9,21,0.66
One Day (South Korean band),group,956,32,20260728,57,273,1.48
14U,group,144,5,20260715,10,32,0.86
A Train To Autumn,group,88,3,20260729,6,23,1.77
Ateez,group,58783,1959,20260708,2699,12680,0.77
Tomorrow X Together,group,24617,821,20260805,1370,6302,1.09
Bandage (band),group,139,5,20260719,8,30,1.07
WEi,group,1524,51,20260714,67,363,1.05
Blackswan,group,4449,148,20260728,216,1062,1.08
Lunarsolar,group,281,9,20260727,18,77,1.24
1Team,group,296,10,20260725,18,57,0.97
CIX (band),group,2003,67,20260714,86,467,0.9
Newkidd,group,381,13,20260723,25,77,0.99
We in the Zone,group,180,6,20260709,19,42,0.78
Hippy Was Gipsy,group,26,1,20260716,4,5,0.63
HNB (band),group,122,4,20260709,10,20,0.45
Madmans Esprit,group,1123,37,20260724,55,230,1
Adoy,group,247,8,20260709,14,56,0.79
Hoppipolla (band),group,427,14,20260726,24,75,0.69
Purple Rain (band),group,153,5,20260708,14,31,0.57
Red Velvet – Irene & Seulgi,group,1576,53,20260803,71,423,1.16
BDC (group),group,381,13,20260708,29,90,0.91
Teen Teen,group,245,8,20260714,21,46,0.66
GreatGuys,group,191,6,20260711,13,35,0.63
Se So Neon,group,952,32,20260708,45,198,0.8
La Poem,group,428,14,20260711,27,70,0.64
Moonbin & Sanha,group,762,25,20260726,33,170,0.9
U-BeS,group,119,4,20260719,12,29,1.26
W24 (band),group,347,12,20260715,30,63,0.78
Drippin,group,1270,42,20260727,91,260,0.84
P1Harmony,group,6228,208,20260716,249,1392,0.98
HarryBigButton,group,34,1,20260716,4,11,1.38
Universe Cowards,group,106,4,20260717,7,22,1.1
Refund Sisters,group,1906,64,20260717,98,435,1.12
Lucy (South Korean band),group,1516,51,20260804,91,378,1.07
Epex,group,1144,38,20260729,107,241,1.05
Day6 (Even of Day),group,612,20,20260714,34,148,0.99
MSG Wannabe,group,2265,76,20260718,301,635,2.39
Leenalchi,group,1807,60,20260712,203,270,0.36
Homies (musical group),group,144,5,20260710,8,38,1.09
Jinjin & Rocky,group,228,8,20260721,15,53,1.02
Trendz (group),group,893,30,20260708,66,141,0.5
Xdinary Heroes,group,4754,158,20260724,192,1119,1.06
Nerd Connection,group,470,16,20260712,24,88,0.69
Eternity (group),group,286,10,20260708,21,61,0.76
8Turn,group,1791,60,20260724,98,458,1.78
Xikers,group,3610,120,20260714,150,772,0.82
Cotoba,group,125,4,20260710,9,27,0.82
Moskva Surfing Club,group,26,1,20260715,4,3,0.43
NCT DoJaeJung,group,1252,42,20260708,109,276,0.7
Blank2y,group,1153,38,20260724,75,165,0.64
Hickey (Chinese girl group),group,101,3,20260711,8,26,0.87
Acid Angel from Asia,group,632,21,20260724,35,148,1.09
Babymonster,group,37936,1265,20260708,1544,9075,0.92
Krystal Eyes,group,257,9,20260722,15,55,0.9
Golden Girls (girl group),group,324,11,20260728,23,87,1.24
NOMAD (group),group,476,16,20260803,27,130,1.3
Geenius,group,585,20,20260713,41,106,0.63
Plave,group,3735,125,20260724,200,835,1.08
Byul.org,group,73,3,20260802,9,25,2.08
N.SSign,group,411,14,20260723,26,105,1.14
Shownu X Hyungwon,group,617,21,20260725,37,125,0.83
Super Junior-L.S.S.,group,431,14,20260713,21,93,0.82
Riize,group,11132,371,20260725,543,2603,1.03
Evnne,group,2424,81,20260716,104,562,0.98
Green Flame Boys,group,103,4,20260718,11,25,1.47
Crezl,group,128,4,20260804,10,37,1.12
Dabda,group,147,5,20260717,11,42,1.68
Slant (band),group,224,7,20260728,16,44,0.88
Silica Gel (band),group,1138,38,20260717,158,180,0.86
Haepaary,group,37,1,20260708,8,9,0.5
NCT Wish,group,6512,217,20260802,364,1641,0.96
Decadent (band),group,1412,47,20260710,1045,16,0.01
Pakk,group,42,2,20260716,5,17,1.31
Wings of the Isang,group,33,1,20260723,5,2,0.17
Pow (band),group,1154,38,20260806,61,305,1.27
Cadejo (band),group,74,2,20260725,7,17,1.31
Zeonpasa,group,39,1,20260716,4,8,1.33
The Monotones (South Korean band),group,37,1,20260716,6,9,3
Hollow Jan,group,142,5,20260805,17,55,2.75
Wave to Earth,group,4231,141,20260806,194,1077,1.1
Kuang Program,group,31,1,20260718,6,11,1.38
Zzzaam,group,139,5,20260713,13,43,1
Bongjeingan,group,234,8,20260708,37,61,0.91
TRPP (band),group,107,4,20260719,11,27,1.93
Parasol (band),group,78,3,20260708,11,14,0.54
Seaweed Mustache,group,101,3,20260717,7,17,0.81
Sunkyeol,group,34,1,20260722,6,8,1
The Freaks (band),group,30,1,20260713,4,8,0.8
Yangbans,group,84,3,20260728,6,16,0.67
Legit Goons,group,79,3,20260727,7,17,1
Bahngbek,group,15,1,20260710,3,4,0.67
Hathaw9y,group,102,3,20260723,8,15,0.52
Nastyona,group,866,29,20260728,41,193,0.88
QWER,group,6778,226,20260708,368,1334,0.65
Big Ocean,group,3509,117,20260724,324,731,0.89
82Major,group,1989,66,20260712,181,444,0.69
Badvillain,group,2791,93,20260709,241,570,0.54
Waterfire (band),group,385,13,20260713,22,92,1
Newbeat,group,742,25,20260725,139,192,1.73
Electron Sheep,group,82,3,20260721,13,17,1.31
AllDay Project,group,11547,385,20260728,628,2678,1.07
Sailor Honeymoon,group,386,13,20260805,39,154,2.41
Wah Wah Wah,group,236,8,20260723,15,48,0.81
AHOF,group,9962,332,20260726,738,1496,0.64
Say My Name (group),group,4740,158,20260713,200,1116,0.96
Mytro,group,541,18,20260802,29,146,1.25
Sevenus,group,161,5,20260727,13,36,1.5
Xlov,group,20596,687,20260730,1738,6041,1.22
Nouera,group,1763,59,20260805,180,704,2.82
1Verse,group,2616,87,20260723,243,510,1.19
Isak N Jiyeon,group,412,14,20260714,21,102,1.16
Stony Skunk,group,395,13,20260709,24,98,1.03
JJ Project,group,842,28,20260714,41,171,0.8
Davichi,group,2932,98,20260713,123,745,1.11
Girl Friends (group),group,161,5,20260725,11,29,0.76
Leessang,group,859,29,20260803,44,226,1.27
Clon (duo),group,628,21,20260710,43,114,0.63
Trouble Maker (duo),group,2843,95,20260717,247,546,1.34
Fat Hamster & Kang New,group,99,3,20260802,11,42,2
Tengger (band),group,76,3,20260717,8,21,1.75
Hypnosis Therapy,group,113,4,20260720,11,19,0.58
Lngshot,group,13219,441,20260725,630,2775,0.84
18Fevers,group,122,4,20260806,15,56,3.73
Ureuk and the Gypsies,group,47,2,20260727,7,15,3.75
Snake Chicken Soup,group,31,1,20260715,5,7,0.7
Kontrajelly,group,21,1,20260712,3,6,1
Gawthrop (band),group,17,1,20260711,2,7,1.4
Bulgogi Disco,group,35,1,20260729,4,10,1.43
Hooni Yongi,group,65,2,20260717,6,12,1.09
JX (duo),group,992,33,20260727,54,260,1.27
Hoshi X Woozi,group,937,31,20260714,44,193,0.77
Salamanda (band),group,95,3,20260804,12,33,2.36
Dodree,group,6373,212,20260708,456,966,0.43
Jeonghan X Wonwoo,group,660,22,20260803,35,148,0.8
Idntt,group,7667,256,20260714,563,1259,0.68
AKMU,group,4031,134,20260726,165,893,0.98
2Yoon,group,321,11,20260723,17,82,1.06
Route 0 (group),group,607,20,20260730,35,141,1.06
Hyungdon and Daejun,group,46,2,20260716,5,12,0.86
2BiC,group,91,3,20260711,8,25,0.89
December (duo),group,131,4,20260805,13,33,1.18
Lucite Tokki,group,31,1,20260720,5,10,2.5
Miss S,group,227,8,20260717,14,44,0.75
UN (band),group,381,13,20260731,22,96,1.02
Wink (South Korean group),group,85,3,20260711,12,14,0.54
J Rabbit,group,137,5,20260714,8,38,1.36
2NB,group,335,11,20260708,19,78,0.95
Eluphant,group,88,3,20260717,6,20,0.87
Mimi Sisters,group,55,2,20260806,11,20,2.86
Mukimukimanmansu,group,134,4,20260712,17,34,0.77
Wings (duo),group,126,4,20260727,11,33,1.74
Hi Suhyun,group,414,14,20260714,22,115,1.29
Love X Stereo,group,59,2,20260715,6,13,1.86
Rubber Soul (group),group,96,3,20260803,7,26,1.08
1Punch,group,450,15,20260710,24,103,0.99
GD X Taeyang,group,634,21,20260802,32,166,1.27
B.O.Y,group,301,10,20260720,17,52,0.63
GD & TOP,group,1000,33,20260714,53,257,1.04
Seenroot,group,78,3,20260806,9,20,1.18
Mind U,group,120,4,20260716,11,24,0.83
MXM (musical duo),group,442,15,20260720,44,79,1.11
GroovyRoom,group,852,28,20260717,103,149,0.64
XXX (group),group,7400,247,20260725,391,1472,1.04
Jus2,group,450,15,20260803,27,117,1.15
Wooseok x Kuanlin,group,283,9,20260716,19,49,0.54
H&D,group,173,6,20260713,12,47,0.92
Diva (South Korean group),group,446,15,20260804,31,129,1.39
Loona 1/3,group,860,29,20260724,37,209,1.11
Odd Eye Circle,group,2221,74,20260727,109,503,1.02
BSS (band),group,2285,76,20260712,127,487,0.81
IU (entertainer),individual,74413,2480,20260710,10584,14823,0.52
Tablo,individual,19765,659,20260804,1743,8121,2.41
Taemin,individual,12747,425,20260802,1201,4220,1.86
Choi Si-won,individual,11676,389,20260708,496,2602,0.89
Lee Donghae,individual,4248,142,20260802,214,1190,1.37
Jung Yong-hwa,individual,6254,208,20260710,238,1477,0.97
Psy,individual,29926,998,20260715,1383,6934,1.13
Huh Gak,individual,982,33,20260711,44,202,0.83
BoA,individual,15834,528,20260728,621,3729,1.04
Yunjin Kim,individual,18478,616,20260712,778,4040,0.81
Lee Hi,individual,3984,133,20260805,201,1099,1.39
Jang Keun-suk,individual,7601,253,20260804,308,1870,0.99
Ha Ji-won,individual,15958,532,20260726,717,3510,0.97
DJ Tukutz,individual,4752,158,20260804,396,1981,1.71
Lee Jung-hyun,individual,5341,178,20260726,258,1354,1.14
Uhm Jung-hwa,individual,11739,391,20260712,624,2421,0.7
Kwon Yu-ri,individual,11731,391,20260731,859,3385,1.32
Kim Kyung-ho,individual,429,14,20260714,28,80,0.65
Lee Si-yeon,individual,492,16,20260722,30,118,1.11
Raina (singer),individual,1633,54,20260708,78,385,0.95
Yoo So-young,individual,1126,38,20260714,59,228,0.78
Patti Kim (singer),individual,706,24,20260726,40,162,1.05
Jung Jae-hyung,individual,1315,44,20260728,57,326,1.15
Kim Jang-hoon,individual,525,18,20260725,28,118,0.94
Lee Soo-geun,individual,1495,50,20260802,68,373,1.14
Jeong Jin-woon,individual,1816,61,20260709,94,417,0.89
Alex Chu,individual,1119,37,20260722,49,261,1.02
Wax (singer),individual,263,9,20260709,19,59,0.69
Hwang Shin-hye,individual,817,27,20260801,54,212,1.41
"Lee Jae-jin (musician, born 1991)",individual,896,30,20260728,60,202,1.13
Seo Ji-young,individual,909,30,20260708,46,225,1.17
Lee Eun-ju,individual,5260,175,20260719,327,1258,1.35
Sonim,individual,339,11,20260727,19,82,1.17
Hyun Jyu-ni,individual,579,19,20260725,29,146,1.11
Chunja (singer),individual,99,3,20260708,8,23,1.21
Sunday (singer),individual,406,14,20260720,22,102,1.04
Yoon Bo-mi,individual,4958,165,20260726,261,1248,1.25
G.NA,individual,2617,87,20260713,134,525,0.8
Lim Yoona,individual,29165,972,20260801,1423,7877,1.12
Jang Dong-gun,individual,5927,198,20260805,283,1422,1.06
Park Yoo-chun,individual,6558,219,20260708,364,1514,0.9
Cho PD,individual,550,18,20260804,32,125,1.01
Harisu,individual,1881,63,20260710,86,408,0.83
Kim Junsu,individual,2973,99,20260719,188,635,0.97
Kangta,individual,3136,105,20260708,135,781,1.02
Kim Ryeo-wook,individual,2806,94,20260718,127,607,0.99
Song Ji-eun,individual,3114,104,20260718,154,667,0.86
Joo Won,individual,5687,190,20260726,239,1286,0.92
Nam Hyun-joon,individual,308,10,20260725,18,84,1.45
"Lee Ji-hyun (actress, born 1983)",individual,700,23,20260728,38,169,1.29
Bada (singer),individual,3780,126,20260806,393,1135,1.39
Kang Sung-hoon (singer),individual,835,28,20260730,62,199,1.33
Lina (entertainer),individual,1143,38,20260713,57,231,0.72
Steven Yeun,individual,107124,3571,20260726,8138,25593,1.2
Boom (entertainer),individual,1023,34,20260730,57,270,1.24
Choi Min-ho,individual,9188,306,20260725,352,2109,0.94
Kim Hee-chul,individual,6752,225,20260718,305,1549,1.08
Tiffany Young,individual,16988,566,20260801,949,4689,1.16
Choi Eun-hee,individual,4884,163,20260722,213,1224,1.24
Lee Joon-gi,individual,14271,476,20260805,567,3436,1.01
Hahm Eun-jung,individual,5154,172,20260802,319,1319,1.17
Hyomin,individual,2886,96,20260730,135,702,1.43
Younha,individual,2014,67,20260726,90,439,0.85
Koo Hye-sun,individual,14409,480,20260710,632,3021,0.75
Seohyun,individual,12019,401,20260801,492,2979,1.13
Huh Kyung-young,individual,422,14,20260731,25,121,1.17
Hyoyeon,individual,5044,168,20260805,818,2077,2.43
Son Dam-bi,individual,1872,62,20260713,90,453,0.99
Sung Si-kyung,individual,8720,291,20260724,479,2353,1.65
Jo Jung-suk,individual,11012,367,20260801,429,2798,1.08
Gummy (singer),individual,4801,160,20260730,204,1186,1.06
Tony An,individual,1004,33,20260716,57,223,1
Kim Ok-vin,individual,6558,219,20260802,418,1872,1.49
Anita Tsoy,individual,3449,115,20260718,344,941,7.24
Dana (South Korean singer),individual,681,23,20260708,37,157,0.92
Bae Suzy,individual,34015,1134,20260717,1662,7759,1.04
Krystal Jung,individual,13671,456,20260724,627,3388,1.1
Kim Jong-kook,individual,8121,271,20260710,448,1833,0.82
Park Ji-yeon,individual,6224,207,20260802,395,1822,1.41
Taeyang,individual,14187,473,20260731,592,3533,1.05
Kim Jong-min,individual,2299,77,20260724,117,539,1.03
Kim Ki-bum,individual,3036,101,20260724,132,682,1.04
Lee Seung-gi,individual,16551,552,20260709,904,3927,0.83
Shindong,individual,3284,109,20260729,140,777,1.12
Park Ye-eun,individual,2932,98,20260801,122,695,1.04
Kim Sung-jae,individual,15314,510,20260708,1563,2253,0.44
Eunhyuk,individual,3149,105,20260805,143,920,1.44
J.Y. Park,individual,48794,1626,20260731,3812,16114,4.22
Kangin,individual,2799,93,20260719,117,614,1.04
Lee Sang-hoon (baseball),individual,116,4,20260721,10,27,0.9
Max Changmin,individual,3568,119,20260729,145,766,0.89
Park Yong-ha,individual,13983,466,20260724,2729,1230,1.16
Yesung,individual,2939,98,20260718,131,651,1.11
Ahn So-hee,individual,8051,268,20260806,366,1947,1.01
Cha Tae-hyun,individual,9587,320,20260726,377,2193,0.94
CL (rapper),individual,9205,307,20260719,379,2186,1.04
Han Ye-seul,individual,6331,211,20260728,292,1378,1.23
Insooni,individual,2057,69,20260803,91,562,1.15
Kim Gun-mo,individual,892,30,20260710,55,215,0.82
Lee Tzsche,individual,310,10,20260714,18,57,0.76
Minzy,individual,3667,122,20260717,152,829,0.94
Ok Taec-yeon,individual,35766,1192,20260711,2579,6761,0.62
Sunye,individual,3269,109,20260717,147,790,1.1
Yoo Gun,individual,749,25,20260804,50,235,1.32
Yoon Son-ha,individual,622,21,20260727,33,153,1.22
Joo (singer),individual,1157,39,20260715,64,273,1.33
Key (entertainer),individual,5031,168,20260718,199,1263,1.15
Kim Hyung-jun,individual,1461,49,20260803,109,408,1.13
Lee Jae-won (singer),individual,1049,35,20260802,53,273,1.17
Lee Soo-man,individual,5125,171,20260804,221,1455,1.32
Seo In-young,individual,1362,45,20260806,86,313,1.07
Shin Ji,individual,787,26,20260721,67,185,1.15
Kim Yoon-ji,individual,1781,59,20260712,85,448,1.07
Taeyeon,individual,14724,491,20260728,839,3691,1.16
Lee Min-ki,individual,10225,341,20260726,537,2358,1.01
Choi Soo-young,individual,19255,642,20260710,898,4711,0.97
Jay Park,individual,25656,855,20260727,1336,6471,1.18
Kim Dong-jun,individual,2536,85,20260726,118,614,1.17
Lee Min-ho,individual,43376,1446,20260710,1687,10581,0.99
Daesung,individual,7912,264,20260729,355,1955,1.18
Juno (singer),individual,406,14,20260719,26,96,1.23
Hwang Kwang-hee,individual,2140,71,20260712,93,432,0.77
Heo Young-saeng,individual,862,29,20260708,42,203,0.9
Lee Seung-chul,individual,1296,43,20260712,80,306,0.91
Lee Byung-hun,individual,56462,1882,20260726,2324,14291,1.1
Seungri,individual,16983,566,20260730,853,4146,1.06
Kim Jae-joong,individual,7751,258,20260724,445,1474,0.85
Hyuna,individual,16107,537,20260726,711,4072,1.28
Lee Min-woo,individual,1580,53,20260728,111,381,1.12
Hyun Jae-myung,individual,31,1,20260708,4,5,0.38
Lim Hyung-joo,individual,130,4,20260708,8,28,0.74
Lee Hyori,individual,11952,398,20260726,598,2761,0.91
Yang Yo-seob,individual,1560,52,20260804,138,448,1.05
Jenna Ushkowitz,individual,9739,325,20260727,476,2324,1.02
Jessica Jung,individual,14567,486,20260731,735,4004,1.3
Sunny (singer),individual,7149,238,20260731,398,1969,1.3
Sumi Jo,individual,2396,80,20260730,120,552,0.91
Verbal (rapper),individual,2059,69,20260710,90,458,0.9
Rain (entertainer),individual,33011,1100,20260719,1418,7317,0.96
K.Will,individual,1948,65,20260710,89,407,0.85
Seven (South Korean singer),individual,5417,181,20260720,284,1248,1.16
Hwanhee,individual,1287,43,20260806,77,351,1.22
Seo Taiji,individual,6213,207,20260708,436,1451,0.84
Hyun Bin,individual,39093,1303,20260801,1604,10169,1.11
Ryu Si-won,individual,935,31,20260727,84,196,0.93
Ajoo,individual,169,6,20260710,11,28,0.57
Kim Ah-joong,individual,4644,155,20260806,240,1190,1.09
Na Yoon-sun,individual,522,17,20260727,40,104,1.05
Mithra Jin,individual,4663,155,20260731,398,1911,1.58
Jang Jae-in,individual,289,10,20260728,16,68,1.31
Kim Bum-soo (singer),individual,842,28,20260725,42,189,0.93
Yoon Jong-shin,individual,1638,55,20260711,76,373,0.85
Outsider (rapper),individual,496,17,20260717,27,108,1.03
Ha Hyun-woo,individual,431,14,20260713,28,98,0.8
Yim Si-wan,individual,9610,320,20260802,417,2475,1.14
Song Chang-sik,individual,156,5,20260721,12,35,0.83
Bobby Kim,individual,625,21,20260713,40,153,1.01
Bak Il,individual,113,4,20260725,12,44,3.67
Chae Yeon,individual,739,25,20260712,38,169,0.84
K (singer),individual,615,21,20260726,47,161,0.84
Baek Ji-young,individual,3565,119,20260709,152,789,0.89
Luna (South Korean singer),individual,3969,132,20260731,162,959,1.07
Park Myung-soo,individual,950,32,20260712,54,250,1.01
Shim Hyung-rae,individual,526,18,20260731,34,129,1.02
Wheesung,individual,3240,108,20260801,157,859,1.09
Bizniz,individual,67,2,20260723,6,14,1.08
Cho Min-hye,individual,47,2,20260708,10,8,0.62
Choi Han-bit,individual,629,21,20260728,31,139,1.06
Choi Jin-hyuk,individual,9309,310,20260714,375,2091,0.93
Choi Min-hwan,individual,1454,48,20260726,92,355,1.21
Choi Moo-ryong,individual,425,14,20260802,26,116,1.21
Jung Dae-hyun,individual,808,27,20260709,44,157,0.7
Lim Seul-ong,individual,1557,52,20260802,73,382,1.05
Shion (singer),individual,149,5,20260726,13,43,1.95
Ivy (South Korean singer),individual,1680,56,20260708,83,337,0.86
Jo Kwan-woo,individual,178,6,20260725,14,39,1.26
Jo Tong-dal,individual,26,1,20260730,4,8,0.89
Choi Jung-in,individual,800,27,20260730,47,207,1.11
June (singer),individual,302,10,20260708,23,75,1.03
Jung Yu-ri,individual,109,4,20260721,11,18,0.86
Brave Brothers,individual,1306,44,20260725,59,301,1.14
Kim Bo-yeon,individual,1037,35,20260719,58,207,0.76
Kim Da-som,individual,3577,119,20260723,163,815,1.09
Kim Dae-jin (actor),individual,48,2,20260717,5,10,0.67
Kim Eana,individual,1507,50,20260723,410,202,0.82
Yunho,individual,4694,156,20260723,239,972,1.12
Kim Soo-hyun,individual,55403,1847,20260716,3953,12441,1.11
Kang Ji-young,individual,4955,165,20260711,248,1035,0.69
Lee Joon,individual,7617,254,20260712,323,1849,0.95
Park Hyun-bin,individual,296,10,20260727,23,54,0.89
Sandara Park,individual,13136,438,20260717,1102,3303,1.23
Kim Yu-bin,individual,1294,43,20260726,79,296,1.03
Sulli,individual,25026,834,20260714,990,5756,0.92
Nicole Jung,individual,4897,163,20260709,699,727,0.33
Jang Na-ra,individual,10835,361,20260712,449,2423,0.88
Lee Sung-min (singer),individual,3018,101,20260723,137,722,1.19
Park Bom,individual,6062,202,20260804,258,1462,1.01
Shin Joong-hyun,individual,1184,39,20260709,60,225,0.68
Onew,individual,4822,161,20260801,206,1217,1.18
Yoon Eun-hye,individual,9496,317,20260714,386,2213,0.94
Cho Kyu-hyun,individual,5513,184,20260718,231,1302,1.11
Eun Ji-won,individual,3414,114,20260730,159,786,0.97
Goo Hara,individual,22550,752,20260714,1260,4619,0.72
Han Seung-yeon,individual,4968,166,20260802,234,1170,0.84
Park Gyu-ri,individual,3350,112,20260709,204,724,0.71
Han Sun-hwa,individual,7256,242,20260710,276,1601,0.89
Min (South Korean singer),individual,2253,75,20260728,113,490,1.07
Lim Jeong-hyun,individual,346,12,20260716,23,91,0.98
Gary (rapper),individual,3229,108,20260803,145,767,0.96
Yoo Jun-sang,individual,4021,134,20260723,176,990,1.12
G-Dragon,individual,23807,794,20260804,1006,5894,1.1
T.O.P,individual,21711,724,20260729,902,5103,1.03
Bang Yong-guk,individual,1958,65,20260730,210,601,1.53
Hyolyn,individual,12084,403,20260723,1302,2449,1.74
Jang Yoon-jeong (singer),individual,977,33,20260712,65,192,0.7
Kim Bum,individual,21827,728,20260729,1061,4796,0.89
Hwang Chan-sung,individual,7240,241,20260806,330,1945,1.08
Kyeon Mi-ri,individual,2531,84,20260709,219,551,0.63
Jang Woo-hyuk,individual,1297,43,20260802,73,340,1.19
Kim Dong-wan,individual,1429,48,20260718,66,342,1.07
Ko Eun-mi,individual,128,4,20260726,8,36,1.03
Baek A-yeon,individual,1228,41,20260726,55,298,1.11
Jung Ha-na,individual,1226,41,20260804,57,278,0.97
Park Shin-hye,individual,31058,1035,20260802,1229,7786,1.08
Kim Joon,individual,4346,145,20260709,212,890,0.68
Lee Hyun,individual,4861,162,20260709,1139,761,0.3
Shin Hye-sung,individual,1113,37,20260725,51,271,1.15
Joon Park,individual,6771,226,20260710,312,1415,0.77
Lucid Fall,individual,269,9,20260717,18,67,1.08
Kang Min-hyuk,individual,4073,136,20260710,179,996,1.01
Lee Jang-woo,individual,3440,115,20260802,172,976,1.48
Yoon Sang-hyun,individual,4119,137,20260725,180,892,0.89
Shin Jung-hwan,individual,576,19,20260714,46,114,0.65
Seo Hyun-jin,individual,11928,398,20260802,468,3030,1.13
Kim Jeong-hoon,individual,1986,66,20260801,81,463,1.04
Kwon So-hyun,individual,3367,112,20260712,217,572,0.53
Danny Ahn,individual,2490,83,20260711,168,539,0.73
Kim Tae-woo (singer),individual,2255,75,20260711,256,417,0.48
Min Hyo-rin,individual,6961,232,20260731,308,1853,1.17
Na Hoon-a,individual,434,14,20260711,29,89,0.68
Park Kyung-lim,individual,1076,36,20260729,52,254,1.09
Jonghyun,individual,23267,776,20260711,1193,5051,0.86
Jun. K,individual,4502,150,20260806,209,1295,1.19
Kimera (singer),individual,336,11,20260724,23,62,0.87
Lee Hong-gi,individual,4497,150,20260725,211,994,1.07
Park Jung-min (singer),individual,1229,41,20260710,64,260,0.79
So Ji-sub,individual,221480,7383,20260726,16423,38393,0.81
Tei (singer),individual,516,17,20260708,23,116,0.88
U;Nee,individual,1886,63,20260804,181,610,1.85
Yoon Kye-sang,individual,7428,248,20260711,320,1729,0.9
Ahn Jae-wook,individual,3019,101,20260806,129,749,1.11
Big Mama King,individual,161,5,20260725,12,37,0.95
Jo Han-sun,individual,6923,231,20260730,521,2436,3.69
Park Hyo-shin,individual,1948,65,20260714,101,400,0.78
Park So-yeon (singer),individual,2661,89,20260730,138,632,1.11
Shim Mina,individual,1641,55,20260710,132,314,0.63
Shin Hae-chul,individual,3136,105,20260709,258,610,0.82
"Yuri (singer, born 1976)",individual,241,8,20260711,17,59,0.84
Gain (singer),individual,2533,84,20260714,115,572,0.9
Heo Ga-yoon,individual,1114,37,20260727,49,220,0.77
Jo Kwon,individual,3558,119,20260709,181,846,0.95
KCM (singer),individual,2081,69,20260723,112,532,1.23
Chae Ri-na,individual,661,22,20260713,46,168,0.9
Hwang Jung-eum,individual,9390,313,20260718,429,2116,1.17
Jang Young-ran,individual,191,6,20260804,15,51,1.46
Jeon Boram,individual,2100,70,20260730,103,503,1.14
Kim Ja-ok,individual,761,25,20260714,36,177,0.92
Lee Ji-hoon (entertainer),individual,1906,64,20260804,85,476,1.15
Yoo Jae-suk,individual,13135,438,20260801,1066,4951,1.88
Han Jung-soo,individual,371,12,20260723,21,89,0.93
Jun Jin,individual,1404,47,20260730,61,320,0.98
Kim You-jung,individual,32561,1085,20260802,1338,8310,1.14
"Nam Ji-hyun (actress, born 1990)",individual,1519,51,20260708,77,369,1.01
Oh Yeon-seo,individual,8980,299,20260710,369,2121,0.96
Park Soo-young (entertainer),individual,1265,42,20260710,57,319,0.97
Song Seung-heon,individual,24756,825,20260726,1567,4893,0.77
Ryu Hyo-young,individual,2030,68,20260713,117,433,0.85
Andy Lee (South Korean singer),individual,1315,44,20260725,60,306,1.02
Jang Hyun-seung,individual,4082,136,20260717,193,1015,1.32
Mink (singer),individual,151,5,20260727,15,36,1.13
Yoo Young-jin,individual,1905,64,20260724,84,471,1.08
Park Hyung-sik,individual,22728,758,20260726,953,5550,1.13
Hong Yoo-kyung,individual,38,1,20260806,4,14,1.75
Lee Hae-ri,individual,1211,40,20260803,68,311,1.08
"Lee Hyun-woo (entertainer, born 1966)",individual,400,13,20260728,25,100,1.25
Lee Chang-min (singer),individual,1366,46,20260709,70,334,0.98
Lee Jin,individual,1370,46,20260730,63,338,1.02
Stephanie Kim,individual,478,16,20260804,34,132,1.31
Lee Seung-hwan,individual,909,30,20260719,61,190,1.03
Park Yeong-gyu,individual,897,30,20260718,55,164,0.79
Lee Areum,individual,46,2,20260730,5,7,0.78
Lee Joo-yeon,individual,2544,85,20260712,283,513,0.66
Thunder (singer),individual,2362,79,20260717,153,585,0.98
Kim Tae-won,individual,472,16,20260725,54,93,0.82
Samuel Youn,individual,79,3,20260724,7,14,0.78
Choi Ran,individual,332,11,20260805,19,87,1.28
Yoo Gun-hyung,individual,247,8,20260716,19,62,1.41
Kim Kwang-seok,individual,1100,37,20260718,46,238,0.99
Kim Dong-ryul,individual,424,14,20260718,28,83,0.98
H-Eugene,individual,96,3,20260731,8,28,1.65
Shin Bo-ra,individual,230,8,20260730,15,59,1.07
Dok2,individual,1594,53,20260803,83,468,1.23
Kang Chan-hee,individual,3717,124,20260712,191,985,1.07
MayBee,individual,866,29,20260717,37,185,0.9
Ryu Hwa-young,individual,5699,190,20260713,250,1281,0.97
Son Dong-woon,individual,957,32,20260714,50,215,0.95
Ailee,individual,4695,157,20260805,191,1129,1.07
Kim Min-jong,individual,1577,53,20260720,68,331,0.97
Ji Chang-wook,individual,54577,1819,20260726,2387,12947,0.97
Gill (musician),individual,381,13,20260709,26,107,1.27
Hong Kyung-min,individual,940,31,20260713,47,183,0.72
Jung Dong-ha,individual,327,11,20260712,21,69,0.84
Kang San-eh,individual,127,4,20260731,12,34,1.21
Kim C,individual,452,15,20260725,27,99,0.91
Lee Jung,individual,376,13,20260729,20,86,1.06
Lee Ki-chan,individual,286,10,20260715,15,63,1.19
Lee So-ra (singer),individual,880,29,20260716,69,220,1.21
Lim Jeong-hee,individual,920,31,20260709,66,216,0.97
Park Gun-hyung,individual,580,19,20260729,40,161,1.46
Saori (television personality),individual,205,7,20260728,14,50,1.14
Shim Eun-jin,individual,863,29,20260708,45,194,0.83
Sim Soo-bong,individual,866,29,20260726,47,228,1.18
So Chan-whee,individual,290,10,20260801,29,94,1.68
Solbi,individual,731,24,20260708,85,161,0.73
Taegoon,individual,198,7,20260719,15,45,1.15
Yim Jae-beom,individual,818,27,20260724,37,190,1.04
Yoo Chae-yeong,individual,706,24,20260722,61,148,1.09
Allen Kim,individual,914,30,20260709,62,185,0.66
Jang Su-won,individual,667,22,20260730,53,144,1.2
Ji Sang-ryeol,individual,332,11,20260716,23,77,0.92
Lee Yong-shin,individual,115,4,20260718,10,29,2.23
May (singer),individual,57,2,20260729,8,19,2.71
Song Dae-kwan,individual,114,4,20260720,9,24,0.96
Im Chang-jung,individual,1503,50,20260711,64,303,0.76
Jang Yoon-ju,individual,2439,81,20260711,147,539,0.84
Jo Hye-ryun,individual,2437,81,20260713,348,362,0.41
Yang Mi-kyung,individual,874,29,20260802,56,254,1.43
Lexy (singer),individual,642,21,20260804,38,167,1.11
Lyn (singer),individual,2643,88,20260708,152,572,0.73
JeA,individual,1276,43,20260712,67,271,0.7
Kim Isak,individual,352,12,20260714,19,89,1.05
MC Sniper,individual,259,9,20260806,16,70,1.08
Shoo (singer),individual,1776,59,20260806,81,446,1.11
"Lee Jai-jin (musician, born 1979)",individual,636,21,20260730,57,150,1.44
Park Gwang-hyun,individual,677,23,20260717,71,135,1.08
Ahn Jae-mo,individual,539,18,20260716,33,100,0.74
Kang Min-kyung,individual,2288,76,20260713,179,551,0.77
Kang Sung-yeon,individual,569,19,20260727,33,129,1.1
Song Eun-i,individual,2234,74,20260713,251,406,0.53
Moon Joon-young,individual,515,17,20260717,26,96,0.98
Soya (singer),individual,1514,50,20260710,113,274,0.56
Chanyeol,individual,5533,184,20260724,228,1406,1.13
Park Sae-byul,individual,245,8,20260716,12,58,1.07
Park Won-sang,individual,1255,42,20260713,68,313,0.91
Keiko Matsuzaka,individual,2482,83,20260709,145,675,1.12
Kim Jin-woo (actor),individual,1092,36,20260802,52,278,1.09
Gaeko,individual,983,33,20260714,44,223,0.86
Kang Ye-seo,individual,2853,95,20260804,136,750,1.29
Ko Ji-yong,individual,4741,158,20260729,1325,912,5.07
Gil Hak-mi,individual,61,2,20260717,5,17,2.43
Gilme,individual,118,4,20260731,10,33,1.32
Gu Bon-seung,individual,149,5,20260714,13,26,0.76
Kim Ga-young (actress),individual,485,16,20260711,29,134,1.15
Moon Hee-kyung,individual,720,24,20260717,34,178,1.06
Bang Min-ah,individual,5972,199,20260726,247,1347,0.93
Min Kyung-hoon,individual,1273,42,20260803,78,325,1.16
Park Min-ha (singer),individual,35,1,20260711,4,9,0.9
Park In-young,individual,566,19,20260710,30,107,0.68
Park Wan-kyu,individual,314,10,20260713,20,67,0.86
Park Sang-min (singer),individual,97,3,20260709,6,21,0.81
Park So-jin,individual,6007,200,20260713,342,1291,0.84
Son Ji-chang,individual,396,13,20260725,24,104,1.24
Son Jin-young,individual,98,3,20260715,6,31,2.58
Soy Kim,individual,223,7,20260804,15,78,1.86
Eric Mun,individual,4081,136,20260714,180,914,0.84
Jeon Ji-yoon,individual,1084,36,20260718,45,247,1.06
Seo In-guk,individual,63286,2110,20260708,3528,11262,0.59
Lee Jung-shin,individual,4065,136,20260726,164,976,1.14
Na Hyeon-hui,individual,54,2,20260724,7,7,0.54
Hyun Woo,individual,1442,48,20260726,68,375,1.19
Shin Shin-ae,individual,412,14,20260713,59,109,0.93
Miryo,individual,1018,34,20260717,53,213,0.85
Naul (singer),individual,905,30,20260726,44,174,0.84
Rebekah Kim,individual,46,2,20260803,10,21,3
Hyun Cheol,individual,85,3,20260710,9,13,0.45
Ryan Bang,individual,2780,93,20260723,142,585,0.86
Ryu Se-ra,individual,710,24,20260731,53,230,1.49
Ryu Tae-joon,individual,315,11,20260710,22,75,0.93
Yoon Min-soo,individual,327,11,20260708,17,83,0.99
San E,individual,849,28,20260806,51,238,1.15
Baekhyun,individual,8362,279,20260805,365,2063,1.12
David Choi,individual,1167,39,20260806,93,288,1.21
Lee Jong-hyun,individual,5639,188,20260710,270,1277,0.85
Kahi,individual,2119,71,20260715,145,451,0.83
Zelo,individual,1402,47,20260730,86,375,1.35
Roy Kim,individual,2503,83,20260716,105,615,1.03
Lee Jun-ho,individual,25607,854,20260806,1022,6414,1.02
Kim Him Chan,individual,18,1,20260711,4,6,0.67
Kim Ian,individual,113,4,20260731,9,30,1.36
Eum Moon-suk,individual,2770,92,20260727,164,577,1.08
JK Kim Dong-wook,individual,158,5,20260715,14,40,1
Kim Hyun-joo,individual,18410,614,20260730,2392,4407,2.06
Kwangchul Youn,individual,181,6,20260711,27,38,0.59
Lee Hee-jin,individual,1261,42,20260711,64,249,0.72
Lee Ki-seop,individual,639,21,20260709,38,135,0.75
Chae Young-in,individual,191,6,20260720,13,47,1.04
Simon Dominic,individual,2080,69,20260724,101,453,1.01
Crown J,individual,252,8,20260806,16,66,1.06
Lee Sun-hee (singer),individual,726,24,20260708,42,170,0.99
Yang Ji-won (singer),individual,1795,60,20260724,84,439,1.3
Hoya (singer),individual,2093,70,20260719,92,413,0.82
Jyongri,individual,122,4,20260718,9,34,1.06
"Yeon Woo (singer, born 1981)",individual,53,2,20260805,7,17,1.31
Yuny Han,individual,83,3,20260716,6,17,0.81
Kangnam (singer),individual,4208,140,20260728,169,891,0.81
Juniel,individual,821,27,20260715,54,121,0.43
"Joo Jong-hyuk (actor, born 1983)",individual,151,5,20260801,10,40,1.54
Moon Jong-up,individual,684,23,20260712,34,148,0.86
Kang Doo,individual,254,8,20260719,13,53,0.85
Oh Seh-wong,individual,8,0,20260715,2,1,0.25
Hong Jin-young,individual,2749,92,20260708,168,603,0.8
Maya (singer),individual,551,18,20260804,37,151,1.42
Kim Nam-joo (singer),individual,2238,75,20260726,122,569,1.28
Roh Ji-hoon,individual,364,12,20260708,24,71,0.65
Ali (South Korean singer),individual,1091,36,20260803,62,253,0.85
Oh Ha-young,individual,2923,97,20260726,174,666,1.12
Uee,individual,7825,261,20260728,319,1771,1.02
Alexander Lee (entertainer),individual,1848,62,20260708,119,363,0.67
Sung Yu-ri,individual,2611,87,20260719,118,596,0.89
Haha (entertainer),individual,4788,160,20260718,226,1119,1.02
Jo Sung-mo,individual,474,16,20260801,30,124,1.29
Jung Eun-ji,individual,9007,300,20260726,366,2200,1.04
Jung Ryeo-won,individual,9242,308,20260712,402,1745,0.66
Qri,individual,2161,72,20260802,120,591,1.37
Lee Ahyumi,individual,2018,67,20260806,106,512,1.18
"Lee Joon-hyuk (actor, born 1984)",individual,20107,670,20260801,1085,5586,1.21
No Min-woo,individual,2844,95,20260731,119,624,0.89
Cho Yong-pil,individual,1615,54,20260805,80,440,1.18
Jang Wooyoung,individual,5687,190,20260806,293,1642,1.34
Kim Kyu-jong,individual,775,26,20260716,38,162,0.81
Moon Hee-joon,individual,2075,69,20260802,100,521,1.1
Lee Soo-young,individual,428,14,20260710,23,100,0.88
Cha In-pyo,individual,1253,42,20260802,53,309,1.04
Epaksa,individual,152,5,20260718,12,28,0.72
Jeon Hye-bin,individual,3242,108,20260719,150,688,0.88
Kan Mi-youn,individual,1464,49,20260709,91,275,0.56
"Lee Hyun-woo (actor, born 1993)",individual,3349,112,20260712,149,756,0.93
Brian Joo,individual,2722,91,20260806,190,786,1.58
Hyun Young,individual,681,23,20260802,32,170,1.11
Lee Hae-in (actress),individual,759,25,20260712,88,144,0.53
Lee Hwi-jae,individual,1077,36,20260708,129,241,0.73
Lee Hyun-ji,individual,131,4,20260726,11,35,1.67
Im Chae-moo,individual,195,7,20260719,16,46,1.1
Lim Han-byul,individual,625,21,20260717,31,123,0.78
Zion.T,individual,2692,90,20260714,198,605,0.85
J'Kyun,individual,216,7,20260801,17,54,1.13
Jay (South Korean singer),individual,696,23,20260714,34,155,0.94
Jay Hong,individual,43,1,20260724,4,8,0.73
Jeon In-kwon,individual,229,8,20260728,16,44,0.69
Jessi (musician),individual,8544,285,20260711,338,1870,0.89
Junggigo,individual,315,11,20260730,18,77,1.15
Jungyup,individual,168,6,20260730,11,45,1.29
Park Eun-ooh,individual,78,3,20260715,8,12,0.63
Jo Jung-chi,individual,459,15,20260730,33,96,0.83
Chu Ga-yeoul,individual,106,4,20260717,7,30,2.14
Crush (singer),individual,4967,166,20260722,239,1397,1.85
Ha Dong-kyun,individual,330,11,20260806,19,72,0.96
"Kai (singer, born 1981)",individual,277,9,20260727,19,86,1.76
Paloalto (rapper),individual,565,19,20260715,92,69,0.95
Rumble Fish (singer),individual,110,4,20260729,8,17,0.59
Han Dong-geun,individual,229,8,20260715,24,41,0.71
Heo Cham,individual,31,1,20260802,3,10,1.67
Byun Jin-sub,individual,223,7,20260708,15,49,0.82
Bae Woo-hee,individual,1131,38,20260803,58,288,1.11
Lee Moon-sae,individual,1214,40,20260715,125,228,0.88
Serri (singer),individual,150,5,20260726,27,59,19.67
Shin Sung-woo,individual,432,14,20260730,21,102,1.06
Lee Hwajungseon,individual,114,4,20260726,9,28,1.33
Lee Hwa-ja,individual,78,3,20260712,8,20,1
Jang Se-jeong,individual,92,3,20260719,10,29,1.32
Park Jin-young,individual,8854,295,20260801,915,5390,158.53
Yoo Young-jae,individual,1068,36,20260710,55,233,0.81
Kei (singer),individual,883,29,20260718,43,205,1.14
Kim Jae-kyung,individual,3225,108,20260714,141,764,0.89
Kim Ji-sook (singer),individual,485,16,20260718,23,101,0.84
Kim Jong-hwan,individual,71,2,20260712,7,17,1.31
Kim Jung-mo,individual,407,14,20260717,21,88,1.09
"Kim Min-hee (actress, born 1972)",individual,124,4,20260731,16,45,2.05
Kim Soo-hee,individual,161,5,20260724,19,27,0.69
Kim Woo-joo,individual,93,3,20260718,8,22,1.05
Kim Ye-won (entertainer),individual,1931,64,20260728,234,411,1.15
Kim Young-chul (comedian),individual,733,24,20260803,58,221,1.35
Maeng Yu-na,individual,90,3,20260714,7,21,1.05
Bae Ki-sung,individual,189,6,20260724,15,35,0.76
Bang Jun-seok,individual,199,7,20260713,14,42,0.86
Park Jin-joo,individual,3499,117,20260727,170,826,1.12
Bae Ho,individual,135,5,20260806,10,40,1.38
Baek Bong-ki,individual,133,4,20260709,11,22,0.71
Basick,individual,265,9,20260730,19,79,1.36
Bumkey,individual,426,14,20260728,27,125,1.67
Beenzino,individual,1504,50,20260709,112,327,0.66
Seo Kyung-seok,individual,135,5,20260802,9,31,1.35
Seo Min-woo,individual,797,27,20260717,68,166,0.84
Kiwan Sung,individual,24,1,20260710,3,2,0.22
Lee Seong-jong,individual,618,21,20260727,34,133,1.08
Shin Won-ho,individual,1200,40,20260805,68,303,1.27
Shin Dong-ho,individual,704,23,20260709,47,159,0.94
Teddy Park,individual,7727,258,20260713,302,1814,0.94
Park Cho-rong,individual,1570,52,20260726,79,382,1.1
Shin Ji-soo,individual,140,5,20260719,11,37,1.42
Sung Hyun-ah,individual,1092,36,20260717,59,238,1.02
Jamie (singer),individual,3190,106,20260721,354,684,1.19
"Kim Ji-soo (singer, born 1990)",individual,272,9,20260710,17,68,0.91
Lee Ka-eun,individual,119,4,20260727,8,25,0.86
Son Na-eun,individual,74106,2470,20260726,7055,11370,0.72
E-Young,individual,35,1,20260727,5,10,1.25
Lee Dong-gun,individual,5089,170,20260723,555,1009,0.97
Byul,individual,1892,63,20260806,125,558,1.29
Jo Young-nam,individual,1047,35,20260803,62,260,0.93
Jung Yoon-hak,individual,224,7,20260717,12,63,1.34
Kim Mu-yeol,individual,82126,2738,20260712,4196,13291,0.5
Lee Seo-an,individual,1810,60,20260708,149,271,0.39
Park Geon-il,individual,467,16,20260709,29,123,0.98
Sunmin,individual,74,2,20260728,8,19,1.19
Yong Jun-hyung,individual,11034,368,20260806,522,3223,1.53
Woo Hye-rim,individual,2060,69,20260728,86,463,1.03
Lee Seo-jin,individual,8061,269,20260724,651,1540,0.98
Seorak,individual,80,3,20260712,9,28,1.56
Sang A Im-Propp,individual,83,3,20260730,7,19,1
Seomoon Tak,individual,224,7,20260719,16,49,0.91
Shin Young-kyun,individual,2568,86,20260720,170,532,0.93
Sunny Kim (singer),individual,67,2,20260708,6,12,0.67
Yoon Soo-il,individual,161,5,20260714,11,39,1.03
Taebin,individual,1007,34,20260710,51,215,0.75
Zico (rapper),individual,7493,250,20260719,412,1683,1.09
Lee Sung-yeol,individual,1327,44,20260729,79,290,1
Yeahwon Shin,individual,45,2,20260721,4,11,0.92
Yeo Hoon-min,individual,620,21,20260709,39,127,0.8
Yoo Ara,individual,493,16,20260730,28,99,0.85
You Hee-yeol,individual,1276,43,20260721,56,306,1.01
Yoo Se-yoon,individual,1287,43,20260719,59,297,1.07
Jang Dong-woo,individual,694,23,20260723,35,155,1.05
Kang Eun-bi,individual,479,16,20260713,36,127,1.13
Changjo,individual,652,22,20260723,43,150,1.19
Byung Hun (entertainer),individual,1311,44,20260724,118,260,1.01
Chen (singer),individual,5871,196,20260806,257,1415,1.1
Lady Jane (singer),individual,445,15,20260806,41,130,1.24
Ren (South Korean singer),individual,1652,55,20260728,142,407,1.23
Lee Yong-jin,individual,2575,86,20260802,118,619,0.95
Suho,individual,7745,258,20260802,377,2148,1.25
Xiumin,individual,4955,165,20260725,233,1283,1.38
B-Bomb,individual,1163,39,20260801,64,246,0.86
P.O,individual,26168,872,20260712,1186,4291,0.57
Kim Chang-wan,individual,2479,83,20260722,241,522,1.37
Kim Yeon-ji,individual,967,32,20260801,44,245,0.91
Kim Yon-ja,individual,270,9,20260726,18,50,0.67
Kim Yuna (singer),individual,764,25,20260718,60,194,1.54
Na-mi,individual,323,11,20260803,23,109,1.45
Go Woo-ri,individual,1109,37,20260713,61,266,0.86
Im Hyun-sik (singer),individual,1515,51,20260724,93,310,0.94
Lee Gi-kwang,individual,3679,123,20260710,221,675,0.58
Wonho Chung,individual,163,5,20260714,10,35,1
Lee Hye-ri,individual,48112,1604,20260714,3377,10358,0.92
Yoo Jae-ha,individual,896,30,20260722,62,173,0.89
Mir (singer),individual,690,23,20260717,34,159,1.03
Rihwa,individual,83,3,20260806,7,22,0.92
Park Hee-von,individual,2115,71,20260712,119,458,0.83
Verbal Jint,individual,737,25,20260717,38,162,0.87
Yoon Do-hyun,individual,1176,39,20260708,52,258,0.88
Yozoh,individual,109,4,20260720,7,27,1.42
Okasian,individual,558,19,20260715,28,129,1.1
Lee Mi-ja,individual,288,10,20260729,18,73,1.07
Lee Nan-young,individual,768,26,20260725,63,133,0.58
Lee Sang-min (singer),individual,2883,96,20260718,114,606,0.84
Lee Sang-yi (actor),individual,36495,1217,20260801,3822,15164,3.21
U Sung-eun,individual,245,8,20260709,18,56,0.92
Yeon Min-ji,individual,191,6,20260718,14,34,0.71
Yoo Seung-woo,individual,385,13,20260716,21,88,1.01
Yoon Bok-hee,individual,262,9,20260708,17,62,0.84
Yura (South Korean singer),individual,4434,148,20260805,179,1058,1.01
E Sens,individual,378,13,20260713,31,79,0.66
Lee Jae-hoon (singer),individual,422,14,20260728,30,84,0.76
Lee Seok-hoon (singer),individual,872,29,20260726,47,203,1.01
"Lee Soo-min (actress, born 1984)",individual,88,3,20260806,9,25,2.5
Lee Yoon-mi,individual,533,18,20260708,48,70,0.36
Chun Myung-hoon,individual,307,10,20260728,19,54,0.7
Jin Chae-seon,individual,191,6,20260722,17,45,1.15
Jinu,individual,949,32,20260709,72,187,0.79
Joo Young-hoon,individual,296,10,20260726,22,65,0.94
Pearl (singer),individual,698,23,20260726,41,219,1.96
Zia (singer),individual,475,16,20260719,23,116,1.12
Choi Soo-eun,individual,163,5,20260711,11,50,1.16
Choiza,individual,2518,84,20260716,113,586,0.93
Cha Woong-ki,individual,1977,66,20260727,118,391,0.87
Yuri Nakamura,individual,935,31,20260713,75,196,0.71
Kim Min-ki,individual,329,11,20260712,18,76,1
Choi Jin-young,individual,1851,62,20260708,159,342,0.58
Kim Won-jun,individual,473,16,20260719,30,116,1.16
Kim Jong-wook,individual,81,3,20260721,7,14,0.93
Kim Soo-chul,individual,313,10,20260724,23,94,2.54
Park Ji-yoon,individual,2736,91,20260714,300,594,0.76
Yang Dong-geun,individual,3526,118,20260802,154,890,1.22
Yi Seok,individual,4913,164,20260805,469,1748,1.92
Choi Min-soo,individual,2974,99,20260726,159,748,1.28
Hwangbo,individual,717,24,20260802,38,176,1.13
Shin Seung-hun,individual,692,23,20260728,35,169,1.02
Kim Sung-kyu,individual,2191,73,20260712,98,461,0.86
Bae Seul-ki,individual,554,18,20260716,27,146,1.15
Narsha,individual,1266,42,20260714,56,278,0.8
Jee Seok-jin,individual,3460,115,20260802,151,912,1.16
Son Ho-young,individual,2408,80,20260711,329,384,0.4
J-Min,individual,639,21,20260711,36,135,0.78
Kim Hyun-joong,individual,13126,438,20260710,593,2811,0.77
Leeteuk,individual,5469,182,20260715,253,1119,0.85
MC Mong,individual,1678,56,20260805,232,633,1.88
Chae Jung-an,individual,3727,124,20260725,175,847,0.95
Eugene (actress),individual,7944,265,20260726,354,1938,1.16
Ock Joo-hyun,individual,1387,46,20260708,76,313,0.85
Park Jung-ah,individual,1056,35,20260716,53,207,0.89
Joo Hyun-mi,individual,288,10,20260721,31,69,1.3
Jung Joon-ho,individual,2482,83,20260805,112,616,1.04
Kim Wan-sun,individual,899,30,20260728,41,199,1.01
Choi Jong-hoon,individual,7307,244,20260714,330,1553,0.83
Kim Hyun-jung (singer),individual,439,15,20260801,31,132,1.55
Nam Gyu-ri,individual,2997,100,20260708,130,694,0.9
Tae Jin-ah,individual,261,9,20260721,14,63,1.11
Jay B,individual,5480,183,20260714,234,1297,1
Park Bo-young,individual,22953,765,20260802,1230,6639,1.18
Yang Hyun-suk,individual,8530,284,20260708,493,2039,0.88
Jang Sa-ik,individual,62,2,20260719,7,7,0.39
Kim Kang-woo,individual,4366,146,20260714,260,935,0.82
Yeon Jung-hoon,individual,4144,138,20260805,242,1212,1.45
Yoon Doo-joon,individual,3230,108,20260806,217,1002,1.49
Jun Hyo-seong,individual,2624,87,20260709,119,526,0.8
Nana (entertainer),individual,13639,455,20260712,629,3142,0.88
Hwayobi,individual,408,14,20260716,22,91,1.11
Kim Jung-ah,individual,1062,35,20260721,59,252,1.01
Defconn,individual,682,23,20260729,38,167,1.1
Dia (singer),individual,283,9,20260714,18,53,0.72
Eli Kim,individual,1436,48,20260709,89,313,0.96
Soyou,individual,3331,111,20260725,182,766,1.12
Yoon Bo-ra,individual,3788,126,20260723,196,893,1.17
Kim E-Z,individual,1000,33,20260718,50,213,0.84
Eru (singer),individual,459,15,20260709,29,108,1.03
Min Hae-kyung,individual,65,2,20260713,5,10,0.67
Fat Cat (singer),individual,161,5,20260731,12,50,1.32
G.O (singer),individual,908,30,20260801,43,225,1.1
Kim Yeon-woo,individual,873,29,20260720,41,197,0.94
Hahn Dae-soo,individual,180,6,20260723,12,33,0.89
L (entertainer),individual,8681,289,20260712,435,1692,0.65
Hwang Min-woo,individual,709,24,20260803,39,191,1.45
Yangpa,individual,329,11,20260722,21,79,1.1
Kim Greem,individual,62,2,20260715,5,15,1
Kim Jae-duck,individual,671,22,20260730,50,157,1.37
Kim Jin-kyu (actor),individual,445,15,20260721,27,112,0.98
Kim Jong-seo (musician),individual,297,10,20260713,18,67,0.89
Kim Sa-rang (singer),individual,80,3,20260725,8,17,1.13
Kim Seung-ho,individual,157,5,20260802,14,45,1.22
"Kim So-hee (singer, born 1917)",individual,107,4,20260722,14,21,0.88
Koo Jun-yup,individual,5179,173,20260710,1493,517,0.19
Kwak Hee-sung,individual,132,4,20260716,8,31,1.07
Lee Juck,individual,670,22,20260715,39,147,1.05
Lee Pa-ni,individual,151,5,20260718,10,25,0.66
Song Seung-hyun,individual,1900,63,20260710,233,328,0.5
Na Tae-ju,individual,178,6,20260806,12,47,1.12
Kang Susie,individual,356,12,20260728,21,87,1.07
Kang Se-jung,individual,475,16,20260717,26,128,1.54
Kim Young-ho (actor),individual,658,22,20260718,46,125,0.92
Loptimist,individual,43,2,20260729,6,20,2.86
Kang Seung-yoon,individual,2294,76,20260711,129,481,0.7
Huh Joon-ho,individual,12602,420,20260712,618,2380,0.63
"Kai (entertainer, born 1994)",individual,10380,346,20260724,564,2404,1.16
Nam Woo-hyun,individual,2298,77,20260729,100,551,1.07
Sehun,individual,5187,173,20260724,252,1156,1.03
CNU (singer),individual,682,23,20260710,69,155,0.75
Lee Bo-ram,individual,1379,46,20260806,107,390,1.22
"Lee Min-hyuk (rapper, born 1990)",individual,7047,235,20260725,1019,1110,1.56
Jo Eun-byul,individual,220,7,20260710,14,64,1.19
Ha Soo-bin,individual,191,6,20260724,16,34,0.67
Hakuryu (actor),individual,506,17,20260801,27,136,1.3
Jung Ho-keun,individual,130,4,20260806,14,40,1.21
Jo Young-min,individual,495,17,20260720,28,143,1.59
"Kim Ji-hoon (actor, born 2000)",individual,363,12,20260726,19,90,1.18
Kim Ji-hoon (singer),individual,931,31,20260803,50,261,1.51
Kim Ji-hyun (singer),individual,716,24,20260713,52,168,0.84
Kim Jin-ho (singer),individual,310,10,20260801,18,82,1.22
Kim Tae-gyun (comedian),individual,165,6,20260715,17,42,1.02
Kim Hyun-sik,individual,676,23,20260713,43,115,0.72
Niel (singer),individual,1059,35,20260728,96,208,0.78
Noh Sa-yeon,individual,464,15,20260709,28,98,0.7
Illson,individual,98,3,20260712,6,20,0.74
David Oh (musician),individual,268,9,20260713,22,60,0.91
The One (singer),individual,393,13,20260711,23,85,0.82
Lisa (South Korean singer),individual,899,30,20260715,44,208,0.92
Loco (rapper),individual,1804,60,20260717,106,397,1.07
Maeng Se-chang,individual,115,4,20260722,8,27,1
Mikey (singer),individual,503,17,20260713,68,95,0.57
Song Won-geun,individual,133,4,20260725,10,23,0.74
Song Hae,individual,422,14,20260801,24,108,1.37
Skull (singer),individual,244,8,20260717,15,57,0.92
Swings (rapper),individual,903,30,20260709,44,218,1.01
Ahn Sook-sun,individual,108,4,20260722,12,24,1.09
An Chi-hwan,individual,52,2,20260717,5,13,0.76
Anda (singer),individual,787,26,20260718,105,192,1.25
Eric Nam,individual,100562,3352,20260726,11714,20311,1.02
Irene (singer),individual,11904,397,20260806,666,3927,1.71
Yang Hee-eun,individual,267,9,20260806,26,82,1.67
Neon Bunny,individual,83,3,20260727,11,21,1.31
Yang Se-chan,individual,2550,85,20260708,111,626,0.99
Kim Bo-hyung,individual,349,12,20260714,21,91,1.18
"Lee Hye-young (actress, born 1971)",individual,1110,37,20260802,60,275,1.17
Monday Kiz (singer),individual,481,16,20260711,36,88,0.61
Im Tae-kyung,individual,232,8,20260715,13,60,1.18
N (singer),individual,5452,182,20260726,238,1431,1.28
Yerin Baek,individual,2348,78,20260726,114,558,1.03
Ravi (rapper),individual,2252,75,20260716,89,508,0.89
Oh Jong-hyuk,individual,1281,43,20260711,105,242,0.51
Song Mi-jin,individual,142,5,20260721,12,27,0.87
Chang Ho-chirl,individual,85,3,20260802,8,25,1.47
Lee Young-yoo,individual,326,11,20260728,23,48,0.55
Lee Hyun-jae (actor),individual,437,15,20260708,50,80,0.47
Kwon Ri-se,individual,3400,113,20260713,156,703,0.74
Johsel Namkung,individual,72,8,20260731,42,49,0.69
Son Ho-jun,individual,5360,179,20260726,237,1216,0.98
Park Soo-jin,individual,4282,143,20260729,306,835,1.04
Yang Seung-ho,individual,591,20,20260728,33,151,1.16
Han Groo,individual,1141,38,20260709,138,229,0.64
Kim Jun-ho (comedian),individual,3195,107,20260730,1248,974,2.85
Kwon Nara,individual,6803,227,20260710,286,1572,0.96
Lim Kim,individual,1687,56,20260723,110,279,0.76
Son Seung-yeon,individual,511,17,20260708,23,116,0.95
Hari (singer),individual,206,7,20260710,13,52,1
Kim Jung-min (entertainer),individual,1211,40,20260723,132,215,1.05
Hyuk Shin,individual,675,23,20260709,130,143,0.53
NC.A,individual,375,13,20260802,22,84,0.9
Yun Hyon-seok,individual,300,10,20260806,38,89,1.82
Ah Young,individual,824,27,20260806,39,212,1.2
Andrew Choi,individual,8325,278,20260726,377,2096,1.17
Rottyful Sky,individual,280,9,20260711,36,43,0.41
Cha Ji-yeon,individual,2364,79,20260709,111,480,0.73
Horan (singer),individual,288,10,20260714,14,70,1.21
Park Cho-a,individual,2338,78,20260721,95,471,0.85
Yoon Sang,individual,2010,67,20260725,206,470,1.72
Bizzy,individual,519,17,20260715,25,121,0.95
Doh Kyung-soo,individual,9514,317,20260805,401,2459,1.17
RM (musician),individual,75911,2530,20260719,9892,16016,1.38
Giriboy,individual,588,20,20260709,34,138,0.98
Lee Kyu-hyung,individual,5516,184,20260711,282,1342,0.86
Ryu Jun-yeol,individual,13777,459,20260805,624,3997,1.38
Baek Hyun-jin,individual,5064,169,20260712,424,893,0.58
Kim Min-seok (actor),individual,9276,309,20260712,466,1780,0.63
Hello Ga-Young,individual,70,2,20260806,6,22,1.57
Sleeq,individual,111,4,20260716,9,33,1.22
Lee Su-jeong,individual,496,17,20260720,25,103,0.94
Kim Ho-joong,individual,379,13,20260716,25,82,0.85
Park Ha-na,individual,1994,66,20260716,91,454,0.96
Lee Eun-mi (singer),individual,324,11,20260802,20,89,1.44
Oh Seung-ah,individual,842,28,20260718,38,204,1.03
Parc Jae-jung,individual,748,25,20260718,48,172,1.1
Park Si-eun (entertainer),individual,2713,90,20260730,138,757,1.3
Shin Hye-jeong,individual,1321,44,20260720,60,317,1.02
Lee Sung-kyung,individual,21061,702,20260727,932,5431,1.32
Kim Da-hyun,individual,444,15,20260726,23,108,1.1
Shin Ji-min,individual,3000,100,20260721,177,741,1.31
Shin Ji-hoon,individual,313,10,20260803,17,73,0.94
Cho Seung-hee,individual,957,32,20260802,44,263,1.08
Kim Hye-young,individual,573,19,20260724,84,85,1.85
Jang Minho,individual,566,19,20260712,35,110,0.64
Heo Kyung-hwan,individual,2095,70,20260728,104,501,1.05
Jung Joon-young,individual,11913,397,20260714,484,2778,0.94
Tak Jae-hoon,individual,815,27,20260710,37,192,1.02
Kim Mi-ryeo,individual,61,2,20260723,10,12,1.71
Park Junyoung,individual,91,3,20260806,11,23,0.82
Park Sung-kwang,individual,293,10,20260804,27,93,1.31
Yoo Ji-ae,individual,22,1,20260718,3,4,0.57
Park Gil-ra,individual,12,0,20260729,2,2,0.67
Jung Il-hoon,individual,2424,81,20260725,124,459,0.81
Lee Chan-hyuk,individual,1930,64,20260725,95,420,0.96
Bae Cheol-soo,individual,237,8,20260716,15,66,1.32
Bill Stax,individual,822,27,20260730,86,168,1.44
Choi Jung-won (singer),individual,515,17,20260729,68,133,1.6
Kim Dong-hyun (actor),individual,481,16,20260805,25,127,1.05
Im Kang-sung,individual,212,7,20260719,13,38,0.73
Kim Heung-gook,individual,118,4,20260711,8,21,0.66
Kim So-jung (singer),individual,183,6,20260712,14,42,0.78
Kim Yong-jun (singer),individual,1447,48,20260717,69,313,1.13
Kwak Hyun-hwa,individual,116,4,20260729,10,28,1.56
Lee Si-a,individual,1148,38,20260714,54,267,0.94
Min Do-hee,individual,2184,73,20260728,314,469,1.62
Park Gyeong-ree,individual,896,30,20260709,42,234,1.04
Viki (singer),individual,1238,41,20260802,52,287,1.01
Chang Kiha,individual,6652,222,20260710,1245,1619,0.55
Jang Beom-june,individual,334,11,20260716,22,66,0.73
Jang Hye-jin (singer),individual,205,7,20260713,15,34,0.67
Jiyul (singer),individual,259,9,20260714,14,67,1.12
Lee Ji-hye,individual,1167,39,20260724,55,293,1.13
Lee So-jung,individual,996,33,20260712,49,215,0.77
Ahn Jae-hyo,individual,19,1,20260709,3,6,0.75
EunB,individual,1039,35,20260711,64,196,0.58
Jang Jin-young (singer),individual,466,16,20260724,63,88,0.98
Kim Seol-hyun,individual,8431,281,20260726,368,1922,0.96
Kwon Hyuk-soo (actor),individual,634,21,20260718,41,148,1.22
Kwon Mina,individual,4760,159,20260806,1262,2519,4.31
Yook Sung-jae,individual,11603,387,20260713,583,2158,0.66
Cho Sae-ho,individual,1036,35,20260721,45,238,1.03
Kim Sun-woong,individual,248,8,20260716,31,66,1.03
Kwon Jin-ah,individual,2700,90,20260715,471,424,1.02
Jeong Se-woon,individual,972,32,20260715,43,237,1.17
Elly (rapper),individual,1169,39,20260712,76,255,0.76
Heo Sol-ji,individual,1480,49,20260731,68,370,1.15
Jo Kwang-min,individual,394,13,20260802,21,101,1.09
Kang Hye-yeon,individual,1410,47,20260724,81,364,1.46
Sleepy (rapper),individual,539,18,20260803,32,147,1.13
Sunwoo Jung-a,individual,606,20,20260710,36,125,0.72
Yang Hee-kyung,individual,339,11,20260729,19,75,0.87
Lee Hwa-kyum,individual,920,31,20260721,44,211,0.9
Baro (entertainer),individual,1867,62,20260710,149,430,0.78
Gongchan,individual,806,27,20260710,60,184,0.75
Jung Jin-young (singer),individual,6632,221,20260710,408,1512,0.77
Sandeul,individual,1067,36,20260718,68,202,0.67
Shannon (South Korean singer),individual,2722,91,20260720,296,925,2.73
Song So-hee,individual,1616,54,20260718,77,411,1.28
Lee Seung-hoon (rapper),individual,1208,40,20260718,87,228,0.84
Seulgi,individual,7316,244,20260806,437,2509,1.82
Park Bo-gum,individual,35461,1182,20260710,1346,8392,0.97
Seo Kang-joon,individual,16288,543,20260803,979,4696,1.29
Nam Tae-hyun,individual,1263,42,20260714,58,291,0.92
Zick Jasper,individual,151,5,20260717,12,35,1.03
Cheetah (rapper),individual,632,21,20260712,27,144,0.98
Jung Ji-so,individual,6600,220,20260710,294,1599,1.05
Lang Lee,individual,133,4,20260717,10,32,1.45
Park Si-hwan,individual,95,3,20260729,10,17,0.89
Sohyang,individual,3024,101,20260711,140,699,0.89
Z.Hera,individual,780,26,20260712,75,150,0.65
Heyne (singer),individual,71,2,20260709,6,16,0.8
Hyeeunyee,individual,101,4,20260708,9,16,0.42
Kang Tae-oh,individual,15672,522,20260726,627,3938,1.09
Kiggen,individual,245,8,20260713,20,51,0.78
Kim Jung Mi (singer),individual,802,27,20260722,41,152,0.7
Kisum,individual,270,9,20260726,16,75,1.25
Yumdda,individual,154,5,20260805,11,47,1.42
Lee Chang-sub,individual,2158,72,20260725,122,444,0.86
Jin Miryung,individual,38,1,20260720,4,12,1.71
Cream (rapper),individual,175,6,20260803,12,48,1.07
Bada Kim,individual,204,7,20260727,21,47,0.92
Alice (South Korean singer),individual,12,0,20260721,2,3,1.5
Kim Jung-woo (singer),individual,273,9,20260711,54,49,0.46
Michelle Lee (singer),individual,629,21,20260803,34,170,1.47
Seo Eun-kwang,individual,2071,69,20260715,118,403,0.81
J-Hope,individual,67172,2239,20260719,10416,13401,1.37
Peniel Shin,individual,4223,141,20260710,238,736,0.52
Hani (singer),individual,6666,222,20260805,460,2150,2.14
Im Do-hwa,individual,1490,50,20260727,69,335,1.18
Na Hae-ryung,individual,1419,47,20260728,72,345,1.32
"Yuna (singer, born 1992)",individual,1120,37,20260801,51,273,1.15
Park Bo-ram,individual,6206,207,20260708,489,1270,0.7
Mino (rapper),individual,3606,120,20260714,248,659,0.71
Kim Jin-woo (musician),individual,1179,39,20260718,67,228,0.85
B.I (rapper),individual,5289,176,20260726,276,1207,1.04
Kwak Si-yang,individual,4041,135,20260804,184,1083,1.15
Park Subin,individual,610,20,20260723,41,180,1.53
Sook-ja Kim,individual,66,2,20260726,6,15,0.94
Joy (singer),individual,11618,387,20260803,604,3707,1.57
Hur Young-ji,individual,3912,130,20260709,226,813,0.63
Bang Ye-dam,individual,3284,109,20260711,241,706,0.71
Eddy Kim,individual,877,29,20260710,38,217,1.04
Seo Hye-lin,individual,738,25,20260713,33,175,0.98
Choi Jung-moon,individual,202,7,20260729,12,46,1.21
Sumi Hwang,individual,128,4,20260801,13,43,1.87
Baek Eun-hye,individual,1723,57,20260712,94,351,0.71
Dasuri Choi,individual,1250,42,20260719,118,244,1.06
Shine Kuk,individual,248,8,20260718,16,46,0.78
"Sunghoon (singer, born 2002)",individual,10523,351,20260806,538,2580,1.08
Choi Young-jae,individual,2588,86,20260803,130,696,1.24
Heo Jung-min,individual,1197,40,20260712,59,238,0.84
Bobby (rapper),individual,3819,127,20260725,204,794,0.86
Yugyeom,individual,2600,87,20260728,112,628,1.08
Lee Dong-hwi,individual,10015,334,20260720,1222,1894,0.96
Nancy (singer),individual,10646,355,20260730,438,2375,0.93
Yuk Ji-dam,individual,258,9,20260723,30,44,0.9
Hari Won,individual,964,32,20260801,46,267,1.28
Kang Kyun-sung,individual,1052,35,20260804,418,687,6.13
Yoo Byung-jae,individual,927,31,20260722,58,226,1.1
Moonbyul,individual,5088,170,20260731,313,1478,1.54
Huh Chan-mi,individual,762,25,20260723,33,176,0.95
Hwasa,individual,33658,1122,20260717,2638,9706,3.08
Haechan,individual,3449,115,20260708,196,740,0.89
Wheein,individual,4678,156,20260731,267,1325,1.46
Yerin (entertainer),individual,1878,63,20260806,124,532,1.25
Park Shin-won,individual,1955,65,20260803,93,469,0.99
Sunhae Im,individual,223,7,20260728,14,51,1.06
Jung Seung-hwan (singer),individual,1271,42,20260717,54,274,0.93
Katie (singer),individual,473,16,20260723,31,115,1.29
Gong Myung,individual,20450,682,20260718,925,4208,0.74
Kim Na-young (singer),individual,871,29,20260805,65,244,1.13
Yeri (singer),individual,10059,335,20260806,703,3712,1.78
Kim Feel,individual,614,20,20260723,32,143,0.98
Jung Chan-woo (singer),individual,1474,49,20260726,83,343,1.07
Lee Su-hyun,individual,1782,59,20260804,86,489,1.44
Lee Jin-ah,individual,542,18,20260723,41,118,0.96
Ra.D,individual,232,8,20260710,14,57,1.06
Jo Jung-min,individual,177,6,20260712,11,41,1
Lee Hae-na,individual,67,2,20260715,7,19,1.73
Kwak Jin-eon,individual,164,5,20260727,11,27,0.66
Kidoh,individual,262,9,20260719,17,52,0.88
Young K,individual,5944,198,20260730,364,1699,1.56
Park Kyung,individual,1604,53,20260708,87,343,0.88
An Ye-seul,individual,175,6,20260724,11,45,1.29
Jung Kook,individual,126923,4231,20260719,13939,25426,1.17
Dahyun,individual,11282,376,20260714,627,2243,0.75
Jihyo,individual,21903,730,20260714,2422,5249,0.94
Ben (South Korean singer),individual,688,23,20260804,38,163,1.03
Hoshi (South Korean singer),individual,5148,172,20260727,294,1122,0.91
Kevin Oh,individual,8451,282,20260802,897,4107,3.66
Keith Ape,individual,2184,73,20260712,94,508,0.9
Park Yoon-ha,individual,193,6,20260718,14,44,1.07
Moonbin,individual,15894,530,20260719,591,3601,0.93
Joshua (American singer),individual,5856,195,20260727,392,1322,0.91
Kim Se-jeong,individual,23996,800,20260727,926,5785,1.02
Jeon Somi,individual,17890,596,20260803,1171,4905,1.08
Bumzu,individual,1894,63,20260710,116,459,0.96
Woo Hye-mi,individual,163,5,20260721,12,42,1.45
Kim Jae-hyun,individual,1798,60,20260715,82,368,0.74
Choi Sung-min,individual,1199,40,20260804,138,570,2.97
Lee Seung-hyub,individual,3113,104,20260712,148,697,0.92
Cha Hun,individual,449,15,20260712,51,73,0.42
Lee Tae-hwan,individual,7859,262,20260712,363,1483,0.67
Yoon Hyun-sang,individual,100,3,20260721,8,28,1.33
Hyuk (singer),individual,831,28,20260719,54,177,1.04
Ken (South Korean singer),individual,780,26,20260723,40,159,0.94
Lee Hong-bin,individual,1154,38,20260721,67,270,1.08
Leo (singer),individual,1425,48,20260727,81,271,0.84
Jung Jae-il,individual,992,33,20260801,48,226,1.01
Park Sung-hoon,individual,11367,379,20260728,488,2701,1.07
Yeo In-hyeok,individual,31,1,20260717,5,6,0.67
Yezi,individual,603,20,20260708,43,111,0.66
Brother Su,individual,352,12,20260721,28,74,0.95
Hyojung,individual,1496,50,20260728,173,281,1.02
Innovator (rapper),individual,41,1,20260712,4,8,0.67
Jung Key,individual,72,3,20260720,9,21,1.4
Lee Sun-bin,individual,28663,955,20260801,5790,18965,6.23
Joohoney,individual,3372,112,20260724,155,728,0.92
Lee Jong-hwa (actor),individual,500,17,20260708,26,133,0.99
Momo Hirai,individual,15216,507,20260714,788,3780,1.07
Lil Boi,individual,515,17,20260716,24,118,0.96
Dean (South Korean singer),individual,2374,79,20260802,112,524,1.03
C Jamm,individual,271,9,20260716,15,67,1.18
DinDin,individual,2546,85,20260719,383,460,0.96
Jooyoung,individual,500,17,20260724,31,126,1.21
Mijoo,individual,3069,102,20260724,146,626,0.77
Somin (singer),individual,4096,137,20260728,285,1179,1.02
Dino (South Korean singer),individual,7121,237,20260803,445,2128,1.63
WoongSan,individual,270,9,20260804,29,109,2.73
Park Jeong-hwa,individual,1290,43,20260712,83,306,0.8
Yuju (singer),individual,2052,68,20260728,87,504,1.04
Ryu Su-jeong,individual,813,27,20260708,37,199,1.05
Na Haeun,individual,3370,112,20260725,267,754,1.22
Microdot (rapper),individual,239,8,20260720,15,58,1.07
Jimin,individual,81970,2732,20260719,10536,17163,1.35
Sanchez (rapper),individual,216,7,20260709,12,54,1.23
Jeong Ye-in,individual,692,23,20260727,40,192,1.22
Koo Jun-hoe,individual,1981,66,20260728,137,420,0.99
Kim Sung-joo (entertainer),individual,1297,43,20260723,56,301,1.01
Chaeyoung,individual,11519,384,20260714,740,2441,0.83
Yohan Hwang,individual,160,5,20260726,15,26,0.76
Jin (singer),individual,84463,2815,20260719,13949,16774,1.39
Lovey (singer),individual,123,4,20260726,8,20,0.71
Deez (musician),individual,273,91,20260804,144,273,1
Kim Ban-jang,individual,52,2,20260722,7,10,0.83
Shin Kang-woo,individual,23,1,20260806,3,8,1.14
Hoody (singer),individual,439,15,20260718,26,89,0.96
Ahn Ye-eun,individual,685,23,20260718,44,131,0.9
Jeonghan,individual,6297,210,20260802,362,1523,0.96
Umji,individual,1563,52,20260728,70,396,1.18
Kang Mi-na,individual,32754,1092,20260708,1683,6596,0.71
Arie (singer),individual,58,2,20260723,12,23,3.83
Mingyu,individual,10726,358,20260726,1336,1757,0.63
Elo (singer),individual,165,6,20260711,13,31,0.76
Eunha (singer),individual,2116,71,20260802,92,562,1.2
Oohyo,individual,311,10,20260708,30,71,0.91
YooA,individual,1763,59,20260712,79,429,1.05
DK (singer),individual,6208,207,20260727,786,1494,1.2
S.Coups,individual,7482,249,20260727,351,1825,1.01
Seungkwan,individual,4058,135,20260727,205,956,1.01
Vernon (rapper),individual,14888,496,20260727,2883,2184,0.53
Woozi,individual,4418,147,20260713,219,997,0.93
Kim Jong-hyeon,individual,1410,47,20260728,111,326,1.11
Youngjun,individual,242,8,20260805,75,123,6.47
Lee Hyun-joo (actress),individual,909,30,20260713,49,199,0.72
Feeldog,individual,385,13,20260708,65,62,0.44
Kihyun,individual,2244,75,20260726,103,418,0.75
Oh Hyuk,individual,1294,43,20260724,76,299,1.06
"Sung Hoon (singer, born 1980)",individual,95,3,20260724,8,26,1.86
U-Kwon,individual,1316,44,20260731,102,319,1.09
Kim So-won,individual,1635,55,20260728,68,404,1.06
Kim So-hye,individual,4224,141,20260719,288,768,0.67
"Lily (singer, born 2002)",individual,5947,198,20260717,295,1382,1.18
Stella Jang,individual,1355,45,20260730,88,315,1.01
Chung Ha,individual,7652,255,20260710,625,1403,0.53
Jaehyun,individual,5629,188,20260710,324,1169,0.66
Soyeon,individual,10508,350,20260731,592,2749,0.98
Taeyong,individual,4265,142,20260708,259,941,0.81
Doyoung,individual,6489,216,20260802,460,2391,1.87
Mark (rapper),individual,11769,392,20260708,789,2967,0.92
Kassy,individual,324,11,20260721,19,60,0.77
Jae Park,individual,4366,146,20260721,243,1028,1.1
Jennie (singer),individual,112397,3747,20260802,8261,36224,1.65
"Kim So-hee (singer, born 1995)",individual,777,26,20260724,38,142,0.71
Bewhy,individual,1368,46,20260716,137,389,1.89
Eunwoo,individual,31,1,20260719,3,6,2
One (rapper),individual,2666,89,20260727,113,645,1.02
Samuel (singer),individual,4640,155,20260711,283,877,0.64
BM (rapper),individual,11799,393,20260728,556,2874,0.93
J.Seph,individual,2543,85,20260728,206,751,1.02
Bona (singer),individual,8438,281,20260727,420,2121,1.41
Eunice (singer),individual,10,1,20260722,2,6,1
Gray (singer),individual,1410,47,20260726,64,296,0.94
Arin (singer),individual,5414,180,20260801,378,1766,1.55
Samuel Seo,individual,265,9,20260726,16,70,1.4
Kim Na-young (actress),individual,648,22,20260712,33,153,1.01
Chuu,individual,8309,277,20260710,678,1662,0.66
Kim Lip,individual,2292,76,20260724,111,575,1.2
Han Yo-han,individual,160,5,20260729,10,44,1.57
Kang Si-ra,individual,157,5,20260724,12,29,0.76
Jeno (singer),individual,2225,74,20260708,124,458,0.8
"Lee Min-hyuk (singer, born 1993)",individual,1901,63,20260724,107,384,0.96
Lee Dawon,individual,998,33,20260724,85,231,1.03
Rowoon,individual,17874,596,20260806,868,4863,1.22
Do Han-se,individual,313,10,20260715,22,67,0.82
Yeojin,individual,1882,63,20260724,97,414,0.87
Yoo Seon-ho,individual,4732,158,20260717,280,1223,1.52
Ahn Ji-young,individual,351,12,20260729,34,81,1.25
DPR Live,individual,1363,45,20260708,61,355,1.1
Nam Yu-jin,individual,200,7,20260720,20,39,1.08
Song Ga-in,individual,544,18,20260708,35,136,0.91
Suga,individual,76152,2538,20260719,11681,15570,1.38
Cha Eun-woo,individual,63449,2115,20260725,2491,14491,0.93
Hwang Chi-yeul,individual,1345,45,20260803,80,366,1.16
"Kim Chae-won (singer, born 1997)",individual,87,3,20260716,7,18,0.6
Vittoria Yeo,individual,47,2,20260723,5,6,0.67
Yellow (singer),individual,4,1,20260722,1,4,1
Binnie (singer),individual,4,0,20260710,1,2,1
Kim Sa-wol,individual,160,5,20260708,11,34,0.76
Park Hye-su,individual,2673,89,20260726,125,583,0.95
Wonwoo,individual,6223,207,20260717,549,1204,0.86
Seunghee,individual,941,31,20260728,47,225,1.05
SinB,individual,1631,54,20260728,81,395,1.15
Lim Na-young,individual,4470,149,20260714,193,863,0.69
Shownu,individual,2727,91,20260726,132,614,0.96
Heize,individual,2171,72,20260710,102,481,0.87
Hwang In-sun,individual,181,6,20260724,11,45,1.02
Louie (rapper),individual,151,5,20260712,9,34,1.03
Sohn Ah-ram,individual,19,1,20260711,5,2,0.18
Song Yuvin,individual,288,10,20260709,15,60,0.67
Lee Su-ji,individual,653,22,20260802,46,199,1.36
Young Tak,individual,844,28,20260725,41,225,1.24
Kasper (singer),individual,431,14,20260725,26,99,0.84
Yoon Chae-kyung,individual,1232,41,20260708,74,289,0.86
Kim Il Du,individual,34,1,20260712,6,4,0.31
Dawon (singer),individual,787,26,20260726,43,207,1.34
Reddy (rapper),individual,291,10,20260723,19,67,1.02
Exy,individual,1634,54,20260726,88,430,1.25
Jung Chae-yeon,individual,12867,429,20260714,550,2827,0.84
Buffy (rapper),individual,15,1,20260725,3,5,1.67
Jeongyeon,individual,14239,475,20260714,955,2986,0.76
Dayoung,individual,14435,481,20260727,1972,4755,3.71
Ahn Sol-bin,individual,1198,40,20260725,61,286,1.09
Jeong So-yeon,individual,457,15,20260729,24,103,1.13
Lee Jin-sol,individual,12,1,20260719,2,5,1.25
Julian Jootaek Kim,individual,359,12,20260724,42,82,1.41
"Kim Min-seok (singer, born 1991)",individual,2227,74,20260726,110,557,1.08
Lee Se-mi,individual,536,18,20260713,27,119,0.88
Woo Jin-young,individual,502,17,20260714,32,115,0.86
Yang Da-il,individual,157,5,20260708,10,25,0.52
Park Ji-hoon,individual,32894,1096,20260801,1933,9810,1.27
Kim Se-yong,individual,346,12,20260722,17,94,1.42
Kim Jung-sook,individual,1091,36,20260724,53,259,0.88
Changmo,individual,648,22,20260714,35,118,0.62
Aron (singer),individual,1562,52,20260728,277,341,1.26
Baekho (singer),individual,5309,177,20260728,1642,975,1.61
Hwang Min-hyun,individual,14570,486,20260726,594,3642,1.06
G2 (rapper),individual,195,7,20260804,19,65,1.97
Kang Daniel,individual,5416,181,20260802,276,1646,1.42
Bae Jin-young,individual,1755,59,20260803,84,452,1.04
Yebin (singer),individual,642,21,20260713,94,117,0.52
Ha Sung-woon,individual,2466,82,20260802,109,639,1.22
Kim Jae-hwan (singer),individual,1793,60,20260803,85,460,1.13
Lee Dae-hwi,individual,2089,70,20260803,190,709,1.79
Ong Seong-wu,individual,31593,1053,20260726,2484,9577,4.07
Park Woo-jin,individual,1488,50,20260711,70,361,1.01
Yoon Ji-sung,individual,1970,66,20260726,93,550,1.22
"Kim So-hee (singer, born 1999)",individual,3618,121,20260806,434,1003,0.92
Kwon Chae-won,individual,581,19,20260723,34,113,0.67
Lim Ji-min,individual,8,0,20260804,2,4,4
Choi Hyun-suk,individual,1285,43,20260714,61,249,0.74
Kan Jong-wook,individual,55,2,20260727,6,14,2
Jang Ye-eun,individual,1419,47,20260720,97,320,1.4
Babylon (singer),individual,429,14,20260801,50,133,1.24
Lee Tae-il,individual,2126,71,20260708,112,429,0.75
Olltii,individual,82,3,20260803,7,25,1.19
Sumin (musician),individual,858,29,20260803,72,283,1.59
"Kim Dong-hyun (singer, born 1998)",individual,629,21,20260722,38,173,1.17
Roh Tae-hyun,individual,397,13,20260723,25,109,1.58
Kwon Hyun-bin,individual,624,21,20260722,30,145,1.07
Kwon Eun-bin,individual,3352,112,20260720,230,664,0.97
Choi Bo-min (entertainer),individual,2174,72,20260728,138,668,1.49
Hui (singer),individual,2114,70,20260731,116,596,1.61
LEW (Rapper),individual,11,1,20260806,2,6,3
"Paul Kim (musician, born 1988)",individual,1012,34,20260728,62,221,0.84
Punchnello,individual,334,11,20260723,20,74,0.95
Song Won-seok,individual,1805,60,20260716,79,411,0.91
Kwak Soon-ok,individual,16,1,20260729,3,6,1.5
Kim Dong-han,individual,583,19,20260802,29,148,1.17
Jinho,individual,1100,37,20260728,53,263,1.38
J.Fla,individual,648,22,20260708,35,125,0.82
Hongseok,individual,2120,71,20260728,214,537,2.58
Ji Han-sol,individual,11,1,20260714,2,3,0.75
Dawn (rapper),individual,6437,215,20260726,442,1937,2.22
Woo Won-jae,individual,699,23,20260727,42,160,0.98
Kang In-soo,individual,435,15,20260719,31,119,1.32
Hangzoo,individual,260,9,20260722,19,62,0.98
Lee Gun-woo,individual,298,10,20260714,18,78,1.07
Michelle Zauner,individual,25688,856,20260722,1640,4104,0.98
Jo Woo-chan,individual,2848,95,20260804,110,680,1.04
"Car, the Garden",individual,13699,457,20260715,706,3116,0.92
Jisoo,individual,78272,2609,20260731,8972,29037,2.29
"Minseo (singer, born 1996)",individual,483,16,20260727,27,115,0.95
Lee Na-eun,individual,2782,93,20260801,125,704,1.07
I.M,individual,6218,207,20260729,246,1559,1.07
Jaemin,individual,2553,85,20260708,135,517,0.7
Wonho,individual,9119,304,20260722,757,2184,1.7
Choi Yoo-jung (singer),individual,7829,261,20260708,481,1619,0.69
Han Hye-ri,individual,462,15,20260714,26,103,0.99
Kim Do-yeon (singer),individual,6109,204,20260723,300,1255,0.86
Lee Hae-in (singer),individual,1343,45,20260727,113,296,0.9
Yoo Yeon-jung,individual,3880,129,20260803,314,1082,1.09
Ki Hui-hyeon,individual,818,27,20260708,68,162,0.7
Nada (South Korean musician),individual,372,12,20260725,25,87,1.28
Chanmina,individual,6236,208,20260806,374,1431,0.98
Jisung,individual,2995,100,20260708,182,552,0.6
Rosé (singer),individual,74280,2476,20260731,3539,19890,1.21
Jo Aram,individual,2330,78,20260804,185,859,1.7
Shin Yeon-suh,individual,394,13,20260719,38,99,1.18
Giant Pink,individual,308,10,20260804,20,83,1.48
Lee Geon,individual,3,0,20260726,2,3,1.5
Xiyeon,individual,1034,34,20260725,48,236,1.01
Suran (singer),individual,911,30,20260717,45,187,0.9
Punch (singer),individual,1398,47,20260802,72,323,1.01
Seola (singer),individual,1457,49,20260729,79,372,1.19
I (singer),individual,291,10,20260710,18,79,1.1
Hyungwon,individual,2504,83,20260727,162,497,0.94
Taeil (singer),individual,7798,260,20260708,499,1827,0.88
Jeon Ji-woo,individual,3102,103,20260728,230,932,1.11
Choi Yu-jin (singer),individual,3658,122,20260721,334,698,1.16
Kim Woo-seok (singer),individual,3020,101,20260804,133,778,1.1
Han Seung-woo,individual,1903,63,20260712,131,376,0.69
Jo Yuri,individual,5124,171,20260728,226,1186,0.97
Miyeon,individual,12278,409,20260731,571,2881,0.91
Heejin,individual,2819,94,20260724,147,663,1.05
Bong Jae-hyun,individual,1726,58,20260723,82,383,0.88
Cha In-ha,individual,2542,85,20260729,117,610,1.23
Jeon Jong-hyuk,individual,16,1,20260708,2,3,0.5
Jeon Mi-do,individual,6441,215,20260803,316,1765,1.31
Kang Min-hee,individual,104,3,20260730,10,28,1.22
Lee Chae-yeon,individual,6563,219,20260712,282,1503,0.86
Jang Won-young,individual,32358,1079,20260727,4121,7421,1.29
Yoon San-ha,individual,2365,79,20260719,109,551,0.98
Kwon Eun-bi,individual,10374,346,20260802,439,2641,1.17
Kim Chaewon,individual,24536,818,20260801,1147,6110,0.97
Kim Min-ju,individual,11013,367,20260728,485,2548,1.04
Kang Hye-won,individual,6140,205,20260728,256,1445,0.99
Y:SY,individual,1970,66,20260712,149,443,0.94
JooE,individual,1264,42,20260728,58,293,0.97
Johnny Suh,individual,97,3,20260715,10,22,1.05
Kanto (rapper),individual,166,6,20260728,18,35,1.06
MJ (South Korean singer),individual,1630,54,20260715,82,390,1.05
Dalchong,individual,95,3,20260709,10,11,0.31
Huh Ji-won,individual,932,31,20260805,235,458,9.96
Choerry,individual,1972,66,20260724,112,470,1.2
Haseul,individual,2237,75,20260724,178,519,1.12
Choi Byung-chan,individual,2565,86,20260723,110,660,1.18
DPR Ian,individual,5970,199,20260726,291,1282,0.9
Hyunjin (Stray Kids singer),individual,19476,649,20260726,1003,4577,1.04
Jinsoul,individual,1919,64,20260728,96,443,1.13
Lee Jun-young,individual,31600,1053,20260710,1636,5575,0.57
Lee Eui-jin,individual,301,10,20260708,73,34,0.23
Lee Lu-da,individual,358,12,20260709,23,83,0.86
Park Seo-ham,individual,5012,167,20260729,444,1462,1.74
Jeon Jong-seo,individual,18611,620,20260801,998,5087,1.17
Jang Gyu-ri,individual,9952,332,20260716,545,2286,1.2
Jvcki Wai,individual,432,14,20260802,32,114,1.21
Holland (singer),individual,2057,69,20260804,103,598,1.33
Jero (South Korean singer),individual,172,6,20260710,13,39,0.81
An Yu-jin,individual,17707,590,20260801,1244,6181,1.98
Choi Ye-na,individual,17942,598,20260802,1442,7411,2.02
Yongzoo,individual,46,2,20260710,5,12,0.92
Hyunjin (Loona singer),individual,3089,103,20260724,140,674,0.91
Hyeju,individual,3359,112,20260803,313,915,1.11
Lee Know,individual,14766,492,20260727,794,3692,1.13
Nafla,individual,421,14,20260730,25,88,0.98
Yves (singer),individual,6468,216,20260723,368,1308,0.86
I.N,individual,12192,406,20260726,592,2837,0.94
Yang Joon-il,individual,113,4,20260715,15,24,1.04
Yang Yeon-je,individual,197,7,20260720,13,39,0.78
Shaun (musician),individual,1444,48,20260721,68,296,0.91
Seungmin,individual,10989,366,20260726,604,2860,1.21
Yoo Hwe-seung,individual,1200,40,20260710,63,276,0.87
Choi Yu-ju,individual,565,19,20260806,34,167,1.61
Chaeryeong,individual,6899,230,20260723,276,1456,0.85
Jungwoo,individual,2127,71,20260806,132,572,1.18
Lia (South Korean singer),individual,5807,194,20260721,450,1176,0.86
Ryujin (rapper),individual,9359,312,20260708,543,1506,0.56
"Yuna (singer, born 2003)",individual,12759,425,20260805,1049,4185,1.42
Soojin,individual,5895,197,20260708,270,1380,0.83
Changbin,individual,10843,361,20260726,634,2755,1.18
Han (musician),individual,14742,491,20260727,725,3518,1.11
Ash Island (rapper),individual,3793,126,20260726,213,804,0.88
Felix (rapper),individual,34109,1137,20260806,2031,8384,1.18
Hur Hyun-jun,individual,1920,64,20260806,647,875,3.26
Jinjin,individual,1268,42,20260725,60,302,1.06
Yeji (singer),individual,6807,227,20260721,311,1426,0.84
Bora (singer),individual,720,24,20260803,35,198,1.1
Rocky (singer),individual,2144,71,20260804,94,533,1.07
Kim Woojin,individual,14498,483,20260726,748,3508,1.13
Sori (singer),individual,1028,34,20260712,51,244,0.94
HueningKai,individual,7802,260,20260722,397,2343,7.76
Kevin Moon (singer),individual,74,2,20260728,7,16,1.78
Kim Do-ah,individual,835,28,20260713,46,144,0.6
Woody (singer),individual,233,8,20260721,20,54,1.1
Taehyun (singer),individual,5756,192,20260711,230,1357,0.97
Kim Si-hyeon,individual,1698,57,20260805,169,652,2.3
Wooseok,individual,1174,39,20260727,76,269,1.19
Kino (singer),individual,1308,44,20260708,104,245,0.75
Beomgyu,individual,6211,207,20260805,266,1489,1.17
Yeonjun,individual,27204,907,20260805,8475,13893,3.13
Park Moon-young,individual,71,2,20260712,11,18,0.86
Soobin (singer),individual,8471,282,20260711,363,1847,0.87
Yeo One,individual,619,21,20260722,43,146,1.82
Kim Chae-yeon (singer),individual,1367,46,20260806,127,446,1.77
Jang Dae-hyeon,individual,330,11,20260716,17,71,1.13
Taeha,individual,18,1,20260722,3,4,2
Shin Jee-won,individual,896,30,20260709,118,153,0.41
Kim Tae-rin,individual,285,10,20260804,24,82,1.37
Peggy Gou,individual,48898,1630,20260728,6404,12343,2.29
Rothy,individual,418,14,20260708,35,100,0.79
Lee Jin-hyuk,individual,1967,66,20260726,432,390,1.73
Hwiyoung,individual,789,26,20260726,38,218,1.33
Kim Youngbin,individual,581,19,20260712,32,159,1.31
Lee Ju-eun,individual,2079,69,20260727,169,439,1.06
Sungjin,individual,1460,49,20260713,78,372,1.1
Bibi (singer),individual,14642,488,20260726,782,3355,1.11
Yoyomi,individual,580,19,20260805,31,166,1.37
Dowoon,individual,1266,42,20260806,73,378,1.49
Kim Yo-han,individual,4974,166,20260713,223,1166,0.98
"Park Soo-jin (singer, born 1995)",individual,90,3,20260712,13,16,0.52
I'll (singer),individual,2504,83,20260713,108,566,0.88
Lee Eun-sang (singer),individual,817,27,20260712,40,185,0.92
Dongpyo,individual,1838,61,20260802,176,531,1.26
Wonpil,individual,1594,53,20260727,82,401,1.15
Leellamarz,individual,261,9,20260723,19,59,1.02
Hera Hyesang Park,individual,577,19,20260804,79,245,1.91
Jo Mingyu,individual,2624,87,20260725,121,664,1.54
Colde,individual,808,27,20260724,45,201,1.11
ZZONE,individual,2127,71,20260720,151,554,1.23
Son Woo-hyeon,individual,1561,52,20260802,78,400,1.09
Lee Jae-yoon (singer),individual,484,16,20260723,38,130,1.31
Hynn,individual,739,25,20260731,41,216,1.37
Jun.Q,individual,1077,36,20260802,73,356,1.55
Kim Jae-yong,individual,770,26,20260806,35,177,1.02
Kim Min-kyu (entertainer),individual,3205,107,20260806,279,1217,1.59
Loopy (rapper),individual,343,11,20260711,25,65,0.62
Bassagong,individual,103,3,20260724,7,30,2.73
Yoo Je-yoon,individual,420,14,20260714,26,77,0.67
Lee Young-ji,individual,12395,413,20260801,629,3613,1.39
Choi Jae-rim,individual,1793,60,20260720,177,342,2.76
Ha Hyun-sang,individual,578,19,20260721,36,121,1
Lee Sae-on,individual,675,23,20260725,77,139,1.09
Gaho,individual,869,29,20260726,41,207,0.97
Sogumm,individual,633,21,20260723,41,109,0.85
Chae Bo-hun,individual,87,3,20260730,8,15,0.63
Kangmin Justin Kim,individual,212,7,20260722,22,29,0.97
Jeong Dong-won,individual,404,13,20260715,24,90,1
Hongjoong,individual,14678,489,20260711,588,3451,0.93
Jeong Yun-ho,individual,13256,442,20260708,1197,2730,0.61
Jongho,individual,9824,327,20260709,405,2275,0.88
Seonghwa,individual,5355,179,20260729,512,2936,163.11
Shin Jeong-you,individual,363,12,20260725,22,81,0.98
Shin Jun-seop,individual,933,31,20260727,53,233,1.31
Big Naughty,individual,1132,38,20260712,56,266,0.91
Kim Ximya,individual,467,16,20260727,30,92,1.01
San (singer),individual,54600,1820,20260710,2686,10974,0.67
Mingi (rapper),individual,244,122,20260806,215,244,1
Winter (singer),individual,21302,710,20260803,2280,7287,1.7
Twlv,individual,126,4,20260727,11,28,1.75
Leia (singer),individual,381,13,20260709,21,80,0.76
Karina (South Korean singer),individual,30642,1021,20260803,3006,9799,1.5
Jihoon,individual,1785,60,20260727,89,392,0.94
So Jung hwan,individual,17,1,20260717,3,5,5
Heyoon Jeong,individual,1013,34,20260723,62,187,0.87
Sungchan,individual,4248,142,20260709,484,799,0.52
Youra (singer),individual,526,18,20260709,34,103,0.73
Lee Tae-vin,individual,582,19,20260727,33,133,1.21
Rei Ami,individual,22388,746,20260727,3848,4161,1.3
Audrey Nuna,individual,17441,581,20260716,771,4191,1.07
Meenoi,individual,490,16,20260715,33,92,0.77
Jukjae,individual,576,19,20260722,114,110,1.49
Demian (singer),individual,1455,49,20260712,66,258,0.67
Choi Young-joon,individual,3878,129,20260723,152,953,1.15
Kim Ah-ra,individual,348,12,20260804,22,91,0.96
Wonstein,individual,1076,36,20260718,68,275,1.23
Yunhway,individual,127,4,20260802,10,36,1.2
Heeseung,individual,25206,840,20260712,1320,4971,0.64
Sim Jae-yun,individual,42,2,20260714,5,8,0.67
Sunoo,individual,1084,36,20260806,406,887,16.74
Jeong Jin-hwan,individual,445,15,20260803,31,116,1.12
Bae Su-min,individual,5,0,20260716,1,3,1.5
"J (singer, born 2004)",individual,8,0,20260720,1,4,4
Lim Young-woong,individual,2913,97,20260716,240,622,1.05
Lee Chan-won,individual,903,30,20260725,45,216,1.21
AleXa,individual,3311,110,20260728,170,680,0.87
Bang Jae-min,individual,257,9,20260724,17,51,0.85
Sin Ye-young,individual,117,4,20260709,8,15,0.39
Song I-han,individual,85,3,20260803,8,39,3.55
KyoungSeo,individual,258,9,20260721,16,49,0.84
Sehyeon,individual,7,1,20260718,2,4,1.33
Swan (singer),individual,633,21,20260708,35,124,0.64
Lee Seung-yoon,individual,730,24,20260725,45,163,0.9
Kim Chae-hyun,individual,12,1,20260708,2,5,1
Lee Mu-jin,individual,2200,73,20260804,99,543,1.06
Haewon (singer),individual,1689,56,20260731,155,904,100.44
Leeseo,individual,7921,264,20260727,507,2038,1.59
Adora (singer),individual,924,31,20260708,61,231,0.91
DeVita (singer),individual,379,13,20260729,23,71,0.8
Ko Eun-sung,individual,740,25,20260725,44,189,1.14
Kim Da-yeon,individual,9,1,20260801,3,5,1.67
Seo Young-eun,individual,31,1,20260712,7,6,0.6
Seori,individual,1007,34,20260801,52,269,1.02
Jini (singer),individual,4927,164,20260730,316,1102,1.06
Kyujin (singer),individual,59,2,20260727,6,21,3
Peakboy,individual,1582,53,20260727,89,380,1.05
Choi Jung-hoon,individual,3091,103,20260712,132,731,0.95
Liz (South Korean singer),individual,10661,355,20260727,629,2555,1.29
Gaeul (singer),individual,7177,239,20260722,478,1876,1.75
Danielle (singer),individual,31499,1050,20260722,4840,4754,0.99
Kang Hyung-ho,individual,2139,71,20260722,122,548,1.61
Chowon (singer),individual,4,0,20260724,1,3,3
Kang Yu-chan,individual,803,27,20260729,43,164,0.87
Joo Hyun-young,individual,4354,145,20260801,254,1389,1.6
Myung Hyung-seo,individual,41,2,20260714,5,8,0.67
"Nana (entertainer, born 2001)",individual,1270,42,20260729,80,267,1.02
Ahn Byeong-woong,individual,69,2,20260722,7,19,2.38
Isaac Hong,individual,861,29,20260714,44,179,0.72
Lee Ju-sun,individual,115,4,20260710,7,31,1.07
Wooyeon,individual,671,22,20260730,34,141,0.93
Angela Seo,individual,2772,92,20260726,142,558,0.88
Giseok,individual,8,0,20260711,1,0,0
Kim Jong-hyeong,individual,1,0,20260708,1,1,1
Kyoungyoon,individual,170,6,20260714,15,37,0.82
Park Jae-chan,individual,1905,64,20260731,100,527,1.32
Hong Eunchae,individual,13550,452,20260712,553,2940,0.83
Kim Garam,individual,116,4,20260712,8,25,0.96
"Minseo (singer, born 2004)",individual,236,8,20260713,21,29,0.44
Choi Yu-ree,individual,1841,61,20260712,96,466,0.9
Jonghyeong,individual,164,5,20260714,10,39,1.15
Kim Ji-woong,individual,2842,95,20260728,198,611,1
Jung Eui-jae,individual,833,28,20260719,43,173,0.8
Haerin,individual,11566,386,20260722,1097,1937,0.93
Hyein,individual,11316,377,20260722,1183,1874,0.9
Minji (singer),individual,15596,520,20260722,1545,2535,0.88
Park Ji-hyeon,individual,1613,54,20260802,108,546,1.83
Yoo Hee-jae,individual,233,8,20260803,14,70,1.63
Lee Jong-hee,individual,14,1,20260715,3,4,0.8
Sung Han-bin,individual,2855,95,20260713,130,653,0.95
Han Yu-jin,individual,3449,115,20260711,155,792,0.89
Kim Tae-rae,individual,41,2,20260711,3,9,0.82
Dvwn,individual,374,12,20260710,20,92,0.94
Han Sara,individual,154,15,20260728,48,76,0.61
Bak Joo-hyo,individual,38,1,20260727,4,8,1
Giuk,individual,287,10,20260709,19,57,0.79
Zior Park,individual,490,16,20260804,34,141,1.25
Jay Chang,individual,2851,95,20260730,141,711,1.25
London Thor,individual,6796,227,20260713,376,1387,0.78
Bae Na-ra,individual,13126,438,20260717,1560,2277,0.98
Zion Hwang,individual,1086,36,20260727,328,120,0.49
Eunseok,individual,17,1,20260724,2,6,3
Bailey Sok,individual,5107,170,20260730,231,1180,1
Rami (BabyMonster),individual,6,0,20260804,2,4,
Kim Yoo-yeon (singer),individual,1734,58,20260711,73,365,0.81
Yoon Seo-yeon,individual,979,33,20260806,68,265,1.27
Minju (Illit member),individual,151,5,20260721,10,34,1
Wonhee,individual,8719,291,20260727,685,4118,56.41
Yunah,individual,238,8,20260723,28,54,1.26
Ella Gross,individual,18781,626,20260717,898,3902,0.75
Gyubin,individual,1548,52,20260714,69,364,0.99
Lee Ji-woo,individual,723,24,20260720,37,174,1.12
Park Je-up,individual,195,7,20260719,11,40,1.05
Dohoon,individual,59,2,20260724,7,12,0.8
Lee Leo,individual,2630,88,20260713,122,584,0.9
Belle (singer),individual,3851,128,20260804,317,1231,1.79
Eden (Korean musician),individual,1141,38,20260708,51,233,0.77
Airy (musician),individual,36,1,20260723,6,3,0.43
Seo Da-hyun,individual,488,16,20260716,24,106,0.97
Haneul (singer),individual,5,0,20260712,1,2,1
Julie (rapper),individual,14,1,20260722,3,5,1.25
Seunghan,individual,4240,141,20260709,230,1114,1.11
Bain (singer),individual,350,17,20260719,36,101,0.75
Yuha,individual,20,1,20260709,2,4,0.5
Park Hye Jin (music producer),individual,419,14,20260723,32,97,1.21
Choi Ji-woo (singer),individual,85,3,20260727,15,16,1.07
Leesol,individual,10,0,20260714,2,4,1
Annie Moon,individual,8640,288,20260726,429,2005,1.09
Youngseo,individual,2883,180,20260728,234,1203,0.94
Yoon Jae-chan,individual,2177,73,20260727,106,458,0.92
Baek Jun-hyuk,individual,5,0,20260715,1,2,0.5
Jang Yong-hoon,individual,4,0,20260717,1,2,1
Hanroro,individual,2470,82,20260803,128,705,1.18
Ejae,individual,52653,1755,20260720,3190,9532,0.74
Tarzzan,individual,4628,154,20260727,198,1064,1.03
Min Jiwoon,individual,212,10,20260716,56,40,0.31
Minos (rapper),individual,87,3,20260717,8,17,0.94
Jerry.K,individual,218,7,20260713,17,36,0.65
Primary (musician),individual,636,21,20260724,37,177,1.72
Justhis,individual,545,18,20260805,63,167,1.27
Kim Jin-pyo (musician),individual,324,11,20260718,15,85,1.15
"Kim Min-jae (actor, born 1996)",individual,10823,361,20260724,536,2270,0.85
Black Nut,individual,231,8,20260727,14,56,1.3
Iron (rapper),individual,1125,38,20260804,55,301,1.14
Zizo (rapper),individual,113,4,20260723,11,21,0.66
Blue (rapper),individual,5,0,20260717,1,1,0.25
Red (rapper),individual,6,0,20260722,2,4,2
Ugly Duck,individual,161,5,20260716,25,30,1.3
Code Kunst,individual,1844,61,20260712,81,442,0.95
Hanhae,individual,1206,40,20260726,58,284,0.98
Nucksal,individual,480,16,20260716,30,94,0.75
Woodz,individual,12025,401,20260717,725,2589,1.1
Masta Wu,individual,387,13,20260714,21,87,0.93
Tiger JK,individual,3393,113,20260801,243,1141,1.63
Tymee,individual,221,7,20260724,24,51,1.13
Kang Chun-hyok,individual,232,8,20260717,23,39,0.53
MLMA,individual,395,13,20260722,38,83,2.52
Mirani (rapper),individual,531,18,20260731,59,159,1.45
Khundi Panda,individual,71,2,20260805,8,21,1.62
Sokodomo,individual,275,9,20260720,26,57,0.8
Yang Hong-won,individual,458,15,20260724,34,77,0.62
Sik-K,individual,1322,44,20260726,68,288,0.84
Haon (rapper),individual,1758,59,20260708,82,361,0.76
Kid Milli,individual,505,17,20260708,29,106,0.82
Noel (rapper),individual,263,9,20260806,21,74,1.35
Ja Mezz,individual,43,1,20260803,4,9,0.6
Be'O,individual,676,23,20260803,37,209,1.22
Since (rapper),individual,182,6,20260803,14,50,1.16
Jin Dogg,individual,316,11,20260713,17,58,0.81
Jo Gwang-il,individual,179,6,20260708,10,44,1.22
Swervy,individual,182,6,20260723,14,47,1.27
Soul (Japanese singer),individual,337,18,20260728,30,49,0.3
Kyung Wha Chung,individual,934,31,20260802,56,261,1.15
Yeol Eum Son,individual,2269,76,20260717,97,553,1.02
Jin Hee-kyung,individual,1265,42,20260725,58,296,1.03
Myung-whun Chung,individual,1025,34,20260710,50,260,0.99
Yiruma,individual,4198,140,20260727,180,981,0.94
Han-na Chang,individual,609,20,20260724,43,115,1.04
Sungha Jung,individual,971,32,20260718,55,231,1.03
Towa Tei,individual,6706,224,20260725,705,1553,1.48
Shi-Yeon Sung,individual,98,3,20260804,13,33,1.83
Ji Hyun-woo,individual,10905,364,20260713,683,2084,0.6
Sunwook Kim,individual,391,13,20260728,22,104,1.27
Dong-Hyek Lim,individual,394,13,20260718,24,79,0.95
Young-Chang Cho,individual,84,3,20260804,12,27,1.04
Park Sol-mi,individual,1365,46,20260723,83,279,1.06
Soyoung Yoon,individual,390,13,20260727,24,105,1.24
Kim Duk-soo,individual,115,4,20260719,10,27,1.35
Seong-Jin Cho,individual,3246,108,20260728,293,630,0.78
Kim Jin-hi,individual,181,6,20260716,15,48,1.66
Kun-Woo Paik,individual,395,13,20260709,21,73,0.7
Sang Won Park,individual,37,1,20260731,4,11,2.2
Oh Jeong-suk,individual,53,2,20260722,8,9,0.69
Soo Bae,individual,141,5,20260804,51,77,2.85
Su-a Lee,individual,116,4,20260721,9,18,0.64
The Black Skirts,individual,1432,48,20260713,72,310,0.74
Kwak Dong-yeon,individual,32502,1083,20260719,3392,4987,1.8
Simon Jul,individual,173,6,20260727,12,42,1.24
Yung Wook Yoo,individual,62,2,20260805,9,22,2.2
Lee Saengkang,individual,19,1,20260711,2,7,2.33
Yi Haegyeong,individual,742,25,20260806,74,282,2.47
Shin Daechul,individual,244,8,20260714,17,57,0.8
Jin Bora,individual,81,3,20260729,7,14,0.64
Han Terra,individual,128,4,20260715,11,19,0.76
Kim Cheon-heung,individual,13,0,20260718,2,5,
Jasmine Choi,individual,1042,35,20260708,221,191,0.44
Jo Bok-rae,individual,13208,440,20260726,938,2148,0.61
Kevin Kwan Loucks,individual,114,4,20260710,10,24,0.71
Hai-Kyung Suh,individual,236,8,20260714,17,45,0.65
Mowg (composer),individual,417,14,20260708,21,100,0.97
Lim Ji-young,individual,151,5,20260731,12,45,1.25
JinJoo Lee,individual,4483,149,20260710,348,1101,0.92
Jiyeong Mun,individual,239,8,20260709,37,47,0.47
Hyo-Won Woo,individual,79,3,20260728,9,14,0.56
Yekwon Sunwoo,individual,457,15,20260718,30,111,1.63
Choi Nakta,individual,42,1,20260713,5,15,1.5
Soo Jung Ann,individual,60,2,20260710,6,13,0.68
Mid-Air Thief,individual,1395,47,20260710,71,280,0.67
Kim Dong-hee (actor),individual,2571,86,20260805,112,669,1.17
Hiss (beatboxer),individual,216,7,20260803,15,47,0.9
Mikyung Sung,individual,183,6,20260709,10,46,1
Cho Su-Hwang,individual,101,3,20260718,23,12,0.4
LilyPichu,individual,18024,601,20260806,8100,10177,4.91
Greg Chun,individual,4579,153,20260801,261,1367,1.47
Jegal Sam,individual,55,2,20260803,6,18,1.38
Kim Joon-seok,individual,1030,34,20260718,86,189,1.63
Kirara (musician),individual,851,28,20260727,78,119,0.55
Kim Changhyun,individual,29,1,20260803,4,11,1.57
Brokenteeth,individual,157,5,20260804,11,40,1.18
250 (musician),individual,1035,35,20260722,58,206,0.83
Kim Hea Kyung,individual,4884,163,20260709,328,1018,0.63
Lee Ha-na,individual,2741,91,20260711,121,579,0.84
Kenzie (songwriter),individual,3130,104,20260722,182,788,1.14
Younghi Pagh-Paan,individual,59,2,20260712,4,10,0.83
Ha Sebin,individual,33,1,20260708,4,5,0.36
Okkyung Lee,individual,190,6,20260724,12,50,1.04
Sungji Hong,individual,46,2,20260722,6,5,0.56
Chan-hae Lee,individual,17,1,20260727,3,4,2
Hi Kyung Kim,individual,56,2,20260724,6,11,1
Rainstone,individual,169,6,20260710,10,48,1.66
Insook Choi,individual,25,1,20260719,6,6,0.6
Kyungsun Suh,individual,29,1,20260712,3,0,0
Djong Victorin Yu,individual,19,1,20260722,4,7,2.33
Lim Jun-hee,individual,21,1,20260725,3,4,0.8
DaeSeob Han,individual,13,1,20260708,2,2,0.4
Oh Sook-ja,individual,16,1,20260712,2,2,0.67
Justine Ok,individual,37,1,20260709,7,4,0.27
Misfit (songwriter),individual,75,3,20260712,8,14,0.54
Young-hu Kim,individual,238,8,20260717,15,57,1
Hue Park,individual,1101,37,20260802,59,299,1.4
Alan Heyman,individual,82,3,20260710,10,16,0.67
Yoon Il-sang,individual,116,4,20260725,10,24,1.6
Young-ja Lee (composer),individual,49,2,20260714,5,8,0.5
Shinsadong Tiger,individual,1419,47,20260805,72,353,1.34
Jeajoon Ryu,individual,39,1,20260709,3,5,0.38
Ryan S. Jhun,individual,1023,34,20260713,93,213,0.66
Wuno,individual,385,13,20260708,39,68,0.63
Jung Mina,individual,59,2,20260806,9,23,3.29
Pdogg,individual,3183,106,20260730,135,825,1.16
Raiden (DJ),individual,695,23,20260713,189,69,0.16
Lee Hwi-min,individual,914,30,20260717,50,200,1.04
R.Tee,individual,769,26,20260714,97,130,0.47
